namespace,selected,panel,model,seed,fold,protocol_hash,canonical_protocol_hash,input_hash,mask_hash,split_hash,core_source_digest,source_sha,source_digest,config_hash,source_job,prediction_sha256,split,population,date,rows,loss_sum,row_key_label_digest
new_p3_training,True,tuned,SHARED_QUERY,123,main,3cfd389bbd05ec9201a41c0892e29bf8199198d1b216b9a8061370d4240aa583,bd1488a2d411295d7a2118c50ddcc0b158786123613af1676062e2270d1637d1,9cb89005693b1b70c102178849b740fde00b50c9ba5f3b5530d0e5749ea59837,eca954c21da074c545cb7858315ea39fee0a6f54b19e06474b4f2f91f1666847,490eeb15970ef077ee050323b551cd9c3c5534c257f1febddca9af74ed1cf0a4,6031dc4ee08b61c58b35b1efd7d764739d5c7c54dc7cbe9e9a72a1e4a7098596,e2212c40566e21c680a98186ebd8e984aa80d4fd,4d4ad03b827958468b1a231e360c7ad1aa68035c25af068059838ceae6dfa6d6,7a69fb21427492956ac16a4f0657ee843cdef3db07eff5a24421b9f9b4267e2c,main_SHARED_QUERY_123_selected,a033d1483c42c3a34229a4670ecefb6eaee35f3bbd13ee3cc8b179343d3df733,development_holdout,P0,2017-02-06,1026,937.2968754966373,ab9b5dd39d9d8048a1ba03f6fe1e251112bc5875a214172c37f308a2825bc846
new_p3_training,True,tuned,SHARED_QUERY,123,main,3cfd389bbd05ec9201a41c0892e29bf8199198d1b216b9a8061370d4240aa583,bd1488a2d411295d7a2118c50ddcc0b158786123613af1676062e2270d1637d1,9cb89005693b1b70c102178849b740fde00b50c9ba5f3b5530d0e5749ea59837,eca954c21da074c545cb7858315ea39fee0a6f54b19e06474b4f2f91f1666847,490eeb15970ef077ee050323b551cd9c3c5534c257f1febddca9af74ed1cf0a4,6031dc4ee08b61c58b35b1efd7d764739d5c7c54dc7cbe9e9a72a1e4a7098596,e2212c40566e21c680a98186ebd8e984aa80d4fd,4d4ad03b827958468b1a231e360c7ad1aa68035c25af068059838ceae6dfa6d6,7a69fb21427492956ac16a4f0657ee843cdef3db07eff5a24421b9f9b4267e2c,main_SHARED_QUERY_123_selected,a033d1483c42c3a34229a4670ecefb6eaee35f3bbd13ee3cc8b179343d3df733,development_holdout,P0,2017-02-07,1026,929.6076760237861,a2aca6131441b47c914bbd15dc21744d6314c96cbc70d7293a1eb70d143e3263
new_p3_training,True,tuned,SHARED_QUERY,123,main,3cfd389bbd05ec9201a41c0892e29bf8199198d1b216b9a8061370d4240aa583,bd1488a2d411295d7a2118c50ddcc0b158786123613af1676062e2270d1637d1,9cb89005693b1b70c102178849b740fde00b50c9ba5f3b5530d0e5749ea59837,eca954c21da074c545cb7858315ea39fee0a6f54b19e06474b4f2f91f1666847,490eeb15970ef077ee050323b551cd9c3c5534c257f1febddca9af74ed1cf0a4,6031dc4ee08b61c58b35b1efd7d764739d5c7c54dc7cbe9e9a72a1e4a7098596,e2212c40566e21c680a98186ebd8e984aa80d4fd,4d4ad03b827958468b1a231e360c7ad1aa68035c25af068059838ceae6dfa6d6,7a69fb21427492956ac16a4f0657ee843cdef3db07eff5a24421b9f9b4267e2c,main_SHARED_QUERY_123_selected,a033d1483c42c3a34229a4670ecefb6eaee35f3bbd13ee3cc8b179343d3df733,development_holdout,P0,2017-02-08,1026,990.9335352586702,c33dce0fa5bc0c3a7656bf1c3d692ff03ca4bf74bd0498fa5a371868700a2578
new_p3_training,True,tuned,SHARED_QUERY,123,main,3cfd389bbd05ec9201a41c0892e29bf8199198d1b216b9a8061370d4240aa583,bd1488a2d411295d7a2118c50ddcc0b158786123613af1676062e2270d1637d1,9cb89005693b1b70c102178849b740fde00b50c9ba5f3b5530d0e5749ea59837,eca954c21da074c545cb7858315ea39fee0a6f54b19e06474b4f2f91f1666847,490eeb15970ef077ee050323b551cd9c3c5534c257f1febddca9af74ed1cf0a4,6031dc4ee08b61c58b35b1efd7d764739d5c7c54dc7cbe9e9a72a1e4a7098596,e2212c40566e21c680a98186ebd8e984aa80d4fd,4d4ad03b827958468b1a231e360c7ad1aa68035c25af068059838ceae6dfa6d6,7a69fb21427492956ac16a4f0657ee843cdef3db07eff5a24421b9f9b4267e2c,main_SHARED_QUERY_123_selected,a033d1483c42c3a34229a4670ecefb6eaee35f3bbd13ee3cc8b179343d3df733,development_holdout,P0,2017-02-09,1026,955.6624517878803,1e385afe0008fdba921ff5790cc8ae1ff2200c6ccec77942e15584b8a4a2b544
new_p3_training,True,tuned,SHARED_QUERY,123,main,3cfd389bbd05ec9201a41c0892e29bf8199198d1b216b9a8061370d4240aa583,bd1488a2d411295d7a2118c50ddcc0b158786123613af1676062e2270d1637d1,9cb89005693b1b70c102178849b740fde00b50c9ba5f3b5530d0e5749ea59837,eca954c21da074c545cb7858315ea39fee0a6f54b19e06474b4f2f91f1666847,490eeb15970ef077ee050323b551cd9c3c5534c257f1febddca9af74ed1cf0a4,6031dc4ee08b61c58b35b1efd7d764739d5c7c54dc7cbe9e9a72a1e4a7098596,e2212c40566e21c680a98186ebd8e984aa80d4fd,4d4ad03b827958468b1a231e360c7ad1aa68035c25af068059838ceae6dfa6d6,7a69fb21427492956ac16a4f0657ee843cdef3db07eff5a24421b9f9b4267e2c,main_SHARED_QUERY_123_selected,a033d1483c42c3a34229a4670ecefb6eaee35f3bbd13ee3cc8b179343d3df733,development_holdout,P0,2017-02-10,1026,902.1589285282519,5c0768331e557c42fcc376a909e9ec39a67fb25358612e1ac882e44a527f318c
new_p3_training,True,tuned,SHARED_QUERY,123,main,3cfd389bbd05ec9201a41c0892e29bf8199198d1b216b9a8061370d4240aa583,bd1488a2d411295d7a2118c50ddcc0b158786123613af1676062e2270d1637d1,9cb89005693b1b70c102178849b740fde00b50c9ba5f3b5530d0e5749ea59837,eca954c21da074c545cb7858315ea39fee0a6f54b19e06474b4f2f91f1666847,490eeb15970ef077ee050323b551cd9c3c5534c257f1febddca9af74ed1cf0a4,6031dc4ee08b61c58b35b1efd7d764739d5c7c54dc7cbe9e9a72a1e4a7098596,e2212c40566e21c680a98186ebd8e984aa80d4fd,4d4ad03b827958468b1a231e360c7ad1aa68035c25af068059838ceae6dfa6d6,7a69fb21427492956ac16a4f0657ee843cdef3db07eff5a24421b9f9b4267e2c,main_SHARED_QUERY_123_selected,a033d1483c42c3a34229a4670ecefb6eaee35f3bbd13ee3cc8b179343d3df733,development_holdout,P0,2017-02-13,1026,852.194306641155,c19f93da29ca0e9ea7b082a19a927415f356343f59ec28d9df4922209c5b798c
new_p3_training,True,tuned,SHARED_QUERY,123,main,3cfd389bbd05ec9201a41c0892e29bf8199198d1b216b9a8061370d4240aa583,bd1488a2d411295d7a2118c50ddcc0b158786123613af1676062e2270d1637d1,9cb89005693b1b70c102178849b740fde00b50c9ba5f3b5530d0e5749ea59837,eca954c21da074c545cb7858315ea39fee0a6f54b19e06474b4f2f91f1666847,490eeb15970ef077ee050323b551cd9c3c5534c257f1febddca9af74ed1cf0a4,6031dc4ee08b61c58b35b1efd7d764739d5c7c54dc7cbe9e9a72a1e4a7098596,e2212c40566e21c680a98186ebd8e984aa80d4fd,4d4ad03b827958468b1a231e360c7ad1aa68035c25af068059838ceae6dfa6d6,7a69fb21427492956ac16a4f0657ee843cdef3db07eff5a24421b9f9b4267e2c,main_SHARED_QUERY_123_selected,a033d1483c42c3a34229a4670ecefb6eaee35f3bbd13ee3cc8b179343d3df733,development_holdout,P0,2017-02-14,1026,873.4422960948118,caa4683bcff66a5566327c08988080176baec547eee72c2b6fede5b5ab9a9dbc
new_p3_training,True,tuned,SHARED_QUERY,123,main,3cfd389bbd05ec9201a41c0892e29bf8199198d1b216b9a8061370d4240aa583,bd1488a2d411295d7a2118c50ddcc0b158786123613af1676062e2270d1637d1,9cb89005693b1b70c102178849b740fde00b50c9ba5f3b5530d0e5749ea59837,eca954c21da074c545cb7858315ea39fee0a6f54b19e06474b4f2f91f1666847,490eeb15970ef077ee050323b551cd9c3c5534c257f1febddca9af74ed1cf0a4,6031dc4ee08b61c58b35b1efd7d764739d5c7c54dc7cbe9e9a72a1e4a7098596,e2212c40566e21c680a98186ebd8e984aa80d4fd,4d4ad03b827958468b1a231e360c7ad1aa68035c25af068059838ceae6dfa6d6,7a69fb21427492956ac16a4f0657ee843cdef3db07eff5a24421b9f9b4267e2c,main_SHARED_QUERY_123_selected,a033d1483c42c3a34229a4670ecefb6eaee35f3bbd13ee3cc8b179343d3df733,development_holdout,P0,2017-02-15,1026,984.1865408640826,50879da21fe2898beb4e3bb17bcf9d1528b60ba3eecf10a8e19ba3ef47fd8fa8
new_p3_training,True,tuned,SHARED_QUERY,123,main,3cfd389bbd05ec9201a41c0892e29bf8199198d1b216b9a8061370d4240aa583,bd1488a2d411295d7a2118c50ddcc0b158786123613af1676062e2270d1637d1,9cb89005693b1b70c102178849b740fde00b50c9ba5f3b5530d0e5749ea59837,eca954c21da074c545cb7858315ea39fee0a6f54b19e06474b4f2f91f1666847,490eeb15970ef077ee050323b551cd9c3c5534c257f1febddca9af74ed1cf0a4,6031dc4ee08b61c58b35b1efd7d764739d5c7c54dc7cbe9e9a72a1e4a7098596,e2212c40566e21c680a98186ebd8e984aa80d4fd,4d4ad03b827958468b1a231e360c7ad1aa68035c25af068059838ceae6dfa6d6,7a69fb21427492956ac16a4f0657ee843cdef3db07eff5a24421b9f9b4267e2c,main_SHARED_QUERY_123_selected,a033d1483c42c3a34229a4670ecefb6eaee35f3bbd13ee3cc8b179343d3df733,development_holdout,P0,2017-02-16,1026,963.7336549886516,2f29a0a6cc38da1d08bd99d8a19cd73c174fb3ad75e2d2d9591b3102fb0ff2d2
new_p3_training,True,tuned,SHARED_QUERY,123,main,3cfd389bbd05ec9201a41c0892e29bf8199198d1b216b9a8061370d4240aa583,bd1488a2d411295d7a2118c50ddcc0b158786123613af1676062e2270d1637d1,9cb89005693b1b70c102178849b740fde00b50c9ba5f3b5530d0e5749ea59837,eca954c21da074c545cb7858315ea39fee0a6f54b19e06474b4f2f91f1666847,490eeb15970ef077ee050323b551cd9c3c5534c257f1febddca9af74ed1cf0a4,6031dc4ee08b61c58b35b1efd7d764739d5c7c54dc7cbe9e9a72a1e4a7098596,e2212c40566e21c680a98186ebd8e984aa80d4fd,4d4ad03b827958468b1a231e360c7ad1aa68035c25af068059838ceae6dfa6d6,7a69fb21427492956ac16a4f0657ee843cdef3db07eff5a24421b9f9b4267e2c,main_SHARED_QUERY_123_selected,a033d1483c42c3a34229a4670ecefb6eaee35f3bbd13ee3cc8b179343d3df733,development_holdout,P0,2017-02-17,1026,895.4730070437408,785b8ff7c2a2aaf479db4085f0c47e19f58df4bf21c6fbdfd11c9f095943f156
new_p3_training,True,tuned,SHARED_QUERY,123,main,3cfd389bbd05ec9201a41c0892e29bf8199198d1b216b9a8061370d4240aa583,bd1488a2d411295d7a2118c50ddcc0b158786123613af1676062e2270d1637d1,9cb89005693b1b70c102178849b740fde00b50c9ba5f3b5530d0e5749ea59837,eca954c21da074c545cb7858315ea39fee0a6f54b19e06474b4f2f91f1666847,490eeb15970ef077ee050323b551cd9c3c5534c257f1febddca9af74ed1cf0a4,6031dc4ee08b61c58b35b1efd7d764739d5c7c54dc7cbe9e9a72a1e4a7098596,e2212c40566e21c680a98186ebd8e984aa80d4fd,4d4ad03b827958468b1a231e360c7ad1aa68035c25af068059838ceae6dfa6d6,7a69fb21427492956ac16a4f0657ee843cdef3db07eff5a24421b9f9b4267e2c,main_SHARED_QUERY_123_selected,a033d1483c42c3a34229a4670ecefb6eaee35f3bbd13ee3cc8b179343d3df733,development_holdout,P0,2017-02-20,1026,873.8635806501851,8ace5308c6adcc830ba990d65ec46e780295ba8f8c64b37c546c4dadb73547fa
new_p3_training,True,tuned,SHARED_QUERY,123,main,3cfd389bbd05ec9201a41c0892e29bf8199198d1b216b9a8061370d4240aa583,bd1488a2d411295d7a2118c50ddcc0b158786123613af1676062e2270d1637d1,9cb89005693b1b70c102178849b740fde00b50c9ba5f3b5530d0e5749ea59837,eca954c21da074c545cb7858315ea39fee0a6f54b19e06474b4f2f91f1666847,490eeb15970ef077ee050323b551cd9c3c5534c257f1febddca9af74ed1cf0a4,6031dc4ee08b61c58b35b1efd7d764739d5c7c54dc7cbe9e9a72a1e4a7098596,e2212c40566e21c680a98186ebd8e984aa80d4fd,4d4ad03b827958468b1a231e360c7ad1aa68035c25af068059838ceae6dfa6d6,7a69fb21427492956ac16a4f0657ee843cdef3db07eff5a24421b9f9b4267e2c,main_SHARED_QUERY_123_selected,a033d1483c42c3a34229a4670ecefb6eaee35f3bbd13ee3cc8b179343d3df733,development_holdout,P0,2017-02-21,1026,941.8824824445333,dfc66c5595dd1b50b507866095d124fb44a3c56b215aa9068e24232d0d3d6c5b
new_p3_training,True,tuned,SHARED_QUERY,123,main,3cfd389bbd05ec9201a41c0892e29bf8199198d1b216b9a8061370d4240aa583,bd1488a2d411295d7a2118c50ddcc0b158786123613af1676062e2270d1637d1,9cb89005693b1b70c102178849b740fde00b50c9ba5f3b5530d0e5749ea59837,eca954c21da074c545cb7858315ea39fee0a6f54b19e06474b4f2f91f1666847,490eeb15970ef077ee050323b551cd9c3c5534c257f1febddca9af74ed1cf0a4,6031dc4ee08b61c58b35b1efd7d764739d5c7c54dc7cbe9e9a72a1e4a7098596,e2212c40566e21c680a98186ebd8e984aa80d4fd,4d4ad03b827958468b1a231e360c7ad1aa68035c25af068059838ceae6dfa6d6,7a69fb21427492956ac16a4f0657ee843cdef3db07eff5a24421b9f9b4267e2c,main_SHARED_QUERY_123_selected,a033d1483c42c3a34229a4670ecefb6eaee35f3bbd13ee3cc8b179343d3df733,development_holdout,P0,2017-02-22,1026,905.2349612698049,5a53b97f40b7c1857e65b1480649ef3337e0b5606ae81c4dba2e1c210bf5c241
new_p3_training,True,tuned,SHARED_QUERY,123,main,3cfd389bbd05ec9201a41c0892e29bf8199198d1b216b9a8061370d4240aa583,bd1488a2d411295d7a2118c50ddcc0b158786123613af1676062e2270d1637d1,9cb89005693b1b70c102178849b740fde00b50c9ba5f3b5530d0e5749ea59837,eca954c21da074c545cb7858315ea39fee0a6f54b19e06474b4f2f91f1666847,490eeb15970ef077ee050323b551cd9c3c5534c257f1febddca9af74ed1cf0a4,6031dc4ee08b61c58b35b1efd7d764739d5c7c54dc7cbe9e9a72a1e4a7098596,e2212c40566e21c680a98186ebd8e984aa80d4fd,4d4ad03b827958468b1a231e360c7ad1aa68035c25af068059838ceae6dfa6d6,7a69fb21427492956ac16a4f0657ee843cdef3db07eff5a24421b9f9b4267e2c,main_SHARED_QUERY_123_selected,a033d1483c42c3a34229a4670ecefb6eaee35f3bbd13ee3cc8b179343d3df733,development_holdout,P0,2017-02-23,1026,942.3139170353443,6e3697b4bb799f14e7b34045c58f978097a701ab1d92bebc87b1325d6392d01d
new_p3_training,True,tuned,SHARED_QUERY,123,main,3cfd389bbd05ec9201a41c0892e29bf8199198d1b216b9a8061370d4240aa583,bd1488a2d411295d7a2118c50ddcc0b158786123613af1676062e2270d1637d1,9cb89005693b1b70c102178849b740fde00b50c9ba5f3b5530d0e5749ea59837,eca954c21da074c545cb7858315ea39fee0a6f54b19e06474b4f2f91f1666847,490eeb15970ef077ee050323b551cd9c3c5534c257f1febddca9af74ed1cf0a4,6031dc4ee08b61c58b35b1efd7d764739d5c7c54dc7cbe9e9a72a1e4a7098596,e2212c40566e21c680a98186ebd8e984aa80d4fd,4d4ad03b827958468b1a231e360c7ad1aa68035c25af068059838ceae6dfa6d6,7a69fb21427492956ac16a4f0657ee843cdef3db07eff5a24421b9f9b4267e2c,main_SHARED_QUERY_123_selected,a033d1483c42c3a34229a4670ecefb6eaee35f3bbd13ee3cc8b179343d3df733,development_holdout,P0,2017-02-24,1026,980.0308949776406,d728f4cc424bdd91fdb542c6d95cfe3998c21b0e75af0a6ff5cf70699ecd44f7
new_p3_training,True,tuned,SHARED_QUERY,123,main,3cfd389bbd05ec9201a41c0892e29bf8199198d1b216b9a8061370d4240aa583,bd1488a2d411295d7a2118c50ddcc0b158786123613af1676062e2270d1637d1,9cb89005693b1b70c102178849b740fde00b50c9ba5f3b5530d0e5749ea59837,eca954c21da074c545cb7858315ea39fee0a6f54b19e06474b4f2f91f1666847,490eeb15970ef077ee050323b551cd9c3c5534c257f1febddca9af74ed1cf0a4,6031dc4ee08b61c58b35b1efd7d764739d5c7c54dc7cbe9e9a72a1e4a7098596,e2212c40566e21c680a98186ebd8e984aa80d4fd,4d4ad03b827958468b1a231e360c7ad1aa68035c25af068059838ceae6dfa6d6,7a69fb21427492956ac16a4f0657ee843cdef3db07eff5a24421b9f9b4267e2c,main_SHARED_QUERY_123_selected,a033d1483c42c3a34229a4670ecefb6eaee35f3bbd13ee3cc8b179343d3df733,development_holdout,P0,2017-02-27,1026,931.7335955239766,ff56613a96a1f125409a2b0dca3e57b4c25f0dbf08750116e7562d0196d3f4a0
new_p3_training,True,tuned,SHARED_QUERY,123,main,3cfd389bbd05ec9201a41c0892e29bf8199198d1b216b9a8061370d4240aa583,bd1488a2d411295d7a2118c50ddcc0b158786123613af1676062e2270d1637d1,9cb89005693b1b70c102178849b740fde00b50c9ba5f3b5530d0e5749ea59837,eca954c21da074c545cb7858315ea39fee0a6f54b19e06474b4f2f91f1666847,490eeb15970ef077ee050323b551cd9c3c5534c257f1febddca9af74ed1cf0a4,6031dc4ee08b61c58b35b1efd7d764739d5c7c54dc7cbe9e9a72a1e4a7098596,e2212c40566e21c680a98186ebd8e984aa80d4fd,4d4ad03b827958468b1a231e360c7ad1aa68035c25af068059838ceae6dfa6d6,7a69fb21427492956ac16a4f0657ee843cdef3db07eff5a24421b9f9b4267e2c,main_SHARED_QUERY_123_selected,a033d1483c42c3a34229a4670ecefb6eaee35f3bbd13ee3cc8b179343d3df733,development_holdout,P0,2017-02-28,1026,862.5661611610378,a2ea44b425605be9e605774ce1a55efbe7f9f35108c03c8ada1a81628e7ba429
new_p3_training,True,tuned,SHARED_QUERY,123,main,3cfd389bbd05ec9201a41c0892e29bf8199198d1b216b9a8061370d4240aa583,bd1488a2d411295d7a2118c50ddcc0b158786123613af1676062e2270d1637d1,9cb89005693b1b70c102178849b740fde00b50c9ba5f3b5530d0e5749ea59837,eca954c21da074c545cb7858315ea39fee0a6f54b19e06474b4f2f91f1666847,490eeb15970ef077ee050323b551cd9c3c5534c257f1febddca9af74ed1cf0a4,6031dc4ee08b61c58b35b1efd7d764739d5c7c54dc7cbe9e9a72a1e4a7098596,e2212c40566e21c680a98186ebd8e984aa80d4fd,4d4ad03b827958468b1a231e360c7ad1aa68035c25af068059838ceae6dfa6d6,7a69fb21427492956ac16a4f0657ee843cdef3db07eff5a24421b9f9b4267e2c,main_SHARED_QUERY_123_selected,a033d1483c42c3a34229a4670ecefb6eaee35f3bbd13ee3cc8b179343d3df733,development_holdout,P0,2017-03-02,1026,967.491835267464,24bc48d96dc85568dd78be883d33c2f3e079fdc7772ecd2ce3b1215d141082b2
new_p3_training,True,tuned,SHARED_QUERY,123,main,3cfd389bbd05ec9201a41c0892e29bf8199198d1b216b9a8061370d4240aa583,bd1488a2d411295d7a2118c50ddcc0b158786123613af1676062e2270d1637d1,9cb89005693b1b70c102178849b740fde00b50c9ba5f3b5530d0e5749ea59837,eca954c21da074c545cb7858315ea39fee0a6f54b19e06474b4f2f91f1666847,490eeb15970ef077ee050323b551cd9c3c5534c257f1febddca9af74ed1cf0a4,6031dc4ee08b61c58b35b1efd7d764739d5c7c54dc7cbe9e9a72a1e4a7098596,e2212c40566e21c680a98186ebd8e984aa80d4fd,4d4ad03b827958468b1a231e360c7ad1aa68035c25af068059838ceae6dfa6d6,7a69fb21427492956ac16a4f0657ee843cdef3db07eff5a24421b9f9b4267e2c,main_SHARED_QUERY_123_selected,a033d1483c42c3a34229a4670ecefb6eaee35f3bbd13ee3cc8b179343d3df733,development_holdout,P0,2017-03-03,1026,1024.9345453345409,22939c89fd4b6ea42f6529cacac55ffe6e65b2ae17f29f3167873e59c4099c33
new_p3_training,True,tuned,SHARED_QUERY,123,main,3cfd389bbd05ec9201a41c0892e29bf8199198d1b216b9a8061370d4240aa583,bd1488a2d411295d7a2118c50ddcc0b158786123613af1676062e2270d1637d1,9cb89005693b1b70c102178849b740fde00b50c9ba5f3b5530d0e5749ea59837,eca954c21da074c545cb7858315ea39fee0a6f54b19e06474b4f2f91f1666847,490eeb15970ef077ee050323b551cd9c3c5534c257f1febddca9af74ed1cf0a4,6031dc4ee08b61c58b35b1efd7d764739d5c7c54dc7cbe9e9a72a1e4a7098596,e2212c40566e21c680a98186ebd8e984aa80d4fd,4d4ad03b827958468b1a231e360c7ad1aa68035c25af068059838ceae6dfa6d6,7a69fb21427492956ac16a4f0657ee843cdef3db07eff5a24421b9f9b4267e2c,main_SHARED_QUERY_123_selected,a033d1483c42c3a34229a4670ecefb6eaee35f3bbd13ee3cc8b179343d3df733,development_holdout,P0,2017-03-06,1026,983.0398040520591,d20b50e2739d0f6a492e35c9edf7093653ae290b3114c3a57386e9c06d9df54a
new_p3_training,True,tuned,SHARED_QUERY,123,main,3cfd389bbd05ec9201a41c0892e29bf8199198d1b216b9a8061370d4240aa583,bd1488a2d411295d7a2118c50ddcc0b158786123613af1676062e2270d1637d1,9cb89005693b1b70c102178849b740fde00b50c9ba5f3b5530d0e5749ea59837,eca954c21da074c545cb7858315ea39fee0a6f54b19e06474b4f2f91f1666847,490eeb15970ef077ee050323b551cd9c3c5534c257f1febddca9af74ed1cf0a4,6031dc4ee08b61c58b35b1efd7d764739d5c7c54dc7cbe9e9a72a1e4a7098596,e2212c40566e21c680a98186ebd8e984aa80d4fd,4d4ad03b827958468b1a231e360c7ad1aa68035c25af068059838ceae6dfa6d6,7a69fb21427492956ac16a4f0657ee843cdef3db07eff5a24421b9f9b4267e2c,main_SHARED_QUERY_123_selected,a033d1483c42c3a34229a4670ecefb6eaee35f3bbd13ee3cc8b179343d3df733,development_holdout,P0,2017-03-07,1026,903.1306804138478,008b051ab20e3383a144b791e574b090e54ec5a57c3b00c784b9dde76029de49
new_p3_training,True,tuned,SHARED_QUERY,123,main,3cfd389bbd05ec9201a41c0892e29bf8199198d1b216b9a8061370d4240aa583,bd1488a2d411295d7a2118c50ddcc0b158786123613af1676062e2270d1637d1,9cb89005693b1b70c102178849b740fde00b50c9ba5f3b5530d0e5749ea59837,eca954c21da074c545cb7858315ea39fee0a6f54b19e06474b4f2f91f1666847,490eeb15970ef077ee050323b551cd9c3c5534c257f1febddca9af74ed1cf0a4,6031dc4ee08b61c58b35b1efd7d764739d5c7c54dc7cbe9e9a72a1e4a7098596,e2212c40566e21c680a98186ebd8e984aa80d4fd,4d4ad03b827958468b1a231e360c7ad1aa68035c25af068059838ceae6dfa6d6,7a69fb21427492956ac16a4f0657ee843cdef3db07eff5a24421b9f9b4267e2c,main_SHARED_QUERY_123_selected,a033d1483c42c3a34229a4670ecefb6eaee35f3bbd13ee3cc8b179343d3df733,development_holdout,P0,2017-03-08,1026,955.2617430379216,88818c1f316e68002d1cbc8a487b17c48ab0455002479dba1290a4ccc2b776ae
new_p3_training,True,tuned,SHARED_QUERY,123,main,3cfd389bbd05ec9201a41c0892e29bf8199198d1b216b9a8061370d4240aa583,bd1488a2d411295d7a2118c50ddcc0b158786123613af1676062e2270d1637d1,9cb89005693b1b70c102178849b740fde00b50c9ba5f3b5530d0e5749ea59837,eca954c21da074c545cb7858315ea39fee0a6f54b19e06474b4f2f91f1666847,490eeb15970ef077ee050323b551cd9c3c5534c257f1febddca9af74ed1cf0a4,6031dc4ee08b61c58b35b1efd7d764739d5c7c54dc7cbe9e9a72a1e4a7098596,e2212c40566e21c680a98186ebd8e984aa80d4fd,4d4ad03b827958468b1a231e360c7ad1aa68035c25af068059838ceae6dfa6d6,7a69fb21427492956ac16a4f0657ee843cdef3db07eff5a24421b9f9b4267e2c,main_SHARED_QUERY_123_selected,a033d1483c42c3a34229a4670ecefb6eaee35f3bbd13ee3cc8b179343d3df733,development_holdout,P0,2017-03-09,1026,936.7261524078053,c574c80a23f2e388cdce17df2ca307cfb30cb4b266dc3370ec1d4b55790effb3
new_p3_training,True,tuned,SHARED_QUERY,123,main,3cfd389bbd05ec9201a41c0892e29bf8199198d1b216b9a8061370d4240aa583,bd1488a2d411295d7a2118c50ddcc0b158786123613af1676062e2270d1637d1,9cb89005693b1b70c102178849b740fde00b50c9ba5f3b5530d0e5749ea59837,eca954c21da074c545cb7858315ea39fee0a6f54b19e06474b4f2f91f1666847,490eeb15970ef077ee050323b551cd9c3c5534c257f1febddca9af74ed1cf0a4,6031dc4ee08b61c58b35b1efd7d764739d5c7c54dc7cbe9e9a72a1e4a7098596,e2212c40566e21c680a98186ebd8e984aa80d4fd,4d4ad03b827958468b1a231e360c7ad1aa68035c25af068059838ceae6dfa6d6,7a69fb21427492956ac16a4f0657ee843cdef3db07eff5a24421b9f9b4267e2c,main_SHARED_QUERY_123_selected,a033d1483c42c3a34229a4670ecefb6eaee35f3bbd13ee3cc8b179343d3df733,development_holdout,P0,2017-03-10,1026,1029.4672735132729,c1f2eea5b13bd2709d1ab340e228d15b953844a43f4e83c83a5772c39e915d9b
new_p3_training,True,tuned,SHARED_QUERY,123,main,3cfd389bbd05ec9201a41c0892e29bf8199198d1b216b9a8061370d4240aa583,bd1488a2d411295d7a2118c50ddcc0b158786123613af1676062e2270d1637d1,9cb89005693b1b70c102178849b740fde00b50c9ba5f3b5530d0e5749ea59837,eca954c21da074c545cb7858315ea39fee0a6f54b19e06474b4f2f91f1666847,490eeb15970ef077ee050323b551cd9c3c5534c257f1febddca9af74ed1cf0a4,6031dc4ee08b61c58b35b1efd7d764739d5c7c54dc7cbe9e9a72a1e4a7098596,e2212c40566e21c680a98186ebd8e984aa80d4fd,4d4ad03b827958468b1a231e360c7ad1aa68035c25af068059838ceae6dfa6d6,7a69fb21427492956ac16a4f0657ee843cdef3db07eff5a24421b9f9b4267e2c,main_SHARED_QUERY_123_selected,a033d1483c42c3a34229a4670ecefb6eaee35f3bbd13ee3cc8b179343d3df733,development_holdout,P0,2017-03-13,1026,949.6301584190578,e80f8d8ac7f36b07fd8905cdbb134a9455f2509941b326c54e932ab7ed89d43c
new_p3_training,True,tuned,SHARED_QUERY,123,main,3cfd389bbd05ec9201a41c0892e29bf8199198d1b216b9a8061370d4240aa583,bd1488a2d411295d7a2118c50ddcc0b158786123613af1676062e2270d1637d1,9cb89005693b1b70c102178849b740fde00b50c9ba5f3b5530d0e5749ea59837,eca954c21da074c545cb7858315ea39fee0a6f54b19e06474b4f2f91f1666847,490eeb15970ef077ee050323b551cd9c3c5534c257f1febddca9af74ed1cf0a4,6031dc4ee08b61c58b35b1efd7d764739d5c7c54dc7cbe9e9a72a1e4a7098596,e2212c40566e21c680a98186ebd8e984aa80d4fd,4d4ad03b827958468b1a231e360c7ad1aa68035c25af068059838ceae6dfa6d6,7a69fb21427492956ac16a4f0657ee843cdef3db07eff5a24421b9f9b4267e2c,main_SHARED_QUERY_123_selected,a033d1483c42c3a34229a4670ecefb6eaee35f3bbd13ee3cc8b179343d3df733,development_holdout,P0,2017-03-14,1026,964.8845126294137,4fc4b295dc8a9c6a9d1027edb9e67bd699809e8599c87f3d868c3bf41481cc80
new_p3_training,True,tuned,SHARED_QUERY,123,main,3cfd389bbd05ec9201a41c0892e29bf8199198d1b216b9a8061370d4240aa583,bd1488a2d411295d7a2118c50ddcc0b158786123613af1676062e2270d1637d1,9cb89005693b1b70c102178849b740fde00b50c9ba5f3b5530d0e5749ea59837,eca954c21da074c545cb7858315ea39fee0a6f54b19e06474b4f2f91f1666847,490eeb15970ef077ee050323b551cd9c3c5534c257f1febddca9af74ed1cf0a4,6031dc4ee08b61c58b35b1efd7d764739d5c7c54dc7cbe9e9a72a1e4a7098596,e2212c40566e21c680a98186ebd8e984aa80d4fd,4d4ad03b827958468b1a231e360c7ad1aa68035c25af068059838ceae6dfa6d6,7a69fb21427492956ac16a4f0657ee843cdef3db07eff5a24421b9f9b4267e2c,main_SHARED_QUERY_123_selected,a033d1483c42c3a34229a4670ecefb6eaee35f3bbd13ee3cc8b179343d3df733,development_holdout,P0,2017-03-15,1026,958.280731096473,27095532083c28d15deaaa7f22cfa9762fba4ef4a804e5608fb69ef4fb7871c9
new_p3_training,True,tuned,SHARED_QUERY,123,main,3cfd389bbd05ec9201a41c0892e29bf8199198d1b216b9a8061370d4240aa583,bd1488a2d411295d7a2118c50ddcc0b158786123613af1676062e2270d1637d1,9cb89005693b1b70c102178849b740fde00b50c9ba5f3b5530d0e5749ea59837,eca954c21da074c545cb7858315ea39fee0a6f54b19e06474b4f2f91f1666847,490eeb15970ef077ee050323b551cd9c3c5534c257f1febddca9af74ed1cf0a4,6031dc4ee08b61c58b35b1efd7d764739d5c7c54dc7cbe9e9a72a1e4a7098596,e2212c40566e21c680a98186ebd8e984aa80d4fd,4d4ad03b827958468b1a231e360c7ad1aa68035c25af068059838ceae6dfa6d6,7a69fb21427492956ac16a4f0657ee843cdef3db07eff5a24421b9f9b4267e2c,main_SHARED_QUERY_123_selected,a033d1483c42c3a34229a4670ecefb6eaee35f3bbd13ee3cc8b179343d3df733,development_holdout,P0,2017-03-16,1026,971.0693731126462,730ba20125fa8ce45c8e61feea8a0d5f7939aa87b2853b1bb6755b63371eb491
new_p3_training,True,tuned,SHARED_QUERY,123,main,3cfd389bbd05ec9201a41c0892e29bf8199198d1b216b9a8061370d4240aa583,bd1488a2d411295d7a2118c50ddcc0b158786123613af1676062e2270d1637d1,9cb89005693b1b70c102178849b740fde00b50c9ba5f3b5530d0e5749ea59837,eca954c21da074c545cb7858315ea39fee0a6f54b19e06474b4f2f91f1666847,490eeb15970ef077ee050323b551cd9c3c5534c257f1febddca9af74ed1cf0a4,6031dc4ee08b61c58b35b1efd7d764739d5c7c54dc7cbe9e9a72a1e4a7098596,e2212c40566e21c680a98186ebd8e984aa80d4fd,4d4ad03b827958468b1a231e360c7ad1aa68035c25af068059838ceae6dfa6d6,7a69fb21427492956ac16a4f0657ee843cdef3db07eff5a24421b9f9b4267e2c,main_SHARED_QUERY_123_selected,a033d1483c42c3a34229a4670ecefb6eaee35f3bbd13ee3cc8b179343d3df733,development_holdout,P0,2017-03-17,1026,963.0955181450079,d7d7fe0782a0d90671be0d275648448b2c356a95a459a05566a13c2a764e2c7d
new_p3_training,True,tuned,SHARED_QUERY,123,main,3cfd389bbd05ec9201a41c0892e29bf8199198d1b216b9a8061370d4240aa583,bd1488a2d411295d7a2118c50ddcc0b158786123613af1676062e2270d1637d1,9cb89005693b1b70c102178849b740fde00b50c9ba5f3b5530d0e5749ea59837,eca954c21da074c545cb7858315ea39fee0a6f54b19e06474b4f2f91f1666847,490eeb15970ef077ee050323b551cd9c3c5534c257f1febddca9af74ed1cf0a4,6031dc4ee08b61c58b35b1efd7d764739d5c7c54dc7cbe9e9a72a1e4a7098596,e2212c40566e21c680a98186ebd8e984aa80d4fd,4d4ad03b827958468b1a231e360c7ad1aa68035c25af068059838ceae6dfa6d6,7a69fb21427492956ac16a4f0657ee843cdef3db07eff5a24421b9f9b4267e2c,main_SHARED_QUERY_123_selected,a033d1483c42c3a34229a4670ecefb6eaee35f3bbd13ee3cc8b179343d3df733,development_holdout,P0,2017-03-20,1026,909.0929241531588,99818ce7b0cbca567dfeef67708f213ad6c0948cd378d2ad3bc497c54fc2b7fc
new_p3_training,True,tuned,SHARED_QUERY,123,main,3cfd389bbd05ec9201a41c0892e29bf8199198d1b216b9a8061370d4240aa583,bd1488a2d411295d7a2118c50ddcc0b158786123613af1676062e2270d1637d1,9cb89005693b1b70c102178849b740fde00b50c9ba5f3b5530d0e5749ea59837,eca954c21da074c545cb7858315ea39fee0a6f54b19e06474b4f2f91f1666847,490eeb15970ef077ee050323b551cd9c3c5534c257f1febddca9af74ed1cf0a4,6031dc4ee08b61c58b35b1efd7d764739d5c7c54dc7cbe9e9a72a1e4a7098596,e2212c40566e21c680a98186ebd8e984aa80d4fd,4d4ad03b827958468b1a231e360c7ad1aa68035c25af068059838ceae6dfa6d6,7a69fb21427492956ac16a4f0657ee843cdef3db07eff5a24421b9f9b4267e2c,main_SHARED_QUERY_123_selected,a033d1483c42c3a34229a4670ecefb6eaee35f3bbd13ee3cc8b179343d3df733,development_holdout,P0,2017-03-21,1026,968.006410578947,836e43906d97bb10eefe13acdefb7dafb46b941786a157d6be4f9bd9070d65ca
new_p3_training,True,tuned,SHARED_QUERY,123,main,3cfd389bbd05ec9201a41c0892e29bf8199198d1b216b9a8061370d4240aa583,bd1488a2d411295d7a2118c50ddcc0b158786123613af1676062e2270d1637d1,9cb89005693b1b70c102178849b740fde00b50c9ba5f3b5530d0e5749ea59837,eca954c21da074c545cb7858315ea39fee0a6f54b19e06474b4f2f91f1666847,490eeb15970ef077ee050323b551cd9c3c5534c257f1febddca9af74ed1cf0a4,6031dc4ee08b61c58b35b1efd7d764739d5c7c54dc7cbe9e9a72a1e4a7098596,e2212c40566e21c680a98186ebd8e984aa80d4fd,4d4ad03b827958468b1a231e360c7ad1aa68035c25af068059838ceae6dfa6d6,7a69fb21427492956ac16a4f0657ee843cdef3db07eff5a24421b9f9b4267e2c,main_SHARED_QUERY_123_selected,a033d1483c42c3a34229a4670ecefb6eaee35f3bbd13ee3cc8b179343d3df733,development_holdout,P0,2017-03-22,1026,955.2980949978969,cdbde8a256d2f616e6aa48f79b243bd5c32d2000cc69e92d7cc8c0f6910471da
new_p3_training,True,tuned,SHARED_QUERY,123,main,3cfd389bbd05ec9201a41c0892e29bf8199198d1b216b9a8061370d4240aa583,bd1488a2d411295d7a2118c50ddcc0b158786123613af1676062e2270d1637d1,9cb89005693b1b70c102178849b740fde00b50c9ba5f3b5530d0e5749ea59837,eca954c21da074c545cb7858315ea39fee0a6f54b19e06474b4f2f91f1666847,490eeb15970ef077ee050323b551cd9c3c5534c257f1febddca9af74ed1cf0a4,6031dc4ee08b61c58b35b1efd7d764739d5c7c54dc7cbe9e9a72a1e4a7098596,e2212c40566e21c680a98186ebd8e984aa80d4fd,4d4ad03b827958468b1a231e360c7ad1aa68035c25af068059838ceae6dfa6d6,7a69fb21427492956ac16a4f0657ee843cdef3db07eff5a24421b9f9b4267e2c,main_SHARED_QUERY_123_selected,a033d1483c42c3a34229a4670ecefb6eaee35f3bbd13ee3cc8b179343d3df733,development_holdout,P0,2017-03-23,1026,959.786755333862,ac2875ddde3ed56efe24d220d38d470cb91abe459625a23067302832e02c2864
new_p3_training,True,tuned,SHARED_QUERY,123,main,3cfd389bbd05ec9201a41c0892e29bf8199198d1b216b9a8061370d4240aa583,bd1488a2d411295d7a2118c50ddcc0b158786123613af1676062e2270d1637d1,9cb89005693b1b70c102178849b740fde00b50c9ba5f3b5530d0e5749ea59837,eca954c21da074c545cb7858315ea39fee0a6f54b19e06474b4f2f91f1666847,490eeb15970ef077ee050323b551cd9c3c5534c257f1febddca9af74ed1cf0a4,6031dc4ee08b61c58b35b1efd7d764739d5c7c54dc7cbe9e9a72a1e4a7098596,e2212c40566e21c680a98186ebd8e984aa80d4fd,4d4ad03b827958468b1a231e360c7ad1aa68035c25af068059838ceae6dfa6d6,7a69fb21427492956ac16a4f0657ee843cdef3db07eff5a24421b9f9b4267e2c,main_SHARED_QUERY_123_selected,a033d1483c42c3a34229a4670ecefb6eaee35f3bbd13ee3cc8b179343d3df733,development_holdout,P0,2017-03-24,1026,1011.4818708121328,75178dd56520e5efa2527f9c1f9c375c6a54b46d28a1889f441e2be1ef703b6e
new_p3_training,True,tuned,SHARED_QUERY,123,main,3cfd389bbd05ec9201a41c0892e29bf8199198d1b216b9a8061370d4240aa583,bd1488a2d411295d7a2118c50ddcc0b158786123613af1676062e2270d1637d1,9cb89005693b1b70c102178849b740fde00b50c9ba5f3b5530d0e5749ea59837,eca954c21da074c545cb7858315ea39fee0a6f54b19e06474b4f2f91f1666847,490eeb15970ef077ee050323b551cd9c3c5534c257f1febddca9af74ed1cf0a4,6031dc4ee08b61c58b35b1efd7d764739d5c7c54dc7cbe9e9a72a1e4a7098596,e2212c40566e21c680a98186ebd8e984aa80d4fd,4d4ad03b827958468b1a231e360c7ad1aa68035c25af068059838ceae6dfa6d6,7a69fb21427492956ac16a4f0657ee843cdef3db07eff5a24421b9f9b4267e2c,main_SHARED_QUERY_123_selected,a033d1483c42c3a34229a4670ecefb6eaee35f3bbd13ee3cc8b179343d3df733,development_holdout,P0,2017-03-27,1026,970.301941817916,2657f8dde13a24b31f71e37417a3898ebc892c9bd3a0698d8399fb4d1a7d9c1a
new_p3_training,True,tuned,SHARED_QUERY,123,main,3cfd389bbd05ec9201a41c0892e29bf8199198d1b216b9a8061370d4240aa583,bd1488a2d411295d7a2118c50ddcc0b158786123613af1676062e2270d1637d1,9cb89005693b1b70c102178849b740fde00b50c9ba5f3b5530d0e5749ea59837,eca954c21da074c545cb7858315ea39fee0a6f54b19e06474b4f2f91f1666847,490eeb15970ef077ee050323b551cd9c3c5534c257f1febddca9af74ed1cf0a4,6031dc4ee08b61c58b35b1efd7d764739d5c7c54dc7cbe9e9a72a1e4a7098596,e2212c40566e21c680a98186ebd8e984aa80d4fd,4d4ad03b827958468b1a231e360c7ad1aa68035c25af068059838ceae6dfa6d6,7a69fb21427492956ac16a4f0657ee843cdef3db07eff5a24421b9f9b4267e2c,main_SHARED_QUERY_123_selected,a033d1483c42c3a34229a4670ecefb6eaee35f3bbd13ee3cc8b179343d3df733,development_holdout,P0,2017-03-28,1026,897.7405632592852,c5e4f30611ac15186fd830b594b69b7d9af3b852c86ab185a8f00a400bcd0c83
new_p3_training,True,tuned,SHARED_QUERY,123,main,3cfd389bbd05ec9201a41c0892e29bf8199198d1b216b9a8061370d4240aa583,bd1488a2d411295d7a2118c50ddcc0b158786123613af1676062e2270d1637d1,9cb89005693b1b70c102178849b740fde00b50c9ba5f3b5530d0e5749ea59837,eca954c21da074c545cb7858315ea39fee0a6f54b19e06474b4f2f91f1666847,490eeb15970ef077ee050323b551cd9c3c5534c257f1febddca9af74ed1cf0a4,6031dc4ee08b61c58b35b1efd7d764739d5c7c54dc7cbe9e9a72a1e4a7098596,e2212c40566e21c680a98186ebd8e984aa80d4fd,4d4ad03b827958468b1a231e360c7ad1aa68035c25af068059838ceae6dfa6d6,7a69fb21427492956ac16a4f0657ee843cdef3db07eff5a24421b9f9b4267e2c,main_SHARED_QUERY_123_selected,a033d1483c42c3a34229a4670ecefb6eaee35f3bbd13ee3cc8b179343d3df733,development_holdout,P0,2017-03-29,1026,934.4886189728842,1ae553d7b43bef83496cce64efb7b6cecaac496ebd82ed532ff01a51a70b4abb
new_p3_training,True,tuned,SHARED_QUERY,123,main,3cfd389bbd05ec9201a41c0892e29bf8199198d1b216b9a8061370d4240aa583,bd1488a2d411295d7a2118c50ddcc0b158786123613af1676062e2270d1637d1,9cb89005693b1b70c102178849b740fde00b50c9ba5f3b5530d0e5749ea59837,eca954c21da074c545cb7858315ea39fee0a6f54b19e06474b4f2f91f1666847,490eeb15970ef077ee050323b551cd9c3c5534c257f1febddca9af74ed1cf0a4,6031dc4ee08b61c58b35b1efd7d764739d5c7c54dc7cbe9e9a72a1e4a7098596,e2212c40566e21c680a98186ebd8e984aa80d4fd,4d4ad03b827958468b1a231e360c7ad1aa68035c25af068059838ceae6dfa6d6,7a69fb21427492956ac16a4f0657ee843cdef3db07eff5a24421b9f9b4267e2c,main_SHARED_QUERY_123_selected,a033d1483c42c3a34229a4670ecefb6eaee35f3bbd13ee3cc8b179343d3df733,development_holdout,P0,2017-03-30,1026,899.5159978746801,8a9fd90ca80a53621cffefd7c15b8af74516593f30c3e4dd0cb2671b1a6e8027
new_p3_training,True,tuned,SHARED_QUERY,123,main,3cfd389bbd05ec9201a41c0892e29bf8199198d1b216b9a8061370d4240aa583,bd1488a2d411295d7a2118c50ddcc0b158786123613af1676062e2270d1637d1,9cb89005693b1b70c102178849b740fde00b50c9ba5f3b5530d0e5749ea59837,eca954c21da074c545cb7858315ea39fee0a6f54b19e06474b4f2f91f1666847,490eeb15970ef077ee050323b551cd9c3c5534c257f1febddca9af74ed1cf0a4,6031dc4ee08b61c58b35b1efd7d764739d5c7c54dc7cbe9e9a72a1e4a7098596,e2212c40566e21c680a98186ebd8e984aa80d4fd,4d4ad03b827958468b1a231e360c7ad1aa68035c25af068059838ceae6dfa6d6,7a69fb21427492956ac16a4f0657ee843cdef3db07eff5a24421b9f9b4267e2c,main_SHARED_QUERY_123_selected,a033d1483c42c3a34229a4670ecefb6eaee35f3bbd13ee3cc8b179343d3df733,development_holdout,P0,2017-03-31,1026,912.2013099182273,c0e46b18d942d86f6c903d3f25ba889e56a12fbf8f667507c86eff33cb34bbdc
new_p3_training,True,tuned,SHARED_QUERY,123,main,3cfd389bbd05ec9201a41c0892e29bf8199198d1b216b9a8061370d4240aa583,bd1488a2d411295d7a2118c50ddcc0b158786123613af1676062e2270d1637d1,9cb89005693b1b70c102178849b740fde00b50c9ba5f3b5530d0e5749ea59837,eca954c21da074c545cb7858315ea39fee0a6f54b19e06474b4f2f91f1666847,490eeb15970ef077ee050323b551cd9c3c5534c257f1febddca9af74ed1cf0a4,6031dc4ee08b61c58b35b1efd7d764739d5c7c54dc7cbe9e9a72a1e4a7098596,e2212c40566e21c680a98186ebd8e984aa80d4fd,4d4ad03b827958468b1a231e360c7ad1aa68035c25af068059838ceae6dfa6d6,7a69fb21427492956ac16a4f0657ee843cdef3db07eff5a24421b9f9b4267e2c,main_SHARED_QUERY_123_selected,a033d1483c42c3a34229a4670ecefb6eaee35f3bbd13ee3cc8b179343d3df733,development_holdout,P0,2017-04-03,1026,956.3673608023963,00d1d2116a0578d71238cd581543c1f6faa8f6d10bbfdce51a3a25bd372c8935
new_p3_training,True,tuned,SHARED_QUERY,123,main,3cfd389bbd05ec9201a41c0892e29bf8199198d1b216b9a8061370d4240aa583,bd1488a2d411295d7a2118c50ddcc0b158786123613af1676062e2270d1637d1,9cb89005693b1b70c102178849b740fde00b50c9ba5f3b5530d0e5749ea59837,eca954c21da074c545cb7858315ea39fee0a6f54b19e06474b4f2f91f1666847,490eeb15970ef077ee050323b551cd9c3c5534c257f1febddca9af74ed1cf0a4,6031dc4ee08b61c58b35b1efd7d764739d5c7c54dc7cbe9e9a72a1e4a7098596,e2212c40566e21c680a98186ebd8e984aa80d4fd,4d4ad03b827958468b1a231e360c7ad1aa68035c25af068059838ceae6dfa6d6,7a69fb21427492956ac16a4f0657ee843cdef3db07eff5a24421b9f9b4267e2c,main_SHARED_QUERY_123_selected,a033d1483c42c3a34229a4670ecefb6eaee35f3bbd13ee3cc8b179343d3df733,development_holdout,P0,2017-04-04,1026,931.7970925884856,178b858fd38515b36ff97f600d4839c0ecb18a93e569f2fdc36e6185eecd528b
new_p3_training,True,tuned,SHARED_QUERY,123,main,3cfd389bbd05ec9201a41c0892e29bf8199198d1b216b9a8061370d4240aa583,bd1488a2d411295d7a2118c50ddcc0b158786123613af1676062e2270d1637d1,9cb89005693b1b70c102178849b740fde00b50c9ba5f3b5530d0e5749ea59837,eca954c21da074c545cb7858315ea39fee0a6f54b19e06474b4f2f91f1666847,490eeb15970ef077ee050323b551cd9c3c5534c257f1febddca9af74ed1cf0a4,6031dc4ee08b61c58b35b1efd7d764739d5c7c54dc7cbe9e9a72a1e4a7098596,e2212c40566e21c680a98186ebd8e984aa80d4fd,4d4ad03b827958468b1a231e360c7ad1aa68035c25af068059838ceae6dfa6d6,7a69fb21427492956ac16a4f0657ee843cdef3db07eff5a24421b9f9b4267e2c,main_SHARED_QUERY_123_selected,a033d1483c42c3a34229a4670ecefb6eaee35f3bbd13ee3cc8b179343d3df733,development_holdout,P0,2017-04-05,1026,1000.2246620469539,1e968540d44b4505c2a554f2e65825a8f4c94353af1a9dafedb64e31fd79ec04
new_p3_training,True,tuned,SHARED_QUERY,123,main,3cfd389bbd05ec9201a41c0892e29bf8199198d1b216b9a8061370d4240aa583,bd1488a2d411295d7a2118c50ddcc0b158786123613af1676062e2270d1637d1,9cb89005693b1b70c102178849b740fde00b50c9ba5f3b5530d0e5749ea59837,eca954c21da074c545cb7858315ea39fee0a6f54b19e06474b4f2f91f1666847,490eeb15970ef077ee050323b551cd9c3c5534c257f1febddca9af74ed1cf0a4,6031dc4ee08b61c58b35b1efd7d764739d5c7c54dc7cbe9e9a72a1e4a7098596,e2212c40566e21c680a98186ebd8e984aa80d4fd,4d4ad03b827958468b1a231e360c7ad1aa68035c25af068059838ceae6dfa6d6,7a69fb21427492956ac16a4f0657ee843cdef3db07eff5a24421b9f9b4267e2c,main_SHARED_QUERY_123_selected,a033d1483c42c3a34229a4670ecefb6eaee35f3bbd13ee3cc8b179343d3df733,development_holdout,P0,2017-04-06,1026,901.1086187779711,437cfcdbf7c07136ef9b97989210c13e54bd94b6e9375925f39b0bd18afee331
new_p3_training,True,tuned,SHARED_QUERY,123,main,3cfd389bbd05ec9201a41c0892e29bf8199198d1b216b9a8061370d4240aa583,bd1488a2d411295d7a2118c50ddcc0b158786123613af1676062e2270d1637d1,9cb89005693b1b70c102178849b740fde00b50c9ba5f3b5530d0e5749ea59837,eca954c21da074c545cb7858315ea39fee0a6f54b19e06474b4f2f91f1666847,490eeb15970ef077ee050323b551cd9c3c5534c257f1febddca9af74ed1cf0a4,6031dc4ee08b61c58b35b1efd7d764739d5c7c54dc7cbe9e9a72a1e4a7098596,e2212c40566e21c680a98186ebd8e984aa80d4fd,4d4ad03b827958468b1a231e360c7ad1aa68035c25af068059838ceae6dfa6d6,7a69fb21427492956ac16a4f0657ee843cdef3db07eff5a24421b9f9b4267e2c,main_SHARED_QUERY_123_selected,a033d1483c42c3a34229a4670ecefb6eaee35f3bbd13ee3cc8b179343d3df733,development_holdout,P0,2017-04-07,1026,935.6501978530714,fa6c6df2818f6c31a4fd769463584d7f71174ddebaba07a65c13d57aa25294f7
new_p3_training,True,tuned,SHARED_QUERY,123,main,3cfd389bbd05ec9201a41c0892e29bf8199198d1b216b9a8061370d4240aa583,bd1488a2d411295d7a2118c50ddcc0b158786123613af1676062e2270d1637d1,9cb89005693b1b70c102178849b740fde00b50c9ba5f3b5530d0e5749ea59837,eca954c21da074c545cb7858315ea39fee0a6f54b19e06474b4f2f91f1666847,490eeb15970ef077ee050323b551cd9c3c5534c257f1febddca9af74ed1cf0a4,6031dc4ee08b61c58b35b1efd7d764739d5c7c54dc7cbe9e9a72a1e4a7098596,e2212c40566e21c680a98186ebd8e984aa80d4fd,4d4ad03b827958468b1a231e360c7ad1aa68035c25af068059838ceae6dfa6d6,7a69fb21427492956ac16a4f0657ee843cdef3db07eff5a24421b9f9b4267e2c,main_SHARED_QUERY_123_selected,a033d1483c42c3a34229a4670ecefb6eaee35f3bbd13ee3cc8b179343d3df733,development_holdout,P0,2017-04-10,1026,940.8380918750104,b5987c1005d79d8616c427b444733adb32f16c891f35078ace415d33bb7d119d
new_p3_training,True,tuned,SHARED_QUERY,123,main,3cfd389bbd05ec9201a41c0892e29bf8199198d1b216b9a8061370d4240aa583,bd1488a2d411295d7a2118c50ddcc0b158786123613af1676062e2270d1637d1,9cb89005693b1b70c102178849b740fde00b50c9ba5f3b5530d0e5749ea59837,eca954c21da074c545cb7858315ea39fee0a6f54b19e06474b4f2f91f1666847,490eeb15970ef077ee050323b551cd9c3c5534c257f1febddca9af74ed1cf0a4,6031dc4ee08b61c58b35b1efd7d764739d5c7c54dc7cbe9e9a72a1e4a7098596,e2212c40566e21c680a98186ebd8e984aa80d4fd,4d4ad03b827958468b1a231e360c7ad1aa68035c25af068059838ceae6dfa6d6,7a69fb21427492956ac16a4f0657ee843cdef3db07eff5a24421b9f9b4267e2c,main_SHARED_QUERY_123_selected,a033d1483c42c3a34229a4670ecefb6eaee35f3bbd13ee3cc8b179343d3df733,development_holdout,P0,2017-04-11,1026,914.787301617382,1cd7f009302afc38a9e99f6164b61f768b8b2cc0bd68f29f8061e0651abf7866
new_p3_training,True,tuned,SHARED_QUERY,123,main,3cfd389bbd05ec9201a41c0892e29bf8199198d1b216b9a8061370d4240aa583,bd1488a2d411295d7a2118c50ddcc0b158786123613af1676062e2270d1637d1,9cb89005693b1b70c102178849b740fde00b50c9ba5f3b5530d0e5749ea59837,eca954c21da074c545cb7858315ea39fee0a6f54b19e06474b4f2f91f1666847,490eeb15970ef077ee050323b551cd9c3c5534c257f1febddca9af74ed1cf0a4,6031dc4ee08b61c58b35b1efd7d764739d5c7c54dc7cbe9e9a72a1e4a7098596,e2212c40566e21c680a98186ebd8e984aa80d4fd,4d4ad03b827958468b1a231e360c7ad1aa68035c25af068059838ceae6dfa6d6,7a69fb21427492956ac16a4f0657ee843cdef3db07eff5a24421b9f9b4267e2c,main_SHARED_QUERY_123_selected,a033d1483c42c3a34229a4670ecefb6eaee35f3bbd13ee3cc8b179343d3df733,development_holdout,P0,2017-04-12,1026,865.9794374390165,7779cb8c4caf48a97ce53229237c0088efdfe11e0ca177de61d9b17799af77c9
new_p3_training,True,tuned,SHARED_QUERY,123,main,3cfd389bbd05ec9201a41c0892e29bf8199198d1b216b9a8061370d4240aa583,bd1488a2d411295d7a2118c50ddcc0b158786123613af1676062e2270d1637d1,9cb89005693b1b70c102178849b740fde00b50c9ba5f3b5530d0e5749ea59837,eca954c21da074c545cb7858315ea39fee0a6f54b19e06474b4f2f91f1666847,490eeb15970ef077ee050323b551cd9c3c5534c257f1febddca9af74ed1cf0a4,6031dc4ee08b61c58b35b1efd7d764739d5c7c54dc7cbe9e9a72a1e4a7098596,e2212c40566e21c680a98186ebd8e984aa80d4fd,4d4ad03b827958468b1a231e360c7ad1aa68035c25af068059838ceae6dfa6d6,7a69fb21427492956ac16a4f0657ee843cdef3db07eff5a24421b9f9b4267e2c,main_SHARED_QUERY_123_selected,a033d1483c42c3a34229a4670ecefb6eaee35f3bbd13ee3cc8b179343d3df733,development_holdout,P0,2017-04-13,1026,958.707619428515,c816f47ade766fa01d0e609c9c780666e485a7cc4ae63416f3172c22e429116d
new_p3_training,True,tuned,SHARED_QUERY,123,main,3cfd389bbd05ec9201a41c0892e29bf8199198d1b216b9a8061370d4240aa583,bd1488a2d411295d7a2118c50ddcc0b158786123613af1676062e2270d1637d1,9cb89005693b1b70c102178849b740fde00b50c9ba5f3b5530d0e5749ea59837,eca954c21da074c545cb7858315ea39fee0a6f54b19e06474b4f2f91f1666847,490eeb15970ef077ee050323b551cd9c3c5534c257f1febddca9af74ed1cf0a4,6031dc4ee08b61c58b35b1efd7d764739d5c7c54dc7cbe9e9a72a1e4a7098596,e2212c40566e21c680a98186ebd8e984aa80d4fd,4d4ad03b827958468b1a231e360c7ad1aa68035c25af068059838ceae6dfa6d6,7a69fb21427492956ac16a4f0657ee843cdef3db07eff5a24421b9f9b4267e2c,main_SHARED_QUERY_123_selected,a033d1483c42c3a34229a4670ecefb6eaee35f3bbd13ee3cc8b179343d3df733,development_holdout,P0,2017-04-14,1026,965.339872634202,e12a29b5d0ecab1a6f9d8415a01ae8dbe59d5a086776c030f790c776b4113e7a
new_p3_training,True,tuned,SHARED_QUERY,123,main,3cfd389bbd05ec9201a41c0892e29bf8199198d1b216b9a8061370d4240aa583,bd1488a2d411295d7a2118c50ddcc0b158786123613af1676062e2270d1637d1,9cb89005693b1b70c102178849b740fde00b50c9ba5f3b5530d0e5749ea59837,eca954c21da074c545cb7858315ea39fee0a6f54b19e06474b4f2f91f1666847,490eeb15970ef077ee050323b551cd9c3c5534c257f1febddca9af74ed1cf0a4,6031dc4ee08b61c58b35b1efd7d764739d5c7c54dc7cbe9e9a72a1e4a7098596,e2212c40566e21c680a98186ebd8e984aa80d4fd,4d4ad03b827958468b1a231e360c7ad1aa68035c25af068059838ceae6dfa6d6,7a69fb21427492956ac16a4f0657ee843cdef3db07eff5a24421b9f9b4267e2c,main_SHARED_QUERY_123_selected,a033d1483c42c3a34229a4670ecefb6eaee35f3bbd13ee3cc8b179343d3df733,development_holdout,P0,2017-04-17,1026,895.4469872902899,323c480668b967c1fc65e31c1a15a00cfbb58fd83f914967204f40ad60eb4755
new_p3_training,True,tuned,SHARED_QUERY,123,main,3cfd389bbd05ec9201a41c0892e29bf8199198d1b216b9a8061370d4240aa583,bd1488a2d411295d7a2118c50ddcc0b158786123613af1676062e2270d1637d1,9cb89005693b1b70c102178849b740fde00b50c9ba5f3b5530d0e5749ea59837,eca954c21da074c545cb7858315ea39fee0a6f54b19e06474b4f2f91f1666847,490eeb15970ef077ee050323b551cd9c3c5534c257f1febddca9af74ed1cf0a4,6031dc4ee08b61c58b35b1efd7d764739d5c7c54dc7cbe9e9a72a1e4a7098596,e2212c40566e21c680a98186ebd8e984aa80d4fd,4d4ad03b827958468b1a231e360c7ad1aa68035c25af068059838ceae6dfa6d6,7a69fb21427492956ac16a4f0657ee843cdef3db07eff5a24421b9f9b4267e2c,main_SHARED_QUERY_123_selected,a033d1483c42c3a34229a4670ecefb6eaee35f3bbd13ee3cc8b179343d3df733,development_holdout,P0,2017-04-18,1026,882.0503426105104,a8743ee449373eda3faf38b8b06538921118c23a055a4f902ebc2be5e40ebafa
new_p3_training,True,tuned,SHARED_QUERY,123,main,3cfd389bbd05ec9201a41c0892e29bf8199198d1b216b9a8061370d4240aa583,bd1488a2d411295d7a2118c50ddcc0b158786123613af1676062e2270d1637d1,9cb89005693b1b70c102178849b740fde00b50c9ba5f3b5530d0e5749ea59837,eca954c21da074c545cb7858315ea39fee0a6f54b19e06474b4f2f91f1666847,490eeb15970ef077ee050323b551cd9c3c5534c257f1febddca9af74ed1cf0a4,6031dc4ee08b61c58b35b1efd7d764739d5c7c54dc7cbe9e9a72a1e4a7098596,e2212c40566e21c680a98186ebd8e984aa80d4fd,4d4ad03b827958468b1a231e360c7ad1aa68035c25af068059838ceae6dfa6d6,7a69fb21427492956ac16a4f0657ee843cdef3db07eff5a24421b9f9b4267e2c,main_SHARED_QUERY_123_selected,a033d1483c42c3a34229a4670ecefb6eaee35f3bbd13ee3cc8b179343d3df733,development_holdout,P0,2017-04-19,1026,920.9908008954152,d113949b5670b7458ba4c98e6bc2b0f597743840a7d2d27c88682919d3c2289e
new_p3_training,True,tuned,SHARED_QUERY,123,main,3cfd389bbd05ec9201a41c0892e29bf8199198d1b216b9a8061370d4240aa583,bd1488a2d411295d7a2118c50ddcc0b158786123613af1676062e2270d1637d1,9cb89005693b1b70c102178849b740fde00b50c9ba5f3b5530d0e5749ea59837,eca954c21da074c545cb7858315ea39fee0a6f54b19e06474b4f2f91f1666847,490eeb15970ef077ee050323b551cd9c3c5534c257f1febddca9af74ed1cf0a4,6031dc4ee08b61c58b35b1efd7d764739d5c7c54dc7cbe9e9a72a1e4a7098596,e2212c40566e21c680a98186ebd8e984aa80d4fd,4d4ad03b827958468b1a231e360c7ad1aa68035c25af068059838ceae6dfa6d6,7a69fb21427492956ac16a4f0657ee843cdef3db07eff5a24421b9f9b4267e2c,main_SHARED_QUERY_123_selected,a033d1483c42c3a34229a4670ecefb6eaee35f3bbd13ee3cc8b179343d3df733,development_holdout,P0,2017-04-20,1026,937.5913150172581,5cf65d8f73016fb6a925f134f883ed46bc7fb21728991a4f47f9dd0d12d84b25
new_p3_training,True,tuned,SHARED_QUERY,123,main,3cfd389bbd05ec9201a41c0892e29bf8199198d1b216b9a8061370d4240aa583,bd1488a2d411295d7a2118c50ddcc0b158786123613af1676062e2270d1637d1,9cb89005693b1b70c102178849b740fde00b50c9ba5f3b5530d0e5749ea59837,eca954c21da074c545cb7858315ea39fee0a6f54b19e06474b4f2f91f1666847,490eeb15970ef077ee050323b551cd9c3c5534c257f1febddca9af74ed1cf0a4,6031dc4ee08b61c58b35b1efd7d764739d5c7c54dc7cbe9e9a72a1e4a7098596,e2212c40566e21c680a98186ebd8e984aa80d4fd,4d4ad03b827958468b1a231e360c7ad1aa68035c25af068059838ceae6dfa6d6,7a69fb21427492956ac16a4f0657ee843cdef3db07eff5a24421b9f9b4267e2c,main_SHARED_QUERY_123_selected,a033d1483c42c3a34229a4670ecefb6eaee35f3bbd13ee3cc8b179343d3df733,development_holdout,P0,2017-04-21,1026,869.8623288561373,3999a61e7f63c3778a293a5532b29c2ec4f519f2b3d773f7a6ad2b30bfeaec50
new_p3_training,True,tuned,SHARED_QUERY,123,main,3cfd389bbd05ec9201a41c0892e29bf8199198d1b216b9a8061370d4240aa583,bd1488a2d411295d7a2118c50ddcc0b158786123613af1676062e2270d1637d1,9cb89005693b1b70c102178849b740fde00b50c9ba5f3b5530d0e5749ea59837,eca954c21da074c545cb7858315ea39fee0a6f54b19e06474b4f2f91f1666847,490eeb15970ef077ee050323b551cd9c3c5534c257f1febddca9af74ed1cf0a4,6031dc4ee08b61c58b35b1efd7d764739d5c7c54dc7cbe9e9a72a1e4a7098596,e2212c40566e21c680a98186ebd8e984aa80d4fd,4d4ad03b827958468b1a231e360c7ad1aa68035c25af068059838ceae6dfa6d6,7a69fb21427492956ac16a4f0657ee843cdef3db07eff5a24421b9f9b4267e2c,main_SHARED_QUERY_123_selected,a033d1483c42c3a34229a4670ecefb6eaee35f3bbd13ee3cc8b179343d3df733,development_holdout,P0,2017-04-24,1026,917.1141407631018,229667fca9ab75e6815a91b26248078abc27560e52e03adb0bd63c3e2eb7f47e
new_p3_training,True,tuned,SHARED_QUERY,123,main,3cfd389bbd05ec9201a41c0892e29bf8199198d1b216b9a8061370d4240aa583,bd1488a2d411295d7a2118c50ddcc0b158786123613af1676062e2270d1637d1,9cb89005693b1b70c102178849b740fde00b50c9ba5f3b5530d0e5749ea59837,eca954c21da074c545cb7858315ea39fee0a6f54b19e06474b4f2f91f1666847,490eeb15970ef077ee050323b551cd9c3c5534c257f1febddca9af74ed1cf0a4,6031dc4ee08b61c58b35b1efd7d764739d5c7c54dc7cbe9e9a72a1e4a7098596,e2212c40566e21c680a98186ebd8e984aa80d4fd,4d4ad03b827958468b1a231e360c7ad1aa68035c25af068059838ceae6dfa6d6,7a69fb21427492956ac16a4f0657ee843cdef3db07eff5a24421b9f9b4267e2c,main_SHARED_QUERY_123_selected,a033d1483c42c3a34229a4670ecefb6eaee35f3bbd13ee3cc8b179343d3df733,development_holdout,P0,2017-04-25,1026,906.1196873383517,f89cb5bfce2e2e4208265f94e91812d69005674fc079d6ffc8fc78503bb56ee9
new_p3_training,True,tuned,SHARED_QUERY,123,main,3cfd389bbd05ec9201a41c0892e29bf8199198d1b216b9a8061370d4240aa583,bd1488a2d411295d7a2118c50ddcc0b158786123613af1676062e2270d1637d1,9cb89005693b1b70c102178849b740fde00b50c9ba5f3b5530d0e5749ea59837,eca954c21da074c545cb7858315ea39fee0a6f54b19e06474b4f2f91f1666847,490eeb15970ef077ee050323b551cd9c3c5534c257f1febddca9af74ed1cf0a4,6031dc4ee08b61c58b35b1efd7d764739d5c7c54dc7cbe9e9a72a1e4a7098596,e2212c40566e21c680a98186ebd8e984aa80d4fd,4d4ad03b827958468b1a231e360c7ad1aa68035c25af068059838ceae6dfa6d6,7a69fb21427492956ac16a4f0657ee843cdef3db07eff5a24421b9f9b4267e2c,main_SHARED_QUERY_123_selected,a033d1483c42c3a34229a4670ecefb6eaee35f3bbd13ee3cc8b179343d3df733,development_holdout,P0,2017-04-26,1026,907.8906271446581,8d913b3a11c7b565077a9cf79c95c72f098b3f8d767adf272ce7f1bc5b6c0cba
new_p3_training,True,tuned,SHARED_QUERY,123,main,3cfd389bbd05ec9201a41c0892e29bf8199198d1b216b9a8061370d4240aa583,bd1488a2d411295d7a2118c50ddcc0b158786123613af1676062e2270d1637d1,9cb89005693b1b70c102178849b740fde00b50c9ba5f3b5530d0e5749ea59837,eca954c21da074c545cb7858315ea39fee0a6f54b19e06474b4f2f91f1666847,490eeb15970ef077ee050323b551cd9c3c5534c257f1febddca9af74ed1cf0a4,6031dc4ee08b61c58b35b1efd7d764739d5c7c54dc7cbe9e9a72a1e4a7098596,e2212c40566e21c680a98186ebd8e984aa80d4fd,4d4ad03b827958468b1a231e360c7ad1aa68035c25af068059838ceae6dfa6d6,7a69fb21427492956ac16a4f0657ee843cdef3db07eff5a24421b9f9b4267e2c,main_SHARED_QUERY_123_selected,a033d1483c42c3a34229a4670ecefb6eaee35f3bbd13ee3cc8b179343d3df733,development_holdout,P0,2017-04-27,1026,910.8686760843432,1e9dad842721222ea827810b71ed0c3bd6fd4e9e4e96277856fe55f670d79f97
new_p3_training,True,tuned,SHARED_QUERY,123,main,3cfd389bbd05ec9201a41c0892e29bf8199198d1b216b9a8061370d4240aa583,bd1488a2d411295d7a2118c50ddcc0b158786123613af1676062e2270d1637d1,9cb89005693b1b70c102178849b740fde00b50c9ba5f3b5530d0e5749ea59837,eca954c21da074c545cb7858315ea39fee0a6f54b19e06474b4f2f91f1666847,490eeb15970ef077ee050323b551cd9c3c5534c257f1febddca9af74ed1cf0a4,6031dc4ee08b61c58b35b1efd7d764739d5c7c54dc7cbe9e9a72a1e4a7098596,e2212c40566e21c680a98186ebd8e984aa80d4fd,4d4ad03b827958468b1a231e360c7ad1aa68035c25af068059838ceae6dfa6d6,7a69fb21427492956ac16a4f0657ee843cdef3db07eff5a24421b9f9b4267e2c,main_SHARED_QUERY_123_selected,a033d1483c42c3a34229a4670ecefb6eaee35f3bbd13ee3cc8b179343d3df733,development_holdout,P0,2017-04-28,1026,881.6805185054322,cb11f1e8f4775ba76281a9b2730b160ba59fbb3cd80630e776143d07b0599896
new_p3_training,True,tuned,SHARED_QUERY,123,main,3cfd389bbd05ec9201a41c0892e29bf8199198d1b216b9a8061370d4240aa583,bd1488a2d411295d7a2118c50ddcc0b158786123613af1676062e2270d1637d1,9cb89005693b1b70c102178849b740fde00b50c9ba5f3b5530d0e5749ea59837,eca954c21da074c545cb7858315ea39fee0a6f54b19e06474b4f2f91f1666847,490eeb15970ef077ee050323b551cd9c3c5534c257f1febddca9af74ed1cf0a4,6031dc4ee08b61c58b35b1efd7d764739d5c7c54dc7cbe9e9a72a1e4a7098596,e2212c40566e21c680a98186ebd8e984aa80d4fd,4d4ad03b827958468b1a231e360c7ad1aa68035c25af068059838ceae6dfa6d6,7a69fb21427492956ac16a4f0657ee843cdef3db07eff5a24421b9f9b4267e2c,main_SHARED_QUERY_123_selected,a033d1483c42c3a34229a4670ecefb6eaee35f3bbd13ee3cc8b179343d3df733,development_holdout,P0,2017-05-02,1026,893.7546053189992,cc9be42a818236c7e86a1d06f66f226f8ec42dba98616f384c0e082f624d23d6
new_p3_training,True,tuned,SHARED_QUERY,123,main,3cfd389bbd05ec9201a41c0892e29bf8199198d1b216b9a8061370d4240aa583,bd1488a2d411295d7a2118c50ddcc0b158786123613af1676062e2270d1637d1,9cb89005693b1b70c102178849b740fde00b50c9ba5f3b5530d0e5749ea59837,eca954c21da074c545cb7858315ea39fee0a6f54b19e06474b4f2f91f1666847,490eeb15970ef077ee050323b551cd9c3c5534c257f1febddca9af74ed1cf0a4,6031dc4ee08b61c58b35b1efd7d764739d5c7c54dc7cbe9e9a72a1e4a7098596,e2212c40566e21c680a98186ebd8e984aa80d4fd,4d4ad03b827958468b1a231e360c7ad1aa68035c25af068059838ceae6dfa6d6,7a69fb21427492956ac16a4f0657ee843cdef3db07eff5a24421b9f9b4267e2c,main_SHARED_QUERY_123_selected,a033d1483c42c3a34229a4670ecefb6eaee35f3bbd13ee3cc8b179343d3df733,development_holdout,P0,2017-05-04,1026,821.3703399807619,085bd4847e252614232cdf670c8e20c68c35119979d2e7cef17962ca2f94ad53
new_p3_training,True,tuned,SHARED_QUERY,123,main,3cfd389bbd05ec9201a41c0892e29bf8199198d1b216b9a8061370d4240aa583,bd1488a2d411295d7a2118c50ddcc0b158786123613af1676062e2270d1637d1,9cb89005693b1b70c102178849b740fde00b50c9ba5f3b5530d0e5749ea59837,eca954c21da074c545cb7858315ea39fee0a6f54b19e06474b4f2f91f1666847,490eeb15970ef077ee050323b551cd9c3c5534c257f1febddca9af74ed1cf0a4,6031dc4ee08b61c58b35b1efd7d764739d5c7c54dc7cbe9e9a72a1e4a7098596,e2212c40566e21c680a98186ebd8e984aa80d4fd,4d4ad03b827958468b1a231e360c7ad1aa68035c25af068059838ceae6dfa6d6,7a69fb21427492956ac16a4f0657ee843cdef3db07eff5a24421b9f9b4267e2c,main_SHARED_QUERY_123_selected,a033d1483c42c3a34229a4670ecefb6eaee35f3bbd13ee3cc8b179343d3df733,development_holdout,P0,2017-05-08,1026,917.5870168866728,4d99d61f963195ccb5c3e1cd045c0bbecdd0e695b2ae8207efc507643f68387c
new_p3_training,True,tuned,SHARED_QUERY,123,main,3cfd389bbd05ec9201a41c0892e29bf8199198d1b216b9a8061370d4240aa583,bd1488a2d411295d7a2118c50ddcc0b158786123613af1676062e2270d1637d1,9cb89005693b1b70c102178849b740fde00b50c9ba5f3b5530d0e5749ea59837,eca954c21da074c545cb7858315ea39fee0a6f54b19e06474b4f2f91f1666847,490eeb15970ef077ee050323b551cd9c3c5534c257f1febddca9af74ed1cf0a4,6031dc4ee08b61c58b35b1efd7d764739d5c7c54dc7cbe9e9a72a1e4a7098596,e2212c40566e21c680a98186ebd8e984aa80d4fd,4d4ad03b827958468b1a231e360c7ad1aa68035c25af068059838ceae6dfa6d6,7a69fb21427492956ac16a4f0657ee843cdef3db07eff5a24421b9f9b4267e2c,main_SHARED_QUERY_123_selected,a033d1483c42c3a34229a4670ecefb6eaee35f3bbd13ee3cc8b179343d3df733,development_holdout,P0,2017-05-10,1026,1033.2529458390377,277a382b607e51998cfe4fdc6d1fd926209dbf45029c5d1f744c2bcb1693e7f0
new_p3_training,True,tuned,SHARED_QUERY,123,main,3cfd389bbd05ec9201a41c0892e29bf8199198d1b216b9a8061370d4240aa583,bd1488a2d411295d7a2118c50ddcc0b158786123613af1676062e2270d1637d1,9cb89005693b1b70c102178849b740fde00b50c9ba5f3b5530d0e5749ea59837,eca954c21da074c545cb7858315ea39fee0a6f54b19e06474b4f2f91f1666847,490eeb15970ef077ee050323b551cd9c3c5534c257f1febddca9af74ed1cf0a4,6031dc4ee08b61c58b35b1efd7d764739d5c7c54dc7cbe9e9a72a1e4a7098596,e2212c40566e21c680a98186ebd8e984aa80d4fd,4d4ad03b827958468b1a231e360c7ad1aa68035c25af068059838ceae6dfa6d6,7a69fb21427492956ac16a4f0657ee843cdef3db07eff5a24421b9f9b4267e2c,main_SHARED_QUERY_123_selected,a033d1483c42c3a34229a4670ecefb6eaee35f3bbd13ee3cc8b179343d3df733,development_holdout,P0,2017-05-11,1026,1018.7265347182426,5aa4d85b26c47156125e499d7f2fb53d97d999ec7705d76dca7cd6b1ee3bd4d9
new_p3_training,True,tuned,SHARED_QUERY,123,main,3cfd389bbd05ec9201a41c0892e29bf8199198d1b216b9a8061370d4240aa583,bd1488a2d411295d7a2118c50ddcc0b158786123613af1676062e2270d1637d1,9cb89005693b1b70c102178849b740fde00b50c9ba5f3b5530d0e5749ea59837,eca954c21da074c545cb7858315ea39fee0a6f54b19e06474b4f2f91f1666847,490eeb15970ef077ee050323b551cd9c3c5534c257f1febddca9af74ed1cf0a4,6031dc4ee08b61c58b35b1efd7d764739d5c7c54dc7cbe9e9a72a1e4a7098596,e2212c40566e21c680a98186ebd8e984aa80d4fd,4d4ad03b827958468b1a231e360c7ad1aa68035c25af068059838ceae6dfa6d6,7a69fb21427492956ac16a4f0657ee843cdef3db07eff5a24421b9f9b4267e2c,main_SHARED_QUERY_123_selected,a033d1483c42c3a34229a4670ecefb6eaee35f3bbd13ee3cc8b179343d3df733,development_holdout,P0,2017-05-12,1026,961.8709378917954,85b2ebdb7702614ccf9cd703b58b85359d67135b0adbc56ad737157d25ae887e
new_p3_training,True,tuned,SHARED_QUERY,123,main,3cfd389bbd05ec9201a41c0892e29bf8199198d1b216b9a8061370d4240aa583,bd1488a2d411295d7a2118c50ddcc0b158786123613af1676062e2270d1637d1,9cb89005693b1b70c102178849b740fde00b50c9ba5f3b5530d0e5749ea59837,eca954c21da074c545cb7858315ea39fee0a6f54b19e06474b4f2f91f1666847,490eeb15970ef077ee050323b551cd9c3c5534c257f1febddca9af74ed1cf0a4,6031dc4ee08b61c58b35b1efd7d764739d5c7c54dc7cbe9e9a72a1e4a7098596,e2212c40566e21c680a98186ebd8e984aa80d4fd,4d4ad03b827958468b1a231e360c7ad1aa68035c25af068059838ceae6dfa6d6,7a69fb21427492956ac16a4f0657ee843cdef3db07eff5a24421b9f9b4267e2c,main_SHARED_QUERY_123_selected,a033d1483c42c3a34229a4670ecefb6eaee35f3bbd13ee3cc8b179343d3df733,development_holdout,P0,2017-05-15,1026,953.5899443912996,f08cb3e89fe2575db60bc50fd0e901b626632879288c48bfb2e335da3490a05d
new_p3_training,True,tuned,SHARED_QUERY,123,main,3cfd389bbd05ec9201a41c0892e29bf8199198d1b216b9a8061370d4240aa583,bd1488a2d411295d7a2118c50ddcc0b158786123613af1676062e2270d1637d1,9cb89005693b1b70c102178849b740fde00b50c9ba5f3b5530d0e5749ea59837,eca954c21da074c545cb7858315ea39fee0a6f54b19e06474b4f2f91f1666847,490eeb15970ef077ee050323b551cd9c3c5534c257f1febddca9af74ed1cf0a4,6031dc4ee08b61c58b35b1efd7d764739d5c7c54dc7cbe9e9a72a1e4a7098596,e2212c40566e21c680a98186ebd8e984aa80d4fd,4d4ad03b827958468b1a231e360c7ad1aa68035c25af068059838ceae6dfa6d6,7a69fb21427492956ac16a4f0657ee843cdef3db07eff5a24421b9f9b4267e2c,main_SHARED_QUERY_123_selected,a033d1483c42c3a34229a4670ecefb6eaee35f3bbd13ee3cc8b179343d3df733,development_holdout,P0,2017-05-16,1026,955.1006675421529,05df3c6778fd8bf0b7fcd3b26cf621f511382b593dfa9dd9b7a6a0335984ab36
new_p3_training,True,tuned,SHARED_QUERY,123,main,3cfd389bbd05ec9201a41c0892e29bf8199198d1b216b9a8061370d4240aa583,bd1488a2d411295d7a2118c50ddcc0b158786123613af1676062e2270d1637d1,9cb89005693b1b70c102178849b740fde00b50c9ba5f3b5530d0e5749ea59837,eca954c21da074c545cb7858315ea39fee0a6f54b19e06474b4f2f91f1666847,490eeb15970ef077ee050323b551cd9c3c5534c257f1febddca9af74ed1cf0a4,6031dc4ee08b61c58b35b1efd7d764739d5c7c54dc7cbe9e9a72a1e4a7098596,e2212c40566e21c680a98186ebd8e984aa80d4fd,4d4ad03b827958468b1a231e360c7ad1aa68035c25af068059838ceae6dfa6d6,7a69fb21427492956ac16a4f0657ee843cdef3db07eff5a24421b9f9b4267e2c,main_SHARED_QUERY_123_selected,a033d1483c42c3a34229a4670ecefb6eaee35f3bbd13ee3cc8b179343d3df733,development_holdout,P0,2017-05-17,1026,942.1452982410099,4a452781b12f29176f3150f1d90c9fb94792ef7f65c0363700d754e1d2debd5c
new_p3_training,True,tuned,SHARED_QUERY,123,main,3cfd389bbd05ec9201a41c0892e29bf8199198d1b216b9a8061370d4240aa583,bd1488a2d411295d7a2118c50ddcc0b158786123613af1676062e2270d1637d1,9cb89005693b1b70c102178849b740fde00b50c9ba5f3b5530d0e5749ea59837,eca954c21da074c545cb7858315ea39fee0a6f54b19e06474b4f2f91f1666847,490eeb15970ef077ee050323b551cd9c3c5534c257f1febddca9af74ed1cf0a4,6031dc4ee08b61c58b35b1efd7d764739d5c7c54dc7cbe9e9a72a1e4a7098596,e2212c40566e21c680a98186ebd8e984aa80d4fd,4d4ad03b827958468b1a231e360c7ad1aa68035c25af068059838ceae6dfa6d6,7a69fb21427492956ac16a4f0657ee843cdef3db07eff5a24421b9f9b4267e2c,main_SHARED_QUERY_123_selected,a033d1483c42c3a34229a4670ecefb6eaee35f3bbd13ee3cc8b179343d3df733,development_holdout,P0,2017-05-18,1026,969.79436478305,896ceda7aba69bbcec5b2ba1b9249fa93b87cd3fbc290f7c4c3849e65b8d5a04
new_p3_training,True,tuned,SHARED_QUERY,123,main,3cfd389bbd05ec9201a41c0892e29bf8199198d1b216b9a8061370d4240aa583,bd1488a2d411295d7a2118c50ddcc0b158786123613af1676062e2270d1637d1,9cb89005693b1b70c102178849b740fde00b50c9ba5f3b5530d0e5749ea59837,eca954c21da074c545cb7858315ea39fee0a6f54b19e06474b4f2f91f1666847,490eeb15970ef077ee050323b551cd9c3c5534c257f1febddca9af74ed1cf0a4,6031dc4ee08b61c58b35b1efd7d764739d5c7c54dc7cbe9e9a72a1e4a7098596,e2212c40566e21c680a98186ebd8e984aa80d4fd,4d4ad03b827958468b1a231e360c7ad1aa68035c25af068059838ceae6dfa6d6,7a69fb21427492956ac16a4f0657ee843cdef3db07eff5a24421b9f9b4267e2c,main_SHARED_QUERY_123_selected,a033d1483c42c3a34229a4670ecefb6eaee35f3bbd13ee3cc8b179343d3df733,development_holdout,P0,2017-05-19,1026,980.3129746600137,b14622b33aefdb140a930477fca8678486e35e1bb610bf2fc3c01ad176f55e63
new_p3_training,True,tuned,SHARED_QUERY,123,main,3cfd389bbd05ec9201a41c0892e29bf8199198d1b216b9a8061370d4240aa583,bd1488a2d411295d7a2118c50ddcc0b158786123613af1676062e2270d1637d1,9cb89005693b1b70c102178849b740fde00b50c9ba5f3b5530d0e5749ea59837,eca954c21da074c545cb7858315ea39fee0a6f54b19e06474b4f2f91f1666847,490eeb15970ef077ee050323b551cd9c3c5534c257f1febddca9af74ed1cf0a4,6031dc4ee08b61c58b35b1efd7d764739d5c7c54dc7cbe9e9a72a1e4a7098596,e2212c40566e21c680a98186ebd8e984aa80d4fd,4d4ad03b827958468b1a231e360c7ad1aa68035c25af068059838ceae6dfa6d6,7a69fb21427492956ac16a4f0657ee843cdef3db07eff5a24421b9f9b4267e2c,main_SHARED_QUERY_123_selected,a033d1483c42c3a34229a4670ecefb6eaee35f3bbd13ee3cc8b179343d3df733,development_holdout,P0,2017-05-22,1026,937.8502082480666,267471646f72041ca06b20ba491e50e54bf6e3b7dc940d38512e246a7a0f8889
new_p3_training,True,tuned,SHARED_QUERY,123,main,3cfd389bbd05ec9201a41c0892e29bf8199198d1b216b9a8061370d4240aa583,bd1488a2d411295d7a2118c50ddcc0b158786123613af1676062e2270d1637d1,9cb89005693b1b70c102178849b740fde00b50c9ba5f3b5530d0e5749ea59837,eca954c21da074c545cb7858315ea39fee0a6f54b19e06474b4f2f91f1666847,490eeb15970ef077ee050323b551cd9c3c5534c257f1febddca9af74ed1cf0a4,6031dc4ee08b61c58b35b1efd7d764739d5c7c54dc7cbe9e9a72a1e4a7098596,e2212c40566e21c680a98186ebd8e984aa80d4fd,4d4ad03b827958468b1a231e360c7ad1aa68035c25af068059838ceae6dfa6d6,7a69fb21427492956ac16a4f0657ee843cdef3db07eff5a24421b9f9b4267e2c,main_SHARED_QUERY_123_selected,a033d1483c42c3a34229a4670ecefb6eaee35f3bbd13ee3cc8b179343d3df733,development_holdout,P0,2017-05-23,1026,1051.2728379419882,f7b48f4274039f732f06e39c2092feed1167a93942aaaf8498423f0eded37232
new_p3_training,True,tuned,SHARED_QUERY,123,main,3cfd389bbd05ec9201a41c0892e29bf8199198d1b216b9a8061370d4240aa583,bd1488a2d411295d7a2118c50ddcc0b158786123613af1676062e2270d1637d1,9cb89005693b1b70c102178849b740fde00b50c9ba5f3b5530d0e5749ea59837,eca954c21da074c545cb7858315ea39fee0a6f54b19e06474b4f2f91f1666847,490eeb15970ef077ee050323b551cd9c3c5534c257f1febddca9af74ed1cf0a4,6031dc4ee08b61c58b35b1efd7d764739d5c7c54dc7cbe9e9a72a1e4a7098596,e2212c40566e21c680a98186ebd8e984aa80d4fd,4d4ad03b827958468b1a231e360c7ad1aa68035c25af068059838ceae6dfa6d6,7a69fb21427492956ac16a4f0657ee843cdef3db07eff5a24421b9f9b4267e2c,main_SHARED_QUERY_123_selected,a033d1483c42c3a34229a4670ecefb6eaee35f3bbd13ee3cc8b179343d3df733,development_holdout,P0,2017-05-24,1026,1006.1466848166494,6a92951abf20953fac4112d25508a9038c225d46262faf135cb64ee0f8b59d59
new_p3_training,True,tuned,SHARED_QUERY,123,main,3cfd389bbd05ec9201a41c0892e29bf8199198d1b216b9a8061370d4240aa583,bd1488a2d411295d7a2118c50ddcc0b158786123613af1676062e2270d1637d1,9cb89005693b1b70c102178849b740fde00b50c9ba5f3b5530d0e5749ea59837,eca954c21da074c545cb7858315ea39fee0a6f54b19e06474b4f2f91f1666847,490eeb15970ef077ee050323b551cd9c3c5534c257f1febddca9af74ed1cf0a4,6031dc4ee08b61c58b35b1efd7d764739d5c7c54dc7cbe9e9a72a1e4a7098596,e2212c40566e21c680a98186ebd8e984aa80d4fd,4d4ad03b827958468b1a231e360c7ad1aa68035c25af068059838ceae6dfa6d6,7a69fb21427492956ac16a4f0657ee843cdef3db07eff5a24421b9f9b4267e2c,main_SHARED_QUERY_123_selected,a033d1483c42c3a34229a4670ecefb6eaee35f3bbd13ee3cc8b179343d3df733,development_holdout,P0,2017-05-25,1026,992.0411203809495,cb7a23eb5b4f4eb3337e141f633948967457eecd3f6b8ded1c2be403588f8cba
new_p3_training,True,tuned,SHARED_QUERY,123,main,3cfd389bbd05ec9201a41c0892e29bf8199198d1b216b9a8061370d4240aa583,bd1488a2d411295d7a2118c50ddcc0b158786123613af1676062e2270d1637d1,9cb89005693b1b70c102178849b740fde00b50c9ba5f3b5530d0e5749ea59837,eca954c21da074c545cb7858315ea39fee0a6f54b19e06474b4f2f91f1666847,490eeb15970ef077ee050323b551cd9c3c5534c257f1febddca9af74ed1cf0a4,6031dc4ee08b61c58b35b1efd7d764739d5c7c54dc7cbe9e9a72a1e4a7098596,e2212c40566e21c680a98186ebd8e984aa80d4fd,4d4ad03b827958468b1a231e360c7ad1aa68035c25af068059838ceae6dfa6d6,7a69fb21427492956ac16a4f0657ee843cdef3db07eff5a24421b9f9b4267e2c,main_SHARED_QUERY_123_selected,a033d1483c42c3a34229a4670ecefb6eaee35f3bbd13ee3cc8b179343d3df733,development_holdout,P0,2017-05-26,1026,990.5208562996703,bc17cc8297732ed310bf6b2e7ec776fd13c6f6d42a5d4b55dad14c506ea5eb6a
new_p3_training,True,tuned,SHARED_QUERY,123,main,3cfd389bbd05ec9201a41c0892e29bf8199198d1b216b9a8061370d4240aa583,bd1488a2d411295d7a2118c50ddcc0b158786123613af1676062e2270d1637d1,9cb89005693b1b70c102178849b740fde00b50c9ba5f3b5530d0e5749ea59837,eca954c21da074c545cb7858315ea39fee0a6f54b19e06474b4f2f91f1666847,490eeb15970ef077ee050323b551cd9c3c5534c257f1febddca9af74ed1cf0a4,6031dc4ee08b61c58b35b1efd7d764739d5c7c54dc7cbe9e9a72a1e4a7098596,e2212c40566e21c680a98186ebd8e984aa80d4fd,4d4ad03b827958468b1a231e360c7ad1aa68035c25af068059838ceae6dfa6d6,7a69fb21427492956ac16a4f0657ee843cdef3db07eff5a24421b9f9b4267e2c,main_SHARED_QUERY_123_selected,a033d1483c42c3a34229a4670ecefb6eaee35f3bbd13ee3cc8b179343d3df733,development_holdout,P0,2017-05-29,1026,1020.8501067876867,9c14ec63040da700c68269cee6c0a10b7a7f3f9d9b39794487319782993c3215
new_p3_training,True,tuned,SHARED_QUERY,123,main,3cfd389bbd05ec9201a41c0892e29bf8199198d1b216b9a8061370d4240aa583,bd1488a2d411295d7a2118c50ddcc0b158786123613af1676062e2270d1637d1,9cb89005693b1b70c102178849b740fde00b50c9ba5f3b5530d0e5749ea59837,eca954c21da074c545cb7858315ea39fee0a6f54b19e06474b4f2f91f1666847,490eeb15970ef077ee050323b551cd9c3c5534c257f1febddca9af74ed1cf0a4,6031dc4ee08b61c58b35b1efd7d764739d5c7c54dc7cbe9e9a72a1e4a7098596,e2212c40566e21c680a98186ebd8e984aa80d4fd,4d4ad03b827958468b1a231e360c7ad1aa68035c25af068059838ceae6dfa6d6,7a69fb21427492956ac16a4f0657ee843cdef3db07eff5a24421b9f9b4267e2c,main_SHARED_QUERY_123_selected,a033d1483c42c3a34229a4670ecefb6eaee35f3bbd13ee3cc8b179343d3df733,development_holdout,P0,2017-05-30,1026,983.6372608800016,aa90dbec0b0948b01c1752f06ba6ae289b49252e28b1ee312adf3d00cf26a1f1
new_p3_training,True,tuned,SHARED_QUERY,123,main,3cfd389bbd05ec9201a41c0892e29bf8199198d1b216b9a8061370d4240aa583,bd1488a2d411295d7a2118c50ddcc0b158786123613af1676062e2270d1637d1,9cb89005693b1b70c102178849b740fde00b50c9ba5f3b5530d0e5749ea59837,eca954c21da074c545cb7858315ea39fee0a6f54b19e06474b4f2f91f1666847,490eeb15970ef077ee050323b551cd9c3c5534c257f1febddca9af74ed1cf0a4,6031dc4ee08b61c58b35b1efd7d764739d5c7c54dc7cbe9e9a72a1e4a7098596,e2212c40566e21c680a98186ebd8e984aa80d4fd,4d4ad03b827958468b1a231e360c7ad1aa68035c25af068059838ceae6dfa6d6,7a69fb21427492956ac16a4f0657ee843cdef3db07eff5a24421b9f9b4267e2c,main_SHARED_QUERY_123_selected,a033d1483c42c3a34229a4670ecefb6eaee35f3bbd13ee3cc8b179343d3df733,development_holdout,P0,2017-05-31,1026,972.7191460124759,c27f19c5319c85d380d87022c9ee074c488c73be482d8f6e5833ef55b1d95000
new_p3_training,True,tuned,SHARED_QUERY,123,main,3cfd389bbd05ec9201a41c0892e29bf8199198d1b216b9a8061370d4240aa583,bd1488a2d411295d7a2118c50ddcc0b158786123613af1676062e2270d1637d1,9cb89005693b1b70c102178849b740fde00b50c9ba5f3b5530d0e5749ea59837,eca954c21da074c545cb7858315ea39fee0a6f54b19e06474b4f2f91f1666847,490eeb15970ef077ee050323b551cd9c3c5534c257f1febddca9af74ed1cf0a4,6031dc4ee08b61c58b35b1efd7d764739d5c7c54dc7cbe9e9a72a1e4a7098596,e2212c40566e21c680a98186ebd8e984aa80d4fd,4d4ad03b827958468b1a231e360c7ad1aa68035c25af068059838ceae6dfa6d6,7a69fb21427492956ac16a4f0657ee843cdef3db07eff5a24421b9f9b4267e2c,main_SHARED_QUERY_123_selected,a033d1483c42c3a34229a4670ecefb6eaee35f3bbd13ee3cc8b179343d3df733,development_holdout,P0,2017-06-01,1026,903.9737717677647,ffc4f9e982868022414ea9d1c714ab4cf8708837d1714612dffd6485eefe9b01
new_p3_training,True,tuned,SHARED_QUERY,123,main,3cfd389bbd05ec9201a41c0892e29bf8199198d1b216b9a8061370d4240aa583,bd1488a2d411295d7a2118c50ddcc0b158786123613af1676062e2270d1637d1,9cb89005693b1b70c102178849b740fde00b50c9ba5f3b5530d0e5749ea59837,eca954c21da074c545cb7858315ea39fee0a6f54b19e06474b4f2f91f1666847,490eeb15970ef077ee050323b551cd9c3c5534c257f1febddca9af74ed1cf0a4,6031dc4ee08b61c58b35b1efd7d764739d5c7c54dc7cbe9e9a72a1e4a7098596,e2212c40566e21c680a98186ebd8e984aa80d4fd,4d4ad03b827958468b1a231e360c7ad1aa68035c25af068059838ceae6dfa6d6,7a69fb21427492956ac16a4f0657ee843cdef3db07eff5a24421b9f9b4267e2c,main_SHARED_QUERY_123_selected,a033d1483c42c3a34229a4670ecefb6eaee35f3bbd13ee3cc8b179343d3df733,development_holdout,P0,2017-06-02,1026,970.7396976130485,23e1874e818e3a50bdcf18895a99702b56f60de9b7698b85975f242b82ddd9dd
new_p3_training,True,tuned,SHARED_QUERY,123,main,3cfd389bbd05ec9201a41c0892e29bf8199198d1b216b9a8061370d4240aa583,bd1488a2d411295d7a2118c50ddcc0b158786123613af1676062e2270d1637d1,9cb89005693b1b70c102178849b740fde00b50c9ba5f3b5530d0e5749ea59837,eca954c21da074c545cb7858315ea39fee0a6f54b19e06474b4f2f91f1666847,490eeb15970ef077ee050323b551cd9c3c5534c257f1febddca9af74ed1cf0a4,6031dc4ee08b61c58b35b1efd7d764739d5c7c54dc7cbe9e9a72a1e4a7098596,e2212c40566e21c680a98186ebd8e984aa80d4fd,4d4ad03b827958468b1a231e360c7ad1aa68035c25af068059838ceae6dfa6d6,7a69fb21427492956ac16a4f0657ee843cdef3db07eff5a24421b9f9b4267e2c,main_SHARED_QUERY_123_selected,a033d1483c42c3a34229a4670ecefb6eaee35f3bbd13ee3cc8b179343d3df733,development_holdout,P0,2017-06-05,1026,917.1502608814883,dc8b7fa6d968de1bfabf0ea036ea96c36ec6fe18ccd3ab4fc1fa62aa7f684863
new_p3_training,True,tuned,SHARED_QUERY,123,main,3cfd389bbd05ec9201a41c0892e29bf8199198d1b216b9a8061370d4240aa583,bd1488a2d411295d7a2118c50ddcc0b158786123613af1676062e2270d1637d1,9cb89005693b1b70c102178849b740fde00b50c9ba5f3b5530d0e5749ea59837,eca954c21da074c545cb7858315ea39fee0a6f54b19e06474b4f2f91f1666847,490eeb15970ef077ee050323b551cd9c3c5534c257f1febddca9af74ed1cf0a4,6031dc4ee08b61c58b35b1efd7d764739d5c7c54dc7cbe9e9a72a1e4a7098596,e2212c40566e21c680a98186ebd8e984aa80d4fd,4d4ad03b827958468b1a231e360c7ad1aa68035c25af068059838ceae6dfa6d6,7a69fb21427492956ac16a4f0657ee843cdef3db07eff5a24421b9f9b4267e2c,main_SHARED_QUERY_123_selected,a033d1483c42c3a34229a4670ecefb6eaee35f3bbd13ee3cc8b179343d3df733,development_holdout,P0,2017-06-07,1026,986.9569598029555,8a878ba345b18263d37a6b1ab88e5bff7c8186b585eadf4b5d99b739b15d9a8d
new_p3_training,True,tuned,SHARED_QUERY,123,main,3cfd389bbd05ec9201a41c0892e29bf8199198d1b216b9a8061370d4240aa583,bd1488a2d411295d7a2118c50ddcc0b158786123613af1676062e2270d1637d1,9cb89005693b1b70c102178849b740fde00b50c9ba5f3b5530d0e5749ea59837,eca954c21da074c545cb7858315ea39fee0a6f54b19e06474b4f2f91f1666847,490eeb15970ef077ee050323b551cd9c3c5534c257f1febddca9af74ed1cf0a4,6031dc4ee08b61c58b35b1efd7d764739d5c7c54dc7cbe9e9a72a1e4a7098596,e2212c40566e21c680a98186ebd8e984aa80d4fd,4d4ad03b827958468b1a231e360c7ad1aa68035c25af068059838ceae6dfa6d6,7a69fb21427492956ac16a4f0657ee843cdef3db07eff5a24421b9f9b4267e2c,main_SHARED_QUERY_123_selected,a033d1483c42c3a34229a4670ecefb6eaee35f3bbd13ee3cc8b179343d3df733,development_holdout,P0,2017-06-08,1026,942.5111076782563,6e63b82f0bd8c587f5c3b0d0586ddb66130b621924c1df2a39c1189496d9d5f1
new_p3_training,True,tuned,SHARED_QUERY,123,main,3cfd389bbd05ec9201a41c0892e29bf8199198d1b216b9a8061370d4240aa583,bd1488a2d411295d7a2118c50ddcc0b158786123613af1676062e2270d1637d1,9cb89005693b1b70c102178849b740fde00b50c9ba5f3b5530d0e5749ea59837,eca954c21da074c545cb7858315ea39fee0a6f54b19e06474b4f2f91f1666847,490eeb15970ef077ee050323b551cd9c3c5534c257f1febddca9af74ed1cf0a4,6031dc4ee08b61c58b35b1efd7d764739d5c7c54dc7cbe9e9a72a1e4a7098596,e2212c40566e21c680a98186ebd8e984aa80d4fd,4d4ad03b827958468b1a231e360c7ad1aa68035c25af068059838ceae6dfa6d6,7a69fb21427492956ac16a4f0657ee843cdef3db07eff5a24421b9f9b4267e2c,main_SHARED_QUERY_123_selected,a033d1483c42c3a34229a4670ecefb6eaee35f3bbd13ee3cc8b179343d3df733,development_holdout,P0,2017-06-09,1026,988.3262383831537,11fa1b317c1b445df417893a03a7c728b695b6089f81e3218090f09b113dfb47
new_p3_training,True,tuned,SHARED_QUERY,123,main,3cfd389bbd05ec9201a41c0892e29bf8199198d1b216b9a8061370d4240aa583,bd1488a2d411295d7a2118c50ddcc0b158786123613af1676062e2270d1637d1,9cb89005693b1b70c102178849b740fde00b50c9ba5f3b5530d0e5749ea59837,eca954c21da074c545cb7858315ea39fee0a6f54b19e06474b4f2f91f1666847,490eeb15970ef077ee050323b551cd9c3c5534c257f1febddca9af74ed1cf0a4,6031dc4ee08b61c58b35b1efd7d764739d5c7c54dc7cbe9e9a72a1e4a7098596,e2212c40566e21c680a98186ebd8e984aa80d4fd,4d4ad03b827958468b1a231e360c7ad1aa68035c25af068059838ceae6dfa6d6,7a69fb21427492956ac16a4f0657ee843cdef3db07eff5a24421b9f9b4267e2c,main_SHARED_QUERY_123_selected,a033d1483c42c3a34229a4670ecefb6eaee35f3bbd13ee3cc8b179343d3df733,development_holdout,P0,2017-06-12,1026,961.3786964146043,aa3c9f6c202bb53d94d34903bbe3203bc0d936b5ff4c99069bff098e77844653
new_p3_training,True,tuned,SHARED_QUERY,123,main,3cfd389bbd05ec9201a41c0892e29bf8199198d1b216b9a8061370d4240aa583,bd1488a2d411295d7a2118c50ddcc0b158786123613af1676062e2270d1637d1,9cb89005693b1b70c102178849b740fde00b50c9ba5f3b5530d0e5749ea59837,eca954c21da074c545cb7858315ea39fee0a6f54b19e06474b4f2f91f1666847,490eeb15970ef077ee050323b551cd9c3c5534c257f1febddca9af74ed1cf0a4,6031dc4ee08b61c58b35b1efd7d764739d5c7c54dc7cbe9e9a72a1e4a7098596,e2212c40566e21c680a98186ebd8e984aa80d4fd,4d4ad03b827958468b1a231e360c7ad1aa68035c25af068059838ceae6dfa6d6,7a69fb21427492956ac16a4f0657ee843cdef3db07eff5a24421b9f9b4267e2c,main_SHARED_QUERY_123_selected,a033d1483c42c3a34229a4670ecefb6eaee35f3bbd13ee3cc8b179343d3df733,development_holdout,P0,2017-06-13,1026,965.8732332616098,7290ea031e88a1df41f430f241ec2315306bc30fa2467d046f7dd71478991da2
new_p3_training,True,tuned,SHARED_QUERY,123,main,3cfd389bbd05ec9201a41c0892e29bf8199198d1b216b9a8061370d4240aa583,bd1488a2d411295d7a2118c50ddcc0b158786123613af1676062e2270d1637d1,9cb89005693b1b70c102178849b740fde00b50c9ba5f3b5530d0e5749ea59837,eca954c21da074c545cb7858315ea39fee0a6f54b19e06474b4f2f91f1666847,490eeb15970ef077ee050323b551cd9c3c5534c257f1febddca9af74ed1cf0a4,6031dc4ee08b61c58b35b1efd7d764739d5c7c54dc7cbe9e9a72a1e4a7098596,e2212c40566e21c680a98186ebd8e984aa80d4fd,4d4ad03b827958468b1a231e360c7ad1aa68035c25af068059838ceae6dfa6d6,7a69fb21427492956ac16a4f0657ee843cdef3db07eff5a24421b9f9b4267e2c,main_SHARED_QUERY_123_selected,a033d1483c42c3a34229a4670ecefb6eaee35f3bbd13ee3cc8b179343d3df733,development_holdout,P0,2017-06-14,1026,962.1329910435302,6a0ee0d0980d5a8406bffe42996d50cc20f459b85a639679d34b3873e63f382a
new_p3_training,True,tuned,SHARED_QUERY,123,main,3cfd389bbd05ec9201a41c0892e29bf8199198d1b216b9a8061370d4240aa583,bd1488a2d411295d7a2118c50ddcc0b158786123613af1676062e2270d1637d1,9cb89005693b1b70c102178849b740fde00b50c9ba5f3b5530d0e5749ea59837,eca954c21da074c545cb7858315ea39fee0a6f54b19e06474b4f2f91f1666847,490eeb15970ef077ee050323b551cd9c3c5534c257f1febddca9af74ed1cf0a4,6031dc4ee08b61c58b35b1efd7d764739d5c7c54dc7cbe9e9a72a1e4a7098596,e2212c40566e21c680a98186ebd8e984aa80d4fd,4d4ad03b827958468b1a231e360c7ad1aa68035c25af068059838ceae6dfa6d6,7a69fb21427492956ac16a4f0657ee843cdef3db07eff5a24421b9f9b4267e2c,main_SHARED_QUERY_123_selected,a033d1483c42c3a34229a4670ecefb6eaee35f3bbd13ee3cc8b179343d3df733,development_holdout,P0,2017-06-15,1026,984.5745435001943,0b3175822130e66667ed390667e1f889e34b34228a1880b9fff7536164d0a027
new_p3_training,True,tuned,SHARED_QUERY,123,main,3cfd389bbd05ec9201a41c0892e29bf8199198d1b216b9a8061370d4240aa583,bd1488a2d411295d7a2118c50ddcc0b158786123613af1676062e2270d1637d1,9cb89005693b1b70c102178849b740fde00b50c9ba5f3b5530d0e5749ea59837,eca954c21da074c545cb7858315ea39fee0a6f54b19e06474b4f2f91f1666847,490eeb15970ef077ee050323b551cd9c3c5534c257f1febddca9af74ed1cf0a4,6031dc4ee08b61c58b35b1efd7d764739d5c7c54dc7cbe9e9a72a1e4a7098596,e2212c40566e21c680a98186ebd8e984aa80d4fd,4d4ad03b827958468b1a231e360c7ad1aa68035c25af068059838ceae6dfa6d6,7a69fb21427492956ac16a4f0657ee843cdef3db07eff5a24421b9f9b4267e2c,main_SHARED_QUERY_123_selected,a033d1483c42c3a34229a4670ecefb6eaee35f3bbd13ee3cc8b179343d3df733,development_holdout,P0,2017-06-16,1026,920.2186023690782,a8a474b41ffe723c2656fa59ce25e3f1360ececeda761609838ed30b936fdbce
new_p3_training,True,tuned,SHARED_QUERY,123,main,3cfd389bbd05ec9201a41c0892e29bf8199198d1b216b9a8061370d4240aa583,bd1488a2d411295d7a2118c50ddcc0b158786123613af1676062e2270d1637d1,9cb89005693b1b70c102178849b740fde00b50c9ba5f3b5530d0e5749ea59837,eca954c21da074c545cb7858315ea39fee0a6f54b19e06474b4f2f91f1666847,490eeb15970ef077ee050323b551cd9c3c5534c257f1febddca9af74ed1cf0a4,6031dc4ee08b61c58b35b1efd7d764739d5c7c54dc7cbe9e9a72a1e4a7098596,e2212c40566e21c680a98186ebd8e984aa80d4fd,4d4ad03b827958468b1a231e360c7ad1aa68035c25af068059838ceae6dfa6d6,7a69fb21427492956ac16a4f0657ee843cdef3db07eff5a24421b9f9b4267e2c,main_SHARED_QUERY_123_selected,a033d1483c42c3a34229a4670ecefb6eaee35f3bbd13ee3cc8b179343d3df733,development_holdout,P0,2017-06-19,1026,976.4098836025541,7c3806a7b4dc9002020e9de3552964e226cc7c54da18e75b498782936f25c191
new_p3_training,True,tuned,SHARED_QUERY,123,main,3cfd389bbd05ec9201a41c0892e29bf8199198d1b216b9a8061370d4240aa583,bd1488a2d411295d7a2118c50ddcc0b158786123613af1676062e2270d1637d1,9cb89005693b1b70c102178849b740fde00b50c9ba5f3b5530d0e5749ea59837,eca954c21da074c545cb7858315ea39fee0a6f54b19e06474b4f2f91f1666847,490eeb15970ef077ee050323b551cd9c3c5534c257f1febddca9af74ed1cf0a4,6031dc4ee08b61c58b35b1efd7d764739d5c7c54dc7cbe9e9a72a1e4a7098596,e2212c40566e21c680a98186ebd8e984aa80d4fd,4d4ad03b827958468b1a231e360c7ad1aa68035c25af068059838ceae6dfa6d6,7a69fb21427492956ac16a4f0657ee843cdef3db07eff5a24421b9f9b4267e2c,main_SHARED_QUERY_123_selected,a033d1483c42c3a34229a4670ecefb6eaee35f3bbd13ee3cc8b179343d3df733,development_holdout,P0,2017-06-20,1026,964.6896355241408,13c0a10388d80e7fe30da68722964ed28f56db8b79095d1c9f9e7dcf9f9c2a92
new_p3_training,True,tuned,SHARED_QUERY,123,main,3cfd389bbd05ec9201a41c0892e29bf8199198d1b216b9a8061370d4240aa583,bd1488a2d411295d7a2118c50ddcc0b158786123613af1676062e2270d1637d1,9cb89005693b1b70c102178849b740fde00b50c9ba5f3b5530d0e5749ea59837,eca954c21da074c545cb7858315ea39fee0a6f54b19e06474b4f2f91f1666847,490eeb15970ef077ee050323b551cd9c3c5534c257f1febddca9af74ed1cf0a4,6031dc4ee08b61c58b35b1efd7d764739d5c7c54dc7cbe9e9a72a1e4a7098596,e2212c40566e21c680a98186ebd8e984aa80d4fd,4d4ad03b827958468b1a231e360c7ad1aa68035c25af068059838ceae6dfa6d6,7a69fb21427492956ac16a4f0657ee843cdef3db07eff5a24421b9f9b4267e2c,main_SHARED_QUERY_123_selected,a033d1483c42c3a34229a4670ecefb6eaee35f3bbd13ee3cc8b179343d3df733,development_holdout,P0,2017-06-21,1026,1036.279756761759,167d1d30de0aa182d83194502fd0d0325f15a6af2ed3c9786c845476f39ac722
new_p3_training,True,tuned,SHARED_QUERY,123,main,3cfd389bbd05ec9201a41c0892e29bf8199198d1b216b9a8061370d4240aa583,bd1488a2d411295d7a2118c50ddcc0b158786123613af1676062e2270d1637d1,9cb89005693b1b70c102178849b740fde00b50c9ba5f3b5530d0e5749ea59837,eca954c21da074c545cb7858315ea39fee0a6f54b19e06474b4f2f91f1666847,490eeb15970ef077ee050323b551cd9c3c5534c257f1febddca9af74ed1cf0a4,6031dc4ee08b61c58b35b1efd7d764739d5c7c54dc7cbe9e9a72a1e4a7098596,e2212c40566e21c680a98186ebd8e984aa80d4fd,4d4ad03b827958468b1a231e360c7ad1aa68035c25af068059838ceae6dfa6d6,7a69fb21427492956ac16a4f0657ee843cdef3db07eff5a24421b9f9b4267e2c,main_SHARED_QUERY_123_selected,a033d1483c42c3a34229a4670ecefb6eaee35f3bbd13ee3cc8b179343d3df733,development_holdout,P0,2017-06-22,1026,991.1531426950277,b9c055d9d18637592532452c85944fc938b482e932e2892c25a85d0bc35da781
new_p3_training,True,tuned,SHARED_QUERY,123,main,3cfd389bbd05ec9201a41c0892e29bf8199198d1b216b9a8061370d4240aa583,bd1488a2d411295d7a2118c50ddcc0b158786123613af1676062e2270d1637d1,9cb89005693b1b70c102178849b740fde00b50c9ba5f3b5530d0e5749ea59837,eca954c21da074c545cb7858315ea39fee0a6f54b19e06474b4f2f91f1666847,490eeb15970ef077ee050323b551cd9c3c5534c257f1febddca9af74ed1cf0a4,6031dc4ee08b61c58b35b1efd7d764739d5c7c54dc7cbe9e9a72a1e4a7098596,e2212c40566e21c680a98186ebd8e984aa80d4fd,4d4ad03b827958468b1a231e360c7ad1aa68035c25af068059838ceae6dfa6d6,7a69fb21427492956ac16a4f0657ee843cdef3db07eff5a24421b9f9b4267e2c,main_SHARED_QUERY_123_selected,a033d1483c42c3a34229a4670ecefb6eaee35f3bbd13ee3cc8b179343d3df733,development_holdout,P0,2017-06-23,1026,967.79816732159,74348a63842d1485654fe91422e5ff82aa133d1d719cbcfbbb54788e0abcb47a
new_p3_training,True,tuned,SHARED_QUERY,123,main,3cfd389bbd05ec9201a41c0892e29bf8199198d1b216b9a8061370d4240aa583,bd1488a2d411295d7a2118c50ddcc0b158786123613af1676062e2270d1637d1,9cb89005693b1b70c102178849b740fde00b50c9ba5f3b5530d0e5749ea59837,eca954c21da074c545cb7858315ea39fee0a6f54b19e06474b4f2f91f1666847,490eeb15970ef077ee050323b551cd9c3c5534c257f1febddca9af74ed1cf0a4,6031dc4ee08b61c58b35b1efd7d764739d5c7c54dc7cbe9e9a72a1e4a7098596,e2212c40566e21c680a98186ebd8e984aa80d4fd,4d4ad03b827958468b1a231e360c7ad1aa68035c25af068059838ceae6dfa6d6,7a69fb21427492956ac16a4f0657ee843cdef3db07eff5a24421b9f9b4267e2c,main_SHARED_QUERY_123_selected,a033d1483c42c3a34229a4670ecefb6eaee35f3bbd13ee3cc8b179343d3df733,development_holdout,P0,2017-06-26,1026,942.7086438700692,ad0c4a3fad54d25949fe68c1fda0e9e714a26abd31eec27b6219bbf0563dc044
new_p3_training,True,tuned,SHARED_QUERY,123,main,3cfd389bbd05ec9201a41c0892e29bf8199198d1b216b9a8061370d4240aa583,bd1488a2d411295d7a2118c50ddcc0b158786123613af1676062e2270d1637d1,9cb89005693b1b70c102178849b740fde00b50c9ba5f3b5530d0e5749ea59837,eca954c21da074c545cb7858315ea39fee0a6f54b19e06474b4f2f91f1666847,490eeb15970ef077ee050323b551cd9c3c5534c257f1febddca9af74ed1cf0a4,6031dc4ee08b61c58b35b1efd7d764739d5c7c54dc7cbe9e9a72a1e4a7098596,e2212c40566e21c680a98186ebd8e984aa80d4fd,4d4ad03b827958468b1a231e360c7ad1aa68035c25af068059838ceae6dfa6d6,7a69fb21427492956ac16a4f0657ee843cdef3db07eff5a24421b9f9b4267e2c,main_SHARED_QUERY_123_selected,a033d1483c42c3a34229a4670ecefb6eaee35f3bbd13ee3cc8b179343d3df733,development_holdout,P0,2017-06-27,1026,941.0619484228607,4b4c196a1733bf1c72db21f83e711e13fac8565ce57b3132597c05c6f5a5ab20
new_p3_training,True,tuned,SHARED_QUERY,123,main,3cfd389bbd05ec9201a41c0892e29bf8199198d1b216b9a8061370d4240aa583,bd1488a2d411295d7a2118c50ddcc0b158786123613af1676062e2270d1637d1,9cb89005693b1b70c102178849b740fde00b50c9ba5f3b5530d0e5749ea59837,eca954c21da074c545cb7858315ea39fee0a6f54b19e06474b4f2f91f1666847,490eeb15970ef077ee050323b551cd9c3c5534c257f1febddca9af74ed1cf0a4,6031dc4ee08b61c58b35b1efd7d764739d5c7c54dc7cbe9e9a72a1e4a7098596,e2212c40566e21c680a98186ebd8e984aa80d4fd,4d4ad03b827958468b1a231e360c7ad1aa68035c25af068059838ceae6dfa6d6,7a69fb21427492956ac16a4f0657ee843cdef3db07eff5a24421b9f9b4267e2c,main_SHARED_QUERY_123_selected,a033d1483c42c3a34229a4670ecefb6eaee35f3bbd13ee3cc8b179343d3df733,development_holdout,P0,2017-06-28,1026,987.7393901077617,52a3650e207263b486de19b53de75d922ffc62520ab679284e0b888c0fb6af2b
new_p3_training,True,tuned,SHARED_QUERY,123,main,3cfd389bbd05ec9201a41c0892e29bf8199198d1b216b9a8061370d4240aa583,bd1488a2d411295d7a2118c50ddcc0b158786123613af1676062e2270d1637d1,9cb89005693b1b70c102178849b740fde00b50c9ba5f3b5530d0e5749ea59837,eca954c21da074c545cb7858315ea39fee0a6f54b19e06474b4f2f91f1666847,490eeb15970ef077ee050323b551cd9c3c5534c257f1febddca9af74ed1cf0a4,6031dc4ee08b61c58b35b1efd7d764739d5c7c54dc7cbe9e9a72a1e4a7098596,e2212c40566e21c680a98186ebd8e984aa80d4fd,4d4ad03b827958468b1a231e360c7ad1aa68035c25af068059838ceae6dfa6d6,7a69fb21427492956ac16a4f0657ee843cdef3db07eff5a24421b9f9b4267e2c,main_SHARED_QUERY_123_selected,a033d1483c42c3a34229a4670ecefb6eaee35f3bbd13ee3cc8b179343d3df733,development_holdout,P0,2017-06-29,1026,988.1128693482403,47acc7804041442a8b2988099e0bce9afc1ccccd40d9604f73deb573f8f38882
new_p3_training,True,tuned,SHARED_QUERY,123,main,3cfd389bbd05ec9201a41c0892e29bf8199198d1b216b9a8061370d4240aa583,bd1488a2d411295d7a2118c50ddcc0b158786123613af1676062e2270d1637d1,9cb89005693b1b70c102178849b740fde00b50c9ba5f3b5530d0e5749ea59837,eca954c21da074c545cb7858315ea39fee0a6f54b19e06474b4f2f91f1666847,490eeb15970ef077ee050323b551cd9c3c5534c257f1febddca9af74ed1cf0a4,6031dc4ee08b61c58b35b1efd7d764739d5c7c54dc7cbe9e9a72a1e4a7098596,e2212c40566e21c680a98186ebd8e984aa80d4fd,4d4ad03b827958468b1a231e360c7ad1aa68035c25af068059838ceae6dfa6d6,7a69fb21427492956ac16a4f0657ee843cdef3db07eff5a24421b9f9b4267e2c,main_SHARED_QUERY_123_selected,a033d1483c42c3a34229a4670ecefb6eaee35f3bbd13ee3cc8b179343d3df733,development_holdout,P0,2017-06-30,1026,944.6057490445685,51da75dc3ab0b4b21ab91bded17147d08c97964cb45aa7b055240f4c3051bd7c
new_p3_training,True,tuned,SHARED_QUERY,123,main,3cfd389bbd05ec9201a41c0892e29bf8199198d1b216b9a8061370d4240aa583,bd1488a2d411295d7a2118c50ddcc0b158786123613af1676062e2270d1637d1,9cb89005693b1b70c102178849b740fde00b50c9ba5f3b5530d0e5749ea59837,eca954c21da074c545cb7858315ea39fee0a6f54b19e06474b4f2f91f1666847,490eeb15970ef077ee050323b551cd9c3c5534c257f1febddca9af74ed1cf0a4,6031dc4ee08b61c58b35b1efd7d764739d5c7c54dc7cbe9e9a72a1e4a7098596,e2212c40566e21c680a98186ebd8e984aa80d4fd,4d4ad03b827958468b1a231e360c7ad1aa68035c25af068059838ceae6dfa6d6,7a69fb21427492956ac16a4f0657ee843cdef3db07eff5a24421b9f9b4267e2c,main_SHARED_QUERY_123_selected,a033d1483c42c3a34229a4670ecefb6eaee35f3bbd13ee3cc8b179343d3df733,development_holdout,P1,2017-02-06,993,914.9494203957865,1b511763e8cc5aae153d8fb8acba3f8b7911ddfe8b229309091a5ef7d72e340f
new_p3_training,True,tuned,SHARED_QUERY,123,main,3cfd389bbd05ec9201a41c0892e29bf8199198d1b216b9a8061370d4240aa583,bd1488a2d411295d7a2118c50ddcc0b158786123613af1676062e2270d1637d1,9cb89005693b1b70c102178849b740fde00b50c9ba5f3b5530d0e5749ea59837,eca954c21da074c545cb7858315ea39fee0a6f54b19e06474b4f2f91f1666847,490eeb15970ef077ee050323b551cd9c3c5534c257f1febddca9af74ed1cf0a4,6031dc4ee08b61c58b35b1efd7d764739d5c7c54dc7cbe9e9a72a1e4a7098596,e2212c40566e21c680a98186ebd8e984aa80d4fd,4d4ad03b827958468b1a231e360c7ad1aa68035c25af068059838ceae6dfa6d6,7a69fb21427492956ac16a4f0657ee843cdef3db07eff5a24421b9f9b4267e2c,main_SHARED_QUERY_123_selected,a033d1483c42c3a34229a4670ecefb6eaee35f3bbd13ee3cc8b179343d3df733,development_holdout,P1,2017-02-07,995,904.5855985724833,2ff8ab76273a2f3d2e577172febebbe91fdc4f4e339a32a4034739b01287e406
new_p3_training,True,tuned,SHARED_QUERY,123,main,3cfd389bbd05ec9201a41c0892e29bf8199198d1b216b9a8061370d4240aa583,bd1488a2d411295d7a2118c50ddcc0b158786123613af1676062e2270d1637d1,9cb89005693b1b70c102178849b740fde00b50c9ba5f3b5530d0e5749ea59837,eca954c21da074c545cb7858315ea39fee0a6f54b19e06474b4f2f91f1666847,490eeb15970ef077ee050323b551cd9c3c5534c257f1febddca9af74ed1cf0a4,6031dc4ee08b61c58b35b1efd7d764739d5c7c54dc7cbe9e9a72a1e4a7098596,e2212c40566e21c680a98186ebd8e984aa80d4fd,4d4ad03b827958468b1a231e360c7ad1aa68035c25af068059838ceae6dfa6d6,7a69fb21427492956ac16a4f0657ee843cdef3db07eff5a24421b9f9b4267e2c,main_SHARED_QUERY_123_selected,a033d1483c42c3a34229a4670ecefb6eaee35f3bbd13ee3cc8b179343d3df733,development_holdout,P1,2017-02-08,990,959.0467595123068,6ba43cafb9464859a73a0a627e083d6eb5cea21412550793f5a68eb558d16fce
new_p3_training,True,tuned,SHARED_QUERY,123,main,3cfd389bbd05ec9201a41c0892e29bf8199198d1b216b9a8061370d4240aa583,bd1488a2d411295d7a2118c50ddcc0b158786123613af1676062e2270d1637d1,9cb89005693b1b70c102178849b740fde00b50c9ba5f3b5530d0e5749ea59837,eca954c21da074c545cb7858315ea39fee0a6f54b19e06474b4f2f91f1666847,490eeb15970ef077ee050323b551cd9c3c5534c257f1febddca9af74ed1cf0a4,6031dc4ee08b61c58b35b1efd7d764739d5c7c54dc7cbe9e9a72a1e4a7098596,e2212c40566e21c680a98186ebd8e984aa80d4fd,4d4ad03b827958468b1a231e360c7ad1aa68035c25af068059838ceae6dfa6d6,7a69fb21427492956ac16a4f0657ee843cdef3db07eff5a24421b9f9b4267e2c,main_SHARED_QUERY_123_selected,a033d1483c42c3a34229a4670ecefb6eaee35f3bbd13ee3cc8b179343d3df733,development_holdout,P1,2017-02-09,979,910.9851168432945,04f1f5b8b59aab065896f85cfddd89f2d79feb0c7c75c2b77a1f86a9bd97e69f
new_p3_training,True,tuned,SHARED_QUERY,123,main,3cfd389bbd05ec9201a41c0892e29bf8199198d1b216b9a8061370d4240aa583,bd1488a2d411295d7a2118c50ddcc0b158786123613af1676062e2270d1637d1,9cb89005693b1b70c102178849b740fde00b50c9ba5f3b5530d0e5749ea59837,eca954c21da074c545cb7858315ea39fee0a6f54b19e06474b4f2f91f1666847,490eeb15970ef077ee050323b551cd9c3c5534c257f1febddca9af74ed1cf0a4,6031dc4ee08b61c58b35b1efd7d764739d5c7c54dc7cbe9e9a72a1e4a7098596,e2212c40566e21c680a98186ebd8e984aa80d4fd,4d4ad03b827958468b1a231e360c7ad1aa68035c25af068059838ceae6dfa6d6,7a69fb21427492956ac16a4f0657ee843cdef3db07eff5a24421b9f9b4267e2c,main_SHARED_QUERY_123_selected,a033d1483c42c3a34229a4670ecefb6eaee35f3bbd13ee3cc8b179343d3df733,development_holdout,P1,2017-02-10,977,858.7223644057103,9b227dda92390bdc47a80ccdb86ab19d36e39554733562c5c826f314599f5815
new_p3_training,True,tuned,SHARED_QUERY,123,main,3cfd389bbd05ec9201a41c0892e29bf8199198d1b216b9a8061370d4240aa583,bd1488a2d411295d7a2118c50ddcc0b158786123613af1676062e2270d1637d1,9cb89005693b1b70c102178849b740fde00b50c9ba5f3b5530d0e5749ea59837,eca954c21da074c545cb7858315ea39fee0a6f54b19e06474b4f2f91f1666847,490eeb15970ef077ee050323b551cd9c3c5534c257f1febddca9af74ed1cf0a4,6031dc4ee08b61c58b35b1efd7d764739d5c7c54dc7cbe9e9a72a1e4a7098596,e2212c40566e21c680a98186ebd8e984aa80d4fd,4d4ad03b827958468b1a231e360c7ad1aa68035c25af068059838ceae6dfa6d6,7a69fb21427492956ac16a4f0657ee843cdef3db07eff5a24421b9f9b4267e2c,main_SHARED_QUERY_123_selected,a033d1483c42c3a34229a4670ecefb6eaee35f3bbd13ee3cc8b179343d3df733,development_holdout,P1,2017-02-13,992,823.7276567955712,0e7b9f60456d028baea7f7cedb7dc8de990c53ded7853435e8b8dec5ed870a44
new_p3_training,True,tuned,SHARED_QUERY,123,main,3cfd389bbd05ec9201a41c0892e29bf8199198d1b216b9a8061370d4240aa583,bd1488a2d411295d7a2118c50ddcc0b158786123613af1676062e2270d1637d1,9cb89005693b1b70c102178849b740fde00b50c9ba5f3b5530d0e5749ea59837,eca954c21da074c545cb7858315ea39fee0a6f54b19e06474b4f2f91f1666847,490eeb15970ef077ee050323b551cd9c3c5534c257f1febddca9af74ed1cf0a4,6031dc4ee08b61c58b35b1efd7d764739d5c7c54dc7cbe9e9a72a1e4a7098596,e2212c40566e21c680a98186ebd8e984aa80d4fd,4d4ad03b827958468b1a231e360c7ad1aa68035c25af068059838ceae6dfa6d6,7a69fb21427492956ac16a4f0657ee843cdef3db07eff5a24421b9f9b4267e2c,main_SHARED_QUERY_123_selected,a033d1483c42c3a34229a4670ecefb6eaee35f3bbd13ee3cc8b179343d3df733,development_holdout,P1,2017-02-14,990,843.5564505217394,835cf8bd994ce4cf85a95c763ded3b315cd2ee2caf1966910c7084e4735f2507
new_p3_training,True,tuned,SHARED_QUERY,123,main,3cfd389bbd05ec9201a41c0892e29bf8199198d1b216b9a8061370d4240aa583,bd1488a2d411295d7a2118c50ddcc0b158786123613af1676062e2270d1637d1,9cb89005693b1b70c102178849b740fde00b50c9ba5f3b5530d0e5749ea59837,eca954c21da074c545cb7858315ea39fee0a6f54b19e06474b4f2f91f1666847,490eeb15970ef077ee050323b551cd9c3c5534c257f1febddca9af74ed1cf0a4,6031dc4ee08b61c58b35b1efd7d764739d5c7c54dc7cbe9e9a72a1e4a7098596,e2212c40566e21c680a98186ebd8e984aa80d4fd,4d4ad03b827958468b1a231e360c7ad1aa68035c25af068059838ceae6dfa6d6,7a69fb21427492956ac16a4f0657ee843cdef3db07eff5a24421b9f9b4267e2c,main_SHARED_QUERY_123_selected,a033d1483c42c3a34229a4670ecefb6eaee35f3bbd13ee3cc8b179343d3df733,development_holdout,P1,2017-02-15,990,948.2912124568534,9acb38c9aebcbed80568501ecd01206008682826230bd022044ce18ddc7508a6
new_p3_training,True,tuned,SHARED_QUERY,123,main,3cfd389bbd05ec9201a41c0892e29bf8199198d1b216b9a8061370d4240aa583,bd1488a2d411295d7a2118c50ddcc0b158786123613af1676062e2270d1637d1,9cb89005693b1b70c102178849b740fde00b50c9ba5f3b5530d0e5749ea59837,eca954c21da074c545cb7858315ea39fee0a6f54b19e06474b4f2f91f1666847,490eeb15970ef077ee050323b551cd9c3c5534c257f1febddca9af74ed1cf0a4,6031dc4ee08b61c58b35b1efd7d764739d5c7c54dc7cbe9e9a72a1e4a7098596,e2212c40566e21c680a98186ebd8e984aa80d4fd,4d4ad03b827958468b1a231e360c7ad1aa68035c25af068059838ceae6dfa6d6,7a69fb21427492956ac16a4f0657ee843cdef3db07eff5a24421b9f9b4267e2c,main_SHARED_QUERY_123_selected,a033d1483c42c3a34229a4670ecefb6eaee35f3bbd13ee3cc8b179343d3df733,development_holdout,P1,2017-02-16,986,933.7127121764192,e797dbf7ab1fde10eb057e4d5ac50b67e6fed72a5d680319cbb2b5b19dbeae63
new_p3_training,True,tuned,SHARED_QUERY,123,main,3cfd389bbd05ec9201a41c0892e29bf8199198d1b216b9a8061370d4240aa583,bd1488a2d411295d7a2118c50ddcc0b158786123613af1676062e2270d1637d1,9cb89005693b1b70c102178849b740fde00b50c9ba5f3b5530d0e5749ea59837,eca954c21da074c545cb7858315ea39fee0a6f54b19e06474b4f2f91f1666847,490eeb15970ef077ee050323b551cd9c3c5534c257f1febddca9af74ed1cf0a4,6031dc4ee08b61c58b35b1efd7d764739d5c7c54dc7cbe9e9a72a1e4a7098596,e2212c40566e21c680a98186ebd8e984aa80d4fd,4d4ad03b827958468b1a231e360c7ad1aa68035c25af068059838ceae6dfa6d6,7a69fb21427492956ac16a4f0657ee843cdef3db07eff5a24421b9f9b4267e2c,main_SHARED_QUERY_123_selected,a033d1483c42c3a34229a4670ecefb6eaee35f3bbd13ee3cc8b179343d3df733,development_holdout,P1,2017-02-17,991,869.1539016310621,fa8e53717dd09b652a65e151abb34b130de70f7c8e8984f4913f8ee735c357e9
new_p3_training,True,tuned,SHARED_QUERY,123,main,3cfd389bbd05ec9201a41c0892e29bf8199198d1b216b9a8061370d4240aa583,bd1488a2d411295d7a2118c50ddcc0b158786123613af1676062e2270d1637d1,9cb89005693b1b70c102178849b740fde00b50c9ba5f3b5530d0e5749ea59837,eca954c21da074c545cb7858315ea39fee0a6f54b19e06474b4f2f91f1666847,490eeb15970ef077ee050323b551cd9c3c5534c257f1febddca9af74ed1cf0a4,6031dc4ee08b61c58b35b1efd7d764739d5c7c54dc7cbe9e9a72a1e4a7098596,e2212c40566e21c680a98186ebd8e984aa80d4fd,4d4ad03b827958468b1a231e360c7ad1aa68035c25af068059838ceae6dfa6d6,7a69fb21427492956ac16a4f0657ee843cdef3db07eff5a24421b9f9b4267e2c,main_SHARED_QUERY_123_selected,a033d1483c42c3a34229a4670ecefb6eaee35f3bbd13ee3cc8b179343d3df733,development_holdout,P1,2017-02-20,976,836.9085072993594,ab941e6dc011a12c179deb51985aae32c493e662d5fad49fb24a9858a54141a6
new_p3_training,True,tuned,SHARED_QUERY,123,main,3cfd389bbd05ec9201a41c0892e29bf8199198d1b216b9a8061370d4240aa583,bd1488a2d411295d7a2118c50ddcc0b158786123613af1676062e2270d1637d1,9cb89005693b1b70c102178849b740fde00b50c9ba5f3b5530d0e5749ea59837,eca954c21da074c545cb7858315ea39fee0a6f54b19e06474b4f2f91f1666847,490eeb15970ef077ee050323b551cd9c3c5534c257f1febddca9af74ed1cf0a4,6031dc4ee08b61c58b35b1efd7d764739d5c7c54dc7cbe9e9a72a1e4a7098596,e2212c40566e21c680a98186ebd8e984aa80d4fd,4d4ad03b827958468b1a231e360c7ad1aa68035c25af068059838ceae6dfa6d6,7a69fb21427492956ac16a4f0657ee843cdef3db07eff5a24421b9f9b4267e2c,main_SHARED_QUERY_123_selected,a033d1483c42c3a34229a4670ecefb6eaee35f3bbd13ee3cc8b179343d3df733,development_holdout,P1,2017-02-21,983,898.3450991897355,3ec26711b7c813ac3a8e57ca848ca793b035e2181c725867fc0eef421e545eb7
new_p3_training,True,tuned,SHARED_QUERY,123,main,3cfd389bbd05ec9201a41c0892e29bf8199198d1b216b9a8061370d4240aa583,bd1488a2d411295d7a2118c50ddcc0b158786123613af1676062e2270d1637d1,9cb89005693b1b70c102178849b740fde00b50c9ba5f3b5530d0e5749ea59837,eca954c21da074c545cb7858315ea39fee0a6f54b19e06474b4f2f91f1666847,490eeb15970ef077ee050323b551cd9c3c5534c257f1febddca9af74ed1cf0a4,6031dc4ee08b61c58b35b1efd7d764739d5c7c54dc7cbe9e9a72a1e4a7098596,e2212c40566e21c680a98186ebd8e984aa80d4fd,4d4ad03b827958468b1a231e360c7ad1aa68035c25af068059838ceae6dfa6d6,7a69fb21427492956ac16a4f0657ee843cdef3db07eff5a24421b9f9b4267e2c,main_SHARED_QUERY_123_selected,a033d1483c42c3a34229a4670ecefb6eaee35f3bbd13ee3cc8b179343d3df733,development_holdout,P1,2017-02-22,982,871.3150847492901,7855d2059c6bb9c15bf6cafc6bff1c643418583585bca1050e440686681b7391
new_p3_training,True,tuned,SHARED_QUERY,123,main,3cfd389bbd05ec9201a41c0892e29bf8199198d1b216b9a8061370d4240aa583,bd1488a2d411295d7a2118c50ddcc0b158786123613af1676062e2270d1637d1,9cb89005693b1b70c102178849b740fde00b50c9ba5f3b5530d0e5749ea59837,eca954c21da074c545cb7858315ea39fee0a6f54b19e06474b4f2f91f1666847,490eeb15970ef077ee050323b551cd9c3c5534c257f1febddca9af74ed1cf0a4,6031dc4ee08b61c58b35b1efd7d764739d5c7c54dc7cbe9e9a72a1e4a7098596,e2212c40566e21c680a98186ebd8e984aa80d4fd,4d4ad03b827958468b1a231e360c7ad1aa68035c25af068059838ceae6dfa6d6,7a69fb21427492956ac16a4f0657ee843cdef3db07eff5a24421b9f9b4267e2c,main_SHARED_QUERY_123_selected,a033d1483c42c3a34229a4670ecefb6eaee35f3bbd13ee3cc8b179343d3df733,development_holdout,P1,2017-02-23,989,910.806569804439,7efa4c408452c1782ff71f791156ee5fcd1f262a963e7b9d3c8bdb49bb730817
new_p3_training,True,tuned,SHARED_QUERY,123,main,3cfd389bbd05ec9201a41c0892e29bf8199198d1b216b9a8061370d4240aa583,bd1488a2d411295d7a2118c50ddcc0b158786123613af1676062e2270d1637d1,9cb89005693b1b70c102178849b740fde00b50c9ba5f3b5530d0e5749ea59837,eca954c21da074c545cb7858315ea39fee0a6f54b19e06474b4f2f91f1666847,490eeb15970ef077ee050323b551cd9c3c5534c257f1febddca9af74ed1cf0a4,6031dc4ee08b61c58b35b1efd7d764739d5c7c54dc7cbe9e9a72a1e4a7098596,e2212c40566e21c680a98186ebd8e984aa80d4fd,4d4ad03b827958468b1a231e360c7ad1aa68035c25af068059838ceae6dfa6d6,7a69fb21427492956ac16a4f0657ee843cdef3db07eff5a24421b9f9b4267e2c,main_SHARED_QUERY_123_selected,a033d1483c42c3a34229a4670ecefb6eaee35f3bbd13ee3cc8b179343d3df733,development_holdout,P1,2017-02-24,992,945.4119683280935,a2cee71302f6e4427084a7146d06560ac347d266bcfaae67c8bdc61d989b94aa
new_p3_training,True,tuned,SHARED_QUERY,123,main,3cfd389bbd05ec9201a41c0892e29bf8199198d1b216b9a8061370d4240aa583,bd1488a2d411295d7a2118c50ddcc0b158786123613af1676062e2270d1637d1,9cb89005693b1b70c102178849b740fde00b50c9ba5f3b5530d0e5749ea59837,eca954c21da074c545cb7858315ea39fee0a6f54b19e06474b4f2f91f1666847,490eeb15970ef077ee050323b551cd9c3c5534c257f1febddca9af74ed1cf0a4,6031dc4ee08b61c58b35b1efd7d764739d5c7c54dc7cbe9e9a72a1e4a7098596,e2212c40566e21c680a98186ebd8e984aa80d4fd,4d4ad03b827958468b1a231e360c7ad1aa68035c25af068059838ceae6dfa6d6,7a69fb21427492956ac16a4f0657ee843cdef3db07eff5a24421b9f9b4267e2c,main_SHARED_QUERY_123_selected,a033d1483c42c3a34229a4670ecefb6eaee35f3bbd13ee3cc8b179343d3df733,development_holdout,P1,2017-02-27,983,895.2014895237437,c3358520f183ea456e87a6490775a1e9eaaff33e794cd9dd62fcea432b8eac48
new_p3_training,True,tuned,SHARED_QUERY,123,main,3cfd389bbd05ec9201a41c0892e29bf8199198d1b216b9a8061370d4240aa583,bd1488a2d411295d7a2118c50ddcc0b158786123613af1676062e2270d1637d1,9cb89005693b1b70c102178849b740fde00b50c9ba5f3b5530d0e5749ea59837,eca954c21da074c545cb7858315ea39fee0a6f54b19e06474b4f2f91f1666847,490eeb15970ef077ee050323b551cd9c3c5534c257f1febddca9af74ed1cf0a4,6031dc4ee08b61c58b35b1efd7d764739d5c7c54dc7cbe9e9a72a1e4a7098596,e2212c40566e21c680a98186ebd8e984aa80d4fd,4d4ad03b827958468b1a231e360c7ad1aa68035c25af068059838ceae6dfa6d6,7a69fb21427492956ac16a4f0657ee843cdef3db07eff5a24421b9f9b4267e2c,main_SHARED_QUERY_123_selected,a033d1483c42c3a34229a4670ecefb6eaee35f3bbd13ee3cc8b179343d3df733,development_holdout,P1,2017-02-28,999,846.4675747316112,15540acfbf1b577157c2ddf0622c2890b52827df774f5029cabf74844fef713c
new_p3_training,True,tuned,SHARED_QUERY,123,main,3cfd389bbd05ec9201a41c0892e29bf8199198d1b216b9a8061370d4240aa583,bd1488a2d411295d7a2118c50ddcc0b158786123613af1676062e2270d1637d1,9cb89005693b1b70c102178849b740fde00b50c9ba5f3b5530d0e5749ea59837,eca954c21da074c545cb7858315ea39fee0a6f54b19e06474b4f2f91f1666847,490eeb15970ef077ee050323b551cd9c3c5534c257f1febddca9af74ed1cf0a4,6031dc4ee08b61c58b35b1efd7d764739d5c7c54dc7cbe9e9a72a1e4a7098596,e2212c40566e21c680a98186ebd8e984aa80d4fd,4d4ad03b827958468b1a231e360c7ad1aa68035c25af068059838ceae6dfa6d6,7a69fb21427492956ac16a4f0657ee843cdef3db07eff5a24421b9f9b4267e2c,main_SHARED_QUERY_123_selected,a033d1483c42c3a34229a4670ecefb6eaee35f3bbd13ee3cc8b179343d3df733,development_holdout,P1,2017-03-02,999,951.8791029628503,ac947b48b14b33b71a6f3792c1e28092ee0b4d12bbfe05817dbbfe0ac9ed6718
new_p3_training,True,tuned,SHARED_QUERY,123,main,3cfd389bbd05ec9201a41c0892e29bf8199198d1b216b9a8061370d4240aa583,bd1488a2d411295d7a2118c50ddcc0b158786123613af1676062e2270d1637d1,9cb89005693b1b70c102178849b740fde00b50c9ba5f3b5530d0e5749ea59837,eca954c21da074c545cb7858315ea39fee0a6f54b19e06474b4f2f91f1666847,490eeb15970ef077ee050323b551cd9c3c5534c257f1febddca9af74ed1cf0a4,6031dc4ee08b61c58b35b1efd7d764739d5c7c54dc7cbe9e9a72a1e4a7098596,e2212c40566e21c680a98186ebd8e984aa80d4fd,4d4ad03b827958468b1a231e360c7ad1aa68035c25af068059838ceae6dfa6d6,7a69fb21427492956ac16a4f0657ee843cdef3db07eff5a24421b9f9b4267e2c,main_SHARED_QUERY_123_selected,a033d1483c42c3a34229a4670ecefb6eaee35f3bbd13ee3cc8b179343d3df733,development_holdout,P1,2017-03-03,991,992.9535233065212,d080b2f7ebffa1867faff26102735f7f04c2f4dbc9f7e828eb1b96d06c3f8bb1
new_p3_training,True,tuned,SHARED_QUERY,123,main,3cfd389bbd05ec9201a41c0892e29bf8199198d1b216b9a8061370d4240aa583,bd1488a2d411295d7a2118c50ddcc0b158786123613af1676062e2270d1637d1,9cb89005693b1b70c102178849b740fde00b50c9ba5f3b5530d0e5749ea59837,eca954c21da074c545cb7858315ea39fee0a6f54b19e06474b4f2f91f1666847,490eeb15970ef077ee050323b551cd9c3c5534c257f1febddca9af74ed1cf0a4,6031dc4ee08b61c58b35b1efd7d764739d5c7c54dc7cbe9e9a72a1e4a7098596,e2212c40566e21c680a98186ebd8e984aa80d4fd,4d4ad03b827958468b1a231e360c7ad1aa68035c25af068059838ceae6dfa6d6,7a69fb21427492956ac16a4f0657ee843cdef3db07eff5a24421b9f9b4267e2c,main_SHARED_QUERY_123_selected,a033d1483c42c3a34229a4670ecefb6eaee35f3bbd13ee3cc8b179343d3df733,development_holdout,P1,2017-03-06,991,955.1608850740869,0ec015e03b062c054b1098a43ee9765abf7994291128b49373dc0c002da3340a
new_p3_training,True,tuned,SHARED_QUERY,123,main,3cfd389bbd05ec9201a41c0892e29bf8199198d1b216b9a8061370d4240aa583,bd1488a2d411295d7a2118c50ddcc0b158786123613af1676062e2270d1637d1,9cb89005693b1b70c102178849b740fde00b50c9ba5f3b5530d0e5749ea59837,eca954c21da074c545cb7858315ea39fee0a6f54b19e06474b4f2f91f1666847,490eeb15970ef077ee050323b551cd9c3c5534c257f1febddca9af74ed1cf0a4,6031dc4ee08b61c58b35b1efd7d764739d5c7c54dc7cbe9e9a72a1e4a7098596,e2212c40566e21c680a98186ebd8e984aa80d4fd,4d4ad03b827958468b1a231e360c7ad1aa68035c25af068059838ceae6dfa6d6,7a69fb21427492956ac16a4f0657ee843cdef3db07eff5a24421b9f9b4267e2c,main_SHARED_QUERY_123_selected,a033d1483c42c3a34229a4670ecefb6eaee35f3bbd13ee3cc8b179343d3df733,development_holdout,P1,2017-03-07,992,872.7081944084471,3707fabde40dbc1e75661aa29e7b548ec7af579b9f6d61ae67589556b0557192
new_p3_training,True,tuned,SHARED_QUERY,123,main,3cfd389bbd05ec9201a41c0892e29bf8199198d1b216b9a8061370d4240aa583,bd1488a2d411295d7a2118c50ddcc0b158786123613af1676062e2270d1637d1,9cb89005693b1b70c102178849b740fde00b50c9ba5f3b5530d0e5749ea59837,eca954c21da074c545cb7858315ea39fee0a6f54b19e06474b4f2f91f1666847,490eeb15970ef077ee050323b551cd9c3c5534c257f1febddca9af74ed1cf0a4,6031dc4ee08b61c58b35b1efd7d764739d5c7c54dc7cbe9e9a72a1e4a7098596,e2212c40566e21c680a98186ebd8e984aa80d4fd,4d4ad03b827958468b1a231e360c7ad1aa68035c25af068059838ceae6dfa6d6,7a69fb21427492956ac16a4f0657ee843cdef3db07eff5a24421b9f9b4267e2c,main_SHARED_QUERY_123_selected,a033d1483c42c3a34229a4670ecefb6eaee35f3bbd13ee3cc8b179343d3df733,development_holdout,P1,2017-03-08,991,927.8061601195838,3f6eb1bcabb6295df873f46aaa8ce7412f270f410fa221cfd718a2999d0cd8c0
new_p3_training,True,tuned,SHARED_QUERY,123,main,3cfd389bbd05ec9201a41c0892e29bf8199198d1b216b9a8061370d4240aa583,bd1488a2d411295d7a2118c50ddcc0b158786123613af1676062e2270d1637d1,9cb89005693b1b70c102178849b740fde00b50c9ba5f3b5530d0e5749ea59837,eca954c21da074c545cb7858315ea39fee0a6f54b19e06474b4f2f91f1666847,490eeb15970ef077ee050323b551cd9c3c5534c257f1febddca9af74ed1cf0a4,6031dc4ee08b61c58b35b1efd7d764739d5c7c54dc7cbe9e9a72a1e4a7098596,e2212c40566e21c680a98186ebd8e984aa80d4fd,4d4ad03b827958468b1a231e360c7ad1aa68035c25af068059838ceae6dfa6d6,7a69fb21427492956ac16a4f0657ee843cdef3db07eff5a24421b9f9b4267e2c,main_SHARED_QUERY_123_selected,a033d1483c42c3a34229a4670ecefb6eaee35f3bbd13ee3cc8b179343d3df733,development_holdout,P1,2017-03-09,993,908.1483871652235,b05fa6831c49c9d6bdb8ae546d8a79dbe869079b20e06710a46979c2cb83dc77
new_p3_training,True,tuned,SHARED_QUERY,123,main,3cfd389bbd05ec9201a41c0892e29bf8199198d1b216b9a8061370d4240aa583,bd1488a2d411295d7a2118c50ddcc0b158786123613af1676062e2270d1637d1,9cb89005693b1b70c102178849b740fde00b50c9ba5f3b5530d0e5749ea59837,eca954c21da074c545cb7858315ea39fee0a6f54b19e06474b4f2f91f1666847,490eeb15970ef077ee050323b551cd9c3c5534c257f1febddca9af74ed1cf0a4,6031dc4ee08b61c58b35b1efd7d764739d5c7c54dc7cbe9e9a72a1e4a7098596,e2212c40566e21c680a98186ebd8e984aa80d4fd,4d4ad03b827958468b1a231e360c7ad1aa68035c25af068059838ceae6dfa6d6,7a69fb21427492956ac16a4f0657ee843cdef3db07eff5a24421b9f9b4267e2c,main_SHARED_QUERY_123_selected,a033d1483c42c3a34229a4670ecefb6eaee35f3bbd13ee3cc8b179343d3df733,development_holdout,P1,2017-03-10,988,992.5870150432867,66a40fbb7cf57fceaef1004969177d4456120457e8d6e4f7835265efdfef0108
new_p3_training,True,tuned,SHARED_QUERY,123,main,3cfd389bbd05ec9201a41c0892e29bf8199198d1b216b9a8061370d4240aa583,bd1488a2d411295d7a2118c50ddcc0b158786123613af1676062e2270d1637d1,9cb89005693b1b70c102178849b740fde00b50c9ba5f3b5530d0e5749ea59837,eca954c21da074c545cb7858315ea39fee0a6f54b19e06474b4f2f91f1666847,490eeb15970ef077ee050323b551cd9c3c5534c257f1febddca9af74ed1cf0a4,6031dc4ee08b61c58b35b1efd7d764739d5c7c54dc7cbe9e9a72a1e4a7098596,e2212c40566e21c680a98186ebd8e984aa80d4fd,4d4ad03b827958468b1a231e360c7ad1aa68035c25af068059838ceae6dfa6d6,7a69fb21427492956ac16a4f0657ee843cdef3db07eff5a24421b9f9b4267e2c,main_SHARED_QUERY_123_selected,a033d1483c42c3a34229a4670ecefb6eaee35f3bbd13ee3cc8b179343d3df733,development_holdout,P1,2017-03-13,977,897.4942772473485,8d39946214dcf2111ebc286f394631f094275cef118d4fc712bb49ef5ec3281e
new_p3_training,True,tuned,SHARED_QUERY,123,main,3cfd389bbd05ec9201a41c0892e29bf8199198d1b216b9a8061370d4240aa583,bd1488a2d411295d7a2118c50ddcc0b158786123613af1676062e2270d1637d1,9cb89005693b1b70c102178849b740fde00b50c9ba5f3b5530d0e5749ea59837,eca954c21da074c545cb7858315ea39fee0a6f54b19e06474b4f2f91f1666847,490eeb15970ef077ee050323b551cd9c3c5534c257f1febddca9af74ed1cf0a4,6031dc4ee08b61c58b35b1efd7d764739d5c7c54dc7cbe9e9a72a1e4a7098596,e2212c40566e21c680a98186ebd8e984aa80d4fd,4d4ad03b827958468b1a231e360c7ad1aa68035c25af068059838ceae6dfa6d6,7a69fb21427492956ac16a4f0657ee843cdef3db07eff5a24421b9f9b4267e2c,main_SHARED_QUERY_123_selected,a033d1483c42c3a34229a4670ecefb6eaee35f3bbd13ee3cc8b179343d3df733,development_holdout,P1,2017-03-14,967,896.6699504287549,a9c5f656b9b974f5a9b5ea77b17e0cfeec3d1a9928e8f9af07ae4446cbaba0bd
new_p3_training,True,tuned,SHARED_QUERY,123,main,3cfd389bbd05ec9201a41c0892e29bf8199198d1b216b9a8061370d4240aa583,bd1488a2d411295d7a2118c50ddcc0b158786123613af1676062e2270d1637d1,9cb89005693b1b70c102178849b740fde00b50c9ba5f3b5530d0e5749ea59837,eca954c21da074c545cb7858315ea39fee0a6f54b19e06474b4f2f91f1666847,490eeb15970ef077ee050323b551cd9c3c5534c257f1febddca9af74ed1cf0a4,6031dc4ee08b61c58b35b1efd7d764739d5c7c54dc7cbe9e9a72a1e4a7098596,e2212c40566e21c680a98186ebd8e984aa80d4fd,4d4ad03b827958468b1a231e360c7ad1aa68035c25af068059838ceae6dfa6d6,7a69fb21427492956ac16a4f0657ee843cdef3db07eff5a24421b9f9b4267e2c,main_SHARED_QUERY_123_selected,a033d1483c42c3a34229a4670ecefb6eaee35f3bbd13ee3cc8b179343d3df733,development_holdout,P1,2017-03-15,992,927.9664712977876,5b0b00a1439bab0b566f85d2591f3ac64eca38d6aec86aceab66bdae8e038f11
new_p3_training,True,tuned,SHARED_QUERY,123,main,3cfd389bbd05ec9201a41c0892e29bf8199198d1b216b9a8061370d4240aa583,bd1488a2d411295d7a2118c50ddcc0b158786123613af1676062e2270d1637d1,9cb89005693b1b70c102178849b740fde00b50c9ba5f3b5530d0e5749ea59837,eca954c21da074c545cb7858315ea39fee0a6f54b19e06474b4f2f91f1666847,490eeb15970ef077ee050323b551cd9c3c5534c257f1febddca9af74ed1cf0a4,6031dc4ee08b61c58b35b1efd7d764739d5c7c54dc7cbe9e9a72a1e4a7098596,e2212c40566e21c680a98186ebd8e984aa80d4fd,4d4ad03b827958468b1a231e360c7ad1aa68035c25af068059838ceae6dfa6d6,7a69fb21427492956ac16a4f0657ee843cdef3db07eff5a24421b9f9b4267e2c,main_SHARED_QUERY_123_selected,a033d1483c42c3a34229a4670ecefb6eaee35f3bbd13ee3cc8b179343d3df733,development_holdout,P1,2017-03-16,978,927.8465982706504,1a9a64b68599f891805d9c0af09b705a8bec762e7c1c5963fae3b79c35383581
new_p3_training,True,tuned,SHARED_QUERY,123,main,3cfd389bbd05ec9201a41c0892e29bf8199198d1b216b9a8061370d4240aa583,bd1488a2d411295d7a2118c50ddcc0b158786123613af1676062e2270d1637d1,9cb89005693b1b70c102178849b740fde00b50c9ba5f3b5530d0e5749ea59837,eca954c21da074c545cb7858315ea39fee0a6f54b19e06474b4f2f91f1666847,490eeb15970ef077ee050323b551cd9c3c5534c257f1febddca9af74ed1cf0a4,6031dc4ee08b61c58b35b1efd7d764739d5c7c54dc7cbe9e9a72a1e4a7098596,e2212c40566e21c680a98186ebd8e984aa80d4fd,4d4ad03b827958468b1a231e360c7ad1aa68035c25af068059838ceae6dfa6d6,7a69fb21427492956ac16a4f0657ee843cdef3db07eff5a24421b9f9b4267e2c,main_SHARED_QUERY_123_selected,a033d1483c42c3a34229a4670ecefb6eaee35f3bbd13ee3cc8b179343d3df733,development_holdout,P1,2017-03-17,983,924.8772716190404,82559c63cbd3eef1f822960ba8a7df5fc2d74c68b993a5fd09518c536f6fe569
new_p3_training,True,tuned,SHARED_QUERY,123,main,3cfd389bbd05ec9201a41c0892e29bf8199198d1b216b9a8061370d4240aa583,bd1488a2d411295d7a2118c50ddcc0b158786123613af1676062e2270d1637d1,9cb89005693b1b70c102178849b740fde00b50c9ba5f3b5530d0e5749ea59837,eca954c21da074c545cb7858315ea39fee0a6f54b19e06474b4f2f91f1666847,490eeb15970ef077ee050323b551cd9c3c5534c257f1febddca9af74ed1cf0a4,6031dc4ee08b61c58b35b1efd7d764739d5c7c54dc7cbe9e9a72a1e4a7098596,e2212c40566e21c680a98186ebd8e984aa80d4fd,4d4ad03b827958468b1a231e360c7ad1aa68035c25af068059838ceae6dfa6d6,7a69fb21427492956ac16a4f0657ee843cdef3db07eff5a24421b9f9b4267e2c,main_SHARED_QUERY_123_selected,a033d1483c42c3a34229a4670ecefb6eaee35f3bbd13ee3cc8b179343d3df733,development_holdout,P1,2017-03-20,976,864.7660442420477,5b21549dfa1d40e266549df84bf102eb71107e8e345b9e2eb383cece738cfc09
new_p3_training,True,tuned,SHARED_QUERY,123,main,3cfd389bbd05ec9201a41c0892e29bf8199198d1b216b9a8061370d4240aa583,bd1488a2d411295d7a2118c50ddcc0b158786123613af1676062e2270d1637d1,9cb89005693b1b70c102178849b740fde00b50c9ba5f3b5530d0e5749ea59837,eca954c21da074c545cb7858315ea39fee0a6f54b19e06474b4f2f91f1666847,490eeb15970ef077ee050323b551cd9c3c5534c257f1febddca9af74ed1cf0a4,6031dc4ee08b61c58b35b1efd7d764739d5c7c54dc7cbe9e9a72a1e4a7098596,e2212c40566e21c680a98186ebd8e984aa80d4fd,4d4ad03b827958468b1a231e360c7ad1aa68035c25af068059838ceae6dfa6d6,7a69fb21427492956ac16a4f0657ee843cdef3db07eff5a24421b9f9b4267e2c,main_SHARED_QUERY_123_selected,a033d1483c42c3a34229a4670ecefb6eaee35f3bbd13ee3cc8b179343d3df733,development_holdout,P1,2017-03-21,987,938.9075525048625,0fac8d0ce2c83c2a3c9a64e2ac68834885c7da3c04304136d4669dbbc6fc06a7
new_p3_training,True,tuned,SHARED_QUERY,123,main,3cfd389bbd05ec9201a41c0892e29bf8199198d1b216b9a8061370d4240aa583,bd1488a2d411295d7a2118c50ddcc0b158786123613af1676062e2270d1637d1,9cb89005693b1b70c102178849b740fde00b50c9ba5f3b5530d0e5749ea59837,eca954c21da074c545cb7858315ea39fee0a6f54b19e06474b4f2f91f1666847,490eeb15970ef077ee050323b551cd9c3c5534c257f1febddca9af74ed1cf0a4,6031dc4ee08b61c58b35b1efd7d764739d5c7c54dc7cbe9e9a72a1e4a7098596,e2212c40566e21c680a98186ebd8e984aa80d4fd,4d4ad03b827958468b1a231e360c7ad1aa68035c25af068059838ceae6dfa6d6,7a69fb21427492956ac16a4f0657ee843cdef3db07eff5a24421b9f9b4267e2c,main_SHARED_QUERY_123_selected,a033d1483c42c3a34229a4670ecefb6eaee35f3bbd13ee3cc8b179343d3df733,development_holdout,P1,2017-03-22,982,916.7727864736598,dfbe4d9fb2d6f402e2d17a46a905601352a4e7d35cff573b7174467160d133a7
new_p3_training,True,tuned,SHARED_QUERY,123,main,3cfd389bbd05ec9201a41c0892e29bf8199198d1b216b9a8061370d4240aa583,bd1488a2d411295d7a2118c50ddcc0b158786123613af1676062e2270d1637d1,9cb89005693b1b70c102178849b740fde00b50c9ba5f3b5530d0e5749ea59837,eca954c21da074c545cb7858315ea39fee0a6f54b19e06474b4f2f91f1666847,490eeb15970ef077ee050323b551cd9c3c5534c257f1febddca9af74ed1cf0a4,6031dc4ee08b61c58b35b1efd7d764739d5c7c54dc7cbe9e9a72a1e4a7098596,e2212c40566e21c680a98186ebd8e984aa80d4fd,4d4ad03b827958468b1a231e360c7ad1aa68035c25af068059838ceae6dfa6d6,7a69fb21427492956ac16a4f0657ee843cdef3db07eff5a24421b9f9b4267e2c,main_SHARED_QUERY_123_selected,a033d1483c42c3a34229a4670ecefb6eaee35f3bbd13ee3cc8b179343d3df733,development_holdout,P1,2017-03-23,983,921.3845513429537,1f792c8e0ca1c27bc76c3aaa9ec97735818e4746a27fdf4a1bb7e5460974a587
new_p3_training,True,tuned,SHARED_QUERY,123,main,3cfd389bbd05ec9201a41c0892e29bf8199198d1b216b9a8061370d4240aa583,bd1488a2d411295d7a2118c50ddcc0b158786123613af1676062e2270d1637d1,9cb89005693b1b70c102178849b740fde00b50c9ba5f3b5530d0e5749ea59837,eca954c21da074c545cb7858315ea39fee0a6f54b19e06474b4f2f91f1666847,490eeb15970ef077ee050323b551cd9c3c5534c257f1febddca9af74ed1cf0a4,6031dc4ee08b61c58b35b1efd7d764739d5c7c54dc7cbe9e9a72a1e4a7098596,e2212c40566e21c680a98186ebd8e984aa80d4fd,4d4ad03b827958468b1a231e360c7ad1aa68035c25af068059838ceae6dfa6d6,7a69fb21427492956ac16a4f0657ee843cdef3db07eff5a24421b9f9b4267e2c,main_SHARED_QUERY_123_selected,a033d1483c42c3a34229a4670ecefb6eaee35f3bbd13ee3cc8b179343d3df733,development_holdout,P1,2017-03-24,974,955.7784110678423,45a8542ff877c91673dd12621b1e8f90abff5988d41f8030a863d56bd1764dce
new_p3_training,True,tuned,SHARED_QUERY,123,main,3cfd389bbd05ec9201a41c0892e29bf8199198d1b216b9a8061370d4240aa583,bd1488a2d411295d7a2118c50ddcc0b158786123613af1676062e2270d1637d1,9cb89005693b1b70c102178849b740fde00b50c9ba5f3b5530d0e5749ea59837,eca954c21da074c545cb7858315ea39fee0a6f54b19e06474b4f2f91f1666847,490eeb15970ef077ee050323b551cd9c3c5534c257f1febddca9af74ed1cf0a4,6031dc4ee08b61c58b35b1efd7d764739d5c7c54dc7cbe9e9a72a1e4a7098596,e2212c40566e21c680a98186ebd8e984aa80d4fd,4d4ad03b827958468b1a231e360c7ad1aa68035c25af068059838ceae6dfa6d6,7a69fb21427492956ac16a4f0657ee843cdef3db07eff5a24421b9f9b4267e2c,main_SHARED_QUERY_123_selected,a033d1483c42c3a34229a4670ecefb6eaee35f3bbd13ee3cc8b179343d3df733,development_holdout,P1,2017-03-27,989,940.9523871650179,ec9b84304b9497cec0f4b6079cc8232a674a8e7608c1f725a8adc7e42276965e
new_p3_training,True,tuned,SHARED_QUERY,123,main,3cfd389bbd05ec9201a41c0892e29bf8199198d1b216b9a8061370d4240aa583,bd1488a2d411295d7a2118c50ddcc0b158786123613af1676062e2270d1637d1,9cb89005693b1b70c102178849b740fde00b50c9ba5f3b5530d0e5749ea59837,eca954c21da074c545cb7858315ea39fee0a6f54b19e06474b4f2f91f1666847,490eeb15970ef077ee050323b551cd9c3c5534c257f1febddca9af74ed1cf0a4,6031dc4ee08b61c58b35b1efd7d764739d5c7c54dc7cbe9e9a72a1e4a7098596,e2212c40566e21c680a98186ebd8e984aa80d4fd,4d4ad03b827958468b1a231e360c7ad1aa68035c25af068059838ceae6dfa6d6,7a69fb21427492956ac16a4f0657ee843cdef3db07eff5a24421b9f9b4267e2c,main_SHARED_QUERY_123_selected,a033d1483c42c3a34229a4670ecefb6eaee35f3bbd13ee3cc8b179343d3df733,development_holdout,P1,2017-03-28,987,866.8032494372696,5ee63d552bb9ac8c03068c5c04f2f072f847889b82d3b1e921e80710a3ac4eec
new_p3_training,True,tuned,SHARED_QUERY,123,main,3cfd389bbd05ec9201a41c0892e29bf8199198d1b216b9a8061370d4240aa583,bd1488a2d411295d7a2118c50ddcc0b158786123613af1676062e2270d1637d1,9cb89005693b1b70c102178849b740fde00b50c9ba5f3b5530d0e5749ea59837,eca954c21da074c545cb7858315ea39fee0a6f54b19e06474b4f2f91f1666847,490eeb15970ef077ee050323b551cd9c3c5534c257f1febddca9af74ed1cf0a4,6031dc4ee08b61c58b35b1efd7d764739d5c7c54dc7cbe9e9a72a1e4a7098596,e2212c40566e21c680a98186ebd8e984aa80d4fd,4d4ad03b827958468b1a231e360c7ad1aa68035c25af068059838ceae6dfa6d6,7a69fb21427492956ac16a4f0657ee843cdef3db07eff5a24421b9f9b4267e2c,main_SHARED_QUERY_123_selected,a033d1483c42c3a34229a4670ecefb6eaee35f3bbd13ee3cc8b179343d3df733,development_holdout,P1,2017-03-29,988,907.8822492812739,358538b65c80e943ce67c559dfbe2412c3af367a67768bc8bba38eb30728e2d7
new_p3_training,True,tuned,SHARED_QUERY,123,main,3cfd389bbd05ec9201a41c0892e29bf8199198d1b216b9a8061370d4240aa583,bd1488a2d411295d7a2118c50ddcc0b158786123613af1676062e2270d1637d1,9cb89005693b1b70c102178849b740fde00b50c9ba5f3b5530d0e5749ea59837,eca954c21da074c545cb7858315ea39fee0a6f54b19e06474b4f2f91f1666847,490eeb15970ef077ee050323b551cd9c3c5534c257f1febddca9af74ed1cf0a4,6031dc4ee08b61c58b35b1efd7d764739d5c7c54dc7cbe9e9a72a1e4a7098596,e2212c40566e21c680a98186ebd8e984aa80d4fd,4d4ad03b827958468b1a231e360c7ad1aa68035c25af068059838ceae6dfa6d6,7a69fb21427492956ac16a4f0657ee843cdef3db07eff5a24421b9f9b4267e2c,main_SHARED_QUERY_123_selected,a033d1483c42c3a34229a4670ecefb6eaee35f3bbd13ee3cc8b179343d3df733,development_holdout,P1,2017-03-30,986,866.8457571851147,ff821d00384cafe4fc23bdaee1dae292a51c23cb06d06a4bab60045217bedc1c
new_p3_training,True,tuned,SHARED_QUERY,123,main,3cfd389bbd05ec9201a41c0892e29bf8199198d1b216b9a8061370d4240aa583,bd1488a2d411295d7a2118c50ddcc0b158786123613af1676062e2270d1637d1,9cb89005693b1b70c102178849b740fde00b50c9ba5f3b5530d0e5749ea59837,eca954c21da074c545cb7858315ea39fee0a6f54b19e06474b4f2f91f1666847,490eeb15970ef077ee050323b551cd9c3c5534c257f1febddca9af74ed1cf0a4,6031dc4ee08b61c58b35b1efd7d764739d5c7c54dc7cbe9e9a72a1e4a7098596,e2212c40566e21c680a98186ebd8e984aa80d4fd,4d4ad03b827958468b1a231e360c7ad1aa68035c25af068059838ceae6dfa6d6,7a69fb21427492956ac16a4f0657ee843cdef3db07eff5a24421b9f9b4267e2c,main_SHARED_QUERY_123_selected,a033d1483c42c3a34229a4670ecefb6eaee35f3bbd13ee3cc8b179343d3df733,development_holdout,P1,2017-03-31,992,889.7574052488901,2cd035e7ec681014b844ddcb88386d901fada963c150f6a0b10929f398ea2860
new_p3_training,True,tuned,SHARED_QUERY,123,main,3cfd389bbd05ec9201a41c0892e29bf8199198d1b216b9a8061370d4240aa583,bd1488a2d411295d7a2118c50ddcc0b158786123613af1676062e2270d1637d1,9cb89005693b1b70c102178849b740fde00b50c9ba5f3b5530d0e5749ea59837,eca954c21da074c545cb7858315ea39fee0a6f54b19e06474b4f2f91f1666847,490eeb15970ef077ee050323b551cd9c3c5534c257f1febddca9af74ed1cf0a4,6031dc4ee08b61c58b35b1efd7d764739d5c7c54dc7cbe9e9a72a1e4a7098596,e2212c40566e21c680a98186ebd8e984aa80d4fd,4d4ad03b827958468b1a231e360c7ad1aa68035c25af068059838ceae6dfa6d6,7a69fb21427492956ac16a4f0657ee843cdef3db07eff5a24421b9f9b4267e2c,main_SHARED_QUERY_123_selected,a033d1483c42c3a34229a4670ecefb6eaee35f3bbd13ee3cc8b179343d3df733,development_holdout,P1,2017-04-03,970,894.9173404417269,d688578e10c43ad28c12251254a4d8267ec435716358fbcfa688e05aad9e4d4d
new_p3_training,True,tuned,SHARED_QUERY,123,main,3cfd389bbd05ec9201a41c0892e29bf8199198d1b216b9a8061370d4240aa583,bd1488a2d411295d7a2118c50ddcc0b158786123613af1676062e2270d1637d1,9cb89005693b1b70c102178849b740fde00b50c9ba5f3b5530d0e5749ea59837,eca954c21da074c545cb7858315ea39fee0a6f54b19e06474b4f2f91f1666847,490eeb15970ef077ee050323b551cd9c3c5534c257f1febddca9af74ed1cf0a4,6031dc4ee08b61c58b35b1efd7d764739d5c7c54dc7cbe9e9a72a1e4a7098596,e2212c40566e21c680a98186ebd8e984aa80d4fd,4d4ad03b827958468b1a231e360c7ad1aa68035c25af068059838ceae6dfa6d6,7a69fb21427492956ac16a4f0657ee843cdef3db07eff5a24421b9f9b4267e2c,main_SHARED_QUERY_123_selected,a033d1483c42c3a34229a4670ecefb6eaee35f3bbd13ee3cc8b179343d3df733,development_holdout,P1,2017-04-04,973,879.6021702240278,72968252d2f38a46fed338ab6a0a0d1fb4e377ae7d1d30043393dfea26b993a5
new_p3_training,True,tuned,SHARED_QUERY,123,main,3cfd389bbd05ec9201a41c0892e29bf8199198d1b216b9a8061370d4240aa583,bd1488a2d411295d7a2118c50ddcc0b158786123613af1676062e2270d1637d1,9cb89005693b1b70c102178849b740fde00b50c9ba5f3b5530d0e5749ea59837,eca954c21da074c545cb7858315ea39fee0a6f54b19e06474b4f2f91f1666847,490eeb15970ef077ee050323b551cd9c3c5534c257f1febddca9af74ed1cf0a4,6031dc4ee08b61c58b35b1efd7d764739d5c7c54dc7cbe9e9a72a1e4a7098596,e2212c40566e21c680a98186ebd8e984aa80d4fd,4d4ad03b827958468b1a231e360c7ad1aa68035c25af068059838ceae6dfa6d6,7a69fb21427492956ac16a4f0657ee843cdef3db07eff5a24421b9f9b4267e2c,main_SHARED_QUERY_123_selected,a033d1483c42c3a34229a4670ecefb6eaee35f3bbd13ee3cc8b179343d3df733,development_holdout,P1,2017-04-05,977,954.909071014335,e8b5e55a76d221ad3b4ec2e33f006ce59cce8815b23c9425a20f1be4497c4a11
new_p3_training,True,tuned,SHARED_QUERY,123,main,3cfd389bbd05ec9201a41c0892e29bf8199198d1b216b9a8061370d4240aa583,bd1488a2d411295d7a2118c50ddcc0b158786123613af1676062e2270d1637d1,9cb89005693b1b70c102178849b740fde00b50c9ba5f3b5530d0e5749ea59837,eca954c21da074c545cb7858315ea39fee0a6f54b19e06474b4f2f91f1666847,490eeb15970ef077ee050323b551cd9c3c5534c257f1febddca9af74ed1cf0a4,6031dc4ee08b61c58b35b1efd7d764739d5c7c54dc7cbe9e9a72a1e4a7098596,e2212c40566e21c680a98186ebd8e984aa80d4fd,4d4ad03b827958468b1a231e360c7ad1aa68035c25af068059838ceae6dfa6d6,7a69fb21427492956ac16a4f0657ee843cdef3db07eff5a24421b9f9b4267e2c,main_SHARED_QUERY_123_selected,a033d1483c42c3a34229a4670ecefb6eaee35f3bbd13ee3cc8b179343d3df733,development_holdout,P1,2017-04-06,983,867.0576227199258,42488beec1a9bc6a94df99bb83ecd3f74adcf499333d85b718bc6a85da145089
new_p3_training,True,tuned,SHARED_QUERY,123,main,3cfd389bbd05ec9201a41c0892e29bf8199198d1b216b9a8061370d4240aa583,bd1488a2d411295d7a2118c50ddcc0b158786123613af1676062e2270d1637d1,9cb89005693b1b70c102178849b740fde00b50c9ba5f3b5530d0e5749ea59837,eca954c21da074c545cb7858315ea39fee0a6f54b19e06474b4f2f91f1666847,490eeb15970ef077ee050323b551cd9c3c5534c257f1febddca9af74ed1cf0a4,6031dc4ee08b61c58b35b1efd7d764739d5c7c54dc7cbe9e9a72a1e4a7098596,e2212c40566e21c680a98186ebd8e984aa80d4fd,4d4ad03b827958468b1a231e360c7ad1aa68035c25af068059838ceae6dfa6d6,7a69fb21427492956ac16a4f0657ee843cdef3db07eff5a24421b9f9b4267e2c,main_SHARED_QUERY_123_selected,a033d1483c42c3a34229a4670ecefb6eaee35f3bbd13ee3cc8b179343d3df733,development_holdout,P1,2017-04-07,984,902.5862951525805,12b75f56f3f2961b171a31729a690784ac25cb771f406cd614c82d81ae58760e
new_p3_training,True,tuned,SHARED_QUERY,123,main,3cfd389bbd05ec9201a41c0892e29bf8199198d1b216b9a8061370d4240aa583,bd1488a2d411295d7a2118c50ddcc0b158786123613af1676062e2270d1637d1,9cb89005693b1b70c102178849b740fde00b50c9ba5f3b5530d0e5749ea59837,eca954c21da074c545cb7858315ea39fee0a6f54b19e06474b4f2f91f1666847,490eeb15970ef077ee050323b551cd9c3c5534c257f1febddca9af74ed1cf0a4,6031dc4ee08b61c58b35b1efd7d764739d5c7c54dc7cbe9e9a72a1e4a7098596,e2212c40566e21c680a98186ebd8e984aa80d4fd,4d4ad03b827958468b1a231e360c7ad1aa68035c25af068059838ceae6dfa6d6,7a69fb21427492956ac16a4f0657ee843cdef3db07eff5a24421b9f9b4267e2c,main_SHARED_QUERY_123_selected,a033d1483c42c3a34229a4670ecefb6eaee35f3bbd13ee3cc8b179343d3df733,development_holdout,P1,2017-04-10,966,874.5764145812143,a13236444a21301ec94592cefcf2fe0a413ca607daebc94f9ecdabc99a3e406b
new_p3_training,True,tuned,SHARED_QUERY,123,main,3cfd389bbd05ec9201a41c0892e29bf8199198d1b216b9a8061370d4240aa583,bd1488a2d411295d7a2118c50ddcc0b158786123613af1676062e2270d1637d1,9cb89005693b1b70c102178849b740fde00b50c9ba5f3b5530d0e5749ea59837,eca954c21da074c545cb7858315ea39fee0a6f54b19e06474b4f2f91f1666847,490eeb15970ef077ee050323b551cd9c3c5534c257f1febddca9af74ed1cf0a4,6031dc4ee08b61c58b35b1efd7d764739d5c7c54dc7cbe9e9a72a1e4a7098596,e2212c40566e21c680a98186ebd8e984aa80d4fd,4d4ad03b827958468b1a231e360c7ad1aa68035c25af068059838ceae6dfa6d6,7a69fb21427492956ac16a4f0657ee843cdef3db07eff5a24421b9f9b4267e2c,main_SHARED_QUERY_123_selected,a033d1483c42c3a34229a4670ecefb6eaee35f3bbd13ee3cc8b179343d3df733,development_holdout,P1,2017-04-11,979,869.5643093448534,216b867d3043ab584a66bb3c46274719de86f8faa77d557ede7a68bd54f256d0
new_p3_training,True,tuned,SHARED_QUERY,123,main,3cfd389bbd05ec9201a41c0892e29bf8199198d1b216b9a8061370d4240aa583,bd1488a2d411295d7a2118c50ddcc0b158786123613af1676062e2270d1637d1,9cb89005693b1b70c102178849b740fde00b50c9ba5f3b5530d0e5749ea59837,eca954c21da074c545cb7858315ea39fee0a6f54b19e06474b4f2f91f1666847,490eeb15970ef077ee050323b551cd9c3c5534c257f1febddca9af74ed1cf0a4,6031dc4ee08b61c58b35b1efd7d764739d5c7c54dc7cbe9e9a72a1e4a7098596,e2212c40566e21c680a98186ebd8e984aa80d4fd,4d4ad03b827958468b1a231e360c7ad1aa68035c25af068059838ceae6dfa6d6,7a69fb21427492956ac16a4f0657ee843cdef3db07eff5a24421b9f9b4267e2c,main_SHARED_QUERY_123_selected,a033d1483c42c3a34229a4670ecefb6eaee35f3bbd13ee3cc8b179343d3df733,development_holdout,P1,2017-04-12,986,827.8697993119772,10cf5a84af5e8ea67ff55ae9553d397979ad9d04dc4b98950b0a423b584c2151
new_p3_training,True,tuned,SHARED_QUERY,123,main,3cfd389bbd05ec9201a41c0892e29bf8199198d1b216b9a8061370d4240aa583,bd1488a2d411295d7a2118c50ddcc0b158786123613af1676062e2270d1637d1,9cb89005693b1b70c102178849b740fde00b50c9ba5f3b5530d0e5749ea59837,eca954c21da074c545cb7858315ea39fee0a6f54b19e06474b4f2f91f1666847,490eeb15970ef077ee050323b551cd9c3c5534c257f1febddca9af74ed1cf0a4,6031dc4ee08b61c58b35b1efd7d764739d5c7c54dc7cbe9e9a72a1e4a7098596,e2212c40566e21c680a98186ebd8e984aa80d4fd,4d4ad03b827958468b1a231e360c7ad1aa68035c25af068059838ceae6dfa6d6,7a69fb21427492956ac16a4f0657ee843cdef3db07eff5a24421b9f9b4267e2c,main_SHARED_QUERY_123_selected,a033d1483c42c3a34229a4670ecefb6eaee35f3bbd13ee3cc8b179343d3df733,development_holdout,P1,2017-04-13,987,913.3542995408096,152a3cd9c8758c7a4b24c47aa9c3fb79242b85bd266734f6cdb2be4b377874ce
new_p3_training,True,tuned,SHARED_QUERY,123,main,3cfd389bbd05ec9201a41c0892e29bf8199198d1b216b9a8061370d4240aa583,bd1488a2d411295d7a2118c50ddcc0b158786123613af1676062e2270d1637d1,9cb89005693b1b70c102178849b740fde00b50c9ba5f3b5530d0e5749ea59837,eca954c21da074c545cb7858315ea39fee0a6f54b19e06474b4f2f91f1666847,490eeb15970ef077ee050323b551cd9c3c5534c257f1febddca9af74ed1cf0a4,6031dc4ee08b61c58b35b1efd7d764739d5c7c54dc7cbe9e9a72a1e4a7098596,e2212c40566e21c680a98186ebd8e984aa80d4fd,4d4ad03b827958468b1a231e360c7ad1aa68035c25af068059838ceae6dfa6d6,7a69fb21427492956ac16a4f0657ee843cdef3db07eff5a24421b9f9b4267e2c,main_SHARED_QUERY_123_selected,a033d1483c42c3a34229a4670ecefb6eaee35f3bbd13ee3cc8b179343d3df733,development_holdout,P1,2017-04-14,984,927.2457445352967,0533ec449a0ef986c1e6505e92d0f5a936641c91a298cf1becebaabdde267c66
new_p3_training,True,tuned,SHARED_QUERY,123,main,3cfd389bbd05ec9201a41c0892e29bf8199198d1b216b9a8061370d4240aa583,bd1488a2d411295d7a2118c50ddcc0b158786123613af1676062e2270d1637d1,9cb89005693b1b70c102178849b740fde00b50c9ba5f3b5530d0e5749ea59837,eca954c21da074c545cb7858315ea39fee0a6f54b19e06474b4f2f91f1666847,490eeb15970ef077ee050323b551cd9c3c5534c257f1febddca9af74ed1cf0a4,6031dc4ee08b61c58b35b1efd7d764739d5c7c54dc7cbe9e9a72a1e4a7098596,e2212c40566e21c680a98186ebd8e984aa80d4fd,4d4ad03b827958468b1a231e360c7ad1aa68035c25af068059838ceae6dfa6d6,7a69fb21427492956ac16a4f0657ee843cdef3db07eff5a24421b9f9b4267e2c,main_SHARED_QUERY_123_selected,a033d1483c42c3a34229a4670ecefb6eaee35f3bbd13ee3cc8b179343d3df733,development_holdout,P1,2017-04-17,988,861.3279504667566,9b65bb7ca3ae08c599cdb32d713f948b33269f2ff74e9c330559c5c9152b21dd
new_p3_training,True,tuned,SHARED_QUERY,123,main,3cfd389bbd05ec9201a41c0892e29bf8199198d1b216b9a8061370d4240aa583,bd1488a2d411295d7a2118c50ddcc0b158786123613af1676062e2270d1637d1,9cb89005693b1b70c102178849b740fde00b50c9ba5f3b5530d0e5749ea59837,eca954c21da074c545cb7858315ea39fee0a6f54b19e06474b4f2f91f1666847,490eeb15970ef077ee050323b551cd9c3c5534c257f1febddca9af74ed1cf0a4,6031dc4ee08b61c58b35b1efd7d764739d5c7c54dc7cbe9e9a72a1e4a7098596,e2212c40566e21c680a98186ebd8e984aa80d4fd,4d4ad03b827958468b1a231e360c7ad1aa68035c25af068059838ceae6dfa6d6,7a69fb21427492956ac16a4f0657ee843cdef3db07eff5a24421b9f9b4267e2c,main_SHARED_QUERY_123_selected,a033d1483c42c3a34229a4670ecefb6eaee35f3bbd13ee3cc8b179343d3df733,development_holdout,P1,2017-04-18,985,847.3422110902845,8ca0afc1d131c3672ddb8501e5fbcf1391da2fbdaac55f43ef0c69289cd9bfe1
new_p3_training,True,tuned,SHARED_QUERY,123,main,3cfd389bbd05ec9201a41c0892e29bf8199198d1b216b9a8061370d4240aa583,bd1488a2d411295d7a2118c50ddcc0b158786123613af1676062e2270d1637d1,9cb89005693b1b70c102178849b740fde00b50c9ba5f3b5530d0e5749ea59837,eca954c21da074c545cb7858315ea39fee0a6f54b19e06474b4f2f91f1666847,490eeb15970ef077ee050323b551cd9c3c5534c257f1febddca9af74ed1cf0a4,6031dc4ee08b61c58b35b1efd7d764739d5c7c54dc7cbe9e9a72a1e4a7098596,e2212c40566e21c680a98186ebd8e984aa80d4fd,4d4ad03b827958468b1a231e360c7ad1aa68035c25af068059838ceae6dfa6d6,7a69fb21427492956ac16a4f0657ee843cdef3db07eff5a24421b9f9b4267e2c,main_SHARED_QUERY_123_selected,a033d1483c42c3a34229a4670ecefb6eaee35f3bbd13ee3cc8b179343d3df733,development_holdout,P1,2017-04-19,990,890.594363865286,1c7a624245e42271e6b54e18a59aef318a32ab800a4c23f407983ec52e190573
new_p3_training,True,tuned,SHARED_QUERY,123,main,3cfd389bbd05ec9201a41c0892e29bf8199198d1b216b9a8061370d4240aa583,bd1488a2d411295d7a2118c50ddcc0b158786123613af1676062e2270d1637d1,9cb89005693b1b70c102178849b740fde00b50c9ba5f3b5530d0e5749ea59837,eca954c21da074c545cb7858315ea39fee0a6f54b19e06474b4f2f91f1666847,490eeb15970ef077ee050323b551cd9c3c5534c257f1febddca9af74ed1cf0a4,6031dc4ee08b61c58b35b1efd7d764739d5c7c54dc7cbe9e9a72a1e4a7098596,e2212c40566e21c680a98186ebd8e984aa80d4fd,4d4ad03b827958468b1a231e360c7ad1aa68035c25af068059838ceae6dfa6d6,7a69fb21427492956ac16a4f0657ee843cdef3db07eff5a24421b9f9b4267e2c,main_SHARED_QUERY_123_selected,a033d1483c42c3a34229a4670ecefb6eaee35f3bbd13ee3cc8b179343d3df733,development_holdout,P1,2017-04-20,993,916.6656925908601,bfad7e9c339dffcc04c6ad72dde65d5f758ae304c36c3c1807d201d0214871fa
new_p3_training,True,tuned,SHARED_QUERY,123,main,3cfd389bbd05ec9201a41c0892e29bf8199198d1b216b9a8061370d4240aa583,bd1488a2d411295d7a2118c50ddcc0b158786123613af1676062e2270d1637d1,9cb89005693b1b70c102178849b740fde00b50c9ba5f3b5530d0e5749ea59837,eca954c21da074c545cb7858315ea39fee0a6f54b19e06474b4f2f91f1666847,490eeb15970ef077ee050323b551cd9c3c5534c257f1febddca9af74ed1cf0a4,6031dc4ee08b61c58b35b1efd7d764739d5c7c54dc7cbe9e9a72a1e4a7098596,e2212c40566e21c680a98186ebd8e984aa80d4fd,4d4ad03b827958468b1a231e360c7ad1aa68035c25af068059838ceae6dfa6d6,7a69fb21427492956ac16a4f0657ee843cdef3db07eff5a24421b9f9b4267e2c,main_SHARED_QUERY_123_selected,a033d1483c42c3a34229a4670ecefb6eaee35f3bbd13ee3cc8b179343d3df733,development_holdout,P1,2017-04-21,993,846.0316878956044,3c4d0aae3997b9110d9e7ea25e651edcb6b40b6c08954bf83a921296ac1027b0
new_p3_training,True,tuned,SHARED_QUERY,123,main,3cfd389bbd05ec9201a41c0892e29bf8199198d1b216b9a8061370d4240aa583,bd1488a2d411295d7a2118c50ddcc0b158786123613af1676062e2270d1637d1,9cb89005693b1b70c102178849b740fde00b50c9ba5f3b5530d0e5749ea59837,eca954c21da074c545cb7858315ea39fee0a6f54b19e06474b4f2f91f1666847,490eeb15970ef077ee050323b551cd9c3c5534c257f1febddca9af74ed1cf0a4,6031dc4ee08b61c58b35b1efd7d764739d5c7c54dc7cbe9e9a72a1e4a7098596,e2212c40566e21c680a98186ebd8e984aa80d4fd,4d4ad03b827958468b1a231e360c7ad1aa68035c25af068059838ceae6dfa6d6,7a69fb21427492956ac16a4f0657ee843cdef3db07eff5a24421b9f9b4267e2c,main_SHARED_QUERY_123_selected,a033d1483c42c3a34229a4670ecefb6eaee35f3bbd13ee3cc8b179343d3df733,development_holdout,P1,2017-04-24,997,899.9665805626987,f9937b8b012742e02eb8d34bade20218b1adf3ea22b93c7d7c32ccd08e286a77
new_p3_training,True,tuned,SHARED_QUERY,123,main,3cfd389bbd05ec9201a41c0892e29bf8199198d1b216b9a8061370d4240aa583,bd1488a2d411295d7a2118c50ddcc0b158786123613af1676062e2270d1637d1,9cb89005693b1b70c102178849b740fde00b50c9ba5f3b5530d0e5749ea59837,eca954c21da074c545cb7858315ea39fee0a6f54b19e06474b4f2f91f1666847,490eeb15970ef077ee050323b551cd9c3c5534c257f1febddca9af74ed1cf0a4,6031dc4ee08b61c58b35b1efd7d764739d5c7c54dc7cbe9e9a72a1e4a7098596,e2212c40566e21c680a98186ebd8e984aa80d4fd,4d4ad03b827958468b1a231e360c7ad1aa68035c25af068059838ceae6dfa6d6,7a69fb21427492956ac16a4f0657ee843cdef3db07eff5a24421b9f9b4267e2c,main_SHARED_QUERY_123_selected,a033d1483c42c3a34229a4670ecefb6eaee35f3bbd13ee3cc8b179343d3df733,development_holdout,P1,2017-04-25,995,886.1023329742397,00ddcf64c70ee8679ba11afdfdab79fb4195fc645b7f40726618167d113ea0ab
new_p3_training,True,tuned,SHARED_QUERY,123,main,3cfd389bbd05ec9201a41c0892e29bf8199198d1b216b9a8061370d4240aa583,bd1488a2d411295d7a2118c50ddcc0b158786123613af1676062e2270d1637d1,9cb89005693b1b70c102178849b740fde00b50c9ba5f3b5530d0e5749ea59837,eca954c21da074c545cb7858315ea39fee0a6f54b19e06474b4f2f91f1666847,490eeb15970ef077ee050323b551cd9c3c5534c257f1febddca9af74ed1cf0a4,6031dc4ee08b61c58b35b1efd7d764739d5c7c54dc7cbe9e9a72a1e4a7098596,e2212c40566e21c680a98186ebd8e984aa80d4fd,4d4ad03b827958468b1a231e360c7ad1aa68035c25af068059838ceae6dfa6d6,7a69fb21427492956ac16a4f0657ee843cdef3db07eff5a24421b9f9b4267e2c,main_SHARED_QUERY_123_selected,a033d1483c42c3a34229a4670ecefb6eaee35f3bbd13ee3cc8b179343d3df733,development_holdout,P1,2017-04-26,993,882.6359284371243,7774761affcad09710951cd4b72d1a4cbe2ef606a097a22b1d44d63549e74370
new_p3_training,True,tuned,SHARED_QUERY,123,main,3cfd389bbd05ec9201a41c0892e29bf8199198d1b216b9a8061370d4240aa583,bd1488a2d411295d7a2118c50ddcc0b158786123613af1676062e2270d1637d1,9cb89005693b1b70c102178849b740fde00b50c9ba5f3b5530d0e5749ea59837,eca954c21da074c545cb7858315ea39fee0a6f54b19e06474b4f2f91f1666847,490eeb15970ef077ee050323b551cd9c3c5534c257f1febddca9af74ed1cf0a4,6031dc4ee08b61c58b35b1efd7d764739d5c7c54dc7cbe9e9a72a1e4a7098596,e2212c40566e21c680a98186ebd8e984aa80d4fd,4d4ad03b827958468b1a231e360c7ad1aa68035c25af068059838ceae6dfa6d6,7a69fb21427492956ac16a4f0657ee843cdef3db07eff5a24421b9f9b4267e2c,main_SHARED_QUERY_123_selected,a033d1483c42c3a34229a4670ecefb6eaee35f3bbd13ee3cc8b179343d3df733,development_holdout,P1,2017-04-27,999,892.0291889195635,be4fe24b80a4b0f39f47a485de489273e71dd977310715e7fd96991b71db2a21
new_p3_training,True,tuned,SHARED_QUERY,123,main,3cfd389bbd05ec9201a41c0892e29bf8199198d1b216b9a8061370d4240aa583,bd1488a2d411295d7a2118c50ddcc0b158786123613af1676062e2270d1637d1,9cb89005693b1b70c102178849b740fde00b50c9ba5f3b5530d0e5749ea59837,eca954c21da074c545cb7858315ea39fee0a6f54b19e06474b4f2f91f1666847,490eeb15970ef077ee050323b551cd9c3c5534c257f1febddca9af74ed1cf0a4,6031dc4ee08b61c58b35b1efd7d764739d5c7c54dc7cbe9e9a72a1e4a7098596,e2212c40566e21c680a98186ebd8e984aa80d4fd,4d4ad03b827958468b1a231e360c7ad1aa68035c25af068059838ceae6dfa6d6,7a69fb21427492956ac16a4f0657ee843cdef3db07eff5a24421b9f9b4267e2c,main_SHARED_QUERY_123_selected,a033d1483c42c3a34229a4670ecefb6eaee35f3bbd13ee3cc8b179343d3df733,development_holdout,P1,2017-04-28,999,866.2676193647835,bf965961f4835605899aabf9304acb2f35ed6b184fd84288ad0677f2e73b2647
new_p3_training,True,tuned,SHARED_QUERY,123,main,3cfd389bbd05ec9201a41c0892e29bf8199198d1b216b9a8061370d4240aa583,bd1488a2d411295d7a2118c50ddcc0b158786123613af1676062e2270d1637d1,9cb89005693b1b70c102178849b740fde00b50c9ba5f3b5530d0e5749ea59837,eca954c21da074c545cb7858315ea39fee0a6f54b19e06474b4f2f91f1666847,490eeb15970ef077ee050323b551cd9c3c5534c257f1febddca9af74ed1cf0a4,6031dc4ee08b61c58b35b1efd7d764739d5c7c54dc7cbe9e9a72a1e4a7098596,e2212c40566e21c680a98186ebd8e984aa80d4fd,4d4ad03b827958468b1a231e360c7ad1aa68035c25af068059838ceae6dfa6d6,7a69fb21427492956ac16a4f0657ee843cdef3db07eff5a24421b9f9b4267e2c,main_SHARED_QUERY_123_selected,a033d1483c42c3a34229a4670ecefb6eaee35f3bbd13ee3cc8b179343d3df733,development_holdout,P1,2017-05-02,999,874.5626237665844,cce0d6a2fcc7463edd7bab7bf31769f31d2ca37ffd8cb4925a0dcfe2c65bd426
new_p3_training,True,tuned,SHARED_QUERY,123,main,3cfd389bbd05ec9201a41c0892e29bf8199198d1b216b9a8061370d4240aa583,bd1488a2d411295d7a2118c50ddcc0b158786123613af1676062e2270d1637d1,9cb89005693b1b70c102178849b740fde00b50c9ba5f3b5530d0e5749ea59837,eca954c21da074c545cb7858315ea39fee0a6f54b19e06474b4f2f91f1666847,490eeb15970ef077ee050323b551cd9c3c5534c257f1febddca9af74ed1cf0a4,6031dc4ee08b61c58b35b1efd7d764739d5c7c54dc7cbe9e9a72a1e4a7098596,e2212c40566e21c680a98186ebd8e984aa80d4fd,4d4ad03b827958468b1a231e360c7ad1aa68035c25af068059838ceae6dfa6d6,7a69fb21427492956ac16a4f0657ee843cdef3db07eff5a24421b9f9b4267e2c,main_SHARED_QUERY_123_selected,a033d1483c42c3a34229a4670ecefb6eaee35f3bbd13ee3cc8b179343d3df733,development_holdout,P1,2017-05-04,992,795.9727335474104,eeb86c9b942ab8a9300ed1960c2c5ecf3735aeafc010e570201ac0b5c0a4388e
new_p3_training,True,tuned,SHARED_QUERY,123,main,3cfd389bbd05ec9201a41c0892e29bf8199198d1b216b9a8061370d4240aa583,bd1488a2d411295d7a2118c50ddcc0b158786123613af1676062e2270d1637d1,9cb89005693b1b70c102178849b740fde00b50c9ba5f3b5530d0e5749ea59837,eca954c21da074c545cb7858315ea39fee0a6f54b19e06474b4f2f91f1666847,490eeb15970ef077ee050323b551cd9c3c5534c257f1febddca9af74ed1cf0a4,6031dc4ee08b61c58b35b1efd7d764739d5c7c54dc7cbe9e9a72a1e4a7098596,e2212c40566e21c680a98186ebd8e984aa80d4fd,4d4ad03b827958468b1a231e360c7ad1aa68035c25af068059838ceae6dfa6d6,7a69fb21427492956ac16a4f0657ee843cdef3db07eff5a24421b9f9b4267e2c,main_SHARED_QUERY_123_selected,a033d1483c42c3a34229a4670ecefb6eaee35f3bbd13ee3cc8b179343d3df733,development_holdout,P1,2017-05-08,990,881.6157955677529,70cbae4354512e4a424731320667224421b62615bbc5119864c27fcbd5a81b06
new_p3_training,True,tuned,SHARED_QUERY,123,main,3cfd389bbd05ec9201a41c0892e29bf8199198d1b216b9a8061370d4240aa583,bd1488a2d411295d7a2118c50ddcc0b158786123613af1676062e2270d1637d1,9cb89005693b1b70c102178849b740fde00b50c9ba5f3b5530d0e5749ea59837,eca954c21da074c545cb7858315ea39fee0a6f54b19e06474b4f2f91f1666847,490eeb15970ef077ee050323b551cd9c3c5534c257f1febddca9af74ed1cf0a4,6031dc4ee08b61c58b35b1efd7d764739d5c7c54dc7cbe9e9a72a1e4a7098596,e2212c40566e21c680a98186ebd8e984aa80d4fd,4d4ad03b827958468b1a231e360c7ad1aa68035c25af068059838ceae6dfa6d6,7a69fb21427492956ac16a4f0657ee843cdef3db07eff5a24421b9f9b4267e2c,main_SHARED_QUERY_123_selected,a033d1483c42c3a34229a4670ecefb6eaee35f3bbd13ee3cc8b179343d3df733,development_holdout,P1,2017-05-10,997,1004.7698615569968,5f38610865cd1dfb35db44f167f9ccaac9348a96adf1aa5e96e9175dd6a1b8da
new_p3_training,True,tuned,SHARED_QUERY,123,main,3cfd389bbd05ec9201a41c0892e29bf8199198d1b216b9a8061370d4240aa583,bd1488a2d411295d7a2118c50ddcc0b158786123613af1676062e2270d1637d1,9cb89005693b1b70c102178849b740fde00b50c9ba5f3b5530d0e5749ea59837,eca954c21da074c545cb7858315ea39fee0a6f54b19e06474b4f2f91f1666847,490eeb15970ef077ee050323b551cd9c3c5534c257f1febddca9af74ed1cf0a4,6031dc4ee08b61c58b35b1efd7d764739d5c7c54dc7cbe9e9a72a1e4a7098596,e2212c40566e21c680a98186ebd8e984aa80d4fd,4d4ad03b827958468b1a231e360c7ad1aa68035c25af068059838ceae6dfa6d6,7a69fb21427492956ac16a4f0657ee843cdef3db07eff5a24421b9f9b4267e2c,main_SHARED_QUERY_123_selected,a033d1483c42c3a34229a4670ecefb6eaee35f3bbd13ee3cc8b179343d3df733,development_holdout,P1,2017-05-11,989,984.9693885865329,e2dba37b25200b511698c5835b7b6d7951c1898da59670d7093eb95dd11248c2
new_p3_training,True,tuned,SHARED_QUERY,123,main,3cfd389bbd05ec9201a41c0892e29bf8199198d1b216b9a8061370d4240aa583,bd1488a2d411295d7a2118c50ddcc0b158786123613af1676062e2270d1637d1,9cb89005693b1b70c102178849b740fde00b50c9ba5f3b5530d0e5749ea59837,eca954c21da074c545cb7858315ea39fee0a6f54b19e06474b4f2f91f1666847,490eeb15970ef077ee050323b551cd9c3c5534c257f1febddca9af74ed1cf0a4,6031dc4ee08b61c58b35b1efd7d764739d5c7c54dc7cbe9e9a72a1e4a7098596,e2212c40566e21c680a98186ebd8e984aa80d4fd,4d4ad03b827958468b1a231e360c7ad1aa68035c25af068059838ceae6dfa6d6,7a69fb21427492956ac16a4f0657ee843cdef3db07eff5a24421b9f9b4267e2c,main_SHARED_QUERY_123_selected,a033d1483c42c3a34229a4670ecefb6eaee35f3bbd13ee3cc8b179343d3df733,development_holdout,P1,2017-05-12,984,926.1956882363456,ee719fa14cf29d76357d96b058492e2551403c1ea40bcc508c806b4164f812f6
new_p3_training,True,tuned,SHARED_QUERY,123,main,3cfd389bbd05ec9201a41c0892e29bf8199198d1b216b9a8061370d4240aa583,bd1488a2d411295d7a2118c50ddcc0b158786123613af1676062e2270d1637d1,9cb89005693b1b70c102178849b740fde00b50c9ba5f3b5530d0e5749ea59837,eca954c21da074c545cb7858315ea39fee0a6f54b19e06474b4f2f91f1666847,490eeb15970ef077ee050323b551cd9c3c5534c257f1febddca9af74ed1cf0a4,6031dc4ee08b61c58b35b1efd7d764739d5c7c54dc7cbe9e9a72a1e4a7098596,e2212c40566e21c680a98186ebd8e984aa80d4fd,4d4ad03b827958468b1a231e360c7ad1aa68035c25af068059838ceae6dfa6d6,7a69fb21427492956ac16a4f0657ee843cdef3db07eff5a24421b9f9b4267e2c,main_SHARED_QUERY_123_selected,a033d1483c42c3a34229a4670ecefb6eaee35f3bbd13ee3cc8b179343d3df733,development_holdout,P1,2017-05-15,973,912.0668129679808,0f95bb56403422bba2cd120641094a6427423364d316c4b209fbea67051ac96a
new_p3_training,True,tuned,SHARED_QUERY,123,main,3cfd389bbd05ec9201a41c0892e29bf8199198d1b216b9a8061370d4240aa583,bd1488a2d411295d7a2118c50ddcc0b158786123613af1676062e2270d1637d1,9cb89005693b1b70c102178849b740fde00b50c9ba5f3b5530d0e5749ea59837,eca954c21da074c545cb7858315ea39fee0a6f54b19e06474b4f2f91f1666847,490eeb15970ef077ee050323b551cd9c3c5534c257f1febddca9af74ed1cf0a4,6031dc4ee08b61c58b35b1efd7d764739d5c7c54dc7cbe9e9a72a1e4a7098596,e2212c40566e21c680a98186ebd8e984aa80d4fd,4d4ad03b827958468b1a231e360c7ad1aa68035c25af068059838ceae6dfa6d6,7a69fb21427492956ac16a4f0657ee843cdef3db07eff5a24421b9f9b4267e2c,main_SHARED_QUERY_123_selected,a033d1483c42c3a34229a4670ecefb6eaee35f3bbd13ee3cc8b179343d3df733,development_holdout,P1,2017-05-16,982,918.9675257066499,cad06086ebd023ae608dccf78b3108f91d09d9d9f8c6cd0173a4555dce42d5ec
new_p3_training,True,tuned,SHARED_QUERY,123,main,3cfd389bbd05ec9201a41c0892e29bf8199198d1b216b9a8061370d4240aa583,bd1488a2d411295d7a2118c50ddcc0b158786123613af1676062e2270d1637d1,9cb89005693b1b70c102178849b740fde00b50c9ba5f3b5530d0e5749ea59837,eca954c21da074c545cb7858315ea39fee0a6f54b19e06474b4f2f91f1666847,490eeb15970ef077ee050323b551cd9c3c5534c257f1febddca9af74ed1cf0a4,6031dc4ee08b61c58b35b1efd7d764739d5c7c54dc7cbe9e9a72a1e4a7098596,e2212c40566e21c680a98186ebd8e984aa80d4fd,4d4ad03b827958468b1a231e360c7ad1aa68035c25af068059838ceae6dfa6d6,7a69fb21427492956ac16a4f0657ee843cdef3db07eff5a24421b9f9b4267e2c,main_SHARED_QUERY_123_selected,a033d1483c42c3a34229a4670ecefb6eaee35f3bbd13ee3cc8b179343d3df733,development_holdout,P1,2017-05-17,995,919.8113237319008,6ef4dbe5229803bed8b13697df5b6652d538dd8393bc0d07d69b5a224f8d6740
new_p3_training,True,tuned,SHARED_QUERY,123,main,3cfd389bbd05ec9201a41c0892e29bf8199198d1b216b9a8061370d4240aa583,bd1488a2d411295d7a2118c50ddcc0b158786123613af1676062e2270d1637d1,9cb89005693b1b70c102178849b740fde00b50c9ba5f3b5530d0e5749ea59837,eca954c21da074c545cb7858315ea39fee0a6f54b19e06474b4f2f91f1666847,490eeb15970ef077ee050323b551cd9c3c5534c257f1febddca9af74ed1cf0a4,6031dc4ee08b61c58b35b1efd7d764739d5c7c54dc7cbe9e9a72a1e4a7098596,e2212c40566e21c680a98186ebd8e984aa80d4fd,4d4ad03b827958468b1a231e360c7ad1aa68035c25af068059838ceae6dfa6d6,7a69fb21427492956ac16a4f0657ee843cdef3db07eff5a24421b9f9b4267e2c,main_SHARED_QUERY_123_selected,a033d1483c42c3a34229a4670ecefb6eaee35f3bbd13ee3cc8b179343d3df733,development_holdout,P1,2017-05-18,967,903.603012776719,fbb63ad41d49b43e33f6dbffeea5a0540f408a8bcd08976e4e8fb6b5e378bde9
new_p3_training,True,tuned,SHARED_QUERY,123,main,3cfd389bbd05ec9201a41c0892e29bf8199198d1b216b9a8061370d4240aa583,bd1488a2d411295d7a2118c50ddcc0b158786123613af1676062e2270d1637d1,9cb89005693b1b70c102178849b740fde00b50c9ba5f3b5530d0e5749ea59837,eca954c21da074c545cb7858315ea39fee0a6f54b19e06474b4f2f91f1666847,490eeb15970ef077ee050323b551cd9c3c5534c257f1febddca9af74ed1cf0a4,6031dc4ee08b61c58b35b1efd7d764739d5c7c54dc7cbe9e9a72a1e4a7098596,e2212c40566e21c680a98186ebd8e984aa80d4fd,4d4ad03b827958468b1a231e360c7ad1aa68035c25af068059838ceae6dfa6d6,7a69fb21427492956ac16a4f0657ee843cdef3db07eff5a24421b9f9b4267e2c,main_SHARED_QUERY_123_selected,a033d1483c42c3a34229a4670ecefb6eaee35f3bbd13ee3cc8b179343d3df733,development_holdout,P1,2017-05-19,963,908.7830919445516,1839afa5c494a11e94ff64238a69bc26dcbf00b548cab2dd7306da394e3237c3
new_p3_training,True,tuned,SHARED_QUERY,123,main,3cfd389bbd05ec9201a41c0892e29bf8199198d1b216b9a8061370d4240aa583,bd1488a2d411295d7a2118c50ddcc0b158786123613af1676062e2270d1637d1,9cb89005693b1b70c102178849b740fde00b50c9ba5f3b5530d0e5749ea59837,eca954c21da074c545cb7858315ea39fee0a6f54b19e06474b4f2f91f1666847,490eeb15970ef077ee050323b551cd9c3c5534c257f1febddca9af74ed1cf0a4,6031dc4ee08b61c58b35b1efd7d764739d5c7c54dc7cbe9e9a72a1e4a7098596,e2212c40566e21c680a98186ebd8e984aa80d4fd,4d4ad03b827958468b1a231e360c7ad1aa68035c25af068059838ceae6dfa6d6,7a69fb21427492956ac16a4f0657ee843cdef3db07eff5a24421b9f9b4267e2c,main_SHARED_QUERY_123_selected,a033d1483c42c3a34229a4670ecefb6eaee35f3bbd13ee3cc8b179343d3df733,development_holdout,P1,2017-05-22,973,885.4724481154876,7c8b649b74d4ec0815e5d72aa7f92c7fa0447824131dc4c0e05945bb18876848
new_p3_training,True,tuned,SHARED_QUERY,123,main,3cfd389bbd05ec9201a41c0892e29bf8199198d1b216b9a8061370d4240aa583,bd1488a2d411295d7a2118c50ddcc0b158786123613af1676062e2270d1637d1,9cb89005693b1b70c102178849b740fde00b50c9ba5f3b5530d0e5749ea59837,eca954c21da074c545cb7858315ea39fee0a6f54b19e06474b4f2f91f1666847,490eeb15970ef077ee050323b551cd9c3c5534c257f1febddca9af74ed1cf0a4,6031dc4ee08b61c58b35b1efd7d764739d5c7c54dc7cbe9e9a72a1e4a7098596,e2212c40566e21c680a98186ebd8e984aa80d4fd,4d4ad03b827958468b1a231e360c7ad1aa68035c25af068059838ceae6dfa6d6,7a69fb21427492956ac16a4f0657ee843cdef3db07eff5a24421b9f9b4267e2c,main_SHARED_QUERY_123_selected,a033d1483c42c3a34229a4670ecefb6eaee35f3bbd13ee3cc8b179343d3df733,development_holdout,P1,2017-05-23,965,990.5940929363613,ad487bda5514676fba9f4b144bfc4c321c3506a50c4a465d375516892cb09dea
new_p3_training,True,tuned,SHARED_QUERY,123,main,3cfd389bbd05ec9201a41c0892e29bf8199198d1b216b9a8061370d4240aa583,bd1488a2d411295d7a2118c50ddcc0b158786123613af1676062e2270d1637d1,9cb89005693b1b70c102178849b740fde00b50c9ba5f3b5530d0e5749ea59837,eca954c21da074c545cb7858315ea39fee0a6f54b19e06474b4f2f91f1666847,490eeb15970ef077ee050323b551cd9c3c5534c257f1febddca9af74ed1cf0a4,6031dc4ee08b61c58b35b1efd7d764739d5c7c54dc7cbe9e9a72a1e4a7098596,e2212c40566e21c680a98186ebd8e984aa80d4fd,4d4ad03b827958468b1a231e360c7ad1aa68035c25af068059838ceae6dfa6d6,7a69fb21427492956ac16a4f0657ee843cdef3db07eff5a24421b9f9b4267e2c,main_SHARED_QUERY_123_selected,a033d1483c42c3a34229a4670ecefb6eaee35f3bbd13ee3cc8b179343d3df733,development_holdout,P1,2017-05-24,975,952.3797003337586,27ce96788166379ce0c49972d9f0ede852edd82208baff80fc2c183ec1c79402
new_p3_training,True,tuned,SHARED_QUERY,123,main,3cfd389bbd05ec9201a41c0892e29bf8199198d1b216b9a8061370d4240aa583,bd1488a2d411295d7a2118c50ddcc0b158786123613af1676062e2270d1637d1,9cb89005693b1b70c102178849b740fde00b50c9ba5f3b5530d0e5749ea59837,eca954c21da074c545cb7858315ea39fee0a6f54b19e06474b4f2f91f1666847,490eeb15970ef077ee050323b551cd9c3c5534c257f1febddca9af74ed1cf0a4,6031dc4ee08b61c58b35b1efd7d764739d5c7c54dc7cbe9e9a72a1e4a7098596,e2212c40566e21c680a98186ebd8e984aa80d4fd,4d4ad03b827958468b1a231e360c7ad1aa68035c25af068059838ceae6dfa6d6,7a69fb21427492956ac16a4f0657ee843cdef3db07eff5a24421b9f9b4267e2c,main_SHARED_QUERY_123_selected,a033d1483c42c3a34229a4670ecefb6eaee35f3bbd13ee3cc8b179343d3df733,development_holdout,P1,2017-05-25,989,960.1005724598394,edb2028bfb7150301832cd3cf1d4c7b7396382c3bc9f74d00f31a6d3493942cc
new_p3_training,True,tuned,SHARED_QUERY,123,main,3cfd389bbd05ec9201a41c0892e29bf8199198d1b216b9a8061370d4240aa583,bd1488a2d411295d7a2118c50ddcc0b158786123613af1676062e2270d1637d1,9cb89005693b1b70c102178849b740fde00b50c9ba5f3b5530d0e5749ea59837,eca954c21da074c545cb7858315ea39fee0a6f54b19e06474b4f2f91f1666847,490eeb15970ef077ee050323b551cd9c3c5534c257f1febddca9af74ed1cf0a4,6031dc4ee08b61c58b35b1efd7d764739d5c7c54dc7cbe9e9a72a1e4a7098596,e2212c40566e21c680a98186ebd8e984aa80d4fd,4d4ad03b827958468b1a231e360c7ad1aa68035c25af068059838ceae6dfa6d6,7a69fb21427492956ac16a4f0657ee843cdef3db07eff5a24421b9f9b4267e2c,main_SHARED_QUERY_123_selected,a033d1483c42c3a34229a4670ecefb6eaee35f3bbd13ee3cc8b179343d3df733,development_holdout,P1,2017-05-26,977,946.3348333221402,6ce68017935fd0522b78a2f764a242332d989a19562b6272897a008b07bd0c8d
new_p3_training,True,tuned,SHARED_QUERY,123,main,3cfd389bbd05ec9201a41c0892e29bf8199198d1b216b9a8061370d4240aa583,bd1488a2d411295d7a2118c50ddcc0b158786123613af1676062e2270d1637d1,9cb89005693b1b70c102178849b740fde00b50c9ba5f3b5530d0e5749ea59837,eca954c21da074c545cb7858315ea39fee0a6f54b19e06474b4f2f91f1666847,490eeb15970ef077ee050323b551cd9c3c5534c257f1febddca9af74ed1cf0a4,6031dc4ee08b61c58b35b1efd7d764739d5c7c54dc7cbe9e9a72a1e4a7098596,e2212c40566e21c680a98186ebd8e984aa80d4fd,4d4ad03b827958468b1a231e360c7ad1aa68035c25af068059838ceae6dfa6d6,7a69fb21427492956ac16a4f0657ee843cdef3db07eff5a24421b9f9b4267e2c,main_SHARED_QUERY_123_selected,a033d1483c42c3a34229a4670ecefb6eaee35f3bbd13ee3cc8b179343d3df733,development_holdout,P1,2017-05-29,968,960.840525124353,e3d48348e1453723cab5b02da32e1f1ffd275e7a3d6f47ee40eaa871cd45f47f
new_p3_training,True,tuned,SHARED_QUERY,123,main,3cfd389bbd05ec9201a41c0892e29bf8199198d1b216b9a8061370d4240aa583,bd1488a2d411295d7a2118c50ddcc0b158786123613af1676062e2270d1637d1,9cb89005693b1b70c102178849b740fde00b50c9ba5f3b5530d0e5749ea59837,eca954c21da074c545cb7858315ea39fee0a6f54b19e06474b4f2f91f1666847,490eeb15970ef077ee050323b551cd9c3c5534c257f1febddca9af74ed1cf0a4,6031dc4ee08b61c58b35b1efd7d764739d5c7c54dc7cbe9e9a72a1e4a7098596,e2212c40566e21c680a98186ebd8e984aa80d4fd,4d4ad03b827958468b1a231e360c7ad1aa68035c25af068059838ceae6dfa6d6,7a69fb21427492956ac16a4f0657ee843cdef3db07eff5a24421b9f9b4267e2c,main_SHARED_QUERY_123_selected,a033d1483c42c3a34229a4670ecefb6eaee35f3bbd13ee3cc8b179343d3df733,development_holdout,P1,2017-05-30,979,945.2214017937822,ce811be6f07a7967ceb8dbec06b7c9e829044f3620d674a4ea39f63a0feb0e89
new_p3_training,True,tuned,SHARED_QUERY,123,main,3cfd389bbd05ec9201a41c0892e29bf8199198d1b216b9a8061370d4240aa583,bd1488a2d411295d7a2118c50ddcc0b158786123613af1676062e2270d1637d1,9cb89005693b1b70c102178849b740fde00b50c9ba5f3b5530d0e5749ea59837,eca954c21da074c545cb7858315ea39fee0a6f54b19e06474b4f2f91f1666847,490eeb15970ef077ee050323b551cd9c3c5534c257f1febddca9af74ed1cf0a4,6031dc4ee08b61c58b35b1efd7d764739d5c7c54dc7cbe9e9a72a1e4a7098596,e2212c40566e21c680a98186ebd8e984aa80d4fd,4d4ad03b827958468b1a231e360c7ad1aa68035c25af068059838ceae6dfa6d6,7a69fb21427492956ac16a4f0657ee843cdef3db07eff5a24421b9f9b4267e2c,main_SHARED_QUERY_123_selected,a033d1483c42c3a34229a4670ecefb6eaee35f3bbd13ee3cc8b179343d3df733,development_holdout,P1,2017-05-31,980,934.95341425002,e821f2edce74acc297ee8e17c23c054a8dbcfacb4a6b3d2483a00189bbfbb7d8
new_p3_training,True,tuned,SHARED_QUERY,123,main,3cfd389bbd05ec9201a41c0892e29bf8199198d1b216b9a8061370d4240aa583,bd1488a2d411295d7a2118c50ddcc0b158786123613af1676062e2270d1637d1,9cb89005693b1b70c102178849b740fde00b50c9ba5f3b5530d0e5749ea59837,eca954c21da074c545cb7858315ea39fee0a6f54b19e06474b4f2f91f1666847,490eeb15970ef077ee050323b551cd9c3c5534c257f1febddca9af74ed1cf0a4,6031dc4ee08b61c58b35b1efd7d764739d5c7c54dc7cbe9e9a72a1e4a7098596,e2212c40566e21c680a98186ebd8e984aa80d4fd,4d4ad03b827958468b1a231e360c7ad1aa68035c25af068059838ceae6dfa6d6,7a69fb21427492956ac16a4f0657ee843cdef3db07eff5a24421b9f9b4267e2c,main_SHARED_QUERY_123_selected,a033d1483c42c3a34229a4670ecefb6eaee35f3bbd13ee3cc8b179343d3df733,development_holdout,P1,2017-06-01,970,854.7238540668127,151fb065b6ee9124cd30b244535136ff6c71c22f5adfed7eef82ec2d92adaa36
new_p3_training,True,tuned,SHARED_QUERY,123,main,3cfd389bbd05ec9201a41c0892e29bf8199198d1b216b9a8061370d4240aa583,bd1488a2d411295d7a2118c50ddcc0b158786123613af1676062e2270d1637d1,9cb89005693b1b70c102178849b740fde00b50c9ba5f3b5530d0e5749ea59837,eca954c21da074c545cb7858315ea39fee0a6f54b19e06474b4f2f91f1666847,490eeb15970ef077ee050323b551cd9c3c5534c257f1febddca9af74ed1cf0a4,6031dc4ee08b61c58b35b1efd7d764739d5c7c54dc7cbe9e9a72a1e4a7098596,e2212c40566e21c680a98186ebd8e984aa80d4fd,4d4ad03b827958468b1a231e360c7ad1aa68035c25af068059838ceae6dfa6d6,7a69fb21427492956ac16a4f0657ee843cdef3db07eff5a24421b9f9b4267e2c,main_SHARED_QUERY_123_selected,a033d1483c42c3a34229a4670ecefb6eaee35f3bbd13ee3cc8b179343d3df733,development_holdout,P1,2017-06-02,976,926.4047778454396,888f0613923e60f2de6c0ca32e09b97e4721c4fe8ce7cf257b55abe2520e1354
new_p3_training,True,tuned,SHARED_QUERY,123,main,3cfd389bbd05ec9201a41c0892e29bf8199198d1b216b9a8061370d4240aa583,bd1488a2d411295d7a2118c50ddcc0b158786123613af1676062e2270d1637d1,9cb89005693b1b70c102178849b740fde00b50c9ba5f3b5530d0e5749ea59837,eca954c21da074c545cb7858315ea39fee0a6f54b19e06474b4f2f91f1666847,490eeb15970ef077ee050323b551cd9c3c5534c257f1febddca9af74ed1cf0a4,6031dc4ee08b61c58b35b1efd7d764739d5c7c54dc7cbe9e9a72a1e4a7098596,e2212c40566e21c680a98186ebd8e984aa80d4fd,4d4ad03b827958468b1a231e360c7ad1aa68035c25af068059838ceae6dfa6d6,7a69fb21427492956ac16a4f0657ee843cdef3db07eff5a24421b9f9b4267e2c,main_SHARED_QUERY_123_selected,a033d1483c42c3a34229a4670ecefb6eaee35f3bbd13ee3cc8b179343d3df733,development_holdout,P1,2017-06-05,979,874.0348912714704,e3f3743f88fa3e4edb683146b6d46ca54e6dff5ae43112401119255c1d372a64
new_p3_training,True,tuned,SHARED_QUERY,123,main,3cfd389bbd05ec9201a41c0892e29bf8199198d1b216b9a8061370d4240aa583,bd1488a2d411295d7a2118c50ddcc0b158786123613af1676062e2270d1637d1,9cb89005693b1b70c102178849b740fde00b50c9ba5f3b5530d0e5749ea59837,eca954c21da074c545cb7858315ea39fee0a6f54b19e06474b4f2f91f1666847,490eeb15970ef077ee050323b551cd9c3c5534c257f1febddca9af74ed1cf0a4,6031dc4ee08b61c58b35b1efd7d764739d5c7c54dc7cbe9e9a72a1e4a7098596,e2212c40566e21c680a98186ebd8e984aa80d4fd,4d4ad03b827958468b1a231e360c7ad1aa68035c25af068059838ceae6dfa6d6,7a69fb21427492956ac16a4f0657ee843cdef3db07eff5a24421b9f9b4267e2c,main_SHARED_QUERY_123_selected,a033d1483c42c3a34229a4670ecefb6eaee35f3bbd13ee3cc8b179343d3df733,development_holdout,P1,2017-06-07,990,958.2634758582162,cf7dec019f40917924dc83e066c7b3ffd6baaf2e8aa6bb934aa9d31515eec29e
new_p3_training,True,tuned,SHARED_QUERY,123,main,3cfd389bbd05ec9201a41c0892e29bf8199198d1b216b9a8061370d4240aa583,bd1488a2d411295d7a2118c50ddcc0b158786123613af1676062e2270d1637d1,9cb89005693b1b70c102178849b740fde00b50c9ba5f3b5530d0e5749ea59837,eca954c21da074c545cb7858315ea39fee0a6f54b19e06474b4f2f91f1666847,490eeb15970ef077ee050323b551cd9c3c5534c257f1febddca9af74ed1cf0a4,6031dc4ee08b61c58b35b1efd7d764739d5c7c54dc7cbe9e9a72a1e4a7098596,e2212c40566e21c680a98186ebd8e984aa80d4fd,4d4ad03b827958468b1a231e360c7ad1aa68035c25af068059838ceae6dfa6d6,7a69fb21427492956ac16a4f0657ee843cdef3db07eff5a24421b9f9b4267e2c,main_SHARED_QUERY_123_selected,a033d1483c42c3a34229a4670ecefb6eaee35f3bbd13ee3cc8b179343d3df733,development_holdout,P1,2017-06-08,960,875.0953026997367,0b7364592d0741727f19dc5517960cd9309e5e1e657e4a62bb2dcde4710b735b
new_p3_training,True,tuned,SHARED_QUERY,123,main,3cfd389bbd05ec9201a41c0892e29bf8199198d1b216b9a8061370d4240aa583,bd1488a2d411295d7a2118c50ddcc0b158786123613af1676062e2270d1637d1,9cb89005693b1b70c102178849b740fde00b50c9ba5f3b5530d0e5749ea59837,eca954c21da074c545cb7858315ea39fee0a6f54b19e06474b4f2f91f1666847,490eeb15970ef077ee050323b551cd9c3c5534c257f1febddca9af74ed1cf0a4,6031dc4ee08b61c58b35b1efd7d764739d5c7c54dc7cbe9e9a72a1e4a7098596,e2212c40566e21c680a98186ebd8e984aa80d4fd,4d4ad03b827958468b1a231e360c7ad1aa68035c25af068059838ceae6dfa6d6,7a69fb21427492956ac16a4f0657ee843cdef3db07eff5a24421b9f9b4267e2c,main_SHARED_QUERY_123_selected,a033d1483c42c3a34229a4670ecefb6eaee35f3bbd13ee3cc8b179343d3df733,development_holdout,P1,2017-06-09,974,938.1010062266379,3ba264d59ceace7acce3457898ee6b569e65143a616f09a5c91c9fbeab871080
new_p3_training,True,tuned,SHARED_QUERY,123,main,3cfd389bbd05ec9201a41c0892e29bf8199198d1b216b9a8061370d4240aa583,bd1488a2d411295d7a2118c50ddcc0b158786123613af1676062e2270d1637d1,9cb89005693b1b70c102178849b740fde00b50c9ba5f3b5530d0e5749ea59837,eca954c21da074c545cb7858315ea39fee0a6f54b19e06474b4f2f91f1666847,490eeb15970ef077ee050323b551cd9c3c5534c257f1febddca9af74ed1cf0a4,6031dc4ee08b61c58b35b1efd7d764739d5c7c54dc7cbe9e9a72a1e4a7098596,e2212c40566e21c680a98186ebd8e984aa80d4fd,4d4ad03b827958468b1a231e360c7ad1aa68035c25af068059838ceae6dfa6d6,7a69fb21427492956ac16a4f0657ee843cdef3db07eff5a24421b9f9b4267e2c,main_SHARED_QUERY_123_selected,a033d1483c42c3a34229a4670ecefb6eaee35f3bbd13ee3cc8b179343d3df733,development_holdout,P1,2017-06-12,987,921.9286322029528,af316d40cf79d0fe0d98d6a3629528b7f57d9d08f92381c26303a0e11c234f62
new_p3_training,True,tuned,SHARED_QUERY,123,main,3cfd389bbd05ec9201a41c0892e29bf8199198d1b216b9a8061370d4240aa583,bd1488a2d411295d7a2118c50ddcc0b158786123613af1676062e2270d1637d1,9cb89005693b1b70c102178849b740fde00b50c9ba5f3b5530d0e5749ea59837,eca954c21da074c545cb7858315ea39fee0a6f54b19e06474b4f2f91f1666847,490eeb15970ef077ee050323b551cd9c3c5534c257f1febddca9af74ed1cf0a4,6031dc4ee08b61c58b35b1efd7d764739d5c7c54dc7cbe9e9a72a1e4a7098596,e2212c40566e21c680a98186ebd8e984aa80d4fd,4d4ad03b827958468b1a231e360c7ad1aa68035c25af068059838ceae6dfa6d6,7a69fb21427492956ac16a4f0657ee843cdef3db07eff5a24421b9f9b4267e2c,main_SHARED_QUERY_123_selected,a033d1483c42c3a34229a4670ecefb6eaee35f3bbd13ee3cc8b179343d3df733,development_holdout,P1,2017-06-13,965,905.7052547386556,dd9fa345bc19e17d3a215b965f0c57be93cd7f30b6e0168524cac1e14708247a
new_p3_training,True,tuned,SHARED_QUERY,123,main,3cfd389bbd05ec9201a41c0892e29bf8199198d1b216b9a8061370d4240aa583,bd1488a2d411295d7a2118c50ddcc0b158786123613af1676062e2270d1637d1,9cb89005693b1b70c102178849b740fde00b50c9ba5f3b5530d0e5749ea59837,eca954c21da074c545cb7858315ea39fee0a6f54b19e06474b4f2f91f1666847,490eeb15970ef077ee050323b551cd9c3c5534c257f1febddca9af74ed1cf0a4,6031dc4ee08b61c58b35b1efd7d764739d5c7c54dc7cbe9e9a72a1e4a7098596,e2212c40566e21c680a98186ebd8e984aa80d4fd,4d4ad03b827958468b1a231e360c7ad1aa68035c25af068059838ceae6dfa6d6,7a69fb21427492956ac16a4f0657ee843cdef3db07eff5a24421b9f9b4267e2c,main_SHARED_QUERY_123_selected,a033d1483c42c3a34229a4670ecefb6eaee35f3bbd13ee3cc8b179343d3df733,development_holdout,P1,2017-06-14,979,921.3404254102707,558b28b0c3ad038dabf79412f0790ab5f3c87ed86c2240e3b8fa668a619b5114
new_p3_training,True,tuned,SHARED_QUERY,123,main,3cfd389bbd05ec9201a41c0892e29bf8199198d1b216b9a8061370d4240aa583,bd1488a2d411295d7a2118c50ddcc0b158786123613af1676062e2270d1637d1,9cb89005693b1b70c102178849b740fde00b50c9ba5f3b5530d0e5749ea59837,eca954c21da074c545cb7858315ea39fee0a6f54b19e06474b4f2f91f1666847,490eeb15970ef077ee050323b551cd9c3c5534c257f1febddca9af74ed1cf0a4,6031dc4ee08b61c58b35b1efd7d764739d5c7c54dc7cbe9e9a72a1e4a7098596,e2212c40566e21c680a98186ebd8e984aa80d4fd,4d4ad03b827958468b1a231e360c7ad1aa68035c25af068059838ceae6dfa6d6,7a69fb21427492956ac16a4f0657ee843cdef3db07eff5a24421b9f9b4267e2c,main_SHARED_QUERY_123_selected,a033d1483c42c3a34229a4670ecefb6eaee35f3bbd13ee3cc8b179343d3df733,development_holdout,P1,2017-06-15,946,901.5951306955959,167f722d441ba61503f4e0bc07e07f2b2412f015ba0438a70f25aa47956643d1
new_p3_training,True,tuned,SHARED_QUERY,123,main,3cfd389bbd05ec9201a41c0892e29bf8199198d1b216b9a8061370d4240aa583,bd1488a2d411295d7a2118c50ddcc0b158786123613af1676062e2270d1637d1,9cb89005693b1b70c102178849b740fde00b50c9ba5f3b5530d0e5749ea59837,eca954c21da074c545cb7858315ea39fee0a6f54b19e06474b4f2f91f1666847,490eeb15970ef077ee050323b551cd9c3c5534c257f1febddca9af74ed1cf0a4,6031dc4ee08b61c58b35b1efd7d764739d5c7c54dc7cbe9e9a72a1e4a7098596,e2212c40566e21c680a98186ebd8e984aa80d4fd,4d4ad03b827958468b1a231e360c7ad1aa68035c25af068059838ceae6dfa6d6,7a69fb21427492956ac16a4f0657ee843cdef3db07eff5a24421b9f9b4267e2c,main_SHARED_QUERY_123_selected,a033d1483c42c3a34229a4670ecefb6eaee35f3bbd13ee3cc8b179343d3df733,development_holdout,P1,2017-06-16,974,871.7207937606773,bb0625d90cab54e1befa434c4fc7dafd52bec26f44970a89f8641c291275d608
new_p3_training,True,tuned,SHARED_QUERY,123,main,3cfd389bbd05ec9201a41c0892e29bf8199198d1b216b9a8061370d4240aa583,bd1488a2d411295d7a2118c50ddcc0b158786123613af1676062e2270d1637d1,9cb89005693b1b70c102178849b740fde00b50c9ba5f3b5530d0e5749ea59837,eca954c21da074c545cb7858315ea39fee0a6f54b19e06474b4f2f91f1666847,490eeb15970ef077ee050323b551cd9c3c5534c257f1febddca9af74ed1cf0a4,6031dc4ee08b61c58b35b1efd7d764739d5c7c54dc7cbe9e9a72a1e4a7098596,e2212c40566e21c680a98186ebd8e984aa80d4fd,4d4ad03b827958468b1a231e360c7ad1aa68035c25af068059838ceae6dfa6d6,7a69fb21427492956ac16a4f0657ee843cdef3db07eff5a24421b9f9b4267e2c,main_SHARED_QUERY_123_selected,a033d1483c42c3a34229a4670ecefb6eaee35f3bbd13ee3cc8b179343d3df733,development_holdout,P1,2017-06-19,977,930.6731847988908,17ac581d606a35791969fdf40d838182430812fb5c6351802d55891e1d93c4b8
new_p3_training,True,tuned,SHARED_QUERY,123,main,3cfd389bbd05ec9201a41c0892e29bf8199198d1b216b9a8061370d4240aa583,bd1488a2d411295d7a2118c50ddcc0b158786123613af1676062e2270d1637d1,9cb89005693b1b70c102178849b740fde00b50c9ba5f3b5530d0e5749ea59837,eca954c21da074c545cb7858315ea39fee0a6f54b19e06474b4f2f91f1666847,490eeb15970ef077ee050323b551cd9c3c5534c257f1febddca9af74ed1cf0a4,6031dc4ee08b61c58b35b1efd7d764739d5c7c54dc7cbe9e9a72a1e4a7098596,e2212c40566e21c680a98186ebd8e984aa80d4fd,4d4ad03b827958468b1a231e360c7ad1aa68035c25af068059838ceae6dfa6d6,7a69fb21427492956ac16a4f0657ee843cdef3db07eff5a24421b9f9b4267e2c,main_SHARED_QUERY_123_selected,a033d1483c42c3a34229a4670ecefb6eaee35f3bbd13ee3cc8b179343d3df733,development_holdout,P1,2017-06-20,975,917.9573328239903,66e8ea64f512996ca2eaa7852045b38392fef54c72aa5ff05b4a7bdd5f6d5c7b
new_p3_training,True,tuned,SHARED_QUERY,123,main,3cfd389bbd05ec9201a41c0892e29bf8199198d1b216b9a8061370d4240aa583,bd1488a2d411295d7a2118c50ddcc0b158786123613af1676062e2270d1637d1,9cb89005693b1b70c102178849b740fde00b50c9ba5f3b5530d0e5749ea59837,eca954c21da074c545cb7858315ea39fee0a6f54b19e06474b4f2f91f1666847,490eeb15970ef077ee050323b551cd9c3c5534c257f1febddca9af74ed1cf0a4,6031dc4ee08b61c58b35b1efd7d764739d5c7c54dc7cbe9e9a72a1e4a7098596,e2212c40566e21c680a98186ebd8e984aa80d4fd,4d4ad03b827958468b1a231e360c7ad1aa68035c25af068059838ceae6dfa6d6,7a69fb21427492956ac16a4f0657ee843cdef3db07eff5a24421b9f9b4267e2c,main_SHARED_QUERY_123_selected,a033d1483c42c3a34229a4670ecefb6eaee35f3bbd13ee3cc8b179343d3df733,development_holdout,P1,2017-06-21,959,951.3938894338729,0f5714e4a20502e04da1e82071194894a448444ae9901e587a69ccec783119f5
new_p3_training,True,tuned,SHARED_QUERY,123,main,3cfd389bbd05ec9201a41c0892e29bf8199198d1b216b9a8061370d4240aa583,bd1488a2d411295d7a2118c50ddcc0b158786123613af1676062e2270d1637d1,9cb89005693b1b70c102178849b740fde00b50c9ba5f3b5530d0e5749ea59837,eca954c21da074c545cb7858315ea39fee0a6f54b19e06474b4f2f91f1666847,490eeb15970ef077ee050323b551cd9c3c5534c257f1febddca9af74ed1cf0a4,6031dc4ee08b61c58b35b1efd7d764739d5c7c54dc7cbe9e9a72a1e4a7098596,e2212c40566e21c680a98186ebd8e984aa80d4fd,4d4ad03b827958468b1a231e360c7ad1aa68035c25af068059838ceae6dfa6d6,7a69fb21427492956ac16a4f0657ee843cdef3db07eff5a24421b9f9b4267e2c,main_SHARED_QUERY_123_selected,a033d1483c42c3a34229a4670ecefb6eaee35f3bbd13ee3cc8b179343d3df733,development_holdout,P1,2017-06-22,974,940.8291966879094,e0541c8001d9b69e89333c0dad4e8883e17d0a3a6c38163ca66cfd17e14c5d6f
new_p3_training,True,tuned,SHARED_QUERY,123,main,3cfd389bbd05ec9201a41c0892e29bf8199198d1b216b9a8061370d4240aa583,bd1488a2d411295d7a2118c50ddcc0b158786123613af1676062e2270d1637d1,9cb89005693b1b70c102178849b740fde00b50c9ba5f3b5530d0e5749ea59837,eca954c21da074c545cb7858315ea39fee0a6f54b19e06474b4f2f91f1666847,490eeb15970ef077ee050323b551cd9c3c5534c257f1febddca9af74ed1cf0a4,6031dc4ee08b61c58b35b1efd7d764739d5c7c54dc7cbe9e9a72a1e4a7098596,e2212c40566e21c680a98186ebd8e984aa80d4fd,4d4ad03b827958468b1a231e360c7ad1aa68035c25af068059838ceae6dfa6d6,7a69fb21427492956ac16a4f0657ee843cdef3db07eff5a24421b9f9b4267e2c,main_SHARED_QUERY_123_selected,a033d1483c42c3a34229a4670ecefb6eaee35f3bbd13ee3cc8b179343d3df733,development_holdout,P1,2017-06-23,959,886.2175342813962,1142fbf789d730f17a63b4f2727ee32d15b0eb5b9d74ac8740e4dd452b20b641
new_p3_training,True,tuned,SHARED_QUERY,123,main,3cfd389bbd05ec9201a41c0892e29bf8199198d1b216b9a8061370d4240aa583,bd1488a2d411295d7a2118c50ddcc0b158786123613af1676062e2270d1637d1,9cb89005693b1b70c102178849b740fde00b50c9ba5f3b5530d0e5749ea59837,eca954c21da074c545cb7858315ea39fee0a6f54b19e06474b4f2f91f1666847,490eeb15970ef077ee050323b551cd9c3c5534c257f1febddca9af74ed1cf0a4,6031dc4ee08b61c58b35b1efd7d764739d5c7c54dc7cbe9e9a72a1e4a7098596,e2212c40566e21c680a98186ebd8e984aa80d4fd,4d4ad03b827958468b1a231e360c7ad1aa68035c25af068059838ceae6dfa6d6,7a69fb21427492956ac16a4f0657ee843cdef3db07eff5a24421b9f9b4267e2c,main_SHARED_QUERY_123_selected,a033d1483c42c3a34229a4670ecefb6eaee35f3bbd13ee3cc8b179343d3df733,development_holdout,P1,2017-06-26,952,866.458365907593,424df120451527e49ab6fd146f590c54fa3d88de0bfcd2106eba5e1896fe5e2f
new_p3_training,True,tuned,SHARED_QUERY,123,main,3cfd389bbd05ec9201a41c0892e29bf8199198d1b216b9a8061370d4240aa583,bd1488a2d411295d7a2118c50ddcc0b158786123613af1676062e2270d1637d1,9cb89005693b1b70c102178849b740fde00b50c9ba5f3b5530d0e5749ea59837,eca954c21da074c545cb7858315ea39fee0a6f54b19e06474b4f2f91f1666847,490eeb15970ef077ee050323b551cd9c3c5534c257f1febddca9af74ed1cf0a4,6031dc4ee08b61c58b35b1efd7d764739d5c7c54dc7cbe9e9a72a1e4a7098596,e2212c40566e21c680a98186ebd8e984aa80d4fd,4d4ad03b827958468b1a231e360c7ad1aa68035c25af068059838ceae6dfa6d6,7a69fb21427492956ac16a4f0657ee843cdef3db07eff5a24421b9f9b4267e2c,main_SHARED_QUERY_123_selected,a033d1483c42c3a34229a4670ecefb6eaee35f3bbd13ee3cc8b179343d3df733,development_holdout,P1,2017-06-27,964,880.5343446229116,340614f898486fe77fc7f7f8176b33fa0a323c14cad38cf27f6720e54e9f4289
new_p3_training,True,tuned,SHARED_QUERY,123,main,3cfd389bbd05ec9201a41c0892e29bf8199198d1b216b9a8061370d4240aa583,bd1488a2d411295d7a2118c50ddcc0b158786123613af1676062e2270d1637d1,9cb89005693b1b70c102178849b740fde00b50c9ba5f3b5530d0e5749ea59837,eca954c21da074c545cb7858315ea39fee0a6f54b19e06474b4f2f91f1666847,490eeb15970ef077ee050323b551cd9c3c5534c257f1febddca9af74ed1cf0a4,6031dc4ee08b61c58b35b1efd7d764739d5c7c54dc7cbe9e9a72a1e4a7098596,e2212c40566e21c680a98186ebd8e984aa80d4fd,4d4ad03b827958468b1a231e360c7ad1aa68035c25af068059838ceae6dfa6d6,7a69fb21427492956ac16a4f0657ee843cdef3db07eff5a24421b9f9b4267e2c,main_SHARED_QUERY_123_selected,a033d1483c42c3a34229a4670ecefb6eaee35f3bbd13ee3cc8b179343d3df733,development_holdout,P1,2017-06-28,965,927.6424873507053,2168a02be7fd83168a054efaece935d0cb0d50d0d03feb13ca05f07f67ab1261
new_p3_training,True,tuned,SHARED_QUERY,123,main,3cfd389bbd05ec9201a41c0892e29bf8199198d1b216b9a8061370d4240aa583,bd1488a2d411295d7a2118c50ddcc0b158786123613af1676062e2270d1637d1,9cb89005693b1b70c102178849b740fde00b50c9ba5f3b5530d0e5749ea59837,eca954c21da074c545cb7858315ea39fee0a6f54b19e06474b4f2f91f1666847,490eeb15970ef077ee050323b551cd9c3c5534c257f1febddca9af74ed1cf0a4,6031dc4ee08b61c58b35b1efd7d764739d5c7c54dc7cbe9e9a72a1e4a7098596,e2212c40566e21c680a98186ebd8e984aa80d4fd,4d4ad03b827958468b1a231e360c7ad1aa68035c25af068059838ceae6dfa6d6,7a69fb21427492956ac16a4f0657ee843cdef3db07eff5a24421b9f9b4267e2c,main_SHARED_QUERY_123_selected,a033d1483c42c3a34229a4670ecefb6eaee35f3bbd13ee3cc8b179343d3df733,development_holdout,P1,2017-06-29,949,885.501431073937,9054a792d13abea60e09353623e0a8732cf05c93206fe8da5ba7643b476fe386
new_p3_training,True,tuned,SHARED_QUERY,123,main,3cfd389bbd05ec9201a41c0892e29bf8199198d1b216b9a8061370d4240aa583,bd1488a2d411295d7a2118c50ddcc0b158786123613af1676062e2270d1637d1,9cb89005693b1b70c102178849b740fde00b50c9ba5f3b5530d0e5749ea59837,eca954c21da074c545cb7858315ea39fee0a6f54b19e06474b4f2f91f1666847,490eeb15970ef077ee050323b551cd9c3c5534c257f1febddca9af74ed1cf0a4,6031dc4ee08b61c58b35b1efd7d764739d5c7c54dc7cbe9e9a72a1e4a7098596,e2212c40566e21c680a98186ebd8e984aa80d4fd,4d4ad03b827958468b1a231e360c7ad1aa68035c25af068059838ceae6dfa6d6,7a69fb21427492956ac16a4f0657ee843cdef3db07eff5a24421b9f9b4267e2c,main_SHARED_QUERY_123_selected,a033d1483c42c3a34229a4670ecefb6eaee35f3bbd13ee3cc8b179343d3df733,development_holdout,P1,2017-06-30,951,868.0598334473284,8966ac9aeaf33055058a773aa33023d5a8e0225d54cb57dea8979ade45f39c6e
new_p3_training,True,tuned,SHARED_QUERY,123,main,3cfd389bbd05ec9201a41c0892e29bf8199198d1b216b9a8061370d4240aa583,bd1488a2d411295d7a2118c50ddcc0b158786123613af1676062e2270d1637d1,9cb89005693b1b70c102178849b740fde00b50c9ba5f3b5530d0e5749ea59837,eca954c21da074c545cb7858315ea39fee0a6f54b19e06474b4f2f91f1666847,490eeb15970ef077ee050323b551cd9c3c5534c257f1febddca9af74ed1cf0a4,6031dc4ee08b61c58b35b1efd7d764739d5c7c54dc7cbe9e9a72a1e4a7098596,e2212c40566e21c680a98186ebd8e984aa80d4fd,4d4ad03b827958468b1a231e360c7ad1aa68035c25af068059838ceae6dfa6d6,7a69fb21427492956ac16a4f0657ee843cdef3db07eff5a24421b9f9b4267e2c,main_SHARED_QUERY_123_selected,a033d1483c42c3a34229a4670ecefb6eaee35f3bbd13ee3cc8b179343d3df733,development_holdout,P2,2017-02-06,891,814.8255347716813,585b640d56ba14b63ff6a63b5755b7e71b09cb9d7eac5d8ab9e7ab8d9611e136
new_p3_training,True,tuned,SHARED_QUERY,123,main,3cfd389bbd05ec9201a41c0892e29bf8199198d1b216b9a8061370d4240aa583,bd1488a2d411295d7a2118c50ddcc0b158786123613af1676062e2270d1637d1,9cb89005693b1b70c102178849b740fde00b50c9ba5f3b5530d0e5749ea59837,eca954c21da074c545cb7858315ea39fee0a6f54b19e06474b4f2f91f1666847,490eeb15970ef077ee050323b551cd9c3c5534c257f1febddca9af74ed1cf0a4,6031dc4ee08b61c58b35b1efd7d764739d5c7c54dc7cbe9e9a72a1e4a7098596,e2212c40566e21c680a98186ebd8e984aa80d4fd,4d4ad03b827958468b1a231e360c7ad1aa68035c25af068059838ceae6dfa6d6,7a69fb21427492956ac16a4f0657ee843cdef3db07eff5a24421b9f9b4267e2c,main_SHARED_QUERY_123_selected,a033d1483c42c3a34229a4670ecefb6eaee35f3bbd13ee3cc8b179343d3df733,development_holdout,P2,2017-02-07,891,811.2193101596079,7c06baa49f4f4dabca414627f9fb76740f9b0c059e3c04b94030019fe7f20696
new_p3_training,True,tuned,SHARED_QUERY,123,main,3cfd389bbd05ec9201a41c0892e29bf8199198d1b216b9a8061370d4240aa583,bd1488a2d411295d7a2118c50ddcc0b158786123613af1676062e2270d1637d1,9cb89005693b1b70c102178849b740fde00b50c9ba5f3b5530d0e5749ea59837,eca954c21da074c545cb7858315ea39fee0a6f54b19e06474b4f2f91f1666847,490eeb15970ef077ee050323b551cd9c3c5534c257f1febddca9af74ed1cf0a4,6031dc4ee08b61c58b35b1efd7d764739d5c7c54dc7cbe9e9a72a1e4a7098596,e2212c40566e21c680a98186ebd8e984aa80d4fd,4d4ad03b827958468b1a231e360c7ad1aa68035c25af068059838ceae6dfa6d6,7a69fb21427492956ac16a4f0657ee843cdef3db07eff5a24421b9f9b4267e2c,main_SHARED_QUERY_123_selected,a033d1483c42c3a34229a4670ecefb6eaee35f3bbd13ee3cc8b179343d3df733,development_holdout,P2,2017-02-08,891,871.2134795173556,d0f68d2132f7ffba9e09d03a3f90447211876544b0348d88c02a69b0faf4f475
new_p3_training,True,tuned,SHARED_QUERY,123,main,3cfd389bbd05ec9201a41c0892e29bf8199198d1b216b9a8061370d4240aa583,bd1488a2d411295d7a2118c50ddcc0b158786123613af1676062e2270d1637d1,9cb89005693b1b70c102178849b740fde00b50c9ba5f3b5530d0e5749ea59837,eca954c21da074c545cb7858315ea39fee0a6f54b19e06474b4f2f91f1666847,490eeb15970ef077ee050323b551cd9c3c5534c257f1febddca9af74ed1cf0a4,6031dc4ee08b61c58b35b1efd7d764739d5c7c54dc7cbe9e9a72a1e4a7098596,e2212c40566e21c680a98186ebd8e984aa80d4fd,4d4ad03b827958468b1a231e360c7ad1aa68035c25af068059838ceae6dfa6d6,7a69fb21427492956ac16a4f0657ee843cdef3db07eff5a24421b9f9b4267e2c,main_SHARED_QUERY_123_selected,a033d1483c42c3a34229a4670ecefb6eaee35f3bbd13ee3cc8b179343d3df733,development_holdout,P2,2017-02-09,891,826.5003167678003,2a0ab589e84a4bf11bd1602453818457d0b66538c5d1f09e8ca0d3b2231daf9e
new_p3_training,True,tuned,SHARED_QUERY,123,main,3cfd389bbd05ec9201a41c0892e29bf8199198d1b216b9a8061370d4240aa583,bd1488a2d411295d7a2118c50ddcc0b158786123613af1676062e2270d1637d1,9cb89005693b1b70c102178849b740fde00b50c9ba5f3b5530d0e5749ea59837,eca954c21da074c545cb7858315ea39fee0a6f54b19e06474b4f2f91f1666847,490eeb15970ef077ee050323b551cd9c3c5534c257f1febddca9af74ed1cf0a4,6031dc4ee08b61c58b35b1efd7d764739d5c7c54dc7cbe9e9a72a1e4a7098596,e2212c40566e21c680a98186ebd8e984aa80d4fd,4d4ad03b827958468b1a231e360c7ad1aa68035c25af068059838ceae6dfa6d6,7a69fb21427492956ac16a4f0657ee843cdef3db07eff5a24421b9f9b4267e2c,main_SHARED_QUERY_123_selected,a033d1483c42c3a34229a4670ecefb6eaee35f3bbd13ee3cc8b179343d3df733,development_holdout,P2,2017-02-10,891,786.2093209696521,c9715bad00f7a06300734e645a0bc5a8523f608690c2c2cde799be5df38f4c40
new_p3_training,True,tuned,SHARED_QUERY,123,main,3cfd389bbd05ec9201a41c0892e29bf8199198d1b216b9a8061370d4240aa583,bd1488a2d411295d7a2118c50ddcc0b158786123613af1676062e2270d1637d1,9cb89005693b1b70c102178849b740fde00b50c9ba5f3b5530d0e5749ea59837,eca954c21da074c545cb7858315ea39fee0a6f54b19e06474b4f2f91f1666847,490eeb15970ef077ee050323b551cd9c3c5534c257f1febddca9af74ed1cf0a4,6031dc4ee08b61c58b35b1efd7d764739d5c7c54dc7cbe9e9a72a1e4a7098596,e2212c40566e21c680a98186ebd8e984aa80d4fd,4d4ad03b827958468b1a231e360c7ad1aa68035c25af068059838ceae6dfa6d6,7a69fb21427492956ac16a4f0657ee843cdef3db07eff5a24421b9f9b4267e2c,main_SHARED_QUERY_123_selected,a033d1483c42c3a34229a4670ecefb6eaee35f3bbd13ee3cc8b179343d3df733,development_holdout,P2,2017-02-13,891,738.8804729873698,206ca7872936562c655c7b9a437a864aa32646368e7ea16325c096350c91dfe5
new_p3_training,True,tuned,SHARED_QUERY,123,main,3cfd389bbd05ec9201a41c0892e29bf8199198d1b216b9a8061370d4240aa583,bd1488a2d411295d7a2118c50ddcc0b158786123613af1676062e2270d1637d1,9cb89005693b1b70c102178849b740fde00b50c9ba5f3b5530d0e5749ea59837,eca954c21da074c545cb7858315ea39fee0a6f54b19e06474b4f2f91f1666847,490eeb15970ef077ee050323b551cd9c3c5534c257f1febddca9af74ed1cf0a4,6031dc4ee08b61c58b35b1efd7d764739d5c7c54dc7cbe9e9a72a1e4a7098596,e2212c40566e21c680a98186ebd8e984aa80d4fd,4d4ad03b827958468b1a231e360c7ad1aa68035c25af068059838ceae6dfa6d6,7a69fb21427492956ac16a4f0657ee843cdef3db07eff5a24421b9f9b4267e2c,main_SHARED_QUERY_123_selected,a033d1483c42c3a34229a4670ecefb6eaee35f3bbd13ee3cc8b179343d3df733,development_holdout,P2,2017-02-14,891,770.678104272788,b26235271a182e33db53ef47f6491ae84c014038dfddefe2dbfda76732bb369e
new_p3_training,True,tuned,SHARED_QUERY,123,main,3cfd389bbd05ec9201a41c0892e29bf8199198d1b216b9a8061370d4240aa583,bd1488a2d411295d7a2118c50ddcc0b158786123613af1676062e2270d1637d1,9cb89005693b1b70c102178849b740fde00b50c9ba5f3b5530d0e5749ea59837,eca954c21da074c545cb7858315ea39fee0a6f54b19e06474b4f2f91f1666847,490eeb15970ef077ee050323b551cd9c3c5534c257f1febddca9af74ed1cf0a4,6031dc4ee08b61c58b35b1efd7d764739d5c7c54dc7cbe9e9a72a1e4a7098596,e2212c40566e21c680a98186ebd8e984aa80d4fd,4d4ad03b827958468b1a231e360c7ad1aa68035c25af068059838ceae6dfa6d6,7a69fb21427492956ac16a4f0657ee843cdef3db07eff5a24421b9f9b4267e2c,main_SHARED_QUERY_123_selected,a033d1483c42c3a34229a4670ecefb6eaee35f3bbd13ee3cc8b179343d3df733,development_holdout,P2,2017-02-15,891,840.9259680287146,f02689c1dbd6097fc046eb854b64d10471dc4fed292f682cc30f94c468f3e42b
new_p3_training,True,tuned,SHARED_QUERY,123,main,3cfd389bbd05ec9201a41c0892e29bf8199198d1b216b9a8061370d4240aa583,bd1488a2d411295d7a2118c50ddcc0b158786123613af1676062e2270d1637d1,9cb89005693b1b70c102178849b740fde00b50c9ba5f3b5530d0e5749ea59837,eca954c21da074c545cb7858315ea39fee0a6f54b19e06474b4f2f91f1666847,490eeb15970ef077ee050323b551cd9c3c5534c257f1febddca9af74ed1cf0a4,6031dc4ee08b61c58b35b1efd7d764739d5c7c54dc7cbe9e9a72a1e4a7098596,e2212c40566e21c680a98186ebd8e984aa80d4fd,4d4ad03b827958468b1a231e360c7ad1aa68035c25af068059838ceae6dfa6d6,7a69fb21427492956ac16a4f0657ee843cdef3db07eff5a24421b9f9b4267e2c,main_SHARED_QUERY_123_selected,a033d1483c42c3a34229a4670ecefb6eaee35f3bbd13ee3cc8b179343d3df733,development_holdout,P2,2017-02-16,891,853.2805625929909,2299da7fdd6def5f0004c792894c99f1dab8aff61318ffca8daa9f0d29621c7a
new_p3_training,True,tuned,SHARED_QUERY,123,main,3cfd389bbd05ec9201a41c0892e29bf8199198d1b216b9a8061370d4240aa583,bd1488a2d411295d7a2118c50ddcc0b158786123613af1676062e2270d1637d1,9cb89005693b1b70c102178849b740fde00b50c9ba5f3b5530d0e5749ea59837,eca954c21da074c545cb7858315ea39fee0a6f54b19e06474b4f2f91f1666847,490eeb15970ef077ee050323b551cd9c3c5534c257f1febddca9af74ed1cf0a4,6031dc4ee08b61c58b35b1efd7d764739d5c7c54dc7cbe9e9a72a1e4a7098596,e2212c40566e21c680a98186ebd8e984aa80d4fd,4d4ad03b827958468b1a231e360c7ad1aa68035c25af068059838ceae6dfa6d6,7a69fb21427492956ac16a4f0657ee843cdef3db07eff5a24421b9f9b4267e2c,main_SHARED_QUERY_123_selected,a033d1483c42c3a34229a4670ecefb6eaee35f3bbd13ee3cc8b179343d3df733,development_holdout,P2,2017-02-17,891,781.8271335358464,64369efeb4e553fee80e28548226833b7bc2017cd8d4ac8cc8442e86cd336247
new_p3_training,True,tuned,SHARED_QUERY,123,main,3cfd389bbd05ec9201a41c0892e29bf8199198d1b216b9a8061370d4240aa583,bd1488a2d411295d7a2118c50ddcc0b158786123613af1676062e2270d1637d1,9cb89005693b1b70c102178849b740fde00b50c9ba5f3b5530d0e5749ea59837,eca954c21da074c545cb7858315ea39fee0a6f54b19e06474b4f2f91f1666847,490eeb15970ef077ee050323b551cd9c3c5534c257f1febddca9af74ed1cf0a4,6031dc4ee08b61c58b35b1efd7d764739d5c7c54dc7cbe9e9a72a1e4a7098596,e2212c40566e21c680a98186ebd8e984aa80d4fd,4d4ad03b827958468b1a231e360c7ad1aa68035c25af068059838ceae6dfa6d6,7a69fb21427492956ac16a4f0657ee843cdef3db07eff5a24421b9f9b4267e2c,main_SHARED_QUERY_123_selected,a033d1483c42c3a34229a4670ecefb6eaee35f3bbd13ee3cc8b179343d3df733,development_holdout,P2,2017-02-20,891,767.0370454291642,f38ce59bcfaa77410570ae8c28de2671864232938734f2f7cf40dbd0a7d4eb4f
new_p3_training,True,tuned,SHARED_QUERY,123,main,3cfd389bbd05ec9201a41c0892e29bf8199198d1b216b9a8061370d4240aa583,bd1488a2d411295d7a2118c50ddcc0b158786123613af1676062e2270d1637d1,9cb89005693b1b70c102178849b740fde00b50c9ba5f3b5530d0e5749ea59837,eca954c21da074c545cb7858315ea39fee0a6f54b19e06474b4f2f91f1666847,490eeb15970ef077ee050323b551cd9c3c5534c257f1febddca9af74ed1cf0a4,6031dc4ee08b61c58b35b1efd7d764739d5c7c54dc7cbe9e9a72a1e4a7098596,e2212c40566e21c680a98186ebd8e984aa80d4fd,4d4ad03b827958468b1a231e360c7ad1aa68035c25af068059838ceae6dfa6d6,7a69fb21427492956ac16a4f0657ee843cdef3db07eff5a24421b9f9b4267e2c,main_SHARED_QUERY_123_selected,a033d1483c42c3a34229a4670ecefb6eaee35f3bbd13ee3cc8b179343d3df733,development_holdout,P2,2017-02-21,891,823.5658177357213,d27073d9de5169944525070d2f0ccd8b8dd5ceb7aadb042e9a40838be6862094
new_p3_training,True,tuned,SHARED_QUERY,123,main,3cfd389bbd05ec9201a41c0892e29bf8199198d1b216b9a8061370d4240aa583,bd1488a2d411295d7a2118c50ddcc0b158786123613af1676062e2270d1637d1,9cb89005693b1b70c102178849b740fde00b50c9ba5f3b5530d0e5749ea59837,eca954c21da074c545cb7858315ea39fee0a6f54b19e06474b4f2f91f1666847,490eeb15970ef077ee050323b551cd9c3c5534c257f1febddca9af74ed1cf0a4,6031dc4ee08b61c58b35b1efd7d764739d5c7c54dc7cbe9e9a72a1e4a7098596,e2212c40566e21c680a98186ebd8e984aa80d4fd,4d4ad03b827958468b1a231e360c7ad1aa68035c25af068059838ceae6dfa6d6,7a69fb21427492956ac16a4f0657ee843cdef3db07eff5a24421b9f9b4267e2c,main_SHARED_QUERY_123_selected,a033d1483c42c3a34229a4670ecefb6eaee35f3bbd13ee3cc8b179343d3df733,development_holdout,P2,2017-02-22,891,792.0958950164265,7447397e1160717edc4074a9dae7483b54060b5d5d667b18c14b0fe74fe827f0
new_p3_training,True,tuned,SHARED_QUERY,123,main,3cfd389bbd05ec9201a41c0892e29bf8199198d1b216b9a8061370d4240aa583,bd1488a2d411295d7a2118c50ddcc0b158786123613af1676062e2270d1637d1,9cb89005693b1b70c102178849b740fde00b50c9ba5f3b5530d0e5749ea59837,eca954c21da074c545cb7858315ea39fee0a6f54b19e06474b4f2f91f1666847,490eeb15970ef077ee050323b551cd9c3c5534c257f1febddca9af74ed1cf0a4,6031dc4ee08b61c58b35b1efd7d764739d5c7c54dc7cbe9e9a72a1e4a7098596,e2212c40566e21c680a98186ebd8e984aa80d4fd,4d4ad03b827958468b1a231e360c7ad1aa68035c25af068059838ceae6dfa6d6,7a69fb21427492956ac16a4f0657ee843cdef3db07eff5a24421b9f9b4267e2c,main_SHARED_QUERY_123_selected,a033d1483c42c3a34229a4670ecefb6eaee35f3bbd13ee3cc8b179343d3df733,development_holdout,P2,2017-02-23,891,828.4418219818781,d7f302b33c1080513c2200d59380189c56b220369799c9adc196cfe120632804
new_p3_training,True,tuned,SHARED_QUERY,123,main,3cfd389bbd05ec9201a41c0892e29bf8199198d1b216b9a8061370d4240aa583,bd1488a2d411295d7a2118c50ddcc0b158786123613af1676062e2270d1637d1,9cb89005693b1b70c102178849b740fde00b50c9ba5f3b5530d0e5749ea59837,eca954c21da074c545cb7858315ea39fee0a6f54b19e06474b4f2f91f1666847,490eeb15970ef077ee050323b551cd9c3c5534c257f1febddca9af74ed1cf0a4,6031dc4ee08b61c58b35b1efd7d764739d5c7c54dc7cbe9e9a72a1e4a7098596,e2212c40566e21c680a98186ebd8e984aa80d4fd,4d4ad03b827958468b1a231e360c7ad1aa68035c25af068059838ceae6dfa6d6,7a69fb21427492956ac16a4f0657ee843cdef3db07eff5a24421b9f9b4267e2c,main_SHARED_QUERY_123_selected,a033d1483c42c3a34229a4670ecefb6eaee35f3bbd13ee3cc8b179343d3df733,development_holdout,P2,2017-02-24,891,857.2119137918053,de9ff4240f15258de1372f3adea703de965fcfbab1c473b68dad620fbfa758a9
new_p3_training,True,tuned,SHARED_QUERY,123,main,3cfd389bbd05ec9201a41c0892e29bf8199198d1b216b9a8061370d4240aa583,bd1488a2d411295d7a2118c50ddcc0b158786123613af1676062e2270d1637d1,9cb89005693b1b70c102178849b740fde00b50c9ba5f3b5530d0e5749ea59837,eca954c21da074c545cb7858315ea39fee0a6f54b19e06474b4f2f91f1666847,490eeb15970ef077ee050323b551cd9c3c5534c257f1febddca9af74ed1cf0a4,6031dc4ee08b61c58b35b1efd7d764739d5c7c54dc7cbe9e9a72a1e4a7098596,e2212c40566e21c680a98186ebd8e984aa80d4fd,4d4ad03b827958468b1a231e360c7ad1aa68035c25af068059838ceae6dfa6d6,7a69fb21427492956ac16a4f0657ee843cdef3db07eff5a24421b9f9b4267e2c,main_SHARED_QUERY_123_selected,a033d1483c42c3a34229a4670ecefb6eaee35f3bbd13ee3cc8b179343d3df733,development_holdout,P2,2017-02-27,891,814.0550062856433,58889cfc01322803acce31f0d2a18289a941b7bd8ec5fc386be06fe9196edddd
new_p3_training,True,tuned,SHARED_QUERY,123,main,3cfd389bbd05ec9201a41c0892e29bf8199198d1b216b9a8061370d4240aa583,bd1488a2d411295d7a2118c50ddcc0b158786123613af1676062e2270d1637d1,9cb89005693b1b70c102178849b740fde00b50c9ba5f3b5530d0e5749ea59837,eca954c21da074c545cb7858315ea39fee0a6f54b19e06474b4f2f91f1666847,490eeb15970ef077ee050323b551cd9c3c5534c257f1febddca9af74ed1cf0a4,6031dc4ee08b61c58b35b1efd7d764739d5c7c54dc7cbe9e9a72a1e4a7098596,e2212c40566e21c680a98186ebd8e984aa80d4fd,4d4ad03b827958468b1a231e360c7ad1aa68035c25af068059838ceae6dfa6d6,7a69fb21427492956ac16a4f0657ee843cdef3db07eff5a24421b9f9b4267e2c,main_SHARED_QUERY_123_selected,a033d1483c42c3a34229a4670ecefb6eaee35f3bbd13ee3cc8b179343d3df733,development_holdout,P2,2017-02-28,891,752.3766597039455,1e8f3d719f329e6ddc3f91f181c0471e186ddaf5a0c15256a6f51b38d59050fb
new_p3_training,True,tuned,SHARED_QUERY,123,main,3cfd389bbd05ec9201a41c0892e29bf8199198d1b216b9a8061370d4240aa583,bd1488a2d411295d7a2118c50ddcc0b158786123613af1676062e2270d1637d1,9cb89005693b1b70c102178849b740fde00b50c9ba5f3b5530d0e5749ea59837,eca954c21da074c545cb7858315ea39fee0a6f54b19e06474b4f2f91f1666847,490eeb15970ef077ee050323b551cd9c3c5534c257f1febddca9af74ed1cf0a4,6031dc4ee08b61c58b35b1efd7d764739d5c7c54dc7cbe9e9a72a1e4a7098596,e2212c40566e21c680a98186ebd8e984aa80d4fd,4d4ad03b827958468b1a231e360c7ad1aa68035c25af068059838ceae6dfa6d6,7a69fb21427492956ac16a4f0657ee843cdef3db07eff5a24421b9f9b4267e2c,main_SHARED_QUERY_123_selected,a033d1483c42c3a34229a4670ecefb6eaee35f3bbd13ee3cc8b179343d3df733,development_holdout,P2,2017-03-02,891,852.4850776881912,4b47daa6c87bc0b3d9c6a2e72085480d739bcf0ddaf1493365ca4a6955507972
new_p3_training,True,tuned,SHARED_QUERY,123,main,3cfd389bbd05ec9201a41c0892e29bf8199198d1b216b9a8061370d4240aa583,bd1488a2d411295d7a2118c50ddcc0b158786123613af1676062e2270d1637d1,9cb89005693b1b70c102178849b740fde00b50c9ba5f3b5530d0e5749ea59837,eca954c21da074c545cb7858315ea39fee0a6f54b19e06474b4f2f91f1666847,490eeb15970ef077ee050323b551cd9c3c5534c257f1febddca9af74ed1cf0a4,6031dc4ee08b61c58b35b1efd7d764739d5c7c54dc7cbe9e9a72a1e4a7098596,e2212c40566e21c680a98186ebd8e984aa80d4fd,4d4ad03b827958468b1a231e360c7ad1aa68035c25af068059838ceae6dfa6d6,7a69fb21427492956ac16a4f0657ee843cdef3db07eff5a24421b9f9b4267e2c,main_SHARED_QUERY_123_selected,a033d1483c42c3a34229a4670ecefb6eaee35f3bbd13ee3cc8b179343d3df733,development_holdout,P2,2017-03-03,891,909.1636694193638,9e341cd8b64bd93f9d92da818dd647b064aebe8abdcce91e309b60ec8b6df72d
new_p3_training,True,tuned,SHARED_QUERY,123,main,3cfd389bbd05ec9201a41c0892e29bf8199198d1b216b9a8061370d4240aa583,bd1488a2d411295d7a2118c50ddcc0b158786123613af1676062e2270d1637d1,9cb89005693b1b70c102178849b740fde00b50c9ba5f3b5530d0e5749ea59837,eca954c21da074c545cb7858315ea39fee0a6f54b19e06474b4f2f91f1666847,490eeb15970ef077ee050323b551cd9c3c5534c257f1febddca9af74ed1cf0a4,6031dc4ee08b61c58b35b1efd7d764739d5c7c54dc7cbe9e9a72a1e4a7098596,e2212c40566e21c680a98186ebd8e984aa80d4fd,4d4ad03b827958468b1a231e360c7ad1aa68035c25af068059838ceae6dfa6d6,7a69fb21427492956ac16a4f0657ee843cdef3db07eff5a24421b9f9b4267e2c,main_SHARED_QUERY_123_selected,a033d1483c42c3a34229a4670ecefb6eaee35f3bbd13ee3cc8b179343d3df733,development_holdout,P2,2017-03-06,891,873.259160763249,f55abb44c50319b12cb8a1cbb8b45571d4ad74c721438b94b0c6350c7f3c1066
new_p3_training,True,tuned,SHARED_QUERY,123,main,3cfd389bbd05ec9201a41c0892e29bf8199198d1b216b9a8061370d4240aa583,bd1488a2d411295d7a2118c50ddcc0b158786123613af1676062e2270d1637d1,9cb89005693b1b70c102178849b740fde00b50c9ba5f3b5530d0e5749ea59837,eca954c21da074c545cb7858315ea39fee0a6f54b19e06474b4f2f91f1666847,490eeb15970ef077ee050323b551cd9c3c5534c257f1febddca9af74ed1cf0a4,6031dc4ee08b61c58b35b1efd7d764739d5c7c54dc7cbe9e9a72a1e4a7098596,e2212c40566e21c680a98186ebd8e984aa80d4fd,4d4ad03b827958468b1a231e360c7ad1aa68035c25af068059838ceae6dfa6d6,7a69fb21427492956ac16a4f0657ee843cdef3db07eff5a24421b9f9b4267e2c,main_SHARED_QUERY_123_selected,a033d1483c42c3a34229a4670ecefb6eaee35f3bbd13ee3cc8b179343d3df733,development_holdout,P2,2017-03-07,891,779.5172897562373,15d6f27cf1ad15f2d96b520cf5fb906cb0f8de5bef2f89ddc1e7c3fe09c81c5e
new_p3_training,True,tuned,SHARED_QUERY,123,main,3cfd389bbd05ec9201a41c0892e29bf8199198d1b216b9a8061370d4240aa583,bd1488a2d411295d7a2118c50ddcc0b158786123613af1676062e2270d1637d1,9cb89005693b1b70c102178849b740fde00b50c9ba5f3b5530d0e5749ea59837,eca954c21da074c545cb7858315ea39fee0a6f54b19e06474b4f2f91f1666847,490eeb15970ef077ee050323b551cd9c3c5534c257f1febddca9af74ed1cf0a4,6031dc4ee08b61c58b35b1efd7d764739d5c7c54dc7cbe9e9a72a1e4a7098596,e2212c40566e21c680a98186ebd8e984aa80d4fd,4d4ad03b827958468b1a231e360c7ad1aa68035c25af068059838ceae6dfa6d6,7a69fb21427492956ac16a4f0657ee843cdef3db07eff5a24421b9f9b4267e2c,main_SHARED_QUERY_123_selected,a033d1483c42c3a34229a4670ecefb6eaee35f3bbd13ee3cc8b179343d3df733,development_holdout,P2,2017-03-08,891,831.4727941569746,6243f681f21f6ef373952c124e468f3d6f77ae3313eb7f718f3142d768fff5ac
new_p3_training,True,tuned,SHARED_QUERY,123,main,3cfd389bbd05ec9201a41c0892e29bf8199198d1b216b9a8061370d4240aa583,bd1488a2d411295d7a2118c50ddcc0b158786123613af1676062e2270d1637d1,9cb89005693b1b70c102178849b740fde00b50c9ba5f3b5530d0e5749ea59837,eca954c21da074c545cb7858315ea39fee0a6f54b19e06474b4f2f91f1666847,490eeb15970ef077ee050323b551cd9c3c5534c257f1febddca9af74ed1cf0a4,6031dc4ee08b61c58b35b1efd7d764739d5c7c54dc7cbe9e9a72a1e4a7098596,e2212c40566e21c680a98186ebd8e984aa80d4fd,4d4ad03b827958468b1a231e360c7ad1aa68035c25af068059838ceae6dfa6d6,7a69fb21427492956ac16a4f0657ee843cdef3db07eff5a24421b9f9b4267e2c,main_SHARED_QUERY_123_selected,a033d1483c42c3a34229a4670ecefb6eaee35f3bbd13ee3cc8b179343d3df733,development_holdout,P2,2017-03-09,891,815.1392267309145,74a52ec3172439362e4250252c0deee5bce3689ccfef3ca2e70eb0e4c735c359
new_p3_training,True,tuned,SHARED_QUERY,123,main,3cfd389bbd05ec9201a41c0892e29bf8199198d1b216b9a8061370d4240aa583,bd1488a2d411295d7a2118c50ddcc0b158786123613af1676062e2270d1637d1,9cb89005693b1b70c102178849b740fde00b50c9ba5f3b5530d0e5749ea59837,eca954c21da074c545cb7858315ea39fee0a6f54b19e06474b4f2f91f1666847,490eeb15970ef077ee050323b551cd9c3c5534c257f1febddca9af74ed1cf0a4,6031dc4ee08b61c58b35b1efd7d764739d5c7c54dc7cbe9e9a72a1e4a7098596,e2212c40566e21c680a98186ebd8e984aa80d4fd,4d4ad03b827958468b1a231e360c7ad1aa68035c25af068059838ceae6dfa6d6,7a69fb21427492956ac16a4f0657ee843cdef3db07eff5a24421b9f9b4267e2c,main_SHARED_QUERY_123_selected,a033d1483c42c3a34229a4670ecefb6eaee35f3bbd13ee3cc8b179343d3df733,development_holdout,P2,2017-03-10,891,895.2844610041652,5fca68a9d355db3c0132402daa9644b5300ab9fa1a2b937e549c1984bee06996
new_p3_training,True,tuned,SHARED_QUERY,123,main,3cfd389bbd05ec9201a41c0892e29bf8199198d1b216b9a8061370d4240aa583,bd1488a2d411295d7a2118c50ddcc0b158786123613af1676062e2270d1637d1,9cb89005693b1b70c102178849b740fde00b50c9ba5f3b5530d0e5749ea59837,eca954c21da074c545cb7858315ea39fee0a6f54b19e06474b4f2f91f1666847,490eeb15970ef077ee050323b551cd9c3c5534c257f1febddca9af74ed1cf0a4,6031dc4ee08b61c58b35b1efd7d764739d5c7c54dc7cbe9e9a72a1e4a7098596,e2212c40566e21c680a98186ebd8e984aa80d4fd,4d4ad03b827958468b1a231e360c7ad1aa68035c25af068059838ceae6dfa6d6,7a69fb21427492956ac16a4f0657ee843cdef3db07eff5a24421b9f9b4267e2c,main_SHARED_QUERY_123_selected,a033d1483c42c3a34229a4670ecefb6eaee35f3bbd13ee3cc8b179343d3df733,development_holdout,P2,2017-03-13,891,826.4206641952069,162626e2e103e53d859b0fab551439962bf1e55d13f50e806ff4149a04619fa4
new_p3_training,True,tuned,SHARED_QUERY,123,main,3cfd389bbd05ec9201a41c0892e29bf8199198d1b216b9a8061370d4240aa583,bd1488a2d411295d7a2118c50ddcc0b158786123613af1676062e2270d1637d1,9cb89005693b1b70c102178849b740fde00b50c9ba5f3b5530d0e5749ea59837,eca954c21da074c545cb7858315ea39fee0a6f54b19e06474b4f2f91f1666847,490eeb15970ef077ee050323b551cd9c3c5534c257f1febddca9af74ed1cf0a4,6031dc4ee08b61c58b35b1efd7d764739d5c7c54dc7cbe9e9a72a1e4a7098596,e2212c40566e21c680a98186ebd8e984aa80d4fd,4d4ad03b827958468b1a231e360c7ad1aa68035c25af068059838ceae6dfa6d6,7a69fb21427492956ac16a4f0657ee843cdef3db07eff5a24421b9f9b4267e2c,main_SHARED_QUERY_123_selected,a033d1483c42c3a34229a4670ecefb6eaee35f3bbd13ee3cc8b179343d3df733,development_holdout,P2,2017-03-14,891,821.2253758124834,40000005a11e5ffa70001ec9e7c63097e7fccc2804fb4d3c664eb0027dbbfb2b
new_p3_training,True,tuned,SHARED_QUERY,123,main,3cfd389bbd05ec9201a41c0892e29bf8199198d1b216b9a8061370d4240aa583,bd1488a2d411295d7a2118c50ddcc0b158786123613af1676062e2270d1637d1,9cb89005693b1b70c102178849b740fde00b50c9ba5f3b5530d0e5749ea59837,eca954c21da074c545cb7858315ea39fee0a6f54b19e06474b4f2f91f1666847,490eeb15970ef077ee050323b551cd9c3c5534c257f1febddca9af74ed1cf0a4,6031dc4ee08b61c58b35b1efd7d764739d5c7c54dc7cbe9e9a72a1e4a7098596,e2212c40566e21c680a98186ebd8e984aa80d4fd,4d4ad03b827958468b1a231e360c7ad1aa68035c25af068059838ceae6dfa6d6,7a69fb21427492956ac16a4f0657ee843cdef3db07eff5a24421b9f9b4267e2c,main_SHARED_QUERY_123_selected,a033d1483c42c3a34229a4670ecefb6eaee35f3bbd13ee3cc8b179343d3df733,development_holdout,P2,2017-03-15,891,832.5460075649036,db54532f5c3bedfa02d3d99c66fc7b3ce349570c63bd06c262936c7a3bf9706c
new_p3_training,True,tuned,SHARED_QUERY,123,main,3cfd389bbd05ec9201a41c0892e29bf8199198d1b216b9a8061370d4240aa583,bd1488a2d411295d7a2118c50ddcc0b158786123613af1676062e2270d1637d1,9cb89005693b1b70c102178849b740fde00b50c9ba5f3b5530d0e5749ea59837,eca954c21da074c545cb7858315ea39fee0a6f54b19e06474b4f2f91f1666847,490eeb15970ef077ee050323b551cd9c3c5534c257f1febddca9af74ed1cf0a4,6031dc4ee08b61c58b35b1efd7d764739d5c7c54dc7cbe9e9a72a1e4a7098596,e2212c40566e21c680a98186ebd8e984aa80d4fd,4d4ad03b827958468b1a231e360c7ad1aa68035c25af068059838ceae6dfa6d6,7a69fb21427492956ac16a4f0657ee843cdef3db07eff5a24421b9f9b4267e2c,main_SHARED_QUERY_123_selected,a033d1483c42c3a34229a4670ecefb6eaee35f3bbd13ee3cc8b179343d3df733,development_holdout,P2,2017-03-16,891,844.9050279523726,d671c54a2b34f500d075ddf6bbe2138c654ee91409d466d8ae3c6b7c28210ed2
new_p3_training,True,tuned,SHARED_QUERY,123,main,3cfd389bbd05ec9201a41c0892e29bf8199198d1b216b9a8061370d4240aa583,bd1488a2d411295d7a2118c50ddcc0b158786123613af1676062e2270d1637d1,9cb89005693b1b70c102178849b740fde00b50c9ba5f3b5530d0e5749ea59837,eca954c21da074c545cb7858315ea39fee0a6f54b19e06474b4f2f91f1666847,490eeb15970ef077ee050323b551cd9c3c5534c257f1febddca9af74ed1cf0a4,6031dc4ee08b61c58b35b1efd7d764739d5c7c54dc7cbe9e9a72a1e4a7098596,e2212c40566e21c680a98186ebd8e984aa80d4fd,4d4ad03b827958468b1a231e360c7ad1aa68035c25af068059838ceae6dfa6d6,7a69fb21427492956ac16a4f0657ee843cdef3db07eff5a24421b9f9b4267e2c,main_SHARED_QUERY_123_selected,a033d1483c42c3a34229a4670ecefb6eaee35f3bbd13ee3cc8b179343d3df733,development_holdout,P2,2017-03-17,891,843.3583885930722,46f65d48adc78f8074d9088cc4c503e0eae3a0e9b997c99d4d8781952a185c69
new_p3_training,True,tuned,SHARED_QUERY,123,main,3cfd389bbd05ec9201a41c0892e29bf8199198d1b216b9a8061370d4240aa583,bd1488a2d411295d7a2118c50ddcc0b158786123613af1676062e2270d1637d1,9cb89005693b1b70c102178849b740fde00b50c9ba5f3b5530d0e5749ea59837,eca954c21da074c545cb7858315ea39fee0a6f54b19e06474b4f2f91f1666847,490eeb15970ef077ee050323b551cd9c3c5534c257f1febddca9af74ed1cf0a4,6031dc4ee08b61c58b35b1efd7d764739d5c7c54dc7cbe9e9a72a1e4a7098596,e2212c40566e21c680a98186ebd8e984aa80d4fd,4d4ad03b827958468b1a231e360c7ad1aa68035c25af068059838ceae6dfa6d6,7a69fb21427492956ac16a4f0657ee843cdef3db07eff5a24421b9f9b4267e2c,main_SHARED_QUERY_123_selected,a033d1483c42c3a34229a4670ecefb6eaee35f3bbd13ee3cc8b179343d3df733,development_holdout,P2,2017-03-20,891,779.7432063802726,9d1f1c97e9bb482447cdf25f2aadd083f4a98686d6754923e5057e89f0f4cbfc
new_p3_training,True,tuned,SHARED_QUERY,123,main,3cfd389bbd05ec9201a41c0892e29bf8199198d1b216b9a8061370d4240aa583,bd1488a2d411295d7a2118c50ddcc0b158786123613af1676062e2270d1637d1,9cb89005693b1b70c102178849b740fde00b50c9ba5f3b5530d0e5749ea59837,eca954c21da074c545cb7858315ea39fee0a6f54b19e06474b4f2f91f1666847,490eeb15970ef077ee050323b551cd9c3c5534c257f1febddca9af74ed1cf0a4,6031dc4ee08b61c58b35b1efd7d764739d5c7c54dc7cbe9e9a72a1e4a7098596,e2212c40566e21c680a98186ebd8e984aa80d4fd,4d4ad03b827958468b1a231e360c7ad1aa68035c25af068059838ceae6dfa6d6,7a69fb21427492956ac16a4f0657ee843cdef3db07eff5a24421b9f9b4267e2c,main_SHARED_QUERY_123_selected,a033d1483c42c3a34229a4670ecefb6eaee35f3bbd13ee3cc8b179343d3df733,development_holdout,P2,2017-03-21,891,853.4699875378517,731b83d09a470eaa54997ca138eec148d880888003689653948e5c6030b23959
new_p3_training,True,tuned,SHARED_QUERY,123,main,3cfd389bbd05ec9201a41c0892e29bf8199198d1b216b9a8061370d4240aa583,bd1488a2d411295d7a2118c50ddcc0b158786123613af1676062e2270d1637d1,9cb89005693b1b70c102178849b740fde00b50c9ba5f3b5530d0e5749ea59837,eca954c21da074c545cb7858315ea39fee0a6f54b19e06474b4f2f91f1666847,490eeb15970ef077ee050323b551cd9c3c5534c257f1febddca9af74ed1cf0a4,6031dc4ee08b61c58b35b1efd7d764739d5c7c54dc7cbe9e9a72a1e4a7098596,e2212c40566e21c680a98186ebd8e984aa80d4fd,4d4ad03b827958468b1a231e360c7ad1aa68035c25af068059838ceae6dfa6d6,7a69fb21427492956ac16a4f0657ee843cdef3db07eff5a24421b9f9b4267e2c,main_SHARED_QUERY_123_selected,a033d1483c42c3a34229a4670ecefb6eaee35f3bbd13ee3cc8b179343d3df733,development_holdout,P2,2017-03-22,891,837.2052654842885,bcaa11198be804175a996d9cac5cd5497b84aff79459e9e6475c88585392bcc4
new_p3_training,True,tuned,SHARED_QUERY,123,main,3cfd389bbd05ec9201a41c0892e29bf8199198d1b216b9a8061370d4240aa583,bd1488a2d411295d7a2118c50ddcc0b158786123613af1676062e2270d1637d1,9cb89005693b1b70c102178849b740fde00b50c9ba5f3b5530d0e5749ea59837,eca954c21da074c545cb7858315ea39fee0a6f54b19e06474b4f2f91f1666847,490eeb15970ef077ee050323b551cd9c3c5534c257f1febddca9af74ed1cf0a4,6031dc4ee08b61c58b35b1efd7d764739d5c7c54dc7cbe9e9a72a1e4a7098596,e2212c40566e21c680a98186ebd8e984aa80d4fd,4d4ad03b827958468b1a231e360c7ad1aa68035c25af068059838ceae6dfa6d6,7a69fb21427492956ac16a4f0657ee843cdef3db07eff5a24421b9f9b4267e2c,main_SHARED_QUERY_123_selected,a033d1483c42c3a34229a4670ecefb6eaee35f3bbd13ee3cc8b179343d3df733,development_holdout,P2,2017-03-23,891,846.7931637344572,8e5596f348c07c7213a5c50155e38e12ddd7644e8aac6f83de0764aabd552545
new_p3_training,True,tuned,SHARED_QUERY,123,main,3cfd389bbd05ec9201a41c0892e29bf8199198d1b216b9a8061370d4240aa583,bd1488a2d411295d7a2118c50ddcc0b158786123613af1676062e2270d1637d1,9cb89005693b1b70c102178849b740fde00b50c9ba5f3b5530d0e5749ea59837,eca954c21da074c545cb7858315ea39fee0a6f54b19e06474b4f2f91f1666847,490eeb15970ef077ee050323b551cd9c3c5534c257f1febddca9af74ed1cf0a4,6031dc4ee08b61c58b35b1efd7d764739d5c7c54dc7cbe9e9a72a1e4a7098596,e2212c40566e21c680a98186ebd8e984aa80d4fd,4d4ad03b827958468b1a231e360c7ad1aa68035c25af068059838ceae6dfa6d6,7a69fb21427492956ac16a4f0657ee843cdef3db07eff5a24421b9f9b4267e2c,main_SHARED_QUERY_123_selected,a033d1483c42c3a34229a4670ecefb6eaee35f3bbd13ee3cc8b179343d3df733,development_holdout,P2,2017-03-24,891,871.7078598364105,80ba4aac4fa71b5da7ffd5d1056b3109d89a8aae97b342b9e0ab6eb16e35fa0f
new_p3_training,True,tuned,SHARED_QUERY,123,main,3cfd389bbd05ec9201a41c0892e29bf8199198d1b216b9a8061370d4240aa583,bd1488a2d411295d7a2118c50ddcc0b158786123613af1676062e2270d1637d1,9cb89005693b1b70c102178849b740fde00b50c9ba5f3b5530d0e5749ea59837,eca954c21da074c545cb7858315ea39fee0a6f54b19e06474b4f2f91f1666847,490eeb15970ef077ee050323b551cd9c3c5534c257f1febddca9af74ed1cf0a4,6031dc4ee08b61c58b35b1efd7d764739d5c7c54dc7cbe9e9a72a1e4a7098596,e2212c40566e21c680a98186ebd8e984aa80d4fd,4d4ad03b827958468b1a231e360c7ad1aa68035c25af068059838ceae6dfa6d6,7a69fb21427492956ac16a4f0657ee843cdef3db07eff5a24421b9f9b4267e2c,main_SHARED_QUERY_123_selected,a033d1483c42c3a34229a4670ecefb6eaee35f3bbd13ee3cc8b179343d3df733,development_holdout,P2,2017-03-27,891,866.4393317274371,ba3e5d615242f5fd7b80cc370b834f41df53c81ea98023af62ecd53c9f995491
new_p3_training,True,tuned,SHARED_QUERY,123,main,3cfd389bbd05ec9201a41c0892e29bf8199198d1b216b9a8061370d4240aa583,bd1488a2d411295d7a2118c50ddcc0b158786123613af1676062e2270d1637d1,9cb89005693b1b70c102178849b740fde00b50c9ba5f3b5530d0e5749ea59837,eca954c21da074c545cb7858315ea39fee0a6f54b19e06474b4f2f91f1666847,490eeb15970ef077ee050323b551cd9c3c5534c257f1febddca9af74ed1cf0a4,6031dc4ee08b61c58b35b1efd7d764739d5c7c54dc7cbe9e9a72a1e4a7098596,e2212c40566e21c680a98186ebd8e984aa80d4fd,4d4ad03b827958468b1a231e360c7ad1aa68035c25af068059838ceae6dfa6d6,7a69fb21427492956ac16a4f0657ee843cdef3db07eff5a24421b9f9b4267e2c,main_SHARED_QUERY_123_selected,a033d1483c42c3a34229a4670ecefb6eaee35f3bbd13ee3cc8b179343d3df733,development_holdout,P2,2017-03-28,891,779.7181903451162,d07e4789945d68408216775ff4756bef26f56f3667c3f6ea0f7b6a0c2535c47e
new_p3_training,True,tuned,SHARED_QUERY,123,main,3cfd389bbd05ec9201a41c0892e29bf8199198d1b216b9a8061370d4240aa583,bd1488a2d411295d7a2118c50ddcc0b158786123613af1676062e2270d1637d1,9cb89005693b1b70c102178849b740fde00b50c9ba5f3b5530d0e5749ea59837,eca954c21da074c545cb7858315ea39fee0a6f54b19e06474b4f2f91f1666847,490eeb15970ef077ee050323b551cd9c3c5534c257f1febddca9af74ed1cf0a4,6031dc4ee08b61c58b35b1efd7d764739d5c7c54dc7cbe9e9a72a1e4a7098596,e2212c40566e21c680a98186ebd8e984aa80d4fd,4d4ad03b827958468b1a231e360c7ad1aa68035c25af068059838ceae6dfa6d6,7a69fb21427492956ac16a4f0657ee843cdef3db07eff5a24421b9f9b4267e2c,main_SHARED_QUERY_123_selected,a033d1483c42c3a34229a4670ecefb6eaee35f3bbd13ee3cc8b179343d3df733,development_holdout,P2,2017-03-29,891,822.7698065962603,f69da3ada6d560a83f2297fde2d99557f25ba831cdcf6629672b4f37d250dda2
new_p3_training,True,tuned,SHARED_QUERY,123,main,3cfd389bbd05ec9201a41c0892e29bf8199198d1b216b9a8061370d4240aa583,bd1488a2d411295d7a2118c50ddcc0b158786123613af1676062e2270d1637d1,9cb89005693b1b70c102178849b740fde00b50c9ba5f3b5530d0e5749ea59837,eca954c21da074c545cb7858315ea39fee0a6f54b19e06474b4f2f91f1666847,490eeb15970ef077ee050323b551cd9c3c5534c257f1febddca9af74ed1cf0a4,6031dc4ee08b61c58b35b1efd7d764739d5c7c54dc7cbe9e9a72a1e4a7098596,e2212c40566e21c680a98186ebd8e984aa80d4fd,4d4ad03b827958468b1a231e360c7ad1aa68035c25af068059838ceae6dfa6d6,7a69fb21427492956ac16a4f0657ee843cdef3db07eff5a24421b9f9b4267e2c,main_SHARED_QUERY_123_selected,a033d1483c42c3a34229a4670ecefb6eaee35f3bbd13ee3cc8b179343d3df733,development_holdout,P2,2017-03-30,891,781.7408124955762,6b8dd2bca5eee2c4ca226217a0b6fb5bfb4a527595de9a404cd3ea96e3b924af
new_p3_training,True,tuned,SHARED_QUERY,123,main,3cfd389bbd05ec9201a41c0892e29bf8199198d1b216b9a8061370d4240aa583,bd1488a2d411295d7a2118c50ddcc0b158786123613af1676062e2270d1637d1,9cb89005693b1b70c102178849b740fde00b50c9ba5f3b5530d0e5749ea59837,eca954c21da074c545cb7858315ea39fee0a6f54b19e06474b4f2f91f1666847,490eeb15970ef077ee050323b551cd9c3c5534c257f1febddca9af74ed1cf0a4,6031dc4ee08b61c58b35b1efd7d764739d5c7c54dc7cbe9e9a72a1e4a7098596,e2212c40566e21c680a98186ebd8e984aa80d4fd,4d4ad03b827958468b1a231e360c7ad1aa68035c25af068059838ceae6dfa6d6,7a69fb21427492956ac16a4f0657ee843cdef3db07eff5a24421b9f9b4267e2c,main_SHARED_QUERY_123_selected,a033d1483c42c3a34229a4670ecefb6eaee35f3bbd13ee3cc8b179343d3df733,development_holdout,P2,2017-03-31,891,803.7287414260006,965504d2e8f2c49c443de81a4f380470d53d1fc5fae5886627203ed386bb0c09
new_p3_training,True,tuned,SHARED_QUERY,123,main,3cfd389bbd05ec9201a41c0892e29bf8199198d1b216b9a8061370d4240aa583,bd1488a2d411295d7a2118c50ddcc0b158786123613af1676062e2270d1637d1,9cb89005693b1b70c102178849b740fde00b50c9ba5f3b5530d0e5749ea59837,eca954c21da074c545cb7858315ea39fee0a6f54b19e06474b4f2f91f1666847,490eeb15970ef077ee050323b551cd9c3c5534c257f1febddca9af74ed1cf0a4,6031dc4ee08b61c58b35b1efd7d764739d5c7c54dc7cbe9e9a72a1e4a7098596,e2212c40566e21c680a98186ebd8e984aa80d4fd,4d4ad03b827958468b1a231e360c7ad1aa68035c25af068059838ceae6dfa6d6,7a69fb21427492956ac16a4f0657ee843cdef3db07eff5a24421b9f9b4267e2c,main_SHARED_QUERY_123_selected,a033d1483c42c3a34229a4670ecefb6eaee35f3bbd13ee3cc8b179343d3df733,development_holdout,P2,2017-04-03,891,838.5486230089153,768e2c2838ab42ac721be1c5feb5d989eb4801a7dcf23d339d890d7340072eb2
new_p3_training,True,tuned,SHARED_QUERY,123,main,3cfd389bbd05ec9201a41c0892e29bf8199198d1b216b9a8061370d4240aa583,bd1488a2d411295d7a2118c50ddcc0b158786123613af1676062e2270d1637d1,9cb89005693b1b70c102178849b740fde00b50c9ba5f3b5530d0e5749ea59837,eca954c21da074c545cb7858315ea39fee0a6f54b19e06474b4f2f91f1666847,490eeb15970ef077ee050323b551cd9c3c5534c257f1febddca9af74ed1cf0a4,6031dc4ee08b61c58b35b1efd7d764739d5c7c54dc7cbe9e9a72a1e4a7098596,e2212c40566e21c680a98186ebd8e984aa80d4fd,4d4ad03b827958468b1a231e360c7ad1aa68035c25af068059838ceae6dfa6d6,7a69fb21427492956ac16a4f0657ee843cdef3db07eff5a24421b9f9b4267e2c,main_SHARED_QUERY_123_selected,a033d1483c42c3a34229a4670ecefb6eaee35f3bbd13ee3cc8b179343d3df733,development_holdout,P2,2017-04-04,891,817.1484039272273,8f581a504de49d9eb33fba10ab87e1c2d1782242682bbb39d0ba1e6f1e872424
new_p3_training,True,tuned,SHARED_QUERY,123,main,3cfd389bbd05ec9201a41c0892e29bf8199198d1b216b9a8061370d4240aa583,bd1488a2d411295d7a2118c50ddcc0b158786123613af1676062e2270d1637d1,9cb89005693b1b70c102178849b740fde00b50c9ba5f3b5530d0e5749ea59837,eca954c21da074c545cb7858315ea39fee0a6f54b19e06474b4f2f91f1666847,490eeb15970ef077ee050323b551cd9c3c5534c257f1febddca9af74ed1cf0a4,6031dc4ee08b61c58b35b1efd7d764739d5c7c54dc7cbe9e9a72a1e4a7098596,e2212c40566e21c680a98186ebd8e984aa80d4fd,4d4ad03b827958468b1a231e360c7ad1aa68035c25af068059838ceae6dfa6d6,7a69fb21427492956ac16a4f0657ee843cdef3db07eff5a24421b9f9b4267e2c,main_SHARED_QUERY_123_selected,a033d1483c42c3a34229a4670ecefb6eaee35f3bbd13ee3cc8b179343d3df733,development_holdout,P2,2017-04-05,891,875.3550586808749,e2e7faf5a1da2e5beb4d901c5b0e0c0ef23640d3ccb27dbf95a82a69087b8528
new_p3_training,True,tuned,SHARED_QUERY,123,main,3cfd389bbd05ec9201a41c0892e29bf8199198d1b216b9a8061370d4240aa583,bd1488a2d411295d7a2118c50ddcc0b158786123613af1676062e2270d1637d1,9cb89005693b1b70c102178849b740fde00b50c9ba5f3b5530d0e5749ea59837,eca954c21da074c545cb7858315ea39fee0a6f54b19e06474b4f2f91f1666847,490eeb15970ef077ee050323b551cd9c3c5534c257f1febddca9af74ed1cf0a4,6031dc4ee08b61c58b35b1efd7d764739d5c7c54dc7cbe9e9a72a1e4a7098596,e2212c40566e21c680a98186ebd8e984aa80d4fd,4d4ad03b827958468b1a231e360c7ad1aa68035c25af068059838ceae6dfa6d6,7a69fb21427492956ac16a4f0657ee843cdef3db07eff5a24421b9f9b4267e2c,main_SHARED_QUERY_123_selected,a033d1483c42c3a34229a4670ecefb6eaee35f3bbd13ee3cc8b179343d3df733,development_holdout,P2,2017-04-06,891,783.0380223618016,7edafe7109128f41569ec060c95d7bfe4a0d2c9aced8cccd4d4fd56b6f5570a0
new_p3_training,True,tuned,SHARED_QUERY,123,main,3cfd389bbd05ec9201a41c0892e29bf8199198d1b216b9a8061370d4240aa583,bd1488a2d411295d7a2118c50ddcc0b158786123613af1676062e2270d1637d1,9cb89005693b1b70c102178849b740fde00b50c9ba5f3b5530d0e5749ea59837,eca954c21da074c545cb7858315ea39fee0a6f54b19e06474b4f2f91f1666847,490eeb15970ef077ee050323b551cd9c3c5534c257f1febddca9af74ed1cf0a4,6031dc4ee08b61c58b35b1efd7d764739d5c7c54dc7cbe9e9a72a1e4a7098596,e2212c40566e21c680a98186ebd8e984aa80d4fd,4d4ad03b827958468b1a231e360c7ad1aa68035c25af068059838ceae6dfa6d6,7a69fb21427492956ac16a4f0657ee843cdef3db07eff5a24421b9f9b4267e2c,main_SHARED_QUERY_123_selected,a033d1483c42c3a34229a4670ecefb6eaee35f3bbd13ee3cc8b179343d3df733,development_holdout,P2,2017-04-07,891,808.4460876253701,98b01cb8181991e3c5e84ff4b14cb0fd58afe8fd914bb922db5f918873bc534d
new_p3_training,True,tuned,SHARED_QUERY,123,main,3cfd389bbd05ec9201a41c0892e29bf8199198d1b216b9a8061370d4240aa583,bd1488a2d411295d7a2118c50ddcc0b158786123613af1676062e2270d1637d1,9cb89005693b1b70c102178849b740fde00b50c9ba5f3b5530d0e5749ea59837,eca954c21da074c545cb7858315ea39fee0a6f54b19e06474b4f2f91f1666847,490eeb15970ef077ee050323b551cd9c3c5534c257f1febddca9af74ed1cf0a4,6031dc4ee08b61c58b35b1efd7d764739d5c7c54dc7cbe9e9a72a1e4a7098596,e2212c40566e21c680a98186ebd8e984aa80d4fd,4d4ad03b827958468b1a231e360c7ad1aa68035c25af068059838ceae6dfa6d6,7a69fb21427492956ac16a4f0657ee843cdef3db07eff5a24421b9f9b4267e2c,main_SHARED_QUERY_123_selected,a033d1483c42c3a34229a4670ecefb6eaee35f3bbd13ee3cc8b179343d3df733,development_holdout,P2,2017-04-10,891,832.3235202650458,a883092bc21fe99d5bdc47899392287822c48370f7b9ee2424749ce2342d95e5
new_p3_training,True,tuned,SHARED_QUERY,123,main,3cfd389bbd05ec9201a41c0892e29bf8199198d1b216b9a8061370d4240aa583,bd1488a2d411295d7a2118c50ddcc0b158786123613af1676062e2270d1637d1,9cb89005693b1b70c102178849b740fde00b50c9ba5f3b5530d0e5749ea59837,eca954c21da074c545cb7858315ea39fee0a6f54b19e06474b4f2f91f1666847,490eeb15970ef077ee050323b551cd9c3c5534c257f1febddca9af74ed1cf0a4,6031dc4ee08b61c58b35b1efd7d764739d5c7c54dc7cbe9e9a72a1e4a7098596,e2212c40566e21c680a98186ebd8e984aa80d4fd,4d4ad03b827958468b1a231e360c7ad1aa68035c25af068059838ceae6dfa6d6,7a69fb21427492956ac16a4f0657ee843cdef3db07eff5a24421b9f9b4267e2c,main_SHARED_QUERY_123_selected,a033d1483c42c3a34229a4670ecefb6eaee35f3bbd13ee3cc8b179343d3df733,development_holdout,P2,2017-04-11,891,801.6987970834506,ea526f8445872331836ea60220f0149ddb20a9902353bc53f5efcc1c9adf5152
new_p3_training,True,tuned,SHARED_QUERY,123,main,3cfd389bbd05ec9201a41c0892e29bf8199198d1b216b9a8061370d4240aa583,bd1488a2d411295d7a2118c50ddcc0b158786123613af1676062e2270d1637d1,9cb89005693b1b70c102178849b740fde00b50c9ba5f3b5530d0e5749ea59837,eca954c21da074c545cb7858315ea39fee0a6f54b19e06474b4f2f91f1666847,490eeb15970ef077ee050323b551cd9c3c5534c257f1febddca9af74ed1cf0a4,6031dc4ee08b61c58b35b1efd7d764739d5c7c54dc7cbe9e9a72a1e4a7098596,e2212c40566e21c680a98186ebd8e984aa80d4fd,4d4ad03b827958468b1a231e360c7ad1aa68035c25af068059838ceae6dfa6d6,7a69fb21427492956ac16a4f0657ee843cdef3db07eff5a24421b9f9b4267e2c,main_SHARED_QUERY_123_selected,a033d1483c42c3a34229a4670ecefb6eaee35f3bbd13ee3cc8b179343d3df733,development_holdout,P2,2017-04-12,891,746.5372034473112,42e8c3fccbe3b18656b41f3fd83cefc7fcca9db0f7f0b79ff93997bbade4f483
new_p3_training,True,tuned,SHARED_QUERY,123,main,3cfd389bbd05ec9201a41c0892e29bf8199198d1b216b9a8061370d4240aa583,bd1488a2d411295d7a2118c50ddcc0b158786123613af1676062e2270d1637d1,9cb89005693b1b70c102178849b740fde00b50c9ba5f3b5530d0e5749ea59837,eca954c21da074c545cb7858315ea39fee0a6f54b19e06474b4f2f91f1666847,490eeb15970ef077ee050323b551cd9c3c5534c257f1febddca9af74ed1cf0a4,6031dc4ee08b61c58b35b1efd7d764739d5c7c54dc7cbe9e9a72a1e4a7098596,e2212c40566e21c680a98186ebd8e984aa80d4fd,4d4ad03b827958468b1a231e360c7ad1aa68035c25af068059838ceae6dfa6d6,7a69fb21427492956ac16a4f0657ee843cdef3db07eff5a24421b9f9b4267e2c,main_SHARED_QUERY_123_selected,a033d1483c42c3a34229a4670ecefb6eaee35f3bbd13ee3cc8b179343d3df733,development_holdout,P2,2017-04-13,891,824.4838682640145,6543f9aeda036f5d0579a8d123dcf4e72a12ce4865c0cf6d37f6690368b6f207
new_p3_training,True,tuned,SHARED_QUERY,123,main,3cfd389bbd05ec9201a41c0892e29bf8199198d1b216b9a8061370d4240aa583,bd1488a2d411295d7a2118c50ddcc0b158786123613af1676062e2270d1637d1,9cb89005693b1b70c102178849b740fde00b50c9ba5f3b5530d0e5749ea59837,eca954c21da074c545cb7858315ea39fee0a6f54b19e06474b4f2f91f1666847,490eeb15970ef077ee050323b551cd9c3c5534c257f1febddca9af74ed1cf0a4,6031dc4ee08b61c58b35b1efd7d764739d5c7c54dc7cbe9e9a72a1e4a7098596,e2212c40566e21c680a98186ebd8e984aa80d4fd,4d4ad03b827958468b1a231e360c7ad1aa68035c25af068059838ceae6dfa6d6,7a69fb21427492956ac16a4f0657ee843cdef3db07eff5a24421b9f9b4267e2c,main_SHARED_QUERY_123_selected,a033d1483c42c3a34229a4670ecefb6eaee35f3bbd13ee3cc8b179343d3df733,development_holdout,P2,2017-04-14,891,837.5116486524792,9f95c0b242498325b01eb804472ba704bbb16ed6d101bd072bdc7333e8c6eab8
new_p3_training,True,tuned,SHARED_QUERY,123,main,3cfd389bbd05ec9201a41c0892e29bf8199198d1b216b9a8061370d4240aa583,bd1488a2d411295d7a2118c50ddcc0b158786123613af1676062e2270d1637d1,9cb89005693b1b70c102178849b740fde00b50c9ba5f3b5530d0e5749ea59837,eca954c21da074c545cb7858315ea39fee0a6f54b19e06474b4f2f91f1666847,490eeb15970ef077ee050323b551cd9c3c5534c257f1febddca9af74ed1cf0a4,6031dc4ee08b61c58b35b1efd7d764739d5c7c54dc7cbe9e9a72a1e4a7098596,e2212c40566e21c680a98186ebd8e984aa80d4fd,4d4ad03b827958468b1a231e360c7ad1aa68035c25af068059838ceae6dfa6d6,7a69fb21427492956ac16a4f0657ee843cdef3db07eff5a24421b9f9b4267e2c,main_SHARED_QUERY_123_selected,a033d1483c42c3a34229a4670ecefb6eaee35f3bbd13ee3cc8b179343d3df733,development_holdout,P2,2017-04-17,891,768.232395721269,3be9c9602cf5b74b87199008c8d4d7fa3721600c68143b379f1c8dffca97f539
new_p3_training,True,tuned,SHARED_QUERY,123,main,3cfd389bbd05ec9201a41c0892e29bf8199198d1b216b9a8061370d4240aa583,bd1488a2d411295d7a2118c50ddcc0b158786123613af1676062e2270d1637d1,9cb89005693b1b70c102178849b740fde00b50c9ba5f3b5530d0e5749ea59837,eca954c21da074c545cb7858315ea39fee0a6f54b19e06474b4f2f91f1666847,490eeb15970ef077ee050323b551cd9c3c5534c257f1febddca9af74ed1cf0a4,6031dc4ee08b61c58b35b1efd7d764739d5c7c54dc7cbe9e9a72a1e4a7098596,e2212c40566e21c680a98186ebd8e984aa80d4fd,4d4ad03b827958468b1a231e360c7ad1aa68035c25af068059838ceae6dfa6d6,7a69fb21427492956ac16a4f0657ee843cdef3db07eff5a24421b9f9b4267e2c,main_SHARED_QUERY_123_selected,a033d1483c42c3a34229a4670ecefb6eaee35f3bbd13ee3cc8b179343d3df733,development_holdout,P2,2017-04-18,891,770.6320946107978,1b91eef38374287daf83d73b5f7cd3d6addabe70e855d2a31ca0b3874d822bfa
new_p3_training,True,tuned,SHARED_QUERY,123,main,3cfd389bbd05ec9201a41c0892e29bf8199198d1b216b9a8061370d4240aa583,bd1488a2d411295d7a2118c50ddcc0b158786123613af1676062e2270d1637d1,9cb89005693b1b70c102178849b740fde00b50c9ba5f3b5530d0e5749ea59837,eca954c21da074c545cb7858315ea39fee0a6f54b19e06474b4f2f91f1666847,490eeb15970ef077ee050323b551cd9c3c5534c257f1febddca9af74ed1cf0a4,6031dc4ee08b61c58b35b1efd7d764739d5c7c54dc7cbe9e9a72a1e4a7098596,e2212c40566e21c680a98186ebd8e984aa80d4fd,4d4ad03b827958468b1a231e360c7ad1aa68035c25af068059838ceae6dfa6d6,7a69fb21427492956ac16a4f0657ee843cdef3db07eff5a24421b9f9b4267e2c,main_SHARED_QUERY_123_selected,a033d1483c42c3a34229a4670ecefb6eaee35f3bbd13ee3cc8b179343d3df733,development_holdout,P2,2017-04-19,891,799.6150783554715,95c83b13fb58d92e851e4420a214a7faa584f62c92838103939e67c13893d675
new_p3_training,True,tuned,SHARED_QUERY,123,main,3cfd389bbd05ec9201a41c0892e29bf8199198d1b216b9a8061370d4240aa583,bd1488a2d411295d7a2118c50ddcc0b158786123613af1676062e2270d1637d1,9cb89005693b1b70c102178849b740fde00b50c9ba5f3b5530d0e5749ea59837,eca954c21da074c545cb7858315ea39fee0a6f54b19e06474b4f2f91f1666847,490eeb15970ef077ee050323b551cd9c3c5534c257f1febddca9af74ed1cf0a4,6031dc4ee08b61c58b35b1efd7d764739d5c7c54dc7cbe9e9a72a1e4a7098596,e2212c40566e21c680a98186ebd8e984aa80d4fd,4d4ad03b827958468b1a231e360c7ad1aa68035c25af068059838ceae6dfa6d6,7a69fb21427492956ac16a4f0657ee843cdef3db07eff5a24421b9f9b4267e2c,main_SHARED_QUERY_123_selected,a033d1483c42c3a34229a4670ecefb6eaee35f3bbd13ee3cc8b179343d3df733,development_holdout,P2,2017-04-20,891,817.5484056942262,84fc2840a0b6c0cacc197463d20976123c1ad4b85f3e0e9cfadef964f6f12134
new_p3_training,True,tuned,SHARED_QUERY,123,main,3cfd389bbd05ec9201a41c0892e29bf8199198d1b216b9a8061370d4240aa583,bd1488a2d411295d7a2118c50ddcc0b158786123613af1676062e2270d1637d1,9cb89005693b1b70c102178849b740fde00b50c9ba5f3b5530d0e5749ea59837,eca954c21da074c545cb7858315ea39fee0a6f54b19e06474b4f2f91f1666847,490eeb15970ef077ee050323b551cd9c3c5534c257f1febddca9af74ed1cf0a4,6031dc4ee08b61c58b35b1efd7d764739d5c7c54dc7cbe9e9a72a1e4a7098596,e2212c40566e21c680a98186ebd8e984aa80d4fd,4d4ad03b827958468b1a231e360c7ad1aa68035c25af068059838ceae6dfa6d6,7a69fb21427492956ac16a4f0657ee843cdef3db07eff5a24421b9f9b4267e2c,main_SHARED_QUERY_123_selected,a033d1483c42c3a34229a4670ecefb6eaee35f3bbd13ee3cc8b179343d3df733,development_holdout,P2,2017-04-21,891,761.5727639919802,ba8138c44667f4eb0e7ee1b0b673bb5d2e16069d957b1887ff9544521cd00289
new_p3_training,True,tuned,SHARED_QUERY,123,main,3cfd389bbd05ec9201a41c0892e29bf8199198d1b216b9a8061370d4240aa583,bd1488a2d411295d7a2118c50ddcc0b158786123613af1676062e2270d1637d1,9cb89005693b1b70c102178849b740fde00b50c9ba5f3b5530d0e5749ea59837,eca954c21da074c545cb7858315ea39fee0a6f54b19e06474b4f2f91f1666847,490eeb15970ef077ee050323b551cd9c3c5534c257f1febddca9af74ed1cf0a4,6031dc4ee08b61c58b35b1efd7d764739d5c7c54dc7cbe9e9a72a1e4a7098596,e2212c40566e21c680a98186ebd8e984aa80d4fd,4d4ad03b827958468b1a231e360c7ad1aa68035c25af068059838ceae6dfa6d6,7a69fb21427492956ac16a4f0657ee843cdef3db07eff5a24421b9f9b4267e2c,main_SHARED_QUERY_123_selected,a033d1483c42c3a34229a4670ecefb6eaee35f3bbd13ee3cc8b179343d3df733,development_holdout,P2,2017-04-24,891,803.4329965900905,20591e06aae001998fb3ec46ef10095f8f403c1b048876ed87a9c4ac12d43ded
new_p3_training,True,tuned,SHARED_QUERY,123,main,3cfd389bbd05ec9201a41c0892e29bf8199198d1b216b9a8061370d4240aa583,bd1488a2d411295d7a2118c50ddcc0b158786123613af1676062e2270d1637d1,9cb89005693b1b70c102178849b740fde00b50c9ba5f3b5530d0e5749ea59837,eca954c21da074c545cb7858315ea39fee0a6f54b19e06474b4f2f91f1666847,490eeb15970ef077ee050323b551cd9c3c5534c257f1febddca9af74ed1cf0a4,6031dc4ee08b61c58b35b1efd7d764739d5c7c54dc7cbe9e9a72a1e4a7098596,e2212c40566e21c680a98186ebd8e984aa80d4fd,4d4ad03b827958468b1a231e360c7ad1aa68035c25af068059838ceae6dfa6d6,7a69fb21427492956ac16a4f0657ee843cdef3db07eff5a24421b9f9b4267e2c,main_SHARED_QUERY_123_selected,a033d1483c42c3a34229a4670ecefb6eaee35f3bbd13ee3cc8b179343d3df733,development_holdout,P2,2017-04-25,891,792.3617766609855,c687f523cce40ad0e7ca40a45fdead00edd7ad5a18871a881b33faafb434ea12
new_p3_training,True,tuned,SHARED_QUERY,123,main,3cfd389bbd05ec9201a41c0892e29bf8199198d1b216b9a8061370d4240aa583,bd1488a2d411295d7a2118c50ddcc0b158786123613af1676062e2270d1637d1,9cb89005693b1b70c102178849b740fde00b50c9ba5f3b5530d0e5749ea59837,eca954c21da074c545cb7858315ea39fee0a6f54b19e06474b4f2f91f1666847,490eeb15970ef077ee050323b551cd9c3c5534c257f1febddca9af74ed1cf0a4,6031dc4ee08b61c58b35b1efd7d764739d5c7c54dc7cbe9e9a72a1e4a7098596,e2212c40566e21c680a98186ebd8e984aa80d4fd,4d4ad03b827958468b1a231e360c7ad1aa68035c25af068059838ceae6dfa6d6,7a69fb21427492956ac16a4f0657ee843cdef3db07eff5a24421b9f9b4267e2c,main_SHARED_QUERY_123_selected,a033d1483c42c3a34229a4670ecefb6eaee35f3bbd13ee3cc8b179343d3df733,development_holdout,P2,2017-04-26,891,775.8218913416157,0d1b486da189154830d88e1fa7f9902062f8a24a792aa08c806dc266f189e12e
new_p3_training,True,tuned,SHARED_QUERY,123,main,3cfd389bbd05ec9201a41c0892e29bf8199198d1b216b9a8061370d4240aa583,bd1488a2d411295d7a2118c50ddcc0b158786123613af1676062e2270d1637d1,9cb89005693b1b70c102178849b740fde00b50c9ba5f3b5530d0e5749ea59837,eca954c21da074c545cb7858315ea39fee0a6f54b19e06474b4f2f91f1666847,490eeb15970ef077ee050323b551cd9c3c5534c257f1febddca9af74ed1cf0a4,6031dc4ee08b61c58b35b1efd7d764739d5c7c54dc7cbe9e9a72a1e4a7098596,e2212c40566e21c680a98186ebd8e984aa80d4fd,4d4ad03b827958468b1a231e360c7ad1aa68035c25af068059838ceae6dfa6d6,7a69fb21427492956ac16a4f0657ee843cdef3db07eff5a24421b9f9b4267e2c,main_SHARED_QUERY_123_selected,a033d1483c42c3a34229a4670ecefb6eaee35f3bbd13ee3cc8b179343d3df733,development_holdout,P2,2017-04-27,891,786.4027139860439,4c47255632375847f997ccea085f31600fd44db6effb7c3522081b89ebf757ef
new_p3_training,True,tuned,SHARED_QUERY,123,main,3cfd389bbd05ec9201a41c0892e29bf8199198d1b216b9a8061370d4240aa583,bd1488a2d411295d7a2118c50ddcc0b158786123613af1676062e2270d1637d1,9cb89005693b1b70c102178849b740fde00b50c9ba5f3b5530d0e5749ea59837,eca954c21da074c545cb7858315ea39fee0a6f54b19e06474b4f2f91f1666847,490eeb15970ef077ee050323b551cd9c3c5534c257f1febddca9af74ed1cf0a4,6031dc4ee08b61c58b35b1efd7d764739d5c7c54dc7cbe9e9a72a1e4a7098596,e2212c40566e21c680a98186ebd8e984aa80d4fd,4d4ad03b827958468b1a231e360c7ad1aa68035c25af068059838ceae6dfa6d6,7a69fb21427492956ac16a4f0657ee843cdef3db07eff5a24421b9f9b4267e2c,main_SHARED_QUERY_123_selected,a033d1483c42c3a34229a4670ecefb6eaee35f3bbd13ee3cc8b179343d3df733,development_holdout,P2,2017-04-28,891,777.8086859667446,14c54fe449db4cbbbc31bcfcf2747995c479a45122d5dd01d07ae24fe7e71e44
new_p3_training,True,tuned,SHARED_QUERY,123,main,3cfd389bbd05ec9201a41c0892e29bf8199198d1b216b9a8061370d4240aa583,bd1488a2d411295d7a2118c50ddcc0b158786123613af1676062e2270d1637d1,9cb89005693b1b70c102178849b740fde00b50c9ba5f3b5530d0e5749ea59837,eca954c21da074c545cb7858315ea39fee0a6f54b19e06474b4f2f91f1666847,490eeb15970ef077ee050323b551cd9c3c5534c257f1febddca9af74ed1cf0a4,6031dc4ee08b61c58b35b1efd7d764739d5c7c54dc7cbe9e9a72a1e4a7098596,e2212c40566e21c680a98186ebd8e984aa80d4fd,4d4ad03b827958468b1a231e360c7ad1aa68035c25af068059838ceae6dfa6d6,7a69fb21427492956ac16a4f0657ee843cdef3db07eff5a24421b9f9b4267e2c,main_SHARED_QUERY_123_selected,a033d1483c42c3a34229a4670ecefb6eaee35f3bbd13ee3cc8b179343d3df733,development_holdout,P2,2017-05-02,891,774.7022719231888,1b3c37a040e7d9d3b25c7271e55741f0a6d74f55e151ea8a6150c8585cd9ea7f
new_p3_training,True,tuned,SHARED_QUERY,123,main,3cfd389bbd05ec9201a41c0892e29bf8199198d1b216b9a8061370d4240aa583,bd1488a2d411295d7a2118c50ddcc0b158786123613af1676062e2270d1637d1,9cb89005693b1b70c102178849b740fde00b50c9ba5f3b5530d0e5749ea59837,eca954c21da074c545cb7858315ea39fee0a6f54b19e06474b4f2f91f1666847,490eeb15970ef077ee050323b551cd9c3c5534c257f1febddca9af74ed1cf0a4,6031dc4ee08b61c58b35b1efd7d764739d5c7c54dc7cbe9e9a72a1e4a7098596,e2212c40566e21c680a98186ebd8e984aa80d4fd,4d4ad03b827958468b1a231e360c7ad1aa68035c25af068059838ceae6dfa6d6,7a69fb21427492956ac16a4f0657ee843cdef3db07eff5a24421b9f9b4267e2c,main_SHARED_QUERY_123_selected,a033d1483c42c3a34229a4670ecefb6eaee35f3bbd13ee3cc8b179343d3df733,development_holdout,P2,2017-05-04,891,723.2412894431841,9a9aa975cc4a17d5482989354bd9ef7c1e1200fd1e285ff923be9d23d92b8e43
new_p3_training,True,tuned,SHARED_QUERY,123,main,3cfd389bbd05ec9201a41c0892e29bf8199198d1b216b9a8061370d4240aa583,bd1488a2d411295d7a2118c50ddcc0b158786123613af1676062e2270d1637d1,9cb89005693b1b70c102178849b740fde00b50c9ba5f3b5530d0e5749ea59837,eca954c21da074c545cb7858315ea39fee0a6f54b19e06474b4f2f91f1666847,490eeb15970ef077ee050323b551cd9c3c5534c257f1febddca9af74ed1cf0a4,6031dc4ee08b61c58b35b1efd7d764739d5c7c54dc7cbe9e9a72a1e4a7098596,e2212c40566e21c680a98186ebd8e984aa80d4fd,4d4ad03b827958468b1a231e360c7ad1aa68035c25af068059838ceae6dfa6d6,7a69fb21427492956ac16a4f0657ee843cdef3db07eff5a24421b9f9b4267e2c,main_SHARED_QUERY_123_selected,a033d1483c42c3a34229a4670ecefb6eaee35f3bbd13ee3cc8b179343d3df733,development_holdout,P2,2017-05-08,891,778.4439113283152,a309d546d8ae42b321f17ea2340948f7b6c8c6e978be27744dfc713d8e4373cf
new_p3_training,True,tuned,SHARED_QUERY,123,main,3cfd389bbd05ec9201a41c0892e29bf8199198d1b216b9a8061370d4240aa583,bd1488a2d411295d7a2118c50ddcc0b158786123613af1676062e2270d1637d1,9cb89005693b1b70c102178849b740fde00b50c9ba5f3b5530d0e5749ea59837,eca954c21da074c545cb7858315ea39fee0a6f54b19e06474b4f2f91f1666847,490eeb15970ef077ee050323b551cd9c3c5534c257f1febddca9af74ed1cf0a4,6031dc4ee08b61c58b35b1efd7d764739d5c7c54dc7cbe9e9a72a1e4a7098596,e2212c40566e21c680a98186ebd8e984aa80d4fd,4d4ad03b827958468b1a231e360c7ad1aa68035c25af068059838ceae6dfa6d6,7a69fb21427492956ac16a4f0657ee843cdef3db07eff5a24421b9f9b4267e2c,main_SHARED_QUERY_123_selected,a033d1483c42c3a34229a4670ecefb6eaee35f3bbd13ee3cc8b179343d3df733,development_holdout,P2,2017-05-10,891,908.2596703420945,610782802de9fd4ab67d97400eb577f9814fa0cba3a690f96b34067f884b1604
new_p3_training,True,tuned,SHARED_QUERY,123,main,3cfd389bbd05ec9201a41c0892e29bf8199198d1b216b9a8061370d4240aa583,bd1488a2d411295d7a2118c50ddcc0b158786123613af1676062e2270d1637d1,9cb89005693b1b70c102178849b740fde00b50c9ba5f3b5530d0e5749ea59837,eca954c21da074c545cb7858315ea39fee0a6f54b19e06474b4f2f91f1666847,490eeb15970ef077ee050323b551cd9c3c5534c257f1febddca9af74ed1cf0a4,6031dc4ee08b61c58b35b1efd7d764739d5c7c54dc7cbe9e9a72a1e4a7098596,e2212c40566e21c680a98186ebd8e984aa80d4fd,4d4ad03b827958468b1a231e360c7ad1aa68035c25af068059838ceae6dfa6d6,7a69fb21427492956ac16a4f0657ee843cdef3db07eff5a24421b9f9b4267e2c,main_SHARED_QUERY_123_selected,a033d1483c42c3a34229a4670ecefb6eaee35f3bbd13ee3cc8b179343d3df733,development_holdout,P2,2017-05-11,891,878.3000034709407,d9e7d6a1603c8e08aa278c41d92674b18599bd645b1eee0447f919957b8dec56
new_p3_training,True,tuned,SHARED_QUERY,123,main,3cfd389bbd05ec9201a41c0892e29bf8199198d1b216b9a8061370d4240aa583,bd1488a2d411295d7a2118c50ddcc0b158786123613af1676062e2270d1637d1,9cb89005693b1b70c102178849b740fde00b50c9ba5f3b5530d0e5749ea59837,eca954c21da074c545cb7858315ea39fee0a6f54b19e06474b4f2f91f1666847,490eeb15970ef077ee050323b551cd9c3c5534c257f1febddca9af74ed1cf0a4,6031dc4ee08b61c58b35b1efd7d764739d5c7c54dc7cbe9e9a72a1e4a7098596,e2212c40566e21c680a98186ebd8e984aa80d4fd,4d4ad03b827958468b1a231e360c7ad1aa68035c25af068059838ceae6dfa6d6,7a69fb21427492956ac16a4f0657ee843cdef3db07eff5a24421b9f9b4267e2c,main_SHARED_QUERY_123_selected,a033d1483c42c3a34229a4670ecefb6eaee35f3bbd13ee3cc8b179343d3df733,development_holdout,P2,2017-05-12,891,838.2078775079801,6aa3afae9adfed85b57bc184dfb6214b41f799882d2cb086d558358fa57f0e19
new_p3_training,True,tuned,SHARED_QUERY,123,main,3cfd389bbd05ec9201a41c0892e29bf8199198d1b216b9a8061370d4240aa583,bd1488a2d411295d7a2118c50ddcc0b158786123613af1676062e2270d1637d1,9cb89005693b1b70c102178849b740fde00b50c9ba5f3b5530d0e5749ea59837,eca954c21da074c545cb7858315ea39fee0a6f54b19e06474b4f2f91f1666847,490eeb15970ef077ee050323b551cd9c3c5534c257f1febddca9af74ed1cf0a4,6031dc4ee08b61c58b35b1efd7d764739d5c7c54dc7cbe9e9a72a1e4a7098596,e2212c40566e21c680a98186ebd8e984aa80d4fd,4d4ad03b827958468b1a231e360c7ad1aa68035c25af068059838ceae6dfa6d6,7a69fb21427492956ac16a4f0657ee843cdef3db07eff5a24421b9f9b4267e2c,main_SHARED_QUERY_123_selected,a033d1483c42c3a34229a4670ecefb6eaee35f3bbd13ee3cc8b179343d3df733,development_holdout,P2,2017-05-15,891,838.2175909927386,9002e317de263a7d87090b2bf73212a0eadbc7ff39a2ce8991e4e0b3cd2b783d
new_p3_training,True,tuned,SHARED_QUERY,123,main,3cfd389bbd05ec9201a41c0892e29bf8199198d1b216b9a8061370d4240aa583,bd1488a2d411295d7a2118c50ddcc0b158786123613af1676062e2270d1637d1,9cb89005693b1b70c102178849b740fde00b50c9ba5f3b5530d0e5749ea59837,eca954c21da074c545cb7858315ea39fee0a6f54b19e06474b4f2f91f1666847,490eeb15970ef077ee050323b551cd9c3c5534c257f1febddca9af74ed1cf0a4,6031dc4ee08b61c58b35b1efd7d764739d5c7c54dc7cbe9e9a72a1e4a7098596,e2212c40566e21c680a98186ebd8e984aa80d4fd,4d4ad03b827958468b1a231e360c7ad1aa68035c25af068059838ceae6dfa6d6,7a69fb21427492956ac16a4f0657ee843cdef3db07eff5a24421b9f9b4267e2c,main_SHARED_QUERY_123_selected,a033d1483c42c3a34229a4670ecefb6eaee35f3bbd13ee3cc8b179343d3df733,development_holdout,P2,2017-05-16,891,833.1796819696727,3d8e09ae6789d8ac28315a435400803d5df1f8f82e9344dbf0aca0582ab38b31
new_p3_training,True,tuned,SHARED_QUERY,123,main,3cfd389bbd05ec9201a41c0892e29bf8199198d1b216b9a8061370d4240aa583,bd1488a2d411295d7a2118c50ddcc0b158786123613af1676062e2270d1637d1,9cb89005693b1b70c102178849b740fde00b50c9ba5f3b5530d0e5749ea59837,eca954c21da074c545cb7858315ea39fee0a6f54b19e06474b4f2f91f1666847,490eeb15970ef077ee050323b551cd9c3c5534c257f1febddca9af74ed1cf0a4,6031dc4ee08b61c58b35b1efd7d764739d5c7c54dc7cbe9e9a72a1e4a7098596,e2212c40566e21c680a98186ebd8e984aa80d4fd,4d4ad03b827958468b1a231e360c7ad1aa68035c25af068059838ceae6dfa6d6,7a69fb21427492956ac16a4f0657ee843cdef3db07eff5a24421b9f9b4267e2c,main_SHARED_QUERY_123_selected,a033d1483c42c3a34229a4670ecefb6eaee35f3bbd13ee3cc8b179343d3df733,development_holdout,P2,2017-05-17,891,823.6325484830936,7482ff0fbe4526ec561e0199f9746afe5d7bea60749cbd8e236e08b139e7efc8
new_p3_training,True,tuned,SHARED_QUERY,123,main,3cfd389bbd05ec9201a41c0892e29bf8199198d1b216b9a8061370d4240aa583,bd1488a2d411295d7a2118c50ddcc0b158786123613af1676062e2270d1637d1,9cb89005693b1b70c102178849b740fde00b50c9ba5f3b5530d0e5749ea59837,eca954c21da074c545cb7858315ea39fee0a6f54b19e06474b4f2f91f1666847,490eeb15970ef077ee050323b551cd9c3c5534c257f1febddca9af74ed1cf0a4,6031dc4ee08b61c58b35b1efd7d764739d5c7c54dc7cbe9e9a72a1e4a7098596,e2212c40566e21c680a98186ebd8e984aa80d4fd,4d4ad03b827958468b1a231e360c7ad1aa68035c25af068059838ceae6dfa6d6,7a69fb21427492956ac16a4f0657ee843cdef3db07eff5a24421b9f9b4267e2c,main_SHARED_QUERY_123_selected,a033d1483c42c3a34229a4670ecefb6eaee35f3bbd13ee3cc8b179343d3df733,development_holdout,P2,2017-05-18,891,839.7791223525576,9f35704b87958f3e8f8e02b15c7871a9efb9c9e0d981a4d999167ad82e70c485
new_p3_training,True,tuned,SHARED_QUERY,123,main,3cfd389bbd05ec9201a41c0892e29bf8199198d1b216b9a8061370d4240aa583,bd1488a2d411295d7a2118c50ddcc0b158786123613af1676062e2270d1637d1,9cb89005693b1b70c102178849b740fde00b50c9ba5f3b5530d0e5749ea59837,eca954c21da074c545cb7858315ea39fee0a6f54b19e06474b4f2f91f1666847,490eeb15970ef077ee050323b551cd9c3c5534c257f1febddca9af74ed1cf0a4,6031dc4ee08b61c58b35b1efd7d764739d5c7c54dc7cbe9e9a72a1e4a7098596,e2212c40566e21c680a98186ebd8e984aa80d4fd,4d4ad03b827958468b1a231e360c7ad1aa68035c25af068059838ceae6dfa6d6,7a69fb21427492956ac16a4f0657ee843cdef3db07eff5a24421b9f9b4267e2c,main_SHARED_QUERY_123_selected,a033d1483c42c3a34229a4670ecefb6eaee35f3bbd13ee3cc8b179343d3df733,development_holdout,P2,2017-05-19,891,852.2642381295975,42b0b2810362da7e14b789ea5ed61e0ee021a33e297aade2ff6c1579eca0cc5d
new_p3_training,True,tuned,SHARED_QUERY,123,main,3cfd389bbd05ec9201a41c0892e29bf8199198d1b216b9a8061370d4240aa583,bd1488a2d411295d7a2118c50ddcc0b158786123613af1676062e2270d1637d1,9cb89005693b1b70c102178849b740fde00b50c9ba5f3b5530d0e5749ea59837,eca954c21da074c545cb7858315ea39fee0a6f54b19e06474b4f2f91f1666847,490eeb15970ef077ee050323b551cd9c3c5534c257f1febddca9af74ed1cf0a4,6031dc4ee08b61c58b35b1efd7d764739d5c7c54dc7cbe9e9a72a1e4a7098596,e2212c40566e21c680a98186ebd8e984aa80d4fd,4d4ad03b827958468b1a231e360c7ad1aa68035c25af068059838ceae6dfa6d6,7a69fb21427492956ac16a4f0657ee843cdef3db07eff5a24421b9f9b4267e2c,main_SHARED_QUERY_123_selected,a033d1483c42c3a34229a4670ecefb6eaee35f3bbd13ee3cc8b179343d3df733,development_holdout,P2,2017-05-22,891,815.7968750931855,e3769a9dbc72d8635b148337c1ab1bd281fcfe7b5a8e6022a973f7d1801c0675
new_p3_training,True,tuned,SHARED_QUERY,123,main,3cfd389bbd05ec9201a41c0892e29bf8199198d1b216b9a8061370d4240aa583,bd1488a2d411295d7a2118c50ddcc0b158786123613af1676062e2270d1637d1,9cb89005693b1b70c102178849b740fde00b50c9ba5f3b5530d0e5749ea59837,eca954c21da074c545cb7858315ea39fee0a6f54b19e06474b4f2f91f1666847,490eeb15970ef077ee050323b551cd9c3c5534c257f1febddca9af74ed1cf0a4,6031dc4ee08b61c58b35b1efd7d764739d5c7c54dc7cbe9e9a72a1e4a7098596,e2212c40566e21c680a98186ebd8e984aa80d4fd,4d4ad03b827958468b1a231e360c7ad1aa68035c25af068059838ceae6dfa6d6,7a69fb21427492956ac16a4f0657ee843cdef3db07eff5a24421b9f9b4267e2c,main_SHARED_QUERY_123_selected,a033d1483c42c3a34229a4670ecefb6eaee35f3bbd13ee3cc8b179343d3df733,development_holdout,P2,2017-05-23,891,903.7723981703255,708cbf5df68458b2b3f6185e462db6019ba249a766cfb6183ab9bc08da63087f
new_p3_training,True,tuned,SHARED_QUERY,123,main,3cfd389bbd05ec9201a41c0892e29bf8199198d1b216b9a8061370d4240aa583,bd1488a2d411295d7a2118c50ddcc0b158786123613af1676062e2270d1637d1,9cb89005693b1b70c102178849b740fde00b50c9ba5f3b5530d0e5749ea59837,eca954c21da074c545cb7858315ea39fee0a6f54b19e06474b4f2f91f1666847,490eeb15970ef077ee050323b551cd9c3c5534c257f1febddca9af74ed1cf0a4,6031dc4ee08b61c58b35b1efd7d764739d5c7c54dc7cbe9e9a72a1e4a7098596,e2212c40566e21c680a98186ebd8e984aa80d4fd,4d4ad03b827958468b1a231e360c7ad1aa68035c25af068059838ceae6dfa6d6,7a69fb21427492956ac16a4f0657ee843cdef3db07eff5a24421b9f9b4267e2c,main_SHARED_QUERY_123_selected,a033d1483c42c3a34229a4670ecefb6eaee35f3bbd13ee3cc8b179343d3df733,development_holdout,P2,2017-05-24,891,867.8342954654549,963bc18cce785722bc2d42dd51bf35c6a44b8160f1200bdf52c392507b871905
new_p3_training,True,tuned,SHARED_QUERY,123,main,3cfd389bbd05ec9201a41c0892e29bf8199198d1b216b9a8061370d4240aa583,bd1488a2d411295d7a2118c50ddcc0b158786123613af1676062e2270d1637d1,9cb89005693b1b70c102178849b740fde00b50c9ba5f3b5530d0e5749ea59837,eca954c21da074c545cb7858315ea39fee0a6f54b19e06474b4f2f91f1666847,490eeb15970ef077ee050323b551cd9c3c5534c257f1febddca9af74ed1cf0a4,6031dc4ee08b61c58b35b1efd7d764739d5c7c54dc7cbe9e9a72a1e4a7098596,e2212c40566e21c680a98186ebd8e984aa80d4fd,4d4ad03b827958468b1a231e360c7ad1aa68035c25af068059838ceae6dfa6d6,7a69fb21427492956ac16a4f0657ee843cdef3db07eff5a24421b9f9b4267e2c,main_SHARED_QUERY_123_selected,a033d1483c42c3a34229a4670ecefb6eaee35f3bbd13ee3cc8b179343d3df733,development_holdout,P2,2017-05-25,891,865.3668205962672,5a29e6e7499b074fbcaa266247c335cd8ab199c2dcc3768e0f8be71c3a394159
new_p3_training,True,tuned,SHARED_QUERY,123,main,3cfd389bbd05ec9201a41c0892e29bf8199198d1b216b9a8061370d4240aa583,bd1488a2d411295d7a2118c50ddcc0b158786123613af1676062e2270d1637d1,9cb89005693b1b70c102178849b740fde00b50c9ba5f3b5530d0e5749ea59837,eca954c21da074c545cb7858315ea39fee0a6f54b19e06474b4f2f91f1666847,490eeb15970ef077ee050323b551cd9c3c5534c257f1febddca9af74ed1cf0a4,6031dc4ee08b61c58b35b1efd7d764739d5c7c54dc7cbe9e9a72a1e4a7098596,e2212c40566e21c680a98186ebd8e984aa80d4fd,4d4ad03b827958468b1a231e360c7ad1aa68035c25af068059838ceae6dfa6d6,7a69fb21427492956ac16a4f0657ee843cdef3db07eff5a24421b9f9b4267e2c,main_SHARED_QUERY_123_selected,a033d1483c42c3a34229a4670ecefb6eaee35f3bbd13ee3cc8b179343d3df733,development_holdout,P2,2017-05-26,891,870.0947676885764,ceba5ed508f6f8e60604a0460c543afa90d0041323ff56c710a5b3bf25213a98
new_p3_training,True,tuned,SHARED_QUERY,123,main,3cfd389bbd05ec9201a41c0892e29bf8199198d1b216b9a8061370d4240aa583,bd1488a2d411295d7a2118c50ddcc0b158786123613af1676062e2270d1637d1,9cb89005693b1b70c102178849b740fde00b50c9ba5f3b5530d0e5749ea59837,eca954c21da074c545cb7858315ea39fee0a6f54b19e06474b4f2f91f1666847,490eeb15970ef077ee050323b551cd9c3c5534c257f1febddca9af74ed1cf0a4,6031dc4ee08b61c58b35b1efd7d764739d5c7c54dc7cbe9e9a72a1e4a7098596,e2212c40566e21c680a98186ebd8e984aa80d4fd,4d4ad03b827958468b1a231e360c7ad1aa68035c25af068059838ceae6dfa6d6,7a69fb21427492956ac16a4f0657ee843cdef3db07eff5a24421b9f9b4267e2c,main_SHARED_QUERY_123_selected,a033d1483c42c3a34229a4670ecefb6eaee35f3bbd13ee3cc8b179343d3df733,development_holdout,P2,2017-05-29,891,893.3554432904627,b212462525bfe756b1780058ef6b88e1ca2131455a4b49ec44083fb1acc042c2
new_p3_training,True,tuned,SHARED_QUERY,123,main,3cfd389bbd05ec9201a41c0892e29bf8199198d1b216b9a8061370d4240aa583,bd1488a2d411295d7a2118c50ddcc0b158786123613af1676062e2270d1637d1,9cb89005693b1b70c102178849b740fde00b50c9ba5f3b5530d0e5749ea59837,eca954c21da074c545cb7858315ea39fee0a6f54b19e06474b4f2f91f1666847,490eeb15970ef077ee050323b551cd9c3c5534c257f1febddca9af74ed1cf0a4,6031dc4ee08b61c58b35b1efd7d764739d5c7c54dc7cbe9e9a72a1e4a7098596,e2212c40566e21c680a98186ebd8e984aa80d4fd,4d4ad03b827958468b1a231e360c7ad1aa68035c25af068059838ceae6dfa6d6,7a69fb21427492956ac16a4f0657ee843cdef3db07eff5a24421b9f9b4267e2c,main_SHARED_QUERY_123_selected,a033d1483c42c3a34229a4670ecefb6eaee35f3bbd13ee3cc8b179343d3df733,development_holdout,P2,2017-05-30,891,857.260438088616,bd293169bd4665f985eb87ddd3cf8b66313e7506c383d2c7dd5b4c97764de2bf
new_p3_training,True,tuned,SHARED_QUERY,123,main,3cfd389bbd05ec9201a41c0892e29bf8199198d1b216b9a8061370d4240aa583,bd1488a2d411295d7a2118c50ddcc0b158786123613af1676062e2270d1637d1,9cb89005693b1b70c102178849b740fde00b50c9ba5f3b5530d0e5749ea59837,eca954c21da074c545cb7858315ea39fee0a6f54b19e06474b4f2f91f1666847,490eeb15970ef077ee050323b551cd9c3c5534c257f1febddca9af74ed1cf0a4,6031dc4ee08b61c58b35b1efd7d764739d5c7c54dc7cbe9e9a72a1e4a7098596,e2212c40566e21c680a98186ebd8e984aa80d4fd,4d4ad03b827958468b1a231e360c7ad1aa68035c25af068059838ceae6dfa6d6,7a69fb21427492956ac16a4f0657ee843cdef3db07eff5a24421b9f9b4267e2c,main_SHARED_QUERY_123_selected,a033d1483c42c3a34229a4670ecefb6eaee35f3bbd13ee3cc8b179343d3df733,development_holdout,P2,2017-05-31,891,860.9623485421839,b574bc04659d8011d5c437f370839887c79819aeeff25999c1736bb8d82e2c0a
new_p3_training,True,tuned,SHARED_QUERY,123,main,3cfd389bbd05ec9201a41c0892e29bf8199198d1b216b9a8061370d4240aa583,bd1488a2d411295d7a2118c50ddcc0b158786123613af1676062e2270d1637d1,9cb89005693b1b70c102178849b740fde00b50c9ba5f3b5530d0e5749ea59837,eca954c21da074c545cb7858315ea39fee0a6f54b19e06474b4f2f91f1666847,490eeb15970ef077ee050323b551cd9c3c5534c257f1febddca9af74ed1cf0a4,6031dc4ee08b61c58b35b1efd7d764739d5c7c54dc7cbe9e9a72a1e4a7098596,e2212c40566e21c680a98186ebd8e984aa80d4fd,4d4ad03b827958468b1a231e360c7ad1aa68035c25af068059838ceae6dfa6d6,7a69fb21427492956ac16a4f0657ee843cdef3db07eff5a24421b9f9b4267e2c,main_SHARED_QUERY_123_selected,a033d1483c42c3a34229a4670ecefb6eaee35f3bbd13ee3cc8b179343d3df733,development_holdout,P2,2017-06-01,891,786.30294525348,7cdb2d49ec032ae40287874e04e47274b8ad1b0eaa544902c2b6c8c1192b2946
new_p3_training,True,tuned,SHARED_QUERY,123,main,3cfd389bbd05ec9201a41c0892e29bf8199198d1b216b9a8061370d4240aa583,bd1488a2d411295d7a2118c50ddcc0b158786123613af1676062e2270d1637d1,9cb89005693b1b70c102178849b740fde00b50c9ba5f3b5530d0e5749ea59837,eca954c21da074c545cb7858315ea39fee0a6f54b19e06474b4f2f91f1666847,490eeb15970ef077ee050323b551cd9c3c5534c257f1febddca9af74ed1cf0a4,6031dc4ee08b61c58b35b1efd7d764739d5c7c54dc7cbe9e9a72a1e4a7098596,e2212c40566e21c680a98186ebd8e984aa80d4fd,4d4ad03b827958468b1a231e360c7ad1aa68035c25af068059838ceae6dfa6d6,7a69fb21427492956ac16a4f0657ee843cdef3db07eff5a24421b9f9b4267e2c,main_SHARED_QUERY_123_selected,a033d1483c42c3a34229a4670ecefb6eaee35f3bbd13ee3cc8b179343d3df733,development_holdout,P2,2017-06-02,891,850.028587414817,c390b83523b2e5154b3dd728ec93393f1361ed05c533138563d93ede9bfffdbe
new_p3_training,True,tuned,SHARED_QUERY,123,main,3cfd389bbd05ec9201a41c0892e29bf8199198d1b216b9a8061370d4240aa583,bd1488a2d411295d7a2118c50ddcc0b158786123613af1676062e2270d1637d1,9cb89005693b1b70c102178849b740fde00b50c9ba5f3b5530d0e5749ea59837,eca954c21da074c545cb7858315ea39fee0a6f54b19e06474b4f2f91f1666847,490eeb15970ef077ee050323b551cd9c3c5534c257f1febddca9af74ed1cf0a4,6031dc4ee08b61c58b35b1efd7d764739d5c7c54dc7cbe9e9a72a1e4a7098596,e2212c40566e21c680a98186ebd8e984aa80d4fd,4d4ad03b827958468b1a231e360c7ad1aa68035c25af068059838ceae6dfa6d6,7a69fb21427492956ac16a4f0657ee843cdef3db07eff5a24421b9f9b4267e2c,main_SHARED_QUERY_123_selected,a033d1483c42c3a34229a4670ecefb6eaee35f3bbd13ee3cc8b179343d3df733,development_holdout,P2,2017-06-05,891,805.3173617267424,8ab33844d363f81acf122e71dc01ee0d55c55eb43b8ab3dba4f74e1eba8600df
new_p3_training,True,tuned,SHARED_QUERY,123,main,3cfd389bbd05ec9201a41c0892e29bf8199198d1b216b9a8061370d4240aa583,bd1488a2d411295d7a2118c50ddcc0b158786123613af1676062e2270d1637d1,9cb89005693b1b70c102178849b740fde00b50c9ba5f3b5530d0e5749ea59837,eca954c21da074c545cb7858315ea39fee0a6f54b19e06474b4f2f91f1666847,490eeb15970ef077ee050323b551cd9c3c5534c257f1febddca9af74ed1cf0a4,6031dc4ee08b61c58b35b1efd7d764739d5c7c54dc7cbe9e9a72a1e4a7098596,e2212c40566e21c680a98186ebd8e984aa80d4fd,4d4ad03b827958468b1a231e360c7ad1aa68035c25af068059838ceae6dfa6d6,7a69fb21427492956ac16a4f0657ee843cdef3db07eff5a24421b9f9b4267e2c,main_SHARED_QUERY_123_selected,a033d1483c42c3a34229a4670ecefb6eaee35f3bbd13ee3cc8b179343d3df733,development_holdout,P2,2017-06-07,891,861.3124177085601,12c85686111c16c9525b2d9cc220ce7da0c40ceb3a1876aedfa81bc6d2a2530b
new_p3_training,True,tuned,SHARED_QUERY,123,main,3cfd389bbd05ec9201a41c0892e29bf8199198d1b216b9a8061370d4240aa583,bd1488a2d411295d7a2118c50ddcc0b158786123613af1676062e2270d1637d1,9cb89005693b1b70c102178849b740fde00b50c9ba5f3b5530d0e5749ea59837,eca954c21da074c545cb7858315ea39fee0a6f54b19e06474b4f2f91f1666847,490eeb15970ef077ee050323b551cd9c3c5534c257f1febddca9af74ed1cf0a4,6031dc4ee08b61c58b35b1efd7d764739d5c7c54dc7cbe9e9a72a1e4a7098596,e2212c40566e21c680a98186ebd8e984aa80d4fd,4d4ad03b827958468b1a231e360c7ad1aa68035c25af068059838ceae6dfa6d6,7a69fb21427492956ac16a4f0657ee843cdef3db07eff5a24421b9f9b4267e2c,main_SHARED_QUERY_123_selected,a033d1483c42c3a34229a4670ecefb6eaee35f3bbd13ee3cc8b179343d3df733,development_holdout,P2,2017-06-08,891,808.2349448537209,5dabf5f41fa9bb28e9f4474ba70ff20e02371bc2941d686d7ff682036e82481a
new_p3_training,True,tuned,SHARED_QUERY,123,main,3cfd389bbd05ec9201a41c0892e29bf8199198d1b216b9a8061370d4240aa583,bd1488a2d411295d7a2118c50ddcc0b158786123613af1676062e2270d1637d1,9cb89005693b1b70c102178849b740fde00b50c9ba5f3b5530d0e5749ea59837,eca954c21da074c545cb7858315ea39fee0a6f54b19e06474b4f2f91f1666847,490eeb15970ef077ee050323b551cd9c3c5534c257f1febddca9af74ed1cf0a4,6031dc4ee08b61c58b35b1efd7d764739d5c7c54dc7cbe9e9a72a1e4a7098596,e2212c40566e21c680a98186ebd8e984aa80d4fd,4d4ad03b827958468b1a231e360c7ad1aa68035c25af068059838ceae6dfa6d6,7a69fb21427492956ac16a4f0657ee843cdef3db07eff5a24421b9f9b4267e2c,main_SHARED_QUERY_123_selected,a033d1483c42c3a34229a4670ecefb6eaee35f3bbd13ee3cc8b179343d3df733,development_holdout,P2,2017-06-09,891,856.1135905515075,45d9b0bf22b744903720fedbf28e09f714dd0e8c69594b8fca3b76c624cff13a
new_p3_training,True,tuned,SHARED_QUERY,123,main,3cfd389bbd05ec9201a41c0892e29bf8199198d1b216b9a8061370d4240aa583,bd1488a2d411295d7a2118c50ddcc0b158786123613af1676062e2270d1637d1,9cb89005693b1b70c102178849b740fde00b50c9ba5f3b5530d0e5749ea59837,eca954c21da074c545cb7858315ea39fee0a6f54b19e06474b4f2f91f1666847,490eeb15970ef077ee050323b551cd9c3c5534c257f1febddca9af74ed1cf0a4,6031dc4ee08b61c58b35b1efd7d764739d5c7c54dc7cbe9e9a72a1e4a7098596,e2212c40566e21c680a98186ebd8e984aa80d4fd,4d4ad03b827958468b1a231e360c7ad1aa68035c25af068059838ceae6dfa6d6,7a69fb21427492956ac16a4f0657ee843cdef3db07eff5a24421b9f9b4267e2c,main_SHARED_QUERY_123_selected,a033d1483c42c3a34229a4670ecefb6eaee35f3bbd13ee3cc8b179343d3df733,development_holdout,P2,2017-06-12,891,836.3888636721704,294100c359d1908c919e9d63248cfec95e1f2bad17df8ebb2bfe6f9da1c76e07
new_p3_training,True,tuned,SHARED_QUERY,123,main,3cfd389bbd05ec9201a41c0892e29bf8199198d1b216b9a8061370d4240aa583,bd1488a2d411295d7a2118c50ddcc0b158786123613af1676062e2270d1637d1,9cb89005693b1b70c102178849b740fde00b50c9ba5f3b5530d0e5749ea59837,eca954c21da074c545cb7858315ea39fee0a6f54b19e06474b4f2f91f1666847,490eeb15970ef077ee050323b551cd9c3c5534c257f1febddca9af74ed1cf0a4,6031dc4ee08b61c58b35b1efd7d764739d5c7c54dc7cbe9e9a72a1e4a7098596,e2212c40566e21c680a98186ebd8e984aa80d4fd,4d4ad03b827958468b1a231e360c7ad1aa68035c25af068059838ceae6dfa6d6,7a69fb21427492956ac16a4f0657ee843cdef3db07eff5a24421b9f9b4267e2c,main_SHARED_QUERY_123_selected,a033d1483c42c3a34229a4670ecefb6eaee35f3bbd13ee3cc8b179343d3df733,development_holdout,P2,2017-06-13,891,828.5326359400128,46af54aa50f3388b25ab17dc294477db5091506d69c4e16c869bdc9e7e5c4708
new_p3_training,True,tuned,SHARED_QUERY,123,main,3cfd389bbd05ec9201a41c0892e29bf8199198d1b216b9a8061370d4240aa583,bd1488a2d411295d7a2118c50ddcc0b158786123613af1676062e2270d1637d1,9cb89005693b1b70c102178849b740fde00b50c9ba5f3b5530d0e5749ea59837,eca954c21da074c545cb7858315ea39fee0a6f54b19e06474b4f2f91f1666847,490eeb15970ef077ee050323b551cd9c3c5534c257f1febddca9af74ed1cf0a4,6031dc4ee08b61c58b35b1efd7d764739d5c7c54dc7cbe9e9a72a1e4a7098596,e2212c40566e21c680a98186ebd8e984aa80d4fd,4d4ad03b827958468b1a231e360c7ad1aa68035c25af068059838ceae6dfa6d6,7a69fb21427492956ac16a4f0657ee843cdef3db07eff5a24421b9f9b4267e2c,main_SHARED_QUERY_123_selected,a033d1483c42c3a34229a4670ecefb6eaee35f3bbd13ee3cc8b179343d3df733,development_holdout,P2,2017-06-14,891,842.8554594192046,0a8482b282d2ab519adeed6cd0543c9a5211e1adfbbddd2cf39f9779ab951769
new_p3_training,True,tuned,SHARED_QUERY,123,main,3cfd389bbd05ec9201a41c0892e29bf8199198d1b216b9a8061370d4240aa583,bd1488a2d411295d7a2118c50ddcc0b158786123613af1676062e2270d1637d1,9cb89005693b1b70c102178849b740fde00b50c9ba5f3b5530d0e5749ea59837,eca954c21da074c545cb7858315ea39fee0a6f54b19e06474b4f2f91f1666847,490eeb15970ef077ee050323b551cd9c3c5534c257f1febddca9af74ed1cf0a4,6031dc4ee08b61c58b35b1efd7d764739d5c7c54dc7cbe9e9a72a1e4a7098596,e2212c40566e21c680a98186ebd8e984aa80d4fd,4d4ad03b827958468b1a231e360c7ad1aa68035c25af068059838ceae6dfa6d6,7a69fb21427492956ac16a4f0657ee843cdef3db07eff5a24421b9f9b4267e2c,main_SHARED_QUERY_123_selected,a033d1483c42c3a34229a4670ecefb6eaee35f3bbd13ee3cc8b179343d3df733,development_holdout,P2,2017-06-15,891,865.121432087235,1b78d0d7df55020ef3350d40f171f3291016317f4b8439a8f0a5f71bcc206eb4
new_p3_training,True,tuned,SHARED_QUERY,123,main,3cfd389bbd05ec9201a41c0892e29bf8199198d1b216b9a8061370d4240aa583,bd1488a2d411295d7a2118c50ddcc0b158786123613af1676062e2270d1637d1,9cb89005693b1b70c102178849b740fde00b50c9ba5f3b5530d0e5749ea59837,eca954c21da074c545cb7858315ea39fee0a6f54b19e06474b4f2f91f1666847,490eeb15970ef077ee050323b551cd9c3c5534c257f1febddca9af74ed1cf0a4,6031dc4ee08b61c58b35b1efd7d764739d5c7c54dc7cbe9e9a72a1e4a7098596,e2212c40566e21c680a98186ebd8e984aa80d4fd,4d4ad03b827958468b1a231e360c7ad1aa68035c25af068059838ceae6dfa6d6,7a69fb21427492956ac16a4f0657ee843cdef3db07eff5a24421b9f9b4267e2c,main_SHARED_QUERY_123_selected,a033d1483c42c3a34229a4670ecefb6eaee35f3bbd13ee3cc8b179343d3df733,development_holdout,P2,2017-06-16,891,792.8317961670772,6c20492c0b33d5a992e2568fcda618b0648330933659320e5cac43262f2ac2fb
new_p3_training,True,tuned,SHARED_QUERY,123,main,3cfd389bbd05ec9201a41c0892e29bf8199198d1b216b9a8061370d4240aa583,bd1488a2d411295d7a2118c50ddcc0b158786123613af1676062e2270d1637d1,9cb89005693b1b70c102178849b740fde00b50c9ba5f3b5530d0e5749ea59837,eca954c21da074c545cb7858315ea39fee0a6f54b19e06474b4f2f91f1666847,490eeb15970ef077ee050323b551cd9c3c5534c257f1febddca9af74ed1cf0a4,6031dc4ee08b61c58b35b1efd7d764739d5c7c54dc7cbe9e9a72a1e4a7098596,e2212c40566e21c680a98186ebd8e984aa80d4fd,4d4ad03b827958468b1a231e360c7ad1aa68035c25af068059838ceae6dfa6d6,7a69fb21427492956ac16a4f0657ee843cdef3db07eff5a24421b9f9b4267e2c,main_SHARED_QUERY_123_selected,a033d1483c42c3a34229a4670ecefb6eaee35f3bbd13ee3cc8b179343d3df733,development_holdout,P2,2017-06-19,891,862.2349968517246,57837a882c4562f7a659a1327a9ea3fac892a8618b525ec88df174e5ffe013be
new_p3_training,True,tuned,SHARED_QUERY,123,main,3cfd389bbd05ec9201a41c0892e29bf8199198d1b216b9a8061370d4240aa583,bd1488a2d411295d7a2118c50ddcc0b158786123613af1676062e2270d1637d1,9cb89005693b1b70c102178849b740fde00b50c9ba5f3b5530d0e5749ea59837,eca954c21da074c545cb7858315ea39fee0a6f54b19e06474b4f2f91f1666847,490eeb15970ef077ee050323b551cd9c3c5534c257f1febddca9af74ed1cf0a4,6031dc4ee08b61c58b35b1efd7d764739d5c7c54dc7cbe9e9a72a1e4a7098596,e2212c40566e21c680a98186ebd8e984aa80d4fd,4d4ad03b827958468b1a231e360c7ad1aa68035c25af068059838ceae6dfa6d6,7a69fb21427492956ac16a4f0657ee843cdef3db07eff5a24421b9f9b4267e2c,main_SHARED_QUERY_123_selected,a033d1483c42c3a34229a4670ecefb6eaee35f3bbd13ee3cc8b179343d3df733,development_holdout,P2,2017-06-20,891,838.0852672572971,c36dc795894348d0456064280a5b02e478cdc2f21247eb956506061d14b8537d
new_p3_training,True,tuned,SHARED_QUERY,123,main,3cfd389bbd05ec9201a41c0892e29bf8199198d1b216b9a8061370d4240aa583,bd1488a2d411295d7a2118c50ddcc0b158786123613af1676062e2270d1637d1,9cb89005693b1b70c102178849b740fde00b50c9ba5f3b5530d0e5749ea59837,eca954c21da074c545cb7858315ea39fee0a6f54b19e06474b4f2f91f1666847,490eeb15970ef077ee050323b551cd9c3c5534c257f1febddca9af74ed1cf0a4,6031dc4ee08b61c58b35b1efd7d764739d5c7c54dc7cbe9e9a72a1e4a7098596,e2212c40566e21c680a98186ebd8e984aa80d4fd,4d4ad03b827958468b1a231e360c7ad1aa68035c25af068059838ceae6dfa6d6,7a69fb21427492956ac16a4f0657ee843cdef3db07eff5a24421b9f9b4267e2c,main_SHARED_QUERY_123_selected,a033d1483c42c3a34229a4670ecefb6eaee35f3bbd13ee3cc8b179343d3df733,development_holdout,P2,2017-06-21,891,897.8259509466566,8baf7ad2fa0c50390769d30b3b15dc14aa522c0195fdb397b67670b45cfac504
new_p3_training,True,tuned,SHARED_QUERY,123,main,3cfd389bbd05ec9201a41c0892e29bf8199198d1b216b9a8061370d4240aa583,bd1488a2d411295d7a2118c50ddcc0b158786123613af1676062e2270d1637d1,9cb89005693b1b70c102178849b740fde00b50c9ba5f3b5530d0e5749ea59837,eca954c21da074c545cb7858315ea39fee0a6f54b19e06474b4f2f91f1666847,490eeb15970ef077ee050323b551cd9c3c5534c257f1febddca9af74ed1cf0a4,6031dc4ee08b61c58b35b1efd7d764739d5c7c54dc7cbe9e9a72a1e4a7098596,e2212c40566e21c680a98186ebd8e984aa80d4fd,4d4ad03b827958468b1a231e360c7ad1aa68035c25af068059838ceae6dfa6d6,7a69fb21427492956ac16a4f0657ee843cdef3db07eff5a24421b9f9b4267e2c,main_SHARED_QUERY_123_selected,a033d1483c42c3a34229a4670ecefb6eaee35f3bbd13ee3cc8b179343d3df733,development_holdout,P2,2017-06-22,891,863.2027098943638,b4b5c2c908213b67075afdfde7f8c1c2c8b424f2e58fe44f9468b3f9bbdb295a
new_p3_training,True,tuned,SHARED_QUERY,123,main,3cfd389bbd05ec9201a41c0892e29bf8199198d1b216b9a8061370d4240aa583,bd1488a2d411295d7a2118c50ddcc0b158786123613af1676062e2270d1637d1,9cb89005693b1b70c102178849b740fde00b50c9ba5f3b5530d0e5749ea59837,eca954c21da074c545cb7858315ea39fee0a6f54b19e06474b4f2f91f1666847,490eeb15970ef077ee050323b551cd9c3c5534c257f1febddca9af74ed1cf0a4,6031dc4ee08b61c58b35b1efd7d764739d5c7c54dc7cbe9e9a72a1e4a7098596,e2212c40566e21c680a98186ebd8e984aa80d4fd,4d4ad03b827958468b1a231e360c7ad1aa68035c25af068059838ceae6dfa6d6,7a69fb21427492956ac16a4f0657ee843cdef3db07eff5a24421b9f9b4267e2c,main_SHARED_QUERY_123_selected,a033d1483c42c3a34229a4670ecefb6eaee35f3bbd13ee3cc8b179343d3df733,development_holdout,P2,2017-06-23,891,839.1556692538765,6b1a94c01f96a9d86f0c4b341157610ea489571f1d7a6ccfe4772d9fc8536872
new_p3_training,True,tuned,SHARED_QUERY,123,main,3cfd389bbd05ec9201a41c0892e29bf8199198d1b216b9a8061370d4240aa583,bd1488a2d411295d7a2118c50ddcc0b158786123613af1676062e2270d1637d1,9cb89005693b1b70c102178849b740fde00b50c9ba5f3b5530d0e5749ea59837,eca954c21da074c545cb7858315ea39fee0a6f54b19e06474b4f2f91f1666847,490eeb15970ef077ee050323b551cd9c3c5534c257f1febddca9af74ed1cf0a4,6031dc4ee08b61c58b35b1efd7d764739d5c7c54dc7cbe9e9a72a1e4a7098596,e2212c40566e21c680a98186ebd8e984aa80d4fd,4d4ad03b827958468b1a231e360c7ad1aa68035c25af068059838ceae6dfa6d6,7a69fb21427492956ac16a4f0657ee843cdef3db07eff5a24421b9f9b4267e2c,main_SHARED_QUERY_123_selected,a033d1483c42c3a34229a4670ecefb6eaee35f3bbd13ee3cc8b179343d3df733,development_holdout,P2,2017-06-26,891,825.6071982742709,c0088d47f750d2da1694546ee0367f51db1e7169634fba0df220bfc22742768e
new_p3_training,True,tuned,SHARED_QUERY,123,main,3cfd389bbd05ec9201a41c0892e29bf8199198d1b216b9a8061370d4240aa583,bd1488a2d411295d7a2118c50ddcc0b158786123613af1676062e2270d1637d1,9cb89005693b1b70c102178849b740fde00b50c9ba5f3b5530d0e5749ea59837,eca954c21da074c545cb7858315ea39fee0a6f54b19e06474b4f2f91f1666847,490eeb15970ef077ee050323b551cd9c3c5534c257f1febddca9af74ed1cf0a4,6031dc4ee08b61c58b35b1efd7d764739d5c7c54dc7cbe9e9a72a1e4a7098596,e2212c40566e21c680a98186ebd8e984aa80d4fd,4d4ad03b827958468b1a231e360c7ad1aa68035c25af068059838ceae6dfa6d6,7a69fb21427492956ac16a4f0657ee843cdef3db07eff5a24421b9f9b4267e2c,main_SHARED_QUERY_123_selected,a033d1483c42c3a34229a4670ecefb6eaee35f3bbd13ee3cc8b179343d3df733,development_holdout,P2,2017-06-27,891,821.550617379927,b39a312c930fdad161d63b01af45530aba94fa9a8d551ccd1906204cc4b30e10
new_p3_training,True,tuned,SHARED_QUERY,123,main,3cfd389bbd05ec9201a41c0892e29bf8199198d1b216b9a8061370d4240aa583,bd1488a2d411295d7a2118c50ddcc0b158786123613af1676062e2270d1637d1,9cb89005693b1b70c102178849b740fde00b50c9ba5f3b5530d0e5749ea59837,eca954c21da074c545cb7858315ea39fee0a6f54b19e06474b4f2f91f1666847,490eeb15970ef077ee050323b551cd9c3c5534c257f1febddca9af74ed1cf0a4,6031dc4ee08b61c58b35b1efd7d764739d5c7c54dc7cbe9e9a72a1e4a7098596,e2212c40566e21c680a98186ebd8e984aa80d4fd,4d4ad03b827958468b1a231e360c7ad1aa68035c25af068059838ceae6dfa6d6,7a69fb21427492956ac16a4f0657ee843cdef3db07eff5a24421b9f9b4267e2c,main_SHARED_QUERY_123_selected,a033d1483c42c3a34229a4670ecefb6eaee35f3bbd13ee3cc8b179343d3df733,development_holdout,P2,2017-06-28,891,864.573578422463,7198cc6ab7dae9c9bd3cb0cd7afb99e78f9f4f6f4f74c33cf55207733fe9df8d
new_p3_training,True,tuned,SHARED_QUERY,123,main,3cfd389bbd05ec9201a41c0892e29bf8199198d1b216b9a8061370d4240aa583,bd1488a2d411295d7a2118c50ddcc0b158786123613af1676062e2270d1637d1,9cb89005693b1b70c102178849b740fde00b50c9ba5f3b5530d0e5749ea59837,eca954c21da074c545cb7858315ea39fee0a6f54b19e06474b4f2f91f1666847,490eeb15970ef077ee050323b551cd9c3c5534c257f1febddca9af74ed1cf0a4,6031dc4ee08b61c58b35b1efd7d764739d5c7c54dc7cbe9e9a72a1e4a7098596,e2212c40566e21c680a98186ebd8e984aa80d4fd,4d4ad03b827958468b1a231e360c7ad1aa68035c25af068059838ceae6dfa6d6,7a69fb21427492956ac16a4f0657ee843cdef3db07eff5a24421b9f9b4267e2c,main_SHARED_QUERY_123_selected,a033d1483c42c3a34229a4670ecefb6eaee35f3bbd13ee3cc8b179343d3df733,development_holdout,P2,2017-06-29,891,865.8477944105325,b86d212a6a17776108b1854a2fabac87bf19fa5da856aec644468b7c95f8192b
new_p3_training,True,tuned,SHARED_QUERY,123,main,3cfd389bbd05ec9201a41c0892e29bf8199198d1b216b9a8061370d4240aa583,bd1488a2d411295d7a2118c50ddcc0b158786123613af1676062e2270d1637d1,9cb89005693b1b70c102178849b740fde00b50c9ba5f3b5530d0e5749ea59837,eca954c21da074c545cb7858315ea39fee0a6f54b19e06474b4f2f91f1666847,490eeb15970ef077ee050323b551cd9c3c5534c257f1febddca9af74ed1cf0a4,6031dc4ee08b61c58b35b1efd7d764739d5c7c54dc7cbe9e9a72a1e4a7098596,e2212c40566e21c680a98186ebd8e984aa80d4fd,4d4ad03b827958468b1a231e360c7ad1aa68035c25af068059838ceae6dfa6d6,7a69fb21427492956ac16a4f0657ee843cdef3db07eff5a24421b9f9b4267e2c,main_SHARED_QUERY_123_selected,a033d1483c42c3a34229a4670ecefb6eaee35f3bbd13ee3cc8b179343d3df733,development_holdout,P2,2017-06-30,891,827.8804691727328,2886a289693155a9b320c14877d3aa08719dcc3ed32a1580fffa8e9cf16d4816
new_p3_training,True,tuned,SHARED_QUERY,123,main,3cfd389bbd05ec9201a41c0892e29bf8199198d1b216b9a8061370d4240aa583,bd1488a2d411295d7a2118c50ddcc0b158786123613af1676062e2270d1637d1,9cb89005693b1b70c102178849b740fde00b50c9ba5f3b5530d0e5749ea59837,eca954c21da074c545cb7858315ea39fee0a6f54b19e06474b4f2f91f1666847,490eeb15970ef077ee050323b551cd9c3c5534c257f1febddca9af74ed1cf0a4,6031dc4ee08b61c58b35b1efd7d764739d5c7c54dc7cbe9e9a72a1e4a7098596,e2212c40566e21c680a98186ebd8e984aa80d4fd,4d4ad03b827958468b1a231e360c7ad1aa68035c25af068059838ceae6dfa6d6,7a69fb21427492956ac16a4f0657ee843cdef3db07eff5a24421b9f9b4267e2c,main_SHARED_QUERY_123_selected,a033d1483c42c3a34229a4670ecefb6eaee35f3bbd13ee3cc8b179343d3df733,development_holdout,P3,2017-02-06,885,809.1856417499074,57d90263f0bedc8d18813a7789c083ad7c46c4460902fcbd2fe33c1828b495ca
new_p3_training,True,tuned,SHARED_QUERY,123,main,3cfd389bbd05ec9201a41c0892e29bf8199198d1b216b9a8061370d4240aa583,bd1488a2d411295d7a2118c50ddcc0b158786123613af1676062e2270d1637d1,9cb89005693b1b70c102178849b740fde00b50c9ba5f3b5530d0e5749ea59837,eca954c21da074c545cb7858315ea39fee0a6f54b19e06474b4f2f91f1666847,490eeb15970ef077ee050323b551cd9c3c5534c257f1febddca9af74ed1cf0a4,6031dc4ee08b61c58b35b1efd7d764739d5c7c54dc7cbe9e9a72a1e4a7098596,e2212c40566e21c680a98186ebd8e984aa80d4fd,4d4ad03b827958468b1a231e360c7ad1aa68035c25af068059838ceae6dfa6d6,7a69fb21427492956ac16a4f0657ee843cdef3db07eff5a24421b9f9b4267e2c,main_SHARED_QUERY_123_selected,a033d1483c42c3a34229a4670ecefb6eaee35f3bbd13ee3cc8b179343d3df733,development_holdout,P3,2017-02-07,887,805.517668582846,beec5e2ef56f2f1e443db027c22ff9de3deed119649f874e30ec245d2a5fdabf
new_p3_training,True,tuned,SHARED_QUERY,123,main,3cfd389bbd05ec9201a41c0892e29bf8199198d1b216b9a8061370d4240aa583,bd1488a2d411295d7a2118c50ddcc0b158786123613af1676062e2270d1637d1,9cb89005693b1b70c102178849b740fde00b50c9ba5f3b5530d0e5749ea59837,eca954c21da074c545cb7858315ea39fee0a6f54b19e06474b4f2f91f1666847,490eeb15970ef077ee050323b551cd9c3c5534c257f1febddca9af74ed1cf0a4,6031dc4ee08b61c58b35b1efd7d764739d5c7c54dc7cbe9e9a72a1e4a7098596,e2212c40566e21c680a98186ebd8e984aa80d4fd,4d4ad03b827958468b1a231e360c7ad1aa68035c25af068059838ceae6dfa6d6,7a69fb21427492956ac16a4f0657ee843cdef3db07eff5a24421b9f9b4267e2c,main_SHARED_QUERY_123_selected,a033d1483c42c3a34229a4670ecefb6eaee35f3bbd13ee3cc8b179343d3df733,development_holdout,P3,2017-02-08,883,858.3685016393686,5a2f59640e529b7b9a46022c36632f9f467b36fe4e8dc7b7166f63e740f9e425
new_p3_training,True,tuned,SHARED_QUERY,123,main,3cfd389bbd05ec9201a41c0892e29bf8199198d1b216b9a8061370d4240aa583,bd1488a2d411295d7a2118c50ddcc0b158786123613af1676062e2270d1637d1,9cb89005693b1b70c102178849b740fde00b50c9ba5f3b5530d0e5749ea59837,eca954c21da074c545cb7858315ea39fee0a6f54b19e06474b4f2f91f1666847,490eeb15970ef077ee050323b551cd9c3c5534c257f1febddca9af74ed1cf0a4,6031dc4ee08b61c58b35b1efd7d764739d5c7c54dc7cbe9e9a72a1e4a7098596,e2212c40566e21c680a98186ebd8e984aa80d4fd,4d4ad03b827958468b1a231e360c7ad1aa68035c25af068059838ceae6dfa6d6,7a69fb21427492956ac16a4f0657ee843cdef3db07eff5a24421b9f9b4267e2c,main_SHARED_QUERY_123_selected,a033d1483c42c3a34229a4670ecefb6eaee35f3bbd13ee3cc8b179343d3df733,development_holdout,P3,2017-02-09,871,800.086519937699,dbce2af40c0c1991ff897caa003f525ae68e96fb97de81afbc4feac44e5288a0
new_p3_training,True,tuned,SHARED_QUERY,123,main,3cfd389bbd05ec9201a41c0892e29bf8199198d1b216b9a8061370d4240aa583,bd1488a2d411295d7a2118c50ddcc0b158786123613af1676062e2270d1637d1,9cb89005693b1b70c102178849b740fde00b50c9ba5f3b5530d0e5749ea59837,eca954c21da074c545cb7858315ea39fee0a6f54b19e06474b4f2f91f1666847,490eeb15970ef077ee050323b551cd9c3c5534c257f1febddca9af74ed1cf0a4,6031dc4ee08b61c58b35b1efd7d764739d5c7c54dc7cbe9e9a72a1e4a7098596,e2212c40566e21c680a98186ebd8e984aa80d4fd,4d4ad03b827958468b1a231e360c7ad1aa68035c25af068059838ceae6dfa6d6,7a69fb21427492956ac16a4f0657ee843cdef3db07eff5a24421b9f9b4267e2c,main_SHARED_QUERY_123_selected,a033d1483c42c3a34229a4670ecefb6eaee35f3bbd13ee3cc8b179343d3df733,development_holdout,P3,2017-02-10,871,764.2753457478449,a8112948408a5fb4195c31d5040f7a9681f070690de6bc7160040534c50b00ff
new_p3_training,True,tuned,SHARED_QUERY,123,main,3cfd389bbd05ec9201a41c0892e29bf8199198d1b216b9a8061370d4240aa583,bd1488a2d411295d7a2118c50ddcc0b158786123613af1676062e2270d1637d1,9cb89005693b1b70c102178849b740fde00b50c9ba5f3b5530d0e5749ea59837,eca954c21da074c545cb7858315ea39fee0a6f54b19e06474b4f2f91f1666847,490eeb15970ef077ee050323b551cd9c3c5534c257f1febddca9af74ed1cf0a4,6031dc4ee08b61c58b35b1efd7d764739d5c7c54dc7cbe9e9a72a1e4a7098596,e2212c40566e21c680a98186ebd8e984aa80d4fd,4d4ad03b827958468b1a231e360c7ad1aa68035c25af068059838ceae6dfa6d6,7a69fb21427492956ac16a4f0657ee843cdef3db07eff5a24421b9f9b4267e2c,main_SHARED_QUERY_123_selected,a033d1483c42c3a34229a4670ecefb6eaee35f3bbd13ee3cc8b179343d3df733,development_holdout,P3,2017-02-13,885,728.9526319306087,ac70320801ebd3d6fe524e6e2719e7c9fb45bc32d8a28628ee6762e4cebe4faa
new_p3_training,True,tuned,SHARED_QUERY,123,main,3cfd389bbd05ec9201a41c0892e29bf8199198d1b216b9a8061370d4240aa583,bd1488a2d411295d7a2118c50ddcc0b158786123613af1676062e2270d1637d1,9cb89005693b1b70c102178849b740fde00b50c9ba5f3b5530d0e5749ea59837,eca954c21da074c545cb7858315ea39fee0a6f54b19e06474b4f2f91f1666847,490eeb15970ef077ee050323b551cd9c3c5534c257f1febddca9af74ed1cf0a4,6031dc4ee08b61c58b35b1efd7d764739d5c7c54dc7cbe9e9a72a1e4a7098596,e2212c40566e21c680a98186ebd8e984aa80d4fd,4d4ad03b827958468b1a231e360c7ad1aa68035c25af068059838ceae6dfa6d6,7a69fb21427492956ac16a4f0657ee843cdef3db07eff5a24421b9f9b4267e2c,main_SHARED_QUERY_123_selected,a033d1483c42c3a34229a4670ecefb6eaee35f3bbd13ee3cc8b179343d3df733,development_holdout,P3,2017-02-14,884,761.1153372127432,f56205cc0bf29a0862e97a61b596f12799c86969309a8cecc6e5b613a6b032ba
new_p3_training,True,tuned,SHARED_QUERY,123,main,3cfd389bbd05ec9201a41c0892e29bf8199198d1b216b9a8061370d4240aa583,bd1488a2d411295d7a2118c50ddcc0b158786123613af1676062e2270d1637d1,9cb89005693b1b70c102178849b740fde00b50c9ba5f3b5530d0e5749ea59837,eca954c21da074c545cb7858315ea39fee0a6f54b19e06474b4f2f91f1666847,490eeb15970ef077ee050323b551cd9c3c5534c257f1febddca9af74ed1cf0a4,6031dc4ee08b61c58b35b1efd7d764739d5c7c54dc7cbe9e9a72a1e4a7098596,e2212c40566e21c680a98186ebd8e984aa80d4fd,4d4ad03b827958468b1a231e360c7ad1aa68035c25af068059838ceae6dfa6d6,7a69fb21427492956ac16a4f0657ee843cdef3db07eff5a24421b9f9b4267e2c,main_SHARED_QUERY_123_selected,a033d1483c42c3a34229a4670ecefb6eaee35f3bbd13ee3cc8b179343d3df733,development_holdout,P3,2017-02-15,884,832.9438997015054,d931ce45df82392fcb7bebfb504ebb2ef3404c84548c065846d30c48e8d8d1dc
new_p3_training,True,tuned,SHARED_QUERY,123,main,3cfd389bbd05ec9201a41c0892e29bf8199198d1b216b9a8061370d4240aa583,bd1488a2d411295d7a2118c50ddcc0b158786123613af1676062e2270d1637d1,9cb89005693b1b70c102178849b740fde00b50c9ba5f3b5530d0e5749ea59837,eca954c21da074c545cb7858315ea39fee0a6f54b19e06474b4f2f91f1666847,490eeb15970ef077ee050323b551cd9c3c5534c257f1febddca9af74ed1cf0a4,6031dc4ee08b61c58b35b1efd7d764739d5c7c54dc7cbe9e9a72a1e4a7098596,e2212c40566e21c680a98186ebd8e984aa80d4fd,4d4ad03b827958468b1a231e360c7ad1aa68035c25af068059838ceae6dfa6d6,7a69fb21427492956ac16a4f0657ee843cdef3db07eff5a24421b9f9b4267e2c,main_SHARED_QUERY_123_selected,a033d1483c42c3a34229a4670ecefb6eaee35f3bbd13ee3cc8b179343d3df733,development_holdout,P3,2017-02-16,878,840.6056406074333,cdf13c204b9b66f841cb6a1c74cb8b9aec7cca235a13d6402935d93ad72033e9
new_p3_training,True,tuned,SHARED_QUERY,123,main,3cfd389bbd05ec9201a41c0892e29bf8199198d1b216b9a8061370d4240aa583,bd1488a2d411295d7a2118c50ddcc0b158786123613af1676062e2270d1637d1,9cb89005693b1b70c102178849b740fde00b50c9ba5f3b5530d0e5749ea59837,eca954c21da074c545cb7858315ea39fee0a6f54b19e06474b4f2f91f1666847,490eeb15970ef077ee050323b551cd9c3c5534c257f1febddca9af74ed1cf0a4,6031dc4ee08b61c58b35b1efd7d764739d5c7c54dc7cbe9e9a72a1e4a7098596,e2212c40566e21c680a98186ebd8e984aa80d4fd,4d4ad03b827958468b1a231e360c7ad1aa68035c25af068059838ceae6dfa6d6,7a69fb21427492956ac16a4f0657ee843cdef3db07eff5a24421b9f9b4267e2c,main_SHARED_QUERY_123_selected,a033d1483c42c3a34229a4670ecefb6eaee35f3bbd13ee3cc8b179343d3df733,development_holdout,P3,2017-02-17,883,771.73285173887,888b82cf6070c3b92d68d72bbdaf2aa28e832d1632f067665dab9773e9665754
new_p3_training,True,tuned,SHARED_QUERY,123,main,3cfd389bbd05ec9201a41c0892e29bf8199198d1b216b9a8061370d4240aa583,bd1488a2d411295d7a2118c50ddcc0b158786123613af1676062e2270d1637d1,9cb89005693b1b70c102178849b740fde00b50c9ba5f3b5530d0e5749ea59837,eca954c21da074c545cb7858315ea39fee0a6f54b19e06474b4f2f91f1666847,490eeb15970ef077ee050323b551cd9c3c5534c257f1febddca9af74ed1cf0a4,6031dc4ee08b61c58b35b1efd7d764739d5c7c54dc7cbe9e9a72a1e4a7098596,e2212c40566e21c680a98186ebd8e984aa80d4fd,4d4ad03b827958468b1a231e360c7ad1aa68035c25af068059838ceae6dfa6d6,7a69fb21427492956ac16a4f0657ee843cdef3db07eff5a24421b9f9b4267e2c,main_SHARED_QUERY_123_selected,a033d1483c42c3a34229a4670ecefb6eaee35f3bbd13ee3cc8b179343d3df733,development_holdout,P3,2017-02-20,868,748.0637919390194,e81313473e9915d7021debe4500f9ed51937803785c21fb8ee4ed7f104d01fca
new_p3_training,True,tuned,SHARED_QUERY,123,main,3cfd389bbd05ec9201a41c0892e29bf8199198d1b216b9a8061370d4240aa583,bd1488a2d411295d7a2118c50ddcc0b158786123613af1676062e2270d1637d1,9cb89005693b1b70c102178849b740fde00b50c9ba5f3b5530d0e5749ea59837,eca954c21da074c545cb7858315ea39fee0a6f54b19e06474b4f2f91f1666847,490eeb15970ef077ee050323b551cd9c3c5534c257f1febddca9af74ed1cf0a4,6031dc4ee08b61c58b35b1efd7d764739d5c7c54dc7cbe9e9a72a1e4a7098596,e2212c40566e21c680a98186ebd8e984aa80d4fd,4d4ad03b827958468b1a231e360c7ad1aa68035c25af068059838ceae6dfa6d6,7a69fb21427492956ac16a4f0657ee843cdef3db07eff5a24421b9f9b4267e2c,main_SHARED_QUERY_123_selected,a033d1483c42c3a34229a4670ecefb6eaee35f3bbd13ee3cc8b179343d3df733,development_holdout,P3,2017-02-21,876,801.5282762921722,8ef6f26220661b0b05b55352c7845980f6ca126c13243d353e930060d7338657
new_p3_training,True,tuned,SHARED_QUERY,123,main,3cfd389bbd05ec9201a41c0892e29bf8199198d1b216b9a8061370d4240aa583,bd1488a2d411295d7a2118c50ddcc0b158786123613af1676062e2270d1637d1,9cb89005693b1b70c102178849b740fde00b50c9ba5f3b5530d0e5749ea59837,eca954c21da074c545cb7858315ea39fee0a6f54b19e06474b4f2f91f1666847,490eeb15970ef077ee050323b551cd9c3c5534c257f1febddca9af74ed1cf0a4,6031dc4ee08b61c58b35b1efd7d764739d5c7c54dc7cbe9e9a72a1e4a7098596,e2212c40566e21c680a98186ebd8e984aa80d4fd,4d4ad03b827958468b1a231e360c7ad1aa68035c25af068059838ceae6dfa6d6,7a69fb21427492956ac16a4f0657ee843cdef3db07eff5a24421b9f9b4267e2c,main_SHARED_QUERY_123_selected,a033d1483c42c3a34229a4670ecefb6eaee35f3bbd13ee3cc8b179343d3df733,development_holdout,P3,2017-02-22,875,773.8124656368672,74d8b77608df56ee9a3958370714b31cbcad7745479c198ed7e6aca5f7f0b781
new_p3_training,True,tuned,SHARED_QUERY,123,main,3cfd389bbd05ec9201a41c0892e29bf8199198d1b216b9a8061370d4240aa583,bd1488a2d411295d7a2118c50ddcc0b158786123613af1676062e2270d1637d1,9cb89005693b1b70c102178849b740fde00b50c9ba5f3b5530d0e5749ea59837,eca954c21da074c545cb7858315ea39fee0a6f54b19e06474b4f2f91f1666847,490eeb15970ef077ee050323b551cd9c3c5534c257f1febddca9af74ed1cf0a4,6031dc4ee08b61c58b35b1efd7d764739d5c7c54dc7cbe9e9a72a1e4a7098596,e2212c40566e21c680a98186ebd8e984aa80d4fd,4d4ad03b827958468b1a231e360c7ad1aa68035c25af068059838ceae6dfa6d6,7a69fb21427492956ac16a4f0657ee843cdef3db07eff5a24421b9f9b4267e2c,main_SHARED_QUERY_123_selected,a033d1483c42c3a34229a4670ecefb6eaee35f3bbd13ee3cc8b179343d3df733,development_holdout,P3,2017-02-23,882,816.0384382155162,699a5fc097a0747d2f2c23d3cea7cd8c07160c593fcf7e4570e49bc7e84e301f
new_p3_training,True,tuned,SHARED_QUERY,123,main,3cfd389bbd05ec9201a41c0892e29bf8199198d1b216b9a8061370d4240aa583,bd1488a2d411295d7a2118c50ddcc0b158786123613af1676062e2270d1637d1,9cb89005693b1b70c102178849b740fde00b50c9ba5f3b5530d0e5749ea59837,eca954c21da074c545cb7858315ea39fee0a6f54b19e06474b4f2f91f1666847,490eeb15970ef077ee050323b551cd9c3c5534c257f1febddca9af74ed1cf0a4,6031dc4ee08b61c58b35b1efd7d764739d5c7c54dc7cbe9e9a72a1e4a7098596,e2212c40566e21c680a98186ebd8e984aa80d4fd,4d4ad03b827958468b1a231e360c7ad1aa68035c25af068059838ceae6dfa6d6,7a69fb21427492956ac16a4f0657ee843cdef3db07eff5a24421b9f9b4267e2c,main_SHARED_QUERY_123_selected,a033d1483c42c3a34229a4670ecefb6eaee35f3bbd13ee3cc8b179343d3df733,development_holdout,P3,2017-02-24,885,847.0411313356107,67914f9d0219e17353f51ddce4a64c82101e06be6e00d9f5da7de6503230bb9b
new_p3_training,True,tuned,SHARED_QUERY,123,main,3cfd389bbd05ec9201a41c0892e29bf8199198d1b216b9a8061370d4240aa583,bd1488a2d411295d7a2118c50ddcc0b158786123613af1676062e2270d1637d1,9cb89005693b1b70c102178849b740fde00b50c9ba5f3b5530d0e5749ea59837,eca954c21da074c545cb7858315ea39fee0a6f54b19e06474b4f2f91f1666847,490eeb15970ef077ee050323b551cd9c3c5534c257f1febddca9af74ed1cf0a4,6031dc4ee08b61c58b35b1efd7d764739d5c7c54dc7cbe9e9a72a1e4a7098596,e2212c40566e21c680a98186ebd8e984aa80d4fd,4d4ad03b827958468b1a231e360c7ad1aa68035c25af068059838ceae6dfa6d6,7a69fb21427492956ac16a4f0657ee843cdef3db07eff5a24421b9f9b4267e2c,main_SHARED_QUERY_123_selected,a033d1483c42c3a34229a4670ecefb6eaee35f3bbd13ee3cc8b179343d3df733,development_holdout,P3,2017-02-27,875,795.4491197043207,01c4ae484a3925c8e3b2f6e006dfbd736c74a207ecd74bdacb09700c7c7e0f85
new_p3_training,True,tuned,SHARED_QUERY,123,main,3cfd389bbd05ec9201a41c0892e29bf8199198d1b216b9a8061370d4240aa583,bd1488a2d411295d7a2118c50ddcc0b158786123613af1676062e2270d1637d1,9cb89005693b1b70c102178849b740fde00b50c9ba5f3b5530d0e5749ea59837,eca954c21da074c545cb7858315ea39fee0a6f54b19e06474b4f2f91f1666847,490eeb15970ef077ee050323b551cd9c3c5534c257f1febddca9af74ed1cf0a4,6031dc4ee08b61c58b35b1efd7d764739d5c7c54dc7cbe9e9a72a1e4a7098596,e2212c40566e21c680a98186ebd8e984aa80d4fd,4d4ad03b827958468b1a231e360c7ad1aa68035c25af068059838ceae6dfa6d6,7a69fb21427492956ac16a4f0657ee843cdef3db07eff5a24421b9f9b4267e2c,main_SHARED_QUERY_123_selected,a033d1483c42c3a34229a4670ecefb6eaee35f3bbd13ee3cc8b179343d3df733,development_holdout,P3,2017-02-28,891,752.3766597039455,1e8f3d719f329e6ddc3f91f181c0471e186ddaf5a0c15256a6f51b38d59050fb
new_p3_training,True,tuned,SHARED_QUERY,123,main,3cfd389bbd05ec9201a41c0892e29bf8199198d1b216b9a8061370d4240aa583,bd1488a2d411295d7a2118c50ddcc0b158786123613af1676062e2270d1637d1,9cb89005693b1b70c102178849b740fde00b50c9ba5f3b5530d0e5749ea59837,eca954c21da074c545cb7858315ea39fee0a6f54b19e06474b4f2f91f1666847,490eeb15970ef077ee050323b551cd9c3c5534c257f1febddca9af74ed1cf0a4,6031dc4ee08b61c58b35b1efd7d764739d5c7c54dc7cbe9e9a72a1e4a7098596,e2212c40566e21c680a98186ebd8e984aa80d4fd,4d4ad03b827958468b1a231e360c7ad1aa68035c25af068059838ceae6dfa6d6,7a69fb21427492956ac16a4f0657ee843cdef3db07eff5a24421b9f9b4267e2c,main_SHARED_QUERY_123_selected,a033d1483c42c3a34229a4670ecefb6eaee35f3bbd13ee3cc8b179343d3df733,development_holdout,P3,2017-03-02,891,852.4850776881912,4b47daa6c87bc0b3d9c6a2e72085480d739bcf0ddaf1493365ca4a6955507972
new_p3_training,True,tuned,SHARED_QUERY,123,main,3cfd389bbd05ec9201a41c0892e29bf8199198d1b216b9a8061370d4240aa583,bd1488a2d411295d7a2118c50ddcc0b158786123613af1676062e2270d1637d1,9cb89005693b1b70c102178849b740fde00b50c9ba5f3b5530d0e5749ea59837,eca954c21da074c545cb7858315ea39fee0a6f54b19e06474b4f2f91f1666847,490eeb15970ef077ee050323b551cd9c3c5534c257f1febddca9af74ed1cf0a4,6031dc4ee08b61c58b35b1efd7d764739d5c7c54dc7cbe9e9a72a1e4a7098596,e2212c40566e21c680a98186ebd8e984aa80d4fd,4d4ad03b827958468b1a231e360c7ad1aa68035c25af068059838ceae6dfa6d6,7a69fb21427492956ac16a4f0657ee843cdef3db07eff5a24421b9f9b4267e2c,main_SHARED_QUERY_123_selected,a033d1483c42c3a34229a4670ecefb6eaee35f3bbd13ee3cc8b179343d3df733,development_holdout,P3,2017-03-03,883,897.5827491096484,82b062c2c40bb0732baa76ea16f47a2f59c5f73b10c48114f986c8541f8a8369
new_p3_training,True,tuned,SHARED_QUERY,123,main,3cfd389bbd05ec9201a41c0892e29bf8199198d1b216b9a8061370d4240aa583,bd1488a2d411295d7a2118c50ddcc0b158786123613af1676062e2270d1637d1,9cb89005693b1b70c102178849b740fde00b50c9ba5f3b5530d0e5749ea59837,eca954c21da074c545cb7858315ea39fee0a6f54b19e06474b4f2f91f1666847,490eeb15970ef077ee050323b551cd9c3c5534c257f1febddca9af74ed1cf0a4,6031dc4ee08b61c58b35b1efd7d764739d5c7c54dc7cbe9e9a72a1e4a7098596,e2212c40566e21c680a98186ebd8e984aa80d4fd,4d4ad03b827958468b1a231e360c7ad1aa68035c25af068059838ceae6dfa6d6,7a69fb21427492956ac16a4f0657ee843cdef3db07eff5a24421b9f9b4267e2c,main_SHARED_QUERY_123_selected,a033d1483c42c3a34229a4670ecefb6eaee35f3bbd13ee3cc8b179343d3df733,development_holdout,P3,2017-03-06,883,862.9181012954139,015cca9980f7852f28ce117f63cc30b120cb08b74b3e8d116b8cae0f0d8391a6
new_p3_training,True,tuned,SHARED_QUERY,123,main,3cfd389bbd05ec9201a41c0892e29bf8199198d1b216b9a8061370d4240aa583,bd1488a2d411295d7a2118c50ddcc0b158786123613af1676062e2270d1637d1,9cb89005693b1b70c102178849b740fde00b50c9ba5f3b5530d0e5749ea59837,eca954c21da074c545cb7858315ea39fee0a6f54b19e06474b4f2f91f1666847,490eeb15970ef077ee050323b551cd9c3c5534c257f1febddca9af74ed1cf0a4,6031dc4ee08b61c58b35b1efd7d764739d5c7c54dc7cbe9e9a72a1e4a7098596,e2212c40566e21c680a98186ebd8e984aa80d4fd,4d4ad03b827958468b1a231e360c7ad1aa68035c25af068059838ceae6dfa6d6,7a69fb21427492956ac16a4f0657ee843cdef3db07eff5a24421b9f9b4267e2c,main_SHARED_QUERY_123_selected,a033d1483c42c3a34229a4670ecefb6eaee35f3bbd13ee3cc8b179343d3df733,development_holdout,P3,2017-03-07,884,767.894394970251,6dda40a44b6e6999161dd861caf69340f2f46b56edef011e5e9f3883f31ac75b
new_p3_training,True,tuned,SHARED_QUERY,123,main,3cfd389bbd05ec9201a41c0892e29bf8199198d1b216b9a8061370d4240aa583,bd1488a2d411295d7a2118c50ddcc0b158786123613af1676062e2270d1637d1,9cb89005693b1b70c102178849b740fde00b50c9ba5f3b5530d0e5749ea59837,eca954c21da074c545cb7858315ea39fee0a6f54b19e06474b4f2f91f1666847,490eeb15970ef077ee050323b551cd9c3c5534c257f1febddca9af74ed1cf0a4,6031dc4ee08b61c58b35b1efd7d764739d5c7c54dc7cbe9e9a72a1e4a7098596,e2212c40566e21c680a98186ebd8e984aa80d4fd,4d4ad03b827958468b1a231e360c7ad1aa68035c25af068059838ceae6dfa6d6,7a69fb21427492956ac16a4f0657ee843cdef3db07eff5a24421b9f9b4267e2c,main_SHARED_QUERY_123_selected,a033d1483c42c3a34229a4670ecefb6eaee35f3bbd13ee3cc8b179343d3df733,development_holdout,P3,2017-03-08,883,821.2983396491275,f79126850afdf902f2a790e02f30c727b611d59184fce5f49d8f6e9e72462e3c
new_p3_training,True,tuned,SHARED_QUERY,123,main,3cfd389bbd05ec9201a41c0892e29bf8199198d1b216b9a8061370d4240aa583,bd1488a2d411295d7a2118c50ddcc0b158786123613af1676062e2270d1637d1,9cb89005693b1b70c102178849b740fde00b50c9ba5f3b5530d0e5749ea59837,eca954c21da074c545cb7858315ea39fee0a6f54b19e06474b4f2f91f1666847,490eeb15970ef077ee050323b551cd9c3c5534c257f1febddca9af74ed1cf0a4,6031dc4ee08b61c58b35b1efd7d764739d5c7c54dc7cbe9e9a72a1e4a7098596,e2212c40566e21c680a98186ebd8e984aa80d4fd,4d4ad03b827958468b1a231e360c7ad1aa68035c25af068059838ceae6dfa6d6,7a69fb21427492956ac16a4f0657ee843cdef3db07eff5a24421b9f9b4267e2c,main_SHARED_QUERY_123_selected,a033d1483c42c3a34229a4670ecefb6eaee35f3bbd13ee3cc8b179343d3df733,development_holdout,P3,2017-03-09,885,805.7953998941183,2da23ce745017a1eea89de190a70a2de6673a2b285aa1249a98e7b3b9116d182
new_p3_training,True,tuned,SHARED_QUERY,123,main,3cfd389bbd05ec9201a41c0892e29bf8199198d1b216b9a8061370d4240aa583,bd1488a2d411295d7a2118c50ddcc0b158786123613af1676062e2270d1637d1,9cb89005693b1b70c102178849b740fde00b50c9ba5f3b5530d0e5749ea59837,eca954c21da074c545cb7858315ea39fee0a6f54b19e06474b4f2f91f1666847,490eeb15970ef077ee050323b551cd9c3c5534c257f1febddca9af74ed1cf0a4,6031dc4ee08b61c58b35b1efd7d764739d5c7c54dc7cbe9e9a72a1e4a7098596,e2212c40566e21c680a98186ebd8e984aa80d4fd,4d4ad03b827958468b1a231e360c7ad1aa68035c25af068059838ceae6dfa6d6,7a69fb21427492956ac16a4f0657ee843cdef3db07eff5a24421b9f9b4267e2c,main_SHARED_QUERY_123_selected,a033d1483c42c3a34229a4670ecefb6eaee35f3bbd13ee3cc8b179343d3df733,development_holdout,P3,2017-03-10,881,884.1239534561188,24e1ab9012d73ac62b3cb11d979870ef6ef370b1d468596af5cec7aa3a7bd54b
new_p3_training,True,tuned,SHARED_QUERY,123,main,3cfd389bbd05ec9201a41c0892e29bf8199198d1b216b9a8061370d4240aa583,bd1488a2d411295d7a2118c50ddcc0b158786123613af1676062e2270d1637d1,9cb89005693b1b70c102178849b740fde00b50c9ba5f3b5530d0e5749ea59837,eca954c21da074c545cb7858315ea39fee0a6f54b19e06474b4f2f91f1666847,490eeb15970ef077ee050323b551cd9c3c5534c257f1febddca9af74ed1cf0a4,6031dc4ee08b61c58b35b1efd7d764739d5c7c54dc7cbe9e9a72a1e4a7098596,e2212c40566e21c680a98186ebd8e984aa80d4fd,4d4ad03b827958468b1a231e360c7ad1aa68035c25af068059838ceae6dfa6d6,7a69fb21427492956ac16a4f0657ee843cdef3db07eff5a24421b9f9b4267e2c,main_SHARED_QUERY_123_selected,a033d1483c42c3a34229a4670ecefb6eaee35f3bbd13ee3cc8b179343d3df733,development_holdout,P3,2017-03-13,871,799.0250766748511,ee3d3b730be129e1ace3e7ec12597ac56810a36496e21334e988c6fac389cce2
new_p3_training,True,tuned,SHARED_QUERY,123,main,3cfd389bbd05ec9201a41c0892e29bf8199198d1b216b9a8061370d4240aa583,bd1488a2d411295d7a2118c50ddcc0b158786123613af1676062e2270d1637d1,9cb89005693b1b70c102178849b740fde00b50c9ba5f3b5530d0e5749ea59837,eca954c21da074c545cb7858315ea39fee0a6f54b19e06474b4f2f91f1666847,490eeb15970ef077ee050323b551cd9c3c5534c257f1febddca9af74ed1cf0a4,6031dc4ee08b61c58b35b1efd7d764739d5c7c54dc7cbe9e9a72a1e4a7098596,e2212c40566e21c680a98186ebd8e984aa80d4fd,4d4ad03b827958468b1a231e360c7ad1aa68035c25af068059838ceae6dfa6d6,7a69fb21427492956ac16a4f0657ee843cdef3db07eff5a24421b9f9b4267e2c,main_SHARED_QUERY_123_selected,a033d1483c42c3a34229a4670ecefb6eaee35f3bbd13ee3cc8b179343d3df733,development_holdout,P3,2017-03-14,861,778.7955741683169,632dac22dd04d21bccf422c09a006f23d871b5ea5272810c65aa5547cf3543ac
new_p3_training,True,tuned,SHARED_QUERY,123,main,3cfd389bbd05ec9201a41c0892e29bf8199198d1b216b9a8061370d4240aa583,bd1488a2d411295d7a2118c50ddcc0b158786123613af1676062e2270d1637d1,9cb89005693b1b70c102178849b740fde00b50c9ba5f3b5530d0e5749ea59837,eca954c21da074c545cb7858315ea39fee0a6f54b19e06474b4f2f91f1666847,490eeb15970ef077ee050323b551cd9c3c5534c257f1febddca9af74ed1cf0a4,6031dc4ee08b61c58b35b1efd7d764739d5c7c54dc7cbe9e9a72a1e4a7098596,e2212c40566e21c680a98186ebd8e984aa80d4fd,4d4ad03b827958468b1a231e360c7ad1aa68035c25af068059838ceae6dfa6d6,7a69fb21427492956ac16a4f0657ee843cdef3db07eff5a24421b9f9b4267e2c,main_SHARED_QUERY_123_selected,a033d1483c42c3a34229a4670ecefb6eaee35f3bbd13ee3cc8b179343d3df733,development_holdout,P3,2017-03-15,884,820.4692205091812,1b36091f7ea3f01605b14b1d703a2049be292ce77c41a8cd1dc377eb2267f761
new_p3_training,True,tuned,SHARED_QUERY,123,main,3cfd389bbd05ec9201a41c0892e29bf8199198d1b216b9a8061370d4240aa583,bd1488a2d411295d7a2118c50ddcc0b158786123613af1676062e2270d1637d1,9cb89005693b1b70c102178849b740fde00b50c9ba5f3b5530d0e5749ea59837,eca954c21da074c545cb7858315ea39fee0a6f54b19e06474b4f2f91f1666847,490eeb15970ef077ee050323b551cd9c3c5534c257f1febddca9af74ed1cf0a4,6031dc4ee08b61c58b35b1efd7d764739d5c7c54dc7cbe9e9a72a1e4a7098596,e2212c40566e21c680a98186ebd8e984aa80d4fd,4d4ad03b827958468b1a231e360c7ad1aa68035c25af068059838ceae6dfa6d6,7a69fb21427492956ac16a4f0657ee843cdef3db07eff5a24421b9f9b4267e2c,main_SHARED_QUERY_123_selected,a033d1483c42c3a34229a4670ecefb6eaee35f3bbd13ee3cc8b179343d3df733,development_holdout,P3,2017-03-16,873,821.8452596185839,1e1a3441357e1f1a70d438e46dc3fcd5ca717124f9684cd7f502ef38eabb1272
new_p3_training,True,tuned,SHARED_QUERY,123,main,3cfd389bbd05ec9201a41c0892e29bf8199198d1b216b9a8061370d4240aa583,bd1488a2d411295d7a2118c50ddcc0b158786123613af1676062e2270d1637d1,9cb89005693b1b70c102178849b740fde00b50c9ba5f3b5530d0e5749ea59837,eca954c21da074c545cb7858315ea39fee0a6f54b19e06474b4f2f91f1666847,490eeb15970ef077ee050323b551cd9c3c5534c257f1febddca9af74ed1cf0a4,6031dc4ee08b61c58b35b1efd7d764739d5c7c54dc7cbe9e9a72a1e4a7098596,e2212c40566e21c680a98186ebd8e984aa80d4fd,4d4ad03b827958468b1a231e360c7ad1aa68035c25af068059838ceae6dfa6d6,7a69fb21427492956ac16a4f0657ee843cdef3db07eff5a24421b9f9b4267e2c,main_SHARED_QUERY_123_selected,a033d1483c42c3a34229a4670ecefb6eaee35f3bbd13ee3cc8b179343d3df733,development_holdout,P3,2017-03-17,876,824.1151745419119,6c407c552e3edaeb7fd053d59559d5185e3ebaec46075876f9a3a6870c167eec
new_p3_training,True,tuned,SHARED_QUERY,123,main,3cfd389bbd05ec9201a41c0892e29bf8199198d1b216b9a8061370d4240aa583,bd1488a2d411295d7a2118c50ddcc0b158786123613af1676062e2270d1637d1,9cb89005693b1b70c102178849b740fde00b50c9ba5f3b5530d0e5749ea59837,eca954c21da074c545cb7858315ea39fee0a6f54b19e06474b4f2f91f1666847,490eeb15970ef077ee050323b551cd9c3c5534c257f1febddca9af74ed1cf0a4,6031dc4ee08b61c58b35b1efd7d764739d5c7c54dc7cbe9e9a72a1e4a7098596,e2212c40566e21c680a98186ebd8e984aa80d4fd,4d4ad03b827958468b1a231e360c7ad1aa68035c25af068059838ceae6dfa6d6,7a69fb21427492956ac16a4f0657ee843cdef3db07eff5a24421b9f9b4267e2c,main_SHARED_QUERY_123_selected,a033d1483c42c3a34229a4670ecefb6eaee35f3bbd13ee3cc8b179343d3df733,development_holdout,P3,2017-03-20,871,757.5447834114831,eb592329444237093ebe1d563d71dfa8255d40aae77e6ad8a9fcb85e8b52b2b1
new_p3_training,True,tuned,SHARED_QUERY,123,main,3cfd389bbd05ec9201a41c0892e29bf8199198d1b216b9a8061370d4240aa583,bd1488a2d411295d7a2118c50ddcc0b158786123613af1676062e2270d1637d1,9cb89005693b1b70c102178849b740fde00b50c9ba5f3b5530d0e5749ea59837,eca954c21da074c545cb7858315ea39fee0a6f54b19e06474b4f2f91f1666847,490eeb15970ef077ee050323b551cd9c3c5534c257f1febddca9af74ed1cf0a4,6031dc4ee08b61c58b35b1efd7d764739d5c7c54dc7cbe9e9a72a1e4a7098596,e2212c40566e21c680a98186ebd8e984aa80d4fd,4d4ad03b827958468b1a231e360c7ad1aa68035c25af068059838ceae6dfa6d6,7a69fb21427492956ac16a4f0657ee843cdef3db07eff5a24421b9f9b4267e2c,main_SHARED_QUERY_123_selected,a033d1483c42c3a34229a4670ecefb6eaee35f3bbd13ee3cc8b179343d3df733,development_holdout,P3,2017-03-21,879,842.0459356771494,fa70aae8e6b6b6d53ec2e951658a490881eef123c45e105ec8beab9af7778faf
new_p3_training,True,tuned,SHARED_QUERY,123,main,3cfd389bbd05ec9201a41c0892e29bf8199198d1b216b9a8061370d4240aa583,bd1488a2d411295d7a2118c50ddcc0b158786123613af1676062e2270d1637d1,9cb89005693b1b70c102178849b740fde00b50c9ba5f3b5530d0e5749ea59837,eca954c21da074c545cb7858315ea39fee0a6f54b19e06474b4f2f91f1666847,490eeb15970ef077ee050323b551cd9c3c5534c257f1febddca9af74ed1cf0a4,6031dc4ee08b61c58b35b1efd7d764739d5c7c54dc7cbe9e9a72a1e4a7098596,e2212c40566e21c680a98186ebd8e984aa80d4fd,4d4ad03b827958468b1a231e360c7ad1aa68035c25af068059838ceae6dfa6d6,7a69fb21427492956ac16a4f0657ee843cdef3db07eff5a24421b9f9b4267e2c,main_SHARED_QUERY_123_selected,a033d1483c42c3a34229a4670ecefb6eaee35f3bbd13ee3cc8b179343d3df733,development_holdout,P3,2017-03-22,875,815.734388831215,232aa4a72164afd6433ae3f54e472d79b8d7c088c9821738af4e917803afa623
new_p3_training,True,tuned,SHARED_QUERY,123,main,3cfd389bbd05ec9201a41c0892e29bf8199198d1b216b9a8061370d4240aa583,bd1488a2d411295d7a2118c50ddcc0b158786123613af1676062e2270d1637d1,9cb89005693b1b70c102178849b740fde00b50c9ba5f3b5530d0e5749ea59837,eca954c21da074c545cb7858315ea39fee0a6f54b19e06474b4f2f91f1666847,490eeb15970ef077ee050323b551cd9c3c5534c257f1febddca9af74ed1cf0a4,6031dc4ee08b61c58b35b1efd7d764739d5c7c54dc7cbe9e9a72a1e4a7098596,e2212c40566e21c680a98186ebd8e984aa80d4fd,4d4ad03b827958468b1a231e360c7ad1aa68035c25af068059838ceae6dfa6d6,7a69fb21427492956ac16a4f0657ee843cdef3db07eff5a24421b9f9b4267e2c,main_SHARED_QUERY_123_selected,a033d1483c42c3a34229a4670ecefb6eaee35f3bbd13ee3cc8b179343d3df733,development_holdout,P3,2017-03-23,878,832.3533076849053,b08e4af620aa9de1d82cfbb135a334d2f5155066dac07de72b3b3940d32cf77f
new_p3_training,True,tuned,SHARED_QUERY,123,main,3cfd389bbd05ec9201a41c0892e29bf8199198d1b216b9a8061370d4240aa583,bd1488a2d411295d7a2118c50ddcc0b158786123613af1676062e2270d1637d1,9cb89005693b1b70c102178849b740fde00b50c9ba5f3b5530d0e5749ea59837,eca954c21da074c545cb7858315ea39fee0a6f54b19e06474b4f2f91f1666847,490eeb15970ef077ee050323b551cd9c3c5534c257f1febddca9af74ed1cf0a4,6031dc4ee08b61c58b35b1efd7d764739d5c7c54dc7cbe9e9a72a1e4a7098596,e2212c40566e21c680a98186ebd8e984aa80d4fd,4d4ad03b827958468b1a231e360c7ad1aa68035c25af068059838ceae6dfa6d6,7a69fb21427492956ac16a4f0657ee843cdef3db07eff5a24421b9f9b4267e2c,main_SHARED_QUERY_123_selected,a033d1483c42c3a34229a4670ecefb6eaee35f3bbd13ee3cc8b179343d3df733,development_holdout,P3,2017-03-24,869,839.158512593612,48f347f47ada44b6a1ff84cf0af5a16bb244f3ff0d30bfa5b332ed7461976032
new_p3_training,True,tuned,SHARED_QUERY,123,main,3cfd389bbd05ec9201a41c0892e29bf8199198d1b216b9a8061370d4240aa583,bd1488a2d411295d7a2118c50ddcc0b158786123613af1676062e2270d1637d1,9cb89005693b1b70c102178849b740fde00b50c9ba5f3b5530d0e5749ea59837,eca954c21da074c545cb7858315ea39fee0a6f54b19e06474b4f2f91f1666847,490eeb15970ef077ee050323b551cd9c3c5534c257f1febddca9af74ed1cf0a4,6031dc4ee08b61c58b35b1efd7d764739d5c7c54dc7cbe9e9a72a1e4a7098596,e2212c40566e21c680a98186ebd8e984aa80d4fd,4d4ad03b827958468b1a231e360c7ad1aa68035c25af068059838ceae6dfa6d6,7a69fb21427492956ac16a4f0657ee843cdef3db07eff5a24421b9f9b4267e2c,main_SHARED_QUERY_123_selected,a033d1483c42c3a34229a4670ecefb6eaee35f3bbd13ee3cc8b179343d3df733,development_holdout,P3,2017-03-27,881,851.2920023593551,c1f046687d92634b330c00d8d65a695ddfab4eecb10e621cc4ab7e1ed2a98d1c
new_p3_training,True,tuned,SHARED_QUERY,123,main,3cfd389bbd05ec9201a41c0892e29bf8199198d1b216b9a8061370d4240aa583,bd1488a2d411295d7a2118c50ddcc0b158786123613af1676062e2270d1637d1,9cb89005693b1b70c102178849b740fde00b50c9ba5f3b5530d0e5749ea59837,eca954c21da074c545cb7858315ea39fee0a6f54b19e06474b4f2f91f1666847,490eeb15970ef077ee050323b551cd9c3c5534c257f1febddca9af74ed1cf0a4,6031dc4ee08b61c58b35b1efd7d764739d5c7c54dc7cbe9e9a72a1e4a7098596,e2212c40566e21c680a98186ebd8e984aa80d4fd,4d4ad03b827958468b1a231e360c7ad1aa68035c25af068059838ceae6dfa6d6,7a69fb21427492956ac16a4f0657ee843cdef3db07eff5a24421b9f9b4267e2c,main_SHARED_QUERY_123_selected,a033d1483c42c3a34229a4670ecefb6eaee35f3bbd13ee3cc8b179343d3df733,development_holdout,P3,2017-03-28,879,764.0897503151093,22ba6711ec9c1b51ddd0fd5b72a42194c407e5b26b7871d0c2b1d9cda9f91839
new_p3_training,True,tuned,SHARED_QUERY,123,main,3cfd389bbd05ec9201a41c0892e29bf8199198d1b216b9a8061370d4240aa583,bd1488a2d411295d7a2118c50ddcc0b158786123613af1676062e2270d1637d1,9cb89005693b1b70c102178849b740fde00b50c9ba5f3b5530d0e5749ea59837,eca954c21da074c545cb7858315ea39fee0a6f54b19e06474b4f2f91f1666847,490eeb15970ef077ee050323b551cd9c3c5534c257f1febddca9af74ed1cf0a4,6031dc4ee08b61c58b35b1efd7d764739d5c7c54dc7cbe9e9a72a1e4a7098596,e2212c40566e21c680a98186ebd8e984aa80d4fd,4d4ad03b827958468b1a231e360c7ad1aa68035c25af068059838ceae6dfa6d6,7a69fb21427492956ac16a4f0657ee843cdef3db07eff5a24421b9f9b4267e2c,main_SHARED_QUERY_123_selected,a033d1483c42c3a34229a4670ecefb6eaee35f3bbd13ee3cc8b179343d3df733,development_holdout,P3,2017-03-29,881,813.6068548464236,04a3a032e549eade216bce402275274f855cfc3f07f0ebff873939de0c2f9a8c
new_p3_training,True,tuned,SHARED_QUERY,123,main,3cfd389bbd05ec9201a41c0892e29bf8199198d1b216b9a8061370d4240aa583,bd1488a2d411295d7a2118c50ddcc0b158786123613af1676062e2270d1637d1,9cb89005693b1b70c102178849b740fde00b50c9ba5f3b5530d0e5749ea59837,eca954c21da074c545cb7858315ea39fee0a6f54b19e06474b4f2f91f1666847,490eeb15970ef077ee050323b551cd9c3c5534c257f1febddca9af74ed1cf0a4,6031dc4ee08b61c58b35b1efd7d764739d5c7c54dc7cbe9e9a72a1e4a7098596,e2212c40566e21c680a98186ebd8e984aa80d4fd,4d4ad03b827958468b1a231e360c7ad1aa68035c25af068059838ceae6dfa6d6,7a69fb21427492956ac16a4f0657ee843cdef3db07eff5a24421b9f9b4267e2c,main_SHARED_QUERY_123_selected,a033d1483c42c3a34229a4670ecefb6eaee35f3bbd13ee3cc8b179343d3df733,development_holdout,P3,2017-03-30,879,765.2065833330112,d30e6d98b18aeee624a2edd3e3cd688c3e9f83a83189d939efb58f08aa235335
new_p3_training,True,tuned,SHARED_QUERY,123,main,3cfd389bbd05ec9201a41c0892e29bf8199198d1b216b9a8061370d4240aa583,bd1488a2d411295d7a2118c50ddcc0b158786123613af1676062e2270d1637d1,9cb89005693b1b70c102178849b740fde00b50c9ba5f3b5530d0e5749ea59837,eca954c21da074c545cb7858315ea39fee0a6f54b19e06474b4f2f91f1666847,490eeb15970ef077ee050323b551cd9c3c5534c257f1febddca9af74ed1cf0a4,6031dc4ee08b61c58b35b1efd7d764739d5c7c54dc7cbe9e9a72a1e4a7098596,e2212c40566e21c680a98186ebd8e984aa80d4fd,4d4ad03b827958468b1a231e360c7ad1aa68035c25af068059838ceae6dfa6d6,7a69fb21427492956ac16a4f0657ee843cdef3db07eff5a24421b9f9b4267e2c,main_SHARED_QUERY_123_selected,a033d1483c42c3a34229a4670ecefb6eaee35f3bbd13ee3cc8b179343d3df733,development_holdout,P3,2017-03-31,884,795.604651002255,f17030ea39a67e84a465b74c3285ae13a5d9ba95216b894a1c1c452afde1bf5f
new_p3_training,True,tuned,SHARED_QUERY,123,main,3cfd389bbd05ec9201a41c0892e29bf8199198d1b216b9a8061370d4240aa583,bd1488a2d411295d7a2118c50ddcc0b158786123613af1676062e2270d1637d1,9cb89005693b1b70c102178849b740fde00b50c9ba5f3b5530d0e5749ea59837,eca954c21da074c545cb7858315ea39fee0a6f54b19e06474b4f2f91f1666847,490eeb15970ef077ee050323b551cd9c3c5534c257f1febddca9af74ed1cf0a4,6031dc4ee08b61c58b35b1efd7d764739d5c7c54dc7cbe9e9a72a1e4a7098596,e2212c40566e21c680a98186ebd8e984aa80d4fd,4d4ad03b827958468b1a231e360c7ad1aa68035c25af068059838ceae6dfa6d6,7a69fb21427492956ac16a4f0657ee843cdef3db07eff5a24421b9f9b4267e2c,main_SHARED_QUERY_123_selected,a033d1483c42c3a34229a4670ecefb6eaee35f3bbd13ee3cc8b179343d3df733,development_holdout,P3,2017-04-03,865,798.6353845131387,b0b5814c4b918aad31d368afc08cdf3c2131a0f2da543afa4a57c9ab33096a71
new_p3_training,True,tuned,SHARED_QUERY,123,main,3cfd389bbd05ec9201a41c0892e29bf8199198d1b216b9a8061370d4240aa583,bd1488a2d411295d7a2118c50ddcc0b158786123613af1676062e2270d1637d1,9cb89005693b1b70c102178849b740fde00b50c9ba5f3b5530d0e5749ea59837,eca954c21da074c545cb7858315ea39fee0a6f54b19e06474b4f2f91f1666847,490eeb15970ef077ee050323b551cd9c3c5534c257f1febddca9af74ed1cf0a4,6031dc4ee08b61c58b35b1efd7d764739d5c7c54dc7cbe9e9a72a1e4a7098596,e2212c40566e21c680a98186ebd8e984aa80d4fd,4d4ad03b827958468b1a231e360c7ad1aa68035c25af068059838ceae6dfa6d6,7a69fb21427492956ac16a4f0657ee843cdef3db07eff5a24421b9f9b4267e2c,main_SHARED_QUERY_123_selected,a033d1483c42c3a34229a4670ecefb6eaee35f3bbd13ee3cc8b179343d3df733,development_holdout,P3,2017-04-04,865,782.3557837036311,76e53b9f27c2c70c9177075b8f0aac09f502566f94560db0d98a763a4b769b15
new_p3_training,True,tuned,SHARED_QUERY,123,main,3cfd389bbd05ec9201a41c0892e29bf8199198d1b216b9a8061370d4240aa583,bd1488a2d411295d7a2118c50ddcc0b158786123613af1676062e2270d1637d1,9cb89005693b1b70c102178849b740fde00b50c9ba5f3b5530d0e5749ea59837,eca954c21da074c545cb7858315ea39fee0a6f54b19e06474b4f2f91f1666847,490eeb15970ef077ee050323b551cd9c3c5534c257f1febddca9af74ed1cf0a4,6031dc4ee08b61c58b35b1efd7d764739d5c7c54dc7cbe9e9a72a1e4a7098596,e2212c40566e21c680a98186ebd8e984aa80d4fd,4d4ad03b827958468b1a231e360c7ad1aa68035c25af068059838ceae6dfa6d6,7a69fb21427492956ac16a4f0657ee843cdef3db07eff5a24421b9f9b4267e2c,main_SHARED_QUERY_123_selected,a033d1483c42c3a34229a4670ecefb6eaee35f3bbd13ee3cc8b179343d3df733,development_holdout,P3,2017-04-05,873,853.9600727302054,edeae4df9ee442db867b7d2a433bdb9c9b3d65777dcefe16ea3e569a7481d9cc
new_p3_training,True,tuned,SHARED_QUERY,123,main,3cfd389bbd05ec9201a41c0892e29bf8199198d1b216b9a8061370d4240aa583,bd1488a2d411295d7a2118c50ddcc0b158786123613af1676062e2270d1637d1,9cb89005693b1b70c102178849b740fde00b50c9ba5f3b5530d0e5749ea59837,eca954c21da074c545cb7858315ea39fee0a6f54b19e06474b4f2f91f1666847,490eeb15970ef077ee050323b551cd9c3c5534c257f1febddca9af74ed1cf0a4,6031dc4ee08b61c58b35b1efd7d764739d5c7c54dc7cbe9e9a72a1e4a7098596,e2212c40566e21c680a98186ebd8e984aa80d4fd,4d4ad03b827958468b1a231e360c7ad1aa68035c25af068059838ceae6dfa6d6,7a69fb21427492956ac16a4f0657ee843cdef3db07eff5a24421b9f9b4267e2c,main_SHARED_QUERY_123_selected,a033d1483c42c3a34229a4670ecefb6eaee35f3bbd13ee3cc8b179343d3df733,development_holdout,P3,2017-04-06,877,767.6487616847879,994530c03d34743ec2fab4cad3b6c5c165ea006e9f6a0c06c133246f275fc4a3
new_p3_training,True,tuned,SHARED_QUERY,123,main,3cfd389bbd05ec9201a41c0892e29bf8199198d1b216b9a8061370d4240aa583,bd1488a2d411295d7a2118c50ddcc0b158786123613af1676062e2270d1637d1,9cb89005693b1b70c102178849b740fde00b50c9ba5f3b5530d0e5749ea59837,eca954c21da074c545cb7858315ea39fee0a6f54b19e06474b4f2f91f1666847,490eeb15970ef077ee050323b551cd9c3c5534c257f1febddca9af74ed1cf0a4,6031dc4ee08b61c58b35b1efd7d764739d5c7c54dc7cbe9e9a72a1e4a7098596,e2212c40566e21c680a98186ebd8e984aa80d4fd,4d4ad03b827958468b1a231e360c7ad1aa68035c25af068059838ceae6dfa6d6,7a69fb21427492956ac16a4f0657ee843cdef3db07eff5a24421b9f9b4267e2c,main_SHARED_QUERY_123_selected,a033d1483c42c3a34229a4670ecefb6eaee35f3bbd13ee3cc8b179343d3df733,development_holdout,P3,2017-04-07,879,796.7813993120913,70b957769ccf590878d2eaf97a52e392c55ea63f079337c52c9a6e2aba5c6b25
new_p3_training,True,tuned,SHARED_QUERY,123,main,3cfd389bbd05ec9201a41c0892e29bf8199198d1b216b9a8061370d4240aa583,bd1488a2d411295d7a2118c50ddcc0b158786123613af1676062e2270d1637d1,9cb89005693b1b70c102178849b740fde00b50c9ba5f3b5530d0e5749ea59837,eca954c21da074c545cb7858315ea39fee0a6f54b19e06474b4f2f91f1666847,490eeb15970ef077ee050323b551cd9c3c5534c257f1febddca9af74ed1cf0a4,6031dc4ee08b61c58b35b1efd7d764739d5c7c54dc7cbe9e9a72a1e4a7098596,e2212c40566e21c680a98186ebd8e984aa80d4fd,4d4ad03b827958468b1a231e360c7ad1aa68035c25af068059838ceae6dfa6d6,7a69fb21427492956ac16a4f0657ee843cdef3db07eff5a24421b9f9b4267e2c,main_SHARED_QUERY_123_selected,a033d1483c42c3a34229a4670ecefb6eaee35f3bbd13ee3cc8b179343d3df733,development_holdout,P3,2017-04-10,860,788.3333356473552,99f630f8f9fa87241b02a6232f7b12f5ef8f9203f59852becb0a8b3b49028dff
new_p3_training,True,tuned,SHARED_QUERY,123,main,3cfd389bbd05ec9201a41c0892e29bf8199198d1b216b9a8061370d4240aa583,bd1488a2d411295d7a2118c50ddcc0b158786123613af1676062e2270d1637d1,9cb89005693b1b70c102178849b740fde00b50c9ba5f3b5530d0e5749ea59837,eca954c21da074c545cb7858315ea39fee0a6f54b19e06474b4f2f91f1666847,490eeb15970ef077ee050323b551cd9c3c5534c257f1febddca9af74ed1cf0a4,6031dc4ee08b61c58b35b1efd7d764739d5c7c54dc7cbe9e9a72a1e4a7098596,e2212c40566e21c680a98186ebd8e984aa80d4fd,4d4ad03b827958468b1a231e360c7ad1aa68035c25af068059838ceae6dfa6d6,7a69fb21427492956ac16a4f0657ee843cdef3db07eff5a24421b9f9b4267e2c,main_SHARED_QUERY_123_selected,a033d1483c42c3a34229a4670ecefb6eaee35f3bbd13ee3cc8b179343d3df733,development_holdout,P3,2017-04-11,871,774.8508962111158,5368957a290cb4a3b9baa9a07baa54c8d268d2a5a99d6389c5fbb38b6eb3dec7
new_p3_training,True,tuned,SHARED_QUERY,123,main,3cfd389bbd05ec9201a41c0892e29bf8199198d1b216b9a8061370d4240aa583,bd1488a2d411295d7a2118c50ddcc0b158786123613af1676062e2270d1637d1,9cb89005693b1b70c102178849b740fde00b50c9ba5f3b5530d0e5749ea59837,eca954c21da074c545cb7858315ea39fee0a6f54b19e06474b4f2f91f1666847,490eeb15970ef077ee050323b551cd9c3c5534c257f1febddca9af74ed1cf0a4,6031dc4ee08b61c58b35b1efd7d764739d5c7c54dc7cbe9e9a72a1e4a7098596,e2212c40566e21c680a98186ebd8e984aa80d4fd,4d4ad03b827958468b1a231e360c7ad1aa68035c25af068059838ceae6dfa6d6,7a69fb21427492956ac16a4f0657ee843cdef3db07eff5a24421b9f9b4267e2c,main_SHARED_QUERY_123_selected,a033d1483c42c3a34229a4670ecefb6eaee35f3bbd13ee3cc8b179343d3df733,development_holdout,P3,2017-04-12,879,729.5138617156465,b145048a8d50827b6be8593c8ba0803ee8ec6efafbf0a99116e6f0b35ebee591
new_p3_training,True,tuned,SHARED_QUERY,123,main,3cfd389bbd05ec9201a41c0892e29bf8199198d1b216b9a8061370d4240aa583,bd1488a2d411295d7a2118c50ddcc0b158786123613af1676062e2270d1637d1,9cb89005693b1b70c102178849b740fde00b50c9ba5f3b5530d0e5749ea59837,eca954c21da074c545cb7858315ea39fee0a6f54b19e06474b4f2f91f1666847,490eeb15970ef077ee050323b551cd9c3c5534c257f1febddca9af74ed1cf0a4,6031dc4ee08b61c58b35b1efd7d764739d5c7c54dc7cbe9e9a72a1e4a7098596,e2212c40566e21c680a98186ebd8e984aa80d4fd,4d4ad03b827958468b1a231e360c7ad1aa68035c25af068059838ceae6dfa6d6,7a69fb21427492956ac16a4f0657ee843cdef3db07eff5a24421b9f9b4267e2c,main_SHARED_QUERY_123_selected,a033d1483c42c3a34229a4670ecefb6eaee35f3bbd13ee3cc8b179343d3df733,development_holdout,P3,2017-04-13,879,804.8305011472792,7bb87ce68faa1189bd11a8ca162ba7b2750c95f2ab0df18fd40804669f678507
new_p3_training,True,tuned,SHARED_QUERY,123,main,3cfd389bbd05ec9201a41c0892e29bf8199198d1b216b9a8061370d4240aa583,bd1488a2d411295d7a2118c50ddcc0b158786123613af1676062e2270d1637d1,9cb89005693b1b70c102178849b740fde00b50c9ba5f3b5530d0e5749ea59837,eca954c21da074c545cb7858315ea39fee0a6f54b19e06474b4f2f91f1666847,490eeb15970ef077ee050323b551cd9c3c5534c257f1febddca9af74ed1cf0a4,6031dc4ee08b61c58b35b1efd7d764739d5c7c54dc7cbe9e9a72a1e4a7098596,e2212c40566e21c680a98186ebd8e984aa80d4fd,4d4ad03b827958468b1a231e360c7ad1aa68035c25af068059838ceae6dfa6d6,7a69fb21427492956ac16a4f0657ee843cdef3db07eff5a24421b9f9b4267e2c,main_SHARED_QUERY_123_selected,a033d1483c42c3a34229a4670ecefb6eaee35f3bbd13ee3cc8b179343d3df733,development_holdout,P3,2017-04-14,876,819.9878547431956,e7821e98636648f9f71f53650171ff1dae5bc4b11090fc54d9bd7ee9b5ec2333
new_p3_training,True,tuned,SHARED_QUERY,123,main,3cfd389bbd05ec9201a41c0892e29bf8199198d1b216b9a8061370d4240aa583,bd1488a2d411295d7a2118c50ddcc0b158786123613af1676062e2270d1637d1,9cb89005693b1b70c102178849b740fde00b50c9ba5f3b5530d0e5749ea59837,eca954c21da074c545cb7858315ea39fee0a6f54b19e06474b4f2f91f1666847,490eeb15970ef077ee050323b551cd9c3c5534c257f1febddca9af74ed1cf0a4,6031dc4ee08b61c58b35b1efd7d764739d5c7c54dc7cbe9e9a72a1e4a7098596,e2212c40566e21c680a98186ebd8e984aa80d4fd,4d4ad03b827958468b1a231e360c7ad1aa68035c25af068059838ceae6dfa6d6,7a69fb21427492956ac16a4f0657ee843cdef3db07eff5a24421b9f9b4267e2c,main_SHARED_QUERY_123_selected,a033d1483c42c3a34229a4670ecefb6eaee35f3bbd13ee3cc8b179343d3df733,development_holdout,P3,2017-04-17,884,759.9372051585938,cc5da9ffdf948e19430ddb4602804ed45320841c3b9645ff2b5d2bf64e13b1da
new_p3_training,True,tuned,SHARED_QUERY,123,main,3cfd389bbd05ec9201a41c0892e29bf8199198d1b216b9a8061370d4240aa583,bd1488a2d411295d7a2118c50ddcc0b158786123613af1676062e2270d1637d1,9cb89005693b1b70c102178849b740fde00b50c9ba5f3b5530d0e5749ea59837,eca954c21da074c545cb7858315ea39fee0a6f54b19e06474b4f2f91f1666847,490eeb15970ef077ee050323b551cd9c3c5534c257f1febddca9af74ed1cf0a4,6031dc4ee08b61c58b35b1efd7d764739d5c7c54dc7cbe9e9a72a1e4a7098596,e2212c40566e21c680a98186ebd8e984aa80d4fd,4d4ad03b827958468b1a231e360c7ad1aa68035c25af068059838ceae6dfa6d6,7a69fb21427492956ac16a4f0657ee843cdef3db07eff5a24421b9f9b4267e2c,main_SHARED_QUERY_123_selected,a033d1483c42c3a34229a4670ecefb6eaee35f3bbd13ee3cc8b179343d3df733,development_holdout,P3,2017-04-18,877,754.9673325738836,2c2213f377eb6236855fcdeb46dfe8db957bb06e43ac35e196a14afed35fdd5f
new_p3_training,True,tuned,SHARED_QUERY,123,main,3cfd389bbd05ec9201a41c0892e29bf8199198d1b216b9a8061370d4240aa583,bd1488a2d411295d7a2118c50ddcc0b158786123613af1676062e2270d1637d1,9cb89005693b1b70c102178849b740fde00b50c9ba5f3b5530d0e5749ea59837,eca954c21da074c545cb7858315ea39fee0a6f54b19e06474b4f2f91f1666847,490eeb15970ef077ee050323b551cd9c3c5534c257f1febddca9af74ed1cf0a4,6031dc4ee08b61c58b35b1efd7d764739d5c7c54dc7cbe9e9a72a1e4a7098596,e2212c40566e21c680a98186ebd8e984aa80d4fd,4d4ad03b827958468b1a231e360c7ad1aa68035c25af068059838ceae6dfa6d6,7a69fb21427492956ac16a4f0657ee843cdef3db07eff5a24421b9f9b4267e2c,main_SHARED_QUERY_123_selected,a033d1483c42c3a34229a4670ecefb6eaee35f3bbd13ee3cc8b179343d3df733,development_holdout,P3,2017-04-19,883,788.5670457095132,ab61a5931472e1127e1203edbb904a9499bea852e8b2df3a3293e50a7a9a6143
new_p3_training,True,tuned,SHARED_QUERY,123,main,3cfd389bbd05ec9201a41c0892e29bf8199198d1b216b9a8061370d4240aa583,bd1488a2d411295d7a2118c50ddcc0b158786123613af1676062e2270d1637d1,9cb89005693b1b70c102178849b740fde00b50c9ba5f3b5530d0e5749ea59837,eca954c21da074c545cb7858315ea39fee0a6f54b19e06474b4f2f91f1666847,490eeb15970ef077ee050323b551cd9c3c5534c257f1febddca9af74ed1cf0a4,6031dc4ee08b61c58b35b1efd7d764739d5c7c54dc7cbe9e9a72a1e4a7098596,e2212c40566e21c680a98186ebd8e984aa80d4fd,4d4ad03b827958468b1a231e360c7ad1aa68035c25af068059838ceae6dfa6d6,7a69fb21427492956ac16a4f0657ee843cdef3db07eff5a24421b9f9b4267e2c,main_SHARED_QUERY_123_selected,a033d1483c42c3a34229a4670ecefb6eaee35f3bbd13ee3cc8b179343d3df733,development_holdout,P3,2017-04-20,885,812.5039591829009,43819bcf4354d617d035eb74c8d3efc5288c3d1de661e7917a7ae0e296860e93
new_p3_training,True,tuned,SHARED_QUERY,123,main,3cfd389bbd05ec9201a41c0892e29bf8199198d1b216b9a8061370d4240aa583,bd1488a2d411295d7a2118c50ddcc0b158786123613af1676062e2270d1637d1,9cb89005693b1b70c102178849b740fde00b50c9ba5f3b5530d0e5749ea59837,eca954c21da074c545cb7858315ea39fee0a6f54b19e06474b4f2f91f1666847,490eeb15970ef077ee050323b551cd9c3c5534c257f1febddca9af74ed1cf0a4,6031dc4ee08b61c58b35b1efd7d764739d5c7c54dc7cbe9e9a72a1e4a7098596,e2212c40566e21c680a98186ebd8e984aa80d4fd,4d4ad03b827958468b1a231e360c7ad1aa68035c25af068059838ceae6dfa6d6,7a69fb21427492956ac16a4f0657ee843cdef3db07eff5a24421b9f9b4267e2c,main_SHARED_QUERY_123_selected,a033d1483c42c3a34229a4670ecefb6eaee35f3bbd13ee3cc8b179343d3df733,development_holdout,P3,2017-04-21,886,756.6524337446137,3ad1408823900a8971ec6cf185014deaa628d5b925a59bb56925cc89e20d9c80
new_p3_training,True,tuned,SHARED_QUERY,123,main,3cfd389bbd05ec9201a41c0892e29bf8199198d1b216b9a8061370d4240aa583,bd1488a2d411295d7a2118c50ddcc0b158786123613af1676062e2270d1637d1,9cb89005693b1b70c102178849b740fde00b50c9ba5f3b5530d0e5749ea59837,eca954c21da074c545cb7858315ea39fee0a6f54b19e06474b4f2f91f1666847,490eeb15970ef077ee050323b551cd9c3c5534c257f1febddca9af74ed1cf0a4,6031dc4ee08b61c58b35b1efd7d764739d5c7c54dc7cbe9e9a72a1e4a7098596,e2212c40566e21c680a98186ebd8e984aa80d4fd,4d4ad03b827958468b1a231e360c7ad1aa68035c25af068059838ceae6dfa6d6,7a69fb21427492956ac16a4f0657ee843cdef3db07eff5a24421b9f9b4267e2c,main_SHARED_QUERY_123_selected,a033d1483c42c3a34229a4670ecefb6eaee35f3bbd13ee3cc8b179343d3df733,development_holdout,P3,2017-04-24,889,802.0166168272068,b8ca3df5c484b4e7e49c7381a797754f681ea1e1dd113bcc616cd2a59afd7446
new_p3_training,True,tuned,SHARED_QUERY,123,main,3cfd389bbd05ec9201a41c0892e29bf8199198d1b216b9a8061370d4240aa583,bd1488a2d411295d7a2118c50ddcc0b158786123613af1676062e2270d1637d1,9cb89005693b1b70c102178849b740fde00b50c9ba5f3b5530d0e5749ea59837,eca954c21da074c545cb7858315ea39fee0a6f54b19e06474b4f2f91f1666847,490eeb15970ef077ee050323b551cd9c3c5534c257f1febddca9af74ed1cf0a4,6031dc4ee08b61c58b35b1efd7d764739d5c7c54dc7cbe9e9a72a1e4a7098596,e2212c40566e21c680a98186ebd8e984aa80d4fd,4d4ad03b827958468b1a231e360c7ad1aa68035c25af068059838ceae6dfa6d6,7a69fb21427492956ac16a4f0657ee843cdef3db07eff5a24421b9f9b4267e2c,main_SHARED_QUERY_123_selected,a033d1483c42c3a34229a4670ecefb6eaee35f3bbd13ee3cc8b179343d3df733,development_holdout,P3,2017-04-25,887,789.2615263633043,f361755dc56fb1d1649f77cf3ed668485b5807901e33fe509021a5da33b7d976
new_p3_training,True,tuned,SHARED_QUERY,123,main,3cfd389bbd05ec9201a41c0892e29bf8199198d1b216b9a8061370d4240aa583,bd1488a2d411295d7a2118c50ddcc0b158786123613af1676062e2270d1637d1,9cb89005693b1b70c102178849b740fde00b50c9ba5f3b5530d0e5749ea59837,eca954c21da074c545cb7858315ea39fee0a6f54b19e06474b4f2f91f1666847,490eeb15970ef077ee050323b551cd9c3c5534c257f1febddca9af74ed1cf0a4,6031dc4ee08b61c58b35b1efd7d764739d5c7c54dc7cbe9e9a72a1e4a7098596,e2212c40566e21c680a98186ebd8e984aa80d4fd,4d4ad03b827958468b1a231e360c7ad1aa68035c25af068059838ceae6dfa6d6,7a69fb21427492956ac16a4f0657ee843cdef3db07eff5a24421b9f9b4267e2c,main_SHARED_QUERY_123_selected,a033d1483c42c3a34229a4670ecefb6eaee35f3bbd13ee3cc8b179343d3df733,development_holdout,P3,2017-04-26,885,767.8233334154845,5ddcb91d5b3d1fde1eac7ad4315fb3dd05765da68eb577fdc1f83ef35d60ce73
new_p3_training,True,tuned,SHARED_QUERY,123,main,3cfd389bbd05ec9201a41c0892e29bf8199198d1b216b9a8061370d4240aa583,bd1488a2d411295d7a2118c50ddcc0b158786123613af1676062e2270d1637d1,9cb89005693b1b70c102178849b740fde00b50c9ba5f3b5530d0e5749ea59837,eca954c21da074c545cb7858315ea39fee0a6f54b19e06474b4f2f91f1666847,490eeb15970ef077ee050323b551cd9c3c5534c257f1febddca9af74ed1cf0a4,6031dc4ee08b61c58b35b1efd7d764739d5c7c54dc7cbe9e9a72a1e4a7098596,e2212c40566e21c680a98186ebd8e984aa80d4fd,4d4ad03b827958468b1a231e360c7ad1aa68035c25af068059838ceae6dfa6d6,7a69fb21427492956ac16a4f0657ee843cdef3db07eff5a24421b9f9b4267e2c,main_SHARED_QUERY_123_selected,a033d1483c42c3a34229a4670ecefb6eaee35f3bbd13ee3cc8b179343d3df733,development_holdout,P3,2017-04-27,891,786.4027139860439,4c47255632375847f997ccea085f31600fd44db6effb7c3522081b89ebf757ef
new_p3_training,True,tuned,SHARED_QUERY,123,main,3cfd389bbd05ec9201a41c0892e29bf8199198d1b216b9a8061370d4240aa583,bd1488a2d411295d7a2118c50ddcc0b158786123613af1676062e2270d1637d1,9cb89005693b1b70c102178849b740fde00b50c9ba5f3b5530d0e5749ea59837,eca954c21da074c545cb7858315ea39fee0a6f54b19e06474b4f2f91f1666847,490eeb15970ef077ee050323b551cd9c3c5534c257f1febddca9af74ed1cf0a4,6031dc4ee08b61c58b35b1efd7d764739d5c7c54dc7cbe9e9a72a1e4a7098596,e2212c40566e21c680a98186ebd8e984aa80d4fd,4d4ad03b827958468b1a231e360c7ad1aa68035c25af068059838ceae6dfa6d6,7a69fb21427492956ac16a4f0657ee843cdef3db07eff5a24421b9f9b4267e2c,main_SHARED_QUERY_123_selected,a033d1483c42c3a34229a4670ecefb6eaee35f3bbd13ee3cc8b179343d3df733,development_holdout,P3,2017-04-28,891,777.8086859667446,14c54fe449db4cbbbc31bcfcf2747995c479a45122d5dd01d07ae24fe7e71e44
new_p3_training,True,tuned,SHARED_QUERY,123,main,3cfd389bbd05ec9201a41c0892e29bf8199198d1b216b9a8061370d4240aa583,bd1488a2d411295d7a2118c50ddcc0b158786123613af1676062e2270d1637d1,9cb89005693b1b70c102178849b740fde00b50c9ba5f3b5530d0e5749ea59837,eca954c21da074c545cb7858315ea39fee0a6f54b19e06474b4f2f91f1666847,490eeb15970ef077ee050323b551cd9c3c5534c257f1febddca9af74ed1cf0a4,6031dc4ee08b61c58b35b1efd7d764739d5c7c54dc7cbe9e9a72a1e4a7098596,e2212c40566e21c680a98186ebd8e984aa80d4fd,4d4ad03b827958468b1a231e360c7ad1aa68035c25af068059838ceae6dfa6d6,7a69fb21427492956ac16a4f0657ee843cdef3db07eff5a24421b9f9b4267e2c,main_SHARED_QUERY_123_selected,a033d1483c42c3a34229a4670ecefb6eaee35f3bbd13ee3cc8b179343d3df733,development_holdout,P3,2017-05-02,891,774.7022719231888,1b3c37a040e7d9d3b25c7271e55741f0a6d74f55e151ea8a6150c8585cd9ea7f
new_p3_training,True,tuned,SHARED_QUERY,123,main,3cfd389bbd05ec9201a41c0892e29bf8199198d1b216b9a8061370d4240aa583,bd1488a2d411295d7a2118c50ddcc0b158786123613af1676062e2270d1637d1,9cb89005693b1b70c102178849b740fde00b50c9ba5f3b5530d0e5749ea59837,eca954c21da074c545cb7858315ea39fee0a6f54b19e06474b4f2f91f1666847,490eeb15970ef077ee050323b551cd9c3c5534c257f1febddca9af74ed1cf0a4,6031dc4ee08b61c58b35b1efd7d764739d5c7c54dc7cbe9e9a72a1e4a7098596,e2212c40566e21c680a98186ebd8e984aa80d4fd,4d4ad03b827958468b1a231e360c7ad1aa68035c25af068059838ceae6dfa6d6,7a69fb21427492956ac16a4f0657ee843cdef3db07eff5a24421b9f9b4267e2c,main_SHARED_QUERY_123_selected,a033d1483c42c3a34229a4670ecefb6eaee35f3bbd13ee3cc8b179343d3df733,development_holdout,P3,2017-05-04,884,713.3023439993058,2b934a30be92836a5efc15f5837389439e0eb36decd862d6940a3be05f2f3c7c
new_p3_training,True,tuned,SHARED_QUERY,123,main,3cfd389bbd05ec9201a41c0892e29bf8199198d1b216b9a8061370d4240aa583,bd1488a2d411295d7a2118c50ddcc0b158786123613af1676062e2270d1637d1,9cb89005693b1b70c102178849b740fde00b50c9ba5f3b5530d0e5749ea59837,eca954c21da074c545cb7858315ea39fee0a6f54b19e06474b4f2f91f1666847,490eeb15970ef077ee050323b551cd9c3c5534c257f1febddca9af74ed1cf0a4,6031dc4ee08b61c58b35b1efd7d764739d5c7c54dc7cbe9e9a72a1e4a7098596,e2212c40566e21c680a98186ebd8e984aa80d4fd,4d4ad03b827958468b1a231e360c7ad1aa68035c25af068059838ceae6dfa6d6,7a69fb21427492956ac16a4f0657ee843cdef3db07eff5a24421b9f9b4267e2c,main_SHARED_QUERY_123_selected,a033d1483c42c3a34229a4670ecefb6eaee35f3bbd13ee3cc8b179343d3df733,development_holdout,P3,2017-05-08,882,768.8225632278961,6d279f8ab97422c68f0ffb1a6de4bf74b2c1d4a43e621a8d436873c5d1578013
new_p3_training,True,tuned,SHARED_QUERY,123,main,3cfd389bbd05ec9201a41c0892e29bf8199198d1b216b9a8061370d4240aa583,bd1488a2d411295d7a2118c50ddcc0b158786123613af1676062e2270d1637d1,9cb89005693b1b70c102178849b740fde00b50c9ba5f3b5530d0e5749ea59837,eca954c21da074c545cb7858315ea39fee0a6f54b19e06474b4f2f91f1666847,490eeb15970ef077ee050323b551cd9c3c5534c257f1febddca9af74ed1cf0a4,6031dc4ee08b61c58b35b1efd7d764739d5c7c54dc7cbe9e9a72a1e4a7098596,e2212c40566e21c680a98186ebd8e984aa80d4fd,4d4ad03b827958468b1a231e360c7ad1aa68035c25af068059838ceae6dfa6d6,7a69fb21427492956ac16a4f0657ee843cdef3db07eff5a24421b9f9b4267e2c,main_SHARED_QUERY_123_selected,a033d1483c42c3a34229a4670ecefb6eaee35f3bbd13ee3cc8b179343d3df733,development_holdout,P3,2017-05-10,889,903.5012889317952,7713182aa36116e60616a98cca6fbe13bd717e4eea1d317dc347c01d58cd0449
new_p3_training,True,tuned,SHARED_QUERY,123,main,3cfd389bbd05ec9201a41c0892e29bf8199198d1b216b9a8061370d4240aa583,bd1488a2d411295d7a2118c50ddcc0b158786123613af1676062e2270d1637d1,9cb89005693b1b70c102178849b740fde00b50c9ba5f3b5530d0e5749ea59837,eca954c21da074c545cb7858315ea39fee0a6f54b19e06474b4f2f91f1666847,490eeb15970ef077ee050323b551cd9c3c5534c257f1febddca9af74ed1cf0a4,6031dc4ee08b61c58b35b1efd7d764739d5c7c54dc7cbe9e9a72a1e4a7098596,e2212c40566e21c680a98186ebd8e984aa80d4fd,4d4ad03b827958468b1a231e360c7ad1aa68035c25af068059838ceae6dfa6d6,7a69fb21427492956ac16a4f0657ee843cdef3db07eff5a24421b9f9b4267e2c,main_SHARED_QUERY_123_selected,a033d1483c42c3a34229a4670ecefb6eaee35f3bbd13ee3cc8b179343d3df733,development_holdout,P3,2017-05-11,881,864.3485238831688,448693f1a5121999336b16cb678b55a89ceaa66792c572a3e6e7349717af56aa
new_p3_training,True,tuned,SHARED_QUERY,123,main,3cfd389bbd05ec9201a41c0892e29bf8199198d1b216b9a8061370d4240aa583,bd1488a2d411295d7a2118c50ddcc0b158786123613af1676062e2270d1637d1,9cb89005693b1b70c102178849b740fde00b50c9ba5f3b5530d0e5749ea59837,eca954c21da074c545cb7858315ea39fee0a6f54b19e06474b4f2f91f1666847,490eeb15970ef077ee050323b551cd9c3c5534c257f1febddca9af74ed1cf0a4,6031dc4ee08b61c58b35b1efd7d764739d5c7c54dc7cbe9e9a72a1e4a7098596,e2212c40566e21c680a98186ebd8e984aa80d4fd,4d4ad03b827958468b1a231e360c7ad1aa68035c25af068059838ceae6dfa6d6,7a69fb21427492956ac16a4f0657ee843cdef3db07eff5a24421b9f9b4267e2c,main_SHARED_QUERY_123_selected,a033d1483c42c3a34229a4670ecefb6eaee35f3bbd13ee3cc8b179343d3df733,development_holdout,P3,2017-05-12,879,823.0189411050626,b1ea95108ac1627eb5c678144bdba6217c5b07ed7f7617d9f5754a47a502951d
new_p3_training,True,tuned,SHARED_QUERY,123,main,3cfd389bbd05ec9201a41c0892e29bf8199198d1b216b9a8061370d4240aa583,bd1488a2d411295d7a2118c50ddcc0b158786123613af1676062e2270d1637d1,9cb89005693b1b70c102178849b740fde00b50c9ba5f3b5530d0e5749ea59837,eca954c21da074c545cb7858315ea39fee0a6f54b19e06474b4f2f91f1666847,490eeb15970ef077ee050323b551cd9c3c5534c257f1febddca9af74ed1cf0a4,6031dc4ee08b61c58b35b1efd7d764739d5c7c54dc7cbe9e9a72a1e4a7098596,e2212c40566e21c680a98186ebd8e984aa80d4fd,4d4ad03b827958468b1a231e360c7ad1aa68035c25af068059838ceae6dfa6d6,7a69fb21427492956ac16a4f0657ee843cdef3db07eff5a24421b9f9b4267e2c,main_SHARED_QUERY_123_selected,a033d1483c42c3a34229a4670ecefb6eaee35f3bbd13ee3cc8b179343d3df733,development_holdout,P3,2017-05-15,866,812.8851007767271,86127d030e210ce6231b285cba1ac8b2a6054f20c8fa3be5ffb888b613f3e7f9
new_p3_training,True,tuned,SHARED_QUERY,123,main,3cfd389bbd05ec9201a41c0892e29bf8199198d1b216b9a8061370d4240aa583,bd1488a2d411295d7a2118c50ddcc0b158786123613af1676062e2270d1637d1,9cb89005693b1b70c102178849b740fde00b50c9ba5f3b5530d0e5749ea59837,eca954c21da074c545cb7858315ea39fee0a6f54b19e06474b4f2f91f1666847,490eeb15970ef077ee050323b551cd9c3c5534c257f1febddca9af74ed1cf0a4,6031dc4ee08b61c58b35b1efd7d764739d5c7c54dc7cbe9e9a72a1e4a7098596,e2212c40566e21c680a98186ebd8e984aa80d4fd,4d4ad03b827958468b1a231e360c7ad1aa68035c25af068059838ceae6dfa6d6,7a69fb21427492956ac16a4f0657ee843cdef3db07eff5a24421b9f9b4267e2c,main_SHARED_QUERY_123_selected,a033d1483c42c3a34229a4670ecefb6eaee35f3bbd13ee3cc8b179343d3df733,development_holdout,P3,2017-05-16,875,816.4059139306942,2772f59db8075c1d82fabb191b9249e531a8fa1a0d1ea1e858b2c298c0308268
new_p3_training,True,tuned,SHARED_QUERY,123,main,3cfd389bbd05ec9201a41c0892e29bf8199198d1b216b9a8061370d4240aa583,bd1488a2d411295d7a2118c50ddcc0b158786123613af1676062e2270d1637d1,9cb89005693b1b70c102178849b740fde00b50c9ba5f3b5530d0e5749ea59837,eca954c21da074c545cb7858315ea39fee0a6f54b19e06474b4f2f91f1666847,490eeb15970ef077ee050323b551cd9c3c5534c257f1febddca9af74ed1cf0a4,6031dc4ee08b61c58b35b1efd7d764739d5c7c54dc7cbe9e9a72a1e4a7098596,e2212c40566e21c680a98186ebd8e984aa80d4fd,4d4ad03b827958468b1a231e360c7ad1aa68035c25af068059838ceae6dfa6d6,7a69fb21427492956ac16a4f0657ee843cdef3db07eff5a24421b9f9b4267e2c,main_SHARED_QUERY_123_selected,a033d1483c42c3a34229a4670ecefb6eaee35f3bbd13ee3cc8b179343d3df733,development_holdout,P3,2017-05-17,887,818.2181845402865,09d55655a2201125e67e0986d2d8d901522cf2a1132b8deef4193496bb4092a5
new_p3_training,True,tuned,SHARED_QUERY,123,main,3cfd389bbd05ec9201a41c0892e29bf8199198d1b216b9a8061370d4240aa583,bd1488a2d411295d7a2118c50ddcc0b158786123613af1676062e2270d1637d1,9cb89005693b1b70c102178849b740fde00b50c9ba5f3b5530d0e5749ea59837,eca954c21da074c545cb7858315ea39fee0a6f54b19e06474b4f2f91f1666847,490eeb15970ef077ee050323b551cd9c3c5534c257f1febddca9af74ed1cf0a4,6031dc4ee08b61c58b35b1efd7d764739d5c7c54dc7cbe9e9a72a1e4a7098596,e2212c40566e21c680a98186ebd8e984aa80d4fd,4d4ad03b827958468b1a231e360c7ad1aa68035c25af068059838ceae6dfa6d6,7a69fb21427492956ac16a4f0657ee843cdef3db07eff5a24421b9f9b4267e2c,main_SHARED_QUERY_123_selected,a033d1483c42c3a34229a4670ecefb6eaee35f3bbd13ee3cc8b179343d3df733,development_holdout,P3,2017-05-18,860,796.5174686416416,9adfe8ffedce0bbde2a58e258749d083021a4aaa10ba9fe24f09e4e1f5db23fe
new_p3_training,True,tuned,SHARED_QUERY,123,main,3cfd389bbd05ec9201a41c0892e29bf8199198d1b216b9a8061370d4240aa583,bd1488a2d411295d7a2118c50ddcc0b158786123613af1676062e2270d1637d1,9cb89005693b1b70c102178849b740fde00b50c9ba5f3b5530d0e5749ea59837,eca954c21da074c545cb7858315ea39fee0a6f54b19e06474b4f2f91f1666847,490eeb15970ef077ee050323b551cd9c3c5534c257f1febddca9af74ed1cf0a4,6031dc4ee08b61c58b35b1efd7d764739d5c7c54dc7cbe9e9a72a1e4a7098596,e2212c40566e21c680a98186ebd8e984aa80d4fd,4d4ad03b827958468b1a231e360c7ad1aa68035c25af068059838ceae6dfa6d6,7a69fb21427492956ac16a4f0657ee843cdef3db07eff5a24421b9f9b4267e2c,main_SHARED_QUERY_123_selected,a033d1483c42c3a34229a4670ecefb6eaee35f3bbd13ee3cc8b179343d3df733,development_holdout,P3,2017-05-19,856,805.3447858639189,ce3aca78f2116bbc1762fc00d59605b91c7d686e0bfea178b6edf665a33ad449
new_p3_training,True,tuned,SHARED_QUERY,123,main,3cfd389bbd05ec9201a41c0892e29bf8199198d1b216b9a8061370d4240aa583,bd1488a2d411295d7a2118c50ddcc0b158786123613af1676062e2270d1637d1,9cb89005693b1b70c102178849b740fde00b50c9ba5f3b5530d0e5749ea59837,eca954c21da074c545cb7858315ea39fee0a6f54b19e06474b4f2f91f1666847,490eeb15970ef077ee050323b551cd9c3c5534c257f1febddca9af74ed1cf0a4,6031dc4ee08b61c58b35b1efd7d764739d5c7c54dc7cbe9e9a72a1e4a7098596,e2212c40566e21c680a98186ebd8e984aa80d4fd,4d4ad03b827958468b1a231e360c7ad1aa68035c25af068059838ceae6dfa6d6,7a69fb21427492956ac16a4f0657ee843cdef3db07eff5a24421b9f9b4267e2c,main_SHARED_QUERY_123_selected,a033d1483c42c3a34229a4670ecefb6eaee35f3bbd13ee3cc8b179343d3df733,development_holdout,P3,2017-05-22,867,785.9550664709302,55bde4dddd30e56920af7109846e588f34cd30d03d973ba2c1b4686b5806bf94
new_p3_training,True,tuned,SHARED_QUERY,123,main,3cfd389bbd05ec9201a41c0892e29bf8199198d1b216b9a8061370d4240aa583,bd1488a2d411295d7a2118c50ddcc0b158786123613af1676062e2270d1637d1,9cb89005693b1b70c102178849b740fde00b50c9ba5f3b5530d0e5749ea59837,eca954c21da074c545cb7858315ea39fee0a6f54b19e06474b4f2f91f1666847,490eeb15970ef077ee050323b551cd9c3c5534c257f1febddca9af74ed1cf0a4,6031dc4ee08b61c58b35b1efd7d764739d5c7c54dc7cbe9e9a72a1e4a7098596,e2212c40566e21c680a98186ebd8e984aa80d4fd,4d4ad03b827958468b1a231e360c7ad1aa68035c25af068059838ceae6dfa6d6,7a69fb21427492956ac16a4f0657ee843cdef3db07eff5a24421b9f9b4267e2c,main_SHARED_QUERY_123_selected,a033d1483c42c3a34229a4670ecefb6eaee35f3bbd13ee3cc8b179343d3df733,development_holdout,P3,2017-05-23,857,868.6313895142785,f36431f46fa49dac8df09b38509c085d8ece023950d11854c5e9a7a4e704c5c7
new_p3_training,True,tuned,SHARED_QUERY,123,main,3cfd389bbd05ec9201a41c0892e29bf8199198d1b216b9a8061370d4240aa583,bd1488a2d411295d7a2118c50ddcc0b158786123613af1676062e2270d1637d1,9cb89005693b1b70c102178849b740fde00b50c9ba5f3b5530d0e5749ea59837,eca954c21da074c545cb7858315ea39fee0a6f54b19e06474b4f2f91f1666847,490eeb15970ef077ee050323b551cd9c3c5534c257f1febddca9af74ed1cf0a4,6031dc4ee08b61c58b35b1efd7d764739d5c7c54dc7cbe9e9a72a1e4a7098596,e2212c40566e21c680a98186ebd8e984aa80d4fd,4d4ad03b827958468b1a231e360c7ad1aa68035c25af068059838ceae6dfa6d6,7a69fb21427492956ac16a4f0657ee843cdef3db07eff5a24421b9f9b4267e2c,main_SHARED_QUERY_123_selected,a033d1483c42c3a34229a4670ecefb6eaee35f3bbd13ee3cc8b179343d3df733,development_holdout,P3,2017-05-24,871,839.4066357193708,dad70329b4e826439e20b5092db18a28753b0ae6ad4c76bc90180e42918408ad
new_p3_training,True,tuned,SHARED_QUERY,123,main,3cfd389bbd05ec9201a41c0892e29bf8199198d1b216b9a8061370d4240aa583,bd1488a2d411295d7a2118c50ddcc0b158786123613af1676062e2270d1637d1,9cb89005693b1b70c102178849b740fde00b50c9ba5f3b5530d0e5749ea59837,eca954c21da074c545cb7858315ea39fee0a6f54b19e06474b4f2f91f1666847,490eeb15970ef077ee050323b551cd9c3c5534c257f1febddca9af74ed1cf0a4,6031dc4ee08b61c58b35b1efd7d764739d5c7c54dc7cbe9e9a72a1e4a7098596,e2212c40566e21c680a98186ebd8e984aa80d4fd,4d4ad03b827958468b1a231e360c7ad1aa68035c25af068059838ceae6dfa6d6,7a69fb21427492956ac16a4f0657ee843cdef3db07eff5a24421b9f9b4267e2c,main_SHARED_QUERY_123_selected,a033d1483c42c3a34229a4670ecefb6eaee35f3bbd13ee3cc8b179343d3df733,development_holdout,P3,2017-05-25,883,855.096066656681,3cedc79065efb4869dab3206458708ec702b2b866d570135a15c0973582b346f
new_p3_training,True,tuned,SHARED_QUERY,123,main,3cfd389bbd05ec9201a41c0892e29bf8199198d1b216b9a8061370d4240aa583,bd1488a2d411295d7a2118c50ddcc0b158786123613af1676062e2270d1637d1,9cb89005693b1b70c102178849b740fde00b50c9ba5f3b5530d0e5749ea59837,eca954c21da074c545cb7858315ea39fee0a6f54b19e06474b4f2f91f1666847,490eeb15970ef077ee050323b551cd9c3c5534c257f1febddca9af74ed1cf0a4,6031dc4ee08b61c58b35b1efd7d764739d5c7c54dc7cbe9e9a72a1e4a7098596,e2212c40566e21c680a98186ebd8e984aa80d4fd,4d4ad03b827958468b1a231e360c7ad1aa68035c25af068059838ceae6dfa6d6,7a69fb21427492956ac16a4f0657ee843cdef3db07eff5a24421b9f9b4267e2c,main_SHARED_QUERY_123_selected,a033d1483c42c3a34229a4670ecefb6eaee35f3bbd13ee3cc8b179343d3df733,development_holdout,P3,2017-05-26,870,844.6675083669847,18e506144698436a4dceb23c29b58d8c2e142fb49e5017f1a1d3a98719f3e2f6
new_p3_training,True,tuned,SHARED_QUERY,123,main,3cfd389bbd05ec9201a41c0892e29bf8199198d1b216b9a8061370d4240aa583,bd1488a2d411295d7a2118c50ddcc0b158786123613af1676062e2270d1637d1,9cb89005693b1b70c102178849b740fde00b50c9ba5f3b5530d0e5749ea59837,eca954c21da074c545cb7858315ea39fee0a6f54b19e06474b4f2f91f1666847,490eeb15970ef077ee050323b551cd9c3c5534c257f1febddca9af74ed1cf0a4,6031dc4ee08b61c58b35b1efd7d764739d5c7c54dc7cbe9e9a72a1e4a7098596,e2212c40566e21c680a98186ebd8e984aa80d4fd,4d4ad03b827958468b1a231e360c7ad1aa68035c25af068059838ceae6dfa6d6,7a69fb21427492956ac16a4f0657ee843cdef3db07eff5a24421b9f9b4267e2c,main_SHARED_QUERY_123_selected,a033d1483c42c3a34229a4670ecefb6eaee35f3bbd13ee3cc8b179343d3df733,development_holdout,P3,2017-05-29,862,854.8714279678118,f66a7e0345cb3f7e279833092cfe3aff2f057e9e296a56edcb8e74e2153afe99
new_p3_training,True,tuned,SHARED_QUERY,123,main,3cfd389bbd05ec9201a41c0892e29bf8199198d1b216b9a8061370d4240aa583,bd1488a2d411295d7a2118c50ddcc0b158786123613af1676062e2270d1637d1,9cb89005693b1b70c102178849b740fde00b50c9ba5f3b5530d0e5749ea59837,eca954c21da074c545cb7858315ea39fee0a6f54b19e06474b4f2f91f1666847,490eeb15970ef077ee050323b551cd9c3c5534c257f1febddca9af74ed1cf0a4,6031dc4ee08b61c58b35b1efd7d764739d5c7c54dc7cbe9e9a72a1e4a7098596,e2212c40566e21c680a98186ebd8e984aa80d4fd,4d4ad03b827958468b1a231e360c7ad1aa68035c25af068059838ceae6dfa6d6,7a69fb21427492956ac16a4f0657ee843cdef3db07eff5a24421b9f9b4267e2c,main_SHARED_QUERY_123_selected,a033d1483c42c3a34229a4670ecefb6eaee35f3bbd13ee3cc8b179343d3df733,development_holdout,P3,2017-05-30,873,837.104286758632,dd6fc5a32dee0ab2192239d781826407e89ef483ee81231f2cb139fa7d7321a2
new_p3_training,True,tuned,SHARED_QUERY,123,main,3cfd389bbd05ec9201a41c0892e29bf8199198d1b216b9a8061370d4240aa583,bd1488a2d411295d7a2118c50ddcc0b158786123613af1676062e2270d1637d1,9cb89005693b1b70c102178849b740fde00b50c9ba5f3b5530d0e5749ea59837,eca954c21da074c545cb7858315ea39fee0a6f54b19e06474b4f2f91f1666847,490eeb15970ef077ee050323b551cd9c3c5534c257f1febddca9af74ed1cf0a4,6031dc4ee08b61c58b35b1efd7d764739d5c7c54dc7cbe9e9a72a1e4a7098596,e2212c40566e21c680a98186ebd8e984aa80d4fd,4d4ad03b827958468b1a231e360c7ad1aa68035c25af068059838ceae6dfa6d6,7a69fb21427492956ac16a4f0657ee843cdef3db07eff5a24421b9f9b4267e2c,main_SHARED_QUERY_123_selected,a033d1483c42c3a34229a4670ecefb6eaee35f3bbd13ee3cc8b179343d3df733,development_holdout,P3,2017-05-31,874,844.7837798508845,a29fe594a46d85dc70929c736e6deec9e2f911ff0eb64c006e6b690421ab5677
new_p3_training,True,tuned,SHARED_QUERY,123,main,3cfd389bbd05ec9201a41c0892e29bf8199198d1b216b9a8061370d4240aa583,bd1488a2d411295d7a2118c50ddcc0b158786123613af1676062e2270d1637d1,9cb89005693b1b70c102178849b740fde00b50c9ba5f3b5530d0e5749ea59837,eca954c21da074c545cb7858315ea39fee0a6f54b19e06474b4f2f91f1666847,490eeb15970ef077ee050323b551cd9c3c5534c257f1febddca9af74ed1cf0a4,6031dc4ee08b61c58b35b1efd7d764739d5c7c54dc7cbe9e9a72a1e4a7098596,e2212c40566e21c680a98186ebd8e984aa80d4fd,4d4ad03b827958468b1a231e360c7ad1aa68035c25af068059838ceae6dfa6d6,7a69fb21427492956ac16a4f0657ee843cdef3db07eff5a24421b9f9b4267e2c,main_SHARED_QUERY_123_selected,a033d1483c42c3a34229a4670ecefb6eaee35f3bbd13ee3cc8b179343d3df733,development_holdout,P3,2017-06-01,865,757.4857376776895,a1c10453cc69b89196c3fdf148cafddee60fe08d578b62797ce364bd6b4a8f96
new_p3_training,True,tuned,SHARED_QUERY,123,main,3cfd389bbd05ec9201a41c0892e29bf8199198d1b216b9a8061370d4240aa583,bd1488a2d411295d7a2118c50ddcc0b158786123613af1676062e2270d1637d1,9cb89005693b1b70c102178849b740fde00b50c9ba5f3b5530d0e5749ea59837,eca954c21da074c545cb7858315ea39fee0a6f54b19e06474b4f2f91f1666847,490eeb15970ef077ee050323b551cd9c3c5534c257f1febddca9af74ed1cf0a4,6031dc4ee08b61c58b35b1efd7d764739d5c7c54dc7cbe9e9a72a1e4a7098596,e2212c40566e21c680a98186ebd8e984aa80d4fd,4d4ad03b827958468b1a231e360c7ad1aa68035c25af068059838ceae6dfa6d6,7a69fb21427492956ac16a4f0657ee843cdef3db07eff5a24421b9f9b4267e2c,main_SHARED_QUERY_123_selected,a033d1483c42c3a34229a4670ecefb6eaee35f3bbd13ee3cc8b179343d3df733,development_holdout,P3,2017-06-02,869,826.1528025535868,61d5d850b49a2ef581cd988904e0b44c75eb3cb68b40ec335c9c4c6899d68887
new_p3_training,True,tuned,SHARED_QUERY,123,main,3cfd389bbd05ec9201a41c0892e29bf8199198d1b216b9a8061370d4240aa583,bd1488a2d411295d7a2118c50ddcc0b158786123613af1676062e2270d1637d1,9cb89005693b1b70c102178849b740fde00b50c9ba5f3b5530d0e5749ea59837,eca954c21da074c545cb7858315ea39fee0a6f54b19e06474b4f2f91f1666847,490eeb15970ef077ee050323b551cd9c3c5534c257f1febddca9af74ed1cf0a4,6031dc4ee08b61c58b35b1efd7d764739d5c7c54dc7cbe9e9a72a1e4a7098596,e2212c40566e21c680a98186ebd8e984aa80d4fd,4d4ad03b827958468b1a231e360c7ad1aa68035c25af068059838ceae6dfa6d6,7a69fb21427492956ac16a4f0657ee843cdef3db07eff5a24421b9f9b4267e2c,main_SHARED_QUERY_123_selected,a033d1483c42c3a34229a4670ecefb6eaee35f3bbd13ee3cc8b179343d3df733,development_holdout,P3,2017-06-05,872,782.7579899667271,981ab7fe8e2b1492aaff8983cfce5d1ba1a759789cc81761d6714ec98232c91f
new_p3_training,True,tuned,SHARED_QUERY,123,main,3cfd389bbd05ec9201a41c0892e29bf8199198d1b216b9a8061370d4240aa583,bd1488a2d411295d7a2118c50ddcc0b158786123613af1676062e2270d1637d1,9cb89005693b1b70c102178849b740fde00b50c9ba5f3b5530d0e5749ea59837,eca954c21da074c545cb7858315ea39fee0a6f54b19e06474b4f2f91f1666847,490eeb15970ef077ee050323b551cd9c3c5534c257f1febddca9af74ed1cf0a4,6031dc4ee08b61c58b35b1efd7d764739d5c7c54dc7cbe9e9a72a1e4a7098596,e2212c40566e21c680a98186ebd8e984aa80d4fd,4d4ad03b827958468b1a231e360c7ad1aa68035c25af068059838ceae6dfa6d6,7a69fb21427492956ac16a4f0657ee843cdef3db07eff5a24421b9f9b4267e2c,main_SHARED_QUERY_123_selected,a033d1483c42c3a34229a4670ecefb6eaee35f3bbd13ee3cc8b179343d3df733,development_holdout,P3,2017-06-07,882,852.7489733002315,a60422ea7c77cf145d7568a88e3513ee275e5c818f14fa89877b1a42025e83de
new_p3_training,True,tuned,SHARED_QUERY,123,main,3cfd389bbd05ec9201a41c0892e29bf8199198d1b216b9a8061370d4240aa583,bd1488a2d411295d7a2118c50ddcc0b158786123613af1676062e2270d1637d1,9cb89005693b1b70c102178849b740fde00b50c9ba5f3b5530d0e5749ea59837,eca954c21da074c545cb7858315ea39fee0a6f54b19e06474b4f2f91f1666847,490eeb15970ef077ee050323b551cd9c3c5534c257f1febddca9af74ed1cf0a4,6031dc4ee08b61c58b35b1efd7d764739d5c7c54dc7cbe9e9a72a1e4a7098596,e2212c40566e21c680a98186ebd8e984aa80d4fd,4d4ad03b827958468b1a231e360c7ad1aa68035c25af068059838ceae6dfa6d6,7a69fb21427492956ac16a4f0657ee843cdef3db07eff5a24421b9f9b4267e2c,main_SHARED_QUERY_123_selected,a033d1483c42c3a34229a4670ecefb6eaee35f3bbd13ee3cc8b179343d3df733,development_holdout,P3,2017-06-08,853,763.984511953573,ae70a88d7b6831b082d612e2f78b2d385a5e5f3f831908cb48be5f09a7d3670a
new_p3_training,True,tuned,SHARED_QUERY,123,main,3cfd389bbd05ec9201a41c0892e29bf8199198d1b216b9a8061370d4240aa583,bd1488a2d411295d7a2118c50ddcc0b158786123613af1676062e2270d1637d1,9cb89005693b1b70c102178849b740fde00b50c9ba5f3b5530d0e5749ea59837,eca954c21da074c545cb7858315ea39fee0a6f54b19e06474b4f2f91f1666847,490eeb15970ef077ee050323b551cd9c3c5534c257f1febddca9af74ed1cf0a4,6031dc4ee08b61c58b35b1efd7d764739d5c7c54dc7cbe9e9a72a1e4a7098596,e2212c40566e21c680a98186ebd8e984aa80d4fd,4d4ad03b827958468b1a231e360c7ad1aa68035c25af068059838ceae6dfa6d6,7a69fb21427492956ac16a4f0657ee843cdef3db07eff5a24421b9f9b4267e2c,main_SHARED_QUERY_123_selected,a033d1483c42c3a34229a4670ecefb6eaee35f3bbd13ee3cc8b179343d3df733,development_holdout,P3,2017-06-09,867,826.4414718777956,a2522a13ac9ff307b38ed9fc2e04cabbf45e39c56f7b81e95bb296ce9c65e874
new_p3_training,True,tuned,SHARED_QUERY,123,main,3cfd389bbd05ec9201a41c0892e29bf8199198d1b216b9a8061370d4240aa583,bd1488a2d411295d7a2118c50ddcc0b158786123613af1676062e2270d1637d1,9cb89005693b1b70c102178849b740fde00b50c9ba5f3b5530d0e5749ea59837,eca954c21da074c545cb7858315ea39fee0a6f54b19e06474b4f2f91f1666847,490eeb15970ef077ee050323b551cd9c3c5534c257f1febddca9af74ed1cf0a4,6031dc4ee08b61c58b35b1efd7d764739d5c7c54dc7cbe9e9a72a1e4a7098596,e2212c40566e21c680a98186ebd8e984aa80d4fd,4d4ad03b827958468b1a231e360c7ad1aa68035c25af068059838ceae6dfa6d6,7a69fb21427492956ac16a4f0657ee843cdef3db07eff5a24421b9f9b4267e2c,main_SHARED_QUERY_123_selected,a033d1483c42c3a34229a4670ecefb6eaee35f3bbd13ee3cc8b179343d3df733,development_holdout,P3,2017-06-12,879,816.8190374499059,98f2e926bbeebe2b689660943f71257269e169f757c46f0938a157bae3e01cdc
new_p3_training,True,tuned,SHARED_QUERY,123,main,3cfd389bbd05ec9201a41c0892e29bf8199198d1b216b9a8061370d4240aa583,bd1488a2d411295d7a2118c50ddcc0b158786123613af1676062e2270d1637d1,9cb89005693b1b70c102178849b740fde00b50c9ba5f3b5530d0e5749ea59837,eca954c21da074c545cb7858315ea39fee0a6f54b19e06474b4f2f91f1666847,490eeb15970ef077ee050323b551cd9c3c5534c257f1febddca9af74ed1cf0a4,6031dc4ee08b61c58b35b1efd7d764739d5c7c54dc7cbe9e9a72a1e4a7098596,e2212c40566e21c680a98186ebd8e984aa80d4fd,4d4ad03b827958468b1a231e360c7ad1aa68035c25af068059838ceae6dfa6d6,7a69fb21427492956ac16a4f0657ee843cdef3db07eff5a24421b9f9b4267e2c,main_SHARED_QUERY_123_selected,a033d1483c42c3a34229a4670ecefb6eaee35f3bbd13ee3cc8b179343d3df733,development_holdout,P3,2017-06-13,860,793.5428835096077,0f41fd27f4003905faddc8147341332f8341e12cf0c6d01d84e2925c74b0c21b
new_p3_training,True,tuned,SHARED_QUERY,123,main,3cfd389bbd05ec9201a41c0892e29bf8199198d1b216b9a8061370d4240aa583,bd1488a2d411295d7a2118c50ddcc0b158786123613af1676062e2270d1637d1,9cb89005693b1b70c102178849b740fde00b50c9ba5f3b5530d0e5749ea59837,eca954c21da074c545cb7858315ea39fee0a6f54b19e06474b4f2f91f1666847,490eeb15970ef077ee050323b551cd9c3c5534c257f1febddca9af74ed1cf0a4,6031dc4ee08b61c58b35b1efd7d764739d5c7c54dc7cbe9e9a72a1e4a7098596,e2212c40566e21c680a98186ebd8e984aa80d4fd,4d4ad03b827958468b1a231e360c7ad1aa68035c25af068059838ceae6dfa6d6,7a69fb21427492956ac16a4f0657ee843cdef3db07eff5a24421b9f9b4267e2c,main_SHARED_QUERY_123_selected,a033d1483c42c3a34229a4670ecefb6eaee35f3bbd13ee3cc8b179343d3df733,development_holdout,P3,2017-06-14,871,821.6067476855985,e1bb224c58773366d81034d0ea1b1170fb84e7f3f4aeedc82993759a74d7f380
new_p3_training,True,tuned,SHARED_QUERY,123,main,3cfd389bbd05ec9201a41c0892e29bf8199198d1b216b9a8061370d4240aa583,bd1488a2d411295d7a2118c50ddcc0b158786123613af1676062e2270d1637d1,9cb89005693b1b70c102178849b740fde00b50c9ba5f3b5530d0e5749ea59837,eca954c21da074c545cb7858315ea39fee0a6f54b19e06474b4f2f91f1666847,490eeb15970ef077ee050323b551cd9c3c5534c257f1febddca9af74ed1cf0a4,6031dc4ee08b61c58b35b1efd7d764739d5c7c54dc7cbe9e9a72a1e4a7098596,e2212c40566e21c680a98186ebd8e984aa80d4fd,4d4ad03b827958468b1a231e360c7ad1aa68035c25af068059838ceae6dfa6d6,7a69fb21427492956ac16a4f0657ee843cdef3db07eff5a24421b9f9b4267e2c,main_SHARED_QUERY_123_selected,a033d1483c42c3a34229a4670ecefb6eaee35f3bbd13ee3cc8b179343d3df733,development_holdout,P3,2017-06-15,841,806.5928061601601,5704e588fe7eab6ef0ace47c4b794371860edc415a153ca569f09727547a161b
new_p3_training,True,tuned,SHARED_QUERY,123,main,3cfd389bbd05ec9201a41c0892e29bf8199198d1b216b9a8061370d4240aa583,bd1488a2d411295d7a2118c50ddcc0b158786123613af1676062e2270d1637d1,9cb89005693b1b70c102178849b740fde00b50c9ba5f3b5530d0e5749ea59837,eca954c21da074c545cb7858315ea39fee0a6f54b19e06474b4f2f91f1666847,490eeb15970ef077ee050323b551cd9c3c5534c257f1febddca9af74ed1cf0a4,6031dc4ee08b61c58b35b1efd7d764739d5c7c54dc7cbe9e9a72a1e4a7098596,e2212c40566e21c680a98186ebd8e984aa80d4fd,4d4ad03b827958468b1a231e360c7ad1aa68035c25af068059838ceae6dfa6d6,7a69fb21427492956ac16a4f0657ee843cdef3db07eff5a24421b9f9b4267e2c,main_SHARED_QUERY_123_selected,a033d1483c42c3a34229a4670ecefb6eaee35f3bbd13ee3cc8b179343d3df733,development_holdout,P3,2017-06-16,870,772.6355284568442,5a8409d8d1992c8f111ebe241afda4ee3ae07ad5ceff87dd05efa38d7af2695b
new_p3_training,True,tuned,SHARED_QUERY,123,main,3cfd389bbd05ec9201a41c0892e29bf8199198d1b216b9a8061370d4240aa583,bd1488a2d411295d7a2118c50ddcc0b158786123613af1676062e2270d1637d1,9cb89005693b1b70c102178849b740fde00b50c9ba5f3b5530d0e5749ea59837,eca954c21da074c545cb7858315ea39fee0a6f54b19e06474b4f2f91f1666847,490eeb15970ef077ee050323b551cd9c3c5534c257f1febddca9af74ed1cf0a4,6031dc4ee08b61c58b35b1efd7d764739d5c7c54dc7cbe9e9a72a1e4a7098596,e2212c40566e21c680a98186ebd8e984aa80d4fd,4d4ad03b827958468b1a231e360c7ad1aa68035c25af068059838ceae6dfa6d6,7a69fb21427492956ac16a4f0657ee843cdef3db07eff5a24421b9f9b4267e2c,main_SHARED_QUERY_123_selected,a033d1483c42c3a34229a4670ecefb6eaee35f3bbd13ee3cc8b179343d3df733,development_holdout,P3,2017-06-19,872,840.1523557134931,6fa03c3ee1044aaa3438ff47241af18f9d3923924c8c22c14edc34e5cbfaad02
new_p3_training,True,tuned,SHARED_QUERY,123,main,3cfd389bbd05ec9201a41c0892e29bf8199198d1b216b9a8061370d4240aa583,bd1488a2d411295d7a2118c50ddcc0b158786123613af1676062e2270d1637d1,9cb89005693b1b70c102178849b740fde00b50c9ba5f3b5530d0e5749ea59837,eca954c21da074c545cb7858315ea39fee0a6f54b19e06474b4f2f91f1666847,490eeb15970ef077ee050323b551cd9c3c5534c257f1febddca9af74ed1cf0a4,6031dc4ee08b61c58b35b1efd7d764739d5c7c54dc7cbe9e9a72a1e4a7098596,e2212c40566e21c680a98186ebd8e984aa80d4fd,4d4ad03b827958468b1a231e360c7ad1aa68035c25af068059838ceae6dfa6d6,7a69fb21427492956ac16a4f0657ee843cdef3db07eff5a24421b9f9b4267e2c,main_SHARED_QUERY_123_selected,a033d1483c42c3a34229a4670ecefb6eaee35f3bbd13ee3cc8b179343d3df733,development_holdout,P3,2017-06-20,869,812.853750586901,23c0c6b7f0c7e4304a02ff8e3d207e89d706c345f55a41f86317dbedcddde6fe
new_p3_training,True,tuned,SHARED_QUERY,123,main,3cfd389bbd05ec9201a41c0892e29bf8199198d1b216b9a8061370d4240aa583,bd1488a2d411295d7a2118c50ddcc0b158786123613af1676062e2270d1637d1,9cb89005693b1b70c102178849b740fde00b50c9ba5f3b5530d0e5749ea59837,eca954c21da074c545cb7858315ea39fee0a6f54b19e06474b4f2f91f1666847,490eeb15970ef077ee050323b551cd9c3c5534c257f1febddca9af74ed1cf0a4,6031dc4ee08b61c58b35b1efd7d764739d5c7c54dc7cbe9e9a72a1e4a7098596,e2212c40566e21c680a98186ebd8e984aa80d4fd,4d4ad03b827958468b1a231e360c7ad1aa68035c25af068059838ceae6dfa6d6,7a69fb21427492956ac16a4f0657ee843cdef3db07eff5a24421b9f9b4267e2c,main_SHARED_QUERY_123_selected,a033d1483c42c3a34229a4670ecefb6eaee35f3bbd13ee3cc8b179343d3df733,development_holdout,P3,2017-06-21,854,842.7542948878379,af632f386631b587951238add0cab21cf66f365d8b9907e3e353e9fff6c84d32
new_p3_training,True,tuned,SHARED_QUERY,123,main,3cfd389bbd05ec9201a41c0892e29bf8199198d1b216b9a8061370d4240aa583,bd1488a2d411295d7a2118c50ddcc0b158786123613af1676062e2270d1637d1,9cb89005693b1b70c102178849b740fde00b50c9ba5f3b5530d0e5749ea59837,eca954c21da074c545cb7858315ea39fee0a6f54b19e06474b4f2f91f1666847,490eeb15970ef077ee050323b551cd9c3c5534c257f1febddca9af74ed1cf0a4,6031dc4ee08b61c58b35b1efd7d764739d5c7c54dc7cbe9e9a72a1e4a7098596,e2212c40566e21c680a98186ebd8e984aa80d4fd,4d4ad03b827958468b1a231e360c7ad1aa68035c25af068059838ceae6dfa6d6,7a69fb21427492956ac16a4f0657ee843cdef3db07eff5a24421b9f9b4267e2c,main_SHARED_QUERY_123_selected,a033d1483c42c3a34229a4670ecefb6eaee35f3bbd13ee3cc8b179343d3df733,development_holdout,P3,2017-06-22,870,837.928759470272,356d0afded9990781939343ebbcf298b1bd98e03a174583ded9859c9a5c69319
new_p3_training,True,tuned,SHARED_QUERY,123,main,3cfd389bbd05ec9201a41c0892e29bf8199198d1b216b9a8061370d4240aa583,bd1488a2d411295d7a2118c50ddcc0b158786123613af1676062e2270d1637d1,9cb89005693b1b70c102178849b740fde00b50c9ba5f3b5530d0e5749ea59837,eca954c21da074c545cb7858315ea39fee0a6f54b19e06474b4f2f91f1666847,490eeb15970ef077ee050323b551cd9c3c5534c257f1febddca9af74ed1cf0a4,6031dc4ee08b61c58b35b1efd7d764739d5c7c54dc7cbe9e9a72a1e4a7098596,e2212c40566e21c680a98186ebd8e984aa80d4fd,4d4ad03b827958468b1a231e360c7ad1aa68035c25af068059838ceae6dfa6d6,7a69fb21427492956ac16a4f0657ee843cdef3db07eff5a24421b9f9b4267e2c,main_SHARED_QUERY_123_selected,a033d1483c42c3a34229a4670ecefb6eaee35f3bbd13ee3cc8b179343d3df733,development_holdout,P3,2017-06-23,855,785.0375362859821,34e1ee9cb0c2c9d027c7efe119f2e7b6f15c0d70a4dbee7889bb6161406a5452
new_p3_training,True,tuned,SHARED_QUERY,123,main,3cfd389bbd05ec9201a41c0892e29bf8199198d1b216b9a8061370d4240aa583,bd1488a2d411295d7a2118c50ddcc0b158786123613af1676062e2270d1637d1,9cb89005693b1b70c102178849b740fde00b50c9ba5f3b5530d0e5749ea59837,eca954c21da074c545cb7858315ea39fee0a6f54b19e06474b4f2f91f1666847,490eeb15970ef077ee050323b551cd9c3c5534c257f1febddca9af74ed1cf0a4,6031dc4ee08b61c58b35b1efd7d764739d5c7c54dc7cbe9e9a72a1e4a7098596,e2212c40566e21c680a98186ebd8e984aa80d4fd,4d4ad03b827958468b1a231e360c7ad1aa68035c25af068059838ceae6dfa6d6,7a69fb21427492956ac16a4f0657ee843cdef3db07eff5a24421b9f9b4267e2c,main_SHARED_QUERY_123_selected,a033d1483c42c3a34229a4670ecefb6eaee35f3bbd13ee3cc8b179343d3df733,development_holdout,P3,2017-06-26,849,774.2390204558535,b79f61b8754be11ffc8f2758e7dbb0aebe388e2aec174bcae863c011ecaccbfe
new_p3_training,True,tuned,SHARED_QUERY,123,main,3cfd389bbd05ec9201a41c0892e29bf8199198d1b216b9a8061370d4240aa583,bd1488a2d411295d7a2118c50ddcc0b158786123613af1676062e2270d1637d1,9cb89005693b1b70c102178849b740fde00b50c9ba5f3b5530d0e5749ea59837,eca954c21da074c545cb7858315ea39fee0a6f54b19e06474b4f2f91f1666847,490eeb15970ef077ee050323b551cd9c3c5534c257f1febddca9af74ed1cf0a4,6031dc4ee08b61c58b35b1efd7d764739d5c7c54dc7cbe9e9a72a1e4a7098596,e2212c40566e21c680a98186ebd8e984aa80d4fd,4d4ad03b827958468b1a231e360c7ad1aa68035c25af068059838ceae6dfa6d6,7a69fb21427492956ac16a4f0657ee843cdef3db07eff5a24421b9f9b4267e2c,main_SHARED_QUERY_123_selected,a033d1483c42c3a34229a4670ecefb6eaee35f3bbd13ee3cc8b179343d3df733,development_holdout,P3,2017-06-27,859,784.371960816349,9c19b3a546a93cf25750bf5f1cac160e89e49ccac49250500d66e94301ec7d52
new_p3_training,True,tuned,SHARED_QUERY,123,main,3cfd389bbd05ec9201a41c0892e29bf8199198d1b216b9a8061370d4240aa583,bd1488a2d411295d7a2118c50ddcc0b158786123613af1676062e2270d1637d1,9cb89005693b1b70c102178849b740fde00b50c9ba5f3b5530d0e5749ea59837,eca954c21da074c545cb7858315ea39fee0a6f54b19e06474b4f2f91f1666847,490eeb15970ef077ee050323b551cd9c3c5534c257f1febddca9af74ed1cf0a4,6031dc4ee08b61c58b35b1efd7d764739d5c7c54dc7cbe9e9a72a1e4a7098596,e2212c40566e21c680a98186ebd8e984aa80d4fd,4d4ad03b827958468b1a231e360c7ad1aa68035c25af068059838ceae6dfa6d6,7a69fb21427492956ac16a4f0657ee843cdef3db07eff5a24421b9f9b4267e2c,main_SHARED_QUERY_123_selected,a033d1483c42c3a34229a4670ecefb6eaee35f3bbd13ee3cc8b179343d3df733,development_holdout,P3,2017-06-28,858,823.9356557614883,c4cf5b826513a31560abfcb815cb8acdbcf4d9b039c6b9ef2a20582eff7f0632
new_p3_training,True,tuned,SHARED_QUERY,123,main,3cfd389bbd05ec9201a41c0892e29bf8199198d1b216b9a8061370d4240aa583,bd1488a2d411295d7a2118c50ddcc0b158786123613af1676062e2270d1637d1,9cb89005693b1b70c102178849b740fde00b50c9ba5f3b5530d0e5749ea59837,eca954c21da074c545cb7858315ea39fee0a6f54b19e06474b4f2f91f1666847,490eeb15970ef077ee050323b551cd9c3c5534c257f1febddca9af74ed1cf0a4,6031dc4ee08b61c58b35b1efd7d764739d5c7c54dc7cbe9e9a72a1e4a7098596,e2212c40566e21c680a98186ebd8e984aa80d4fd,4d4ad03b827958468b1a231e360c7ad1aa68035c25af068059838ceae6dfa6d6,7a69fb21427492956ac16a4f0657ee843cdef3db07eff5a24421b9f9b4267e2c,main_SHARED_QUERY_123_selected,a033d1483c42c3a34229a4670ecefb6eaee35f3bbd13ee3cc8b179343d3df733,development_holdout,P3,2017-06-29,844,790.5542957390819,c8cc85bb2701b333187919cf3b90929d0d29a7b3235111509f7f858d389b7d3f
new_p3_training,True,tuned,SHARED_QUERY,123,main,3cfd389bbd05ec9201a41c0892e29bf8199198d1b216b9a8061370d4240aa583,bd1488a2d411295d7a2118c50ddcc0b158786123613af1676062e2270d1637d1,9cb89005693b1b70c102178849b740fde00b50c9ba5f3b5530d0e5749ea59837,eca954c21da074c545cb7858315ea39fee0a6f54b19e06474b4f2f91f1666847,490eeb15970ef077ee050323b551cd9c3c5534c257f1febddca9af74ed1cf0a4,6031dc4ee08b61c58b35b1efd7d764739d5c7c54dc7cbe9e9a72a1e4a7098596,e2212c40566e21c680a98186ebd8e984aa80d4fd,4d4ad03b827958468b1a231e360c7ad1aa68035c25af068059838ceae6dfa6d6,7a69fb21427492956ac16a4f0657ee843cdef3db07eff5a24421b9f9b4267e2c,main_SHARED_QUERY_123_selected,a033d1483c42c3a34229a4670ecefb6eaee35f3bbd13ee3cc8b179343d3df733,development_holdout,P3,2017-06-30,846,770.8467200492386,26c84d63dff7345dfc971e53a75a078cbf0aa1b370fdf8f6cef1b14a41227c50
new_p3_training,True,tuned,SHARED_QUERY,123,main,3cfd389bbd05ec9201a41c0892e29bf8199198d1b216b9a8061370d4240aa583,bd1488a2d411295d7a2118c50ddcc0b158786123613af1676062e2270d1637d1,9cb89005693b1b70c102178849b740fde00b50c9ba5f3b5530d0e5749ea59837,eca954c21da074c545cb7858315ea39fee0a6f54b19e06474b4f2f91f1666847,490eeb15970ef077ee050323b551cd9c3c5534c257f1febddca9af74ed1cf0a4,6031dc4ee08b61c58b35b1efd7d764739d5c7c54dc7cbe9e9a72a1e4a7098596,e2212c40566e21c680a98186ebd8e984aa80d4fd,4d4ad03b827958468b1a231e360c7ad1aa68035c25af068059838ceae6dfa6d6,7a69fb21427492956ac16a4f0657ee843cdef3db07eff5a24421b9f9b4267e2c,main_SHARED_QUERY_123_selected,a033d1483c42c3a34229a4670ecefb6eaee35f3bbd13ee3cc8b179343d3df733,validation,P0,2016-11-24,1026,988.0454837629056,a01f3922ea05c5a81d65620c86ee93df4c62b51a862af47b451a033c4ec5c699
new_p3_training,True,tuned,SHARED_QUERY,123,main,3cfd389bbd05ec9201a41c0892e29bf8199198d1b216b9a8061370d4240aa583,bd1488a2d411295d7a2118c50ddcc0b158786123613af1676062e2270d1637d1,9cb89005693b1b70c102178849b740fde00b50c9ba5f3b5530d0e5749ea59837,eca954c21da074c545cb7858315ea39fee0a6f54b19e06474b4f2f91f1666847,490eeb15970ef077ee050323b551cd9c3c5534c257f1febddca9af74ed1cf0a4,6031dc4ee08b61c58b35b1efd7d764739d5c7c54dc7cbe9e9a72a1e4a7098596,e2212c40566e21c680a98186ebd8e984aa80d4fd,4d4ad03b827958468b1a231e360c7ad1aa68035c25af068059838ceae6dfa6d6,7a69fb21427492956ac16a4f0657ee843cdef3db07eff5a24421b9f9b4267e2c,main_SHARED_QUERY_123_selected,a033d1483c42c3a34229a4670ecefb6eaee35f3bbd13ee3cc8b179343d3df733,validation,P0,2016-11-25,1026,954.7322938858886,2fc375c4842c86a3072bf7a8ddd1892fac7bae2cb44972f96507d1829d93848f
new_p3_training,True,tuned,SHARED_QUERY,123,main,3cfd389bbd05ec9201a41c0892e29bf8199198d1b216b9a8061370d4240aa583,bd1488a2d411295d7a2118c50ddcc0b158786123613af1676062e2270d1637d1,9cb89005693b1b70c102178849b740fde00b50c9ba5f3b5530d0e5749ea59837,eca954c21da074c545cb7858315ea39fee0a6f54b19e06474b4f2f91f1666847,490eeb15970ef077ee050323b551cd9c3c5534c257f1febddca9af74ed1cf0a4,6031dc4ee08b61c58b35b1efd7d764739d5c7c54dc7cbe9e9a72a1e4a7098596,e2212c40566e21c680a98186ebd8e984aa80d4fd,4d4ad03b827958468b1a231e360c7ad1aa68035c25af068059838ceae6dfa6d6,7a69fb21427492956ac16a4f0657ee843cdef3db07eff5a24421b9f9b4267e2c,main_SHARED_QUERY_123_selected,a033d1483c42c3a34229a4670ecefb6eaee35f3bbd13ee3cc8b179343d3df733,validation,P0,2016-11-28,1026,928.543167684818,5fbc6428693ef9e459a8ce92bc8561407116dc3d7ba0addc7860a5da6af3724f
new_p3_training,True,tuned,SHARED_QUERY,123,main,3cfd389bbd05ec9201a41c0892e29bf8199198d1b216b9a8061370d4240aa583,bd1488a2d411295d7a2118c50ddcc0b158786123613af1676062e2270d1637d1,9cb89005693b1b70c102178849b740fde00b50c9ba5f3b5530d0e5749ea59837,eca954c21da074c545cb7858315ea39fee0a6f54b19e06474b4f2f91f1666847,490eeb15970ef077ee050323b551cd9c3c5534c257f1febddca9af74ed1cf0a4,6031dc4ee08b61c58b35b1efd7d764739d5c7c54dc7cbe9e9a72a1e4a7098596,e2212c40566e21c680a98186ebd8e984aa80d4fd,4d4ad03b827958468b1a231e360c7ad1aa68035c25af068059838ceae6dfa6d6,7a69fb21427492956ac16a4f0657ee843cdef3db07eff5a24421b9f9b4267e2c,main_SHARED_QUERY_123_selected,a033d1483c42c3a34229a4670ecefb6eaee35f3bbd13ee3cc8b179343d3df733,validation,P0,2016-11-29,1026,936.9626155497256,5bdd4cd3f4cab7b588b654e260dcf908517c98daa606fde9c4268f70779bcd29
new_p3_training,True,tuned,SHARED_QUERY,123,main,3cfd389bbd05ec9201a41c0892e29bf8199198d1b216b9a8061370d4240aa583,bd1488a2d411295d7a2118c50ddcc0b158786123613af1676062e2270d1637d1,9cb89005693b1b70c102178849b740fde00b50c9ba5f3b5530d0e5749ea59837,eca954c21da074c545cb7858315ea39fee0a6f54b19e06474b4f2f91f1666847,490eeb15970ef077ee050323b551cd9c3c5534c257f1febddca9af74ed1cf0a4,6031dc4ee08b61c58b35b1efd7d764739d5c7c54dc7cbe9e9a72a1e4a7098596,e2212c40566e21c680a98186ebd8e984aa80d4fd,4d4ad03b827958468b1a231e360c7ad1aa68035c25af068059838ceae6dfa6d6,7a69fb21427492956ac16a4f0657ee843cdef3db07eff5a24421b9f9b4267e2c,main_SHARED_QUERY_123_selected,a033d1483c42c3a34229a4670ecefb6eaee35f3bbd13ee3cc8b179343d3df733,validation,P0,2016-11-30,1026,937.5137068408824,39036a1176b79f6cedf3e04c4644cde7cc94e79f67318ccafc0efa73803240f2
new_p3_training,True,tuned,SHARED_QUERY,123,main,3cfd389bbd05ec9201a41c0892e29bf8199198d1b216b9a8061370d4240aa583,bd1488a2d411295d7a2118c50ddcc0b158786123613af1676062e2270d1637d1,9cb89005693b1b70c102178849b740fde00b50c9ba5f3b5530d0e5749ea59837,eca954c21da074c545cb7858315ea39fee0a6f54b19e06474b4f2f91f1666847,490eeb15970ef077ee050323b551cd9c3c5534c257f1febddca9af74ed1cf0a4,6031dc4ee08b61c58b35b1efd7d764739d5c7c54dc7cbe9e9a72a1e4a7098596,e2212c40566e21c680a98186ebd8e984aa80d4fd,4d4ad03b827958468b1a231e360c7ad1aa68035c25af068059838ceae6dfa6d6,7a69fb21427492956ac16a4f0657ee843cdef3db07eff5a24421b9f9b4267e2c,main_SHARED_QUERY_123_selected,a033d1483c42c3a34229a4670ecefb6eaee35f3bbd13ee3cc8b179343d3df733,validation,P0,2016-12-01,1026,962.8266670620651,7a7084da406639c46542a2358f6319986a90ba604411f8fd00d68cdeb4293e25
new_p3_training,True,tuned,SHARED_QUERY,123,main,3cfd389bbd05ec9201a41c0892e29bf8199198d1b216b9a8061370d4240aa583,bd1488a2d411295d7a2118c50ddcc0b158786123613af1676062e2270d1637d1,9cb89005693b1b70c102178849b740fde00b50c9ba5f3b5530d0e5749ea59837,eca954c21da074c545cb7858315ea39fee0a6f54b19e06474b4f2f91f1666847,490eeb15970ef077ee050323b551cd9c3c5534c257f1febddca9af74ed1cf0a4,6031dc4ee08b61c58b35b1efd7d764739d5c7c54dc7cbe9e9a72a1e4a7098596,e2212c40566e21c680a98186ebd8e984aa80d4fd,4d4ad03b827958468b1a231e360c7ad1aa68035c25af068059838ceae6dfa6d6,7a69fb21427492956ac16a4f0657ee843cdef3db07eff5a24421b9f9b4267e2c,main_SHARED_QUERY_123_selected,a033d1483c42c3a34229a4670ecefb6eaee35f3bbd13ee3cc8b179343d3df733,validation,P0,2016-12-02,1026,969.5049112592469,9c7144810fb0d32097795e61a0aa102be70506ce3462aadf4c1b8ca57bd41a66
new_p3_training,True,tuned,SHARED_QUERY,123,main,3cfd389bbd05ec9201a41c0892e29bf8199198d1b216b9a8061370d4240aa583,bd1488a2d411295d7a2118c50ddcc0b158786123613af1676062e2270d1637d1,9cb89005693b1b70c102178849b740fde00b50c9ba5f3b5530d0e5749ea59837,eca954c21da074c545cb7858315ea39fee0a6f54b19e06474b4f2f91f1666847,490eeb15970ef077ee050323b551cd9c3c5534c257f1febddca9af74ed1cf0a4,6031dc4ee08b61c58b35b1efd7d764739d5c7c54dc7cbe9e9a72a1e4a7098596,e2212c40566e21c680a98186ebd8e984aa80d4fd,4d4ad03b827958468b1a231e360c7ad1aa68035c25af068059838ceae6dfa6d6,7a69fb21427492956ac16a4f0657ee843cdef3db07eff5a24421b9f9b4267e2c,main_SHARED_QUERY_123_selected,a033d1483c42c3a34229a4670ecefb6eaee35f3bbd13ee3cc8b179343d3df733,validation,P0,2016-12-05,1026,907.7024759074832,3c345965682593ca6f90f582c29776c5ce3a24b68557cf5bccc12d9efedcf4bc
new_p3_training,True,tuned,SHARED_QUERY,123,main,3cfd389bbd05ec9201a41c0892e29bf8199198d1b216b9a8061370d4240aa583,bd1488a2d411295d7a2118c50ddcc0b158786123613af1676062e2270d1637d1,9cb89005693b1b70c102178849b740fde00b50c9ba5f3b5530d0e5749ea59837,eca954c21da074c545cb7858315ea39fee0a6f54b19e06474b4f2f91f1666847,490eeb15970ef077ee050323b551cd9c3c5534c257f1febddca9af74ed1cf0a4,6031dc4ee08b61c58b35b1efd7d764739d5c7c54dc7cbe9e9a72a1e4a7098596,e2212c40566e21c680a98186ebd8e984aa80d4fd,4d4ad03b827958468b1a231e360c7ad1aa68035c25af068059838ceae6dfa6d6,7a69fb21427492956ac16a4f0657ee843cdef3db07eff5a24421b9f9b4267e2c,main_SHARED_QUERY_123_selected,a033d1483c42c3a34229a4670ecefb6eaee35f3bbd13ee3cc8b179343d3df733,validation,P0,2016-12-06,1026,947.2985582720179,5c3fce8f356409f54769bc294a7e073ab46f3776e607aa88d9ae63c72570c20b
new_p3_training,True,tuned,SHARED_QUERY,123,main,3cfd389bbd05ec9201a41c0892e29bf8199198d1b216b9a8061370d4240aa583,bd1488a2d411295d7a2118c50ddcc0b158786123613af1676062e2270d1637d1,9cb89005693b1b70c102178849b740fde00b50c9ba5f3b5530d0e5749ea59837,eca954c21da074c545cb7858315ea39fee0a6f54b19e06474b4f2f91f1666847,490eeb15970ef077ee050323b551cd9c3c5534c257f1febddca9af74ed1cf0a4,6031dc4ee08b61c58b35b1efd7d764739d5c7c54dc7cbe9e9a72a1e4a7098596,e2212c40566e21c680a98186ebd8e984aa80d4fd,4d4ad03b827958468b1a231e360c7ad1aa68035c25af068059838ceae6dfa6d6,7a69fb21427492956ac16a4f0657ee843cdef3db07eff5a24421b9f9b4267e2c,main_SHARED_QUERY_123_selected,a033d1483c42c3a34229a4670ecefb6eaee35f3bbd13ee3cc8b179343d3df733,validation,P0,2016-12-07,1026,956.6389150020331,6278bc6829ede40a1ac528d2b34ab2c8f7589298ac104b249f3f2f0b8166dae7
new_p3_training,True,tuned,SHARED_QUERY,123,main,3cfd389bbd05ec9201a41c0892e29bf8199198d1b216b9a8061370d4240aa583,bd1488a2d411295d7a2118c50ddcc0b158786123613af1676062e2270d1637d1,9cb89005693b1b70c102178849b740fde00b50c9ba5f3b5530d0e5749ea59837,eca954c21da074c545cb7858315ea39fee0a6f54b19e06474b4f2f91f1666847,490eeb15970ef077ee050323b551cd9c3c5534c257f1febddca9af74ed1cf0a4,6031dc4ee08b61c58b35b1efd7d764739d5c7c54dc7cbe9e9a72a1e4a7098596,e2212c40566e21c680a98186ebd8e984aa80d4fd,4d4ad03b827958468b1a231e360c7ad1aa68035c25af068059838ceae6dfa6d6,7a69fb21427492956ac16a4f0657ee843cdef3db07eff5a24421b9f9b4267e2c,main_SHARED_QUERY_123_selected,a033d1483c42c3a34229a4670ecefb6eaee35f3bbd13ee3cc8b179343d3df733,validation,P0,2016-12-08,1026,983.0578634975211,88ecc4db73cad5fc702414d8c05558c11bb84e22f27ed42e94c4836a7f848221
new_p3_training,True,tuned,SHARED_QUERY,123,main,3cfd389bbd05ec9201a41c0892e29bf8199198d1b216b9a8061370d4240aa583,bd1488a2d411295d7a2118c50ddcc0b158786123613af1676062e2270d1637d1,9cb89005693b1b70c102178849b740fde00b50c9ba5f3b5530d0e5749ea59837,eca954c21da074c545cb7858315ea39fee0a6f54b19e06474b4f2f91f1666847,490eeb15970ef077ee050323b551cd9c3c5534c257f1febddca9af74ed1cf0a4,6031dc4ee08b61c58b35b1efd7d764739d5c7c54dc7cbe9e9a72a1e4a7098596,e2212c40566e21c680a98186ebd8e984aa80d4fd,4d4ad03b827958468b1a231e360c7ad1aa68035c25af068059838ceae6dfa6d6,7a69fb21427492956ac16a4f0657ee843cdef3db07eff5a24421b9f9b4267e2c,main_SHARED_QUERY_123_selected,a033d1483c42c3a34229a4670ecefb6eaee35f3bbd13ee3cc8b179343d3df733,validation,P0,2016-12-09,1026,954.7872331644492,8ad4b2c2f94aca34f81d72c06d847f969254a204a241594f8b0bccca9cb97904
new_p3_training,True,tuned,SHARED_QUERY,123,main,3cfd389bbd05ec9201a41c0892e29bf8199198d1b216b9a8061370d4240aa583,bd1488a2d411295d7a2118c50ddcc0b158786123613af1676062e2270d1637d1,9cb89005693b1b70c102178849b740fde00b50c9ba5f3b5530d0e5749ea59837,eca954c21da074c545cb7858315ea39fee0a6f54b19e06474b4f2f91f1666847,490eeb15970ef077ee050323b551cd9c3c5534c257f1febddca9af74ed1cf0a4,6031dc4ee08b61c58b35b1efd7d764739d5c7c54dc7cbe9e9a72a1e4a7098596,e2212c40566e21c680a98186ebd8e984aa80d4fd,4d4ad03b827958468b1a231e360c7ad1aa68035c25af068059838ceae6dfa6d6,7a69fb21427492956ac16a4f0657ee843cdef3db07eff5a24421b9f9b4267e2c,main_SHARED_QUERY_123_selected,a033d1483c42c3a34229a4670ecefb6eaee35f3bbd13ee3cc8b179343d3df733,validation,P0,2016-12-12,1026,904.6494641842987,9e20fb0dfa0870e74c339e00d1829c4186f67e559296ceeff45dd0e44c22ac79
new_p3_training,True,tuned,SHARED_QUERY,123,main,3cfd389bbd05ec9201a41c0892e29bf8199198d1b216b9a8061370d4240aa583,bd1488a2d411295d7a2118c50ddcc0b158786123613af1676062e2270d1637d1,9cb89005693b1b70c102178849b740fde00b50c9ba5f3b5530d0e5749ea59837,eca954c21da074c545cb7858315ea39fee0a6f54b19e06474b4f2f91f1666847,490eeb15970ef077ee050323b551cd9c3c5534c257f1febddca9af74ed1cf0a4,6031dc4ee08b61c58b35b1efd7d764739d5c7c54dc7cbe9e9a72a1e4a7098596,e2212c40566e21c680a98186ebd8e984aa80d4fd,4d4ad03b827958468b1a231e360c7ad1aa68035c25af068059838ceae6dfa6d6,7a69fb21427492956ac16a4f0657ee843cdef3db07eff5a24421b9f9b4267e2c,main_SHARED_QUERY_123_selected,a033d1483c42c3a34229a4670ecefb6eaee35f3bbd13ee3cc8b179343d3df733,validation,P0,2016-12-13,1026,927.6721209065324,05173e5c19a72d17c6535ff22ede21075901bc935760460772579435c880d6e4
new_p3_training,True,tuned,SHARED_QUERY,123,main,3cfd389bbd05ec9201a41c0892e29bf8199198d1b216b9a8061370d4240aa583,bd1488a2d411295d7a2118c50ddcc0b158786123613af1676062e2270d1637d1,9cb89005693b1b70c102178849b740fde00b50c9ba5f3b5530d0e5749ea59837,eca954c21da074c545cb7858315ea39fee0a6f54b19e06474b4f2f91f1666847,490eeb15970ef077ee050323b551cd9c3c5534c257f1febddca9af74ed1cf0a4,6031dc4ee08b61c58b35b1efd7d764739d5c7c54dc7cbe9e9a72a1e4a7098596,e2212c40566e21c680a98186ebd8e984aa80d4fd,4d4ad03b827958468b1a231e360c7ad1aa68035c25af068059838ceae6dfa6d6,7a69fb21427492956ac16a4f0657ee843cdef3db07eff5a24421b9f9b4267e2c,main_SHARED_QUERY_123_selected,a033d1483c42c3a34229a4670ecefb6eaee35f3bbd13ee3cc8b179343d3df733,validation,P0,2016-12-14,1026,935.0295964806246,92bb904055a9ef04b0489d8aeca1498d8ec0fbbfac78a6a6d8a88f104eeb6229
new_p3_training,True,tuned,SHARED_QUERY,123,main,3cfd389bbd05ec9201a41c0892e29bf8199198d1b216b9a8061370d4240aa583,bd1488a2d411295d7a2118c50ddcc0b158786123613af1676062e2270d1637d1,9cb89005693b1b70c102178849b740fde00b50c9ba5f3b5530d0e5749ea59837,eca954c21da074c545cb7858315ea39fee0a6f54b19e06474b4f2f91f1666847,490eeb15970ef077ee050323b551cd9c3c5534c257f1febddca9af74ed1cf0a4,6031dc4ee08b61c58b35b1efd7d764739d5c7c54dc7cbe9e9a72a1e4a7098596,e2212c40566e21c680a98186ebd8e984aa80d4fd,4d4ad03b827958468b1a231e360c7ad1aa68035c25af068059838ceae6dfa6d6,7a69fb21427492956ac16a4f0657ee843cdef3db07eff5a24421b9f9b4267e2c,main_SHARED_QUERY_123_selected,a033d1483c42c3a34229a4670ecefb6eaee35f3bbd13ee3cc8b179343d3df733,validation,P0,2016-12-15,1026,949.0426868407332,f5036c964f66db78c7cb4f069372b5d379b9f9c18e939dee3c5af1675d2aeaed
new_p3_training,True,tuned,SHARED_QUERY,123,main,3cfd389bbd05ec9201a41c0892e29bf8199198d1b216b9a8061370d4240aa583,bd1488a2d411295d7a2118c50ddcc0b158786123613af1676062e2270d1637d1,9cb89005693b1b70c102178849b740fde00b50c9ba5f3b5530d0e5749ea59837,eca954c21da074c545cb7858315ea39fee0a6f54b19e06474b4f2f91f1666847,490eeb15970ef077ee050323b551cd9c3c5534c257f1febddca9af74ed1cf0a4,6031dc4ee08b61c58b35b1efd7d764739d5c7c54dc7cbe9e9a72a1e4a7098596,e2212c40566e21c680a98186ebd8e984aa80d4fd,4d4ad03b827958468b1a231e360c7ad1aa68035c25af068059838ceae6dfa6d6,7a69fb21427492956ac16a4f0657ee843cdef3db07eff5a24421b9f9b4267e2c,main_SHARED_QUERY_123_selected,a033d1483c42c3a34229a4670ecefb6eaee35f3bbd13ee3cc8b179343d3df733,validation,P0,2016-12-16,1026,908.5799654180623,bdb7a66c8e2366465bd55739933a2f40633c0de0cf332f1690d03652b1ea1c6d
new_p3_training,True,tuned,SHARED_QUERY,123,main,3cfd389bbd05ec9201a41c0892e29bf8199198d1b216b9a8061370d4240aa583,bd1488a2d411295d7a2118c50ddcc0b158786123613af1676062e2270d1637d1,9cb89005693b1b70c102178849b740fde00b50c9ba5f3b5530d0e5749ea59837,eca954c21da074c545cb7858315ea39fee0a6f54b19e06474b4f2f91f1666847,490eeb15970ef077ee050323b551cd9c3c5534c257f1febddca9af74ed1cf0a4,6031dc4ee08b61c58b35b1efd7d764739d5c7c54dc7cbe9e9a72a1e4a7098596,e2212c40566e21c680a98186ebd8e984aa80d4fd,4d4ad03b827958468b1a231e360c7ad1aa68035c25af068059838ceae6dfa6d6,7a69fb21427492956ac16a4f0657ee843cdef3db07eff5a24421b9f9b4267e2c,main_SHARED_QUERY_123_selected,a033d1483c42c3a34229a4670ecefb6eaee35f3bbd13ee3cc8b179343d3df733,validation,P0,2016-12-19,1026,913.8044442688247,992a1cbaa4e9817cb8635275a0f14fe3eb82ca6de7c4219756909dcc31973d72
new_p3_training,True,tuned,SHARED_QUERY,123,main,3cfd389bbd05ec9201a41c0892e29bf8199198d1b216b9a8061370d4240aa583,bd1488a2d411295d7a2118c50ddcc0b158786123613af1676062e2270d1637d1,9cb89005693b1b70c102178849b740fde00b50c9ba5f3b5530d0e5749ea59837,eca954c21da074c545cb7858315ea39fee0a6f54b19e06474b4f2f91f1666847,490eeb15970ef077ee050323b551cd9c3c5534c257f1febddca9af74ed1cf0a4,6031dc4ee08b61c58b35b1efd7d764739d5c7c54dc7cbe9e9a72a1e4a7098596,e2212c40566e21c680a98186ebd8e984aa80d4fd,4d4ad03b827958468b1a231e360c7ad1aa68035c25af068059838ceae6dfa6d6,7a69fb21427492956ac16a4f0657ee843cdef3db07eff5a24421b9f9b4267e2c,main_SHARED_QUERY_123_selected,a033d1483c42c3a34229a4670ecefb6eaee35f3bbd13ee3cc8b179343d3df733,validation,P0,2016-12-20,1026,899.6338694302517,67cee2f28c1f3557cf030c3edde496f899ded4e03be592910546d6d7bbf131db
new_p3_training,True,tuned,SHARED_QUERY,123,main,3cfd389bbd05ec9201a41c0892e29bf8199198d1b216b9a8061370d4240aa583,bd1488a2d411295d7a2118c50ddcc0b158786123613af1676062e2270d1637d1,9cb89005693b1b70c102178849b740fde00b50c9ba5f3b5530d0e5749ea59837,eca954c21da074c545cb7858315ea39fee0a6f54b19e06474b4f2f91f1666847,490eeb15970ef077ee050323b551cd9c3c5534c257f1febddca9af74ed1cf0a4,6031dc4ee08b61c58b35b1efd7d764739d5c7c54dc7cbe9e9a72a1e4a7098596,e2212c40566e21c680a98186ebd8e984aa80d4fd,4d4ad03b827958468b1a231e360c7ad1aa68035c25af068059838ceae6dfa6d6,7a69fb21427492956ac16a4f0657ee843cdef3db07eff5a24421b9f9b4267e2c,main_SHARED_QUERY_123_selected,a033d1483c42c3a34229a4670ecefb6eaee35f3bbd13ee3cc8b179343d3df733,validation,P0,2016-12-21,1026,928.3503596440786,1b969e437d835a0c015cafc14ff42a83de933e3f899030be61ef480a3c971b80
new_p3_training,True,tuned,SHARED_QUERY,123,main,3cfd389bbd05ec9201a41c0892e29bf8199198d1b216b9a8061370d4240aa583,bd1488a2d411295d7a2118c50ddcc0b158786123613af1676062e2270d1637d1,9cb89005693b1b70c102178849b740fde00b50c9ba5f3b5530d0e5749ea59837,eca954c21da074c545cb7858315ea39fee0a6f54b19e06474b4f2f91f1666847,490eeb15970ef077ee050323b551cd9c3c5534c257f1febddca9af74ed1cf0a4,6031dc4ee08b61c58b35b1efd7d764739d5c7c54dc7cbe9e9a72a1e4a7098596,e2212c40566e21c680a98186ebd8e984aa80d4fd,4d4ad03b827958468b1a231e360c7ad1aa68035c25af068059838ceae6dfa6d6,7a69fb21427492956ac16a4f0657ee843cdef3db07eff5a24421b9f9b4267e2c,main_SHARED_QUERY_123_selected,a033d1483c42c3a34229a4670ecefb6eaee35f3bbd13ee3cc8b179343d3df733,validation,P0,2016-12-22,1026,929.2101286492843,0ff4496169b193d2d0fb579c6667a83d4787ec594d58db6a176fd1bf53b442d5
new_p3_training,True,tuned,SHARED_QUERY,123,main,3cfd389bbd05ec9201a41c0892e29bf8199198d1b216b9a8061370d4240aa583,bd1488a2d411295d7a2118c50ddcc0b158786123613af1676062e2270d1637d1,9cb89005693b1b70c102178849b740fde00b50c9ba5f3b5530d0e5749ea59837,eca954c21da074c545cb7858315ea39fee0a6f54b19e06474b4f2f91f1666847,490eeb15970ef077ee050323b551cd9c3c5534c257f1febddca9af74ed1cf0a4,6031dc4ee08b61c58b35b1efd7d764739d5c7c54dc7cbe9e9a72a1e4a7098596,e2212c40566e21c680a98186ebd8e984aa80d4fd,4d4ad03b827958468b1a231e360c7ad1aa68035c25af068059838ceae6dfa6d6,7a69fb21427492956ac16a4f0657ee843cdef3db07eff5a24421b9f9b4267e2c,main_SHARED_QUERY_123_selected,a033d1483c42c3a34229a4670ecefb6eaee35f3bbd13ee3cc8b179343d3df733,validation,P0,2016-12-23,1026,850.3363988847844,d5f23999f159c7db326a5f394f852f29e0d86a34a7c3737e9cb6d202ada95334
new_p3_training,True,tuned,SHARED_QUERY,123,main,3cfd389bbd05ec9201a41c0892e29bf8199198d1b216b9a8061370d4240aa583,bd1488a2d411295d7a2118c50ddcc0b158786123613af1676062e2270d1637d1,9cb89005693b1b70c102178849b740fde00b50c9ba5f3b5530d0e5749ea59837,eca954c21da074c545cb7858315ea39fee0a6f54b19e06474b4f2f91f1666847,490eeb15970ef077ee050323b551cd9c3c5534c257f1febddca9af74ed1cf0a4,6031dc4ee08b61c58b35b1efd7d764739d5c7c54dc7cbe9e9a72a1e4a7098596,e2212c40566e21c680a98186ebd8e984aa80d4fd,4d4ad03b827958468b1a231e360c7ad1aa68035c25af068059838ceae6dfa6d6,7a69fb21427492956ac16a4f0657ee843cdef3db07eff5a24421b9f9b4267e2c,main_SHARED_QUERY_123_selected,a033d1483c42c3a34229a4670ecefb6eaee35f3bbd13ee3cc8b179343d3df733,validation,P0,2016-12-26,1026,892.9572455536563,0b51a1571077ecbcf34d6d97224a1d05b4e51a5a57712ae4bffa408989d83303
new_p3_training,True,tuned,SHARED_QUERY,123,main,3cfd389bbd05ec9201a41c0892e29bf8199198d1b216b9a8061370d4240aa583,bd1488a2d411295d7a2118c50ddcc0b158786123613af1676062e2270d1637d1,9cb89005693b1b70c102178849b740fde00b50c9ba5f3b5530d0e5749ea59837,eca954c21da074c545cb7858315ea39fee0a6f54b19e06474b4f2f91f1666847,490eeb15970ef077ee050323b551cd9c3c5534c257f1febddca9af74ed1cf0a4,6031dc4ee08b61c58b35b1efd7d764739d5c7c54dc7cbe9e9a72a1e4a7098596,e2212c40566e21c680a98186ebd8e984aa80d4fd,4d4ad03b827958468b1a231e360c7ad1aa68035c25af068059838ceae6dfa6d6,7a69fb21427492956ac16a4f0657ee843cdef3db07eff5a24421b9f9b4267e2c,main_SHARED_QUERY_123_selected,a033d1483c42c3a34229a4670ecefb6eaee35f3bbd13ee3cc8b179343d3df733,validation,P0,2016-12-27,1026,882.5740167879547,fce9fb83c79b030f3779a8cf5db6dc71f7c5002558f7d0eafcaabe52b4377c13
new_p3_training,True,tuned,SHARED_QUERY,123,main,3cfd389bbd05ec9201a41c0892e29bf8199198d1b216b9a8061370d4240aa583,bd1488a2d411295d7a2118c50ddcc0b158786123613af1676062e2270d1637d1,9cb89005693b1b70c102178849b740fde00b50c9ba5f3b5530d0e5749ea59837,eca954c21da074c545cb7858315ea39fee0a6f54b19e06474b4f2f91f1666847,490eeb15970ef077ee050323b551cd9c3c5534c257f1febddca9af74ed1cf0a4,6031dc4ee08b61c58b35b1efd7d764739d5c7c54dc7cbe9e9a72a1e4a7098596,e2212c40566e21c680a98186ebd8e984aa80d4fd,4d4ad03b827958468b1a231e360c7ad1aa68035c25af068059838ceae6dfa6d6,7a69fb21427492956ac16a4f0657ee843cdef3db07eff5a24421b9f9b4267e2c,main_SHARED_QUERY_123_selected,a033d1483c42c3a34229a4670ecefb6eaee35f3bbd13ee3cc8b179343d3df733,validation,P0,2016-12-28,1026,891.457121343258,e4006aeed80ac3a310129588120eb6ffa099b3d84850f4ce38d86e663ead5371
new_p3_training,True,tuned,SHARED_QUERY,123,main,3cfd389bbd05ec9201a41c0892e29bf8199198d1b216b9a8061370d4240aa583,bd1488a2d411295d7a2118c50ddcc0b158786123613af1676062e2270d1637d1,9cb89005693b1b70c102178849b740fde00b50c9ba5f3b5530d0e5749ea59837,eca954c21da074c545cb7858315ea39fee0a6f54b19e06474b4f2f91f1666847,490eeb15970ef077ee050323b551cd9c3c5534c257f1febddca9af74ed1cf0a4,6031dc4ee08b61c58b35b1efd7d764739d5c7c54dc7cbe9e9a72a1e4a7098596,e2212c40566e21c680a98186ebd8e984aa80d4fd,4d4ad03b827958468b1a231e360c7ad1aa68035c25af068059838ceae6dfa6d6,7a69fb21427492956ac16a4f0657ee843cdef3db07eff5a24421b9f9b4267e2c,main_SHARED_QUERY_123_selected,a033d1483c42c3a34229a4670ecefb6eaee35f3bbd13ee3cc8b179343d3df733,validation,P0,2016-12-29,1026,921.2495108406982,fb0dc922923d17ab35ff33ce95697502ca589e51aed66612e234a0f01017625f
new_p3_training,True,tuned,SHARED_QUERY,123,main,3cfd389bbd05ec9201a41c0892e29bf8199198d1b216b9a8061370d4240aa583,bd1488a2d411295d7a2118c50ddcc0b158786123613af1676062e2270d1637d1,9cb89005693b1b70c102178849b740fde00b50c9ba5f3b5530d0e5749ea59837,eca954c21da074c545cb7858315ea39fee0a6f54b19e06474b4f2f91f1666847,490eeb15970ef077ee050323b551cd9c3c5534c257f1febddca9af74ed1cf0a4,6031dc4ee08b61c58b35b1efd7d764739d5c7c54dc7cbe9e9a72a1e4a7098596,e2212c40566e21c680a98186ebd8e984aa80d4fd,4d4ad03b827958468b1a231e360c7ad1aa68035c25af068059838ceae6dfa6d6,7a69fb21427492956ac16a4f0657ee843cdef3db07eff5a24421b9f9b4267e2c,main_SHARED_QUERY_123_selected,a033d1483c42c3a34229a4670ecefb6eaee35f3bbd13ee3cc8b179343d3df733,validation,P0,2017-01-02,1026,988.6282711196692,a77c1b341aa8cc00c2744296fd294159b85d4ed86d48cb9eb5fc8fb90b9f782a
new_p3_training,True,tuned,SHARED_QUERY,123,main,3cfd389bbd05ec9201a41c0892e29bf8199198d1b216b9a8061370d4240aa583,bd1488a2d411295d7a2118c50ddcc0b158786123613af1676062e2270d1637d1,9cb89005693b1b70c102178849b740fde00b50c9ba5f3b5530d0e5749ea59837,eca954c21da074c545cb7858315ea39fee0a6f54b19e06474b4f2f91f1666847,490eeb15970ef077ee050323b551cd9c3c5534c257f1febddca9af74ed1cf0a4,6031dc4ee08b61c58b35b1efd7d764739d5c7c54dc7cbe9e9a72a1e4a7098596,e2212c40566e21c680a98186ebd8e984aa80d4fd,4d4ad03b827958468b1a231e360c7ad1aa68035c25af068059838ceae6dfa6d6,7a69fb21427492956ac16a4f0657ee843cdef3db07eff5a24421b9f9b4267e2c,main_SHARED_QUERY_123_selected,a033d1483c42c3a34229a4670ecefb6eaee35f3bbd13ee3cc8b179343d3df733,validation,P0,2017-01-03,1026,917.2494166338363,0bafc85e6c77f43a7d861c283517fd7087711b32383e1db59ee7baaceef1db66
new_p3_training,True,tuned,SHARED_QUERY,123,main,3cfd389bbd05ec9201a41c0892e29bf8199198d1b216b9a8061370d4240aa583,bd1488a2d411295d7a2118c50ddcc0b158786123613af1676062e2270d1637d1,9cb89005693b1b70c102178849b740fde00b50c9ba5f3b5530d0e5749ea59837,eca954c21da074c545cb7858315ea39fee0a6f54b19e06474b4f2f91f1666847,490eeb15970ef077ee050323b551cd9c3c5534c257f1febddca9af74ed1cf0a4,6031dc4ee08b61c58b35b1efd7d764739d5c7c54dc7cbe9e9a72a1e4a7098596,e2212c40566e21c680a98186ebd8e984aa80d4fd,4d4ad03b827958468b1a231e360c7ad1aa68035c25af068059838ceae6dfa6d6,7a69fb21427492956ac16a4f0657ee843cdef3db07eff5a24421b9f9b4267e2c,main_SHARED_QUERY_123_selected,a033d1483c42c3a34229a4670ecefb6eaee35f3bbd13ee3cc8b179343d3df733,validation,P0,2017-01-04,1026,916.8105741029459,6f58696af23b100e48f8ade6a9c037c2d3f3142301f940c6a72eb2b17b8de298
new_p3_training,True,tuned,SHARED_QUERY,123,main,3cfd389bbd05ec9201a41c0892e29bf8199198d1b216b9a8061370d4240aa583,bd1488a2d411295d7a2118c50ddcc0b158786123613af1676062e2270d1637d1,9cb89005693b1b70c102178849b740fde00b50c9ba5f3b5530d0e5749ea59837,eca954c21da074c545cb7858315ea39fee0a6f54b19e06474b4f2f91f1666847,490eeb15970ef077ee050323b551cd9c3c5534c257f1febddca9af74ed1cf0a4,6031dc4ee08b61c58b35b1efd7d764739d5c7c54dc7cbe9e9a72a1e4a7098596,e2212c40566e21c680a98186ebd8e984aa80d4fd,4d4ad03b827958468b1a231e360c7ad1aa68035c25af068059838ceae6dfa6d6,7a69fb21427492956ac16a4f0657ee843cdef3db07eff5a24421b9f9b4267e2c,main_SHARED_QUERY_123_selected,a033d1483c42c3a34229a4670ecefb6eaee35f3bbd13ee3cc8b179343d3df733,validation,P0,2017-01-05,1026,923.7550091034852,e10ea6831518d0a692934017de453caf4b06e768eeb4d5bcabc648c70e919b0c
new_p3_training,True,tuned,SHARED_QUERY,123,main,3cfd389bbd05ec9201a41c0892e29bf8199198d1b216b9a8061370d4240aa583,bd1488a2d411295d7a2118c50ddcc0b158786123613af1676062e2270d1637d1,9cb89005693b1b70c102178849b740fde00b50c9ba5f3b5530d0e5749ea59837,eca954c21da074c545cb7858315ea39fee0a6f54b19e06474b4f2f91f1666847,490eeb15970ef077ee050323b551cd9c3c5534c257f1febddca9af74ed1cf0a4,6031dc4ee08b61c58b35b1efd7d764739d5c7c54dc7cbe9e9a72a1e4a7098596,e2212c40566e21c680a98186ebd8e984aa80d4fd,4d4ad03b827958468b1a231e360c7ad1aa68035c25af068059838ceae6dfa6d6,7a69fb21427492956ac16a4f0657ee843cdef3db07eff5a24421b9f9b4267e2c,main_SHARED_QUERY_123_selected,a033d1483c42c3a34229a4670ecefb6eaee35f3bbd13ee3cc8b179343d3df733,validation,P0,2017-01-06,1026,861.9561255355279,d7b3c062b02cb1a77c85badf4907e604e78ad67281a76669691695b2e83f27cc
new_p3_training,True,tuned,SHARED_QUERY,123,main,3cfd389bbd05ec9201a41c0892e29bf8199198d1b216b9a8061370d4240aa583,bd1488a2d411295d7a2118c50ddcc0b158786123613af1676062e2270d1637d1,9cb89005693b1b70c102178849b740fde00b50c9ba5f3b5530d0e5749ea59837,eca954c21da074c545cb7858315ea39fee0a6f54b19e06474b4f2f91f1666847,490eeb15970ef077ee050323b551cd9c3c5534c257f1febddca9af74ed1cf0a4,6031dc4ee08b61c58b35b1efd7d764739d5c7c54dc7cbe9e9a72a1e4a7098596,e2212c40566e21c680a98186ebd8e984aa80d4fd,4d4ad03b827958468b1a231e360c7ad1aa68035c25af068059838ceae6dfa6d6,7a69fb21427492956ac16a4f0657ee843cdef3db07eff5a24421b9f9b4267e2c,main_SHARED_QUERY_123_selected,a033d1483c42c3a34229a4670ecefb6eaee35f3bbd13ee3cc8b179343d3df733,validation,P0,2017-01-09,1026,886.5877141377872,6d1319c0a1bb8cb2148017aed76fcfeb629a14a3378f0bf9340bfa5cc552bbe6
new_p3_training,True,tuned,SHARED_QUERY,123,main,3cfd389bbd05ec9201a41c0892e29bf8199198d1b216b9a8061370d4240aa583,bd1488a2d411295d7a2118c50ddcc0b158786123613af1676062e2270d1637d1,9cb89005693b1b70c102178849b740fde00b50c9ba5f3b5530d0e5749ea59837,eca954c21da074c545cb7858315ea39fee0a6f54b19e06474b4f2f91f1666847,490eeb15970ef077ee050323b551cd9c3c5534c257f1febddca9af74ed1cf0a4,6031dc4ee08b61c58b35b1efd7d764739d5c7c54dc7cbe9e9a72a1e4a7098596,e2212c40566e21c680a98186ebd8e984aa80d4fd,4d4ad03b827958468b1a231e360c7ad1aa68035c25af068059838ceae6dfa6d6,7a69fb21427492956ac16a4f0657ee843cdef3db07eff5a24421b9f9b4267e2c,main_SHARED_QUERY_123_selected,a033d1483c42c3a34229a4670ecefb6eaee35f3bbd13ee3cc8b179343d3df733,validation,P0,2017-01-10,1026,894.5583834403917,38c981f6b96d850fbb0172b208b8f4166a48933dbeac0f970e4bce048cbea12b
new_p3_training,True,tuned,SHARED_QUERY,123,main,3cfd389bbd05ec9201a41c0892e29bf8199198d1b216b9a8061370d4240aa583,bd1488a2d411295d7a2118c50ddcc0b158786123613af1676062e2270d1637d1,9cb89005693b1b70c102178849b740fde00b50c9ba5f3b5530d0e5749ea59837,eca954c21da074c545cb7858315ea39fee0a6f54b19e06474b4f2f91f1666847,490eeb15970ef077ee050323b551cd9c3c5534c257f1febddca9af74ed1cf0a4,6031dc4ee08b61c58b35b1efd7d764739d5c7c54dc7cbe9e9a72a1e4a7098596,e2212c40566e21c680a98186ebd8e984aa80d4fd,4d4ad03b827958468b1a231e360c7ad1aa68035c25af068059838ceae6dfa6d6,7a69fb21427492956ac16a4f0657ee843cdef3db07eff5a24421b9f9b4267e2c,main_SHARED_QUERY_123_selected,a033d1483c42c3a34229a4670ecefb6eaee35f3bbd13ee3cc8b179343d3df733,validation,P0,2017-01-11,1026,961.2203234826293,28b32f28a192ce24b48cfaabfe1aee360b501d94bdf3715cfee70eedb609d1d8
new_p3_training,True,tuned,SHARED_QUERY,123,main,3cfd389bbd05ec9201a41c0892e29bf8199198d1b216b9a8061370d4240aa583,bd1488a2d411295d7a2118c50ddcc0b158786123613af1676062e2270d1637d1,9cb89005693b1b70c102178849b740fde00b50c9ba5f3b5530d0e5749ea59837,eca954c21da074c545cb7858315ea39fee0a6f54b19e06474b4f2f91f1666847,490eeb15970ef077ee050323b551cd9c3c5534c257f1febddca9af74ed1cf0a4,6031dc4ee08b61c58b35b1efd7d764739d5c7c54dc7cbe9e9a72a1e4a7098596,e2212c40566e21c680a98186ebd8e984aa80d4fd,4d4ad03b827958468b1a231e360c7ad1aa68035c25af068059838ceae6dfa6d6,7a69fb21427492956ac16a4f0657ee843cdef3db07eff5a24421b9f9b4267e2c,main_SHARED_QUERY_123_selected,a033d1483c42c3a34229a4670ecefb6eaee35f3bbd13ee3cc8b179343d3df733,validation,P0,2017-01-12,1026,925.7642114717544,9f8848833c9b72499e1126f6ab5f8a83a3002b43c60a9339c70dec6ef8a941b4
new_p3_training,True,tuned,SHARED_QUERY,123,main,3cfd389bbd05ec9201a41c0892e29bf8199198d1b216b9a8061370d4240aa583,bd1488a2d411295d7a2118c50ddcc0b158786123613af1676062e2270d1637d1,9cb89005693b1b70c102178849b740fde00b50c9ba5f3b5530d0e5749ea59837,eca954c21da074c545cb7858315ea39fee0a6f54b19e06474b4f2f91f1666847,490eeb15970ef077ee050323b551cd9c3c5534c257f1febddca9af74ed1cf0a4,6031dc4ee08b61c58b35b1efd7d764739d5c7c54dc7cbe9e9a72a1e4a7098596,e2212c40566e21c680a98186ebd8e984aa80d4fd,4d4ad03b827958468b1a231e360c7ad1aa68035c25af068059838ceae6dfa6d6,7a69fb21427492956ac16a4f0657ee843cdef3db07eff5a24421b9f9b4267e2c,main_SHARED_QUERY_123_selected,a033d1483c42c3a34229a4670ecefb6eaee35f3bbd13ee3cc8b179343d3df733,validation,P0,2017-01-13,1026,914.3721549866088,5ffc4144c922ac2bcc97c65219a14330bd2ba160bf297257e29d23155c3dd183
new_p3_training,True,tuned,SHARED_QUERY,123,main,3cfd389bbd05ec9201a41c0892e29bf8199198d1b216b9a8061370d4240aa583,bd1488a2d411295d7a2118c50ddcc0b158786123613af1676062e2270d1637d1,9cb89005693b1b70c102178849b740fde00b50c9ba5f3b5530d0e5749ea59837,eca954c21da074c545cb7858315ea39fee0a6f54b19e06474b4f2f91f1666847,490eeb15970ef077ee050323b551cd9c3c5534c257f1febddca9af74ed1cf0a4,6031dc4ee08b61c58b35b1efd7d764739d5c7c54dc7cbe9e9a72a1e4a7098596,e2212c40566e21c680a98186ebd8e984aa80d4fd,4d4ad03b827958468b1a231e360c7ad1aa68035c25af068059838ceae6dfa6d6,7a69fb21427492956ac16a4f0657ee843cdef3db07eff5a24421b9f9b4267e2c,main_SHARED_QUERY_123_selected,a033d1483c42c3a34229a4670ecefb6eaee35f3bbd13ee3cc8b179343d3df733,validation,P0,2017-01-16,1026,934.365799958131,e0c063f43bda4efaa1e6a19ed21a9b6e9d87573713fcf3f7ac091c42d2ba0dae
new_p3_training,True,tuned,SHARED_QUERY,123,main,3cfd389bbd05ec9201a41c0892e29bf8199198d1b216b9a8061370d4240aa583,bd1488a2d411295d7a2118c50ddcc0b158786123613af1676062e2270d1637d1,9cb89005693b1b70c102178849b740fde00b50c9ba5f3b5530d0e5749ea59837,eca954c21da074c545cb7858315ea39fee0a6f54b19e06474b4f2f91f1666847,490eeb15970ef077ee050323b551cd9c3c5534c257f1febddca9af74ed1cf0a4,6031dc4ee08b61c58b35b1efd7d764739d5c7c54dc7cbe9e9a72a1e4a7098596,e2212c40566e21c680a98186ebd8e984aa80d4fd,4d4ad03b827958468b1a231e360c7ad1aa68035c25af068059838ceae6dfa6d6,7a69fb21427492956ac16a4f0657ee843cdef3db07eff5a24421b9f9b4267e2c,main_SHARED_QUERY_123_selected,a033d1483c42c3a34229a4670ecefb6eaee35f3bbd13ee3cc8b179343d3df733,validation,P0,2017-01-17,1026,933.667249222483,6801985e0fa645315cea4f8811707aa56f178bd3244116480e2c4e81f51b82ef
new_p3_training,True,tuned,SHARED_QUERY,123,main,3cfd389bbd05ec9201a41c0892e29bf8199198d1b216b9a8061370d4240aa583,bd1488a2d411295d7a2118c50ddcc0b158786123613af1676062e2270d1637d1,9cb89005693b1b70c102178849b740fde00b50c9ba5f3b5530d0e5749ea59837,eca954c21da074c545cb7858315ea39fee0a6f54b19e06474b4f2f91f1666847,490eeb15970ef077ee050323b551cd9c3c5534c257f1febddca9af74ed1cf0a4,6031dc4ee08b61c58b35b1efd7d764739d5c7c54dc7cbe9e9a72a1e4a7098596,e2212c40566e21c680a98186ebd8e984aa80d4fd,4d4ad03b827958468b1a231e360c7ad1aa68035c25af068059838ceae6dfa6d6,7a69fb21427492956ac16a4f0657ee843cdef3db07eff5a24421b9f9b4267e2c,main_SHARED_QUERY_123_selected,a033d1483c42c3a34229a4670ecefb6eaee35f3bbd13ee3cc8b179343d3df733,validation,P0,2017-01-18,1026,939.7558981382764,31b46452739e813c453d86882159994d9abcff32bab1d5c3ed5c13917dc3fb4a
new_p3_training,True,tuned,SHARED_QUERY,123,main,3cfd389bbd05ec9201a41c0892e29bf8199198d1b216b9a8061370d4240aa583,bd1488a2d411295d7a2118c50ddcc0b158786123613af1676062e2270d1637d1,9cb89005693b1b70c102178849b740fde00b50c9ba5f3b5530d0e5749ea59837,eca954c21da074c545cb7858315ea39fee0a6f54b19e06474b4f2f91f1666847,490eeb15970ef077ee050323b551cd9c3c5534c257f1febddca9af74ed1cf0a4,6031dc4ee08b61c58b35b1efd7d764739d5c7c54dc7cbe9e9a72a1e4a7098596,e2212c40566e21c680a98186ebd8e984aa80d4fd,4d4ad03b827958468b1a231e360c7ad1aa68035c25af068059838ceae6dfa6d6,7a69fb21427492956ac16a4f0657ee843cdef3db07eff5a24421b9f9b4267e2c,main_SHARED_QUERY_123_selected,a033d1483c42c3a34229a4670ecefb6eaee35f3bbd13ee3cc8b179343d3df733,validation,P0,2017-01-19,1026,1002.3619895383681,58e06dd8c83ca0fa09b099e39e574937af9c49c038c0d2edc9fa591facd6813b
new_p3_training,True,tuned,SHARED_QUERY,123,main,3cfd389bbd05ec9201a41c0892e29bf8199198d1b216b9a8061370d4240aa583,bd1488a2d411295d7a2118c50ddcc0b158786123613af1676062e2270d1637d1,9cb89005693b1b70c102178849b740fde00b50c9ba5f3b5530d0e5749ea59837,eca954c21da074c545cb7858315ea39fee0a6f54b19e06474b4f2f91f1666847,490eeb15970ef077ee050323b551cd9c3c5534c257f1febddca9af74ed1cf0a4,6031dc4ee08b61c58b35b1efd7d764739d5c7c54dc7cbe9e9a72a1e4a7098596,e2212c40566e21c680a98186ebd8e984aa80d4fd,4d4ad03b827958468b1a231e360c7ad1aa68035c25af068059838ceae6dfa6d6,7a69fb21427492956ac16a4f0657ee843cdef3db07eff5a24421b9f9b4267e2c,main_SHARED_QUERY_123_selected,a033d1483c42c3a34229a4670ecefb6eaee35f3bbd13ee3cc8b179343d3df733,validation,P0,2017-01-20,1026,910.547057479578,26c0b5fb08709271fad8d080402d9737891ec3cf0b19405be383e966a37ec89a
new_p3_training,True,tuned,SHARED_QUERY,123,main,3cfd389bbd05ec9201a41c0892e29bf8199198d1b216b9a8061370d4240aa583,bd1488a2d411295d7a2118c50ddcc0b158786123613af1676062e2270d1637d1,9cb89005693b1b70c102178849b740fde00b50c9ba5f3b5530d0e5749ea59837,eca954c21da074c545cb7858315ea39fee0a6f54b19e06474b4f2f91f1666847,490eeb15970ef077ee050323b551cd9c3c5534c257f1febddca9af74ed1cf0a4,6031dc4ee08b61c58b35b1efd7d764739d5c7c54dc7cbe9e9a72a1e4a7098596,e2212c40566e21c680a98186ebd8e984aa80d4fd,4d4ad03b827958468b1a231e360c7ad1aa68035c25af068059838ceae6dfa6d6,7a69fb21427492956ac16a4f0657ee843cdef3db07eff5a24421b9f9b4267e2c,main_SHARED_QUERY_123_selected,a033d1483c42c3a34229a4670ecefb6eaee35f3bbd13ee3cc8b179343d3df733,validation,P0,2017-01-23,1026,922.5173864472298,673ff933ca378167a898f21e8cb0c03d988e1ab2f9e7fb1c1a07eba5ed993aa7
new_p3_training,True,tuned,SHARED_QUERY,123,main,3cfd389bbd05ec9201a41c0892e29bf8199198d1b216b9a8061370d4240aa583,bd1488a2d411295d7a2118c50ddcc0b158786123613af1676062e2270d1637d1,9cb89005693b1b70c102178849b740fde00b50c9ba5f3b5530d0e5749ea59837,eca954c21da074c545cb7858315ea39fee0a6f54b19e06474b4f2f91f1666847,490eeb15970ef077ee050323b551cd9c3c5534c257f1febddca9af74ed1cf0a4,6031dc4ee08b61c58b35b1efd7d764739d5c7c54dc7cbe9e9a72a1e4a7098596,e2212c40566e21c680a98186ebd8e984aa80d4fd,4d4ad03b827958468b1a231e360c7ad1aa68035c25af068059838ceae6dfa6d6,7a69fb21427492956ac16a4f0657ee843cdef3db07eff5a24421b9f9b4267e2c,main_SHARED_QUERY_123_selected,a033d1483c42c3a34229a4670ecefb6eaee35f3bbd13ee3cc8b179343d3df733,validation,P0,2017-01-24,1026,905.6365815962766,e173545170bcc7f4cff2c98a815136bd5fdae57189c70e7739d80c6e2418610f
new_p3_training,True,tuned,SHARED_QUERY,123,main,3cfd389bbd05ec9201a41c0892e29bf8199198d1b216b9a8061370d4240aa583,bd1488a2d411295d7a2118c50ddcc0b158786123613af1676062e2270d1637d1,9cb89005693b1b70c102178849b740fde00b50c9ba5f3b5530d0e5749ea59837,eca954c21da074c545cb7858315ea39fee0a6f54b19e06474b4f2f91f1666847,490eeb15970ef077ee050323b551cd9c3c5534c257f1febddca9af74ed1cf0a4,6031dc4ee08b61c58b35b1efd7d764739d5c7c54dc7cbe9e9a72a1e4a7098596,e2212c40566e21c680a98186ebd8e984aa80d4fd,4d4ad03b827958468b1a231e360c7ad1aa68035c25af068059838ceae6dfa6d6,7a69fb21427492956ac16a4f0657ee843cdef3db07eff5a24421b9f9b4267e2c,main_SHARED_QUERY_123_selected,a033d1483c42c3a34229a4670ecefb6eaee35f3bbd13ee3cc8b179343d3df733,validation,P0,2017-01-25,1026,930.901887598119,78933ec9aa86e9262fdfd38d4758e616bdcd48511df0cd5c0065637b731bcc21
new_p3_training,True,tuned,SHARED_QUERY,123,main,3cfd389bbd05ec9201a41c0892e29bf8199198d1b216b9a8061370d4240aa583,bd1488a2d411295d7a2118c50ddcc0b158786123613af1676062e2270d1637d1,9cb89005693b1b70c102178849b740fde00b50c9ba5f3b5530d0e5749ea59837,eca954c21da074c545cb7858315ea39fee0a6f54b19e06474b4f2f91f1666847,490eeb15970ef077ee050323b551cd9c3c5534c257f1febddca9af74ed1cf0a4,6031dc4ee08b61c58b35b1efd7d764739d5c7c54dc7cbe9e9a72a1e4a7098596,e2212c40566e21c680a98186ebd8e984aa80d4fd,4d4ad03b827958468b1a231e360c7ad1aa68035c25af068059838ceae6dfa6d6,7a69fb21427492956ac16a4f0657ee843cdef3db07eff5a24421b9f9b4267e2c,main_SHARED_QUERY_123_selected,a033d1483c42c3a34229a4670ecefb6eaee35f3bbd13ee3cc8b179343d3df733,validation,P0,2017-01-26,1026,952.9867288301357,4815c8bb06617c4ae3f5ad93fcd61db535585d7d0fab149cf4a9976e0f13747a
new_p3_training,True,tuned,SHARED_QUERY,123,main,3cfd389bbd05ec9201a41c0892e29bf8199198d1b216b9a8061370d4240aa583,bd1488a2d411295d7a2118c50ddcc0b158786123613af1676062e2270d1637d1,9cb89005693b1b70c102178849b740fde00b50c9ba5f3b5530d0e5749ea59837,eca954c21da074c545cb7858315ea39fee0a6f54b19e06474b4f2f91f1666847,490eeb15970ef077ee050323b551cd9c3c5534c257f1febddca9af74ed1cf0a4,6031dc4ee08b61c58b35b1efd7d764739d5c7c54dc7cbe9e9a72a1e4a7098596,e2212c40566e21c680a98186ebd8e984aa80d4fd,4d4ad03b827958468b1a231e360c7ad1aa68035c25af068059838ceae6dfa6d6,7a69fb21427492956ac16a4f0657ee843cdef3db07eff5a24421b9f9b4267e2c,main_SHARED_QUERY_123_selected,a033d1483c42c3a34229a4670ecefb6eaee35f3bbd13ee3cc8b179343d3df733,validation,P0,2017-01-31,1026,931.1688809706186,df7c1d0d3a32b53288c0e6435c2b6e86df4b74fa09ddfe2b7fd9dc0d5e1dd0a9
new_p3_training,True,tuned,SHARED_QUERY,123,main,3cfd389bbd05ec9201a41c0892e29bf8199198d1b216b9a8061370d4240aa583,bd1488a2d411295d7a2118c50ddcc0b158786123613af1676062e2270d1637d1,9cb89005693b1b70c102178849b740fde00b50c9ba5f3b5530d0e5749ea59837,eca954c21da074c545cb7858315ea39fee0a6f54b19e06474b4f2f91f1666847,490eeb15970ef077ee050323b551cd9c3c5534c257f1febddca9af74ed1cf0a4,6031dc4ee08b61c58b35b1efd7d764739d5c7c54dc7cbe9e9a72a1e4a7098596,e2212c40566e21c680a98186ebd8e984aa80d4fd,4d4ad03b827958468b1a231e360c7ad1aa68035c25af068059838ceae6dfa6d6,7a69fb21427492956ac16a4f0657ee843cdef3db07eff5a24421b9f9b4267e2c,main_SHARED_QUERY_123_selected,a033d1483c42c3a34229a4670ecefb6eaee35f3bbd13ee3cc8b179343d3df733,validation,P0,2017-02-01,1026,922.1951076178318,03b7918bc3296dfb66b271178ce1baca81e28010e438e70a5cfa7ee42291ebab
new_p3_training,True,tuned,SHARED_QUERY,123,main,3cfd389bbd05ec9201a41c0892e29bf8199198d1b216b9a8061370d4240aa583,bd1488a2d411295d7a2118c50ddcc0b158786123613af1676062e2270d1637d1,9cb89005693b1b70c102178849b740fde00b50c9ba5f3b5530d0e5749ea59837,eca954c21da074c545cb7858315ea39fee0a6f54b19e06474b4f2f91f1666847,490eeb15970ef077ee050323b551cd9c3c5534c257f1febddca9af74ed1cf0a4,6031dc4ee08b61c58b35b1efd7d764739d5c7c54dc7cbe9e9a72a1e4a7098596,e2212c40566e21c680a98186ebd8e984aa80d4fd,4d4ad03b827958468b1a231e360c7ad1aa68035c25af068059838ceae6dfa6d6,7a69fb21427492956ac16a4f0657ee843cdef3db07eff5a24421b9f9b4267e2c,main_SHARED_QUERY_123_selected,a033d1483c42c3a34229a4670ecefb6eaee35f3bbd13ee3cc8b179343d3df733,validation,P0,2017-02-02,1026,962.1527219466768,c4f8357a87170ba630278ed2970031440d14f95461784891358d2ead66833b32
new_p3_training,True,tuned,SHARED_QUERY,123,main,3cfd389bbd05ec9201a41c0892e29bf8199198d1b216b9a8061370d4240aa583,bd1488a2d411295d7a2118c50ddcc0b158786123613af1676062e2270d1637d1,9cb89005693b1b70c102178849b740fde00b50c9ba5f3b5530d0e5749ea59837,eca954c21da074c545cb7858315ea39fee0a6f54b19e06474b4f2f91f1666847,490eeb15970ef077ee050323b551cd9c3c5534c257f1febddca9af74ed1cf0a4,6031dc4ee08b61c58b35b1efd7d764739d5c7c54dc7cbe9e9a72a1e4a7098596,e2212c40566e21c680a98186ebd8e984aa80d4fd,4d4ad03b827958468b1a231e360c7ad1aa68035c25af068059838ceae6dfa6d6,7a69fb21427492956ac16a4f0657ee843cdef3db07eff5a24421b9f9b4267e2c,main_SHARED_QUERY_123_selected,a033d1483c42c3a34229a4670ecefb6eaee35f3bbd13ee3cc8b179343d3df733,validation,P0,2017-02-03,1026,938.6666987641097,1ca141055387554412c172be1be3f109bd4aab865a934584a0b807b1181e3d75
new_p3_training,True,tuned,SHARED_QUERY,123,main,3cfd389bbd05ec9201a41c0892e29bf8199198d1b216b9a8061370d4240aa583,bd1488a2d411295d7a2118c50ddcc0b158786123613af1676062e2270d1637d1,9cb89005693b1b70c102178849b740fde00b50c9ba5f3b5530d0e5749ea59837,eca954c21da074c545cb7858315ea39fee0a6f54b19e06474b4f2f91f1666847,490eeb15970ef077ee050323b551cd9c3c5534c257f1febddca9af74ed1cf0a4,6031dc4ee08b61c58b35b1efd7d764739d5c7c54dc7cbe9e9a72a1e4a7098596,e2212c40566e21c680a98186ebd8e984aa80d4fd,4d4ad03b827958468b1a231e360c7ad1aa68035c25af068059838ceae6dfa6d6,7a69fb21427492956ac16a4f0657ee843cdef3db07eff5a24421b9f9b4267e2c,main_SHARED_QUERY_123_selected,a033d1483c42c3a34229a4670ecefb6eaee35f3bbd13ee3cc8b179343d3df733,validation,P1,2016-11-24,979,935.7936631292445,a2ccbd36b3a80d4e208c04a0a2f1809474dc506dd1b107d1f774595c523f8ee0
new_p3_training,True,tuned,SHARED_QUERY,123,main,3cfd389bbd05ec9201a41c0892e29bf8199198d1b216b9a8061370d4240aa583,bd1488a2d411295d7a2118c50ddcc0b158786123613af1676062e2270d1637d1,9cb89005693b1b70c102178849b740fde00b50c9ba5f3b5530d0e5749ea59837,eca954c21da074c545cb7858315ea39fee0a6f54b19e06474b4f2f91f1666847,490eeb15970ef077ee050323b551cd9c3c5534c257f1febddca9af74ed1cf0a4,6031dc4ee08b61c58b35b1efd7d764739d5c7c54dc7cbe9e9a72a1e4a7098596,e2212c40566e21c680a98186ebd8e984aa80d4fd,4d4ad03b827958468b1a231e360c7ad1aa68035c25af068059838ceae6dfa6d6,7a69fb21427492956ac16a4f0657ee843cdef3db07eff5a24421b9f9b4267e2c,main_SHARED_QUERY_123_selected,a033d1483c42c3a34229a4670ecefb6eaee35f3bbd13ee3cc8b179343d3df733,validation,P1,2016-11-25,969,900.9722604308159,f63df6aab4dee1f0cde8d55ed508cfc9c5b50051f2ad0f339c42492cf05bff7f
new_p3_training,True,tuned,SHARED_QUERY,123,main,3cfd389bbd05ec9201a41c0892e29bf8199198d1b216b9a8061370d4240aa583,bd1488a2d411295d7a2118c50ddcc0b158786123613af1676062e2270d1637d1,9cb89005693b1b70c102178849b740fde00b50c9ba5f3b5530d0e5749ea59837,eca954c21da074c545cb7858315ea39fee0a6f54b19e06474b4f2f91f1666847,490eeb15970ef077ee050323b551cd9c3c5534c257f1febddca9af74ed1cf0a4,6031dc4ee08b61c58b35b1efd7d764739d5c7c54dc7cbe9e9a72a1e4a7098596,e2212c40566e21c680a98186ebd8e984aa80d4fd,4d4ad03b827958468b1a231e360c7ad1aa68035c25af068059838ceae6dfa6d6,7a69fb21427492956ac16a4f0657ee843cdef3db07eff5a24421b9f9b4267e2c,main_SHARED_QUERY_123_selected,a033d1483c42c3a34229a4670ecefb6eaee35f3bbd13ee3cc8b179343d3df733,validation,P1,2016-11-28,995,901.2910650483573,65d15ea490c9d839b86ede17cd6c49168691fab8c0b9981de152f32c8540e4e1
new_p3_training,True,tuned,SHARED_QUERY,123,main,3cfd389bbd05ec9201a41c0892e29bf8199198d1b216b9a8061370d4240aa583,bd1488a2d411295d7a2118c50ddcc0b158786123613af1676062e2270d1637d1,9cb89005693b1b70c102178849b740fde00b50c9ba5f3b5530d0e5749ea59837,eca954c21da074c545cb7858315ea39fee0a6f54b19e06474b4f2f91f1666847,490eeb15970ef077ee050323b551cd9c3c5534c257f1febddca9af74ed1cf0a4,6031dc4ee08b61c58b35b1efd7d764739d5c7c54dc7cbe9e9a72a1e4a7098596,e2212c40566e21c680a98186ebd8e984aa80d4fd,4d4ad03b827958468b1a231e360c7ad1aa68035c25af068059838ceae6dfa6d6,7a69fb21427492956ac16a4f0657ee843cdef3db07eff5a24421b9f9b4267e2c,main_SHARED_QUERY_123_selected,a033d1483c42c3a34229a4670ecefb6eaee35f3bbd13ee3cc8b179343d3df733,validation,P1,2016-11-29,983,890.7091461996126,8962701135c22c50d84306d1826e749fa596399bc12c5f2a94c330039d14aadd
new_p3_training,True,tuned,SHARED_QUERY,123,main,3cfd389bbd05ec9201a41c0892e29bf8199198d1b216b9a8061370d4240aa583,bd1488a2d411295d7a2118c50ddcc0b158786123613af1676062e2270d1637d1,9cb89005693b1b70c102178849b740fde00b50c9ba5f3b5530d0e5749ea59837,eca954c21da074c545cb7858315ea39fee0a6f54b19e06474b4f2f91f1666847,490eeb15970ef077ee050323b551cd9c3c5534c257f1febddca9af74ed1cf0a4,6031dc4ee08b61c58b35b1efd7d764739d5c7c54dc7cbe9e9a72a1e4a7098596,e2212c40566e21c680a98186ebd8e984aa80d4fd,4d4ad03b827958468b1a231e360c7ad1aa68035c25af068059838ceae6dfa6d6,7a69fb21427492956ac16a4f0657ee843cdef3db07eff5a24421b9f9b4267e2c,main_SHARED_QUERY_123_selected,a033d1483c42c3a34229a4670ecefb6eaee35f3bbd13ee3cc8b179343d3df733,validation,P1,2016-11-30,986,897.8779888982519,56c9736a8300d151fdcaf9d3f264406b16bd842a1c7927bd6e017e3ca29fd7ce
new_p3_training,True,tuned,SHARED_QUERY,123,main,3cfd389bbd05ec9201a41c0892e29bf8199198d1b216b9a8061370d4240aa583,bd1488a2d411295d7a2118c50ddcc0b158786123613af1676062e2270d1637d1,9cb89005693b1b70c102178849b740fde00b50c9ba5f3b5530d0e5749ea59837,eca954c21da074c545cb7858315ea39fee0a6f54b19e06474b4f2f91f1666847,490eeb15970ef077ee050323b551cd9c3c5534c257f1febddca9af74ed1cf0a4,6031dc4ee08b61c58b35b1efd7d764739d5c7c54dc7cbe9e9a72a1e4a7098596,e2212c40566e21c680a98186ebd8e984aa80d4fd,4d4ad03b827958468b1a231e360c7ad1aa68035c25af068059838ceae6dfa6d6,7a69fb21427492956ac16a4f0657ee843cdef3db07eff5a24421b9f9b4267e2c,main_SHARED_QUERY_123_selected,a033d1483c42c3a34229a4670ecefb6eaee35f3bbd13ee3cc8b179343d3df733,validation,P1,2016-12-01,995,934.7172601089283,afba35877768e7497900cdb0b35ea3010b325b92860a6eaea626b0ec34cdb1b3
new_p3_training,True,tuned,SHARED_QUERY,123,main,3cfd389bbd05ec9201a41c0892e29bf8199198d1b216b9a8061370d4240aa583,bd1488a2d411295d7a2118c50ddcc0b158786123613af1676062e2270d1637d1,9cb89005693b1b70c102178849b740fde00b50c9ba5f3b5530d0e5749ea59837,eca954c21da074c545cb7858315ea39fee0a6f54b19e06474b4f2f91f1666847,490eeb15970ef077ee050323b551cd9c3c5534c257f1febddca9af74ed1cf0a4,6031dc4ee08b61c58b35b1efd7d764739d5c7c54dc7cbe9e9a72a1e4a7098596,e2212c40566e21c680a98186ebd8e984aa80d4fd,4d4ad03b827958468b1a231e360c7ad1aa68035c25af068059838ceae6dfa6d6,7a69fb21427492956ac16a4f0657ee843cdef3db07eff5a24421b9f9b4267e2c,main_SHARED_QUERY_123_selected,a033d1483c42c3a34229a4670ecefb6eaee35f3bbd13ee3cc8b179343d3df733,validation,P1,2016-12-02,995,942.5792306127137,6bb786812759d0a1f24e19462737ae2cad04fdeddab542e7671c272b7f75e953
new_p3_training,True,tuned,SHARED_QUERY,123,main,3cfd389bbd05ec9201a41c0892e29bf8199198d1b216b9a8061370d4240aa583,bd1488a2d411295d7a2118c50ddcc0b158786123613af1676062e2270d1637d1,9cb89005693b1b70c102178849b740fde00b50c9ba5f3b5530d0e5749ea59837,eca954c21da074c545cb7858315ea39fee0a6f54b19e06474b4f2f91f1666847,490eeb15970ef077ee050323b551cd9c3c5534c257f1febddca9af74ed1cf0a4,6031dc4ee08b61c58b35b1efd7d764739d5c7c54dc7cbe9e9a72a1e4a7098596,e2212c40566e21c680a98186ebd8e984aa80d4fd,4d4ad03b827958468b1a231e360c7ad1aa68035c25af068059838ceae6dfa6d6,7a69fb21427492956ac16a4f0657ee843cdef3db07eff5a24421b9f9b4267e2c,main_SHARED_QUERY_123_selected,a033d1483c42c3a34229a4670ecefb6eaee35f3bbd13ee3cc8b179343d3df733,validation,P1,2016-12-05,981,871.3765959143884,a473450f1309cbbeb87b14e25696ed1e29faacbf9b165ae0a95df1c72f79200e
new_p3_training,True,tuned,SHARED_QUERY,123,main,3cfd389bbd05ec9201a41c0892e29bf8199198d1b216b9a8061370d4240aa583,bd1488a2d411295d7a2118c50ddcc0b158786123613af1676062e2270d1637d1,9cb89005693b1b70c102178849b740fde00b50c9ba5f3b5530d0e5749ea59837,eca954c21da074c545cb7858315ea39fee0a6f54b19e06474b4f2f91f1666847,490eeb15970ef077ee050323b551cd9c3c5534c257f1febddca9af74ed1cf0a4,6031dc4ee08b61c58b35b1efd7d764739d5c7c54dc7cbe9e9a72a1e4a7098596,e2212c40566e21c680a98186ebd8e984aa80d4fd,4d4ad03b827958468b1a231e360c7ad1aa68035c25af068059838ceae6dfa6d6,7a69fb21427492956ac16a4f0657ee843cdef3db07eff5a24421b9f9b4267e2c,main_SHARED_QUERY_123_selected,a033d1483c42c3a34229a4670ecefb6eaee35f3bbd13ee3cc8b179343d3df733,validation,P1,2016-12-06,980,917.2927673089099,46a048b4b020c2e7511306f1a7d9556e695ebdecaaaa5e873c6a228b780a6c05
new_p3_training,True,tuned,SHARED_QUERY,123,main,3cfd389bbd05ec9201a41c0892e29bf8199198d1b216b9a8061370d4240aa583,bd1488a2d411295d7a2118c50ddcc0b158786123613af1676062e2270d1637d1,9cb89005693b1b70c102178849b740fde00b50c9ba5f3b5530d0e5749ea59837,eca954c21da074c545cb7858315ea39fee0a6f54b19e06474b4f2f91f1666847,490eeb15970ef077ee050323b551cd9c3c5534c257f1febddca9af74ed1cf0a4,6031dc4ee08b61c58b35b1efd7d764739d5c7c54dc7cbe9e9a72a1e4a7098596,e2212c40566e21c680a98186ebd8e984aa80d4fd,4d4ad03b827958468b1a231e360c7ad1aa68035c25af068059838ceae6dfa6d6,7a69fb21427492956ac16a4f0657ee843cdef3db07eff5a24421b9f9b4267e2c,main_SHARED_QUERY_123_selected,a033d1483c42c3a34229a4670ecefb6eaee35f3bbd13ee3cc8b179343d3df733,validation,P1,2016-12-07,995,930.3775275953449,ec95f417382bca52ed02d856135bb02cfdb46fb776c5263d1e8535439c5373e8
new_p3_training,True,tuned,SHARED_QUERY,123,main,3cfd389bbd05ec9201a41c0892e29bf8199198d1b216b9a8061370d4240aa583,bd1488a2d411295d7a2118c50ddcc0b158786123613af1676062e2270d1637d1,9cb89005693b1b70c102178849b740fde00b50c9ba5f3b5530d0e5749ea59837,eca954c21da074c545cb7858315ea39fee0a6f54b19e06474b4f2f91f1666847,490eeb15970ef077ee050323b551cd9c3c5534c257f1febddca9af74ed1cf0a4,6031dc4ee08b61c58b35b1efd7d764739d5c7c54dc7cbe9e9a72a1e4a7098596,e2212c40566e21c680a98186ebd8e984aa80d4fd,4d4ad03b827958468b1a231e360c7ad1aa68035c25af068059838ceae6dfa6d6,7a69fb21427492956ac16a4f0657ee843cdef3db07eff5a24421b9f9b4267e2c,main_SHARED_QUERY_123_selected,a033d1483c42c3a34229a4670ecefb6eaee35f3bbd13ee3cc8b179343d3df733,validation,P1,2016-12-08,992,949.3734911949646,bb16ab325a0dd769dfd820a7e1a70d57af996bee60f83135f0b46b4ad98d21ff
new_p3_training,True,tuned,SHARED_QUERY,123,main,3cfd389bbd05ec9201a41c0892e29bf8199198d1b216b9a8061370d4240aa583,bd1488a2d411295d7a2118c50ddcc0b158786123613af1676062e2270d1637d1,9cb89005693b1b70c102178849b740fde00b50c9ba5f3b5530d0e5749ea59837,eca954c21da074c545cb7858315ea39fee0a6f54b19e06474b4f2f91f1666847,490eeb15970ef077ee050323b551cd9c3c5534c257f1febddca9af74ed1cf0a4,6031dc4ee08b61c58b35b1efd7d764739d5c7c54dc7cbe9e9a72a1e4a7098596,e2212c40566e21c680a98186ebd8e984aa80d4fd,4d4ad03b827958468b1a231e360c7ad1aa68035c25af068059838ceae6dfa6d6,7a69fb21427492956ac16a4f0657ee843cdef3db07eff5a24421b9f9b4267e2c,main_SHARED_QUERY_123_selected,a033d1483c42c3a34229a4670ecefb6eaee35f3bbd13ee3cc8b179343d3df733,validation,P1,2016-12-09,976,904.403880675955,0199dd3fbf730715c9b9a5b918cdd778c553c0166e1afcd454d1500d28b3932f
new_p3_training,True,tuned,SHARED_QUERY,123,main,3cfd389bbd05ec9201a41c0892e29bf8199198d1b216b9a8061370d4240aa583,bd1488a2d411295d7a2118c50ddcc0b158786123613af1676062e2270d1637d1,9cb89005693b1b70c102178849b740fde00b50c9ba5f3b5530d0e5749ea59837,eca954c21da074c545cb7858315ea39fee0a6f54b19e06474b4f2f91f1666847,490eeb15970ef077ee050323b551cd9c3c5534c257f1febddca9af74ed1cf0a4,6031dc4ee08b61c58b35b1efd7d764739d5c7c54dc7cbe9e9a72a1e4a7098596,e2212c40566e21c680a98186ebd8e984aa80d4fd,4d4ad03b827958468b1a231e360c7ad1aa68035c25af068059838ceae6dfa6d6,7a69fb21427492956ac16a4f0657ee843cdef3db07eff5a24421b9f9b4267e2c,main_SHARED_QUERY_123_selected,a033d1483c42c3a34229a4670ecefb6eaee35f3bbd13ee3cc8b179343d3df733,validation,P1,2016-12-12,981,864.0835993314026,9306bb8c2fcfa78ae05fe8c0270409921472174b583b987ad4d9b9a8d9297dae
new_p3_training,True,tuned,SHARED_QUERY,123,main,3cfd389bbd05ec9201a41c0892e29bf8199198d1b216b9a8061370d4240aa583,bd1488a2d411295d7a2118c50ddcc0b158786123613af1676062e2270d1637d1,9cb89005693b1b70c102178849b740fde00b50c9ba5f3b5530d0e5749ea59837,eca954c21da074c545cb7858315ea39fee0a6f54b19e06474b4f2f91f1666847,490eeb15970ef077ee050323b551cd9c3c5534c257f1febddca9af74ed1cf0a4,6031dc4ee08b61c58b35b1efd7d764739d5c7c54dc7cbe9e9a72a1e4a7098596,e2212c40566e21c680a98186ebd8e984aa80d4fd,4d4ad03b827958468b1a231e360c7ad1aa68035c25af068059838ceae6dfa6d6,7a69fb21427492956ac16a4f0657ee843cdef3db07eff5a24421b9f9b4267e2c,main_SHARED_QUERY_123_selected,a033d1483c42c3a34229a4670ecefb6eaee35f3bbd13ee3cc8b179343d3df733,validation,P1,2016-12-13,995,902.6231710905645,85e3391b9b5a2b4d2ce326cced3e4ec5ec63ff53f5f8f48fc21d51314e715587
new_p3_training,True,tuned,SHARED_QUERY,123,main,3cfd389bbd05ec9201a41c0892e29bf8199198d1b216b9a8061370d4240aa583,bd1488a2d411295d7a2118c50ddcc0b158786123613af1676062e2270d1637d1,9cb89005693b1b70c102178849b740fde00b50c9ba5f3b5530d0e5749ea59837,eca954c21da074c545cb7858315ea39fee0a6f54b19e06474b4f2f91f1666847,490eeb15970ef077ee050323b551cd9c3c5534c257f1febddca9af74ed1cf0a4,6031dc4ee08b61c58b35b1efd7d764739d5c7c54dc7cbe9e9a72a1e4a7098596,e2212c40566e21c680a98186ebd8e984aa80d4fd,4d4ad03b827958468b1a231e360c7ad1aa68035c25af068059838ceae6dfa6d6,7a69fb21427492956ac16a4f0657ee843cdef3db07eff5a24421b9f9b4267e2c,main_SHARED_QUERY_123_selected,a033d1483c42c3a34229a4670ecefb6eaee35f3bbd13ee3cc8b179343d3df733,validation,P1,2016-12-14,997,917.076955590665,1dcf9c10c8247641da258f3c857656681642eea4f33bbe97370c0961303d5dec
new_p3_training,True,tuned,SHARED_QUERY,123,main,3cfd389bbd05ec9201a41c0892e29bf8199198d1b216b9a8061370d4240aa583,bd1488a2d411295d7a2118c50ddcc0b158786123613af1676062e2270d1637d1,9cb89005693b1b70c102178849b740fde00b50c9ba5f3b5530d0e5749ea59837,eca954c21da074c545cb7858315ea39fee0a6f54b19e06474b4f2f91f1666847,490eeb15970ef077ee050323b551cd9c3c5534c257f1febddca9af74ed1cf0a4,6031dc4ee08b61c58b35b1efd7d764739d5c7c54dc7cbe9e9a72a1e4a7098596,e2212c40566e21c680a98186ebd8e984aa80d4fd,4d4ad03b827958468b1a231e360c7ad1aa68035c25af068059838ceae6dfa6d6,7a69fb21427492956ac16a4f0657ee843cdef3db07eff5a24421b9f9b4267e2c,main_SHARED_QUERY_123_selected,a033d1483c42c3a34229a4670ecefb6eaee35f3bbd13ee3cc8b179343d3df733,validation,P1,2016-12-15,989,916.1625831031379,244aad5ebb621c2e7449dbbd44c336ed578c01205733fbc01deba4ef9ddc0c98
new_p3_training,True,tuned,SHARED_QUERY,123,main,3cfd389bbd05ec9201a41c0892e29bf8199198d1b216b9a8061370d4240aa583,bd1488a2d411295d7a2118c50ddcc0b158786123613af1676062e2270d1637d1,9cb89005693b1b70c102178849b740fde00b50c9ba5f3b5530d0e5749ea59837,eca954c21da074c545cb7858315ea39fee0a6f54b19e06474b4f2f91f1666847,490eeb15970ef077ee050323b551cd9c3c5534c257f1febddca9af74ed1cf0a4,6031dc4ee08b61c58b35b1efd7d764739d5c7c54dc7cbe9e9a72a1e4a7098596,e2212c40566e21c680a98186ebd8e984aa80d4fd,4d4ad03b827958468b1a231e360c7ad1aa68035c25af068059838ceae6dfa6d6,7a69fb21427492956ac16a4f0657ee843cdef3db07eff5a24421b9f9b4267e2c,main_SHARED_QUERY_123_selected,a033d1483c42c3a34229a4670ecefb6eaee35f3bbd13ee3cc8b179343d3df733,validation,P1,2016-12-16,995,889.7619569483275,95c4a0524b7da8fe407dc0b82616e678d596dc0d6b76de71385486cd93a00e30
new_p3_training,True,tuned,SHARED_QUERY,123,main,3cfd389bbd05ec9201a41c0892e29bf8199198d1b216b9a8061370d4240aa583,bd1488a2d411295d7a2118c50ddcc0b158786123613af1676062e2270d1637d1,9cb89005693b1b70c102178849b740fde00b50c9ba5f3b5530d0e5749ea59837,eca954c21da074c545cb7858315ea39fee0a6f54b19e06474b4f2f91f1666847,490eeb15970ef077ee050323b551cd9c3c5534c257f1febddca9af74ed1cf0a4,6031dc4ee08b61c58b35b1efd7d764739d5c7c54dc7cbe9e9a72a1e4a7098596,e2212c40566e21c680a98186ebd8e984aa80d4fd,4d4ad03b827958468b1a231e360c7ad1aa68035c25af068059838ceae6dfa6d6,7a69fb21427492956ac16a4f0657ee843cdef3db07eff5a24421b9f9b4267e2c,main_SHARED_QUERY_123_selected,a033d1483c42c3a34229a4670ecefb6eaee35f3bbd13ee3cc8b179343d3df733,validation,P1,2016-12-19,981,880.2519962685219,a96290f9ba3fa9382f2f2578588b34f4af548940e7992d9ec142336f9e980beb
new_p3_training,True,tuned,SHARED_QUERY,123,main,3cfd389bbd05ec9201a41c0892e29bf8199198d1b216b9a8061370d4240aa583,bd1488a2d411295d7a2118c50ddcc0b158786123613af1676062e2270d1637d1,9cb89005693b1b70c102178849b740fde00b50c9ba5f3b5530d0e5749ea59837,eca954c21da074c545cb7858315ea39fee0a6f54b19e06474b4f2f91f1666847,490eeb15970ef077ee050323b551cd9c3c5534c257f1febddca9af74ed1cf0a4,6031dc4ee08b61c58b35b1efd7d764739d5c7c54dc7cbe9e9a72a1e4a7098596,e2212c40566e21c680a98186ebd8e984aa80d4fd,4d4ad03b827958468b1a231e360c7ad1aa68035c25af068059838ceae6dfa6d6,7a69fb21427492956ac16a4f0657ee843cdef3db07eff5a24421b9f9b4267e2c,main_SHARED_QUERY_123_selected,a033d1483c42c3a34229a4670ecefb6eaee35f3bbd13ee3cc8b179343d3df733,validation,P1,2016-12-20,999,883.4275581698364,4db341da37b9e337fca0afd921e6c18389824978c9c67c9a8deae60fd753097d
new_p3_training,True,tuned,SHARED_QUERY,123,main,3cfd389bbd05ec9201a41c0892e29bf8199198d1b216b9a8061370d4240aa583,bd1488a2d411295d7a2118c50ddcc0b158786123613af1676062e2270d1637d1,9cb89005693b1b70c102178849b740fde00b50c9ba5f3b5530d0e5749ea59837,eca954c21da074c545cb7858315ea39fee0a6f54b19e06474b4f2f91f1666847,490eeb15970ef077ee050323b551cd9c3c5534c257f1febddca9af74ed1cf0a4,6031dc4ee08b61c58b35b1efd7d764739d5c7c54dc7cbe9e9a72a1e4a7098596,e2212c40566e21c680a98186ebd8e984aa80d4fd,4d4ad03b827958468b1a231e360c7ad1aa68035c25af068059838ceae6dfa6d6,7a69fb21427492956ac16a4f0657ee843cdef3db07eff5a24421b9f9b4267e2c,main_SHARED_QUERY_123_selected,a033d1483c42c3a34229a4670ecefb6eaee35f3bbd13ee3cc8b179343d3df733,validation,P1,2016-12-21,995,909.2770579021146,beba7b9c96c97b3676c3a5a98b6a55a8ba9623b3a2eb918c7086dfefef0ca42a
new_p3_training,True,tuned,SHARED_QUERY,123,main,3cfd389bbd05ec9201a41c0892e29bf8199198d1b216b9a8061370d4240aa583,bd1488a2d411295d7a2118c50ddcc0b158786123613af1676062e2270d1637d1,9cb89005693b1b70c102178849b740fde00b50c9ba5f3b5530d0e5749ea59837,eca954c21da074c545cb7858315ea39fee0a6f54b19e06474b4f2f91f1666847,490eeb15970ef077ee050323b551cd9c3c5534c257f1febddca9af74ed1cf0a4,6031dc4ee08b61c58b35b1efd7d764739d5c7c54dc7cbe9e9a72a1e4a7098596,e2212c40566e21c680a98186ebd8e984aa80d4fd,4d4ad03b827958468b1a231e360c7ad1aa68035c25af068059838ceae6dfa6d6,7a69fb21427492956ac16a4f0657ee843cdef3db07eff5a24421b9f9b4267e2c,main_SHARED_QUERY_123_selected,a033d1483c42c3a34229a4670ecefb6eaee35f3bbd13ee3cc8b179343d3df733,validation,P1,2016-12-22,995,911.2810114568952,ce3ed0cc99e55c2018656a3fb39445d6119ff2fad7fd6716f5b49831d98e8f98
new_p3_training,True,tuned,SHARED_QUERY,123,main,3cfd389bbd05ec9201a41c0892e29bf8199198d1b216b9a8061370d4240aa583,bd1488a2d411295d7a2118c50ddcc0b158786123613af1676062e2270d1637d1,9cb89005693b1b70c102178849b740fde00b50c9ba5f3b5530d0e5749ea59837,eca954c21da074c545cb7858315ea39fee0a6f54b19e06474b4f2f91f1666847,490eeb15970ef077ee050323b551cd9c3c5534c257f1febddca9af74ed1cf0a4,6031dc4ee08b61c58b35b1efd7d764739d5c7c54dc7cbe9e9a72a1e4a7098596,e2212c40566e21c680a98186ebd8e984aa80d4fd,4d4ad03b827958468b1a231e360c7ad1aa68035c25af068059838ceae6dfa6d6,7a69fb21427492956ac16a4f0657ee843cdef3db07eff5a24421b9f9b4267e2c,main_SHARED_QUERY_123_selected,a033d1483c42c3a34229a4670ecefb6eaee35f3bbd13ee3cc8b179343d3df733,validation,P1,2016-12-23,977,811.3765515026766,e8aab4aa274aaed9bc2dde2bf70bf3ade27c9eb5d6cf8aeb6566c3c7748e798f
new_p3_training,True,tuned,SHARED_QUERY,123,main,3cfd389bbd05ec9201a41c0892e29bf8199198d1b216b9a8061370d4240aa583,bd1488a2d411295d7a2118c50ddcc0b158786123613af1676062e2270d1637d1,9cb89005693b1b70c102178849b740fde00b50c9ba5f3b5530d0e5749ea59837,eca954c21da074c545cb7858315ea39fee0a6f54b19e06474b4f2f91f1666847,490eeb15970ef077ee050323b551cd9c3c5534c257f1febddca9af74ed1cf0a4,6031dc4ee08b61c58b35b1efd7d764739d5c7c54dc7cbe9e9a72a1e4a7098596,e2212c40566e21c680a98186ebd8e984aa80d4fd,4d4ad03b827958468b1a231e360c7ad1aa68035c25af068059838ceae6dfa6d6,7a69fb21427492956ac16a4f0657ee843cdef3db07eff5a24421b9f9b4267e2c,main_SHARED_QUERY_123_selected,a033d1483c42c3a34229a4670ecefb6eaee35f3bbd13ee3cc8b179343d3df733,validation,P1,2016-12-26,983,860.5223539943738,20e656b66c8e3b8522dc0972771eda3a441ac1925c70d6b0befb5dd267857c8c
new_p3_training,True,tuned,SHARED_QUERY,123,main,3cfd389bbd05ec9201a41c0892e29bf8199198d1b216b9a8061370d4240aa583,bd1488a2d411295d7a2118c50ddcc0b158786123613af1676062e2270d1637d1,9cb89005693b1b70c102178849b740fde00b50c9ba5f3b5530d0e5749ea59837,eca954c21da074c545cb7858315ea39fee0a6f54b19e06474b4f2f91f1666847,490eeb15970ef077ee050323b551cd9c3c5534c257f1febddca9af74ed1cf0a4,6031dc4ee08b61c58b35b1efd7d764739d5c7c54dc7cbe9e9a72a1e4a7098596,e2212c40566e21c680a98186ebd8e984aa80d4fd,4d4ad03b827958468b1a231e360c7ad1aa68035c25af068059838ceae6dfa6d6,7a69fb21427492956ac16a4f0657ee843cdef3db07eff5a24421b9f9b4267e2c,main_SHARED_QUERY_123_selected,a033d1483c42c3a34229a4670ecefb6eaee35f3bbd13ee3cc8b179343d3df733,validation,P1,2016-12-27,995,862.4523424632226,b0dc6aeea827583a6632d14eceb454c86374ec64d7ad50d8ad63c16c9e901e13
new_p3_training,True,tuned,SHARED_QUERY,123,main,3cfd389bbd05ec9201a41c0892e29bf8199198d1b216b9a8061370d4240aa583,bd1488a2d411295d7a2118c50ddcc0b158786123613af1676062e2270d1637d1,9cb89005693b1b70c102178849b740fde00b50c9ba5f3b5530d0e5749ea59837,eca954c21da074c545cb7858315ea39fee0a6f54b19e06474b4f2f91f1666847,490eeb15970ef077ee050323b551cd9c3c5534c257f1febddca9af74ed1cf0a4,6031dc4ee08b61c58b35b1efd7d764739d5c7c54dc7cbe9e9a72a1e4a7098596,e2212c40566e21c680a98186ebd8e984aa80d4fd,4d4ad03b827958468b1a231e360c7ad1aa68035c25af068059838ceae6dfa6d6,7a69fb21427492956ac16a4f0657ee843cdef3db07eff5a24421b9f9b4267e2c,main_SHARED_QUERY_123_selected,a033d1483c42c3a34229a4670ecefb6eaee35f3bbd13ee3cc8b179343d3df733,validation,P1,2016-12-28,988,865.2004957712174,5a3779fb24b0608ba55dcc82f8ed0f9a8eecd0b3024b3631aedaeb65b5d7bf47
new_p3_training,True,tuned,SHARED_QUERY,123,main,3cfd389bbd05ec9201a41c0892e29bf8199198d1b216b9a8061370d4240aa583,bd1488a2d411295d7a2118c50ddcc0b158786123613af1676062e2270d1637d1,9cb89005693b1b70c102178849b740fde00b50c9ba5f3b5530d0e5749ea59837,eca954c21da074c545cb7858315ea39fee0a6f54b19e06474b4f2f91f1666847,490eeb15970ef077ee050323b551cd9c3c5534c257f1febddca9af74ed1cf0a4,6031dc4ee08b61c58b35b1efd7d764739d5c7c54dc7cbe9e9a72a1e4a7098596,e2212c40566e21c680a98186ebd8e984aa80d4fd,4d4ad03b827958468b1a231e360c7ad1aa68035c25af068059838ceae6dfa6d6,7a69fb21427492956ac16a4f0657ee843cdef3db07eff5a24421b9f9b4267e2c,main_SHARED_QUERY_123_selected,a033d1483c42c3a34229a4670ecefb6eaee35f3bbd13ee3cc8b179343d3df733,validation,P1,2016-12-29,979,873.9259798866112,da2a20f84e7b646e820f46881b9d08a0bfdc6e3d89404cdc5f5b64d1df0bb49f
new_p3_training,True,tuned,SHARED_QUERY,123,main,3cfd389bbd05ec9201a41c0892e29bf8199198d1b216b9a8061370d4240aa583,bd1488a2d411295d7a2118c50ddcc0b158786123613af1676062e2270d1637d1,9cb89005693b1b70c102178849b740fde00b50c9ba5f3b5530d0e5749ea59837,eca954c21da074c545cb7858315ea39fee0a6f54b19e06474b4f2f91f1666847,490eeb15970ef077ee050323b551cd9c3c5534c257f1febddca9af74ed1cf0a4,6031dc4ee08b61c58b35b1efd7d764739d5c7c54dc7cbe9e9a72a1e4a7098596,e2212c40566e21c680a98186ebd8e984aa80d4fd,4d4ad03b827958468b1a231e360c7ad1aa68035c25af068059838ceae6dfa6d6,7a69fb21427492956ac16a4f0657ee843cdef3db07eff5a24421b9f9b4267e2c,main_SHARED_QUERY_123_selected,a033d1483c42c3a34229a4670ecefb6eaee35f3bbd13ee3cc8b179343d3df733,validation,P1,2017-01-02,831,798.5536421287435,c8b0f58a415f59986f52cbaa1eb5172a5f4f5bb18143d530821dd62047737f44
new_p3_training,True,tuned,SHARED_QUERY,123,main,3cfd389bbd05ec9201a41c0892e29bf8199198d1b216b9a8061370d4240aa583,bd1488a2d411295d7a2118c50ddcc0b158786123613af1676062e2270d1637d1,9cb89005693b1b70c102178849b740fde00b50c9ba5f3b5530d0e5749ea59837,eca954c21da074c545cb7858315ea39fee0a6f54b19e06474b4f2f91f1666847,490eeb15970ef077ee050323b551cd9c3c5534c257f1febddca9af74ed1cf0a4,6031dc4ee08b61c58b35b1efd7d764739d5c7c54dc7cbe9e9a72a1e4a7098596,e2212c40566e21c680a98186ebd8e984aa80d4fd,4d4ad03b827958468b1a231e360c7ad1aa68035c25af068059838ceae6dfa6d6,7a69fb21427492956ac16a4f0657ee843cdef3db07eff5a24421b9f9b4267e2c,main_SHARED_QUERY_123_selected,a033d1483c42c3a34229a4670ecefb6eaee35f3bbd13ee3cc8b179343d3df733,validation,P1,2017-01-03,993,894.7446650131951,8c0ef13f935c564c3c722871154f7662f007b7de72609488c7c04fbf11f05acd
new_p3_training,True,tuned,SHARED_QUERY,123,main,3cfd389bbd05ec9201a41c0892e29bf8199198d1b216b9a8061370d4240aa583,bd1488a2d411295d7a2118c50ddcc0b158786123613af1676062e2270d1637d1,9cb89005693b1b70c102178849b740fde00b50c9ba5f3b5530d0e5749ea59837,eca954c21da074c545cb7858315ea39fee0a6f54b19e06474b4f2f91f1666847,490eeb15970ef077ee050323b551cd9c3c5534c257f1febddca9af74ed1cf0a4,6031dc4ee08b61c58b35b1efd7d764739d5c7c54dc7cbe9e9a72a1e4a7098596,e2212c40566e21c680a98186ebd8e984aa80d4fd,4d4ad03b827958468b1a231e360c7ad1aa68035c25af068059838ceae6dfa6d6,7a69fb21427492956ac16a4f0657ee843cdef3db07eff5a24421b9f9b4267e2c,main_SHARED_QUERY_123_selected,a033d1483c42c3a34229a4670ecefb6eaee35f3bbd13ee3cc8b179343d3df733,validation,P1,2017-01-04,993,893.8750052720798,96af114ef693f854819473ec220bf77c14c9661f91decefd1caf07d0c2b3442e
new_p3_training,True,tuned,SHARED_QUERY,123,main,3cfd389bbd05ec9201a41c0892e29bf8199198d1b216b9a8061370d4240aa583,bd1488a2d411295d7a2118c50ddcc0b158786123613af1676062e2270d1637d1,9cb89005693b1b70c102178849b740fde00b50c9ba5f3b5530d0e5749ea59837,eca954c21da074c545cb7858315ea39fee0a6f54b19e06474b4f2f91f1666847,490eeb15970ef077ee050323b551cd9c3c5534c257f1febddca9af74ed1cf0a4,6031dc4ee08b61c58b35b1efd7d764739d5c7c54dc7cbe9e9a72a1e4a7098596,e2212c40566e21c680a98186ebd8e984aa80d4fd,4d4ad03b827958468b1a231e360c7ad1aa68035c25af068059838ceae6dfa6d6,7a69fb21427492956ac16a4f0657ee843cdef3db07eff5a24421b9f9b4267e2c,main_SHARED_QUERY_123_selected,a033d1483c42c3a34229a4670ecefb6eaee35f3bbd13ee3cc8b179343d3df733,validation,P1,2017-01-05,981,879.6976858931619,7106295ca26e82d713f85e0cfdb428d65c35d28597ae9eaeddb87da9b2373d94
new_p3_training,True,tuned,SHARED_QUERY,123,main,3cfd389bbd05ec9201a41c0892e29bf8199198d1b216b9a8061370d4240aa583,bd1488a2d411295d7a2118c50ddcc0b158786123613af1676062e2270d1637d1,9cb89005693b1b70c102178849b740fde00b50c9ba5f3b5530d0e5749ea59837,eca954c21da074c545cb7858315ea39fee0a6f54b19e06474b4f2f91f1666847,490eeb15970ef077ee050323b551cd9c3c5534c257f1febddca9af74ed1cf0a4,6031dc4ee08b61c58b35b1efd7d764739d5c7c54dc7cbe9e9a72a1e4a7098596,e2212c40566e21c680a98186ebd8e984aa80d4fd,4d4ad03b827958468b1a231e360c7ad1aa68035c25af068059838ceae6dfa6d6,7a69fb21427492956ac16a4f0657ee843cdef3db07eff5a24421b9f9b4267e2c,main_SHARED_QUERY_123_selected,a033d1483c42c3a34229a4670ecefb6eaee35f3bbd13ee3cc8b179343d3df733,validation,P1,2017-01-06,976,821.2141201203874,491291ad957976ccc76f053af10e90b51539e2f601cdd219b94923a9d7990516
new_p3_training,True,tuned,SHARED_QUERY,123,main,3cfd389bbd05ec9201a41c0892e29bf8199198d1b216b9a8061370d4240aa583,bd1488a2d411295d7a2118c50ddcc0b158786123613af1676062e2270d1637d1,9cb89005693b1b70c102178849b740fde00b50c9ba5f3b5530d0e5749ea59837,eca954c21da074c545cb7858315ea39fee0a6f54b19e06474b4f2f91f1666847,490eeb15970ef077ee050323b551cd9c3c5534c257f1febddca9af74ed1cf0a4,6031dc4ee08b61c58b35b1efd7d764739d5c7c54dc7cbe9e9a72a1e4a7098596,e2212c40566e21c680a98186ebd8e984aa80d4fd,4d4ad03b827958468b1a231e360c7ad1aa68035c25af068059838ceae6dfa6d6,7a69fb21427492956ac16a4f0657ee843cdef3db07eff5a24421b9f9b4267e2c,main_SHARED_QUERY_123_selected,a033d1483c42c3a34229a4670ecefb6eaee35f3bbd13ee3cc8b179343d3df733,validation,P1,2017-01-09,996,867.9580662883822,d429feab00b77bf1ade72318d388225872b2b05c5a568c4dfe812923064f5f06
new_p3_training,True,tuned,SHARED_QUERY,123,main,3cfd389bbd05ec9201a41c0892e29bf8199198d1b216b9a8061370d4240aa583,bd1488a2d411295d7a2118c50ddcc0b158786123613af1676062e2270d1637d1,9cb89005693b1b70c102178849b740fde00b50c9ba5f3b5530d0e5749ea59837,eca954c21da074c545cb7858315ea39fee0a6f54b19e06474b4f2f91f1666847,490eeb15970ef077ee050323b551cd9c3c5534c257f1febddca9af74ed1cf0a4,6031dc4ee08b61c58b35b1efd7d764739d5c7c54dc7cbe9e9a72a1e4a7098596,e2212c40566e21c680a98186ebd8e984aa80d4fd,4d4ad03b827958468b1a231e360c7ad1aa68035c25af068059838ceae6dfa6d6,7a69fb21427492956ac16a4f0657ee843cdef3db07eff5a24421b9f9b4267e2c,main_SHARED_QUERY_123_selected,a033d1483c42c3a34229a4670ecefb6eaee35f3bbd13ee3cc8b179343d3df733,validation,P1,2017-01-10,992,870.7207751067791,94a1c7dc2c8a0097b2c18a7f0af8fe554cf80e81f487952a3c77eea395bad9b5
new_p3_training,True,tuned,SHARED_QUERY,123,main,3cfd389bbd05ec9201a41c0892e29bf8199198d1b216b9a8061370d4240aa583,bd1488a2d411295d7a2118c50ddcc0b158786123613af1676062e2270d1637d1,9cb89005693b1b70c102178849b740fde00b50c9ba5f3b5530d0e5749ea59837,eca954c21da074c545cb7858315ea39fee0a6f54b19e06474b4f2f91f1666847,490eeb15970ef077ee050323b551cd9c3c5534c257f1febddca9af74ed1cf0a4,6031dc4ee08b61c58b35b1efd7d764739d5c7c54dc7cbe9e9a72a1e4a7098596,e2212c40566e21c680a98186ebd8e984aa80d4fd,4d4ad03b827958468b1a231e360c7ad1aa68035c25af068059838ceae6dfa6d6,7a69fb21427492956ac16a4f0657ee843cdef3db07eff5a24421b9f9b4267e2c,main_SHARED_QUERY_123_selected,a033d1483c42c3a34229a4670ecefb6eaee35f3bbd13ee3cc8b179343d3df733,validation,P1,2017-01-11,997,941.2508154058283,c53dc396275b7336a62b2c6ac206c1cb42956d8da3e1ffd5c5e08901ac975885
new_p3_training,True,tuned,SHARED_QUERY,123,main,3cfd389bbd05ec9201a41c0892e29bf8199198d1b216b9a8061370d4240aa583,bd1488a2d411295d7a2118c50ddcc0b158786123613af1676062e2270d1637d1,9cb89005693b1b70c102178849b740fde00b50c9ba5f3b5530d0e5749ea59837,eca954c21da074c545cb7858315ea39fee0a6f54b19e06474b4f2f91f1666847,490eeb15970ef077ee050323b551cd9c3c5534c257f1febddca9af74ed1cf0a4,6031dc4ee08b61c58b35b1efd7d764739d5c7c54dc7cbe9e9a72a1e4a7098596,e2212c40566e21c680a98186ebd8e984aa80d4fd,4d4ad03b827958468b1a231e360c7ad1aa68035c25af068059838ceae6dfa6d6,7a69fb21427492956ac16a4f0657ee843cdef3db07eff5a24421b9f9b4267e2c,main_SHARED_QUERY_123_selected,a033d1483c42c3a34229a4670ecefb6eaee35f3bbd13ee3cc8b179343d3df733,validation,P1,2017-01-12,982,888.8548949743612,685a5f5249747007aa2648bcfd67f304f760b9ad2a05b367e7dbe29ce7e10302
new_p3_training,True,tuned,SHARED_QUERY,123,main,3cfd389bbd05ec9201a41c0892e29bf8199198d1b216b9a8061370d4240aa583,bd1488a2d411295d7a2118c50ddcc0b158786123613af1676062e2270d1637d1,9cb89005693b1b70c102178849b740fde00b50c9ba5f3b5530d0e5749ea59837,eca954c21da074c545cb7858315ea39fee0a6f54b19e06474b4f2f91f1666847,490eeb15970ef077ee050323b551cd9c3c5534c257f1febddca9af74ed1cf0a4,6031dc4ee08b61c58b35b1efd7d764739d5c7c54dc7cbe9e9a72a1e4a7098596,e2212c40566e21c680a98186ebd8e984aa80d4fd,4d4ad03b827958468b1a231e360c7ad1aa68035c25af068059838ceae6dfa6d6,7a69fb21427492956ac16a4f0657ee843cdef3db07eff5a24421b9f9b4267e2c,main_SHARED_QUERY_123_selected,a033d1483c42c3a34229a4670ecefb6eaee35f3bbd13ee3cc8b179343d3df733,validation,P1,2017-01-13,991,885.491106043324,e30fa284ec89f28fa024dc657735b2acdd12343fd47bf36e6d2c99a840e1b4bd
new_p3_training,True,tuned,SHARED_QUERY,123,main,3cfd389bbd05ec9201a41c0892e29bf8199198d1b216b9a8061370d4240aa583,bd1488a2d411295d7a2118c50ddcc0b158786123613af1676062e2270d1637d1,9cb89005693b1b70c102178849b740fde00b50c9ba5f3b5530d0e5749ea59837,eca954c21da074c545cb7858315ea39fee0a6f54b19e06474b4f2f91f1666847,490eeb15970ef077ee050323b551cd9c3c5534c257f1febddca9af74ed1cf0a4,6031dc4ee08b61c58b35b1efd7d764739d5c7c54dc7cbe9e9a72a1e4a7098596,e2212c40566e21c680a98186ebd8e984aa80d4fd,4d4ad03b827958468b1a231e360c7ad1aa68035c25af068059838ceae6dfa6d6,7a69fb21427492956ac16a4f0657ee843cdef3db07eff5a24421b9f9b4267e2c,main_SHARED_QUERY_123_selected,a033d1483c42c3a34229a4670ecefb6eaee35f3bbd13ee3cc8b179343d3df733,validation,P1,2017-01-16,995,911.2235985758151,6d1d41fe833b5d75989c1e4a0946f8eb26f99a9d525b534c2ce4a601037c9f1d
new_p3_training,True,tuned,SHARED_QUERY,123,main,3cfd389bbd05ec9201a41c0892e29bf8199198d1b216b9a8061370d4240aa583,bd1488a2d411295d7a2118c50ddcc0b158786123613af1676062e2270d1637d1,9cb89005693b1b70c102178849b740fde00b50c9ba5f3b5530d0e5749ea59837,eca954c21da074c545cb7858315ea39fee0a6f54b19e06474b4f2f91f1666847,490eeb15970ef077ee050323b551cd9c3c5534c257f1febddca9af74ed1cf0a4,6031dc4ee08b61c58b35b1efd7d764739d5c7c54dc7cbe9e9a72a1e4a7098596,e2212c40566e21c680a98186ebd8e984aa80d4fd,4d4ad03b827958468b1a231e360c7ad1aa68035c25af068059838ceae6dfa6d6,7a69fb21427492956ac16a4f0657ee843cdef3db07eff5a24421b9f9b4267e2c,main_SHARED_QUERY_123_selected,a033d1483c42c3a34229a4670ecefb6eaee35f3bbd13ee3cc8b179343d3df733,validation,P1,2017-01-17,993,906.6101279983122,7df9f5adf4f0d35cb1e4dae07de47e8f74f434c0d3d350b88e3ccac5f8e2700f
new_p3_training,True,tuned,SHARED_QUERY,123,main,3cfd389bbd05ec9201a41c0892e29bf8199198d1b216b9a8061370d4240aa583,bd1488a2d411295d7a2118c50ddcc0b158786123613af1676062e2270d1637d1,9cb89005693b1b70c102178849b740fde00b50c9ba5f3b5530d0e5749ea59837,eca954c21da074c545cb7858315ea39fee0a6f54b19e06474b4f2f91f1666847,490eeb15970ef077ee050323b551cd9c3c5534c257f1febddca9af74ed1cf0a4,6031dc4ee08b61c58b35b1efd7d764739d5c7c54dc7cbe9e9a72a1e4a7098596,e2212c40566e21c680a98186ebd8e984aa80d4fd,4d4ad03b827958468b1a231e360c7ad1aa68035c25af068059838ceae6dfa6d6,7a69fb21427492956ac16a4f0657ee843cdef3db07eff5a24421b9f9b4267e2c,main_SHARED_QUERY_123_selected,a033d1483c42c3a34229a4670ecefb6eaee35f3bbd13ee3cc8b179343d3df733,validation,P1,2017-01-18,990,914.4662010452191,57b7cf3dadb7f4dbb23a8be773a35e1725611022fefe9ab037def31a5f233284
new_p3_training,True,tuned,SHARED_QUERY,123,main,3cfd389bbd05ec9201a41c0892e29bf8199198d1b216b9a8061370d4240aa583,bd1488a2d411295d7a2118c50ddcc0b158786123613af1676062e2270d1637d1,9cb89005693b1b70c102178849b740fde00b50c9ba5f3b5530d0e5749ea59837,eca954c21da074c545cb7858315ea39fee0a6f54b19e06474b4f2f91f1666847,490eeb15970ef077ee050323b551cd9c3c5534c257f1febddca9af74ed1cf0a4,6031dc4ee08b61c58b35b1efd7d764739d5c7c54dc7cbe9e9a72a1e4a7098596,e2212c40566e21c680a98186ebd8e984aa80d4fd,4d4ad03b827958468b1a231e360c7ad1aa68035c25af068059838ceae6dfa6d6,7a69fb21427492956ac16a4f0657ee843cdef3db07eff5a24421b9f9b4267e2c,main_SHARED_QUERY_123_selected,a033d1483c42c3a34229a4670ecefb6eaee35f3bbd13ee3cc8b179343d3df733,validation,P1,2017-01-19,991,976.8164774446672,4b9152479bc053a5fb2fbf040d97b180a90500ac9e00621323c096fe96b70b4f
new_p3_training,True,tuned,SHARED_QUERY,123,main,3cfd389bbd05ec9201a41c0892e29bf8199198d1b216b9a8061370d4240aa583,bd1488a2d411295d7a2118c50ddcc0b158786123613af1676062e2270d1637d1,9cb89005693b1b70c102178849b740fde00b50c9ba5f3b5530d0e5749ea59837,eca954c21da074c545cb7858315ea39fee0a6f54b19e06474b4f2f91f1666847,490eeb15970ef077ee050323b551cd9c3c5534c257f1febddca9af74ed1cf0a4,6031dc4ee08b61c58b35b1efd7d764739d5c7c54dc7cbe9e9a72a1e4a7098596,e2212c40566e21c680a98186ebd8e984aa80d4fd,4d4ad03b827958468b1a231e360c7ad1aa68035c25af068059838ceae6dfa6d6,7a69fb21427492956ac16a4f0657ee843cdef3db07eff5a24421b9f9b4267e2c,main_SHARED_QUERY_123_selected,a033d1483c42c3a34229a4670ecefb6eaee35f3bbd13ee3cc8b179343d3df733,validation,P1,2017-01-20,992,882.3188804550659,4af4228c9ccfb9fc0c31f20a627a1d86e90be19538ef122850ad513938109cf6
new_p3_training,True,tuned,SHARED_QUERY,123,main,3cfd389bbd05ec9201a41c0892e29bf8199198d1b216b9a8061370d4240aa583,bd1488a2d411295d7a2118c50ddcc0b158786123613af1676062e2270d1637d1,9cb89005693b1b70c102178849b740fde00b50c9ba5f3b5530d0e5749ea59837,eca954c21da074c545cb7858315ea39fee0a6f54b19e06474b4f2f91f1666847,490eeb15970ef077ee050323b551cd9c3c5534c257f1febddca9af74ed1cf0a4,6031dc4ee08b61c58b35b1efd7d764739d5c7c54dc7cbe9e9a72a1e4a7098596,e2212c40566e21c680a98186ebd8e984aa80d4fd,4d4ad03b827958468b1a231e360c7ad1aa68035c25af068059838ceae6dfa6d6,7a69fb21427492956ac16a4f0657ee843cdef3db07eff5a24421b9f9b4267e2c,main_SHARED_QUERY_123_selected,a033d1483c42c3a34229a4670ecefb6eaee35f3bbd13ee3cc8b179343d3df733,validation,P1,2017-01-23,984,885.7331057550022,7be79897266d6419be596a9c3ad81809de916556389108eb1c5bfe229dc9e08f
new_p3_training,True,tuned,SHARED_QUERY,123,main,3cfd389bbd05ec9201a41c0892e29bf8199198d1b216b9a8061370d4240aa583,bd1488a2d411295d7a2118c50ddcc0b158786123613af1676062e2270d1637d1,9cb89005693b1b70c102178849b740fde00b50c9ba5f3b5530d0e5749ea59837,eca954c21da074c545cb7858315ea39fee0a6f54b19e06474b4f2f91f1666847,490eeb15970ef077ee050323b551cd9c3c5534c257f1febddca9af74ed1cf0a4,6031dc4ee08b61c58b35b1efd7d764739d5c7c54dc7cbe9e9a72a1e4a7098596,e2212c40566e21c680a98186ebd8e984aa80d4fd,4d4ad03b827958468b1a231e360c7ad1aa68035c25af068059838ceae6dfa6d6,7a69fb21427492956ac16a4f0657ee843cdef3db07eff5a24421b9f9b4267e2c,main_SHARED_QUERY_123_selected,a033d1483c42c3a34229a4670ecefb6eaee35f3bbd13ee3cc8b179343d3df733,validation,P1,2017-01-24,983,865.9355851218469,065b611d3393a0342cadb354aec069d81311f102284a5b89acd8760f44f1ffee
new_p3_training,True,tuned,SHARED_QUERY,123,main,3cfd389bbd05ec9201a41c0892e29bf8199198d1b216b9a8061370d4240aa583,bd1488a2d411295d7a2118c50ddcc0b158786123613af1676062e2270d1637d1,9cb89005693b1b70c102178849b740fde00b50c9ba5f3b5530d0e5749ea59837,eca954c21da074c545cb7858315ea39fee0a6f54b19e06474b4f2f91f1666847,490eeb15970ef077ee050323b551cd9c3c5534c257f1febddca9af74ed1cf0a4,6031dc4ee08b61c58b35b1efd7d764739d5c7c54dc7cbe9e9a72a1e4a7098596,e2212c40566e21c680a98186ebd8e984aa80d4fd,4d4ad03b827958468b1a231e360c7ad1aa68035c25af068059838ceae6dfa6d6,7a69fb21427492956ac16a4f0657ee843cdef3db07eff5a24421b9f9b4267e2c,main_SHARED_QUERY_123_selected,a033d1483c42c3a34229a4670ecefb6eaee35f3bbd13ee3cc8b179343d3df733,validation,P1,2017-01-25,989,902.228958101596,072dce01a7886d3d7b6dee676fb41ff77cc32d36c7d7ee6c64b90beb24ece2f2
new_p3_training,True,tuned,SHARED_QUERY,123,main,3cfd389bbd05ec9201a41c0892e29bf8199198d1b216b9a8061370d4240aa583,bd1488a2d411295d7a2118c50ddcc0b158786123613af1676062e2270d1637d1,9cb89005693b1b70c102178849b740fde00b50c9ba5f3b5530d0e5749ea59837,eca954c21da074c545cb7858315ea39fee0a6f54b19e06474b4f2f91f1666847,490eeb15970ef077ee050323b551cd9c3c5534c257f1febddca9af74ed1cf0a4,6031dc4ee08b61c58b35b1efd7d764739d5c7c54dc7cbe9e9a72a1e4a7098596,e2212c40566e21c680a98186ebd8e984aa80d4fd,4d4ad03b827958468b1a231e360c7ad1aa68035c25af068059838ceae6dfa6d6,7a69fb21427492956ac16a4f0657ee843cdef3db07eff5a24421b9f9b4267e2c,main_SHARED_QUERY_123_selected,a033d1483c42c3a34229a4670ecefb6eaee35f3bbd13ee3cc8b179343d3df733,validation,P1,2017-01-26,982,913.172773953162,2aa7a0e4f35d06f2b06a773a591437e17e6c0d67d85cea9d14187faaf3e704ec
new_p3_training,True,tuned,SHARED_QUERY,123,main,3cfd389bbd05ec9201a41c0892e29bf8199198d1b216b9a8061370d4240aa583,bd1488a2d411295d7a2118c50ddcc0b158786123613af1676062e2270d1637d1,9cb89005693b1b70c102178849b740fde00b50c9ba5f3b5530d0e5749ea59837,eca954c21da074c545cb7858315ea39fee0a6f54b19e06474b4f2f91f1666847,490eeb15970ef077ee050323b551cd9c3c5534c257f1febddca9af74ed1cf0a4,6031dc4ee08b61c58b35b1efd7d764739d5c7c54dc7cbe9e9a72a1e4a7098596,e2212c40566e21c680a98186ebd8e984aa80d4fd,4d4ad03b827958468b1a231e360c7ad1aa68035c25af068059838ceae6dfa6d6,7a69fb21427492956ac16a4f0657ee843cdef3db07eff5a24421b9f9b4267e2c,main_SHARED_QUERY_123_selected,a033d1483c42c3a34229a4670ecefb6eaee35f3bbd13ee3cc8b179343d3df733,validation,P1,2017-01-31,991,898.0105239324159,8555b8e3197d8ad4f7a770bdb3895054b583ec015c73e716bc31e29c1a672735
new_p3_training,True,tuned,SHARED_QUERY,123,main,3cfd389bbd05ec9201a41c0892e29bf8199198d1b216b9a8061370d4240aa583,bd1488a2d411295d7a2118c50ddcc0b158786123613af1676062e2270d1637d1,9cb89005693b1b70c102178849b740fde00b50c9ba5f3b5530d0e5749ea59837,eca954c21da074c545cb7858315ea39fee0a6f54b19e06474b4f2f91f1666847,490eeb15970ef077ee050323b551cd9c3c5534c257f1febddca9af74ed1cf0a4,6031dc4ee08b61c58b35b1efd7d764739d5c7c54dc7cbe9e9a72a1e4a7098596,e2212c40566e21c680a98186ebd8e984aa80d4fd,4d4ad03b827958468b1a231e360c7ad1aa68035c25af068059838ceae6dfa6d6,7a69fb21427492956ac16a4f0657ee843cdef3db07eff5a24421b9f9b4267e2c,main_SHARED_QUERY_123_selected,a033d1483c42c3a34229a4670ecefb6eaee35f3bbd13ee3cc8b179343d3df733,validation,P1,2017-02-01,997,903.1680353535517,96cb6f38a50a1938cbc5ef597d2852502b2cc8b49f654865bdff28298975b98f
new_p3_training,True,tuned,SHARED_QUERY,123,main,3cfd389bbd05ec9201a41c0892e29bf8199198d1b216b9a8061370d4240aa583,bd1488a2d411295d7a2118c50ddcc0b158786123613af1676062e2270d1637d1,9cb89005693b1b70c102178849b740fde00b50c9ba5f3b5530d0e5749ea59837,eca954c21da074c545cb7858315ea39fee0a6f54b19e06474b4f2f91f1666847,490eeb15970ef077ee050323b551cd9c3c5534c257f1febddca9af74ed1cf0a4,6031dc4ee08b61c58b35b1efd7d764739d5c7c54dc7cbe9e9a72a1e4a7098596,e2212c40566e21c680a98186ebd8e984aa80d4fd,4d4ad03b827958468b1a231e360c7ad1aa68035c25af068059838ceae6dfa6d6,7a69fb21427492956ac16a4f0657ee843cdef3db07eff5a24421b9f9b4267e2c,main_SHARED_QUERY_123_selected,a033d1483c42c3a34229a4670ecefb6eaee35f3bbd13ee3cc8b179343d3df733,validation,P1,2017-02-02,995,938.3593680271915,1f13a2d9e3d7b89973d88817f97e54198b8bc9d8e5da5fd9f6ab756089f96e2e
new_p3_training,True,tuned,SHARED_QUERY,123,main,3cfd389bbd05ec9201a41c0892e29bf8199198d1b216b9a8061370d4240aa583,bd1488a2d411295d7a2118c50ddcc0b158786123613af1676062e2270d1637d1,9cb89005693b1b70c102178849b740fde00b50c9ba5f3b5530d0e5749ea59837,eca954c21da074c545cb7858315ea39fee0a6f54b19e06474b4f2f91f1666847,490eeb15970ef077ee050323b551cd9c3c5534c257f1febddca9af74ed1cf0a4,6031dc4ee08b61c58b35b1efd7d764739d5c7c54dc7cbe9e9a72a1e4a7098596,e2212c40566e21c680a98186ebd8e984aa80d4fd,4d4ad03b827958468b1a231e360c7ad1aa68035c25af068059838ceae6dfa6d6,7a69fb21427492956ac16a4f0657ee843cdef3db07eff5a24421b9f9b4267e2c,main_SHARED_QUERY_123_selected,a033d1483c42c3a34229a4670ecefb6eaee35f3bbd13ee3cc8b179343d3df733,validation,P1,2017-02-03,991,911.3876890447434,4a413fdb99facaf607bd8d274f65636c5317e28e8815a1b4c61fc7222e2ce2c4
new_p3_training,True,tuned,SHARED_QUERY,123,main,3cfd389bbd05ec9201a41c0892e29bf8199198d1b216b9a8061370d4240aa583,bd1488a2d411295d7a2118c50ddcc0b158786123613af1676062e2270d1637d1,9cb89005693b1b70c102178849b740fde00b50c9ba5f3b5530d0e5749ea59837,eca954c21da074c545cb7858315ea39fee0a6f54b19e06474b4f2f91f1666847,490eeb15970ef077ee050323b551cd9c3c5534c257f1febddca9af74ed1cf0a4,6031dc4ee08b61c58b35b1efd7d764739d5c7c54dc7cbe9e9a72a1e4a7098596,e2212c40566e21c680a98186ebd8e984aa80d4fd,4d4ad03b827958468b1a231e360c7ad1aa68035c25af068059838ceae6dfa6d6,7a69fb21427492956ac16a4f0657ee843cdef3db07eff5a24421b9f9b4267e2c,main_SHARED_QUERY_123_selected,a033d1483c42c3a34229a4670ecefb6eaee35f3bbd13ee3cc8b179343d3df733,validation,P2,2016-11-24,891,848.9894490528663,1e6b27c0f08be688d3e0501039c7aa7f042924a4646fe11855972f680c5b1c95
new_p3_training,True,tuned,SHARED_QUERY,123,main,3cfd389bbd05ec9201a41c0892e29bf8199198d1b216b9a8061370d4240aa583,bd1488a2d411295d7a2118c50ddcc0b158786123613af1676062e2270d1637d1,9cb89005693b1b70c102178849b740fde00b50c9ba5f3b5530d0e5749ea59837,eca954c21da074c545cb7858315ea39fee0a6f54b19e06474b4f2f91f1666847,490eeb15970ef077ee050323b551cd9c3c5534c257f1febddca9af74ed1cf0a4,6031dc4ee08b61c58b35b1efd7d764739d5c7c54dc7cbe9e9a72a1e4a7098596,e2212c40566e21c680a98186ebd8e984aa80d4fd,4d4ad03b827958468b1a231e360c7ad1aa68035c25af068059838ceae6dfa6d6,7a69fb21427492956ac16a4f0657ee843cdef3db07eff5a24421b9f9b4267e2c,main_SHARED_QUERY_123_selected,a033d1483c42c3a34229a4670ecefb6eaee35f3bbd13ee3cc8b179343d3df733,validation,P2,2016-11-25,891,823.3973509490318,e7150cdd0f35f540b8b6b165284018640419c400b26e10d8e378f4256ce67bf4
new_p3_training,True,tuned,SHARED_QUERY,123,main,3cfd389bbd05ec9201a41c0892e29bf8199198d1b216b9a8061370d4240aa583,bd1488a2d411295d7a2118c50ddcc0b158786123613af1676062e2270d1637d1,9cb89005693b1b70c102178849b740fde00b50c9ba5f3b5530d0e5749ea59837,eca954c21da074c545cb7858315ea39fee0a6f54b19e06474b4f2f91f1666847,490eeb15970ef077ee050323b551cd9c3c5534c257f1febddca9af74ed1cf0a4,6031dc4ee08b61c58b35b1efd7d764739d5c7c54dc7cbe9e9a72a1e4a7098596,e2212c40566e21c680a98186ebd8e984aa80d4fd,4d4ad03b827958468b1a231e360c7ad1aa68035c25af068059838ceae6dfa6d6,7a69fb21427492956ac16a4f0657ee843cdef3db07eff5a24421b9f9b4267e2c,main_SHARED_QUERY_123_selected,a033d1483c42c3a34229a4670ecefb6eaee35f3bbd13ee3cc8b179343d3df733,validation,P2,2016-11-28,891,814.3562442496071,bd2a67de22a7d56da725e458f0c488decfab5c48a058550f34c3416be389a370
new_p3_training,True,tuned,SHARED_QUERY,123,main,3cfd389bbd05ec9201a41c0892e29bf8199198d1b216b9a8061370d4240aa583,bd1488a2d411295d7a2118c50ddcc0b158786123613af1676062e2270d1637d1,9cb89005693b1b70c102178849b740fde00b50c9ba5f3b5530d0e5749ea59837,eca954c21da074c545cb7858315ea39fee0a6f54b19e06474b4f2f91f1666847,490eeb15970ef077ee050323b551cd9c3c5534c257f1febddca9af74ed1cf0a4,6031dc4ee08b61c58b35b1efd7d764739d5c7c54dc7cbe9e9a72a1e4a7098596,e2212c40566e21c680a98186ebd8e984aa80d4fd,4d4ad03b827958468b1a231e360c7ad1aa68035c25af068059838ceae6dfa6d6,7a69fb21427492956ac16a4f0657ee843cdef3db07eff5a24421b9f9b4267e2c,main_SHARED_QUERY_123_selected,a033d1483c42c3a34229a4670ecefb6eaee35f3bbd13ee3cc8b179343d3df733,validation,P2,2016-11-29,891,806.8839760099734,4838bae96d276ee4d462a0cb87024b3cd601e528e5f673b18254066619a177c1
new_p3_training,True,tuned,SHARED_QUERY,123,main,3cfd389bbd05ec9201a41c0892e29bf8199198d1b216b9a8061370d4240aa583,bd1488a2d411295d7a2118c50ddcc0b158786123613af1676062e2270d1637d1,9cb89005693b1b70c102178849b740fde00b50c9ba5f3b5530d0e5749ea59837,eca954c21da074c545cb7858315ea39fee0a6f54b19e06474b4f2f91f1666847,490eeb15970ef077ee050323b551cd9c3c5534c257f1febddca9af74ed1cf0a4,6031dc4ee08b61c58b35b1efd7d764739d5c7c54dc7cbe9e9a72a1e4a7098596,e2212c40566e21c680a98186ebd8e984aa80d4fd,4d4ad03b827958468b1a231e360c7ad1aa68035c25af068059838ceae6dfa6d6,7a69fb21427492956ac16a4f0657ee843cdef3db07eff5a24421b9f9b4267e2c,main_SHARED_QUERY_123_selected,a033d1483c42c3a34229a4670ecefb6eaee35f3bbd13ee3cc8b179343d3df733,validation,P2,2016-11-30,891,817.6715641269054,541f92aae8f1ed581527123e11218f7c013e9ea5ac724c287580c7632ea6d302
new_p3_training,True,tuned,SHARED_QUERY,123,main,3cfd389bbd05ec9201a41c0892e29bf8199198d1b216b9a8061370d4240aa583,bd1488a2d411295d7a2118c50ddcc0b158786123613af1676062e2270d1637d1,9cb89005693b1b70c102178849b740fde00b50c9ba5f3b5530d0e5749ea59837,eca954c21da074c545cb7858315ea39fee0a6f54b19e06474b4f2f91f1666847,490eeb15970ef077ee050323b551cd9c3c5534c257f1febddca9af74ed1cf0a4,6031dc4ee08b61c58b35b1efd7d764739d5c7c54dc7cbe9e9a72a1e4a7098596,e2212c40566e21c680a98186ebd8e984aa80d4fd,4d4ad03b827958468b1a231e360c7ad1aa68035c25af068059838ceae6dfa6d6,7a69fb21427492956ac16a4f0657ee843cdef3db07eff5a24421b9f9b4267e2c,main_SHARED_QUERY_123_selected,a033d1483c42c3a34229a4670ecefb6eaee35f3bbd13ee3cc8b179343d3df733,validation,P2,2016-12-01,891,835.4736770410448,83dacffd00b59c3772c60c2f1a4c452c93139146775af388e188270cdcb86e62
new_p3_training,True,tuned,SHARED_QUERY,123,main,3cfd389bbd05ec9201a41c0892e29bf8199198d1b216b9a8061370d4240aa583,bd1488a2d411295d7a2118c50ddcc0b158786123613af1676062e2270d1637d1,9cb89005693b1b70c102178849b740fde00b50c9ba5f3b5530d0e5749ea59837,eca954c21da074c545cb7858315ea39fee0a6f54b19e06474b4f2f91f1666847,490eeb15970ef077ee050323b551cd9c3c5534c257f1febddca9af74ed1cf0a4,6031dc4ee08b61c58b35b1efd7d764739d5c7c54dc7cbe9e9a72a1e4a7098596,e2212c40566e21c680a98186ebd8e984aa80d4fd,4d4ad03b827958468b1a231e360c7ad1aa68035c25af068059838ceae6dfa6d6,7a69fb21427492956ac16a4f0657ee843cdef3db07eff5a24421b9f9b4267e2c,main_SHARED_QUERY_123_selected,a033d1483c42c3a34229a4670ecefb6eaee35f3bbd13ee3cc8b179343d3df733,validation,P2,2016-12-02,891,837.7661707835084,37511117aeec23e1e1d1c4bb575c4ecb467ba10e3bd0c5c695adb98e68e194a4
new_p3_training,True,tuned,SHARED_QUERY,123,main,3cfd389bbd05ec9201a41c0892e29bf8199198d1b216b9a8061370d4240aa583,bd1488a2d411295d7a2118c50ddcc0b158786123613af1676062e2270d1637d1,9cb89005693b1b70c102178849b740fde00b50c9ba5f3b5530d0e5749ea59837,eca954c21da074c545cb7858315ea39fee0a6f54b19e06474b4f2f91f1666847,490eeb15970ef077ee050323b551cd9c3c5534c257f1febddca9af74ed1cf0a4,6031dc4ee08b61c58b35b1efd7d764739d5c7c54dc7cbe9e9a72a1e4a7098596,e2212c40566e21c680a98186ebd8e984aa80d4fd,4d4ad03b827958468b1a231e360c7ad1aa68035c25af068059838ceae6dfa6d6,7a69fb21427492956ac16a4f0657ee843cdef3db07eff5a24421b9f9b4267e2c,main_SHARED_QUERY_123_selected,a033d1483c42c3a34229a4670ecefb6eaee35f3bbd13ee3cc8b179343d3df733,validation,P2,2016-12-05,891,801.9121613678026,9e14a4cac4f9940471bcd84f434944fdd6528a70d8ab58f4da36098e549bbd3e
new_p3_training,True,tuned,SHARED_QUERY,123,main,3cfd389bbd05ec9201a41c0892e29bf8199198d1b216b9a8061370d4240aa583,bd1488a2d411295d7a2118c50ddcc0b158786123613af1676062e2270d1637d1,9cb89005693b1b70c102178849b740fde00b50c9ba5f3b5530d0e5749ea59837,eca954c21da074c545cb7858315ea39fee0a6f54b19e06474b4f2f91f1666847,490eeb15970ef077ee050323b551cd9c3c5534c257f1febddca9af74ed1cf0a4,6031dc4ee08b61c58b35b1efd7d764739d5c7c54dc7cbe9e9a72a1e4a7098596,e2212c40566e21c680a98186ebd8e984aa80d4fd,4d4ad03b827958468b1a231e360c7ad1aa68035c25af068059838ceae6dfa6d6,7a69fb21427492956ac16a4f0657ee843cdef3db07eff5a24421b9f9b4267e2c,main_SHARED_QUERY_123_selected,a033d1483c42c3a34229a4670ecefb6eaee35f3bbd13ee3cc8b179343d3df733,validation,P2,2016-12-06,891,821.33689738457,f507b2afa3c9bc23eb7ef88202c2ba805a0284a032bd197837d0b71fdec0a27f
new_p3_training,True,tuned,SHARED_QUERY,123,main,3cfd389bbd05ec9201a41c0892e29bf8199198d1b216b9a8061370d4240aa583,bd1488a2d411295d7a2118c50ddcc0b158786123613af1676062e2270d1637d1,9cb89005693b1b70c102178849b740fde00b50c9ba5f3b5530d0e5749ea59837,eca954c21da074c545cb7858315ea39fee0a6f54b19e06474b4f2f91f1666847,490eeb15970ef077ee050323b551cd9c3c5534c257f1febddca9af74ed1cf0a4,6031dc4ee08b61c58b35b1efd7d764739d5c7c54dc7cbe9e9a72a1e4a7098596,e2212c40566e21c680a98186ebd8e984aa80d4fd,4d4ad03b827958468b1a231e360c7ad1aa68035c25af068059838ceae6dfa6d6,7a69fb21427492956ac16a4f0657ee843cdef3db07eff5a24421b9f9b4267e2c,main_SHARED_QUERY_123_selected,a033d1483c42c3a34229a4670ecefb6eaee35f3bbd13ee3cc8b179343d3df733,validation,P2,2016-12-07,891,826.0310835262362,31f99e8bab28bfa15e09403f649160d840fa4b162087a964a8b4d00879803098
new_p3_training,True,tuned,SHARED_QUERY,123,main,3cfd389bbd05ec9201a41c0892e29bf8199198d1b216b9a8061370d4240aa583,bd1488a2d411295d7a2118c50ddcc0b158786123613af1676062e2270d1637d1,9cb89005693b1b70c102178849b740fde00b50c9ba5f3b5530d0e5749ea59837,eca954c21da074c545cb7858315ea39fee0a6f54b19e06474b4f2f91f1666847,490eeb15970ef077ee050323b551cd9c3c5534c257f1febddca9af74ed1cf0a4,6031dc4ee08b61c58b35b1efd7d764739d5c7c54dc7cbe9e9a72a1e4a7098596,e2212c40566e21c680a98186ebd8e984aa80d4fd,4d4ad03b827958468b1a231e360c7ad1aa68035c25af068059838ceae6dfa6d6,7a69fb21427492956ac16a4f0657ee843cdef3db07eff5a24421b9f9b4267e2c,main_SHARED_QUERY_123_selected,a033d1483c42c3a34229a4670ecefb6eaee35f3bbd13ee3cc8b179343d3df733,validation,P2,2016-12-08,891,865.9119627178299,9829d824eaaa2044e103e550ff6b170c5a4fbf933a6618a0f8b69a663c971257
new_p3_training,True,tuned,SHARED_QUERY,123,main,3cfd389bbd05ec9201a41c0892e29bf8199198d1b216b9a8061370d4240aa583,bd1488a2d411295d7a2118c50ddcc0b158786123613af1676062e2270d1637d1,9cb89005693b1b70c102178849b740fde00b50c9ba5f3b5530d0e5749ea59837,eca954c21da074c545cb7858315ea39fee0a6f54b19e06474b4f2f91f1666847,490eeb15970ef077ee050323b551cd9c3c5534c257f1febddca9af74ed1cf0a4,6031dc4ee08b61c58b35b1efd7d764739d5c7c54dc7cbe9e9a72a1e4a7098596,e2212c40566e21c680a98186ebd8e984aa80d4fd,4d4ad03b827958468b1a231e360c7ad1aa68035c25af068059838ceae6dfa6d6,7a69fb21427492956ac16a4f0657ee843cdef3db07eff5a24421b9f9b4267e2c,main_SHARED_QUERY_123_selected,a033d1483c42c3a34229a4670ecefb6eaee35f3bbd13ee3cc8b179343d3df733,validation,P2,2016-12-09,891,837.044957064085,3b012d266e3de9a892549abfa9323a261da5718e5c376d5c896667b26fb0f59b
new_p3_training,True,tuned,SHARED_QUERY,123,main,3cfd389bbd05ec9201a41c0892e29bf8199198d1b216b9a8061370d4240aa583,bd1488a2d411295d7a2118c50ddcc0b158786123613af1676062e2270d1637d1,9cb89005693b1b70c102178849b740fde00b50c9ba5f3b5530d0e5749ea59837,eca954c21da074c545cb7858315ea39fee0a6f54b19e06474b4f2f91f1666847,490eeb15970ef077ee050323b551cd9c3c5534c257f1febddca9af74ed1cf0a4,6031dc4ee08b61c58b35b1efd7d764739d5c7c54dc7cbe9e9a72a1e4a7098596,e2212c40566e21c680a98186ebd8e984aa80d4fd,4d4ad03b827958468b1a231e360c7ad1aa68035c25af068059838ceae6dfa6d6,7a69fb21427492956ac16a4f0657ee843cdef3db07eff5a24421b9f9b4267e2c,main_SHARED_QUERY_123_selected,a033d1483c42c3a34229a4670ecefb6eaee35f3bbd13ee3cc8b179343d3df733,validation,P2,2016-12-12,891,788.3919250221318,29350347d2b99412665bbaa5a3430bb5a0e5a33ffd9db9dbfaa130214f4c2303
new_p3_training,True,tuned,SHARED_QUERY,123,main,3cfd389bbd05ec9201a41c0892e29bf8199198d1b216b9a8061370d4240aa583,bd1488a2d411295d7a2118c50ddcc0b158786123613af1676062e2270d1637d1,9cb89005693b1b70c102178849b740fde00b50c9ba5f3b5530d0e5749ea59837,eca954c21da074c545cb7858315ea39fee0a6f54b19e06474b4f2f91f1666847,490eeb15970ef077ee050323b551cd9c3c5534c257f1febddca9af74ed1cf0a4,6031dc4ee08b61c58b35b1efd7d764739d5c7c54dc7cbe9e9a72a1e4a7098596,e2212c40566e21c680a98186ebd8e984aa80d4fd,4d4ad03b827958468b1a231e360c7ad1aa68035c25af068059838ceae6dfa6d6,7a69fb21427492956ac16a4f0657ee843cdef3db07eff5a24421b9f9b4267e2c,main_SHARED_QUERY_123_selected,a033d1483c42c3a34229a4670ecefb6eaee35f3bbd13ee3cc8b179343d3df733,validation,P2,2016-12-13,891,805.046684465422,b53e5a486afccd5bb6eceed64652d751b0b0c17a1fa0c9b591956ae299633fd8
new_p3_training,True,tuned,SHARED_QUERY,123,main,3cfd389bbd05ec9201a41c0892e29bf8199198d1b216b9a8061370d4240aa583,bd1488a2d411295d7a2118c50ddcc0b158786123613af1676062e2270d1637d1,9cb89005693b1b70c102178849b740fde00b50c9ba5f3b5530d0e5749ea59837,eca954c21da074c545cb7858315ea39fee0a6f54b19e06474b4f2f91f1666847,490eeb15970ef077ee050323b551cd9c3c5534c257f1febddca9af74ed1cf0a4,6031dc4ee08b61c58b35b1efd7d764739d5c7c54dc7cbe9e9a72a1e4a7098596,e2212c40566e21c680a98186ebd8e984aa80d4fd,4d4ad03b827958468b1a231e360c7ad1aa68035c25af068059838ceae6dfa6d6,7a69fb21427492956ac16a4f0657ee843cdef3db07eff5a24421b9f9b4267e2c,main_SHARED_QUERY_123_selected,a033d1483c42c3a34229a4670ecefb6eaee35f3bbd13ee3cc8b179343d3df733,validation,P2,2016-12-14,891,819.9830320410219,3d40b46004545fdca68d18514b7785e5cb0e3dd586ea4c8e795a2c72af585771
new_p3_training,True,tuned,SHARED_QUERY,123,main,3cfd389bbd05ec9201a41c0892e29bf8199198d1b216b9a8061370d4240aa583,bd1488a2d411295d7a2118c50ddcc0b158786123613af1676062e2270d1637d1,9cb89005693b1b70c102178849b740fde00b50c9ba5f3b5530d0e5749ea59837,eca954c21da074c545cb7858315ea39fee0a6f54b19e06474b4f2f91f1666847,490eeb15970ef077ee050323b551cd9c3c5534c257f1febddca9af74ed1cf0a4,6031dc4ee08b61c58b35b1efd7d764739d5c7c54dc7cbe9e9a72a1e4a7098596,e2212c40566e21c680a98186ebd8e984aa80d4fd,4d4ad03b827958468b1a231e360c7ad1aa68035c25af068059838ceae6dfa6d6,7a69fb21427492956ac16a4f0657ee843cdef3db07eff5a24421b9f9b4267e2c,main_SHARED_QUERY_123_selected,a033d1483c42c3a34229a4670ecefb6eaee35f3bbd13ee3cc8b179343d3df733,validation,P2,2016-12-15,891,824.8863658545388,6d88cbfdd6b1da19cebd90ef105b952a8d3733300e52d00fa32d0a26e4fb292c
new_p3_training,True,tuned,SHARED_QUERY,123,main,3cfd389bbd05ec9201a41c0892e29bf8199198d1b216b9a8061370d4240aa583,bd1488a2d411295d7a2118c50ddcc0b158786123613af1676062e2270d1637d1,9cb89005693b1b70c102178849b740fde00b50c9ba5f3b5530d0e5749ea59837,eca954c21da074c545cb7858315ea39fee0a6f54b19e06474b4f2f91f1666847,490eeb15970ef077ee050323b551cd9c3c5534c257f1febddca9af74ed1cf0a4,6031dc4ee08b61c58b35b1efd7d764739d5c7c54dc7cbe9e9a72a1e4a7098596,e2212c40566e21c680a98186ebd8e984aa80d4fd,4d4ad03b827958468b1a231e360c7ad1aa68035c25af068059838ceae6dfa6d6,7a69fb21427492956ac16a4f0657ee843cdef3db07eff5a24421b9f9b4267e2c,main_SHARED_QUERY_123_selected,a033d1483c42c3a34229a4670ecefb6eaee35f3bbd13ee3cc8b179343d3df733,validation,P2,2016-12-16,891,793.2621054902423,0e1ab835228af8f43798d3d81d29c0487bc6c298a8f518bb4263a66d80b494d6
new_p3_training,True,tuned,SHARED_QUERY,123,main,3cfd389bbd05ec9201a41c0892e29bf8199198d1b216b9a8061370d4240aa583,bd1488a2d411295d7a2118c50ddcc0b158786123613af1676062e2270d1637d1,9cb89005693b1b70c102178849b740fde00b50c9ba5f3b5530d0e5749ea59837,eca954c21da074c545cb7858315ea39fee0a6f54b19e06474b4f2f91f1666847,490eeb15970ef077ee050323b551cd9c3c5534c257f1febddca9af74ed1cf0a4,6031dc4ee08b61c58b35b1efd7d764739d5c7c54dc7cbe9e9a72a1e4a7098596,e2212c40566e21c680a98186ebd8e984aa80d4fd,4d4ad03b827958468b1a231e360c7ad1aa68035c25af068059838ceae6dfa6d6,7a69fb21427492956ac16a4f0657ee843cdef3db07eff5a24421b9f9b4267e2c,main_SHARED_QUERY_123_selected,a033d1483c42c3a34229a4670ecefb6eaee35f3bbd13ee3cc8b179343d3df733,validation,P2,2016-12-19,891,789.8053924919059,6946062e325509c57398da11e9d70ccece2cc6dde7cee6821d325546c99d2a05
new_p3_training,True,tuned,SHARED_QUERY,123,main,3cfd389bbd05ec9201a41c0892e29bf8199198d1b216b9a8061370d4240aa583,bd1488a2d411295d7a2118c50ddcc0b158786123613af1676062e2270d1637d1,9cb89005693b1b70c102178849b740fde00b50c9ba5f3b5530d0e5749ea59837,eca954c21da074c545cb7858315ea39fee0a6f54b19e06474b4f2f91f1666847,490eeb15970ef077ee050323b551cd9c3c5534c257f1febddca9af74ed1cf0a4,6031dc4ee08b61c58b35b1efd7d764739d5c7c54dc7cbe9e9a72a1e4a7098596,e2212c40566e21c680a98186ebd8e984aa80d4fd,4d4ad03b827958468b1a231e360c7ad1aa68035c25af068059838ceae6dfa6d6,7a69fb21427492956ac16a4f0657ee843cdef3db07eff5a24421b9f9b4267e2c,main_SHARED_QUERY_123_selected,a033d1483c42c3a34229a4670ecefb6eaee35f3bbd13ee3cc8b179343d3df733,validation,P2,2016-12-20,891,779.9734618052648,3ca31c6179ed02fb24c56f6ab5373f1ae34c77d30a4b3e9ebf1acec9edd6606d
new_p3_training,True,tuned,SHARED_QUERY,123,main,3cfd389bbd05ec9201a41c0892e29bf8199198d1b216b9a8061370d4240aa583,bd1488a2d411295d7a2118c50ddcc0b158786123613af1676062e2270d1637d1,9cb89005693b1b70c102178849b740fde00b50c9ba5f3b5530d0e5749ea59837,eca954c21da074c545cb7858315ea39fee0a6f54b19e06474b4f2f91f1666847,490eeb15970ef077ee050323b551cd9c3c5534c257f1febddca9af74ed1cf0a4,6031dc4ee08b61c58b35b1efd7d764739d5c7c54dc7cbe9e9a72a1e4a7098596,e2212c40566e21c680a98186ebd8e984aa80d4fd,4d4ad03b827958468b1a231e360c7ad1aa68035c25af068059838ceae6dfa6d6,7a69fb21427492956ac16a4f0657ee843cdef3db07eff5a24421b9f9b4267e2c,main_SHARED_QUERY_123_selected,a033d1483c42c3a34229a4670ecefb6eaee35f3bbd13ee3cc8b179343d3df733,validation,P2,2016-12-21,891,813.3436694789532,cdb6ef54b8bdcb63cfb22c13fc9f1bd8a3cf4b6c8a67b792fe6ed2400548183d
new_p3_training,True,tuned,SHARED_QUERY,123,main,3cfd389bbd05ec9201a41c0892e29bf8199198d1b216b9a8061370d4240aa583,bd1488a2d411295d7a2118c50ddcc0b158786123613af1676062e2270d1637d1,9cb89005693b1b70c102178849b740fde00b50c9ba5f3b5530d0e5749ea59837,eca954c21da074c545cb7858315ea39fee0a6f54b19e06474b4f2f91f1666847,490eeb15970ef077ee050323b551cd9c3c5534c257f1febddca9af74ed1cf0a4,6031dc4ee08b61c58b35b1efd7d764739d5c7c54dc7cbe9e9a72a1e4a7098596,e2212c40566e21c680a98186ebd8e984aa80d4fd,4d4ad03b827958468b1a231e360c7ad1aa68035c25af068059838ceae6dfa6d6,7a69fb21427492956ac16a4f0657ee843cdef3db07eff5a24421b9f9b4267e2c,main_SHARED_QUERY_123_selected,a033d1483c42c3a34229a4670ecefb6eaee35f3bbd13ee3cc8b179343d3df733,validation,P2,2016-12-22,891,806.3770024289294,6609c6a2d8277986cbfc454941bf28b68e2ac31b51ccc65aac415e28182954ef
new_p3_training,True,tuned,SHARED_QUERY,123,main,3cfd389bbd05ec9201a41c0892e29bf8199198d1b216b9a8061370d4240aa583,bd1488a2d411295d7a2118c50ddcc0b158786123613af1676062e2270d1637d1,9cb89005693b1b70c102178849b740fde00b50c9ba5f3b5530d0e5749ea59837,eca954c21da074c545cb7858315ea39fee0a6f54b19e06474b4f2f91f1666847,490eeb15970ef077ee050323b551cd9c3c5534c257f1febddca9af74ed1cf0a4,6031dc4ee08b61c58b35b1efd7d764739d5c7c54dc7cbe9e9a72a1e4a7098596,e2212c40566e21c680a98186ebd8e984aa80d4fd,4d4ad03b827958468b1a231e360c7ad1aa68035c25af068059838ceae6dfa6d6,7a69fb21427492956ac16a4f0657ee843cdef3db07eff5a24421b9f9b4267e2c,main_SHARED_QUERY_123_selected,a033d1483c42c3a34229a4670ecefb6eaee35f3bbd13ee3cc8b179343d3df733,validation,P2,2016-12-23,891,730.5212432515024,e1899a0ae82cf0565901b696ddba16a3e9eb81698b6f93a3e140a4328cd45904
new_p3_training,True,tuned,SHARED_QUERY,123,main,3cfd389bbd05ec9201a41c0892e29bf8199198d1b216b9a8061370d4240aa583,bd1488a2d411295d7a2118c50ddcc0b158786123613af1676062e2270d1637d1,9cb89005693b1b70c102178849b740fde00b50c9ba5f3b5530d0e5749ea59837,eca954c21da074c545cb7858315ea39fee0a6f54b19e06474b4f2f91f1666847,490eeb15970ef077ee050323b551cd9c3c5534c257f1febddca9af74ed1cf0a4,6031dc4ee08b61c58b35b1efd7d764739d5c7c54dc7cbe9e9a72a1e4a7098596,e2212c40566e21c680a98186ebd8e984aa80d4fd,4d4ad03b827958468b1a231e360c7ad1aa68035c25af068059838ceae6dfa6d6,7a69fb21427492956ac16a4f0657ee843cdef3db07eff5a24421b9f9b4267e2c,main_SHARED_QUERY_123_selected,a033d1483c42c3a34229a4670ecefb6eaee35f3bbd13ee3cc8b179343d3df733,validation,P2,2016-12-26,891,774.7295661373045,75f82946fb1aca3d079db6b9431c30d8c0cb086c6223aab8c38a4db0ea7fc3ac
new_p3_training,True,tuned,SHARED_QUERY,123,main,3cfd389bbd05ec9201a41c0892e29bf8199198d1b216b9a8061370d4240aa583,bd1488a2d411295d7a2118c50ddcc0b158786123613af1676062e2270d1637d1,9cb89005693b1b70c102178849b740fde00b50c9ba5f3b5530d0e5749ea59837,eca954c21da074c545cb7858315ea39fee0a6f54b19e06474b4f2f91f1666847,490eeb15970ef077ee050323b551cd9c3c5534c257f1febddca9af74ed1cf0a4,6031dc4ee08b61c58b35b1efd7d764739d5c7c54dc7cbe9e9a72a1e4a7098596,e2212c40566e21c680a98186ebd8e984aa80d4fd,4d4ad03b827958468b1a231e360c7ad1aa68035c25af068059838ceae6dfa6d6,7a69fb21427492956ac16a4f0657ee843cdef3db07eff5a24421b9f9b4267e2c,main_SHARED_QUERY_123_selected,a033d1483c42c3a34229a4670ecefb6eaee35f3bbd13ee3cc8b179343d3df733,validation,P2,2016-12-27,891,769.1167163446584,2953e6d87e33d174203ae421e24084ff82ce471b269539172e3db28655449f95
new_p3_training,True,tuned,SHARED_QUERY,123,main,3cfd389bbd05ec9201a41c0892e29bf8199198d1b216b9a8061370d4240aa583,bd1488a2d411295d7a2118c50ddcc0b158786123613af1676062e2270d1637d1,9cb89005693b1b70c102178849b740fde00b50c9ba5f3b5530d0e5749ea59837,eca954c21da074c545cb7858315ea39fee0a6f54b19e06474b4f2f91f1666847,490eeb15970ef077ee050323b551cd9c3c5534c257f1febddca9af74ed1cf0a4,6031dc4ee08b61c58b35b1efd7d764739d5c7c54dc7cbe9e9a72a1e4a7098596,e2212c40566e21c680a98186ebd8e984aa80d4fd,4d4ad03b827958468b1a231e360c7ad1aa68035c25af068059838ceae6dfa6d6,7a69fb21427492956ac16a4f0657ee843cdef3db07eff5a24421b9f9b4267e2c,main_SHARED_QUERY_123_selected,a033d1483c42c3a34229a4670ecefb6eaee35f3bbd13ee3cc8b179343d3df733,validation,P2,2016-12-28,891,769.735698787097,cc47e205ad0568dc227d0dea277f0edf39c98960c0c35c9afc9b7443ddcaa943
new_p3_training,True,tuned,SHARED_QUERY,123,main,3cfd389bbd05ec9201a41c0892e29bf8199198d1b216b9a8061370d4240aa583,bd1488a2d411295d7a2118c50ddcc0b158786123613af1676062e2270d1637d1,9cb89005693b1b70c102178849b740fde00b50c9ba5f3b5530d0e5749ea59837,eca954c21da074c545cb7858315ea39fee0a6f54b19e06474b4f2f91f1666847,490eeb15970ef077ee050323b551cd9c3c5534c257f1febddca9af74ed1cf0a4,6031dc4ee08b61c58b35b1efd7d764739d5c7c54dc7cbe9e9a72a1e4a7098596,e2212c40566e21c680a98186ebd8e984aa80d4fd,4d4ad03b827958468b1a231e360c7ad1aa68035c25af068059838ceae6dfa6d6,7a69fb21427492956ac16a4f0657ee843cdef3db07eff5a24421b9f9b4267e2c,main_SHARED_QUERY_123_selected,a033d1483c42c3a34229a4670ecefb6eaee35f3bbd13ee3cc8b179343d3df733,validation,P2,2016-12-29,891,807.8798467286699,c237907a28836b584ffc63d82c5f89541368fb5550aac30b40c006f4fad57e9b
new_p3_training,True,tuned,SHARED_QUERY,123,main,3cfd389bbd05ec9201a41c0892e29bf8199198d1b216b9a8061370d4240aa583,bd1488a2d411295d7a2118c50ddcc0b158786123613af1676062e2270d1637d1,9cb89005693b1b70c102178849b740fde00b50c9ba5f3b5530d0e5749ea59837,eca954c21da074c545cb7858315ea39fee0a6f54b19e06474b4f2f91f1666847,490eeb15970ef077ee050323b551cd9c3c5534c257f1febddca9af74ed1cf0a4,6031dc4ee08b61c58b35b1efd7d764739d5c7c54dc7cbe9e9a72a1e4a7098596,e2212c40566e21c680a98186ebd8e984aa80d4fd,4d4ad03b827958468b1a231e360c7ad1aa68035c25af068059838ceae6dfa6d6,7a69fb21427492956ac16a4f0657ee843cdef3db07eff5a24421b9f9b4267e2c,main_SHARED_QUERY_123_selected,a033d1483c42c3a34229a4670ecefb6eaee35f3bbd13ee3cc8b179343d3df733,validation,P2,2017-01-02,891,878.745645877307,f483fbb330e79e7a71e9dff10dd34d4409b7cbc9b9e125e386c0c480bd6760bf
new_p3_training,True,tuned,SHARED_QUERY,123,main,3cfd389bbd05ec9201a41c0892e29bf8199198d1b216b9a8061370d4240aa583,bd1488a2d411295d7a2118c50ddcc0b158786123613af1676062e2270d1637d1,9cb89005693b1b70c102178849b740fde00b50c9ba5f3b5530d0e5749ea59837,eca954c21da074c545cb7858315ea39fee0a6f54b19e06474b4f2f91f1666847,490eeb15970ef077ee050323b551cd9c3c5534c257f1febddca9af74ed1cf0a4,6031dc4ee08b61c58b35b1efd7d764739d5c7c54dc7cbe9e9a72a1e4a7098596,e2212c40566e21c680a98186ebd8e984aa80d4fd,4d4ad03b827958468b1a231e360c7ad1aa68035c25af068059838ceae6dfa6d6,7a69fb21427492956ac16a4f0657ee843cdef3db07eff5a24421b9f9b4267e2c,main_SHARED_QUERY_123_selected,a033d1483c42c3a34229a4670ecefb6eaee35f3bbd13ee3cc8b179343d3df733,validation,P2,2017-01-03,891,797.1309296357749,6113030b1440a7bf3fc799dec27ea12195c609156888b8b1bc3ecd28db634b5a
new_p3_training,True,tuned,SHARED_QUERY,123,main,3cfd389bbd05ec9201a41c0892e29bf8199198d1b216b9a8061370d4240aa583,bd1488a2d411295d7a2118c50ddcc0b158786123613af1676062e2270d1637d1,9cb89005693b1b70c102178849b740fde00b50c9ba5f3b5530d0e5749ea59837,eca954c21da074c545cb7858315ea39fee0a6f54b19e06474b4f2f91f1666847,490eeb15970ef077ee050323b551cd9c3c5534c257f1febddca9af74ed1cf0a4,6031dc4ee08b61c58b35b1efd7d764739d5c7c54dc7cbe9e9a72a1e4a7098596,e2212c40566e21c680a98186ebd8e984aa80d4fd,4d4ad03b827958468b1a231e360c7ad1aa68035c25af068059838ceae6dfa6d6,7a69fb21427492956ac16a4f0657ee843cdef3db07eff5a24421b9f9b4267e2c,main_SHARED_QUERY_123_selected,a033d1483c42c3a34229a4670ecefb6eaee35f3bbd13ee3cc8b179343d3df733,validation,P2,2017-01-04,891,798.1155884542079,70ae0446de18aa9cde7672cbabcd0a1dc5a8832f1c03560acd0e2a2f9664aab3
new_p3_training,True,tuned,SHARED_QUERY,123,main,3cfd389bbd05ec9201a41c0892e29bf8199198d1b216b9a8061370d4240aa583,bd1488a2d411295d7a2118c50ddcc0b158786123613af1676062e2270d1637d1,9cb89005693b1b70c102178849b740fde00b50c9ba5f3b5530d0e5749ea59837,eca954c21da074c545cb7858315ea39fee0a6f54b19e06474b4f2f91f1666847,490eeb15970ef077ee050323b551cd9c3c5534c257f1febddca9af74ed1cf0a4,6031dc4ee08b61c58b35b1efd7d764739d5c7c54dc7cbe9e9a72a1e4a7098596,e2212c40566e21c680a98186ebd8e984aa80d4fd,4d4ad03b827958468b1a231e360c7ad1aa68035c25af068059838ceae6dfa6d6,7a69fb21427492956ac16a4f0657ee843cdef3db07eff5a24421b9f9b4267e2c,main_SHARED_QUERY_123_selected,a033d1483c42c3a34229a4670ecefb6eaee35f3bbd13ee3cc8b179343d3df733,validation,P2,2017-01-05,891,801.6260594592393,607a9bda025ba02e821d6252c6c20c80746913062e71bcfa323212065a4c00eb
new_p3_training,True,tuned,SHARED_QUERY,123,main,3cfd389bbd05ec9201a41c0892e29bf8199198d1b216b9a8061370d4240aa583,bd1488a2d411295d7a2118c50ddcc0b158786123613af1676062e2270d1637d1,9cb89005693b1b70c102178849b740fde00b50c9ba5f3b5530d0e5749ea59837,eca954c21da074c545cb7858315ea39fee0a6f54b19e06474b4f2f91f1666847,490eeb15970ef077ee050323b551cd9c3c5534c257f1febddca9af74ed1cf0a4,6031dc4ee08b61c58b35b1efd7d764739d5c7c54dc7cbe9e9a72a1e4a7098596,e2212c40566e21c680a98186ebd8e984aa80d4fd,4d4ad03b827958468b1a231e360c7ad1aa68035c25af068059838ceae6dfa6d6,7a69fb21427492956ac16a4f0657ee843cdef3db07eff5a24421b9f9b4267e2c,main_SHARED_QUERY_123_selected,a033d1483c42c3a34229a4670ecefb6eaee35f3bbd13ee3cc8b179343d3df733,validation,P2,2017-01-06,891,763.6502321216344,b61dfd1440a99171d5cfff2c62de26c6d48f685bab7b64ff391c259b524bda67
new_p3_training,True,tuned,SHARED_QUERY,123,main,3cfd389bbd05ec9201a41c0892e29bf8199198d1b216b9a8061370d4240aa583,bd1488a2d411295d7a2118c50ddcc0b158786123613af1676062e2270d1637d1,9cb89005693b1b70c102178849b740fde00b50c9ba5f3b5530d0e5749ea59837,eca954c21da074c545cb7858315ea39fee0a6f54b19e06474b4f2f91f1666847,490eeb15970ef077ee050323b551cd9c3c5534c257f1febddca9af74ed1cf0a4,6031dc4ee08b61c58b35b1efd7d764739d5c7c54dc7cbe9e9a72a1e4a7098596,e2212c40566e21c680a98186ebd8e984aa80d4fd,4d4ad03b827958468b1a231e360c7ad1aa68035c25af068059838ceae6dfa6d6,7a69fb21427492956ac16a4f0657ee843cdef3db07eff5a24421b9f9b4267e2c,main_SHARED_QUERY_123_selected,a033d1483c42c3a34229a4670ecefb6eaee35f3bbd13ee3cc8b179343d3df733,validation,P2,2017-01-09,891,787.0283867366913,43cfc072d1cdbe68b0170458dd47312652c7bf90adab11c0269c45c213256c7f
new_p3_training,True,tuned,SHARED_QUERY,123,main,3cfd389bbd05ec9201a41c0892e29bf8199198d1b216b9a8061370d4240aa583,bd1488a2d411295d7a2118c50ddcc0b158786123613af1676062e2270d1637d1,9cb89005693b1b70c102178849b740fde00b50c9ba5f3b5530d0e5749ea59837,eca954c21da074c545cb7858315ea39fee0a6f54b19e06474b4f2f91f1666847,490eeb15970ef077ee050323b551cd9c3c5534c257f1febddca9af74ed1cf0a4,6031dc4ee08b61c58b35b1efd7d764739d5c7c54dc7cbe9e9a72a1e4a7098596,e2212c40566e21c680a98186ebd8e984aa80d4fd,4d4ad03b827958468b1a231e360c7ad1aa68035c25af068059838ceae6dfa6d6,7a69fb21427492956ac16a4f0657ee843cdef3db07eff5a24421b9f9b4267e2c,main_SHARED_QUERY_123_selected,a033d1483c42c3a34229a4670ecefb6eaee35f3bbd13ee3cc8b179343d3df733,validation,P2,2017-01-10,891,783.5580572183899,88b0757a3c3a19d7d60587d4d7a0531a3ce43cb8236d324b515d61a982d09540
new_p3_training,True,tuned,SHARED_QUERY,123,main,3cfd389bbd05ec9201a41c0892e29bf8199198d1b216b9a8061370d4240aa583,bd1488a2d411295d7a2118c50ddcc0b158786123613af1676062e2270d1637d1,9cb89005693b1b70c102178849b740fde00b50c9ba5f3b5530d0e5749ea59837,eca954c21da074c545cb7858315ea39fee0a6f54b19e06474b4f2f91f1666847,490eeb15970ef077ee050323b551cd9c3c5534c257f1febddca9af74ed1cf0a4,6031dc4ee08b61c58b35b1efd7d764739d5c7c54dc7cbe9e9a72a1e4a7098596,e2212c40566e21c680a98186ebd8e984aa80d4fd,4d4ad03b827958468b1a231e360c7ad1aa68035c25af068059838ceae6dfa6d6,7a69fb21427492956ac16a4f0657ee843cdef3db07eff5a24421b9f9b4267e2c,main_SHARED_QUERY_123_selected,a033d1483c42c3a34229a4670ecefb6eaee35f3bbd13ee3cc8b179343d3df733,validation,P2,2017-01-11,891,847.0290870988861,7a80250d8262c7b46d6e4b4346dac7b869c870451baaf0429743712ebf9de08d
new_p3_training,True,tuned,SHARED_QUERY,123,main,3cfd389bbd05ec9201a41c0892e29bf8199198d1b216b9a8061370d4240aa583,bd1488a2d411295d7a2118c50ddcc0b158786123613af1676062e2270d1637d1,9cb89005693b1b70c102178849b740fde00b50c9ba5f3b5530d0e5749ea59837,eca954c21da074c545cb7858315ea39fee0a6f54b19e06474b4f2f91f1666847,490eeb15970ef077ee050323b551cd9c3c5534c257f1febddca9af74ed1cf0a4,6031dc4ee08b61c58b35b1efd7d764739d5c7c54dc7cbe9e9a72a1e4a7098596,e2212c40566e21c680a98186ebd8e984aa80d4fd,4d4ad03b827958468b1a231e360c7ad1aa68035c25af068059838ceae6dfa6d6,7a69fb21427492956ac16a4f0657ee843cdef3db07eff5a24421b9f9b4267e2c,main_SHARED_QUERY_123_selected,a033d1483c42c3a34229a4670ecefb6eaee35f3bbd13ee3cc8b179343d3df733,validation,P2,2017-01-12,891,814.3977016928011,0317d9d1bce2756529db5126140f96fae82cc4f88f5477151b146b8b54840d21
new_p3_training,True,tuned,SHARED_QUERY,123,main,3cfd389bbd05ec9201a41c0892e29bf8199198d1b216b9a8061370d4240aa583,bd1488a2d411295d7a2118c50ddcc0b158786123613af1676062e2270d1637d1,9cb89005693b1b70c102178849b740fde00b50c9ba5f3b5530d0e5749ea59837,eca954c21da074c545cb7858315ea39fee0a6f54b19e06474b4f2f91f1666847,490eeb15970ef077ee050323b551cd9c3c5534c257f1febddca9af74ed1cf0a4,6031dc4ee08b61c58b35b1efd7d764739d5c7c54dc7cbe9e9a72a1e4a7098596,e2212c40566e21c680a98186ebd8e984aa80d4fd,4d4ad03b827958468b1a231e360c7ad1aa68035c25af068059838ceae6dfa6d6,7a69fb21427492956ac16a4f0657ee843cdef3db07eff5a24421b9f9b4267e2c,main_SHARED_QUERY_123_selected,a033d1483c42c3a34229a4670ecefb6eaee35f3bbd13ee3cc8b179343d3df733,validation,P2,2017-01-13,891,804.1929639455059,b773610d18a35980504d2d943990f322c0c2081d7ed3c13a1d0036f50744eebc
new_p3_training,True,tuned,SHARED_QUERY,123,main,3cfd389bbd05ec9201a41c0892e29bf8199198d1b216b9a8061370d4240aa583,bd1488a2d411295d7a2118c50ddcc0b158786123613af1676062e2270d1637d1,9cb89005693b1b70c102178849b740fde00b50c9ba5f3b5530d0e5749ea59837,eca954c21da074c545cb7858315ea39fee0a6f54b19e06474b4f2f91f1666847,490eeb15970ef077ee050323b551cd9c3c5534c257f1febddca9af74ed1cf0a4,6031dc4ee08b61c58b35b1efd7d764739d5c7c54dc7cbe9e9a72a1e4a7098596,e2212c40566e21c680a98186ebd8e984aa80d4fd,4d4ad03b827958468b1a231e360c7ad1aa68035c25af068059838ceae6dfa6d6,7a69fb21427492956ac16a4f0657ee843cdef3db07eff5a24421b9f9b4267e2c,main_SHARED_QUERY_123_selected,a033d1483c42c3a34229a4670ecefb6eaee35f3bbd13ee3cc8b179343d3df733,validation,P2,2017-01-16,891,819.596365614094,ce4345fee4c2b20bfe5fbdef50501928c90ffb11870d04ad9822f8664cb6b462
new_p3_training,True,tuned,SHARED_QUERY,123,main,3cfd389bbd05ec9201a41c0892e29bf8199198d1b216b9a8061370d4240aa583,bd1488a2d411295d7a2118c50ddcc0b158786123613af1676062e2270d1637d1,9cb89005693b1b70c102178849b740fde00b50c9ba5f3b5530d0e5749ea59837,eca954c21da074c545cb7858315ea39fee0a6f54b19e06474b4f2f91f1666847,490eeb15970ef077ee050323b551cd9c3c5534c257f1febddca9af74ed1cf0a4,6031dc4ee08b61c58b35b1efd7d764739d5c7c54dc7cbe9e9a72a1e4a7098596,e2212c40566e21c680a98186ebd8e984aa80d4fd,4d4ad03b827958468b1a231e360c7ad1aa68035c25af068059838ceae6dfa6d6,7a69fb21427492956ac16a4f0657ee843cdef3db07eff5a24421b9f9b4267e2c,main_SHARED_QUERY_123_selected,a033d1483c42c3a34229a4670ecefb6eaee35f3bbd13ee3cc8b179343d3df733,validation,P2,2017-01-17,891,805.4298528899827,12c76717e88e9955af717bca6c019ae55fada4488bf69af756b8697f8266be52
new_p3_training,True,tuned,SHARED_QUERY,123,main,3cfd389bbd05ec9201a41c0892e29bf8199198d1b216b9a8061370d4240aa583,bd1488a2d411295d7a2118c50ddcc0b158786123613af1676062e2270d1637d1,9cb89005693b1b70c102178849b740fde00b50c9ba5f3b5530d0e5749ea59837,eca954c21da074c545cb7858315ea39fee0a6f54b19e06474b4f2f91f1666847,490eeb15970ef077ee050323b551cd9c3c5534c257f1febddca9af74ed1cf0a4,6031dc4ee08b61c58b35b1efd7d764739d5c7c54dc7cbe9e9a72a1e4a7098596,e2212c40566e21c680a98186ebd8e984aa80d4fd,4d4ad03b827958468b1a231e360c7ad1aa68035c25af068059838ceae6dfa6d6,7a69fb21427492956ac16a4f0657ee843cdef3db07eff5a24421b9f9b4267e2c,main_SHARED_QUERY_123_selected,a033d1483c42c3a34229a4670ecefb6eaee35f3bbd13ee3cc8b179343d3df733,validation,P2,2017-01-18,891,826.6787284729215,0bd63bfc88ff2a8c6d81d2f7e6eccb4a6056b71a24ed6e8d0a8a77c48c086ce7
new_p3_training,True,tuned,SHARED_QUERY,123,main,3cfd389bbd05ec9201a41c0892e29bf8199198d1b216b9a8061370d4240aa583,bd1488a2d411295d7a2118c50ddcc0b158786123613af1676062e2270d1637d1,9cb89005693b1b70c102178849b740fde00b50c9ba5f3b5530d0e5749ea59837,eca954c21da074c545cb7858315ea39fee0a6f54b19e06474b4f2f91f1666847,490eeb15970ef077ee050323b551cd9c3c5534c257f1febddca9af74ed1cf0a4,6031dc4ee08b61c58b35b1efd7d764739d5c7c54dc7cbe9e9a72a1e4a7098596,e2212c40566e21c680a98186ebd8e984aa80d4fd,4d4ad03b827958468b1a231e360c7ad1aa68035c25af068059838ceae6dfa6d6,7a69fb21427492956ac16a4f0657ee843cdef3db07eff5a24421b9f9b4267e2c,main_SHARED_QUERY_123_selected,a033d1483c42c3a34229a4670ecefb6eaee35f3bbd13ee3cc8b179343d3df733,validation,P2,2017-01-19,891,866.5567724114046,a08e8fd706759362850b0ac4278c54857d322497464b7beb1b77fb8845613ae0
new_p3_training,True,tuned,SHARED_QUERY,123,main,3cfd389bbd05ec9201a41c0892e29bf8199198d1b216b9a8061370d4240aa583,bd1488a2d411295d7a2118c50ddcc0b158786123613af1676062e2270d1637d1,9cb89005693b1b70c102178849b740fde00b50c9ba5f3b5530d0e5749ea59837,eca954c21da074c545cb7858315ea39fee0a6f54b19e06474b4f2f91f1666847,490eeb15970ef077ee050323b551cd9c3c5534c257f1febddca9af74ed1cf0a4,6031dc4ee08b61c58b35b1efd7d764739d5c7c54dc7cbe9e9a72a1e4a7098596,e2212c40566e21c680a98186ebd8e984aa80d4fd,4d4ad03b827958468b1a231e360c7ad1aa68035c25af068059838ceae6dfa6d6,7a69fb21427492956ac16a4f0657ee843cdef3db07eff5a24421b9f9b4267e2c,main_SHARED_QUERY_123_selected,a033d1483c42c3a34229a4670ecefb6eaee35f3bbd13ee3cc8b179343d3df733,validation,P2,2017-01-20,891,795.541767856417,593ca35592cb498cc065e8540e2c88699e68bcb60baa15cf5ecbe9160c3d3480
new_p3_training,True,tuned,SHARED_QUERY,123,main,3cfd389bbd05ec9201a41c0892e29bf8199198d1b216b9a8061370d4240aa583,bd1488a2d411295d7a2118c50ddcc0b158786123613af1676062e2270d1637d1,9cb89005693b1b70c102178849b740fde00b50c9ba5f3b5530d0e5749ea59837,eca954c21da074c545cb7858315ea39fee0a6f54b19e06474b4f2f91f1666847,490eeb15970ef077ee050323b551cd9c3c5534c257f1febddca9af74ed1cf0a4,6031dc4ee08b61c58b35b1efd7d764739d5c7c54dc7cbe9e9a72a1e4a7098596,e2212c40566e21c680a98186ebd8e984aa80d4fd,4d4ad03b827958468b1a231e360c7ad1aa68035c25af068059838ceae6dfa6d6,7a69fb21427492956ac16a4f0657ee843cdef3db07eff5a24421b9f9b4267e2c,main_SHARED_QUERY_123_selected,a033d1483c42c3a34229a4670ecefb6eaee35f3bbd13ee3cc8b179343d3df733,validation,P2,2017-01-23,891,803.3236018193628,7cc8b19a43c63415fd922d9f396dd29b0d968480ea5d6c6a496ad5e285616df1
new_p3_training,True,tuned,SHARED_QUERY,123,main,3cfd389bbd05ec9201a41c0892e29bf8199198d1b216b9a8061370d4240aa583,bd1488a2d411295d7a2118c50ddcc0b158786123613af1676062e2270d1637d1,9cb89005693b1b70c102178849b740fde00b50c9ba5f3b5530d0e5749ea59837,eca954c21da074c545cb7858315ea39fee0a6f54b19e06474b4f2f91f1666847,490eeb15970ef077ee050323b551cd9c3c5534c257f1febddca9af74ed1cf0a4,6031dc4ee08b61c58b35b1efd7d764739d5c7c54dc7cbe9e9a72a1e4a7098596,e2212c40566e21c680a98186ebd8e984aa80d4fd,4d4ad03b827958468b1a231e360c7ad1aa68035c25af068059838ceae6dfa6d6,7a69fb21427492956ac16a4f0657ee843cdef3db07eff5a24421b9f9b4267e2c,main_SHARED_QUERY_123_selected,a033d1483c42c3a34229a4670ecefb6eaee35f3bbd13ee3cc8b179343d3df733,validation,P2,2017-01-24,891,791.839014332528,d2697739c93e74ae1e03466f1abab8531e99140440a2a7ba7fd0d8ce1266e576
new_p3_training,True,tuned,SHARED_QUERY,123,main,3cfd389bbd05ec9201a41c0892e29bf8199198d1b216b9a8061370d4240aa583,bd1488a2d411295d7a2118c50ddcc0b158786123613af1676062e2270d1637d1,9cb89005693b1b70c102178849b740fde00b50c9ba5f3b5530d0e5749ea59837,eca954c21da074c545cb7858315ea39fee0a6f54b19e06474b4f2f91f1666847,490eeb15970ef077ee050323b551cd9c3c5534c257f1febddca9af74ed1cf0a4,6031dc4ee08b61c58b35b1efd7d764739d5c7c54dc7cbe9e9a72a1e4a7098596,e2212c40566e21c680a98186ebd8e984aa80d4fd,4d4ad03b827958468b1a231e360c7ad1aa68035c25af068059838ceae6dfa6d6,7a69fb21427492956ac16a4f0657ee843cdef3db07eff5a24421b9f9b4267e2c,main_SHARED_QUERY_123_selected,a033d1483c42c3a34229a4670ecefb6eaee35f3bbd13ee3cc8b179343d3df733,validation,P2,2017-01-25,891,799.5265681892788,aa013d845e89ccd8e6e22819c312350ad251765ba497bd4196204958b720a5dc
new_p3_training,True,tuned,SHARED_QUERY,123,main,3cfd389bbd05ec9201a41c0892e29bf8199198d1b216b9a8061370d4240aa583,bd1488a2d411295d7a2118c50ddcc0b158786123613af1676062e2270d1637d1,9cb89005693b1b70c102178849b740fde00b50c9ba5f3b5530d0e5749ea59837,eca954c21da074c545cb7858315ea39fee0a6f54b19e06474b4f2f91f1666847,490eeb15970ef077ee050323b551cd9c3c5534c257f1febddca9af74ed1cf0a4,6031dc4ee08b61c58b35b1efd7d764739d5c7c54dc7cbe9e9a72a1e4a7098596,e2212c40566e21c680a98186ebd8e984aa80d4fd,4d4ad03b827958468b1a231e360c7ad1aa68035c25af068059838ceae6dfa6d6,7a69fb21427492956ac16a4f0657ee843cdef3db07eff5a24421b9f9b4267e2c,main_SHARED_QUERY_123_selected,a033d1483c42c3a34229a4670ecefb6eaee35f3bbd13ee3cc8b179343d3df733,validation,P2,2017-01-26,891,837.2501467479442,3e1cdb6137a609724a13cf02d4f9fcfedfefd035950526aba941c7ce4a72905b
new_p3_training,True,tuned,SHARED_QUERY,123,main,3cfd389bbd05ec9201a41c0892e29bf8199198d1b216b9a8061370d4240aa583,bd1488a2d411295d7a2118c50ddcc0b158786123613af1676062e2270d1637d1,9cb89005693b1b70c102178849b740fde00b50c9ba5f3b5530d0e5749ea59837,eca954c21da074c545cb7858315ea39fee0a6f54b19e06474b4f2f91f1666847,490eeb15970ef077ee050323b551cd9c3c5534c257f1febddca9af74ed1cf0a4,6031dc4ee08b61c58b35b1efd7d764739d5c7c54dc7cbe9e9a72a1e4a7098596,e2212c40566e21c680a98186ebd8e984aa80d4fd,4d4ad03b827958468b1a231e360c7ad1aa68035c25af068059838ceae6dfa6d6,7a69fb21427492956ac16a4f0657ee843cdef3db07eff5a24421b9f9b4267e2c,main_SHARED_QUERY_123_selected,a033d1483c42c3a34229a4670ecefb6eaee35f3bbd13ee3cc8b179343d3df733,validation,P2,2017-01-31,891,821.4164099120935,5b8eb00caae5fa9801af74c59012090a2017583e071898a6c1aa323b6c775a6a
new_p3_training,True,tuned,SHARED_QUERY,123,main,3cfd389bbd05ec9201a41c0892e29bf8199198d1b216b9a8061370d4240aa583,bd1488a2d411295d7a2118c50ddcc0b158786123613af1676062e2270d1637d1,9cb89005693b1b70c102178849b740fde00b50c9ba5f3b5530d0e5749ea59837,eca954c21da074c545cb7858315ea39fee0a6f54b19e06474b4f2f91f1666847,490eeb15970ef077ee050323b551cd9c3c5534c257f1febddca9af74ed1cf0a4,6031dc4ee08b61c58b35b1efd7d764739d5c7c54dc7cbe9e9a72a1e4a7098596,e2212c40566e21c680a98186ebd8e984aa80d4fd,4d4ad03b827958468b1a231e360c7ad1aa68035c25af068059838ceae6dfa6d6,7a69fb21427492956ac16a4f0657ee843cdef3db07eff5a24421b9f9b4267e2c,main_SHARED_QUERY_123_selected,a033d1483c42c3a34229a4670ecefb6eaee35f3bbd13ee3cc8b179343d3df733,validation,P2,2017-02-01,891,798.6012252523144,7042097105348c0d97e040a7123b18ca85642a6f688d2699725a1360d7c2fb9c
new_p3_training,True,tuned,SHARED_QUERY,123,main,3cfd389bbd05ec9201a41c0892e29bf8199198d1b216b9a8061370d4240aa583,bd1488a2d411295d7a2118c50ddcc0b158786123613af1676062e2270d1637d1,9cb89005693b1b70c102178849b740fde00b50c9ba5f3b5530d0e5749ea59837,eca954c21da074c545cb7858315ea39fee0a6f54b19e06474b4f2f91f1666847,490eeb15970ef077ee050323b551cd9c3c5534c257f1febddca9af74ed1cf0a4,6031dc4ee08b61c58b35b1efd7d764739d5c7c54dc7cbe9e9a72a1e4a7098596,e2212c40566e21c680a98186ebd8e984aa80d4fd,4d4ad03b827958468b1a231e360c7ad1aa68035c25af068059838ceae6dfa6d6,7a69fb21427492956ac16a4f0657ee843cdef3db07eff5a24421b9f9b4267e2c,main_SHARED_QUERY_123_selected,a033d1483c42c3a34229a4670ecefb6eaee35f3bbd13ee3cc8b179343d3df733,validation,P2,2017-02-02,891,828.3465976292036,b2b850c91105f32860ec3ad6e095c02bb9f414c0ae1756ca51f5d91bb9d69d49
new_p3_training,True,tuned,SHARED_QUERY,123,main,3cfd389bbd05ec9201a41c0892e29bf8199198d1b216b9a8061370d4240aa583,bd1488a2d411295d7a2118c50ddcc0b158786123613af1676062e2270d1637d1,9cb89005693b1b70c102178849b740fde00b50c9ba5f3b5530d0e5749ea59837,eca954c21da074c545cb7858315ea39fee0a6f54b19e06474b4f2f91f1666847,490eeb15970ef077ee050323b551cd9c3c5534c257f1febddca9af74ed1cf0a4,6031dc4ee08b61c58b35b1efd7d764739d5c7c54dc7cbe9e9a72a1e4a7098596,e2212c40566e21c680a98186ebd8e984aa80d4fd,4d4ad03b827958468b1a231e360c7ad1aa68035c25af068059838ceae6dfa6d6,7a69fb21427492956ac16a4f0657ee843cdef3db07eff5a24421b9f9b4267e2c,main_SHARED_QUERY_123_selected,a033d1483c42c3a34229a4670ecefb6eaee35f3bbd13ee3cc8b179343d3df733,validation,P2,2017-02-03,891,814.0838435409216,a61cb175027330115aac1905464f2d450e9c3ed65098b49abb41ff558e4ee49a
new_p3_training,True,tuned,SHARED_QUERY,123,main,3cfd389bbd05ec9201a41c0892e29bf8199198d1b216b9a8061370d4240aa583,bd1488a2d411295d7a2118c50ddcc0b158786123613af1676062e2270d1637d1,9cb89005693b1b70c102178849b740fde00b50c9ba5f3b5530d0e5749ea59837,eca954c21da074c545cb7858315ea39fee0a6f54b19e06474b4f2f91f1666847,490eeb15970ef077ee050323b551cd9c3c5534c257f1febddca9af74ed1cf0a4,6031dc4ee08b61c58b35b1efd7d764739d5c7c54dc7cbe9e9a72a1e4a7098596,e2212c40566e21c680a98186ebd8e984aa80d4fd,4d4ad03b827958468b1a231e360c7ad1aa68035c25af068059838ceae6dfa6d6,7a69fb21427492956ac16a4f0657ee843cdef3db07eff5a24421b9f9b4267e2c,main_SHARED_QUERY_123_selected,a033d1483c42c3a34229a4670ecefb6eaee35f3bbd13ee3cc8b179343d3df733,validation,P3,2016-11-24,874,828.6480864086102,71bf47504bcdd8eb19f5587ac2eeac4c406aec6febc1dd5656c51780afdb6909
new_p3_training,True,tuned,SHARED_QUERY,123,main,3cfd389bbd05ec9201a41c0892e29bf8199198d1b216b9a8061370d4240aa583,bd1488a2d411295d7a2118c50ddcc0b158786123613af1676062e2270d1637d1,9cb89005693b1b70c102178849b740fde00b50c9ba5f3b5530d0e5749ea59837,eca954c21da074c545cb7858315ea39fee0a6f54b19e06474b4f2f91f1666847,490eeb15970ef077ee050323b551cd9c3c5534c257f1febddca9af74ed1cf0a4,6031dc4ee08b61c58b35b1efd7d764739d5c7c54dc7cbe9e9a72a1e4a7098596,e2212c40566e21c680a98186ebd8e984aa80d4fd,4d4ad03b827958468b1a231e360c7ad1aa68035c25af068059838ceae6dfa6d6,7a69fb21427492956ac16a4f0657ee843cdef3db07eff5a24421b9f9b4267e2c,main_SHARED_QUERY_123_selected,a033d1483c42c3a34229a4670ecefb6eaee35f3bbd13ee3cc8b179343d3df733,validation,P3,2016-11-25,863,792.0561472034365,f3c0559f9396d579beab1582805ff36d192b3a02d72c98b0af27ffa072cd9aa3
new_p3_training,True,tuned,SHARED_QUERY,123,main,3cfd389bbd05ec9201a41c0892e29bf8199198d1b216b9a8061370d4240aa583,bd1488a2d411295d7a2118c50ddcc0b158786123613af1676062e2270d1637d1,9cb89005693b1b70c102178849b740fde00b50c9ba5f3b5530d0e5749ea59837,eca954c21da074c545cb7858315ea39fee0a6f54b19e06474b4f2f91f1666847,490eeb15970ef077ee050323b551cd9c3c5534c257f1febddca9af74ed1cf0a4,6031dc4ee08b61c58b35b1efd7d764739d5c7c54dc7cbe9e9a72a1e4a7098596,e2212c40566e21c680a98186ebd8e984aa80d4fd,4d4ad03b827958468b1a231e360c7ad1aa68035c25af068059838ceae6dfa6d6,7a69fb21427492956ac16a4f0657ee843cdef3db07eff5a24421b9f9b4267e2c,main_SHARED_QUERY_123_selected,a033d1483c42c3a34229a4670ecefb6eaee35f3bbd13ee3cc8b179343d3df733,validation,P3,2016-11-28,887,808.3425632812057,5a6ffbb69663c97d8a33067be8ff4e9137074b053c2f0753802623c79bb2d382
new_p3_training,True,tuned,SHARED_QUERY,123,main,3cfd389bbd05ec9201a41c0892e29bf8199198d1b216b9a8061370d4240aa583,bd1488a2d411295d7a2118c50ddcc0b158786123613af1676062e2270d1637d1,9cb89005693b1b70c102178849b740fde00b50c9ba5f3b5530d0e5749ea59837,eca954c21da074c545cb7858315ea39fee0a6f54b19e06474b4f2f91f1666847,490eeb15970ef077ee050323b551cd9c3c5534c257f1febddca9af74ed1cf0a4,6031dc4ee08b61c58b35b1efd7d764739d5c7c54dc7cbe9e9a72a1e4a7098596,e2212c40566e21c680a98186ebd8e984aa80d4fd,4d4ad03b827958468b1a231e360c7ad1aa68035c25af068059838ceae6dfa6d6,7a69fb21427492956ac16a4f0657ee843cdef3db07eff5a24421b9f9b4267e2c,main_SHARED_QUERY_123_selected,a033d1483c42c3a34229a4670ecefb6eaee35f3bbd13ee3cc8b179343d3df733,validation,P3,2016-11-29,876,785.6658679740763,3e9b1ac28a53257bea86da9026a40547a6104742ef38c6ab4996aa617a969eef
new_p3_training,True,tuned,SHARED_QUERY,123,main,3cfd389bbd05ec9201a41c0892e29bf8199198d1b216b9a8061370d4240aa583,bd1488a2d411295d7a2118c50ddcc0b158786123613af1676062e2270d1637d1,9cb89005693b1b70c102178849b740fde00b50c9ba5f3b5530d0e5749ea59837,eca954c21da074c545cb7858315ea39fee0a6f54b19e06474b4f2f91f1666847,490eeb15970ef077ee050323b551cd9c3c5534c257f1febddca9af74ed1cf0a4,6031dc4ee08b61c58b35b1efd7d764739d5c7c54dc7cbe9e9a72a1e4a7098596,e2212c40566e21c680a98186ebd8e984aa80d4fd,4d4ad03b827958468b1a231e360c7ad1aa68035c25af068059838ceae6dfa6d6,7a69fb21427492956ac16a4f0657ee843cdef3db07eff5a24421b9f9b4267e2c,main_SHARED_QUERY_123_selected,a033d1483c42c3a34229a4670ecefb6eaee35f3bbd13ee3cc8b179343d3df733,validation,P3,2016-11-30,879,800.0470367411069,acb67a8b3e312b3c391ab492929b221566390859934855bc1358b37ad95210f4
new_p3_training,True,tuned,SHARED_QUERY,123,main,3cfd389bbd05ec9201a41c0892e29bf8199198d1b216b9a8061370d4240aa583,bd1488a2d411295d7a2118c50ddcc0b158786123613af1676062e2270d1637d1,9cb89005693b1b70c102178849b740fde00b50c9ba5f3b5530d0e5749ea59837,eca954c21da074c545cb7858315ea39fee0a6f54b19e06474b4f2f91f1666847,490eeb15970ef077ee050323b551cd9c3c5534c257f1febddca9af74ed1cf0a4,6031dc4ee08b61c58b35b1efd7d764739d5c7c54dc7cbe9e9a72a1e4a7098596,e2212c40566e21c680a98186ebd8e984aa80d4fd,4d4ad03b827958468b1a231e360c7ad1aa68035c25af068059838ceae6dfa6d6,7a69fb21427492956ac16a4f0657ee843cdef3db07eff5a24421b9f9b4267e2c,main_SHARED_QUERY_123_selected,a033d1483c42c3a34229a4670ecefb6eaee35f3bbd13ee3cc8b179343d3df733,validation,P3,2016-12-01,887,829.7783127140335,132d88e90e15d0eb120185f8562259215a91f14bd41c05744e4cf3587d65cfa2
new_p3_training,True,tuned,SHARED_QUERY,123,main,3cfd389bbd05ec9201a41c0892e29bf8199198d1b216b9a8061370d4240aa583,bd1488a2d411295d7a2118c50ddcc0b158786123613af1676062e2270d1637d1,9cb89005693b1b70c102178849b740fde00b50c9ba5f3b5530d0e5749ea59837,eca954c21da074c545cb7858315ea39fee0a6f54b19e06474b4f2f91f1666847,490eeb15970ef077ee050323b551cd9c3c5534c257f1febddca9af74ed1cf0a4,6031dc4ee08b61c58b35b1efd7d764739d5c7c54dc7cbe9e9a72a1e4a7098596,e2212c40566e21c680a98186ebd8e984aa80d4fd,4d4ad03b827958468b1a231e360c7ad1aa68035c25af068059838ceae6dfa6d6,7a69fb21427492956ac16a4f0657ee843cdef3db07eff5a24421b9f9b4267e2c,main_SHARED_QUERY_123_selected,a033d1483c42c3a34229a4670ecefb6eaee35f3bbd13ee3cc8b179343d3df733,validation,P3,2016-12-02,888,834.0085158218967,084769e248e08b6a3ebe4fa8730fa18078de54beef5bc3a30dc54bc77f1d898f
new_p3_training,True,tuned,SHARED_QUERY,123,main,3cfd389bbd05ec9201a41c0892e29bf8199198d1b216b9a8061370d4240aa583,bd1488a2d411295d7a2118c50ddcc0b158786123613af1676062e2270d1637d1,9cb89005693b1b70c102178849b740fde00b50c9ba5f3b5530d0e5749ea59837,eca954c21da074c545cb7858315ea39fee0a6f54b19e06474b4f2f91f1666847,490eeb15970ef077ee050323b551cd9c3c5534c257f1febddca9af74ed1cf0a4,6031dc4ee08b61c58b35b1efd7d764739d5c7c54dc7cbe9e9a72a1e4a7098596,e2212c40566e21c680a98186ebd8e984aa80d4fd,4d4ad03b827958468b1a231e360c7ad1aa68035c25af068059838ceae6dfa6d6,7a69fb21427492956ac16a4f0657ee843cdef3db07eff5a24421b9f9b4267e2c,main_SHARED_QUERY_123_selected,a033d1483c42c3a34229a4670ecefb6eaee35f3bbd13ee3cc8b179343d3df733,validation,P3,2016-12-05,875,786.9943060773228,e87391beddf1137d615cad57799e5ed31d8f23eef7851465e616d23efe0d57e2
new_p3_training,True,tuned,SHARED_QUERY,123,main,3cfd389bbd05ec9201a41c0892e29bf8199198d1b216b9a8061370d4240aa583,bd1488a2d411295d7a2118c50ddcc0b158786123613af1676062e2270d1637d1,9cb89005693b1b70c102178849b740fde00b50c9ba5f3b5530d0e5749ea59837,eca954c21da074c545cb7858315ea39fee0a6f54b19e06474b4f2f91f1666847,490eeb15970ef077ee050323b551cd9c3c5534c257f1febddca9af74ed1cf0a4,6031dc4ee08b61c58b35b1efd7d764739d5c7c54dc7cbe9e9a72a1e4a7098596,e2212c40566e21c680a98186ebd8e984aa80d4fd,4d4ad03b827958468b1a231e360c7ad1aa68035c25af068059838ceae6dfa6d6,7a69fb21427492956ac16a4f0657ee843cdef3db07eff5a24421b9f9b4267e2c,main_SHARED_QUERY_123_selected,a033d1483c42c3a34229a4670ecefb6eaee35f3bbd13ee3cc8b179343d3df733,validation,P3,2016-12-06,872,811.3119586802815,a3ad3ab1af8c715516fcafeee12141afdcb69b4a1035f2a6e112920fe5e8957a
new_p3_training,True,tuned,SHARED_QUERY,123,main,3cfd389bbd05ec9201a41c0892e29bf8199198d1b216b9a8061370d4240aa583,bd1488a2d411295d7a2118c50ddcc0b158786123613af1676062e2270d1637d1,9cb89005693b1b70c102178849b740fde00b50c9ba5f3b5530d0e5749ea59837,eca954c21da074c545cb7858315ea39fee0a6f54b19e06474b4f2f91f1666847,490eeb15970ef077ee050323b551cd9c3c5534c257f1febddca9af74ed1cf0a4,6031dc4ee08b61c58b35b1efd7d764739d5c7c54dc7cbe9e9a72a1e4a7098596,e2212c40566e21c680a98186ebd8e984aa80d4fd,4d4ad03b827958468b1a231e360c7ad1aa68035c25af068059838ceae6dfa6d6,7a69fb21427492956ac16a4f0657ee843cdef3db07eff5a24421b9f9b4267e2c,main_SHARED_QUERY_123_selected,a033d1483c42c3a34229a4670ecefb6eaee35f3bbd13ee3cc8b179343d3df733,validation,P3,2016-12-07,887,820.7804835063009,a4990989d5a449be5a78533df4c2f1824f5c213b2d79372f7a6447c1a58d11af
new_p3_training,True,tuned,SHARED_QUERY,123,main,3cfd389bbd05ec9201a41c0892e29bf8199198d1b216b9a8061370d4240aa583,bd1488a2d411295d7a2118c50ddcc0b158786123613af1676062e2270d1637d1,9cb89005693b1b70c102178849b740fde00b50c9ba5f3b5530d0e5749ea59837,eca954c21da074c545cb7858315ea39fee0a6f54b19e06474b4f2f91f1666847,490eeb15970ef077ee050323b551cd9c3c5534c257f1febddca9af74ed1cf0a4,6031dc4ee08b61c58b35b1efd7d764739d5c7c54dc7cbe9e9a72a1e4a7098596,e2212c40566e21c680a98186ebd8e984aa80d4fd,4d4ad03b827958468b1a231e360c7ad1aa68035c25af068059838ceae6dfa6d6,7a69fb21427492956ac16a4f0657ee843cdef3db07eff5a24421b9f9b4267e2c,main_SHARED_QUERY_123_selected,a033d1483c42c3a34229a4670ecefb6eaee35f3bbd13ee3cc8b179343d3df733,validation,P3,2016-12-08,884,853.8050962192729,36f2ec717b7f9f00e526bc85beabfb15f6e6fd89c5e63e7a1499a6a87cd09ae0
new_p3_training,True,tuned,SHARED_QUERY,123,main,3cfd389bbd05ec9201a41c0892e29bf8199198d1b216b9a8061370d4240aa583,bd1488a2d411295d7a2118c50ddcc0b158786123613af1676062e2270d1637d1,9cb89005693b1b70c102178849b740fde00b50c9ba5f3b5530d0e5749ea59837,eca954c21da074c545cb7858315ea39fee0a6f54b19e06474b4f2f91f1666847,490eeb15970ef077ee050323b551cd9c3c5534c257f1febddca9af74ed1cf0a4,6031dc4ee08b61c58b35b1efd7d764739d5c7c54dc7cbe9e9a72a1e4a7098596,e2212c40566e21c680a98186ebd8e984aa80d4fd,4d4ad03b827958468b1a231e360c7ad1aa68035c25af068059838ceae6dfa6d6,7a69fb21427492956ac16a4f0657ee843cdef3db07eff5a24421b9f9b4267e2c,main_SHARED_QUERY_123_selected,a033d1483c42c3a34229a4670ecefb6eaee35f3bbd13ee3cc8b179343d3df733,validation,P3,2016-12-09,870,807.9569476801114,67761998909237ecad06b107612cebd6ed5d15837df7a58f188f8c6a43686029
new_p3_training,True,tuned,SHARED_QUERY,123,main,3cfd389bbd05ec9201a41c0892e29bf8199198d1b216b9a8061370d4240aa583,bd1488a2d411295d7a2118c50ddcc0b158786123613af1676062e2270d1637d1,9cb89005693b1b70c102178849b740fde00b50c9ba5f3b5530d0e5749ea59837,eca954c21da074c545cb7858315ea39fee0a6f54b19e06474b4f2f91f1666847,490eeb15970ef077ee050323b551cd9c3c5534c257f1febddca9af74ed1cf0a4,6031dc4ee08b61c58b35b1efd7d764739d5c7c54dc7cbe9e9a72a1e4a7098596,e2212c40566e21c680a98186ebd8e984aa80d4fd,4d4ad03b827958468b1a231e360c7ad1aa68035c25af068059838ceae6dfa6d6,7a69fb21427492956ac16a4f0657ee843cdef3db07eff5a24421b9f9b4267e2c,main_SHARED_QUERY_123_selected,a033d1483c42c3a34229a4670ecefb6eaee35f3bbd13ee3cc8b179343d3df733,validation,P3,2016-12-12,873,765.7969541450491,f0869296f02abb86f1058396104b20f8400bac8cdd84bdbe24091f3cb3dda782
new_p3_training,True,tuned,SHARED_QUERY,123,main,3cfd389bbd05ec9201a41c0892e29bf8199198d1b216b9a8061370d4240aa583,bd1488a2d411295d7a2118c50ddcc0b158786123613af1676062e2270d1637d1,9cb89005693b1b70c102178849b740fde00b50c9ba5f3b5530d0e5749ea59837,eca954c21da074c545cb7858315ea39fee0a6f54b19e06474b4f2f91f1666847,490eeb15970ef077ee050323b551cd9c3c5534c257f1febddca9af74ed1cf0a4,6031dc4ee08b61c58b35b1efd7d764739d5c7c54dc7cbe9e9a72a1e4a7098596,e2212c40566e21c680a98186ebd8e984aa80d4fd,4d4ad03b827958468b1a231e360c7ad1aa68035c25af068059838ceae6dfa6d6,7a69fb21427492956ac16a4f0657ee843cdef3db07eff5a24421b9f9b4267e2c,main_SHARED_QUERY_123_selected,a033d1483c42c3a34229a4670ecefb6eaee35f3bbd13ee3cc8b179343d3df733,validation,P3,2016-12-13,888,802.1810012041958,3671a1074547612dbc11979e81375feeb10775861aa7f94a4829e27c137429a9
new_p3_training,True,tuned,SHARED_QUERY,123,main,3cfd389bbd05ec9201a41c0892e29bf8199198d1b216b9a8061370d4240aa583,bd1488a2d411295d7a2118c50ddcc0b158786123613af1676062e2270d1637d1,9cb89005693b1b70c102178849b740fde00b50c9ba5f3b5530d0e5749ea59837,eca954c21da074c545cb7858315ea39fee0a6f54b19e06474b4f2f91f1666847,490eeb15970ef077ee050323b551cd9c3c5534c257f1febddca9af74ed1cf0a4,6031dc4ee08b61c58b35b1efd7d764739d5c7c54dc7cbe9e9a72a1e4a7098596,e2212c40566e21c680a98186ebd8e984aa80d4fd,4d4ad03b827958468b1a231e360c7ad1aa68035c25af068059838ceae6dfa6d6,7a69fb21427492956ac16a4f0657ee843cdef3db07eff5a24421b9f9b4267e2c,main_SHARED_QUERY_123_selected,a033d1483c42c3a34229a4670ecefb6eaee35f3bbd13ee3cc8b179343d3df733,validation,P3,2016-12-14,889,817.3881611637853,896f150d1eb1d475e6929eaac85181646a421a3a6d1e4f43209abc4b9e7536a1
new_p3_training,True,tuned,SHARED_QUERY,123,main,3cfd389bbd05ec9201a41c0892e29bf8199198d1b216b9a8061370d4240aa583,bd1488a2d411295d7a2118c50ddcc0b158786123613af1676062e2270d1637d1,9cb89005693b1b70c102178849b740fde00b50c9ba5f3b5530d0e5749ea59837,eca954c21da074c545cb7858315ea39fee0a6f54b19e06474b4f2f91f1666847,490eeb15970ef077ee050323b551cd9c3c5534c257f1febddca9af74ed1cf0a4,6031dc4ee08b61c58b35b1efd7d764739d5c7c54dc7cbe9e9a72a1e4a7098596,e2212c40566e21c680a98186ebd8e984aa80d4fd,4d4ad03b827958468b1a231e360c7ad1aa68035c25af068059838ceae6dfa6d6,7a69fb21427492956ac16a4f0657ee843cdef3db07eff5a24421b9f9b4267e2c,main_SHARED_QUERY_123_selected,a033d1483c42c3a34229a4670ecefb6eaee35f3bbd13ee3cc8b179343d3df733,validation,P3,2016-12-15,883,815.9293922326283,356739c0d05082d56ef991940ec3c9ae10198a159c95e8cd4e204518db91bde0
new_p3_training,True,tuned,SHARED_QUERY,123,main,3cfd389bbd05ec9201a41c0892e29bf8199198d1b216b9a8061370d4240aa583,bd1488a2d411295d7a2118c50ddcc0b158786123613af1676062e2270d1637d1,9cb89005693b1b70c102178849b740fde00b50c9ba5f3b5530d0e5749ea59837,eca954c21da074c545cb7858315ea39fee0a6f54b19e06474b4f2f91f1666847,490eeb15970ef077ee050323b551cd9c3c5534c257f1febddca9af74ed1cf0a4,6031dc4ee08b61c58b35b1efd7d764739d5c7c54dc7cbe9e9a72a1e4a7098596,e2212c40566e21c680a98186ebd8e984aa80d4fd,4d4ad03b827958468b1a231e360c7ad1aa68035c25af068059838ceae6dfa6d6,7a69fb21427492956ac16a4f0657ee843cdef3db07eff5a24421b9f9b4267e2c,main_SHARED_QUERY_123_selected,a033d1483c42c3a34229a4670ecefb6eaee35f3bbd13ee3cc8b179343d3df733,validation,P3,2016-12-16,887,790.3345459008567,dc7ee53b4d0e4ab6803dd4fb9272dcda508fa96e8326f3123c38f50b739ff1c6
new_p3_training,True,tuned,SHARED_QUERY,123,main,3cfd389bbd05ec9201a41c0892e29bf8199198d1b216b9a8061370d4240aa583,bd1488a2d411295d7a2118c50ddcc0b158786123613af1676062e2270d1637d1,9cb89005693b1b70c102178849b740fde00b50c9ba5f3b5530d0e5749ea59837,eca954c21da074c545cb7858315ea39fee0a6f54b19e06474b4f2f91f1666847,490eeb15970ef077ee050323b551cd9c3c5534c257f1febddca9af74ed1cf0a4,6031dc4ee08b61c58b35b1efd7d764739d5c7c54dc7cbe9e9a72a1e4a7098596,e2212c40566e21c680a98186ebd8e984aa80d4fd,4d4ad03b827958468b1a231e360c7ad1aa68035c25af068059838ceae6dfa6d6,7a69fb21427492956ac16a4f0657ee843cdef3db07eff5a24421b9f9b4267e2c,main_SHARED_QUERY_123_selected,a033d1483c42c3a34229a4670ecefb6eaee35f3bbd13ee3cc8b179343d3df733,validation,P3,2016-12-19,874,776.1700315680303,694d098c8c0a5d554e3670b72c779ee0e81bb1fe9fae6c87ede5f4ed09a2b6a4
new_p3_training,True,tuned,SHARED_QUERY,123,main,3cfd389bbd05ec9201a41c0892e29bf8199198d1b216b9a8061370d4240aa583,bd1488a2d411295d7a2118c50ddcc0b158786123613af1676062e2270d1637d1,9cb89005693b1b70c102178849b740fde00b50c9ba5f3b5530d0e5749ea59837,eca954c21da074c545cb7858315ea39fee0a6f54b19e06474b4f2f91f1666847,490eeb15970ef077ee050323b551cd9c3c5534c257f1febddca9af74ed1cf0a4,6031dc4ee08b61c58b35b1efd7d764739d5c7c54dc7cbe9e9a72a1e4a7098596,e2212c40566e21c680a98186ebd8e984aa80d4fd,4d4ad03b827958468b1a231e360c7ad1aa68035c25af068059838ceae6dfa6d6,7a69fb21427492956ac16a4f0657ee843cdef3db07eff5a24421b9f9b4267e2c,main_SHARED_QUERY_123_selected,a033d1483c42c3a34229a4670ecefb6eaee35f3bbd13ee3cc8b179343d3df733,validation,P3,2016-12-20,891,779.9734618052648,3ca31c6179ed02fb24c56f6ab5373f1ae34c77d30a4b3e9ebf1acec9edd6606d
new_p3_training,True,tuned,SHARED_QUERY,123,main,3cfd389bbd05ec9201a41c0892e29bf8199198d1b216b9a8061370d4240aa583,bd1488a2d411295d7a2118c50ddcc0b158786123613af1676062e2270d1637d1,9cb89005693b1b70c102178849b740fde00b50c9ba5f3b5530d0e5749ea59837,eca954c21da074c545cb7858315ea39fee0a6f54b19e06474b4f2f91f1666847,490eeb15970ef077ee050323b551cd9c3c5534c257f1febddca9af74ed1cf0a4,6031dc4ee08b61c58b35b1efd7d764739d5c7c54dc7cbe9e9a72a1e4a7098596,e2212c40566e21c680a98186ebd8e984aa80d4fd,4d4ad03b827958468b1a231e360c7ad1aa68035c25af068059838ceae6dfa6d6,7a69fb21427492956ac16a4f0657ee843cdef3db07eff5a24421b9f9b4267e2c,main_SHARED_QUERY_123_selected,a033d1483c42c3a34229a4670ecefb6eaee35f3bbd13ee3cc8b179343d3df733,validation,P3,2016-12-21,889,811.9823068741923,e68abc3f3fd2a12096c5698e08461accd104e18949ff05a764145a97fffed60e
new_p3_training,True,tuned,SHARED_QUERY,123,main,3cfd389bbd05ec9201a41c0892e29bf8199198d1b216b9a8061370d4240aa583,bd1488a2d411295d7a2118c50ddcc0b158786123613af1676062e2270d1637d1,9cb89005693b1b70c102178849b740fde00b50c9ba5f3b5530d0e5749ea59837,eca954c21da074c545cb7858315ea39fee0a6f54b19e06474b4f2f91f1666847,490eeb15970ef077ee050323b551cd9c3c5534c257f1febddca9af74ed1cf0a4,6031dc4ee08b61c58b35b1efd7d764739d5c7c54dc7cbe9e9a72a1e4a7098596,e2212c40566e21c680a98186ebd8e984aa80d4fd,4d4ad03b827958468b1a231e360c7ad1aa68035c25af068059838ceae6dfa6d6,7a69fb21427492956ac16a4f0657ee843cdef3db07eff5a24421b9f9b4267e2c,main_SHARED_QUERY_123_selected,a033d1483c42c3a34229a4670ecefb6eaee35f3bbd13ee3cc8b179343d3df733,validation,P3,2016-12-22,887,803.6657187792518,54373e205e4ca52a06560e34abda7fa604c31a06fcd2a2c788a4544bbe3b3ffe
new_p3_training,True,tuned,SHARED_QUERY,123,main,3cfd389bbd05ec9201a41c0892e29bf8199198d1b216b9a8061370d4240aa583,bd1488a2d411295d7a2118c50ddcc0b158786123613af1676062e2270d1637d1,9cb89005693b1b70c102178849b740fde00b50c9ba5f3b5530d0e5749ea59837,eca954c21da074c545cb7858315ea39fee0a6f54b19e06474b4f2f91f1666847,490eeb15970ef077ee050323b551cd9c3c5534c257f1febddca9af74ed1cf0a4,6031dc4ee08b61c58b35b1efd7d764739d5c7c54dc7cbe9e9a72a1e4a7098596,e2212c40566e21c680a98186ebd8e984aa80d4fd,4d4ad03b827958468b1a231e360c7ad1aa68035c25af068059838ceae6dfa6d6,7a69fb21427492956ac16a4f0657ee843cdef3db07eff5a24421b9f9b4267e2c,main_SHARED_QUERY_123_selected,a033d1483c42c3a34229a4670ecefb6eaee35f3bbd13ee3cc8b179343d3df733,validation,P3,2016-12-23,872,710.8873580463056,05e1f006e38b6497d7eb211b06af2ab14e9f99cb56cd0a94fd64171d6c49fa8d
new_p3_training,True,tuned,SHARED_QUERY,123,main,3cfd389bbd05ec9201a41c0892e29bf8199198d1b216b9a8061370d4240aa583,bd1488a2d411295d7a2118c50ddcc0b158786123613af1676062e2270d1637d1,9cb89005693b1b70c102178849b740fde00b50c9ba5f3b5530d0e5749ea59837,eca954c21da074c545cb7858315ea39fee0a6f54b19e06474b4f2f91f1666847,490eeb15970ef077ee050323b551cd9c3c5534c257f1febddca9af74ed1cf0a4,6031dc4ee08b61c58b35b1efd7d764739d5c7c54dc7cbe9e9a72a1e4a7098596,e2212c40566e21c680a98186ebd8e984aa80d4fd,4d4ad03b827958468b1a231e360c7ad1aa68035c25af068059838ceae6dfa6d6,7a69fb21427492956ac16a4f0657ee843cdef3db07eff5a24421b9f9b4267e2c,main_SHARED_QUERY_123_selected,a033d1483c42c3a34229a4670ecefb6eaee35f3bbd13ee3cc8b179343d3df733,validation,P3,2016-12-26,875,759.3227469840207,a17db47960ae97e114f1d833a079c98173b27635ba490c47ddba353cf7fa69f7
new_p3_training,True,tuned,SHARED_QUERY,123,main,3cfd389bbd05ec9201a41c0892e29bf8199198d1b216b9a8061370d4240aa583,bd1488a2d411295d7a2118c50ddcc0b158786123613af1676062e2270d1637d1,9cb89005693b1b70c102178849b740fde00b50c9ba5f3b5530d0e5749ea59837,eca954c21da074c545cb7858315ea39fee0a6f54b19e06474b4f2f91f1666847,490eeb15970ef077ee050323b551cd9c3c5534c257f1febddca9af74ed1cf0a4,6031dc4ee08b61c58b35b1efd7d764739d5c7c54dc7cbe9e9a72a1e4a7098596,e2212c40566e21c680a98186ebd8e984aa80d4fd,4d4ad03b827958468b1a231e360c7ad1aa68035c25af068059838ceae6dfa6d6,7a69fb21427492956ac16a4f0657ee843cdef3db07eff5a24421b9f9b4267e2c,main_SHARED_QUERY_123_selected,a033d1483c42c3a34229a4670ecefb6eaee35f3bbd13ee3cc8b179343d3df733,validation,P3,2016-12-27,887,764.062022511762,b6a96983569626ba3b73450ceeadaab5270ccd7ec8e999712a19bc0e02585960
new_p3_training,True,tuned,SHARED_QUERY,123,main,3cfd389bbd05ec9201a41c0892e29bf8199198d1b216b9a8061370d4240aa583,bd1488a2d411295d7a2118c50ddcc0b158786123613af1676062e2270d1637d1,9cb89005693b1b70c102178849b740fde00b50c9ba5f3b5530d0e5749ea59837,eca954c21da074c545cb7858315ea39fee0a6f54b19e06474b4f2f91f1666847,490eeb15970ef077ee050323b551cd9c3c5534c257f1febddca9af74ed1cf0a4,6031dc4ee08b61c58b35b1efd7d764739d5c7c54dc7cbe9e9a72a1e4a7098596,e2212c40566e21c680a98186ebd8e984aa80d4fd,4d4ad03b827958468b1a231e360c7ad1aa68035c25af068059838ceae6dfa6d6,7a69fb21427492956ac16a4f0657ee843cdef3db07eff5a24421b9f9b4267e2c,main_SHARED_QUERY_123_selected,a033d1483c42c3a34229a4670ecefb6eaee35f3bbd13ee3cc8b179343d3df733,validation,P3,2016-12-28,880,761.9411553919515,ee5fc04eb135190e57544d09e938da02fdb3385d51fd93e8b0670135554c1c41
new_p3_training,True,tuned,SHARED_QUERY,123,main,3cfd389bbd05ec9201a41c0892e29bf8199198d1b216b9a8061370d4240aa583,bd1488a2d411295d7a2118c50ddcc0b158786123613af1676062e2270d1637d1,9cb89005693b1b70c102178849b740fde00b50c9ba5f3b5530d0e5749ea59837,eca954c21da074c545cb7858315ea39fee0a6f54b19e06474b4f2f91f1666847,490eeb15970ef077ee050323b551cd9c3c5534c257f1febddca9af74ed1cf0a4,6031dc4ee08b61c58b35b1efd7d764739d5c7c54dc7cbe9e9a72a1e4a7098596,e2212c40566e21c680a98186ebd8e984aa80d4fd,4d4ad03b827958468b1a231e360c7ad1aa68035c25af068059838ceae6dfa6d6,7a69fb21427492956ac16a4f0657ee843cdef3db07eff5a24421b9f9b4267e2c,main_SHARED_QUERY_123_selected,a033d1483c42c3a34229a4670ecefb6eaee35f3bbd13ee3cc8b179343d3df733,validation,P3,2016-12-29,872,781.6639275896545,b61ed794476299f3d3737796dc60792361cb136c8315242972a0e1c694d893c1
new_p3_training,True,tuned,SHARED_QUERY,123,main,3cfd389bbd05ec9201a41c0892e29bf8199198d1b216b9a8061370d4240aa583,bd1488a2d411295d7a2118c50ddcc0b158786123613af1676062e2270d1637d1,9cb89005693b1b70c102178849b740fde00b50c9ba5f3b5530d0e5749ea59837,eca954c21da074c545cb7858315ea39fee0a6f54b19e06474b4f2f91f1666847,490eeb15970ef077ee050323b551cd9c3c5534c257f1febddca9af74ed1cf0a4,6031dc4ee08b61c58b35b1efd7d764739d5c7c54dc7cbe9e9a72a1e4a7098596,e2212c40566e21c680a98186ebd8e984aa80d4fd,4d4ad03b827958468b1a231e360c7ad1aa68035c25af068059838ceae6dfa6d6,7a69fb21427492956ac16a4f0657ee843cdef3db07eff5a24421b9f9b4267e2c,main_SHARED_QUERY_123_selected,a033d1483c42c3a34229a4670ecefb6eaee35f3bbd13ee3cc8b179343d3df733,validation,P3,2017-01-02,750,729.1627156267411,ddfd24d8d0a2ec762c83f91b760f29fe002fb12ec4cd41a3de7965dbb571b8d4
new_p3_training,True,tuned,SHARED_QUERY,123,main,3cfd389bbd05ec9201a41c0892e29bf8199198d1b216b9a8061370d4240aa583,bd1488a2d411295d7a2118c50ddcc0b158786123613af1676062e2270d1637d1,9cb89005693b1b70c102178849b740fde00b50c9ba5f3b5530d0e5749ea59837,eca954c21da074c545cb7858315ea39fee0a6f54b19e06474b4f2f91f1666847,490eeb15970ef077ee050323b551cd9c3c5534c257f1febddca9af74ed1cf0a4,6031dc4ee08b61c58b35b1efd7d764739d5c7c54dc7cbe9e9a72a1e4a7098596,e2212c40566e21c680a98186ebd8e984aa80d4fd,4d4ad03b827958468b1a231e360c7ad1aa68035c25af068059838ceae6dfa6d6,7a69fb21427492956ac16a4f0657ee843cdef3db07eff5a24421b9f9b4267e2c,main_SHARED_QUERY_123_selected,a033d1483c42c3a34229a4670ecefb6eaee35f3bbd13ee3cc8b179343d3df733,validation,P3,2017-01-03,885,791.2307450678707,aad7b4be590410b2e62e483ec90a6f65c10215c46f0dea89c49ad4ff2dd0aee2
new_p3_training,True,tuned,SHARED_QUERY,123,main,3cfd389bbd05ec9201a41c0892e29bf8199198d1b216b9a8061370d4240aa583,bd1488a2d411295d7a2118c50ddcc0b158786123613af1676062e2270d1637d1,9cb89005693b1b70c102178849b740fde00b50c9ba5f3b5530d0e5749ea59837,eca954c21da074c545cb7858315ea39fee0a6f54b19e06474b4f2f91f1666847,490eeb15970ef077ee050323b551cd9c3c5534c257f1febddca9af74ed1cf0a4,6031dc4ee08b61c58b35b1efd7d764739d5c7c54dc7cbe9e9a72a1e4a7098596,e2212c40566e21c680a98186ebd8e984aa80d4fd,4d4ad03b827958468b1a231e360c7ad1aa68035c25af068059838ceae6dfa6d6,7a69fb21427492956ac16a4f0657ee843cdef3db07eff5a24421b9f9b4267e2c,main_SHARED_QUERY_123_selected,a033d1483c42c3a34229a4670ecefb6eaee35f3bbd13ee3cc8b179343d3df733,validation,P3,2017-01-04,885,791.1215509659219,5bff1f046c6145d04f9de7a774b531f23e87fe1e8e82f7bf3d17c1c27ae760c4
new_p3_training,True,tuned,SHARED_QUERY,123,main,3cfd389bbd05ec9201a41c0892e29bf8199198d1b216b9a8061370d4240aa583,bd1488a2d411295d7a2118c50ddcc0b158786123613af1676062e2270d1637d1,9cb89005693b1b70c102178849b740fde00b50c9ba5f3b5530d0e5749ea59837,eca954c21da074c545cb7858315ea39fee0a6f54b19e06474b4f2f91f1666847,490eeb15970ef077ee050323b551cd9c3c5534c257f1febddca9af74ed1cf0a4,6031dc4ee08b61c58b35b1efd7d764739d5c7c54dc7cbe9e9a72a1e4a7098596,e2212c40566e21c680a98186ebd8e984aa80d4fd,4d4ad03b827958468b1a231e360c7ad1aa68035c25af068059838ceae6dfa6d6,7a69fb21427492956ac16a4f0657ee843cdef3db07eff5a24421b9f9b4267e2c,main_SHARED_QUERY_123_selected,a033d1483c42c3a34229a4670ecefb6eaee35f3bbd13ee3cc8b179343d3df733,validation,P3,2017-01-05,875,782.1144938268438,5c7c2c01d5098653fe6b97ac9eddc65e3ddcf8d1f3a84689ebebab0d4d26278d
new_p3_training,True,tuned,SHARED_QUERY,123,main,3cfd389bbd05ec9201a41c0892e29bf8199198d1b216b9a8061370d4240aa583,bd1488a2d411295d7a2118c50ddcc0b158786123613af1676062e2270d1637d1,9cb89005693b1b70c102178849b740fde00b50c9ba5f3b5530d0e5749ea59837,eca954c21da074c545cb7858315ea39fee0a6f54b19e06474b4f2f91f1666847,490eeb15970ef077ee050323b551cd9c3c5534c257f1febddca9af74ed1cf0a4,6031dc4ee08b61c58b35b1efd7d764739d5c7c54dc7cbe9e9a72a1e4a7098596,e2212c40566e21c680a98186ebd8e984aa80d4fd,4d4ad03b827958468b1a231e360c7ad1aa68035c25af068059838ceae6dfa6d6,7a69fb21427492956ac16a4f0657ee843cdef3db07eff5a24421b9f9b4267e2c,main_SHARED_QUERY_123_selected,a033d1483c42c3a34229a4670ecefb6eaee35f3bbd13ee3cc8b179343d3df733,validation,P3,2017-01-06,868,736.1897242150447,1e662151505febbe9b6fd63950638de4ff891ff83e05966d85d24dcdcc49c00d
new_p3_training,True,tuned,SHARED_QUERY,123,main,3cfd389bbd05ec9201a41c0892e29bf8199198d1b216b9a8061370d4240aa583,bd1488a2d411295d7a2118c50ddcc0b158786123613af1676062e2270d1637d1,9cb89005693b1b70c102178849b740fde00b50c9ba5f3b5530d0e5749ea59837,eca954c21da074c545cb7858315ea39fee0a6f54b19e06474b4f2f91f1666847,490eeb15970ef077ee050323b551cd9c3c5534c257f1febddca9af74ed1cf0a4,6031dc4ee08b61c58b35b1efd7d764739d5c7c54dc7cbe9e9a72a1e4a7098596,e2212c40566e21c680a98186ebd8e984aa80d4fd,4d4ad03b827958468b1a231e360c7ad1aa68035c25af068059838ceae6dfa6d6,7a69fb21427492956ac16a4f0657ee843cdef3db07eff5a24421b9f9b4267e2c,main_SHARED_QUERY_123_selected,a033d1483c42c3a34229a4670ecefb6eaee35f3bbd13ee3cc8b179343d3df733,validation,P3,2017-01-09,888,781.9355959260738,37cb43dbd2df23a9ae471018dc49ea781548315885412a9a692df23b0fee93a0
new_p3_training,True,tuned,SHARED_QUERY,123,main,3cfd389bbd05ec9201a41c0892e29bf8199198d1b216b9a8061370d4240aa583,bd1488a2d411295d7a2118c50ddcc0b158786123613af1676062e2270d1637d1,9cb89005693b1b70c102178849b740fde00b50c9ba5f3b5530d0e5749ea59837,eca954c21da074c545cb7858315ea39fee0a6f54b19e06474b4f2f91f1666847,490eeb15970ef077ee050323b551cd9c3c5534c257f1febddca9af74ed1cf0a4,6031dc4ee08b61c58b35b1efd7d764739d5c7c54dc7cbe9e9a72a1e4a7098596,e2212c40566e21c680a98186ebd8e984aa80d4fd,4d4ad03b827958468b1a231e360c7ad1aa68035c25af068059838ceae6dfa6d6,7a69fb21427492956ac16a4f0657ee843cdef3db07eff5a24421b9f9b4267e2c,main_SHARED_QUERY_123_selected,a033d1483c42c3a34229a4670ecefb6eaee35f3bbd13ee3cc8b179343d3df733,validation,P3,2017-01-10,884,773.9562991695385,5481b6c874491dde2e8c4e5321a43c4a20bfa21959945d91ca6a9ef49f0505fa
new_p3_training,True,tuned,SHARED_QUERY,123,main,3cfd389bbd05ec9201a41c0892e29bf8199198d1b216b9a8061370d4240aa583,bd1488a2d411295d7a2118c50ddcc0b158786123613af1676062e2270d1637d1,9cb89005693b1b70c102178849b740fde00b50c9ba5f3b5530d0e5749ea59837,eca954c21da074c545cb7858315ea39fee0a6f54b19e06474b4f2f91f1666847,490eeb15970ef077ee050323b551cd9c3c5534c257f1febddca9af74ed1cf0a4,6031dc4ee08b61c58b35b1efd7d764739d5c7c54dc7cbe9e9a72a1e4a7098596,e2212c40566e21c680a98186ebd8e984aa80d4fd,4d4ad03b827958468b1a231e360c7ad1aa68035c25af068059838ceae6dfa6d6,7a69fb21427492956ac16a4f0657ee843cdef3db07eff5a24421b9f9b4267e2c,main_SHARED_QUERY_123_selected,a033d1483c42c3a34229a4670ecefb6eaee35f3bbd13ee3cc8b179343d3df733,validation,P3,2017-01-11,889,843.4721108260653,5b3a525792074d8a655cb33208bf59e03fe78b807a8e2b2860218a984456452d
new_p3_training,True,tuned,SHARED_QUERY,123,main,3cfd389bbd05ec9201a41c0892e29bf8199198d1b216b9a8061370d4240aa583,bd1488a2d411295d7a2118c50ddcc0b158786123613af1676062e2270d1637d1,9cb89005693b1b70c102178849b740fde00b50c9ba5f3b5530d0e5749ea59837,eca954c21da074c545cb7858315ea39fee0a6f54b19e06474b4f2f91f1666847,490eeb15970ef077ee050323b551cd9c3c5534c257f1febddca9af74ed1cf0a4,6031dc4ee08b61c58b35b1efd7d764739d5c7c54dc7cbe9e9a72a1e4a7098596,e2212c40566e21c680a98186ebd8e984aa80d4fd,4d4ad03b827958468b1a231e360c7ad1aa68035c25af068059838ceae6dfa6d6,7a69fb21427492956ac16a4f0657ee843cdef3db07eff5a24421b9f9b4267e2c,main_SHARED_QUERY_123_selected,a033d1483c42c3a34229a4670ecefb6eaee35f3bbd13ee3cc8b179343d3df733,validation,P3,2017-01-12,877,798.3187684147176,4b7b66d194ed50e7f59819dd8cc13c00d1ba03b33ef3ff760aa3f4c90d6962db
new_p3_training,True,tuned,SHARED_QUERY,123,main,3cfd389bbd05ec9201a41c0892e29bf8199198d1b216b9a8061370d4240aa583,bd1488a2d411295d7a2118c50ddcc0b158786123613af1676062e2270d1637d1,9cb89005693b1b70c102178849b740fde00b50c9ba5f3b5530d0e5749ea59837,eca954c21da074c545cb7858315ea39fee0a6f54b19e06474b4f2f91f1666847,490eeb15970ef077ee050323b551cd9c3c5534c257f1febddca9af74ed1cf0a4,6031dc4ee08b61c58b35b1efd7d764739d5c7c54dc7cbe9e9a72a1e4a7098596,e2212c40566e21c680a98186ebd8e984aa80d4fd,4d4ad03b827958468b1a231e360c7ad1aa68035c25af068059838ceae6dfa6d6,7a69fb21427492956ac16a4f0657ee843cdef3db07eff5a24421b9f9b4267e2c,main_SHARED_QUERY_123_selected,a033d1483c42c3a34229a4670ecefb6eaee35f3bbd13ee3cc8b179343d3df733,validation,P3,2017-01-13,884,795.7555549467344,d851cbeecfdcb0bfc604b7cae9ee2b139eb124f6a27c0256bd25522a7115b009
new_p3_training,True,tuned,SHARED_QUERY,123,main,3cfd389bbd05ec9201a41c0892e29bf8199198d1b216b9a8061370d4240aa583,bd1488a2d411295d7a2118c50ddcc0b158786123613af1676062e2270d1637d1,9cb89005693b1b70c102178849b740fde00b50c9ba5f3b5530d0e5749ea59837,eca954c21da074c545cb7858315ea39fee0a6f54b19e06474b4f2f91f1666847,490eeb15970ef077ee050323b551cd9c3c5534c257f1febddca9af74ed1cf0a4,6031dc4ee08b61c58b35b1efd7d764739d5c7c54dc7cbe9e9a72a1e4a7098596,e2212c40566e21c680a98186ebd8e984aa80d4fd,4d4ad03b827958468b1a231e360c7ad1aa68035c25af068059838ceae6dfa6d6,7a69fb21427492956ac16a4f0657ee843cdef3db07eff5a24421b9f9b4267e2c,main_SHARED_QUERY_123_selected,a033d1483c42c3a34229a4670ecefb6eaee35f3bbd13ee3cc8b179343d3df733,validation,P3,2017-01-16,887,813.8788880989955,9f5454ad95f79aaff56892c345d7ecc7c01af950f192c8b41cd2cf457e75aff7
new_p3_training,True,tuned,SHARED_QUERY,123,main,3cfd389bbd05ec9201a41c0892e29bf8199198d1b216b9a8061370d4240aa583,bd1488a2d411295d7a2118c50ddcc0b158786123613af1676062e2270d1637d1,9cb89005693b1b70c102178849b740fde00b50c9ba5f3b5530d0e5749ea59837,eca954c21da074c545cb7858315ea39fee0a6f54b19e06474b4f2f91f1666847,490eeb15970ef077ee050323b551cd9c3c5534c257f1febddca9af74ed1cf0a4,6031dc4ee08b61c58b35b1efd7d764739d5c7c54dc7cbe9e9a72a1e4a7098596,e2212c40566e21c680a98186ebd8e984aa80d4fd,4d4ad03b827958468b1a231e360c7ad1aa68035c25af068059838ceae6dfa6d6,7a69fb21427492956ac16a4f0657ee843cdef3db07eff5a24421b9f9b4267e2c,main_SHARED_QUERY_123_selected,a033d1483c42c3a34229a4670ecefb6eaee35f3bbd13ee3cc8b179343d3df733,validation,P3,2017-01-17,885,796.9253250108139,8c354aeb9a77bd39a0f713ef82d70b0f0f7bc2e9a73717cd9e53fd51d5bbe27c
new_p3_training,True,tuned,SHARED_QUERY,123,main,3cfd389bbd05ec9201a41c0892e29bf8199198d1b216b9a8061370d4240aa583,bd1488a2d411295d7a2118c50ddcc0b158786123613af1676062e2270d1637d1,9cb89005693b1b70c102178849b740fde00b50c9ba5f3b5530d0e5749ea59837,eca954c21da074c545cb7858315ea39fee0a6f54b19e06474b4f2f91f1666847,490eeb15970ef077ee050323b551cd9c3c5534c257f1febddca9af74ed1cf0a4,6031dc4ee08b61c58b35b1efd7d764739d5c7c54dc7cbe9e9a72a1e4a7098596,e2212c40566e21c680a98186ebd8e984aa80d4fd,4d4ad03b827958468b1a231e360c7ad1aa68035c25af068059838ceae6dfa6d6,7a69fb21427492956ac16a4f0657ee843cdef3db07eff5a24421b9f9b4267e2c,main_SHARED_QUERY_123_selected,a033d1483c42c3a34229a4670ecefb6eaee35f3bbd13ee3cc8b179343d3df733,validation,P3,2017-01-18,884,820.8643578577369,80ee84e905656b6f3066366066d4f83b7e6eb8a6d14aabfc55e73cdf7b01a368
new_p3_training,True,tuned,SHARED_QUERY,123,main,3cfd389bbd05ec9201a41c0892e29bf8199198d1b216b9a8061370d4240aa583,bd1488a2d411295d7a2118c50ddcc0b158786123613af1676062e2270d1637d1,9cb89005693b1b70c102178849b740fde00b50c9ba5f3b5530d0e5749ea59837,eca954c21da074c545cb7858315ea39fee0a6f54b19e06474b4f2f91f1666847,490eeb15970ef077ee050323b551cd9c3c5534c257f1febddca9af74ed1cf0a4,6031dc4ee08b61c58b35b1efd7d764739d5c7c54dc7cbe9e9a72a1e4a7098596,e2212c40566e21c680a98186ebd8e984aa80d4fd,4d4ad03b827958468b1a231e360c7ad1aa68035c25af068059838ceae6dfa6d6,7a69fb21427492956ac16a4f0657ee843cdef3db07eff5a24421b9f9b4267e2c,main_SHARED_QUERY_123_selected,a033d1483c42c3a34229a4670ecefb6eaee35f3bbd13ee3cc8b179343d3df733,validation,P3,2017-01-19,883,857.5324129284734,0cc46e287cc200597fd26e91f39650a5b257f22565d2638507b902e52db12908
new_p3_training,True,tuned,SHARED_QUERY,123,main,3cfd389bbd05ec9201a41c0892e29bf8199198d1b216b9a8061370d4240aa583,bd1488a2d411295d7a2118c50ddcc0b158786123613af1676062e2270d1637d1,9cb89005693b1b70c102178849b740fde00b50c9ba5f3b5530d0e5749ea59837,eca954c21da074c545cb7858315ea39fee0a6f54b19e06474b4f2f91f1666847,490eeb15970ef077ee050323b551cd9c3c5534c257f1febddca9af74ed1cf0a4,6031dc4ee08b61c58b35b1efd7d764739d5c7c54dc7cbe9e9a72a1e4a7098596,e2212c40566e21c680a98186ebd8e984aa80d4fd,4d4ad03b827958468b1a231e360c7ad1aa68035c25af068059838ceae6dfa6d6,7a69fb21427492956ac16a4f0657ee843cdef3db07eff5a24421b9f9b4267e2c,main_SHARED_QUERY_123_selected,a033d1483c42c3a34229a4670ecefb6eaee35f3bbd13ee3cc8b179343d3df733,validation,P3,2017-01-20,885,786.9257541141505,59b001cd69cf4f6b8beea73091b250f24c8c626361e5ea28e252a5edf3415847
new_p3_training,True,tuned,SHARED_QUERY,123,main,3cfd389bbd05ec9201a41c0892e29bf8199198d1b216b9a8061370d4240aa583,bd1488a2d411295d7a2118c50ddcc0b158786123613af1676062e2270d1637d1,9cb89005693b1b70c102178849b740fde00b50c9ba5f3b5530d0e5749ea59837,eca954c21da074c545cb7858315ea39fee0a6f54b19e06474b4f2f91f1666847,490eeb15970ef077ee050323b551cd9c3c5534c257f1febddca9af74ed1cf0a4,6031dc4ee08b61c58b35b1efd7d764739d5c7c54dc7cbe9e9a72a1e4a7098596,e2212c40566e21c680a98186ebd8e984aa80d4fd,4d4ad03b827958468b1a231e360c7ad1aa68035c25af068059838ceae6dfa6d6,7a69fb21427492956ac16a4f0657ee843cdef3db07eff5a24421b9f9b4267e2c,main_SHARED_QUERY_123_selected,a033d1483c42c3a34229a4670ecefb6eaee35f3bbd13ee3cc8b179343d3df733,validation,P3,2017-01-23,878,787.988840894892,3d33593a9eb451e68afb261f73140cf422b3c0778ec504fd052d3e53e02f581b
new_p3_training,True,tuned,SHARED_QUERY,123,main,3cfd389bbd05ec9201a41c0892e29bf8199198d1b216b9a8061370d4240aa583,bd1488a2d411295d7a2118c50ddcc0b158786123613af1676062e2270d1637d1,9cb89005693b1b70c102178849b740fde00b50c9ba5f3b5530d0e5749ea59837,eca954c21da074c545cb7858315ea39fee0a6f54b19e06474b4f2f91f1666847,490eeb15970ef077ee050323b551cd9c3c5534c257f1febddca9af74ed1cf0a4,6031dc4ee08b61c58b35b1efd7d764739d5c7c54dc7cbe9e9a72a1e4a7098596,e2212c40566e21c680a98186ebd8e984aa80d4fd,4d4ad03b827958468b1a231e360c7ad1aa68035c25af068059838ceae6dfa6d6,7a69fb21427492956ac16a4f0657ee843cdef3db07eff5a24421b9f9b4267e2c,main_SHARED_QUERY_123_selected,a033d1483c42c3a34229a4670ecefb6eaee35f3bbd13ee3cc8b179343d3df733,validation,P3,2017-01-24,875,767.4281496904273,40cea533d9fb9a4b087cc55201b0f8d046dd4361c844ced71c2aa304eacad34a
new_p3_training,True,tuned,SHARED_QUERY,123,main,3cfd389bbd05ec9201a41c0892e29bf8199198d1b216b9a8061370d4240aa583,bd1488a2d411295d7a2118c50ddcc0b158786123613af1676062e2270d1637d1,9cb89005693b1b70c102178849b740fde00b50c9ba5f3b5530d0e5749ea59837,eca954c21da074c545cb7858315ea39fee0a6f54b19e06474b4f2f91f1666847,490eeb15970ef077ee050323b551cd9c3c5534c257f1febddca9af74ed1cf0a4,6031dc4ee08b61c58b35b1efd7d764739d5c7c54dc7cbe9e9a72a1e4a7098596,e2212c40566e21c680a98186ebd8e984aa80d4fd,4d4ad03b827958468b1a231e360c7ad1aa68035c25af068059838ceae6dfa6d6,7a69fb21427492956ac16a4f0657ee843cdef3db07eff5a24421b9f9b4267e2c,main_SHARED_QUERY_123_selected,a033d1483c42c3a34229a4670ecefb6eaee35f3bbd13ee3cc8b179343d3df733,validation,P3,2017-01-25,881,788.228957872213,d5d11e4dc8e674204624edbd6185b1494c1233d9e49e1a791fdc48a476134efe
new_p3_training,True,tuned,SHARED_QUERY,123,main,3cfd389bbd05ec9201a41c0892e29bf8199198d1b216b9a8061370d4240aa583,bd1488a2d411295d7a2118c50ddcc0b158786123613af1676062e2270d1637d1,9cb89005693b1b70c102178849b740fde00b50c9ba5f3b5530d0e5749ea59837,eca954c21da074c545cb7858315ea39fee0a6f54b19e06474b4f2f91f1666847,490eeb15970ef077ee050323b551cd9c3c5534c257f1febddca9af74ed1cf0a4,6031dc4ee08b61c58b35b1efd7d764739d5c7c54dc7cbe9e9a72a1e4a7098596,e2212c40566e21c680a98186ebd8e984aa80d4fd,4d4ad03b827958468b1a231e360c7ad1aa68035c25af068059838ceae6dfa6d6,7a69fb21427492956ac16a4f0657ee843cdef3db07eff5a24421b9f9b4267e2c,main_SHARED_QUERY_123_selected,a033d1483c42c3a34229a4670ecefb6eaee35f3bbd13ee3cc8b179343d3df733,validation,P3,2017-01-26,874,816.572829722963,502db8df3ae244469ca1dacb518523809293adee64d5c1b447394c22bf9e1308
new_p3_training,True,tuned,SHARED_QUERY,123,main,3cfd389bbd05ec9201a41c0892e29bf8199198d1b216b9a8061370d4240aa583,bd1488a2d411295d7a2118c50ddcc0b158786123613af1676062e2270d1637d1,9cb89005693b1b70c102178849b740fde00b50c9ba5f3b5530d0e5749ea59837,eca954c21da074c545cb7858315ea39fee0a6f54b19e06474b4f2f91f1666847,490eeb15970ef077ee050323b551cd9c3c5534c257f1febddca9af74ed1cf0a4,6031dc4ee08b61c58b35b1efd7d764739d5c7c54dc7cbe9e9a72a1e4a7098596,e2212c40566e21c680a98186ebd8e984aa80d4fd,4d4ad03b827958468b1a231e360c7ad1aa68035c25af068059838ceae6dfa6d6,7a69fb21427492956ac16a4f0657ee843cdef3db07eff5a24421b9f9b4267e2c,main_SHARED_QUERY_123_selected,a033d1483c42c3a34229a4670ecefb6eaee35f3bbd13ee3cc8b179343d3df733,validation,P3,2017-01-31,885,810.5981766245162,71f3ba65ae4062b3a8d13202290d489ddeafaec53f7c1765905b2be1e90d0f1b
new_p3_training,True,tuned,SHARED_QUERY,123,main,3cfd389bbd05ec9201a41c0892e29bf8199198d1b216b9a8061370d4240aa583,bd1488a2d411295d7a2118c50ddcc0b158786123613af1676062e2270d1637d1,9cb89005693b1b70c102178849b740fde00b50c9ba5f3b5530d0e5749ea59837,eca954c21da074c545cb7858315ea39fee0a6f54b19e06474b4f2f91f1666847,490eeb15970ef077ee050323b551cd9c3c5534c257f1febddca9af74ed1cf0a4,6031dc4ee08b61c58b35b1efd7d764739d5c7c54dc7cbe9e9a72a1e4a7098596,e2212c40566e21c680a98186ebd8e984aa80d4fd,4d4ad03b827958468b1a231e360c7ad1aa68035c25af068059838ceae6dfa6d6,7a69fb21427492956ac16a4f0657ee843cdef3db07eff5a24421b9f9b4267e2c,main_SHARED_QUERY_123_selected,a033d1483c42c3a34229a4670ecefb6eaee35f3bbd13ee3cc8b179343d3df733,validation,P3,2017-02-01,889,795.2376907482022,d278f2f40610d4d0a49da9f250467410ac725ed5a8e4be1022966af9d99c43d4
new_p3_training,True,tuned,SHARED_QUERY,123,main,3cfd389bbd05ec9201a41c0892e29bf8199198d1b216b9a8061370d4240aa583,bd1488a2d411295d7a2118c50ddcc0b158786123613af1676062e2270d1637d1,9cb89005693b1b70c102178849b740fde00b50c9ba5f3b5530d0e5749ea59837,eca954c21da074c545cb7858315ea39fee0a6f54b19e06474b4f2f91f1666847,490eeb15970ef077ee050323b551cd9c3c5534c257f1febddca9af74ed1cf0a4,6031dc4ee08b61c58b35b1efd7d764739d5c7c54dc7cbe9e9a72a1e4a7098596,e2212c40566e21c680a98186ebd8e984aa80d4fd,4d4ad03b827958468b1a231e360c7ad1aa68035c25af068059838ceae6dfa6d6,7a69fb21427492956ac16a4f0657ee843cdef3db07eff5a24421b9f9b4267e2c,main_SHARED_QUERY_123_selected,a033d1483c42c3a34229a4670ecefb6eaee35f3bbd13ee3cc8b179343d3df733,validation,P3,2017-02-02,887,822.438453437121,234d224b718416a94813ee82fd7c534bafee7932d08bf2a0aa2085eb89ad613d
new_p3_training,True,tuned,SHARED_QUERY,123,main,3cfd389bbd05ec9201a41c0892e29bf8199198d1b216b9a8061370d4240aa583,bd1488a2d411295d7a2118c50ddcc0b158786123613af1676062e2270d1637d1,9cb89005693b1b70c102178849b740fde00b50c9ba5f3b5530d0e5749ea59837,eca954c21da074c545cb7858315ea39fee0a6f54b19e06474b4f2f91f1666847,490eeb15970ef077ee050323b551cd9c3c5534c257f1febddca9af74ed1cf0a4,6031dc4ee08b61c58b35b1efd7d764739d5c7c54dc7cbe9e9a72a1e4a7098596,e2212c40566e21c680a98186ebd8e984aa80d4fd,4d4ad03b827958468b1a231e360c7ad1aa68035c25af068059838ceae6dfa6d6,7a69fb21427492956ac16a4f0657ee843cdef3db07eff5a24421b9f9b4267e2c,main_SHARED_QUERY_123_selected,a033d1483c42c3a34229a4670ecefb6eaee35f3bbd13ee3cc8b179343d3df733,validation,P3,2017-02-03,883,803.4758125862937,08151cca6111612a12f5d9d499aa1d3237916b749d4faefa7ffccacdc3687ba4
