namespace,selected,panel,model,seed,fold,protocol_hash,canonical_protocol_hash,input_hash,mask_hash,split_hash,core_source_digest,source_sha,source_digest,config_hash,source_job,prediction_sha256,split,population,date,rows,loss_sum,row_key_label_digest
new_p3_training,True,tuned,UC,123,R3,3cfd389bbd05ec9201a41c0892e29bf8199198d1b216b9a8061370d4240aa583,bd1488a2d411295d7a2118c50ddcc0b158786123613af1676062e2270d1637d1,9cb89005693b1b70c102178849b740fde00b50c9ba5f3b5530d0e5749ea59837,eca954c21da074c545cb7858315ea39fee0a6f54b19e06474b4f2f91f1666847,c40aaf80f5be3be16016d797963cb563e35b93083df451f9827f99cfadc3c898,6031dc4ee08b61c58b35b1efd7d764739d5c7c54dc7cbe9e9a72a1e4a7098596,e2212c40566e21c680a98186ebd8e984aa80d4fd,4d4ad03b827958468b1a231e360c7ad1aa68035c25af068059838ceae6dfa6d6,84f6ca69daadf04be6928767627ac1ca0eb72facd2864d83a1c7567e6ba60ea3,R3_UC_123_selected,dadbfccabccdfd0f88f40a0f73e6518a25d23a325fed7d652875782615cd480b,development_holdout,P0,2017-05-16,1026,945.4520212380128,05df3c6778fd8bf0b7fcd3b26cf621f511382b593dfa9dd9b7a6a0335984ab36
new_p3_training,True,tuned,UC,123,R3,3cfd389bbd05ec9201a41c0892e29bf8199198d1b216b9a8061370d4240aa583,bd1488a2d411295d7a2118c50ddcc0b158786123613af1676062e2270d1637d1,9cb89005693b1b70c102178849b740fde00b50c9ba5f3b5530d0e5749ea59837,eca954c21da074c545cb7858315ea39fee0a6f54b19e06474b4f2f91f1666847,c40aaf80f5be3be16016d797963cb563e35b93083df451f9827f99cfadc3c898,6031dc4ee08b61c58b35b1efd7d764739d5c7c54dc7cbe9e9a72a1e4a7098596,e2212c40566e21c680a98186ebd8e984aa80d4fd,4d4ad03b827958468b1a231e360c7ad1aa68035c25af068059838ceae6dfa6d6,84f6ca69daadf04be6928767627ac1ca0eb72facd2864d83a1c7567e6ba60ea3,R3_UC_123_selected,dadbfccabccdfd0f88f40a0f73e6518a25d23a325fed7d652875782615cd480b,development_holdout,P0,2017-05-17,1026,947.8824453346681,4a452781b12f29176f3150f1d90c9fb94792ef7f65c0363700d754e1d2debd5c
new_p3_training,True,tuned,UC,123,R3,3cfd389bbd05ec9201a41c0892e29bf8199198d1b216b9a8061370d4240aa583,bd1488a2d411295d7a2118c50ddcc0b158786123613af1676062e2270d1637d1,9cb89005693b1b70c102178849b740fde00b50c9ba5f3b5530d0e5749ea59837,eca954c21da074c545cb7858315ea39fee0a6f54b19e06474b4f2f91f1666847,c40aaf80f5be3be16016d797963cb563e35b93083df451f9827f99cfadc3c898,6031dc4ee08b61c58b35b1efd7d764739d5c7c54dc7cbe9e9a72a1e4a7098596,e2212c40566e21c680a98186ebd8e984aa80d4fd,4d4ad03b827958468b1a231e360c7ad1aa68035c25af068059838ceae6dfa6d6,84f6ca69daadf04be6928767627ac1ca0eb72facd2864d83a1c7567e6ba60ea3,R3_UC_123_selected,dadbfccabccdfd0f88f40a0f73e6518a25d23a325fed7d652875782615cd480b,development_holdout,P0,2017-05-18,1026,965.6953168395535,896ceda7aba69bbcec5b2ba1b9249fa93b87cd3fbc290f7c4c3849e65b8d5a04
new_p3_training,True,tuned,UC,123,R3,3cfd389bbd05ec9201a41c0892e29bf8199198d1b216b9a8061370d4240aa583,bd1488a2d411295d7a2118c50ddcc0b158786123613af1676062e2270d1637d1,9cb89005693b1b70c102178849b740fde00b50c9ba5f3b5530d0e5749ea59837,eca954c21da074c545cb7858315ea39fee0a6f54b19e06474b4f2f91f1666847,c40aaf80f5be3be16016d797963cb563e35b93083df451f9827f99cfadc3c898,6031dc4ee08b61c58b35b1efd7d764739d5c7c54dc7cbe9e9a72a1e4a7098596,e2212c40566e21c680a98186ebd8e984aa80d4fd,4d4ad03b827958468b1a231e360c7ad1aa68035c25af068059838ceae6dfa6d6,84f6ca69daadf04be6928767627ac1ca0eb72facd2864d83a1c7567e6ba60ea3,R3_UC_123_selected,dadbfccabccdfd0f88f40a0f73e6518a25d23a325fed7d652875782615cd480b,development_holdout,P0,2017-05-19,1026,973.1023489975031,b14622b33aefdb140a930477fca8678486e35e1bb610bf2fc3c01ad176f55e63
new_p3_training,True,tuned,UC,123,R3,3cfd389bbd05ec9201a41c0892e29bf8199198d1b216b9a8061370d4240aa583,bd1488a2d411295d7a2118c50ddcc0b158786123613af1676062e2270d1637d1,9cb89005693b1b70c102178849b740fde00b50c9ba5f3b5530d0e5749ea59837,eca954c21da074c545cb7858315ea39fee0a6f54b19e06474b4f2f91f1666847,c40aaf80f5be3be16016d797963cb563e35b93083df451f9827f99cfadc3c898,6031dc4ee08b61c58b35b1efd7d764739d5c7c54dc7cbe9e9a72a1e4a7098596,e2212c40566e21c680a98186ebd8e984aa80d4fd,4d4ad03b827958468b1a231e360c7ad1aa68035c25af068059838ceae6dfa6d6,84f6ca69daadf04be6928767627ac1ca0eb72facd2864d83a1c7567e6ba60ea3,R3_UC_123_selected,dadbfccabccdfd0f88f40a0f73e6518a25d23a325fed7d652875782615cd480b,development_holdout,P0,2017-05-22,1026,935.5723128415067,267471646f72041ca06b20ba491e50e54bf6e3b7dc940d38512e246a7a0f8889
new_p3_training,True,tuned,UC,123,R3,3cfd389bbd05ec9201a41c0892e29bf8199198d1b216b9a8061370d4240aa583,bd1488a2d411295d7a2118c50ddcc0b158786123613af1676062e2270d1637d1,9cb89005693b1b70c102178849b740fde00b50c9ba5f3b5530d0e5749ea59837,eca954c21da074c545cb7858315ea39fee0a6f54b19e06474b4f2f91f1666847,c40aaf80f5be3be16016d797963cb563e35b93083df451f9827f99cfadc3c898,6031dc4ee08b61c58b35b1efd7d764739d5c7c54dc7cbe9e9a72a1e4a7098596,e2212c40566e21c680a98186ebd8e984aa80d4fd,4d4ad03b827958468b1a231e360c7ad1aa68035c25af068059838ceae6dfa6d6,84f6ca69daadf04be6928767627ac1ca0eb72facd2864d83a1c7567e6ba60ea3,R3_UC_123_selected,dadbfccabccdfd0f88f40a0f73e6518a25d23a325fed7d652875782615cd480b,development_holdout,P0,2017-05-23,1026,1059.7274963422149,f7b48f4274039f732f06e39c2092feed1167a93942aaaf8498423f0eded37232
new_p3_training,True,tuned,UC,123,R3,3cfd389bbd05ec9201a41c0892e29bf8199198d1b216b9a8061370d4240aa583,bd1488a2d411295d7a2118c50ddcc0b158786123613af1676062e2270d1637d1,9cb89005693b1b70c102178849b740fde00b50c9ba5f3b5530d0e5749ea59837,eca954c21da074c545cb7858315ea39fee0a6f54b19e06474b4f2f91f1666847,c40aaf80f5be3be16016d797963cb563e35b93083df451f9827f99cfadc3c898,6031dc4ee08b61c58b35b1efd7d764739d5c7c54dc7cbe9e9a72a1e4a7098596,e2212c40566e21c680a98186ebd8e984aa80d4fd,4d4ad03b827958468b1a231e360c7ad1aa68035c25af068059838ceae6dfa6d6,84f6ca69daadf04be6928767627ac1ca0eb72facd2864d83a1c7567e6ba60ea3,R3_UC_123_selected,dadbfccabccdfd0f88f40a0f73e6518a25d23a325fed7d652875782615cd480b,development_holdout,P0,2017-05-24,1026,994.0940174636929,6a92951abf20953fac4112d25508a9038c225d46262faf135cb64ee0f8b59d59
new_p3_training,True,tuned,UC,123,R3,3cfd389bbd05ec9201a41c0892e29bf8199198d1b216b9a8061370d4240aa583,bd1488a2d411295d7a2118c50ddcc0b158786123613af1676062e2270d1637d1,9cb89005693b1b70c102178849b740fde00b50c9ba5f3b5530d0e5749ea59837,eca954c21da074c545cb7858315ea39fee0a6f54b19e06474b4f2f91f1666847,c40aaf80f5be3be16016d797963cb563e35b93083df451f9827f99cfadc3c898,6031dc4ee08b61c58b35b1efd7d764739d5c7c54dc7cbe9e9a72a1e4a7098596,e2212c40566e21c680a98186ebd8e984aa80d4fd,4d4ad03b827958468b1a231e360c7ad1aa68035c25af068059838ceae6dfa6d6,84f6ca69daadf04be6928767627ac1ca0eb72facd2864d83a1c7567e6ba60ea3,R3_UC_123_selected,dadbfccabccdfd0f88f40a0f73e6518a25d23a325fed7d652875782615cd480b,development_holdout,P0,2017-05-25,1026,996.0929956889827,cb7a23eb5b4f4eb3337e141f633948967457eecd3f6b8ded1c2be403588f8cba
new_p3_training,True,tuned,UC,123,R3,3cfd389bbd05ec9201a41c0892e29bf8199198d1b216b9a8061370d4240aa583,bd1488a2d411295d7a2118c50ddcc0b158786123613af1676062e2270d1637d1,9cb89005693b1b70c102178849b740fde00b50c9ba5f3b5530d0e5749ea59837,eca954c21da074c545cb7858315ea39fee0a6f54b19e06474b4f2f91f1666847,c40aaf80f5be3be16016d797963cb563e35b93083df451f9827f99cfadc3c898,6031dc4ee08b61c58b35b1efd7d764739d5c7c54dc7cbe9e9a72a1e4a7098596,e2212c40566e21c680a98186ebd8e984aa80d4fd,4d4ad03b827958468b1a231e360c7ad1aa68035c25af068059838ceae6dfa6d6,84f6ca69daadf04be6928767627ac1ca0eb72facd2864d83a1c7567e6ba60ea3,R3_UC_123_selected,dadbfccabccdfd0f88f40a0f73e6518a25d23a325fed7d652875782615cd480b,development_holdout,P0,2017-05-26,1026,992.7981523107045,bc17cc8297732ed310bf6b2e7ec776fd13c6f6d42a5d4b55dad14c506ea5eb6a
new_p3_training,True,tuned,UC,123,R3,3cfd389bbd05ec9201a41c0892e29bf8199198d1b216b9a8061370d4240aa583,bd1488a2d411295d7a2118c50ddcc0b158786123613af1676062e2270d1637d1,9cb89005693b1b70c102178849b740fde00b50c9ba5f3b5530d0e5749ea59837,eca954c21da074c545cb7858315ea39fee0a6f54b19e06474b4f2f91f1666847,c40aaf80f5be3be16016d797963cb563e35b93083df451f9827f99cfadc3c898,6031dc4ee08b61c58b35b1efd7d764739d5c7c54dc7cbe9e9a72a1e4a7098596,e2212c40566e21c680a98186ebd8e984aa80d4fd,4d4ad03b827958468b1a231e360c7ad1aa68035c25af068059838ceae6dfa6d6,84f6ca69daadf04be6928767627ac1ca0eb72facd2864d83a1c7567e6ba60ea3,R3_UC_123_selected,dadbfccabccdfd0f88f40a0f73e6518a25d23a325fed7d652875782615cd480b,development_holdout,P0,2017-05-29,1026,1008.7343972076192,9c14ec63040da700c68269cee6c0a10b7a7f3f9d9b39794487319782993c3215
new_p3_training,True,tuned,UC,123,R3,3cfd389bbd05ec9201a41c0892e29bf8199198d1b216b9a8061370d4240aa583,bd1488a2d411295d7a2118c50ddcc0b158786123613af1676062e2270d1637d1,9cb89005693b1b70c102178849b740fde00b50c9ba5f3b5530d0e5749ea59837,eca954c21da074c545cb7858315ea39fee0a6f54b19e06474b4f2f91f1666847,c40aaf80f5be3be16016d797963cb563e35b93083df451f9827f99cfadc3c898,6031dc4ee08b61c58b35b1efd7d764739d5c7c54dc7cbe9e9a72a1e4a7098596,e2212c40566e21c680a98186ebd8e984aa80d4fd,4d4ad03b827958468b1a231e360c7ad1aa68035c25af068059838ceae6dfa6d6,84f6ca69daadf04be6928767627ac1ca0eb72facd2864d83a1c7567e6ba60ea3,R3_UC_123_selected,dadbfccabccdfd0f88f40a0f73e6518a25d23a325fed7d652875782615cd480b,development_holdout,P0,2017-05-30,1026,989.3125070529052,aa90dbec0b0948b01c1752f06ba6ae289b49252e28b1ee312adf3d00cf26a1f1
new_p3_training,True,tuned,UC,123,R3,3cfd389bbd05ec9201a41c0892e29bf8199198d1b216b9a8061370d4240aa583,bd1488a2d411295d7a2118c50ddcc0b158786123613af1676062e2270d1637d1,9cb89005693b1b70c102178849b740fde00b50c9ba5f3b5530d0e5749ea59837,eca954c21da074c545cb7858315ea39fee0a6f54b19e06474b4f2f91f1666847,c40aaf80f5be3be16016d797963cb563e35b93083df451f9827f99cfadc3c898,6031dc4ee08b61c58b35b1efd7d764739d5c7c54dc7cbe9e9a72a1e4a7098596,e2212c40566e21c680a98186ebd8e984aa80d4fd,4d4ad03b827958468b1a231e360c7ad1aa68035c25af068059838ceae6dfa6d6,84f6ca69daadf04be6928767627ac1ca0eb72facd2864d83a1c7567e6ba60ea3,R3_UC_123_selected,dadbfccabccdfd0f88f40a0f73e6518a25d23a325fed7d652875782615cd480b,development_holdout,P0,2017-05-31,1026,978.7035643032234,c27f19c5319c85d380d87022c9ee074c488c73be482d8f6e5833ef55b1d95000
new_p3_training,True,tuned,UC,123,R3,3cfd389bbd05ec9201a41c0892e29bf8199198d1b216b9a8061370d4240aa583,bd1488a2d411295d7a2118c50ddcc0b158786123613af1676062e2270d1637d1,9cb89005693b1b70c102178849b740fde00b50c9ba5f3b5530d0e5749ea59837,eca954c21da074c545cb7858315ea39fee0a6f54b19e06474b4f2f91f1666847,c40aaf80f5be3be16016d797963cb563e35b93083df451f9827f99cfadc3c898,6031dc4ee08b61c58b35b1efd7d764739d5c7c54dc7cbe9e9a72a1e4a7098596,e2212c40566e21c680a98186ebd8e984aa80d4fd,4d4ad03b827958468b1a231e360c7ad1aa68035c25af068059838ceae6dfa6d6,84f6ca69daadf04be6928767627ac1ca0eb72facd2864d83a1c7567e6ba60ea3,R3_UC_123_selected,dadbfccabccdfd0f88f40a0f73e6518a25d23a325fed7d652875782615cd480b,development_holdout,P0,2017-06-01,1026,920.0130017500501,ffc4f9e982868022414ea9d1c714ab4cf8708837d1714612dffd6485eefe9b01
new_p3_training,True,tuned,UC,123,R3,3cfd389bbd05ec9201a41c0892e29bf8199198d1b216b9a8061370d4240aa583,bd1488a2d411295d7a2118c50ddcc0b158786123613af1676062e2270d1637d1,9cb89005693b1b70c102178849b740fde00b50c9ba5f3b5530d0e5749ea59837,eca954c21da074c545cb7858315ea39fee0a6f54b19e06474b4f2f91f1666847,c40aaf80f5be3be16016d797963cb563e35b93083df451f9827f99cfadc3c898,6031dc4ee08b61c58b35b1efd7d764739d5c7c54dc7cbe9e9a72a1e4a7098596,e2212c40566e21c680a98186ebd8e984aa80d4fd,4d4ad03b827958468b1a231e360c7ad1aa68035c25af068059838ceae6dfa6d6,84f6ca69daadf04be6928767627ac1ca0eb72facd2864d83a1c7567e6ba60ea3,R3_UC_123_selected,dadbfccabccdfd0f88f40a0f73e6518a25d23a325fed7d652875782615cd480b,development_holdout,P0,2017-06-02,1026,967.6541569296714,23e1874e818e3a50bdcf18895a99702b56f60de9b7698b85975f242b82ddd9dd
new_p3_training,True,tuned,UC,123,R3,3cfd389bbd05ec9201a41c0892e29bf8199198d1b216b9a8061370d4240aa583,bd1488a2d411295d7a2118c50ddcc0b158786123613af1676062e2270d1637d1,9cb89005693b1b70c102178849b740fde00b50c9ba5f3b5530d0e5749ea59837,eca954c21da074c545cb7858315ea39fee0a6f54b19e06474b4f2f91f1666847,c40aaf80f5be3be16016d797963cb563e35b93083df451f9827f99cfadc3c898,6031dc4ee08b61c58b35b1efd7d764739d5c7c54dc7cbe9e9a72a1e4a7098596,e2212c40566e21c680a98186ebd8e984aa80d4fd,4d4ad03b827958468b1a231e360c7ad1aa68035c25af068059838ceae6dfa6d6,84f6ca69daadf04be6928767627ac1ca0eb72facd2864d83a1c7567e6ba60ea3,R3_UC_123_selected,dadbfccabccdfd0f88f40a0f73e6518a25d23a325fed7d652875782615cd480b,development_holdout,P0,2017-06-05,1026,923.3259632720259,dc8b7fa6d968de1bfabf0ea036ea96c36ec6fe18ccd3ab4fc1fa62aa7f684863
new_p3_training,True,tuned,UC,123,R3,3cfd389bbd05ec9201a41c0892e29bf8199198d1b216b9a8061370d4240aa583,bd1488a2d411295d7a2118c50ddcc0b158786123613af1676062e2270d1637d1,9cb89005693b1b70c102178849b740fde00b50c9ba5f3b5530d0e5749ea59837,eca954c21da074c545cb7858315ea39fee0a6f54b19e06474b4f2f91f1666847,c40aaf80f5be3be16016d797963cb563e35b93083df451f9827f99cfadc3c898,6031dc4ee08b61c58b35b1efd7d764739d5c7c54dc7cbe9e9a72a1e4a7098596,e2212c40566e21c680a98186ebd8e984aa80d4fd,4d4ad03b827958468b1a231e360c7ad1aa68035c25af068059838ceae6dfa6d6,84f6ca69daadf04be6928767627ac1ca0eb72facd2864d83a1c7567e6ba60ea3,R3_UC_123_selected,dadbfccabccdfd0f88f40a0f73e6518a25d23a325fed7d652875782615cd480b,development_holdout,P0,2017-06-07,1026,987.9672528626611,8a878ba345b18263d37a6b1ab88e5bff7c8186b585eadf4b5d99b739b15d9a8d
new_p3_training,True,tuned,UC,123,R3,3cfd389bbd05ec9201a41c0892e29bf8199198d1b216b9a8061370d4240aa583,bd1488a2d411295d7a2118c50ddcc0b158786123613af1676062e2270d1637d1,9cb89005693b1b70c102178849b740fde00b50c9ba5f3b5530d0e5749ea59837,eca954c21da074c545cb7858315ea39fee0a6f54b19e06474b4f2f91f1666847,c40aaf80f5be3be16016d797963cb563e35b93083df451f9827f99cfadc3c898,6031dc4ee08b61c58b35b1efd7d764739d5c7c54dc7cbe9e9a72a1e4a7098596,e2212c40566e21c680a98186ebd8e984aa80d4fd,4d4ad03b827958468b1a231e360c7ad1aa68035c25af068059838ceae6dfa6d6,84f6ca69daadf04be6928767627ac1ca0eb72facd2864d83a1c7567e6ba60ea3,R3_UC_123_selected,dadbfccabccdfd0f88f40a0f73e6518a25d23a325fed7d652875782615cd480b,development_holdout,P0,2017-06-08,1026,961.2990981083144,6e63b82f0bd8c587f5c3b0d0586ddb66130b621924c1df2a39c1189496d9d5f1
new_p3_training,True,tuned,UC,123,R3,3cfd389bbd05ec9201a41c0892e29bf8199198d1b216b9a8061370d4240aa583,bd1488a2d411295d7a2118c50ddcc0b158786123613af1676062e2270d1637d1,9cb89005693b1b70c102178849b740fde00b50c9ba5f3b5530d0e5749ea59837,eca954c21da074c545cb7858315ea39fee0a6f54b19e06474b4f2f91f1666847,c40aaf80f5be3be16016d797963cb563e35b93083df451f9827f99cfadc3c898,6031dc4ee08b61c58b35b1efd7d764739d5c7c54dc7cbe9e9a72a1e4a7098596,e2212c40566e21c680a98186ebd8e984aa80d4fd,4d4ad03b827958468b1a231e360c7ad1aa68035c25af068059838ceae6dfa6d6,84f6ca69daadf04be6928767627ac1ca0eb72facd2864d83a1c7567e6ba60ea3,R3_UC_123_selected,dadbfccabccdfd0f88f40a0f73e6518a25d23a325fed7d652875782615cd480b,development_holdout,P0,2017-06-09,1026,986.145168994552,11fa1b317c1b445df417893a03a7c728b695b6089f81e3218090f09b113dfb47
new_p3_training,True,tuned,UC,123,R3,3cfd389bbd05ec9201a41c0892e29bf8199198d1b216b9a8061370d4240aa583,bd1488a2d411295d7a2118c50ddcc0b158786123613af1676062e2270d1637d1,9cb89005693b1b70c102178849b740fde00b50c9ba5f3b5530d0e5749ea59837,eca954c21da074c545cb7858315ea39fee0a6f54b19e06474b4f2f91f1666847,c40aaf80f5be3be16016d797963cb563e35b93083df451f9827f99cfadc3c898,6031dc4ee08b61c58b35b1efd7d764739d5c7c54dc7cbe9e9a72a1e4a7098596,e2212c40566e21c680a98186ebd8e984aa80d4fd,4d4ad03b827958468b1a231e360c7ad1aa68035c25af068059838ceae6dfa6d6,84f6ca69daadf04be6928767627ac1ca0eb72facd2864d83a1c7567e6ba60ea3,R3_UC_123_selected,dadbfccabccdfd0f88f40a0f73e6518a25d23a325fed7d652875782615cd480b,development_holdout,P0,2017-06-12,1026,959.6035571882443,aa3c9f6c202bb53d94d34903bbe3203bc0d936b5ff4c99069bff098e77844653
new_p3_training,True,tuned,UC,123,R3,3cfd389bbd05ec9201a41c0892e29bf8199198d1b216b9a8061370d4240aa583,bd1488a2d411295d7a2118c50ddcc0b158786123613af1676062e2270d1637d1,9cb89005693b1b70c102178849b740fde00b50c9ba5f3b5530d0e5749ea59837,eca954c21da074c545cb7858315ea39fee0a6f54b19e06474b4f2f91f1666847,c40aaf80f5be3be16016d797963cb563e35b93083df451f9827f99cfadc3c898,6031dc4ee08b61c58b35b1efd7d764739d5c7c54dc7cbe9e9a72a1e4a7098596,e2212c40566e21c680a98186ebd8e984aa80d4fd,4d4ad03b827958468b1a231e360c7ad1aa68035c25af068059838ceae6dfa6d6,84f6ca69daadf04be6928767627ac1ca0eb72facd2864d83a1c7567e6ba60ea3,R3_UC_123_selected,dadbfccabccdfd0f88f40a0f73e6518a25d23a325fed7d652875782615cd480b,development_holdout,P0,2017-06-13,1026,950.7162514105712,7290ea031e88a1df41f430f241ec2315306bc30fa2467d046f7dd71478991da2
new_p3_training,True,tuned,UC,123,R3,3cfd389bbd05ec9201a41c0892e29bf8199198d1b216b9a8061370d4240aa583,bd1488a2d411295d7a2118c50ddcc0b158786123613af1676062e2270d1637d1,9cb89005693b1b70c102178849b740fde00b50c9ba5f3b5530d0e5749ea59837,eca954c21da074c545cb7858315ea39fee0a6f54b19e06474b4f2f91f1666847,c40aaf80f5be3be16016d797963cb563e35b93083df451f9827f99cfadc3c898,6031dc4ee08b61c58b35b1efd7d764739d5c7c54dc7cbe9e9a72a1e4a7098596,e2212c40566e21c680a98186ebd8e984aa80d4fd,4d4ad03b827958468b1a231e360c7ad1aa68035c25af068059838ceae6dfa6d6,84f6ca69daadf04be6928767627ac1ca0eb72facd2864d83a1c7567e6ba60ea3,R3_UC_123_selected,dadbfccabccdfd0f88f40a0f73e6518a25d23a325fed7d652875782615cd480b,development_holdout,P0,2017-06-14,1026,958.6529948042544,6a0ee0d0980d5a8406bffe42996d50cc20f459b85a639679d34b3873e63f382a
new_p3_training,True,tuned,UC,123,R3,3cfd389bbd05ec9201a41c0892e29bf8199198d1b216b9a8061370d4240aa583,bd1488a2d411295d7a2118c50ddcc0b158786123613af1676062e2270d1637d1,9cb89005693b1b70c102178849b740fde00b50c9ba5f3b5530d0e5749ea59837,eca954c21da074c545cb7858315ea39fee0a6f54b19e06474b4f2f91f1666847,c40aaf80f5be3be16016d797963cb563e35b93083df451f9827f99cfadc3c898,6031dc4ee08b61c58b35b1efd7d764739d5c7c54dc7cbe9e9a72a1e4a7098596,e2212c40566e21c680a98186ebd8e984aa80d4fd,4d4ad03b827958468b1a231e360c7ad1aa68035c25af068059838ceae6dfa6d6,84f6ca69daadf04be6928767627ac1ca0eb72facd2864d83a1c7567e6ba60ea3,R3_UC_123_selected,dadbfccabccdfd0f88f40a0f73e6518a25d23a325fed7d652875782615cd480b,development_holdout,P0,2017-06-15,1026,979.6744341366026,0b3175822130e66667ed390667e1f889e34b34228a1880b9fff7536164d0a027
new_p3_training,True,tuned,UC,123,R3,3cfd389bbd05ec9201a41c0892e29bf8199198d1b216b9a8061370d4240aa583,bd1488a2d411295d7a2118c50ddcc0b158786123613af1676062e2270d1637d1,9cb89005693b1b70c102178849b740fde00b50c9ba5f3b5530d0e5749ea59837,eca954c21da074c545cb7858315ea39fee0a6f54b19e06474b4f2f91f1666847,c40aaf80f5be3be16016d797963cb563e35b93083df451f9827f99cfadc3c898,6031dc4ee08b61c58b35b1efd7d764739d5c7c54dc7cbe9e9a72a1e4a7098596,e2212c40566e21c680a98186ebd8e984aa80d4fd,4d4ad03b827958468b1a231e360c7ad1aa68035c25af068059838ceae6dfa6d6,84f6ca69daadf04be6928767627ac1ca0eb72facd2864d83a1c7567e6ba60ea3,R3_UC_123_selected,dadbfccabccdfd0f88f40a0f73e6518a25d23a325fed7d652875782615cd480b,development_holdout,P0,2017-06-16,1026,927.1721478914006,a8a474b41ffe723c2656fa59ce25e3f1360ececeda761609838ed30b936fdbce
new_p3_training,True,tuned,UC,123,R3,3cfd389bbd05ec9201a41c0892e29bf8199198d1b216b9a8061370d4240aa583,bd1488a2d411295d7a2118c50ddcc0b158786123613af1676062e2270d1637d1,9cb89005693b1b70c102178849b740fde00b50c9ba5f3b5530d0e5749ea59837,eca954c21da074c545cb7858315ea39fee0a6f54b19e06474b4f2f91f1666847,c40aaf80f5be3be16016d797963cb563e35b93083df451f9827f99cfadc3c898,6031dc4ee08b61c58b35b1efd7d764739d5c7c54dc7cbe9e9a72a1e4a7098596,e2212c40566e21c680a98186ebd8e984aa80d4fd,4d4ad03b827958468b1a231e360c7ad1aa68035c25af068059838ceae6dfa6d6,84f6ca69daadf04be6928767627ac1ca0eb72facd2864d83a1c7567e6ba60ea3,R3_UC_123_selected,dadbfccabccdfd0f88f40a0f73e6518a25d23a325fed7d652875782615cd480b,development_holdout,P0,2017-06-19,1026,975.4660167992369,7c3806a7b4dc9002020e9de3552964e226cc7c54da18e75b498782936f25c191
new_p3_training,True,tuned,UC,123,R3,3cfd389bbd05ec9201a41c0892e29bf8199198d1b216b9a8061370d4240aa583,bd1488a2d411295d7a2118c50ddcc0b158786123613af1676062e2270d1637d1,9cb89005693b1b70c102178849b740fde00b50c9ba5f3b5530d0e5749ea59837,eca954c21da074c545cb7858315ea39fee0a6f54b19e06474b4f2f91f1666847,c40aaf80f5be3be16016d797963cb563e35b93083df451f9827f99cfadc3c898,6031dc4ee08b61c58b35b1efd7d764739d5c7c54dc7cbe9e9a72a1e4a7098596,e2212c40566e21c680a98186ebd8e984aa80d4fd,4d4ad03b827958468b1a231e360c7ad1aa68035c25af068059838ceae6dfa6d6,84f6ca69daadf04be6928767627ac1ca0eb72facd2864d83a1c7567e6ba60ea3,R3_UC_123_selected,dadbfccabccdfd0f88f40a0f73e6518a25d23a325fed7d652875782615cd480b,development_holdout,P0,2017-06-20,1026,964.9461982872438,13c0a10388d80e7fe30da68722964ed28f56db8b79095d1c9f9e7dcf9f9c2a92
new_p3_training,True,tuned,UC,123,R3,3cfd389bbd05ec9201a41c0892e29bf8199198d1b216b9a8061370d4240aa583,bd1488a2d411295d7a2118c50ddcc0b158786123613af1676062e2270d1637d1,9cb89005693b1b70c102178849b740fde00b50c9ba5f3b5530d0e5749ea59837,eca954c21da074c545cb7858315ea39fee0a6f54b19e06474b4f2f91f1666847,c40aaf80f5be3be16016d797963cb563e35b93083df451f9827f99cfadc3c898,6031dc4ee08b61c58b35b1efd7d764739d5c7c54dc7cbe9e9a72a1e4a7098596,e2212c40566e21c680a98186ebd8e984aa80d4fd,4d4ad03b827958468b1a231e360c7ad1aa68035c25af068059838ceae6dfa6d6,84f6ca69daadf04be6928767627ac1ca0eb72facd2864d83a1c7567e6ba60ea3,R3_UC_123_selected,dadbfccabccdfd0f88f40a0f73e6518a25d23a325fed7d652875782615cd480b,development_holdout,P0,2017-06-21,1026,1039.7422739931956,167d1d30de0aa182d83194502fd0d0325f15a6af2ed3c9786c845476f39ac722
new_p3_training,True,tuned,UC,123,R3,3cfd389bbd05ec9201a41c0892e29bf8199198d1b216b9a8061370d4240aa583,bd1488a2d411295d7a2118c50ddcc0b158786123613af1676062e2270d1637d1,9cb89005693b1b70c102178849b740fde00b50c9ba5f3b5530d0e5749ea59837,eca954c21da074c545cb7858315ea39fee0a6f54b19e06474b4f2f91f1666847,c40aaf80f5be3be16016d797963cb563e35b93083df451f9827f99cfadc3c898,6031dc4ee08b61c58b35b1efd7d764739d5c7c54dc7cbe9e9a72a1e4a7098596,e2212c40566e21c680a98186ebd8e984aa80d4fd,4d4ad03b827958468b1a231e360c7ad1aa68035c25af068059838ceae6dfa6d6,84f6ca69daadf04be6928767627ac1ca0eb72facd2864d83a1c7567e6ba60ea3,R3_UC_123_selected,dadbfccabccdfd0f88f40a0f73e6518a25d23a325fed7d652875782615cd480b,development_holdout,P0,2017-06-22,1026,1002.4025779853982,b9c055d9d18637592532452c85944fc938b482e932e2892c25a85d0bc35da781
new_p3_training,True,tuned,UC,123,R3,3cfd389bbd05ec9201a41c0892e29bf8199198d1b216b9a8061370d4240aa583,bd1488a2d411295d7a2118c50ddcc0b158786123613af1676062e2270d1637d1,9cb89005693b1b70c102178849b740fde00b50c9ba5f3b5530d0e5749ea59837,eca954c21da074c545cb7858315ea39fee0a6f54b19e06474b4f2f91f1666847,c40aaf80f5be3be16016d797963cb563e35b93083df451f9827f99cfadc3c898,6031dc4ee08b61c58b35b1efd7d764739d5c7c54dc7cbe9e9a72a1e4a7098596,e2212c40566e21c680a98186ebd8e984aa80d4fd,4d4ad03b827958468b1a231e360c7ad1aa68035c25af068059838ceae6dfa6d6,84f6ca69daadf04be6928767627ac1ca0eb72facd2864d83a1c7567e6ba60ea3,R3_UC_123_selected,dadbfccabccdfd0f88f40a0f73e6518a25d23a325fed7d652875782615cd480b,development_holdout,P0,2017-06-23,1026,948.5446169031834,74348a63842d1485654fe91422e5ff82aa133d1d719cbcfbbb54788e0abcb47a
new_p3_training,True,tuned,UC,123,R3,3cfd389bbd05ec9201a41c0892e29bf8199198d1b216b9a8061370d4240aa583,bd1488a2d411295d7a2118c50ddcc0b158786123613af1676062e2270d1637d1,9cb89005693b1b70c102178849b740fde00b50c9ba5f3b5530d0e5749ea59837,eca954c21da074c545cb7858315ea39fee0a6f54b19e06474b4f2f91f1666847,c40aaf80f5be3be16016d797963cb563e35b93083df451f9827f99cfadc3c898,6031dc4ee08b61c58b35b1efd7d764739d5c7c54dc7cbe9e9a72a1e4a7098596,e2212c40566e21c680a98186ebd8e984aa80d4fd,4d4ad03b827958468b1a231e360c7ad1aa68035c25af068059838ceae6dfa6d6,84f6ca69daadf04be6928767627ac1ca0eb72facd2864d83a1c7567e6ba60ea3,R3_UC_123_selected,dadbfccabccdfd0f88f40a0f73e6518a25d23a325fed7d652875782615cd480b,development_holdout,P0,2017-06-26,1026,952.0797831913364,ad0c4a3fad54d25949fe68c1fda0e9e714a26abd31eec27b6219bbf0563dc044
new_p3_training,True,tuned,UC,123,R3,3cfd389bbd05ec9201a41c0892e29bf8199198d1b216b9a8061370d4240aa583,bd1488a2d411295d7a2118c50ddcc0b158786123613af1676062e2270d1637d1,9cb89005693b1b70c102178849b740fde00b50c9ba5f3b5530d0e5749ea59837,eca954c21da074c545cb7858315ea39fee0a6f54b19e06474b4f2f91f1666847,c40aaf80f5be3be16016d797963cb563e35b93083df451f9827f99cfadc3c898,6031dc4ee08b61c58b35b1efd7d764739d5c7c54dc7cbe9e9a72a1e4a7098596,e2212c40566e21c680a98186ebd8e984aa80d4fd,4d4ad03b827958468b1a231e360c7ad1aa68035c25af068059838ceae6dfa6d6,84f6ca69daadf04be6928767627ac1ca0eb72facd2864d83a1c7567e6ba60ea3,R3_UC_123_selected,dadbfccabccdfd0f88f40a0f73e6518a25d23a325fed7d652875782615cd480b,development_holdout,P0,2017-06-27,1026,937.5630542754589,4b4c196a1733bf1c72db21f83e711e13fac8565ce57b3132597c05c6f5a5ab20
new_p3_training,True,tuned,UC,123,R3,3cfd389bbd05ec9201a41c0892e29bf8199198d1b216b9a8061370d4240aa583,bd1488a2d411295d7a2118c50ddcc0b158786123613af1676062e2270d1637d1,9cb89005693b1b70c102178849b740fde00b50c9ba5f3b5530d0e5749ea59837,eca954c21da074c545cb7858315ea39fee0a6f54b19e06474b4f2f91f1666847,c40aaf80f5be3be16016d797963cb563e35b93083df451f9827f99cfadc3c898,6031dc4ee08b61c58b35b1efd7d764739d5c7c54dc7cbe9e9a72a1e4a7098596,e2212c40566e21c680a98186ebd8e984aa80d4fd,4d4ad03b827958468b1a231e360c7ad1aa68035c25af068059838ceae6dfa6d6,84f6ca69daadf04be6928767627ac1ca0eb72facd2864d83a1c7567e6ba60ea3,R3_UC_123_selected,dadbfccabccdfd0f88f40a0f73e6518a25d23a325fed7d652875782615cd480b,development_holdout,P0,2017-06-28,1026,980.0457954667914,52a3650e207263b486de19b53de75d922ffc62520ab679284e0b888c0fb6af2b
new_p3_training,True,tuned,UC,123,R3,3cfd389bbd05ec9201a41c0892e29bf8199198d1b216b9a8061370d4240aa583,bd1488a2d411295d7a2118c50ddcc0b158786123613af1676062e2270d1637d1,9cb89005693b1b70c102178849b740fde00b50c9ba5f3b5530d0e5749ea59837,eca954c21da074c545cb7858315ea39fee0a6f54b19e06474b4f2f91f1666847,c40aaf80f5be3be16016d797963cb563e35b93083df451f9827f99cfadc3c898,6031dc4ee08b61c58b35b1efd7d764739d5c7c54dc7cbe9e9a72a1e4a7098596,e2212c40566e21c680a98186ebd8e984aa80d4fd,4d4ad03b827958468b1a231e360c7ad1aa68035c25af068059838ceae6dfa6d6,84f6ca69daadf04be6928767627ac1ca0eb72facd2864d83a1c7567e6ba60ea3,R3_UC_123_selected,dadbfccabccdfd0f88f40a0f73e6518a25d23a325fed7d652875782615cd480b,development_holdout,P0,2017-06-29,1026,990.5940508111544,47acc7804041442a8b2988099e0bce9afc1ccccd40d9604f73deb573f8f38882
new_p3_training,True,tuned,UC,123,R3,3cfd389bbd05ec9201a41c0892e29bf8199198d1b216b9a8061370d4240aa583,bd1488a2d411295d7a2118c50ddcc0b158786123613af1676062e2270d1637d1,9cb89005693b1b70c102178849b740fde00b50c9ba5f3b5530d0e5749ea59837,eca954c21da074c545cb7858315ea39fee0a6f54b19e06474b4f2f91f1666847,c40aaf80f5be3be16016d797963cb563e35b93083df451f9827f99cfadc3c898,6031dc4ee08b61c58b35b1efd7d764739d5c7c54dc7cbe9e9a72a1e4a7098596,e2212c40566e21c680a98186ebd8e984aa80d4fd,4d4ad03b827958468b1a231e360c7ad1aa68035c25af068059838ceae6dfa6d6,84f6ca69daadf04be6928767627ac1ca0eb72facd2864d83a1c7567e6ba60ea3,R3_UC_123_selected,dadbfccabccdfd0f88f40a0f73e6518a25d23a325fed7d652875782615cd480b,development_holdout,P0,2017-06-30,1026,951.0157745733798,51da75dc3ab0b4b21ab91bded17147d08c97964cb45aa7b055240f4c3051bd7c
new_p3_training,True,tuned,UC,123,R3,3cfd389bbd05ec9201a41c0892e29bf8199198d1b216b9a8061370d4240aa583,bd1488a2d411295d7a2118c50ddcc0b158786123613af1676062e2270d1637d1,9cb89005693b1b70c102178849b740fde00b50c9ba5f3b5530d0e5749ea59837,eca954c21da074c545cb7858315ea39fee0a6f54b19e06474b4f2f91f1666847,c40aaf80f5be3be16016d797963cb563e35b93083df451f9827f99cfadc3c898,6031dc4ee08b61c58b35b1efd7d764739d5c7c54dc7cbe9e9a72a1e4a7098596,e2212c40566e21c680a98186ebd8e984aa80d4fd,4d4ad03b827958468b1a231e360c7ad1aa68035c25af068059838ceae6dfa6d6,84f6ca69daadf04be6928767627ac1ca0eb72facd2864d83a1c7567e6ba60ea3,R3_UC_123_selected,dadbfccabccdfd0f88f40a0f73e6518a25d23a325fed7d652875782615cd480b,development_holdout,P1,2017-05-16,982,908.2260801287337,cad06086ebd023ae608dccf78b3108f91d09d9d9f8c6cd0173a4555dce42d5ec
new_p3_training,True,tuned,UC,123,R3,3cfd389bbd05ec9201a41c0892e29bf8199198d1b216b9a8061370d4240aa583,bd1488a2d411295d7a2118c50ddcc0b158786123613af1676062e2270d1637d1,9cb89005693b1b70c102178849b740fde00b50c9ba5f3b5530d0e5749ea59837,eca954c21da074c545cb7858315ea39fee0a6f54b19e06474b4f2f91f1666847,c40aaf80f5be3be16016d797963cb563e35b93083df451f9827f99cfadc3c898,6031dc4ee08b61c58b35b1efd7d764739d5c7c54dc7cbe9e9a72a1e4a7098596,e2212c40566e21c680a98186ebd8e984aa80d4fd,4d4ad03b827958468b1a231e360c7ad1aa68035c25af068059838ceae6dfa6d6,84f6ca69daadf04be6928767627ac1ca0eb72facd2864d83a1c7567e6ba60ea3,R3_UC_123_selected,dadbfccabccdfd0f88f40a0f73e6518a25d23a325fed7d652875782615cd480b,development_holdout,P1,2017-05-17,995,923.9887715592964,6ef4dbe5229803bed8b13697df5b6652d538dd8393bc0d07d69b5a224f8d6740
new_p3_training,True,tuned,UC,123,R3,3cfd389bbd05ec9201a41c0892e29bf8199198d1b216b9a8061370d4240aa583,bd1488a2d411295d7a2118c50ddcc0b158786123613af1676062e2270d1637d1,9cb89005693b1b70c102178849b740fde00b50c9ba5f3b5530d0e5749ea59837,eca954c21da074c545cb7858315ea39fee0a6f54b19e06474b4f2f91f1666847,c40aaf80f5be3be16016d797963cb563e35b93083df451f9827f99cfadc3c898,6031dc4ee08b61c58b35b1efd7d764739d5c7c54dc7cbe9e9a72a1e4a7098596,e2212c40566e21c680a98186ebd8e984aa80d4fd,4d4ad03b827958468b1a231e360c7ad1aa68035c25af068059838ceae6dfa6d6,84f6ca69daadf04be6928767627ac1ca0eb72facd2864d83a1c7567e6ba60ea3,R3_UC_123_selected,dadbfccabccdfd0f88f40a0f73e6518a25d23a325fed7d652875782615cd480b,development_holdout,P1,2017-05-18,967,896.5250996227603,fbb63ad41d49b43e33f6dbffeea5a0540f408a8bcd08976e4e8fb6b5e378bde9
new_p3_training,True,tuned,UC,123,R3,3cfd389bbd05ec9201a41c0892e29bf8199198d1b216b9a8061370d4240aa583,bd1488a2d411295d7a2118c50ddcc0b158786123613af1676062e2270d1637d1,9cb89005693b1b70c102178849b740fde00b50c9ba5f3b5530d0e5749ea59837,eca954c21da074c545cb7858315ea39fee0a6f54b19e06474b4f2f91f1666847,c40aaf80f5be3be16016d797963cb563e35b93083df451f9827f99cfadc3c898,6031dc4ee08b61c58b35b1efd7d764739d5c7c54dc7cbe9e9a72a1e4a7098596,e2212c40566e21c680a98186ebd8e984aa80d4fd,4d4ad03b827958468b1a231e360c7ad1aa68035c25af068059838ceae6dfa6d6,84f6ca69daadf04be6928767627ac1ca0eb72facd2864d83a1c7567e6ba60ea3,R3_UC_123_selected,dadbfccabccdfd0f88f40a0f73e6518a25d23a325fed7d652875782615cd480b,development_holdout,P1,2017-05-19,963,902.1570217869626,1839afa5c494a11e94ff64238a69bc26dcbf00b548cab2dd7306da394e3237c3
new_p3_training,True,tuned,UC,123,R3,3cfd389bbd05ec9201a41c0892e29bf8199198d1b216b9a8061370d4240aa583,bd1488a2d411295d7a2118c50ddcc0b158786123613af1676062e2270d1637d1,9cb89005693b1b70c102178849b740fde00b50c9ba5f3b5530d0e5749ea59837,eca954c21da074c545cb7858315ea39fee0a6f54b19e06474b4f2f91f1666847,c40aaf80f5be3be16016d797963cb563e35b93083df451f9827f99cfadc3c898,6031dc4ee08b61c58b35b1efd7d764739d5c7c54dc7cbe9e9a72a1e4a7098596,e2212c40566e21c680a98186ebd8e984aa80d4fd,4d4ad03b827958468b1a231e360c7ad1aa68035c25af068059838ceae6dfa6d6,84f6ca69daadf04be6928767627ac1ca0eb72facd2864d83a1c7567e6ba60ea3,R3_UC_123_selected,dadbfccabccdfd0f88f40a0f73e6518a25d23a325fed7d652875782615cd480b,development_holdout,P1,2017-05-22,973,882.6557507129721,7c8b649b74d4ec0815e5d72aa7f92c7fa0447824131dc4c0e05945bb18876848
new_p3_training,True,tuned,UC,123,R3,3cfd389bbd05ec9201a41c0892e29bf8199198d1b216b9a8061370d4240aa583,bd1488a2d411295d7a2118c50ddcc0b158786123613af1676062e2270d1637d1,9cb89005693b1b70c102178849b740fde00b50c9ba5f3b5530d0e5749ea59837,eca954c21da074c545cb7858315ea39fee0a6f54b19e06474b4f2f91f1666847,c40aaf80f5be3be16016d797963cb563e35b93083df451f9827f99cfadc3c898,6031dc4ee08b61c58b35b1efd7d764739d5c7c54dc7cbe9e9a72a1e4a7098596,e2212c40566e21c680a98186ebd8e984aa80d4fd,4d4ad03b827958468b1a231e360c7ad1aa68035c25af068059838ceae6dfa6d6,84f6ca69daadf04be6928767627ac1ca0eb72facd2864d83a1c7567e6ba60ea3,R3_UC_123_selected,dadbfccabccdfd0f88f40a0f73e6518a25d23a325fed7d652875782615cd480b,development_holdout,P1,2017-05-23,965,996.4819443299718,ad487bda5514676fba9f4b144bfc4c321c3506a50c4a465d375516892cb09dea
new_p3_training,True,tuned,UC,123,R3,3cfd389bbd05ec9201a41c0892e29bf8199198d1b216b9a8061370d4240aa583,bd1488a2d411295d7a2118c50ddcc0b158786123613af1676062e2270d1637d1,9cb89005693b1b70c102178849b740fde00b50c9ba5f3b5530d0e5749ea59837,eca954c21da074c545cb7858315ea39fee0a6f54b19e06474b4f2f91f1666847,c40aaf80f5be3be16016d797963cb563e35b93083df451f9827f99cfadc3c898,6031dc4ee08b61c58b35b1efd7d764739d5c7c54dc7cbe9e9a72a1e4a7098596,e2212c40566e21c680a98186ebd8e984aa80d4fd,4d4ad03b827958468b1a231e360c7ad1aa68035c25af068059838ceae6dfa6d6,84f6ca69daadf04be6928767627ac1ca0eb72facd2864d83a1c7567e6ba60ea3,R3_UC_123_selected,dadbfccabccdfd0f88f40a0f73e6518a25d23a325fed7d652875782615cd480b,development_holdout,P1,2017-05-24,975,937.5548003364681,27ce96788166379ce0c49972d9f0ede852edd82208baff80fc2c183ec1c79402
new_p3_training,True,tuned,UC,123,R3,3cfd389bbd05ec9201a41c0892e29bf8199198d1b216b9a8061370d4240aa583,bd1488a2d411295d7a2118c50ddcc0b158786123613af1676062e2270d1637d1,9cb89005693b1b70c102178849b740fde00b50c9ba5f3b5530d0e5749ea59837,eca954c21da074c545cb7858315ea39fee0a6f54b19e06474b4f2f91f1666847,c40aaf80f5be3be16016d797963cb563e35b93083df451f9827f99cfadc3c898,6031dc4ee08b61c58b35b1efd7d764739d5c7c54dc7cbe9e9a72a1e4a7098596,e2212c40566e21c680a98186ebd8e984aa80d4fd,4d4ad03b827958468b1a231e360c7ad1aa68035c25af068059838ceae6dfa6d6,84f6ca69daadf04be6928767627ac1ca0eb72facd2864d83a1c7567e6ba60ea3,R3_UC_123_selected,dadbfccabccdfd0f88f40a0f73e6518a25d23a325fed7d652875782615cd480b,development_holdout,P1,2017-05-25,989,962.5556642385276,edb2028bfb7150301832cd3cf1d4c7b7396382c3bc9f74d00f31a6d3493942cc
new_p3_training,True,tuned,UC,123,R3,3cfd389bbd05ec9201a41c0892e29bf8199198d1b216b9a8061370d4240aa583,bd1488a2d411295d7a2118c50ddcc0b158786123613af1676062e2270d1637d1,9cb89005693b1b70c102178849b740fde00b50c9ba5f3b5530d0e5749ea59837,eca954c21da074c545cb7858315ea39fee0a6f54b19e06474b4f2f91f1666847,c40aaf80f5be3be16016d797963cb563e35b93083df451f9827f99cfadc3c898,6031dc4ee08b61c58b35b1efd7d764739d5c7c54dc7cbe9e9a72a1e4a7098596,e2212c40566e21c680a98186ebd8e984aa80d4fd,4d4ad03b827958468b1a231e360c7ad1aa68035c25af068059838ceae6dfa6d6,84f6ca69daadf04be6928767627ac1ca0eb72facd2864d83a1c7567e6ba60ea3,R3_UC_123_selected,dadbfccabccdfd0f88f40a0f73e6518a25d23a325fed7d652875782615cd480b,development_holdout,P1,2017-05-26,977,946.4752371782774,6ce68017935fd0522b78a2f764a242332d989a19562b6272897a008b07bd0c8d
new_p3_training,True,tuned,UC,123,R3,3cfd389bbd05ec9201a41c0892e29bf8199198d1b216b9a8061370d4240aa583,bd1488a2d411295d7a2118c50ddcc0b158786123613af1676062e2270d1637d1,9cb89005693b1b70c102178849b740fde00b50c9ba5f3b5530d0e5749ea59837,eca954c21da074c545cb7858315ea39fee0a6f54b19e06474b4f2f91f1666847,c40aaf80f5be3be16016d797963cb563e35b93083df451f9827f99cfadc3c898,6031dc4ee08b61c58b35b1efd7d764739d5c7c54dc7cbe9e9a72a1e4a7098596,e2212c40566e21c680a98186ebd8e984aa80d4fd,4d4ad03b827958468b1a231e360c7ad1aa68035c25af068059838ceae6dfa6d6,84f6ca69daadf04be6928767627ac1ca0eb72facd2864d83a1c7567e6ba60ea3,R3_UC_123_selected,dadbfccabccdfd0f88f40a0f73e6518a25d23a325fed7d652875782615cd480b,development_holdout,P1,2017-05-29,968,949.1128547538369,e3d48348e1453723cab5b02da32e1f1ffd275e7a3d6f47ee40eaa871cd45f47f
new_p3_training,True,tuned,UC,123,R3,3cfd389bbd05ec9201a41c0892e29bf8199198d1b216b9a8061370d4240aa583,bd1488a2d411295d7a2118c50ddcc0b158786123613af1676062e2270d1637d1,9cb89005693b1b70c102178849b740fde00b50c9ba5f3b5530d0e5749ea59837,eca954c21da074c545cb7858315ea39fee0a6f54b19e06474b4f2f91f1666847,c40aaf80f5be3be16016d797963cb563e35b93083df451f9827f99cfadc3c898,6031dc4ee08b61c58b35b1efd7d764739d5c7c54dc7cbe9e9a72a1e4a7098596,e2212c40566e21c680a98186ebd8e984aa80d4fd,4d4ad03b827958468b1a231e360c7ad1aa68035c25af068059838ceae6dfa6d6,84f6ca69daadf04be6928767627ac1ca0eb72facd2864d83a1c7567e6ba60ea3,R3_UC_123_selected,dadbfccabccdfd0f88f40a0f73e6518a25d23a325fed7d652875782615cd480b,development_holdout,P1,2017-05-30,979,942.8416075971446,ce811be6f07a7967ceb8dbec06b7c9e829044f3620d674a4ea39f63a0feb0e89
new_p3_training,True,tuned,UC,123,R3,3cfd389bbd05ec9201a41c0892e29bf8199198d1b216b9a8061370d4240aa583,bd1488a2d411295d7a2118c50ddcc0b158786123613af1676062e2270d1637d1,9cb89005693b1b70c102178849b740fde00b50c9ba5f3b5530d0e5749ea59837,eca954c21da074c545cb7858315ea39fee0a6f54b19e06474b4f2f91f1666847,c40aaf80f5be3be16016d797963cb563e35b93083df451f9827f99cfadc3c898,6031dc4ee08b61c58b35b1efd7d764739d5c7c54dc7cbe9e9a72a1e4a7098596,e2212c40566e21c680a98186ebd8e984aa80d4fd,4d4ad03b827958468b1a231e360c7ad1aa68035c25af068059838ceae6dfa6d6,84f6ca69daadf04be6928767627ac1ca0eb72facd2864d83a1c7567e6ba60ea3,R3_UC_123_selected,dadbfccabccdfd0f88f40a0f73e6518a25d23a325fed7d652875782615cd480b,development_holdout,P1,2017-05-31,980,939.1339970609079,e821f2edce74acc297ee8e17c23c054a8dbcfacb4a6b3d2483a00189bbfbb7d8
new_p3_training,True,tuned,UC,123,R3,3cfd389bbd05ec9201a41c0892e29bf8199198d1b216b9a8061370d4240aa583,bd1488a2d411295d7a2118c50ddcc0b158786123613af1676062e2270d1637d1,9cb89005693b1b70c102178849b740fde00b50c9ba5f3b5530d0e5749ea59837,eca954c21da074c545cb7858315ea39fee0a6f54b19e06474b4f2f91f1666847,c40aaf80f5be3be16016d797963cb563e35b93083df451f9827f99cfadc3c898,6031dc4ee08b61c58b35b1efd7d764739d5c7c54dc7cbe9e9a72a1e4a7098596,e2212c40566e21c680a98186ebd8e984aa80d4fd,4d4ad03b827958468b1a231e360c7ad1aa68035c25af068059838ceae6dfa6d6,84f6ca69daadf04be6928767627ac1ca0eb72facd2864d83a1c7567e6ba60ea3,R3_UC_123_selected,dadbfccabccdfd0f88f40a0f73e6518a25d23a325fed7d652875782615cd480b,development_holdout,P1,2017-06-01,970,866.0308314149659,151fb065b6ee9124cd30b244535136ff6c71c22f5adfed7eef82ec2d92adaa36
new_p3_training,True,tuned,UC,123,R3,3cfd389bbd05ec9201a41c0892e29bf8199198d1b216b9a8061370d4240aa583,bd1488a2d411295d7a2118c50ddcc0b158786123613af1676062e2270d1637d1,9cb89005693b1b70c102178849b740fde00b50c9ba5f3b5530d0e5749ea59837,eca954c21da074c545cb7858315ea39fee0a6f54b19e06474b4f2f91f1666847,c40aaf80f5be3be16016d797963cb563e35b93083df451f9827f99cfadc3c898,6031dc4ee08b61c58b35b1efd7d764739d5c7c54dc7cbe9e9a72a1e4a7098596,e2212c40566e21c680a98186ebd8e984aa80d4fd,4d4ad03b827958468b1a231e360c7ad1aa68035c25af068059838ceae6dfa6d6,84f6ca69daadf04be6928767627ac1ca0eb72facd2864d83a1c7567e6ba60ea3,R3_UC_123_selected,dadbfccabccdfd0f88f40a0f73e6518a25d23a325fed7d652875782615cd480b,development_holdout,P1,2017-06-02,976,925.8876627321542,888f0613923e60f2de6c0ca32e09b97e4721c4fe8ce7cf257b55abe2520e1354
new_p3_training,True,tuned,UC,123,R3,3cfd389bbd05ec9201a41c0892e29bf8199198d1b216b9a8061370d4240aa583,bd1488a2d411295d7a2118c50ddcc0b158786123613af1676062e2270d1637d1,9cb89005693b1b70c102178849b740fde00b50c9ba5f3b5530d0e5749ea59837,eca954c21da074c545cb7858315ea39fee0a6f54b19e06474b4f2f91f1666847,c40aaf80f5be3be16016d797963cb563e35b93083df451f9827f99cfadc3c898,6031dc4ee08b61c58b35b1efd7d764739d5c7c54dc7cbe9e9a72a1e4a7098596,e2212c40566e21c680a98186ebd8e984aa80d4fd,4d4ad03b827958468b1a231e360c7ad1aa68035c25af068059838ceae6dfa6d6,84f6ca69daadf04be6928767627ac1ca0eb72facd2864d83a1c7567e6ba60ea3,R3_UC_123_selected,dadbfccabccdfd0f88f40a0f73e6518a25d23a325fed7d652875782615cd480b,development_holdout,P1,2017-06-05,979,879.4869074873244,e3f3743f88fa3e4edb683146b6d46ca54e6dff5ae43112401119255c1d372a64
new_p3_training,True,tuned,UC,123,R3,3cfd389bbd05ec9201a41c0892e29bf8199198d1b216b9a8061370d4240aa583,bd1488a2d411295d7a2118c50ddcc0b158786123613af1676062e2270d1637d1,9cb89005693b1b70c102178849b740fde00b50c9ba5f3b5530d0e5749ea59837,eca954c21da074c545cb7858315ea39fee0a6f54b19e06474b4f2f91f1666847,c40aaf80f5be3be16016d797963cb563e35b93083df451f9827f99cfadc3c898,6031dc4ee08b61c58b35b1efd7d764739d5c7c54dc7cbe9e9a72a1e4a7098596,e2212c40566e21c680a98186ebd8e984aa80d4fd,4d4ad03b827958468b1a231e360c7ad1aa68035c25af068059838ceae6dfa6d6,84f6ca69daadf04be6928767627ac1ca0eb72facd2864d83a1c7567e6ba60ea3,R3_UC_123_selected,dadbfccabccdfd0f88f40a0f73e6518a25d23a325fed7d652875782615cd480b,development_holdout,P1,2017-06-07,990,958.7340929511784,cf7dec019f40917924dc83e066c7b3ffd6baaf2e8aa6bb934aa9d31515eec29e
new_p3_training,True,tuned,UC,123,R3,3cfd389bbd05ec9201a41c0892e29bf8199198d1b216b9a8061370d4240aa583,bd1488a2d411295d7a2118c50ddcc0b158786123613af1676062e2270d1637d1,9cb89005693b1b70c102178849b740fde00b50c9ba5f3b5530d0e5749ea59837,eca954c21da074c545cb7858315ea39fee0a6f54b19e06474b4f2f91f1666847,c40aaf80f5be3be16016d797963cb563e35b93083df451f9827f99cfadc3c898,6031dc4ee08b61c58b35b1efd7d764739d5c7c54dc7cbe9e9a72a1e4a7098596,e2212c40566e21c680a98186ebd8e984aa80d4fd,4d4ad03b827958468b1a231e360c7ad1aa68035c25af068059838ceae6dfa6d6,84f6ca69daadf04be6928767627ac1ca0eb72facd2864d83a1c7567e6ba60ea3,R3_UC_123_selected,dadbfccabccdfd0f88f40a0f73e6518a25d23a325fed7d652875782615cd480b,development_holdout,P1,2017-06-08,960,889.2534118821702,0b7364592d0741727f19dc5517960cd9309e5e1e657e4a62bb2dcde4710b735b
new_p3_training,True,tuned,UC,123,R3,3cfd389bbd05ec9201a41c0892e29bf8199198d1b216b9a8061370d4240aa583,bd1488a2d411295d7a2118c50ddcc0b158786123613af1676062e2270d1637d1,9cb89005693b1b70c102178849b740fde00b50c9ba5f3b5530d0e5749ea59837,eca954c21da074c545cb7858315ea39fee0a6f54b19e06474b4f2f91f1666847,c40aaf80f5be3be16016d797963cb563e35b93083df451f9827f99cfadc3c898,6031dc4ee08b61c58b35b1efd7d764739d5c7c54dc7cbe9e9a72a1e4a7098596,e2212c40566e21c680a98186ebd8e984aa80d4fd,4d4ad03b827958468b1a231e360c7ad1aa68035c25af068059838ceae6dfa6d6,84f6ca69daadf04be6928767627ac1ca0eb72facd2864d83a1c7567e6ba60ea3,R3_UC_123_selected,dadbfccabccdfd0f88f40a0f73e6518a25d23a325fed7d652875782615cd480b,development_holdout,P1,2017-06-09,974,931.7336054486411,3ba264d59ceace7acce3457898ee6b569e65143a616f09a5c91c9fbeab871080
new_p3_training,True,tuned,UC,123,R3,3cfd389bbd05ec9201a41c0892e29bf8199198d1b216b9a8061370d4240aa583,bd1488a2d411295d7a2118c50ddcc0b158786123613af1676062e2270d1637d1,9cb89005693b1b70c102178849b740fde00b50c9ba5f3b5530d0e5749ea59837,eca954c21da074c545cb7858315ea39fee0a6f54b19e06474b4f2f91f1666847,c40aaf80f5be3be16016d797963cb563e35b93083df451f9827f99cfadc3c898,6031dc4ee08b61c58b35b1efd7d764739d5c7c54dc7cbe9e9a72a1e4a7098596,e2212c40566e21c680a98186ebd8e984aa80d4fd,4d4ad03b827958468b1a231e360c7ad1aa68035c25af068059838ceae6dfa6d6,84f6ca69daadf04be6928767627ac1ca0eb72facd2864d83a1c7567e6ba60ea3,R3_UC_123_selected,dadbfccabccdfd0f88f40a0f73e6518a25d23a325fed7d652875782615cd480b,development_holdout,P1,2017-06-12,987,916.7301487806876,af316d40cf79d0fe0d98d6a3629528b7f57d9d08f92381c26303a0e11c234f62
new_p3_training,True,tuned,UC,123,R3,3cfd389bbd05ec9201a41c0892e29bf8199198d1b216b9a8061370d4240aa583,bd1488a2d411295d7a2118c50ddcc0b158786123613af1676062e2270d1637d1,9cb89005693b1b70c102178849b740fde00b50c9ba5f3b5530d0e5749ea59837,eca954c21da074c545cb7858315ea39fee0a6f54b19e06474b4f2f91f1666847,c40aaf80f5be3be16016d797963cb563e35b93083df451f9827f99cfadc3c898,6031dc4ee08b61c58b35b1efd7d764739d5c7c54dc7cbe9e9a72a1e4a7098596,e2212c40566e21c680a98186ebd8e984aa80d4fd,4d4ad03b827958468b1a231e360c7ad1aa68035c25af068059838ceae6dfa6d6,84f6ca69daadf04be6928767627ac1ca0eb72facd2864d83a1c7567e6ba60ea3,R3_UC_123_selected,dadbfccabccdfd0f88f40a0f73e6518a25d23a325fed7d652875782615cd480b,development_holdout,P1,2017-06-13,965,890.4043504654153,dd9fa345bc19e17d3a215b965f0c57be93cd7f30b6e0168524cac1e14708247a
new_p3_training,True,tuned,UC,123,R3,3cfd389bbd05ec9201a41c0892e29bf8199198d1b216b9a8061370d4240aa583,bd1488a2d411295d7a2118c50ddcc0b158786123613af1676062e2270d1637d1,9cb89005693b1b70c102178849b740fde00b50c9ba5f3b5530d0e5749ea59837,eca954c21da074c545cb7858315ea39fee0a6f54b19e06474b4f2f91f1666847,c40aaf80f5be3be16016d797963cb563e35b93083df451f9827f99cfadc3c898,6031dc4ee08b61c58b35b1efd7d764739d5c7c54dc7cbe9e9a72a1e4a7098596,e2212c40566e21c680a98186ebd8e984aa80d4fd,4d4ad03b827958468b1a231e360c7ad1aa68035c25af068059838ceae6dfa6d6,84f6ca69daadf04be6928767627ac1ca0eb72facd2864d83a1c7567e6ba60ea3,R3_UC_123_selected,dadbfccabccdfd0f88f40a0f73e6518a25d23a325fed7d652875782615cd480b,development_holdout,P1,2017-06-14,979,916.8263561423528,558b28b0c3ad038dabf79412f0790ab5f3c87ed86c2240e3b8fa668a619b5114
new_p3_training,True,tuned,UC,123,R3,3cfd389bbd05ec9201a41c0892e29bf8199198d1b216b9a8061370d4240aa583,bd1488a2d411295d7a2118c50ddcc0b158786123613af1676062e2270d1637d1,9cb89005693b1b70c102178849b740fde00b50c9ba5f3b5530d0e5749ea59837,eca954c21da074c545cb7858315ea39fee0a6f54b19e06474b4f2f91f1666847,c40aaf80f5be3be16016d797963cb563e35b93083df451f9827f99cfadc3c898,6031dc4ee08b61c58b35b1efd7d764739d5c7c54dc7cbe9e9a72a1e4a7098596,e2212c40566e21c680a98186ebd8e984aa80d4fd,4d4ad03b827958468b1a231e360c7ad1aa68035c25af068059838ceae6dfa6d6,84f6ca69daadf04be6928767627ac1ca0eb72facd2864d83a1c7567e6ba60ea3,R3_UC_123_selected,dadbfccabccdfd0f88f40a0f73e6518a25d23a325fed7d652875782615cd480b,development_holdout,P1,2017-06-15,946,895.4190098641152,167f722d441ba61503f4e0bc07e07f2b2412f015ba0438a70f25aa47956643d1
new_p3_training,True,tuned,UC,123,R3,3cfd389bbd05ec9201a41c0892e29bf8199198d1b216b9a8061370d4240aa583,bd1488a2d411295d7a2118c50ddcc0b158786123613af1676062e2270d1637d1,9cb89005693b1b70c102178849b740fde00b50c9ba5f3b5530d0e5749ea59837,eca954c21da074c545cb7858315ea39fee0a6f54b19e06474b4f2f91f1666847,c40aaf80f5be3be16016d797963cb563e35b93083df451f9827f99cfadc3c898,6031dc4ee08b61c58b35b1efd7d764739d5c7c54dc7cbe9e9a72a1e4a7098596,e2212c40566e21c680a98186ebd8e984aa80d4fd,4d4ad03b827958468b1a231e360c7ad1aa68035c25af068059838ceae6dfa6d6,84f6ca69daadf04be6928767627ac1ca0eb72facd2864d83a1c7567e6ba60ea3,R3_UC_123_selected,dadbfccabccdfd0f88f40a0f73e6518a25d23a325fed7d652875782615cd480b,development_holdout,P1,2017-06-16,974,865.4513226309216,bb0625d90cab54e1befa434c4fc7dafd52bec26f44970a89f8641c291275d608
new_p3_training,True,tuned,UC,123,R3,3cfd389bbd05ec9201a41c0892e29bf8199198d1b216b9a8061370d4240aa583,bd1488a2d411295d7a2118c50ddcc0b158786123613af1676062e2270d1637d1,9cb89005693b1b70c102178849b740fde00b50c9ba5f3b5530d0e5749ea59837,eca954c21da074c545cb7858315ea39fee0a6f54b19e06474b4f2f91f1666847,c40aaf80f5be3be16016d797963cb563e35b93083df451f9827f99cfadc3c898,6031dc4ee08b61c58b35b1efd7d764739d5c7c54dc7cbe9e9a72a1e4a7098596,e2212c40566e21c680a98186ebd8e984aa80d4fd,4d4ad03b827958468b1a231e360c7ad1aa68035c25af068059838ceae6dfa6d6,84f6ca69daadf04be6928767627ac1ca0eb72facd2864d83a1c7567e6ba60ea3,R3_UC_123_selected,dadbfccabccdfd0f88f40a0f73e6518a25d23a325fed7d652875782615cd480b,development_holdout,P1,2017-06-19,977,926.9280855032584,17ac581d606a35791969fdf40d838182430812fb5c6351802d55891e1d93c4b8
new_p3_training,True,tuned,UC,123,R3,3cfd389bbd05ec9201a41c0892e29bf8199198d1b216b9a8061370d4240aa583,bd1488a2d411295d7a2118c50ddcc0b158786123613af1676062e2270d1637d1,9cb89005693b1b70c102178849b740fde00b50c9ba5f3b5530d0e5749ea59837,eca954c21da074c545cb7858315ea39fee0a6f54b19e06474b4f2f91f1666847,c40aaf80f5be3be16016d797963cb563e35b93083df451f9827f99cfadc3c898,6031dc4ee08b61c58b35b1efd7d764739d5c7c54dc7cbe9e9a72a1e4a7098596,e2212c40566e21c680a98186ebd8e984aa80d4fd,4d4ad03b827958468b1a231e360c7ad1aa68035c25af068059838ceae6dfa6d6,84f6ca69daadf04be6928767627ac1ca0eb72facd2864d83a1c7567e6ba60ea3,R3_UC_123_selected,dadbfccabccdfd0f88f40a0f73e6518a25d23a325fed7d652875782615cd480b,development_holdout,P1,2017-06-20,975,911.873436248251,66e8ea64f512996ca2eaa7852045b38392fef54c72aa5ff05b4a7bdd5f6d5c7b
new_p3_training,True,tuned,UC,123,R3,3cfd389bbd05ec9201a41c0892e29bf8199198d1b216b9a8061370d4240aa583,bd1488a2d411295d7a2118c50ddcc0b158786123613af1676062e2270d1637d1,9cb89005693b1b70c102178849b740fde00b50c9ba5f3b5530d0e5749ea59837,eca954c21da074c545cb7858315ea39fee0a6f54b19e06474b4f2f91f1666847,c40aaf80f5be3be16016d797963cb563e35b93083df451f9827f99cfadc3c898,6031dc4ee08b61c58b35b1efd7d764739d5c7c54dc7cbe9e9a72a1e4a7098596,e2212c40566e21c680a98186ebd8e984aa80d4fd,4d4ad03b827958468b1a231e360c7ad1aa68035c25af068059838ceae6dfa6d6,84f6ca69daadf04be6928767627ac1ca0eb72facd2864d83a1c7567e6ba60ea3,R3_UC_123_selected,dadbfccabccdfd0f88f40a0f73e6518a25d23a325fed7d652875782615cd480b,development_holdout,P1,2017-06-21,959,955.7003983641325,0f5714e4a20502e04da1e82071194894a448444ae9901e587a69ccec783119f5
new_p3_training,True,tuned,UC,123,R3,3cfd389bbd05ec9201a41c0892e29bf8199198d1b216b9a8061370d4240aa583,bd1488a2d411295d7a2118c50ddcc0b158786123613af1676062e2270d1637d1,9cb89005693b1b70c102178849b740fde00b50c9ba5f3b5530d0e5749ea59837,eca954c21da074c545cb7858315ea39fee0a6f54b19e06474b4f2f91f1666847,c40aaf80f5be3be16016d797963cb563e35b93083df451f9827f99cfadc3c898,6031dc4ee08b61c58b35b1efd7d764739d5c7c54dc7cbe9e9a72a1e4a7098596,e2212c40566e21c680a98186ebd8e984aa80d4fd,4d4ad03b827958468b1a231e360c7ad1aa68035c25af068059838ceae6dfa6d6,84f6ca69daadf04be6928767627ac1ca0eb72facd2864d83a1c7567e6ba60ea3,R3_UC_123_selected,dadbfccabccdfd0f88f40a0f73e6518a25d23a325fed7d652875782615cd480b,development_holdout,P1,2017-06-22,974,947.6048882285045,e0541c8001d9b69e89333c0dad4e8883e17d0a3a6c38163ca66cfd17e14c5d6f
new_p3_training,True,tuned,UC,123,R3,3cfd389bbd05ec9201a41c0892e29bf8199198d1b216b9a8061370d4240aa583,bd1488a2d411295d7a2118c50ddcc0b158786123613af1676062e2270d1637d1,9cb89005693b1b70c102178849b740fde00b50c9ba5f3b5530d0e5749ea59837,eca954c21da074c545cb7858315ea39fee0a6f54b19e06474b4f2f91f1666847,c40aaf80f5be3be16016d797963cb563e35b93083df451f9827f99cfadc3c898,6031dc4ee08b61c58b35b1efd7d764739d5c7c54dc7cbe9e9a72a1e4a7098596,e2212c40566e21c680a98186ebd8e984aa80d4fd,4d4ad03b827958468b1a231e360c7ad1aa68035c25af068059838ceae6dfa6d6,84f6ca69daadf04be6928767627ac1ca0eb72facd2864d83a1c7567e6ba60ea3,R3_UC_123_selected,dadbfccabccdfd0f88f40a0f73e6518a25d23a325fed7d652875782615cd480b,development_holdout,P1,2017-06-23,959,867.4636021234884,1142fbf789d730f17a63b4f2727ee32d15b0eb5b9d74ac8740e4dd452b20b641
new_p3_training,True,tuned,UC,123,R3,3cfd389bbd05ec9201a41c0892e29bf8199198d1b216b9a8061370d4240aa583,bd1488a2d411295d7a2118c50ddcc0b158786123613af1676062e2270d1637d1,9cb89005693b1b70c102178849b740fde00b50c9ba5f3b5530d0e5749ea59837,eca954c21da074c545cb7858315ea39fee0a6f54b19e06474b4f2f91f1666847,c40aaf80f5be3be16016d797963cb563e35b93083df451f9827f99cfadc3c898,6031dc4ee08b61c58b35b1efd7d764739d5c7c54dc7cbe9e9a72a1e4a7098596,e2212c40566e21c680a98186ebd8e984aa80d4fd,4d4ad03b827958468b1a231e360c7ad1aa68035c25af068059838ceae6dfa6d6,84f6ca69daadf04be6928767627ac1ca0eb72facd2864d83a1c7567e6ba60ea3,R3_UC_123_selected,dadbfccabccdfd0f88f40a0f73e6518a25d23a325fed7d652875782615cd480b,development_holdout,P1,2017-06-26,952,868.6205024981457,424df120451527e49ab6fd146f590c54fa3d88de0bfcd2106eba5e1896fe5e2f
new_p3_training,True,tuned,UC,123,R3,3cfd389bbd05ec9201a41c0892e29bf8199198d1b216b9a8061370d4240aa583,bd1488a2d411295d7a2118c50ddcc0b158786123613af1676062e2270d1637d1,9cb89005693b1b70c102178849b740fde00b50c9ba5f3b5530d0e5749ea59837,eca954c21da074c545cb7858315ea39fee0a6f54b19e06474b4f2f91f1666847,c40aaf80f5be3be16016d797963cb563e35b93083df451f9827f99cfadc3c898,6031dc4ee08b61c58b35b1efd7d764739d5c7c54dc7cbe9e9a72a1e4a7098596,e2212c40566e21c680a98186ebd8e984aa80d4fd,4d4ad03b827958468b1a231e360c7ad1aa68035c25af068059838ceae6dfa6d6,84f6ca69daadf04be6928767627ac1ca0eb72facd2864d83a1c7567e6ba60ea3,R3_UC_123_selected,dadbfccabccdfd0f88f40a0f73e6518a25d23a325fed7d652875782615cd480b,development_holdout,P1,2017-06-27,964,872.7049265401587,340614f898486fe77fc7f7f8176b33fa0a323c14cad38cf27f6720e54e9f4289
new_p3_training,True,tuned,UC,123,R3,3cfd389bbd05ec9201a41c0892e29bf8199198d1b216b9a8061370d4240aa583,bd1488a2d411295d7a2118c50ddcc0b158786123613af1676062e2270d1637d1,9cb89005693b1b70c102178849b740fde00b50c9ba5f3b5530d0e5749ea59837,eca954c21da074c545cb7858315ea39fee0a6f54b19e06474b4f2f91f1666847,c40aaf80f5be3be16016d797963cb563e35b93083df451f9827f99cfadc3c898,6031dc4ee08b61c58b35b1efd7d764739d5c7c54dc7cbe9e9a72a1e4a7098596,e2212c40566e21c680a98186ebd8e984aa80d4fd,4d4ad03b827958468b1a231e360c7ad1aa68035c25af068059838ceae6dfa6d6,84f6ca69daadf04be6928767627ac1ca0eb72facd2864d83a1c7567e6ba60ea3,R3_UC_123_selected,dadbfccabccdfd0f88f40a0f73e6518a25d23a325fed7d652875782615cd480b,development_holdout,P1,2017-06-28,965,913.2872449204878,2168a02be7fd83168a054efaece935d0cb0d50d0d03feb13ca05f07f67ab1261
new_p3_training,True,tuned,UC,123,R3,3cfd389bbd05ec9201a41c0892e29bf8199198d1b216b9a8061370d4240aa583,bd1488a2d411295d7a2118c50ddcc0b158786123613af1676062e2270d1637d1,9cb89005693b1b70c102178849b740fde00b50c9ba5f3b5530d0e5749ea59837,eca954c21da074c545cb7858315ea39fee0a6f54b19e06474b4f2f91f1666847,c40aaf80f5be3be16016d797963cb563e35b93083df451f9827f99cfadc3c898,6031dc4ee08b61c58b35b1efd7d764739d5c7c54dc7cbe9e9a72a1e4a7098596,e2212c40566e21c680a98186ebd8e984aa80d4fd,4d4ad03b827958468b1a231e360c7ad1aa68035c25af068059838ceae6dfa6d6,84f6ca69daadf04be6928767627ac1ca0eb72facd2864d83a1c7567e6ba60ea3,R3_UC_123_selected,dadbfccabccdfd0f88f40a0f73e6518a25d23a325fed7d652875782615cd480b,development_holdout,P1,2017-06-29,949,880.7957794850073,9054a792d13abea60e09353623e0a8732cf05c93206fe8da5ba7643b476fe386
new_p3_training,True,tuned,UC,123,R3,3cfd389bbd05ec9201a41c0892e29bf8199198d1b216b9a8061370d4240aa583,bd1488a2d411295d7a2118c50ddcc0b158786123613af1676062e2270d1637d1,9cb89005693b1b70c102178849b740fde00b50c9ba5f3b5530d0e5749ea59837,eca954c21da074c545cb7858315ea39fee0a6f54b19e06474b4f2f91f1666847,c40aaf80f5be3be16016d797963cb563e35b93083df451f9827f99cfadc3c898,6031dc4ee08b61c58b35b1efd7d764739d5c7c54dc7cbe9e9a72a1e4a7098596,e2212c40566e21c680a98186ebd8e984aa80d4fd,4d4ad03b827958468b1a231e360c7ad1aa68035c25af068059838ceae6dfa6d6,84f6ca69daadf04be6928767627ac1ca0eb72facd2864d83a1c7567e6ba60ea3,R3_UC_123_selected,dadbfccabccdfd0f88f40a0f73e6518a25d23a325fed7d652875782615cd480b,development_holdout,P1,2017-06-30,951,871.678868441101,8966ac9aeaf33055058a773aa33023d5a8e0225d54cb57dea8979ade45f39c6e
new_p3_training,True,tuned,UC,123,R3,3cfd389bbd05ec9201a41c0892e29bf8199198d1b216b9a8061370d4240aa583,bd1488a2d411295d7a2118c50ddcc0b158786123613af1676062e2270d1637d1,9cb89005693b1b70c102178849b740fde00b50c9ba5f3b5530d0e5749ea59837,eca954c21da074c545cb7858315ea39fee0a6f54b19e06474b4f2f91f1666847,c40aaf80f5be3be16016d797963cb563e35b93083df451f9827f99cfadc3c898,6031dc4ee08b61c58b35b1efd7d764739d5c7c54dc7cbe9e9a72a1e4a7098596,e2212c40566e21c680a98186ebd8e984aa80d4fd,4d4ad03b827958468b1a231e360c7ad1aa68035c25af068059838ceae6dfa6d6,84f6ca69daadf04be6928767627ac1ca0eb72facd2864d83a1c7567e6ba60ea3,R3_UC_123_selected,dadbfccabccdfd0f88f40a0f73e6518a25d23a325fed7d652875782615cd480b,development_holdout,P2,2017-05-16,891,826.3548315935684,3d8e09ae6789d8ac28315a435400803d5df1f8f82e9344dbf0aca0582ab38b31
new_p3_training,True,tuned,UC,123,R3,3cfd389bbd05ec9201a41c0892e29bf8199198d1b216b9a8061370d4240aa583,bd1488a2d411295d7a2118c50ddcc0b158786123613af1676062e2270d1637d1,9cb89005693b1b70c102178849b740fde00b50c9ba5f3b5530d0e5749ea59837,eca954c21da074c545cb7858315ea39fee0a6f54b19e06474b4f2f91f1666847,c40aaf80f5be3be16016d797963cb563e35b93083df451f9827f99cfadc3c898,6031dc4ee08b61c58b35b1efd7d764739d5c7c54dc7cbe9e9a72a1e4a7098596,e2212c40566e21c680a98186ebd8e984aa80d4fd,4d4ad03b827958468b1a231e360c7ad1aa68035c25af068059838ceae6dfa6d6,84f6ca69daadf04be6928767627ac1ca0eb72facd2864d83a1c7567e6ba60ea3,R3_UC_123_selected,dadbfccabccdfd0f88f40a0f73e6518a25d23a325fed7d652875782615cd480b,development_holdout,P2,2017-05-17,891,829.0408486731978,7482ff0fbe4526ec561e0199f9746afe5d7bea60749cbd8e236e08b139e7efc8
new_p3_training,True,tuned,UC,123,R3,3cfd389bbd05ec9201a41c0892e29bf8199198d1b216b9a8061370d4240aa583,bd1488a2d411295d7a2118c50ddcc0b158786123613af1676062e2270d1637d1,9cb89005693b1b70c102178849b740fde00b50c9ba5f3b5530d0e5749ea59837,eca954c21da074c545cb7858315ea39fee0a6f54b19e06474b4f2f91f1666847,c40aaf80f5be3be16016d797963cb563e35b93083df451f9827f99cfadc3c898,6031dc4ee08b61c58b35b1efd7d764739d5c7c54dc7cbe9e9a72a1e4a7098596,e2212c40566e21c680a98186ebd8e984aa80d4fd,4d4ad03b827958468b1a231e360c7ad1aa68035c25af068059838ceae6dfa6d6,84f6ca69daadf04be6928767627ac1ca0eb72facd2864d83a1c7567e6ba60ea3,R3_UC_123_selected,dadbfccabccdfd0f88f40a0f73e6518a25d23a325fed7d652875782615cd480b,development_holdout,P2,2017-05-18,891,838.8388048351086,9f35704b87958f3e8f8e02b15c7871a9efb9c9e0d981a4d999167ad82e70c485
new_p3_training,True,tuned,UC,123,R3,3cfd389bbd05ec9201a41c0892e29bf8199198d1b216b9a8061370d4240aa583,bd1488a2d411295d7a2118c50ddcc0b158786123613af1676062e2270d1637d1,9cb89005693b1b70c102178849b740fde00b50c9ba5f3b5530d0e5749ea59837,eca954c21da074c545cb7858315ea39fee0a6f54b19e06474b4f2f91f1666847,c40aaf80f5be3be16016d797963cb563e35b93083df451f9827f99cfadc3c898,6031dc4ee08b61c58b35b1efd7d764739d5c7c54dc7cbe9e9a72a1e4a7098596,e2212c40566e21c680a98186ebd8e984aa80d4fd,4d4ad03b827958468b1a231e360c7ad1aa68035c25af068059838ceae6dfa6d6,84f6ca69daadf04be6928767627ac1ca0eb72facd2864d83a1c7567e6ba60ea3,R3_UC_123_selected,dadbfccabccdfd0f88f40a0f73e6518a25d23a325fed7d652875782615cd480b,development_holdout,P2,2017-05-19,891,844.2483705370702,42b0b2810362da7e14b789ea5ed61e0ee021a33e297aade2ff6c1579eca0cc5d
new_p3_training,True,tuned,UC,123,R3,3cfd389bbd05ec9201a41c0892e29bf8199198d1b216b9a8061370d4240aa583,bd1488a2d411295d7a2118c50ddcc0b158786123613af1676062e2270d1637d1,9cb89005693b1b70c102178849b740fde00b50c9ba5f3b5530d0e5749ea59837,eca954c21da074c545cb7858315ea39fee0a6f54b19e06474b4f2f91f1666847,c40aaf80f5be3be16016d797963cb563e35b93083df451f9827f99cfadc3c898,6031dc4ee08b61c58b35b1efd7d764739d5c7c54dc7cbe9e9a72a1e4a7098596,e2212c40566e21c680a98186ebd8e984aa80d4fd,4d4ad03b827958468b1a231e360c7ad1aa68035c25af068059838ceae6dfa6d6,84f6ca69daadf04be6928767627ac1ca0eb72facd2864d83a1c7567e6ba60ea3,R3_UC_123_selected,dadbfccabccdfd0f88f40a0f73e6518a25d23a325fed7d652875782615cd480b,development_holdout,P2,2017-05-22,891,816.9804309467107,e3769a9dbc72d8635b148337c1ab1bd281fcfe7b5a8e6022a973f7d1801c0675
new_p3_training,True,tuned,UC,123,R3,3cfd389bbd05ec9201a41c0892e29bf8199198d1b216b9a8061370d4240aa583,bd1488a2d411295d7a2118c50ddcc0b158786123613af1676062e2270d1637d1,9cb89005693b1b70c102178849b740fde00b50c9ba5f3b5530d0e5749ea59837,eca954c21da074c545cb7858315ea39fee0a6f54b19e06474b4f2f91f1666847,c40aaf80f5be3be16016d797963cb563e35b93083df451f9827f99cfadc3c898,6031dc4ee08b61c58b35b1efd7d764739d5c7c54dc7cbe9e9a72a1e4a7098596,e2212c40566e21c680a98186ebd8e984aa80d4fd,4d4ad03b827958468b1a231e360c7ad1aa68035c25af068059838ceae6dfa6d6,84f6ca69daadf04be6928767627ac1ca0eb72facd2864d83a1c7567e6ba60ea3,R3_UC_123_selected,dadbfccabccdfd0f88f40a0f73e6518a25d23a325fed7d652875782615cd480b,development_holdout,P2,2017-05-23,891,911.8053640977586,708cbf5df68458b2b3f6185e462db6019ba249a766cfb6183ab9bc08da63087f
new_p3_training,True,tuned,UC,123,R3,3cfd389bbd05ec9201a41c0892e29bf8199198d1b216b9a8061370d4240aa583,bd1488a2d411295d7a2118c50ddcc0b158786123613af1676062e2270d1637d1,9cb89005693b1b70c102178849b740fde00b50c9ba5f3b5530d0e5749ea59837,eca954c21da074c545cb7858315ea39fee0a6f54b19e06474b4f2f91f1666847,c40aaf80f5be3be16016d797963cb563e35b93083df451f9827f99cfadc3c898,6031dc4ee08b61c58b35b1efd7d764739d5c7c54dc7cbe9e9a72a1e4a7098596,e2212c40566e21c680a98186ebd8e984aa80d4fd,4d4ad03b827958468b1a231e360c7ad1aa68035c25af068059838ceae6dfa6d6,84f6ca69daadf04be6928767627ac1ca0eb72facd2864d83a1c7567e6ba60ea3,R3_UC_123_selected,dadbfccabccdfd0f88f40a0f73e6518a25d23a325fed7d652875782615cd480b,development_holdout,P2,2017-05-24,891,859.1884714967925,963bc18cce785722bc2d42dd51bf35c6a44b8160f1200bdf52c392507b871905
new_p3_training,True,tuned,UC,123,R3,3cfd389bbd05ec9201a41c0892e29bf8199198d1b216b9a8061370d4240aa583,bd1488a2d411295d7a2118c50ddcc0b158786123613af1676062e2270d1637d1,9cb89005693b1b70c102178849b740fde00b50c9ba5f3b5530d0e5749ea59837,eca954c21da074c545cb7858315ea39fee0a6f54b19e06474b4f2f91f1666847,c40aaf80f5be3be16016d797963cb563e35b93083df451f9827f99cfadc3c898,6031dc4ee08b61c58b35b1efd7d764739d5c7c54dc7cbe9e9a72a1e4a7098596,e2212c40566e21c680a98186ebd8e984aa80d4fd,4d4ad03b827958468b1a231e360c7ad1aa68035c25af068059838ceae6dfa6d6,84f6ca69daadf04be6928767627ac1ca0eb72facd2864d83a1c7567e6ba60ea3,R3_UC_123_selected,dadbfccabccdfd0f88f40a0f73e6518a25d23a325fed7d652875782615cd480b,development_holdout,P2,2017-05-25,891,872.3364199947367,5a29e6e7499b074fbcaa266247c335cd8ab199c2dcc3768e0f8be71c3a394159
new_p3_training,True,tuned,UC,123,R3,3cfd389bbd05ec9201a41c0892e29bf8199198d1b216b9a8061370d4240aa583,bd1488a2d411295d7a2118c50ddcc0b158786123613af1676062e2270d1637d1,9cb89005693b1b70c102178849b740fde00b50c9ba5f3b5530d0e5749ea59837,eca954c21da074c545cb7858315ea39fee0a6f54b19e06474b4f2f91f1666847,c40aaf80f5be3be16016d797963cb563e35b93083df451f9827f99cfadc3c898,6031dc4ee08b61c58b35b1efd7d764739d5c7c54dc7cbe9e9a72a1e4a7098596,e2212c40566e21c680a98186ebd8e984aa80d4fd,4d4ad03b827958468b1a231e360c7ad1aa68035c25af068059838ceae6dfa6d6,84f6ca69daadf04be6928767627ac1ca0eb72facd2864d83a1c7567e6ba60ea3,R3_UC_123_selected,dadbfccabccdfd0f88f40a0f73e6518a25d23a325fed7d652875782615cd480b,development_holdout,P2,2017-05-26,891,870.7294780946147,ceba5ed508f6f8e60604a0460c543afa90d0041323ff56c710a5b3bf25213a98
new_p3_training,True,tuned,UC,123,R3,3cfd389bbd05ec9201a41c0892e29bf8199198d1b216b9a8061370d4240aa583,bd1488a2d411295d7a2118c50ddcc0b158786123613af1676062e2270d1637d1,9cb89005693b1b70c102178849b740fde00b50c9ba5f3b5530d0e5749ea59837,eca954c21da074c545cb7858315ea39fee0a6f54b19e06474b4f2f91f1666847,c40aaf80f5be3be16016d797963cb563e35b93083df451f9827f99cfadc3c898,6031dc4ee08b61c58b35b1efd7d764739d5c7c54dc7cbe9e9a72a1e4a7098596,e2212c40566e21c680a98186ebd8e984aa80d4fd,4d4ad03b827958468b1a231e360c7ad1aa68035c25af068059838ceae6dfa6d6,84f6ca69daadf04be6928767627ac1ca0eb72facd2864d83a1c7567e6ba60ea3,R3_UC_123_selected,dadbfccabccdfd0f88f40a0f73e6518a25d23a325fed7d652875782615cd480b,development_holdout,P2,2017-05-29,891,881.5740762011638,b212462525bfe756b1780058ef6b88e1ca2131455a4b49ec44083fb1acc042c2
new_p3_training,True,tuned,UC,123,R3,3cfd389bbd05ec9201a41c0892e29bf8199198d1b216b9a8061370d4240aa583,bd1488a2d411295d7a2118c50ddcc0b158786123613af1676062e2270d1637d1,9cb89005693b1b70c102178849b740fde00b50c9ba5f3b5530d0e5749ea59837,eca954c21da074c545cb7858315ea39fee0a6f54b19e06474b4f2f91f1666847,c40aaf80f5be3be16016d797963cb563e35b93083df451f9827f99cfadc3c898,6031dc4ee08b61c58b35b1efd7d764739d5c7c54dc7cbe9e9a72a1e4a7098596,e2212c40566e21c680a98186ebd8e984aa80d4fd,4d4ad03b827958468b1a231e360c7ad1aa68035c25af068059838ceae6dfa6d6,84f6ca69daadf04be6928767627ac1ca0eb72facd2864d83a1c7567e6ba60ea3,R3_UC_123_selected,dadbfccabccdfd0f88f40a0f73e6518a25d23a325fed7d652875782615cd480b,development_holdout,P2,2017-05-30,891,861.1976164988153,bd293169bd4665f985eb87ddd3cf8b66313e7506c383d2c7dd5b4c97764de2bf
new_p3_training,True,tuned,UC,123,R3,3cfd389bbd05ec9201a41c0892e29bf8199198d1b216b9a8061370d4240aa583,bd1488a2d411295d7a2118c50ddcc0b158786123613af1676062e2270d1637d1,9cb89005693b1b70c102178849b740fde00b50c9ba5f3b5530d0e5749ea59837,eca954c21da074c545cb7858315ea39fee0a6f54b19e06474b4f2f91f1666847,c40aaf80f5be3be16016d797963cb563e35b93083df451f9827f99cfadc3c898,6031dc4ee08b61c58b35b1efd7d764739d5c7c54dc7cbe9e9a72a1e4a7098596,e2212c40566e21c680a98186ebd8e984aa80d4fd,4d4ad03b827958468b1a231e360c7ad1aa68035c25af068059838ceae6dfa6d6,84f6ca69daadf04be6928767627ac1ca0eb72facd2864d83a1c7567e6ba60ea3,R3_UC_123_selected,dadbfccabccdfd0f88f40a0f73e6518a25d23a325fed7d652875782615cd480b,development_holdout,P2,2017-05-31,891,862.5882986323138,b574bc04659d8011d5c437f370839887c79819aeeff25999c1736bb8d82e2c0a
new_p3_training,True,tuned,UC,123,R3,3cfd389bbd05ec9201a41c0892e29bf8199198d1b216b9a8061370d4240aa583,bd1488a2d411295d7a2118c50ddcc0b158786123613af1676062e2270d1637d1,9cb89005693b1b70c102178849b740fde00b50c9ba5f3b5530d0e5749ea59837,eca954c21da074c545cb7858315ea39fee0a6f54b19e06474b4f2f91f1666847,c40aaf80f5be3be16016d797963cb563e35b93083df451f9827f99cfadc3c898,6031dc4ee08b61c58b35b1efd7d764739d5c7c54dc7cbe9e9a72a1e4a7098596,e2212c40566e21c680a98186ebd8e984aa80d4fd,4d4ad03b827958468b1a231e360c7ad1aa68035c25af068059838ceae6dfa6d6,84f6ca69daadf04be6928767627ac1ca0eb72facd2864d83a1c7567e6ba60ea3,R3_UC_123_selected,dadbfccabccdfd0f88f40a0f73e6518a25d23a325fed7d652875782615cd480b,development_holdout,P2,2017-06-01,891,799.4872674134103,7cdb2d49ec032ae40287874e04e47274b8ad1b0eaa544902c2b6c8c1192b2946
new_p3_training,True,tuned,UC,123,R3,3cfd389bbd05ec9201a41c0892e29bf8199198d1b216b9a8061370d4240aa583,bd1488a2d411295d7a2118c50ddcc0b158786123613af1676062e2270d1637d1,9cb89005693b1b70c102178849b740fde00b50c9ba5f3b5530d0e5749ea59837,eca954c21da074c545cb7858315ea39fee0a6f54b19e06474b4f2f91f1666847,c40aaf80f5be3be16016d797963cb563e35b93083df451f9827f99cfadc3c898,6031dc4ee08b61c58b35b1efd7d764739d5c7c54dc7cbe9e9a72a1e4a7098596,e2212c40566e21c680a98186ebd8e984aa80d4fd,4d4ad03b827958468b1a231e360c7ad1aa68035c25af068059838ceae6dfa6d6,84f6ca69daadf04be6928767627ac1ca0eb72facd2864d83a1c7567e6ba60ea3,R3_UC_123_selected,dadbfccabccdfd0f88f40a0f73e6518a25d23a325fed7d652875782615cd480b,development_holdout,P2,2017-06-02,891,848.3793711106039,c390b83523b2e5154b3dd728ec93393f1361ed05c533138563d93ede9bfffdbe
new_p3_training,True,tuned,UC,123,R3,3cfd389bbd05ec9201a41c0892e29bf8199198d1b216b9a8061370d4240aa583,bd1488a2d411295d7a2118c50ddcc0b158786123613af1676062e2270d1637d1,9cb89005693b1b70c102178849b740fde00b50c9ba5f3b5530d0e5749ea59837,eca954c21da074c545cb7858315ea39fee0a6f54b19e06474b4f2f91f1666847,c40aaf80f5be3be16016d797963cb563e35b93083df451f9827f99cfadc3c898,6031dc4ee08b61c58b35b1efd7d764739d5c7c54dc7cbe9e9a72a1e4a7098596,e2212c40566e21c680a98186ebd8e984aa80d4fd,4d4ad03b827958468b1a231e360c7ad1aa68035c25af068059838ceae6dfa6d6,84f6ca69daadf04be6928767627ac1ca0eb72facd2864d83a1c7567e6ba60ea3,R3_UC_123_selected,dadbfccabccdfd0f88f40a0f73e6518a25d23a325fed7d652875782615cd480b,development_holdout,P2,2017-06-05,891,809.2239094440791,8ab33844d363f81acf122e71dc01ee0d55c55eb43b8ab3dba4f74e1eba8600df
new_p3_training,True,tuned,UC,123,R3,3cfd389bbd05ec9201a41c0892e29bf8199198d1b216b9a8061370d4240aa583,bd1488a2d411295d7a2118c50ddcc0b158786123613af1676062e2270d1637d1,9cb89005693b1b70c102178849b740fde00b50c9ba5f3b5530d0e5749ea59837,eca954c21da074c545cb7858315ea39fee0a6f54b19e06474b4f2f91f1666847,c40aaf80f5be3be16016d797963cb563e35b93083df451f9827f99cfadc3c898,6031dc4ee08b61c58b35b1efd7d764739d5c7c54dc7cbe9e9a72a1e4a7098596,e2212c40566e21c680a98186ebd8e984aa80d4fd,4d4ad03b827958468b1a231e360c7ad1aa68035c25af068059838ceae6dfa6d6,84f6ca69daadf04be6928767627ac1ca0eb72facd2864d83a1c7567e6ba60ea3,R3_UC_123_selected,dadbfccabccdfd0f88f40a0f73e6518a25d23a325fed7d652875782615cd480b,development_holdout,P2,2017-06-07,891,861.8925475869596,12c85686111c16c9525b2d9cc220ce7da0c40ceb3a1876aedfa81bc6d2a2530b
new_p3_training,True,tuned,UC,123,R3,3cfd389bbd05ec9201a41c0892e29bf8199198d1b216b9a8061370d4240aa583,bd1488a2d411295d7a2118c50ddcc0b158786123613af1676062e2270d1637d1,9cb89005693b1b70c102178849b740fde00b50c9ba5f3b5530d0e5749ea59837,eca954c21da074c545cb7858315ea39fee0a6f54b19e06474b4f2f91f1666847,c40aaf80f5be3be16016d797963cb563e35b93083df451f9827f99cfadc3c898,6031dc4ee08b61c58b35b1efd7d764739d5c7c54dc7cbe9e9a72a1e4a7098596,e2212c40566e21c680a98186ebd8e984aa80d4fd,4d4ad03b827958468b1a231e360c7ad1aa68035c25af068059838ceae6dfa6d6,84f6ca69daadf04be6928767627ac1ca0eb72facd2864d83a1c7567e6ba60ea3,R3_UC_123_selected,dadbfccabccdfd0f88f40a0f73e6518a25d23a325fed7d652875782615cd480b,development_holdout,P2,2017-06-08,891,826.5838507698355,5dabf5f41fa9bb28e9f4474ba70ff20e02371bc2941d686d7ff682036e82481a
new_p3_training,True,tuned,UC,123,R3,3cfd389bbd05ec9201a41c0892e29bf8199198d1b216b9a8061370d4240aa583,bd1488a2d411295d7a2118c50ddcc0b158786123613af1676062e2270d1637d1,9cb89005693b1b70c102178849b740fde00b50c9ba5f3b5530d0e5749ea59837,eca954c21da074c545cb7858315ea39fee0a6f54b19e06474b4f2f91f1666847,c40aaf80f5be3be16016d797963cb563e35b93083df451f9827f99cfadc3c898,6031dc4ee08b61c58b35b1efd7d764739d5c7c54dc7cbe9e9a72a1e4a7098596,e2212c40566e21c680a98186ebd8e984aa80d4fd,4d4ad03b827958468b1a231e360c7ad1aa68035c25af068059838ceae6dfa6d6,84f6ca69daadf04be6928767627ac1ca0eb72facd2864d83a1c7567e6ba60ea3,R3_UC_123_selected,dadbfccabccdfd0f88f40a0f73e6518a25d23a325fed7d652875782615cd480b,development_holdout,P2,2017-06-09,891,853.7240170593684,45d9b0bf22b744903720fedbf28e09f714dd0e8c69594b8fca3b76c624cff13a
new_p3_training,True,tuned,UC,123,R3,3cfd389bbd05ec9201a41c0892e29bf8199198d1b216b9a8061370d4240aa583,bd1488a2d411295d7a2118c50ddcc0b158786123613af1676062e2270d1637d1,9cb89005693b1b70c102178849b740fde00b50c9ba5f3b5530d0e5749ea59837,eca954c21da074c545cb7858315ea39fee0a6f54b19e06474b4f2f91f1666847,c40aaf80f5be3be16016d797963cb563e35b93083df451f9827f99cfadc3c898,6031dc4ee08b61c58b35b1efd7d764739d5c7c54dc7cbe9e9a72a1e4a7098596,e2212c40566e21c680a98186ebd8e984aa80d4fd,4d4ad03b827958468b1a231e360c7ad1aa68035c25af068059838ceae6dfa6d6,84f6ca69daadf04be6928767627ac1ca0eb72facd2864d83a1c7567e6ba60ea3,R3_UC_123_selected,dadbfccabccdfd0f88f40a0f73e6518a25d23a325fed7d652875782615cd480b,development_holdout,P2,2017-06-12,891,835.5287101431406,294100c359d1908c919e9d63248cfec95e1f2bad17df8ebb2bfe6f9da1c76e07
new_p3_training,True,tuned,UC,123,R3,3cfd389bbd05ec9201a41c0892e29bf8199198d1b216b9a8061370d4240aa583,bd1488a2d411295d7a2118c50ddcc0b158786123613af1676062e2270d1637d1,9cb89005693b1b70c102178849b740fde00b50c9ba5f3b5530d0e5749ea59837,eca954c21da074c545cb7858315ea39fee0a6f54b19e06474b4f2f91f1666847,c40aaf80f5be3be16016d797963cb563e35b93083df451f9827f99cfadc3c898,6031dc4ee08b61c58b35b1efd7d764739d5c7c54dc7cbe9e9a72a1e4a7098596,e2212c40566e21c680a98186ebd8e984aa80d4fd,4d4ad03b827958468b1a231e360c7ad1aa68035c25af068059838ceae6dfa6d6,84f6ca69daadf04be6928767627ac1ca0eb72facd2864d83a1c7567e6ba60ea3,R3_UC_123_selected,dadbfccabccdfd0f88f40a0f73e6518a25d23a325fed7d652875782615cd480b,development_holdout,P2,2017-06-13,891,816.2232923967268,46af54aa50f3388b25ab17dc294477db5091506d69c4e16c869bdc9e7e5c4708
new_p3_training,True,tuned,UC,123,R3,3cfd389bbd05ec9201a41c0892e29bf8199198d1b216b9a8061370d4240aa583,bd1488a2d411295d7a2118c50ddcc0b158786123613af1676062e2270d1637d1,9cb89005693b1b70c102178849b740fde00b50c9ba5f3b5530d0e5749ea59837,eca954c21da074c545cb7858315ea39fee0a6f54b19e06474b4f2f91f1666847,c40aaf80f5be3be16016d797963cb563e35b93083df451f9827f99cfadc3c898,6031dc4ee08b61c58b35b1efd7d764739d5c7c54dc7cbe9e9a72a1e4a7098596,e2212c40566e21c680a98186ebd8e984aa80d4fd,4d4ad03b827958468b1a231e360c7ad1aa68035c25af068059838ceae6dfa6d6,84f6ca69daadf04be6928767627ac1ca0eb72facd2864d83a1c7567e6ba60ea3,R3_UC_123_selected,dadbfccabccdfd0f88f40a0f73e6518a25d23a325fed7d652875782615cd480b,development_holdout,P2,2017-06-14,891,842.9189439160158,0a8482b282d2ab519adeed6cd0543c9a5211e1adfbbddd2cf39f9779ab951769
new_p3_training,True,tuned,UC,123,R3,3cfd389bbd05ec9201a41c0892e29bf8199198d1b216b9a8061370d4240aa583,bd1488a2d411295d7a2118c50ddcc0b158786123613af1676062e2270d1637d1,9cb89005693b1b70c102178849b740fde00b50c9ba5f3b5530d0e5749ea59837,eca954c21da074c545cb7858315ea39fee0a6f54b19e06474b4f2f91f1666847,c40aaf80f5be3be16016d797963cb563e35b93083df451f9827f99cfadc3c898,6031dc4ee08b61c58b35b1efd7d764739d5c7c54dc7cbe9e9a72a1e4a7098596,e2212c40566e21c680a98186ebd8e984aa80d4fd,4d4ad03b827958468b1a231e360c7ad1aa68035c25af068059838ceae6dfa6d6,84f6ca69daadf04be6928767627ac1ca0eb72facd2864d83a1c7567e6ba60ea3,R3_UC_123_selected,dadbfccabccdfd0f88f40a0f73e6518a25d23a325fed7d652875782615cd480b,development_holdout,P2,2017-06-15,891,861.1218864830822,1b78d0d7df55020ef3350d40f171f3291016317f4b8439a8f0a5f71bcc206eb4
new_p3_training,True,tuned,UC,123,R3,3cfd389bbd05ec9201a41c0892e29bf8199198d1b216b9a8061370d4240aa583,bd1488a2d411295d7a2118c50ddcc0b158786123613af1676062e2270d1637d1,9cb89005693b1b70c102178849b740fde00b50c9ba5f3b5530d0e5749ea59837,eca954c21da074c545cb7858315ea39fee0a6f54b19e06474b4f2f91f1666847,c40aaf80f5be3be16016d797963cb563e35b93083df451f9827f99cfadc3c898,6031dc4ee08b61c58b35b1efd7d764739d5c7c54dc7cbe9e9a72a1e4a7098596,e2212c40566e21c680a98186ebd8e984aa80d4fd,4d4ad03b827958468b1a231e360c7ad1aa68035c25af068059838ceae6dfa6d6,84f6ca69daadf04be6928767627ac1ca0eb72facd2864d83a1c7567e6ba60ea3,R3_UC_123_selected,dadbfccabccdfd0f88f40a0f73e6518a25d23a325fed7d652875782615cd480b,development_holdout,P2,2017-06-16,891,799.42614297976,6c20492c0b33d5a992e2568fcda618b0648330933659320e5cac43262f2ac2fb
new_p3_training,True,tuned,UC,123,R3,3cfd389bbd05ec9201a41c0892e29bf8199198d1b216b9a8061370d4240aa583,bd1488a2d411295d7a2118c50ddcc0b158786123613af1676062e2270d1637d1,9cb89005693b1b70c102178849b740fde00b50c9ba5f3b5530d0e5749ea59837,eca954c21da074c545cb7858315ea39fee0a6f54b19e06474b4f2f91f1666847,c40aaf80f5be3be16016d797963cb563e35b93083df451f9827f99cfadc3c898,6031dc4ee08b61c58b35b1efd7d764739d5c7c54dc7cbe9e9a72a1e4a7098596,e2212c40566e21c680a98186ebd8e984aa80d4fd,4d4ad03b827958468b1a231e360c7ad1aa68035c25af068059838ceae6dfa6d6,84f6ca69daadf04be6928767627ac1ca0eb72facd2864d83a1c7567e6ba60ea3,R3_UC_123_selected,dadbfccabccdfd0f88f40a0f73e6518a25d23a325fed7d652875782615cd480b,development_holdout,P2,2017-06-19,891,857.3510655269934,57837a882c4562f7a659a1327a9ea3fac892a8618b525ec88df174e5ffe013be
new_p3_training,True,tuned,UC,123,R3,3cfd389bbd05ec9201a41c0892e29bf8199198d1b216b9a8061370d4240aa583,bd1488a2d411295d7a2118c50ddcc0b158786123613af1676062e2270d1637d1,9cb89005693b1b70c102178849b740fde00b50c9ba5f3b5530d0e5749ea59837,eca954c21da074c545cb7858315ea39fee0a6f54b19e06474b4f2f91f1666847,c40aaf80f5be3be16016d797963cb563e35b93083df451f9827f99cfadc3c898,6031dc4ee08b61c58b35b1efd7d764739d5c7c54dc7cbe9e9a72a1e4a7098596,e2212c40566e21c680a98186ebd8e984aa80d4fd,4d4ad03b827958468b1a231e360c7ad1aa68035c25af068059838ceae6dfa6d6,84f6ca69daadf04be6928767627ac1ca0eb72facd2864d83a1c7567e6ba60ea3,R3_UC_123_selected,dadbfccabccdfd0f88f40a0f73e6518a25d23a325fed7d652875782615cd480b,development_holdout,P2,2017-06-20,891,838.1530813170539,c36dc795894348d0456064280a5b02e478cdc2f21247eb956506061d14b8537d
new_p3_training,True,tuned,UC,123,R3,3cfd389bbd05ec9201a41c0892e29bf8199198d1b216b9a8061370d4240aa583,bd1488a2d411295d7a2118c50ddcc0b158786123613af1676062e2270d1637d1,9cb89005693b1b70c102178849b740fde00b50c9ba5f3b5530d0e5749ea59837,eca954c21da074c545cb7858315ea39fee0a6f54b19e06474b4f2f91f1666847,c40aaf80f5be3be16016d797963cb563e35b93083df451f9827f99cfadc3c898,6031dc4ee08b61c58b35b1efd7d764739d5c7c54dc7cbe9e9a72a1e4a7098596,e2212c40566e21c680a98186ebd8e984aa80d4fd,4d4ad03b827958468b1a231e360c7ad1aa68035c25af068059838ceae6dfa6d6,84f6ca69daadf04be6928767627ac1ca0eb72facd2864d83a1c7567e6ba60ea3,R3_UC_123_selected,dadbfccabccdfd0f88f40a0f73e6518a25d23a325fed7d652875782615cd480b,development_holdout,P2,2017-06-21,891,900.7006093201057,8baf7ad2fa0c50390769d30b3b15dc14aa522c0195fdb397b67670b45cfac504
new_p3_training,True,tuned,UC,123,R3,3cfd389bbd05ec9201a41c0892e29bf8199198d1b216b9a8061370d4240aa583,bd1488a2d411295d7a2118c50ddcc0b158786123613af1676062e2270d1637d1,9cb89005693b1b70c102178849b740fde00b50c9ba5f3b5530d0e5749ea59837,eca954c21da074c545cb7858315ea39fee0a6f54b19e06474b4f2f91f1666847,c40aaf80f5be3be16016d797963cb563e35b93083df451f9827f99cfadc3c898,6031dc4ee08b61c58b35b1efd7d764739d5c7c54dc7cbe9e9a72a1e4a7098596,e2212c40566e21c680a98186ebd8e984aa80d4fd,4d4ad03b827958468b1a231e360c7ad1aa68035c25af068059838ceae6dfa6d6,84f6ca69daadf04be6928767627ac1ca0eb72facd2864d83a1c7567e6ba60ea3,R3_UC_123_selected,dadbfccabccdfd0f88f40a0f73e6518a25d23a325fed7d652875782615cd480b,development_holdout,P2,2017-06-22,891,873.281444084228,b4b5c2c908213b67075afdfde7f8c1c2c8b424f2e58fe44f9468b3f9bbdb295a
new_p3_training,True,tuned,UC,123,R3,3cfd389bbd05ec9201a41c0892e29bf8199198d1b216b9a8061370d4240aa583,bd1488a2d411295d7a2118c50ddcc0b158786123613af1676062e2270d1637d1,9cb89005693b1b70c102178849b740fde00b50c9ba5f3b5530d0e5749ea59837,eca954c21da074c545cb7858315ea39fee0a6f54b19e06474b4f2f91f1666847,c40aaf80f5be3be16016d797963cb563e35b93083df451f9827f99cfadc3c898,6031dc4ee08b61c58b35b1efd7d764739d5c7c54dc7cbe9e9a72a1e4a7098596,e2212c40566e21c680a98186ebd8e984aa80d4fd,4d4ad03b827958468b1a231e360c7ad1aa68035c25af068059838ceae6dfa6d6,84f6ca69daadf04be6928767627ac1ca0eb72facd2864d83a1c7567e6ba60ea3,R3_UC_123_selected,dadbfccabccdfd0f88f40a0f73e6518a25d23a325fed7d652875782615cd480b,development_holdout,P2,2017-06-23,891,825.2774139380008,6b1a94c01f96a9d86f0c4b341157610ea489571f1d7a6ccfe4772d9fc8536872
new_p3_training,True,tuned,UC,123,R3,3cfd389bbd05ec9201a41c0892e29bf8199198d1b216b9a8061370d4240aa583,bd1488a2d411295d7a2118c50ddcc0b158786123613af1676062e2270d1637d1,9cb89005693b1b70c102178849b740fde00b50c9ba5f3b5530d0e5749ea59837,eca954c21da074c545cb7858315ea39fee0a6f54b19e06474b4f2f91f1666847,c40aaf80f5be3be16016d797963cb563e35b93083df451f9827f99cfadc3c898,6031dc4ee08b61c58b35b1efd7d764739d5c7c54dc7cbe9e9a72a1e4a7098596,e2212c40566e21c680a98186ebd8e984aa80d4fd,4d4ad03b827958468b1a231e360c7ad1aa68035c25af068059838ceae6dfa6d6,84f6ca69daadf04be6928767627ac1ca0eb72facd2864d83a1c7567e6ba60ea3,R3_UC_123_selected,dadbfccabccdfd0f88f40a0f73e6518a25d23a325fed7d652875782615cd480b,development_holdout,P2,2017-06-26,891,830.5785767540127,c0088d47f750d2da1694546ee0367f51db1e7169634fba0df220bfc22742768e
new_p3_training,True,tuned,UC,123,R3,3cfd389bbd05ec9201a41c0892e29bf8199198d1b216b9a8061370d4240aa583,bd1488a2d411295d7a2118c50ddcc0b158786123613af1676062e2270d1637d1,9cb89005693b1b70c102178849b740fde00b50c9ba5f3b5530d0e5749ea59837,eca954c21da074c545cb7858315ea39fee0a6f54b19e06474b4f2f91f1666847,c40aaf80f5be3be16016d797963cb563e35b93083df451f9827f99cfadc3c898,6031dc4ee08b61c58b35b1efd7d764739d5c7c54dc7cbe9e9a72a1e4a7098596,e2212c40566e21c680a98186ebd8e984aa80d4fd,4d4ad03b827958468b1a231e360c7ad1aa68035c25af068059838ceae6dfa6d6,84f6ca69daadf04be6928767627ac1ca0eb72facd2864d83a1c7567e6ba60ea3,R3_UC_123_selected,dadbfccabccdfd0f88f40a0f73e6518a25d23a325fed7d652875782615cd480b,development_holdout,P2,2017-06-27,891,816.6070032170594,b39a312c930fdad161d63b01af45530aba94fa9a8d551ccd1906204cc4b30e10
new_p3_training,True,tuned,UC,123,R3,3cfd389bbd05ec9201a41c0892e29bf8199198d1b216b9a8061370d4240aa583,bd1488a2d411295d7a2118c50ddcc0b158786123613af1676062e2270d1637d1,9cb89005693b1b70c102178849b740fde00b50c9ba5f3b5530d0e5749ea59837,eca954c21da074c545cb7858315ea39fee0a6f54b19e06474b4f2f91f1666847,c40aaf80f5be3be16016d797963cb563e35b93083df451f9827f99cfadc3c898,6031dc4ee08b61c58b35b1efd7d764739d5c7c54dc7cbe9e9a72a1e4a7098596,e2212c40566e21c680a98186ebd8e984aa80d4fd,4d4ad03b827958468b1a231e360c7ad1aa68035c25af068059838ceae6dfa6d6,84f6ca69daadf04be6928767627ac1ca0eb72facd2864d83a1c7567e6ba60ea3,R3_UC_123_selected,dadbfccabccdfd0f88f40a0f73e6518a25d23a325fed7d652875782615cd480b,development_holdout,P2,2017-06-28,891,857.2094099777775,7198cc6ab7dae9c9bd3cb0cd7afb99e78f9f4f6f4f74c33cf55207733fe9df8d
new_p3_training,True,tuned,UC,123,R3,3cfd389bbd05ec9201a41c0892e29bf8199198d1b216b9a8061370d4240aa583,bd1488a2d411295d7a2118c50ddcc0b158786123613af1676062e2270d1637d1,9cb89005693b1b70c102178849b740fde00b50c9ba5f3b5530d0e5749ea59837,eca954c21da074c545cb7858315ea39fee0a6f54b19e06474b4f2f91f1666847,c40aaf80f5be3be16016d797963cb563e35b93083df451f9827f99cfadc3c898,6031dc4ee08b61c58b35b1efd7d764739d5c7c54dc7cbe9e9a72a1e4a7098596,e2212c40566e21c680a98186ebd8e984aa80d4fd,4d4ad03b827958468b1a231e360c7ad1aa68035c25af068059838ceae6dfa6d6,84f6ca69daadf04be6928767627ac1ca0eb72facd2864d83a1c7567e6ba60ea3,R3_UC_123_selected,dadbfccabccdfd0f88f40a0f73e6518a25d23a325fed7d652875782615cd480b,development_holdout,P2,2017-06-29,891,870.5303363453786,b86d212a6a17776108b1854a2fabac87bf19fa5da856aec644468b7c95f8192b
new_p3_training,True,tuned,UC,123,R3,3cfd389bbd05ec9201a41c0892e29bf8199198d1b216b9a8061370d4240aa583,bd1488a2d411295d7a2118c50ddcc0b158786123613af1676062e2270d1637d1,9cb89005693b1b70c102178849b740fde00b50c9ba5f3b5530d0e5749ea59837,eca954c21da074c545cb7858315ea39fee0a6f54b19e06474b4f2f91f1666847,c40aaf80f5be3be16016d797963cb563e35b93083df451f9827f99cfadc3c898,6031dc4ee08b61c58b35b1efd7d764739d5c7c54dc7cbe9e9a72a1e4a7098596,e2212c40566e21c680a98186ebd8e984aa80d4fd,4d4ad03b827958468b1a231e360c7ad1aa68035c25af068059838ceae6dfa6d6,84f6ca69daadf04be6928767627ac1ca0eb72facd2864d83a1c7567e6ba60ea3,R3_UC_123_selected,dadbfccabccdfd0f88f40a0f73e6518a25d23a325fed7d652875782615cd480b,development_holdout,P2,2017-06-30,891,835.0532295060834,2886a289693155a9b320c14877d3aa08719dcc3ed32a1580fffa8e9cf16d4816
new_p3_training,True,tuned,UC,123,R3,3cfd389bbd05ec9201a41c0892e29bf8199198d1b216b9a8061370d4240aa583,bd1488a2d411295d7a2118c50ddcc0b158786123613af1676062e2270d1637d1,9cb89005693b1b70c102178849b740fde00b50c9ba5f3b5530d0e5749ea59837,eca954c21da074c545cb7858315ea39fee0a6f54b19e06474b4f2f91f1666847,c40aaf80f5be3be16016d797963cb563e35b93083df451f9827f99cfadc3c898,6031dc4ee08b61c58b35b1efd7d764739d5c7c54dc7cbe9e9a72a1e4a7098596,e2212c40566e21c680a98186ebd8e984aa80d4fd,4d4ad03b827958468b1a231e360c7ad1aa68035c25af068059838ceae6dfa6d6,84f6ca69daadf04be6928767627ac1ca0eb72facd2864d83a1c7567e6ba60ea3,R3_UC_123_selected,dadbfccabccdfd0f88f40a0f73e6518a25d23a325fed7d652875782615cd480b,development_holdout,P3,2017-05-16,875,810.3609905409975,2772f59db8075c1d82fabb191b9249e531a8fa1a0d1ea1e858b2c298c0308268
new_p3_training,True,tuned,UC,123,R3,3cfd389bbd05ec9201a41c0892e29bf8199198d1b216b9a8061370d4240aa583,bd1488a2d411295d7a2118c50ddcc0b158786123613af1676062e2270d1637d1,9cb89005693b1b70c102178849b740fde00b50c9ba5f3b5530d0e5749ea59837,eca954c21da074c545cb7858315ea39fee0a6f54b19e06474b4f2f91f1666847,c40aaf80f5be3be16016d797963cb563e35b93083df451f9827f99cfadc3c898,6031dc4ee08b61c58b35b1efd7d764739d5c7c54dc7cbe9e9a72a1e4a7098596,e2212c40566e21c680a98186ebd8e984aa80d4fd,4d4ad03b827958468b1a231e360c7ad1aa68035c25af068059838ceae6dfa6d6,84f6ca69daadf04be6928767627ac1ca0eb72facd2864d83a1c7567e6ba60ea3,R3_UC_123_selected,dadbfccabccdfd0f88f40a0f73e6518a25d23a325fed7d652875782615cd480b,development_holdout,P3,2017-05-17,887,823.2925391855175,09d55655a2201125e67e0986d2d8d901522cf2a1132b8deef4193496bb4092a5
new_p3_training,True,tuned,UC,123,R3,3cfd389bbd05ec9201a41c0892e29bf8199198d1b216b9a8061370d4240aa583,bd1488a2d411295d7a2118c50ddcc0b158786123613af1676062e2270d1637d1,9cb89005693b1b70c102178849b740fde00b50c9ba5f3b5530d0e5749ea59837,eca954c21da074c545cb7858315ea39fee0a6f54b19e06474b4f2f91f1666847,c40aaf80f5be3be16016d797963cb563e35b93083df451f9827f99cfadc3c898,6031dc4ee08b61c58b35b1efd7d764739d5c7c54dc7cbe9e9a72a1e4a7098596,e2212c40566e21c680a98186ebd8e984aa80d4fd,4d4ad03b827958468b1a231e360c7ad1aa68035c25af068059838ceae6dfa6d6,84f6ca69daadf04be6928767627ac1ca0eb72facd2864d83a1c7567e6ba60ea3,R3_UC_123_selected,dadbfccabccdfd0f88f40a0f73e6518a25d23a325fed7d652875782615cd480b,development_holdout,P3,2017-05-18,860,793.062262656729,9adfe8ffedce0bbde2a58e258749d083021a4aaa10ba9fe24f09e4e1f5db23fe
new_p3_training,True,tuned,UC,123,R3,3cfd389bbd05ec9201a41c0892e29bf8199198d1b216b9a8061370d4240aa583,bd1488a2d411295d7a2118c50ddcc0b158786123613af1676062e2270d1637d1,9cb89005693b1b70c102178849b740fde00b50c9ba5f3b5530d0e5749ea59837,eca954c21da074c545cb7858315ea39fee0a6f54b19e06474b4f2f91f1666847,c40aaf80f5be3be16016d797963cb563e35b93083df451f9827f99cfadc3c898,6031dc4ee08b61c58b35b1efd7d764739d5c7c54dc7cbe9e9a72a1e4a7098596,e2212c40566e21c680a98186ebd8e984aa80d4fd,4d4ad03b827958468b1a231e360c7ad1aa68035c25af068059838ceae6dfa6d6,84f6ca69daadf04be6928767627ac1ca0eb72facd2864d83a1c7567e6ba60ea3,R3_UC_123_selected,dadbfccabccdfd0f88f40a0f73e6518a25d23a325fed7d652875782615cd480b,development_holdout,P3,2017-05-19,856,797.2833596944267,ce3aca78f2116bbc1762fc00d59605b91c7d686e0bfea178b6edf665a33ad449
new_p3_training,True,tuned,UC,123,R3,3cfd389bbd05ec9201a41c0892e29bf8199198d1b216b9a8061370d4240aa583,bd1488a2d411295d7a2118c50ddcc0b158786123613af1676062e2270d1637d1,9cb89005693b1b70c102178849b740fde00b50c9ba5f3b5530d0e5749ea59837,eca954c21da074c545cb7858315ea39fee0a6f54b19e06474b4f2f91f1666847,c40aaf80f5be3be16016d797963cb563e35b93083df451f9827f99cfadc3c898,6031dc4ee08b61c58b35b1efd7d764739d5c7c54dc7cbe9e9a72a1e4a7098596,e2212c40566e21c680a98186ebd8e984aa80d4fd,4d4ad03b827958468b1a231e360c7ad1aa68035c25af068059838ceae6dfa6d6,84f6ca69daadf04be6928767627ac1ca0eb72facd2864d83a1c7567e6ba60ea3,R3_UC_123_selected,dadbfccabccdfd0f88f40a0f73e6518a25d23a325fed7d652875782615cd480b,development_holdout,P3,2017-05-22,867,786.004327278608,55bde4dddd30e56920af7109846e588f34cd30d03d973ba2c1b4686b5806bf94
new_p3_training,True,tuned,UC,123,R3,3cfd389bbd05ec9201a41c0892e29bf8199198d1b216b9a8061370d4240aa583,bd1488a2d411295d7a2118c50ddcc0b158786123613af1676062e2270d1637d1,9cb89005693b1b70c102178849b740fde00b50c9ba5f3b5530d0e5749ea59837,eca954c21da074c545cb7858315ea39fee0a6f54b19e06474b4f2f91f1666847,c40aaf80f5be3be16016d797963cb563e35b93083df451f9827f99cfadc3c898,6031dc4ee08b61c58b35b1efd7d764739d5c7c54dc7cbe9e9a72a1e4a7098596,e2212c40566e21c680a98186ebd8e984aa80d4fd,4d4ad03b827958468b1a231e360c7ad1aa68035c25af068059838ceae6dfa6d6,84f6ca69daadf04be6928767627ac1ca0eb72facd2864d83a1c7567e6ba60ea3,R3_UC_123_selected,dadbfccabccdfd0f88f40a0f73e6518a25d23a325fed7d652875782615cd480b,development_holdout,P3,2017-05-23,857,874.7939273195947,f36431f46fa49dac8df09b38509c085d8ece023950d11854c5e9a7a4e704c5c7
new_p3_training,True,tuned,UC,123,R3,3cfd389bbd05ec9201a41c0892e29bf8199198d1b216b9a8061370d4240aa583,bd1488a2d411295d7a2118c50ddcc0b158786123613af1676062e2270d1637d1,9cb89005693b1b70c102178849b740fde00b50c9ba5f3b5530d0e5749ea59837,eca954c21da074c545cb7858315ea39fee0a6f54b19e06474b4f2f91f1666847,c40aaf80f5be3be16016d797963cb563e35b93083df451f9827f99cfadc3c898,6031dc4ee08b61c58b35b1efd7d764739d5c7c54dc7cbe9e9a72a1e4a7098596,e2212c40566e21c680a98186ebd8e984aa80d4fd,4d4ad03b827958468b1a231e360c7ad1aa68035c25af068059838ceae6dfa6d6,84f6ca69daadf04be6928767627ac1ca0eb72facd2864d83a1c7567e6ba60ea3,R3_UC_123_selected,dadbfccabccdfd0f88f40a0f73e6518a25d23a325fed7d652875782615cd480b,development_holdout,P3,2017-05-24,871,829.7558414170081,dad70329b4e826439e20b5092db18a28753b0ae6ad4c76bc90180e42918408ad
new_p3_training,True,tuned,UC,123,R3,3cfd389bbd05ec9201a41c0892e29bf8199198d1b216b9a8061370d4240aa583,bd1488a2d411295d7a2118c50ddcc0b158786123613af1676062e2270d1637d1,9cb89005693b1b70c102178849b740fde00b50c9ba5f3b5530d0e5749ea59837,eca954c21da074c545cb7858315ea39fee0a6f54b19e06474b4f2f91f1666847,c40aaf80f5be3be16016d797963cb563e35b93083df451f9827f99cfadc3c898,6031dc4ee08b61c58b35b1efd7d764739d5c7c54dc7cbe9e9a72a1e4a7098596,e2212c40566e21c680a98186ebd8e984aa80d4fd,4d4ad03b827958468b1a231e360c7ad1aa68035c25af068059838ceae6dfa6d6,84f6ca69daadf04be6928767627ac1ca0eb72facd2864d83a1c7567e6ba60ea3,R3_UC_123_selected,dadbfccabccdfd0f88f40a0f73e6518a25d23a325fed7d652875782615cd480b,development_holdout,P3,2017-05-25,883,861.5169399538313,3cedc79065efb4869dab3206458708ec702b2b866d570135a15c0973582b346f
new_p3_training,True,tuned,UC,123,R3,3cfd389bbd05ec9201a41c0892e29bf8199198d1b216b9a8061370d4240aa583,bd1488a2d411295d7a2118c50ddcc0b158786123613af1676062e2270d1637d1,9cb89005693b1b70c102178849b740fde00b50c9ba5f3b5530d0e5749ea59837,eca954c21da074c545cb7858315ea39fee0a6f54b19e06474b4f2f91f1666847,c40aaf80f5be3be16016d797963cb563e35b93083df451f9827f99cfadc3c898,6031dc4ee08b61c58b35b1efd7d764739d5c7c54dc7cbe9e9a72a1e4a7098596,e2212c40566e21c680a98186ebd8e984aa80d4fd,4d4ad03b827958468b1a231e360c7ad1aa68035c25af068059838ceae6dfa6d6,84f6ca69daadf04be6928767627ac1ca0eb72facd2864d83a1c7567e6ba60ea3,R3_UC_123_selected,dadbfccabccdfd0f88f40a0f73e6518a25d23a325fed7d652875782615cd480b,development_holdout,P3,2017-05-26,870,845.0818162370497,18e506144698436a4dceb23c29b58d8c2e142fb49e5017f1a1d3a98719f3e2f6
new_p3_training,True,tuned,UC,123,R3,3cfd389bbd05ec9201a41c0892e29bf8199198d1b216b9a8061370d4240aa583,bd1488a2d411295d7a2118c50ddcc0b158786123613af1676062e2270d1637d1,9cb89005693b1b70c102178849b740fde00b50c9ba5f3b5530d0e5749ea59837,eca954c21da074c545cb7858315ea39fee0a6f54b19e06474b4f2f91f1666847,c40aaf80f5be3be16016d797963cb563e35b93083df451f9827f99cfadc3c898,6031dc4ee08b61c58b35b1efd7d764739d5c7c54dc7cbe9e9a72a1e4a7098596,e2212c40566e21c680a98186ebd8e984aa80d4fd,4d4ad03b827958468b1a231e360c7ad1aa68035c25af068059838ceae6dfa6d6,84f6ca69daadf04be6928767627ac1ca0eb72facd2864d83a1c7567e6ba60ea3,R3_UC_123_selected,dadbfccabccdfd0f88f40a0f73e6518a25d23a325fed7d652875782615cd480b,development_holdout,P3,2017-05-29,862,847.1638514954589,f66a7e0345cb3f7e279833092cfe3aff2f057e9e296a56edcb8e74e2153afe99
new_p3_training,True,tuned,UC,123,R3,3cfd389bbd05ec9201a41c0892e29bf8199198d1b216b9a8061370d4240aa583,bd1488a2d411295d7a2118c50ddcc0b158786123613af1676062e2270d1637d1,9cb89005693b1b70c102178849b740fde00b50c9ba5f3b5530d0e5749ea59837,eca954c21da074c545cb7858315ea39fee0a6f54b19e06474b4f2f91f1666847,c40aaf80f5be3be16016d797963cb563e35b93083df451f9827f99cfadc3c898,6031dc4ee08b61c58b35b1efd7d764739d5c7c54dc7cbe9e9a72a1e4a7098596,e2212c40566e21c680a98186ebd8e984aa80d4fd,4d4ad03b827958468b1a231e360c7ad1aa68035c25af068059838ceae6dfa6d6,84f6ca69daadf04be6928767627ac1ca0eb72facd2864d83a1c7567e6ba60ea3,R3_UC_123_selected,dadbfccabccdfd0f88f40a0f73e6518a25d23a325fed7d652875782615cd480b,development_holdout,P3,2017-05-30,873,835.922469468065,dd6fc5a32dee0ab2192239d781826407e89ef483ee81231f2cb139fa7d7321a2
new_p3_training,True,tuned,UC,123,R3,3cfd389bbd05ec9201a41c0892e29bf8199198d1b216b9a8061370d4240aa583,bd1488a2d411295d7a2118c50ddcc0b158786123613af1676062e2270d1637d1,9cb89005693b1b70c102178849b740fde00b50c9ba5f3b5530d0e5749ea59837,eca954c21da074c545cb7858315ea39fee0a6f54b19e06474b4f2f91f1666847,c40aaf80f5be3be16016d797963cb563e35b93083df451f9827f99cfadc3c898,6031dc4ee08b61c58b35b1efd7d764739d5c7c54dc7cbe9e9a72a1e4a7098596,e2212c40566e21c680a98186ebd8e984aa80d4fd,4d4ad03b827958468b1a231e360c7ad1aa68035c25af068059838ceae6dfa6d6,84f6ca69daadf04be6928767627ac1ca0eb72facd2864d83a1c7567e6ba60ea3,R3_UC_123_selected,dadbfccabccdfd0f88f40a0f73e6518a25d23a325fed7d652875782615cd480b,development_holdout,P3,2017-05-31,874,844.9551449711897,a29fe594a46d85dc70929c736e6deec9e2f911ff0eb64c006e6b690421ab5677
new_p3_training,True,tuned,UC,123,R3,3cfd389bbd05ec9201a41c0892e29bf8199198d1b216b9a8061370d4240aa583,bd1488a2d411295d7a2118c50ddcc0b158786123613af1676062e2270d1637d1,9cb89005693b1b70c102178849b740fde00b50c9ba5f3b5530d0e5749ea59837,eca954c21da074c545cb7858315ea39fee0a6f54b19e06474b4f2f91f1666847,c40aaf80f5be3be16016d797963cb563e35b93083df451f9827f99cfadc3c898,6031dc4ee08b61c58b35b1efd7d764739d5c7c54dc7cbe9e9a72a1e4a7098596,e2212c40566e21c680a98186ebd8e984aa80d4fd,4d4ad03b827958468b1a231e360c7ad1aa68035c25af068059838ceae6dfa6d6,84f6ca69daadf04be6928767627ac1ca0eb72facd2864d83a1c7567e6ba60ea3,R3_UC_123_selected,dadbfccabccdfd0f88f40a0f73e6518a25d23a325fed7d652875782615cd480b,development_holdout,P3,2017-06-01,865,768.8231466926338,a1c10453cc69b89196c3fdf148cafddee60fe08d578b62797ce364bd6b4a8f96
new_p3_training,True,tuned,UC,123,R3,3cfd389bbd05ec9201a41c0892e29bf8199198d1b216b9a8061370d4240aa583,bd1488a2d411295d7a2118c50ddcc0b158786123613af1676062e2270d1637d1,9cb89005693b1b70c102178849b740fde00b50c9ba5f3b5530d0e5749ea59837,eca954c21da074c545cb7858315ea39fee0a6f54b19e06474b4f2f91f1666847,c40aaf80f5be3be16016d797963cb563e35b93083df451f9827f99cfadc3c898,6031dc4ee08b61c58b35b1efd7d764739d5c7c54dc7cbe9e9a72a1e4a7098596,e2212c40566e21c680a98186ebd8e984aa80d4fd,4d4ad03b827958468b1a231e360c7ad1aa68035c25af068059838ceae6dfa6d6,84f6ca69daadf04be6928767627ac1ca0eb72facd2864d83a1c7567e6ba60ea3,R3_UC_123_selected,dadbfccabccdfd0f88f40a0f73e6518a25d23a325fed7d652875782615cd480b,development_holdout,P3,2017-06-02,869,827.0234731443225,61d5d850b49a2ef581cd988904e0b44c75eb3cb68b40ec335c9c4c6899d68887
new_p3_training,True,tuned,UC,123,R3,3cfd389bbd05ec9201a41c0892e29bf8199198d1b216b9a8061370d4240aa583,bd1488a2d411295d7a2118c50ddcc0b158786123613af1676062e2270d1637d1,9cb89005693b1b70c102178849b740fde00b50c9ba5f3b5530d0e5749ea59837,eca954c21da074c545cb7858315ea39fee0a6f54b19e06474b4f2f91f1666847,c40aaf80f5be3be16016d797963cb563e35b93083df451f9827f99cfadc3c898,6031dc4ee08b61c58b35b1efd7d764739d5c7c54dc7cbe9e9a72a1e4a7098596,e2212c40566e21c680a98186ebd8e984aa80d4fd,4d4ad03b827958468b1a231e360c7ad1aa68035c25af068059838ceae6dfa6d6,84f6ca69daadf04be6928767627ac1ca0eb72facd2864d83a1c7567e6ba60ea3,R3_UC_123_selected,dadbfccabccdfd0f88f40a0f73e6518a25d23a325fed7d652875782615cd480b,development_holdout,P3,2017-06-05,872,786.6931525795159,981ab7fe8e2b1492aaff8983cfce5d1ba1a759789cc81761d6714ec98232c91f
new_p3_training,True,tuned,UC,123,R3,3cfd389bbd05ec9201a41c0892e29bf8199198d1b216b9a8061370d4240aa583,bd1488a2d411295d7a2118c50ddcc0b158786123613af1676062e2270d1637d1,9cb89005693b1b70c102178849b740fde00b50c9ba5f3b5530d0e5749ea59837,eca954c21da074c545cb7858315ea39fee0a6f54b19e06474b4f2f91f1666847,c40aaf80f5be3be16016d797963cb563e35b93083df451f9827f99cfadc3c898,6031dc4ee08b61c58b35b1efd7d764739d5c7c54dc7cbe9e9a72a1e4a7098596,e2212c40566e21c680a98186ebd8e984aa80d4fd,4d4ad03b827958468b1a231e360c7ad1aa68035c25af068059838ceae6dfa6d6,84f6ca69daadf04be6928767627ac1ca0eb72facd2864d83a1c7567e6ba60ea3,R3_UC_123_selected,dadbfccabccdfd0f88f40a0f73e6518a25d23a325fed7d652875782615cd480b,development_holdout,P3,2017-06-07,882,853.5430553823826,a60422ea7c77cf145d7568a88e3513ee275e5c818f14fa89877b1a42025e83de
new_p3_training,True,tuned,UC,123,R3,3cfd389bbd05ec9201a41c0892e29bf8199198d1b216b9a8061370d4240aa583,bd1488a2d411295d7a2118c50ddcc0b158786123613af1676062e2270d1637d1,9cb89005693b1b70c102178849b740fde00b50c9ba5f3b5530d0e5749ea59837,eca954c21da074c545cb7858315ea39fee0a6f54b19e06474b4f2f91f1666847,c40aaf80f5be3be16016d797963cb563e35b93083df451f9827f99cfadc3c898,6031dc4ee08b61c58b35b1efd7d764739d5c7c54dc7cbe9e9a72a1e4a7098596,e2212c40566e21c680a98186ebd8e984aa80d4fd,4d4ad03b827958468b1a231e360c7ad1aa68035c25af068059838ceae6dfa6d6,84f6ca69daadf04be6928767627ac1ca0eb72facd2864d83a1c7567e6ba60ea3,R3_UC_123_selected,dadbfccabccdfd0f88f40a0f73e6518a25d23a325fed7d652875782615cd480b,development_holdout,P3,2017-06-08,853,778.7153449393161,ae70a88d7b6831b082d612e2f78b2d385a5e5f3f831908cb48be5f09a7d3670a
new_p3_training,True,tuned,UC,123,R3,3cfd389bbd05ec9201a41c0892e29bf8199198d1b216b9a8061370d4240aa583,bd1488a2d411295d7a2118c50ddcc0b158786123613af1676062e2270d1637d1,9cb89005693b1b70c102178849b740fde00b50c9ba5f3b5530d0e5749ea59837,eca954c21da074c545cb7858315ea39fee0a6f54b19e06474b4f2f91f1666847,c40aaf80f5be3be16016d797963cb563e35b93083df451f9827f99cfadc3c898,6031dc4ee08b61c58b35b1efd7d764739d5c7c54dc7cbe9e9a72a1e4a7098596,e2212c40566e21c680a98186ebd8e984aa80d4fd,4d4ad03b827958468b1a231e360c7ad1aa68035c25af068059838ceae6dfa6d6,84f6ca69daadf04be6928767627ac1ca0eb72facd2864d83a1c7567e6ba60ea3,R3_UC_123_selected,dadbfccabccdfd0f88f40a0f73e6518a25d23a325fed7d652875782615cd480b,development_holdout,P3,2017-06-09,867,821.6604790702172,a2522a13ac9ff307b38ed9fc2e04cabbf45e39c56f7b81e95bb296ce9c65e874
new_p3_training,True,tuned,UC,123,R3,3cfd389bbd05ec9201a41c0892e29bf8199198d1b216b9a8061370d4240aa583,bd1488a2d411295d7a2118c50ddcc0b158786123613af1676062e2270d1637d1,9cb89005693b1b70c102178849b740fde00b50c9ba5f3b5530d0e5749ea59837,eca954c21da074c545cb7858315ea39fee0a6f54b19e06474b4f2f91f1666847,c40aaf80f5be3be16016d797963cb563e35b93083df451f9827f99cfadc3c898,6031dc4ee08b61c58b35b1efd7d764739d5c7c54dc7cbe9e9a72a1e4a7098596,e2212c40566e21c680a98186ebd8e984aa80d4fd,4d4ad03b827958468b1a231e360c7ad1aa68035c25af068059838ceae6dfa6d6,84f6ca69daadf04be6928767627ac1ca0eb72facd2864d83a1c7567e6ba60ea3,R3_UC_123_selected,dadbfccabccdfd0f88f40a0f73e6518a25d23a325fed7d652875782615cd480b,development_holdout,P3,2017-06-12,879,814.2605457082232,98f2e926bbeebe2b689660943f71257269e169f757c46f0938a157bae3e01cdc
new_p3_training,True,tuned,UC,123,R3,3cfd389bbd05ec9201a41c0892e29bf8199198d1b216b9a8061370d4240aa583,bd1488a2d411295d7a2118c50ddcc0b158786123613af1676062e2270d1637d1,9cb89005693b1b70c102178849b740fde00b50c9ba5f3b5530d0e5749ea59837,eca954c21da074c545cb7858315ea39fee0a6f54b19e06474b4f2f91f1666847,c40aaf80f5be3be16016d797963cb563e35b93083df451f9827f99cfadc3c898,6031dc4ee08b61c58b35b1efd7d764739d5c7c54dc7cbe9e9a72a1e4a7098596,e2212c40566e21c680a98186ebd8e984aa80d4fd,4d4ad03b827958468b1a231e360c7ad1aa68035c25af068059838ceae6dfa6d6,84f6ca69daadf04be6928767627ac1ca0eb72facd2864d83a1c7567e6ba60ea3,R3_UC_123_selected,dadbfccabccdfd0f88f40a0f73e6518a25d23a325fed7d652875782615cd480b,development_holdout,P3,2017-06-13,860,782.3267909504405,0f41fd27f4003905faddc8147341332f8341e12cf0c6d01d84e2925c74b0c21b
new_p3_training,True,tuned,UC,123,R3,3cfd389bbd05ec9201a41c0892e29bf8199198d1b216b9a8061370d4240aa583,bd1488a2d411295d7a2118c50ddcc0b158786123613af1676062e2270d1637d1,9cb89005693b1b70c102178849b740fde00b50c9ba5f3b5530d0e5749ea59837,eca954c21da074c545cb7858315ea39fee0a6f54b19e06474b4f2f91f1666847,c40aaf80f5be3be16016d797963cb563e35b93083df451f9827f99cfadc3c898,6031dc4ee08b61c58b35b1efd7d764739d5c7c54dc7cbe9e9a72a1e4a7098596,e2212c40566e21c680a98186ebd8e984aa80d4fd,4d4ad03b827958468b1a231e360c7ad1aa68035c25af068059838ceae6dfa6d6,84f6ca69daadf04be6928767627ac1ca0eb72facd2864d83a1c7567e6ba60ea3,R3_UC_123_selected,dadbfccabccdfd0f88f40a0f73e6518a25d23a325fed7d652875782615cd480b,development_holdout,P3,2017-06-14,871,820.5554277170418,e1bb224c58773366d81034d0ea1b1170fb84e7f3f4aeedc82993759a74d7f380
new_p3_training,True,tuned,UC,123,R3,3cfd389bbd05ec9201a41c0892e29bf8199198d1b216b9a8061370d4240aa583,bd1488a2d411295d7a2118c50ddcc0b158786123613af1676062e2270d1637d1,9cb89005693b1b70c102178849b740fde00b50c9ba5f3b5530d0e5749ea59837,eca954c21da074c545cb7858315ea39fee0a6f54b19e06474b4f2f91f1666847,c40aaf80f5be3be16016d797963cb563e35b93083df451f9827f99cfadc3c898,6031dc4ee08b61c58b35b1efd7d764739d5c7c54dc7cbe9e9a72a1e4a7098596,e2212c40566e21c680a98186ebd8e984aa80d4fd,4d4ad03b827958468b1a231e360c7ad1aa68035c25af068059838ceae6dfa6d6,84f6ca69daadf04be6928767627ac1ca0eb72facd2864d83a1c7567e6ba60ea3,R3_UC_123_selected,dadbfccabccdfd0f88f40a0f73e6518a25d23a325fed7d652875782615cd480b,development_holdout,P3,2017-06-15,841,801.4977345605021,5704e588fe7eab6ef0ace47c4b794371860edc415a153ca569f09727547a161b
new_p3_training,True,tuned,UC,123,R3,3cfd389bbd05ec9201a41c0892e29bf8199198d1b216b9a8061370d4240aa583,bd1488a2d411295d7a2118c50ddcc0b158786123613af1676062e2270d1637d1,9cb89005693b1b70c102178849b740fde00b50c9ba5f3b5530d0e5749ea59837,eca954c21da074c545cb7858315ea39fee0a6f54b19e06474b4f2f91f1666847,c40aaf80f5be3be16016d797963cb563e35b93083df451f9827f99cfadc3c898,6031dc4ee08b61c58b35b1efd7d764739d5c7c54dc7cbe9e9a72a1e4a7098596,e2212c40566e21c680a98186ebd8e984aa80d4fd,4d4ad03b827958468b1a231e360c7ad1aa68035c25af068059838ceae6dfa6d6,84f6ca69daadf04be6928767627ac1ca0eb72facd2864d83a1c7567e6ba60ea3,R3_UC_123_selected,dadbfccabccdfd0f88f40a0f73e6518a25d23a325fed7d652875782615cd480b,development_holdout,P3,2017-06-16,870,767.9297449381752,5a8409d8d1992c8f111ebe241afda4ee3ae07ad5ceff87dd05efa38d7af2695b
new_p3_training,True,tuned,UC,123,R3,3cfd389bbd05ec9201a41c0892e29bf8199198d1b216b9a8061370d4240aa583,bd1488a2d411295d7a2118c50ddcc0b158786123613af1676062e2270d1637d1,9cb89005693b1b70c102178849b740fde00b50c9ba5f3b5530d0e5749ea59837,eca954c21da074c545cb7858315ea39fee0a6f54b19e06474b4f2f91f1666847,c40aaf80f5be3be16016d797963cb563e35b93083df451f9827f99cfadc3c898,6031dc4ee08b61c58b35b1efd7d764739d5c7c54dc7cbe9e9a72a1e4a7098596,e2212c40566e21c680a98186ebd8e984aa80d4fd,4d4ad03b827958468b1a231e360c7ad1aa68035c25af068059838ceae6dfa6d6,84f6ca69daadf04be6928767627ac1ca0eb72facd2864d83a1c7567e6ba60ea3,R3_UC_123_selected,dadbfccabccdfd0f88f40a0f73e6518a25d23a325fed7d652875782615cd480b,development_holdout,P3,2017-06-19,872,835.3687201178859,6fa03c3ee1044aaa3438ff47241af18f9d3923924c8c22c14edc34e5cbfaad02
new_p3_training,True,tuned,UC,123,R3,3cfd389bbd05ec9201a41c0892e29bf8199198d1b216b9a8061370d4240aa583,bd1488a2d411295d7a2118c50ddcc0b158786123613af1676062e2270d1637d1,9cb89005693b1b70c102178849b740fde00b50c9ba5f3b5530d0e5749ea59837,eca954c21da074c545cb7858315ea39fee0a6f54b19e06474b4f2f91f1666847,c40aaf80f5be3be16016d797963cb563e35b93083df451f9827f99cfadc3c898,6031dc4ee08b61c58b35b1efd7d764739d5c7c54dc7cbe9e9a72a1e4a7098596,e2212c40566e21c680a98186ebd8e984aa80d4fd,4d4ad03b827958468b1a231e360c7ad1aa68035c25af068059838ceae6dfa6d6,84f6ca69daadf04be6928767627ac1ca0eb72facd2864d83a1c7567e6ba60ea3,R3_UC_123_selected,dadbfccabccdfd0f88f40a0f73e6518a25d23a325fed7d652875782615cd480b,development_holdout,P3,2017-06-20,869,809.1612346739405,23c0c6b7f0c7e4304a02ff8e3d207e89d706c345f55a41f86317dbedcddde6fe
new_p3_training,True,tuned,UC,123,R3,3cfd389bbd05ec9201a41c0892e29bf8199198d1b216b9a8061370d4240aa583,bd1488a2d411295d7a2118c50ddcc0b158786123613af1676062e2270d1637d1,9cb89005693b1b70c102178849b740fde00b50c9ba5f3b5530d0e5749ea59837,eca954c21da074c545cb7858315ea39fee0a6f54b19e06474b4f2f91f1666847,c40aaf80f5be3be16016d797963cb563e35b93083df451f9827f99cfadc3c898,6031dc4ee08b61c58b35b1efd7d764739d5c7c54dc7cbe9e9a72a1e4a7098596,e2212c40566e21c680a98186ebd8e984aa80d4fd,4d4ad03b827958468b1a231e360c7ad1aa68035c25af068059838ceae6dfa6d6,84f6ca69daadf04be6928767627ac1ca0eb72facd2864d83a1c7567e6ba60ea3,R3_UC_123_selected,dadbfccabccdfd0f88f40a0f73e6518a25d23a325fed7d652875782615cd480b,development_holdout,P3,2017-06-21,854,846.5140773337785,af632f386631b587951238add0cab21cf66f365d8b9907e3e353e9fff6c84d32
new_p3_training,True,tuned,UC,123,R3,3cfd389bbd05ec9201a41c0892e29bf8199198d1b216b9a8061370d4240aa583,bd1488a2d411295d7a2118c50ddcc0b158786123613af1676062e2270d1637d1,9cb89005693b1b70c102178849b740fde00b50c9ba5f3b5530d0e5749ea59837,eca954c21da074c545cb7858315ea39fee0a6f54b19e06474b4f2f91f1666847,c40aaf80f5be3be16016d797963cb563e35b93083df451f9827f99cfadc3c898,6031dc4ee08b61c58b35b1efd7d764739d5c7c54dc7cbe9e9a72a1e4a7098596,e2212c40566e21c680a98186ebd8e984aa80d4fd,4d4ad03b827958468b1a231e360c7ad1aa68035c25af068059838ceae6dfa6d6,84f6ca69daadf04be6928767627ac1ca0eb72facd2864d83a1c7567e6ba60ea3,R3_UC_123_selected,dadbfccabccdfd0f88f40a0f73e6518a25d23a325fed7d652875782615cd480b,development_holdout,P3,2017-06-22,870,845.6872756678813,356d0afded9990781939343ebbcf298b1bd98e03a174583ded9859c9a5c69319
new_p3_training,True,tuned,UC,123,R3,3cfd389bbd05ec9201a41c0892e29bf8199198d1b216b9a8061370d4240aa583,bd1488a2d411295d7a2118c50ddcc0b158786123613af1676062e2270d1637d1,9cb89005693b1b70c102178849b740fde00b50c9ba5f3b5530d0e5749ea59837,eca954c21da074c545cb7858315ea39fee0a6f54b19e06474b4f2f91f1666847,c40aaf80f5be3be16016d797963cb563e35b93083df451f9827f99cfadc3c898,6031dc4ee08b61c58b35b1efd7d764739d5c7c54dc7cbe9e9a72a1e4a7098596,e2212c40566e21c680a98186ebd8e984aa80d4fd,4d4ad03b827958468b1a231e360c7ad1aa68035c25af068059838ceae6dfa6d6,84f6ca69daadf04be6928767627ac1ca0eb72facd2864d83a1c7567e6ba60ea3,R3_UC_123_selected,dadbfccabccdfd0f88f40a0f73e6518a25d23a325fed7d652875782615cd480b,development_holdout,P3,2017-06-23,855,770.7426125363072,34e1ee9cb0c2c9d027c7efe119f2e7b6f15c0d70a4dbee7889bb6161406a5452
new_p3_training,True,tuned,UC,123,R3,3cfd389bbd05ec9201a41c0892e29bf8199198d1b216b9a8061370d4240aa583,bd1488a2d411295d7a2118c50ddcc0b158786123613af1676062e2270d1637d1,9cb89005693b1b70c102178849b740fde00b50c9ba5f3b5530d0e5749ea59837,eca954c21da074c545cb7858315ea39fee0a6f54b19e06474b4f2f91f1666847,c40aaf80f5be3be16016d797963cb563e35b93083df451f9827f99cfadc3c898,6031dc4ee08b61c58b35b1efd7d764739d5c7c54dc7cbe9e9a72a1e4a7098596,e2212c40566e21c680a98186ebd8e984aa80d4fd,4d4ad03b827958468b1a231e360c7ad1aa68035c25af068059838ceae6dfa6d6,84f6ca69daadf04be6928767627ac1ca0eb72facd2864d83a1c7567e6ba60ea3,R3_UC_123_selected,dadbfccabccdfd0f88f40a0f73e6518a25d23a325fed7d652875782615cd480b,development_holdout,P3,2017-06-26,849,775.4151938378905,b79f61b8754be11ffc8f2758e7dbb0aebe388e2aec174bcae863c011ecaccbfe
new_p3_training,True,tuned,UC,123,R3,3cfd389bbd05ec9201a41c0892e29bf8199198d1b216b9a8061370d4240aa583,bd1488a2d411295d7a2118c50ddcc0b158786123613af1676062e2270d1637d1,9cb89005693b1b70c102178849b740fde00b50c9ba5f3b5530d0e5749ea59837,eca954c21da074c545cb7858315ea39fee0a6f54b19e06474b4f2f91f1666847,c40aaf80f5be3be16016d797963cb563e35b93083df451f9827f99cfadc3c898,6031dc4ee08b61c58b35b1efd7d764739d5c7c54dc7cbe9e9a72a1e4a7098596,e2212c40566e21c680a98186ebd8e984aa80d4fd,4d4ad03b827958468b1a231e360c7ad1aa68035c25af068059838ceae6dfa6d6,84f6ca69daadf04be6928767627ac1ca0eb72facd2864d83a1c7567e6ba60ea3,R3_UC_123_selected,dadbfccabccdfd0f88f40a0f73e6518a25d23a325fed7d652875782615cd480b,development_holdout,P3,2017-06-27,859,776.2080599343057,9c19b3a546a93cf25750bf5f1cac160e89e49ccac49250500d66e94301ec7d52
new_p3_training,True,tuned,UC,123,R3,3cfd389bbd05ec9201a41c0892e29bf8199198d1b216b9a8061370d4240aa583,bd1488a2d411295d7a2118c50ddcc0b158786123613af1676062e2270d1637d1,9cb89005693b1b70c102178849b740fde00b50c9ba5f3b5530d0e5749ea59837,eca954c21da074c545cb7858315ea39fee0a6f54b19e06474b4f2f91f1666847,c40aaf80f5be3be16016d797963cb563e35b93083df451f9827f99cfadc3c898,6031dc4ee08b61c58b35b1efd7d764739d5c7c54dc7cbe9e9a72a1e4a7098596,e2212c40566e21c680a98186ebd8e984aa80d4fd,4d4ad03b827958468b1a231e360c7ad1aa68035c25af068059838ceae6dfa6d6,84f6ca69daadf04be6928767627ac1ca0eb72facd2864d83a1c7567e6ba60ea3,R3_UC_123_selected,dadbfccabccdfd0f88f40a0f73e6518a25d23a325fed7d652875782615cd480b,development_holdout,P3,2017-06-28,858,812.605802987602,c4cf5b826513a31560abfcb815cb8acdbcf4d9b039c6b9ef2a20582eff7f0632
new_p3_training,True,tuned,UC,123,R3,3cfd389bbd05ec9201a41c0892e29bf8199198d1b216b9a8061370d4240aa583,bd1488a2d411295d7a2118c50ddcc0b158786123613af1676062e2270d1637d1,9cb89005693b1b70c102178849b740fde00b50c9ba5f3b5530d0e5749ea59837,eca954c21da074c545cb7858315ea39fee0a6f54b19e06474b4f2f91f1666847,c40aaf80f5be3be16016d797963cb563e35b93083df451f9827f99cfadc3c898,6031dc4ee08b61c58b35b1efd7d764739d5c7c54dc7cbe9e9a72a1e4a7098596,e2212c40566e21c680a98186ebd8e984aa80d4fd,4d4ad03b827958468b1a231e360c7ad1aa68035c25af068059838ceae6dfa6d6,84f6ca69daadf04be6928767627ac1ca0eb72facd2864d83a1c7567e6ba60ea3,R3_UC_123_selected,dadbfccabccdfd0f88f40a0f73e6518a25d23a325fed7d652875782615cd480b,development_holdout,P3,2017-06-29,844,787.8488160522822,c8cc85bb2701b333187919cf3b90929d0d29a7b3235111509f7f858d389b7d3f
new_p3_training,True,tuned,UC,123,R3,3cfd389bbd05ec9201a41c0892e29bf8199198d1b216b9a8061370d4240aa583,bd1488a2d411295d7a2118c50ddcc0b158786123613af1676062e2270d1637d1,9cb89005693b1b70c102178849b740fde00b50c9ba5f3b5530d0e5749ea59837,eca954c21da074c545cb7858315ea39fee0a6f54b19e06474b4f2f91f1666847,c40aaf80f5be3be16016d797963cb563e35b93083df451f9827f99cfadc3c898,6031dc4ee08b61c58b35b1efd7d764739d5c7c54dc7cbe9e9a72a1e4a7098596,e2212c40566e21c680a98186ebd8e984aa80d4fd,4d4ad03b827958468b1a231e360c7ad1aa68035c25af068059838ceae6dfa6d6,84f6ca69daadf04be6928767627ac1ca0eb72facd2864d83a1c7567e6ba60ea3,R3_UC_123_selected,dadbfccabccdfd0f88f40a0f73e6518a25d23a325fed7d652875782615cd480b,development_holdout,P3,2017-06-30,846,777.0966318561238,26c84d63dff7345dfc971e53a75a078cbf0aa1b370fdf8f6cef1b14a41227c50
new_p3_training,True,tuned,UC,123,R3,3cfd389bbd05ec9201a41c0892e29bf8199198d1b216b9a8061370d4240aa583,bd1488a2d411295d7a2118c50ddcc0b158786123613af1676062e2270d1637d1,9cb89005693b1b70c102178849b740fde00b50c9ba5f3b5530d0e5749ea59837,eca954c21da074c545cb7858315ea39fee0a6f54b19e06474b4f2f91f1666847,c40aaf80f5be3be16016d797963cb563e35b93083df451f9827f99cfadc3c898,6031dc4ee08b61c58b35b1efd7d764739d5c7c54dc7cbe9e9a72a1e4a7098596,e2212c40566e21c680a98186ebd8e984aa80d4fd,4d4ad03b827958468b1a231e360c7ad1aa68035c25af068059838ceae6dfa6d6,84f6ca69daadf04be6928767627ac1ca0eb72facd2864d83a1c7567e6ba60ea3,R3_UC_123_selected,dadbfccabccdfd0f88f40a0f73e6518a25d23a325fed7d652875782615cd480b,validation,P0,2017-03-02,1026,974.3449580535112,eccbf26afab1682dd467f0e6f0e9b00355a35793dd5f44a9b95d6b4fe3725e11
new_p3_training,True,tuned,UC,123,R3,3cfd389bbd05ec9201a41c0892e29bf8199198d1b216b9a8061370d4240aa583,bd1488a2d411295d7a2118c50ddcc0b158786123613af1676062e2270d1637d1,9cb89005693b1b70c102178849b740fde00b50c9ba5f3b5530d0e5749ea59837,eca954c21da074c545cb7858315ea39fee0a6f54b19e06474b4f2f91f1666847,c40aaf80f5be3be16016d797963cb563e35b93083df451f9827f99cfadc3c898,6031dc4ee08b61c58b35b1efd7d764739d5c7c54dc7cbe9e9a72a1e4a7098596,e2212c40566e21c680a98186ebd8e984aa80d4fd,4d4ad03b827958468b1a231e360c7ad1aa68035c25af068059838ceae6dfa6d6,84f6ca69daadf04be6928767627ac1ca0eb72facd2864d83a1c7567e6ba60ea3,R3_UC_123_selected,dadbfccabccdfd0f88f40a0f73e6518a25d23a325fed7d652875782615cd480b,validation,P0,2017-03-03,1026,1018.4723948250855,6634aa01a135154ef84e8f15d1f53257174e22fd6f8d0bc414008f0c18dfeed1
new_p3_training,True,tuned,UC,123,R3,3cfd389bbd05ec9201a41c0892e29bf8199198d1b216b9a8061370d4240aa583,bd1488a2d411295d7a2118c50ddcc0b158786123613af1676062e2270d1637d1,9cb89005693b1b70c102178849b740fde00b50c9ba5f3b5530d0e5749ea59837,eca954c21da074c545cb7858315ea39fee0a6f54b19e06474b4f2f91f1666847,c40aaf80f5be3be16016d797963cb563e35b93083df451f9827f99cfadc3c898,6031dc4ee08b61c58b35b1efd7d764739d5c7c54dc7cbe9e9a72a1e4a7098596,e2212c40566e21c680a98186ebd8e984aa80d4fd,4d4ad03b827958468b1a231e360c7ad1aa68035c25af068059838ceae6dfa6d6,84f6ca69daadf04be6928767627ac1ca0eb72facd2864d83a1c7567e6ba60ea3,R3_UC_123_selected,dadbfccabccdfd0f88f40a0f73e6518a25d23a325fed7d652875782615cd480b,validation,P0,2017-03-06,1026,979.9126864527689,a634470df999d57734b9d3ae6585f4ae8b4f98834ce6f5e64189adacbe11cea2
new_p3_training,True,tuned,UC,123,R3,3cfd389bbd05ec9201a41c0892e29bf8199198d1b216b9a8061370d4240aa583,bd1488a2d411295d7a2118c50ddcc0b158786123613af1676062e2270d1637d1,9cb89005693b1b70c102178849b740fde00b50c9ba5f3b5530d0e5749ea59837,eca954c21da074c545cb7858315ea39fee0a6f54b19e06474b4f2f91f1666847,c40aaf80f5be3be16016d797963cb563e35b93083df451f9827f99cfadc3c898,6031dc4ee08b61c58b35b1efd7d764739d5c7c54dc7cbe9e9a72a1e4a7098596,e2212c40566e21c680a98186ebd8e984aa80d4fd,4d4ad03b827958468b1a231e360c7ad1aa68035c25af068059838ceae6dfa6d6,84f6ca69daadf04be6928767627ac1ca0eb72facd2864d83a1c7567e6ba60ea3,R3_UC_123_selected,dadbfccabccdfd0f88f40a0f73e6518a25d23a325fed7d652875782615cd480b,validation,P0,2017-03-07,1026,894.4935135436331,885e2c0bbf4780a9b064c4d10fc2f52e8f3b21a1802b4473569d5e1252bd5683
new_p3_training,True,tuned,UC,123,R3,3cfd389bbd05ec9201a41c0892e29bf8199198d1b216b9a8061370d4240aa583,bd1488a2d411295d7a2118c50ddcc0b158786123613af1676062e2270d1637d1,9cb89005693b1b70c102178849b740fde00b50c9ba5f3b5530d0e5749ea59837,eca954c21da074c545cb7858315ea39fee0a6f54b19e06474b4f2f91f1666847,c40aaf80f5be3be16016d797963cb563e35b93083df451f9827f99cfadc3c898,6031dc4ee08b61c58b35b1efd7d764739d5c7c54dc7cbe9e9a72a1e4a7098596,e2212c40566e21c680a98186ebd8e984aa80d4fd,4d4ad03b827958468b1a231e360c7ad1aa68035c25af068059838ceae6dfa6d6,84f6ca69daadf04be6928767627ac1ca0eb72facd2864d83a1c7567e6ba60ea3,R3_UC_123_selected,dadbfccabccdfd0f88f40a0f73e6518a25d23a325fed7d652875782615cd480b,validation,P0,2017-03-08,1026,957.8085005124325,48d3129a79d6583af64dea7afb762903377dfc69be7206828c6493bdc038a377
new_p3_training,True,tuned,UC,123,R3,3cfd389bbd05ec9201a41c0892e29bf8199198d1b216b9a8061370d4240aa583,bd1488a2d411295d7a2118c50ddcc0b158786123613af1676062e2270d1637d1,9cb89005693b1b70c102178849b740fde00b50c9ba5f3b5530d0e5749ea59837,eca954c21da074c545cb7858315ea39fee0a6f54b19e06474b4f2f91f1666847,c40aaf80f5be3be16016d797963cb563e35b93083df451f9827f99cfadc3c898,6031dc4ee08b61c58b35b1efd7d764739d5c7c54dc7cbe9e9a72a1e4a7098596,e2212c40566e21c680a98186ebd8e984aa80d4fd,4d4ad03b827958468b1a231e360c7ad1aa68035c25af068059838ceae6dfa6d6,84f6ca69daadf04be6928767627ac1ca0eb72facd2864d83a1c7567e6ba60ea3,R3_UC_123_selected,dadbfccabccdfd0f88f40a0f73e6518a25d23a325fed7d652875782615cd480b,validation,P0,2017-03-09,1026,923.3523011800387,8e111b00b6ce4cd8ada2b43a2ea1538e335c5af4cf8291d2349335dc01d78c04
new_p3_training,True,tuned,UC,123,R3,3cfd389bbd05ec9201a41c0892e29bf8199198d1b216b9a8061370d4240aa583,bd1488a2d411295d7a2118c50ddcc0b158786123613af1676062e2270d1637d1,9cb89005693b1b70c102178849b740fde00b50c9ba5f3b5530d0e5749ea59837,eca954c21da074c545cb7858315ea39fee0a6f54b19e06474b4f2f91f1666847,c40aaf80f5be3be16016d797963cb563e35b93083df451f9827f99cfadc3c898,6031dc4ee08b61c58b35b1efd7d764739d5c7c54dc7cbe9e9a72a1e4a7098596,e2212c40566e21c680a98186ebd8e984aa80d4fd,4d4ad03b827958468b1a231e360c7ad1aa68035c25af068059838ceae6dfa6d6,84f6ca69daadf04be6928767627ac1ca0eb72facd2864d83a1c7567e6ba60ea3,R3_UC_123_selected,dadbfccabccdfd0f88f40a0f73e6518a25d23a325fed7d652875782615cd480b,validation,P0,2017-03-10,1026,1022.199890149169,ac4dde729b941fd5b3637a2d822aabdf53f32399a267f107042044729ed50a5c
new_p3_training,True,tuned,UC,123,R3,3cfd389bbd05ec9201a41c0892e29bf8199198d1b216b9a8061370d4240aa583,bd1488a2d411295d7a2118c50ddcc0b158786123613af1676062e2270d1637d1,9cb89005693b1b70c102178849b740fde00b50c9ba5f3b5530d0e5749ea59837,eca954c21da074c545cb7858315ea39fee0a6f54b19e06474b4f2f91f1666847,c40aaf80f5be3be16016d797963cb563e35b93083df451f9827f99cfadc3c898,6031dc4ee08b61c58b35b1efd7d764739d5c7c54dc7cbe9e9a72a1e4a7098596,e2212c40566e21c680a98186ebd8e984aa80d4fd,4d4ad03b827958468b1a231e360c7ad1aa68035c25af068059838ceae6dfa6d6,84f6ca69daadf04be6928767627ac1ca0eb72facd2864d83a1c7567e6ba60ea3,R3_UC_123_selected,dadbfccabccdfd0f88f40a0f73e6518a25d23a325fed7d652875782615cd480b,validation,P0,2017-03-13,1026,947.7249163346539,ff7b3c7f01e163498ee81d6d61e255492b5193753ecf5720c7d32f77868985a2
new_p3_training,True,tuned,UC,123,R3,3cfd389bbd05ec9201a41c0892e29bf8199198d1b216b9a8061370d4240aa583,bd1488a2d411295d7a2118c50ddcc0b158786123613af1676062e2270d1637d1,9cb89005693b1b70c102178849b740fde00b50c9ba5f3b5530d0e5749ea59837,eca954c21da074c545cb7858315ea39fee0a6f54b19e06474b4f2f91f1666847,c40aaf80f5be3be16016d797963cb563e35b93083df451f9827f99cfadc3c898,6031dc4ee08b61c58b35b1efd7d764739d5c7c54dc7cbe9e9a72a1e4a7098596,e2212c40566e21c680a98186ebd8e984aa80d4fd,4d4ad03b827958468b1a231e360c7ad1aa68035c25af068059838ceae6dfa6d6,84f6ca69daadf04be6928767627ac1ca0eb72facd2864d83a1c7567e6ba60ea3,R3_UC_123_selected,dadbfccabccdfd0f88f40a0f73e6518a25d23a325fed7d652875782615cd480b,validation,P0,2017-03-14,1026,959.5608318957354,d79284901848119e3473843378405bf899a2e410ff2f870f7b0b2279fa6a9257
new_p3_training,True,tuned,UC,123,R3,3cfd389bbd05ec9201a41c0892e29bf8199198d1b216b9a8061370d4240aa583,bd1488a2d411295d7a2118c50ddcc0b158786123613af1676062e2270d1637d1,9cb89005693b1b70c102178849b740fde00b50c9ba5f3b5530d0e5749ea59837,eca954c21da074c545cb7858315ea39fee0a6f54b19e06474b4f2f91f1666847,c40aaf80f5be3be16016d797963cb563e35b93083df451f9827f99cfadc3c898,6031dc4ee08b61c58b35b1efd7d764739d5c7c54dc7cbe9e9a72a1e4a7098596,e2212c40566e21c680a98186ebd8e984aa80d4fd,4d4ad03b827958468b1a231e360c7ad1aa68035c25af068059838ceae6dfa6d6,84f6ca69daadf04be6928767627ac1ca0eb72facd2864d83a1c7567e6ba60ea3,R3_UC_123_selected,dadbfccabccdfd0f88f40a0f73e6518a25d23a325fed7d652875782615cd480b,validation,P0,2017-03-15,1026,955.2822481617904,3647c2ce05d55aed010cd40a0a34e1897d3f1bc950716dbe3a536562affd0f36
new_p3_training,True,tuned,UC,123,R3,3cfd389bbd05ec9201a41c0892e29bf8199198d1b216b9a8061370d4240aa583,bd1488a2d411295d7a2118c50ddcc0b158786123613af1676062e2270d1637d1,9cb89005693b1b70c102178849b740fde00b50c9ba5f3b5530d0e5749ea59837,eca954c21da074c545cb7858315ea39fee0a6f54b19e06474b4f2f91f1666847,c40aaf80f5be3be16016d797963cb563e35b93083df451f9827f99cfadc3c898,6031dc4ee08b61c58b35b1efd7d764739d5c7c54dc7cbe9e9a72a1e4a7098596,e2212c40566e21c680a98186ebd8e984aa80d4fd,4d4ad03b827958468b1a231e360c7ad1aa68035c25af068059838ceae6dfa6d6,84f6ca69daadf04be6928767627ac1ca0eb72facd2864d83a1c7567e6ba60ea3,R3_UC_123_selected,dadbfccabccdfd0f88f40a0f73e6518a25d23a325fed7d652875782615cd480b,validation,P0,2017-03-16,1026,956.7320283682675,dc4e3f6802a2c938909ca397693a0ab6ad8989945b237784fb250fb66ced419e
new_p3_training,True,tuned,UC,123,R3,3cfd389bbd05ec9201a41c0892e29bf8199198d1b216b9a8061370d4240aa583,bd1488a2d411295d7a2118c50ddcc0b158786123613af1676062e2270d1637d1,9cb89005693b1b70c102178849b740fde00b50c9ba5f3b5530d0e5749ea59837,eca954c21da074c545cb7858315ea39fee0a6f54b19e06474b4f2f91f1666847,c40aaf80f5be3be16016d797963cb563e35b93083df451f9827f99cfadc3c898,6031dc4ee08b61c58b35b1efd7d764739d5c7c54dc7cbe9e9a72a1e4a7098596,e2212c40566e21c680a98186ebd8e984aa80d4fd,4d4ad03b827958468b1a231e360c7ad1aa68035c25af068059838ceae6dfa6d6,84f6ca69daadf04be6928767627ac1ca0eb72facd2864d83a1c7567e6ba60ea3,R3_UC_123_selected,dadbfccabccdfd0f88f40a0f73e6518a25d23a325fed7d652875782615cd480b,validation,P0,2017-03-17,1026,964.9272577082556,ec84c43cf4453898bcf34a0f61bdaf87ace1ff02edb459e23bcc8c283d92dfc6
new_p3_training,True,tuned,UC,123,R3,3cfd389bbd05ec9201a41c0892e29bf8199198d1b216b9a8061370d4240aa583,bd1488a2d411295d7a2118c50ddcc0b158786123613af1676062e2270d1637d1,9cb89005693b1b70c102178849b740fde00b50c9ba5f3b5530d0e5749ea59837,eca954c21da074c545cb7858315ea39fee0a6f54b19e06474b4f2f91f1666847,c40aaf80f5be3be16016d797963cb563e35b93083df451f9827f99cfadc3c898,6031dc4ee08b61c58b35b1efd7d764739d5c7c54dc7cbe9e9a72a1e4a7098596,e2212c40566e21c680a98186ebd8e984aa80d4fd,4d4ad03b827958468b1a231e360c7ad1aa68035c25af068059838ceae6dfa6d6,84f6ca69daadf04be6928767627ac1ca0eb72facd2864d83a1c7567e6ba60ea3,R3_UC_123_selected,dadbfccabccdfd0f88f40a0f73e6518a25d23a325fed7d652875782615cd480b,validation,P0,2017-03-20,1026,898.367838447371,5b58b30c42bacac8b002937842b4dd85d149c36dd3971060731299992e88b0b3
new_p3_training,True,tuned,UC,123,R3,3cfd389bbd05ec9201a41c0892e29bf8199198d1b216b9a8061370d4240aa583,bd1488a2d411295d7a2118c50ddcc0b158786123613af1676062e2270d1637d1,9cb89005693b1b70c102178849b740fde00b50c9ba5f3b5530d0e5749ea59837,eca954c21da074c545cb7858315ea39fee0a6f54b19e06474b4f2f91f1666847,c40aaf80f5be3be16016d797963cb563e35b93083df451f9827f99cfadc3c898,6031dc4ee08b61c58b35b1efd7d764739d5c7c54dc7cbe9e9a72a1e4a7098596,e2212c40566e21c680a98186ebd8e984aa80d4fd,4d4ad03b827958468b1a231e360c7ad1aa68035c25af068059838ceae6dfa6d6,84f6ca69daadf04be6928767627ac1ca0eb72facd2864d83a1c7567e6ba60ea3,R3_UC_123_selected,dadbfccabccdfd0f88f40a0f73e6518a25d23a325fed7d652875782615cd480b,validation,P0,2017-03-21,1026,963.4100489371681,b22e3952b20f28b5efc896413fcab8ba4ee1f80f1126eccbb81e8fb6fa6d9cb1
new_p3_training,True,tuned,UC,123,R3,3cfd389bbd05ec9201a41c0892e29bf8199198d1b216b9a8061370d4240aa583,bd1488a2d411295d7a2118c50ddcc0b158786123613af1676062e2270d1637d1,9cb89005693b1b70c102178849b740fde00b50c9ba5f3b5530d0e5749ea59837,eca954c21da074c545cb7858315ea39fee0a6f54b19e06474b4f2f91f1666847,c40aaf80f5be3be16016d797963cb563e35b93083df451f9827f99cfadc3c898,6031dc4ee08b61c58b35b1efd7d764739d5c7c54dc7cbe9e9a72a1e4a7098596,e2212c40566e21c680a98186ebd8e984aa80d4fd,4d4ad03b827958468b1a231e360c7ad1aa68035c25af068059838ceae6dfa6d6,84f6ca69daadf04be6928767627ac1ca0eb72facd2864d83a1c7567e6ba60ea3,R3_UC_123_selected,dadbfccabccdfd0f88f40a0f73e6518a25d23a325fed7d652875782615cd480b,validation,P0,2017-03-22,1026,949.7267076471771,584f23f899324c8b922b8e476c3769591fae73db0f180e7f35302b91f2cb1541
new_p3_training,True,tuned,UC,123,R3,3cfd389bbd05ec9201a41c0892e29bf8199198d1b216b9a8061370d4240aa583,bd1488a2d411295d7a2118c50ddcc0b158786123613af1676062e2270d1637d1,9cb89005693b1b70c102178849b740fde00b50c9ba5f3b5530d0e5749ea59837,eca954c21da074c545cb7858315ea39fee0a6f54b19e06474b4f2f91f1666847,c40aaf80f5be3be16016d797963cb563e35b93083df451f9827f99cfadc3c898,6031dc4ee08b61c58b35b1efd7d764739d5c7c54dc7cbe9e9a72a1e4a7098596,e2212c40566e21c680a98186ebd8e984aa80d4fd,4d4ad03b827958468b1a231e360c7ad1aa68035c25af068059838ceae6dfa6d6,84f6ca69daadf04be6928767627ac1ca0eb72facd2864d83a1c7567e6ba60ea3,R3_UC_123_selected,dadbfccabccdfd0f88f40a0f73e6518a25d23a325fed7d652875782615cd480b,validation,P0,2017-03-23,1026,952.0998203365451,531210c7203f13d8cc5e3a05557cec7758f7bb76d73a15f697059f2f837c9f92
new_p3_training,True,tuned,UC,123,R3,3cfd389bbd05ec9201a41c0892e29bf8199198d1b216b9a8061370d4240aa583,bd1488a2d411295d7a2118c50ddcc0b158786123613af1676062e2270d1637d1,9cb89005693b1b70c102178849b740fde00b50c9ba5f3b5530d0e5749ea59837,eca954c21da074c545cb7858315ea39fee0a6f54b19e06474b4f2f91f1666847,c40aaf80f5be3be16016d797963cb563e35b93083df451f9827f99cfadc3c898,6031dc4ee08b61c58b35b1efd7d764739d5c7c54dc7cbe9e9a72a1e4a7098596,e2212c40566e21c680a98186ebd8e984aa80d4fd,4d4ad03b827958468b1a231e360c7ad1aa68035c25af068059838ceae6dfa6d6,84f6ca69daadf04be6928767627ac1ca0eb72facd2864d83a1c7567e6ba60ea3,R3_UC_123_selected,dadbfccabccdfd0f88f40a0f73e6518a25d23a325fed7d652875782615cd480b,validation,P0,2017-03-24,1026,1019.095562957081,5684ba8217fc768e7c98e7cffb274fe9650765f7a3fb59bd46e6e9310431a5c7
new_p3_training,True,tuned,UC,123,R3,3cfd389bbd05ec9201a41c0892e29bf8199198d1b216b9a8061370d4240aa583,bd1488a2d411295d7a2118c50ddcc0b158786123613af1676062e2270d1637d1,9cb89005693b1b70c102178849b740fde00b50c9ba5f3b5530d0e5749ea59837,eca954c21da074c545cb7858315ea39fee0a6f54b19e06474b4f2f91f1666847,c40aaf80f5be3be16016d797963cb563e35b93083df451f9827f99cfadc3c898,6031dc4ee08b61c58b35b1efd7d764739d5c7c54dc7cbe9e9a72a1e4a7098596,e2212c40566e21c680a98186ebd8e984aa80d4fd,4d4ad03b827958468b1a231e360c7ad1aa68035c25af068059838ceae6dfa6d6,84f6ca69daadf04be6928767627ac1ca0eb72facd2864d83a1c7567e6ba60ea3,R3_UC_123_selected,dadbfccabccdfd0f88f40a0f73e6518a25d23a325fed7d652875782615cd480b,validation,P0,2017-03-27,1026,973.1690483884893,9a74b880a373b25415e72c9317802701abbfe63dc84cdd0b9a97ccfcf6ede07b
new_p3_training,True,tuned,UC,123,R3,3cfd389bbd05ec9201a41c0892e29bf8199198d1b216b9a8061370d4240aa583,bd1488a2d411295d7a2118c50ddcc0b158786123613af1676062e2270d1637d1,9cb89005693b1b70c102178849b740fde00b50c9ba5f3b5530d0e5749ea59837,eca954c21da074c545cb7858315ea39fee0a6f54b19e06474b4f2f91f1666847,c40aaf80f5be3be16016d797963cb563e35b93083df451f9827f99cfadc3c898,6031dc4ee08b61c58b35b1efd7d764739d5c7c54dc7cbe9e9a72a1e4a7098596,e2212c40566e21c680a98186ebd8e984aa80d4fd,4d4ad03b827958468b1a231e360c7ad1aa68035c25af068059838ceae6dfa6d6,84f6ca69daadf04be6928767627ac1ca0eb72facd2864d83a1c7567e6ba60ea3,R3_UC_123_selected,dadbfccabccdfd0f88f40a0f73e6518a25d23a325fed7d652875782615cd480b,validation,P0,2017-03-28,1026,883.7594616013491,156e6ef6199ba3f90b71957648116fa0d94ddaf2c3b44b984cc82533acb04900
new_p3_training,True,tuned,UC,123,R3,3cfd389bbd05ec9201a41c0892e29bf8199198d1b216b9a8061370d4240aa583,bd1488a2d411295d7a2118c50ddcc0b158786123613af1676062e2270d1637d1,9cb89005693b1b70c102178849b740fde00b50c9ba5f3b5530d0e5749ea59837,eca954c21da074c545cb7858315ea39fee0a6f54b19e06474b4f2f91f1666847,c40aaf80f5be3be16016d797963cb563e35b93083df451f9827f99cfadc3c898,6031dc4ee08b61c58b35b1efd7d764739d5c7c54dc7cbe9e9a72a1e4a7098596,e2212c40566e21c680a98186ebd8e984aa80d4fd,4d4ad03b827958468b1a231e360c7ad1aa68035c25af068059838ceae6dfa6d6,84f6ca69daadf04be6928767627ac1ca0eb72facd2864d83a1c7567e6ba60ea3,R3_UC_123_selected,dadbfccabccdfd0f88f40a0f73e6518a25d23a325fed7d652875782615cd480b,validation,P0,2017-03-29,1026,934.7527438611626,b481bb351b865d0527f835f5fd7383f26d6d359e8a9ba2d0fa4b2fc190d8a828
new_p3_training,True,tuned,UC,123,R3,3cfd389bbd05ec9201a41c0892e29bf8199198d1b216b9a8061370d4240aa583,bd1488a2d411295d7a2118c50ddcc0b158786123613af1676062e2270d1637d1,9cb89005693b1b70c102178849b740fde00b50c9ba5f3b5530d0e5749ea59837,eca954c21da074c545cb7858315ea39fee0a6f54b19e06474b4f2f91f1666847,c40aaf80f5be3be16016d797963cb563e35b93083df451f9827f99cfadc3c898,6031dc4ee08b61c58b35b1efd7d764739d5c7c54dc7cbe9e9a72a1e4a7098596,e2212c40566e21c680a98186ebd8e984aa80d4fd,4d4ad03b827958468b1a231e360c7ad1aa68035c25af068059838ceae6dfa6d6,84f6ca69daadf04be6928767627ac1ca0eb72facd2864d83a1c7567e6ba60ea3,R3_UC_123_selected,dadbfccabccdfd0f88f40a0f73e6518a25d23a325fed7d652875782615cd480b,validation,P0,2017-03-30,1026,897.7608839822428,0c6c7366a78de45399bba58b0ad88c189669f528f28e9ac7e4cda543ff292af6
new_p3_training,True,tuned,UC,123,R3,3cfd389bbd05ec9201a41c0892e29bf8199198d1b216b9a8061370d4240aa583,bd1488a2d411295d7a2118c50ddcc0b158786123613af1676062e2270d1637d1,9cb89005693b1b70c102178849b740fde00b50c9ba5f3b5530d0e5749ea59837,eca954c21da074c545cb7858315ea39fee0a6f54b19e06474b4f2f91f1666847,c40aaf80f5be3be16016d797963cb563e35b93083df451f9827f99cfadc3c898,6031dc4ee08b61c58b35b1efd7d764739d5c7c54dc7cbe9e9a72a1e4a7098596,e2212c40566e21c680a98186ebd8e984aa80d4fd,4d4ad03b827958468b1a231e360c7ad1aa68035c25af068059838ceae6dfa6d6,84f6ca69daadf04be6928767627ac1ca0eb72facd2864d83a1c7567e6ba60ea3,R3_UC_123_selected,dadbfccabccdfd0f88f40a0f73e6518a25d23a325fed7d652875782615cd480b,validation,P0,2017-03-31,1026,907.8607849446937,da77ae4ee083ddd3c3121425c75254a42b9463b62f3793a64beb2145d862e629
new_p3_training,True,tuned,UC,123,R3,3cfd389bbd05ec9201a41c0892e29bf8199198d1b216b9a8061370d4240aa583,bd1488a2d411295d7a2118c50ddcc0b158786123613af1676062e2270d1637d1,9cb89005693b1b70c102178849b740fde00b50c9ba5f3b5530d0e5749ea59837,eca954c21da074c545cb7858315ea39fee0a6f54b19e06474b4f2f91f1666847,c40aaf80f5be3be16016d797963cb563e35b93083df451f9827f99cfadc3c898,6031dc4ee08b61c58b35b1efd7d764739d5c7c54dc7cbe9e9a72a1e4a7098596,e2212c40566e21c680a98186ebd8e984aa80d4fd,4d4ad03b827958468b1a231e360c7ad1aa68035c25af068059838ceae6dfa6d6,84f6ca69daadf04be6928767627ac1ca0eb72facd2864d83a1c7567e6ba60ea3,R3_UC_123_selected,dadbfccabccdfd0f88f40a0f73e6518a25d23a325fed7d652875782615cd480b,validation,P0,2017-04-03,1026,957.9265145353214,de583eb77ac5299596e17d9e1a09935dc9bdaabf352b88d12e2e7ed5ad26f724
new_p3_training,True,tuned,UC,123,R3,3cfd389bbd05ec9201a41c0892e29bf8199198d1b216b9a8061370d4240aa583,bd1488a2d411295d7a2118c50ddcc0b158786123613af1676062e2270d1637d1,9cb89005693b1b70c102178849b740fde00b50c9ba5f3b5530d0e5749ea59837,eca954c21da074c545cb7858315ea39fee0a6f54b19e06474b4f2f91f1666847,c40aaf80f5be3be16016d797963cb563e35b93083df451f9827f99cfadc3c898,6031dc4ee08b61c58b35b1efd7d764739d5c7c54dc7cbe9e9a72a1e4a7098596,e2212c40566e21c680a98186ebd8e984aa80d4fd,4d4ad03b827958468b1a231e360c7ad1aa68035c25af068059838ceae6dfa6d6,84f6ca69daadf04be6928767627ac1ca0eb72facd2864d83a1c7567e6ba60ea3,R3_UC_123_selected,dadbfccabccdfd0f88f40a0f73e6518a25d23a325fed7d652875782615cd480b,validation,P0,2017-04-04,1026,932.8672153116386,b10de68f3e04b95ba89c340d1c608f52b125f93ebbabe3357ceea54934ab8c09
new_p3_training,True,tuned,UC,123,R3,3cfd389bbd05ec9201a41c0892e29bf8199198d1b216b9a8061370d4240aa583,bd1488a2d411295d7a2118c50ddcc0b158786123613af1676062e2270d1637d1,9cb89005693b1b70c102178849b740fde00b50c9ba5f3b5530d0e5749ea59837,eca954c21da074c545cb7858315ea39fee0a6f54b19e06474b4f2f91f1666847,c40aaf80f5be3be16016d797963cb563e35b93083df451f9827f99cfadc3c898,6031dc4ee08b61c58b35b1efd7d764739d5c7c54dc7cbe9e9a72a1e4a7098596,e2212c40566e21c680a98186ebd8e984aa80d4fd,4d4ad03b827958468b1a231e360c7ad1aa68035c25af068059838ceae6dfa6d6,84f6ca69daadf04be6928767627ac1ca0eb72facd2864d83a1c7567e6ba60ea3,R3_UC_123_selected,dadbfccabccdfd0f88f40a0f73e6518a25d23a325fed7d652875782615cd480b,validation,P0,2017-04-05,1026,1004.64619957214,a4201a7cbb2e61f0bea3ef8cb21bce8eb31892dad880d0b2f20db3a44c84eef6
new_p3_training,True,tuned,UC,123,R3,3cfd389bbd05ec9201a41c0892e29bf8199198d1b216b9a8061370d4240aa583,bd1488a2d411295d7a2118c50ddcc0b158786123613af1676062e2270d1637d1,9cb89005693b1b70c102178849b740fde00b50c9ba5f3b5530d0e5749ea59837,eca954c21da074c545cb7858315ea39fee0a6f54b19e06474b4f2f91f1666847,c40aaf80f5be3be16016d797963cb563e35b93083df451f9827f99cfadc3c898,6031dc4ee08b61c58b35b1efd7d764739d5c7c54dc7cbe9e9a72a1e4a7098596,e2212c40566e21c680a98186ebd8e984aa80d4fd,4d4ad03b827958468b1a231e360c7ad1aa68035c25af068059838ceae6dfa6d6,84f6ca69daadf04be6928767627ac1ca0eb72facd2864d83a1c7567e6ba60ea3,R3_UC_123_selected,dadbfccabccdfd0f88f40a0f73e6518a25d23a325fed7d652875782615cd480b,validation,P0,2017-04-06,1026,893.8447725795891,824e9cc560c96e15e17a745baa1ddc0e03bcbba67d9139181f78a6e748b0b57f
new_p3_training,True,tuned,UC,123,R3,3cfd389bbd05ec9201a41c0892e29bf8199198d1b216b9a8061370d4240aa583,bd1488a2d411295d7a2118c50ddcc0b158786123613af1676062e2270d1637d1,9cb89005693b1b70c102178849b740fde00b50c9ba5f3b5530d0e5749ea59837,eca954c21da074c545cb7858315ea39fee0a6f54b19e06474b4f2f91f1666847,c40aaf80f5be3be16016d797963cb563e35b93083df451f9827f99cfadc3c898,6031dc4ee08b61c58b35b1efd7d764739d5c7c54dc7cbe9e9a72a1e4a7098596,e2212c40566e21c680a98186ebd8e984aa80d4fd,4d4ad03b827958468b1a231e360c7ad1aa68035c25af068059838ceae6dfa6d6,84f6ca69daadf04be6928767627ac1ca0eb72facd2864d83a1c7567e6ba60ea3,R3_UC_123_selected,dadbfccabccdfd0f88f40a0f73e6518a25d23a325fed7d652875782615cd480b,validation,P0,2017-04-07,1026,930.6376027795425,013b23649412c75f61a972c8642900c0266aa26902558d7fd20dd6ceda55ffe2
new_p3_training,True,tuned,UC,123,R3,3cfd389bbd05ec9201a41c0892e29bf8199198d1b216b9a8061370d4240aa583,bd1488a2d411295d7a2118c50ddcc0b158786123613af1676062e2270d1637d1,9cb89005693b1b70c102178849b740fde00b50c9ba5f3b5530d0e5749ea59837,eca954c21da074c545cb7858315ea39fee0a6f54b19e06474b4f2f91f1666847,c40aaf80f5be3be16016d797963cb563e35b93083df451f9827f99cfadc3c898,6031dc4ee08b61c58b35b1efd7d764739d5c7c54dc7cbe9e9a72a1e4a7098596,e2212c40566e21c680a98186ebd8e984aa80d4fd,4d4ad03b827958468b1a231e360c7ad1aa68035c25af068059838ceae6dfa6d6,84f6ca69daadf04be6928767627ac1ca0eb72facd2864d83a1c7567e6ba60ea3,R3_UC_123_selected,dadbfccabccdfd0f88f40a0f73e6518a25d23a325fed7d652875782615cd480b,validation,P0,2017-04-10,1026,937.2891816861463,a7479b005e2627f003740447e99245c5c1641fc5c67e6fe5e40b00506edb063f
new_p3_training,True,tuned,UC,123,R3,3cfd389bbd05ec9201a41c0892e29bf8199198d1b216b9a8061370d4240aa583,bd1488a2d411295d7a2118c50ddcc0b158786123613af1676062e2270d1637d1,9cb89005693b1b70c102178849b740fde00b50c9ba5f3b5530d0e5749ea59837,eca954c21da074c545cb7858315ea39fee0a6f54b19e06474b4f2f91f1666847,c40aaf80f5be3be16016d797963cb563e35b93083df451f9827f99cfadc3c898,6031dc4ee08b61c58b35b1efd7d764739d5c7c54dc7cbe9e9a72a1e4a7098596,e2212c40566e21c680a98186ebd8e984aa80d4fd,4d4ad03b827958468b1a231e360c7ad1aa68035c25af068059838ceae6dfa6d6,84f6ca69daadf04be6928767627ac1ca0eb72facd2864d83a1c7567e6ba60ea3,R3_UC_123_selected,dadbfccabccdfd0f88f40a0f73e6518a25d23a325fed7d652875782615cd480b,validation,P0,2017-04-11,1026,897.2253950535835,94d8928f77972c2abec763691cc1cd748258c90aa817e0caa2a7edda27480a3a
new_p3_training,True,tuned,UC,123,R3,3cfd389bbd05ec9201a41c0892e29bf8199198d1b216b9a8061370d4240aa583,bd1488a2d411295d7a2118c50ddcc0b158786123613af1676062e2270d1637d1,9cb89005693b1b70c102178849b740fde00b50c9ba5f3b5530d0e5749ea59837,eca954c21da074c545cb7858315ea39fee0a6f54b19e06474b4f2f91f1666847,c40aaf80f5be3be16016d797963cb563e35b93083df451f9827f99cfadc3c898,6031dc4ee08b61c58b35b1efd7d764739d5c7c54dc7cbe9e9a72a1e4a7098596,e2212c40566e21c680a98186ebd8e984aa80d4fd,4d4ad03b827958468b1a231e360c7ad1aa68035c25af068059838ceae6dfa6d6,84f6ca69daadf04be6928767627ac1ca0eb72facd2864d83a1c7567e6ba60ea3,R3_UC_123_selected,dadbfccabccdfd0f88f40a0f73e6518a25d23a325fed7d652875782615cd480b,validation,P0,2017-04-12,1026,874.248369706231,6079626a02cf2261f486b86eee1d724aae5efc8fe6a1c1bf5343974e9bb656b5
new_p3_training,True,tuned,UC,123,R3,3cfd389bbd05ec9201a41c0892e29bf8199198d1b216b9a8061370d4240aa583,bd1488a2d411295d7a2118c50ddcc0b158786123613af1676062e2270d1637d1,9cb89005693b1b70c102178849b740fde00b50c9ba5f3b5530d0e5749ea59837,eca954c21da074c545cb7858315ea39fee0a6f54b19e06474b4f2f91f1666847,c40aaf80f5be3be16016d797963cb563e35b93083df451f9827f99cfadc3c898,6031dc4ee08b61c58b35b1efd7d764739d5c7c54dc7cbe9e9a72a1e4a7098596,e2212c40566e21c680a98186ebd8e984aa80d4fd,4d4ad03b827958468b1a231e360c7ad1aa68035c25af068059838ceae6dfa6d6,84f6ca69daadf04be6928767627ac1ca0eb72facd2864d83a1c7567e6ba60ea3,R3_UC_123_selected,dadbfccabccdfd0f88f40a0f73e6518a25d23a325fed7d652875782615cd480b,validation,P0,2017-04-13,1026,962.5218942598872,cd618da2df58363fac13eeb48e689bba7bdb12ffc5b8606f48b2d6c4b98be74a
new_p3_training,True,tuned,UC,123,R3,3cfd389bbd05ec9201a41c0892e29bf8199198d1b216b9a8061370d4240aa583,bd1488a2d411295d7a2118c50ddcc0b158786123613af1676062e2270d1637d1,9cb89005693b1b70c102178849b740fde00b50c9ba5f3b5530d0e5749ea59837,eca954c21da074c545cb7858315ea39fee0a6f54b19e06474b4f2f91f1666847,c40aaf80f5be3be16016d797963cb563e35b93083df451f9827f99cfadc3c898,6031dc4ee08b61c58b35b1efd7d764739d5c7c54dc7cbe9e9a72a1e4a7098596,e2212c40566e21c680a98186ebd8e984aa80d4fd,4d4ad03b827958468b1a231e360c7ad1aa68035c25af068059838ceae6dfa6d6,84f6ca69daadf04be6928767627ac1ca0eb72facd2864d83a1c7567e6ba60ea3,R3_UC_123_selected,dadbfccabccdfd0f88f40a0f73e6518a25d23a325fed7d652875782615cd480b,validation,P0,2017-04-14,1026,959.33693734394,1e5405c34cf2b7c1bdd8fbfea784cdbba288d39c9d0c244b28d964e3732f55e1
new_p3_training,True,tuned,UC,123,R3,3cfd389bbd05ec9201a41c0892e29bf8199198d1b216b9a8061370d4240aa583,bd1488a2d411295d7a2118c50ddcc0b158786123613af1676062e2270d1637d1,9cb89005693b1b70c102178849b740fde00b50c9ba5f3b5530d0e5749ea59837,eca954c21da074c545cb7858315ea39fee0a6f54b19e06474b4f2f91f1666847,c40aaf80f5be3be16016d797963cb563e35b93083df451f9827f99cfadc3c898,6031dc4ee08b61c58b35b1efd7d764739d5c7c54dc7cbe9e9a72a1e4a7098596,e2212c40566e21c680a98186ebd8e984aa80d4fd,4d4ad03b827958468b1a231e360c7ad1aa68035c25af068059838ceae6dfa6d6,84f6ca69daadf04be6928767627ac1ca0eb72facd2864d83a1c7567e6ba60ea3,R3_UC_123_selected,dadbfccabccdfd0f88f40a0f73e6518a25d23a325fed7d652875782615cd480b,validation,P0,2017-04-17,1026,899.6998891445617,5b548bd8cffd4de4437bc8dffd37984cc53e9ab79584149dbd836992e837e390
new_p3_training,True,tuned,UC,123,R3,3cfd389bbd05ec9201a41c0892e29bf8199198d1b216b9a8061370d4240aa583,bd1488a2d411295d7a2118c50ddcc0b158786123613af1676062e2270d1637d1,9cb89005693b1b70c102178849b740fde00b50c9ba5f3b5530d0e5749ea59837,eca954c21da074c545cb7858315ea39fee0a6f54b19e06474b4f2f91f1666847,c40aaf80f5be3be16016d797963cb563e35b93083df451f9827f99cfadc3c898,6031dc4ee08b61c58b35b1efd7d764739d5c7c54dc7cbe9e9a72a1e4a7098596,e2212c40566e21c680a98186ebd8e984aa80d4fd,4d4ad03b827958468b1a231e360c7ad1aa68035c25af068059838ceae6dfa6d6,84f6ca69daadf04be6928767627ac1ca0eb72facd2864d83a1c7567e6ba60ea3,R3_UC_123_selected,dadbfccabccdfd0f88f40a0f73e6518a25d23a325fed7d652875782615cd480b,validation,P0,2017-04-18,1026,884.5334327808805,c47ee0a8c7f640a95164a82ff619835e6d1b8313ade0f06b0d983b01bc207387
new_p3_training,True,tuned,UC,123,R3,3cfd389bbd05ec9201a41c0892e29bf8199198d1b216b9a8061370d4240aa583,bd1488a2d411295d7a2118c50ddcc0b158786123613af1676062e2270d1637d1,9cb89005693b1b70c102178849b740fde00b50c9ba5f3b5530d0e5749ea59837,eca954c21da074c545cb7858315ea39fee0a6f54b19e06474b4f2f91f1666847,c40aaf80f5be3be16016d797963cb563e35b93083df451f9827f99cfadc3c898,6031dc4ee08b61c58b35b1efd7d764739d5c7c54dc7cbe9e9a72a1e4a7098596,e2212c40566e21c680a98186ebd8e984aa80d4fd,4d4ad03b827958468b1a231e360c7ad1aa68035c25af068059838ceae6dfa6d6,84f6ca69daadf04be6928767627ac1ca0eb72facd2864d83a1c7567e6ba60ea3,R3_UC_123_selected,dadbfccabccdfd0f88f40a0f73e6518a25d23a325fed7d652875782615cd480b,validation,P0,2017-04-19,1026,923.5403205954874,c9bc61ca938a8e0b67947c7c8a875e5ed251d51b969a7e6631258f1483361f35
new_p3_training,True,tuned,UC,123,R3,3cfd389bbd05ec9201a41c0892e29bf8199198d1b216b9a8061370d4240aa583,bd1488a2d411295d7a2118c50ddcc0b158786123613af1676062e2270d1637d1,9cb89005693b1b70c102178849b740fde00b50c9ba5f3b5530d0e5749ea59837,eca954c21da074c545cb7858315ea39fee0a6f54b19e06474b4f2f91f1666847,c40aaf80f5be3be16016d797963cb563e35b93083df451f9827f99cfadc3c898,6031dc4ee08b61c58b35b1efd7d764739d5c7c54dc7cbe9e9a72a1e4a7098596,e2212c40566e21c680a98186ebd8e984aa80d4fd,4d4ad03b827958468b1a231e360c7ad1aa68035c25af068059838ceae6dfa6d6,84f6ca69daadf04be6928767627ac1ca0eb72facd2864d83a1c7567e6ba60ea3,R3_UC_123_selected,dadbfccabccdfd0f88f40a0f73e6518a25d23a325fed7d652875782615cd480b,validation,P0,2017-04-20,1026,939.985804526513,89e7e2ee5050bf490960bb447bc75e3725cbc8ffbb7b948cdfe97dc99b90d90b
new_p3_training,True,tuned,UC,123,R3,3cfd389bbd05ec9201a41c0892e29bf8199198d1b216b9a8061370d4240aa583,bd1488a2d411295d7a2118c50ddcc0b158786123613af1676062e2270d1637d1,9cb89005693b1b70c102178849b740fde00b50c9ba5f3b5530d0e5749ea59837,eca954c21da074c545cb7858315ea39fee0a6f54b19e06474b4f2f91f1666847,c40aaf80f5be3be16016d797963cb563e35b93083df451f9827f99cfadc3c898,6031dc4ee08b61c58b35b1efd7d764739d5c7c54dc7cbe9e9a72a1e4a7098596,e2212c40566e21c680a98186ebd8e984aa80d4fd,4d4ad03b827958468b1a231e360c7ad1aa68035c25af068059838ceae6dfa6d6,84f6ca69daadf04be6928767627ac1ca0eb72facd2864d83a1c7567e6ba60ea3,R3_UC_123_selected,dadbfccabccdfd0f88f40a0f73e6518a25d23a325fed7d652875782615cd480b,validation,P0,2017-04-21,1026,859.5692464258242,fc4618a0304d5d562112a28a78f30eb0ce2d565f2e85e34790501a09b0e6f83c
new_p3_training,True,tuned,UC,123,R3,3cfd389bbd05ec9201a41c0892e29bf8199198d1b216b9a8061370d4240aa583,bd1488a2d411295d7a2118c50ddcc0b158786123613af1676062e2270d1637d1,9cb89005693b1b70c102178849b740fde00b50c9ba5f3b5530d0e5749ea59837,eca954c21da074c545cb7858315ea39fee0a6f54b19e06474b4f2f91f1666847,c40aaf80f5be3be16016d797963cb563e35b93083df451f9827f99cfadc3c898,6031dc4ee08b61c58b35b1efd7d764739d5c7c54dc7cbe9e9a72a1e4a7098596,e2212c40566e21c680a98186ebd8e984aa80d4fd,4d4ad03b827958468b1a231e360c7ad1aa68035c25af068059838ceae6dfa6d6,84f6ca69daadf04be6928767627ac1ca0eb72facd2864d83a1c7567e6ba60ea3,R3_UC_123_selected,dadbfccabccdfd0f88f40a0f73e6518a25d23a325fed7d652875782615cd480b,validation,P0,2017-04-24,1026,917.432512515516,fdf255e74e6897e311d448646eaf8a429c4406e850b04497481193e008c31e4d
new_p3_training,True,tuned,UC,123,R3,3cfd389bbd05ec9201a41c0892e29bf8199198d1b216b9a8061370d4240aa583,bd1488a2d411295d7a2118c50ddcc0b158786123613af1676062e2270d1637d1,9cb89005693b1b70c102178849b740fde00b50c9ba5f3b5530d0e5749ea59837,eca954c21da074c545cb7858315ea39fee0a6f54b19e06474b4f2f91f1666847,c40aaf80f5be3be16016d797963cb563e35b93083df451f9827f99cfadc3c898,6031dc4ee08b61c58b35b1efd7d764739d5c7c54dc7cbe9e9a72a1e4a7098596,e2212c40566e21c680a98186ebd8e984aa80d4fd,4d4ad03b827958468b1a231e360c7ad1aa68035c25af068059838ceae6dfa6d6,84f6ca69daadf04be6928767627ac1ca0eb72facd2864d83a1c7567e6ba60ea3,R3_UC_123_selected,dadbfccabccdfd0f88f40a0f73e6518a25d23a325fed7d652875782615cd480b,validation,P0,2017-04-25,1026,898.5079286476405,8467889cc8adebff23b5f5df903c75e84449e5fbe99dde43b21b8fa8a95e9dcb
new_p3_training,True,tuned,UC,123,R3,3cfd389bbd05ec9201a41c0892e29bf8199198d1b216b9a8061370d4240aa583,bd1488a2d411295d7a2118c50ddcc0b158786123613af1676062e2270d1637d1,9cb89005693b1b70c102178849b740fde00b50c9ba5f3b5530d0e5749ea59837,eca954c21da074c545cb7858315ea39fee0a6f54b19e06474b4f2f91f1666847,c40aaf80f5be3be16016d797963cb563e35b93083df451f9827f99cfadc3c898,6031dc4ee08b61c58b35b1efd7d764739d5c7c54dc7cbe9e9a72a1e4a7098596,e2212c40566e21c680a98186ebd8e984aa80d4fd,4d4ad03b827958468b1a231e360c7ad1aa68035c25af068059838ceae6dfa6d6,84f6ca69daadf04be6928767627ac1ca0eb72facd2864d83a1c7567e6ba60ea3,R3_UC_123_selected,dadbfccabccdfd0f88f40a0f73e6518a25d23a325fed7d652875782615cd480b,validation,P0,2017-04-26,1026,901.3969298676022,1f5f548620b9ad948e9928226df64ef696c37059b5a3eed84a79f562c2387fad
new_p3_training,True,tuned,UC,123,R3,3cfd389bbd05ec9201a41c0892e29bf8199198d1b216b9a8061370d4240aa583,bd1488a2d411295d7a2118c50ddcc0b158786123613af1676062e2270d1637d1,9cb89005693b1b70c102178849b740fde00b50c9ba5f3b5530d0e5749ea59837,eca954c21da074c545cb7858315ea39fee0a6f54b19e06474b4f2f91f1666847,c40aaf80f5be3be16016d797963cb563e35b93083df451f9827f99cfadc3c898,6031dc4ee08b61c58b35b1efd7d764739d5c7c54dc7cbe9e9a72a1e4a7098596,e2212c40566e21c680a98186ebd8e984aa80d4fd,4d4ad03b827958468b1a231e360c7ad1aa68035c25af068059838ceae6dfa6d6,84f6ca69daadf04be6928767627ac1ca0eb72facd2864d83a1c7567e6ba60ea3,R3_UC_123_selected,dadbfccabccdfd0f88f40a0f73e6518a25d23a325fed7d652875782615cd480b,validation,P0,2017-04-27,1026,916.2810070630869,a780af45438d46fed4b65aa8d699121a3394089e22a6ac6e9bd8f86b4c0606f4
new_p3_training,True,tuned,UC,123,R3,3cfd389bbd05ec9201a41c0892e29bf8199198d1b216b9a8061370d4240aa583,bd1488a2d411295d7a2118c50ddcc0b158786123613af1676062e2270d1637d1,9cb89005693b1b70c102178849b740fde00b50c9ba5f3b5530d0e5749ea59837,eca954c21da074c545cb7858315ea39fee0a6f54b19e06474b4f2f91f1666847,c40aaf80f5be3be16016d797963cb563e35b93083df451f9827f99cfadc3c898,6031dc4ee08b61c58b35b1efd7d764739d5c7c54dc7cbe9e9a72a1e4a7098596,e2212c40566e21c680a98186ebd8e984aa80d4fd,4d4ad03b827958468b1a231e360c7ad1aa68035c25af068059838ceae6dfa6d6,84f6ca69daadf04be6928767627ac1ca0eb72facd2864d83a1c7567e6ba60ea3,R3_UC_123_selected,dadbfccabccdfd0f88f40a0f73e6518a25d23a325fed7d652875782615cd480b,validation,P0,2017-04-28,1026,879.6010929334591,9e5fb344356b669e6b9b9c5bba9317bba76a625994e2fbd5f71a512053ecbc9c
new_p3_training,True,tuned,UC,123,R3,3cfd389bbd05ec9201a41c0892e29bf8199198d1b216b9a8061370d4240aa583,bd1488a2d411295d7a2118c50ddcc0b158786123613af1676062e2270d1637d1,9cb89005693b1b70c102178849b740fde00b50c9ba5f3b5530d0e5749ea59837,eca954c21da074c545cb7858315ea39fee0a6f54b19e06474b4f2f91f1666847,c40aaf80f5be3be16016d797963cb563e35b93083df451f9827f99cfadc3c898,6031dc4ee08b61c58b35b1efd7d764739d5c7c54dc7cbe9e9a72a1e4a7098596,e2212c40566e21c680a98186ebd8e984aa80d4fd,4d4ad03b827958468b1a231e360c7ad1aa68035c25af068059838ceae6dfa6d6,84f6ca69daadf04be6928767627ac1ca0eb72facd2864d83a1c7567e6ba60ea3,R3_UC_123_selected,dadbfccabccdfd0f88f40a0f73e6518a25d23a325fed7d652875782615cd480b,validation,P0,2017-05-02,1026,888.6792951597228,b70c73a947863c1a23384495ccecda3894e2fd89d67f018a9ff05d7dee196f71
new_p3_training,True,tuned,UC,123,R3,3cfd389bbd05ec9201a41c0892e29bf8199198d1b216b9a8061370d4240aa583,bd1488a2d411295d7a2118c50ddcc0b158786123613af1676062e2270d1637d1,9cb89005693b1b70c102178849b740fde00b50c9ba5f3b5530d0e5749ea59837,eca954c21da074c545cb7858315ea39fee0a6f54b19e06474b4f2f91f1666847,c40aaf80f5be3be16016d797963cb563e35b93083df451f9827f99cfadc3c898,6031dc4ee08b61c58b35b1efd7d764739d5c7c54dc7cbe9e9a72a1e4a7098596,e2212c40566e21c680a98186ebd8e984aa80d4fd,4d4ad03b827958468b1a231e360c7ad1aa68035c25af068059838ceae6dfa6d6,84f6ca69daadf04be6928767627ac1ca0eb72facd2864d83a1c7567e6ba60ea3,R3_UC_123_selected,dadbfccabccdfd0f88f40a0f73e6518a25d23a325fed7d652875782615cd480b,validation,P0,2017-05-04,1026,808.8137921211649,8e6213031c3c21c1a23431ec643a301c7a3d991d5fdcc980ac71f9d83c0814f7
new_p3_training,True,tuned,UC,123,R3,3cfd389bbd05ec9201a41c0892e29bf8199198d1b216b9a8061370d4240aa583,bd1488a2d411295d7a2118c50ddcc0b158786123613af1676062e2270d1637d1,9cb89005693b1b70c102178849b740fde00b50c9ba5f3b5530d0e5749ea59837,eca954c21da074c545cb7858315ea39fee0a6f54b19e06474b4f2f91f1666847,c40aaf80f5be3be16016d797963cb563e35b93083df451f9827f99cfadc3c898,6031dc4ee08b61c58b35b1efd7d764739d5c7c54dc7cbe9e9a72a1e4a7098596,e2212c40566e21c680a98186ebd8e984aa80d4fd,4d4ad03b827958468b1a231e360c7ad1aa68035c25af068059838ceae6dfa6d6,84f6ca69daadf04be6928767627ac1ca0eb72facd2864d83a1c7567e6ba60ea3,R3_UC_123_selected,dadbfccabccdfd0f88f40a0f73e6518a25d23a325fed7d652875782615cd480b,validation,P0,2017-05-08,1026,929.6628079388101,67042dc5e4e185708adf4b333e82eb2663d84b7dbb3fa250b41a52e7cf70e069
new_p3_training,True,tuned,UC,123,R3,3cfd389bbd05ec9201a41c0892e29bf8199198d1b216b9a8061370d4240aa583,bd1488a2d411295d7a2118c50ddcc0b158786123613af1676062e2270d1637d1,9cb89005693b1b70c102178849b740fde00b50c9ba5f3b5530d0e5749ea59837,eca954c21da074c545cb7858315ea39fee0a6f54b19e06474b4f2f91f1666847,c40aaf80f5be3be16016d797963cb563e35b93083df451f9827f99cfadc3c898,6031dc4ee08b61c58b35b1efd7d764739d5c7c54dc7cbe9e9a72a1e4a7098596,e2212c40566e21c680a98186ebd8e984aa80d4fd,4d4ad03b827958468b1a231e360c7ad1aa68035c25af068059838ceae6dfa6d6,84f6ca69daadf04be6928767627ac1ca0eb72facd2864d83a1c7567e6ba60ea3,R3_UC_123_selected,dadbfccabccdfd0f88f40a0f73e6518a25d23a325fed7d652875782615cd480b,validation,P0,2017-05-10,1026,1035.6884157302027,12e20c0d48870500fc927ddbe2cb8496793a5a96e3ffef49521174674d3fc07d
new_p3_training,True,tuned,UC,123,R3,3cfd389bbd05ec9201a41c0892e29bf8199198d1b216b9a8061370d4240aa583,bd1488a2d411295d7a2118c50ddcc0b158786123613af1676062e2270d1637d1,9cb89005693b1b70c102178849b740fde00b50c9ba5f3b5530d0e5749ea59837,eca954c21da074c545cb7858315ea39fee0a6f54b19e06474b4f2f91f1666847,c40aaf80f5be3be16016d797963cb563e35b93083df451f9827f99cfadc3c898,6031dc4ee08b61c58b35b1efd7d764739d5c7c54dc7cbe9e9a72a1e4a7098596,e2212c40566e21c680a98186ebd8e984aa80d4fd,4d4ad03b827958468b1a231e360c7ad1aa68035c25af068059838ceae6dfa6d6,84f6ca69daadf04be6928767627ac1ca0eb72facd2864d83a1c7567e6ba60ea3,R3_UC_123_selected,dadbfccabccdfd0f88f40a0f73e6518a25d23a325fed7d652875782615cd480b,validation,P0,2017-05-11,1026,1017.6416967949874,80270b8b1efd65bb7d6e2cfb7ce85dfc2bda8d191f6accb0640a94f217c0b4bb
new_p3_training,True,tuned,UC,123,R3,3cfd389bbd05ec9201a41c0892e29bf8199198d1b216b9a8061370d4240aa583,bd1488a2d411295d7a2118c50ddcc0b158786123613af1676062e2270d1637d1,9cb89005693b1b70c102178849b740fde00b50c9ba5f3b5530d0e5749ea59837,eca954c21da074c545cb7858315ea39fee0a6f54b19e06474b4f2f91f1666847,c40aaf80f5be3be16016d797963cb563e35b93083df451f9827f99cfadc3c898,6031dc4ee08b61c58b35b1efd7d764739d5c7c54dc7cbe9e9a72a1e4a7098596,e2212c40566e21c680a98186ebd8e984aa80d4fd,4d4ad03b827958468b1a231e360c7ad1aa68035c25af068059838ceae6dfa6d6,84f6ca69daadf04be6928767627ac1ca0eb72facd2864d83a1c7567e6ba60ea3,R3_UC_123_selected,dadbfccabccdfd0f88f40a0f73e6518a25d23a325fed7d652875782615cd480b,validation,P0,2017-05-12,1026,962.1301450059307,27e30100999014eb45982bbccc8aa306d3639c778f9014f71f9708e439a3bddf
new_p3_training,True,tuned,UC,123,R3,3cfd389bbd05ec9201a41c0892e29bf8199198d1b216b9a8061370d4240aa583,bd1488a2d411295d7a2118c50ddcc0b158786123613af1676062e2270d1637d1,9cb89005693b1b70c102178849b740fde00b50c9ba5f3b5530d0e5749ea59837,eca954c21da074c545cb7858315ea39fee0a6f54b19e06474b4f2f91f1666847,c40aaf80f5be3be16016d797963cb563e35b93083df451f9827f99cfadc3c898,6031dc4ee08b61c58b35b1efd7d764739d5c7c54dc7cbe9e9a72a1e4a7098596,e2212c40566e21c680a98186ebd8e984aa80d4fd,4d4ad03b827958468b1a231e360c7ad1aa68035c25af068059838ceae6dfa6d6,84f6ca69daadf04be6928767627ac1ca0eb72facd2864d83a1c7567e6ba60ea3,R3_UC_123_selected,dadbfccabccdfd0f88f40a0f73e6518a25d23a325fed7d652875782615cd480b,validation,P0,2017-05-15,1026,945.6037703596783,eb4876d384156c768b2f812e60b0840ccba7a0b290ca687fa09a59c942643505
new_p3_training,True,tuned,UC,123,R3,3cfd389bbd05ec9201a41c0892e29bf8199198d1b216b9a8061370d4240aa583,bd1488a2d411295d7a2118c50ddcc0b158786123613af1676062e2270d1637d1,9cb89005693b1b70c102178849b740fde00b50c9ba5f3b5530d0e5749ea59837,eca954c21da074c545cb7858315ea39fee0a6f54b19e06474b4f2f91f1666847,c40aaf80f5be3be16016d797963cb563e35b93083df451f9827f99cfadc3c898,6031dc4ee08b61c58b35b1efd7d764739d5c7c54dc7cbe9e9a72a1e4a7098596,e2212c40566e21c680a98186ebd8e984aa80d4fd,4d4ad03b827958468b1a231e360c7ad1aa68035c25af068059838ceae6dfa6d6,84f6ca69daadf04be6928767627ac1ca0eb72facd2864d83a1c7567e6ba60ea3,R3_UC_123_selected,dadbfccabccdfd0f88f40a0f73e6518a25d23a325fed7d652875782615cd480b,validation,P1,2017-03-02,999,956.0716857003148,2d7fec2e59ea907fc319960bb2b7610c318950a4b0cf2c0734c6289d5172e9cf
new_p3_training,True,tuned,UC,123,R3,3cfd389bbd05ec9201a41c0892e29bf8199198d1b216b9a8061370d4240aa583,bd1488a2d411295d7a2118c50ddcc0b158786123613af1676062e2270d1637d1,9cb89005693b1b70c102178849b740fde00b50c9ba5f3b5530d0e5749ea59837,eca954c21da074c545cb7858315ea39fee0a6f54b19e06474b4f2f91f1666847,c40aaf80f5be3be16016d797963cb563e35b93083df451f9827f99cfadc3c898,6031dc4ee08b61c58b35b1efd7d764739d5c7c54dc7cbe9e9a72a1e4a7098596,e2212c40566e21c680a98186ebd8e984aa80d4fd,4d4ad03b827958468b1a231e360c7ad1aa68035c25af068059838ceae6dfa6d6,84f6ca69daadf04be6928767627ac1ca0eb72facd2864d83a1c7567e6ba60ea3,R3_UC_123_selected,dadbfccabccdfd0f88f40a0f73e6518a25d23a325fed7d652875782615cd480b,validation,P1,2017-03-03,991,983.0096911254177,77f9e9bc044b225482dcefe39fa4a8e8f1e3b3b3dea6656459326429471d48f0
new_p3_training,True,tuned,UC,123,R3,3cfd389bbd05ec9201a41c0892e29bf8199198d1b216b9a8061370d4240aa583,bd1488a2d411295d7a2118c50ddcc0b158786123613af1676062e2270d1637d1,9cb89005693b1b70c102178849b740fde00b50c9ba5f3b5530d0e5749ea59837,eca954c21da074c545cb7858315ea39fee0a6f54b19e06474b4f2f91f1666847,c40aaf80f5be3be16016d797963cb563e35b93083df451f9827f99cfadc3c898,6031dc4ee08b61c58b35b1efd7d764739d5c7c54dc7cbe9e9a72a1e4a7098596,e2212c40566e21c680a98186ebd8e984aa80d4fd,4d4ad03b827958468b1a231e360c7ad1aa68035c25af068059838ceae6dfa6d6,84f6ca69daadf04be6928767627ac1ca0eb72facd2864d83a1c7567e6ba60ea3,R3_UC_123_selected,dadbfccabccdfd0f88f40a0f73e6518a25d23a325fed7d652875782615cd480b,validation,P1,2017-03-06,991,948.9715629119005,3bb4400b6c9b147c22e7929fecc2547295edb18797b0df4d5efddd58c1e41b7e
new_p3_training,True,tuned,UC,123,R3,3cfd389bbd05ec9201a41c0892e29bf8199198d1b216b9a8061370d4240aa583,bd1488a2d411295d7a2118c50ddcc0b158786123613af1676062e2270d1637d1,9cb89005693b1b70c102178849b740fde00b50c9ba5f3b5530d0e5749ea59837,eca954c21da074c545cb7858315ea39fee0a6f54b19e06474b4f2f91f1666847,c40aaf80f5be3be16016d797963cb563e35b93083df451f9827f99cfadc3c898,6031dc4ee08b61c58b35b1efd7d764739d5c7c54dc7cbe9e9a72a1e4a7098596,e2212c40566e21c680a98186ebd8e984aa80d4fd,4d4ad03b827958468b1a231e360c7ad1aa68035c25af068059838ceae6dfa6d6,84f6ca69daadf04be6928767627ac1ca0eb72facd2864d83a1c7567e6ba60ea3,R3_UC_123_selected,dadbfccabccdfd0f88f40a0f73e6518a25d23a325fed7d652875782615cd480b,validation,P1,2017-03-07,992,863.2363604091266,728bd9be64abc41f5b98d8eed84ac7feb768d773fbf5e6f3eaa877b9da1324ca
new_p3_training,True,tuned,UC,123,R3,3cfd389bbd05ec9201a41c0892e29bf8199198d1b216b9a8061370d4240aa583,bd1488a2d411295d7a2118c50ddcc0b158786123613af1676062e2270d1637d1,9cb89005693b1b70c102178849b740fde00b50c9ba5f3b5530d0e5749ea59837,eca954c21da074c545cb7858315ea39fee0a6f54b19e06474b4f2f91f1666847,c40aaf80f5be3be16016d797963cb563e35b93083df451f9827f99cfadc3c898,6031dc4ee08b61c58b35b1efd7d764739d5c7c54dc7cbe9e9a72a1e4a7098596,e2212c40566e21c680a98186ebd8e984aa80d4fd,4d4ad03b827958468b1a231e360c7ad1aa68035c25af068059838ceae6dfa6d6,84f6ca69daadf04be6928767627ac1ca0eb72facd2864d83a1c7567e6ba60ea3,R3_UC_123_selected,dadbfccabccdfd0f88f40a0f73e6518a25d23a325fed7d652875782615cd480b,validation,P1,2017-03-08,991,927.38541110545,1ea6e30aef677058fb14d7fac0fc57c6d67ac7edaae3d64a9c35e5358469745c
new_p3_training,True,tuned,UC,123,R3,3cfd389bbd05ec9201a41c0892e29bf8199198d1b216b9a8061370d4240aa583,bd1488a2d411295d7a2118c50ddcc0b158786123613af1676062e2270d1637d1,9cb89005693b1b70c102178849b740fde00b50c9ba5f3b5530d0e5749ea59837,eca954c21da074c545cb7858315ea39fee0a6f54b19e06474b4f2f91f1666847,c40aaf80f5be3be16016d797963cb563e35b93083df451f9827f99cfadc3c898,6031dc4ee08b61c58b35b1efd7d764739d5c7c54dc7cbe9e9a72a1e4a7098596,e2212c40566e21c680a98186ebd8e984aa80d4fd,4d4ad03b827958468b1a231e360c7ad1aa68035c25af068059838ceae6dfa6d6,84f6ca69daadf04be6928767627ac1ca0eb72facd2864d83a1c7567e6ba60ea3,R3_UC_123_selected,dadbfccabccdfd0f88f40a0f73e6518a25d23a325fed7d652875782615cd480b,validation,P1,2017-03-09,993,894.3850350951484,18e109fa93a514eea81d4280da870ec9fe2abb024cad23d93ad77ef6969067ff
new_p3_training,True,tuned,UC,123,R3,3cfd389bbd05ec9201a41c0892e29bf8199198d1b216b9a8061370d4240aa583,bd1488a2d411295d7a2118c50ddcc0b158786123613af1676062e2270d1637d1,9cb89005693b1b70c102178849b740fde00b50c9ba5f3b5530d0e5749ea59837,eca954c21da074c545cb7858315ea39fee0a6f54b19e06474b4f2f91f1666847,c40aaf80f5be3be16016d797963cb563e35b93083df451f9827f99cfadc3c898,6031dc4ee08b61c58b35b1efd7d764739d5c7c54dc7cbe9e9a72a1e4a7098596,e2212c40566e21c680a98186ebd8e984aa80d4fd,4d4ad03b827958468b1a231e360c7ad1aa68035c25af068059838ceae6dfa6d6,84f6ca69daadf04be6928767627ac1ca0eb72facd2864d83a1c7567e6ba60ea3,R3_UC_123_selected,dadbfccabccdfd0f88f40a0f73e6518a25d23a325fed7d652875782615cd480b,validation,P1,2017-03-10,988,985.6218098208423,36b011464fa6c9d716c8e82686c86dc00e864f640de1081991912942798cb8c7
new_p3_training,True,tuned,UC,123,R3,3cfd389bbd05ec9201a41c0892e29bf8199198d1b216b9a8061370d4240aa583,bd1488a2d411295d7a2118c50ddcc0b158786123613af1676062e2270d1637d1,9cb89005693b1b70c102178849b740fde00b50c9ba5f3b5530d0e5749ea59837,eca954c21da074c545cb7858315ea39fee0a6f54b19e06474b4f2f91f1666847,c40aaf80f5be3be16016d797963cb563e35b93083df451f9827f99cfadc3c898,6031dc4ee08b61c58b35b1efd7d764739d5c7c54dc7cbe9e9a72a1e4a7098596,e2212c40566e21c680a98186ebd8e984aa80d4fd,4d4ad03b827958468b1a231e360c7ad1aa68035c25af068059838ceae6dfa6d6,84f6ca69daadf04be6928767627ac1ca0eb72facd2864d83a1c7567e6ba60ea3,R3_UC_123_selected,dadbfccabccdfd0f88f40a0f73e6518a25d23a325fed7d652875782615cd480b,validation,P1,2017-03-13,977,892.1036171104142,721541d02c63edc3183dc04db58cd9940f497db179caa8bf0e48192b6984af0f
new_p3_training,True,tuned,UC,123,R3,3cfd389bbd05ec9201a41c0892e29bf8199198d1b216b9a8061370d4240aa583,bd1488a2d411295d7a2118c50ddcc0b158786123613af1676062e2270d1637d1,9cb89005693b1b70c102178849b740fde00b50c9ba5f3b5530d0e5749ea59837,eca954c21da074c545cb7858315ea39fee0a6f54b19e06474b4f2f91f1666847,c40aaf80f5be3be16016d797963cb563e35b93083df451f9827f99cfadc3c898,6031dc4ee08b61c58b35b1efd7d764739d5c7c54dc7cbe9e9a72a1e4a7098596,e2212c40566e21c680a98186ebd8e984aa80d4fd,4d4ad03b827958468b1a231e360c7ad1aa68035c25af068059838ceae6dfa6d6,84f6ca69daadf04be6928767627ac1ca0eb72facd2864d83a1c7567e6ba60ea3,R3_UC_123_selected,dadbfccabccdfd0f88f40a0f73e6518a25d23a325fed7d652875782615cd480b,validation,P1,2017-03-14,967,888.7802073654796,43126ad1657d18d14a394fcd4b2b6c7da3b64b897cd76288ebb8eb3f6f774d51
new_p3_training,True,tuned,UC,123,R3,3cfd389bbd05ec9201a41c0892e29bf8199198d1b216b9a8061370d4240aa583,bd1488a2d411295d7a2118c50ddcc0b158786123613af1676062e2270d1637d1,9cb89005693b1b70c102178849b740fde00b50c9ba5f3b5530d0e5749ea59837,eca954c21da074c545cb7858315ea39fee0a6f54b19e06474b4f2f91f1666847,c40aaf80f5be3be16016d797963cb563e35b93083df451f9827f99cfadc3c898,6031dc4ee08b61c58b35b1efd7d764739d5c7c54dc7cbe9e9a72a1e4a7098596,e2212c40566e21c680a98186ebd8e984aa80d4fd,4d4ad03b827958468b1a231e360c7ad1aa68035c25af068059838ceae6dfa6d6,84f6ca69daadf04be6928767627ac1ca0eb72facd2864d83a1c7567e6ba60ea3,R3_UC_123_selected,dadbfccabccdfd0f88f40a0f73e6518a25d23a325fed7d652875782615cd480b,validation,P1,2017-03-15,992,922.7320775359323,b6b29ae722e237409b53b505a270aec57c102b6c27d77eb19996b7f4d16d8e5e
new_p3_training,True,tuned,UC,123,R3,3cfd389bbd05ec9201a41c0892e29bf8199198d1b216b9a8061370d4240aa583,bd1488a2d411295d7a2118c50ddcc0b158786123613af1676062e2270d1637d1,9cb89005693b1b70c102178849b740fde00b50c9ba5f3b5530d0e5749ea59837,eca954c21da074c545cb7858315ea39fee0a6f54b19e06474b4f2f91f1666847,c40aaf80f5be3be16016d797963cb563e35b93083df451f9827f99cfadc3c898,6031dc4ee08b61c58b35b1efd7d764739d5c7c54dc7cbe9e9a72a1e4a7098596,e2212c40566e21c680a98186ebd8e984aa80d4fd,4d4ad03b827958468b1a231e360c7ad1aa68035c25af068059838ceae6dfa6d6,84f6ca69daadf04be6928767627ac1ca0eb72facd2864d83a1c7567e6ba60ea3,R3_UC_123_selected,dadbfccabccdfd0f88f40a0f73e6518a25d23a325fed7d652875782615cd480b,validation,P1,2017-03-16,978,916.14734869597,bbdb1245c56ccf9c598d438674d77265d73e26bbfc741fef4ebf6437dabda244
new_p3_training,True,tuned,UC,123,R3,3cfd389bbd05ec9201a41c0892e29bf8199198d1b216b9a8061370d4240aa583,bd1488a2d411295d7a2118c50ddcc0b158786123613af1676062e2270d1637d1,9cb89005693b1b70c102178849b740fde00b50c9ba5f3b5530d0e5749ea59837,eca954c21da074c545cb7858315ea39fee0a6f54b19e06474b4f2f91f1666847,c40aaf80f5be3be16016d797963cb563e35b93083df451f9827f99cfadc3c898,6031dc4ee08b61c58b35b1efd7d764739d5c7c54dc7cbe9e9a72a1e4a7098596,e2212c40566e21c680a98186ebd8e984aa80d4fd,4d4ad03b827958468b1a231e360c7ad1aa68035c25af068059838ceae6dfa6d6,84f6ca69daadf04be6928767627ac1ca0eb72facd2864d83a1c7567e6ba60ea3,R3_UC_123_selected,dadbfccabccdfd0f88f40a0f73e6518a25d23a325fed7d652875782615cd480b,validation,P1,2017-03-17,983,925.083226057387,abf1e86d774722d1ebdc59041e80b6595f5b91bb085368b626bee34587e6bcaf
new_p3_training,True,tuned,UC,123,R3,3cfd389bbd05ec9201a41c0892e29bf8199198d1b216b9a8061370d4240aa583,bd1488a2d411295d7a2118c50ddcc0b158786123613af1676062e2270d1637d1,9cb89005693b1b70c102178849b740fde00b50c9ba5f3b5530d0e5749ea59837,eca954c21da074c545cb7858315ea39fee0a6f54b19e06474b4f2f91f1666847,c40aaf80f5be3be16016d797963cb563e35b93083df451f9827f99cfadc3c898,6031dc4ee08b61c58b35b1efd7d764739d5c7c54dc7cbe9e9a72a1e4a7098596,e2212c40566e21c680a98186ebd8e984aa80d4fd,4d4ad03b827958468b1a231e360c7ad1aa68035c25af068059838ceae6dfa6d6,84f6ca69daadf04be6928767627ac1ca0eb72facd2864d83a1c7567e6ba60ea3,R3_UC_123_selected,dadbfccabccdfd0f88f40a0f73e6518a25d23a325fed7d652875782615cd480b,validation,P1,2017-03-20,976,853.8167232092535,e07229af5b732e54971646ddd785d51f39de87859dd49e129eb1655466c46872
new_p3_training,True,tuned,UC,123,R3,3cfd389bbd05ec9201a41c0892e29bf8199198d1b216b9a8061370d4240aa583,bd1488a2d411295d7a2118c50ddcc0b158786123613af1676062e2270d1637d1,9cb89005693b1b70c102178849b740fde00b50c9ba5f3b5530d0e5749ea59837,eca954c21da074c545cb7858315ea39fee0a6f54b19e06474b4f2f91f1666847,c40aaf80f5be3be16016d797963cb563e35b93083df451f9827f99cfadc3c898,6031dc4ee08b61c58b35b1efd7d764739d5c7c54dc7cbe9e9a72a1e4a7098596,e2212c40566e21c680a98186ebd8e984aa80d4fd,4d4ad03b827958468b1a231e360c7ad1aa68035c25af068059838ceae6dfa6d6,84f6ca69daadf04be6928767627ac1ca0eb72facd2864d83a1c7567e6ba60ea3,R3_UC_123_selected,dadbfccabccdfd0f88f40a0f73e6518a25d23a325fed7d652875782615cd480b,validation,P1,2017-03-21,987,934.3905058630805,4665557c5849266996616a9347e0c3d57a244097adede7fa4f13cced2e6197ca
new_p3_training,True,tuned,UC,123,R3,3cfd389bbd05ec9201a41c0892e29bf8199198d1b216b9a8061370d4240aa583,bd1488a2d411295d7a2118c50ddcc0b158786123613af1676062e2270d1637d1,9cb89005693b1b70c102178849b740fde00b50c9ba5f3b5530d0e5749ea59837,eca954c21da074c545cb7858315ea39fee0a6f54b19e06474b4f2f91f1666847,c40aaf80f5be3be16016d797963cb563e35b93083df451f9827f99cfadc3c898,6031dc4ee08b61c58b35b1efd7d764739d5c7c54dc7cbe9e9a72a1e4a7098596,e2212c40566e21c680a98186ebd8e984aa80d4fd,4d4ad03b827958468b1a231e360c7ad1aa68035c25af068059838ceae6dfa6d6,84f6ca69daadf04be6928767627ac1ca0eb72facd2864d83a1c7567e6ba60ea3,R3_UC_123_selected,dadbfccabccdfd0f88f40a0f73e6518a25d23a325fed7d652875782615cd480b,validation,P1,2017-03-22,982,910.2819839887468,68b834363016b8ff5c262fa43bc1eb5cdf543aedac02c75de03059ea29cc7b4e
new_p3_training,True,tuned,UC,123,R3,3cfd389bbd05ec9201a41c0892e29bf8199198d1b216b9a8061370d4240aa583,bd1488a2d411295d7a2118c50ddcc0b158786123613af1676062e2270d1637d1,9cb89005693b1b70c102178849b740fde00b50c9ba5f3b5530d0e5749ea59837,eca954c21da074c545cb7858315ea39fee0a6f54b19e06474b4f2f91f1666847,c40aaf80f5be3be16016d797963cb563e35b93083df451f9827f99cfadc3c898,6031dc4ee08b61c58b35b1efd7d764739d5c7c54dc7cbe9e9a72a1e4a7098596,e2212c40566e21c680a98186ebd8e984aa80d4fd,4d4ad03b827958468b1a231e360c7ad1aa68035c25af068059838ceae6dfa6d6,84f6ca69daadf04be6928767627ac1ca0eb72facd2864d83a1c7567e6ba60ea3,R3_UC_123_selected,dadbfccabccdfd0f88f40a0f73e6518a25d23a325fed7d652875782615cd480b,validation,P1,2017-03-23,983,910.1685106051409,a2abad46627d64a1a58fac73df5fc767a6017077216dbc5c35a888660ae6966c
new_p3_training,True,tuned,UC,123,R3,3cfd389bbd05ec9201a41c0892e29bf8199198d1b216b9a8061370d4240aa583,bd1488a2d411295d7a2118c50ddcc0b158786123613af1676062e2270d1637d1,9cb89005693b1b70c102178849b740fde00b50c9ba5f3b5530d0e5749ea59837,eca954c21da074c545cb7858315ea39fee0a6f54b19e06474b4f2f91f1666847,c40aaf80f5be3be16016d797963cb563e35b93083df451f9827f99cfadc3c898,6031dc4ee08b61c58b35b1efd7d764739d5c7c54dc7cbe9e9a72a1e4a7098596,e2212c40566e21c680a98186ebd8e984aa80d4fd,4d4ad03b827958468b1a231e360c7ad1aa68035c25af068059838ceae6dfa6d6,84f6ca69daadf04be6928767627ac1ca0eb72facd2864d83a1c7567e6ba60ea3,R3_UC_123_selected,dadbfccabccdfd0f88f40a0f73e6518a25d23a325fed7d652875782615cd480b,validation,P1,2017-03-24,974,958.8559675673027,af8baf1874a69dafa60dd3987489ea8cf3982187837594f010e7913aba22241c
new_p3_training,True,tuned,UC,123,R3,3cfd389bbd05ec9201a41c0892e29bf8199198d1b216b9a8061370d4240aa583,bd1488a2d411295d7a2118c50ddcc0b158786123613af1676062e2270d1637d1,9cb89005693b1b70c102178849b740fde00b50c9ba5f3b5530d0e5749ea59837,eca954c21da074c545cb7858315ea39fee0a6f54b19e06474b4f2f91f1666847,c40aaf80f5be3be16016d797963cb563e35b93083df451f9827f99cfadc3c898,6031dc4ee08b61c58b35b1efd7d764739d5c7c54dc7cbe9e9a72a1e4a7098596,e2212c40566e21c680a98186ebd8e984aa80d4fd,4d4ad03b827958468b1a231e360c7ad1aa68035c25af068059838ceae6dfa6d6,84f6ca69daadf04be6928767627ac1ca0eb72facd2864d83a1c7567e6ba60ea3,R3_UC_123_selected,dadbfccabccdfd0f88f40a0f73e6518a25d23a325fed7d652875782615cd480b,validation,P1,2017-03-27,989,939.3064824266503,9ffb8d9abbf39a0e6078e63319549f0c018f72e14541fca1122a1af5c3f892bf
new_p3_training,True,tuned,UC,123,R3,3cfd389bbd05ec9201a41c0892e29bf8199198d1b216b9a8061370d4240aa583,bd1488a2d411295d7a2118c50ddcc0b158786123613af1676062e2270d1637d1,9cb89005693b1b70c102178849b740fde00b50c9ba5f3b5530d0e5749ea59837,eca954c21da074c545cb7858315ea39fee0a6f54b19e06474b4f2f91f1666847,c40aaf80f5be3be16016d797963cb563e35b93083df451f9827f99cfadc3c898,6031dc4ee08b61c58b35b1efd7d764739d5c7c54dc7cbe9e9a72a1e4a7098596,e2212c40566e21c680a98186ebd8e984aa80d4fd,4d4ad03b827958468b1a231e360c7ad1aa68035c25af068059838ceae6dfa6d6,84f6ca69daadf04be6928767627ac1ca0eb72facd2864d83a1c7567e6ba60ea3,R3_UC_123_selected,dadbfccabccdfd0f88f40a0f73e6518a25d23a325fed7d652875782615cd480b,validation,P1,2017-03-28,987,852.1206178762625,d57121a836d48f40b034c0254c9be9a4058eb681a5d9f1bc12884df2d5399e5d
new_p3_training,True,tuned,UC,123,R3,3cfd389bbd05ec9201a41c0892e29bf8199198d1b216b9a8061370d4240aa583,bd1488a2d411295d7a2118c50ddcc0b158786123613af1676062e2270d1637d1,9cb89005693b1b70c102178849b740fde00b50c9ba5f3b5530d0e5749ea59837,eca954c21da074c545cb7858315ea39fee0a6f54b19e06474b4f2f91f1666847,c40aaf80f5be3be16016d797963cb563e35b93083df451f9827f99cfadc3c898,6031dc4ee08b61c58b35b1efd7d764739d5c7c54dc7cbe9e9a72a1e4a7098596,e2212c40566e21c680a98186ebd8e984aa80d4fd,4d4ad03b827958468b1a231e360c7ad1aa68035c25af068059838ceae6dfa6d6,84f6ca69daadf04be6928767627ac1ca0eb72facd2864d83a1c7567e6ba60ea3,R3_UC_123_selected,dadbfccabccdfd0f88f40a0f73e6518a25d23a325fed7d652875782615cd480b,validation,P1,2017-03-29,988,906.4829507990551,accacc2d062e9f1546da2b7c043135065b45c28fa5f07e3b1fb808ac140ec491
new_p3_training,True,tuned,UC,123,R3,3cfd389bbd05ec9201a41c0892e29bf8199198d1b216b9a8061370d4240aa583,bd1488a2d411295d7a2118c50ddcc0b158786123613af1676062e2270d1637d1,9cb89005693b1b70c102178849b740fde00b50c9ba5f3b5530d0e5749ea59837,eca954c21da074c545cb7858315ea39fee0a6f54b19e06474b4f2f91f1666847,c40aaf80f5be3be16016d797963cb563e35b93083df451f9827f99cfadc3c898,6031dc4ee08b61c58b35b1efd7d764739d5c7c54dc7cbe9e9a72a1e4a7098596,e2212c40566e21c680a98186ebd8e984aa80d4fd,4d4ad03b827958468b1a231e360c7ad1aa68035c25af068059838ceae6dfa6d6,84f6ca69daadf04be6928767627ac1ca0eb72facd2864d83a1c7567e6ba60ea3,R3_UC_123_selected,dadbfccabccdfd0f88f40a0f73e6518a25d23a325fed7d652875782615cd480b,validation,P1,2017-03-30,986,864.6889528207547,49b7ff773b2787a4936a8ce57860301bf61c6d88cba3106dd2ba568b024116ad
new_p3_training,True,tuned,UC,123,R3,3cfd389bbd05ec9201a41c0892e29bf8199198d1b216b9a8061370d4240aa583,bd1488a2d411295d7a2118c50ddcc0b158786123613af1676062e2270d1637d1,9cb89005693b1b70c102178849b740fde00b50c9ba5f3b5530d0e5749ea59837,eca954c21da074c545cb7858315ea39fee0a6f54b19e06474b4f2f91f1666847,c40aaf80f5be3be16016d797963cb563e35b93083df451f9827f99cfadc3c898,6031dc4ee08b61c58b35b1efd7d764739d5c7c54dc7cbe9e9a72a1e4a7098596,e2212c40566e21c680a98186ebd8e984aa80d4fd,4d4ad03b827958468b1a231e360c7ad1aa68035c25af068059838ceae6dfa6d6,84f6ca69daadf04be6928767627ac1ca0eb72facd2864d83a1c7567e6ba60ea3,R3_UC_123_selected,dadbfccabccdfd0f88f40a0f73e6518a25d23a325fed7d652875782615cd480b,validation,P1,2017-03-31,992,883.8158493279477,e16b5a5dd6ce407c5198d92927e3b25ca9eef9a5a838c644f12b46a6f28a39b7
new_p3_training,True,tuned,UC,123,R3,3cfd389bbd05ec9201a41c0892e29bf8199198d1b216b9a8061370d4240aa583,bd1488a2d411295d7a2118c50ddcc0b158786123613af1676062e2270d1637d1,9cb89005693b1b70c102178849b740fde00b50c9ba5f3b5530d0e5749ea59837,eca954c21da074c545cb7858315ea39fee0a6f54b19e06474b4f2f91f1666847,c40aaf80f5be3be16016d797963cb563e35b93083df451f9827f99cfadc3c898,6031dc4ee08b61c58b35b1efd7d764739d5c7c54dc7cbe9e9a72a1e4a7098596,e2212c40566e21c680a98186ebd8e984aa80d4fd,4d4ad03b827958468b1a231e360c7ad1aa68035c25af068059838ceae6dfa6d6,84f6ca69daadf04be6928767627ac1ca0eb72facd2864d83a1c7567e6ba60ea3,R3_UC_123_selected,dadbfccabccdfd0f88f40a0f73e6518a25d23a325fed7d652875782615cd480b,validation,P1,2017-04-03,970,893.1205607135099,282a8e29150de8990b692c8533288ebf54798c688a0c4a6ebb259c2170e02211
new_p3_training,True,tuned,UC,123,R3,3cfd389bbd05ec9201a41c0892e29bf8199198d1b216b9a8061370d4240aa583,bd1488a2d411295d7a2118c50ddcc0b158786123613af1676062e2270d1637d1,9cb89005693b1b70c102178849b740fde00b50c9ba5f3b5530d0e5749ea59837,eca954c21da074c545cb7858315ea39fee0a6f54b19e06474b4f2f91f1666847,c40aaf80f5be3be16016d797963cb563e35b93083df451f9827f99cfadc3c898,6031dc4ee08b61c58b35b1efd7d764739d5c7c54dc7cbe9e9a72a1e4a7098596,e2212c40566e21c680a98186ebd8e984aa80d4fd,4d4ad03b827958468b1a231e360c7ad1aa68035c25af068059838ceae6dfa6d6,84f6ca69daadf04be6928767627ac1ca0eb72facd2864d83a1c7567e6ba60ea3,R3_UC_123_selected,dadbfccabccdfd0f88f40a0f73e6518a25d23a325fed7d652875782615cd480b,validation,P1,2017-04-04,973,876.5429513392,fe1b8fe1bd2365fa7be179be2a34912fba7286b3f729ae98d3faa5d1de476dc8
new_p3_training,True,tuned,UC,123,R3,3cfd389bbd05ec9201a41c0892e29bf8199198d1b216b9a8061370d4240aa583,bd1488a2d411295d7a2118c50ddcc0b158786123613af1676062e2270d1637d1,9cb89005693b1b70c102178849b740fde00b50c9ba5f3b5530d0e5749ea59837,eca954c21da074c545cb7858315ea39fee0a6f54b19e06474b4f2f91f1666847,c40aaf80f5be3be16016d797963cb563e35b93083df451f9827f99cfadc3c898,6031dc4ee08b61c58b35b1efd7d764739d5c7c54dc7cbe9e9a72a1e4a7098596,e2212c40566e21c680a98186ebd8e984aa80d4fd,4d4ad03b827958468b1a231e360c7ad1aa68035c25af068059838ceae6dfa6d6,84f6ca69daadf04be6928767627ac1ca0eb72facd2864d83a1c7567e6ba60ea3,R3_UC_123_selected,dadbfccabccdfd0f88f40a0f73e6518a25d23a325fed7d652875782615cd480b,validation,P1,2017-04-05,977,960.2313912726472,34f8bb984bdf422f30deaae224287b2f8a9b3dd5e47c66a1678162faf37802de
new_p3_training,True,tuned,UC,123,R3,3cfd389bbd05ec9201a41c0892e29bf8199198d1b216b9a8061370d4240aa583,bd1488a2d411295d7a2118c50ddcc0b158786123613af1676062e2270d1637d1,9cb89005693b1b70c102178849b740fde00b50c9ba5f3b5530d0e5749ea59837,eca954c21da074c545cb7858315ea39fee0a6f54b19e06474b4f2f91f1666847,c40aaf80f5be3be16016d797963cb563e35b93083df451f9827f99cfadc3c898,6031dc4ee08b61c58b35b1efd7d764739d5c7c54dc7cbe9e9a72a1e4a7098596,e2212c40566e21c680a98186ebd8e984aa80d4fd,4d4ad03b827958468b1a231e360c7ad1aa68035c25af068059838ceae6dfa6d6,84f6ca69daadf04be6928767627ac1ca0eb72facd2864d83a1c7567e6ba60ea3,R3_UC_123_selected,dadbfccabccdfd0f88f40a0f73e6518a25d23a325fed7d652875782615cd480b,validation,P1,2017-04-06,983,861.4671832294399,f9660e81a1bb6c651f7ed9528725a55be88e7c033ce32fda8218044b5a2b5a98
new_p3_training,True,tuned,UC,123,R3,3cfd389bbd05ec9201a41c0892e29bf8199198d1b216b9a8061370d4240aa583,bd1488a2d411295d7a2118c50ddcc0b158786123613af1676062e2270d1637d1,9cb89005693b1b70c102178849b740fde00b50c9ba5f3b5530d0e5749ea59837,eca954c21da074c545cb7858315ea39fee0a6f54b19e06474b4f2f91f1666847,c40aaf80f5be3be16016d797963cb563e35b93083df451f9827f99cfadc3c898,6031dc4ee08b61c58b35b1efd7d764739d5c7c54dc7cbe9e9a72a1e4a7098596,e2212c40566e21c680a98186ebd8e984aa80d4fd,4d4ad03b827958468b1a231e360c7ad1aa68035c25af068059838ceae6dfa6d6,84f6ca69daadf04be6928767627ac1ca0eb72facd2864d83a1c7567e6ba60ea3,R3_UC_123_selected,dadbfccabccdfd0f88f40a0f73e6518a25d23a325fed7d652875782615cd480b,validation,P1,2017-04-07,984,894.2818403020556,de5037176ca77b3a7dd35609a8385dc3648c59b8a1bbdbd824031ace47bae406
new_p3_training,True,tuned,UC,123,R3,3cfd389bbd05ec9201a41c0892e29bf8199198d1b216b9a8061370d4240aa583,bd1488a2d411295d7a2118c50ddcc0b158786123613af1676062e2270d1637d1,9cb89005693b1b70c102178849b740fde00b50c9ba5f3b5530d0e5749ea59837,eca954c21da074c545cb7858315ea39fee0a6f54b19e06474b4f2f91f1666847,c40aaf80f5be3be16016d797963cb563e35b93083df451f9827f99cfadc3c898,6031dc4ee08b61c58b35b1efd7d764739d5c7c54dc7cbe9e9a72a1e4a7098596,e2212c40566e21c680a98186ebd8e984aa80d4fd,4d4ad03b827958468b1a231e360c7ad1aa68035c25af068059838ceae6dfa6d6,84f6ca69daadf04be6928767627ac1ca0eb72facd2864d83a1c7567e6ba60ea3,R3_UC_123_selected,dadbfccabccdfd0f88f40a0f73e6518a25d23a325fed7d652875782615cd480b,validation,P1,2017-04-10,966,874.2889179241381,085bd9ec5590344db426d06e7c9c0de7dba5578e37a5a7a51095cc5901eb0711
new_p3_training,True,tuned,UC,123,R3,3cfd389bbd05ec9201a41c0892e29bf8199198d1b216b9a8061370d4240aa583,bd1488a2d411295d7a2118c50ddcc0b158786123613af1676062e2270d1637d1,9cb89005693b1b70c102178849b740fde00b50c9ba5f3b5530d0e5749ea59837,eca954c21da074c545cb7858315ea39fee0a6f54b19e06474b4f2f91f1666847,c40aaf80f5be3be16016d797963cb563e35b93083df451f9827f99cfadc3c898,6031dc4ee08b61c58b35b1efd7d764739d5c7c54dc7cbe9e9a72a1e4a7098596,e2212c40566e21c680a98186ebd8e984aa80d4fd,4d4ad03b827958468b1a231e360c7ad1aa68035c25af068059838ceae6dfa6d6,84f6ca69daadf04be6928767627ac1ca0eb72facd2864d83a1c7567e6ba60ea3,R3_UC_123_selected,dadbfccabccdfd0f88f40a0f73e6518a25d23a325fed7d652875782615cd480b,validation,P1,2017-04-11,979,850.3022103690262,d3a05641e3d6dca330e8f10942a19d7bc2ad3ca70f91feb5c3133e031b47ae02
new_p3_training,True,tuned,UC,123,R3,3cfd389bbd05ec9201a41c0892e29bf8199198d1b216b9a8061370d4240aa583,bd1488a2d411295d7a2118c50ddcc0b158786123613af1676062e2270d1637d1,9cb89005693b1b70c102178849b740fde00b50c9ba5f3b5530d0e5749ea59837,eca954c21da074c545cb7858315ea39fee0a6f54b19e06474b4f2f91f1666847,c40aaf80f5be3be16016d797963cb563e35b93083df451f9827f99cfadc3c898,6031dc4ee08b61c58b35b1efd7d764739d5c7c54dc7cbe9e9a72a1e4a7098596,e2212c40566e21c680a98186ebd8e984aa80d4fd,4d4ad03b827958468b1a231e360c7ad1aa68035c25af068059838ceae6dfa6d6,84f6ca69daadf04be6928767627ac1ca0eb72facd2864d83a1c7567e6ba60ea3,R3_UC_123_selected,dadbfccabccdfd0f88f40a0f73e6518a25d23a325fed7d652875782615cd480b,validation,P1,2017-04-12,986,835.30689457285,ff236130b5944df42474923fb60f31680728df84378de0d20c59050f794c8e6b
new_p3_training,True,tuned,UC,123,R3,3cfd389bbd05ec9201a41c0892e29bf8199198d1b216b9a8061370d4240aa583,bd1488a2d411295d7a2118c50ddcc0b158786123613af1676062e2270d1637d1,9cb89005693b1b70c102178849b740fde00b50c9ba5f3b5530d0e5749ea59837,eca954c21da074c545cb7858315ea39fee0a6f54b19e06474b4f2f91f1666847,c40aaf80f5be3be16016d797963cb563e35b93083df451f9827f99cfadc3c898,6031dc4ee08b61c58b35b1efd7d764739d5c7c54dc7cbe9e9a72a1e4a7098596,e2212c40566e21c680a98186ebd8e984aa80d4fd,4d4ad03b827958468b1a231e360c7ad1aa68035c25af068059838ceae6dfa6d6,84f6ca69daadf04be6928767627ac1ca0eb72facd2864d83a1c7567e6ba60ea3,R3_UC_123_selected,dadbfccabccdfd0f88f40a0f73e6518a25d23a325fed7d652875782615cd480b,validation,P1,2017-04-13,987,918.1621006611388,1512108692a9849739d7b94952ed0a65ae5877e5146e9d77779db38fdd4f226c
new_p3_training,True,tuned,UC,123,R3,3cfd389bbd05ec9201a41c0892e29bf8199198d1b216b9a8061370d4240aa583,bd1488a2d411295d7a2118c50ddcc0b158786123613af1676062e2270d1637d1,9cb89005693b1b70c102178849b740fde00b50c9ba5f3b5530d0e5749ea59837,eca954c21da074c545cb7858315ea39fee0a6f54b19e06474b4f2f91f1666847,c40aaf80f5be3be16016d797963cb563e35b93083df451f9827f99cfadc3c898,6031dc4ee08b61c58b35b1efd7d764739d5c7c54dc7cbe9e9a72a1e4a7098596,e2212c40566e21c680a98186ebd8e984aa80d4fd,4d4ad03b827958468b1a231e360c7ad1aa68035c25af068059838ceae6dfa6d6,84f6ca69daadf04be6928767627ac1ca0eb72facd2864d83a1c7567e6ba60ea3,R3_UC_123_selected,dadbfccabccdfd0f88f40a0f73e6518a25d23a325fed7d652875782615cd480b,validation,P1,2017-04-14,984,918.4338156300381,dc1ee29a093b7ba98c429d1bf253c92ae38ce9aa10fa3f195a5b270c63fb6bd2
new_p3_training,True,tuned,UC,123,R3,3cfd389bbd05ec9201a41c0892e29bf8199198d1b216b9a8061370d4240aa583,bd1488a2d411295d7a2118c50ddcc0b158786123613af1676062e2270d1637d1,9cb89005693b1b70c102178849b740fde00b50c9ba5f3b5530d0e5749ea59837,eca954c21da074c545cb7858315ea39fee0a6f54b19e06474b4f2f91f1666847,c40aaf80f5be3be16016d797963cb563e35b93083df451f9827f99cfadc3c898,6031dc4ee08b61c58b35b1efd7d764739d5c7c54dc7cbe9e9a72a1e4a7098596,e2212c40566e21c680a98186ebd8e984aa80d4fd,4d4ad03b827958468b1a231e360c7ad1aa68035c25af068059838ceae6dfa6d6,84f6ca69daadf04be6928767627ac1ca0eb72facd2864d83a1c7567e6ba60ea3,R3_UC_123_selected,dadbfccabccdfd0f88f40a0f73e6518a25d23a325fed7d652875782615cd480b,validation,P1,2017-04-17,988,862.6980660855581,dd0b9c340a7cc0450884405640fcf163130aee4f09534fa79fbf9c879bd8d778
new_p3_training,True,tuned,UC,123,R3,3cfd389bbd05ec9201a41c0892e29bf8199198d1b216b9a8061370d4240aa583,bd1488a2d411295d7a2118c50ddcc0b158786123613af1676062e2270d1637d1,9cb89005693b1b70c102178849b740fde00b50c9ba5f3b5530d0e5749ea59837,eca954c21da074c545cb7858315ea39fee0a6f54b19e06474b4f2f91f1666847,c40aaf80f5be3be16016d797963cb563e35b93083df451f9827f99cfadc3c898,6031dc4ee08b61c58b35b1efd7d764739d5c7c54dc7cbe9e9a72a1e4a7098596,e2212c40566e21c680a98186ebd8e984aa80d4fd,4d4ad03b827958468b1a231e360c7ad1aa68035c25af068059838ceae6dfa6d6,84f6ca69daadf04be6928767627ac1ca0eb72facd2864d83a1c7567e6ba60ea3,R3_UC_123_selected,dadbfccabccdfd0f88f40a0f73e6518a25d23a325fed7d652875782615cd480b,validation,P1,2017-04-18,985,847.005429726688,5df9a5b0ae43d5006010654c42f023a92c7631b5fc3f8478b884f4d93c438022
new_p3_training,True,tuned,UC,123,R3,3cfd389bbd05ec9201a41c0892e29bf8199198d1b216b9a8061370d4240aa583,bd1488a2d411295d7a2118c50ddcc0b158786123613af1676062e2270d1637d1,9cb89005693b1b70c102178849b740fde00b50c9ba5f3b5530d0e5749ea59837,eca954c21da074c545cb7858315ea39fee0a6f54b19e06474b4f2f91f1666847,c40aaf80f5be3be16016d797963cb563e35b93083df451f9827f99cfadc3c898,6031dc4ee08b61c58b35b1efd7d764739d5c7c54dc7cbe9e9a72a1e4a7098596,e2212c40566e21c680a98186ebd8e984aa80d4fd,4d4ad03b827958468b1a231e360c7ad1aa68035c25af068059838ceae6dfa6d6,84f6ca69daadf04be6928767627ac1ca0eb72facd2864d83a1c7567e6ba60ea3,R3_UC_123_selected,dadbfccabccdfd0f88f40a0f73e6518a25d23a325fed7d652875782615cd480b,validation,P1,2017-04-19,990,889.8270605253721,5bcb5d4f0e66822302db78c8e0203e0a1bde0c7298fd4141741178418146fb37
new_p3_training,True,tuned,UC,123,R3,3cfd389bbd05ec9201a41c0892e29bf8199198d1b216b9a8061370d4240aa583,bd1488a2d411295d7a2118c50ddcc0b158786123613af1676062e2270d1637d1,9cb89005693b1b70c102178849b740fde00b50c9ba5f3b5530d0e5749ea59837,eca954c21da074c545cb7858315ea39fee0a6f54b19e06474b4f2f91f1666847,c40aaf80f5be3be16016d797963cb563e35b93083df451f9827f99cfadc3c898,6031dc4ee08b61c58b35b1efd7d764739d5c7c54dc7cbe9e9a72a1e4a7098596,e2212c40566e21c680a98186ebd8e984aa80d4fd,4d4ad03b827958468b1a231e360c7ad1aa68035c25af068059838ceae6dfa6d6,84f6ca69daadf04be6928767627ac1ca0eb72facd2864d83a1c7567e6ba60ea3,R3_UC_123_selected,dadbfccabccdfd0f88f40a0f73e6518a25d23a325fed7d652875782615cd480b,validation,P1,2017-04-20,993,917.9117319088225,66b4f98405285b5233d323b58a786a162993940defa47ff8e77c75f99353f8a3
new_p3_training,True,tuned,UC,123,R3,3cfd389bbd05ec9201a41c0892e29bf8199198d1b216b9a8061370d4240aa583,bd1488a2d411295d7a2118c50ddcc0b158786123613af1676062e2270d1637d1,9cb89005693b1b70c102178849b740fde00b50c9ba5f3b5530d0e5749ea59837,eca954c21da074c545cb7858315ea39fee0a6f54b19e06474b4f2f91f1666847,c40aaf80f5be3be16016d797963cb563e35b93083df451f9827f99cfadc3c898,6031dc4ee08b61c58b35b1efd7d764739d5c7c54dc7cbe9e9a72a1e4a7098596,e2212c40566e21c680a98186ebd8e984aa80d4fd,4d4ad03b827958468b1a231e360c7ad1aa68035c25af068059838ceae6dfa6d6,84f6ca69daadf04be6928767627ac1ca0eb72facd2864d83a1c7567e6ba60ea3,R3_UC_123_selected,dadbfccabccdfd0f88f40a0f73e6518a25d23a325fed7d652875782615cd480b,validation,P1,2017-04-21,993,834.8060039364326,794ef6b7959cb0c0d0fa3f0a3185df1d7e98dbdaf5e392ed153be5e5aa421f20
new_p3_training,True,tuned,UC,123,R3,3cfd389bbd05ec9201a41c0892e29bf8199198d1b216b9a8061370d4240aa583,bd1488a2d411295d7a2118c50ddcc0b158786123613af1676062e2270d1637d1,9cb89005693b1b70c102178849b740fde00b50c9ba5f3b5530d0e5749ea59837,eca954c21da074c545cb7858315ea39fee0a6f54b19e06474b4f2f91f1666847,c40aaf80f5be3be16016d797963cb563e35b93083df451f9827f99cfadc3c898,6031dc4ee08b61c58b35b1efd7d764739d5c7c54dc7cbe9e9a72a1e4a7098596,e2212c40566e21c680a98186ebd8e984aa80d4fd,4d4ad03b827958468b1a231e360c7ad1aa68035c25af068059838ceae6dfa6d6,84f6ca69daadf04be6928767627ac1ca0eb72facd2864d83a1c7567e6ba60ea3,R3_UC_123_selected,dadbfccabccdfd0f88f40a0f73e6518a25d23a325fed7d652875782615cd480b,validation,P1,2017-04-24,997,898.2376449781475,f781339d08d61b07733071d1319add3deea994f7cc0fa9d9cf980a30e07f286f
new_p3_training,True,tuned,UC,123,R3,3cfd389bbd05ec9201a41c0892e29bf8199198d1b216b9a8061370d4240aa583,bd1488a2d411295d7a2118c50ddcc0b158786123613af1676062e2270d1637d1,9cb89005693b1b70c102178849b740fde00b50c9ba5f3b5530d0e5749ea59837,eca954c21da074c545cb7858315ea39fee0a6f54b19e06474b4f2f91f1666847,c40aaf80f5be3be16016d797963cb563e35b93083df451f9827f99cfadc3c898,6031dc4ee08b61c58b35b1efd7d764739d5c7c54dc7cbe9e9a72a1e4a7098596,e2212c40566e21c680a98186ebd8e984aa80d4fd,4d4ad03b827958468b1a231e360c7ad1aa68035c25af068059838ceae6dfa6d6,84f6ca69daadf04be6928767627ac1ca0eb72facd2864d83a1c7567e6ba60ea3,R3_UC_123_selected,dadbfccabccdfd0f88f40a0f73e6518a25d23a325fed7d652875782615cd480b,validation,P1,2017-04-25,995,877.1686944195939,7eb41eb8bd5d030e32b3d8e7681b4ebdf49c6568c6ba8857f2c4bc8b1b813ccc
new_p3_training,True,tuned,UC,123,R3,3cfd389bbd05ec9201a41c0892e29bf8199198d1b216b9a8061370d4240aa583,bd1488a2d411295d7a2118c50ddcc0b158786123613af1676062e2270d1637d1,9cb89005693b1b70c102178849b740fde00b50c9ba5f3b5530d0e5749ea59837,eca954c21da074c545cb7858315ea39fee0a6f54b19e06474b4f2f91f1666847,c40aaf80f5be3be16016d797963cb563e35b93083df451f9827f99cfadc3c898,6031dc4ee08b61c58b35b1efd7d764739d5c7c54dc7cbe9e9a72a1e4a7098596,e2212c40566e21c680a98186ebd8e984aa80d4fd,4d4ad03b827958468b1a231e360c7ad1aa68035c25af068059838ceae6dfa6d6,84f6ca69daadf04be6928767627ac1ca0eb72facd2864d83a1c7567e6ba60ea3,R3_UC_123_selected,dadbfccabccdfd0f88f40a0f73e6518a25d23a325fed7d652875782615cd480b,validation,P1,2017-04-26,993,874.7536794607809,a4bbe04d4c03976efc0079d6f5f98fd5986c2961badd4b1b6516cbbea47118e9
new_p3_training,True,tuned,UC,123,R3,3cfd389bbd05ec9201a41c0892e29bf8199198d1b216b9a8061370d4240aa583,bd1488a2d411295d7a2118c50ddcc0b158786123613af1676062e2270d1637d1,9cb89005693b1b70c102178849b740fde00b50c9ba5f3b5530d0e5749ea59837,eca954c21da074c545cb7858315ea39fee0a6f54b19e06474b4f2f91f1666847,c40aaf80f5be3be16016d797963cb563e35b93083df451f9827f99cfadc3c898,6031dc4ee08b61c58b35b1efd7d764739d5c7c54dc7cbe9e9a72a1e4a7098596,e2212c40566e21c680a98186ebd8e984aa80d4fd,4d4ad03b827958468b1a231e360c7ad1aa68035c25af068059838ceae6dfa6d6,84f6ca69daadf04be6928767627ac1ca0eb72facd2864d83a1c7567e6ba60ea3,R3_UC_123_selected,dadbfccabccdfd0f88f40a0f73e6518a25d23a325fed7d652875782615cd480b,validation,P1,2017-04-27,999,895.0067988995642,a6fa84f68dc9774a7a506a0b5ac2795377503608b6205271565a3f2cd2984dbb
new_p3_training,True,tuned,UC,123,R3,3cfd389bbd05ec9201a41c0892e29bf8199198d1b216b9a8061370d4240aa583,bd1488a2d411295d7a2118c50ddcc0b158786123613af1676062e2270d1637d1,9cb89005693b1b70c102178849b740fde00b50c9ba5f3b5530d0e5749ea59837,eca954c21da074c545cb7858315ea39fee0a6f54b19e06474b4f2f91f1666847,c40aaf80f5be3be16016d797963cb563e35b93083df451f9827f99cfadc3c898,6031dc4ee08b61c58b35b1efd7d764739d5c7c54dc7cbe9e9a72a1e4a7098596,e2212c40566e21c680a98186ebd8e984aa80d4fd,4d4ad03b827958468b1a231e360c7ad1aa68035c25af068059838ceae6dfa6d6,84f6ca69daadf04be6928767627ac1ca0eb72facd2864d83a1c7567e6ba60ea3,R3_UC_123_selected,dadbfccabccdfd0f88f40a0f73e6518a25d23a325fed7d652875782615cd480b,validation,P1,2017-04-28,999,861.0790406084038,0f9fdfd82fbce83e270c52a96b175956101f57768c53bd66ea4c035cd387c658
new_p3_training,True,tuned,UC,123,R3,3cfd389bbd05ec9201a41c0892e29bf8199198d1b216b9a8061370d4240aa583,bd1488a2d411295d7a2118c50ddcc0b158786123613af1676062e2270d1637d1,9cb89005693b1b70c102178849b740fde00b50c9ba5f3b5530d0e5749ea59837,eca954c21da074c545cb7858315ea39fee0a6f54b19e06474b4f2f91f1666847,c40aaf80f5be3be16016d797963cb563e35b93083df451f9827f99cfadc3c898,6031dc4ee08b61c58b35b1efd7d764739d5c7c54dc7cbe9e9a72a1e4a7098596,e2212c40566e21c680a98186ebd8e984aa80d4fd,4d4ad03b827958468b1a231e360c7ad1aa68035c25af068059838ceae6dfa6d6,84f6ca69daadf04be6928767627ac1ca0eb72facd2864d83a1c7567e6ba60ea3,R3_UC_123_selected,dadbfccabccdfd0f88f40a0f73e6518a25d23a325fed7d652875782615cd480b,validation,P1,2017-05-02,999,866.743910899261,14c0c2778364aefc45986d4542103d8734a852739122b0465fd32cff95986cf4
new_p3_training,True,tuned,UC,123,R3,3cfd389bbd05ec9201a41c0892e29bf8199198d1b216b9a8061370d4240aa583,bd1488a2d411295d7a2118c50ddcc0b158786123613af1676062e2270d1637d1,9cb89005693b1b70c102178849b740fde00b50c9ba5f3b5530d0e5749ea59837,eca954c21da074c545cb7858315ea39fee0a6f54b19e06474b4f2f91f1666847,c40aaf80f5be3be16016d797963cb563e35b93083df451f9827f99cfadc3c898,6031dc4ee08b61c58b35b1efd7d764739d5c7c54dc7cbe9e9a72a1e4a7098596,e2212c40566e21c680a98186ebd8e984aa80d4fd,4d4ad03b827958468b1a231e360c7ad1aa68035c25af068059838ceae6dfa6d6,84f6ca69daadf04be6928767627ac1ca0eb72facd2864d83a1c7567e6ba60ea3,R3_UC_123_selected,dadbfccabccdfd0f88f40a0f73e6518a25d23a325fed7d652875782615cd480b,validation,P1,2017-05-04,992,782.3814244935434,6631fc70ac37a887756b49773fa3cf7cefc19b72a4257b6ef3f848e040255cac
new_p3_training,True,tuned,UC,123,R3,3cfd389bbd05ec9201a41c0892e29bf8199198d1b216b9a8061370d4240aa583,bd1488a2d411295d7a2118c50ddcc0b158786123613af1676062e2270d1637d1,9cb89005693b1b70c102178849b740fde00b50c9ba5f3b5530d0e5749ea59837,eca954c21da074c545cb7858315ea39fee0a6f54b19e06474b4f2f91f1666847,c40aaf80f5be3be16016d797963cb563e35b93083df451f9827f99cfadc3c898,6031dc4ee08b61c58b35b1efd7d764739d5c7c54dc7cbe9e9a72a1e4a7098596,e2212c40566e21c680a98186ebd8e984aa80d4fd,4d4ad03b827958468b1a231e360c7ad1aa68035c25af068059838ceae6dfa6d6,84f6ca69daadf04be6928767627ac1ca0eb72facd2864d83a1c7567e6ba60ea3,R3_UC_123_selected,dadbfccabccdfd0f88f40a0f73e6518a25d23a325fed7d652875782615cd480b,validation,P1,2017-05-08,990,896.2954822395358,a8a93d88dcfdd49497068e218a5e3ca128b4bce725fe86790a9730e3131444c5
new_p3_training,True,tuned,UC,123,R3,3cfd389bbd05ec9201a41c0892e29bf8199198d1b216b9a8061370d4240aa583,bd1488a2d411295d7a2118c50ddcc0b158786123613af1676062e2270d1637d1,9cb89005693b1b70c102178849b740fde00b50c9ba5f3b5530d0e5749ea59837,eca954c21da074c545cb7858315ea39fee0a6f54b19e06474b4f2f91f1666847,c40aaf80f5be3be16016d797963cb563e35b93083df451f9827f99cfadc3c898,6031dc4ee08b61c58b35b1efd7d764739d5c7c54dc7cbe9e9a72a1e4a7098596,e2212c40566e21c680a98186ebd8e984aa80d4fd,4d4ad03b827958468b1a231e360c7ad1aa68035c25af068059838ceae6dfa6d6,84f6ca69daadf04be6928767627ac1ca0eb72facd2864d83a1c7567e6ba60ea3,R3_UC_123_selected,dadbfccabccdfd0f88f40a0f73e6518a25d23a325fed7d652875782615cd480b,validation,P1,2017-05-10,997,1006.2995213566459,c5043e307983428fecff0c99ddf1ba2dd0dd8b565758b361d564c9e9cc4e1183
new_p3_training,True,tuned,UC,123,R3,3cfd389bbd05ec9201a41c0892e29bf8199198d1b216b9a8061370d4240aa583,bd1488a2d411295d7a2118c50ddcc0b158786123613af1676062e2270d1637d1,9cb89005693b1b70c102178849b740fde00b50c9ba5f3b5530d0e5749ea59837,eca954c21da074c545cb7858315ea39fee0a6f54b19e06474b4f2f91f1666847,c40aaf80f5be3be16016d797963cb563e35b93083df451f9827f99cfadc3c898,6031dc4ee08b61c58b35b1efd7d764739d5c7c54dc7cbe9e9a72a1e4a7098596,e2212c40566e21c680a98186ebd8e984aa80d4fd,4d4ad03b827958468b1a231e360c7ad1aa68035c25af068059838ceae6dfa6d6,84f6ca69daadf04be6928767627ac1ca0eb72facd2864d83a1c7567e6ba60ea3,R3_UC_123_selected,dadbfccabccdfd0f88f40a0f73e6518a25d23a325fed7d652875782615cd480b,validation,P1,2017-05-11,989,984.5302849454355,22406276b142791300e2c9092279b8cdbaf16becf348dd34d48b8ba6b7516ddd
new_p3_training,True,tuned,UC,123,R3,3cfd389bbd05ec9201a41c0892e29bf8199198d1b216b9a8061370d4240aa583,bd1488a2d411295d7a2118c50ddcc0b158786123613af1676062e2270d1637d1,9cb89005693b1b70c102178849b740fde00b50c9ba5f3b5530d0e5749ea59837,eca954c21da074c545cb7858315ea39fee0a6f54b19e06474b4f2f91f1666847,c40aaf80f5be3be16016d797963cb563e35b93083df451f9827f99cfadc3c898,6031dc4ee08b61c58b35b1efd7d764739d5c7c54dc7cbe9e9a72a1e4a7098596,e2212c40566e21c680a98186ebd8e984aa80d4fd,4d4ad03b827958468b1a231e360c7ad1aa68035c25af068059838ceae6dfa6d6,84f6ca69daadf04be6928767627ac1ca0eb72facd2864d83a1c7567e6ba60ea3,R3_UC_123_selected,dadbfccabccdfd0f88f40a0f73e6518a25d23a325fed7d652875782615cd480b,validation,P1,2017-05-12,984,921.8601659573694,1b0f01fba908157b595d59a8a664eb3ee985300366a29e23191a03ba762a6761
new_p3_training,True,tuned,UC,123,R3,3cfd389bbd05ec9201a41c0892e29bf8199198d1b216b9a8061370d4240aa583,bd1488a2d411295d7a2118c50ddcc0b158786123613af1676062e2270d1637d1,9cb89005693b1b70c102178849b740fde00b50c9ba5f3b5530d0e5749ea59837,eca954c21da074c545cb7858315ea39fee0a6f54b19e06474b4f2f91f1666847,c40aaf80f5be3be16016d797963cb563e35b93083df451f9827f99cfadc3c898,6031dc4ee08b61c58b35b1efd7d764739d5c7c54dc7cbe9e9a72a1e4a7098596,e2212c40566e21c680a98186ebd8e984aa80d4fd,4d4ad03b827958468b1a231e360c7ad1aa68035c25af068059838ceae6dfa6d6,84f6ca69daadf04be6928767627ac1ca0eb72facd2864d83a1c7567e6ba60ea3,R3_UC_123_selected,dadbfccabccdfd0f88f40a0f73e6518a25d23a325fed7d652875782615cd480b,validation,P1,2017-05-15,973,902.1341606176045,895ac7feb08d2ef40987217310989acc06eceddb0860ad6d53fc2343faceadb0
new_p3_training,True,tuned,UC,123,R3,3cfd389bbd05ec9201a41c0892e29bf8199198d1b216b9a8061370d4240aa583,bd1488a2d411295d7a2118c50ddcc0b158786123613af1676062e2270d1637d1,9cb89005693b1b70c102178849b740fde00b50c9ba5f3b5530d0e5749ea59837,eca954c21da074c545cb7858315ea39fee0a6f54b19e06474b4f2f91f1666847,c40aaf80f5be3be16016d797963cb563e35b93083df451f9827f99cfadc3c898,6031dc4ee08b61c58b35b1efd7d764739d5c7c54dc7cbe9e9a72a1e4a7098596,e2212c40566e21c680a98186ebd8e984aa80d4fd,4d4ad03b827958468b1a231e360c7ad1aa68035c25af068059838ceae6dfa6d6,84f6ca69daadf04be6928767627ac1ca0eb72facd2864d83a1c7567e6ba60ea3,R3_UC_123_selected,dadbfccabccdfd0f88f40a0f73e6518a25d23a325fed7d652875782615cd480b,validation,P2,2017-03-02,891,856.6503019152663,74895839487a4626b79a24047f29fcf80498d3c448ece3c1eb05e9ef2a388903
new_p3_training,True,tuned,UC,123,R3,3cfd389bbd05ec9201a41c0892e29bf8199198d1b216b9a8061370d4240aa583,bd1488a2d411295d7a2118c50ddcc0b158786123613af1676062e2270d1637d1,9cb89005693b1b70c102178849b740fde00b50c9ba5f3b5530d0e5749ea59837,eca954c21da074c545cb7858315ea39fee0a6f54b19e06474b4f2f91f1666847,c40aaf80f5be3be16016d797963cb563e35b93083df451f9827f99cfadc3c898,6031dc4ee08b61c58b35b1efd7d764739d5c7c54dc7cbe9e9a72a1e4a7098596,e2212c40566e21c680a98186ebd8e984aa80d4fd,4d4ad03b827958468b1a231e360c7ad1aa68035c25af068059838ceae6dfa6d6,84f6ca69daadf04be6928767627ac1ca0eb72facd2864d83a1c7567e6ba60ea3,R3_UC_123_selected,dadbfccabccdfd0f88f40a0f73e6518a25d23a325fed7d652875782615cd480b,validation,P2,2017-03-03,891,898.2661915867468,681bbb2911a1ded1f47d9b6c7e0057dcc1ee813a5e5767a77f865817e6e69407
new_p3_training,True,tuned,UC,123,R3,3cfd389bbd05ec9201a41c0892e29bf8199198d1b216b9a8061370d4240aa583,bd1488a2d411295d7a2118c50ddcc0b158786123613af1676062e2270d1637d1,9cb89005693b1b70c102178849b740fde00b50c9ba5f3b5530d0e5749ea59837,eca954c21da074c545cb7858315ea39fee0a6f54b19e06474b4f2f91f1666847,c40aaf80f5be3be16016d797963cb563e35b93083df451f9827f99cfadc3c898,6031dc4ee08b61c58b35b1efd7d764739d5c7c54dc7cbe9e9a72a1e4a7098596,e2212c40566e21c680a98186ebd8e984aa80d4fd,4d4ad03b827958468b1a231e360c7ad1aa68035c25af068059838ceae6dfa6d6,84f6ca69daadf04be6928767627ac1ca0eb72facd2864d83a1c7567e6ba60ea3,R3_UC_123_selected,dadbfccabccdfd0f88f40a0f73e6518a25d23a325fed7d652875782615cd480b,validation,P2,2017-03-06,891,865.2496589393911,709d21885679f04617c21e969424134af912f44c84b481e6261c06deb751b124
new_p3_training,True,tuned,UC,123,R3,3cfd389bbd05ec9201a41c0892e29bf8199198d1b216b9a8061370d4240aa583,bd1488a2d411295d7a2118c50ddcc0b158786123613af1676062e2270d1637d1,9cb89005693b1b70c102178849b740fde00b50c9ba5f3b5530d0e5749ea59837,eca954c21da074c545cb7858315ea39fee0a6f54b19e06474b4f2f91f1666847,c40aaf80f5be3be16016d797963cb563e35b93083df451f9827f99cfadc3c898,6031dc4ee08b61c58b35b1efd7d764739d5c7c54dc7cbe9e9a72a1e4a7098596,e2212c40566e21c680a98186ebd8e984aa80d4fd,4d4ad03b827958468b1a231e360c7ad1aa68035c25af068059838ceae6dfa6d6,84f6ca69daadf04be6928767627ac1ca0eb72facd2864d83a1c7567e6ba60ea3,R3_UC_123_selected,dadbfccabccdfd0f88f40a0f73e6518a25d23a325fed7d652875782615cd480b,validation,P2,2017-03-07,891,773.1559392059745,40f2996066de44db4575bf205375b9211ff9d287dc652e7a01ded9ac106b9ac5
new_p3_training,True,tuned,UC,123,R3,3cfd389bbd05ec9201a41c0892e29bf8199198d1b216b9a8061370d4240aa583,bd1488a2d411295d7a2118c50ddcc0b158786123613af1676062e2270d1637d1,9cb89005693b1b70c102178849b740fde00b50c9ba5f3b5530d0e5749ea59837,eca954c21da074c545cb7858315ea39fee0a6f54b19e06474b4f2f91f1666847,c40aaf80f5be3be16016d797963cb563e35b93083df451f9827f99cfadc3c898,6031dc4ee08b61c58b35b1efd7d764739d5c7c54dc7cbe9e9a72a1e4a7098596,e2212c40566e21c680a98186ebd8e984aa80d4fd,4d4ad03b827958468b1a231e360c7ad1aa68035c25af068059838ceae6dfa6d6,84f6ca69daadf04be6928767627ac1ca0eb72facd2864d83a1c7567e6ba60ea3,R3_UC_123_selected,dadbfccabccdfd0f88f40a0f73e6518a25d23a325fed7d652875782615cd480b,validation,P2,2017-03-08,891,832.1122947652385,c2aca331c6c62418b58d7252fc8f65b931964957b7db60e3d02289069c0b2eec
new_p3_training,True,tuned,UC,123,R3,3cfd389bbd05ec9201a41c0892e29bf8199198d1b216b9a8061370d4240aa583,bd1488a2d411295d7a2118c50ddcc0b158786123613af1676062e2270d1637d1,9cb89005693b1b70c102178849b740fde00b50c9ba5f3b5530d0e5749ea59837,eca954c21da074c545cb7858315ea39fee0a6f54b19e06474b4f2f91f1666847,c40aaf80f5be3be16016d797963cb563e35b93083df451f9827f99cfadc3c898,6031dc4ee08b61c58b35b1efd7d764739d5c7c54dc7cbe9e9a72a1e4a7098596,e2212c40566e21c680a98186ebd8e984aa80d4fd,4d4ad03b827958468b1a231e360c7ad1aa68035c25af068059838ceae6dfa6d6,84f6ca69daadf04be6928767627ac1ca0eb72facd2864d83a1c7567e6ba60ea3,R3_UC_123_selected,dadbfccabccdfd0f88f40a0f73e6518a25d23a325fed7d652875782615cd480b,validation,P2,2017-03-09,891,804.8371328259921,9d128666480cd3d366ca5e8eec249df48ec3971d9031807d28bb197592d507d3
new_p3_training,True,tuned,UC,123,R3,3cfd389bbd05ec9201a41c0892e29bf8199198d1b216b9a8061370d4240aa583,bd1488a2d411295d7a2118c50ddcc0b158786123613af1676062e2270d1637d1,9cb89005693b1b70c102178849b740fde00b50c9ba5f3b5530d0e5749ea59837,eca954c21da074c545cb7858315ea39fee0a6f54b19e06474b4f2f91f1666847,c40aaf80f5be3be16016d797963cb563e35b93083df451f9827f99cfadc3c898,6031dc4ee08b61c58b35b1efd7d764739d5c7c54dc7cbe9e9a72a1e4a7098596,e2212c40566e21c680a98186ebd8e984aa80d4fd,4d4ad03b827958468b1a231e360c7ad1aa68035c25af068059838ceae6dfa6d6,84f6ca69daadf04be6928767627ac1ca0eb72facd2864d83a1c7567e6ba60ea3,R3_UC_123_selected,dadbfccabccdfd0f88f40a0f73e6518a25d23a325fed7d652875782615cd480b,validation,P2,2017-03-10,891,889.3045570417839,59e5a3c6a6e2014fd4d26d818aacdf60305da46009c9d7420495e283694292bb
new_p3_training,True,tuned,UC,123,R3,3cfd389bbd05ec9201a41c0892e29bf8199198d1b216b9a8061370d4240aa583,bd1488a2d411295d7a2118c50ddcc0b158786123613af1676062e2270d1637d1,9cb89005693b1b70c102178849b740fde00b50c9ba5f3b5530d0e5749ea59837,eca954c21da074c545cb7858315ea39fee0a6f54b19e06474b4f2f91f1666847,c40aaf80f5be3be16016d797963cb563e35b93083df451f9827f99cfadc3c898,6031dc4ee08b61c58b35b1efd7d764739d5c7c54dc7cbe9e9a72a1e4a7098596,e2212c40566e21c680a98186ebd8e984aa80d4fd,4d4ad03b827958468b1a231e360c7ad1aa68035c25af068059838ceae6dfa6d6,84f6ca69daadf04be6928767627ac1ca0eb72facd2864d83a1c7567e6ba60ea3,R3_UC_123_selected,dadbfccabccdfd0f88f40a0f73e6518a25d23a325fed7d652875782615cd480b,validation,P2,2017-03-13,891,825.9629578357088,e22242748b79bc12f456355923f90b0561e98742137563f4abb67d37a3d3ef7d
new_p3_training,True,tuned,UC,123,R3,3cfd389bbd05ec9201a41c0892e29bf8199198d1b216b9a8061370d4240aa583,bd1488a2d411295d7a2118c50ddcc0b158786123613af1676062e2270d1637d1,9cb89005693b1b70c102178849b740fde00b50c9ba5f3b5530d0e5749ea59837,eca954c21da074c545cb7858315ea39fee0a6f54b19e06474b4f2f91f1666847,c40aaf80f5be3be16016d797963cb563e35b93083df451f9827f99cfadc3c898,6031dc4ee08b61c58b35b1efd7d764739d5c7c54dc7cbe9e9a72a1e4a7098596,e2212c40566e21c680a98186ebd8e984aa80d4fd,4d4ad03b827958468b1a231e360c7ad1aa68035c25af068059838ceae6dfa6d6,84f6ca69daadf04be6928767627ac1ca0eb72facd2864d83a1c7567e6ba60ea3,R3_UC_123_selected,dadbfccabccdfd0f88f40a0f73e6518a25d23a325fed7d652875782615cd480b,validation,P2,2017-03-14,891,818.7261310914542,e68ce4718afd82fb36762b852c23b4b89e0d4cfa4dedbe31c1bde85d1c6a9f44
new_p3_training,True,tuned,UC,123,R3,3cfd389bbd05ec9201a41c0892e29bf8199198d1b216b9a8061370d4240aa583,bd1488a2d411295d7a2118c50ddcc0b158786123613af1676062e2270d1637d1,9cb89005693b1b70c102178849b740fde00b50c9ba5f3b5530d0e5749ea59837,eca954c21da074c545cb7858315ea39fee0a6f54b19e06474b4f2f91f1666847,c40aaf80f5be3be16016d797963cb563e35b93083df451f9827f99cfadc3c898,6031dc4ee08b61c58b35b1efd7d764739d5c7c54dc7cbe9e9a72a1e4a7098596,e2212c40566e21c680a98186ebd8e984aa80d4fd,4d4ad03b827958468b1a231e360c7ad1aa68035c25af068059838ceae6dfa6d6,84f6ca69daadf04be6928767627ac1ca0eb72facd2864d83a1c7567e6ba60ea3,R3_UC_123_selected,dadbfccabccdfd0f88f40a0f73e6518a25d23a325fed7d652875782615cd480b,validation,P2,2017-03-15,891,825.4134245776517,6cb513d59785198c3bc4bfb0d390fb22fd3ff7364de0aad1c17cd427a01eb955
new_p3_training,True,tuned,UC,123,R3,3cfd389bbd05ec9201a41c0892e29bf8199198d1b216b9a8061370d4240aa583,bd1488a2d411295d7a2118c50ddcc0b158786123613af1676062e2270d1637d1,9cb89005693b1b70c102178849b740fde00b50c9ba5f3b5530d0e5749ea59837,eca954c21da074c545cb7858315ea39fee0a6f54b19e06474b4f2f91f1666847,c40aaf80f5be3be16016d797963cb563e35b93083df451f9827f99cfadc3c898,6031dc4ee08b61c58b35b1efd7d764739d5c7c54dc7cbe9e9a72a1e4a7098596,e2212c40566e21c680a98186ebd8e984aa80d4fd,4d4ad03b827958468b1a231e360c7ad1aa68035c25af068059838ceae6dfa6d6,84f6ca69daadf04be6928767627ac1ca0eb72facd2864d83a1c7567e6ba60ea3,R3_UC_123_selected,dadbfccabccdfd0f88f40a0f73e6518a25d23a325fed7d652875782615cd480b,validation,P2,2017-03-16,891,836.7194395959538,96d6f7907a7c16fb72f7929cabb8c83ae6e6d4b923c47427dc166476ecf8e887
new_p3_training,True,tuned,UC,123,R3,3cfd389bbd05ec9201a41c0892e29bf8199198d1b216b9a8061370d4240aa583,bd1488a2d411295d7a2118c50ddcc0b158786123613af1676062e2270d1637d1,9cb89005693b1b70c102178849b740fde00b50c9ba5f3b5530d0e5749ea59837,eca954c21da074c545cb7858315ea39fee0a6f54b19e06474b4f2f91f1666847,c40aaf80f5be3be16016d797963cb563e35b93083df451f9827f99cfadc3c898,6031dc4ee08b61c58b35b1efd7d764739d5c7c54dc7cbe9e9a72a1e4a7098596,e2212c40566e21c680a98186ebd8e984aa80d4fd,4d4ad03b827958468b1a231e360c7ad1aa68035c25af068059838ceae6dfa6d6,84f6ca69daadf04be6928767627ac1ca0eb72facd2864d83a1c7567e6ba60ea3,R3_UC_123_selected,dadbfccabccdfd0f88f40a0f73e6518a25d23a325fed7d652875782615cd480b,validation,P2,2017-03-17,891,844.2699318383708,1d44d0cc2795579bfcdae78aae942a3e27abf6e502f8a99f8b1a609fbbad902d
new_p3_training,True,tuned,UC,123,R3,3cfd389bbd05ec9201a41c0892e29bf8199198d1b216b9a8061370d4240aa583,bd1488a2d411295d7a2118c50ddcc0b158786123613af1676062e2270d1637d1,9cb89005693b1b70c102178849b740fde00b50c9ba5f3b5530d0e5749ea59837,eca954c21da074c545cb7858315ea39fee0a6f54b19e06474b4f2f91f1666847,c40aaf80f5be3be16016d797963cb563e35b93083df451f9827f99cfadc3c898,6031dc4ee08b61c58b35b1efd7d764739d5c7c54dc7cbe9e9a72a1e4a7098596,e2212c40566e21c680a98186ebd8e984aa80d4fd,4d4ad03b827958468b1a231e360c7ad1aa68035c25af068059838ceae6dfa6d6,84f6ca69daadf04be6928767627ac1ca0eb72facd2864d83a1c7567e6ba60ea3,R3_UC_123_selected,dadbfccabccdfd0f88f40a0f73e6518a25d23a325fed7d652875782615cd480b,validation,P2,2017-03-20,891,770.50625882668,01cce93648f30b4534c59177fe7f8a9a94fb6fc396a2167318f37004f43a4177
new_p3_training,True,tuned,UC,123,R3,3cfd389bbd05ec9201a41c0892e29bf8199198d1b216b9a8061370d4240aa583,bd1488a2d411295d7a2118c50ddcc0b158786123613af1676062e2270d1637d1,9cb89005693b1b70c102178849b740fde00b50c9ba5f3b5530d0e5749ea59837,eca954c21da074c545cb7858315ea39fee0a6f54b19e06474b4f2f91f1666847,c40aaf80f5be3be16016d797963cb563e35b93083df451f9827f99cfadc3c898,6031dc4ee08b61c58b35b1efd7d764739d5c7c54dc7cbe9e9a72a1e4a7098596,e2212c40566e21c680a98186ebd8e984aa80d4fd,4d4ad03b827958468b1a231e360c7ad1aa68035c25af068059838ceae6dfa6d6,84f6ca69daadf04be6928767627ac1ca0eb72facd2864d83a1c7567e6ba60ea3,R3_UC_123_selected,dadbfccabccdfd0f88f40a0f73e6518a25d23a325fed7d652875782615cd480b,validation,P2,2017-03-21,891,846.1861209007002,c882d931ccb831f410b61e2b6d25df7c09cd373face3a280785bb0403ef7f881
new_p3_training,True,tuned,UC,123,R3,3cfd389bbd05ec9201a41c0892e29bf8199198d1b216b9a8061370d4240aa583,bd1488a2d411295d7a2118c50ddcc0b158786123613af1676062e2270d1637d1,9cb89005693b1b70c102178849b740fde00b50c9ba5f3b5530d0e5749ea59837,eca954c21da074c545cb7858315ea39fee0a6f54b19e06474b4f2f91f1666847,c40aaf80f5be3be16016d797963cb563e35b93083df451f9827f99cfadc3c898,6031dc4ee08b61c58b35b1efd7d764739d5c7c54dc7cbe9e9a72a1e4a7098596,e2212c40566e21c680a98186ebd8e984aa80d4fd,4d4ad03b827958468b1a231e360c7ad1aa68035c25af068059838ceae6dfa6d6,84f6ca69daadf04be6928767627ac1ca0eb72facd2864d83a1c7567e6ba60ea3,R3_UC_123_selected,dadbfccabccdfd0f88f40a0f73e6518a25d23a325fed7d652875782615cd480b,validation,P2,2017-03-22,891,834.997524147551,9bb76c6c36d26f0615b8588633deb8666eea6fc6aed3b17c406c7b6b70033587
new_p3_training,True,tuned,UC,123,R3,3cfd389bbd05ec9201a41c0892e29bf8199198d1b216b9a8061370d4240aa583,bd1488a2d411295d7a2118c50ddcc0b158786123613af1676062e2270d1637d1,9cb89005693b1b70c102178849b740fde00b50c9ba5f3b5530d0e5749ea59837,eca954c21da074c545cb7858315ea39fee0a6f54b19e06474b4f2f91f1666847,c40aaf80f5be3be16016d797963cb563e35b93083df451f9827f99cfadc3c898,6031dc4ee08b61c58b35b1efd7d764739d5c7c54dc7cbe9e9a72a1e4a7098596,e2212c40566e21c680a98186ebd8e984aa80d4fd,4d4ad03b827958468b1a231e360c7ad1aa68035c25af068059838ceae6dfa6d6,84f6ca69daadf04be6928767627ac1ca0eb72facd2864d83a1c7567e6ba60ea3,R3_UC_123_selected,dadbfccabccdfd0f88f40a0f73e6518a25d23a325fed7d652875782615cd480b,validation,P2,2017-03-23,891,834.495693633494,81ff3f7e86acc3cad506b2239a8963618685da180a13307d6f120bcdb903de28
new_p3_training,True,tuned,UC,123,R3,3cfd389bbd05ec9201a41c0892e29bf8199198d1b216b9a8061370d4240aa583,bd1488a2d411295d7a2118c50ddcc0b158786123613af1676062e2270d1637d1,9cb89005693b1b70c102178849b740fde00b50c9ba5f3b5530d0e5749ea59837,eca954c21da074c545cb7858315ea39fee0a6f54b19e06474b4f2f91f1666847,c40aaf80f5be3be16016d797963cb563e35b93083df451f9827f99cfadc3c898,6031dc4ee08b61c58b35b1efd7d764739d5c7c54dc7cbe9e9a72a1e4a7098596,e2212c40566e21c680a98186ebd8e984aa80d4fd,4d4ad03b827958468b1a231e360c7ad1aa68035c25af068059838ceae6dfa6d6,84f6ca69daadf04be6928767627ac1ca0eb72facd2864d83a1c7567e6ba60ea3,R3_UC_123_selected,dadbfccabccdfd0f88f40a0f73e6518a25d23a325fed7d652875782615cd480b,validation,P2,2017-03-24,891,879.1678697155917,f96b5ac44054f0e081a79b6342248117a165ba88a20a96f059052f9ff53a8f32
new_p3_training,True,tuned,UC,123,R3,3cfd389bbd05ec9201a41c0892e29bf8199198d1b216b9a8061370d4240aa583,bd1488a2d411295d7a2118c50ddcc0b158786123613af1676062e2270d1637d1,9cb89005693b1b70c102178849b740fde00b50c9ba5f3b5530d0e5749ea59837,eca954c21da074c545cb7858315ea39fee0a6f54b19e06474b4f2f91f1666847,c40aaf80f5be3be16016d797963cb563e35b93083df451f9827f99cfadc3c898,6031dc4ee08b61c58b35b1efd7d764739d5c7c54dc7cbe9e9a72a1e4a7098596,e2212c40566e21c680a98186ebd8e984aa80d4fd,4d4ad03b827958468b1a231e360c7ad1aa68035c25af068059838ceae6dfa6d6,84f6ca69daadf04be6928767627ac1ca0eb72facd2864d83a1c7567e6ba60ea3,R3_UC_123_selected,dadbfccabccdfd0f88f40a0f73e6518a25d23a325fed7d652875782615cd480b,validation,P2,2017-03-27,891,865.056898136389,a04ddb74982b25ceffdd7e65e2683a5c88169a4bbd1103b9dcbaab8ebc6302f4
new_p3_training,True,tuned,UC,123,R3,3cfd389bbd05ec9201a41c0892e29bf8199198d1b216b9a8061370d4240aa583,bd1488a2d411295d7a2118c50ddcc0b158786123613af1676062e2270d1637d1,9cb89005693b1b70c102178849b740fde00b50c9ba5f3b5530d0e5749ea59837,eca954c21da074c545cb7858315ea39fee0a6f54b19e06474b4f2f91f1666847,c40aaf80f5be3be16016d797963cb563e35b93083df451f9827f99cfadc3c898,6031dc4ee08b61c58b35b1efd7d764739d5c7c54dc7cbe9e9a72a1e4a7098596,e2212c40566e21c680a98186ebd8e984aa80d4fd,4d4ad03b827958468b1a231e360c7ad1aa68035c25af068059838ceae6dfa6d6,84f6ca69daadf04be6928767627ac1ca0eb72facd2864d83a1c7567e6ba60ea3,R3_UC_123_selected,dadbfccabccdfd0f88f40a0f73e6518a25d23a325fed7d652875782615cd480b,validation,P2,2017-03-28,891,769.077469564261,be4adfc79304f29b59827e7dd87ccb422588a0799a159a14a6ef28f4cc96008e
new_p3_training,True,tuned,UC,123,R3,3cfd389bbd05ec9201a41c0892e29bf8199198d1b216b9a8061370d4240aa583,bd1488a2d411295d7a2118c50ddcc0b158786123613af1676062e2270d1637d1,9cb89005693b1b70c102178849b740fde00b50c9ba5f3b5530d0e5749ea59837,eca954c21da074c545cb7858315ea39fee0a6f54b19e06474b4f2f91f1666847,c40aaf80f5be3be16016d797963cb563e35b93083df451f9827f99cfadc3c898,6031dc4ee08b61c58b35b1efd7d764739d5c7c54dc7cbe9e9a72a1e4a7098596,e2212c40566e21c680a98186ebd8e984aa80d4fd,4d4ad03b827958468b1a231e360c7ad1aa68035c25af068059838ceae6dfa6d6,84f6ca69daadf04be6928767627ac1ca0eb72facd2864d83a1c7567e6ba60ea3,R3_UC_123_selected,dadbfccabccdfd0f88f40a0f73e6518a25d23a325fed7d652875782615cd480b,validation,P2,2017-03-29,891,818.8457605885169,671455caf5a511e12ab23fcf90e78347270936da1f838c4ce0f84c248786625a
new_p3_training,True,tuned,UC,123,R3,3cfd389bbd05ec9201a41c0892e29bf8199198d1b216b9a8061370d4240aa583,bd1488a2d411295d7a2118c50ddcc0b158786123613af1676062e2270d1637d1,9cb89005693b1b70c102178849b740fde00b50c9ba5f3b5530d0e5749ea59837,eca954c21da074c545cb7858315ea39fee0a6f54b19e06474b4f2f91f1666847,c40aaf80f5be3be16016d797963cb563e35b93083df451f9827f99cfadc3c898,6031dc4ee08b61c58b35b1efd7d764739d5c7c54dc7cbe9e9a72a1e4a7098596,e2212c40566e21c680a98186ebd8e984aa80d4fd,4d4ad03b827958468b1a231e360c7ad1aa68035c25af068059838ceae6dfa6d6,84f6ca69daadf04be6928767627ac1ca0eb72facd2864d83a1c7567e6ba60ea3,R3_UC_123_selected,dadbfccabccdfd0f88f40a0f73e6518a25d23a325fed7d652875782615cd480b,validation,P2,2017-03-30,891,778.171089113888,20ca2249d00e91c0d046ad461bb34ce5c8558359023ef8286bbe6986a80e2ece
new_p3_training,True,tuned,UC,123,R3,3cfd389bbd05ec9201a41c0892e29bf8199198d1b216b9a8061370d4240aa583,bd1488a2d411295d7a2118c50ddcc0b158786123613af1676062e2270d1637d1,9cb89005693b1b70c102178849b740fde00b50c9ba5f3b5530d0e5749ea59837,eca954c21da074c545cb7858315ea39fee0a6f54b19e06474b4f2f91f1666847,c40aaf80f5be3be16016d797963cb563e35b93083df451f9827f99cfadc3c898,6031dc4ee08b61c58b35b1efd7d764739d5c7c54dc7cbe9e9a72a1e4a7098596,e2212c40566e21c680a98186ebd8e984aa80d4fd,4d4ad03b827958468b1a231e360c7ad1aa68035c25af068059838ceae6dfa6d6,84f6ca69daadf04be6928767627ac1ca0eb72facd2864d83a1c7567e6ba60ea3,R3_UC_123_selected,dadbfccabccdfd0f88f40a0f73e6518a25d23a325fed7d652875782615cd480b,validation,P2,2017-03-31,891,796.9275100149687,8e91998a113315efeb7df655c8e1abd43f7c5185f8a57ade03d7077b701b5b2f
new_p3_training,True,tuned,UC,123,R3,3cfd389bbd05ec9201a41c0892e29bf8199198d1b216b9a8061370d4240aa583,bd1488a2d411295d7a2118c50ddcc0b158786123613af1676062e2270d1637d1,9cb89005693b1b70c102178849b740fde00b50c9ba5f3b5530d0e5749ea59837,eca954c21da074c545cb7858315ea39fee0a6f54b19e06474b4f2f91f1666847,c40aaf80f5be3be16016d797963cb563e35b93083df451f9827f99cfadc3c898,6031dc4ee08b61c58b35b1efd7d764739d5c7c54dc7cbe9e9a72a1e4a7098596,e2212c40566e21c680a98186ebd8e984aa80d4fd,4d4ad03b827958468b1a231e360c7ad1aa68035c25af068059838ceae6dfa6d6,84f6ca69daadf04be6928767627ac1ca0eb72facd2864d83a1c7567e6ba60ea3,R3_UC_123_selected,dadbfccabccdfd0f88f40a0f73e6518a25d23a325fed7d652875782615cd480b,validation,P2,2017-04-03,891,835.8569671270234,6ab64a2f84b67020da22fd85f0de92037310da8bc9a18e4fa858c0a884fbc684
new_p3_training,True,tuned,UC,123,R3,3cfd389bbd05ec9201a41c0892e29bf8199198d1b216b9a8061370d4240aa583,bd1488a2d411295d7a2118c50ddcc0b158786123613af1676062e2270d1637d1,9cb89005693b1b70c102178849b740fde00b50c9ba5f3b5530d0e5749ea59837,eca954c21da074c545cb7858315ea39fee0a6f54b19e06474b4f2f91f1666847,c40aaf80f5be3be16016d797963cb563e35b93083df451f9827f99cfadc3c898,6031dc4ee08b61c58b35b1efd7d764739d5c7c54dc7cbe9e9a72a1e4a7098596,e2212c40566e21c680a98186ebd8e984aa80d4fd,4d4ad03b827958468b1a231e360c7ad1aa68035c25af068059838ceae6dfa6d6,84f6ca69daadf04be6928767627ac1ca0eb72facd2864d83a1c7567e6ba60ea3,R3_UC_123_selected,dadbfccabccdfd0f88f40a0f73e6518a25d23a325fed7d652875782615cd480b,validation,P2,2017-04-04,891,815.2350277697111,30283b61f7f9d1232eb25cb6e4ea139dfe5c4e981c1c9145466fecd8bcabdab2
new_p3_training,True,tuned,UC,123,R3,3cfd389bbd05ec9201a41c0892e29bf8199198d1b216b9a8061370d4240aa583,bd1488a2d411295d7a2118c50ddcc0b158786123613af1676062e2270d1637d1,9cb89005693b1b70c102178849b740fde00b50c9ba5f3b5530d0e5749ea59837,eca954c21da074c545cb7858315ea39fee0a6f54b19e06474b4f2f91f1666847,c40aaf80f5be3be16016d797963cb563e35b93083df451f9827f99cfadc3c898,6031dc4ee08b61c58b35b1efd7d764739d5c7c54dc7cbe9e9a72a1e4a7098596,e2212c40566e21c680a98186ebd8e984aa80d4fd,4d4ad03b827958468b1a231e360c7ad1aa68035c25af068059838ceae6dfa6d6,84f6ca69daadf04be6928767627ac1ca0eb72facd2864d83a1c7567e6ba60ea3,R3_UC_123_selected,dadbfccabccdfd0f88f40a0f73e6518a25d23a325fed7d652875782615cd480b,validation,P2,2017-04-05,891,880.0675269258761,862e3420ddcc3fd1d8c92c6b52cace9e09ae2fe3d773db399674194f2665da9f
new_p3_training,True,tuned,UC,123,R3,3cfd389bbd05ec9201a41c0892e29bf8199198d1b216b9a8061370d4240aa583,bd1488a2d411295d7a2118c50ddcc0b158786123613af1676062e2270d1637d1,9cb89005693b1b70c102178849b740fde00b50c9ba5f3b5530d0e5749ea59837,eca954c21da074c545cb7858315ea39fee0a6f54b19e06474b4f2f91f1666847,c40aaf80f5be3be16016d797963cb563e35b93083df451f9827f99cfadc3c898,6031dc4ee08b61c58b35b1efd7d764739d5c7c54dc7cbe9e9a72a1e4a7098596,e2212c40566e21c680a98186ebd8e984aa80d4fd,4d4ad03b827958468b1a231e360c7ad1aa68035c25af068059838ceae6dfa6d6,84f6ca69daadf04be6928767627ac1ca0eb72facd2864d83a1c7567e6ba60ea3,R3_UC_123_selected,dadbfccabccdfd0f88f40a0f73e6518a25d23a325fed7d652875782615cd480b,validation,P2,2017-04-06,891,771.0122382277607,07fb49dbec8fe486fc16cb96917fc61b48c47c912c4945cc59ea2f8ccb7e97e1
new_p3_training,True,tuned,UC,123,R3,3cfd389bbd05ec9201a41c0892e29bf8199198d1b216b9a8061370d4240aa583,bd1488a2d411295d7a2118c50ddcc0b158786123613af1676062e2270d1637d1,9cb89005693b1b70c102178849b740fde00b50c9ba5f3b5530d0e5749ea59837,eca954c21da074c545cb7858315ea39fee0a6f54b19e06474b4f2f91f1666847,c40aaf80f5be3be16016d797963cb563e35b93083df451f9827f99cfadc3c898,6031dc4ee08b61c58b35b1efd7d764739d5c7c54dc7cbe9e9a72a1e4a7098596,e2212c40566e21c680a98186ebd8e984aa80d4fd,4d4ad03b827958468b1a231e360c7ad1aa68035c25af068059838ceae6dfa6d6,84f6ca69daadf04be6928767627ac1ca0eb72facd2864d83a1c7567e6ba60ea3,R3_UC_123_selected,dadbfccabccdfd0f88f40a0f73e6518a25d23a325fed7d652875782615cd480b,validation,P2,2017-04-07,891,807.901386962234,f57742b500621eacdb54b7f782c5034f319984c0294acb1d6a239fafd6d376ca
new_p3_training,True,tuned,UC,123,R3,3cfd389bbd05ec9201a41c0892e29bf8199198d1b216b9a8061370d4240aa583,bd1488a2d411295d7a2118c50ddcc0b158786123613af1676062e2270d1637d1,9cb89005693b1b70c102178849b740fde00b50c9ba5f3b5530d0e5749ea59837,eca954c21da074c545cb7858315ea39fee0a6f54b19e06474b4f2f91f1666847,c40aaf80f5be3be16016d797963cb563e35b93083df451f9827f99cfadc3c898,6031dc4ee08b61c58b35b1efd7d764739d5c7c54dc7cbe9e9a72a1e4a7098596,e2212c40566e21c680a98186ebd8e984aa80d4fd,4d4ad03b827958468b1a231e360c7ad1aa68035c25af068059838ceae6dfa6d6,84f6ca69daadf04be6928767627ac1ca0eb72facd2864d83a1c7567e6ba60ea3,R3_UC_123_selected,dadbfccabccdfd0f88f40a0f73e6518a25d23a325fed7d652875782615cd480b,validation,P2,2017-04-10,891,824.009133781354,375437109b44ed31c79f6a3c80a065936c9174c61388c9298f3f647c38604675
new_p3_training,True,tuned,UC,123,R3,3cfd389bbd05ec9201a41c0892e29bf8199198d1b216b9a8061370d4240aa583,bd1488a2d411295d7a2118c50ddcc0b158786123613af1676062e2270d1637d1,9cb89005693b1b70c102178849b740fde00b50c9ba5f3b5530d0e5749ea59837,eca954c21da074c545cb7858315ea39fee0a6f54b19e06474b4f2f91f1666847,c40aaf80f5be3be16016d797963cb563e35b93083df451f9827f99cfadc3c898,6031dc4ee08b61c58b35b1efd7d764739d5c7c54dc7cbe9e9a72a1e4a7098596,e2212c40566e21c680a98186ebd8e984aa80d4fd,4d4ad03b827958468b1a231e360c7ad1aa68035c25af068059838ceae6dfa6d6,84f6ca69daadf04be6928767627ac1ca0eb72facd2864d83a1c7567e6ba60ea3,R3_UC_123_selected,dadbfccabccdfd0f88f40a0f73e6518a25d23a325fed7d652875782615cd480b,validation,P2,2017-04-11,891,784.512953833276,58beb59d14ec534d2a7caaf1149261196ef05c82eccb03db5f84ab09eeef519d
new_p3_training,True,tuned,UC,123,R3,3cfd389bbd05ec9201a41c0892e29bf8199198d1b216b9a8061370d4240aa583,bd1488a2d411295d7a2118c50ddcc0b158786123613af1676062e2270d1637d1,9cb89005693b1b70c102178849b740fde00b50c9ba5f3b5530d0e5749ea59837,eca954c21da074c545cb7858315ea39fee0a6f54b19e06474b4f2f91f1666847,c40aaf80f5be3be16016d797963cb563e35b93083df451f9827f99cfadc3c898,6031dc4ee08b61c58b35b1efd7d764739d5c7c54dc7cbe9e9a72a1e4a7098596,e2212c40566e21c680a98186ebd8e984aa80d4fd,4d4ad03b827958468b1a231e360c7ad1aa68035c25af068059838ceae6dfa6d6,84f6ca69daadf04be6928767627ac1ca0eb72facd2864d83a1c7567e6ba60ea3,R3_UC_123_selected,dadbfccabccdfd0f88f40a0f73e6518a25d23a325fed7d652875782615cd480b,validation,P2,2017-04-12,891,756.4271151911876,94d126e92dc8212742577fea88efede512b72d3a96fb32053cdf2023a535c2f2
new_p3_training,True,tuned,UC,123,R3,3cfd389bbd05ec9201a41c0892e29bf8199198d1b216b9a8061370d4240aa583,bd1488a2d411295d7a2118c50ddcc0b158786123613af1676062e2270d1637d1,9cb89005693b1b70c102178849b740fde00b50c9ba5f3b5530d0e5749ea59837,eca954c21da074c545cb7858315ea39fee0a6f54b19e06474b4f2f91f1666847,c40aaf80f5be3be16016d797963cb563e35b93083df451f9827f99cfadc3c898,6031dc4ee08b61c58b35b1efd7d764739d5c7c54dc7cbe9e9a72a1e4a7098596,e2212c40566e21c680a98186ebd8e984aa80d4fd,4d4ad03b827958468b1a231e360c7ad1aa68035c25af068059838ceae6dfa6d6,84f6ca69daadf04be6928767627ac1ca0eb72facd2864d83a1c7567e6ba60ea3,R3_UC_123_selected,dadbfccabccdfd0f88f40a0f73e6518a25d23a325fed7d652875782615cd480b,validation,P2,2017-04-13,891,829.3878345492262,6022731a904493dcf668c3b24d350ac40f75dd54527b2ad5cc0a9f375393a18a
new_p3_training,True,tuned,UC,123,R3,3cfd389bbd05ec9201a41c0892e29bf8199198d1b216b9a8061370d4240aa583,bd1488a2d411295d7a2118c50ddcc0b158786123613af1676062e2270d1637d1,9cb89005693b1b70c102178849b740fde00b50c9ba5f3b5530d0e5749ea59837,eca954c21da074c545cb7858315ea39fee0a6f54b19e06474b4f2f91f1666847,c40aaf80f5be3be16016d797963cb563e35b93083df451f9827f99cfadc3c898,6031dc4ee08b61c58b35b1efd7d764739d5c7c54dc7cbe9e9a72a1e4a7098596,e2212c40566e21c680a98186ebd8e984aa80d4fd,4d4ad03b827958468b1a231e360c7ad1aa68035c25af068059838ceae6dfa6d6,84f6ca69daadf04be6928767627ac1ca0eb72facd2864d83a1c7567e6ba60ea3,R3_UC_123_selected,dadbfccabccdfd0f88f40a0f73e6518a25d23a325fed7d652875782615cd480b,validation,P2,2017-04-14,891,829.911443885295,d6edf5bf22ce3d25855d63b6e15cdc0164b2c1741da20244792fba782a5ab418
new_p3_training,True,tuned,UC,123,R3,3cfd389bbd05ec9201a41c0892e29bf8199198d1b216b9a8061370d4240aa583,bd1488a2d411295d7a2118c50ddcc0b158786123613af1676062e2270d1637d1,9cb89005693b1b70c102178849b740fde00b50c9ba5f3b5530d0e5749ea59837,eca954c21da074c545cb7858315ea39fee0a6f54b19e06474b4f2f91f1666847,c40aaf80f5be3be16016d797963cb563e35b93083df451f9827f99cfadc3c898,6031dc4ee08b61c58b35b1efd7d764739d5c7c54dc7cbe9e9a72a1e4a7098596,e2212c40566e21c680a98186ebd8e984aa80d4fd,4d4ad03b827958468b1a231e360c7ad1aa68035c25af068059838ceae6dfa6d6,84f6ca69daadf04be6928767627ac1ca0eb72facd2864d83a1c7567e6ba60ea3,R3_UC_123_selected,dadbfccabccdfd0f88f40a0f73e6518a25d23a325fed7d652875782615cd480b,validation,P2,2017-04-17,891,773.1629521781551,25b2a8d6358d548a665f240282d62ff2e9e382992f222af715b4339c4cbbef30
new_p3_training,True,tuned,UC,123,R3,3cfd389bbd05ec9201a41c0892e29bf8199198d1b216b9a8061370d4240aa583,bd1488a2d411295d7a2118c50ddcc0b158786123613af1676062e2270d1637d1,9cb89005693b1b70c102178849b740fde00b50c9ba5f3b5530d0e5749ea59837,eca954c21da074c545cb7858315ea39fee0a6f54b19e06474b4f2f91f1666847,c40aaf80f5be3be16016d797963cb563e35b93083df451f9827f99cfadc3c898,6031dc4ee08b61c58b35b1efd7d764739d5c7c54dc7cbe9e9a72a1e4a7098596,e2212c40566e21c680a98186ebd8e984aa80d4fd,4d4ad03b827958468b1a231e360c7ad1aa68035c25af068059838ceae6dfa6d6,84f6ca69daadf04be6928767627ac1ca0eb72facd2864d83a1c7567e6ba60ea3,R3_UC_123_selected,dadbfccabccdfd0f88f40a0f73e6518a25d23a325fed7d652875782615cd480b,validation,P2,2017-04-18,891,770.8014180479888,9697443ee8368a4a1c9cdea89caa90c7b1b64cd0c691738ebea328d7e0d5e617
new_p3_training,True,tuned,UC,123,R3,3cfd389bbd05ec9201a41c0892e29bf8199198d1b216b9a8061370d4240aa583,bd1488a2d411295d7a2118c50ddcc0b158786123613af1676062e2270d1637d1,9cb89005693b1b70c102178849b740fde00b50c9ba5f3b5530d0e5749ea59837,eca954c21da074c545cb7858315ea39fee0a6f54b19e06474b4f2f91f1666847,c40aaf80f5be3be16016d797963cb563e35b93083df451f9827f99cfadc3c898,6031dc4ee08b61c58b35b1efd7d764739d5c7c54dc7cbe9e9a72a1e4a7098596,e2212c40566e21c680a98186ebd8e984aa80d4fd,4d4ad03b827958468b1a231e360c7ad1aa68035c25af068059838ceae6dfa6d6,84f6ca69daadf04be6928767627ac1ca0eb72facd2864d83a1c7567e6ba60ea3,R3_UC_123_selected,dadbfccabccdfd0f88f40a0f73e6518a25d23a325fed7d652875782615cd480b,validation,P2,2017-04-19,891,798.0767257555588,2c14007fb3085166d95f401180e9672fa15f8ce62e55c944f22320abcf103c86
new_p3_training,True,tuned,UC,123,R3,3cfd389bbd05ec9201a41c0892e29bf8199198d1b216b9a8061370d4240aa583,bd1488a2d411295d7a2118c50ddcc0b158786123613af1676062e2270d1637d1,9cb89005693b1b70c102178849b740fde00b50c9ba5f3b5530d0e5749ea59837,eca954c21da074c545cb7858315ea39fee0a6f54b19e06474b4f2f91f1666847,c40aaf80f5be3be16016d797963cb563e35b93083df451f9827f99cfadc3c898,6031dc4ee08b61c58b35b1efd7d764739d5c7c54dc7cbe9e9a72a1e4a7098596,e2212c40566e21c680a98186ebd8e984aa80d4fd,4d4ad03b827958468b1a231e360c7ad1aa68035c25af068059838ceae6dfa6d6,84f6ca69daadf04be6928767627ac1ca0eb72facd2864d83a1c7567e6ba60ea3,R3_UC_123_selected,dadbfccabccdfd0f88f40a0f73e6518a25d23a325fed7d652875782615cd480b,validation,P2,2017-04-20,891,818.8214840268308,fc5d95c5877da0ded739108b4545188e7d9fbec42ceb68fd2fb91d0186942739
new_p3_training,True,tuned,UC,123,R3,3cfd389bbd05ec9201a41c0892e29bf8199198d1b216b9a8061370d4240aa583,bd1488a2d411295d7a2118c50ddcc0b158786123613af1676062e2270d1637d1,9cb89005693b1b70c102178849b740fde00b50c9ba5f3b5530d0e5749ea59837,eca954c21da074c545cb7858315ea39fee0a6f54b19e06474b4f2f91f1666847,c40aaf80f5be3be16016d797963cb563e35b93083df451f9827f99cfadc3c898,6031dc4ee08b61c58b35b1efd7d764739d5c7c54dc7cbe9e9a72a1e4a7098596,e2212c40566e21c680a98186ebd8e984aa80d4fd,4d4ad03b827958468b1a231e360c7ad1aa68035c25af068059838ceae6dfa6d6,84f6ca69daadf04be6928767627ac1ca0eb72facd2864d83a1c7567e6ba60ea3,R3_UC_123_selected,dadbfccabccdfd0f88f40a0f73e6518a25d23a325fed7d652875782615cd480b,validation,P2,2017-04-21,891,749.5603135402068,ac2e18ad675adf16ae8168562d2b2a05265753e271b1ddc8803e2f77ee109f0d
new_p3_training,True,tuned,UC,123,R3,3cfd389bbd05ec9201a41c0892e29bf8199198d1b216b9a8061370d4240aa583,bd1488a2d411295d7a2118c50ddcc0b158786123613af1676062e2270d1637d1,9cb89005693b1b70c102178849b740fde00b50c9ba5f3b5530d0e5749ea59837,eca954c21da074c545cb7858315ea39fee0a6f54b19e06474b4f2f91f1666847,c40aaf80f5be3be16016d797963cb563e35b93083df451f9827f99cfadc3c898,6031dc4ee08b61c58b35b1efd7d764739d5c7c54dc7cbe9e9a72a1e4a7098596,e2212c40566e21c680a98186ebd8e984aa80d4fd,4d4ad03b827958468b1a231e360c7ad1aa68035c25af068059838ceae6dfa6d6,84f6ca69daadf04be6928767627ac1ca0eb72facd2864d83a1c7567e6ba60ea3,R3_UC_123_selected,dadbfccabccdfd0f88f40a0f73e6518a25d23a325fed7d652875782615cd480b,validation,P2,2017-04-24,891,801.0432856637315,d7950b0a364d2ee953b1153a14a7aec16799edddf5ff437c95eecd9873115d67
new_p3_training,True,tuned,UC,123,R3,3cfd389bbd05ec9201a41c0892e29bf8199198d1b216b9a8061370d4240aa583,bd1488a2d411295d7a2118c50ddcc0b158786123613af1676062e2270d1637d1,9cb89005693b1b70c102178849b740fde00b50c9ba5f3b5530d0e5749ea59837,eca954c21da074c545cb7858315ea39fee0a6f54b19e06474b4f2f91f1666847,c40aaf80f5be3be16016d797963cb563e35b93083df451f9827f99cfadc3c898,6031dc4ee08b61c58b35b1efd7d764739d5c7c54dc7cbe9e9a72a1e4a7098596,e2212c40566e21c680a98186ebd8e984aa80d4fd,4d4ad03b827958468b1a231e360c7ad1aa68035c25af068059838ceae6dfa6d6,84f6ca69daadf04be6928767627ac1ca0eb72facd2864d83a1c7567e6ba60ea3,R3_UC_123_selected,dadbfccabccdfd0f88f40a0f73e6518a25d23a325fed7d652875782615cd480b,validation,P2,2017-04-25,891,782.224331022681,00406a29f5b8c4e527f36e6af3a498044999ff3eab250009b27ad9e5a1a5d24f
new_p3_training,True,tuned,UC,123,R3,3cfd389bbd05ec9201a41c0892e29bf8199198d1b216b9a8061370d4240aa583,bd1488a2d411295d7a2118c50ddcc0b158786123613af1676062e2270d1637d1,9cb89005693b1b70c102178849b740fde00b50c9ba5f3b5530d0e5749ea59837,eca954c21da074c545cb7858315ea39fee0a6f54b19e06474b4f2f91f1666847,c40aaf80f5be3be16016d797963cb563e35b93083df451f9827f99cfadc3c898,6031dc4ee08b61c58b35b1efd7d764739d5c7c54dc7cbe9e9a72a1e4a7098596,e2212c40566e21c680a98186ebd8e984aa80d4fd,4d4ad03b827958468b1a231e360c7ad1aa68035c25af068059838ceae6dfa6d6,84f6ca69daadf04be6928767627ac1ca0eb72facd2864d83a1c7567e6ba60ea3,R3_UC_123_selected,dadbfccabccdfd0f88f40a0f73e6518a25d23a325fed7d652875782615cd480b,validation,P2,2017-04-26,891,770.0220909223206,9e05791673a5178d36510ee9beea00cb33198b7a0f0316684379ea3bda24e078
new_p3_training,True,tuned,UC,123,R3,3cfd389bbd05ec9201a41c0892e29bf8199198d1b216b9a8061370d4240aa583,bd1488a2d411295d7a2118c50ddcc0b158786123613af1676062e2270d1637d1,9cb89005693b1b70c102178849b740fde00b50c9ba5f3b5530d0e5749ea59837,eca954c21da074c545cb7858315ea39fee0a6f54b19e06474b4f2f91f1666847,c40aaf80f5be3be16016d797963cb563e35b93083df451f9827f99cfadc3c898,6031dc4ee08b61c58b35b1efd7d764739d5c7c54dc7cbe9e9a72a1e4a7098596,e2212c40566e21c680a98186ebd8e984aa80d4fd,4d4ad03b827958468b1a231e360c7ad1aa68035c25af068059838ceae6dfa6d6,84f6ca69daadf04be6928767627ac1ca0eb72facd2864d83a1c7567e6ba60ea3,R3_UC_123_selected,dadbfccabccdfd0f88f40a0f73e6518a25d23a325fed7d652875782615cd480b,validation,P2,2017-04-27,891,789.378780486597,19baf42a9507a50e14b4e9edfc41b921852885e5b2b5fda6b4b3717f0bbb43aa
new_p3_training,True,tuned,UC,123,R3,3cfd389bbd05ec9201a41c0892e29bf8199198d1b216b9a8061370d4240aa583,bd1488a2d411295d7a2118c50ddcc0b158786123613af1676062e2270d1637d1,9cb89005693b1b70c102178849b740fde00b50c9ba5f3b5530d0e5749ea59837,eca954c21da074c545cb7858315ea39fee0a6f54b19e06474b4f2f91f1666847,c40aaf80f5be3be16016d797963cb563e35b93083df451f9827f99cfadc3c898,6031dc4ee08b61c58b35b1efd7d764739d5c7c54dc7cbe9e9a72a1e4a7098596,e2212c40566e21c680a98186ebd8e984aa80d4fd,4d4ad03b827958468b1a231e360c7ad1aa68035c25af068059838ceae6dfa6d6,84f6ca69daadf04be6928767627ac1ca0eb72facd2864d83a1c7567e6ba60ea3,R3_UC_123_selected,dadbfccabccdfd0f88f40a0f73e6518a25d23a325fed7d652875782615cd480b,validation,P2,2017-04-28,891,773.0881629534166,9401a36547a552c4f7638bd9ad8e144569ed424a242803b6905e78f014257383
new_p3_training,True,tuned,UC,123,R3,3cfd389bbd05ec9201a41c0892e29bf8199198d1b216b9a8061370d4240aa583,bd1488a2d411295d7a2118c50ddcc0b158786123613af1676062e2270d1637d1,9cb89005693b1b70c102178849b740fde00b50c9ba5f3b5530d0e5749ea59837,eca954c21da074c545cb7858315ea39fee0a6f54b19e06474b4f2f91f1666847,c40aaf80f5be3be16016d797963cb563e35b93083df451f9827f99cfadc3c898,6031dc4ee08b61c58b35b1efd7d764739d5c7c54dc7cbe9e9a72a1e4a7098596,e2212c40566e21c680a98186ebd8e984aa80d4fd,4d4ad03b827958468b1a231e360c7ad1aa68035c25af068059838ceae6dfa6d6,84f6ca69daadf04be6928767627ac1ca0eb72facd2864d83a1c7567e6ba60ea3,R3_UC_123_selected,dadbfccabccdfd0f88f40a0f73e6518a25d23a325fed7d652875782615cd480b,validation,P2,2017-05-02,891,768.9739046844943,30fd7310a6f72a8e570aa91d3a7e657c753ad23e46c04f31eb8f6f442b0461dd
new_p3_training,True,tuned,UC,123,R3,3cfd389bbd05ec9201a41c0892e29bf8199198d1b216b9a8061370d4240aa583,bd1488a2d411295d7a2118c50ddcc0b158786123613af1676062e2270d1637d1,9cb89005693b1b70c102178849b740fde00b50c9ba5f3b5530d0e5749ea59837,eca954c21da074c545cb7858315ea39fee0a6f54b19e06474b4f2f91f1666847,c40aaf80f5be3be16016d797963cb563e35b93083df451f9827f99cfadc3c898,6031dc4ee08b61c58b35b1efd7d764739d5c7c54dc7cbe9e9a72a1e4a7098596,e2212c40566e21c680a98186ebd8e984aa80d4fd,4d4ad03b827958468b1a231e360c7ad1aa68035c25af068059838ceae6dfa6d6,84f6ca69daadf04be6928767627ac1ca0eb72facd2864d83a1c7567e6ba60ea3,R3_UC_123_selected,dadbfccabccdfd0f88f40a0f73e6518a25d23a325fed7d652875782615cd480b,validation,P2,2017-05-04,891,714.1752961762825,a32803e16cd9f9ab8f00aa85a4d5b8e017a599b6109fa8285ab6a376b74e7973
new_p3_training,True,tuned,UC,123,R3,3cfd389bbd05ec9201a41c0892e29bf8199198d1b216b9a8061370d4240aa583,bd1488a2d411295d7a2118c50ddcc0b158786123613af1676062e2270d1637d1,9cb89005693b1b70c102178849b740fde00b50c9ba5f3b5530d0e5749ea59837,eca954c21da074c545cb7858315ea39fee0a6f54b19e06474b4f2f91f1666847,c40aaf80f5be3be16016d797963cb563e35b93083df451f9827f99cfadc3c898,6031dc4ee08b61c58b35b1efd7d764739d5c7c54dc7cbe9e9a72a1e4a7098596,e2212c40566e21c680a98186ebd8e984aa80d4fd,4d4ad03b827958468b1a231e360c7ad1aa68035c25af068059838ceae6dfa6d6,84f6ca69daadf04be6928767627ac1ca0eb72facd2864d83a1c7567e6ba60ea3,R3_UC_123_selected,dadbfccabccdfd0f88f40a0f73e6518a25d23a325fed7d652875782615cd480b,validation,P2,2017-05-08,891,782.2832995464321,688b4ae3a22a5aab72c499ee473998d4e6ce31cd12ed5e0e313362997d321493
new_p3_training,True,tuned,UC,123,R3,3cfd389bbd05ec9201a41c0892e29bf8199198d1b216b9a8061370d4240aa583,bd1488a2d411295d7a2118c50ddcc0b158786123613af1676062e2270d1637d1,9cb89005693b1b70c102178849b740fde00b50c9ba5f3b5530d0e5749ea59837,eca954c21da074c545cb7858315ea39fee0a6f54b19e06474b4f2f91f1666847,c40aaf80f5be3be16016d797963cb563e35b93083df451f9827f99cfadc3c898,6031dc4ee08b61c58b35b1efd7d764739d5c7c54dc7cbe9e9a72a1e4a7098596,e2212c40566e21c680a98186ebd8e984aa80d4fd,4d4ad03b827958468b1a231e360c7ad1aa68035c25af068059838ceae6dfa6d6,84f6ca69daadf04be6928767627ac1ca0eb72facd2864d83a1c7567e6ba60ea3,R3_UC_123_selected,dadbfccabccdfd0f88f40a0f73e6518a25d23a325fed7d652875782615cd480b,validation,P2,2017-05-10,891,910.4534434658678,9f1e337c9490ff6dc8f2695ed00626209b4f8291b91adb955c82ca48ecda0db0
new_p3_training,True,tuned,UC,123,R3,3cfd389bbd05ec9201a41c0892e29bf8199198d1b216b9a8061370d4240aa583,bd1488a2d411295d7a2118c50ddcc0b158786123613af1676062e2270d1637d1,9cb89005693b1b70c102178849b740fde00b50c9ba5f3b5530d0e5749ea59837,eca954c21da074c545cb7858315ea39fee0a6f54b19e06474b4f2f91f1666847,c40aaf80f5be3be16016d797963cb563e35b93083df451f9827f99cfadc3c898,6031dc4ee08b61c58b35b1efd7d764739d5c7c54dc7cbe9e9a72a1e4a7098596,e2212c40566e21c680a98186ebd8e984aa80d4fd,4d4ad03b827958468b1a231e360c7ad1aa68035c25af068059838ceae6dfa6d6,84f6ca69daadf04be6928767627ac1ca0eb72facd2864d83a1c7567e6ba60ea3,R3_UC_123_selected,dadbfccabccdfd0f88f40a0f73e6518a25d23a325fed7d652875782615cd480b,validation,P2,2017-05-11,891,876.7435904692168,18433ac0a16b67128ab4837e4d43d1c15ff224e4b6568f0cda4dc2f02ed8e796
new_p3_training,True,tuned,UC,123,R3,3cfd389bbd05ec9201a41c0892e29bf8199198d1b216b9a8061370d4240aa583,bd1488a2d411295d7a2118c50ddcc0b158786123613af1676062e2270d1637d1,9cb89005693b1b70c102178849b740fde00b50c9ba5f3b5530d0e5749ea59837,eca954c21da074c545cb7858315ea39fee0a6f54b19e06474b4f2f91f1666847,c40aaf80f5be3be16016d797963cb563e35b93083df451f9827f99cfadc3c898,6031dc4ee08b61c58b35b1efd7d764739d5c7c54dc7cbe9e9a72a1e4a7098596,e2212c40566e21c680a98186ebd8e984aa80d4fd,4d4ad03b827958468b1a231e360c7ad1aa68035c25af068059838ceae6dfa6d6,84f6ca69daadf04be6928767627ac1ca0eb72facd2864d83a1c7567e6ba60ea3,R3_UC_123_selected,dadbfccabccdfd0f88f40a0f73e6518a25d23a325fed7d652875782615cd480b,validation,P2,2017-05-12,891,838.9211220115791,a73c8f33324190ba36373e8c138f9863ca6f37b107b87ca798c44a99c7a805de
new_p3_training,True,tuned,UC,123,R3,3cfd389bbd05ec9201a41c0892e29bf8199198d1b216b9a8061370d4240aa583,bd1488a2d411295d7a2118c50ddcc0b158786123613af1676062e2270d1637d1,9cb89005693b1b70c102178849b740fde00b50c9ba5f3b5530d0e5749ea59837,eca954c21da074c545cb7858315ea39fee0a6f54b19e06474b4f2f91f1666847,c40aaf80f5be3be16016d797963cb563e35b93083df451f9827f99cfadc3c898,6031dc4ee08b61c58b35b1efd7d764739d5c7c54dc7cbe9e9a72a1e4a7098596,e2212c40566e21c680a98186ebd8e984aa80d4fd,4d4ad03b827958468b1a231e360c7ad1aa68035c25af068059838ceae6dfa6d6,84f6ca69daadf04be6928767627ac1ca0eb72facd2864d83a1c7567e6ba60ea3,R3_UC_123_selected,dadbfccabccdfd0f88f40a0f73e6518a25d23a325fed7d652875782615cd480b,validation,P2,2017-05-15,891,827.0109829791334,f703ac60b6749c3c1f12e8174032530c9229c73246d4bd68bd4aa994d16476c6
new_p3_training,True,tuned,UC,123,R3,3cfd389bbd05ec9201a41c0892e29bf8199198d1b216b9a8061370d4240aa583,bd1488a2d411295d7a2118c50ddcc0b158786123613af1676062e2270d1637d1,9cb89005693b1b70c102178849b740fde00b50c9ba5f3b5530d0e5749ea59837,eca954c21da074c545cb7858315ea39fee0a6f54b19e06474b4f2f91f1666847,c40aaf80f5be3be16016d797963cb563e35b93083df451f9827f99cfadc3c898,6031dc4ee08b61c58b35b1efd7d764739d5c7c54dc7cbe9e9a72a1e4a7098596,e2212c40566e21c680a98186ebd8e984aa80d4fd,4d4ad03b827958468b1a231e360c7ad1aa68035c25af068059838ceae6dfa6d6,84f6ca69daadf04be6928767627ac1ca0eb72facd2864d83a1c7567e6ba60ea3,R3_UC_123_selected,dadbfccabccdfd0f88f40a0f73e6518a25d23a325fed7d652875782615cd480b,validation,P3,2017-03-02,891,856.6503019152663,74895839487a4626b79a24047f29fcf80498d3c448ece3c1eb05e9ef2a388903
new_p3_training,True,tuned,UC,123,R3,3cfd389bbd05ec9201a41c0892e29bf8199198d1b216b9a8061370d4240aa583,bd1488a2d411295d7a2118c50ddcc0b158786123613af1676062e2270d1637d1,9cb89005693b1b70c102178849b740fde00b50c9ba5f3b5530d0e5749ea59837,eca954c21da074c545cb7858315ea39fee0a6f54b19e06474b4f2f91f1666847,c40aaf80f5be3be16016d797963cb563e35b93083df451f9827f99cfadc3c898,6031dc4ee08b61c58b35b1efd7d764739d5c7c54dc7cbe9e9a72a1e4a7098596,e2212c40566e21c680a98186ebd8e984aa80d4fd,4d4ad03b827958468b1a231e360c7ad1aa68035c25af068059838ceae6dfa6d6,84f6ca69daadf04be6928767627ac1ca0eb72facd2864d83a1c7567e6ba60ea3,R3_UC_123_selected,dadbfccabccdfd0f88f40a0f73e6518a25d23a325fed7d652875782615cd480b,validation,P3,2017-03-03,883,886.0212818392463,fc94745eb597ec868f7827428018b38ab9314de4654ae95fd8e457fdae4a0c49
new_p3_training,True,tuned,UC,123,R3,3cfd389bbd05ec9201a41c0892e29bf8199198d1b216b9a8061370d4240aa583,bd1488a2d411295d7a2118c50ddcc0b158786123613af1676062e2270d1637d1,9cb89005693b1b70c102178849b740fde00b50c9ba5f3b5530d0e5749ea59837,eca954c21da074c545cb7858315ea39fee0a6f54b19e06474b4f2f91f1666847,c40aaf80f5be3be16016d797963cb563e35b93083df451f9827f99cfadc3c898,6031dc4ee08b61c58b35b1efd7d764739d5c7c54dc7cbe9e9a72a1e4a7098596,e2212c40566e21c680a98186ebd8e984aa80d4fd,4d4ad03b827958468b1a231e360c7ad1aa68035c25af068059838ceae6dfa6d6,84f6ca69daadf04be6928767627ac1ca0eb72facd2864d83a1c7567e6ba60ea3,R3_UC_123_selected,dadbfccabccdfd0f88f40a0f73e6518a25d23a325fed7d652875782615cd480b,validation,P3,2017-03-06,883,854.9020517676856,bb5d2b3cb5921dd978e88b0e801aed5ef5013f5a51acf8371cde53ac61b33845
new_p3_training,True,tuned,UC,123,R3,3cfd389bbd05ec9201a41c0892e29bf8199198d1b216b9a8061370d4240aa583,bd1488a2d411295d7a2118c50ddcc0b158786123613af1676062e2270d1637d1,9cb89005693b1b70c102178849b740fde00b50c9ba5f3b5530d0e5749ea59837,eca954c21da074c545cb7858315ea39fee0a6f54b19e06474b4f2f91f1666847,c40aaf80f5be3be16016d797963cb563e35b93083df451f9827f99cfadc3c898,6031dc4ee08b61c58b35b1efd7d764739d5c7c54dc7cbe9e9a72a1e4a7098596,e2212c40566e21c680a98186ebd8e984aa80d4fd,4d4ad03b827958468b1a231e360c7ad1aa68035c25af068059838ceae6dfa6d6,84f6ca69daadf04be6928767627ac1ca0eb72facd2864d83a1c7567e6ba60ea3,R3_UC_123_selected,dadbfccabccdfd0f88f40a0f73e6518a25d23a325fed7d652875782615cd480b,validation,P3,2017-03-07,884,761.6808090007064,01480adb37d6a4a5997e5f735d234cfbb049a3000286daa2a5791c1044128069
new_p3_training,True,tuned,UC,123,R3,3cfd389bbd05ec9201a41c0892e29bf8199198d1b216b9a8061370d4240aa583,bd1488a2d411295d7a2118c50ddcc0b158786123613af1676062e2270d1637d1,9cb89005693b1b70c102178849b740fde00b50c9ba5f3b5530d0e5749ea59837,eca954c21da074c545cb7858315ea39fee0a6f54b19e06474b4f2f91f1666847,c40aaf80f5be3be16016d797963cb563e35b93083df451f9827f99cfadc3c898,6031dc4ee08b61c58b35b1efd7d764739d5c7c54dc7cbe9e9a72a1e4a7098596,e2212c40566e21c680a98186ebd8e984aa80d4fd,4d4ad03b827958468b1a231e360c7ad1aa68035c25af068059838ceae6dfa6d6,84f6ca69daadf04be6928767627ac1ca0eb72facd2864d83a1c7567e6ba60ea3,R3_UC_123_selected,dadbfccabccdfd0f88f40a0f73e6518a25d23a325fed7d652875782615cd480b,validation,P3,2017-03-08,883,821.5722302841268,bfe1a538167a84e485e5c9462173774da3c334d8d2aecd979f9b383d4128e681
new_p3_training,True,tuned,UC,123,R3,3cfd389bbd05ec9201a41c0892e29bf8199198d1b216b9a8061370d4240aa583,bd1488a2d411295d7a2118c50ddcc0b158786123613af1676062e2270d1637d1,9cb89005693b1b70c102178849b740fde00b50c9ba5f3b5530d0e5749ea59837,eca954c21da074c545cb7858315ea39fee0a6f54b19e06474b4f2f91f1666847,c40aaf80f5be3be16016d797963cb563e35b93083df451f9827f99cfadc3c898,6031dc4ee08b61c58b35b1efd7d764739d5c7c54dc7cbe9e9a72a1e4a7098596,e2212c40566e21c680a98186ebd8e984aa80d4fd,4d4ad03b827958468b1a231e360c7ad1aa68035c25af068059838ceae6dfa6d6,84f6ca69daadf04be6928767627ac1ca0eb72facd2864d83a1c7567e6ba60ea3,R3_UC_123_selected,dadbfccabccdfd0f88f40a0f73e6518a25d23a325fed7d652875782615cd480b,validation,P3,2017-03-09,885,795.4587476372134,ea1125b5e5a75fa29a5b793b832c6b0cd3455b7cb60b13e2bf88cb56190b9448
new_p3_training,True,tuned,UC,123,R3,3cfd389bbd05ec9201a41c0892e29bf8199198d1b216b9a8061370d4240aa583,bd1488a2d411295d7a2118c50ddcc0b158786123613af1676062e2270d1637d1,9cb89005693b1b70c102178849b740fde00b50c9ba5f3b5530d0e5749ea59837,eca954c21da074c545cb7858315ea39fee0a6f54b19e06474b4f2f91f1666847,c40aaf80f5be3be16016d797963cb563e35b93083df451f9827f99cfadc3c898,6031dc4ee08b61c58b35b1efd7d764739d5c7c54dc7cbe9e9a72a1e4a7098596,e2212c40566e21c680a98186ebd8e984aa80d4fd,4d4ad03b827958468b1a231e360c7ad1aa68035c25af068059838ceae6dfa6d6,84f6ca69daadf04be6928767627ac1ca0eb72facd2864d83a1c7567e6ba60ea3,R3_UC_123_selected,dadbfccabccdfd0f88f40a0f73e6518a25d23a325fed7d652875782615cd480b,validation,P3,2017-03-10,881,878.6225646172304,2e35f84c933c37168038b2d46b772d2146bd00d36a31773566ad03e343211db2
new_p3_training,True,tuned,UC,123,R3,3cfd389bbd05ec9201a41c0892e29bf8199198d1b216b9a8061370d4240aa583,bd1488a2d411295d7a2118c50ddcc0b158786123613af1676062e2270d1637d1,9cb89005693b1b70c102178849b740fde00b50c9ba5f3b5530d0e5749ea59837,eca954c21da074c545cb7858315ea39fee0a6f54b19e06474b4f2f91f1666847,c40aaf80f5be3be16016d797963cb563e35b93083df451f9827f99cfadc3c898,6031dc4ee08b61c58b35b1efd7d764739d5c7c54dc7cbe9e9a72a1e4a7098596,e2212c40566e21c680a98186ebd8e984aa80d4fd,4d4ad03b827958468b1a231e360c7ad1aa68035c25af068059838ceae6dfa6d6,84f6ca69daadf04be6928767627ac1ca0eb72facd2864d83a1c7567e6ba60ea3,R3_UC_123_selected,dadbfccabccdfd0f88f40a0f73e6518a25d23a325fed7d652875782615cd480b,validation,P3,2017-03-13,871,797.1478228863168,9974567072b315c08e4d9b1c85564bcc7a4e0d72f3ac2bebf5a664683c2bb553
new_p3_training,True,tuned,UC,123,R3,3cfd389bbd05ec9201a41c0892e29bf8199198d1b216b9a8061370d4240aa583,bd1488a2d411295d7a2118c50ddcc0b158786123613af1676062e2270d1637d1,9cb89005693b1b70c102178849b740fde00b50c9ba5f3b5530d0e5749ea59837,eca954c21da074c545cb7858315ea39fee0a6f54b19e06474b4f2f91f1666847,c40aaf80f5be3be16016d797963cb563e35b93083df451f9827f99cfadc3c898,6031dc4ee08b61c58b35b1efd7d764739d5c7c54dc7cbe9e9a72a1e4a7098596,e2212c40566e21c680a98186ebd8e984aa80d4fd,4d4ad03b827958468b1a231e360c7ad1aa68035c25af068059838ceae6dfa6d6,84f6ca69daadf04be6928767627ac1ca0eb72facd2864d83a1c7567e6ba60ea3,R3_UC_123_selected,dadbfccabccdfd0f88f40a0f73e6518a25d23a325fed7d652875782615cd480b,validation,P3,2017-03-14,861,775.1262431818893,143c90efbafde6f4e1b599aab40904e4b11c5ec4086796658790ba5361991b35
new_p3_training,True,tuned,UC,123,R3,3cfd389bbd05ec9201a41c0892e29bf8199198d1b216b9a8061370d4240aa583,bd1488a2d411295d7a2118c50ddcc0b158786123613af1676062e2270d1637d1,9cb89005693b1b70c102178849b740fde00b50c9ba5f3b5530d0e5749ea59837,eca954c21da074c545cb7858315ea39fee0a6f54b19e06474b4f2f91f1666847,c40aaf80f5be3be16016d797963cb563e35b93083df451f9827f99cfadc3c898,6031dc4ee08b61c58b35b1efd7d764739d5c7c54dc7cbe9e9a72a1e4a7098596,e2212c40566e21c680a98186ebd8e984aa80d4fd,4d4ad03b827958468b1a231e360c7ad1aa68035c25af068059838ceae6dfa6d6,84f6ca69daadf04be6928767627ac1ca0eb72facd2864d83a1c7567e6ba60ea3,R3_UC_123_selected,dadbfccabccdfd0f88f40a0f73e6518a25d23a325fed7d652875782615cd480b,validation,P3,2017-03-15,884,814.1095994525928,4bf27bd34ceec3d1b22bec535d7bb4073c4879f1ecde6417b4931b5de3c549d4
new_p3_training,True,tuned,UC,123,R3,3cfd389bbd05ec9201a41c0892e29bf8199198d1b216b9a8061370d4240aa583,bd1488a2d411295d7a2118c50ddcc0b158786123613af1676062e2270d1637d1,9cb89005693b1b70c102178849b740fde00b50c9ba5f3b5530d0e5749ea59837,eca954c21da074c545cb7858315ea39fee0a6f54b19e06474b4f2f91f1666847,c40aaf80f5be3be16016d797963cb563e35b93083df451f9827f99cfadc3c898,6031dc4ee08b61c58b35b1efd7d764739d5c7c54dc7cbe9e9a72a1e4a7098596,e2212c40566e21c680a98186ebd8e984aa80d4fd,4d4ad03b827958468b1a231e360c7ad1aa68035c25af068059838ceae6dfa6d6,84f6ca69daadf04be6928767627ac1ca0eb72facd2864d83a1c7567e6ba60ea3,R3_UC_123_selected,dadbfccabccdfd0f88f40a0f73e6518a25d23a325fed7d652875782615cd480b,validation,P3,2017-03-16,873,816.7450316085394,ccfaf22cbb21e9c263152110793c92707a75c6a1484ff2ab14a087c01fcbe359
new_p3_training,True,tuned,UC,123,R3,3cfd389bbd05ec9201a41c0892e29bf8199198d1b216b9a8061370d4240aa583,bd1488a2d411295d7a2118c50ddcc0b158786123613af1676062e2270d1637d1,9cb89005693b1b70c102178849b740fde00b50c9ba5f3b5530d0e5749ea59837,eca954c21da074c545cb7858315ea39fee0a6f54b19e06474b4f2f91f1666847,c40aaf80f5be3be16016d797963cb563e35b93083df451f9827f99cfadc3c898,6031dc4ee08b61c58b35b1efd7d764739d5c7c54dc7cbe9e9a72a1e4a7098596,e2212c40566e21c680a98186ebd8e984aa80d4fd,4d4ad03b827958468b1a231e360c7ad1aa68035c25af068059838ceae6dfa6d6,84f6ca69daadf04be6928767627ac1ca0eb72facd2864d83a1c7567e6ba60ea3,R3_UC_123_selected,dadbfccabccdfd0f88f40a0f73e6518a25d23a325fed7d652875782615cd480b,validation,P3,2017-03-17,876,825.0704527779653,fd6ac48dfd04b104cf7c40542d084177d9b8ebe19c66ba2c0e47a8814f982d4a
new_p3_training,True,tuned,UC,123,R3,3cfd389bbd05ec9201a41c0892e29bf8199198d1b216b9a8061370d4240aa583,bd1488a2d411295d7a2118c50ddcc0b158786123613af1676062e2270d1637d1,9cb89005693b1b70c102178849b740fde00b50c9ba5f3b5530d0e5749ea59837,eca954c21da074c545cb7858315ea39fee0a6f54b19e06474b4f2f91f1666847,c40aaf80f5be3be16016d797963cb563e35b93083df451f9827f99cfadc3c898,6031dc4ee08b61c58b35b1efd7d764739d5c7c54dc7cbe9e9a72a1e4a7098596,e2212c40566e21c680a98186ebd8e984aa80d4fd,4d4ad03b827958468b1a231e360c7ad1aa68035c25af068059838ceae6dfa6d6,84f6ca69daadf04be6928767627ac1ca0eb72facd2864d83a1c7567e6ba60ea3,R3_UC_123_selected,dadbfccabccdfd0f88f40a0f73e6518a25d23a325fed7d652875782615cd480b,validation,P3,2017-03-20,871,748.9278893744107,97d52f33b5b6a0737607b841769b7af9a5edfba5ecac75f57c0e83c4af96e156
new_p3_training,True,tuned,UC,123,R3,3cfd389bbd05ec9201a41c0892e29bf8199198d1b216b9a8061370d4240aa583,bd1488a2d411295d7a2118c50ddcc0b158786123613af1676062e2270d1637d1,9cb89005693b1b70c102178849b740fde00b50c9ba5f3b5530d0e5749ea59837,eca954c21da074c545cb7858315ea39fee0a6f54b19e06474b4f2f91f1666847,c40aaf80f5be3be16016d797963cb563e35b93083df451f9827f99cfadc3c898,6031dc4ee08b61c58b35b1efd7d764739d5c7c54dc7cbe9e9a72a1e4a7098596,e2212c40566e21c680a98186ebd8e984aa80d4fd,4d4ad03b827958468b1a231e360c7ad1aa68035c25af068059838ceae6dfa6d6,84f6ca69daadf04be6928767627ac1ca0eb72facd2864d83a1c7567e6ba60ea3,R3_UC_123_selected,dadbfccabccdfd0f88f40a0f73e6518a25d23a325fed7d652875782615cd480b,validation,P3,2017-03-21,879,836.701304072064,dd45c48cfcfee929254e77d0e4424ebbf5c00bc2ed4e961138bfe9186ef961b1
new_p3_training,True,tuned,UC,123,R3,3cfd389bbd05ec9201a41c0892e29bf8199198d1b216b9a8061370d4240aa583,bd1488a2d411295d7a2118c50ddcc0b158786123613af1676062e2270d1637d1,9cb89005693b1b70c102178849b740fde00b50c9ba5f3b5530d0e5749ea59837,eca954c21da074c545cb7858315ea39fee0a6f54b19e06474b4f2f91f1666847,c40aaf80f5be3be16016d797963cb563e35b93083df451f9827f99cfadc3c898,6031dc4ee08b61c58b35b1efd7d764739d5c7c54dc7cbe9e9a72a1e4a7098596,e2212c40566e21c680a98186ebd8e984aa80d4fd,4d4ad03b827958468b1a231e360c7ad1aa68035c25af068059838ceae6dfa6d6,84f6ca69daadf04be6928767627ac1ca0eb72facd2864d83a1c7567e6ba60ea3,R3_UC_123_selected,dadbfccabccdfd0f88f40a0f73e6518a25d23a325fed7d652875782615cd480b,validation,P3,2017-03-22,875,814.5734283333323,28b54a891e6bd7e7da2349ecb4b231f4861cea3c1aa42358d507be233ce64266
new_p3_training,True,tuned,UC,123,R3,3cfd389bbd05ec9201a41c0892e29bf8199198d1b216b9a8061370d4240aa583,bd1488a2d411295d7a2118c50ddcc0b158786123613af1676062e2270d1637d1,9cb89005693b1b70c102178849b740fde00b50c9ba5f3b5530d0e5749ea59837,eca954c21da074c545cb7858315ea39fee0a6f54b19e06474b4f2f91f1666847,c40aaf80f5be3be16016d797963cb563e35b93083df451f9827f99cfadc3c898,6031dc4ee08b61c58b35b1efd7d764739d5c7c54dc7cbe9e9a72a1e4a7098596,e2212c40566e21c680a98186ebd8e984aa80d4fd,4d4ad03b827958468b1a231e360c7ad1aa68035c25af068059838ceae6dfa6d6,84f6ca69daadf04be6928767627ac1ca0eb72facd2864d83a1c7567e6ba60ea3,R3_UC_123_selected,dadbfccabccdfd0f88f40a0f73e6518a25d23a325fed7d652875782615cd480b,validation,P3,2017-03-23,878,820.0032294016291,05eb0a5e138a39d64a2eb7a33b5a940dc38ffeb813fda45f252329e978701d66
new_p3_training,True,tuned,UC,123,R3,3cfd389bbd05ec9201a41c0892e29bf8199198d1b216b9a8061370d4240aa583,bd1488a2d411295d7a2118c50ddcc0b158786123613af1676062e2270d1637d1,9cb89005693b1b70c102178849b740fde00b50c9ba5f3b5530d0e5749ea59837,eca954c21da074c545cb7858315ea39fee0a6f54b19e06474b4f2f91f1666847,c40aaf80f5be3be16016d797963cb563e35b93083df451f9827f99cfadc3c898,6031dc4ee08b61c58b35b1efd7d764739d5c7c54dc7cbe9e9a72a1e4a7098596,e2212c40566e21c680a98186ebd8e984aa80d4fd,4d4ad03b827958468b1a231e360c7ad1aa68035c25af068059838ceae6dfa6d6,84f6ca69daadf04be6928767627ac1ca0eb72facd2864d83a1c7567e6ba60ea3,R3_UC_123_selected,dadbfccabccdfd0f88f40a0f73e6518a25d23a325fed7d652875782615cd480b,validation,P3,2017-03-24,869,844.7006176505035,1f4bdd9989e9428630b90a6f66b3a7208f545e0ac684b780f760237fcd13a9f6
new_p3_training,True,tuned,UC,123,R3,3cfd389bbd05ec9201a41c0892e29bf8199198d1b216b9a8061370d4240aa583,bd1488a2d411295d7a2118c50ddcc0b158786123613af1676062e2270d1637d1,9cb89005693b1b70c102178849b740fde00b50c9ba5f3b5530d0e5749ea59837,eca954c21da074c545cb7858315ea39fee0a6f54b19e06474b4f2f91f1666847,c40aaf80f5be3be16016d797963cb563e35b93083df451f9827f99cfadc3c898,6031dc4ee08b61c58b35b1efd7d764739d5c7c54dc7cbe9e9a72a1e4a7098596,e2212c40566e21c680a98186ebd8e984aa80d4fd,4d4ad03b827958468b1a231e360c7ad1aa68035c25af068059838ceae6dfa6d6,84f6ca69daadf04be6928767627ac1ca0eb72facd2864d83a1c7567e6ba60ea3,R3_UC_123_selected,dadbfccabccdfd0f88f40a0f73e6518a25d23a325fed7d652875782615cd480b,validation,P3,2017-03-27,881,848.4541218879876,116c94b9a558a477792594d5b57842c1cb78fe8e4bcf35b5bc380f605d16bfc9
new_p3_training,True,tuned,UC,123,R3,3cfd389bbd05ec9201a41c0892e29bf8199198d1b216b9a8061370d4240aa583,bd1488a2d411295d7a2118c50ddcc0b158786123613af1676062e2270d1637d1,9cb89005693b1b70c102178849b740fde00b50c9ba5f3b5530d0e5749ea59837,eca954c21da074c545cb7858315ea39fee0a6f54b19e06474b4f2f91f1666847,c40aaf80f5be3be16016d797963cb563e35b93083df451f9827f99cfadc3c898,6031dc4ee08b61c58b35b1efd7d764739d5c7c54dc7cbe9e9a72a1e4a7098596,e2212c40566e21c680a98186ebd8e984aa80d4fd,4d4ad03b827958468b1a231e360c7ad1aa68035c25af068059838ceae6dfa6d6,84f6ca69daadf04be6928767627ac1ca0eb72facd2864d83a1c7567e6ba60ea3,R3_UC_123_selected,dadbfccabccdfd0f88f40a0f73e6518a25d23a325fed7d652875782615cd480b,validation,P3,2017-03-28,879,754.3769010587264,c02755dd8307c09d4692548bf040f7f668fd3bb5a2520db5b1c69dfa6bd9b977
new_p3_training,True,tuned,UC,123,R3,3cfd389bbd05ec9201a41c0892e29bf8199198d1b216b9a8061370d4240aa583,bd1488a2d411295d7a2118c50ddcc0b158786123613af1676062e2270d1637d1,9cb89005693b1b70c102178849b740fde00b50c9ba5f3b5530d0e5749ea59837,eca954c21da074c545cb7858315ea39fee0a6f54b19e06474b4f2f91f1666847,c40aaf80f5be3be16016d797963cb563e35b93083df451f9827f99cfadc3c898,6031dc4ee08b61c58b35b1efd7d764739d5c7c54dc7cbe9e9a72a1e4a7098596,e2212c40566e21c680a98186ebd8e984aa80d4fd,4d4ad03b827958468b1a231e360c7ad1aa68035c25af068059838ceae6dfa6d6,84f6ca69daadf04be6928767627ac1ca0eb72facd2864d83a1c7567e6ba60ea3,R3_UC_123_selected,dadbfccabccdfd0f88f40a0f73e6518a25d23a325fed7d652875782615cd480b,validation,P3,2017-03-29,881,810.6060941666466,e657a1069c81b3cf5bbc75f6d0815cc74b8f592f8a32b77e0a6b523197da27ad
new_p3_training,True,tuned,UC,123,R3,3cfd389bbd05ec9201a41c0892e29bf8199198d1b216b9a8061370d4240aa583,bd1488a2d411295d7a2118c50ddcc0b158786123613af1676062e2270d1637d1,9cb89005693b1b70c102178849b740fde00b50c9ba5f3b5530d0e5749ea59837,eca954c21da074c545cb7858315ea39fee0a6f54b19e06474b4f2f91f1666847,c40aaf80f5be3be16016d797963cb563e35b93083df451f9827f99cfadc3c898,6031dc4ee08b61c58b35b1efd7d764739d5c7c54dc7cbe9e9a72a1e4a7098596,e2212c40566e21c680a98186ebd8e984aa80d4fd,4d4ad03b827958468b1a231e360c7ad1aa68035c25af068059838ceae6dfa6d6,84f6ca69daadf04be6928767627ac1ca0eb72facd2864d83a1c7567e6ba60ea3,R3_UC_123_selected,dadbfccabccdfd0f88f40a0f73e6518a25d23a325fed7d652875782615cd480b,validation,P3,2017-03-30,879,762.6590821600503,fd177f13030e60cd4d777a33c98ec2c861306221f3d11a74c33fded46ad5aa4f
new_p3_training,True,tuned,UC,123,R3,3cfd389bbd05ec9201a41c0892e29bf8199198d1b216b9a8061370d4240aa583,bd1488a2d411295d7a2118c50ddcc0b158786123613af1676062e2270d1637d1,9cb89005693b1b70c102178849b740fde00b50c9ba5f3b5530d0e5749ea59837,eca954c21da074c545cb7858315ea39fee0a6f54b19e06474b4f2f91f1666847,c40aaf80f5be3be16016d797963cb563e35b93083df451f9827f99cfadc3c898,6031dc4ee08b61c58b35b1efd7d764739d5c7c54dc7cbe9e9a72a1e4a7098596,e2212c40566e21c680a98186ebd8e984aa80d4fd,4d4ad03b827958468b1a231e360c7ad1aa68035c25af068059838ceae6dfa6d6,84f6ca69daadf04be6928767627ac1ca0eb72facd2864d83a1c7567e6ba60ea3,R3_UC_123_selected,dadbfccabccdfd0f88f40a0f73e6518a25d23a325fed7d652875782615cd480b,validation,P3,2017-03-31,884,789.3067731222825,cfdf2cc2575264ac96e482c04ceeddd74ad26cbb46ae6cd8805e4bb02d79b823
new_p3_training,True,tuned,UC,123,R3,3cfd389bbd05ec9201a41c0892e29bf8199198d1b216b9a8061370d4240aa583,bd1488a2d411295d7a2118c50ddcc0b158786123613af1676062e2270d1637d1,9cb89005693b1b70c102178849b740fde00b50c9ba5f3b5530d0e5749ea59837,eca954c21da074c545cb7858315ea39fee0a6f54b19e06474b4f2f91f1666847,c40aaf80f5be3be16016d797963cb563e35b93083df451f9827f99cfadc3c898,6031dc4ee08b61c58b35b1efd7d764739d5c7c54dc7cbe9e9a72a1e4a7098596,e2212c40566e21c680a98186ebd8e984aa80d4fd,4d4ad03b827958468b1a231e360c7ad1aa68035c25af068059838ceae6dfa6d6,84f6ca69daadf04be6928767627ac1ca0eb72facd2864d83a1c7567e6ba60ea3,R3_UC_123_selected,dadbfccabccdfd0f88f40a0f73e6518a25d23a325fed7d652875782615cd480b,validation,P3,2017-04-03,865,794.3260951124842,48a489f1c8932fe5115d7afb615c3ed86caaaf230e31e7411c6c173fe9cc4d9d
new_p3_training,True,tuned,UC,123,R3,3cfd389bbd05ec9201a41c0892e29bf8199198d1b216b9a8061370d4240aa583,bd1488a2d411295d7a2118c50ddcc0b158786123613af1676062e2270d1637d1,9cb89005693b1b70c102178849b740fde00b50c9ba5f3b5530d0e5749ea59837,eca954c21da074c545cb7858315ea39fee0a6f54b19e06474b4f2f91f1666847,c40aaf80f5be3be16016d797963cb563e35b93083df451f9827f99cfadc3c898,6031dc4ee08b61c58b35b1efd7d764739d5c7c54dc7cbe9e9a72a1e4a7098596,e2212c40566e21c680a98186ebd8e984aa80d4fd,4d4ad03b827958468b1a231e360c7ad1aa68035c25af068059838ceae6dfa6d6,84f6ca69daadf04be6928767627ac1ca0eb72facd2864d83a1c7567e6ba60ea3,R3_UC_123_selected,dadbfccabccdfd0f88f40a0f73e6518a25d23a325fed7d652875782615cd480b,validation,P3,2017-04-04,865,779.3698150360783,c99730c7137ecc98b1954c18120bf2364c6f65ac97147523813d246ccefa77fd
new_p3_training,True,tuned,UC,123,R3,3cfd389bbd05ec9201a41c0892e29bf8199198d1b216b9a8061370d4240aa583,bd1488a2d411295d7a2118c50ddcc0b158786123613af1676062e2270d1637d1,9cb89005693b1b70c102178849b740fde00b50c9ba5f3b5530d0e5749ea59837,eca954c21da074c545cb7858315ea39fee0a6f54b19e06474b4f2f91f1666847,c40aaf80f5be3be16016d797963cb563e35b93083df451f9827f99cfadc3c898,6031dc4ee08b61c58b35b1efd7d764739d5c7c54dc7cbe9e9a72a1e4a7098596,e2212c40566e21c680a98186ebd8e984aa80d4fd,4d4ad03b827958468b1a231e360c7ad1aa68035c25af068059838ceae6dfa6d6,84f6ca69daadf04be6928767627ac1ca0eb72facd2864d83a1c7567e6ba60ea3,R3_UC_123_selected,dadbfccabccdfd0f88f40a0f73e6518a25d23a325fed7d652875782615cd480b,validation,P3,2017-04-05,873,861.8194026541088,e39038ff59aaa09112f479537c66364fc7502f9cfefa9cba690a673b62407dbe
new_p3_training,True,tuned,UC,123,R3,3cfd389bbd05ec9201a41c0892e29bf8199198d1b216b9a8061370d4240aa583,bd1488a2d411295d7a2118c50ddcc0b158786123613af1676062e2270d1637d1,9cb89005693b1b70c102178849b740fde00b50c9ba5f3b5530d0e5749ea59837,eca954c21da074c545cb7858315ea39fee0a6f54b19e06474b4f2f91f1666847,c40aaf80f5be3be16016d797963cb563e35b93083df451f9827f99cfadc3c898,6031dc4ee08b61c58b35b1efd7d764739d5c7c54dc7cbe9e9a72a1e4a7098596,e2212c40566e21c680a98186ebd8e984aa80d4fd,4d4ad03b827958468b1a231e360c7ad1aa68035c25af068059838ceae6dfa6d6,84f6ca69daadf04be6928767627ac1ca0eb72facd2864d83a1c7567e6ba60ea3,R3_UC_123_selected,dadbfccabccdfd0f88f40a0f73e6518a25d23a325fed7d652875782615cd480b,validation,P3,2017-04-06,877,758.2385069670753,51214c4c375445f7ffa342b48ad34e38a73afac1a9833493626fd33f88e0dc08
new_p3_training,True,tuned,UC,123,R3,3cfd389bbd05ec9201a41c0892e29bf8199198d1b216b9a8061370d4240aa583,bd1488a2d411295d7a2118c50ddcc0b158786123613af1676062e2270d1637d1,9cb89005693b1b70c102178849b740fde00b50c9ba5f3b5530d0e5749ea59837,eca954c21da074c545cb7858315ea39fee0a6f54b19e06474b4f2f91f1666847,c40aaf80f5be3be16016d797963cb563e35b93083df451f9827f99cfadc3c898,6031dc4ee08b61c58b35b1efd7d764739d5c7c54dc7cbe9e9a72a1e4a7098596,e2212c40566e21c680a98186ebd8e984aa80d4fd,4d4ad03b827958468b1a231e360c7ad1aa68035c25af068059838ceae6dfa6d6,84f6ca69daadf04be6928767627ac1ca0eb72facd2864d83a1c7567e6ba60ea3,R3_UC_123_selected,dadbfccabccdfd0f88f40a0f73e6518a25d23a325fed7d652875782615cd480b,validation,P3,2017-04-07,879,794.6448641945788,dfc7c4a1d51fde01e620275e3bdd1ea4a9c4a885580c17e1a5b8580bb83b7f96
new_p3_training,True,tuned,UC,123,R3,3cfd389bbd05ec9201a41c0892e29bf8199198d1b216b9a8061370d4240aa583,bd1488a2d411295d7a2118c50ddcc0b158786123613af1676062e2270d1637d1,9cb89005693b1b70c102178849b740fde00b50c9ba5f3b5530d0e5749ea59837,eca954c21da074c545cb7858315ea39fee0a6f54b19e06474b4f2f91f1666847,c40aaf80f5be3be16016d797963cb563e35b93083df451f9827f99cfadc3c898,6031dc4ee08b61c58b35b1efd7d764739d5c7c54dc7cbe9e9a72a1e4a7098596,e2212c40566e21c680a98186ebd8e984aa80d4fd,4d4ad03b827958468b1a231e360c7ad1aa68035c25af068059838ceae6dfa6d6,84f6ca69daadf04be6928767627ac1ca0eb72facd2864d83a1c7567e6ba60ea3,R3_UC_123_selected,dadbfccabccdfd0f88f40a0f73e6518a25d23a325fed7d652875782615cd480b,validation,P3,2017-04-10,860,785.7949075656213,335100415c4ce8529f0e97b9a764d4cd8cc481ab26bfba3d55ca13e42f46034a
new_p3_training,True,tuned,UC,123,R3,3cfd389bbd05ec9201a41c0892e29bf8199198d1b216b9a8061370d4240aa583,bd1488a2d411295d7a2118c50ddcc0b158786123613af1676062e2270d1637d1,9cb89005693b1b70c102178849b740fde00b50c9ba5f3b5530d0e5749ea59837,eca954c21da074c545cb7858315ea39fee0a6f54b19e06474b4f2f91f1666847,c40aaf80f5be3be16016d797963cb563e35b93083df451f9827f99cfadc3c898,6031dc4ee08b61c58b35b1efd7d764739d5c7c54dc7cbe9e9a72a1e4a7098596,e2212c40566e21c680a98186ebd8e984aa80d4fd,4d4ad03b827958468b1a231e360c7ad1aa68035c25af068059838ceae6dfa6d6,84f6ca69daadf04be6928767627ac1ca0eb72facd2864d83a1c7567e6ba60ea3,R3_UC_123_selected,dadbfccabccdfd0f88f40a0f73e6518a25d23a325fed7d652875782615cd480b,validation,P3,2017-04-11,871,757.7072524979985,3a496c1475d52448d80741b97cda3b3e12e1a0f50faa8307a65aa3890b5400fa
new_p3_training,True,tuned,UC,123,R3,3cfd389bbd05ec9201a41c0892e29bf8199198d1b216b9a8061370d4240aa583,bd1488a2d411295d7a2118c50ddcc0b158786123613af1676062e2270d1637d1,9cb89005693b1b70c102178849b740fde00b50c9ba5f3b5530d0e5749ea59837,eca954c21da074c545cb7858315ea39fee0a6f54b19e06474b4f2f91f1666847,c40aaf80f5be3be16016d797963cb563e35b93083df451f9827f99cfadc3c898,6031dc4ee08b61c58b35b1efd7d764739d5c7c54dc7cbe9e9a72a1e4a7098596,e2212c40566e21c680a98186ebd8e984aa80d4fd,4d4ad03b827958468b1a231e360c7ad1aa68035c25af068059838ceae6dfa6d6,84f6ca69daadf04be6928767627ac1ca0eb72facd2864d83a1c7567e6ba60ea3,R3_UC_123_selected,dadbfccabccdfd0f88f40a0f73e6518a25d23a325fed7d652875782615cd480b,validation,P3,2017-04-12,879,739.8232823769418,6cd2d3b58abceeddfdb49e7b065055380ffca2ed0e4d7e05839595b799c3eeb2
new_p3_training,True,tuned,UC,123,R3,3cfd389bbd05ec9201a41c0892e29bf8199198d1b216b9a8061370d4240aa583,bd1488a2d411295d7a2118c50ddcc0b158786123613af1676062e2270d1637d1,9cb89005693b1b70c102178849b740fde00b50c9ba5f3b5530d0e5749ea59837,eca954c21da074c545cb7858315ea39fee0a6f54b19e06474b4f2f91f1666847,c40aaf80f5be3be16016d797963cb563e35b93083df451f9827f99cfadc3c898,6031dc4ee08b61c58b35b1efd7d764739d5c7c54dc7cbe9e9a72a1e4a7098596,e2212c40566e21c680a98186ebd8e984aa80d4fd,4d4ad03b827958468b1a231e360c7ad1aa68035c25af068059838ceae6dfa6d6,84f6ca69daadf04be6928767627ac1ca0eb72facd2864d83a1c7567e6ba60ea3,R3_UC_123_selected,dadbfccabccdfd0f88f40a0f73e6518a25d23a325fed7d652875782615cd480b,validation,P3,2017-04-13,879,809.7992522117095,2de874d8c2932b4a5815abf84905fc4bab5c2127000f32b0744556ea746b6051
new_p3_training,True,tuned,UC,123,R3,3cfd389bbd05ec9201a41c0892e29bf8199198d1b216b9a8061370d4240aa583,bd1488a2d411295d7a2118c50ddcc0b158786123613af1676062e2270d1637d1,9cb89005693b1b70c102178849b740fde00b50c9ba5f3b5530d0e5749ea59837,eca954c21da074c545cb7858315ea39fee0a6f54b19e06474b4f2f91f1666847,c40aaf80f5be3be16016d797963cb563e35b93083df451f9827f99cfadc3c898,6031dc4ee08b61c58b35b1efd7d764739d5c7c54dc7cbe9e9a72a1e4a7098596,e2212c40566e21c680a98186ebd8e984aa80d4fd,4d4ad03b827958468b1a231e360c7ad1aa68035c25af068059838ceae6dfa6d6,84f6ca69daadf04be6928767627ac1ca0eb72facd2864d83a1c7567e6ba60ea3,R3_UC_123_selected,dadbfccabccdfd0f88f40a0f73e6518a25d23a325fed7d652875782615cd480b,validation,P3,2017-04-14,876,811.9481054969631,503079c0d506a14b902f3cc16badd9481bd17999093f60d611b964ee2b4b9513
new_p3_training,True,tuned,UC,123,R3,3cfd389bbd05ec9201a41c0892e29bf8199198d1b216b9a8061370d4240aa583,bd1488a2d411295d7a2118c50ddcc0b158786123613af1676062e2270d1637d1,9cb89005693b1b70c102178849b740fde00b50c9ba5f3b5530d0e5749ea59837,eca954c21da074c545cb7858315ea39fee0a6f54b19e06474b4f2f91f1666847,c40aaf80f5be3be16016d797963cb563e35b93083df451f9827f99cfadc3c898,6031dc4ee08b61c58b35b1efd7d764739d5c7c54dc7cbe9e9a72a1e4a7098596,e2212c40566e21c680a98186ebd8e984aa80d4fd,4d4ad03b827958468b1a231e360c7ad1aa68035c25af068059838ceae6dfa6d6,84f6ca69daadf04be6928767627ac1ca0eb72facd2864d83a1c7567e6ba60ea3,R3_UC_123_selected,dadbfccabccdfd0f88f40a0f73e6518a25d23a325fed7d652875782615cd480b,validation,P3,2017-04-17,884,765.2954123833981,5582317c9bcb45ef60dca83809a016cc2963c3eb6b91c4e3191980b54f03ef40
new_p3_training,True,tuned,UC,123,R3,3cfd389bbd05ec9201a41c0892e29bf8199198d1b216b9a8061370d4240aa583,bd1488a2d411295d7a2118c50ddcc0b158786123613af1676062e2270d1637d1,9cb89005693b1b70c102178849b740fde00b50c9ba5f3b5530d0e5749ea59837,eca954c21da074c545cb7858315ea39fee0a6f54b19e06474b4f2f91f1666847,c40aaf80f5be3be16016d797963cb563e35b93083df451f9827f99cfadc3c898,6031dc4ee08b61c58b35b1efd7d764739d5c7c54dc7cbe9e9a72a1e4a7098596,e2212c40566e21c680a98186ebd8e984aa80d4fd,4d4ad03b827958468b1a231e360c7ad1aa68035c25af068059838ceae6dfa6d6,84f6ca69daadf04be6928767627ac1ca0eb72facd2864d83a1c7567e6ba60ea3,R3_UC_123_selected,dadbfccabccdfd0f88f40a0f73e6518a25d23a325fed7d652875782615cd480b,validation,P3,2017-04-18,877,754.6936684479242,d2e8873fdec3eccd5bb68bd2f8295221ec0f6b796dcb61703b5c3aa2ebb91027
new_p3_training,True,tuned,UC,123,R3,3cfd389bbd05ec9201a41c0892e29bf8199198d1b216b9a8061370d4240aa583,bd1488a2d411295d7a2118c50ddcc0b158786123613af1676062e2270d1637d1,9cb89005693b1b70c102178849b740fde00b50c9ba5f3b5530d0e5749ea59837,eca954c21da074c545cb7858315ea39fee0a6f54b19e06474b4f2f91f1666847,c40aaf80f5be3be16016d797963cb563e35b93083df451f9827f99cfadc3c898,6031dc4ee08b61c58b35b1efd7d764739d5c7c54dc7cbe9e9a72a1e4a7098596,e2212c40566e21c680a98186ebd8e984aa80d4fd,4d4ad03b827958468b1a231e360c7ad1aa68035c25af068059838ceae6dfa6d6,84f6ca69daadf04be6928767627ac1ca0eb72facd2864d83a1c7567e6ba60ea3,R3_UC_123_selected,dadbfccabccdfd0f88f40a0f73e6518a25d23a325fed7d652875782615cd480b,validation,P3,2017-04-19,883,786.4492188940279,d8ad36b7b59de1a062254c05b0258e77666b4a863e7ab78f7bdc7d7a238bc624
new_p3_training,True,tuned,UC,123,R3,3cfd389bbd05ec9201a41c0892e29bf8199198d1b216b9a8061370d4240aa583,bd1488a2d411295d7a2118c50ddcc0b158786123613af1676062e2270d1637d1,9cb89005693b1b70c102178849b740fde00b50c9ba5f3b5530d0e5749ea59837,eca954c21da074c545cb7858315ea39fee0a6f54b19e06474b4f2f91f1666847,c40aaf80f5be3be16016d797963cb563e35b93083df451f9827f99cfadc3c898,6031dc4ee08b61c58b35b1efd7d764739d5c7c54dc7cbe9e9a72a1e4a7098596,e2212c40566e21c680a98186ebd8e984aa80d4fd,4d4ad03b827958468b1a231e360c7ad1aa68035c25af068059838ceae6dfa6d6,84f6ca69daadf04be6928767627ac1ca0eb72facd2864d83a1c7567e6ba60ea3,R3_UC_123_selected,dadbfccabccdfd0f88f40a0f73e6518a25d23a325fed7d652875782615cd480b,validation,P3,2017-04-20,885,813.797500441178,d45c1061d357a4ab5722e1d4234b6212098c7e88fbb223526b27a61826d33aa4
new_p3_training,True,tuned,UC,123,R3,3cfd389bbd05ec9201a41c0892e29bf8199198d1b216b9a8061370d4240aa583,bd1488a2d411295d7a2118c50ddcc0b158786123613af1676062e2270d1637d1,9cb89005693b1b70c102178849b740fde00b50c9ba5f3b5530d0e5749ea59837,eca954c21da074c545cb7858315ea39fee0a6f54b19e06474b4f2f91f1666847,c40aaf80f5be3be16016d797963cb563e35b93083df451f9827f99cfadc3c898,6031dc4ee08b61c58b35b1efd7d764739d5c7c54dc7cbe9e9a72a1e4a7098596,e2212c40566e21c680a98186ebd8e984aa80d4fd,4d4ad03b827958468b1a231e360c7ad1aa68035c25af068059838ceae6dfa6d6,84f6ca69daadf04be6928767627ac1ca0eb72facd2864d83a1c7567e6ba60ea3,R3_UC_123_selected,dadbfccabccdfd0f88f40a0f73e6518a25d23a325fed7d652875782615cd480b,validation,P3,2017-04-21,886,745.1218284501447,eb9a26f2d7d819b8bd5830948fa9d6d9a57dd0642eff9b344b53da6f9ba1c0d6
new_p3_training,True,tuned,UC,123,R3,3cfd389bbd05ec9201a41c0892e29bf8199198d1b216b9a8061370d4240aa583,bd1488a2d411295d7a2118c50ddcc0b158786123613af1676062e2270d1637d1,9cb89005693b1b70c102178849b740fde00b50c9ba5f3b5530d0e5749ea59837,eca954c21da074c545cb7858315ea39fee0a6f54b19e06474b4f2f91f1666847,c40aaf80f5be3be16016d797963cb563e35b93083df451f9827f99cfadc3c898,6031dc4ee08b61c58b35b1efd7d764739d5c7c54dc7cbe9e9a72a1e4a7098596,e2212c40566e21c680a98186ebd8e984aa80d4fd,4d4ad03b827958468b1a231e360c7ad1aa68035c25af068059838ceae6dfa6d6,84f6ca69daadf04be6928767627ac1ca0eb72facd2864d83a1c7567e6ba60ea3,R3_UC_123_selected,dadbfccabccdfd0f88f40a0f73e6518a25d23a325fed7d652875782615cd480b,validation,P3,2017-04-24,889,799.4462000387389,5ac51fbe1a78cccc9e3d5776203a7ba216c109918a9a47cb363d244ca4e97101
new_p3_training,True,tuned,UC,123,R3,3cfd389bbd05ec9201a41c0892e29bf8199198d1b216b9a8061370d4240aa583,bd1488a2d411295d7a2118c50ddcc0b158786123613af1676062e2270d1637d1,9cb89005693b1b70c102178849b740fde00b50c9ba5f3b5530d0e5749ea59837,eca954c21da074c545cb7858315ea39fee0a6f54b19e06474b4f2f91f1666847,c40aaf80f5be3be16016d797963cb563e35b93083df451f9827f99cfadc3c898,6031dc4ee08b61c58b35b1efd7d764739d5c7c54dc7cbe9e9a72a1e4a7098596,e2212c40566e21c680a98186ebd8e984aa80d4fd,4d4ad03b827958468b1a231e360c7ad1aa68035c25af068059838ceae6dfa6d6,84f6ca69daadf04be6928767627ac1ca0eb72facd2864d83a1c7567e6ba60ea3,R3_UC_123_selected,dadbfccabccdfd0f88f40a0f73e6518a25d23a325fed7d652875782615cd480b,validation,P3,2017-04-25,887,779.2564037602181,0de660774b2a200d7e514095f8e5dbbcfa3ee9c9b1b9f379a63f5feca57514f7
new_p3_training,True,tuned,UC,123,R3,3cfd389bbd05ec9201a41c0892e29bf8199198d1b216b9a8061370d4240aa583,bd1488a2d411295d7a2118c50ddcc0b158786123613af1676062e2270d1637d1,9cb89005693b1b70c102178849b740fde00b50c9ba5f3b5530d0e5749ea59837,eca954c21da074c545cb7858315ea39fee0a6f54b19e06474b4f2f91f1666847,c40aaf80f5be3be16016d797963cb563e35b93083df451f9827f99cfadc3c898,6031dc4ee08b61c58b35b1efd7d764739d5c7c54dc7cbe9e9a72a1e4a7098596,e2212c40566e21c680a98186ebd8e984aa80d4fd,4d4ad03b827958468b1a231e360c7ad1aa68035c25af068059838ceae6dfa6d6,84f6ca69daadf04be6928767627ac1ca0eb72facd2864d83a1c7567e6ba60ea3,R3_UC_123_selected,dadbfccabccdfd0f88f40a0f73e6518a25d23a325fed7d652875782615cd480b,validation,P3,2017-04-26,885,762.7551867132395,d4f62bc8637bdf95c035d1a984ed80fc6c0fa9f2c7c5d9e083e6949dacdf2df8
new_p3_training,True,tuned,UC,123,R3,3cfd389bbd05ec9201a41c0892e29bf8199198d1b216b9a8061370d4240aa583,bd1488a2d411295d7a2118c50ddcc0b158786123613af1676062e2270d1637d1,9cb89005693b1b70c102178849b740fde00b50c9ba5f3b5530d0e5749ea59837,eca954c21da074c545cb7858315ea39fee0a6f54b19e06474b4f2f91f1666847,c40aaf80f5be3be16016d797963cb563e35b93083df451f9827f99cfadc3c898,6031dc4ee08b61c58b35b1efd7d764739d5c7c54dc7cbe9e9a72a1e4a7098596,e2212c40566e21c680a98186ebd8e984aa80d4fd,4d4ad03b827958468b1a231e360c7ad1aa68035c25af068059838ceae6dfa6d6,84f6ca69daadf04be6928767627ac1ca0eb72facd2864d83a1c7567e6ba60ea3,R3_UC_123_selected,dadbfccabccdfd0f88f40a0f73e6518a25d23a325fed7d652875782615cd480b,validation,P3,2017-04-27,891,789.378780486597,19baf42a9507a50e14b4e9edfc41b921852885e5b2b5fda6b4b3717f0bbb43aa
new_p3_training,True,tuned,UC,123,R3,3cfd389bbd05ec9201a41c0892e29bf8199198d1b216b9a8061370d4240aa583,bd1488a2d411295d7a2118c50ddcc0b158786123613af1676062e2270d1637d1,9cb89005693b1b70c102178849b740fde00b50c9ba5f3b5530d0e5749ea59837,eca954c21da074c545cb7858315ea39fee0a6f54b19e06474b4f2f91f1666847,c40aaf80f5be3be16016d797963cb563e35b93083df451f9827f99cfadc3c898,6031dc4ee08b61c58b35b1efd7d764739d5c7c54dc7cbe9e9a72a1e4a7098596,e2212c40566e21c680a98186ebd8e984aa80d4fd,4d4ad03b827958468b1a231e360c7ad1aa68035c25af068059838ceae6dfa6d6,84f6ca69daadf04be6928767627ac1ca0eb72facd2864d83a1c7567e6ba60ea3,R3_UC_123_selected,dadbfccabccdfd0f88f40a0f73e6518a25d23a325fed7d652875782615cd480b,validation,P3,2017-04-28,891,773.0881629534166,9401a36547a552c4f7638bd9ad8e144569ed424a242803b6905e78f014257383
new_p3_training,True,tuned,UC,123,R3,3cfd389bbd05ec9201a41c0892e29bf8199198d1b216b9a8061370d4240aa583,bd1488a2d411295d7a2118c50ddcc0b158786123613af1676062e2270d1637d1,9cb89005693b1b70c102178849b740fde00b50c9ba5f3b5530d0e5749ea59837,eca954c21da074c545cb7858315ea39fee0a6f54b19e06474b4f2f91f1666847,c40aaf80f5be3be16016d797963cb563e35b93083df451f9827f99cfadc3c898,6031dc4ee08b61c58b35b1efd7d764739d5c7c54dc7cbe9e9a72a1e4a7098596,e2212c40566e21c680a98186ebd8e984aa80d4fd,4d4ad03b827958468b1a231e360c7ad1aa68035c25af068059838ceae6dfa6d6,84f6ca69daadf04be6928767627ac1ca0eb72facd2864d83a1c7567e6ba60ea3,R3_UC_123_selected,dadbfccabccdfd0f88f40a0f73e6518a25d23a325fed7d652875782615cd480b,validation,P3,2017-05-02,891,768.9739046844943,30fd7310a6f72a8e570aa91d3a7e657c753ad23e46c04f31eb8f6f442b0461dd
new_p3_training,True,tuned,UC,123,R3,3cfd389bbd05ec9201a41c0892e29bf8199198d1b216b9a8061370d4240aa583,bd1488a2d411295d7a2118c50ddcc0b158786123613af1676062e2270d1637d1,9cb89005693b1b70c102178849b740fde00b50c9ba5f3b5530d0e5749ea59837,eca954c21da074c545cb7858315ea39fee0a6f54b19e06474b4f2f91f1666847,c40aaf80f5be3be16016d797963cb563e35b93083df451f9827f99cfadc3c898,6031dc4ee08b61c58b35b1efd7d764739d5c7c54dc7cbe9e9a72a1e4a7098596,e2212c40566e21c680a98186ebd8e984aa80d4fd,4d4ad03b827958468b1a231e360c7ad1aa68035c25af068059838ceae6dfa6d6,84f6ca69daadf04be6928767627ac1ca0eb72facd2864d83a1c7567e6ba60ea3,R3_UC_123_selected,dadbfccabccdfd0f88f40a0f73e6518a25d23a325fed7d652875782615cd480b,validation,P3,2017-05-04,884,703.6256111939879,9959741f12ae9d0ed921868eafeddbff64223b5b36d3fb9d90c68a5cfc8839c4
new_p3_training,True,tuned,UC,123,R3,3cfd389bbd05ec9201a41c0892e29bf8199198d1b216b9a8061370d4240aa583,bd1488a2d411295d7a2118c50ddcc0b158786123613af1676062e2270d1637d1,9cb89005693b1b70c102178849b740fde00b50c9ba5f3b5530d0e5749ea59837,eca954c21da074c545cb7858315ea39fee0a6f54b19e06474b4f2f91f1666847,c40aaf80f5be3be16016d797963cb563e35b93083df451f9827f99cfadc3c898,6031dc4ee08b61c58b35b1efd7d764739d5c7c54dc7cbe9e9a72a1e4a7098596,e2212c40566e21c680a98186ebd8e984aa80d4fd,4d4ad03b827958468b1a231e360c7ad1aa68035c25af068059838ceae6dfa6d6,84f6ca69daadf04be6928767627ac1ca0eb72facd2864d83a1c7567e6ba60ea3,R3_UC_123_selected,dadbfccabccdfd0f88f40a0f73e6518a25d23a325fed7d652875782615cd480b,validation,P3,2017-05-08,882,773.885676731777,b20a53f31337fcb354e5dd6388035af3695c3504a5c5fb181b2785684af02ac9
new_p3_training,True,tuned,UC,123,R3,3cfd389bbd05ec9201a41c0892e29bf8199198d1b216b9a8061370d4240aa583,bd1488a2d411295d7a2118c50ddcc0b158786123613af1676062e2270d1637d1,9cb89005693b1b70c102178849b740fde00b50c9ba5f3b5530d0e5749ea59837,eca954c21da074c545cb7858315ea39fee0a6f54b19e06474b4f2f91f1666847,c40aaf80f5be3be16016d797963cb563e35b93083df451f9827f99cfadc3c898,6031dc4ee08b61c58b35b1efd7d764739d5c7c54dc7cbe9e9a72a1e4a7098596,e2212c40566e21c680a98186ebd8e984aa80d4fd,4d4ad03b827958468b1a231e360c7ad1aa68035c25af068059838ceae6dfa6d6,84f6ca69daadf04be6928767627ac1ca0eb72facd2864d83a1c7567e6ba60ea3,R3_UC_123_selected,dadbfccabccdfd0f88f40a0f73e6518a25d23a325fed7d652875782615cd480b,validation,P3,2017-05-10,889,906.2370544516878,66f866a6c9dfec5321323e6be44f5495ee7553c51fca625bf0ec217766c249fc
new_p3_training,True,tuned,UC,123,R3,3cfd389bbd05ec9201a41c0892e29bf8199198d1b216b9a8061370d4240aa583,bd1488a2d411295d7a2118c50ddcc0b158786123613af1676062e2270d1637d1,9cb89005693b1b70c102178849b740fde00b50c9ba5f3b5530d0e5749ea59837,eca954c21da074c545cb7858315ea39fee0a6f54b19e06474b4f2f91f1666847,c40aaf80f5be3be16016d797963cb563e35b93083df451f9827f99cfadc3c898,6031dc4ee08b61c58b35b1efd7d764739d5c7c54dc7cbe9e9a72a1e4a7098596,e2212c40566e21c680a98186ebd8e984aa80d4fd,4d4ad03b827958468b1a231e360c7ad1aa68035c25af068059838ceae6dfa6d6,84f6ca69daadf04be6928767627ac1ca0eb72facd2864d83a1c7567e6ba60ea3,R3_UC_123_selected,dadbfccabccdfd0f88f40a0f73e6518a25d23a325fed7d652875782615cd480b,validation,P3,2017-05-11,881,863.8448591776164,a548eb90d9b904080853ddba728df9e79dacc93e1827adb59597b3d67f33775a
new_p3_training,True,tuned,UC,123,R3,3cfd389bbd05ec9201a41c0892e29bf8199198d1b216b9a8061370d4240aa583,bd1488a2d411295d7a2118c50ddcc0b158786123613af1676062e2270d1637d1,9cb89005693b1b70c102178849b740fde00b50c9ba5f3b5530d0e5749ea59837,eca954c21da074c545cb7858315ea39fee0a6f54b19e06474b4f2f91f1666847,c40aaf80f5be3be16016d797963cb563e35b93083df451f9827f99cfadc3c898,6031dc4ee08b61c58b35b1efd7d764739d5c7c54dc7cbe9e9a72a1e4a7098596,e2212c40566e21c680a98186ebd8e984aa80d4fd,4d4ad03b827958468b1a231e360c7ad1aa68035c25af068059838ceae6dfa6d6,84f6ca69daadf04be6928767627ac1ca0eb72facd2864d83a1c7567e6ba60ea3,R3_UC_123_selected,dadbfccabccdfd0f88f40a0f73e6518a25d23a325fed7d652875782615cd480b,validation,P3,2017-05-12,879,823.1247912757938,c7caf68aa07a027447ec637613b47a3e65a741f3e2de82dc9d88648b4a2e71c9
new_p3_training,True,tuned,UC,123,R3,3cfd389bbd05ec9201a41c0892e29bf8199198d1b216b9a8061370d4240aa583,bd1488a2d411295d7a2118c50ddcc0b158786123613af1676062e2270d1637d1,9cb89005693b1b70c102178849b740fde00b50c9ba5f3b5530d0e5749ea59837,eca954c21da074c545cb7858315ea39fee0a6f54b19e06474b4f2f91f1666847,c40aaf80f5be3be16016d797963cb563e35b93083df451f9827f99cfadc3c898,6031dc4ee08b61c58b35b1efd7d764739d5c7c54dc7cbe9e9a72a1e4a7098596,e2212c40566e21c680a98186ebd8e984aa80d4fd,4d4ad03b827958468b1a231e360c7ad1aa68035c25af068059838ceae6dfa6d6,84f6ca69daadf04be6928767627ac1ca0eb72facd2864d83a1c7567e6ba60ea3,R3_UC_123_selected,dadbfccabccdfd0f88f40a0f73e6518a25d23a325fed7d652875782615cd480b,validation,P3,2017-05-15,866,802.0040301592395,db544a34637d201a8021ba179beb6af1df24387a32db8d9d0b1550c2deae8dc0
