model,seed,fold,split,population,bin,rows,accuracy,mean_confidence
UA,42,main,development_holdout,P0_legacy,0,0,,
UA,42,main,development_holdout,P0_legacy,1,0,,
UA,42,main,development_holdout,P0_legacy,2,0,,
UA,42,main,development_holdout,P0_legacy,3,0,,
UA,42,main,development_holdout,P0_legacy,4,0,,
UA,42,main,development_holdout,P0_legacy,5,9264,0.3752158894645941,0.3771077368864731
UA,42,main,development_holdout,P0_legacy,6,22340,0.42873769024171887,0.4350537469811172
UA,42,main,development_holdout,P0_legacy,7,23557,0.4806639215519803,0.4985791165367612
UA,42,main,development_holdout,P0_legacy,8,15149,0.5505973991682619,0.5639841979565062
UA,42,main,development_holdout,P0_legacy,9,9570,0.6236154649947754,0.6309042506692533
UA,42,main,development_holdout,P0_legacy,10,6799,0.6865715546403883,0.6983286558676899
UA,42,main,development_holdout,P0_legacy,11,5500,0.7574545454545455,0.7656873723574427
UA,42,main,development_holdout,P0_legacy,12,4589,0.808019176291131,0.8325870754423319
UA,42,main,development_holdout,P0_legacy,13,3613,0.8787711043454193,0.8981021539587354
UA,42,main,development_holdout,P0_legacy,14,1193,0.9337803855825649,0.9501899358460943
UA,42,main,development_holdout,P1_valid_cache_endpoints,0,0,,
UA,42,main,development_holdout,P1_valid_cache_endpoints,1,0,,
UA,42,main,development_holdout,P1_valid_cache_endpoints,2,0,,
UA,42,main,development_holdout,P1_valid_cache_endpoints,3,0,,
UA,42,main,development_holdout,P1_valid_cache_endpoints,4,0,,
UA,42,main,development_holdout,P1_valid_cache_endpoints,5,8954,0.3762564217109672,0.37705566667306095
UA,42,main,development_holdout,P1_valid_cache_endpoints,6,21436,0.42801828699384215,0.4350443554057545
UA,42,main,development_holdout,P1_valid_cache_endpoints,7,22457,0.48198779890457316,0.4985216001855295
UA,42,main,development_holdout,P1_valid_cache_endpoints,8,14353,0.5515920016721243,0.564020601975771
UA,42,main,development_holdout,P1_valid_cache_endpoints,9,9073,0.6178772181196958,0.6309154423764161
UA,42,main,development_holdout,P1_valid_cache_endpoints,10,6522,0.6798528058877645,0.6983901337420151
UA,42,main,development_holdout,P1_valid_cache_endpoints,11,5308,0.7492464204973625,0.7656710674765218
UA,42,main,development_holdout,P1_valid_cache_endpoints,12,4428,0.801490514905149,0.8325615838224649
UA,42,main,development_holdout,P1_valid_cache_endpoints,13,3478,0.8746405980448534,0.8980580212949184
UA,42,main,development_holdout,P1_valid_cache_endpoints,14,1147,0.9311246730601569,0.950278300758718
UA,42,main,development_holdout,P2_candidate_clock,0,0,,
UA,42,main,development_holdout,P2_candidate_clock,1,0,,
UA,42,main,development_holdout,P2_candidate_clock,2,0,,
UA,42,main,development_holdout,P2_candidate_clock,3,0,,
UA,42,main,development_holdout,P2_candidate_clock,4,0,,
UA,42,main,development_holdout,P2_candidate_clock,5,8633,0.3743773890883818,0.37707256420215984
UA,42,main,development_holdout,P2_candidate_clock,6,20545,0.42847408128498415,0.43492431549001287
UA,42,main,development_holdout,P2_candidate_clock,7,20009,0.48093357988904994,0.4982340172425236
UA,42,main,development_holdout,P2_candidate_clock,8,12333,0.550555420416768,0.5640857037429649
UA,42,main,development_holdout,P2_candidate_clock,9,7960,0.6198492462311558,0.6310207415333775
UA,42,main,development_holdout,P2_candidate_clock,10,5897,0.6832287603866373,0.6982352862402496
UA,42,main,development_holdout,P2_candidate_clock,11,4755,0.7562565720294427,0.7654532916420428
UA,42,main,development_holdout,P2_candidate_clock,12,3977,0.8096555192356047,0.8324228205312151
UA,42,main,development_holdout,P2_candidate_clock,13,3085,0.880064829821718,0.8980864540535023
UA,42,main,development_holdout,P2_candidate_clock,14,1015,0.9369458128078818,0.9504570008017872
UA,42,main,development_holdout,P3_intersection,0,0,,
UA,42,main,development_holdout,P3_intersection,1,0,,
UA,42,main,development_holdout,P3_intersection,2,0,,
UA,42,main,development_holdout,P3_intersection,3,0,,
UA,42,main,development_holdout,P3_intersection,4,0,,
UA,42,main,development_holdout,P3_intersection,5,8483,0.37581044441824824,0.3770356334767998
UA,42,main,development_holdout,P3_intersection,6,20084,0.4294463254331806,0.43491360487175773
UA,42,main,development_holdout,P3_intersection,7,19535,0.4852828256974661,0.4982287157916498
UA,42,main,development_holdout,P3_intersection,8,12038,0.5567369995015783,0.5641188023762186
UA,42,main,development_holdout,P3_intersection,9,7808,0.6239754098360656,0.6310577850628452
UA,42,main,development_holdout,P3_intersection,10,5839,0.6853913341325569,0.6982990367682939
UA,42,main,development_holdout,P3_intersection,11,4745,0.7563751317175975,0.7654643791577117
UA,42,main,development_holdout,P3_intersection,12,3965,0.8095838587641866,0.8324089478576056
UA,42,main,development_holdout,P3_intersection,13,3078,0.8804418453541261,0.8980775737150855
UA,42,main,development_holdout,P3_intersection,14,1013,0.9368213228035538,0.95045372601424
UA,42,main,validation,P0_legacy,0,0,,
UA,42,main,validation,P0_legacy,1,0,,
UA,42,main,validation,P0_legacy,2,0,,
UA,42,main,validation,P0_legacy,3,0,,
UA,42,main,validation,P0_legacy,4,0,,
UA,42,main,validation,P0_legacy,5,4190,0.3799522673031026,0.3775738691929654
UA,42,main,validation,P0_legacy,6,10244,0.4286411557985162,0.4352846084745401
UA,42,main,validation,P0_legacy,7,11112,0.48623110151187904,0.4986999894050805
UA,42,main,validation,P0_legacy,8,7417,0.5455035728731293,0.5641933798528584
UA,42,main,validation,P0_legacy,9,5157,0.6377738995540043,0.631942994862337
UA,42,main,validation,P0_legacy,10,3901,0.6964880799794925,0.6983792438999123
UA,42,main,validation,P0_legacy,11,3097,0.7562156926057475,0.7656408391710761
UA,42,main,validation,P0_legacy,12,2563,0.8232539992196645,0.8318442233763857
UA,42,main,validation,P0_legacy,13,1989,0.8808446455505279,0.897886737875349
UA,42,main,validation,P0_legacy,14,604,0.9271523178807947,0.950639335930829
UA,42,main,validation,P1_valid_cache_endpoints,0,0,,
UA,42,main,validation,P1_valid_cache_endpoints,1,0,,
UA,42,main,validation,P1_valid_cache_endpoints,2,0,,
UA,42,main,validation,P1_valid_cache_endpoints,3,0,,
UA,42,main,validation,P1_valid_cache_endpoints,4,0,,
UA,42,main,validation,P1_valid_cache_endpoints,5,4074,0.3794796269023073,0.3775541687494173
UA,42,main,validation,P1_valid_cache_endpoints,6,9960,0.42811244979919677,0.43525836420357344
UA,42,main,validation,P1_valid_cache_endpoints,7,10685,0.485072531586336,0.49864409422655354
UA,42,main,validation,P1_valid_cache_endpoints,8,7087,0.5455058557922957,0.5640698245485531
UA,42,main,validation,P1_valid_cache_endpoints,9,4841,0.6263168766783722,0.6316433084257403
UA,42,main,validation,P1_valid_cache_endpoints,10,3702,0.6880064829821718,0.6986453294336232
UA,42,main,validation,P1_valid_cache_endpoints,11,3001,0.7500833055648117,0.7657406573517768
UA,42,main,validation,P1_valid_cache_endpoints,12,2461,0.8159284843559529,0.8320208575779514
UA,42,main,validation,P1_valid_cache_endpoints,13,1898,0.875131717597471,0.8978664227199682
UA,42,main,validation,P1_valid_cache_endpoints,14,571,0.9229422066549913,0.9507441430735118
UA,42,main,validation,P2_candidate_clock,0,0,,
UA,42,main,validation,P2_candidate_clock,1,0,,
UA,42,main,validation,P2_candidate_clock,2,0,,
UA,42,main,validation,P2_candidate_clock,3,0,,
UA,42,main,validation,P2_candidate_clock,4,0,,
UA,42,main,validation,P2_candidate_clock,5,3928,0.3772912423625255,0.3776123554317615
UA,42,main,validation,P2_candidate_clock,6,9441,0.42919182290011654,0.43515292982484843
UA,42,main,validation,P2_candidate_clock,7,9415,0.4838024429102496,0.49835599615707155
UA,42,main,validation,P2_candidate_clock,8,6055,0.5496284062758051,0.5640250011032905
UA,42,main,validation,P2_candidate_clock,9,4316,0.6378591288229842,0.6322188573980316
UA,42,main,validation,P2_candidate_clock,10,3387,0.687333923826395,0.698504280697358
UA,42,main,validation,P2_candidate_clock,11,2704,0.753698224852071,0.7656651763113375
UA,42,main,validation,P2_candidate_clock,12,2196,0.8210382513661202,0.8318829384277947
UA,42,main,validation,P2_candidate_clock,13,1701,0.8783068783068783,0.8978241484032748
UA,42,main,validation,P2_candidate_clock,14,516,0.9302325581395349,0.9509879222676831
UA,42,main,validation,P3_intersection,0,0,,
UA,42,main,validation,P3_intersection,1,0,,
UA,42,main,validation,P3_intersection,2,0,,
UA,42,main,validation,P3_intersection,3,0,,
UA,42,main,validation,P3_intersection,4,0,,
UA,42,main,validation,P3_intersection,5,3882,0.37789799072642966,0.3775845184022748
UA,42,main,validation,P3_intersection,6,9342,0.4298865339327767,0.43512961650739274
UA,42,main,validation,P3_intersection,7,9294,0.4855820959758984,0.49836008172436413
UA,42,main,validation,P3_intersection,8,5950,0.5526050420168067,0.5639743996045852
UA,42,main,validation,P3_intersection,9,4159,0.6340466458283242,0.6318332234755001
UA,42,main,validation,P3_intersection,10,3337,0.6877434821696135,0.6987206098639046
UA,42,main,validation,P3_intersection,11,2692,0.7540861812778603,0.7656761302444502
UA,42,main,validation,P3_intersection,12,2191,0.820629849383843,0.8319187003583743
UA,42,main,validation,P3_intersection,13,1693,0.8777318369757826,0.8977511254253214
UA,42,main,validation,P3_intersection,14,510,0.9294117647058824,0.9510198341023196
UA,7,main,development_holdout,P0_legacy,0,0,,
UA,7,main,development_holdout,P0_legacy,1,0,,
UA,7,main,development_holdout,P0_legacy,2,0,,
UA,7,main,development_holdout,P0_legacy,3,0,,
UA,7,main,development_holdout,P0_legacy,4,0,,
UA,7,main,development_holdout,P0_legacy,5,9373,0.38632241544862905,0.3771411820813633
UA,7,main,development_holdout,P0_legacy,6,23527,0.4289114634250011,0.43517354127386154
UA,7,main,development_holdout,P0_legacy,7,23488,0.4829274523160763,0.4981953293171094
UA,7,main,development_holdout,P0_legacy,8,14808,0.554430037817396,0.5640853135483627
UA,7,main,development_holdout,P0_legacy,9,9588,0.6283896537338339,0.6313917221996661
UA,7,main,development_holdout,P0_legacy,10,6933,0.6872926583008798,0.6982170241883489
UA,7,main,development_holdout,P0_legacy,11,5337,0.7626007120104927,0.7657222014661373
UA,7,main,development_holdout,P0_legacy,12,4250,0.8218823529411765,0.8318522202661915
UA,7,main,development_holdout,P0_legacy,13,3309,0.8806285886974917,0.8970300060462901
UA,7,main,development_holdout,P0_legacy,14,961,0.9521331945889698,0.9492019145586419
UA,7,main,development_holdout,P1_valid_cache_endpoints,0,0,,
UA,7,main,development_holdout,P1_valid_cache_endpoints,1,0,,
UA,7,main,development_holdout,P1_valid_cache_endpoints,2,0,,
UA,7,main,development_holdout,P1_valid_cache_endpoints,3,0,,
UA,7,main,development_holdout,P1_valid_cache_endpoints,4,0,,
UA,7,main,development_holdout,P1_valid_cache_endpoints,5,9039,0.38665781613010286,0.37707554842682706
UA,7,main,development_holdout,P1_valid_cache_endpoints,6,22544,0.42942689850958127,0.4351628676262415
UA,7,main,development_holdout,P1_valid_cache_endpoints,7,22361,0.4844148293904566,0.4981241725072256
UA,7,main,development_holdout,P1_valid_cache_endpoints,8,14005,0.5554444841128169,0.564074191069381
UA,7,main,development_holdout,P1_valid_cache_endpoints,9,9140,0.6270240700218819,0.6313280977250816
UA,7,main,development_holdout,P1_valid_cache_endpoints,10,6686,0.6817230032904577,0.6982331871131263
UA,7,main,development_holdout,P1_valid_cache_endpoints,11,5174,0.7562814070351759,0.765729187990463
UA,7,main,development_holdout,P1_valid_cache_endpoints,12,4102,0.8156996587030717,0.8319043751007179
UA,7,main,development_holdout,P1_valid_cache_endpoints,13,3178,0.8763373190685966,0.8971023259949572
UA,7,main,development_holdout,P1_valid_cache_endpoints,14,927,0.9503775620280475,0.9492424239109643
UA,7,main,development_holdout,P2_candidate_clock,0,0,,
UA,7,main,development_holdout,P2_candidate_clock,1,0,,
UA,7,main,development_holdout,P2_candidate_clock,2,0,,
UA,7,main,development_holdout,P2_candidate_clock,3,0,,
UA,7,main,development_holdout,P2_candidate_clock,4,0,,
UA,7,main,development_holdout,P2_candidate_clock,5,8630,0.3853997682502897,0.3771379138493988
UA,7,main,development_holdout,P2_candidate_clock,6,21256,0.4283496424538954,0.4349763529880721
UA,7,main,development_holdout,P2_candidate_clock,7,20299,0.4839154638159515,0.49799560863201425
UA,7,main,development_holdout,P2_candidate_clock,8,12408,0.5536750483558994,0.5637733971824966
UA,7,main,development_holdout,P2_candidate_clock,9,7791,0.6325247079964061,0.6312871407300968
UA,7,main,development_holdout,P2_candidate_clock,10,5793,0.6887622993267737,0.6985370816862649
UA,7,main,development_holdout,P2_candidate_clock,11,4672,0.7604880136986302,0.7657075668244969
UA,7,main,development_holdout,P2_candidate_clock,12,3679,0.8227779287849959,0.8319441017257398
UA,7,main,development_holdout,P2_candidate_clock,13,2845,0.8794376098418277,0.8970639546413897
UA,7,main,development_holdout,P2_candidate_clock,14,836,0.9569377990430622,0.9492646842759681
UA,7,main,development_holdout,P3_intersection,0,0,,
UA,7,main,development_holdout,P3_intersection,1,0,,
UA,7,main,development_holdout,P3_intersection,2,0,,
UA,7,main,development_holdout,P3_intersection,3,0,,
UA,7,main,development_holdout,P3_intersection,4,0,,
UA,7,main,development_holdout,P3_intersection,5,8472,0.3862134088762984,0.37706362796255166
UA,7,main,development_holdout,P3_intersection,6,20785,0.4306471012749579,0.4349749559725354
UA,7,main,development_holdout,P3_intersection,7,19831,0.48772124451616156,0.49796890089606
UA,7,main,development_holdout,P3_intersection,8,12096,0.5595238095238095,0.563779362713392
UA,7,main,development_holdout,P3_intersection,9,7656,0.6381922675026124,0.6313117762070785
UA,7,main,development_holdout,P3_intersection,10,5747,0.6904471898381764,0.6985833644855917
UA,7,main,development_holdout,P3_intersection,11,4664,0.760934819897084,0.7657303704312667
UA,7,main,development_holdout,P3_intersection,12,3668,0.8225190839694656,0.831961415645635
UA,7,main,development_holdout,P3_intersection,13,2837,0.8798026083891435,0.8970805885194498
UA,7,main,development_holdout,P3_intersection,14,832,0.9567307692307693,0.9492918987617807
UA,7,main,validation,P0_legacy,0,0,,
UA,7,main,validation,P0_legacy,1,0,,
UA,7,main,validation,P0_legacy,2,0,,
UA,7,main,validation,P0_legacy,3,0,,
UA,7,main,validation,P0_legacy,4,0,,
UA,7,main,validation,P0_legacy,5,4235,0.3752066115702479,0.37731810848835035
UA,7,main,validation,P0_legacy,6,10748,0.44147748418310384,0.43530646779302057
UA,7,main,validation,P0_legacy,7,11161,0.4832004300689902,0.4984609247294882
UA,7,main,validation,P0_legacy,8,7296,0.5400219298245614,0.5646799426912055
UA,7,main,validation,P0_legacy,9,5046,0.6371383273880301,0.6313840675289052
UA,7,main,validation,P0_legacy,10,3768,0.6942675159235668,0.6981330269035435
UA,7,main,validation,P0_legacy,11,3164,0.7623261694058154,0.7657871468647238
UA,7,main,validation,P0_legacy,12,2513,0.8364504576203741,0.8326260456331301
UA,7,main,validation,P0_legacy,13,1840,0.8869565217391304,0.8955854607512571
UA,7,main,validation,P0_legacy,14,503,0.9383697813121272,0.9491834900860262
UA,7,main,validation,P1_valid_cache_endpoints,0,0,,
UA,7,main,validation,P1_valid_cache_endpoints,1,0,,
UA,7,main,validation,P1_valid_cache_endpoints,2,0,,
UA,7,main,validation,P1_valid_cache_endpoints,3,0,,
UA,7,main,validation,P1_valid_cache_endpoints,4,0,,
UA,7,main,validation,P1_valid_cache_endpoints,5,4107,0.3771609447285123,0.37736025534790674
UA,7,main,validation,P1_valid_cache_endpoints,6,10414,0.44046475897829845,0.43526175124872096
UA,7,main,validation,P1_valid_cache_endpoints,7,10749,0.4824634849753465,0.4983961782108594
UA,7,main,validation,P1_valid_cache_endpoints,8,6958,0.5405288876113826,0.5646568233333844
UA,7,main,validation,P1_valid_cache_endpoints,9,4823,0.63466721957288,0.6314279528423632
UA,7,main,validation,P1_valid_cache_endpoints,10,3656,0.6900984682713348,0.6980717504343656
UA,7,main,validation,P1_valid_cache_endpoints,11,3047,0.7548408270429932,0.7657626464535143
UA,7,main,validation,P1_valid_cache_endpoints,12,2353,0.8253293667658309,0.8317598037519277
UA,7,main,validation,P1_valid_cache_endpoints,13,1689,0.8768502072232089,0.8964077206211257
UA,7,main,validation,P1_valid_cache_endpoints,14,484,0.9359504132231405,0.9491349390796754
UA,7,main,validation,P2_candidate_clock,0,0,,
UA,7,main,validation,P2_candidate_clock,1,0,,
UA,7,main,validation,P2_candidate_clock,2,0,,
UA,7,main,validation,P2_candidate_clock,3,0,,
UA,7,main,validation,P2_candidate_clock,4,0,,
UA,7,main,validation,P2_candidate_clock,5,3917,0.37579780444217514,0.37732713049795724
UA,7,main,validation,P2_candidate_clock,6,9717,0.4396418647730781,0.43508010663881036
UA,7,main,validation,P2_candidate_clock,7,9682,0.4832679198512704,0.49825785669042816
UA,7,main,validation,P2_candidate_clock,8,6079,0.5443329494982727,0.564471484166223
UA,7,main,validation,P2_candidate_clock,9,4162,0.6391158097068717,0.6313514893147036
UA,7,main,validation,P2_candidate_clock,10,3147,0.6952653320622816,0.6985127437621349
UA,7,main,validation,P2_candidate_clock,11,2752,0.7569040697674418,0.76553476089069
UA,7,main,validation,P2_candidate_clock,12,2188,0.833180987202925,0.8323512215283068
UA,7,main,validation,P2_candidate_clock,13,1571,0.8866963717377466,0.8956171620248706
UA,7,main,validation,P2_candidate_clock,14,444,0.9369369369369369,0.9493327045381951
UA,7,main,validation,P3_intersection,0,0,,
UA,7,main,validation,P3_intersection,1,0,,
UA,7,main,validation,P3_intersection,2,0,,
UA,7,main,validation,P3_intersection,3,0,,
UA,7,main,validation,P3_intersection,4,0,,
UA,7,main,validation,P3_intersection,5,3864,0.3778467908902691,0.37732435456150637
UA,7,main,validation,P3_intersection,6,9607,0.4412407619444155,0.43506821618929525
UA,7,main,validation,P3_intersection,7,9576,0.4842314118629908,0.49822355182483197
UA,7,main,validation,P3_intersection,8,5957,0.5477589390632869,0.5644557744299183
UA,7,main,validation,P3_intersection,9,4102,0.6428571428571429,0.6314548398424817
UA,7,main,validation,P3_intersection,10,3135,0.6966507177033493,0.6985046234921327
UA,7,main,validation,P3_intersection,11,2740,0.756934306569343,0.765564965963322
UA,7,main,validation,P3_intersection,12,2129,0.8285580084546735,0.8316637963950967
UA,7,main,validation,P3_intersection,13,1499,0.8812541694462975,0.8964840678954019
UA,7,main,validation,P3_intersection,14,441,0.9365079365079365,0.9493463558751639
UA,123,main,development_holdout,P0_legacy,0,0,,
UA,123,main,development_holdout,P0_legacy,1,0,,
UA,123,main,development_holdout,P0_legacy,2,0,,
UA,123,main,development_holdout,P0_legacy,3,0,,
UA,123,main,development_holdout,P0_legacy,4,0,,
UA,123,main,development_holdout,P0_legacy,5,9553,0.3863707735789804,0.3771827389874061
UA,123,main,development_holdout,P0_legacy,6,23359,0.42801489789802644,0.43494801925724286
UA,123,main,development_holdout,P0_legacy,7,22997,0.48471539766056443,0.4979720389848123
UA,123,main,development_holdout,P0_legacy,8,14770,0.5515910629654706,0.5642086646742788
UA,123,main,development_holdout,P0_legacy,9,9440,0.6248940677966102,0.6312992124115354
UA,123,main,development_holdout,P0_legacy,10,6621,0.6974777223984292,0.6987801561791418
UA,123,main,development_holdout,P0_legacy,11,5461,0.7482146127082951,0.7658101283162227
UA,123,main,development_holdout,P0_legacy,12,4432,0.8113718411552346,0.8325682173957699
UA,123,main,development_holdout,P0_legacy,13,3495,0.8706723891273247,0.8981250843959067
UA,123,main,development_holdout,P0_legacy,14,1446,0.9405255878284924,0.9536459042148708
UA,123,main,development_holdout,P1_valid_cache_endpoints,0,0,,
UA,123,main,development_holdout,P1_valid_cache_endpoints,1,0,,
UA,123,main,development_holdout,P1_valid_cache_endpoints,2,0,,
UA,123,main,development_holdout,P1_valid_cache_endpoints,3,0,,
UA,123,main,development_holdout,P1_valid_cache_endpoints,4,0,,
UA,123,main,development_holdout,P1_valid_cache_endpoints,5,9208,0.38705473501303217,0.37709456432806293
UA,123,main,development_holdout,P1_valid_cache_endpoints,6,22392,0.4280993211861379,0.43490205974470414
UA,123,main,development_holdout,P1_valid_cache_endpoints,7,21910,0.4851665905979005,0.49788383943294423
UA,123,main,development_holdout,P1_valid_cache_endpoints,8,13968,0.5517611683848798,0.5642377309719757
UA,123,main,development_holdout,P1_valid_cache_endpoints,9,9001,0.619820019997778,0.6313378502090662
UA,123,main,development_holdout,P1_valid_cache_endpoints,10,6364,0.6882463859208046,0.6987530359450295
UA,123,main,development_holdout,P1_valid_cache_endpoints,11,5282,0.7406285497917455,0.7658527893933654
UA,123,main,development_holdout,P1_valid_cache_endpoints,12,4273,0.80435291364381,0.8325309592666466
UA,123,main,development_holdout,P1_valid_cache_endpoints,13,3363,0.8664882545346417,0.8981518551242821
UA,123,main,development_holdout,P1_valid_cache_endpoints,14,1395,0.9383512544802868,0.9536352990237178
UA,123,main,development_holdout,P2_candidate_clock,0,0,,
UA,123,main,development_holdout,P2_candidate_clock,1,0,,
UA,123,main,development_holdout,P2_candidate_clock,2,0,,
UA,123,main,development_holdout,P2_candidate_clock,3,0,,
UA,123,main,development_holdout,P2_candidate_clock,4,0,,
UA,123,main,development_holdout,P2_candidate_clock,5,8818,0.38625538670900433,0.3771737136747049
UA,123,main,development_holdout,P2_candidate_clock,6,21225,0.4270906949352179,0.43466069043325195
UA,123,main,development_holdout,P2_candidate_clock,7,19771,0.4834353345809519,0.49771366733044153
UA,123,main,development_holdout,P2_candidate_clock,8,12102,0.5542885473475458,0.564019866303968
UA,123,main,development_holdout,P2_candidate_clock,9,7752,0.6234520123839009,0.6316812383772893
UA,123,main,development_holdout,P2_candidate_clock,10,5744,0.6927228412256268,0.6987900307053503
UA,123,main,development_holdout,P2_candidate_clock,11,4725,0.7466666666666667,0.7659526528868151
UA,123,main,development_holdout,P2_candidate_clock,12,3831,0.8128425998433829,0.8322374327076333
UA,123,main,development_holdout,P2_candidate_clock,13,3003,0.8721278721278721,0.8982011616610336
UA,123,main,development_holdout,P2_candidate_clock,14,1238,0.9394184168012925,0.9536842796925907
UA,123,main,development_holdout,P3_intersection,0,0,,
UA,123,main,development_holdout,P3_intersection,1,0,,
UA,123,main,development_holdout,P3_intersection,2,0,,
UA,123,main,development_holdout,P3_intersection,3,0,,
UA,123,main,development_holdout,P3_intersection,4,0,,
UA,123,main,development_holdout,P3_intersection,5,8641,0.38791806503876863,0.3771259821326243
UA,123,main,development_holdout,P3_intersection,6,20727,0.42890915231340765,0.4346495834685567
UA,123,main,development_holdout,P3_intersection,7,19325,0.486882276843467,0.49769975991948967
UA,123,main,development_holdout,P3_intersection,8,11796,0.5595964733808071,0.5640573772367968
UA,123,main,development_holdout,P3_intersection,9,7629,0.6278673482763141,0.6317375356614706
UA,123,main,development_holdout,P3_intersection,10,5706,0.693130038555906,0.6988115955987176
UA,123,main,development_holdout,P3_intersection,11,4712,0.7470288624787776,0.7659664590869036
UA,123,main,development_holdout,P3_intersection,12,3822,0.8124018838304553,0.8322261506097047
UA,123,main,development_holdout,P3_intersection,13,2996,0.87283044058745,0.8982283968528266
UA,123,main,development_holdout,P3_intersection,14,1234,0.9392220421393841,0.9536930648023637
UA,123,main,validation,P0_legacy,0,0,,
UA,123,main,validation,P0_legacy,1,0,,
UA,123,main,validation,P0_legacy,2,0,,
UA,123,main,validation,P0_legacy,3,0,,
UA,123,main,validation,P0_legacy,4,0,,
UA,123,main,validation,P0_legacy,5,4223,0.36987923277291024,0.3774554172794834
UA,123,main,validation,P0_legacy,6,10561,0.44029921408957484,0.43498725788158765
UA,123,main,validation,P0_legacy,7,11172,0.4897959183673469,0.4982860286991674
UA,123,main,validation,P0_legacy,8,7255,0.5578221915920055,0.5641988868119215
UA,123,main,validation,P0_legacy,9,5110,0.624853228962818,0.6314692019829805
UA,123,main,validation,P0_legacy,10,3718,0.6933835395373857,0.6982557827381426
UA,123,main,validation,P0_legacy,11,3061,0.7589023195034302,0.7660855710649654
UA,123,main,validation,P0_legacy,12,2542,0.8292682926829268,0.8321304657831831
UA,123,main,validation,P0_legacy,13,1970,0.8756345177664975,0.8981270331671044
UA,123,main,validation,P0_legacy,14,662,0.9199395770392749,0.9524194937082456
UA,123,main,validation,P1_valid_cache_endpoints,0,0,,
UA,123,main,validation,P1_valid_cache_endpoints,1,0,,
UA,123,main,validation,P1_valid_cache_endpoints,2,0,,
UA,123,main,validation,P1_valid_cache_endpoints,3,0,,
UA,123,main,validation,P1_valid_cache_endpoints,4,0,,
UA,123,main,validation,P1_valid_cache_endpoints,5,4100,0.36902439024390243,0.3774697528507028
UA,123,main,validation,P1_valid_cache_endpoints,6,10253,0.4398712571930167,0.43495154753199466
UA,123,main,validation,P1_valid_cache_endpoints,7,10700,0.4853271028037383,0.4981133832360911
UA,123,main,validation,P1_valid_cache_endpoints,8,6855,0.550255288110868,0.5642238954289988
UA,123,main,validation,P1_valid_cache_endpoints,9,4891,0.6225720711510938,0.6314641707371034
UA,123,main,validation,P1_valid_cache_endpoints,10,3567,0.6868516961031679,0.6982969613825437
UA,123,main,validation,P1_valid_cache_endpoints,11,2955,0.7522842639593909,0.7660939358536901
UA,123,main,validation,P1_valid_cache_endpoints,12,2446,0.8229762878168438,0.8320987382111563
UA,123,main,validation,P1_valid_cache_endpoints,13,1882,0.8698193411264612,0.8979325497793303
UA,123,main,validation,P1_valid_cache_endpoints,14,631,0.9160063391442155,0.9523543097617845
UA,123,main,validation,P2_candidate_clock,0,0,,
UA,123,main,validation,P2_candidate_clock,1,0,,
UA,123,main,validation,P2_candidate_clock,2,0,,
UA,123,main,validation,P2_candidate_clock,3,0,,
UA,123,main,validation,P2_candidate_clock,4,0,,
UA,123,main,validation,P2_candidate_clock,5,3919,0.3712681806583312,0.3773791353583796
UA,123,main,validation,P2_candidate_clock,6,9601,0.43995417144047494,0.43469437648086534
UA,123,main,validation,P2_candidate_clock,7,9581,0.4865880388268448,0.4981184649936875
UA,123,main,validation,P2_candidate_clock,8,5945,0.560470984020185,0.563979460496024
UA,123,main,validation,P2_candidate_clock,9,4272,0.6242977528089888,0.6316495451689443
UA,123,main,validation,P2_candidate_clock,10,3215,0.6870917573872473,0.6982010448823311
UA,123,main,validation,P2_candidate_clock,11,2689,0.7545555968761621,0.7660221199808585
UA,123,main,validation,P2_candidate_clock,12,2188,0.826782449725777,0.8322180292317874
UA,123,main,validation,P2_candidate_clock,13,1693,0.8735971647962197,0.8978742320539459
UA,123,main,validation,P2_candidate_clock,14,556,0.9226618705035972,0.9527792916463603
UA,123,main,validation,P3_intersection,0,0,,
UA,123,main,validation,P3_intersection,1,0,,
UA,123,main,validation,P3_intersection,2,0,,
UA,123,main,validation,P3_intersection,3,0,,
UA,123,main,validation,P3_intersection,4,0,,
UA,123,main,validation,P3_intersection,5,3871,0.37199690002583313,0.37740657986488935
UA,123,main,validation,P3_intersection,6,9486,0.4405439595192916,0.43473098908193963
UA,123,main,validation,P3_intersection,7,9429,0.48552338530066813,0.49797708379920985
UA,123,main,validation,P3_intersection,8,5779,0.5573628655476726,0.564075467734557
UA,123,main,validation,P3_intersection,9,4211,0.6290667299928758,0.631637912141837
UA,123,main,validation,P3_intersection,10,3180,0.6893081761006289,0.6982584317652393
UA,123,main,validation,P3_intersection,11,2673,0.7549569771791994,0.7660396512018902
UA,123,main,validation,P3_intersection,12,2186,0.8270814272644099,0.8322309934337679
UA,123,main,validation,P3_intersection,13,1684,0.8729216152019003,0.8978480641754732
UA,123,main,validation,P3_intersection,14,551,0.9219600725952813,0.9527661415210936
UA,42,R1,rolling_evaluation,P0_legacy,0,0,,
UA,42,R1,rolling_evaluation,P0_legacy,1,0,,
UA,42,R1,rolling_evaluation,P0_legacy,2,0,,
UA,42,R1,rolling_evaluation,P0_legacy,3,0,,
UA,42,R1,rolling_evaluation,P0_legacy,4,0,,
UA,42,R1,rolling_evaluation,P0_legacy,5,2864,0.36976256983240224,0.37683683742044116
UA,42,R1,rolling_evaluation,P0_legacy,6,7228,0.42584394023242944,0.4347736049899826
UA,42,R1,rolling_evaluation,P0_legacy,7,7806,0.4734819369715603,0.4986655540386161
UA,42,R1,rolling_evaluation,P0_legacy,8,5198,0.5355906117737591,0.5642603513670161
UA,42,R1,rolling_evaluation,P0_legacy,9,3218,0.6146674953387197,0.6306155850090959
UA,42,R1,rolling_evaluation,P0_legacy,10,2314,0.6983578219533275,0.6982395737150661
UA,42,R1,rolling_evaluation,P0_legacy,11,1918,0.7471324296141815,0.7656497145480706
UA,42,R1,rolling_evaluation,P0_legacy,12,1634,0.8145654834761322,0.8328666782841001
UA,42,R1,rolling_evaluation,P0_legacy,13,1322,0.8850226928895613,0.8985895864675366
UA,42,R1,rolling_evaluation,P0_legacy,14,356,0.9438202247191011,0.9480685500602736
UA,42,R1,rolling_evaluation,P1_valid_cache_endpoints,0,0,,
UA,42,R1,rolling_evaluation,P1_valid_cache_endpoints,1,0,,
UA,42,R1,rolling_evaluation,P1_valid_cache_endpoints,2,0,,
UA,42,R1,rolling_evaluation,P1_valid_cache_endpoints,3,0,,
UA,42,R1,rolling_evaluation,P1_valid_cache_endpoints,4,0,,
UA,42,R1,rolling_evaluation,P1_valid_cache_endpoints,5,2793,0.3702112423916935,0.3768188156877999
UA,42,R1,rolling_evaluation,P1_valid_cache_endpoints,6,7023,0.4221842517442688,0.43476477547789116
UA,42,R1,rolling_evaluation,P1_valid_cache_endpoints,7,7499,0.472996399519936,0.49865261663576443
UA,42,R1,rolling_evaluation,P1_valid_cache_endpoints,8,4934,0.5338467774625051,0.5642719901098605
UA,42,R1,rolling_evaluation,P1_valid_cache_endpoints,9,3049,0.6097081010167268,0.6306738906302154
UA,42,R1,rolling_evaluation,P1_valid_cache_endpoints,10,2224,0.6915467625899281,0.6983176599718613
UA,42,R1,rolling_evaluation,P1_valid_cache_endpoints,11,1855,0.7390835579514825,0.7655573579050131
UA,42,R1,rolling_evaluation,P1_valid_cache_endpoints,12,1567,0.8066368857689853,0.8328244687923615
UA,42,R1,rolling_evaluation,P1_valid_cache_endpoints,13,1270,0.8811023622047244,0.8985460700644446
UA,42,R1,rolling_evaluation,P1_valid_cache_endpoints,14,343,0.9416909620991254,0.9481027360614293
UA,42,R1,rolling_evaluation,P2_candidate_clock,0,0,,
UA,42,R1,rolling_evaluation,P2_candidate_clock,1,0,,
UA,42,R1,rolling_evaluation,P2_candidate_clock,2,0,,
UA,42,R1,rolling_evaluation,P2_candidate_clock,3,0,,
UA,42,R1,rolling_evaluation,P2_candidate_clock,4,0,,
UA,42,R1,rolling_evaluation,P2_candidate_clock,5,2683,0.36936265374580696,0.37682175079460856
UA,42,R1,rolling_evaluation,P2_candidate_clock,6,6684,0.42250149611011373,0.4345717049753565
UA,42,R1,rolling_evaluation,P2_candidate_clock,7,6670,0.47226386806596704,0.49838573622045257
UA,42,R1,rolling_evaluation,P2_candidate_clock,8,4191,0.5323311858744929,0.5644332140188191
UA,42,R1,rolling_evaluation,P2_candidate_clock,9,2676,0.6098654708520179,0.630654984078816
UA,42,R1,rolling_evaluation,P2_candidate_clock,10,2016,0.6984126984126984,0.6982893625234958
UA,42,R1,rolling_evaluation,P2_candidate_clock,11,1657,0.7441158720579361,0.7653007330765018
UA,42,R1,rolling_evaluation,P2_candidate_clock,12,1404,0.8148148148148148,0.832709530359754
UA,42,R1,rolling_evaluation,P2_candidate_clock,13,1123,0.8851291184327693,0.8984510842278417
UA,42,R1,rolling_evaluation,P2_candidate_clock,14,299,0.9498327759197325,0.948393281150076
UA,42,R1,rolling_evaluation,P3_intersection,0,0,,
UA,42,R1,rolling_evaluation,P3_intersection,1,0,,
UA,42,R1,rolling_evaluation,P3_intersection,2,0,,
UA,42,R1,rolling_evaluation,P3_intersection,3,0,,
UA,42,R1,rolling_evaluation,P3_intersection,4,0,,
UA,42,R1,rolling_evaluation,P3_intersection,5,2653,0.37052393516773463,0.3767821548508523
UA,42,R1,rolling_evaluation,P3_intersection,6,6599,0.4218821033489923,0.43455941781254137
UA,42,R1,rolling_evaluation,P3_intersection,7,6564,0.4742535039609994,0.49835276648377963
UA,42,R1,rolling_evaluation,P3_intersection,8,4109,0.5368702847408129,0.564478371427052
UA,42,R1,rolling_evaluation,P3_intersection,9,2624,0.6135670731707317,0.6306911846864283
UA,42,R1,rolling_evaluation,P3_intersection,10,1999,0.6993496748374187,0.6983366166321266
UA,42,R1,rolling_evaluation,P3_intersection,11,1653,0.7441016333938294,0.7652930143640828
UA,42,R1,rolling_evaluation,P3_intersection,12,1400,0.8142857142857143,0.8327130208000492
UA,42,R1,rolling_evaluation,P3_intersection,13,1121,0.8858162355040142,0.8984361127283375
UA,42,R1,rolling_evaluation,P3_intersection,14,299,0.9498327759197325,0.948393281150076
UA,42,R1,validation,P0_legacy,0,0,,
UA,42,R1,validation,P0_legacy,1,0,,
UA,42,R1,validation,P0_legacy,2,0,,
UA,42,R1,validation,P0_legacy,3,0,,
UA,42,R1,validation,P0_legacy,4,0,,
UA,42,R1,validation,P0_legacy,5,4190,0.3799522673031026,0.3775738691929654
UA,42,R1,validation,P0_legacy,6,10244,0.4286411557985162,0.43528460847454026
UA,42,R1,validation,P0_legacy,7,11112,0.48623110151187904,0.49869998940508053
UA,42,R1,validation,P0_legacy,8,7417,0.5455035728731293,0.5641933798528584
UA,42,R1,validation,P0_legacy,9,5157,0.6377738995540043,0.631942994862337
UA,42,R1,validation,P0_legacy,10,3901,0.6964880799794925,0.6983792438999123
UA,42,R1,validation,P0_legacy,11,3097,0.7562156926057475,0.7656408391710763
UA,42,R1,validation,P0_legacy,12,2563,0.8232539992196645,0.831844223376386
UA,42,R1,validation,P0_legacy,13,1989,0.8808446455505279,0.8978867378753491
UA,42,R1,validation,P0_legacy,14,604,0.9271523178807947,0.9506393359308293
UA,42,R1,validation,P1_valid_cache_endpoints,0,0,,
UA,42,R1,validation,P1_valid_cache_endpoints,1,0,,
UA,42,R1,validation,P1_valid_cache_endpoints,2,0,,
UA,42,R1,validation,P1_valid_cache_endpoints,3,0,,
UA,42,R1,validation,P1_valid_cache_endpoints,4,0,,
UA,42,R1,validation,P1_valid_cache_endpoints,5,4074,0.3794796269023073,0.37755416874941733
UA,42,R1,validation,P1_valid_cache_endpoints,6,9960,0.42811244979919677,0.43525836420357344
UA,42,R1,validation,P1_valid_cache_endpoints,7,10685,0.485072531586336,0.49864409422655354
UA,42,R1,validation,P1_valid_cache_endpoints,8,7087,0.5455058557922957,0.5640698245485531
UA,42,R1,validation,P1_valid_cache_endpoints,9,4841,0.6263168766783722,0.6316433084257405
UA,42,R1,validation,P1_valid_cache_endpoints,10,3702,0.6880064829821718,0.6986453294336233
UA,42,R1,validation,P1_valid_cache_endpoints,11,3001,0.7500833055648117,0.7657406573517768
UA,42,R1,validation,P1_valid_cache_endpoints,12,2461,0.8159284843559529,0.8320208575779514
UA,42,R1,validation,P1_valid_cache_endpoints,13,1898,0.875131717597471,0.8978664227199682
UA,42,R1,validation,P1_valid_cache_endpoints,14,571,0.9229422066549913,0.9507441430735118
UA,42,R1,validation,P2_candidate_clock,0,0,,
UA,42,R1,validation,P2_candidate_clock,1,0,,
UA,42,R1,validation,P2_candidate_clock,2,0,,
UA,42,R1,validation,P2_candidate_clock,3,0,,
UA,42,R1,validation,P2_candidate_clock,4,0,,
UA,42,R1,validation,P2_candidate_clock,5,3928,0.3772912423625255,0.3776123554317615
UA,42,R1,validation,P2_candidate_clock,6,9441,0.42919182290011654,0.43515292982484854
UA,42,R1,validation,P2_candidate_clock,7,9415,0.4838024429102496,0.4983559961570716
UA,42,R1,validation,P2_candidate_clock,8,6055,0.5496284062758051,0.5640250011032905
UA,42,R1,validation,P2_candidate_clock,9,4316,0.6378591288229842,0.6322188573980316
UA,42,R1,validation,P2_candidate_clock,10,3387,0.687333923826395,0.698504280697358
UA,42,R1,validation,P2_candidate_clock,11,2704,0.753698224852071,0.7656651763113375
UA,42,R1,validation,P2_candidate_clock,12,2196,0.8210382513661202,0.8318829384277947
UA,42,R1,validation,P2_candidate_clock,13,1701,0.8783068783068783,0.897824148403275
UA,42,R1,validation,P2_candidate_clock,14,516,0.9302325581395349,0.9509879222676832
UA,42,R1,validation,P3_intersection,0,0,,
UA,42,R1,validation,P3_intersection,1,0,,
UA,42,R1,validation,P3_intersection,2,0,,
UA,42,R1,validation,P3_intersection,3,0,,
UA,42,R1,validation,P3_intersection,4,0,,
UA,42,R1,validation,P3_intersection,5,3882,0.37789799072642966,0.3775845184022748
UA,42,R1,validation,P3_intersection,6,9342,0.4298865339327767,0.4351296165073928
UA,42,R1,validation,P3_intersection,7,9294,0.4855820959758984,0.49836008172436413
UA,42,R1,validation,P3_intersection,8,5950,0.5526050420168067,0.5639743996045852
UA,42,R1,validation,P3_intersection,9,4159,0.6340466458283242,0.6318332234755002
UA,42,R1,validation,P3_intersection,10,3337,0.6877434821696135,0.6987206098639046
UA,42,R1,validation,P3_intersection,11,2692,0.7540861812778603,0.7656761302444502
UA,42,R1,validation,P3_intersection,12,2191,0.820629849383843,0.8319187003583745
UA,42,R1,validation,P3_intersection,13,1693,0.8777318369757826,0.8977511254253214
UA,42,R1,validation,P3_intersection,14,510,0.9294117647058824,0.9510198341023197
UA,7,R1,rolling_evaluation,P0_legacy,0,0,,
UA,7,R1,rolling_evaluation,P0_legacy,1,0,,
UA,7,R1,rolling_evaluation,P0_legacy,2,0,,
UA,7,R1,rolling_evaluation,P0_legacy,3,0,,
UA,7,R1,rolling_evaluation,P0_legacy,4,0,,
UA,7,R1,rolling_evaluation,P0_legacy,5,3023,0.37743962950711213,0.3771012920792354
UA,7,R1,rolling_evaluation,P0_legacy,6,7720,0.42176165803108806,0.4348831047564553
UA,7,R1,rolling_evaluation,P0_legacy,7,7711,0.48424328880819606,0.498264664008341
UA,7,R1,rolling_evaluation,P0_legacy,8,4892,0.5476287816843827,0.564136694257503
UA,7,R1,rolling_evaluation,P0_legacy,9,3261,0.6206685065930696,0.631296370134608
UA,7,R1,rolling_evaluation,P0_legacy,10,2375,0.6871578947368421,0.6986436655349155
UA,7,R1,rolling_evaluation,P0_legacy,11,1838,0.764417845484222,0.7657982420412175
UA,7,R1,rolling_evaluation,P0_legacy,12,1500,0.8233333333333334,0.8314938044937665
UA,7,R1,rolling_evaluation,P0_legacy,13,1225,0.8881632653061224,0.8966400616257618
UA,7,R1,rolling_evaluation,P0_legacy,14,313,0.952076677316294,0.9487523982090779
UA,7,R1,rolling_evaluation,P1_valid_cache_endpoints,0,0,,
UA,7,R1,rolling_evaluation,P1_valid_cache_endpoints,1,0,,
UA,7,R1,rolling_evaluation,P1_valid_cache_endpoints,2,0,,
UA,7,R1,rolling_evaluation,P1_valid_cache_endpoints,3,0,,
UA,7,R1,rolling_evaluation,P1_valid_cache_endpoints,4,0,,
UA,7,R1,rolling_evaluation,P1_valid_cache_endpoints,5,2936,0.3763623978201635,0.37706053767062203
UA,7,R1,rolling_evaluation,P1_valid_cache_endpoints,6,7472,0.4213062098501071,0.43484697042727904
UA,7,R1,rolling_evaluation,P1_valid_cache_endpoints,7,7396,0.48458626284478096,0.49813565756335487
UA,7,R1,rolling_evaluation,P1_valid_cache_endpoints,8,4660,0.5457081545064377,0.5639746740151279
UA,7,R1,rolling_evaluation,P1_valid_cache_endpoints,9,3105,0.6206119162640902,0.6312048898101471
UA,7,R1,rolling_evaluation,P1_valid_cache_endpoints,10,2294,0.6826503923278117,0.6986332489879488
UA,7,R1,rolling_evaluation,P1_valid_cache_endpoints,11,1780,0.7567415730337078,0.7657384735931929
UA,7,R1,rolling_evaluation,P1_valid_cache_endpoints,12,1439,0.8158443363446838,0.8316238468043593
UA,7,R1,rolling_evaluation,P1_valid_cache_endpoints,13,1172,0.8839590443686007,0.8968029349162843
UA,7,R1,rolling_evaluation,P1_valid_cache_endpoints,14,303,0.9504950495049505,0.9487965332276539
UA,7,R1,rolling_evaluation,P2_candidate_clock,0,0,,
UA,7,R1,rolling_evaluation,P2_candidate_clock,1,0,,
UA,7,R1,rolling_evaluation,P2_candidate_clock,2,0,,
UA,7,R1,rolling_evaluation,P2_candidate_clock,3,0,,
UA,7,R1,rolling_evaluation,P2_candidate_clock,4,0,,
UA,7,R1,rolling_evaluation,P2_candidate_clock,5,2788,0.3751793400286944,0.3771583377595986
UA,7,R1,rolling_evaluation,P2_candidate_clock,6,7029,0.422108408023901,0.43461209511307713
UA,7,R1,rolling_evaluation,P2_candidate_clock,7,6675,0.48314606741573035,0.49804917520593944
UA,7,R1,rolling_evaluation,P2_candidate_clock,8,4081,0.5415339377603529,0.5636876833037369
UA,7,R1,rolling_evaluation,P2_candidate_clock,9,2637,0.6291240045506257,0.6310439781456875
UA,7,R1,rolling_evaluation,P2_candidate_clock,10,1984,0.6935483870967742,0.6990754306910211
UA,7,R1,rolling_evaluation,P2_candidate_clock,11,1610,0.7596273291925466,0.7658290837229073
UA,7,R1,rolling_evaluation,P2_candidate_clock,12,1288,0.8229813664596274,0.8316623525145772
UA,7,R1,rolling_evaluation,P2_candidate_clock,13,1038,0.8853564547206165,0.8965501435640032
UA,7,R1,rolling_evaluation,P2_candidate_clock,14,273,0.9633699633699634,0.9487532444724167
UA,7,R1,rolling_evaluation,P3_intersection,0,0,,
UA,7,R1,rolling_evaluation,P3_intersection,1,0,,
UA,7,R1,rolling_evaluation,P3_intersection,2,0,,
UA,7,R1,rolling_evaluation,P3_intersection,3,0,,
UA,7,R1,rolling_evaluation,P3_intersection,4,0,,
UA,7,R1,rolling_evaluation,P3_intersection,5,2756,0.37554426705370103,0.3771247332452543
UA,7,R1,rolling_evaluation,P3_intersection,6,6927,0.4238487079543814,0.43460273589348036
UA,7,R1,rolling_evaluation,P3_intersection,7,6569,0.4851575582280408,0.4979746443548478
UA,7,R1,rolling_evaluation,P3_intersection,8,4008,0.5451596806387226,0.5636214352089206
UA,7,R1,rolling_evaluation,P3_intersection,9,2592,0.6346450617283951,0.6310578101343988
UA,7,R1,rolling_evaluation,P3_intersection,10,1970,0.6944162436548224,0.6990580294371518
UA,7,R1,rolling_evaluation,P3_intersection,11,1608,0.7593283582089553,0.7658447137984338
UA,7,R1,rolling_evaluation,P3_intersection,12,1284,0.822429906542056,0.8316576930837083
UA,7,R1,rolling_evaluation,P3_intersection,13,1034,0.8858800773694391,0.8965830916118646
UA,7,R1,rolling_evaluation,P3_intersection,14,273,0.9633699633699634,0.9487532444724167
UA,7,R1,validation,P0_legacy,0,0,,
UA,7,R1,validation,P0_legacy,1,0,,
UA,7,R1,validation,P0_legacy,2,0,,
UA,7,R1,validation,P0_legacy,3,0,,
UA,7,R1,validation,P0_legacy,4,0,,
UA,7,R1,validation,P0_legacy,5,4235,0.3752066115702479,0.3773181084883504
UA,7,R1,validation,P0_legacy,6,10748,0.44147748418310384,0.43530646779302057
UA,7,R1,validation,P0_legacy,7,11161,0.4832004300689902,0.4984609247294882
UA,7,R1,validation,P0_legacy,8,7296,0.5400219298245614,0.5646799426912055
UA,7,R1,validation,P0_legacy,9,5046,0.6371383273880301,0.6313840675289052
UA,7,R1,validation,P0_legacy,10,3768,0.6942675159235668,0.6981330269035436
UA,7,R1,validation,P0_legacy,11,3164,0.7623261694058154,0.7657871468647238
UA,7,R1,validation,P0_legacy,12,2513,0.8364504576203741,0.8326260456331303
UA,7,R1,validation,P0_legacy,13,1840,0.8869565217391304,0.8955854607512571
UA,7,R1,validation,P0_legacy,14,503,0.9383697813121272,0.9491834900860262
UA,7,R1,validation,P1_valid_cache_endpoints,0,0,,
UA,7,R1,validation,P1_valid_cache_endpoints,1,0,,
UA,7,R1,validation,P1_valid_cache_endpoints,2,0,,
UA,7,R1,validation,P1_valid_cache_endpoints,3,0,,
UA,7,R1,validation,P1_valid_cache_endpoints,4,0,,
UA,7,R1,validation,P1_valid_cache_endpoints,5,4107,0.3771609447285123,0.37736025534790674
UA,7,R1,validation,P1_valid_cache_endpoints,6,10414,0.44046475897829845,0.43526175124872096
UA,7,R1,validation,P1_valid_cache_endpoints,7,10749,0.4824634849753465,0.4983961782108594
UA,7,R1,validation,P1_valid_cache_endpoints,8,6958,0.5405288876113826,0.5646568233333844
UA,7,R1,validation,P1_valid_cache_endpoints,9,4823,0.63466721957288,0.6314279528423633
UA,7,R1,validation,P1_valid_cache_endpoints,10,3656,0.6900984682713348,0.6980717504343658
UA,7,R1,validation,P1_valid_cache_endpoints,11,3047,0.7548408270429932,0.7657626464535144
UA,7,R1,validation,P1_valid_cache_endpoints,12,2353,0.8253293667658309,0.8317598037519277
UA,7,R1,validation,P1_valid_cache_endpoints,13,1689,0.8768502072232089,0.8964077206211257
UA,7,R1,validation,P1_valid_cache_endpoints,14,484,0.9359504132231405,0.9491349390796754
UA,7,R1,validation,P2_candidate_clock,0,0,,
UA,7,R1,validation,P2_candidate_clock,1,0,,
UA,7,R1,validation,P2_candidate_clock,2,0,,
UA,7,R1,validation,P2_candidate_clock,3,0,,
UA,7,R1,validation,P2_candidate_clock,4,0,,
UA,7,R1,validation,P2_candidate_clock,5,3917,0.37579780444217514,0.37732713049795735
UA,7,R1,validation,P2_candidate_clock,6,9717,0.4396418647730781,0.43508010663881036
UA,7,R1,validation,P2_candidate_clock,7,9682,0.4832679198512704,0.4982578566904282
UA,7,R1,validation,P2_candidate_clock,8,6079,0.5443329494982727,0.5644714841662231
UA,7,R1,validation,P2_candidate_clock,9,4162,0.6391158097068717,0.6313514893147036
UA,7,R1,validation,P2_candidate_clock,10,3147,0.6952653320622816,0.6985127437621349
UA,7,R1,validation,P2_candidate_clock,11,2752,0.7569040697674418,0.76553476089069
UA,7,R1,validation,P2_candidate_clock,12,2188,0.833180987202925,0.832351221528307
UA,7,R1,validation,P2_candidate_clock,13,1571,0.8866963717377466,0.8956171620248707
UA,7,R1,validation,P2_candidate_clock,14,444,0.9369369369369369,0.9493327045381952
UA,7,R1,validation,P3_intersection,0,0,,
UA,7,R1,validation,P3_intersection,1,0,,
UA,7,R1,validation,P3_intersection,2,0,,
UA,7,R1,validation,P3_intersection,3,0,,
UA,7,R1,validation,P3_intersection,4,0,,
UA,7,R1,validation,P3_intersection,5,3864,0.3778467908902691,0.37732435456150637
UA,7,R1,validation,P3_intersection,6,9607,0.4412407619444155,0.43506821618929525
UA,7,R1,validation,P3_intersection,7,9576,0.4842314118629908,0.498223551824832
UA,7,R1,validation,P3_intersection,8,5957,0.5477589390632869,0.5644557744299183
UA,7,R1,validation,P3_intersection,9,4102,0.6428571428571429,0.6314548398424817
UA,7,R1,validation,P3_intersection,10,3135,0.6966507177033493,0.6985046234921327
UA,7,R1,validation,P3_intersection,11,2740,0.756934306569343,0.765564965963322
UA,7,R1,validation,P3_intersection,12,2129,0.8285580084546735,0.8316637963950968
UA,7,R1,validation,P3_intersection,13,1499,0.8812541694462975,0.896484067895402
UA,7,R1,validation,P3_intersection,14,441,0.9365079365079365,0.9493463558751639
UA,123,R1,rolling_evaluation,P0_legacy,0,0,,
UA,123,R1,rolling_evaluation,P0_legacy,1,0,,
UA,123,R1,rolling_evaluation,P0_legacy,2,0,,
UA,123,R1,rolling_evaluation,P0_legacy,3,0,,
UA,123,R1,rolling_evaluation,P0_legacy,4,0,,
UA,123,R1,rolling_evaluation,P0_legacy,5,3071,0.3868446760013025,0.3772322504786829
UA,123,R1,rolling_evaluation,P0_legacy,6,7656,0.42567920585161967,0.43507610262553115
UA,123,R1,rolling_evaluation,P0_legacy,7,7537,0.4817566671089293,0.4980630374178092
UA,123,R1,rolling_evaluation,P0_legacy,8,4940,0.5374493927125507,0.5639758894529238
UA,123,R1,rolling_evaluation,P0_legacy,9,3192,0.6271929824561403,0.6311945633137458
UA,123,R1,rolling_evaluation,P0_legacy,10,2236,0.6967799642218246,0.6985571134734327
UA,123,R1,rolling_evaluation,P0_legacy,11,1911,0.7488226059654631,0.765975646621824
UA,123,R1,rolling_evaluation,P0_legacy,12,1567,0.8206764518187619,0.8319995287568832
UA,123,R1,rolling_evaluation,P0_legacy,13,1266,0.8704581358609794,0.8988201755333882
UA,123,R1,rolling_evaluation,P0_legacy,14,482,0.946058091286307,0.9512782606144443
UA,123,R1,rolling_evaluation,P1_valid_cache_endpoints,0,0,,
UA,123,R1,rolling_evaluation,P1_valid_cache_endpoints,1,0,,
UA,123,R1,rolling_evaluation,P1_valid_cache_endpoints,2,0,,
UA,123,R1,rolling_evaluation,P1_valid_cache_endpoints,3,0,,
UA,123,R1,rolling_evaluation,P1_valid_cache_endpoints,4,0,,
UA,123,R1,rolling_evaluation,P1_valid_cache_endpoints,5,2989,0.3864168618266979,0.3772251799442324
UA,123,R1,rolling_evaluation,P1_valid_cache_endpoints,6,7416,0.42340884573894283,0.43499110531978846
UA,123,R1,rolling_evaluation,P1_valid_cache_endpoints,7,7249,0.4800662160297972,0.49794441768573405
UA,123,R1,rolling_evaluation,P1_valid_cache_endpoints,8,4673,0.5362722020115558,0.5640371272670645
UA,123,R1,rolling_evaluation,P1_valid_cache_endpoints,9,3057,0.6225057245665685,0.6311913499039608
UA,123,R1,rolling_evaluation,P1_valid_cache_endpoints,10,2144,0.6870335820895522,0.6985343870232082
UA,123,R1,rolling_evaluation,P1_valid_cache_endpoints,11,1846,0.7405200433369448,0.7659114334838877
UA,123,R1,rolling_evaluation,P1_valid_cache_endpoints,12,1499,0.8125416944629753,0.8319074246424978
UA,123,R1,rolling_evaluation,P1_valid_cache_endpoints,13,1219,0.8662838392124692,0.8987293979771669
UA,123,R1,rolling_evaluation,P1_valid_cache_endpoints,14,465,0.9440860215053763,0.9512162677212488
UA,123,R1,rolling_evaluation,P2_candidate_clock,0,0,,
UA,123,R1,rolling_evaluation,P2_candidate_clock,1,0,,
UA,123,R1,rolling_evaluation,P2_candidate_clock,2,0,,
UA,123,R1,rolling_evaluation,P2_candidate_clock,3,0,,
UA,123,R1,rolling_evaluation,P2_candidate_clock,4,0,,
UA,123,R1,rolling_evaluation,P2_candidate_clock,5,2843,0.38691523039043263,0.37721612199291643
UA,123,R1,rolling_evaluation,P2_candidate_clock,6,6979,0.42040406935090985,0.434681044528655
UA,123,R1,rolling_evaluation,P2_candidate_clock,7,6524,0.4805334150827713,0.4978301213764205
UA,123,R1,rolling_evaluation,P2_candidate_clock,8,4001,0.5378655336165958,0.5637769155257528
UA,123,R1,rolling_evaluation,P2_candidate_clock,9,2638,0.6254738438210766,0.6315049487652673
UA,123,R1,rolling_evaluation,P2_candidate_clock,10,1925,0.6898701298701299,0.6988559449313148
UA,123,R1,rolling_evaluation,P2_candidate_clock,11,1659,0.7480409885473177,0.7659779404980471
UA,123,R1,rolling_evaluation,P2_candidate_clock,12,1350,0.8222222222222222,0.8315999709653578
UA,123,R1,rolling_evaluation,P2_candidate_clock,13,1078,0.8682745825602969,0.8989416920934823
UA,123,R1,rolling_evaluation,P2_candidate_clock,14,406,0.9507389162561576,0.9512375328675524
UA,123,R1,rolling_evaluation,P3_intersection,0,0,,
UA,123,R1,rolling_evaluation,P3_intersection,1,0,,
UA,123,R1,rolling_evaluation,P3_intersection,2,0,,
UA,123,R1,rolling_evaluation,P3_intersection,3,0,,
UA,123,R1,rolling_evaluation,P3_intersection,4,0,,
UA,123,R1,rolling_evaluation,P3_intersection,5,2809,0.38875044499822,0.37719318189609186
UA,123,R1,rolling_evaluation,P3_intersection,6,6874,0.4211521675880128,0.4346568101076267
UA,123,R1,rolling_evaluation,P3_intersection,7,6431,0.4812626341160006,0.4977913085724633
UA,123,R1,rolling_evaluation,P3_intersection,8,3910,0.5421994884910486,0.5638388189430547
UA,123,R1,rolling_evaluation,P3_intersection,9,2608,0.629217791411043,0.6315354490099813
UA,123,R1,rolling_evaluation,P3_intersection,10,1909,0.6898899947616554,0.6988683797519637
UA,123,R1,rolling_evaluation,P3_intersection,11,1652,0.7475786924939467,0.7659921416254177
UA,123,R1,rolling_evaluation,P3_intersection,12,1347,0.821826280623608,0.8316031802586153
UA,123,R1,rolling_evaluation,P3_intersection,13,1075,0.8688372093023256,0.8989628248330396
UA,123,R1,rolling_evaluation,P3_intersection,14,406,0.9507389162561576,0.9512375328675524
UA,123,R1,validation,P0_legacy,0,0,,
UA,123,R1,validation,P0_legacy,1,0,,
UA,123,R1,validation,P0_legacy,2,0,,
UA,123,R1,validation,P0_legacy,3,0,,
UA,123,R1,validation,P0_legacy,4,0,,
UA,123,R1,validation,P0_legacy,5,4223,0.36987923277291024,0.3774554172794834
UA,123,R1,validation,P0_legacy,6,10561,0.44029921408957484,0.43498725788158765
UA,123,R1,validation,P0_legacy,7,11172,0.4897959183673469,0.4982860286991674
UA,123,R1,validation,P0_legacy,8,7255,0.5578221915920055,0.5641988868119215
UA,123,R1,validation,P0_legacy,9,5110,0.624853228962818,0.6314692019829805
UA,123,R1,validation,P0_legacy,10,3718,0.6933835395373857,0.6982557827381426
UA,123,R1,validation,P0_legacy,11,3061,0.7589023195034302,0.7660855710649654
UA,123,R1,validation,P0_legacy,12,2542,0.8292682926829268,0.8321304657831831
UA,123,R1,validation,P0_legacy,13,1970,0.8756345177664975,0.8981270331671045
UA,123,R1,validation,P0_legacy,14,662,0.9199395770392749,0.9524194937082456
UA,123,R1,validation,P1_valid_cache_endpoints,0,0,,
UA,123,R1,validation,P1_valid_cache_endpoints,1,0,,
UA,123,R1,validation,P1_valid_cache_endpoints,2,0,,
UA,123,R1,validation,P1_valid_cache_endpoints,3,0,,
UA,123,R1,validation,P1_valid_cache_endpoints,4,0,,
UA,123,R1,validation,P1_valid_cache_endpoints,5,4100,0.36902439024390243,0.3774697528507028
UA,123,R1,validation,P1_valid_cache_endpoints,6,10253,0.4398712571930167,0.4349515475319947
UA,123,R1,validation,P1_valid_cache_endpoints,7,10700,0.4853271028037383,0.4981133832360911
UA,123,R1,validation,P1_valid_cache_endpoints,8,6855,0.550255288110868,0.5642238954289988
UA,123,R1,validation,P1_valid_cache_endpoints,9,4891,0.6225720711510938,0.6314641707371034
UA,123,R1,validation,P1_valid_cache_endpoints,10,3567,0.6868516961031679,0.6982969613825437
UA,123,R1,validation,P1_valid_cache_endpoints,11,2955,0.7522842639593909,0.7660939358536901
UA,123,R1,validation,P1_valid_cache_endpoints,12,2446,0.8229762878168438,0.8320987382111563
UA,123,R1,validation,P1_valid_cache_endpoints,13,1882,0.8698193411264612,0.8979325497793303
UA,123,R1,validation,P1_valid_cache_endpoints,14,631,0.9160063391442155,0.9523543097617847
UA,123,R1,validation,P2_candidate_clock,0,0,,
UA,123,R1,validation,P2_candidate_clock,1,0,,
UA,123,R1,validation,P2_candidate_clock,2,0,,
UA,123,R1,validation,P2_candidate_clock,3,0,,
UA,123,R1,validation,P2_candidate_clock,4,0,,
UA,123,R1,validation,P2_candidate_clock,5,3919,0.3712681806583312,0.3773791353583796
UA,123,R1,validation,P2_candidate_clock,6,9601,0.43995417144047494,0.43469437648086534
UA,123,R1,validation,P2_candidate_clock,7,9581,0.4865880388268448,0.4981184649936875
UA,123,R1,validation,P2_candidate_clock,8,5945,0.560470984020185,0.563979460496024
UA,123,R1,validation,P2_candidate_clock,9,4272,0.6242977528089888,0.6316495451689443
UA,123,R1,validation,P2_candidate_clock,10,3215,0.6870917573872473,0.6982010448823313
UA,123,R1,validation,P2_candidate_clock,11,2689,0.7545555968761621,0.7660221199808585
UA,123,R1,validation,P2_candidate_clock,12,2188,0.826782449725777,0.8322180292317874
UA,123,R1,validation,P2_candidate_clock,13,1693,0.8735971647962197,0.8978742320539459
UA,123,R1,validation,P2_candidate_clock,14,556,0.9226618705035972,0.9527792916463603
UA,123,R1,validation,P3_intersection,0,0,,
UA,123,R1,validation,P3_intersection,1,0,,
UA,123,R1,validation,P3_intersection,2,0,,
UA,123,R1,validation,P3_intersection,3,0,,
UA,123,R1,validation,P3_intersection,4,0,,
UA,123,R1,validation,P3_intersection,5,3871,0.37199690002583313,0.37740657986488935
UA,123,R1,validation,P3_intersection,6,9486,0.4405439595192916,0.43473098908193963
UA,123,R1,validation,P3_intersection,7,9429,0.48552338530066813,0.49797708379920985
UA,123,R1,validation,P3_intersection,8,5779,0.5573628655476726,0.564075467734557
UA,123,R1,validation,P3_intersection,9,4211,0.6290667299928758,0.631637912141837
UA,123,R1,validation,P3_intersection,10,3180,0.6893081761006289,0.6982584317652393
UA,123,R1,validation,P3_intersection,11,2673,0.7549569771791994,0.7660396512018902
UA,123,R1,validation,P3_intersection,12,2186,0.8270814272644099,0.832230993433768
UA,123,R1,validation,P3_intersection,13,1684,0.8729216152019003,0.8978480641754732
UA,123,R1,validation,P3_intersection,14,551,0.9219600725952813,0.9527661415210936
UA,42,R2,rolling_evaluation,P0_legacy,0,0,,
UA,42,R2,rolling_evaluation,P0_legacy,1,0,,
UA,42,R2,rolling_evaluation,P0_legacy,2,0,,
UA,42,R2,rolling_evaluation,P0_legacy,3,0,,
UA,42,R2,rolling_evaluation,P0_legacy,4,0,,
UA,42,R2,rolling_evaluation,P0_legacy,5,3055,0.36333878887070375,0.3775554126516992
UA,42,R2,rolling_evaluation,P0_legacy,6,7796,0.42432016418676244,0.4355818680332112
UA,42,R2,rolling_evaluation,P0_legacy,7,7814,0.49296135142052727,0.49778585554614463
UA,42,R2,rolling_evaluation,P0_legacy,8,4829,0.5761027127769724,0.5635696081602417
UA,42,R2,rolling_evaluation,P0_legacy,9,3162,0.6385199240986718,0.631559504810738
UA,42,R2,rolling_evaluation,P0_legacy,10,2370,0.7033755274261604,0.6976697481665629
UA,42,R2,rolling_evaluation,P0_legacy,11,1752,0.7705479452054794,0.765579812492361
UA,42,R2,rolling_evaluation,P0_legacy,12,1398,0.8426323319027181,0.8324665402546133
UA,42,R2,rolling_evaluation,P0_legacy,13,1159,0.8973252804141502,0.8989654229498603
UA,42,R2,rolling_evaluation,P0_legacy,14,523,0.9636711281070746,0.951646974990847
UA,42,R2,rolling_evaluation,P1_valid_cache_endpoints,0,0,,
UA,42,R2,rolling_evaluation,P1_valid_cache_endpoints,1,0,,
UA,42,R2,rolling_evaluation,P1_valid_cache_endpoints,2,0,,
UA,42,R2,rolling_evaluation,P1_valid_cache_endpoints,3,0,,
UA,42,R2,rolling_evaluation,P1_valid_cache_endpoints,4,0,,
UA,42,R2,rolling_evaluation,P1_valid_cache_endpoints,5,2949,0.3621566632756867,0.3773898680107124
UA,42,R2,rolling_evaluation,P1_valid_cache_endpoints,6,7547,0.4261295879157281,0.43556475467743
UA,42,R2,rolling_evaluation,P1_valid_cache_endpoints,7,7494,0.4937283159861222,0.49766106514622305
UA,42,R2,rolling_evaluation,P1_valid_cache_endpoints,8,4616,0.5758232235701907,0.5634880891736277
UA,42,R2,rolling_evaluation,P1_valid_cache_endpoints,9,3012,0.6341301460823373,0.6314661524480732
UA,42,R2,rolling_evaluation,P1_valid_cache_endpoints,10,2287,0.6978574551814605,0.6976184335470377
UA,42,R2,rolling_evaluation,P1_valid_cache_endpoints,11,1689,0.7643576080521018,0.7654604163267239
UA,42,R2,rolling_evaluation,P1_valid_cache_endpoints,12,1347,0.8374164810690423,0.8324712641773967
UA,42,R2,rolling_evaluation,P1_valid_cache_endpoints,13,1119,0.8945487042001787,0.8988010348419466
UA,42,R2,rolling_evaluation,P1_valid_cache_endpoints,14,501,0.9620758483033932,0.9518124031203299
UA,42,R2,rolling_evaluation,P2_candidate_clock,0,0,,
UA,42,R2,rolling_evaluation,P2_candidate_clock,1,0,,
UA,42,R2,rolling_evaluation,P2_candidate_clock,2,0,,
UA,42,R2,rolling_evaluation,P2_candidate_clock,3,0,,
UA,42,R2,rolling_evaluation,P2_candidate_clock,4,0,,
UA,42,R2,rolling_evaluation,P2_candidate_clock,5,2824,0.363314447592068,0.37769122159822693
UA,42,R2,rolling_evaluation,P2_candidate_clock,6,7090,0.42552891396332865,0.4353359383309944
UA,42,R2,rolling_evaluation,P2_candidate_clock,7,6820,0.49281524926686215,0.4975720479337136
UA,42,R2,rolling_evaluation,P2_candidate_clock,8,4103,0.5803070923714355,0.5633493921953652
UA,42,R2,rolling_evaluation,P2_candidate_clock,9,2511,0.6427718040621266,0.6313470509066476
UA,42,R2,rolling_evaluation,P2_candidate_clock,10,1903,0.7115081450341566,0.6974374065754454
UA,42,R2,rolling_evaluation,P2_candidate_clock,11,1516,0.7763852242744064,0.765549839777436
UA,42,R2,rolling_evaluation,P2_candidate_clock,12,1200,0.845,0.8322631333955642
UA,42,R2,rolling_evaluation,P2_candidate_clock,13,991,0.9021190716448032,0.8986025801607643
UA,42,R2,rolling_evaluation,P2_candidate_clock,14,445,0.9640449438202248,0.9520731199373014
UA,42,R2,rolling_evaluation,P3_intersection,0,0,,
UA,42,R2,rolling_evaluation,P3_intersection,1,0,,
UA,42,R2,rolling_evaluation,P3_intersection,2,0,,
UA,42,R2,rolling_evaluation,P3_intersection,3,0,,
UA,42,R2,rolling_evaluation,P3_intersection,4,0,,
UA,42,R2,rolling_evaluation,P3_intersection,5,2781,0.36389787846098526,0.3775846267566973
UA,42,R2,rolling_evaluation,P3_intersection,6,6989,0.42795822006009443,0.43535868941857897
UA,42,R2,rolling_evaluation,P3_intersection,7,6720,0.49642857142857144,0.49756529391222787
UA,42,R2,rolling_evaluation,P3_intersection,8,4044,0.5853115727002968,0.5633556685268155
UA,42,R2,rolling_evaluation,P3_intersection,9,2475,0.6456565656565657,0.6313193138546067
UA,42,R2,rolling_evaluation,P3_intersection,10,1886,0.7136797454931071,0.697519723092294
UA,42,R2,rolling_evaluation,P3_intersection,11,1509,0.7773359840954275,0.7655632196277272
UA,42,R2,rolling_evaluation,P3_intersection,12,1193,0.8449287510477788,0.8322798924209697
UA,42,R2,rolling_evaluation,P3_intersection,13,986,0.9026369168356998,0.8985195978606457
UA,42,R2,rolling_evaluation,P3_intersection,14,444,0.963963963963964,0.9521093137078992
UA,42,R2,validation,P0_legacy,0,0,,
UA,42,R2,validation,P0_legacy,1,0,,
UA,42,R2,validation,P0_legacy,2,0,,
UA,42,R2,validation,P0_legacy,3,0,,
UA,42,R2,validation,P0_legacy,4,0,,
UA,42,R2,validation,P0_legacy,5,4320,0.3770833333333333,0.37740822301119376
UA,42,R2,validation,P0_legacy,6,11057,0.4275119833589581,0.4351456218234762
UA,42,R2,validation,P0_legacy,7,11457,0.47944488085886355,0.49817870113313706
UA,42,R2,validation,P0_legacy,8,7288,0.5430845225027442,0.5641651187231401
UA,42,R2,validation,P0_legacy,9,4948,0.6305578011317704,0.6314238175056403
UA,42,R2,validation,P0_legacy,10,3776,0.6877648305084746,0.6991905630840348
UA,42,R2,validation,P0_legacy,11,2877,0.7553006604101494,0.7647766782653966
UA,42,R2,validation,P0_legacy,12,2343,0.8233034571062741,0.8324829950845436
UA,42,R2,validation,P0_legacy,13,1773,0.8905809362662155,0.8982043992755286
UA,42,R2,validation,P0_legacy,14,435,0.9333333333333333,0.9482702373041675
UA,42,R2,validation,P1_valid_cache_endpoints,0,0,,
UA,42,R2,validation,P1_valid_cache_endpoints,1,0,,
UA,42,R2,validation,P1_valid_cache_endpoints,2,0,,
UA,42,R2,validation,P1_valid_cache_endpoints,3,0,,
UA,42,R2,validation,P1_valid_cache_endpoints,4,0,,
UA,42,R2,validation,P1_valid_cache_endpoints,5,4195,0.3771156138259833,0.3773984304306931
UA,42,R2,validation,P1_valid_cache_endpoints,6,10735,0.4265486725663717,0.4351213783363616
UA,42,R2,validation,P1_valid_cache_endpoints,7,10994,0.48071675459341456,0.49808058900092117
UA,42,R2,validation,P1_valid_cache_endpoints,8,6952,0.5417146144994246,0.5640723631687735
UA,42,R2,validation,P1_valid_cache_endpoints,9,4741,0.6264501160092807,0.6315252981096418
UA,42,R2,validation,P1_valid_cache_endpoints,10,3630,0.6834710743801653,0.6992256212750999
UA,42,R2,validation,P1_valid_cache_endpoints,11,2785,0.748294434470377,0.7646625772177377
UA,42,R2,validation,P1_valid_cache_endpoints,12,2254,0.8163265306122449,0.8324543420023842
UA,42,R2,validation,P1_valid_cache_endpoints,13,1696,0.8862028301886793,0.8981794559085864
UA,42,R2,validation,P1_valid_cache_endpoints,14,418,0.930622009569378,0.9483358490937465
UA,42,R2,validation,P2_candidate_clock,0,0,,
UA,42,R2,validation,P2_candidate_clock,1,0,,
UA,42,R2,validation,P2_candidate_clock,2,0,,
UA,42,R2,validation,P2_candidate_clock,3,0,,
UA,42,R2,validation,P2_candidate_clock,4,0,,
UA,42,R2,validation,P2_candidate_clock,5,4010,0.3738154613466334,0.3773337339421071
UA,42,R2,validation,P2_candidate_clock,6,10125,0.42607407407407405,0.434918059015217
UA,42,R2,validation,P2_candidate_clock,7,10017,0.48018368773085757,0.49800274341584017
UA,42,R2,validation,P2_candidate_clock,8,6163,0.5445399967548272,0.5638625495134935
UA,42,R2,validation,P2_candidate_clock,9,3975,0.641006289308176,0.6311673485744811
UA,42,R2,validation,P2_candidate_clock,10,3011,0.6971105944868814,0.6996362524843677
UA,42,R2,validation,P2_candidate_clock,11,2464,0.755275974025974,0.7647530839012795
UA,42,R2,validation,P2_candidate_clock,12,2025,0.8217283950617283,0.8324631115392158
UA,42,R2,validation,P2_candidate_clock,13,1488,0.8918010752688172,0.8981204657429588
UA,42,R2,validation,P2_candidate_clock,14,381,0.931758530183727,0.9484619500332391
UA,42,R2,validation,P3_intersection,0,0,,
UA,42,R2,validation,P3_intersection,1,0,,
UA,42,R2,validation,P3_intersection,2,0,,
UA,42,R2,validation,P3_intersection,3,0,,
UA,42,R2,validation,P3_intersection,4,0,,
UA,42,R2,validation,P3_intersection,5,3956,0.3741152679474216,0.37734500249011926
UA,42,R2,validation,P3_intersection,6,10012,0.42648821414302834,0.4349311139219555
UA,42,R2,validation,P3_intersection,7,9874,0.482479238403889,0.49797637628709357
UA,42,R2,validation,P3_intersection,8,6048,0.548776455026455,0.5638352287741762
UA,42,R2,validation,P3_intersection,9,3918,0.6447166921898928,0.6312686572752951
UA,42,R2,validation,P3_intersection,10,2992,0.6978609625668449,0.6996733393686124
UA,42,R2,validation,P3_intersection,11,2461,0.7553839902478667,0.7647541133280765
UA,42,R2,validation,P3_intersection,12,2021,0.8213755566551212,0.8324457478372314
UA,42,R2,validation,P3_intersection,13,1485,0.8922558922558923,0.8981118052083984
UA,42,R2,validation,P3_intersection,14,380,0.9315789473684211,0.9484805417835933
UA,123,R2,rolling_evaluation,P0_legacy,0,0,,
UA,123,R2,rolling_evaluation,P0_legacy,1,0,,
UA,123,R2,rolling_evaluation,P0_legacy,2,0,,
UA,123,R2,rolling_evaluation,P0_legacy,3,0,,
UA,123,R2,rolling_evaluation,P0_legacy,4,0,,
UA,123,R2,rolling_evaluation,P0_legacy,5,3473,0.3904405413187446,0.37773632909469906
UA,123,R2,rolling_evaluation,P0_legacy,6,8231,0.42680111772567125,0.4346873719082319
UA,123,R2,rolling_evaluation,P0_legacy,7,7724,0.5077679958570689,0.4970865822176618
UA,123,R2,rolling_evaluation,P0_legacy,8,4455,0.5717171717171717,0.5643244115656385
UA,123,R2,rolling_evaluation,P0_legacy,9,2944,0.6433423913043478,0.6320269220609079
UA,123,R2,rolling_evaluation,P0_legacy,10,2275,0.7156043956043956,0.6987325192631896
UA,123,R2,rolling_evaluation,P0_legacy,11,1755,0.7886039886039886,0.7651967786521845
UA,123,R2,rolling_evaluation,P0_legacy,12,1435,0.8466898954703833,0.832254179620376
UA,123,R2,rolling_evaluation,P0_legacy,13,1054,0.8946869070208728,0.8974238910172422
UA,123,R2,rolling_evaluation,P0_legacy,14,512,0.9765625,0.9559128522025493
UA,123,R2,rolling_evaluation,P1_valid_cache_endpoints,0,0,,
UA,123,R2,rolling_evaluation,P1_valid_cache_endpoints,1,0,,
UA,123,R2,rolling_evaluation,P1_valid_cache_endpoints,2,0,,
UA,123,R2,rolling_evaluation,P1_valid_cache_endpoints,3,0,,
UA,123,R2,rolling_evaluation,P1_valid_cache_endpoints,4,0,,
UA,123,R2,rolling_evaluation,P1_valid_cache_endpoints,5,3381,0.39189588879029874,0.3776841538237424
UA,123,R2,rolling_evaluation,P1_valid_cache_endpoints,6,7927,0.4277784786173836,0.4347309989024613
UA,123,R2,rolling_evaluation,P1_valid_cache_endpoints,7,7405,0.5065496286293045,0.4970486478946309
UA,123,R2,rolling_evaluation,P1_valid_cache_endpoints,8,4247,0.5721685895926536,0.5642579308532994
UA,123,R2,rolling_evaluation,P1_valid_cache_endpoints,9,2826,0.6365888181174806,0.631972036104378
UA,123,R2,rolling_evaluation,P1_valid_cache_endpoints,10,2192,0.7112226277372263,0.6987417369621064
UA,123,R2,rolling_evaluation,P1_valid_cache_endpoints,11,1688,0.7813981042654028,0.7652910421687903
UA,123,R2,rolling_evaluation,P1_valid_cache_endpoints,12,1392,0.8426724137931034,0.8321925278427753
UA,123,R2,rolling_evaluation,P1_valid_cache_endpoints,13,1008,0.8908730158730159,0.8973191414550925
UA,123,R2,rolling_evaluation,P1_valid_cache_endpoints,14,495,0.9757575757575757,0.9558827586809581
UA,123,R2,rolling_evaluation,P2_candidate_clock,0,0,,
UA,123,R2,rolling_evaluation,P2_candidate_clock,1,0,,
UA,123,R2,rolling_evaluation,P2_candidate_clock,2,0,,
UA,123,R2,rolling_evaluation,P2_candidate_clock,3,0,,
UA,123,R2,rolling_evaluation,P2_candidate_clock,4,0,,
UA,123,R2,rolling_evaluation,P2_candidate_clock,5,3186,0.38951663527934716,0.37778253936062
UA,123,R2,rolling_evaluation,P2_candidate_clock,6,7461,0.4270205066344994,0.43460937881319334
UA,123,R2,rolling_evaluation,P2_candidate_clock,7,6755,0.5042190969652109,0.49695883407907365
UA,123,R2,rolling_evaluation,P2_candidate_clock,8,3742,0.5742918225547835,0.5641310054995531
UA,123,R2,rolling_evaluation,P2_candidate_clock,9,2381,0.6522469550608988,0.631378223679723
UA,123,R2,rolling_evaluation,P2_candidate_clock,10,1798,0.7302558398220245,0.6988619141316578
UA,123,R2,rolling_evaluation,P2_candidate_clock,11,1492,0.7935656836461126,0.765624067684804
UA,123,R2,rolling_evaluation,P2_candidate_clock,12,1249,0.8486789431545236,0.8320353002988932
UA,123,R2,rolling_evaluation,P2_candidate_clock,13,893,0.8958566629339306,0.897049413094265
UA,123,R2,rolling_evaluation,P2_candidate_clock,14,446,0.9798206278026906,0.9558004742132146
UA,123,R2,rolling_evaluation,P3_intersection,0,0,,
UA,123,R2,rolling_evaluation,P3_intersection,1,0,,
UA,123,R2,rolling_evaluation,P3_intersection,2,0,,
UA,123,R2,rolling_evaluation,P3_intersection,3,0,,
UA,123,R2,rolling_evaluation,P3_intersection,4,0,,
UA,123,R2,rolling_evaluation,P3_intersection,5,3156,0.3906844106463878,0.37773772832513647
UA,123,R2,rolling_evaluation,P3_intersection,6,7339,0.42989508107371577,0.4346489705742263
UA,123,R2,rolling_evaluation,P3_intersection,7,6660,0.5072072072072072,0.49697016905217883
UA,123,R2,rolling_evaluation,P3_intersection,8,3675,0.5812244897959183,0.5641004426577524
UA,123,R2,rolling_evaluation,P3_intersection,9,2351,0.654189706507869,0.6313345140071687
UA,123,R2,rolling_evaluation,P3_intersection,10,1781,0.7327344188658057,0.6989358649513001
UA,123,R2,rolling_evaluation,P3_intersection,11,1489,0.7938213566151779,0.7656277887575073
UA,123,R2,rolling_evaluation,P3_intersection,12,1244,0.8488745980707395,0.8320750756408819
UA,123,R2,rolling_evaluation,P3_intersection,13,887,0.8962795941375423,0.8970162449649987
UA,123,R2,rolling_evaluation,P3_intersection,14,445,0.9797752808988764,0.9558301549322956
UA,123,R2,validation,P0_legacy,0,0,,
UA,123,R2,validation,P0_legacy,1,0,,
UA,123,R2,validation,P0_legacy,2,0,,
UA,123,R2,validation,P0_legacy,3,0,,
UA,123,R2,validation,P0_legacy,4,0,,
UA,123,R2,validation,P0_legacy,5,5016,0.3765948963317384,0.3773722879991804
UA,123,R2,validation,P0_legacy,6,11821,0.4316047711699518,0.4348168797689997
UA,123,R2,validation,P0_legacy,7,11172,0.48353025420694595,0.49766815704320533
UA,123,R2,validation,P0_legacy,8,6749,0.5590457845606757,0.5637836111799213
UA,123,R2,validation,P0_legacy,9,4654,0.6317146540610228,0.6315297827570989
UA,123,R2,validation,P0_legacy,10,3633,0.6936416184971098,0.6987900128205666
UA,123,R2,validation,P0_legacy,11,2815,0.7637655417406749,0.7653018437341647
UA,123,R2,validation,P0_legacy,12,2311,0.8156642146257032,0.831808874284257
UA,123,R2,validation,P0_legacy,13,1739,0.9033927544565843,0.8975122748452502
UA,123,R2,validation,P0_legacy,14,364,0.9368131868131868,0.947753414494151
UA,123,R2,validation,P1_valid_cache_endpoints,0,0,,
UA,123,R2,validation,P1_valid_cache_endpoints,1,0,,
UA,123,R2,validation,P1_valid_cache_endpoints,2,0,,
UA,123,R2,validation,P1_valid_cache_endpoints,3,0,,
UA,123,R2,validation,P1_valid_cache_endpoints,4,0,,
UA,123,R2,validation,P1_valid_cache_endpoints,5,4885,0.37563971340839303,0.377400448721114
UA,123,R2,validation,P1_valid_cache_endpoints,6,11453,0.43045490264559505,0.4348018427832679
UA,123,R2,validation,P1_valid_cache_endpoints,7,10707,0.4830484729616139,0.4976234249005874
UA,123,R2,validation,P1_valid_cache_endpoints,8,6434,0.5564190239353435,0.5637372965705536
UA,123,R2,validation,P1_valid_cache_endpoints,9,4458,0.6276357110812023,0.6315371546251486
UA,123,R2,validation,P1_valid_cache_endpoints,10,3497,0.6877323420074349,0.6988167568229604
UA,123,R2,validation,P1_valid_cache_endpoints,11,2729,0.757420300476365,0.7652249267413995
UA,123,R2,validation,P1_valid_cache_endpoints,12,2223,0.8083670715249662,0.8317912027809468
UA,123,R2,validation,P1_valid_cache_endpoints,13,1663,0.899579073962718,0.8973450155686079
UA,123,R2,validation,P1_valid_cache_endpoints,14,351,0.9344729344729344,0.9477969308696655
UA,123,R2,validation,P2_candidate_clock,0,0,,
UA,123,R2,validation,P2_candidate_clock,1,0,,
UA,123,R2,validation,P2_candidate_clock,2,0,,
UA,123,R2,validation,P2_candidate_clock,3,0,,
UA,123,R2,validation,P2_candidate_clock,4,0,,
UA,123,R2,validation,P2_candidate_clock,5,4655,0.37722878625134265,0.37744881137709874
UA,123,R2,validation,P2_candidate_clock,6,10711,0.4303052936233778,0.4346003999855781
UA,123,R2,validation,P2_candidate_clock,7,9786,0.4827304312282853,0.4975072638458319
UA,123,R2,validation,P2_candidate_clock,8,5687,0.5604009143660981,0.5633395371798177
UA,123,R2,validation,P2_candidate_clock,9,3779,0.6377348504895475,0.6312197386602364
UA,123,R2,validation,P2_candidate_clock,10,2865,0.7092495636998255,0.6992132503541972
UA,123,R2,validation,P2_candidate_clock,11,2398,0.7656380316930775,0.7654845341402936
UA,123,R2,validation,P2_candidate_clock,12,1990,0.8130653266331658,0.8317263052335098
UA,123,R2,validation,P2_candidate_clock,13,1476,0.9024390243902439,0.8974744461179115
UA,123,R2,validation,P2_candidate_clock,14,312,0.9423076923076923,0.9480867485049498
UA,123,R2,validation,P3_intersection,0,0,,
UA,123,R2,validation,P3_intersection,1,0,,
UA,123,R2,validation,P3_intersection,2,0,,
UA,123,R2,validation,P3_intersection,3,0,,
UA,123,R2,validation,P3_intersection,4,0,,
UA,123,R2,validation,P3_intersection,5,4606,0.3771168041684759,0.3774461632720468
UA,123,R2,validation,P3_intersection,6,10576,0.43059757942511345,0.4345862355435786
UA,123,R2,validation,P3_intersection,7,9644,0.4850684363334716,0.4974848324006207
UA,123,R2,validation,P3_intersection,8,5581,0.5649525174699874,0.5633365089188489
UA,123,R2,validation,P3_intersection,9,3724,0.6425886143931256,0.6312514041451492
UA,123,R2,validation,P3_intersection,10,2849,0.7086697086697087,0.6992417052413139
UA,123,R2,validation,P3_intersection,11,2395,0.7661795407098121,0.7655109841007169
UA,123,R2,validation,P3_intersection,12,1986,0.8126888217522659,0.831727389471966
UA,123,R2,validation,P3_intersection,13,1474,0.9029850746268657,0.8974809031838821
UA,123,R2,validation,P3_intersection,14,312,0.9423076923076923,0.9480867485049498
UC,42,main,development_holdout,P0_legacy,0,0,,
UC,42,main,development_holdout,P0_legacy,1,0,,
UC,42,main,development_holdout,P0_legacy,2,0,,
UC,42,main,development_holdout,P0_legacy,3,0,,
UC,42,main,development_holdout,P0_legacy,4,0,,
UC,42,main,development_holdout,P0_legacy,5,9909,0.3796548592188919,0.3776131990684617
UC,42,main,development_holdout,P0_legacy,6,24388,0.43066262096112845,0.4350868638219391
UC,42,main,development_holdout,P0_legacy,7,23965,0.4855831420822032,0.4977693775135864
UC,42,main,development_holdout,P0_legacy,8,13886,0.5633011666426617,0.5633321705105271
UC,42,main,development_holdout,P0_legacy,9,8744,0.6435269899359561,0.6318888608269531
UC,42,main,development_holdout,P0_legacy,10,6676,0.6956261234272019,0.6985715511318838
UC,42,main,development_holdout,P0_legacy,11,5539,0.7546488535836794,0.7658905958139792
UC,42,main,development_holdout,P0_legacy,12,4358,0.8297384121156494,0.8320457592033201
UC,42,main,development_holdout,P0_legacy,13,3142,0.8800127307447486,0.8972386294065923
UC,42,main,development_holdout,P0_legacy,14,967,0.9513960703205792,0.9510418223300654
UC,42,main,development_holdout,P1_valid_cache_endpoints,0,0,,
UC,42,main,development_holdout,P1_valid_cache_endpoints,1,0,,
UC,42,main,development_holdout,P1_valid_cache_endpoints,2,0,,
UC,42,main,development_holdout,P1_valid_cache_endpoints,3,0,,
UC,42,main,development_holdout,P1_valid_cache_endpoints,4,0,,
UC,42,main,development_holdout,P1_valid_cache_endpoints,5,9567,0.38005644402634053,0.37760147278094996
UC,42,main,development_holdout,P1_valid_cache_endpoints,6,23341,0.43430015851934367,0.4350542402185444
UC,42,main,development_holdout,P1_valid_cache_endpoints,7,22743,0.48942531768016534,0.49767771729461185
UC,42,main,development_holdout,P1_valid_cache_endpoints,8,13099,0.5645469119780135,0.5634255529111547
UC,42,main,development_holdout,P1_valid_cache_endpoints,9,8403,0.637986433416637,0.6320320550738864
UC,42,main,development_holdout,P1_valid_cache_endpoints,10,6441,0.6870051234280391,0.6985842767479536
UC,42,main,development_holdout,P1_valid_cache_endpoints,11,5356,0.7473861090365945,0.7658566478458586
UC,42,main,development_holdout,P1_valid_cache_endpoints,12,4217,0.8242826654019445,0.8319862076435514
UC,42,main,development_holdout,P1_valid_cache_endpoints,13,3048,0.8769685039370079,0.8971379300497618
UC,42,main,development_holdout,P1_valid_cache_endpoints,14,941,0.9500531349628055,0.950996060698507
UC,42,main,development_holdout,P2_candidate_clock,0,0,,
UC,42,main,development_holdout,P2_candidate_clock,1,0,,
UC,42,main,development_holdout,P2_candidate_clock,2,0,,
UC,42,main,development_holdout,P2_candidate_clock,3,0,,
UC,42,main,development_holdout,P2_candidate_clock,4,0,,
UC,42,main,development_holdout,P2_candidate_clock,5,9105,0.37693574958813836,0.3776058700007797
UC,42,main,development_holdout,P2_candidate_clock,6,22035,0.43208531881098255,0.4347979711386521
UC,42,main,development_holdout,P2_candidate_clock,7,19711,0.4857186342651311,0.4974175829451567
UC,42,main,development_holdout,P2_candidate_clock,8,11565,0.5597924773022049,0.5638560488707423
UC,42,main,development_holdout,P2_candidate_clock,9,7648,0.6395135983263598,0.6319469430467057
UC,42,main,development_holdout,P2_candidate_clock,10,5881,0.6878081958850536,0.6985194511296777
UC,42,main,development_holdout,P2_candidate_clock,11,4877,0.750666393274554,0.7657427937888212
UC,42,main,development_holdout,P2_candidate_clock,12,3787,0.8328492210192765,0.832063653237078
UC,42,main,development_holdout,P2_candidate_clock,13,2749,0.878865041833394,0.8973128878643802
UC,42,main,development_holdout,P2_candidate_clock,14,851,0.9494712103407755,0.9510683843492821
UC,42,main,development_holdout,P3_intersection,0,0,,
UC,42,main,development_holdout,P3_intersection,1,0,,
UC,42,main,development_holdout,P3_intersection,2,0,,
UC,42,main,development_holdout,P3_intersection,3,0,,
UC,42,main,development_holdout,P3_intersection,4,0,,
UC,42,main,development_holdout,P3_intersection,5,8954,0.37759660486933216,0.37761868197902443
UC,42,main,development_holdout,P3_intersection,6,21547,0.43620921706037963,0.4347837076255849
UC,42,main,development_holdout,P3_intersection,7,19167,0.49136536755882504,0.4973187968098991
UC,42,main,development_holdout,P3_intersection,8,11259,0.5660360600408562,0.5639476869396487
UC,42,main,development_holdout,P3_intersection,9,7576,0.6414994720168955,0.6320537191101288
UC,42,main,development_holdout,P3_intersection,10,5850,0.6882051282051282,0.698546217938402
UC,42,main,development_holdout,P3_intersection,11,4865,0.7512846865364851,0.7657801763996079
UC,42,main,development_holdout,P3_intersection,12,3779,0.8327599894151893,0.8320621908948287
UC,42,main,development_holdout,P3_intersection,13,2742,0.8792851932895697,0.8972936834597808
UC,42,main,development_holdout,P3_intersection,14,849,0.9493521790341578,0.9510776336912093
UC,42,main,validation,P0_legacy,0,0,,
UC,42,main,validation,P0_legacy,1,0,,
UC,42,main,validation,P0_legacy,2,0,,
UC,42,main,validation,P0_legacy,3,0,,
UC,42,main,validation,P0_legacy,4,0,,
UC,42,main,validation,P0_legacy,5,4759,0.38894725782727463,0.377511922993619
UC,42,main,validation,P0_legacy,6,11739,0.4388789505068575,0.43509741760802995
UC,42,main,validation,P0_legacy,7,12066,0.48632521133764295,0.49796618843012563
UC,42,main,validation,P0_legacy,8,6551,0.5704472599603114,0.5637361984266807
UC,42,main,validation,P0_legacy,9,4564,0.6546888694127958,0.6315409623802024
UC,42,main,validation,P0_legacy,10,3616,0.7118362831858407,0.6990995348662506
UC,42,main,validation,P0_legacy,11,2840,0.7841549295774648,0.7656465835331897
UC,42,main,validation,P0_legacy,12,2299,0.8421052631578947,0.832593437137224
UC,42,main,validation,P0_legacy,13,1506,0.8957503320053121,0.8971488638646797
UC,42,main,validation,P0_legacy,14,334,0.9251497005988024,0.9483957201341722
UC,42,main,validation,P1_valid_cache_endpoints,0,0,,
UC,42,main,validation,P1_valid_cache_endpoints,1,0,,
UC,42,main,validation,P1_valid_cache_endpoints,2,0,,
UC,42,main,validation,P1_valid_cache_endpoints,3,0,,
UC,42,main,validation,P1_valid_cache_endpoints,4,0,,
UC,42,main,validation,P1_valid_cache_endpoints,5,4620,0.38896103896103895,0.37756125761754594
UC,42,main,validation,P1_valid_cache_endpoints,6,11350,0.43876651982378856,0.4350144763688194
UC,42,main,validation,P1_valid_cache_endpoints,7,11472,0.4939853556485356,0.4976010359425859
UC,42,main,validation,P1_valid_cache_endpoints,8,6240,0.5721153846153846,0.5638877502003159
UC,42,main,validation,P1_valid_cache_endpoints,9,4373,0.6521838554767894,0.6315442909006902
UC,42,main,validation,P1_valid_cache_endpoints,10,3497,0.7066056619959966,0.6990875496908183
UC,42,main,validation,P1_valid_cache_endpoints,11,2741,0.7767238234221088,0.7656376087144939
UC,42,main,validation,P1_valid_cache_endpoints,12,2215,0.8361173814898419,0.8325561964400171
UC,42,main,validation,P1_valid_cache_endpoints,13,1453,0.891947694425327,0.8970586079269017
UC,42,main,validation,P1_valid_cache_endpoints,14,319,0.9216300940438872,0.9482911804306801
UC,42,main,validation,P2_candidate_clock,0,0,,
UC,42,main,validation,P2_candidate_clock,1,0,,
UC,42,main,validation,P2_candidate_clock,2,0,,
UC,42,main,validation,P2_candidate_clock,3,0,,
UC,42,main,validation,P2_candidate_clock,4,0,,
UC,42,main,validation,P2_candidate_clock,5,4402,0.38891412994093594,0.3774905250241079
UC,42,main,validation,P2_candidate_clock,6,10556,0.43861311102690415,0.43475687227556
UC,42,main,validation,P2_candidate_clock,7,9954,0.4890496282901346,0.4976658716485661
UC,42,main,validation,P2_candidate_clock,8,5480,0.5711678832116789,0.5643225410511216
UC,42,main,validation,P2_candidate_clock,9,3957,0.6487237806419004,0.6315327598197935
UC,42,main,validation,P2_candidate_clock,10,3207,0.706267539756782,0.6990599466837807
UC,42,main,validation,P2_candidate_clock,11,2511,0.7785742731979292,0.7656089772678254
UC,42,main,validation,P2_candidate_clock,12,1997,0.8412618928392589,0.8325674562308663
UC,42,main,validation,P2_candidate_clock,13,1307,0.891354246365723,0.8969395931442563
UC,42,main,validation,P2_candidate_clock,14,288,0.9270833333333334,0.948436568851744
UC,42,main,validation,P3_intersection,0,0,,
UC,42,main,validation,P3_intersection,1,0,,
UC,42,main,validation,P3_intersection,2,0,,
UC,42,main,validation,P3_intersection,3,0,,
UC,42,main,validation,P3_intersection,4,0,,
UC,42,main,validation,P3_intersection,5,4351,0.3902551137669501,0.3775124609529844
UC,42,main,validation,P3_intersection,6,10436,0.439440398620161,0.4347387481314937
UC,42,main,validation,P3_intersection,7,9703,0.49726888591157375,0.49735900071336564
UC,42,main,validation,P3_intersection,8,5385,0.5754874651810585,0.5644081340001315
UC,42,main,validation,P3_intersection,9,3914,0.6520183955033214,0.6315503216734174
UC,42,main,validation,P3_intersection,10,3179,0.7077697389116074,0.6990494683567463
UC,42,main,validation,P3_intersection,11,2506,0.7785315243415802,0.7656432307038452
UC,42,main,validation,P3_intersection,12,1991,0.8407835258663988,0.8325594725707168
UC,42,main,validation,P3_intersection,13,1299,0.8906851424172441,0.8969079759271793
UC,42,main,validation,P3_intersection,14,286,0.9265734265734266,0.948449080519351
UC,7,main,development_holdout,P0_legacy,0,0,,
UC,7,main,development_holdout,P0_legacy,1,0,,
UC,7,main,development_holdout,P0_legacy,2,0,,
UC,7,main,development_holdout,P0_legacy,3,0,,
UC,7,main,development_holdout,P0_legacy,4,0,,
UC,7,main,development_holdout,P0_legacy,5,10304,0.3766498447204969,0.3774562772682687
UC,7,main,development_holdout,P0_legacy,6,24747,0.4357295833838445,0.43503951040364974
UC,7,main,development_holdout,P0_legacy,7,21989,0.48651598526535994,0.4973014176951709
UC,7,main,development_holdout,P0_legacy,8,13102,0.562051595176309,0.5641905913017132
UC,7,main,development_holdout,P0_legacy,9,9430,0.6250265111346766,0.6320206614934174
UC,7,main,development_holdout,P0_legacy,10,7752,0.6843395252837977,0.6992838725776839
UC,7,main,development_holdout,P0_legacy,11,6305,0.7587628865979381,0.7654016893121734
UC,7,main,development_holdout,P0_legacy,12,4874,0.8329913828477636,0.8313096530676395
UC,7,main,development_holdout,P0_legacy,13,2620,0.8851145038167939,0.8950253367301911
UC,7,main,development_holdout,P0_legacy,14,451,0.9822616407982262,0.9485470566477532
UC,7,main,development_holdout,P1_valid_cache_endpoints,0,0,,
UC,7,main,development_holdout,P1_valid_cache_endpoints,1,0,,
UC,7,main,development_holdout,P1_valid_cache_endpoints,2,0,,
UC,7,main,development_holdout,P1_valid_cache_endpoints,3,0,,
UC,7,main,development_holdout,P1_valid_cache_endpoints,4,0,,
UC,7,main,development_holdout,P1_valid_cache_endpoints,5,9962,0.37954226059024293,0.3774696681367287
UC,7,main,development_holdout,P1_valid_cache_endpoints,6,23684,0.43772166863705453,0.43499518847864954
UC,7,main,development_holdout,P1_valid_cache_endpoints,7,20768,0.4899364406779661,0.49720544012597623
UC,7,main,development_holdout,P1_valid_cache_endpoints,8,12428,0.5578532346314773,0.564295617234734
UC,7,main,development_holdout,P1_valid_cache_endpoints,9,9057,0.6149939273490118,0.6319888445082259
UC,7,main,development_holdout,P1_valid_cache_endpoints,10,7499,0.6747566342178957,0.6993293135584
UC,7,main,development_holdout,P1_valid_cache_endpoints,11,6074,0.7502469542311492,0.7654136539708357
UC,7,main,development_holdout,P1_valid_cache_endpoints,12,4717,0.8276446894212424,0.8313038187979728
UC,7,main,development_holdout,P1_valid_cache_endpoints,13,2531,0.8818648755432635,0.8950755250622285
UC,7,main,development_holdout,P1_valid_cache_endpoints,14,436,0.981651376146789,0.9486710103001713
UC,7,main,development_holdout,P2_candidate_clock,0,0,,
UC,7,main,development_holdout,P2_candidate_clock,1,0,,
UC,7,main,development_holdout,P2_candidate_clock,2,0,,
UC,7,main,development_holdout,P2_candidate_clock,3,0,,
UC,7,main,development_holdout,P2_candidate_clock,4,0,,
UC,7,main,development_holdout,P2_candidate_clock,5,9551,0.3761909747670401,0.3775057739369911
UC,7,main,development_holdout,P2_candidate_clock,6,21610,0.4342896807033781,0.4343806464893127
UC,7,main,development_holdout,P2_candidate_clock,7,18423,0.4848287466753515,0.4975080231905209
UC,7,main,development_holdout,P2_candidate_clock,8,11285,0.5577315019937971,0.5642527120759699
UC,7,main,development_holdout,P2_candidate_clock,9,8209,0.6184675356316238,0.63193326985248
UC,7,main,development_holdout,P2_candidate_clock,10,6775,0.6783763837638377,0.6993709320884729
UC,7,main,development_holdout,P2_candidate_clock,11,5459,0.7574647371313428,0.765389733407494
UC,7,main,development_holdout,P2_candidate_clock,12,4216,0.8330170777988615,0.8313290741520465
UC,7,main,development_holdout,P2_candidate_clock,13,2279,0.8832821412900395,0.8950987456214327
UC,7,main,development_holdout,P2_candidate_clock,14,402,0.9825870646766169,0.9486843359174206
UC,7,main,development_holdout,P3_intersection,0,0,,
UC,7,main,development_holdout,P3_intersection,1,0,,
UC,7,main,development_holdout,P3_intersection,2,0,,
UC,7,main,development_holdout,P3_intersection,3,0,,
UC,7,main,development_holdout,P3_intersection,4,0,,
UC,7,main,development_holdout,P3_intersection,5,9363,0.37840435757769947,0.37751624831293695
UC,7,main,development_holdout,P3_intersection,6,21059,0.4369153331117337,0.4343499135834428
UC,7,main,development_holdout,P3_intersection,7,17859,0.49174085895066916,0.49749407323869776
UC,7,main,development_holdout,P3_intersection,8,11076,0.562296858071506,0.5644002403096533
UC,7,main,development_holdout,P3_intersection,9,8151,0.6190651453809348,0.631941515462718
UC,7,main,development_holdout,P3_intersection,10,6752,0.6783175355450237,0.6993702942091884
UC,7,main,development_holdout,P3_intersection,11,5444,0.7573475385745775,0.7653930606343552
UC,7,main,development_holdout,P3_intersection,12,4211,0.8330562811683686,0.8313139994397438
UC,7,main,development_holdout,P3_intersection,13,2272,0.8838028169014085,0.8951180020450802
UC,7,main,development_holdout,P3_intersection,14,401,0.9825436408977556,0.9487149469270147
UC,7,main,validation,P0_legacy,0,0,,
UC,7,main,validation,P0_legacy,1,0,,
UC,7,main,validation,P0_legacy,2,0,,
UC,7,main,validation,P0_legacy,3,0,,
UC,7,main,validation,P0_legacy,4,0,,
UC,7,main,validation,P0_legacy,5,4985,0.39418254764292876,0.3771508207067187
UC,7,main,validation,P0_legacy,6,12054,0.4335490293678447,0.43512249560452254
UC,7,main,validation,P0_legacy,7,10914,0.4951438519332967,0.49720875238785717
UC,7,main,validation,P0_legacy,8,6346,0.5664985817838009,0.5643634995731748
UC,7,main,validation,P0_legacy,9,4626,0.6506701253782966,0.632453039605012
UC,7,main,validation,P0_legacy,10,4059,0.7018970189701897,0.6992390847327101
UC,7,main,validation,P0_legacy,11,3469,0.7843759008359757,0.7652110369035853
UC,7,main,validation,P0_legacy,12,2531,0.8407743974713552,0.8304937773041265
UC,7,main,validation,P0_legacy,13,1182,0.9018612521150592,0.8946600662331934
UC,7,main,validation,P0_legacy,14,108,0.9722222222222222,0.9405403761391798
UC,7,main,validation,P1_valid_cache_endpoints,0,0,,
UC,7,main,validation,P1_valid_cache_endpoints,1,0,,
UC,7,main,validation,P1_valid_cache_endpoints,2,0,,
UC,7,main,validation,P1_valid_cache_endpoints,3,0,,
UC,7,main,validation,P1_valid_cache_endpoints,4,0,,
UC,7,main,validation,P1_valid_cache_endpoints,5,4865,0.39671120246659813,0.37718868066197886
UC,7,main,validation,P1_valid_cache_endpoints,6,11546,0.4380737917893643,0.4350392084940752
UC,7,main,validation,P1_valid_cache_endpoints,7,10408,0.49644504227517294,0.49709227780479226
UC,7,main,validation,P1_valid_cache_endpoints,8,6071,0.5626750123538132,0.564408127001554
UC,7,main,validation,P1_valid_cache_endpoints,9,4451,0.641428892383734,0.6324729079812353
UC,7,main,validation,P1_valid_cache_endpoints,10,3927,0.6926406926406926,0.6992513935809622
UC,7,main,validation,P1_valid_cache_endpoints,11,3346,0.7785415421398685,0.7652817660086028
UC,7,main,validation,P1_valid_cache_endpoints,12,2425,0.8338144329896907,0.8304911885945457
UC,7,main,validation,P1_valid_cache_endpoints,13,1135,0.8977973568281938,0.8945804722676673
UC,7,main,validation,P1_valid_cache_endpoints,14,106,0.9716981132075472,0.940572315799996
UC,7,main,validation,P2_candidate_clock,0,0,,
UC,7,main,validation,P2_candidate_clock,1,0,,
UC,7,main,validation,P2_candidate_clock,2,0,,
UC,7,main,validation,P2_candidate_clock,3,0,,
UC,7,main,validation,P2_candidate_clock,4,0,,
UC,7,main,validation,P2_candidate_clock,5,4630,0.39892008639308857,0.37716652191090033
UC,7,main,validation,P2_candidate_clock,6,10541,0.43278626316288776,0.43454601613267835
UC,7,main,validation,P2_candidate_clock,7,9140,0.49190371991247267,0.49731000623757887
UC,7,main,validation,P2_candidate_clock,8,5448,0.5653450807635829,0.5645212374317832
UC,7,main,validation,P2_candidate_clock,9,4044,0.6411968348170128,0.6326845299431043
UC,7,main,validation,P2_candidate_clock,10,3494,0.6940469376073268,0.6991745608545102
UC,7,main,validation,P2_candidate_clock,11,3057,0.7841020608439647,0.7651999194163024
UC,7,main,validation,P2_candidate_clock,12,2204,0.8339382940108893,0.8304606585149606
UC,7,main,validation,P2_candidate_clock,13,1001,0.9020979020979021,0.8946561108979255
UC,7,main,validation,P2_candidate_clock,14,100,0.97,0.9405904615150921
UC,7,main,validation,P3_intersection,0,0,,
UC,7,main,validation,P3_intersection,1,0,,
UC,7,main,validation,P3_intersection,2,0,,
UC,7,main,validation,P3_intersection,3,0,,
UC,7,main,validation,P3_intersection,4,0,,
UC,7,main,validation,P3_intersection,5,4580,0.4,0.3771927599665373
UC,7,main,validation,P3_intersection,6,10295,0.438465274405051,0.43449200869131205
UC,7,main,validation,P3_intersection,7,8950,0.4958659217877095,0.4972554982311343
UC,7,main,validation,P3_intersection,8,5391,0.5677981821554443,0.5645571102373317
UC,7,main,validation,P3_intersection,9,4019,0.6419507340134362,0.6326854105922886
UC,7,main,validation,P3_intersection,10,3482,0.6938541068351523,0.699166233956372
UC,7,main,validation,P3_intersection,11,3042,0.7850098619329389,0.7652657543294726
UC,7,main,validation,P3_intersection,12,2194,0.8331814038286235,0.8304403290029131
UC,7,main,validation,P3_intersection,13,997,0.9017051153460381,0.8946554601028569
UC,7,main,validation,P3_intersection,14,100,0.97,0.9405904615150921
UC,123,main,development_holdout,P0_legacy,0,0,,
UC,123,main,development_holdout,P0_legacy,1,0,,
UC,123,main,development_holdout,P0_legacy,2,0,,
UC,123,main,development_holdout,P0_legacy,3,0,,
UC,123,main,development_holdout,P0_legacy,4,0,,
UC,123,main,development_holdout,P0_legacy,5,9427,0.37636575792935184,0.3773845652274506
UC,123,main,development_holdout,P0_legacy,6,23516,0.42566763054941315,0.43517166570710175
UC,123,main,development_holdout,P0_legacy,7,21872,0.4802029992684711,0.49754664875474497
UC,123,main,development_holdout,P0_legacy,8,12944,0.5485166872682324,0.5643474873261694
UC,123,main,development_holdout,P0_legacy,9,9061,0.6083213773314203,0.6320720062101304
UC,123,main,development_holdout,P0_legacy,10,7458,0.6638508983641727,0.6995012859646872
UC,123,main,development_holdout,P0_legacy,11,6303,0.7328256385848009,0.7662822986439776
UC,123,main,development_holdout,P0_legacy,12,5383,0.7958387516254877,0.832360177326885
UC,123,main,development_holdout,P0_legacy,13,4262,0.8643829188174565,0.8972545199873939
UC,123,main,development_holdout,P0_legacy,14,1348,0.93026706231454,0.9498472187869645
UC,123,main,development_holdout,P1_valid_cache_endpoints,0,0,,
UC,123,main,development_holdout,P1_valid_cache_endpoints,1,0,,
UC,123,main,development_holdout,P1_valid_cache_endpoints,2,0,,
UC,123,main,development_holdout,P1_valid_cache_endpoints,3,0,,
UC,123,main,development_holdout,P1_valid_cache_endpoints,4,0,,
UC,123,main,development_holdout,P1_valid_cache_endpoints,5,9101,0.37798044170970224,0.3773766584383067
UC,123,main,development_holdout,P1_valid_cache_endpoints,6,22475,0.4292769744160178,0.435097619221056
UC,123,main,development_holdout,P1_valid_cache_endpoints,7,20759,0.4826822101257286,0.4974241954611159
UC,123,main,development_holdout,P1_valid_cache_endpoints,8,12248,0.5473546701502287,0.5644260373330199
UC,123,main,development_holdout,P1_valid_cache_endpoints,9,8637,0.601481996063448,0.6321800376949411
UC,123,main,development_holdout,P1_valid_cache_endpoints,10,7198,0.6539316476799111,0.6995056904097958
UC,123,main,development_holdout,P1_valid_cache_endpoints,11,6106,0.7251883393383557,0.7663349481885201
UC,123,main,development_holdout,P1_valid_cache_endpoints,12,5202,0.7889273356401384,0.8323227298668148
UC,123,main,development_holdout,P1_valid_cache_endpoints,13,4129,0.8604989101477355,0.8972642889712337
UC,123,main,development_holdout,P1_valid_cache_endpoints,14,1301,0.9285165257494236,0.9498737222289264
UC,123,main,development_holdout,P2_candidate_clock,0,0,,
UC,123,main,development_holdout,P2_candidate_clock,1,0,,
UC,123,main,development_holdout,P2_candidate_clock,2,0,,
UC,123,main,development_holdout,P2_candidate_clock,3,0,,
UC,123,main,development_holdout,P2_candidate_clock,4,0,,
UC,123,main,development_holdout,P2_candidate_clock,5,8544,0.37277621722846443,0.37741648671333106
UC,123,main,development_holdout,P2_candidate_clock,6,20543,0.4270067662950883,0.4346454120477791
UC,123,main,development_holdout,P2_candidate_clock,7,18327,0.47934741092377364,0.4977685013659193
UC,123,main,development_holdout,P2_candidate_clock,8,11201,0.5445049549147397,0.564429198395646
UC,123,main,development_holdout,P2_candidate_clock,9,7943,0.6009064585169331,0.6319990954169395
UC,123,main,development_holdout,P2_candidate_clock,10,6546,0.6584173541093797,0.6995715722331284
UC,123,main,development_holdout,P2_candidate_clock,11,5553,0.7282549972987574,0.7662387212442385
UC,123,main,development_holdout,P2_candidate_clock,12,4687,0.7936846596970344,0.8322721343040813
UC,123,main,development_holdout,P2_candidate_clock,13,3688,0.8657809110629068,0.897273724480493
UC,123,main,development_holdout,P2_candidate_clock,14,1177,0.9320305862361937,0.9496454089025306
UC,123,main,development_holdout,P3_intersection,0,0,,
UC,123,main,development_holdout,P3_intersection,1,0,,
UC,123,main,development_holdout,P3_intersection,2,0,,
UC,123,main,development_holdout,P3_intersection,3,0,,
UC,123,main,development_holdout,P3_intersection,4,0,,
UC,123,main,development_holdout,P3_intersection,5,8401,0.3747172955600524,0.377404852280104
UC,123,main,development_holdout,P3_intersection,6,20020,0.4307692307692308,0.4345796059644509
UC,123,main,development_holdout,P3_intersection,7,17839,0.4839957396715063,0.49773541889867184
UC,123,main,development_holdout,P3_intersection,8,10920,0.5495421245421246,0.5644425160009572
UC,123,main,development_holdout,P3_intersection,9,7825,0.6044728434504792,0.63209011557424
UC,123,main,development_holdout,P3_intersection,10,6512,0.6583230958230958,0.699575510132007
UC,123,main,development_holdout,P3_intersection,11,5538,0.7284218129288552,0.766264338395573
UC,123,main,development_holdout,P3_intersection,12,4680,0.7935897435897435,0.8322957482915871
UC,123,main,development_holdout,P3_intersection,13,3680,0.8660326086956521,0.8972679935160495
UC,123,main,development_holdout,P3_intersection,14,1173,0.9326513213981245,0.9496724549108951
UC,123,main,validation,P0_legacy,0,0,,
UC,123,main,validation,P0_legacy,1,0,,
UC,123,main,validation,P0_legacy,2,0,,
UC,123,main,validation,P0_legacy,3,0,,
UC,123,main,validation,P0_legacy,4,0,,
UC,123,main,validation,P0_legacy,5,4591,0.39316053147462426,0.37736029200741567
UC,123,main,validation,P0_legacy,6,11130,0.4247079964061096,0.4352097944140553
UC,123,main,validation,P0_legacy,7,10849,0.4885242879528067,0.4974724090047783
UC,123,main,validation,P0_legacy,8,6362,0.5446400502986483,0.5639125827780319
UC,123,main,validation,P0_legacy,9,4538,0.6326575583957691,0.6319554535173939
UC,123,main,validation,P0_legacy,10,4029,0.6837925043435096,0.6990835262913141
UC,123,main,validation,P0_legacy,11,3429,0.7471566054243219,0.7658810331821957
UC,123,main,validation,P0_legacy,12,2730,0.819047619047619,0.8325298825359273
UC,123,main,validation,P0_legacy,13,2060,0.8723300970873786,0.8977138004515265
UC,123,main,validation,P0_legacy,14,556,0.9280575539568345,0.9496524318782198
UC,123,main,validation,P1_valid_cache_endpoints,0,0,,
UC,123,main,validation,P1_valid_cache_endpoints,1,0,,
UC,123,main,validation,P1_valid_cache_endpoints,2,0,,
UC,123,main,validation,P1_valid_cache_endpoints,3,0,,
UC,123,main,validation,P1_valid_cache_endpoints,4,0,,
UC,123,main,validation,P1_valid_cache_endpoints,5,4464,0.39381720430107525,0.37733348091094904
UC,123,main,validation,P1_valid_cache_endpoints,6,10764,0.4241917502787068,0.4351934919040174
UC,123,main,validation,P1_valid_cache_endpoints,7,10288,0.49640357698289267,0.4971838769182283
UC,123,main,validation,P1_valid_cache_endpoints,8,6043,0.5447625351646533,0.5639972358635493
UC,123,main,validation,P1_valid_cache_endpoints,9,4350,0.6259770114942529,0.6319458130380681
UC,123,main,validation,P1_valid_cache_endpoints,10,3911,0.6765533111736128,0.6990782295823043
UC,123,main,validation,P1_valid_cache_endpoints,11,3306,0.7386569872958257,0.7658711225281366
UC,123,main,validation,P1_valid_cache_endpoints,12,2638,0.8127369219105383,0.8324086310882404
UC,123,main,validation,P1_valid_cache_endpoints,13,1986,0.8675730110775428,0.8977480897225322
UC,123,main,validation,P1_valid_cache_endpoints,14,530,0.9245283018867925,0.9496902289791211
UC,123,main,validation,P2_candidate_clock,0,0,,
UC,123,main,validation,P2_candidate_clock,1,0,,
UC,123,main,validation,P2_candidate_clock,2,0,,
UC,123,main,validation,P2_candidate_clock,3,0,,
UC,123,main,validation,P2_candidate_clock,4,0,,
UC,123,main,validation,P2_candidate_clock,5,4171,0.39391033325341646,0.3772968123862252
UC,123,main,validation,P2_candidate_clock,6,9751,0.4248794995385089,0.4346735051228659
UC,123,main,validation,P2_candidate_clock,7,9078,0.49250936329588013,0.4976087772156801
UC,123,main,validation,P2_candidate_clock,8,5496,0.5423944687045124,0.5640299634616471
UC,123,main,validation,P2_candidate_clock,9,3970,0.6221662468513854,0.6320433281594267
UC,123,main,validation,P2_candidate_clock,10,3524,0.6767877412031782,0.6989476808255154
UC,123,main,validation,P2_candidate_clock,11,3013,0.741121805509459,0.7658371256035252
UC,123,main,validation,P2_candidate_clock,12,2410,0.8195020746887967,0.8324325203095192
UC,123,main,validation,P2_candidate_clock,13,1772,0.8707674943566591,0.8976667483904646
UC,123,main,validation,P2_candidate_clock,14,474,0.9261603375527426,0.9497190033169868
UC,123,main,validation,P3_intersection,0,0,,
UC,123,main,validation,P3_intersection,1,0,,
UC,123,main,validation,P3_intersection,2,0,,
UC,123,main,validation,P3_intersection,3,0,,
UC,123,main,validation,P3_intersection,4,0,,
UC,123,main,validation,P3_intersection,5,4136,0.39361702127659576,0.3772941420101266
UC,123,main,validation,P3_intersection,6,9621,0.4252156740463569,0.4346737723551119
UC,123,main,validation,P3_intersection,7,8837,0.501188186035985,0.4974339014857189
UC,123,main,validation,P3_intersection,8,5381,0.5471102025645791,0.5641050231584692
UC,123,main,validation,P3_intersection,9,3931,0.6247774103281608,0.6320556154378155
UC,123,main,validation,P3_intersection,10,3502,0.6767561393489434,0.6989600640557947
UC,123,main,validation,P3_intersection,11,3002,0.7411725516322452,0.765849562697555
UC,123,main,validation,P3_intersection,12,2404,0.8190515806988353,0.8324353349816352
UC,123,main,validation,P3_intersection,13,1766,0.8703284258210645,0.8976095064669941
UC,123,main,validation,P3_intersection,14,470,0.925531914893617,0.9497641741566742
UC,42,R1,rolling_evaluation,P0_legacy,0,0,,
UC,42,R1,rolling_evaluation,P0_legacy,1,0,,
UC,42,R1,rolling_evaluation,P0_legacy,2,0,,
UC,42,R1,rolling_evaluation,P0_legacy,3,0,,
UC,42,R1,rolling_evaluation,P0_legacy,4,0,,
UC,42,R1,rolling_evaluation,P0_legacy,5,3249,0.39119729147429977,0.3777019930094693
UC,42,R1,rolling_evaluation,P0_legacy,6,8074,0.4292791676987862,0.4347236346108743
UC,42,R1,rolling_evaluation,P0_legacy,7,7909,0.48109748387912504,0.49780646705938025
UC,42,R1,rolling_evaluation,P0_legacy,8,4529,0.5548686244204019,0.5634258338723475
UC,42,R1,rolling_evaluation,P0_legacy,9,2984,0.6407506702412868,0.6318602930911275
UC,42,R1,rolling_evaluation,P0_legacy,10,2303,0.6934433347807208,0.6987863418221593
UC,42,R1,rolling_evaluation,P0_legacy,11,1929,0.751684810782789,0.7655286531154526
UC,42,R1,rolling_evaluation,P0_legacy,12,1515,0.8468646864686469,0.8336289791553211
UC,42,R1,rolling_evaluation,P0_legacy,13,1134,0.890652557319224,0.8953799141155662
UC,42,R1,rolling_evaluation,P0_legacy,14,232,0.9698275862068966,0.9473388141565381
UC,42,R1,rolling_evaluation,P1_valid_cache_endpoints,0,0,,
UC,42,R1,rolling_evaluation,P1_valid_cache_endpoints,1,0,,
UC,42,R1,rolling_evaluation,P1_valid_cache_endpoints,2,0,,
UC,42,R1,rolling_evaluation,P1_valid_cache_endpoints,3,0,,
UC,42,R1,rolling_evaluation,P1_valid_cache_endpoints,4,0,,
UC,42,R1,rolling_evaluation,P1_valid_cache_endpoints,5,3158,0.3901203293223559,0.3776931875229523
UC,42,R1,rolling_evaluation,P1_valid_cache_endpoints,6,7801,0.43045763363671324,0.4346975306448799
UC,42,R1,rolling_evaluation,P1_valid_cache_endpoints,7,7570,0.4825627476882431,0.49777228970047344
UC,42,R1,rolling_evaluation,P1_valid_cache_endpoints,8,4281,0.555010511562719,0.5635187426162814
UC,42,R1,rolling_evaluation,P1_valid_cache_endpoints,9,2865,0.6349040139616056,0.6319319320194782
UC,42,R1,rolling_evaluation,P1_valid_cache_endpoints,10,2234,0.6853178155774395,0.6987029419588503
UC,42,R1,rolling_evaluation,P1_valid_cache_endpoints,11,1866,0.7443729903536977,0.7655556748523142
UC,42,R1,rolling_evaluation,P1_valid_cache_endpoints,12,1454,0.8404401650618982,0.8335704755209419
UC,42,R1,rolling_evaluation,P1_valid_cache_endpoints,13,1101,0.888283378746594,0.8953125138383664
UC,42,R1,rolling_evaluation,P1_valid_cache_endpoints,14,227,0.9691629955947136,0.9473168696345015
UC,42,R1,rolling_evaluation,P2_candidate_clock,0,0,,
UC,42,R1,rolling_evaluation,P2_candidate_clock,1,0,,
UC,42,R1,rolling_evaluation,P2_candidate_clock,2,0,,
UC,42,R1,rolling_evaluation,P2_candidate_clock,3,0,,
UC,42,R1,rolling_evaluation,P2_candidate_clock,4,0,,
UC,42,R1,rolling_evaluation,P2_candidate_clock,5,2984,0.3873994638069705,0.3776563359164811
UC,42,R1,rolling_evaluation,P2_candidate_clock,6,7340,0.4303814713896458,0.4344301681188258
UC,42,R1,rolling_evaluation,P2_candidate_clock,7,6496,0.4789100985221675,0.4973475217369527
UC,42,R1,rolling_evaluation,P2_candidate_clock,8,3744,0.5518162393162394,0.5638590527061939
UC,42,R1,rolling_evaluation,P2_candidate_clock,9,2613,0.6356678147722924,0.631867453546324
UC,42,R1,rolling_evaluation,P2_candidate_clock,10,2039,0.6871015203531142,0.6986721367023003
UC,42,R1,rolling_evaluation,P2_candidate_clock,11,1690,0.7473372781065089,0.765593490882144
UC,42,R1,rolling_evaluation,P2_candidate_clock,12,1299,0.8452655889145496,0.8333661092325035
UC,42,R1,rolling_evaluation,P2_candidate_clock,13,997,0.8906720160481444,0.8956888739283643
UC,42,R1,rolling_evaluation,P2_candidate_clock,14,201,0.9701492537313433,0.947735600102733
UC,42,R1,rolling_evaluation,P3_intersection,0,0,,
UC,42,R1,rolling_evaluation,P3_intersection,1,0,,
UC,42,R1,rolling_evaluation,P3_intersection,2,0,,
UC,42,R1,rolling_evaluation,P3_intersection,3,0,,
UC,42,R1,rolling_evaluation,P3_intersection,4,0,,
UC,42,R1,rolling_evaluation,P3_intersection,5,2957,0.3872167737571863,0.37765020543586336
UC,42,R1,rolling_evaluation,P3_intersection,6,7232,0.4323838495575221,0.4344481782256609
UC,42,R1,rolling_evaluation,P3_intersection,7,6369,0.4813942534149788,0.4972986968023294
UC,42,R1,rolling_evaluation,P3_intersection,8,3664,0.556495633187773,0.5639745160170149
UC,42,R1,rolling_evaluation,P3_intersection,9,2589,0.6373117033603708,0.6319173459532882
UC,42,R1,rolling_evaluation,P3_intersection,10,2032,0.6865157480314961,0.6986860887603579
UC,42,R1,rolling_evaluation,P3_intersection,11,1685,0.7477744807121661,0.7656452613541853
UC,42,R1,rolling_evaluation,P3_intersection,12,1297,0.8450269853508096,0.8333591289553537
UC,42,R1,rolling_evaluation,P3_intersection,13,995,0.8914572864321608,0.8956866435923687
UC,42,R1,rolling_evaluation,P3_intersection,14,201,0.9701492537313433,0.947735600102733
UC,42,R1,validation,P0_legacy,0,0,,
UC,42,R1,validation,P0_legacy,1,0,,
UC,42,R1,validation,P0_legacy,2,0,,
UC,42,R1,validation,P0_legacy,3,0,,
UC,42,R1,validation,P0_legacy,4,0,,
UC,42,R1,validation,P0_legacy,5,4759,0.38894725782727463,0.377511922993619
UC,42,R1,validation,P0_legacy,6,11739,0.4388789505068575,0.43509741760803
UC,42,R1,validation,P0_legacy,7,12066,0.48632521133764295,0.49796618843012563
UC,42,R1,validation,P0_legacy,8,6551,0.5704472599603114,0.5637361984266807
UC,42,R1,validation,P0_legacy,9,4564,0.6546888694127958,0.6315409623802024
UC,42,R1,validation,P0_legacy,10,3616,0.7118362831858407,0.6990995348662506
UC,42,R1,validation,P0_legacy,11,2840,0.7841549295774648,0.7656465835331897
UC,42,R1,validation,P0_legacy,12,2299,0.8421052631578947,0.8325934371372241
UC,42,R1,validation,P0_legacy,13,1506,0.8957503320053121,0.8971488638646797
UC,42,R1,validation,P0_legacy,14,334,0.9251497005988024,0.9483957201341722
UC,42,R1,validation,P1_valid_cache_endpoints,0,0,,
UC,42,R1,validation,P1_valid_cache_endpoints,1,0,,
UC,42,R1,validation,P1_valid_cache_endpoints,2,0,,
UC,42,R1,validation,P1_valid_cache_endpoints,3,0,,
UC,42,R1,validation,P1_valid_cache_endpoints,4,0,,
UC,42,R1,validation,P1_valid_cache_endpoints,5,4620,0.38896103896103895,0.37756125761754594
UC,42,R1,validation,P1_valid_cache_endpoints,6,11350,0.43876651982378856,0.4350144763688194
UC,42,R1,validation,P1_valid_cache_endpoints,7,11472,0.4939853556485356,0.4976010359425859
UC,42,R1,validation,P1_valid_cache_endpoints,8,6240,0.5721153846153846,0.5638877502003159
UC,42,R1,validation,P1_valid_cache_endpoints,9,4373,0.6521838554767894,0.6315442909006902
UC,42,R1,validation,P1_valid_cache_endpoints,10,3497,0.7066056619959966,0.6990875496908183
UC,42,R1,validation,P1_valid_cache_endpoints,11,2741,0.7767238234221088,0.7656376087144939
UC,42,R1,validation,P1_valid_cache_endpoints,12,2215,0.8361173814898419,0.8325561964400172
UC,42,R1,validation,P1_valid_cache_endpoints,13,1453,0.891947694425327,0.897058607926902
UC,42,R1,validation,P1_valid_cache_endpoints,14,319,0.9216300940438872,0.9482911804306801
UC,42,R1,validation,P2_candidate_clock,0,0,,
UC,42,R1,validation,P2_candidate_clock,1,0,,
UC,42,R1,validation,P2_candidate_clock,2,0,,
UC,42,R1,validation,P2_candidate_clock,3,0,,
UC,42,R1,validation,P2_candidate_clock,4,0,,
UC,42,R1,validation,P2_candidate_clock,5,4402,0.38891412994093594,0.3774905250241079
UC,42,R1,validation,P2_candidate_clock,6,10556,0.43861311102690415,0.4347568722755601
UC,42,R1,validation,P2_candidate_clock,7,9954,0.4890496282901346,0.4976658716485661
UC,42,R1,validation,P2_candidate_clock,8,5480,0.5711678832116789,0.5643225410511216
UC,42,R1,validation,P2_candidate_clock,9,3957,0.6487237806419004,0.6315327598197935
UC,42,R1,validation,P2_candidate_clock,10,3207,0.706267539756782,0.6990599466837807
UC,42,R1,validation,P2_candidate_clock,11,2511,0.7785742731979292,0.7656089772678255
UC,42,R1,validation,P2_candidate_clock,12,1997,0.8412618928392589,0.8325674562308663
UC,42,R1,validation,P2_candidate_clock,13,1307,0.891354246365723,0.8969395931442563
UC,42,R1,validation,P2_candidate_clock,14,288,0.9270833333333334,0.948436568851744
UC,42,R1,validation,P3_intersection,0,0,,
UC,42,R1,validation,P3_intersection,1,0,,
UC,42,R1,validation,P3_intersection,2,0,,
UC,42,R1,validation,P3_intersection,3,0,,
UC,42,R1,validation,P3_intersection,4,0,,
UC,42,R1,validation,P3_intersection,5,4351,0.3902551137669501,0.3775124609529844
UC,42,R1,validation,P3_intersection,6,10436,0.439440398620161,0.4347387481314938
UC,42,R1,validation,P3_intersection,7,9703,0.49726888591157375,0.49735900071336564
UC,42,R1,validation,P3_intersection,8,5385,0.5754874651810585,0.5644081340001315
UC,42,R1,validation,P3_intersection,9,3914,0.6520183955033214,0.6315503216734174
UC,42,R1,validation,P3_intersection,10,3179,0.7077697389116074,0.6990494683567463
UC,42,R1,validation,P3_intersection,11,2506,0.7785315243415802,0.7656432307038452
UC,42,R1,validation,P3_intersection,12,1991,0.8407835258663988,0.8325594725707169
UC,42,R1,validation,P3_intersection,13,1299,0.8906851424172441,0.8969079759271793
UC,42,R1,validation,P3_intersection,14,286,0.9265734265734266,0.948449080519351
UC,7,R1,rolling_evaluation,P0_legacy,0,0,,
UC,7,R1,rolling_evaluation,P0_legacy,1,0,,
UC,7,R1,rolling_evaluation,P0_legacy,2,0,,
UC,7,R1,rolling_evaluation,P0_legacy,3,0,,
UC,7,R1,rolling_evaluation,P0_legacy,4,0,,
UC,7,R1,rolling_evaluation,P0_legacy,5,3369,0.38023152270703475,0.377312059200117
UC,7,R1,rolling_evaluation,P0_legacy,6,8157,0.42822115974010055,0.4350455732212667
UC,7,R1,rolling_evaluation,P0_legacy,7,7260,0.47506887052341595,0.4974321796884463
UC,7,R1,rolling_evaluation,P0_legacy,8,4315,0.5643105446118193,0.5639518002602826
UC,7,R1,rolling_evaluation,P0_legacy,9,3181,0.6142722414335114,0.6323543766778107
UC,7,R1,rolling_evaluation,P0_legacy,10,2683,0.6768542676108833,0.6993374917619111
UC,7,R1,rolling_evaluation,P0_legacy,11,2152,0.7699814126394052,0.7658271860710636
UC,7,R1,rolling_evaluation,P0_legacy,12,1737,0.8393782383419689,0.8320548444838761
UC,7,R1,rolling_evaluation,P0_legacy,13,927,0.9072276159654801,0.8931086786936245
UC,7,R1,rolling_evaluation,P0_legacy,14,77,0.987012987012987,0.9414078858305567
UC,7,R1,rolling_evaluation,P1_valid_cache_endpoints,0,0,,
UC,7,R1,rolling_evaluation,P1_valid_cache_endpoints,1,0,,
UC,7,R1,rolling_evaluation,P1_valid_cache_endpoints,2,0,,
UC,7,R1,rolling_evaluation,P1_valid_cache_endpoints,3,0,,
UC,7,R1,rolling_evaluation,P1_valid_cache_endpoints,4,0,,
UC,7,R1,rolling_evaluation,P1_valid_cache_endpoints,5,3284,0.3803288672350792,0.3772675277128818
UC,7,R1,rolling_evaluation,P1_valid_cache_endpoints,6,7875,0.42857142857142855,0.43502870823345496
UC,7,R1,rolling_evaluation,P1_valid_cache_endpoints,7,6931,0.47482325782715334,0.4973226120641392
UC,7,R1,rolling_evaluation,P1_valid_cache_endpoints,8,4087,0.5603131881575728,0.5640093621381963
UC,7,R1,rolling_evaluation,P1_valid_cache_endpoints,9,3059,0.603792088917947,0.632342083458417
UC,7,R1,rolling_evaluation,P1_valid_cache_endpoints,10,2606,0.6680736761320031,0.6992951928005621
UC,7,R1,rolling_evaluation,P1_valid_cache_endpoints,11,2068,0.7611218568665378,0.7658046035616072
UC,7,R1,rolling_evaluation,P1_valid_cache_endpoints,12,1675,0.8334328358208956,0.8319922713354752
UC,7,R1,rolling_evaluation,P1_valid_cache_endpoints,13,897,0.9052396878483835,0.8930168562242998
UC,7,R1,rolling_evaluation,P1_valid_cache_endpoints,14,75,0.9866666666666667,0.9415643188149666
UC,7,R1,rolling_evaluation,P2_candidate_clock,0,0,,
UC,7,R1,rolling_evaluation,P2_candidate_clock,1,0,,
UC,7,R1,rolling_evaluation,P2_candidate_clock,2,0,,
UC,7,R1,rolling_evaluation,P2_candidate_clock,3,0,,
UC,7,R1,rolling_evaluation,P2_candidate_clock,4,0,,
UC,7,R1,rolling_evaluation,P2_candidate_clock,5,3139,0.3787830519273654,0.37740178859604295
UC,7,R1,rolling_evaluation,P2_candidate_clock,6,7157,0.42420008383400865,0.4343612889597735
UC,7,R1,rolling_evaluation,P2_candidate_clock,7,6073,0.47324221966079366,0.49755133650705513
UC,7,R1,rolling_evaluation,P2_candidate_clock,8,3684,0.5599891422366993,0.5641261902671687
UC,7,R1,rolling_evaluation,P2_candidate_clock,9,2774,0.6031002162941601,0.6323160883837834
UC,7,R1,rolling_evaluation,P2_candidate_clock,10,2357,0.6720407297411964,0.6993594772609882
UC,7,R1,rolling_evaluation,P2_candidate_clock,11,1859,0.7676169983862292,0.7659116215880144
UC,7,R1,rolling_evaluation,P2_candidate_clock,12,1498,0.8377837116154874,0.8321145721954739
UC,7,R1,rolling_evaluation,P2_candidate_clock,13,792,0.9078282828282829,0.8931598693217614
UC,7,R1,rolling_evaluation,P2_candidate_clock,14,70,0.9857142857142858,0.9420306502352823
UC,7,R1,rolling_evaluation,P3_intersection,0,0,,
UC,7,R1,rolling_evaluation,P3_intersection,1,0,,
UC,7,R1,rolling_evaluation,P3_intersection,2,0,,
UC,7,R1,rolling_evaluation,P3_intersection,3,0,,
UC,7,R1,rolling_evaluation,P3_intersection,4,0,,
UC,7,R1,rolling_evaluation,P3_intersection,5,3105,0.3780998389694042,0.37736729349673476
UC,7,R1,rolling_evaluation,P3_intersection,6,7030,0.4254623044096728,0.4343894596910729
UC,7,R1,rolling_evaluation,P3_intersection,7,5943,0.4766952717482753,0.4975724606130595
UC,7,R1,rolling_evaluation,P3_intersection,8,3619,0.5636916275214148,0.5642365158415332
UC,7,R1,rolling_evaluation,P3_intersection,9,2764,0.60383502170767,0.6323079538781561
UC,7,R1,rolling_evaluation,P3_intersection,10,2347,0.6714955262036643,0.6993587386635416
UC,7,R1,rolling_evaluation,P3_intersection,11,1855,0.7671159029649596,0.7659212601348151
UC,7,R1,rolling_evaluation,P3_intersection,12,1498,0.8377837116154874,0.8321145721954739
UC,7,R1,rolling_evaluation,P3_intersection,13,790,0.9088607594936708,0.8931688322457311
UC,7,R1,rolling_evaluation,P3_intersection,14,70,0.9857142857142858,0.9420306502352823
UC,7,R1,validation,P0_legacy,0,0,,
UC,7,R1,validation,P0_legacy,1,0,,
UC,7,R1,validation,P0_legacy,2,0,,
UC,7,R1,validation,P0_legacy,3,0,,
UC,7,R1,validation,P0_legacy,4,0,,
UC,7,R1,validation,P0_legacy,5,4985,0.39418254764292876,0.3771508207067187
UC,7,R1,validation,P0_legacy,6,12054,0.4335490293678447,0.43512249560452254
UC,7,R1,validation,P0_legacy,7,10914,0.4951438519332967,0.49720875238785717
UC,7,R1,validation,P0_legacy,8,6346,0.5664985817838009,0.5643634995731748
UC,7,R1,validation,P0_legacy,9,4626,0.6506701253782966,0.632453039605012
UC,7,R1,validation,P0_legacy,10,4059,0.7018970189701897,0.6992390847327102
UC,7,R1,validation,P0_legacy,11,3469,0.7843759008359757,0.7652110369035853
UC,7,R1,validation,P0_legacy,12,2531,0.8407743974713552,0.8304937773041265
UC,7,R1,validation,P0_legacy,13,1182,0.9018612521150592,0.8946600662331934
UC,7,R1,validation,P0_legacy,14,108,0.9722222222222222,0.9405403761391801
UC,7,R1,validation,P1_valid_cache_endpoints,0,0,,
UC,7,R1,validation,P1_valid_cache_endpoints,1,0,,
UC,7,R1,validation,P1_valid_cache_endpoints,2,0,,
UC,7,R1,validation,P1_valid_cache_endpoints,3,0,,
UC,7,R1,validation,P1_valid_cache_endpoints,4,0,,
UC,7,R1,validation,P1_valid_cache_endpoints,5,4865,0.39671120246659813,0.37718868066197886
UC,7,R1,validation,P1_valid_cache_endpoints,6,11546,0.4380737917893643,0.4350392084940752
UC,7,R1,validation,P1_valid_cache_endpoints,7,10408,0.49644504227517294,0.49709227780479226
UC,7,R1,validation,P1_valid_cache_endpoints,8,6071,0.5626750123538132,0.564408127001554
UC,7,R1,validation,P1_valid_cache_endpoints,9,4451,0.641428892383734,0.6324729079812353
UC,7,R1,validation,P1_valid_cache_endpoints,10,3927,0.6926406926406926,0.6992513935809622
UC,7,R1,validation,P1_valid_cache_endpoints,11,3346,0.7785415421398685,0.7652817660086029
UC,7,R1,validation,P1_valid_cache_endpoints,12,2425,0.8338144329896907,0.8304911885945457
UC,7,R1,validation,P1_valid_cache_endpoints,13,1135,0.8977973568281938,0.8945804722676673
UC,7,R1,validation,P1_valid_cache_endpoints,14,106,0.9716981132075472,0.940572315799996
UC,7,R1,validation,P2_candidate_clock,0,0,,
UC,7,R1,validation,P2_candidate_clock,1,0,,
UC,7,R1,validation,P2_candidate_clock,2,0,,
UC,7,R1,validation,P2_candidate_clock,3,0,,
UC,7,R1,validation,P2_candidate_clock,4,0,,
UC,7,R1,validation,P2_candidate_clock,5,4630,0.39892008639308857,0.3771665219109004
UC,7,R1,validation,P2_candidate_clock,6,10541,0.43278626316288776,0.43454601613267835
UC,7,R1,validation,P2_candidate_clock,7,9140,0.49190371991247267,0.49731000623757887
UC,7,R1,validation,P2_candidate_clock,8,5448,0.5653450807635829,0.5645212374317832
UC,7,R1,validation,P2_candidate_clock,9,4044,0.6411968348170128,0.6326845299431043
UC,7,R1,validation,P2_candidate_clock,10,3494,0.6940469376073268,0.6991745608545102
UC,7,R1,validation,P2_candidate_clock,11,3057,0.7841020608439647,0.7651999194163024
UC,7,R1,validation,P2_candidate_clock,12,2204,0.8339382940108893,0.8304606585149608
UC,7,R1,validation,P2_candidate_clock,13,1001,0.9020979020979021,0.8946561108979256
UC,7,R1,validation,P2_candidate_clock,14,100,0.97,0.9405904615150922
UC,7,R1,validation,P3_intersection,0,0,,
UC,7,R1,validation,P3_intersection,1,0,,
UC,7,R1,validation,P3_intersection,2,0,,
UC,7,R1,validation,P3_intersection,3,0,,
UC,7,R1,validation,P3_intersection,4,0,,
UC,7,R1,validation,P3_intersection,5,4580,0.4,0.3771927599665373
UC,7,R1,validation,P3_intersection,6,10295,0.438465274405051,0.43449200869131205
UC,7,R1,validation,P3_intersection,7,8950,0.4958659217877095,0.4972554982311343
UC,7,R1,validation,P3_intersection,8,5391,0.5677981821554443,0.5645571102373317
UC,7,R1,validation,P3_intersection,9,4019,0.6419507340134362,0.6326854105922886
UC,7,R1,validation,P3_intersection,10,3482,0.6938541068351523,0.699166233956372
UC,7,R1,validation,P3_intersection,11,3042,0.7850098619329389,0.7652657543294726
UC,7,R1,validation,P3_intersection,12,2194,0.8331814038286235,0.8304403290029132
UC,7,R1,validation,P3_intersection,13,997,0.9017051153460381,0.8946554601028569
UC,7,R1,validation,P3_intersection,14,100,0.97,0.9405904615150922
UC,123,R1,rolling_evaluation,P0_legacy,0,0,,
UC,123,R1,rolling_evaluation,P0_legacy,1,0,,
UC,123,R1,rolling_evaluation,P0_legacy,2,0,,
UC,123,R1,rolling_evaluation,P0_legacy,3,0,,
UC,123,R1,rolling_evaluation,P0_legacy,4,0,,
UC,123,R1,rolling_evaluation,P0_legacy,5,3122,0.3712363869314542,0.3771126553286139
UC,123,R1,rolling_evaluation,P0_legacy,6,7758,0.4211136890951276,0.43514165091671425
UC,123,R1,rolling_evaluation,P0_legacy,7,7168,0.4732142857142857,0.4974304285432514
UC,123,R1,rolling_evaluation,P0_legacy,8,4242,0.5393682225365394,0.5643072996139786
UC,123,R1,rolling_evaluation,P0_legacy,9,3066,0.6082844096542727,0.6326180836632411
UC,123,R1,rolling_evaluation,P0_legacy,10,2516,0.6534181240063593,0.6997121334270809
UC,123,R1,rolling_evaluation,P0_legacy,11,2175,0.7457471264367816,0.7657372222688589
UC,123,R1,rolling_evaluation,P0_legacy,12,1854,0.7912621359223301,0.8324687268606897
UC,123,R1,rolling_evaluation,P0_legacy,13,1569,0.8738049713193117,0.8972209913115217
UC,123,R1,rolling_evaluation,P0_legacy,14,388,0.9458762886597938,0.9481498129622303
UC,123,R1,rolling_evaluation,P1_valid_cache_endpoints,0,0,,
UC,123,R1,rolling_evaluation,P1_valid_cache_endpoints,1,0,,
UC,123,R1,rolling_evaluation,P1_valid_cache_endpoints,2,0,,
UC,123,R1,rolling_evaluation,P1_valid_cache_endpoints,3,0,,
UC,123,R1,rolling_evaluation,P1_valid_cache_endpoints,4,0,,
UC,123,R1,rolling_evaluation,P1_valid_cache_endpoints,5,3034,0.3701384311140409,0.37708235910992394
UC,123,R1,rolling_evaluation,P1_valid_cache_endpoints,6,7483,0.42269143391687825,0.435039035124358
UC,123,R1,rolling_evaluation,P1_valid_cache_endpoints,7,6866,0.4723274104281969,0.49733084799443117
UC,123,R1,rolling_evaluation,P1_valid_cache_endpoints,8,4035,0.5368029739776952,0.5643862032894437
UC,123,R1,rolling_evaluation,P1_valid_cache_endpoints,9,2913,0.6000686577411604,0.6328242502214244
UC,123,R1,rolling_evaluation,P1_valid_cache_endpoints,10,2436,0.6444991789819376,0.69974375962797
UC,123,R1,rolling_evaluation,P1_valid_cache_endpoints,11,2112,0.7386363636363636,0.7657103712462826
UC,123,R1,rolling_evaluation,P1_valid_cache_endpoints,12,1783,0.7829500841278744,0.8323998727861707
UC,123,R1,rolling_evaluation,P1_valid_cache_endpoints,13,1520,0.8703947368421052,0.8972849311782511
UC,123,R1,rolling_evaluation,P1_valid_cache_endpoints,14,375,0.944,0.9481334460361613
UC,123,R1,rolling_evaluation,P2_candidate_clock,0,0,,
UC,123,R1,rolling_evaluation,P2_candidate_clock,1,0,,
UC,123,R1,rolling_evaluation,P2_candidate_clock,2,0,,
UC,123,R1,rolling_evaluation,P2_candidate_clock,3,0,,
UC,123,R1,rolling_evaluation,P2_candidate_clock,4,0,,
UC,123,R1,rolling_evaluation,P2_candidate_clock,5,2841,0.3671242520239352,0.3770873752713226
UC,123,R1,rolling_evaluation,P2_candidate_clock,6,6769,0.4236962623725809,0.4345094213989171
UC,123,R1,rolling_evaluation,P2_candidate_clock,7,6022,0.4714380604450349,0.497582945633815
UC,123,R1,rolling_evaluation,P2_candidate_clock,8,3653,0.5335340815767862,0.5642976370765043
UC,123,R1,rolling_evaluation,P2_candidate_clock,9,2685,0.5996275605214153,0.6326462006716164
UC,123,R1,rolling_evaluation,P2_candidate_clock,10,2221,0.65015758667267,0.6998484584041342
UC,123,R1,rolling_evaluation,P2_candidate_clock,11,1925,0.7412987012987013,0.765655362145922
UC,123,R1,rolling_evaluation,P2_candidate_clock,12,1607,0.7853142501555694,0.8323750746524385
UC,123,R1,rolling_evaluation,P2_candidate_clock,13,1347,0.8752783964365256,0.8973902666788134
UC,123,R1,rolling_evaluation,P2_candidate_clock,14,333,0.948948948948949,0.9477087986849891
UC,123,R1,rolling_evaluation,P3_intersection,0,0,,
UC,123,R1,rolling_evaluation,P3_intersection,1,0,,
UC,123,R1,rolling_evaluation,P3_intersection,2,0,,
UC,123,R1,rolling_evaluation,P3_intersection,3,0,,
UC,123,R1,rolling_evaluation,P3_intersection,4,0,,
UC,123,R1,rolling_evaluation,P3_intersection,5,2811,0.368196371398079,0.37705023688273565
UC,123,R1,rolling_evaluation,P3_intersection,6,6649,0.425477515415852,0.4344144441888629
UC,123,R1,rolling_evaluation,P3_intersection,7,5921,0.4728930923830434,0.4975613653067233
UC,123,R1,rolling_evaluation,P3_intersection,8,3578,0.5374510899944103,0.564306683026594
UC,123,R1,rolling_evaluation,P3_intersection,9,2648,0.6012084592145015,0.6327629666377556
UC,123,R1,rolling_evaluation,P3_intersection,10,2210,0.6502262443438914,0.6998622736988303
UC,123,R1,rolling_evaluation,P3_intersection,11,1922,0.740894901144641,0.76565829927973
UC,123,R1,rolling_evaluation,P3_intersection,12,1604,0.7849127182044888,0.8324062607733601
UC,123,R1,rolling_evaluation,P3_intersection,13,1345,0.8758364312267658,0.8973949444143319
UC,123,R1,rolling_evaluation,P3_intersection,14,333,0.948948948948949,0.9477087986849891
UC,123,R1,validation,P0_legacy,0,0,,
UC,123,R1,validation,P0_legacy,1,0,,
UC,123,R1,validation,P0_legacy,2,0,,
UC,123,R1,validation,P0_legacy,3,0,,
UC,123,R1,validation,P0_legacy,4,0,,
UC,123,R1,validation,P0_legacy,5,4591,0.39316053147462426,0.37736029200741567
UC,123,R1,validation,P0_legacy,6,11130,0.4247079964061096,0.4352097944140553
UC,123,R1,validation,P0_legacy,7,10849,0.4885242879528067,0.4974724090047783
UC,123,R1,validation,P0_legacy,8,6362,0.5446400502986483,0.5639125827780319
UC,123,R1,validation,P0_legacy,9,4538,0.6326575583957691,0.6319554535173939
UC,123,R1,validation,P0_legacy,10,4029,0.6837925043435096,0.6990835262913141
UC,123,R1,validation,P0_legacy,11,3429,0.7471566054243219,0.7658810331821957
UC,123,R1,validation,P0_legacy,12,2730,0.819047619047619,0.8325298825359273
UC,123,R1,validation,P0_legacy,13,2060,0.8723300970873786,0.8977138004515265
UC,123,R1,validation,P0_legacy,14,556,0.9280575539568345,0.94965243187822
UC,123,R1,validation,P1_valid_cache_endpoints,0,0,,
UC,123,R1,validation,P1_valid_cache_endpoints,1,0,,
UC,123,R1,validation,P1_valid_cache_endpoints,2,0,,
UC,123,R1,validation,P1_valid_cache_endpoints,3,0,,
UC,123,R1,validation,P1_valid_cache_endpoints,4,0,,
UC,123,R1,validation,P1_valid_cache_endpoints,5,4464,0.39381720430107525,0.37733348091094904
UC,123,R1,validation,P1_valid_cache_endpoints,6,10764,0.4241917502787068,0.4351934919040174
UC,123,R1,validation,P1_valid_cache_endpoints,7,10288,0.49640357698289267,0.4971838769182283
UC,123,R1,validation,P1_valid_cache_endpoints,8,6043,0.5447625351646533,0.5639972358635493
UC,123,R1,validation,P1_valid_cache_endpoints,9,4350,0.6259770114942529,0.6319458130380681
UC,123,R1,validation,P1_valid_cache_endpoints,10,3911,0.6765533111736128,0.6990782295823041
UC,123,R1,validation,P1_valid_cache_endpoints,11,3306,0.7386569872958257,0.7658711225281366
UC,123,R1,validation,P1_valid_cache_endpoints,12,2638,0.8127369219105383,0.8324086310882404
UC,123,R1,validation,P1_valid_cache_endpoints,13,1986,0.8675730110775428,0.8977480897225322
UC,123,R1,validation,P1_valid_cache_endpoints,14,530,0.9245283018867925,0.9496902289791211
UC,123,R1,validation,P2_candidate_clock,0,0,,
UC,123,R1,validation,P2_candidate_clock,1,0,,
UC,123,R1,validation,P2_candidate_clock,2,0,,
UC,123,R1,validation,P2_candidate_clock,3,0,,
UC,123,R1,validation,P2_candidate_clock,4,0,,
UC,123,R1,validation,P2_candidate_clock,5,4171,0.39391033325341646,0.3772968123862252
UC,123,R1,validation,P2_candidate_clock,6,9751,0.4248794995385089,0.4346735051228659
UC,123,R1,validation,P2_candidate_clock,7,9078,0.49250936329588013,0.4976087772156801
UC,123,R1,validation,P2_candidate_clock,8,5496,0.5423944687045124,0.5640299634616471
UC,123,R1,validation,P2_candidate_clock,9,3970,0.6221662468513854,0.6320433281594267
UC,123,R1,validation,P2_candidate_clock,10,3524,0.6767877412031782,0.6989476808255156
UC,123,R1,validation,P2_candidate_clock,11,3013,0.741121805509459,0.7658371256035252
UC,123,R1,validation,P2_candidate_clock,12,2410,0.8195020746887967,0.8324325203095193
UC,123,R1,validation,P2_candidate_clock,13,1772,0.8707674943566591,0.8976667483904648
UC,123,R1,validation,P2_candidate_clock,14,474,0.9261603375527426,0.949719003316987
UC,123,R1,validation,P3_intersection,0,0,,
UC,123,R1,validation,P3_intersection,1,0,,
UC,123,R1,validation,P3_intersection,2,0,,
UC,123,R1,validation,P3_intersection,3,0,,
UC,123,R1,validation,P3_intersection,4,0,,
UC,123,R1,validation,P3_intersection,5,4136,0.39361702127659576,0.3772941420101266
UC,123,R1,validation,P3_intersection,6,9621,0.4252156740463569,0.434673772355112
UC,123,R1,validation,P3_intersection,7,8837,0.501188186035985,0.4974339014857189
UC,123,R1,validation,P3_intersection,8,5381,0.5471102025645791,0.5641050231584693
UC,123,R1,validation,P3_intersection,9,3931,0.6247774103281608,0.6320556154378155
UC,123,R1,validation,P3_intersection,10,3502,0.6767561393489434,0.6989600640557949
UC,123,R1,validation,P3_intersection,11,3002,0.7411725516322452,0.765849562697555
UC,123,R1,validation,P3_intersection,12,2404,0.8190515806988353,0.8324353349816354
UC,123,R1,validation,P3_intersection,13,1766,0.8703284258210645,0.8976095064669941
UC,123,R1,validation,P3_intersection,14,470,0.925531914893617,0.9497641741566744
UM_V2_DEPTH,42,main,development_holdout,P0_legacy,0,0,,
UM_V2_DEPTH,42,main,development_holdout,P0_legacy,1,0,,
UM_V2_DEPTH,42,main,development_holdout,P0_legacy,2,0,,
UM_V2_DEPTH,42,main,development_holdout,P0_legacy,3,0,,
UM_V2_DEPTH,42,main,development_holdout,P0_legacy,4,0,,
UM_V2_DEPTH,42,main,development_holdout,P0_legacy,5,9398,0.381464141306661,0.37742358036443013
UM_V2_DEPTH,42,main,development_holdout,P0_legacy,6,21902,0.42671902109396403,0.43494948661134974
UM_V2_DEPTH,42,main,development_holdout,P0_legacy,7,21966,0.47751069835199855,0.49829808887159455
UM_V2_DEPTH,42,main,development_holdout,P0_legacy,8,14283,0.5420429881677519,0.5642486792481886
UM_V2_DEPTH,42,main,development_holdout,P0_legacy,9,9553,0.612791793153983,0.6314100587650642
UM_V2_DEPTH,42,main,development_holdout,P0_legacy,10,7708,0.6642449403217436,0.6989312246308952
UM_V2_DEPTH,42,main,development_holdout,P0_legacy,11,6406,0.734779893849516,0.7657726136778253
UM_V2_DEPTH,42,main,development_holdout,P0_legacy,12,5423,0.8032454361054767,0.8322149205365819
UM_V2_DEPTH,42,main,development_holdout,P0_legacy,13,3893,0.873876188029797,0.8971183129212134
UM_V2_DEPTH,42,main,development_holdout,P0_legacy,14,1042,0.9500959692898272,0.9517418915737348
UM_V2_DEPTH,42,main,development_holdout,P1_valid_cache_endpoints,0,0,,
UM_V2_DEPTH,42,main,development_holdout,P1_valid_cache_endpoints,1,0,,
UM_V2_DEPTH,42,main,development_holdout,P1_valid_cache_endpoints,2,0,,
UM_V2_DEPTH,42,main,development_holdout,P1_valid_cache_endpoints,3,0,,
UM_V2_DEPTH,42,main,development_holdout,P1_valid_cache_endpoints,4,0,,
UM_V2_DEPTH,42,main,development_holdout,P1_valid_cache_endpoints,5,9024,0.38231382978723405,0.3773650230219971
UM_V2_DEPTH,42,main,development_holdout,P1_valid_cache_endpoints,6,20904,0.42766934557979336,0.43492339268358626
UM_V2_DEPTH,42,main,development_holdout,P1_valid_cache_endpoints,7,20839,0.47938960602716063,0.4983152856952893
UM_V2_DEPTH,42,main,development_holdout,P1_valid_cache_endpoints,8,13556,0.539244614930658,0.564327672900164
UM_V2_DEPTH,42,main,development_holdout,P1_valid_cache_endpoints,9,9186,0.6045068582625734,0.6314324829259576
UM_V2_DEPTH,42,main,development_holdout,P1_valid_cache_endpoints,10,7446,0.6545796400752082,0.698877139667078
UM_V2_DEPTH,42,main,development_holdout,P1_valid_cache_endpoints,11,6194,0.7266709719082983,0.7657596343672396
UM_V2_DEPTH,42,main,development_holdout,P1_valid_cache_endpoints,12,5235,0.796370582617001,0.8321864142601946
UM_V2_DEPTH,42,main,development_holdout,P1_valid_cache_endpoints,13,3761,0.8699813879287424,0.8970544748897706
UM_V2_DEPTH,42,main,development_holdout,P1_valid_cache_endpoints,14,1011,0.9485657764589516,0.9517616805418805
UM_V2_DEPTH,42,main,development_holdout,P2_candidate_clock,0,0,,
UM_V2_DEPTH,42,main,development_holdout,P2_candidate_clock,1,0,,
UM_V2_DEPTH,42,main,development_holdout,P2_candidate_clock,2,0,,
UM_V2_DEPTH,42,main,development_holdout,P2_candidate_clock,3,0,,
UM_V2_DEPTH,42,main,development_holdout,P2_candidate_clock,4,0,,
UM_V2_DEPTH,42,main,development_holdout,P2_candidate_clock,5,8703,0.3799839135930139,0.37747129636713644
UM_V2_DEPTH,42,main,development_holdout,P2_candidate_clock,6,19924,0.4276751656293917,0.43461780863282273
UM_V2_DEPTH,42,main,development_holdout,P2_candidate_clock,7,18724,0.47772911770989107,0.49781222242763523
UM_V2_DEPTH,42,main,development_holdout,P2_candidate_clock,8,11520,0.5423611111111111,0.564367449655532
UM_V2_DEPTH,42,main,development_holdout,P2_candidate_clock,9,8021,0.608153596808378,0.6316732295988089
UM_V2_DEPTH,42,main,development_holdout,P2_candidate_clock,10,6762,0.6585329784087548,0.6989657893039763
UM_V2_DEPTH,42,main,development_holdout,P2_candidate_clock,11,5590,0.730948121645796,0.7658506678485947
UM_V2_DEPTH,42,main,development_holdout,P2_candidate_clock,12,4698,0.803107705406556,0.8322454131068036
UM_V2_DEPTH,42,main,development_holdout,P2_candidate_clock,13,3347,0.8754108156558111,0.8971658193433308
UM_V2_DEPTH,42,main,development_holdout,P2_candidate_clock,14,920,0.95,0.9518970205983828
UM_V2_DEPTH,42,main,development_holdout,P3_intersection,0,0,,
UM_V2_DEPTH,42,main,development_holdout,P3_intersection,1,0,,
UM_V2_DEPTH,42,main,development_holdout,P3_intersection,2,0,,
UM_V2_DEPTH,42,main,development_holdout,P3_intersection,3,0,,
UM_V2_DEPTH,42,main,development_holdout,P3_intersection,4,0,,
UM_V2_DEPTH,42,main,development_holdout,P3_intersection,5,8503,0.3811595907326826,0.3773836368824177
UM_V2_DEPTH,42,main,development_holdout,P3_intersection,6,19397,0.43022116822189,0.43461096448042336
UM_V2_DEPTH,42,main,development_holdout,P3_intersection,7,18193,0.4830978947947013,0.4978752065565224
UM_V2_DEPTH,42,main,development_holdout,P3_intersection,8,11271,0.5462691864075947,0.564441976722994
UM_V2_DEPTH,42,main,development_holdout,P3_intersection,9,7967,0.609012175222794,0.6316934328420647
UM_V2_DEPTH,42,main,development_holdout,P3_intersection,10,6732,0.6587938205585264,0.6989469037734756
UM_V2_DEPTH,42,main,development_holdout,P3_intersection,11,5581,0.7314101415516933,0.7658606287748737
UM_V2_DEPTH,42,main,development_holdout,P3_intersection,12,4687,0.8028589716236398,0.8322368637315386
UM_V2_DEPTH,42,main,development_holdout,P3_intersection,13,3339,0.8757112908056305,0.8971421924384717
UM_V2_DEPTH,42,main,development_holdout,P3_intersection,14,918,0.9498910675381264,0.9519069638456853
UM_V2_DEPTH,42,main,validation,P0_legacy,0,0,,
UM_V2_DEPTH,42,main,validation,P0_legacy,1,0,,
UM_V2_DEPTH,42,main,validation,P0_legacy,2,0,,
UM_V2_DEPTH,42,main,validation,P0_legacy,3,0,,
UM_V2_DEPTH,42,main,validation,P0_legacy,4,0,,
UM_V2_DEPTH,42,main,validation,P0_legacy,5,4424,0.38788426763110306,0.37704537633744006
UM_V2_DEPTH,42,main,validation,P0_legacy,6,10638,0.43438616281255876,0.43509586948469203
UM_V2_DEPTH,42,main,validation,P0_legacy,7,10871,0.4798086652561862,0.49838590733391785
UM_V2_DEPTH,42,main,validation,P0_legacy,8,7118,0.5339983141331834,0.563719580252161
UM_V2_DEPTH,42,main,validation,P0_legacy,9,4909,0.6243634141372988,0.6315685317001334
UM_V2_DEPTH,42,main,validation,P0_legacy,10,3914,0.6921308124680634,0.6996336404259076
UM_V2_DEPTH,42,main,validation,P0_legacy,11,3382,0.7581312832643406,0.7653845702383949
UM_V2_DEPTH,42,main,validation,P0_legacy,12,2775,0.8263063063063063,0.8312807331472633
UM_V2_DEPTH,42,main,validation,P0_legacy,13,1887,0.8839427662957074,0.8960782910107107
UM_V2_DEPTH,42,main,validation,P0_legacy,14,356,0.9353932584269663,0.9463198469015857
UM_V2_DEPTH,42,main,validation,P1_valid_cache_endpoints,0,0,,
UM_V2_DEPTH,42,main,validation,P1_valid_cache_endpoints,1,0,,
UM_V2_DEPTH,42,main,validation,P1_valid_cache_endpoints,2,0,,
UM_V2_DEPTH,42,main,validation,P1_valid_cache_endpoints,3,0,,
UM_V2_DEPTH,42,main,validation,P1_valid_cache_endpoints,4,0,,
UM_V2_DEPTH,42,main,validation,P1_valid_cache_endpoints,5,4304,0.38894052044609667,0.3770829255871183
UM_V2_DEPTH,42,main,validation,P1_valid_cache_endpoints,6,10285,0.43471074380165287,0.4350508968458692
UM_V2_DEPTH,42,main,validation,P1_valid_cache_endpoints,7,10362,0.4830148619957537,0.498396259062543
UM_V2_DEPTH,42,main,validation,P1_valid_cache_endpoints,8,6758,0.5343296833382658,0.5637246011237492
UM_V2_DEPTH,42,main,validation,P1_valid_cache_endpoints,9,4713,0.6206238064926798,0.6316960603740392
UM_V2_DEPTH,42,main,validation,P1_valid_cache_endpoints,10,3778,0.683430386447856,0.6996599536728448
UM_V2_DEPTH,42,main,validation,P1_valid_cache_endpoints,11,3269,0.7503823799327012,0.7654194602421935
UM_V2_DEPTH,42,main,validation,P1_valid_cache_endpoints,12,2670,0.8198501872659176,0.8313616876165278
UM_V2_DEPTH,42,main,validation,P1_valid_cache_endpoints,13,1804,0.8786031042128604,0.8960937841065146
UM_V2_DEPTH,42,main,validation,P1_valid_cache_endpoints,14,337,0.9317507418397626,0.9462769665328029
UM_V2_DEPTH,42,main,validation,P2_candidate_clock,0,0,,
UM_V2_DEPTH,42,main,validation,P2_candidate_clock,1,0,,
UM_V2_DEPTH,42,main,validation,P2_candidate_clock,2,0,,
UM_V2_DEPTH,42,main,validation,P2_candidate_clock,3,0,,
UM_V2_DEPTH,42,main,validation,P2_candidate_clock,4,0,,
UM_V2_DEPTH,42,main,validation,P2_candidate_clock,5,4131,0.38755749213265556,0.3770945000345896
UM_V2_DEPTH,42,main,validation,P2_candidate_clock,6,9693,0.4355720623130094,0.43486404734167133
UM_V2_DEPTH,42,main,validation,P2_candidate_clock,7,9286,0.48190824897695456,0.49813217735382315
UM_V2_DEPTH,42,main,validation,P2_candidate_clock,8,5738,0.5315440920181248,0.5635431976464224
UM_V2_DEPTH,42,main,validation,P2_candidate_clock,9,4126,0.6221522055259331,0.6319683384998462
UM_V2_DEPTH,42,main,validation,P2_candidate_clock,10,3409,0.6864183044881197,0.6996842046558275
UM_V2_DEPTH,42,main,validation,P2_candidate_clock,11,2962,0.7538825118163404,0.7655428509764156
UM_V2_DEPTH,42,main,validation,P2_candidate_clock,12,2405,0.8257796257796258,0.8312988994236838
UM_V2_DEPTH,42,main,validation,P2_candidate_clock,13,1604,0.8821695760598504,0.8962507916619914
UM_V2_DEPTH,42,main,validation,P2_candidate_clock,14,305,0.9377049180327869,0.9466410676911247
UM_V2_DEPTH,42,main,validation,P3_intersection,0,0,,
UM_V2_DEPTH,42,main,validation,P3_intersection,1,0,,
UM_V2_DEPTH,42,main,validation,P3_intersection,2,0,,
UM_V2_DEPTH,42,main,validation,P3_intersection,3,0,,
UM_V2_DEPTH,42,main,validation,P3_intersection,4,0,,
UM_V2_DEPTH,42,main,validation,P3_intersection,5,4077,0.3875398577385332,0.3771069641216635
UM_V2_DEPTH,42,main,validation,P3_intersection,6,9549,0.43711383390930986,0.43486448814514256
UM_V2_DEPTH,42,main,validation,P3_intersection,7,9076,0.4876597620096959,0.4980851767276598
UM_V2_DEPTH,42,main,validation,P3_intersection,8,5611,0.5376938157191231,0.5636725371454028
UM_V2_DEPTH,42,main,validation,P3_intersection,9,4095,0.6246642246642247,0.6319937874866801
UM_V2_DEPTH,42,main,validation,P3_intersection,10,3394,0.6873895109015911,0.6996968893294178
UM_V2_DEPTH,42,main,validation,P3_intersection,11,2951,0.7536428329379872,0.7655957407983853
UM_V2_DEPTH,42,main,validation,P3_intersection,12,2398,0.8252710592160133,0.8313001092451453
UM_V2_DEPTH,42,main,validation,P3_intersection,13,1597,0.8816530995616781,0.8961909789051951
UM_V2_DEPTH,42,main,validation,P3_intersection,14,302,0.9370860927152318,0.9466106099525229
UM_V2_DEPTH,7,main,development_holdout,P0_legacy,0,0,,
UM_V2_DEPTH,7,main,development_holdout,P0_legacy,1,0,,
UM_V2_DEPTH,7,main,development_holdout,P0_legacy,2,0,,
UM_V2_DEPTH,7,main,development_holdout,P0_legacy,3,0,,
UM_V2_DEPTH,7,main,development_holdout,P0_legacy,4,0,,
UM_V2_DEPTH,7,main,development_holdout,P0_legacy,5,9573,0.37793795048574114,0.37717535351546344
UM_V2_DEPTH,7,main,development_holdout,P0_legacy,6,22599,0.42864728527810964,0.43498471442515846
UM_V2_DEPTH,7,main,development_holdout,P0_legacy,7,22763,0.4784079427140535,0.49805920785191937
UM_V2_DEPTH,7,main,development_holdout,P0_legacy,8,14552,0.5488592633315008,0.5641589596533118
UM_V2_DEPTH,7,main,development_holdout,P0_legacy,9,9724,0.6283422459893048,0.6317277537732082
UM_V2_DEPTH,7,main,development_holdout,P0_legacy,10,7193,0.6767690810510218,0.6983966967186901
UM_V2_DEPTH,7,main,development_holdout,P0_legacy,11,5917,0.7524083150245057,0.7654633474604546
UM_V2_DEPTH,7,main,development_holdout,P0_legacy,12,4839,0.8160777020045464,0.8318034944336162
UM_V2_DEPTH,7,main,development_holdout,P0_legacy,13,3377,0.8738525318329878,0.8971394888372096
UM_V2_DEPTH,7,main,development_holdout,P0_legacy,14,1037,0.9459980713596914,0.9505563241216636
UM_V2_DEPTH,7,main,development_holdout,P1_valid_cache_endpoints,0,0,,
UM_V2_DEPTH,7,main,development_holdout,P1_valid_cache_endpoints,1,0,,
UM_V2_DEPTH,7,main,development_holdout,P1_valid_cache_endpoints,2,0,,
UM_V2_DEPTH,7,main,development_holdout,P1_valid_cache_endpoints,3,0,,
UM_V2_DEPTH,7,main,development_holdout,P1_valid_cache_endpoints,4,0,,
UM_V2_DEPTH,7,main,development_holdout,P1_valid_cache_endpoints,5,9212,0.37885366912722535,0.3771615877253061
UM_V2_DEPTH,7,main,development_holdout,P1_valid_cache_endpoints,6,21608,0.42882265827471305,0.4349614082927855
UM_V2_DEPTH,7,main,development_holdout,P1_valid_cache_endpoints,7,21579,0.48148663052041335,0.49802585024370644
UM_V2_DEPTH,7,main,development_holdout,P1_valid_cache_endpoints,8,13814,0.549514984798031,0.5642097252567726
UM_V2_DEPTH,7,main,development_holdout,P1_valid_cache_endpoints,9,9328,0.6241423670668954,0.6318823774758974
UM_V2_DEPTH,7,main,development_holdout,P1_valid_cache_endpoints,10,6936,0.669405997693195,0.6984468537114823
UM_V2_DEPTH,7,main,development_holdout,P1_valid_cache_endpoints,11,5722,0.7448444599790283,0.7654930512468723
UM_V2_DEPTH,7,main,development_holdout,P1_valid_cache_endpoints,12,4679,0.8100021372088053,0.8317705421033732
UM_V2_DEPTH,7,main,development_holdout,P1_valid_cache_endpoints,13,3273,0.8704552398411244,0.897142618602978
UM_V2_DEPTH,7,main,development_holdout,P1_valid_cache_endpoints,14,1005,0.9442786069651742,0.9505872208489697
UM_V2_DEPTH,7,main,development_holdout,P2_candidate_clock,0,0,,
UM_V2_DEPTH,7,main,development_holdout,P2_candidate_clock,1,0,,
UM_V2_DEPTH,7,main,development_holdout,P2_candidate_clock,2,0,,
UM_V2_DEPTH,7,main,development_holdout,P2_candidate_clock,3,0,,
UM_V2_DEPTH,7,main,development_holdout,P2_candidate_clock,4,0,,
UM_V2_DEPTH,7,main,development_holdout,P2_candidate_clock,5,8772,0.37790697674418605,0.37714306705380446
UM_V2_DEPTH,7,main,development_holdout,P2_candidate_clock,6,20177,0.4269713039599544,0.4346248879984843
UM_V2_DEPTH,7,main,development_holdout,P2_candidate_clock,7,19362,0.47949591984299145,0.49792217077184125
UM_V2_DEPTH,7,main,development_holdout,P2_candidate_clock,8,12089,0.5466953428736868,0.564260915228476
UM_V2_DEPTH,7,main,development_holdout,P2_candidate_clock,9,8219,0.6245285314515148,0.6319602008780748
UM_V2_DEPTH,7,main,development_holdout,P2_candidate_clock,10,6293,0.6729699666295884,0.6985389670727703
UM_V2_DEPTH,7,main,development_holdout,P2_candidate_clock,11,5194,0.7479784366576819,0.7654275753859199
UM_V2_DEPTH,7,main,development_holdout,P2_candidate_clock,12,4219,0.8151220668404835,0.8318207031915967
UM_V2_DEPTH,7,main,development_holdout,P2_candidate_clock,13,2969,0.8726844055237454,0.8972048281075389
UM_V2_DEPTH,7,main,development_holdout,P2_candidate_clock,14,915,0.9486338797814208,0.9506451452517165
UM_V2_DEPTH,7,main,development_holdout,P3_intersection,0,0,,
UM_V2_DEPTH,7,main,development_holdout,P3_intersection,1,0,,
UM_V2_DEPTH,7,main,development_holdout,P3_intersection,2,0,,
UM_V2_DEPTH,7,main,development_holdout,P3_intersection,3,0,,
UM_V2_DEPTH,7,main,development_holdout,P3_intersection,4,0,,
UM_V2_DEPTH,7,main,development_holdout,P3_intersection,5,8606,0.3783406925400883,0.37712655533930967
UM_V2_DEPTH,7,main,development_holdout,P3_intersection,6,19696,0.42866571892770106,0.4346162141747857
UM_V2_DEPTH,7,main,development_holdout,P3_intersection,7,18859,0.48433108860491014,0.49789195227909566
UM_V2_DEPTH,7,main,development_holdout,P3_intersection,8,11794,0.5526538918093946,0.564322222799364
UM_V2_DEPTH,7,main,development_holdout,P3_intersection,9,8118,0.6268785415126878,0.6320299705947585
UM_V2_DEPTH,7,main,development_holdout,P3_intersection,10,6248,0.6739756722151088,0.698539764362039
UM_V2_DEPTH,7,main,development_holdout,P3_intersection,11,5183,0.7484082577657727,0.7654490465472186
UM_V2_DEPTH,7,main,development_holdout,P3_intersection,12,4212,0.8150522317188984,0.8317972229102569
UM_V2_DEPTH,7,main,development_holdout,P3_intersection,13,2959,0.8729300439337614,0.897196675922514
UM_V2_DEPTH,7,main,development_holdout,P3_intersection,14,913,0.9485213581599123,0.9506493938606251
UM_V2_DEPTH,7,main,validation,P0_legacy,0,0,,
UM_V2_DEPTH,7,main,validation,P0_legacy,1,0,,
UM_V2_DEPTH,7,main,validation,P0_legacy,2,0,,
UM_V2_DEPTH,7,main,validation,P0_legacy,3,0,,
UM_V2_DEPTH,7,main,validation,P0_legacy,4,0,,
UM_V2_DEPTH,7,main,validation,P0_legacy,5,4510,0.3853658536585366,0.37773374091717227
UM_V2_DEPTH,7,main,validation,P0_legacy,6,10849,0.4220665499124343,0.43497771666983587
UM_V2_DEPTH,7,main,validation,P0_legacy,7,11187,0.48815589523554126,0.49843146674193584
UM_V2_DEPTH,7,main,validation,P0_legacy,8,7218,0.5464117484067609,0.5636759887756051
UM_V2_DEPTH,7,main,validation,P0_legacy,9,5045,0.6372646184340932,0.6316149250864823
UM_V2_DEPTH,7,main,validation,P0_legacy,10,3772,0.7036055143160127,0.6983899235384781
UM_V2_DEPTH,7,main,validation,P0_legacy,11,3206,0.7707423580786026,0.7658960001933521
UM_V2_DEPTH,7,main,validation,P0_legacy,12,2394,0.8341687552213868,0.8319613948139694
UM_V2_DEPTH,7,main,validation,P0_legacy,13,1733,0.8897864974033468,0.8963040182419565
UM_V2_DEPTH,7,main,validation,P0_legacy,14,360,0.9222222222222223,0.9464307984905453
UM_V2_DEPTH,7,main,validation,P1_valid_cache_endpoints,0,0,,
UM_V2_DEPTH,7,main,validation,P1_valid_cache_endpoints,1,0,,
UM_V2_DEPTH,7,main,validation,P1_valid_cache_endpoints,2,0,,
UM_V2_DEPTH,7,main,validation,P1_valid_cache_endpoints,3,0,,
UM_V2_DEPTH,7,main,validation,P1_valid_cache_endpoints,4,0,,
UM_V2_DEPTH,7,main,validation,P1_valid_cache_endpoints,5,4381,0.3837023510614015,0.37772376053164114
UM_V2_DEPTH,7,main,validation,P1_valid_cache_endpoints,6,10497,0.42145374869010194,0.4349105913823179
UM_V2_DEPTH,7,main,validation,P1_valid_cache_endpoints,7,10673,0.49133327087042067,0.49835760231175436
UM_V2_DEPTH,7,main,validation,P1_valid_cache_endpoints,8,6838,0.5495758993857853,0.5636516689071596
UM_V2_DEPTH,7,main,validation,P1_valid_cache_endpoints,9,4838,0.6343530384456387,0.6316773556195063
UM_V2_DEPTH,7,main,validation,P1_valid_cache_endpoints,10,3648,0.6995614035087719,0.6984277375091746
UM_V2_DEPTH,7,main,validation,P1_valid_cache_endpoints,11,3086,0.7631237848347375,0.7659641909642279
UM_V2_DEPTH,7,main,validation,P1_valid_cache_endpoints,12,2309,0.8280640970116934,0.8319800341217116
UM_V2_DEPTH,7,main,validation,P1_valid_cache_endpoints,13,1665,0.8852852852852853,0.8962955769542834
UM_V2_DEPTH,7,main,validation,P1_valid_cache_endpoints,14,345,0.9188405797101449,0.9465486677155425
UM_V2_DEPTH,7,main,validation,P2_candidate_clock,0,0,,
UM_V2_DEPTH,7,main,validation,P2_candidate_clock,1,0,,
UM_V2_DEPTH,7,main,validation,P2_candidate_clock,2,0,,
UM_V2_DEPTH,7,main,validation,P2_candidate_clock,3,0,,
UM_V2_DEPTH,7,main,validation,P2_candidate_clock,4,0,,
UM_V2_DEPTH,7,main,validation,P2_candidate_clock,5,4149,0.3825018076644975,0.3777337144239713
UM_V2_DEPTH,7,main,validation,P2_candidate_clock,6,9711,0.4235403151065802,0.43462232094892317
UM_V2_DEPTH,7,main,validation,P2_candidate_clock,7,9554,0.48963784802177096,0.49823056774639246
UM_V2_DEPTH,7,main,validation,P2_candidate_clock,8,6002,0.5434855048317228,0.5636172562540205
UM_V2_DEPTH,7,main,validation,P2_candidate_clock,9,4267,0.6283102882587298,0.6318961193331203
UM_V2_DEPTH,7,main,validation,P2_candidate_clock,10,3253,0.70304334460498,0.6986033740771308
UM_V2_DEPTH,7,main,validation,P2_candidate_clock,11,2808,0.7667378917378918,0.7659425309243072
UM_V2_DEPTH,7,main,validation,P2_candidate_clock,12,2089,0.8319770224988032,0.8319915038054688
UM_V2_DEPTH,7,main,validation,P2_candidate_clock,13,1512,0.8888888888888888,0.8961049529120175
UM_V2_DEPTH,7,main,validation,P2_candidate_clock,14,314,0.9171974522292994,0.9467704253351295
UM_V2_DEPTH,7,main,validation,P3_intersection,0,0,,
UM_V2_DEPTH,7,main,validation,P3_intersection,1,0,,
UM_V2_DEPTH,7,main,validation,P3_intersection,2,0,,
UM_V2_DEPTH,7,main,validation,P3_intersection,3,0,,
UM_V2_DEPTH,7,main,validation,P3_intersection,4,0,,
UM_V2_DEPTH,7,main,validation,P3_intersection,5,4102,0.3824963432471965,0.3777362278117372
UM_V2_DEPTH,7,main,validation,P3_intersection,6,9591,0.42414763841101033,0.4346014894343369
UM_V2_DEPTH,7,main,validation,P3_intersection,7,9368,0.4938087105038429,0.4982026069740666
UM_V2_DEPTH,7,main,validation,P3_intersection,8,5842,0.5516946251283807,0.5636895590333927
UM_V2_DEPTH,7,main,validation,P3_intersection,9,4223,0.6313047596495382,0.6319290547746341
UM_V2_DEPTH,7,main,validation,P3_intersection,10,3226,0.7055176689398636,0.6986060908374636
UM_V2_DEPTH,7,main,validation,P3_intersection,11,2798,0.7666190135811294,0.7659713678711398
UM_V2_DEPTH,7,main,validation,P3_intersection,12,2084,0.831573896353167,0.831960782514974
UM_V2_DEPTH,7,main,validation,P3_intersection,13,1503,0.8882235528942116,0.8960660318210504
UM_V2_DEPTH,7,main,validation,P3_intersection,14,313,0.9169329073482428,0.946785508399363
UM_V2_DEPTH,123,main,development_holdout,P0_legacy,0,0,,
UM_V2_DEPTH,123,main,development_holdout,P0_legacy,1,0,,
UM_V2_DEPTH,123,main,development_holdout,P0_legacy,2,0,,
UM_V2_DEPTH,123,main,development_holdout,P0_legacy,3,0,,
UM_V2_DEPTH,123,main,development_holdout,P0_legacy,4,0,,
UM_V2_DEPTH,123,main,development_holdout,P0_legacy,5,10019,0.37608543766843,0.3770830090822438
UM_V2_DEPTH,123,main,development_holdout,P0_legacy,6,23053,0.4287945169826053,0.4346840911344592
UM_V2_DEPTH,123,main,development_holdout,P0_legacy,7,21528,0.48025826830174656,0.4981151096131282
UM_V2_DEPTH,123,main,development_holdout,P0_legacy,8,13745,0.5503819570753001,0.5640670877758309
UM_V2_DEPTH,123,main,development_holdout,P0_legacy,9,9339,0.6115215761858871,0.6318249628813116
UM_V2_DEPTH,123,main,development_holdout,P0_legacy,10,7476,0.6688068485821295,0.6983891359217922
UM_V2_DEPTH,123,main,development_holdout,P0_legacy,11,6181,0.73920077657337,0.7655323069307095
UM_V2_DEPTH,123,main,development_holdout,P0_legacy,12,5256,0.7977549467275494,0.832532035356483
UM_V2_DEPTH,123,main,development_holdout,P0_legacy,13,3876,0.8753869969040248,0.8975072263823498
UM_V2_DEPTH,123,main,development_holdout,P0_legacy,14,1101,0.932788374205268,0.9481069330250403
UM_V2_DEPTH,123,main,development_holdout,P1_valid_cache_endpoints,0,0,,
UM_V2_DEPTH,123,main,development_holdout,P1_valid_cache_endpoints,1,0,,
UM_V2_DEPTH,123,main,development_holdout,P1_valid_cache_endpoints,2,0,,
UM_V2_DEPTH,123,main,development_holdout,P1_valid_cache_endpoints,3,0,,
UM_V2_DEPTH,123,main,development_holdout,P1_valid_cache_endpoints,4,0,,
UM_V2_DEPTH,123,main,development_holdout,P1_valid_cache_endpoints,5,9648,0.37728026533996684,0.37708055365153387
UM_V2_DEPTH,123,main,development_holdout,P1_valid_cache_endpoints,6,22031,0.42980345876265263,0.43462362529490983
UM_V2_DEPTH,123,main,development_holdout,P1_valid_cache_endpoints,7,20370,0.48306332842415317,0.4980003019214475
UM_V2_DEPTH,123,main,development_holdout,P1_valid_cache_endpoints,8,13033,0.5490677510933784,0.5640927462977984
UM_V2_DEPTH,123,main,development_holdout,P1_valid_cache_endpoints,9,8963,0.6041503960727435,0.6318643016604231
UM_V2_DEPTH,123,main,development_holdout,P1_valid_cache_endpoints,10,7244,0.6606847045831032,0.6984634564456671
UM_V2_DEPTH,123,main,development_holdout,P1_valid_cache_endpoints,11,5971,0.7310333277507955,0.7655327588828985
UM_V2_DEPTH,123,main,development_holdout,P1_valid_cache_endpoints,12,5087,0.7910359740515038,0.832581999593355
UM_V2_DEPTH,123,main,development_holdout,P1_valid_cache_endpoints,13,3745,0.8718291054739653,0.8975213601076985
UM_V2_DEPTH,123,main,development_holdout,P1_valid_cache_endpoints,14,1064,0.9304511278195489,0.9481650050835434
UM_V2_DEPTH,123,main,development_holdout,P2_candidate_clock,0,0,,
UM_V2_DEPTH,123,main,development_holdout,P2_candidate_clock,1,0,,
UM_V2_DEPTH,123,main,development_holdout,P2_candidate_clock,2,0,,
UM_V2_DEPTH,123,main,development_holdout,P2_candidate_clock,3,0,,
UM_V2_DEPTH,123,main,development_holdout,P2_candidate_clock,4,0,,
UM_V2_DEPTH,123,main,development_holdout,P2_candidate_clock,5,9213,0.37490502550743515,0.37709442242911567
UM_V2_DEPTH,123,main,development_holdout,P2_candidate_clock,6,20736,0.4288194444444444,0.4344324724970599
UM_V2_DEPTH,123,main,development_holdout,P2_candidate_clock,7,18077,0.47939370470763953,0.4977800801319949
UM_V2_DEPTH,123,main,development_holdout,P2_candidate_clock,8,11331,0.5469067160886065,0.5640469392809427
UM_V2_DEPTH,123,main,development_holdout,P2_candidate_clock,9,7929,0.6073905914995585,0.6321279861969135
UM_V2_DEPTH,123,main,development_holdout,P2_candidate_clock,10,6604,0.6623258631132647,0.6984307903257831
UM_V2_DEPTH,123,main,development_holdout,P2_candidate_clock,11,5430,0.7344383057090239,0.7655488082262466
UM_V2_DEPTH,123,main,development_holdout,P2_candidate_clock,12,4564,0.796669588080631,0.8328244829886683
UM_V2_DEPTH,123,main,development_holdout,P2_candidate_clock,13,3377,0.8782943440923897,0.8977364761406451
UM_V2_DEPTH,123,main,development_holdout,P2_candidate_clock,14,948,0.9314345991561181,0.9483105278783015
UM_V2_DEPTH,123,main,development_holdout,P3_intersection,0,0,,
UM_V2_DEPTH,123,main,development_holdout,P3_intersection,1,0,,
UM_V2_DEPTH,123,main,development_holdout,P3_intersection,2,0,,
UM_V2_DEPTH,123,main,development_holdout,P3_intersection,3,0,,
UM_V2_DEPTH,123,main,development_holdout,P3_intersection,4,0,,
UM_V2_DEPTH,123,main,development_holdout,P3_intersection,5,9042,0.37513824375138244,0.3771198849270285
UM_V2_DEPTH,123,main,development_holdout,P3_intersection,6,20236,0.43121170191737496,0.43441919955597147
UM_V2_DEPTH,123,main,development_holdout,P3_intersection,7,17537,0.4852597365569938,0.4977413630215493
UM_V2_DEPTH,123,main,development_holdout,P3_intersection,8,11061,0.5519392459994575,0.5641203667612402
UM_V2_DEPTH,123,main,development_holdout,P3_intersection,9,7847,0.6095323053396202,0.6321982514775559
UM_V2_DEPTH,123,main,development_holdout,P3_intersection,10,6577,0.6627641781967463,0.6984225724613964
UM_V2_DEPTH,123,main,development_holdout,P3_intersection,11,5416,0.7346750369276218,0.7655602965079853
UM_V2_DEPTH,123,main,development_holdout,P3_intersection,12,4558,0.7964019306713471,0.832822709103119
UM_V2_DEPTH,123,main,development_holdout,P3_intersection,13,3368,0.8788598574821853,0.897731377257633
UM_V2_DEPTH,123,main,development_holdout,P3_intersection,14,946,0.9312896405919662,0.948320293468999
UM_V2_DEPTH,123,main,validation,P0_legacy,0,0,,
UM_V2_DEPTH,123,main,validation,P0_legacy,1,0,,
UM_V2_DEPTH,123,main,validation,P0_legacy,2,0,,
UM_V2_DEPTH,123,main,validation,P0_legacy,3,0,,
UM_V2_DEPTH,123,main,validation,P0_legacy,4,0,,
UM_V2_DEPTH,123,main,validation,P0_legacy,5,4759,0.3641521328010086,0.376934784955938
UM_V2_DEPTH,123,main,validation,P0_legacy,6,10992,0.4366812227074236,0.43477995055129626
UM_V2_DEPTH,123,main,validation,P0_legacy,7,10780,0.4846938775510204,0.49796778993789736
UM_V2_DEPTH,123,main,validation,P0_legacy,8,6967,0.5491603272570691,0.564333382908387
UM_V2_DEPTH,123,main,validation,P0_legacy,9,4757,0.6310700021021652,0.6322602556239884
UM_V2_DEPTH,123,main,validation,P0_legacy,10,3874,0.6938564790913784,0.6992702182010355
UM_V2_DEPTH,123,main,validation,P0_legacy,11,3220,0.7633540372670807,0.765397630723354
UM_V2_DEPTH,123,main,validation,P0_legacy,12,2608,0.8301380368098159,0.832274853389644
UM_V2_DEPTH,123,main,validation,P0_legacy,13,1911,0.8791208791208791,0.8965908192706512
UM_V2_DEPTH,123,main,validation,P0_legacy,14,406,0.9384236453201971,0.9476040414730412
UM_V2_DEPTH,123,main,validation,P1_valid_cache_endpoints,0,0,,
UM_V2_DEPTH,123,main,validation,P1_valid_cache_endpoints,1,0,,
UM_V2_DEPTH,123,main,validation,P1_valid_cache_endpoints,2,0,,
UM_V2_DEPTH,123,main,validation,P1_valid_cache_endpoints,3,0,,
UM_V2_DEPTH,123,main,validation,P1_valid_cache_endpoints,4,0,,
UM_V2_DEPTH,123,main,validation,P1_valid_cache_endpoints,5,4619,0.36436458107815545,0.3769639594232347
UM_V2_DEPTH,123,main,validation,P1_valid_cache_endpoints,6,10644,0.43705373919579105,0.43474672193647534
UM_V2_DEPTH,123,main,validation,P1_valid_cache_endpoints,7,10270,0.48675754625121714,0.4978200973961354
UM_V2_DEPTH,123,main,validation,P1_valid_cache_endpoints,8,6577,0.5534438193705337,0.5644665005442957
UM_V2_DEPTH,123,main,validation,P1_valid_cache_endpoints,9,4570,0.6262582056892779,0.6323453138506532
UM_V2_DEPTH,123,main,validation,P1_valid_cache_endpoints,10,3764,0.6865037194473964,0.69931969980689
UM_V2_DEPTH,123,main,validation,P1_valid_cache_endpoints,11,3103,0.7550757331614567,0.7654260767030252
UM_V2_DEPTH,123,main,validation,P1_valid_cache_endpoints,12,2518,0.824066719618745,0.8323224050195005
UM_V2_DEPTH,123,main,validation,P1_valid_cache_endpoints,13,1837,0.874251497005988,0.8966731244200644
UM_V2_DEPTH,123,main,validation,P1_valid_cache_endpoints,14,378,0.9338624338624338,0.9475810061900423
UM_V2_DEPTH,123,main,validation,P2_candidate_clock,0,0,,
UM_V2_DEPTH,123,main,validation,P2_candidate_clock,1,0,,
UM_V2_DEPTH,123,main,validation,P2_candidate_clock,2,0,,
UM_V2_DEPTH,123,main,validation,P2_candidate_clock,3,0,,
UM_V2_DEPTH,123,main,validation,P2_candidate_clock,4,0,,
UM_V2_DEPTH,123,main,validation,P2_candidate_clock,5,4407,0.36805082822781937,0.37690403455538435
UM_V2_DEPTH,123,main,validation,P2_candidate_clock,6,9900,0.4381818181818182,0.4344740332656316
UM_V2_DEPTH,123,main,validation,P2_candidate_clock,7,9110,0.4841931942919868,0.49773083281229424
UM_V2_DEPTH,123,main,validation,P2_candidate_clock,8,5721,0.5465827652508303,0.5644889328738297
UM_V2_DEPTH,123,main,validation,P2_candidate_clock,9,4029,0.6264581782079921,0.6324369992715675
UM_V2_DEPTH,123,main,validation,P2_candidate_clock,10,3407,0.6900498972703258,0.6992487731899794
UM_V2_DEPTH,123,main,validation,P2_candidate_clock,11,2790,0.7551971326164875,0.7653471928493351
UM_V2_DEPTH,123,main,validation,P2_candidate_clock,12,2309,0.8284971849285405,0.8321051210935584
UM_V2_DEPTH,123,main,validation,P2_candidate_clock,13,1647,0.8791742562234366,0.896452429919606
UM_V2_DEPTH,123,main,validation,P2_candidate_clock,14,339,0.9380530973451328,0.9478677522989674
UM_V2_DEPTH,123,main,validation,P3_intersection,0,0,,
UM_V2_DEPTH,123,main,validation,P3_intersection,1,0,,
UM_V2_DEPTH,123,main,validation,P3_intersection,2,0,,
UM_V2_DEPTH,123,main,validation,P3_intersection,3,0,,
UM_V2_DEPTH,123,main,validation,P3_intersection,4,0,,
UM_V2_DEPTH,123,main,validation,P3_intersection,5,4347,0.36853002070393376,0.376981590041468
UM_V2_DEPTH,123,main,validation,P3_intersection,6,9794,0.4393506228303043,0.4344637118937471
UM_V2_DEPTH,123,main,validation,P3_intersection,7,8891,0.490271060623102,0.4975332442608824
UM_V2_DEPTH,123,main,validation,P3_intersection,8,5572,0.5554558506819813,0.5647361944031025
UM_V2_DEPTH,123,main,validation,P3_intersection,9,3992,0.6292585170340681,0.6324836173792825
UM_V2_DEPTH,123,main,validation,P3_intersection,10,3394,0.690041249263406,0.6992327945848726
UM_V2_DEPTH,123,main,validation,P3_intersection,11,2780,0.7546762589928058,0.7653656739117137
UM_V2_DEPTH,123,main,validation,P3_intersection,12,2305,0.8281995661605206,0.8320944865174432
UM_V2_DEPTH,123,main,validation,P3_intersection,13,1642,0.8788063337393422,0.8964556242572382
UM_V2_DEPTH,123,main,validation,P3_intersection,14,333,0.9369369369369369,0.9477781087647297
UM_V2_DEPTH,42,R1,rolling_evaluation,P0_legacy,0,0,,
UM_V2_DEPTH,42,R1,rolling_evaluation,P0_legacy,1,0,,
UM_V2_DEPTH,42,R1,rolling_evaluation,P0_legacy,2,0,,
UM_V2_DEPTH,42,R1,rolling_evaluation,P0_legacy,3,0,,
UM_V2_DEPTH,42,R1,rolling_evaluation,P0_legacy,4,0,,
UM_V2_DEPTH,42,R1,rolling_evaluation,P0_legacy,5,3025,0.3606611570247934,0.37733463050762767
UM_V2_DEPTH,42,R1,rolling_evaluation,P0_legacy,6,7322,0.42228899207866705,0.43475183379288257
UM_V2_DEPTH,42,R1,rolling_evaluation,P0_legacy,7,7286,0.47172659895690366,0.4983489526406162
UM_V2_DEPTH,42,R1,rolling_evaluation,P0_legacy,8,4668,0.5342759211653814,0.5645748536554797
UM_V2_DEPTH,42,R1,rolling_evaluation,P0_legacy,9,3215,0.6037325038880249,0.6317326456906259
UM_V2_DEPTH,42,R1,rolling_evaluation,P0_legacy,10,2636,0.6589529590288316,0.6989156216841031
UM_V2_DEPTH,42,R1,rolling_evaluation,P0_legacy,11,2166,0.7497691597414589,0.7655950414413639
UM_V2_DEPTH,42,R1,rolling_evaluation,P0_legacy,12,1873,0.798718633208756,0.8322036338343789
UM_V2_DEPTH,42,R1,rolling_evaluation,P0_legacy,13,1432,0.8980446927374302,0.8969994730507529
UM_V2_DEPTH,42,R1,rolling_evaluation,P0_legacy,14,235,0.9446808510638298,0.9451525639969393
UM_V2_DEPTH,42,R1,rolling_evaluation,P1_valid_cache_endpoints,0,0,,
UM_V2_DEPTH,42,R1,rolling_evaluation,P1_valid_cache_endpoints,1,0,,
UM_V2_DEPTH,42,R1,rolling_evaluation,P1_valid_cache_endpoints,2,0,,
UM_V2_DEPTH,42,R1,rolling_evaluation,P1_valid_cache_endpoints,3,0,,
UM_V2_DEPTH,42,R1,rolling_evaluation,P1_valid_cache_endpoints,4,0,,
UM_V2_DEPTH,42,R1,rolling_evaluation,P1_valid_cache_endpoints,5,2933,0.360381861575179,0.3772336422522478
UM_V2_DEPTH,42,R1,rolling_evaluation,P1_valid_cache_endpoints,6,7064,0.4221404303510759,0.43471794108770134
UM_V2_DEPTH,42,R1,rolling_evaluation,P1_valid_cache_endpoints,7,6959,0.47018249748527086,0.49837530570340405
UM_V2_DEPTH,42,R1,rolling_evaluation,P1_valid_cache_endpoints,8,4464,0.5291218637992832,0.5645130371040936
UM_V2_DEPTH,42,R1,rolling_evaluation,P1_valid_cache_endpoints,9,3082,0.5944192083062946,0.6318072641008516
UM_V2_DEPTH,42,R1,rolling_evaluation,P1_valid_cache_endpoints,10,2557,0.6495893625342198,0.6988935420302221
UM_V2_DEPTH,42,R1,rolling_evaluation,P1_valid_cache_endpoints,11,2087,0.7417345471969334,0.7655337023552146
UM_V2_DEPTH,42,R1,rolling_evaluation,P1_valid_cache_endpoints,12,1803,0.790904048807543,0.8321638362705716
UM_V2_DEPTH,42,R1,rolling_evaluation,P1_valid_cache_endpoints,13,1380,0.894927536231884,0.8969560627155663
UM_V2_DEPTH,42,R1,rolling_evaluation,P1_valid_cache_endpoints,14,228,0.9429824561403509,0.9451362317666715
UM_V2_DEPTH,42,R1,rolling_evaluation,P2_candidate_clock,0,0,,
UM_V2_DEPTH,42,R1,rolling_evaluation,P2_candidate_clock,1,0,,
UM_V2_DEPTH,42,R1,rolling_evaluation,P2_candidate_clock,2,0,,
UM_V2_DEPTH,42,R1,rolling_evaluation,P2_candidate_clock,3,0,,
UM_V2_DEPTH,42,R1,rolling_evaluation,P2_candidate_clock,4,0,,
UM_V2_DEPTH,42,R1,rolling_evaluation,P2_candidate_clock,5,2817,0.35356762513312034,0.3773236390502077
UM_V2_DEPTH,42,R1,rolling_evaluation,P2_candidate_clock,6,6673,0.4255956841001049,0.4344357913548694
UM_V2_DEPTH,42,R1,rolling_evaluation,P2_candidate_clock,7,6231,0.47295779168672764,0.49792274384781454
UM_V2_DEPTH,42,R1,rolling_evaluation,P2_candidate_clock,8,3763,0.5309593409513685,0.5645792589869317
UM_V2_DEPTH,42,R1,rolling_evaluation,P2_candidate_clock,9,2676,0.5956651718983558,0.6322541728799259
UM_V2_DEPTH,42,R1,rolling_evaluation,P2_candidate_clock,10,2315,0.6526997840172786,0.6990228569727163
UM_V2_DEPTH,42,R1,rolling_evaluation,P2_candidate_clock,11,1888,0.7457627118644068,0.7655732270860256
UM_V2_DEPTH,42,R1,rolling_evaluation,P2_candidate_clock,12,1605,0.795638629283489,0.832217707027855
UM_V2_DEPTH,42,R1,rolling_evaluation,P2_candidate_clock,13,1229,0.9007323026851098,0.8969205604247867
UM_V2_DEPTH,42,R1,rolling_evaluation,P2_candidate_clock,14,206,0.941747572815534,0.9452134107276176
UM_V2_DEPTH,42,R1,rolling_evaluation,P3_intersection,0,0,,
UM_V2_DEPTH,42,R1,rolling_evaluation,P3_intersection,1,0,,
UM_V2_DEPTH,42,R1,rolling_evaluation,P3_intersection,2,0,,
UM_V2_DEPTH,42,R1,rolling_evaluation,P3_intersection,3,0,,
UM_V2_DEPTH,42,R1,rolling_evaluation,P3_intersection,4,0,,
UM_V2_DEPTH,42,R1,rolling_evaluation,P3_intersection,5,2766,0.3546637744034707,0.3771870422589741
UM_V2_DEPTH,42,R1,rolling_evaluation,P3_intersection,6,6564,0.4264168190127971,0.43441571273151386
UM_V2_DEPTH,42,R1,rolling_evaluation,P3_intersection,7,6107,0.4751924021614541,0.4979853375658638
UM_V2_DEPTH,42,R1,rolling_evaluation,P3_intersection,8,3699,0.5336577453365775,0.5645588198743188
UM_V2_DEPTH,42,R1,rolling_evaluation,P3_intersection,9,2659,0.5957126739375705,0.63228078293157
UM_V2_DEPTH,42,R1,rolling_evaluation,P3_intersection,10,2307,0.6523623753792804,0.6989960170934033
UM_V2_DEPTH,42,R1,rolling_evaluation,P3_intersection,11,1885,0.746419098143236,0.7655844705869668
UM_V2_DEPTH,42,R1,rolling_evaluation,P3_intersection,12,1601,0.7951280449718926,0.8322202317484555
UM_V2_DEPTH,42,R1,rolling_evaluation,P3_intersection,13,1227,0.9013854930725347,0.8969074230247085
UM_V2_DEPTH,42,R1,rolling_evaluation,P3_intersection,14,206,0.941747572815534,0.9452134107276176
UM_V2_DEPTH,42,R1,validation,P0_legacy,0,0,,
UM_V2_DEPTH,42,R1,validation,P0_legacy,1,0,,
UM_V2_DEPTH,42,R1,validation,P0_legacy,2,0,,
UM_V2_DEPTH,42,R1,validation,P0_legacy,3,0,,
UM_V2_DEPTH,42,R1,validation,P0_legacy,4,0,,
UM_V2_DEPTH,42,R1,validation,P0_legacy,5,4424,0.38788426763110306,0.37704537633744006
UM_V2_DEPTH,42,R1,validation,P0_legacy,6,10638,0.43438616281255876,0.43509586948469203
UM_V2_DEPTH,42,R1,validation,P0_legacy,7,10871,0.4798086652561862,0.49838590733391785
UM_V2_DEPTH,42,R1,validation,P0_legacy,8,7118,0.5339983141331834,0.563719580252161
UM_V2_DEPTH,42,R1,validation,P0_legacy,9,4909,0.6243634141372988,0.6315685317001334
UM_V2_DEPTH,42,R1,validation,P0_legacy,10,3914,0.6921308124680634,0.6996336404259077
UM_V2_DEPTH,42,R1,validation,P0_legacy,11,3382,0.7581312832643406,0.7653845702383949
UM_V2_DEPTH,42,R1,validation,P0_legacy,12,2775,0.8263063063063063,0.8312807331472633
UM_V2_DEPTH,42,R1,validation,P0_legacy,13,1887,0.8839427662957074,0.8960782910107107
UM_V2_DEPTH,42,R1,validation,P0_legacy,14,356,0.9353932584269663,0.9463198469015857
UM_V2_DEPTH,42,R1,validation,P1_valid_cache_endpoints,0,0,,
UM_V2_DEPTH,42,R1,validation,P1_valid_cache_endpoints,1,0,,
UM_V2_DEPTH,42,R1,validation,P1_valid_cache_endpoints,2,0,,
UM_V2_DEPTH,42,R1,validation,P1_valid_cache_endpoints,3,0,,
UM_V2_DEPTH,42,R1,validation,P1_valid_cache_endpoints,4,0,,
UM_V2_DEPTH,42,R1,validation,P1_valid_cache_endpoints,5,4304,0.38894052044609667,0.3770829255871183
UM_V2_DEPTH,42,R1,validation,P1_valid_cache_endpoints,6,10285,0.43471074380165287,0.4350508968458692
UM_V2_DEPTH,42,R1,validation,P1_valid_cache_endpoints,7,10362,0.4830148619957537,0.498396259062543
UM_V2_DEPTH,42,R1,validation,P1_valid_cache_endpoints,8,6758,0.5343296833382658,0.5637246011237493
UM_V2_DEPTH,42,R1,validation,P1_valid_cache_endpoints,9,4713,0.6206238064926798,0.6316960603740394
UM_V2_DEPTH,42,R1,validation,P1_valid_cache_endpoints,10,3778,0.683430386447856,0.6996599536728448
UM_V2_DEPTH,42,R1,validation,P1_valid_cache_endpoints,11,3269,0.7503823799327012,0.7654194602421936
UM_V2_DEPTH,42,R1,validation,P1_valid_cache_endpoints,12,2670,0.8198501872659176,0.8313616876165278
UM_V2_DEPTH,42,R1,validation,P1_valid_cache_endpoints,13,1804,0.8786031042128604,0.8960937841065146
UM_V2_DEPTH,42,R1,validation,P1_valid_cache_endpoints,14,337,0.9317507418397626,0.9462769665328029
UM_V2_DEPTH,42,R1,validation,P2_candidate_clock,0,0,,
UM_V2_DEPTH,42,R1,validation,P2_candidate_clock,1,0,,
UM_V2_DEPTH,42,R1,validation,P2_candidate_clock,2,0,,
UM_V2_DEPTH,42,R1,validation,P2_candidate_clock,3,0,,
UM_V2_DEPTH,42,R1,validation,P2_candidate_clock,4,0,,
UM_V2_DEPTH,42,R1,validation,P2_candidate_clock,5,4131,0.38755749213265556,0.3770945000345896
UM_V2_DEPTH,42,R1,validation,P2_candidate_clock,6,9693,0.4355720623130094,0.43486404734167133
UM_V2_DEPTH,42,R1,validation,P2_candidate_clock,7,9286,0.48190824897695456,0.49813217735382315
UM_V2_DEPTH,42,R1,validation,P2_candidate_clock,8,5738,0.5315440920181248,0.5635431976464225
UM_V2_DEPTH,42,R1,validation,P2_candidate_clock,9,4126,0.6221522055259331,0.6319683384998462
UM_V2_DEPTH,42,R1,validation,P2_candidate_clock,10,3409,0.6864183044881197,0.6996842046558275
UM_V2_DEPTH,42,R1,validation,P2_candidate_clock,11,2962,0.7538825118163404,0.7655428509764156
UM_V2_DEPTH,42,R1,validation,P2_candidate_clock,12,2405,0.8257796257796258,0.8312988994236838
UM_V2_DEPTH,42,R1,validation,P2_candidate_clock,13,1604,0.8821695760598504,0.8962507916619914
UM_V2_DEPTH,42,R1,validation,P2_candidate_clock,14,305,0.9377049180327869,0.9466410676911249
UM_V2_DEPTH,42,R1,validation,P3_intersection,0,0,,
UM_V2_DEPTH,42,R1,validation,P3_intersection,1,0,,
UM_V2_DEPTH,42,R1,validation,P3_intersection,2,0,,
UM_V2_DEPTH,42,R1,validation,P3_intersection,3,0,,
UM_V2_DEPTH,42,R1,validation,P3_intersection,4,0,,
UM_V2_DEPTH,42,R1,validation,P3_intersection,5,4077,0.3875398577385332,0.3771069641216635
UM_V2_DEPTH,42,R1,validation,P3_intersection,6,9549,0.43711383390930986,0.43486448814514256
UM_V2_DEPTH,42,R1,validation,P3_intersection,7,9076,0.4876597620096959,0.4980851767276598
UM_V2_DEPTH,42,R1,validation,P3_intersection,8,5611,0.5376938157191231,0.5636725371454028
UM_V2_DEPTH,42,R1,validation,P3_intersection,9,4095,0.6246642246642247,0.6319937874866801
UM_V2_DEPTH,42,R1,validation,P3_intersection,10,3394,0.6873895109015911,0.6996968893294178
UM_V2_DEPTH,42,R1,validation,P3_intersection,11,2951,0.7536428329379872,0.7655957407983853
UM_V2_DEPTH,42,R1,validation,P3_intersection,12,2398,0.8252710592160133,0.8313001092451454
UM_V2_DEPTH,42,R1,validation,P3_intersection,13,1597,0.8816530995616781,0.8961909789051951
UM_V2_DEPTH,42,R1,validation,P3_intersection,14,302,0.9370860927152318,0.9466106099525229
UM_V2_DEPTH,7,R1,rolling_evaluation,P0_legacy,0,0,,
UM_V2_DEPTH,7,R1,rolling_evaluation,P0_legacy,1,0,,
UM_V2_DEPTH,7,R1,rolling_evaluation,P0_legacy,2,0,,
UM_V2_DEPTH,7,R1,rolling_evaluation,P0_legacy,3,0,,
UM_V2_DEPTH,7,R1,rolling_evaluation,P0_legacy,4,0,,
UM_V2_DEPTH,7,R1,rolling_evaluation,P0_legacy,5,3105,0.3748792270531401,0.37740128881010626
UM_V2_DEPTH,7,R1,rolling_evaluation,P0_legacy,6,7558,0.4241862926700185,0.43493315694186413
UM_V2_DEPTH,7,R1,rolling_evaluation,P0_legacy,7,7487,0.469881127287298,0.4979486264554665
UM_V2_DEPTH,7,R1,rolling_evaluation,P0_legacy,8,4814,0.5450768591607811,0.5645854688016815
UM_V2_DEPTH,7,R1,rolling_evaluation,P0_legacy,9,3249,0.6244998461064943,0.6315110184398045
UM_V2_DEPTH,7,R1,rolling_evaluation,P0_legacy,10,2393,0.6707062264939406,0.6980351964815116
UM_V2_DEPTH,7,R1,rolling_evaluation,P0_legacy,11,2057,0.7637335926105979,0.7653701079710533
UM_V2_DEPTH,7,R1,rolling_evaluation,P0_legacy,12,1688,0.8246445497630331,0.8318768880643126
UM_V2_DEPTH,7,R1,rolling_evaluation,P0_legacy,13,1244,0.885048231511254,0.8963420090229578
UM_V2_DEPTH,7,R1,rolling_evaluation,P0_legacy,14,263,0.9505703422053232,0.9480622765749688
UM_V2_DEPTH,7,R1,rolling_evaluation,P1_valid_cache_endpoints,0,0,,
UM_V2_DEPTH,7,R1,rolling_evaluation,P1_valid_cache_endpoints,1,0,,
UM_V2_DEPTH,7,R1,rolling_evaluation,P1_valid_cache_endpoints,2,0,,
UM_V2_DEPTH,7,R1,rolling_evaluation,P1_valid_cache_endpoints,3,0,,
UM_V2_DEPTH,7,R1,rolling_evaluation,P1_valid_cache_endpoints,4,0,,
UM_V2_DEPTH,7,R1,rolling_evaluation,P1_valid_cache_endpoints,5,3015,0.3747927031509121,0.3774464516278984
UM_V2_DEPTH,7,R1,rolling_evaluation,P1_valid_cache_endpoints,6,7297,0.4230505687268741,0.4348684547084548
UM_V2_DEPTH,7,R1,rolling_evaluation,P1_valid_cache_endpoints,7,7146,0.4708928071648475,0.49792988503486857
UM_V2_DEPTH,7,R1,rolling_evaluation,P1_valid_cache_endpoints,8,4595,0.5425462459194776,0.5645275971347149
UM_V2_DEPTH,7,R1,rolling_evaluation,P1_valid_cache_endpoints,9,3125,0.61984,0.631625536266785
UM_V2_DEPTH,7,R1,rolling_evaluation,P1_valid_cache_endpoints,10,2312,0.6634948096885813,0.6980326240001474
UM_V2_DEPTH,7,R1,rolling_evaluation,P1_valid_cache_endpoints,11,1983,0.7554210791729703,0.7654632105903707
UM_V2_DEPTH,7,R1,rolling_evaluation,P1_valid_cache_endpoints,12,1631,0.818516247700797,0.8318522935791017
UM_V2_DEPTH,7,R1,rolling_evaluation,P1_valid_cache_endpoints,13,1198,0.8814691151919867,0.8964638606515709
UM_V2_DEPTH,7,R1,rolling_evaluation,P1_valid_cache_endpoints,14,255,0.9490196078431372,0.9481719898840755
UM_V2_DEPTH,7,R1,rolling_evaluation,P2_candidate_clock,0,0,,
UM_V2_DEPTH,7,R1,rolling_evaluation,P2_candidate_clock,1,0,,
UM_V2_DEPTH,7,R1,rolling_evaluation,P2_candidate_clock,2,0,,
UM_V2_DEPTH,7,R1,rolling_evaluation,P2_candidate_clock,3,0,,
UM_V2_DEPTH,7,R1,rolling_evaluation,P2_candidate_clock,4,0,,
UM_V2_DEPTH,7,R1,rolling_evaluation,P2_candidate_clock,5,2854,0.3766643307638402,0.377472477840851
UM_V2_DEPTH,7,R1,rolling_evaluation,P2_candidate_clock,6,6772,0.42114589486119314,0.43460512259204614
UM_V2_DEPTH,7,R1,rolling_evaluation,P2_candidate_clock,7,6400,0.47140625,0.4978275918906483
UM_V2_DEPTH,7,R1,rolling_evaluation,P2_candidate_clock,8,3966,0.5413514876449823,0.5643933358418539
UM_V2_DEPTH,7,R1,rolling_evaluation,P2_candidate_clock,9,2747,0.6235893702220604,0.631641155596213
UM_V2_DEPTH,7,R1,rolling_evaluation,P2_candidate_clock,10,2083,0.6653864618338934,0.6982076317427937
UM_V2_DEPTH,7,R1,rolling_evaluation,P2_candidate_clock,11,1816,0.7599118942731278,0.7655127602795594
UM_V2_DEPTH,7,R1,rolling_evaluation,P2_candidate_clock,12,1454,0.8246217331499313,0.8319477458328527
UM_V2_DEPTH,7,R1,rolling_evaluation,P2_candidate_clock,13,1079,0.8795180722891566,0.8965416560276661
UM_V2_DEPTH,7,R1,rolling_evaluation,P2_candidate_clock,14,232,0.9568965517241379,0.9482267203214676
UM_V2_DEPTH,7,R1,rolling_evaluation,P3_intersection,0,0,,
UM_V2_DEPTH,7,R1,rolling_evaluation,P3_intersection,1,0,,
UM_V2_DEPTH,7,R1,rolling_evaluation,P3_intersection,2,0,,
UM_V2_DEPTH,7,R1,rolling_evaluation,P3_intersection,3,0,,
UM_V2_DEPTH,7,R1,rolling_evaluation,P3_intersection,4,0,,
UM_V2_DEPTH,7,R1,rolling_evaluation,P3_intersection,5,2820,0.37659574468085105,0.3774661548994371
UM_V2_DEPTH,7,R1,rolling_evaluation,P3_intersection,6,6668,0.42216556688662266,0.43458148211974235
UM_V2_DEPTH,7,R1,rolling_evaluation,P3_intersection,7,6277,0.4744304604110244,0.4977891172256193
UM_V2_DEPTH,7,R1,rolling_evaluation,P3_intersection,8,3895,0.5442875481386393,0.5643850395932207
UM_V2_DEPTH,7,R1,rolling_evaluation,P3_intersection,9,2718,0.6239882266372333,0.6316762124804385
UM_V2_DEPTH,7,R1,rolling_evaluation,P3_intersection,10,2070,0.6661835748792271,0.6981921115524561
UM_V2_DEPTH,7,R1,rolling_evaluation,P3_intersection,11,1812,0.7599337748344371,0.7655167724417374
UM_V2_DEPTH,7,R1,rolling_evaluation,P3_intersection,12,1454,0.8246217331499313,0.8319477458328527
UM_V2_DEPTH,7,R1,rolling_evaluation,P3_intersection,13,1075,0.88,0.8965751939794465
UM_V2_DEPTH,7,R1,rolling_evaluation,P3_intersection,14,232,0.9568965517241379,0.9482267203214676
UM_V2_DEPTH,7,R1,validation,P0_legacy,0,0,,
UM_V2_DEPTH,7,R1,validation,P0_legacy,1,0,,
UM_V2_DEPTH,7,R1,validation,P0_legacy,2,0,,
UM_V2_DEPTH,7,R1,validation,P0_legacy,3,0,,
UM_V2_DEPTH,7,R1,validation,P0_legacy,4,0,,
UM_V2_DEPTH,7,R1,validation,P0_legacy,5,4510,0.3853658536585366,0.3777337409171723
UM_V2_DEPTH,7,R1,validation,P0_legacy,6,10849,0.4220665499124343,0.434977716669836
UM_V2_DEPTH,7,R1,validation,P0_legacy,7,11187,0.48815589523554126,0.49843146674193584
UM_V2_DEPTH,7,R1,validation,P0_legacy,8,7218,0.5464117484067609,0.5636759887756051
UM_V2_DEPTH,7,R1,validation,P0_legacy,9,5045,0.6372646184340932,0.6316149250864823
UM_V2_DEPTH,7,R1,validation,P0_legacy,10,3772,0.7036055143160127,0.6983899235384781
UM_V2_DEPTH,7,R1,validation,P0_legacy,11,3206,0.7707423580786026,0.7658960001933521
UM_V2_DEPTH,7,R1,validation,P0_legacy,12,2394,0.8341687552213868,0.8319613948139694
UM_V2_DEPTH,7,R1,validation,P0_legacy,13,1733,0.8897864974033468,0.8963040182419565
UM_V2_DEPTH,7,R1,validation,P0_legacy,14,360,0.9222222222222223,0.9464307984905456
UM_V2_DEPTH,7,R1,validation,P1_valid_cache_endpoints,0,0,,
UM_V2_DEPTH,7,R1,validation,P1_valid_cache_endpoints,1,0,,
UM_V2_DEPTH,7,R1,validation,P1_valid_cache_endpoints,2,0,,
UM_V2_DEPTH,7,R1,validation,P1_valid_cache_endpoints,3,0,,
UM_V2_DEPTH,7,R1,validation,P1_valid_cache_endpoints,4,0,,
UM_V2_DEPTH,7,R1,validation,P1_valid_cache_endpoints,5,4381,0.3837023510614015,0.37772376053164114
UM_V2_DEPTH,7,R1,validation,P1_valid_cache_endpoints,6,10497,0.42145374869010194,0.4349105913823179
UM_V2_DEPTH,7,R1,validation,P1_valid_cache_endpoints,7,10673,0.49133327087042067,0.49835760231175436
UM_V2_DEPTH,7,R1,validation,P1_valid_cache_endpoints,8,6838,0.5495758993857853,0.5636516689071596
UM_V2_DEPTH,7,R1,validation,P1_valid_cache_endpoints,9,4838,0.6343530384456387,0.6316773556195063
UM_V2_DEPTH,7,R1,validation,P1_valid_cache_endpoints,10,3648,0.6995614035087719,0.6984277375091746
UM_V2_DEPTH,7,R1,validation,P1_valid_cache_endpoints,11,3086,0.7631237848347375,0.7659641909642281
UM_V2_DEPTH,7,R1,validation,P1_valid_cache_endpoints,12,2309,0.8280640970116934,0.8319800341217116
UM_V2_DEPTH,7,R1,validation,P1_valid_cache_endpoints,13,1665,0.8852852852852853,0.8962955769542835
UM_V2_DEPTH,7,R1,validation,P1_valid_cache_endpoints,14,345,0.9188405797101449,0.9465486677155425
UM_V2_DEPTH,7,R1,validation,P2_candidate_clock,0,0,,
UM_V2_DEPTH,7,R1,validation,P2_candidate_clock,1,0,,
UM_V2_DEPTH,7,R1,validation,P2_candidate_clock,2,0,,
UM_V2_DEPTH,7,R1,validation,P2_candidate_clock,3,0,,
UM_V2_DEPTH,7,R1,validation,P2_candidate_clock,4,0,,
UM_V2_DEPTH,7,R1,validation,P2_candidate_clock,5,4149,0.3825018076644975,0.37773371442397136
UM_V2_DEPTH,7,R1,validation,P2_candidate_clock,6,9711,0.4235403151065802,0.43462232094892317
UM_V2_DEPTH,7,R1,validation,P2_candidate_clock,7,9554,0.48963784802177096,0.49823056774639257
UM_V2_DEPTH,7,R1,validation,P2_candidate_clock,8,6002,0.5434855048317228,0.5636172562540205
UM_V2_DEPTH,7,R1,validation,P2_candidate_clock,9,4267,0.6283102882587298,0.6318961193331204
UM_V2_DEPTH,7,R1,validation,P2_candidate_clock,10,3253,0.70304334460498,0.6986033740771308
UM_V2_DEPTH,7,R1,validation,P2_candidate_clock,11,2808,0.7667378917378918,0.7659425309243074
UM_V2_DEPTH,7,R1,validation,P2_candidate_clock,12,2089,0.8319770224988032,0.8319915038054689
UM_V2_DEPTH,7,R1,validation,P2_candidate_clock,13,1512,0.8888888888888888,0.8961049529120177
UM_V2_DEPTH,7,R1,validation,P2_candidate_clock,14,314,0.9171974522292994,0.9467704253351295
UM_V2_DEPTH,7,R1,validation,P3_intersection,0,0,,
UM_V2_DEPTH,7,R1,validation,P3_intersection,1,0,,
UM_V2_DEPTH,7,R1,validation,P3_intersection,2,0,,
UM_V2_DEPTH,7,R1,validation,P3_intersection,3,0,,
UM_V2_DEPTH,7,R1,validation,P3_intersection,4,0,,
UM_V2_DEPTH,7,R1,validation,P3_intersection,5,4102,0.3824963432471965,0.37773622781173727
UM_V2_DEPTH,7,R1,validation,P3_intersection,6,9591,0.42414763841101033,0.4346014894343369
UM_V2_DEPTH,7,R1,validation,P3_intersection,7,9368,0.4938087105038429,0.4982026069740666
UM_V2_DEPTH,7,R1,validation,P3_intersection,8,5842,0.5516946251283807,0.5636895590333927
UM_V2_DEPTH,7,R1,validation,P3_intersection,9,4223,0.6313047596495382,0.6319290547746341
UM_V2_DEPTH,7,R1,validation,P3_intersection,10,3226,0.7055176689398636,0.6986060908374636
UM_V2_DEPTH,7,R1,validation,P3_intersection,11,2798,0.7666190135811294,0.7659713678711398
UM_V2_DEPTH,7,R1,validation,P3_intersection,12,2084,0.831573896353167,0.8319607825149742
UM_V2_DEPTH,7,R1,validation,P3_intersection,13,1503,0.8882235528942116,0.8960660318210506
UM_V2_DEPTH,7,R1,validation,P3_intersection,14,313,0.9169329073482428,0.946785508399363
UM_V2_DEPTH,123,R1,rolling_evaluation,P0_legacy,0,0,,
UM_V2_DEPTH,123,R1,rolling_evaluation,P0_legacy,1,0,,
UM_V2_DEPTH,123,R1,rolling_evaluation,P0_legacy,2,0,,
UM_V2_DEPTH,123,R1,rolling_evaluation,P0_legacy,3,0,,
UM_V2_DEPTH,123,R1,rolling_evaluation,P0_legacy,4,0,,
UM_V2_DEPTH,123,R1,rolling_evaluation,P0_legacy,5,3304,0.3765133171912833,0.377349920622041
UM_V2_DEPTH,123,R1,rolling_evaluation,P0_legacy,6,7625,0.4293770491803279,0.4345405986390468
UM_V2_DEPTH,123,R1,rolling_evaluation,P0_legacy,7,7168,0.47391183035714285,0.49772994270290966
UM_V2_DEPTH,123,R1,rolling_evaluation,P0_legacy,8,4545,0.5421342134213422,0.5641537722194901
UM_V2_DEPTH,123,R1,rolling_evaluation,P0_legacy,9,3161,0.6048718759886113,0.631862623626
UM_V2_DEPTH,123,R1,rolling_evaluation,P0_legacy,10,2521,0.6664022213407378,0.6987648313738495
UM_V2_DEPTH,123,R1,rolling_evaluation,P0_legacy,11,2083,0.743638982237158,0.764797277914345
UM_V2_DEPTH,123,R1,rolling_evaluation,P0_legacy,12,1819,0.816932380428807,0.8325198520563638
UM_V2_DEPTH,123,R1,rolling_evaluation,P0_legacy,13,1378,0.8904208998548622,0.8979628904931783
UM_V2_DEPTH,123,R1,rolling_evaluation,P0_legacy,14,254,0.9409448818897638,0.9465849498705495
UM_V2_DEPTH,123,R1,rolling_evaluation,P1_valid_cache_endpoints,0,0,,
UM_V2_DEPTH,123,R1,rolling_evaluation,P1_valid_cache_endpoints,1,0,,
UM_V2_DEPTH,123,R1,rolling_evaluation,P1_valid_cache_endpoints,2,0,,
UM_V2_DEPTH,123,R1,rolling_evaluation,P1_valid_cache_endpoints,3,0,,
UM_V2_DEPTH,123,R1,rolling_evaluation,P1_valid_cache_endpoints,4,0,,
UM_V2_DEPTH,123,R1,rolling_evaluation,P1_valid_cache_endpoints,5,3207,0.37698783910196443,0.3773921007841378
UM_V2_DEPTH,123,R1,rolling_evaluation,P1_valid_cache_endpoints,6,7365,0.43014256619144603,0.43449402148254523
UM_V2_DEPTH,123,R1,rolling_evaluation,P1_valid_cache_endpoints,7,6844,0.47253068381063706,0.49762290469930637
UM_V2_DEPTH,123,R1,rolling_evaluation,P1_valid_cache_endpoints,8,4328,0.5404343807763401,0.564169817054392
UM_V2_DEPTH,123,R1,rolling_evaluation,P1_valid_cache_endpoints,9,3026,0.596827495042961,0.6319532571521657
UM_V2_DEPTH,123,R1,rolling_evaluation,P1_valid_cache_endpoints,10,2446,0.6582174979558463,0.6988287212883416
UM_V2_DEPTH,123,R1,rolling_evaluation,P1_valid_cache_endpoints,11,2014,0.7353525322740815,0.7646417912451553
UM_V2_DEPTH,123,R1,rolling_evaluation,P1_valid_cache_endpoints,12,1754,0.8101482326111744,0.8324377240972929
UM_V2_DEPTH,123,R1,rolling_evaluation,P1_valid_cache_endpoints,13,1329,0.8871331828442438,0.8979235930685658
UM_V2_DEPTH,123,R1,rolling_evaluation,P1_valid_cache_endpoints,14,244,0.9385245901639344,0.9466069107683853
UM_V2_DEPTH,123,R1,rolling_evaluation,P2_candidate_clock,0,0,,
UM_V2_DEPTH,123,R1,rolling_evaluation,P2_candidate_clock,1,0,,
UM_V2_DEPTH,123,R1,rolling_evaluation,P2_candidate_clock,2,0,,
UM_V2_DEPTH,123,R1,rolling_evaluation,P2_candidate_clock,3,0,,
UM_V2_DEPTH,123,R1,rolling_evaluation,P2_candidate_clock,4,0,,
UM_V2_DEPTH,123,R1,rolling_evaluation,P2_candidate_clock,5,3054,0.3736083824492469,0.3773357524886308
UM_V2_DEPTH,123,R1,rolling_evaluation,P2_candidate_clock,6,6918,0.4293148308759757,0.4343655941883458
UM_V2_DEPTH,123,R1,rolling_evaluation,P2_candidate_clock,7,6007,0.4734476444148493,0.49748245333930524
UM_V2_DEPTH,123,R1,rolling_evaluation,P2_candidate_clock,8,3718,0.5387305002689619,0.5641464670546916
UM_V2_DEPTH,123,R1,rolling_evaluation,P2_candidate_clock,9,2661,0.5967681322810974,0.6322613317046647
UM_V2_DEPTH,123,R1,rolling_evaluation,P2_candidate_clock,10,2238,0.661751563896336,0.6987145058946032
UM_V2_DEPTH,123,R1,rolling_evaluation,P2_candidate_clock,11,1833,0.7370430987452264,0.7646966772151508
UM_V2_DEPTH,123,R1,rolling_evaluation,P2_candidate_clock,12,1565,0.8134185303514377,0.8324505249606664
UM_V2_DEPTH,123,R1,rolling_evaluation,P2_candidate_clock,13,1196,0.8938127090301003,0.8981821397732151
UM_V2_DEPTH,123,R1,rolling_evaluation,P2_candidate_clock,14,213,0.9342723004694836,0.9471406299531397
UM_V2_DEPTH,123,R1,rolling_evaluation,P3_intersection,0,0,,
UM_V2_DEPTH,123,R1,rolling_evaluation,P3_intersection,1,0,,
UM_V2_DEPTH,123,R1,rolling_evaluation,P3_intersection,2,0,,
UM_V2_DEPTH,123,R1,rolling_evaluation,P3_intersection,3,0,,
UM_V2_DEPTH,123,R1,rolling_evaluation,P3_intersection,4,0,,
UM_V2_DEPTH,123,R1,rolling_evaluation,P3_intersection,5,3014,0.373921698739217,0.3773883861018707
UM_V2_DEPTH,123,R1,rolling_evaluation,P3_intersection,6,6812,0.4315913094539049,0.43436598837703094
UM_V2_DEPTH,123,R1,rolling_evaluation,P3_intersection,7,5883,0.4761176270610233,0.4974484942932439
UM_V2_DEPTH,123,R1,rolling_evaluation,P3_intersection,8,3647,0.5429119824513299,0.5641812879021526
UM_V2_DEPTH,123,R1,rolling_evaluation,P3_intersection,9,2637,0.5984072810011376,0.6323426546500519
UM_V2_DEPTH,123,R1,rolling_evaluation,P3_intersection,10,2228,0.6620287253141831,0.6987232076568108
UM_V2_DEPTH,123,R1,rolling_evaluation,P3_intersection,11,1830,0.7366120218579235,0.7647041137611555
UM_V2_DEPTH,123,R1,rolling_evaluation,P3_intersection,12,1563,0.8131797824696098,0.8324547141396081
UM_V2_DEPTH,123,R1,rolling_evaluation,P3_intersection,13,1194,0.8944723618090452,0.8981620139031915
UM_V2_DEPTH,123,R1,rolling_evaluation,P3_intersection,14,213,0.9342723004694836,0.9471406299531397
UM_V2_DEPTH,123,R1,validation,P0_legacy,0,0,,
UM_V2_DEPTH,123,R1,validation,P0_legacy,1,0,,
UM_V2_DEPTH,123,R1,validation,P0_legacy,2,0,,
UM_V2_DEPTH,123,R1,validation,P0_legacy,3,0,,
UM_V2_DEPTH,123,R1,validation,P0_legacy,4,0,,
UM_V2_DEPTH,123,R1,validation,P0_legacy,5,4759,0.3641521328010086,0.376934784955938
UM_V2_DEPTH,123,R1,validation,P0_legacy,6,10992,0.4366812227074236,0.43477995055129626
UM_V2_DEPTH,123,R1,validation,P0_legacy,7,10780,0.4846938775510204,0.49796778993789736
UM_V2_DEPTH,123,R1,validation,P0_legacy,8,6967,0.5491603272570691,0.564333382908387
UM_V2_DEPTH,123,R1,validation,P0_legacy,9,4757,0.6310700021021652,0.6322602556239884
UM_V2_DEPTH,123,R1,validation,P0_legacy,10,3874,0.6938564790913784,0.6992702182010357
UM_V2_DEPTH,123,R1,validation,P0_legacy,11,3220,0.7633540372670807,0.7653976307233542
UM_V2_DEPTH,123,R1,validation,P0_legacy,12,2608,0.8301380368098159,0.832274853389644
UM_V2_DEPTH,123,R1,validation,P0_legacy,13,1911,0.8791208791208791,0.8965908192706513
UM_V2_DEPTH,123,R1,validation,P0_legacy,14,406,0.9384236453201971,0.9476040414730413
UM_V2_DEPTH,123,R1,validation,P1_valid_cache_endpoints,0,0,,
UM_V2_DEPTH,123,R1,validation,P1_valid_cache_endpoints,1,0,,
UM_V2_DEPTH,123,R1,validation,P1_valid_cache_endpoints,2,0,,
UM_V2_DEPTH,123,R1,validation,P1_valid_cache_endpoints,3,0,,
UM_V2_DEPTH,123,R1,validation,P1_valid_cache_endpoints,4,0,,
UM_V2_DEPTH,123,R1,validation,P1_valid_cache_endpoints,5,4619,0.36436458107815545,0.3769639594232347
UM_V2_DEPTH,123,R1,validation,P1_valid_cache_endpoints,6,10644,0.43705373919579105,0.43474672193647546
UM_V2_DEPTH,123,R1,validation,P1_valid_cache_endpoints,7,10270,0.48675754625121714,0.4978200973961354
UM_V2_DEPTH,123,R1,validation,P1_valid_cache_endpoints,8,6577,0.5534438193705337,0.5644665005442957
UM_V2_DEPTH,123,R1,validation,P1_valid_cache_endpoints,9,4570,0.6262582056892779,0.6323453138506532
UM_V2_DEPTH,123,R1,validation,P1_valid_cache_endpoints,10,3764,0.6865037194473964,0.69931969980689
UM_V2_DEPTH,123,R1,validation,P1_valid_cache_endpoints,11,3103,0.7550757331614567,0.7654260767030252
UM_V2_DEPTH,123,R1,validation,P1_valid_cache_endpoints,12,2518,0.824066719618745,0.8323224050195005
UM_V2_DEPTH,123,R1,validation,P1_valid_cache_endpoints,13,1837,0.874251497005988,0.8966731244200645
UM_V2_DEPTH,123,R1,validation,P1_valid_cache_endpoints,14,378,0.9338624338624338,0.9475810061900423
UM_V2_DEPTH,123,R1,validation,P2_candidate_clock,0,0,,
UM_V2_DEPTH,123,R1,validation,P2_candidate_clock,1,0,,
UM_V2_DEPTH,123,R1,validation,P2_candidate_clock,2,0,,
UM_V2_DEPTH,123,R1,validation,P2_candidate_clock,3,0,,
UM_V2_DEPTH,123,R1,validation,P2_candidate_clock,4,0,,
UM_V2_DEPTH,123,R1,validation,P2_candidate_clock,5,4407,0.36805082822781937,0.37690403455538435
UM_V2_DEPTH,123,R1,validation,P2_candidate_clock,6,9900,0.4381818181818182,0.4344740332656316
UM_V2_DEPTH,123,R1,validation,P2_candidate_clock,7,9110,0.4841931942919868,0.49773083281229424
UM_V2_DEPTH,123,R1,validation,P2_candidate_clock,8,5721,0.5465827652508303,0.5644889328738297
UM_V2_DEPTH,123,R1,validation,P2_candidate_clock,9,4029,0.6264581782079921,0.6324369992715675
UM_V2_DEPTH,123,R1,validation,P2_candidate_clock,10,3407,0.6900498972703258,0.6992487731899794
UM_V2_DEPTH,123,R1,validation,P2_candidate_clock,11,2790,0.7551971326164875,0.7653471928493351
UM_V2_DEPTH,123,R1,validation,P2_candidate_clock,12,2309,0.8284971849285405,0.8321051210935586
UM_V2_DEPTH,123,R1,validation,P2_candidate_clock,13,1647,0.8791742562234366,0.896452429919606
UM_V2_DEPTH,123,R1,validation,P2_candidate_clock,14,339,0.9380530973451328,0.9478677522989674
UM_V2_DEPTH,123,R1,validation,P3_intersection,0,0,,
UM_V2_DEPTH,123,R1,validation,P3_intersection,1,0,,
UM_V2_DEPTH,123,R1,validation,P3_intersection,2,0,,
UM_V2_DEPTH,123,R1,validation,P3_intersection,3,0,,
UM_V2_DEPTH,123,R1,validation,P3_intersection,4,0,,
UM_V2_DEPTH,123,R1,validation,P3_intersection,5,4347,0.36853002070393376,0.376981590041468
UM_V2_DEPTH,123,R1,validation,P3_intersection,6,9794,0.4393506228303043,0.4344637118937471
UM_V2_DEPTH,123,R1,validation,P3_intersection,7,8891,0.490271060623102,0.4975332442608824
UM_V2_DEPTH,123,R1,validation,P3_intersection,8,5572,0.5554558506819813,0.5647361944031026
UM_V2_DEPTH,123,R1,validation,P3_intersection,9,3992,0.6292585170340681,0.6324836173792825
UM_V2_DEPTH,123,R1,validation,P3_intersection,10,3394,0.690041249263406,0.6992327945848726
UM_V2_DEPTH,123,R1,validation,P3_intersection,11,2780,0.7546762589928058,0.7653656739117138
UM_V2_DEPTH,123,R1,validation,P3_intersection,12,2305,0.8281995661605206,0.8320944865174434
UM_V2_DEPTH,123,R1,validation,P3_intersection,13,1642,0.8788063337393422,0.8964556242572382
UM_V2_DEPTH,123,R1,validation,P3_intersection,14,333,0.9369369369369369,0.9477781087647297
UM_V2_DEPTH,42,R2,rolling_evaluation,P0_legacy,0,0,,
UM_V2_DEPTH,42,R2,rolling_evaluation,P0_legacy,1,0,,
UM_V2_DEPTH,42,R2,rolling_evaluation,P0_legacy,2,0,,
UM_V2_DEPTH,42,R2,rolling_evaluation,P0_legacy,3,0,,
UM_V2_DEPTH,42,R2,rolling_evaluation,P0_legacy,4,0,,
UM_V2_DEPTH,42,R2,rolling_evaluation,P0_legacy,5,3326,0.37161755862898377,0.37757038227834305
UM_V2_DEPTH,42,R2,rolling_evaluation,P0_legacy,6,7752,0.42995356037151705,0.43449540539745685
UM_V2_DEPTH,42,R2,rolling_evaluation,P0_legacy,7,7478,0.49170901310510834,0.49795591762734814
UM_V2_DEPTH,42,R2,rolling_evaluation,P0_legacy,8,4835,0.5635987590486039,0.5642418709350183
UM_V2_DEPTH,42,R2,rolling_evaluation,P0_legacy,9,3145,0.6391096979332274,0.6310122106339784
UM_V2_DEPTH,42,R2,rolling_evaluation,P0_legacy,10,2227,0.7220475976650202,0.6992922768632805
UM_V2_DEPTH,42,R2,rolling_evaluation,P0_legacy,11,1838,0.766050054406964,0.7656743960353579
UM_V2_DEPTH,42,R2,rolling_evaluation,P0_legacy,12,1604,0.8447630922693267,0.8320023885829976
UM_V2_DEPTH,42,R2,rolling_evaluation,P0_legacy,13,1132,0.8939929328621908,0.8978886112084005
UM_V2_DEPTH,42,R2,rolling_evaluation,P0_legacy,14,521,0.9692898272552783,0.9526691264172571
UM_V2_DEPTH,42,R2,rolling_evaluation,P1_valid_cache_endpoints,0,0,,
UM_V2_DEPTH,42,R2,rolling_evaluation,P1_valid_cache_endpoints,1,0,,
UM_V2_DEPTH,42,R2,rolling_evaluation,P1_valid_cache_endpoints,2,0,,
UM_V2_DEPTH,42,R2,rolling_evaluation,P1_valid_cache_endpoints,3,0,,
UM_V2_DEPTH,42,R2,rolling_evaluation,P1_valid_cache_endpoints,4,0,,
UM_V2_DEPTH,42,R2,rolling_evaluation,P1_valid_cache_endpoints,5,3226,0.3698078115313081,0.3775239613800843
UM_V2_DEPTH,42,R2,rolling_evaluation,P1_valid_cache_endpoints,6,7464,0.4304662379421222,0.4344572350619983
UM_V2_DEPTH,42,R2,rolling_evaluation,P1_valid_cache_endpoints,7,7157,0.4950398211541149,0.49785038195482106
UM_V2_DEPTH,42,R2,rolling_evaluation,P1_valid_cache_endpoints,8,4634,0.5649546827794562,0.5641848073564786
UM_V2_DEPTH,42,R2,rolling_evaluation,P1_valid_cache_endpoints,9,3005,0.6346089850249584,0.6311723259723235
UM_V2_DEPTH,42,R2,rolling_evaluation,P1_valid_cache_endpoints,10,2132,0.7157598499061913,0.6993449930068806
UM_V2_DEPTH,42,R2,rolling_evaluation,P1_valid_cache_endpoints,11,1781,0.759685569904548,0.7656902936897132
UM_V2_DEPTH,42,R2,rolling_evaluation,P1_valid_cache_endpoints,12,1560,0.8423076923076923,0.832028582372967
UM_V2_DEPTH,42,R2,rolling_evaluation,P1_valid_cache_endpoints,13,1096,0.8923357664233577,0.8977844239606773
UM_V2_DEPTH,42,R2,rolling_evaluation,P1_valid_cache_endpoints,14,506,0.9683794466403162,0.9527590405590148
UM_V2_DEPTH,42,R2,rolling_evaluation,P2_candidate_clock,0,0,,
UM_V2_DEPTH,42,R2,rolling_evaluation,P2_candidate_clock,1,0,,
UM_V2_DEPTH,42,R2,rolling_evaluation,P2_candidate_clock,2,0,,
UM_V2_DEPTH,42,R2,rolling_evaluation,P2_candidate_clock,3,0,,
UM_V2_DEPTH,42,R2,rolling_evaluation,P2_candidate_clock,4,0,,
UM_V2_DEPTH,42,R2,rolling_evaluation,P2_candidate_clock,5,3019,0.3696588274263001,0.37757175318125874
UM_V2_DEPTH,42,R2,rolling_evaluation,P2_candidate_clock,6,6930,0.4303030303030303,0.43429621253892836
UM_V2_DEPTH,42,R2,rolling_evaluation,P2_candidate_clock,7,6371,0.49160257416418146,0.4976583890295116
UM_V2_DEPTH,42,R2,rolling_evaluation,P2_candidate_clock,8,3997,0.5579184388291218,0.564056845239248
UM_V2_DEPTH,42,R2,rolling_evaluation,P2_candidate_clock,9,2651,0.6401357978121464,0.631516279423535
UM_V2_DEPTH,42,R2,rolling_evaluation,P2_candidate_clock,10,1934,0.7202688728024819,0.6995079307436319
UM_V2_DEPTH,42,R2,rolling_evaluation,P2_candidate_clock,11,1630,0.7607361963190185,0.7654903656720493
UM_V2_DEPTH,42,R2,rolling_evaluation,P2_candidate_clock,12,1431,0.8427672955974843,0.8323257683192556
UM_V2_DEPTH,42,R2,rolling_evaluation,P2_candidate_clock,13,981,0.9051987767584098,0.8980010924972522
UM_V2_DEPTH,42,R2,rolling_evaluation,P2_candidate_clock,14,459,0.9673202614379085,0.9531609069666651
UM_V2_DEPTH,42,R2,rolling_evaluation,P3_intersection,0,0,,
UM_V2_DEPTH,42,R2,rolling_evaluation,P3_intersection,1,0,,
UM_V2_DEPTH,42,R2,rolling_evaluation,P3_intersection,2,0,,
UM_V2_DEPTH,42,R2,rolling_evaluation,P3_intersection,3,0,,
UM_V2_DEPTH,42,R2,rolling_evaluation,P3_intersection,4,0,,
UM_V2_DEPTH,42,R2,rolling_evaluation,P3_intersection,5,2991,0.3697759946506185,0.3775554945504107
UM_V2_DEPTH,42,R2,rolling_evaluation,P3_intersection,6,6837,0.431183267514992,0.4342739885204731
UM_V2_DEPTH,42,R2,rolling_evaluation,P3_intersection,7,6258,0.49520613614573344,0.49762085088517544
UM_V2_DEPTH,42,R2,rolling_evaluation,P3_intersection,8,3929,0.5624840926444388,0.5640815387525179
UM_V2_DEPTH,42,R2,rolling_evaluation,P3_intersection,9,2618,0.6436210847975554,0.6315780431796156
UM_V2_DEPTH,42,R2,rolling_evaluation,P3_intersection,10,1914,0.722048066875653,0.6996212283489046
UM_V2_DEPTH,42,R2,rolling_evaluation,P3_intersection,11,1623,0.7603203943314849,0.7654579172847282
UM_V2_DEPTH,42,R2,rolling_evaluation,P3_intersection,12,1425,0.8442105263157895,0.8323602113023088
UM_V2_DEPTH,42,R2,rolling_evaluation,P3_intersection,13,973,0.9054470709146968,0.8979249290805934
UM_V2_DEPTH,42,R2,rolling_evaluation,P3_intersection,14,459,0.9673202614379085,0.9531609069666651
UM_V2_DEPTH,42,R2,validation,P0_legacy,0,0,,
UM_V2_DEPTH,42,R2,validation,P0_legacy,1,0,,
UM_V2_DEPTH,42,R2,validation,P0_legacy,2,0,,
UM_V2_DEPTH,42,R2,validation,P0_legacy,3,0,,
UM_V2_DEPTH,42,R2,validation,P0_legacy,4,0,,
UM_V2_DEPTH,42,R2,validation,P0_legacy,5,4920,0.3727642276422764,0.377328677071945
UM_V2_DEPTH,42,R2,validation,P0_legacy,6,11694,0.43030613990080385,0.4348520238605536
UM_V2_DEPTH,42,R2,validation,P0_legacy,7,11046,0.4847908745247148,0.49805333956226017
UM_V2_DEPTH,42,R2,validation,P0_legacy,8,7111,0.5589931092673323,0.5642134735440894
UM_V2_DEPTH,42,R2,validation,P0_legacy,9,4745,0.6236037934668072,0.6316589462083323
UM_V2_DEPTH,42,R2,validation,P0_legacy,10,3447,0.7049608355091384,0.6990576241687266
UM_V2_DEPTH,42,R2,validation,P0_legacy,11,2934,0.7600545330606681,0.7654883971609473
UM_V2_DEPTH,42,R2,validation,P0_legacy,12,2371,0.8266554196541543,0.8324479141466612
UM_V2_DEPTH,42,R2,validation,P0_legacy,13,1696,0.8985849056603774,0.895610839297779
UM_V2_DEPTH,42,R2,validation,P0_legacy,14,310,0.9419354838709677,0.9473795909007567
UM_V2_DEPTH,42,R2,validation,P1_valid_cache_endpoints,0,0,,
UM_V2_DEPTH,42,R2,validation,P1_valid_cache_endpoints,1,0,,
UM_V2_DEPTH,42,R2,validation,P1_valid_cache_endpoints,2,0,,
UM_V2_DEPTH,42,R2,validation,P1_valid_cache_endpoints,3,0,,
UM_V2_DEPTH,42,R2,validation,P1_valid_cache_endpoints,4,0,,
UM_V2_DEPTH,42,R2,validation,P1_valid_cache_endpoints,5,4772,0.37342833193629504,0.3772574281225318
UM_V2_DEPTH,42,R2,validation,P1_valid_cache_endpoints,6,11299,0.4290645189839809,0.43474805635309893
UM_V2_DEPTH,42,R2,validation,P1_valid_cache_endpoints,7,10601,0.48589755683426095,0.49800958408698043
UM_V2_DEPTH,42,R2,validation,P1_valid_cache_endpoints,8,6780,0.5609144542772861,0.5642507894600018
UM_V2_DEPTH,42,R2,validation,P1_valid_cache_endpoints,9,4538,0.6205376817981489,0.6316698505020424
UM_V2_DEPTH,42,R2,validation,P1_valid_cache_endpoints,10,3339,0.698712189278227,0.6991609778333664
UM_V2_DEPTH,42,R2,validation,P1_valid_cache_endpoints,11,2838,0.7533474277660324,0.7654245480487539
UM_V2_DEPTH,42,R2,validation,P1_valid_cache_endpoints,12,2292,0.8224258289703316,0.832499369716435
UM_V2_DEPTH,42,R2,validation,P1_valid_cache_endpoints,13,1641,0.8957952468007313,0.8956440391778135
UM_V2_DEPTH,42,R2,validation,P1_valid_cache_endpoints,14,300,0.94,0.9473795310901795
UM_V2_DEPTH,42,R2,validation,P2_candidate_clock,0,0,,
UM_V2_DEPTH,42,R2,validation,P2_candidate_clock,1,0,,
UM_V2_DEPTH,42,R2,validation,P2_candidate_clock,2,0,,
UM_V2_DEPTH,42,R2,validation,P2_candidate_clock,3,0,,
UM_V2_DEPTH,42,R2,validation,P2_candidate_clock,4,0,,
UM_V2_DEPTH,42,R2,validation,P2_candidate_clock,5,4511,0.37087120372422966,0.3771738264370117
UM_V2_DEPTH,42,R2,validation,P2_candidate_clock,6,10459,0.42919973228798164,0.4345096537425558
UM_V2_DEPTH,42,R2,validation,P2_candidate_clock,7,9444,0.4833756882676832,0.49778576994444873
UM_V2_DEPTH,42,R2,validation,P2_candidate_clock,8,5829,0.5623606107394065,0.564181030222687
UM_V2_DEPTH,42,R2,validation,P2_candidate_clock,9,3993,0.6205860255447032,0.631786051241166
UM_V2_DEPTH,42,R2,validation,P2_candidate_clock,10,3018,0.7017892644135189,0.6992426994873554
UM_V2_DEPTH,42,R2,validation,P2_candidate_clock,11,2561,0.7524404529480672,0.7652516997754617
UM_V2_DEPTH,42,R2,validation,P2_candidate_clock,12,2077,0.8276360134809821,0.8325605285195107
UM_V2_DEPTH,42,R2,validation,P2_candidate_clock,13,1495,0.8983277591973244,0.895478198861631
UM_V2_DEPTH,42,R2,validation,P2_candidate_clock,14,272,0.9375,0.9473740898870574
UM_V2_DEPTH,42,R2,validation,P3_intersection,0,0,,
UM_V2_DEPTH,42,R2,validation,P3_intersection,1,0,,
UM_V2_DEPTH,42,R2,validation,P3_intersection,2,0,,
UM_V2_DEPTH,42,R2,validation,P3_intersection,3,0,,
UM_V2_DEPTH,42,R2,validation,P3_intersection,4,0,,
UM_V2_DEPTH,42,R2,validation,P3_intersection,5,4460,0.3724215246636771,0.3771598539103748
UM_V2_DEPTH,42,R2,validation,P3_intersection,6,10342,0.42951073293366854,0.43448780443818485
UM_V2_DEPTH,42,R2,validation,P3_intersection,7,9295,0.48596019365250137,0.4977575933795631
UM_V2_DEPTH,42,R2,validation,P3_intersection,8,5722,0.5664103460328557,0.5642139081971514
UM_V2_DEPTH,42,R2,validation,P3_intersection,9,3937,0.6240792481584964,0.6317724952115049
UM_V2_DEPTH,42,R2,validation,P3_intersection,10,3003,0.701964701964702,0.6992847832450195
UM_V2_DEPTH,42,R2,validation,P3_intersection,11,2551,0.7522540180321443,0.7652645986006449
UM_V2_DEPTH,42,R2,validation,P3_intersection,12,2073,0.8287506029908346,0.8325468808508645
UM_V2_DEPTH,42,R2,validation,P3_intersection,13,1492,0.8987935656836461,0.8955233996063698
UM_V2_DEPTH,42,R2,validation,P3_intersection,14,272,0.9375,0.9473740898870574
UM_V2_DEPTH,7,R2,rolling_evaluation,P0_legacy,0,0,,
UM_V2_DEPTH,7,R2,rolling_evaluation,P0_legacy,1,0,,
UM_V2_DEPTH,7,R2,rolling_evaluation,P0_legacy,2,0,,
UM_V2_DEPTH,7,R2,rolling_evaluation,P0_legacy,3,0,,
UM_V2_DEPTH,7,R2,rolling_evaluation,P0_legacy,4,0,,
UM_V2_DEPTH,7,R2,rolling_evaluation,P0_legacy,5,3358,0.36658725431804645,0.37749511230197547
UM_V2_DEPTH,7,R2,rolling_evaluation,P0_legacy,6,8101,0.4358721145537588,0.4346403128324239
UM_V2_DEPTH,7,R2,rolling_evaluation,P0_legacy,7,7488,0.49145299145299143,0.49804699099383265
UM_V2_DEPTH,7,R2,rolling_evaluation,P0_legacy,8,4686,0.5659411011523687,0.5641236468640765
UM_V2_DEPTH,7,R2,rolling_evaluation,P0_legacy,9,2976,0.6535618279569892,0.6312425681134486
UM_V2_DEPTH,7,R2,rolling_evaluation,P0_legacy,10,2234,0.7139659803043867,0.6991318770284343
UM_V2_DEPTH,7,R2,rolling_evaluation,P0_legacy,11,1821,0.7819879187259747,0.7651625182402285
UM_V2_DEPTH,7,R2,rolling_evaluation,P0_legacy,12,1558,0.8363286264441592,0.8320566822985299
UM_V2_DEPTH,7,R2,rolling_evaluation,P0_legacy,13,1143,0.9081364829396326,0.8968084330327128
UM_V2_DEPTH,7,R2,rolling_evaluation,P0_legacy,14,493,0.9594320486815415,0.9487234613802958
UM_V2_DEPTH,7,R2,rolling_evaluation,P1_valid_cache_endpoints,0,0,,
UM_V2_DEPTH,7,R2,rolling_evaluation,P1_valid_cache_endpoints,1,0,,
UM_V2_DEPTH,7,R2,rolling_evaluation,P1_valid_cache_endpoints,2,0,,
UM_V2_DEPTH,7,R2,rolling_evaluation,P1_valid_cache_endpoints,3,0,,
UM_V2_DEPTH,7,R2,rolling_evaluation,P1_valid_cache_endpoints,4,0,,
UM_V2_DEPTH,7,R2,rolling_evaluation,P1_valid_cache_endpoints,5,3267,0.367003367003367,0.377476422271383
UM_V2_DEPTH,7,R2,rolling_evaluation,P1_valid_cache_endpoints,6,7793,0.4348774541254972,0.434574567783611
UM_V2_DEPTH,7,R2,rolling_evaluation,P1_valid_cache_endpoints,7,7177,0.4956109795179044,0.4981008470933771
UM_V2_DEPTH,7,R2,rolling_evaluation,P1_valid_cache_endpoints,8,4458,0.5672947510094213,0.5641372532138443
UM_V2_DEPTH,7,R2,rolling_evaluation,P1_valid_cache_endpoints,9,2852,0.6465638148667602,0.6312370760317786
UM_V2_DEPTH,7,R2,rolling_evaluation,P1_valid_cache_endpoints,10,2156,0.7073283858998145,0.6991756116094209
UM_V2_DEPTH,7,R2,rolling_evaluation,P1_valid_cache_endpoints,11,1761,0.7745599091425327,0.7652583147575279
UM_V2_DEPTH,7,R2,rolling_evaluation,P1_valid_cache_endpoints,12,1513,0.8334434897554528,0.8321209126149237
UM_V2_DEPTH,7,R2,rolling_evaluation,P1_valid_cache_endpoints,13,1104,0.9057971014492754,0.8967004982994524
UM_V2_DEPTH,7,R2,rolling_evaluation,P1_valid_cache_endpoints,14,480,0.9583333333333334,0.9487325694056821
UM_V2_DEPTH,7,R2,rolling_evaluation,P2_candidate_clock,0,0,,
UM_V2_DEPTH,7,R2,rolling_evaluation,P2_candidate_clock,1,0,,
UM_V2_DEPTH,7,R2,rolling_evaluation,P2_candidate_clock,2,0,,
UM_V2_DEPTH,7,R2,rolling_evaluation,P2_candidate_clock,3,0,,
UM_V2_DEPTH,7,R2,rolling_evaluation,P2_candidate_clock,4,0,,
UM_V2_DEPTH,7,R2,rolling_evaluation,P2_candidate_clock,5,3054,0.3611656843483955,0.37741597666348403
UM_V2_DEPTH,7,R2,rolling_evaluation,P2_candidate_clock,6,7196,0.4324624791550862,0.4344126115017729
UM_V2_DEPTH,7,R2,rolling_evaluation,P2_candidate_clock,7,6413,0.49337283642600965,0.49786711740860823
UM_V2_DEPTH,7,R2,rolling_evaluation,P2_candidate_clock,8,3861,0.5630665630665631,0.56396948370581
UM_V2_DEPTH,7,R2,rolling_evaluation,P2_candidate_clock,9,2517,0.645212554628526,0.631360657848621
UM_V2_DEPTH,7,R2,rolling_evaluation,P2_candidate_clock,10,1933,0.7175375064666322,0.6994361483151438
UM_V2_DEPTH,7,R2,rolling_evaluation,P2_candidate_clock,11,1605,0.7800623052959501,0.7650571849026122
UM_V2_DEPTH,7,R2,rolling_evaluation,P2_candidate_clock,12,1380,0.8333333333333334,0.8318094392193881
UM_V2_DEPTH,7,R2,rolling_evaluation,P2_candidate_clock,13,1002,0.9111776447105788,0.8966295135503002
UM_V2_DEPTH,7,R2,rolling_evaluation,P2_candidate_clock,14,442,0.9592760180995475,0.9490102163245591
UM_V2_DEPTH,7,R2,rolling_evaluation,P3_intersection,0,0,,
UM_V2_DEPTH,7,R2,rolling_evaluation,P3_intersection,1,0,,
UM_V2_DEPTH,7,R2,rolling_evaluation,P3_intersection,2,0,,
UM_V2_DEPTH,7,R2,rolling_evaluation,P3_intersection,3,0,,
UM_V2_DEPTH,7,R2,rolling_evaluation,P3_intersection,4,0,,
UM_V2_DEPTH,7,R2,rolling_evaluation,P3_intersection,5,3030,0.36171617161716174,0.37740697033223536
UM_V2_DEPTH,7,R2,rolling_evaluation,P3_intersection,6,7092,0.4334461364918218,0.434392049188853
UM_V2_DEPTH,7,R2,rolling_evaluation,P3_intersection,7,6295,0.497537728355838,0.49790128203788386
UM_V2_DEPTH,7,R2,rolling_evaluation,P3_intersection,8,3791,0.5695067264573991,0.5640266548686509
UM_V2_DEPTH,7,R2,rolling_evaluation,P3_intersection,9,2492,0.6472712680577849,0.6313385289424653
UM_V2_DEPTH,7,R2,rolling_evaluation,P3_intersection,10,1920,0.7177083333333333,0.6994201431488887
UM_V2_DEPTH,7,R2,rolling_evaluation,P3_intersection,11,1600,0.779375,0.765082247626644
UM_V2_DEPTH,7,R2,rolling_evaluation,P3_intersection,12,1371,0.8344274252370533,0.8318708979370597
UM_V2_DEPTH,7,R2,rolling_evaluation,P3_intersection,13,994,0.9114688128772636,0.8965249085733097
UM_V2_DEPTH,7,R2,rolling_evaluation,P3_intersection,14,442,0.9592760180995475,0.9490102163245591
UM_V2_DEPTH,7,R2,validation,P0_legacy,0,0,,
UM_V2_DEPTH,7,R2,validation,P0_legacy,1,0,,
UM_V2_DEPTH,7,R2,validation,P0_legacy,2,0,,
UM_V2_DEPTH,7,R2,validation,P0_legacy,3,0,,
UM_V2_DEPTH,7,R2,validation,P0_legacy,4,0,,
UM_V2_DEPTH,7,R2,validation,P0_legacy,5,5003,0.38077153707775335,0.3774249068468836
UM_V2_DEPTH,7,R2,validation,P0_legacy,6,11912,0.43124580255204836,0.434814446233622
UM_V2_DEPTH,7,R2,validation,P0_legacy,7,11103,0.48248221201477076,0.4978988971815649
UM_V2_DEPTH,7,R2,validation,P0_legacy,8,6877,0.5596917260433328,0.5639523516207865
UM_V2_DEPTH,7,R2,validation,P0_legacy,9,4706,0.6294092647683808,0.631456867723793
UM_V2_DEPTH,7,R2,validation,P0_legacy,10,3504,0.6963470319634704,0.6990285469383517
UM_V2_DEPTH,7,R2,validation,P0_legacy,11,2944,0.7751358695652174,0.7652594325839357
UM_V2_DEPTH,7,R2,validation,P0_legacy,12,2385,0.8289308176100629,0.8325253253173667
UM_V2_DEPTH,7,R2,validation,P0_legacy,13,1594,0.9027603513174404,0.8965042521433169
UM_V2_DEPTH,7,R2,validation,P0_legacy,14,246,0.9390243902439024,0.9478396714841053
UM_V2_DEPTH,7,R2,validation,P1_valid_cache_endpoints,0,0,,
UM_V2_DEPTH,7,R2,validation,P1_valid_cache_endpoints,1,0,,
UM_V2_DEPTH,7,R2,validation,P1_valid_cache_endpoints,2,0,,
UM_V2_DEPTH,7,R2,validation,P1_valid_cache_endpoints,3,0,,
UM_V2_DEPTH,7,R2,validation,P1_valid_cache_endpoints,4,0,,
UM_V2_DEPTH,7,R2,validation,P1_valid_cache_endpoints,5,4873,0.38005335522265543,0.37746931842801784
UM_V2_DEPTH,7,R2,validation,P1_valid_cache_endpoints,6,11516,0.4304445988190344,0.4347520861995677
UM_V2_DEPTH,7,R2,validation,P1_valid_cache_endpoints,7,10616,0.48360964581763377,0.49781887444605083
UM_V2_DEPTH,7,R2,validation,P1_valid_cache_endpoints,8,6548,0.561240073304826,0.5639154514738107
UM_V2_DEPTH,7,R2,validation,P1_valid_cache_endpoints,9,4525,0.6256353591160221,0.6314608075508266
UM_V2_DEPTH,7,R2,validation,P1_valid_cache_endpoints,10,3396,0.6887514723203769,0.6990504588583777
UM_V2_DEPTH,7,R2,validation,P1_valid_cache_endpoints,11,2842,0.7681210415200563,0.7652170167124994
UM_V2_DEPTH,7,R2,validation,P1_valid_cache_endpoints,12,2304,0.8233506944444444,0.8325657642511696
UM_V2_DEPTH,7,R2,validation,P1_valid_cache_endpoints,13,1540,0.8993506493506493,0.8966735603962109
UM_V2_DEPTH,7,R2,validation,P1_valid_cache_endpoints,14,240,0.9375,0.947833040612869
UM_V2_DEPTH,7,R2,validation,P2_candidate_clock,0,0,,
UM_V2_DEPTH,7,R2,validation,P2_candidate_clock,1,0,,
UM_V2_DEPTH,7,R2,validation,P2_candidate_clock,2,0,,
UM_V2_DEPTH,7,R2,validation,P2_candidate_clock,3,0,,
UM_V2_DEPTH,7,R2,validation,P2_candidate_clock,4,0,,
UM_V2_DEPTH,7,R2,validation,P2_candidate_clock,5,4581,0.38026631739794803,0.3774072793067674
UM_V2_DEPTH,7,R2,validation,P2_candidate_clock,6,10642,0.42896072166885924,0.4345966098415583
UM_V2_DEPTH,7,R2,validation,P2_candidate_clock,7,9467,0.48114503010457377,0.4976024469467881
UM_V2_DEPTH,7,R2,validation,P2_candidate_clock,8,5719,0.5605875152998776,0.5639219005450096
UM_V2_DEPTH,7,R2,validation,P2_candidate_clock,9,3949,0.6323119777158774,0.6315264879899524
UM_V2_DEPTH,7,R2,validation,P2_candidate_clock,10,3025,0.6902479338842975,0.6988099289647867
UM_V2_DEPTH,7,R2,validation,P2_candidate_clock,11,2586,0.7710750193348801,0.7652018603005959
UM_V2_DEPTH,7,R2,validation,P2_candidate_clock,12,2065,0.8280871670702179,0.8328055339616713
UM_V2_DEPTH,7,R2,validation,P2_candidate_clock,13,1405,0.899644128113879,0.8966499912276091
UM_V2_DEPTH,7,R2,validation,P2_candidate_clock,14,220,0.9409090909090909,0.9478812043536777
UM_V2_DEPTH,7,R2,validation,P3_intersection,0,0,,
UM_V2_DEPTH,7,R2,validation,P3_intersection,1,0,,
UM_V2_DEPTH,7,R2,validation,P3_intersection,2,0,,
UM_V2_DEPTH,7,R2,validation,P3_intersection,3,0,,
UM_V2_DEPTH,7,R2,validation,P3_intersection,4,0,,
UM_V2_DEPTH,7,R2,validation,P3_intersection,5,4528,0.37963780918727913,0.3774486126526482
UM_V2_DEPTH,7,R2,validation,P3_intersection,6,10512,0.4305555555555556,0.43455218547069663
UM_V2_DEPTH,7,R2,validation,P3_intersection,7,9311,0.4842659220277092,0.49755729358816075
UM_V2_DEPTH,7,R2,validation,P3_intersection,8,5615,0.5650934995547641,0.5639470020980585
UM_V2_DEPTH,7,R2,validation,P3_intersection,9,3902,0.6337775499743721,0.6315927602310303
UM_V2_DEPTH,7,R2,validation,P3_intersection,10,3016,0.6896551724137931,0.6988287571312342
UM_V2_DEPTH,7,R2,validation,P3_intersection,11,2575,0.7712621359223301,0.7652514570626437
UM_V2_DEPTH,7,R2,validation,P3_intersection,12,2063,0.8284052350945226,0.8327746198217412
UM_V2_DEPTH,7,R2,validation,P3_intersection,13,1405,0.899644128113879,0.8966499912276091
UM_V2_DEPTH,7,R2,validation,P3_intersection,14,220,0.9409090909090909,0.9478812043536777
UM_V2_DEPTH,123,R2,rolling_evaluation,P0_legacy,0,0,,
UM_V2_DEPTH,123,R2,rolling_evaluation,P0_legacy,1,0,,
UM_V2_DEPTH,123,R2,rolling_evaluation,P0_legacy,2,0,,
UM_V2_DEPTH,123,R2,rolling_evaluation,P0_legacy,3,0,,
UM_V2_DEPTH,123,R2,rolling_evaluation,P0_legacy,4,0,,
UM_V2_DEPTH,123,R2,rolling_evaluation,P0_legacy,5,3539,0.362531788640859,0.3767867177089735
UM_V2_DEPTH,123,R2,rolling_evaluation,P0_legacy,6,8326,0.4370646168628393,0.43434015293565365
UM_V2_DEPTH,123,R2,rolling_evaluation,P0_legacy,7,7328,0.49836244541484714,0.49757623331759226
UM_V2_DEPTH,123,R2,rolling_evaluation,P0_legacy,8,4490,0.5706013363028953,0.5640783020886563
UM_V2_DEPTH,123,R2,rolling_evaluation,P0_legacy,9,2883,0.6611168921262573,0.6311309299724835
UM_V2_DEPTH,123,R2,rolling_evaluation,P0_legacy,10,2224,0.7068345323741008,0.699134763210173
UM_V2_DEPTH,123,R2,rolling_evaluation,P0_legacy,11,1779,0.7678471051152332,0.7658509717890082
UM_V2_DEPTH,123,R2,rolling_evaluation,P0_legacy,12,1556,0.8322622107969152,0.8326819605116926
UM_V2_DEPTH,123,R2,rolling_evaluation,P0_legacy,13,1179,0.9050042408821035,0.8985492383392955
UM_V2_DEPTH,123,R2,rolling_evaluation,P0_legacy,14,554,0.9693140794223827,0.9506584075599942
UM_V2_DEPTH,123,R2,rolling_evaluation,P1_valid_cache_endpoints,0,0,,
UM_V2_DEPTH,123,R2,rolling_evaluation,P1_valid_cache_endpoints,1,0,,
UM_V2_DEPTH,123,R2,rolling_evaluation,P1_valid_cache_endpoints,2,0,,
UM_V2_DEPTH,123,R2,rolling_evaluation,P1_valid_cache_endpoints,3,0,,
UM_V2_DEPTH,123,R2,rolling_evaluation,P1_valid_cache_endpoints,4,0,,
UM_V2_DEPTH,123,R2,rolling_evaluation,P1_valid_cache_endpoints,5,3429,0.363079615048119,0.3767115183450882
UM_V2_DEPTH,123,R2,rolling_evaluation,P1_valid_cache_endpoints,6,8017,0.4373206935262567,0.4342916075254598
UM_V2_DEPTH,123,R2,rolling_evaluation,P1_valid_cache_endpoints,7,7009,0.5003566842630903,0.4975446766351849
UM_V2_DEPTH,123,R2,rolling_evaluation,P1_valid_cache_endpoints,8,4296,0.5728584729981379,0.5639947420578951
UM_V2_DEPTH,123,R2,rolling_evaluation,P1_valid_cache_endpoints,9,2760,0.6536231884057971,0.6311575077474223
UM_V2_DEPTH,123,R2,rolling_evaluation,P1_valid_cache_endpoints,10,2137,0.6995788488535329,0.6991643100033502
UM_V2_DEPTH,123,R2,rolling_evaluation,P1_valid_cache_endpoints,11,1716,0.7616550116550117,0.7658683361729937
UM_V2_DEPTH,123,R2,rolling_evaluation,P1_valid_cache_endpoints,12,1516,0.829155672823219,0.8326508140278462
UM_V2_DEPTH,123,R2,rolling_evaluation,P1_valid_cache_endpoints,13,1140,0.9026315789473685,0.8984372854239079
UM_V2_DEPTH,123,R2,rolling_evaluation,P1_valid_cache_endpoints,14,541,0.9685767097966729,0.9506753452797384
UM_V2_DEPTH,123,R2,rolling_evaluation,P2_candidate_clock,0,0,,
UM_V2_DEPTH,123,R2,rolling_evaluation,P2_candidate_clock,1,0,,
UM_V2_DEPTH,123,R2,rolling_evaluation,P2_candidate_clock,2,0,,
UM_V2_DEPTH,123,R2,rolling_evaluation,P2_candidate_clock,3,0,,
UM_V2_DEPTH,123,R2,rolling_evaluation,P2_candidate_clock,4,0,,
UM_V2_DEPTH,123,R2,rolling_evaluation,P2_candidate_clock,5,3202,0.35727670206121176,0.37676291646415494
UM_V2_DEPTH,123,R2,rolling_evaluation,P2_candidate_clock,6,7383,0.43383448462684543,0.4341110765894234
UM_V2_DEPTH,123,R2,rolling_evaluation,P2_candidate_clock,7,6287,0.5002385875616351,0.4974355495518452
UM_V2_DEPTH,123,R2,rolling_evaluation,P2_candidate_clock,8,3723,0.5702390545259199,0.5639835761875082
UM_V2_DEPTH,123,R2,rolling_evaluation,P2_candidate_clock,9,2420,0.6541322314049587,0.6310955155645497
UM_V2_DEPTH,123,R2,rolling_evaluation,P2_candidate_clock,10,1902,0.7060988433228181,0.6993327899225932
UM_V2_DEPTH,123,R2,rolling_evaluation,P2_candidate_clock,11,1571,0.7644812221514958,0.7656632326149108
UM_V2_DEPTH,123,R2,rolling_evaluation,P2_candidate_clock,12,1379,0.8303118201595359,0.8324309060520956
UM_V2_DEPTH,123,R2,rolling_evaluation,P2_candidate_clock,13,1041,0.909702209414025,0.8983098602940729
UM_V2_DEPTH,123,R2,rolling_evaluation,P2_candidate_clock,14,495,0.9696969696969697,0.9509611433825342
UM_V2_DEPTH,123,R2,rolling_evaluation,P3_intersection,0,0,,
UM_V2_DEPTH,123,R2,rolling_evaluation,P3_intersection,1,0,,
UM_V2_DEPTH,123,R2,rolling_evaluation,P3_intersection,2,0,,
UM_V2_DEPTH,123,R2,rolling_evaluation,P3_intersection,3,0,,
UM_V2_DEPTH,123,R2,rolling_evaluation,P3_intersection,4,0,,
UM_V2_DEPTH,123,R2,rolling_evaluation,P3_intersection,5,3172,0.35813366960907944,0.37671234123014674
UM_V2_DEPTH,123,R2,rolling_evaluation,P3_intersection,6,7271,0.4365286755604456,0.43409179463082886
UM_V2_DEPTH,123,R2,rolling_evaluation,P3_intersection,7,6183,0.5036390101892285,0.49741948784073065
UM_V2_DEPTH,123,R2,rolling_evaluation,P3_intersection,8,3658,0.5757244395844724,0.5639492001960468
UM_V2_DEPTH,123,R2,rolling_evaluation,P3_intersection,9,2389,0.656341565508581,0.6311566755553681
UM_V2_DEPTH,123,R2,rolling_evaluation,P3_intersection,10,1891,0.7075621364357483,0.6993852520214787
UM_V2_DEPTH,123,R2,rolling_evaluation,P3_intersection,11,1560,0.7653846153846153,0.7656327268782637
UM_V2_DEPTH,123,R2,rolling_evaluation,P3_intersection,12,1374,0.8304221251819505,0.8323804156269862
UM_V2_DEPTH,123,R2,rolling_evaluation,P3_intersection,13,1034,0.9100580270793037,0.898232504416792
UM_V2_DEPTH,123,R2,rolling_evaluation,P3_intersection,14,495,0.9696969696969697,0.9509611433825342
UM_V2_DEPTH,123,R2,validation,P0_legacy,0,0,,
UM_V2_DEPTH,123,R2,validation,P0_legacy,1,0,,
UM_V2_DEPTH,123,R2,validation,P0_legacy,2,0,,
UM_V2_DEPTH,123,R2,validation,P0_legacy,3,0,,
UM_V2_DEPTH,123,R2,validation,P0_legacy,4,0,,
UM_V2_DEPTH,123,R2,validation,P0_legacy,5,5372,0.3728592702903946,0.3776953671279937
UM_V2_DEPTH,123,R2,validation,P0_legacy,6,12277,0.43219027449702696,0.43453616341729434
UM_V2_DEPTH,123,R2,validation,P0_legacy,7,10811,0.4880214596244566,0.49791988237842744
UM_V2_DEPTH,123,R2,validation,P0_legacy,8,6672,0.5714928057553957,0.5642290876337455
UM_V2_DEPTH,123,R2,validation,P0_legacy,9,4532,0.6365842894969108,0.6315276704096393
UM_V2_DEPTH,123,R2,validation,P0_legacy,10,3401,0.69685386650985,0.6991127447517973
UM_V2_DEPTH,123,R2,validation,P0_legacy,11,2887,0.7616903359889158,0.7651985683290984
UM_V2_DEPTH,123,R2,validation,P0_legacy,12,2359,0.8346757100466299,0.8327562963543944
UM_V2_DEPTH,123,R2,validation,P0_legacy,13,1625,0.8972307692307693,0.8965426392409696
UM_V2_DEPTH,123,R2,validation,P0_legacy,14,338,0.9349112426035503,0.9466190106433826
UM_V2_DEPTH,123,R2,validation,P1_valid_cache_endpoints,0,0,,
UM_V2_DEPTH,123,R2,validation,P1_valid_cache_endpoints,1,0,,
UM_V2_DEPTH,123,R2,validation,P1_valid_cache_endpoints,2,0,,
UM_V2_DEPTH,123,R2,validation,P1_valid_cache_endpoints,3,0,,
UM_V2_DEPTH,123,R2,validation,P1_valid_cache_endpoints,4,0,,
UM_V2_DEPTH,123,R2,validation,P1_valid_cache_endpoints,5,5220,0.3743295019157088,0.3776889318187213
UM_V2_DEPTH,123,R2,validation,P1_valid_cache_endpoints,6,11846,0.4320445720074287,0.43441623005883284
UM_V2_DEPTH,123,R2,validation,P1_valid_cache_endpoints,7,10355,0.48797682279092225,0.49785612886065006
UM_V2_DEPTH,123,R2,validation,P1_valid_cache_endpoints,8,6365,0.5715632364493323,0.5641680928065419
UM_V2_DEPTH,123,R2,validation,P1_valid_cache_endpoints,9,4346,0.6318453750575241,0.6315556544711476
UM_V2_DEPTH,123,R2,validation,P1_valid_cache_endpoints,10,3296,0.6899271844660194,0.6991130593949442
UM_V2_DEPTH,123,R2,validation,P1_valid_cache_endpoints,11,2797,0.7550947443689667,0.7650859651793641
UM_V2_DEPTH,123,R2,validation,P1_valid_cache_endpoints,12,2275,0.8294505494505494,0.8326457287764701
UM_V2_DEPTH,123,R2,validation,P1_valid_cache_endpoints,13,1571,0.8943348185868873,0.8966894284747119
UM_V2_DEPTH,123,R2,validation,P1_valid_cache_endpoints,14,329,0.9331306990881459,0.9466049254694303
UM_V2_DEPTH,123,R2,validation,P2_candidate_clock,0,0,,
UM_V2_DEPTH,123,R2,validation,P2_candidate_clock,1,0,,
UM_V2_DEPTH,123,R2,validation,P2_candidate_clock,2,0,,
UM_V2_DEPTH,123,R2,validation,P2_candidate_clock,3,0,,
UM_V2_DEPTH,123,R2,validation,P2_candidate_clock,4,0,,
UM_V2_DEPTH,123,R2,validation,P2_candidate_clock,5,4922,0.3722064201544088,0.3777168909159384
UM_V2_DEPTH,123,R2,validation,P2_candidate_clock,6,10914,0.4307311709730621,0.4342876345022232
UM_V2_DEPTH,123,R2,validation,P2_candidate_clock,7,9236,0.48668254655695103,0.4978386154872959
UM_V2_DEPTH,123,R2,validation,P2_candidate_clock,8,5540,0.5703971119133574,0.5643091679661446
UM_V2_DEPTH,123,R2,validation,P2_candidate_clock,9,3786,0.6349709455890121,0.6315584814901134
UM_V2_DEPTH,123,R2,validation,P2_candidate_clock,10,2957,0.6969901927629354,0.6992156897758992
UM_V2_DEPTH,123,R2,validation,P2_candidate_clock,11,2535,0.7562130177514793,0.7650848128340233
UM_V2_DEPTH,123,R2,validation,P2_candidate_clock,12,2043,0.8306412139011258,0.8327434375801459
UM_V2_DEPTH,123,R2,validation,P2_candidate_clock,13,1428,0.8970588235294118,0.8968936661448713
UM_V2_DEPTH,123,R2,validation,P2_candidate_clock,14,298,0.9362416107382551,0.9467892285443363
UM_V2_DEPTH,123,R2,validation,P3_intersection,0,0,,
UM_V2_DEPTH,123,R2,validation,P3_intersection,1,0,,
UM_V2_DEPTH,123,R2,validation,P3_intersection,2,0,,
UM_V2_DEPTH,123,R2,validation,P3_intersection,3,0,,
UM_V2_DEPTH,123,R2,validation,P3_intersection,4,0,,
UM_V2_DEPTH,123,R2,validation,P3_intersection,5,4863,0.374254575365001,0.37770752894958515
UM_V2_DEPTH,123,R2,validation,P3_intersection,6,10786,0.431577971444465,0.4342560748341478
UM_V2_DEPTH,123,R2,validation,P3_intersection,7,9096,0.488896218117854,0.49781027413398765
UM_V2_DEPTH,123,R2,validation,P3_intersection,8,5430,0.5747697974217312,0.5643114132099432
UM_V2_DEPTH,123,R2,validation,P3_intersection,9,3733,0.6372890436646129,0.6316540401530467
UM_V2_DEPTH,123,R2,validation,P3_intersection,10,2945,0.6971137521222411,0.6992688283065495
UM_V2_DEPTH,123,R2,validation,P3_intersection,11,2532,0.7571090047393365,0.7651019794344065
UM_V2_DEPTH,123,R2,validation,P3_intersection,12,2038,0.8307163886162905,0.8327509655221773
UM_V2_DEPTH,123,R2,validation,P3_intersection,13,1426,0.8976157082748948,0.8969040577836118
UM_V2_DEPTH,123,R2,validation,P3_intersection,14,298,0.9362416107382551,0.9467892285443363
UM_V2_DEPTH,42,R3,rolling_evaluation,P0_legacy,0,0,,
UM_V2_DEPTH,42,R3,rolling_evaluation,P0_legacy,1,0,,
UM_V2_DEPTH,42,R3,rolling_evaluation,P0_legacy,2,0,,
UM_V2_DEPTH,42,R3,rolling_evaluation,P0_legacy,3,0,,
UM_V2_DEPTH,42,R3,rolling_evaluation,P0_legacy,4,0,,
UM_V2_DEPTH,42,R3,rolling_evaluation,P0_legacy,5,3375,0.37985185185185183,0.3772925662776074
UM_V2_DEPTH,42,R3,rolling_evaluation,P0_legacy,6,7941,0.42916509255761237,0.4344205931855035
UM_V2_DEPTH,42,R3,rolling_evaluation,P0_legacy,7,7625,0.4744918032786885,0.497970012952396
UM_V2_DEPTH,42,R3,rolling_evaluation,P0_legacy,8,4662,0.5441870441870442,0.564243873210257
UM_V2_DEPTH,42,R3,rolling_evaluation,P0_legacy,9,3197,0.6105724116359087,0.6319061564463281
UM_V2_DEPTH,42,R3,rolling_evaluation,P0_legacy,10,2393,0.6615127455077309,0.6985508941929578
UM_V2_DEPTH,42,R3,rolling_evaluation,P0_legacy,11,1895,0.7171503957783641,0.7655976346039224
UM_V2_DEPTH,42,R3,rolling_evaluation,P0_legacy,12,1613,0.7960322380657161,0.8312705002013245
UM_V2_DEPTH,42,R3,rolling_evaluation,P0_legacy,13,988,0.8279352226720648,0.8950281713080799
UM_V2_DEPTH,42,R3,rolling_evaluation,P0_legacy,14,169,0.9349112426035503,0.9458541752488326
UM_V2_DEPTH,42,R3,rolling_evaluation,P1_valid_cache_endpoints,0,0,,
UM_V2_DEPTH,42,R3,rolling_evaluation,P1_valid_cache_endpoints,1,0,,
UM_V2_DEPTH,42,R3,rolling_evaluation,P1_valid_cache_endpoints,2,0,,
UM_V2_DEPTH,42,R3,rolling_evaluation,P1_valid_cache_endpoints,3,0,,
UM_V2_DEPTH,42,R3,rolling_evaluation,P1_valid_cache_endpoints,4,0,,
UM_V2_DEPTH,42,R3,rolling_evaluation,P1_valid_cache_endpoints,5,3200,0.3796875,0.37716819416848024
UM_V2_DEPTH,42,R3,rolling_evaluation,P1_valid_cache_endpoints,6,7503,0.4338264694122351,0.4344382315469433
UM_V2_DEPTH,42,R3,rolling_evaluation,P1_valid_cache_endpoints,7,7122,0.47992137040157257,0.4979435225545565
UM_V2_DEPTH,42,R3,rolling_evaluation,P1_valid_cache_endpoints,8,4331,0.5492957746478874,0.5643259782402205
UM_V2_DEPTH,42,R3,rolling_evaluation,P1_valid_cache_endpoints,9,3045,0.6098522167487684,0.6320206363222924
UM_V2_DEPTH,42,R3,rolling_evaluation,P1_valid_cache_endpoints,10,2312,0.6535467128027682,0.6985392710765165
UM_V2_DEPTH,42,R3,rolling_evaluation,P1_valid_cache_endpoints,11,1843,0.7107976125881714,0.7655325675797988
UM_V2_DEPTH,42,R3,rolling_evaluation,P1_valid_cache_endpoints,12,1551,0.7949709864603481,0.8312587977993147
UM_V2_DEPTH,42,R3,rolling_evaluation,P1_valid_cache_endpoints,13,967,0.8262668045501551,0.8950943513753482
UM_V2_DEPTH,42,R3,rolling_evaluation,P1_valid_cache_endpoints,14,164,0.9329268292682927,0.9460375368686321
UM_V2_DEPTH,42,R3,rolling_evaluation,P2_candidate_clock,0,0,,
UM_V2_DEPTH,42,R3,rolling_evaluation,P2_candidate_clock,1,0,,
UM_V2_DEPTH,42,R3,rolling_evaluation,P2_candidate_clock,2,0,,
UM_V2_DEPTH,42,R3,rolling_evaluation,P2_candidate_clock,3,0,,
UM_V2_DEPTH,42,R3,rolling_evaluation,P2_candidate_clock,4,0,,
UM_V2_DEPTH,42,R3,rolling_evaluation,P2_candidate_clock,5,3083,0.3759325332468375,0.37734375745002463
UM_V2_DEPTH,42,R3,rolling_evaluation,P2_candidate_clock,6,7113,0.43258821875439335,0.4342226370563881
UM_V2_DEPTH,42,R3,rolling_evaluation,P2_candidate_clock,7,6493,0.47451101185892497,0.4976448498944348
UM_V2_DEPTH,42,R3,rolling_evaluation,P2_candidate_clock,8,3905,0.5451984635083227,0.5643498509679308
UM_V2_DEPTH,42,R3,rolling_evaluation,P2_candidate_clock,9,2664,0.6088588588588588,0.631995876166889
UM_V2_DEPTH,42,R3,rolling_evaluation,P2_candidate_clock,10,2071,0.6610333172380493,0.698377417744991
UM_V2_DEPTH,42,R3,rolling_evaluation,P2_candidate_clock,11,1634,0.7105263157894737,0.7654227319598582
UM_V2_DEPTH,42,R3,rolling_evaluation,P2_candidate_clock,12,1403,0.7954383464005702,0.831677606668929
UM_V2_DEPTH,42,R3,rolling_evaluation,P2_candidate_clock,13,890,0.8314606741573034,0.8951948897883817
UM_V2_DEPTH,42,R3,rolling_evaluation,P2_candidate_clock,14,147,0.9455782312925171,0.9461676852171276
UM_V2_DEPTH,42,R3,rolling_evaluation,P3_intersection,0,0,,
UM_V2_DEPTH,42,R3,rolling_evaluation,P3_intersection,1,0,,
UM_V2_DEPTH,42,R3,rolling_evaluation,P3_intersection,2,0,,
UM_V2_DEPTH,42,R3,rolling_evaluation,P3_intersection,3,0,,
UM_V2_DEPTH,42,R3,rolling_evaluation,P3_intersection,4,0,,
UM_V2_DEPTH,42,R3,rolling_evaluation,P3_intersection,5,2977,0.3752099428955324,0.3772831836475362
UM_V2_DEPTH,42,R3,rolling_evaluation,P3_intersection,6,6893,0.43638473814014217,0.4342090376661249
UM_V2_DEPTH,42,R3,rolling_evaluation,P3_intersection,7,6224,0.48232647814910024,0.49765247585489303
UM_V2_DEPTH,42,R3,rolling_evaluation,P3_intersection,8,3730,0.553083109919571,0.5643315062599424
UM_V2_DEPTH,42,R3,rolling_evaluation,P3_intersection,9,2598,0.6158583525789069,0.6320697277229077
UM_V2_DEPTH,42,R3,rolling_evaluation,P3_intersection,10,2059,0.6610004856726567,0.6984567133818672
UM_V2_DEPTH,42,R3,rolling_evaluation,P3_intersection,11,1629,0.7114794352363413,0.7654577613052327
UM_V2_DEPTH,42,R3,rolling_evaluation,P3_intersection,12,1393,0.801148600143575,0.8315563470430396
UM_V2_DEPTH,42,R3,rolling_evaluation,P3_intersection,13,890,0.8314606741573034,0.8951948897883817
UM_V2_DEPTH,42,R3,rolling_evaluation,P3_intersection,14,147,0.9455782312925171,0.9461676852171276
UM_V2_DEPTH,42,R3,validation,P0_legacy,0,0,,
UM_V2_DEPTH,42,R3,validation,P0_legacy,1,0,,
UM_V2_DEPTH,42,R3,validation,P0_legacy,2,0,,
UM_V2_DEPTH,42,R3,validation,P0_legacy,3,0,,
UM_V2_DEPTH,42,R3,validation,P0_legacy,4,0,,
UM_V2_DEPTH,42,R3,validation,P0_legacy,5,4829,0.3725408987367985,0.37760570708374463
UM_V2_DEPTH,42,R3,validation,P0_legacy,6,11521,0.43086537626942106,0.43487343025371905
UM_V2_DEPTH,42,R3,validation,P0_legacy,7,10905,0.49105914718019256,0.49768984278340117
UM_V2_DEPTH,42,R3,validation,P0_legacy,8,6881,0.5522453131812236,0.5642980510646742
UM_V2_DEPTH,42,R3,validation,P0_legacy,9,4694,0.6269706007669366,0.6313678575642694
UM_V2_DEPTH,42,R3,validation,P0_legacy,10,3552,0.7024211711711712,0.6989742215864786
UM_V2_DEPTH,42,R3,validation,P0_legacy,11,2974,0.7454606590450572,0.7656681111096517
UM_V2_DEPTH,42,R3,validation,P0_legacy,12,2397,0.8156028368794326,0.8318692679282561
UM_V2_DEPTH,42,R3,validation,P0_legacy,13,1896,0.9029535864978903,0.8983495462000294
UM_V2_DEPTH,42,R3,validation,P0_legacy,14,625,0.9488,0.9499188582470582
UM_V2_DEPTH,42,R3,validation,P1_valid_cache_endpoints,0,0,,
UM_V2_DEPTH,42,R3,validation,P1_valid_cache_endpoints,1,0,,
UM_V2_DEPTH,42,R3,validation,P1_valid_cache_endpoints,2,0,,
UM_V2_DEPTH,42,R3,validation,P1_valid_cache_endpoints,3,0,,
UM_V2_DEPTH,42,R3,validation,P1_valid_cache_endpoints,4,0,,
UM_V2_DEPTH,42,R3,validation,P1_valid_cache_endpoints,5,4693,0.37140421904964843,0.37760964693599686
UM_V2_DEPTH,42,R3,validation,P1_valid_cache_endpoints,6,11110,0.4312331233123312,0.434880278952361
UM_V2_DEPTH,42,R3,validation,P1_valid_cache_endpoints,7,10442,0.4921470982570389,0.4976779610346948
UM_V2_DEPTH,42,R3,validation,P1_valid_cache_endpoints,8,6557,0.5531493060850999,0.5643331589297937
UM_V2_DEPTH,42,R3,validation,P1_valid_cache_endpoints,9,4473,0.6219539458976079,0.631392604784538
UM_V2_DEPTH,42,R3,validation,P1_valid_cache_endpoints,10,3414,0.6971294669009959,0.6990864339898347
UM_V2_DEPTH,42,R3,validation,P1_valid_cache_endpoints,11,2880,0.7388888888888889,0.765701810712366
UM_V2_DEPTH,42,R3,validation,P1_valid_cache_endpoints,12,2319,0.8106942647692971,0.8319066536020868
UM_V2_DEPTH,42,R3,validation,P1_valid_cache_endpoints,13,1835,0.9013623978201635,0.8982353761943533
UM_V2_DEPTH,42,R3,validation,P1_valid_cache_endpoints,14,608,0.9473684210526315,0.9499676972250256
UM_V2_DEPTH,42,R3,validation,P2_candidate_clock,0,0,,
UM_V2_DEPTH,42,R3,validation,P2_candidate_clock,1,0,,
UM_V2_DEPTH,42,R3,validation,P2_candidate_clock,2,0,,
UM_V2_DEPTH,42,R3,validation,P2_candidate_clock,3,0,,
UM_V2_DEPTH,42,R3,validation,P2_candidate_clock,4,0,,
UM_V2_DEPTH,42,R3,validation,P2_candidate_clock,5,4408,0.37250453720508164,0.3775943181095807
UM_V2_DEPTH,42,R3,validation,P2_candidate_clock,6,10391,0.43027620055817534,0.43473278814867927
UM_V2_DEPTH,42,R3,validation,P2_candidate_clock,7,9245,0.48826392644672795,0.4976497823890382
UM_V2_DEPTH,42,R3,validation,P2_candidate_clock,8,5761,0.5478215587571602,0.5641339661764492
UM_V2_DEPTH,42,R3,validation,P2_candidate_clock,9,3939,0.628078192434628,0.6315067497646404
UM_V2_DEPTH,42,R3,validation,P2_candidate_clock,10,3007,0.7040239441303625,0.6988829891476471
UM_V2_DEPTH,42,R3,validation,P2_candidate_clock,11,2603,0.7452938916634653,0.765841187682376
UM_V2_DEPTH,42,R3,validation,P2_candidate_clock,12,2097,0.8087744396757273,0.8320884667380142
UM_V2_DEPTH,42,R3,validation,P2_candidate_clock,13,1654,0.909310761789601,0.8981110726331
UM_V2_DEPTH,42,R3,validation,P2_candidate_clock,14,554,0.9476534296028881,0.9502457462856155
UM_V2_DEPTH,42,R3,validation,P3_intersection,0,0,,
UM_V2_DEPTH,42,R3,validation,P3_intersection,1,0,,
UM_V2_DEPTH,42,R3,validation,P3_intersection,2,0,,
UM_V2_DEPTH,42,R3,validation,P3_intersection,3,0,,
UM_V2_DEPTH,42,R3,validation,P3_intersection,4,0,,
UM_V2_DEPTH,42,R3,validation,P3_intersection,5,4372,0.3737419945105215,0.3776131559880513
UM_V2_DEPTH,42,R3,validation,P3_intersection,6,10244,0.43196017180788754,0.43470955170027076
UM_V2_DEPTH,42,R3,validation,P3_intersection,7,9093,0.49070713735840754,0.49764303333709636
UM_V2_DEPTH,42,R3,validation,P3_intersection,8,5650,0.5529203539823009,0.56415554891722
UM_V2_DEPTH,42,R3,validation,P3_intersection,9,3869,0.6316877746187646,0.6315309355016638
UM_V2_DEPTH,42,R3,validation,P3_intersection,10,2979,0.7056059080228264,0.6989273759438346
UM_V2_DEPTH,42,R3,validation,P3_intersection,11,2593,0.7462398765908215,0.7658578178084973
UM_V2_DEPTH,42,R3,validation,P3_intersection,12,2087,0.8092956396741735,0.8320798339024463
UM_V2_DEPTH,42,R3,validation,P3_intersection,13,1646,0.9100850546780073,0.8980637616770379
UM_V2_DEPTH,42,R3,validation,P3_intersection,14,552,0.947463768115942,0.9502864512317654
UM_V2_DEPTH,7,R3,rolling_evaluation,P0_legacy,0,0,,
UM_V2_DEPTH,7,R3,rolling_evaluation,P0_legacy,1,0,,
UM_V2_DEPTH,7,R3,rolling_evaluation,P0_legacy,2,0,,
UM_V2_DEPTH,7,R3,rolling_evaluation,P0_legacy,3,0,,
UM_V2_DEPTH,7,R3,rolling_evaluation,P0_legacy,4,0,,
UM_V2_DEPTH,7,R3,rolling_evaluation,P0_legacy,5,3496,0.3784324942791762,0.3765992006529405
UM_V2_DEPTH,7,R3,rolling_evaluation,P0_legacy,6,7757,0.4287740105710971,0.4347318247420459
UM_V2_DEPTH,7,R3,rolling_evaluation,P0_legacy,7,7294,0.48080614203454897,0.49773449564862887
UM_V2_DEPTH,7,R3,rolling_evaluation,P0_legacy,8,4752,0.5378787878787878,0.5644173975355566
UM_V2_DEPTH,7,R3,rolling_evaluation,P0_legacy,9,3211,0.6100903145437558,0.6318913379455993
UM_V2_DEPTH,7,R3,rolling_evaluation,P0_legacy,10,2552,0.6610501567398119,0.6984918676753958
UM_V2_DEPTH,7,R3,rolling_evaluation,P0_legacy,11,1982,0.7088799192734612,0.7652486834340818
UM_V2_DEPTH,7,R3,rolling_evaluation,P0_legacy,12,1573,0.7927527018436109,0.8312211656158928
UM_V2_DEPTH,7,R3,rolling_evaluation,P0_legacy,13,1042,0.8253358925143954,0.8967787464239877
UM_V2_DEPTH,7,R3,rolling_evaluation,P0_legacy,14,199,0.9296482412060302,0.9483809885908919
UM_V2_DEPTH,7,R3,rolling_evaluation,P1_valid_cache_endpoints,0,0,,
UM_V2_DEPTH,7,R3,rolling_evaluation,P1_valid_cache_endpoints,1,0,,
UM_V2_DEPTH,7,R3,rolling_evaluation,P1_valid_cache_endpoints,2,0,,
UM_V2_DEPTH,7,R3,rolling_evaluation,P1_valid_cache_endpoints,3,0,,
UM_V2_DEPTH,7,R3,rolling_evaluation,P1_valid_cache_endpoints,4,0,,
UM_V2_DEPTH,7,R3,rolling_evaluation,P1_valid_cache_endpoints,5,3308,0.37968561064087064,0.3765546802247667
UM_V2_DEPTH,7,R3,rolling_evaluation,P1_valid_cache_endpoints,6,7273,0.431458820294239,0.4345950765710657
UM_V2_DEPTH,7,R3,rolling_evaluation,P1_valid_cache_endpoints,7,6777,0.48502287147705475,0.4975396120217747
UM_V2_DEPTH,7,R3,rolling_evaluation,P1_valid_cache_endpoints,8,4458,0.5410497981157469,0.5645052816726346
UM_V2_DEPTH,7,R3,rolling_evaluation,P1_valid_cache_endpoints,9,3092,0.6044631306597671,0.6320246352209914
UM_V2_DEPTH,7,R3,rolling_evaluation,P1_valid_cache_endpoints,10,2467,0.6558573165788407,0.6984586441543671
UM_V2_DEPTH,7,R3,rolling_evaluation,P1_valid_cache_endpoints,11,1917,0.7037037037037037,0.7651097045666159
UM_V2_DEPTH,7,R3,rolling_evaluation,P1_valid_cache_endpoints,12,1529,0.7867887508175277,0.8312247692685449
UM_V2_DEPTH,7,R3,rolling_evaluation,P1_valid_cache_endpoints,13,1023,0.8220918866080157,0.8968376470074211
UM_V2_DEPTH,7,R3,rolling_evaluation,P1_valid_cache_endpoints,14,194,0.9278350515463918,0.9484431679532621
UM_V2_DEPTH,7,R3,rolling_evaluation,P2_candidate_clock,0,0,,
UM_V2_DEPTH,7,R3,rolling_evaluation,P2_candidate_clock,1,0,,
UM_V2_DEPTH,7,R3,rolling_evaluation,P2_candidate_clock,2,0,,
UM_V2_DEPTH,7,R3,rolling_evaluation,P2_candidate_clock,3,0,,
UM_V2_DEPTH,7,R3,rolling_evaluation,P2_candidate_clock,4,0,,
UM_V2_DEPTH,7,R3,rolling_evaluation,P2_candidate_clock,5,3184,0.3803391959798995,0.37653295782354734
UM_V2_DEPTH,7,R3,rolling_evaluation,P2_candidate_clock,6,6883,0.43048089495859365,0.43450034049545
UM_V2_DEPTH,7,R3,rolling_evaluation,P2_candidate_clock,7,6227,0.4830576521599486,0.4974807631739181
UM_V2_DEPTH,7,R3,rolling_evaluation,P2_candidate_clock,8,3940,0.533248730964467,0.5643470385711297
UM_V2_DEPTH,7,R3,rolling_evaluation,P2_candidate_clock,9,2724,0.6071953010279001,0.6320954199055783
UM_V2_DEPTH,7,R3,rolling_evaluation,P2_candidate_clock,10,2200,0.6586363636363637,0.6986878558465921
UM_V2_DEPTH,7,R3,rolling_evaluation,P2_candidate_clock,11,1728,0.6996527777777778,0.7649208770578682
UM_V2_DEPTH,7,R3,rolling_evaluation,P2_candidate_clock,12,1388,0.7946685878962536,0.8314662512614138
UM_V2_DEPTH,7,R3,rolling_evaluation,P2_candidate_clock,13,950,0.8242105263157895,0.8967485336395588
UM_V2_DEPTH,7,R3,rolling_evaluation,P2_candidate_clock,14,179,0.9385474860335196,0.9481211486605682
UM_V2_DEPTH,7,R3,rolling_evaluation,P3_intersection,0,0,,
UM_V2_DEPTH,7,R3,rolling_evaluation,P3_intersection,1,0,,
UM_V2_DEPTH,7,R3,rolling_evaluation,P3_intersection,2,0,,
UM_V2_DEPTH,7,R3,rolling_evaluation,P3_intersection,3,0,,
UM_V2_DEPTH,7,R3,rolling_evaluation,P3_intersection,4,0,,
UM_V2_DEPTH,7,R3,rolling_evaluation,P3_intersection,5,3077,0.37959051023724405,0.37657917160138366
UM_V2_DEPTH,7,R3,rolling_evaluation,P3_intersection,6,6613,0.43384243157417207,0.4344006183436232
UM_V2_DEPTH,7,R3,rolling_evaluation,P3_intersection,7,5957,0.48967601141514183,0.4973505792752557
UM_V2_DEPTH,7,R3,rolling_evaluation,P3_intersection,8,3784,0.5412262156448203,0.5644563721873199
UM_V2_DEPTH,7,R3,rolling_evaluation,P3_intersection,9,2690,0.6092936802973977,0.632204417404766
UM_V2_DEPTH,7,R3,rolling_evaluation,P3_intersection,10,2182,0.6617781851512374,0.6985981664181358
UM_V2_DEPTH,7,R3,rolling_evaluation,P3_intersection,11,1720,0.7017441860465117,0.7650344267741748
UM_V2_DEPTH,7,R3,rolling_evaluation,P3_intersection,12,1388,0.7946685878962536,0.8314662512614138
UM_V2_DEPTH,7,R3,rolling_evaluation,P3_intersection,13,950,0.8242105263157895,0.8967485336395588
UM_V2_DEPTH,7,R3,rolling_evaluation,P3_intersection,14,179,0.9385474860335196,0.9481211486605682
UM_V2_DEPTH,7,R3,validation,P0_legacy,0,0,,
UM_V2_DEPTH,7,R3,validation,P0_legacy,1,0,,
UM_V2_DEPTH,7,R3,validation,P0_legacy,2,0,,
UM_V2_DEPTH,7,R3,validation,P0_legacy,3,0,,
UM_V2_DEPTH,7,R3,validation,P0_legacy,4,0,,
UM_V2_DEPTH,7,R3,validation,P0_legacy,5,4818,0.3609381486093815,0.3773180031605716
UM_V2_DEPTH,7,R3,validation,P0_legacy,6,11226,0.42864778193479425,0.434602673231165
UM_V2_DEPTH,7,R3,validation,P0_legacy,7,10436,0.47719432732847833,0.4982774727677419
UM_V2_DEPTH,7,R3,validation,P0_legacy,8,6983,0.5486180724616927,0.564758075032055
UM_V2_DEPTH,7,R3,validation,P0_legacy,9,4794,0.6339173967459324,0.6319705916945838
UM_V2_DEPTH,7,R3,validation,P0_legacy,10,3757,0.6883151450625499,0.6991038176521877
UM_V2_DEPTH,7,R3,validation,P0_legacy,11,3159,0.7556188667299778,0.7655824640372946
UM_V2_DEPTH,7,R3,validation,P0_legacy,12,2542,0.8036978756884343,0.8321987393197835
UM_V2_DEPTH,7,R3,validation,P0_legacy,13,1883,0.88688263409453,0.89763740440041
UM_V2_DEPTH,7,R3,validation,P0_legacy,14,676,0.9659763313609467,0.9497898911484086
UM_V2_DEPTH,7,R3,validation,P1_valid_cache_endpoints,0,0,,
UM_V2_DEPTH,7,R3,validation,P1_valid_cache_endpoints,1,0,,
UM_V2_DEPTH,7,R3,validation,P1_valid_cache_endpoints,2,0,,
UM_V2_DEPTH,7,R3,validation,P1_valid_cache_endpoints,3,0,,
UM_V2_DEPTH,7,R3,validation,P1_valid_cache_endpoints,4,0,,
UM_V2_DEPTH,7,R3,validation,P1_valid_cache_endpoints,5,4678,0.3591278324070115,0.3772721782684208
UM_V2_DEPTH,7,R3,validation,P1_valid_cache_endpoints,6,10800,0.42916666666666664,0.43456097405072525
UM_V2_DEPTH,7,R3,validation,P1_valid_cache_endpoints,7,10018,0.4790377320822519,0.4983478812822008
UM_V2_DEPTH,7,R3,validation,P1_valid_cache_endpoints,8,6625,0.5461132075471699,0.5648704814713487
UM_V2_DEPTH,7,R3,validation,P1_valid_cache_endpoints,9,4583,0.6271001527383809,0.6320243932001661
UM_V2_DEPTH,7,R3,validation,P1_valid_cache_endpoints,10,3621,0.6790941728804197,0.6991530563050323
UM_V2_DEPTH,7,R3,validation,P1_valid_cache_endpoints,11,3055,0.7489361702127659,0.7656232007885858
UM_V2_DEPTH,7,R3,validation,P1_valid_cache_endpoints,12,2460,0.7983739837398374,0.832196346222941
UM_V2_DEPTH,7,R3,validation,P1_valid_cache_endpoints,13,1833,0.8854337152209493,0.8975418146636381
UM_V2_DEPTH,7,R3,validation,P1_valid_cache_endpoints,14,658,0.9650455927051672,0.9498666038184057
UM_V2_DEPTH,7,R3,validation,P2_candidate_clock,0,0,,
UM_V2_DEPTH,7,R3,validation,P2_candidate_clock,1,0,,
UM_V2_DEPTH,7,R3,validation,P2_candidate_clock,2,0,,
UM_V2_DEPTH,7,R3,validation,P2_candidate_clock,3,0,,
UM_V2_DEPTH,7,R3,validation,P2_candidate_clock,4,0,,
UM_V2_DEPTH,7,R3,validation,P2_candidate_clock,5,4409,0.35949194828759357,0.3773034113740364
UM_V2_DEPTH,7,R3,validation,P2_candidate_clock,6,9983,0.4249223680256436,0.43431579648431307
UM_V2_DEPTH,7,R3,validation,P2_candidate_clock,7,8963,0.4758451411357804,0.4982130563635478
UM_V2_DEPTH,7,R3,validation,P2_candidate_clock,8,5786,0.5407881092291739,0.5647114256709611
UM_V2_DEPTH,7,R3,validation,P2_candidate_clock,9,3974,0.6331152491192753,0.6321606242901906
UM_V2_DEPTH,7,R3,validation,P2_candidate_clock,10,3248,0.6859605911330049,0.6992736667230733
UM_V2_DEPTH,7,R3,validation,P2_candidate_clock,11,2778,0.7508999280057596,0.7656460647807453
UM_V2_DEPTH,7,R3,validation,P2_candidate_clock,12,2249,0.799466429524233,0.8322009128885937
UM_V2_DEPTH,7,R3,validation,P2_candidate_clock,13,1665,0.8924924924924925,0.8977178175390844
UM_V2_DEPTH,7,R3,validation,P2_candidate_clock,14,604,0.9668874172185431,0.950035453788869
UM_V2_DEPTH,7,R3,validation,P3_intersection,0,0,,
UM_V2_DEPTH,7,R3,validation,P3_intersection,1,0,,
UM_V2_DEPTH,7,R3,validation,P3_intersection,2,0,,
UM_V2_DEPTH,7,R3,validation,P3_intersection,3,0,,
UM_V2_DEPTH,7,R3,validation,P3_intersection,4,0,,
UM_V2_DEPTH,7,R3,validation,P3_intersection,5,4368,0.3598901098901099,0.3772652608037907
UM_V2_DEPTH,7,R3,validation,P3_intersection,6,9837,0.4271627528718105,0.43430991144778713
UM_V2_DEPTH,7,R3,validation,P3_intersection,7,8807,0.47905075508118544,0.4982401395255097
UM_V2_DEPTH,7,R3,validation,P3_intersection,8,5661,0.5442501324854266,0.5647642863324572
UM_V2_DEPTH,7,R3,validation,P3_intersection,9,3924,0.6350662589194699,0.6321304451289255
UM_V2_DEPTH,7,R3,validation,P3_intersection,10,3228,0.6855638166047088,0.6992570320134893
UM_V2_DEPTH,7,R3,validation,P3_intersection,11,2765,0.7511754068716094,0.7656675370399506
UM_V2_DEPTH,7,R3,validation,P3_intersection,12,2237,0.7997317836388019,0.8321792370290907
UM_V2_DEPTH,7,R3,validation,P3_intersection,13,1654,0.8935912938331319,0.8976107481419787
UM_V2_DEPTH,7,R3,validation,P3_intersection,14,604,0.9668874172185431,0.950035453788869
UM_V2_DEPTH,123,R3,rolling_evaluation,P0_legacy,0,0,,
UM_V2_DEPTH,123,R3,rolling_evaluation,P0_legacy,1,0,,
UM_V2_DEPTH,123,R3,rolling_evaluation,P0_legacy,2,0,,
UM_V2_DEPTH,123,R3,rolling_evaluation,P0_legacy,3,0,,
UM_V2_DEPTH,123,R3,rolling_evaluation,P0_legacy,4,0,,
UM_V2_DEPTH,123,R3,rolling_evaluation,P0_legacy,5,3496,0.38100686498855835,0.37690693460742486
UM_V2_DEPTH,123,R3,rolling_evaluation,P0_legacy,6,8045,0.4334369173399627,0.4345649090562929
UM_V2_DEPTH,123,R3,rolling_evaluation,P0_legacy,7,7735,0.47912087912087914,0.49804355302632114
UM_V2_DEPTH,123,R3,rolling_evaluation,P0_legacy,8,4638,0.5442000862440707,0.5639799569502034
UM_V2_DEPTH,123,R3,rolling_evaluation,P0_legacy,9,3140,0.6076433121019108,0.631352347020063
UM_V2_DEPTH,123,R3,rolling_evaluation,P0_legacy,10,2228,0.6736983842010772,0.6983696835729396
UM_V2_DEPTH,123,R3,rolling_evaluation,P0_legacy,11,1792,0.7059151785714286,0.765595217267272
UM_V2_DEPTH,123,R3,rolling_evaluation,P0_legacy,12,1515,0.8066006600660066,0.8324610708310548
UM_V2_DEPTH,123,R3,rolling_evaluation,P0_legacy,13,1037,0.8129218900675024,0.8967118060694592
UM_V2_DEPTH,123,R3,rolling_evaluation,P0_legacy,14,232,0.8793103448275862,0.9492276616818968
UM_V2_DEPTH,123,R3,rolling_evaluation,P1_valid_cache_endpoints,0,0,,
UM_V2_DEPTH,123,R3,rolling_evaluation,P1_valid_cache_endpoints,1,0,,
UM_V2_DEPTH,123,R3,rolling_evaluation,P1_valid_cache_endpoints,2,0,,
UM_V2_DEPTH,123,R3,rolling_evaluation,P1_valid_cache_endpoints,3,0,,
UM_V2_DEPTH,123,R3,rolling_evaluation,P1_valid_cache_endpoints,4,0,,
UM_V2_DEPTH,123,R3,rolling_evaluation,P1_valid_cache_endpoints,5,3296,0.38349514563106796,0.3768347827776455
UM_V2_DEPTH,123,R3,rolling_evaluation,P1_valid_cache_endpoints,6,7589,0.436552905521149,0.4345456495637386
UM_V2_DEPTH,123,R3,rolling_evaluation,P1_valid_cache_endpoints,7,7197,0.4850632207864388,0.49791956784136426
UM_V2_DEPTH,123,R3,rolling_evaluation,P1_valid_cache_endpoints,8,4331,0.5495266682059571,0.5642163323673929
UM_V2_DEPTH,123,R3,rolling_evaluation,P1_valid_cache_endpoints,9,3014,0.6038487060384871,0.6313656424452564
UM_V2_DEPTH,123,R3,rolling_evaluation,P1_valid_cache_endpoints,10,2169,0.6698939603503918,0.6984405758433682
UM_V2_DEPTH,123,R3,rolling_evaluation,P1_valid_cache_endpoints,11,1735,0.6962536023054755,0.7655048614300679
UM_V2_DEPTH,123,R3,rolling_evaluation,P1_valid_cache_endpoints,12,1477,0.8016249153689912,0.8325222897144319
UM_V2_DEPTH,123,R3,rolling_evaluation,P1_valid_cache_endpoints,13,1003,0.8195413758723828,0.8966663744183181
UM_V2_DEPTH,123,R3,rolling_evaluation,P1_valid_cache_endpoints,14,227,0.8766519823788547,0.949241934796197
UM_V2_DEPTH,123,R3,rolling_evaluation,P2_candidate_clock,0,0,,
UM_V2_DEPTH,123,R3,rolling_evaluation,P2_candidate_clock,1,0,,
UM_V2_DEPTH,123,R3,rolling_evaluation,P2_candidate_clock,2,0,,
UM_V2_DEPTH,123,R3,rolling_evaluation,P2_candidate_clock,3,0,,
UM_V2_DEPTH,123,R3,rolling_evaluation,P2_candidate_clock,4,0,,
UM_V2_DEPTH,123,R3,rolling_evaluation,P2_candidate_clock,5,3166,0.38534428300694884,0.37697139615716024
UM_V2_DEPTH,123,R3,rolling_evaluation,P2_candidate_clock,6,7189,0.4353873974127139,0.4343344910766965
UM_V2_DEPTH,123,R3,rolling_evaluation,P2_candidate_clock,7,6565,0.4798172124904798,0.4978547566794693
UM_V2_DEPTH,123,R3,rolling_evaluation,P2_candidate_clock,8,3881,0.545735635145581,0.5640479632699381
UM_V2_DEPTH,123,R3,rolling_evaluation,P2_candidate_clock,9,2630,0.6091254752851711,0.6315508651984331
UM_V2_DEPTH,123,R3,rolling_evaluation,P2_candidate_clock,10,1930,0.6668393782383419,0.6985300668960349
UM_V2_DEPTH,123,R3,rolling_evaluation,P2_candidate_clock,11,1554,0.7001287001287001,0.7655569175693593
UM_V2_DEPTH,123,R3,rolling_evaluation,P2_candidate_clock,12,1340,0.8059701492537313,0.8329017306140455
UM_V2_DEPTH,123,R3,rolling_evaluation,P2_candidate_clock,13,944,0.8146186440677966,0.8966400833001362
UM_V2_DEPTH,123,R3,rolling_evaluation,P2_candidate_clock,14,204,0.8823529411764706,0.9492808196212867
UM_V2_DEPTH,123,R3,rolling_evaluation,P3_intersection,0,0,,
UM_V2_DEPTH,123,R3,rolling_evaluation,P3_intersection,1,0,,
UM_V2_DEPTH,123,R3,rolling_evaluation,P3_intersection,2,0,,
UM_V2_DEPTH,123,R3,rolling_evaluation,P3_intersection,3,0,,
UM_V2_DEPTH,123,R3,rolling_evaluation,P3_intersection,4,0,,
UM_V2_DEPTH,123,R3,rolling_evaluation,P3_intersection,5,3063,0.386222657525302,0.3769565575093182
UM_V2_DEPTH,123,R3,rolling_evaluation,P3_intersection,6,6935,0.4383561643835616,0.4343216392938074
UM_V2_DEPTH,123,R3,rolling_evaluation,P3_intersection,7,6280,0.48742038216560507,0.49778802777517983
UM_V2_DEPTH,123,R3,rolling_evaluation,P3_intersection,8,3724,0.5537056928034372,0.5642446603139966
UM_V2_DEPTH,123,R3,rolling_evaluation,P3_intersection,9,2587,0.611905682257441,0.6316062867349876
UM_V2_DEPTH,123,R3,rolling_evaluation,P3_intersection,10,1919,0.6696195935383012,0.6985539797769241
UM_V2_DEPTH,123,R3,rolling_evaluation,P3_intersection,11,1554,0.7001287001287001,0.7655569175693593
UM_V2_DEPTH,123,R3,rolling_evaluation,P3_intersection,12,1340,0.8059701492537313,0.8329017306140455
UM_V2_DEPTH,123,R3,rolling_evaluation,P3_intersection,13,934,0.8233404710920771,0.8965616591928579
UM_V2_DEPTH,123,R3,rolling_evaluation,P3_intersection,14,204,0.8823529411764706,0.9492808196212867
UM_V2_DEPTH,123,R3,validation,P0_legacy,0,0,,
UM_V2_DEPTH,123,R3,validation,P0_legacy,1,0,,
UM_V2_DEPTH,123,R3,validation,P0_legacy,2,0,,
UM_V2_DEPTH,123,R3,validation,P0_legacy,3,0,,
UM_V2_DEPTH,123,R3,validation,P0_legacy,4,0,,
UM_V2_DEPTH,123,R3,validation,P0_legacy,5,4972,0.36283185840707965,0.3774423169802375
UM_V2_DEPTH,123,R3,validation,P0_legacy,6,11562,0.42492648330738625,0.43445830458118645
UM_V2_DEPTH,123,R3,validation,P0_legacy,7,11042,0.485872124615106,0.4980740639457112
UM_V2_DEPTH,123,R3,validation,P0_legacy,8,7072,0.553591628959276,0.5638724231044586
UM_V2_DEPTH,123,R3,validation,P0_legacy,9,4550,0.6410989010989011,0.6315017019155806
UM_V2_DEPTH,123,R3,validation,P0_legacy,10,3373,0.7002668247850579,0.6985822162670489
UM_V2_DEPTH,123,R3,validation,P0_legacy,11,2743,0.7550127597520963,0.7660064950061589
UM_V2_DEPTH,123,R3,validation,P0_legacy,12,2333,0.8088298328332619,0.8324481025210565
UM_V2_DEPTH,123,R3,validation,P0_legacy,13,1791,0.8855388051367951,0.8986092500363926
UM_V2_DEPTH,123,R3,validation,P0_legacy,14,836,0.9593301435406698,0.9536094601436325
UM_V2_DEPTH,123,R3,validation,P1_valid_cache_endpoints,0,0,,
UM_V2_DEPTH,123,R3,validation,P1_valid_cache_endpoints,1,0,,
UM_V2_DEPTH,123,R3,validation,P1_valid_cache_endpoints,2,0,,
UM_V2_DEPTH,123,R3,validation,P1_valid_cache_endpoints,3,0,,
UM_V2_DEPTH,123,R3,validation,P1_valid_cache_endpoints,4,0,,
UM_V2_DEPTH,123,R3,validation,P1_valid_cache_endpoints,5,4819,0.3639759286158954,0.3774349396225317
UM_V2_DEPTH,123,R3,validation,P1_valid_cache_endpoints,6,11141,0.42599407593573285,0.43447219038777374
UM_V2_DEPTH,123,R3,validation,P1_valid_cache_endpoints,7,10571,0.48746570806924605,0.498004201733808
UM_V2_DEPTH,123,R3,validation,P1_valid_cache_endpoints,8,6746,0.5545508449451527,0.5638166360605973
UM_V2_DEPTH,123,R3,validation,P1_valid_cache_endpoints,9,4344,0.636049723756906,0.6315200132177489
UM_V2_DEPTH,123,R3,validation,P1_valid_cache_endpoints,10,3243,0.6934936786925686,0.6985743132377431
UM_V2_DEPTH,123,R3,validation,P1_valid_cache_endpoints,11,2645,0.7478260869565218,0.7659684469247894
UM_V2_DEPTH,123,R3,validation,P1_valid_cache_endpoints,12,2277,0.8054457619675011,0.8324645173276273
UM_V2_DEPTH,123,R3,validation,P1_valid_cache_endpoints,13,1737,0.8842832469775475,0.8986886931215833
UM_V2_DEPTH,123,R3,validation,P1_valid_cache_endpoints,14,808,0.9579207920792079,0.9537938739464416
UM_V2_DEPTH,123,R3,validation,P2_candidate_clock,0,0,,
UM_V2_DEPTH,123,R3,validation,P2_candidate_clock,1,0,,
UM_V2_DEPTH,123,R3,validation,P2_candidate_clock,2,0,,
UM_V2_DEPTH,123,R3,validation,P2_candidate_clock,3,0,,
UM_V2_DEPTH,123,R3,validation,P2_candidate_clock,4,0,,
UM_V2_DEPTH,123,R3,validation,P2_candidate_clock,5,4508,0.36379769299023956,0.3774017298634404
UM_V2_DEPTH,123,R3,validation,P2_candidate_clock,6,10344,0.4252706883217324,0.4343194099092673
UM_V2_DEPTH,123,R3,validation,P2_candidate_clock,7,9443,0.48332097850259453,0.4979051710495147
UM_V2_DEPTH,123,R3,validation,P2_candidate_clock,8,5885,0.551231945624469,0.5638641931951532
UM_V2_DEPTH,123,R3,validation,P2_candidate_clock,9,3783,0.6404969600845889,0.631564411615669
UM_V2_DEPTH,123,R3,validation,P2_candidate_clock,10,2878,0.6997915218902016,0.6989177520290012
UM_V2_DEPTH,123,R3,validation,P2_candidate_clock,11,2411,0.7498963085856492,0.7659942697974546
UM_V2_DEPTH,123,R3,validation,P2_candidate_clock,12,2071,0.8054080154514727,0.8323811263059174
UM_V2_DEPTH,123,R3,validation,P2_candidate_clock,13,1600,0.889375,0.8987742983747478
UM_V2_DEPTH,123,R3,validation,P2_candidate_clock,14,736,0.9592391304347826,0.9540712214785166
UM_V2_DEPTH,123,R3,validation,P3_intersection,0,0,,
UM_V2_DEPTH,123,R3,validation,P3_intersection,1,0,,
UM_V2_DEPTH,123,R3,validation,P3_intersection,2,0,,
UM_V2_DEPTH,123,R3,validation,P3_intersection,3,0,,
UM_V2_DEPTH,123,R3,validation,P3_intersection,4,0,,
UM_V2_DEPTH,123,R3,validation,P3_intersection,5,4460,0.3647982062780269,0.37735947160060596
UM_V2_DEPTH,123,R3,validation,P3_intersection,6,10207,0.4266679729597335,0.43428802053584686
UM_V2_DEPTH,123,R3,validation,P3_intersection,7,9279,0.4857204440133635,0.4978746657505651
UM_V2_DEPTH,123,R3,validation,P3_intersection,8,5778,0.555901696088612,0.5638633342448579
UM_V2_DEPTH,123,R3,validation,P3_intersection,9,3719,0.6434525410056466,0.6315718811892004
UM_V2_DEPTH,123,R3,validation,P3_intersection,10,2857,0.7003850192509625,0.6989001366354837
UM_V2_DEPTH,123,R3,validation,P3_intersection,11,2398,0.7506255212677231,0.7659790803482767
UM_V2_DEPTH,123,R3,validation,P3_intersection,12,2065,0.8062953995157385,0.8323778568311679
UM_V2_DEPTH,123,R3,validation,P3_intersection,13,1590,0.8905660377358491,0.8988153137112954
UM_V2_DEPTH,123,R3,validation,P3_intersection,14,732,0.9590163934426229,0.9541544820146254
UX,42,main,development_holdout,P0_legacy,0,0,,
UX,42,main,development_holdout,P0_legacy,1,0,,
UX,42,main,development_holdout,P0_legacy,2,0,,
UX,42,main,development_holdout,P0_legacy,3,0,,
UX,42,main,development_holdout,P0_legacy,4,0,,
UX,42,main,development_holdout,P0_legacy,5,9482,0.3723897911832947,0.3774900774604773
UX,42,main,development_holdout,P0_legacy,6,23031,0.4236463896487343,0.43500247239900786
UX,42,main,development_holdout,P0_legacy,7,21722,0.4791916029831507,0.4979674873565848
UX,42,main,development_holdout,P0_legacy,8,14256,0.5427188552188552,0.5643360048388412
UX,42,main,development_holdout,P0_legacy,9,9689,0.6134792032201466,0.6311874032678393
UX,42,main,development_holdout,P0_legacy,10,7258,0.6758060071645081,0.6986105811152346
UX,42,main,development_holdout,P0_legacy,11,6112,0.737401832460733,0.7657881154242042
UX,42,main,development_holdout,P0_legacy,12,5113,0.8042245257187561,0.8324537573796479
UX,42,main,development_holdout,P0_legacy,13,3845,0.8725617685305592,0.8967786697418905
UX,42,main,development_holdout,P0_legacy,14,1066,0.9418386491557224,0.949973737448661
UX,42,main,development_holdout,P1_valid_cache_endpoints,0,0,,
UX,42,main,development_holdout,P1_valid_cache_endpoints,1,0,,
UX,42,main,development_holdout,P1_valid_cache_endpoints,2,0,,
UX,42,main,development_holdout,P1_valid_cache_endpoints,3,0,,
UX,42,main,development_holdout,P1_valid_cache_endpoints,4,0,,
UX,42,main,development_holdout,P1_valid_cache_endpoints,5,9116,0.3735190873189996,0.3774770300243169
UX,42,main,development_holdout,P1_valid_cache_endpoints,6,22099,0.4246345988506267,0.4349880839277826
UX,42,main,development_holdout,P1_valid_cache_endpoints,7,20637,0.48253137568445026,0.4979800047851195
UX,42,main,development_holdout,P1_valid_cache_endpoints,8,13473,0.5427892822682402,0.5643951755781882
UX,42,main,development_holdout,P1_valid_cache_endpoints,9,9234,0.6091617933723197,0.6312751032275833
UX,42,main,development_holdout,P1_valid_cache_endpoints,10,6976,0.669868119266055,0.6986770712068636
UX,42,main,development_holdout,P1_valid_cache_endpoints,11,5895,0.7292620865139949,0.7658428445287304
UX,42,main,development_holdout,P1_valid_cache_endpoints,12,4958,0.7987091569181122,0.8324367349747775
UX,42,main,development_holdout,P1_valid_cache_endpoints,13,3730,0.8694369973190349,0.8968430067047762
UX,42,main,development_holdout,P1_valid_cache_endpoints,14,1038,0.9402697495183044,0.9500099559814018
UX,42,main,development_holdout,P2_candidate_clock,0,0,,
UX,42,main,development_holdout,P2_candidate_clock,1,0,,
UX,42,main,development_holdout,P2_candidate_clock,2,0,,
UX,42,main,development_holdout,P2_candidate_clock,3,0,,
UX,42,main,development_holdout,P2_candidate_clock,4,0,,
UX,42,main,development_holdout,P2_candidate_clock,5,8646,0.3706916493176035,0.37745947871681607
UX,42,main,development_holdout,P2_candidate_clock,6,20759,0.42294908232573825,0.4348100777555166
UX,42,main,development_holdout,P2_candidate_clock,7,18428,0.47834816583459955,0.4977326832805981
UX,42,main,development_holdout,P2_candidate_clock,8,11789,0.5406735092034948,0.564406028699451
UX,42,main,development_holdout,P2_candidate_clock,9,8089,0.6081097787118309,0.6314571039675297
UX,42,main,development_holdout,P2_candidate_clock,10,6294,0.6733396885923101,0.6986729273869544
UX,42,main,development_holdout,P2_candidate_clock,11,5375,0.7320930232558139,0.765816432510195
UX,42,main,development_holdout,P2_candidate_clock,12,4503,0.8021319120586275,0.8324895642625384
UX,42,main,development_holdout,P2_candidate_clock,13,3375,0.8731851851851852,0.8969182059869638
UX,42,main,development_holdout,P2_candidate_clock,14,951,0.9463722397476341,0.9500045275336919
UX,42,main,development_holdout,P3_intersection,0,0,,
UX,42,main,development_holdout,P3_intersection,1,0,,
UX,42,main,development_holdout,P3_intersection,2,0,,
UX,42,main,development_holdout,P3_intersection,3,0,,
UX,42,main,development_holdout,P3_intersection,4,0,,
UX,42,main,development_holdout,P3_intersection,5,8495,0.3731606827545615,0.3774606150370807
UX,42,main,development_holdout,P3_intersection,6,20335,0.42532579296778955,0.4347895921918672
UX,42,main,development_holdout,P3_intersection,7,17953,0.482871943407787,0.4977443912424118
UX,42,main,development_holdout,P3_intersection,8,11479,0.5469117518947644,0.5644541498205552
UX,42,main,development_holdout,P3_intersection,9,7944,0.6119083585095669,0.6315424510082059
UX,42,main,development_holdout,P3_intersection,10,6231,0.6750120365912373,0.698732873805438
UX,42,main,development_holdout,P3_intersection,11,5349,0.7322864086745186,0.7658327512461146
UX,42,main,development_holdout,P3_intersection,12,4488,0.8021390374331551,0.8324853072380657
UX,42,main,development_holdout,P3_intersection,13,3365,0.8736998514115899,0.8969328603477904
UX,42,main,development_holdout,P3_intersection,14,949,0.946259220231823,0.9500209841673141
UX,42,main,validation,P0_legacy,0,0,,
UX,42,main,validation,P0_legacy,1,0,,
UX,42,main,validation,P0_legacy,2,0,,
UX,42,main,validation,P0_legacy,3,0,,
UX,42,main,validation,P0_legacy,4,0,,
UX,42,main,validation,P0_legacy,5,4636,0.36928386540120794,0.3773676892422766
UX,42,main,validation,P0_legacy,6,10855,0.4427452786734224,0.43509605805281293
UX,42,main,validation,P0_legacy,7,10363,0.48277525812988514,0.49795103158636755
UX,42,main,validation,P0_legacy,8,6825,0.5541391941391941,0.564371913307429
UX,42,main,validation,P0_legacy,9,4778,0.6157388028463793,0.6322855984799359
UX,42,main,validation,P0_legacy,10,3970,0.6644836272040302,0.6996083607671062
UX,42,main,validation,P0_legacy,11,3479,0.7441793618855993,0.7650773750691063
UX,42,main,validation,P0_legacy,12,2760,0.8177536231884058,0.8323951524185061
UX,42,main,validation,P0_legacy,13,2110,0.8848341232227488,0.8968657391586043
UX,42,main,validation,P0_legacy,14,498,0.9317269076305221,0.9490119592114095
UX,42,main,validation,P1_valid_cache_endpoints,0,0,,
UX,42,main,validation,P1_valid_cache_endpoints,1,0,,
UX,42,main,validation,P1_valid_cache_endpoints,2,0,,
UX,42,main,validation,P1_valid_cache_endpoints,3,0,,
UX,42,main,validation,P1_valid_cache_endpoints,4,0,,
UX,42,main,validation,P1_valid_cache_endpoints,5,4489,0.3684562263310314,0.3773631092522823
UX,42,main,validation,P1_valid_cache_endpoints,6,10531,0.44259804387047763,0.43499114691781693
UX,42,main,validation,P1_valid_cache_endpoints,7,9915,0.48078668683812403,0.49787655594116315
UX,42,main,validation,P1_valid_cache_endpoints,8,6518,0.5532371893218779,0.5644047713923416
UX,42,main,validation,P1_valid_cache_endpoints,9,4581,0.6107836716874046,0.6323048455914444
UX,42,main,validation,P1_valid_cache_endpoints,10,3721,0.6756248320343994,0.6992584027959963
UX,42,main,validation,P1_valid_cache_endpoints,11,3352,0.7458233890214797,0.7652424536139298
UX,42,main,validation,P1_valid_cache_endpoints,12,2660,0.8112781954887218,0.8323951565562355
UX,42,main,validation,P1_valid_cache_endpoints,13,2037,0.8807069219440353,0.8969340181721045
UX,42,main,validation,P1_valid_cache_endpoints,14,476,0.9285714285714286,0.9489225095737022
UX,42,main,validation,P2_candidate_clock,0,0,,
UX,42,main,validation,P2_candidate_clock,1,0,,
UX,42,main,validation,P2_candidate_clock,2,0,,
UX,42,main,validation,P2_candidate_clock,3,0,,
UX,42,main,validation,P2_candidate_clock,4,0,,
UX,42,main,validation,P2_candidate_clock,5,4264,0.36866791744840527,0.37737375422951663
UX,42,main,validation,P2_candidate_clock,6,9784,0.44388798037612426,0.4349170776878433
UX,42,main,validation,P2_candidate_clock,7,8696,0.4827506899724011,0.4976005948430213
UX,42,main,validation,P2_candidate_clock,8,5703,0.5516394879887778,0.5642434519745855
UX,42,main,validation,P2_candidate_clock,9,3954,0.6049570055639858,0.6325590250124836
UX,42,main,validation,P2_candidate_clock,10,3444,0.6637630662020906,0.6995447343683315
UX,42,main,validation,P2_candidate_clock,11,3090,0.7417475728155339,0.7651053757875186
UX,42,main,validation,P2_candidate_clock,12,2434,0.8134757600657354,0.8324282116955336
UX,42,main,validation,P2_candidate_clock,13,1844,0.8828633405639913,0.8968033231060477
UX,42,main,validation,P2_candidate_clock,14,446,0.9282511210762332,0.9493072874948781
UX,42,main,validation,P3_intersection,0,0,,
UX,42,main,validation,P3_intersection,1,0,,
UX,42,main,validation,P3_intersection,2,0,,
UX,42,main,validation,P3_intersection,3,0,,
UX,42,main,validation,P3_intersection,4,0,,
UX,42,main,validation,P3_intersection,5,4214,0.37019458946369244,0.3774117795233675
UX,42,main,validation,P3_intersection,6,9688,0.44467382328654004,0.4348671814915464
UX,42,main,validation,P3_intersection,7,8556,0.4848059841047218,0.49751548039292925
UX,42,main,validation,P3_intersection,8,5607,0.5555555555555556,0.564256198863031
UX,42,main,validation,P3_intersection,9,3908,0.6074718526100307,0.6325993004274802
UX,42,main,validation,P3_intersection,10,3325,0.6818045112781955,0.6993666175345584
UX,42,main,validation,P3_intersection,11,3051,0.7482792527040315,0.765260500546839
UX,42,main,validation,P3_intersection,12,2424,0.8131188118811881,0.8324445091967105
UX,42,main,validation,P3_intersection,13,1839,0.8825448613376835,0.8968024844228338
UX,42,main,validation,P3_intersection,14,438,0.9269406392694064,0.9491395316907476
UX,7,main,development_holdout,P0_legacy,0,0,,
UX,7,main,development_holdout,P0_legacy,1,0,,
UX,7,main,development_holdout,P0_legacy,2,0,,
UX,7,main,development_holdout,P0_legacy,3,0,,
UX,7,main,development_holdout,P0_legacy,4,0,,
UX,7,main,development_holdout,P0_legacy,5,10656,0.3865427927927928,0.377481554000594
UX,7,main,development_holdout,P0_legacy,6,25024,0.42930786445012786,0.43479098046281595
UX,7,main,development_holdout,P0_legacy,7,21771,0.4884938679895274,0.4975470894069825
UX,7,main,development_holdout,P0_legacy,8,13205,0.55766755017039,0.5642616820021339
UX,7,main,development_holdout,P0_legacy,9,9400,0.6301063829787235,0.6318735247127153
UX,7,main,development_holdout,P0_legacy,10,7406,0.6965973534971645,0.6987129920637369
UX,7,main,development_holdout,P0_legacy,11,5930,0.7505902192242833,0.7654851851817552
UX,7,main,development_holdout,P0_legacy,12,4629,0.8198314970836034,0.8319145463425938
UX,7,main,development_holdout,P0_legacy,13,2842,0.8793103448275862,0.8953062900390515
UX,7,main,development_holdout,P0_legacy,14,711,0.9746835443037974,0.9570206000953871
UX,7,main,development_holdout,P1_valid_cache_endpoints,0,0,,
UX,7,main,development_holdout,P1_valid_cache_endpoints,1,0,,
UX,7,main,development_holdout,P1_valid_cache_endpoints,2,0,,
UX,7,main,development_holdout,P1_valid_cache_endpoints,3,0,,
UX,7,main,development_holdout,P1_valid_cache_endpoints,4,0,,
UX,7,main,development_holdout,P1_valid_cache_endpoints,5,10233,0.3887423043095866,0.37750007614344433
UX,7,main,development_holdout,P1_valid_cache_endpoints,6,23894,0.4324935130158199,0.4346851897268548
UX,7,main,development_holdout,P1_valid_cache_endpoints,7,20719,0.4892610647232009,0.4975150428064108
UX,7,main,development_holdout,P1_valid_cache_endpoints,8,12493,0.5520691587288882,0.5643126900250116
UX,7,main,development_holdout,P1_valid_cache_endpoints,9,9058,0.6197836166924265,0.6319224988265402
UX,7,main,development_holdout,P1_valid_cache_endpoints,10,7153,0.6871242835174053,0.6987777178783134
UX,7,main,development_holdout,P1_valid_cache_endpoints,11,5722,0.742048234882908,0.7654632235289904
UX,7,main,development_holdout,P1_valid_cache_endpoints,12,4453,0.8163036155400853,0.8320449222259982
UX,7,main,development_holdout,P1_valid_cache_endpoints,13,2741,0.8752280189711784,0.8952706834989959
UX,7,main,development_holdout,P1_valid_cache_endpoints,14,690,0.9753623188405797,0.9570659076611973
UX,7,main,development_holdout,P2_candidate_clock,0,0,,
UX,7,main,development_holdout,P2_candidate_clock,1,0,,
UX,7,main,development_holdout,P2_candidate_clock,2,0,,
UX,7,main,development_holdout,P2_candidate_clock,3,0,,
UX,7,main,development_holdout,P2_candidate_clock,4,0,,
UX,7,main,development_holdout,P2_candidate_clock,5,9878,0.38783154484713506,0.3774627111888914
UX,7,main,development_holdout,P2_candidate_clock,6,22099,0.4288429340694149,0.4341715114224625
UX,7,main,development_holdout,P2_candidate_clock,7,18172,0.48128989654413384,0.49763162610561595
UX,7,main,development_holdout,P2_candidate_clock,8,11183,0.5523562550299562,0.5643305480408402
UX,7,main,development_holdout,P2_candidate_clock,9,8203,0.6248933317079117,0.6319247044375365
UX,7,main,development_holdout,P2_candidate_clock,10,6464,0.6909034653465347,0.698788465942044
UX,7,main,development_holdout,P2_candidate_clock,11,5119,0.7456534479390506,0.7652521635177851
UX,7,main,development_holdout,P2_candidate_clock,12,4007,0.8193161966558523,0.8320478116251386
UX,7,main,development_holdout,P2_candidate_clock,13,2448,0.8819444444444444,0.895017172310703
UX,7,main,development_holdout,P2_candidate_clock,14,636,0.9732704402515723,0.9569173768084414
UX,7,main,development_holdout,P3_intersection,0,0,,
UX,7,main,development_holdout,P3_intersection,1,0,,
UX,7,main,development_holdout,P3_intersection,2,0,,
UX,7,main,development_holdout,P3_intersection,3,0,,
UX,7,main,development_holdout,P3_intersection,4,0,,
UX,7,main,development_holdout,P3_intersection,5,9638,0.3888773604482258,0.3774822130310087
UX,7,main,development_holdout,P3_intersection,6,21484,0.43260100539936697,0.4341117014765711
UX,7,main,development_holdout,P3_intersection,7,17708,0.48695504856562005,0.49763241288211013
UX,7,main,development_holdout,P3_intersection,8,10977,0.5564361847499317,0.56445891947845
UX,7,main,development_holdout,P3_intersection,9,8163,0.6253828249418106,0.6319458791791392
UX,7,main,development_holdout,P3_intersection,10,6440,0.6909937888198758,0.6987804112450426
UX,7,main,development_holdout,P3_intersection,11,5113,0.7457461372970858,0.7652509618238512
UX,7,main,development_holdout,P3_intersection,12,3989,0.8215091501629481,0.8320926110675055
UX,7,main,development_holdout,P3_intersection,13,2442,0.8820638820638821,0.8950314621028488
UX,7,main,development_holdout,P3_intersection,14,634,0.9747634069400631,0.9569848631479813
UX,7,main,validation,P0_legacy,0,0,,
UX,7,main,validation,P0_legacy,1,0,,
UX,7,main,validation,P0_legacy,2,0,,
UX,7,main,validation,P0_legacy,3,0,,
UX,7,main,validation,P0_legacy,4,0,,
UX,7,main,validation,P0_legacy,5,5148,0.3844211344211344,0.3772084947181436
UX,7,main,validation,P0_legacy,6,11760,0.44039115646258503,0.43462406257741076
UX,7,main,validation,P0_legacy,7,10360,0.5044401544401544,0.49754289744406627
UX,7,main,validation,P0_legacy,8,6611,0.5593707457268189,0.5639104848385548
UX,7,main,validation,P0_legacy,9,4877,0.6495796596268197,0.6326747826280779
UX,7,main,validation,P0_legacy,10,4033,0.7034465658318869,0.6988416565529217
UX,7,main,validation,P0_legacy,11,3332,0.7737094837935174,0.7650286943367375
UX,7,main,validation,P0_legacy,12,2424,0.7978547854785478,0.8314786096411263
UX,7,main,validation,P0_legacy,13,1484,0.8854447439353099,0.8963010463468377
UX,7,main,validation,P0_legacy,14,245,0.9387755102040817,0.9441578181435106
UX,7,main,validation,P1_valid_cache_endpoints,0,0,,
UX,7,main,validation,P1_valid_cache_endpoints,1,0,,
UX,7,main,validation,P1_valid_cache_endpoints,2,0,,
UX,7,main,validation,P1_valid_cache_endpoints,3,0,,
UX,7,main,validation,P1_valid_cache_endpoints,4,0,,
UX,7,main,validation,P1_valid_cache_endpoints,5,5020,0.3850597609561753,0.3772438584506349
UX,7,main,validation,P1_valid_cache_endpoints,6,11404,0.44107330761136443,0.4345679850931679
UX,7,main,validation,P1_valid_cache_endpoints,7,9896,0.5048504446240906,0.4974744949450811
UX,7,main,validation,P1_valid_cache_endpoints,8,6320,0.5512658227848102,0.563925207707768
UX,7,main,validation,P1_valid_cache_endpoints,9,4697,0.6406216734085587,0.6326048144103977
UX,7,main,validation,P1_valid_cache_endpoints,10,3910,0.6951406649616368,0.698916241025794
UX,7,main,validation,P1_valid_cache_endpoints,11,3162,0.7719797596457938,0.7648311243286148
UX,7,main,validation,P1_valid_cache_endpoints,12,2226,0.8279424977538186,0.8319137196875587
UX,7,main,validation,P1_valid_cache_endpoints,13,1410,0.8900709219858156,0.8964134900267258
UX,7,main,validation,P1_valid_cache_endpoints,14,235,0.9361702127659575,0.9442349988223545
UX,7,main,validation,P2_candidate_clock,0,0,,
UX,7,main,validation,P2_candidate_clock,1,0,,
UX,7,main,validation,P2_candidate_clock,2,0,,
UX,7,main,validation,P2_candidate_clock,3,0,,
UX,7,main,validation,P2_candidate_clock,4,0,,
UX,7,main,validation,P2_candidate_clock,5,4802,0.38359017076218244,0.37731523991663296
UX,7,main,validation,P2_candidate_clock,6,10373,0.44259134290947655,0.4340653000312615
UX,7,main,validation,P2_candidate_clock,7,8644,0.5020823692734845,0.49757427345492633
UX,7,main,validation,P2_candidate_clock,8,5634,0.5505857294994675,0.563921512867397
UX,7,main,validation,P2_candidate_clock,9,4225,0.6381065088757396,0.6325930238818057
UX,7,main,validation,P2_candidate_clock,10,3503,0.7008278618327148,0.699007780002684
UX,7,main,validation,P2_candidate_clock,11,2890,0.7695501730103806,0.7649381877770802
UX,7,main,validation,P2_candidate_clock,12,2090,0.7980861244019138,0.8315013767685744
UX,7,main,validation,P2_candidate_clock,13,1283,0.8830865159781761,0.8961568530198155
UX,7,main,validation,P2_candidate_clock,14,215,0.9395348837209302,0.9444976816916337
UX,7,main,validation,P3_intersection,0,0,,
UX,7,main,validation,P3_intersection,1,0,,
UX,7,main,validation,P3_intersection,2,0,,
UX,7,main,validation,P3_intersection,3,0,,
UX,7,main,validation,P3_intersection,4,0,,
UX,7,main,validation,P3_intersection,5,4747,0.3844533389509164,0.37733577902827425
UX,7,main,validation,P3_intersection,6,10241,0.4435113758422029,0.4340728392623433
UX,7,main,validation,P3_intersection,7,8476,0.5062529495044833,0.49754107990718255
UX,7,main,validation,P3_intersection,8,5565,0.5516621743036837,0.5639709557800102
UX,7,main,validation,P3_intersection,9,4203,0.6393052581489412,0.6326296948740089
UX,7,main,validation,P3_intersection,10,3493,0.7008302318923562,0.6990058270680573
UX,7,main,validation,P3_intersection,11,2853,0.7749737118822292,0.764783220604474
UX,7,main,validation,P3_intersection,12,1996,0.8336673346693386,0.8317939757565407
UX,7,main,validation,P3_intersection,13,1261,0.8921490880253767,0.8962746232852703
UX,7,main,validation,P3_intersection,14,215,0.9395348837209302,0.9444976816916337
UX,123,main,development_holdout,P0_legacy,0,0,,
UX,123,main,development_holdout,P0_legacy,1,0,,
UX,123,main,development_holdout,P0_legacy,2,0,,
UX,123,main,development_holdout,P0_legacy,3,0,,
UX,123,main,development_holdout,P0_legacy,4,0,,
UX,123,main,development_holdout,P0_legacy,5,10067,0.3683321744313102,0.3774598543679821
UX,123,main,development_holdout,P0_legacy,6,23662,0.43094412982841684,0.4347467521092847
UX,123,main,development_holdout,P0_legacy,7,21903,0.4771949048075606,0.49779563933076526
UX,123,main,development_holdout,P0_legacy,8,13965,0.5475116362334408,0.5640324895518369
UX,123,main,development_holdout,P0_legacy,9,9677,0.6228169887361785,0.6316289864796398
UX,123,main,development_holdout,P0_legacy,10,7243,0.6856275024161259,0.6991308608068534
UX,123,main,development_holdout,P0_legacy,11,5917,0.7481832009464255,0.7655036722502155
UX,123,main,development_holdout,P0_legacy,12,4746,0.8173198482932996,0.8316662310472787
UX,123,main,development_holdout,P0_legacy,13,3331,0.8676073251275893,0.8970085172678776
UX,123,main,development_holdout,P0_legacy,14,1063,0.9510818438381938,0.9536163729222998
UX,123,main,development_holdout,P1_valid_cache_endpoints,0,0,,
UX,123,main,development_holdout,P1_valid_cache_endpoints,1,0,,
UX,123,main,development_holdout,P1_valid_cache_endpoints,2,0,,
UX,123,main,development_holdout,P1_valid_cache_endpoints,3,0,,
UX,123,main,development_holdout,P1_valid_cache_endpoints,4,0,,
UX,123,main,development_holdout,P1_valid_cache_endpoints,5,9674,0.36872028116601197,0.3774721692809088
UX,123,main,development_holdout,P1_valid_cache_endpoints,6,22688,0.43212270803949226,0.43465721658839185
UX,123,main,development_holdout,P1_valid_cache_endpoints,7,20761,0.47931217186070035,0.49780802936106244
UX,123,main,development_holdout,P1_valid_cache_endpoints,8,13235,0.5479410653570079,0.5640234934375669
UX,123,main,development_holdout,P1_valid_cache_endpoints,9,9234,0.6189083820662769,0.6317375197419819
UX,123,main,development_holdout,P1_valid_cache_endpoints,10,6986,0.6783567134268537,0.6991742559674504
UX,123,main,development_holdout,P1_valid_cache_endpoints,11,5713,0.7419919481883424,0.7654641641648329
UX,123,main,development_holdout,P1_valid_cache_endpoints,12,4596,0.8126631853785901,0.8316173729184901
UX,123,main,development_holdout,P1_valid_cache_endpoints,13,3236,0.8646477132262052,0.8970234008543652
UX,123,main,development_holdout,P1_valid_cache_endpoints,14,1033,0.9496611810261375,0.9536855381751003
UX,123,main,development_holdout,P2_candidate_clock,0,0,,
UX,123,main,development_holdout,P2_candidate_clock,1,0,,
UX,123,main,development_holdout,P2_candidate_clock,2,0,,
UX,123,main,development_holdout,P2_candidate_clock,3,0,,
UX,123,main,development_holdout,P2_candidate_clock,4,0,,
UX,123,main,development_holdout,P2_candidate_clock,5,9199,0.36688770518534625,0.3774533053246036
UX,123,main,development_holdout,P2_candidate_clock,6,21170,0.42952290977798774,0.4344114109007818
UX,123,main,development_holdout,P2_candidate_clock,7,18507,0.4732803803966067,0.49762900747652045
UX,123,main,development_holdout,P2_candidate_clock,8,11574,0.5455330914117851,0.5639684984414362
UX,123,main,development_holdout,P2_candidate_clock,9,8265,0.6198427102238354,0.6318122258965678
UX,123,main,development_holdout,P2_candidate_clock,10,6265,0.6793296089385474,0.6992903605192703
UX,123,main,development_holdout,P2_candidate_clock,11,5204,0.7436587240584166,0.7653924047209428
UX,123,main,development_holdout,P2_candidate_clock,12,4163,0.8181599807830892,0.8316089894906211
UX,123,main,development_holdout,P2_candidate_clock,13,2924,0.8676470588235294,0.8971832266499116
UX,123,main,development_holdout,P2_candidate_clock,14,938,0.9520255863539445,0.9538224338908362
UX,123,main,development_holdout,P3_intersection,0,0,,
UX,123,main,development_holdout,P3_intersection,1,0,,
UX,123,main,development_holdout,P3_intersection,2,0,,
UX,123,main,development_holdout,P3_intersection,3,0,,
UX,123,main,development_holdout,P3_intersection,4,0,,
UX,123,main,development_holdout,P3_intersection,5,9021,0.36769759450171824,0.3774807197407675
UX,123,main,development_holdout,P3_intersection,6,20729,0.4318587486130542,0.4343547831854904
UX,123,main,development_holdout,P3_intersection,7,18004,0.4785047767162853,0.4976638430091754
UX,123,main,development_holdout,P3_intersection,8,11289,0.5520418106121002,0.5639894595029266
UX,123,main,development_holdout,P3_intersection,9,8128,0.6243848425196851,0.6318743171340379
UX,123,main,development_holdout,P3_intersection,10,6231,0.6796661852030171,0.6992961014759621
UX,123,main,development_holdout,P3_intersection,11,5184,0.7451774691358025,0.7654115548300798
UX,123,main,development_holdout,P3_intersection,12,4149,0.8187515063870813,0.8316183010268251
UX,123,main,development_holdout,P3_intersection,13,2917,0.8683579019540624,0.8971912127210265
UX,123,main,development_holdout,P3_intersection,14,936,0.9519230769230769,0.9538612171688496
UX,123,main,validation,P0_legacy,0,0,,
UX,123,main,validation,P0_legacy,1,0,,
UX,123,main,validation,P0_legacy,2,0,,
UX,123,main,validation,P0_legacy,3,0,,
UX,123,main,validation,P0_legacy,4,0,,
UX,123,main,validation,P0_legacy,5,4899,0.3851806491120637,0.37733516481083224
UX,123,main,validation,P0_legacy,6,11150,0.43488789237668163,0.4348873337819302
UX,123,main,validation,P0_legacy,7,10515,0.49424631478839753,0.4979860389740614
UX,123,main,validation,P0_legacy,8,6904,0.5582271147161066,0.5642275698740046
UX,123,main,validation,P0_legacy,9,4792,0.6416944908180301,0.6322603625894905
UX,123,main,validation,P0_legacy,10,4084,0.6870714985308521,0.6988759545876005
UX,123,main,validation,P0_legacy,11,3145,0.756120826709062,0.7655087285268809
UX,123,main,validation,P0_legacy,12,2567,0.794312426957538,0.8318581266181566
UX,123,main,validation,P0_legacy,13,1796,0.8897550111358574,0.8975328065413491
UX,123,main,validation,P0_legacy,14,422,0.9289099526066351,0.9491383985421138
UX,123,main,validation,P1_valid_cache_endpoints,0,0,,
UX,123,main,validation,P1_valid_cache_endpoints,1,0,,
UX,123,main,validation,P1_valid_cache_endpoints,2,0,,
UX,123,main,validation,P1_valid_cache_endpoints,3,0,,
UX,123,main,validation,P1_valid_cache_endpoints,4,0,,
UX,123,main,validation,P1_valid_cache_endpoints,5,4757,0.3838553710321631,0.3773630481064616
UX,123,main,validation,P1_valid_cache_endpoints,6,10806,0.43494354987969647,0.43484017141727765
UX,123,main,validation,P1_valid_cache_endpoints,7,10074,0.49334921580305735,0.4979564657409175
UX,123,main,validation,P1_valid_cache_endpoints,8,6591,0.5565164618419056,0.5643034911000314
UX,123,main,validation,P1_valid_cache_endpoints,9,4603,0.635889637193135,0.6322777086215039
UX,123,main,validation,P1_valid_cache_endpoints,10,3948,0.6811043566362716,0.6988387476577363
UX,123,main,validation,P1_valid_cache_endpoints,11,2985,0.7604690117252931,0.7652605544395955
UX,123,main,validation,P1_valid_cache_endpoints,12,2394,0.8208020050125313,0.8320209782304878
UX,123,main,validation,P1_valid_cache_endpoints,13,1719,0.891215823152996,0.8976120503025131
UX,123,main,validation,P1_valid_cache_endpoints,14,403,0.9280397022332506,0.9491079458405205
UX,123,main,validation,P2_candidate_clock,0,0,,
UX,123,main,validation,P2_candidate_clock,1,0,,
UX,123,main,validation,P2_candidate_clock,2,0,,
UX,123,main,validation,P2_candidate_clock,3,0,,
UX,123,main,validation,P2_candidate_clock,4,0,,
UX,123,main,validation,P2_candidate_clock,5,4504,0.38632326820603907,0.3772582168924796
UX,123,main,validation,P2_candidate_clock,6,9989,0.43617979777755533,0.43446127112331895
UX,123,main,validation,P2_candidate_clock,7,8824,0.49716681776971894,0.4977914483478072
UX,123,main,validation,P2_candidate_clock,8,5744,0.5492688022284122,0.5642383346303766
UX,123,main,validation,P2_candidate_clock,9,4084,0.6346718903036239,0.6322754853040848
UX,123,main,validation,P2_candidate_clock,10,3535,0.6834512022630834,0.6988028839576775
UX,123,main,validation,P2_candidate_clock,11,2784,0.7503591954022989,0.7656120484890614
UX,123,main,validation,P2_candidate_clock,12,2267,0.7970886634318483,0.831828179509988
UX,123,main,validation,P2_candidate_clock,13,1560,0.8871794871794871,0.8976133757330091
UX,123,main,validation,P2_candidate_clock,14,368,0.9293478260869565,0.9496189048644059
UX,123,main,validation,P3_intersection,0,0,,
UX,123,main,validation,P3_intersection,1,0,,
UX,123,main,validation,P3_intersection,2,0,,
UX,123,main,validation,P3_intersection,3,0,,
UX,123,main,validation,P3_intersection,4,0,,
UX,123,main,validation,P3_intersection,5,4451,0.38665468434059763,0.3772865881786637
UX,123,main,validation,P3_intersection,6,9894,0.4371336163331312,0.4344449177503595
UX,123,main,validation,P3_intersection,7,8695,0.4995974698102358,0.4977728355346039
UX,123,main,validation,P3_intersection,8,5645,0.5537643932683791,0.5643047947424913
UX,123,main,validation,P3_intersection,9,4035,0.6364312267657992,0.6323470074069849
UX,123,main,validation,P3_intersection,10,3512,0.6847949886104784,0.6988069426304894
UX,123,main,validation,P3_intersection,11,2730,0.7611721611721611,0.7654054146245205
UX,123,main,validation,P3_intersection,12,2180,0.826605504587156,0.8319667613993793
UX,123,main,validation,P3_intersection,13,1546,0.8926261319534282,0.8975963687451827
UX,123,main,validation,P3_intersection,14,362,0.9281767955801105,0.9495441576015963
U1,42,main,development_holdout,P0_legacy,0,0,,
U1,42,main,development_holdout,P0_legacy,1,0,,
U1,42,main,development_holdout,P0_legacy,2,0,,
U1,42,main,development_holdout,P0_legacy,3,0,,
U1,42,main,development_holdout,P0_legacy,4,0,,
U1,42,main,development_holdout,P0_legacy,5,9966,0.3800923138671483,0.3776388111724249
U1,42,main,development_holdout,P0_legacy,6,23984,0.4284106070713809,0.43524433470690177
U1,42,main,development_holdout,P0_legacy,7,24187,0.48902302889982224,0.49768546611645026
U1,42,main,development_holdout,P0_legacy,8,14058,0.558898847631242,0.5633772691691198
U1,42,main,development_holdout,P0_legacy,9,8895,0.6420460933108488,0.6315720823414838
U1,42,main,development_holdout,P0_legacy,10,6952,0.6959148446490219,0.69903329047893
U1,42,main,development_holdout,P0_legacy,11,5655,0.7628647214854112,0.7655391382167288
U1,42,main,development_holdout,P0_legacy,12,4492,0.8265805877114871,0.8321511829427494
U1,42,main,development_holdout,P0_legacy,13,2779,0.8909679740913998,0.8956101514971058
U1,42,main,development_holdout,P0_legacy,14,606,0.976897689768977,0.9554965034799056
U1,42,main,development_holdout,P1_valid_cache_endpoints,0,0,,
U1,42,main,development_holdout,P1_valid_cache_endpoints,1,0,,
U1,42,main,development_holdout,P1_valid_cache_endpoints,2,0,,
U1,42,main,development_holdout,P1_valid_cache_endpoints,3,0,,
U1,42,main,development_holdout,P1_valid_cache_endpoints,4,0,,
U1,42,main,development_holdout,P1_valid_cache_endpoints,5,9584,0.38053005008347246,0.37760897289050327
U1,42,main,development_holdout,P1_valid_cache_endpoints,6,22954,0.43177659667160406,0.4352148686824166
U1,42,main,development_holdout,P1_valid_cache_endpoints,7,22967,0.49279400879522794,0.49763310095819185
U1,42,main,development_holdout,P1_valid_cache_endpoints,8,13316,0.5591018323820968,0.5635042371961099
U1,42,main,development_holdout,P1_valid_cache_endpoints,9,8555,0.6349503214494447,0.6316438730372086
U1,42,main,development_holdout,P1_valid_cache_endpoints,10,6706,0.6872949597375485,0.6989828837173068
U1,42,main,development_holdout,P1_valid_cache_endpoints,11,5464,0.7549414348462665,0.765569453176697
U1,42,main,development_holdout,P1_valid_cache_endpoints,12,4336,0.8205719557195572,0.8320789792724362
U1,42,main,development_holdout,P1_valid_cache_endpoints,13,2684,0.8878539493293591,0.8955852962025914
U1,42,main,development_holdout,P1_valid_cache_endpoints,14,590,0.976271186440678,0.9554907262697248
U1,42,main,development_holdout,P2_candidate_clock,0,0,,
U1,42,main,development_holdout,P2_candidate_clock,1,0,,
U1,42,main,development_holdout,P2_candidate_clock,2,0,,
U1,42,main,development_holdout,P2_candidate_clock,3,0,,
U1,42,main,development_holdout,P2_candidate_clock,4,0,,
U1,42,main,development_holdout,P2_candidate_clock,5,9219,0.3792168347977004,0.3776056366901424
U1,42,main,development_holdout,P2_candidate_clock,6,21687,0.42951998893346244,0.4348562238143587
U1,42,main,development_holdout,P2_candidate_clock,7,20013,0.48813271373607153,0.49754119914866823
U1,42,main,development_holdout,P2_candidate_clock,8,11784,0.5605057705363204,0.5637550558305904
U1,42,main,development_holdout,P2_candidate_clock,9,7684,0.6369078604893285,0.631675448576061
U1,42,main,development_holdout,P2_candidate_clock,10,6084,0.6895134779750164,0.6988801070621653
U1,42,main,development_holdout,P2_candidate_clock,11,4908,0.7622249388753056,0.7654940360780474
U1,42,main,development_holdout,P2_candidate_clock,12,3880,0.8252577319587628,0.8321851978492742
U1,42,main,development_holdout,P2_candidate_clock,13,2411,0.8925756947324761,0.8957314031802598
U1,42,main,development_holdout,P2_candidate_clock,14,539,0.9777365491651205,0.9556671024500005
U1,42,main,development_holdout,P3_intersection,0,0,,
U1,42,main,development_holdout,P3_intersection,1,0,,
U1,42,main,development_holdout,P3_intersection,2,0,,
U1,42,main,development_holdout,P3_intersection,3,0,,
U1,42,main,development_holdout,P3_intersection,4,0,,
U1,42,main,development_holdout,P3_intersection,5,9029,0.38010853915162257,0.37761386823415755
U1,42,main,development_holdout,P3_intersection,6,21179,0.4335898767647198,0.43484240350934655
U1,42,main,development_holdout,P3_intersection,7,19471,0.4937599506959067,0.49755150537550297
U1,42,main,development_holdout,P3_intersection,8,11508,0.5665623913799096,0.5638545998177316
U1,42,main,development_holdout,P3_intersection,9,7633,0.6378881173850387,0.6316943813784112
U1,42,main,development_holdout,P3_intersection,10,6055,0.6905037159372419,0.6988956807371697
U1,42,main,development_holdout,P3_intersection,11,4903,0.7621864164797063,0.7655061094024382
U1,42,main,development_holdout,P3_intersection,12,3872,0.825154958677686,0.8321830950839133
U1,42,main,development_holdout,P3_intersection,13,2400,0.8929166666666667,0.8957391438663338
U1,42,main,development_holdout,P3_intersection,14,538,0.9776951672862454,0.9557069275207731
U1,42,main,validation,P0_legacy,0,0,,
U1,42,main,validation,P0_legacy,1,0,,
U1,42,main,validation,P0_legacy,2,0,,
U1,42,main,validation,P0_legacy,3,0,,
U1,42,main,validation,P0_legacy,4,0,,
U1,42,main,validation,P0_legacy,5,4988,0.38372093023255816,0.37723894214262643
U1,42,main,validation,P0_legacy,6,11459,0.4376472641591762,0.43533428147956843
U1,42,main,validation,P0_legacy,7,11900,0.49092436974789916,0.4976792767013653
U1,42,main,validation,P0_legacy,8,6811,0.5652620760534429,0.5633689617039387
U1,42,main,validation,P0_legacy,9,4580,0.6585152838427948,0.632059221461835
U1,42,main,validation,P0_legacy,10,3744,0.7088675213675214,0.6998062551012916
U1,42,main,validation,P0_legacy,11,2998,0.794863242161441,0.7657416014511449
U1,42,main,validation,P0_legacy,12,2282,0.8444347063978965,0.8324305131838858
U1,42,main,validation,P0_legacy,13,1337,0.900523560209424,0.8947479787756388
U1,42,main,validation,P0_legacy,14,175,0.9485714285714286,0.9445740965199317
U1,42,main,validation,P1_valid_cache_endpoints,0,0,,
U1,42,main,validation,P1_valid_cache_endpoints,1,0,,
U1,42,main,validation,P1_valid_cache_endpoints,2,0,,
U1,42,main,validation,P1_valid_cache_endpoints,3,0,,
U1,42,main,validation,P1_valid_cache_endpoints,4,0,,
U1,42,main,validation,P1_valid_cache_endpoints,5,4769,0.3833088697840218,0.37718771176211174
U1,42,main,validation,P1_valid_cache_endpoints,6,11049,0.4367816091954023,0.4353206046880362
U1,42,main,validation,P1_valid_cache_endpoints,7,11415,0.4941743320192729,0.49762681580243423
U1,42,main,validation,P1_valid_cache_endpoints,8,6502,0.5644417102430022,0.563459377183415
U1,42,main,validation,P1_valid_cache_endpoints,9,4396,0.6540036396724295,0.6321256055283535
U1,42,main,validation,P1_valid_cache_endpoints,10,3621,0.6998066832366749,0.6998546366795566
U1,42,main,validation,P1_valid_cache_endpoints,11,2880,0.7885416666666667,0.7657561782569887
U1,42,main,validation,P1_valid_cache_endpoints,12,2194,0.8381950774840474,0.832344023224735
U1,42,main,validation,P1_valid_cache_endpoints,13,1288,0.8967391304347826,0.8946574504852632
U1,42,main,validation,P1_valid_cache_endpoints,14,166,0.9457831325301205,0.9446111667551434
U1,42,main,validation,P2_candidate_clock,0,0,,
U1,42,main,validation,P2_candidate_clock,1,0,,
U1,42,main,validation,P2_candidate_clock,2,0,,
U1,42,main,validation,P2_candidate_clock,3,0,,
U1,42,main,validation,P2_candidate_clock,4,0,,
U1,42,main,validation,P2_candidate_clock,5,4613,0.38174723607197053,0.3771658061694891
U1,42,main,validation,P2_candidate_clock,6,10365,0.437530149541727,0.4348754670188084
U1,42,main,validation,P2_candidate_clock,7,9871,0.49235133218518895,0.4975879695384615
U1,42,main,validation,P2_candidate_clock,8,5690,0.5652021089630932,0.5637804558140661
U1,42,main,validation,P2_candidate_clock,9,3954,0.6509863429438544,0.6321283539246583
U1,42,main,validation,P2_candidate_clock,10,3267,0.7033976124885216,0.6998676843884443
U1,42,main,validation,P2_candidate_clock,11,2627,0.7933003425961173,0.7657241172865742
U1,42,main,validation,P2_candidate_clock,12,1952,0.8422131147540983,0.8322412280581395
U1,42,main,validation,P2_candidate_clock,13,1165,0.9004291845493563,0.8943336267891582
U1,42,main,validation,P2_candidate_clock,14,155,0.9419354838709677,0.9448712952471273
U1,42,main,validation,P3_intersection,0,0,,
U1,42,main,validation,P3_intersection,1,0,,
U1,42,main,validation,P3_intersection,2,0,,
U1,42,main,validation,P3_intersection,3,0,,
U1,42,main,validation,P3_intersection,4,0,,
U1,42,main,validation,P3_intersection,5,4492,0.3808993766696349,0.37711515999614564
U1,42,main,validation,P3_intersection,6,10198,0.43802706413022163,0.4349236352947489
U1,42,main,validation,P3_intersection,7,9716,0.4960889254837382,0.4975222484232113
U1,42,main,validation,P3_intersection,8,5595,0.5689008042895443,0.5638509071358084
U1,42,main,validation,P3_intersection,9,3924,0.6531600407747197,0.6321862640390533
U1,42,main,validation,P3_intersection,10,3252,0.7026445264452644,0.699853591787622
U1,42,main,validation,P3_intersection,11,2613,0.7941063911213165,0.7657499304553924
U1,42,main,validation,P3_intersection,12,1948,0.8418891170431212,0.832232166589596
U1,42,main,validation,P3_intersection,13,1158,0.8998272884283247,0.8943130611710818
U1,42,main,validation,P3_intersection,14,154,0.9415584415584416,0.9448599748449955
U1,7,main,development_holdout,P0_legacy,0,0,,
U1,7,main,development_holdout,P0_legacy,1,0,,
U1,7,main,development_holdout,P0_legacy,2,0,,
U1,7,main,development_holdout,P0_legacy,3,0,,
U1,7,main,development_holdout,P0_legacy,4,0,,
U1,7,main,development_holdout,P0_legacy,5,10514,0.37492866653985163,0.37731300376926274
U1,7,main,development_holdout,P0_legacy,6,25049,0.43159407561180085,0.43476083830641643
U1,7,main,development_holdout,P0_legacy,7,24142,0.4928340651147378,0.49785934450634467
U1,7,main,development_holdout,P0_legacy,8,14004,0.5666952299343044,0.5633289762079542
U1,7,main,development_holdout,P0_legacy,9,8654,0.648832909637162,0.6315179916454557
U1,7,main,development_holdout,P0_legacy,10,6647,0.7084398976982097,0.6984123775447325
U1,7,main,development_holdout,P0_legacy,11,5301,0.7706093189964157,0.7651614308376469
U1,7,main,development_holdout,P0_legacy,12,4186,0.8342092689918776,0.8312339298446934
U1,7,main,development_holdout,P0_legacy,13,2575,0.8893203883495145,0.8950936050818394
U1,7,main,development_holdout,P0_legacy,14,502,0.9721115537848606,0.9532481155924123
U1,7,main,development_holdout,P1_valid_cache_endpoints,0,0,,
U1,7,main,development_holdout,P1_valid_cache_endpoints,1,0,,
U1,7,main,development_holdout,P1_valid_cache_endpoints,2,0,,
U1,7,main,development_holdout,P1_valid_cache_endpoints,3,0,,
U1,7,main,development_holdout,P1_valid_cache_endpoints,4,0,,
U1,7,main,development_holdout,P1_valid_cache_endpoints,5,10114,0.3768044295036583,0.3772616362958734
U1,7,main,development_holdout,P1_valid_cache_endpoints,6,24037,0.4342472022298956,0.4347340835962994
U1,7,main,development_holdout,P1_valid_cache_endpoints,7,22848,0.49689250700280113,0.49776202176106765
U1,7,main,development_holdout,P1_valid_cache_endpoints,8,13276,0.5665863211810787,0.5633629188671583
U1,7,main,development_holdout,P1_valid_cache_endpoints,9,8318,0.641620581870642,0.6315787860010127
U1,7,main,development_holdout,P1_valid_cache_endpoints,10,6432,0.6994713930348259,0.6984075762295087
U1,7,main,development_holdout,P1_valid_cache_endpoints,11,5123,0.7628342767909428,0.7652075917661669
U1,7,main,development_holdout,P1_valid_cache_endpoints,12,4033,0.8281676171584429,0.8312692938368481
U1,7,main,development_holdout,P1_valid_cache_endpoints,13,2487,0.8862082830719743,0.8950950587823376
U1,7,main,development_holdout,P1_valid_cache_endpoints,14,488,0.9713114754098361,0.9532358201467791
U1,7,main,development_holdout,P2_candidate_clock,0,0,,
U1,7,main,development_holdout,P2_candidate_clock,1,0,,
U1,7,main,development_holdout,P2_candidate_clock,2,0,,
U1,7,main,development_holdout,P2_candidate_clock,3,0,,
U1,7,main,development_holdout,P2_candidate_clock,4,0,,
U1,7,main,development_holdout,P2_candidate_clock,5,9710,0.372605561277034,0.3772558223588334
U1,7,main,development_holdout,P2_candidate_clock,6,22291,0.4311156969180387,0.43439663620833735
U1,7,main,development_holdout,P2_candidate_clock,7,20248,0.4912583958909522,0.4975408258153238
U1,7,main,development_holdout,P2_candidate_clock,8,11726,0.5652396384103702,0.563536305621323
U1,7,main,development_holdout,P2_candidate_clock,9,7540,0.6449602122015915,0.6315500114573686
U1,7,main,development_holdout,P2_candidate_clock,10,5809,0.7028748493716647,0.6984362884850396
U1,7,main,development_holdout,P2_candidate_clock,11,4585,0.7666303162486369,0.7651771918285181
U1,7,main,development_holdout,P2_candidate_clock,12,3599,0.8360655737704918,0.8311621305642817
U1,7,main,development_holdout,P2_candidate_clock,13,2254,0.8899733806566105,0.8950483099241275
U1,7,main,development_holdout,P2_candidate_clock,14,447,0.970917225950783,0.9532370294810373
U1,7,main,development_holdout,P3_intersection,0,0,,
U1,7,main,development_holdout,P3_intersection,1,0,,
U1,7,main,development_holdout,P3_intersection,2,0,,
U1,7,main,development_holdout,P3_intersection,3,0,,
U1,7,main,development_holdout,P3_intersection,4,0,,
U1,7,main,development_holdout,P3_intersection,5,9513,0.3748554609481762,0.3772155159798703
U1,7,main,development_holdout,P3_intersection,6,21796,0.4348963112497706,0.4343823767034608
U1,7,main,development_holdout,P3_intersection,7,19682,0.49735799207397624,0.49748660516491994
U1,7,main,development_holdout,P3_intersection,8,11457,0.5718774548311076,0.563620210365185
U1,7,main,development_holdout,P3_intersection,9,7485,0.6464929859719439,0.6315945433325475
U1,7,main,development_holdout,P3_intersection,10,5790,0.7025906735751295,0.6984368485660563
U1,7,main,development_holdout,P3_intersection,11,4584,0.7665794066317626,0.7651828241675168
U1,7,main,development_holdout,P3_intersection,12,3590,0.835933147632312,0.8311611475797431
U1,7,main,development_holdout,P3_intersection,13,2245,0.890423162583519,0.8950873143138212
U1,7,main,development_holdout,P3_intersection,14,446,0.9708520179372198,0.9532793798730542
U1,7,main,validation,P0_legacy,0,0,,
U1,7,main,validation,P0_legacy,1,0,,
U1,7,main,validation,P0_legacy,2,0,,
U1,7,main,validation,P0_legacy,3,0,,
U1,7,main,validation,P0_legacy,4,0,,
U1,7,main,validation,P0_legacy,5,5153,0.3842421890161071,0.37707960440282096
U1,7,main,validation,P0_legacy,6,11988,0.437354020687354,0.4351981172300648
U1,7,main,validation,P0_legacy,7,11821,0.4893833009051688,0.49797500765596137
U1,7,main,validation,P0_legacy,8,6893,0.5746409400841433,0.5636299559793387
U1,7,main,validation,P0_legacy,9,4524,0.6538461538461539,0.6318499441321419
U1,7,main,validation,P0_legacy,10,3598,0.7348526959421902,0.698835503269829
U1,7,main,validation,P0_legacy,11,2864,0.7891061452513967,0.7645580803089123
U1,7,main,validation,P0_legacy,12,2068,0.8515473887814313,0.831387590456497
U1,7,main,validation,P0_legacy,13,1232,0.9066558441558441,0.8950300008885219
U1,7,main,validation,P0_legacy,14,133,0.9323308270676691,0.9426469619107855
U1,7,main,validation,P1_valid_cache_endpoints,0,0,,
U1,7,main,validation,P1_valid_cache_endpoints,1,0,,
U1,7,main,validation,P1_valid_cache_endpoints,2,0,,
U1,7,main,validation,P1_valid_cache_endpoints,3,0,,
U1,7,main,validation,P1_valid_cache_endpoints,4,0,,
U1,7,main,validation,P1_valid_cache_endpoints,5,5016,0.38516746411483255,0.3771034696104356
U1,7,main,validation,P1_valid_cache_endpoints,6,11622,0.43830665978316985,0.4351805207329663
U1,7,main,validation,P1_valid_cache_endpoints,7,11216,0.49563124108416545,0.49789045103682367
U1,7,main,validation,P1_valid_cache_endpoints,8,6556,0.5780964002440513,0.563804437518213
U1,7,main,validation,P1_valid_cache_endpoints,9,4340,0.6474654377880185,0.631970121593758
U1,7,main,validation,P1_valid_cache_endpoints,10,3482,0.7268811028144745,0.6988429514949197
U1,7,main,validation,P1_valid_cache_endpoints,11,2746,0.7822286962855062,0.7646351340817317
U1,7,main,validation,P1_valid_cache_endpoints,12,1985,0.8453400503778338,0.8313972064727051
U1,7,main,validation,P1_valid_cache_endpoints,13,1188,0.9031986531986532,0.894915262247598
U1,7,main,validation,P1_valid_cache_endpoints,14,129,0.9302325581395349,0.9426262768262869
U1,7,main,validation,P2_candidate_clock,0,0,,
U1,7,main,validation,P2_candidate_clock,1,0,,
U1,7,main,validation,P2_candidate_clock,2,0,,
U1,7,main,validation,P2_candidate_clock,3,0,,
U1,7,main,validation,P2_candidate_clock,4,0,,
U1,7,main,validation,P2_candidate_clock,5,4754,0.38367690366007573,0.3770960724241201
U1,7,main,validation,P2_candidate_clock,6,10653,0.4392189993429081,0.43477525196407185
U1,7,main,validation,P2_candidate_clock,7,9971,0.48871728011232574,0.4977000608989621
U1,7,main,validation,P2_candidate_clock,8,5760,0.5739583333333333,0.5637859774536571
U1,7,main,validation,P2_candidate_clock,9,3923,0.6479734896762681,0.6318312795942735
U1,7,main,validation,P2_candidate_clock,10,3115,0.7296950240770466,0.6990584998348757
U1,7,main,validation,P2_candidate_clock,11,2511,0.7881322182397451,0.7645661965044214
U1,7,main,validation,P2_candidate_clock,12,1794,0.846711259754738,0.831523059127674
U1,7,main,validation,P2_candidate_clock,13,1057,0.9072847682119205,0.8948973800371478
U1,7,main,validation,P2_candidate_clock,14,121,0.9338842975206612,0.9427943907036145
U1,7,main,validation,P3_intersection,0,0,,
U1,7,main,validation,P3_intersection,1,0,,
U1,7,main,validation,P3_intersection,2,0,,
U1,7,main,validation,P3_intersection,3,0,,
U1,7,main,validation,P3_intersection,4,0,,
U1,7,main,validation,P3_intersection,5,4707,0.3853834714255364,0.3770979473736005
U1,7,main,validation,P3_intersection,6,10519,0.4413917672782584,0.43479925889123083
U1,7,main,validation,P3_intersection,7,9732,0.49547883271681054,0.4976181997878396
U1,7,main,validation,P3_intersection,8,5640,0.5813829787234043,0.5640185808219322
U1,7,main,validation,P3_intersection,9,3890,0.6501285347043702,0.6318997168288752
U1,7,main,validation,P3_intersection,10,3102,0.7292069632495164,0.6990630517594256
U1,7,main,validation,P3_intersection,11,2498,0.789031224979984,0.7645613473764906
U1,7,main,validation,P3_intersection,12,1786,0.8460246360582306,0.8315277594072052
U1,7,main,validation,P3_intersection,13,1055,0.9071090047393365,0.8949261634785364
U1,7,main,validation,P3_intersection,14,121,0.9338842975206612,0.9427943907036145
U1,123,main,development_holdout,P0_legacy,0,0,,
U1,123,main,development_holdout,P0_legacy,1,0,,
U1,123,main,development_holdout,P0_legacy,2,0,,
U1,123,main,development_holdout,P0_legacy,3,0,,
U1,123,main,development_holdout,P0_legacy,4,0,,
U1,123,main,development_holdout,P0_legacy,5,10359,0.3764842166232262,0.37754282914671644
U1,123,main,development_holdout,P0_legacy,6,24698,0.42962992954895135,0.43466524203143675
U1,123,main,development_holdout,P0_legacy,7,22591,0.4897525563277411,0.49747684672981085
U1,123,main,development_holdout,P0_legacy,8,13256,0.5589167169583584,0.563958327055081
U1,123,main,development_holdout,P0_legacy,9,8644,0.6250578435909301,0.6316210519610417
U1,123,main,development_holdout,P0_legacy,10,6757,0.6821074441320113,0.698765472963654
U1,123,main,development_holdout,P0_legacy,11,5720,0.7486013986013986,0.7656924504357095
U1,123,main,development_holdout,P0_legacy,12,4883,0.8089289371288143,0.8322272697454965
U1,123,main,development_holdout,P0_legacy,13,3639,0.8749656499038198,0.8972215190267739
U1,123,main,development_holdout,P0_legacy,14,1027,0.934761441090555,0.9499620670329298
U1,123,main,development_holdout,P1_valid_cache_endpoints,0,0,,
U1,123,main,development_holdout,P1_valid_cache_endpoints,1,0,,
U1,123,main,development_holdout,P1_valid_cache_endpoints,2,0,,
U1,123,main,development_holdout,P1_valid_cache_endpoints,3,0,,
U1,123,main,development_holdout,P1_valid_cache_endpoints,4,0,,
U1,123,main,development_holdout,P1_valid_cache_endpoints,5,9982,0.377379282708876,0.37752670072539535
U1,123,main,development_holdout,P1_valid_cache_endpoints,6,23646,0.4330542163579464,0.43466591084173123
U1,123,main,development_holdout,P1_valid_cache_endpoints,7,21456,0.49142431021625654,0.4974726741399859
U1,123,main,development_holdout,P1_valid_cache_endpoints,8,12490,0.5601281024819856,0.5640045806234407
U1,123,main,development_holdout,P1_valid_cache_endpoints,9,8286,0.6193579531740285,0.6316932737099187
U1,123,main,development_holdout,P1_valid_cache_endpoints,10,6532,0.6728413962033069,0.6987813741886775
U1,123,main,development_holdout,P1_valid_cache_endpoints,11,5537,0.7408343868520859,0.7656755643382076
U1,123,main,development_holdout,P1_valid_cache_endpoints,12,4711,0.8019528762470813,0.8322792059668753
U1,123,main,development_holdout,P1_valid_cache_endpoints,13,3516,0.8714448236632537,0.8971869508410718
U1,123,main,development_holdout,P1_valid_cache_endpoints,14,1000,0.933,0.9499654141026465
U1,123,main,development_holdout,P2_candidate_clock,0,0,,
U1,123,main,development_holdout,P2_candidate_clock,1,0,,
U1,123,main,development_holdout,P2_candidate_clock,2,0,,
U1,123,main,development_holdout,P2_candidate_clock,3,0,,
U1,123,main,development_holdout,P2_candidate_clock,4,0,,
U1,123,main,development_holdout,P2_candidate_clock,5,9566,0.37497386577461844,0.3775524992130888
U1,123,main,development_holdout,P2_candidate_clock,6,22236,0.4297535527972657,0.43438433530241893
U1,123,main,development_holdout,P2_candidate_clock,7,18920,0.4900105708245243,0.49723160658222126
U1,123,main,development_holdout,P2_candidate_clock,8,10884,0.5564130834252113,0.5639204545245878
U1,123,main,development_holdout,P2_candidate_clock,9,7397,0.622684872245505,0.6317362827365139
U1,123,main,development_holdout,P2_candidate_clock,10,5942,0.6746886570178391,0.6988453855330959
U1,123,main,development_holdout,P2_candidate_clock,11,4951,0.7471217935770551,0.7656205519176646
U1,123,main,development_holdout,P2_candidate_clock,12,4229,0.8058642705131237,0.832358581485183
U1,123,main,development_holdout,P2_candidate_clock,13,3175,0.8759055118110236,0.8973330888296069
U1,123,main,development_holdout,P2_candidate_clock,14,909,0.933993399339934,0.9500587017479262
U1,123,main,development_holdout,P3_intersection,0,0,,
U1,123,main,development_holdout,P3_intersection,1,0,,
U1,123,main,development_holdout,P3_intersection,2,0,,
U1,123,main,development_holdout,P3_intersection,3,0,,
U1,123,main,development_holdout,P3_intersection,4,0,,
U1,123,main,development_holdout,P3_intersection,5,9381,0.3759727107984223,0.3775397923860543
U1,123,main,development_holdout,P3_intersection,6,21712,0.43358511422254975,0.43438344019505
U1,123,main,development_holdout,P3_intersection,7,18448,0.49387467476149177,0.49725070662526216
U1,123,main,development_holdout,P3_intersection,8,10587,0.5643713988854255,0.5640072103442387
U1,123,main,development_holdout,P3_intersection,9,7308,0.6257525998905309,0.6318347795537985
U1,123,main,development_holdout,P3_intersection,10,5913,0.6747843734145104,0.6988438724969477
U1,123,main,development_holdout,P3_intersection,11,4945,0.7472194135490394,0.7656390560757492
U1,123,main,development_holdout,P3_intersection,12,4222,0.8055423969682615,0.8323650620396826
U1,123,main,development_holdout,P3_intersection,13,3165,0.8764612954186414,0.8973245661987785
U1,123,main,development_holdout,P3_intersection,14,907,0.9338478500551268,0.9500663660639442
U1,123,main,validation,P0_legacy,0,0,,
U1,123,main,validation,P0_legacy,1,0,,
U1,123,main,validation,P0_legacy,2,0,,
U1,123,main,validation,P0_legacy,3,0,,
U1,123,main,validation,P0_legacy,4,0,,
U1,123,main,validation,P0_legacy,5,5000,0.3732,0.3772392388107188
U1,123,main,validation,P0_legacy,6,11685,0.43448866067608044,0.43504014146435005
U1,123,main,validation,P0_legacy,7,11205,0.49352967425256583,0.49772594840150325
U1,123,main,validation,P0_legacy,8,6611,0.5456058085009832,0.5633986596235477
U1,123,main,validation,P0_legacy,9,4534,0.651080723423026,0.6317872549408633
U1,123,main,validation,P0_legacy,10,3682,0.7001629549158066,0.6991097034396354
U1,123,main,validation,P0_legacy,11,2966,0.7811867835468644,0.765272699180846
U1,123,main,validation,P0_legacy,12,2479,0.8313836224283986,0.8321479799592818
U1,123,main,validation,P0_legacy,13,1732,0.8810623556581986,0.896712799787034
U1,123,main,validation,P0_legacy,14,380,0.9210526315789473,0.9479109933918147
U1,123,main,validation,P1_valid_cache_endpoints,0,0,,
U1,123,main,validation,P1_valid_cache_endpoints,1,0,,
U1,123,main,validation,P1_valid_cache_endpoints,2,0,,
U1,123,main,validation,P1_valid_cache_endpoints,3,0,,
U1,123,main,validation,P1_valid_cache_endpoints,4,0,,
U1,123,main,validation,P1_valid_cache_endpoints,5,4857,0.3722462425365452,0.3772700548578027
U1,123,main,validation,P1_valid_cache_endpoints,6,11313,0.4350746928312561,0.4350184412687325
U1,123,main,validation,P1_valid_cache_endpoints,7,10753,0.49595461731609786,0.49758956623254635
U1,123,main,validation,P1_valid_cache_endpoints,8,6162,0.5577734501785134,0.5636979667353189
U1,123,main,validation,P1_valid_cache_endpoints,9,4354,0.6440055121727147,0.6318822920167497
U1,123,main,validation,P1_valid_cache_endpoints,10,3565,0.6934081346423563,0.6990705008540196
U1,123,main,validation,P1_valid_cache_endpoints,11,2855,0.773029772329247,0.7652677203650778
U1,123,main,validation,P1_valid_cache_endpoints,12,2394,0.8253968253968254,0.8321713139246407
U1,123,main,validation,P1_valid_cache_endpoints,13,1665,0.8762762762762762,0.8966793166670074
U1,123,main,validation,P1_valid_cache_endpoints,14,362,0.9171270718232044,0.948080660852576
U1,123,main,validation,P2_candidate_clock,0,0,,
U1,123,main,validation,P2_candidate_clock,1,0,,
U1,123,main,validation,P2_candidate_clock,2,0,,
U1,123,main,validation,P2_candidate_clock,3,0,,
U1,123,main,validation,P2_candidate_clock,4,0,,
U1,123,main,validation,P2_candidate_clock,5,4647,0.3716376156660211,0.3772215672854187
U1,123,main,validation,P2_candidate_clock,6,10504,0.43488194973343486,0.4347941701791914
U1,123,main,validation,P2_candidate_clock,7,9413,0.49718474450228406,0.4974167288632191
U1,123,main,validation,P2_candidate_clock,8,5426,0.5449686693697015,0.5635240475500233
U1,123,main,validation,P2_candidate_clock,9,3877,0.6450864070157338,0.6320370839040222
U1,123,main,validation,P2_candidate_clock,10,3215,0.6948678071539658,0.6991297439350674
U1,123,main,validation,P2_candidate_clock,11,2572,0.7776049766718507,0.7653291615763246
U1,123,main,validation,P2_candidate_clock,12,2183,0.8291342189647274,0.8320861974093524
U1,123,main,validation,P2_candidate_clock,13,1495,0.8789297658862876,0.8966747668330193
U1,123,main,validation,P2_candidate_clock,14,327,0.9204892966360856,0.948244156210736
U1,123,main,validation,P3_intersection,0,0,,
U1,123,main,validation,P3_intersection,1,0,,
U1,123,main,validation,P3_intersection,2,0,,
U1,123,main,validation,P3_intersection,3,0,,
U1,123,main,validation,P3_intersection,4,0,,
U1,123,main,validation,P3_intersection,5,4590,0.3712418300653595,0.377244843992558
U1,123,main,validation,P3_intersection,6,10384,0.43653697996918334,0.4348023309320805
U1,123,main,validation,P3_intersection,7,9278,0.49967665445139037,0.49732241130458676
U1,123,main,validation,P3_intersection,8,5201,0.5616227648529128,0.563878589854182
U1,123,main,validation,P3_intersection,9,3848,0.6465696465696466,0.6321073596622969
U1,123,main,validation,P3_intersection,10,3194,0.6956793988728867,0.6990832593300252
U1,123,main,validation,P3_intersection,11,2565,0.7773879142300195,0.7653496363851435
U1,123,main,validation,P3_intersection,12,2176,0.8285845588235294,0.8321104658289444
U1,123,main,validation,P3_intersection,13,1489,0.8784419073203492,0.8965894059259123
U1,123,main,validation,P3_intersection,14,325,0.92,0.9482743039088113
GRU_U1,42,main,development_holdout,P0_legacy,0,0,,
GRU_U1,42,main,development_holdout,P0_legacy,1,0,,
GRU_U1,42,main,development_holdout,P0_legacy,2,0,,
GRU_U1,42,main,development_holdout,P0_legacy,3,0,,
GRU_U1,42,main,development_holdout,P0_legacy,4,0,,
GRU_U1,42,main,development_holdout,P0_legacy,5,8777,0.3786031673692606,0.3774265505220878
GRU_U1,42,main,development_holdout,P0_legacy,6,22608,0.4221514508138712,0.43521702036307025
GRU_U1,42,main,development_holdout,P0_legacy,7,23050,0.4745336225596529,0.4982456628856456
GRU_U1,42,main,development_holdout,P0_legacy,8,14994,0.5466186474589836,0.5641209836464852
GRU_U1,42,main,development_holdout,P0_legacy,9,9726,0.6112482006991569,0.6311991023812038
GRU_U1,42,main,development_holdout,P0_legacy,10,7314,0.6843040743779054,0.6988320092763429
GRU_U1,42,main,development_holdout,P0_legacy,11,6009,0.7482110168081212,0.7652010311535493
GRU_U1,42,main,development_holdout,P0_legacy,12,5295,0.8226628895184136,0.832546261740988
GRU_U1,42,main,development_holdout,P0_legacy,13,3370,0.8908011869436202,0.8938567799583023
GRU_U1,42,main,development_holdout,P0_legacy,14,431,0.988399071925754,0.9523376844827803
GRU_U1,42,main,development_holdout,P1_valid_cache_endpoints,0,0,,
GRU_U1,42,main,development_holdout,P1_valid_cache_endpoints,1,0,,
GRU_U1,42,main,development_holdout,P1_valid_cache_endpoints,2,0,,
GRU_U1,42,main,development_holdout,P1_valid_cache_endpoints,3,0,,
GRU_U1,42,main,development_holdout,P1_valid_cache_endpoints,4,0,,
GRU_U1,42,main,development_holdout,P1_valid_cache_endpoints,5,8361,0.3796196627197704,0.37741629777333896
GRU_U1,42,main,development_holdout,P1_valid_cache_endpoints,6,21513,0.4260679589085669,0.4351674498528056
GRU_U1,42,main,development_holdout,P1_valid_cache_endpoints,7,21811,0.479207739214158,0.49814003524781386
GRU_U1,42,main,development_holdout,P1_valid_cache_endpoints,8,14233,0.5496381648282161,0.5640900794792347
GRU_U1,42,main,development_holdout,P1_valid_cache_endpoints,9,9320,0.6099785407725322,0.6312912661684735
GRU_U1,42,main,development_holdout,P1_valid_cache_endpoints,10,7125,0.6784561403508772,0.6988284199535016
GRU_U1,42,main,development_holdout,P1_valid_cache_endpoints,11,5868,0.7430129516019086,0.7652311651732424
GRU_U1,42,main,development_holdout,P1_valid_cache_endpoints,12,5187,0.8189705031810295,0.8325395871174873
GRU_U1,42,main,development_holdout,P1_valid_cache_endpoints,13,3316,0.8902291917973462,0.8939429600375747
GRU_U1,42,main,development_holdout,P1_valid_cache_endpoints,14,422,0.9881516587677726,0.9522526678317151
GRU_U1,42,main,development_holdout,P2_candidate_clock,0,0,,
GRU_U1,42,main,development_holdout,P2_candidate_clock,1,0,,
GRU_U1,42,main,development_holdout,P2_candidate_clock,2,0,,
GRU_U1,42,main,development_holdout,P2_candidate_clock,3,0,,
GRU_U1,42,main,development_holdout,P2_candidate_clock,4,0,,
GRU_U1,42,main,development_holdout,P2_candidate_clock,5,7716,0.37934162778641783,0.37738095816091555
GRU_U1,42,main,development_holdout,P2_candidate_clock,6,19282,0.4228295819935691,0.4351129307736916
GRU_U1,42,main,development_holdout,P2_candidate_clock,7,19644,0.47352881286906945,0.49828155023815823
GRU_U1,42,main,development_holdout,P2_candidate_clock,8,12819,0.547546610500039,0.5642637028815031
GRU_U1,42,main,development_holdout,P2_candidate_clock,9,8390,0.6073897497020262,0.6312818448785263
GRU_U1,42,main,development_holdout,P2_candidate_clock,10,6572,0.6765063907486305,0.6987928762785861
GRU_U1,42,main,development_holdout,P2_candidate_clock,11,5419,0.7414652149843145,0.7651783527782686
GRU_U1,42,main,development_holdout,P2_candidate_clock,12,4804,0.8184845961698585,0.8326938871462678
GRU_U1,42,main,development_holdout,P2_candidate_clock,13,3168,0.8898358585858586,0.8938880362292331
GRU_U1,42,main,development_holdout,P2_candidate_clock,14,395,0.9873417721518988,0.9521029123003703
GRU_U1,42,main,development_holdout,P3_intersection,0,0,,
GRU_U1,42,main,development_holdout,P3_intersection,1,0,,
GRU_U1,42,main,development_holdout,P3_intersection,2,0,,
GRU_U1,42,main,development_holdout,P3_intersection,3,0,,
GRU_U1,42,main,development_holdout,P3_intersection,4,0,,
GRU_U1,42,main,development_holdout,P3_intersection,5,7569,0.38063152331880035,0.3773119548751484
GRU_U1,42,main,development_holdout,P3_intersection,6,18865,0.4253909355950172,0.43508039160210643
GRU_U1,42,main,development_holdout,P3_intersection,7,19131,0.477863154043176,0.4982062563582751
GRU_U1,42,main,development_holdout,P3_intersection,8,12487,0.5525746776647713,0.5642870600938357
GRU_U1,42,main,development_holdout,P3_intersection,9,8252,0.611730489578284,0.631353260264378
GRU_U1,42,main,development_holdout,P3_intersection,10,6535,0.6766641162968631,0.6988056384552532
GRU_U1,42,main,development_holdout,P3_intersection,11,5399,0.7414335988145953,0.7651916204479161
GRU_U1,42,main,development_holdout,P3_intersection,12,4798,0.8182576073363902,0.8326812562358378
GRU_U1,42,main,development_holdout,P3_intersection,13,3157,0.8907190370605005,0.8939265042245664
GRU_U1,42,main,development_holdout,P3_intersection,14,395,0.9873417721518988,0.9521029123003703
GRU_U1,42,main,validation,P0_legacy,0,0,,
GRU_U1,42,main,validation,P0_legacy,1,0,,
GRU_U1,42,main,validation,P0_legacy,2,0,,
GRU_U1,42,main,validation,P0_legacy,3,0,,
GRU_U1,42,main,validation,P0_legacy,4,0,,
GRU_U1,42,main,validation,P0_legacy,5,4257,0.3699788583509514,0.37738025317543616
GRU_U1,42,main,validation,P0_legacy,6,11003,0.42961010633463603,0.4350992776659651
GRU_U1,42,main,validation,P0_legacy,7,11360,0.4921654929577465,0.49840830906576117
GRU_U1,42,main,validation,P0_legacy,8,7534,0.5416777276347226,0.5639120897552518
GRU_U1,42,main,validation,P0_legacy,9,5031,0.627906976744186,0.6319174897926481
GRU_U1,42,main,validation,P0_legacy,10,3712,0.7068965517241379,0.698876858122298
GRU_U1,42,main,validation,P0_legacy,11,3078,0.7732293697205977,0.7661834006341869
GRU_U1,42,main,validation,P0_legacy,12,2598,0.8441108545034642,0.8318837990404049
GRU_U1,42,main,validation,P0_legacy,13,1584,0.898989898989899,0.8935250929971369
GRU_U1,42,main,validation,P0_legacy,14,117,0.9658119658119658,0.9417209996123028
GRU_U1,42,main,validation,P1_valid_cache_endpoints,0,0,,
GRU_U1,42,main,validation,P1_valid_cache_endpoints,1,0,,
GRU_U1,42,main,validation,P1_valid_cache_endpoints,2,0,,
GRU_U1,42,main,validation,P1_valid_cache_endpoints,3,0,,
GRU_U1,42,main,validation,P1_valid_cache_endpoints,4,0,,
GRU_U1,42,main,validation,P1_valid_cache_endpoints,5,4090,0.37163814180929094,0.3773284586384116
GRU_U1,42,main,validation,P1_valid_cache_endpoints,6,10593,0.43254979703577834,0.43512670446299423
GRU_U1,42,main,validation,P1_valid_cache_endpoints,7,10859,0.49737544893636615,0.4984019084528683
GRU_U1,42,main,validation,P1_valid_cache_endpoints,8,7170,0.5467224546722455,0.5639347885215917
GRU_U1,42,main,validation,P1_valid_cache_endpoints,9,4759,0.6381592771590671,0.6322116071102455
GRU_U1,42,main,validation,P1_valid_cache_endpoints,10,3609,0.7037960653920754,0.6988497213403911
GRU_U1,42,main,validation,P1_valid_cache_endpoints,11,2993,0.7671232876712328,0.7661769887868392
GRU_U1,42,main,validation,P1_valid_cache_endpoints,12,2535,0.8406311637080868,0.8318558255076355
GRU_U1,42,main,validation,P1_valid_cache_endpoints,13,1557,0.8972382787411689,0.8935957913178743
GRU_U1,42,main,validation,P1_valid_cache_endpoints,14,115,0.9652173913043478,0.9417019346689518
GRU_U1,42,main,validation,P2_candidate_clock,0,0,,
GRU_U1,42,main,validation,P2_candidate_clock,1,0,,
GRU_U1,42,main,validation,P2_candidate_clock,2,0,,
GRU_U1,42,main,validation,P2_candidate_clock,3,0,,
GRU_U1,42,main,validation,P2_candidate_clock,4,0,,
GRU_U1,42,main,validation,P2_candidate_clock,5,3709,0.3715287139390671,0.3772789162022897
GRU_U1,42,main,validation,P2_candidate_clock,6,9491,0.4296702138868402,0.4351877698130042
GRU_U1,42,main,validation,P2_candidate_clock,7,9668,0.4959660736450145,0.4983518090332411
GRU_U1,42,main,validation,P2_candidate_clock,8,6358,0.543409877319912,0.5638753625665284
GRU_U1,42,main,validation,P2_candidate_clock,9,4337,0.6188609637998617,0.6319768155050635
GRU_U1,42,main,validation,P2_candidate_clock,10,3343,0.6975770266227939,0.6989453147196925
GRU_U1,42,main,validation,P2_candidate_clock,11,2791,0.7692583303475456,0.7662444783524982
GRU_U1,42,main,validation,P2_candidate_clock,12,2378,0.8423044575273338,0.8318683149704181
GRU_U1,42,main,validation,P2_candidate_clock,13,1471,0.8932698844323589,0.8936019070061271
GRU_U1,42,main,validation,P2_candidate_clock,14,113,0.9646017699115044,0.9416579906050522
GRU_U1,42,main,validation,P3_intersection,0,0,,
GRU_U1,42,main,validation,P3_intersection,1,0,,
GRU_U1,42,main,validation,P3_intersection,2,0,,
GRU_U1,42,main,validation,P3_intersection,3,0,,
GRU_U1,42,main,validation,P3_intersection,4,0,,
GRU_U1,42,main,validation,P3_intersection,5,3665,0.37298772169167804,0.37724863916154133
GRU_U1,42,main,validation,P3_intersection,6,9387,0.4312346862682433,0.4351693832252222
GRU_U1,42,main,validation,P3_intersection,7,9529,0.4977437296673313,0.49832563119317974
GRU_U1,42,main,validation,P3_intersection,8,6223,0.5502169371685682,0.5638215612294656
GRU_U1,42,main,validation,P3_intersection,9,4198,0.6333968556455455,0.6322530901638799
GRU_U1,42,main,validation,P3_intersection,10,3323,0.7005717724947337,0.698955790154342
GRU_U1,42,main,validation,P3_intersection,11,2779,0.7686218064051817,0.7661800095080421
GRU_U1,42,main,validation,P3_intersection,12,2366,0.841927303465765,0.8318591693973175
GRU_U1,42,main,validation,P3_intersection,13,1467,0.8929788684389911,0.8936297737657938
GRU_U1,42,main,validation,P3_intersection,14,113,0.9646017699115044,0.9416579906050522
GRU_U1,7,main,development_holdout,P0_legacy,0,0,,
GRU_U1,7,main,development_holdout,P0_legacy,1,0,,
GRU_U1,7,main,development_holdout,P0_legacy,2,0,,
GRU_U1,7,main,development_holdout,P0_legacy,3,0,,
GRU_U1,7,main,development_holdout,P0_legacy,4,0,,
GRU_U1,7,main,development_holdout,P0_legacy,5,8881,0.3772097736741358,0.3773145204256321
GRU_U1,7,main,development_holdout,P0_legacy,6,22378,0.4215747609259094,0.435394202757706
GRU_U1,7,main,development_holdout,P0_legacy,7,23043,0.4758061016360717,0.4980854046651705
GRU_U1,7,main,development_holdout,P0_legacy,8,14613,0.5464996920550195,0.5640984982207102
GRU_U1,7,main,development_holdout,P0_legacy,9,9741,0.6099989734113541,0.6312957284133384
GRU_U1,7,main,development_holdout,P0_legacy,10,7399,0.6876604946614407,0.6989809286698132
GRU_U1,7,main,development_holdout,P0_legacy,11,6166,0.7486214725916315,0.7660774553871409
GRU_U1,7,main,development_holdout,P0_legacy,12,5502,0.8193384223918575,0.8324905544674401
GRU_U1,7,main,development_holdout,P0_legacy,13,3372,0.8932384341637011,0.8944063826875246
GRU_U1,7,main,development_holdout,P0_legacy,14,479,0.9791231732776617,0.9550247867527302
GRU_U1,7,main,development_holdout,P1_valid_cache_endpoints,0,0,,
GRU_U1,7,main,development_holdout,P1_valid_cache_endpoints,1,0,,
GRU_U1,7,main,development_holdout,P1_valid_cache_endpoints,2,0,,
GRU_U1,7,main,development_holdout,P1_valid_cache_endpoints,3,0,,
GRU_U1,7,main,development_holdout,P1_valid_cache_endpoints,4,0,,
GRU_U1,7,main,development_holdout,P1_valid_cache_endpoints,5,8487,0.3788146577117945,0.3773010074444543
GRU_U1,7,main,development_holdout,P1_valid_cache_endpoints,6,21293,0.4247874888460997,0.43533857216201566
GRU_U1,7,main,development_holdout,P1_valid_cache_endpoints,7,21832,0.4801667277390986,0.4980820350282014
GRU_U1,7,main,development_holdout,P1_valid_cache_endpoints,8,13873,0.5512866719527139,0.5641159335067726
GRU_U1,7,main,development_holdout,P1_valid_cache_endpoints,9,9329,0.6067102583342266,0.6314451975482146
GRU_U1,7,main,development_holdout,P1_valid_cache_endpoints,10,7176,0.6811594202898551,0.6990010940686204
GRU_U1,7,main,development_holdout,P1_valid_cache_endpoints,11,6020,0.7431893687707641,0.7660959578155582
GRU_U1,7,main,development_holdout,P1_valid_cache_endpoints,12,5370,0.8154562383612662,0.8324695656253792
GRU_U1,7,main,development_holdout,P1_valid_cache_endpoints,13,3307,0.8917447837919564,0.8944159401799251
GRU_U1,7,main,development_holdout,P1_valid_cache_endpoints,14,469,0.9786780383795309,0.9548455747696092
GRU_U1,7,main,development_holdout,P2_candidate_clock,0,0,,
GRU_U1,7,main,development_holdout,P2_candidate_clock,1,0,,
GRU_U1,7,main,development_holdout,P2_candidate_clock,2,0,,
GRU_U1,7,main,development_holdout,P2_candidate_clock,3,0,,
GRU_U1,7,main,development_holdout,P2_candidate_clock,4,0,,
GRU_U1,7,main,development_holdout,P2_candidate_clock,5,7895,0.37631412286257127,0.3773358131963382
GRU_U1,7,main,development_holdout,P2_candidate_clock,6,19316,0.4224477117415614,0.4351852662087251
GRU_U1,7,main,development_holdout,P2_candidate_clock,7,19554,0.47478776720875526,0.4980539145853347
GRU_U1,7,main,development_holdout,P2_candidate_clock,8,12360,0.5450647249190939,0.5641650562635698
GRU_U1,7,main,development_holdout,P2_candidate_clock,9,8422,0.6057943481358348,0.6316017250919359
GRU_U1,7,main,development_holdout,P2_candidate_clock,10,6597,0.6777323025617705,0.69898057914352
GRU_U1,7,main,development_holdout,P2_candidate_clock,11,5529,0.7438958220293,0.7661013950463972
GRU_U1,7,main,development_holdout,P2_candidate_clock,12,4983,0.8137668071442906,0.8326364163109041
GRU_U1,7,main,development_holdout,P2_candidate_clock,13,3123,0.8924111431316042,0.8945188959702985
GRU_U1,7,main,development_holdout,P2_candidate_clock,14,430,0.9767441860465116,0.9545419369559381
GRU_U1,7,main,development_holdout,P3_intersection,0,0,,
GRU_U1,7,main,development_holdout,P3_intersection,1,0,,
GRU_U1,7,main,development_holdout,P3_intersection,2,0,,
GRU_U1,7,main,development_holdout,P3_intersection,3,0,,
GRU_U1,7,main,development_holdout,P3_intersection,4,0,,
GRU_U1,7,main,development_holdout,P3_intersection,5,7759,0.37827039566954507,0.3773291574151303
GRU_U1,7,main,development_holdout,P3_intersection,6,18889,0.42463867859600823,0.435135880134462
GRU_U1,7,main,development_holdout,P3_intersection,7,19015,0.47867473047594006,0.49805093125301475
GRU_U1,7,main,development_holdout,P3_intersection,8,12046,0.5512203220986219,0.5641707639391369
GRU_U1,7,main,development_holdout,P3_intersection,9,8294,0.60899445382204,0.6316962253248984
GRU_U1,7,main,development_holdout,P3_intersection,10,6554,0.6780592004882514,0.6990119531853639
GRU_U1,7,main,development_holdout,P3_intersection,11,5514,0.7439245556764599,0.7660864102410547
GRU_U1,7,main,development_holdout,P3_intersection,12,4974,0.8140329714515481,0.8326292589779467
GRU_U1,7,main,development_holdout,P3_intersection,13,3113,0.8927079987150659,0.8945281732717959
GRU_U1,7,main,development_holdout,P3_intersection,14,430,0.9767441860465116,0.9545419369559381
GRU_U1,7,main,validation,P0_legacy,0,0,,
GRU_U1,7,main,validation,P0_legacy,1,0,,
GRU_U1,7,main,validation,P0_legacy,2,0,,
GRU_U1,7,main,validation,P0_legacy,3,0,,
GRU_U1,7,main,validation,P0_legacy,4,0,,
GRU_U1,7,main,validation,P0_legacy,5,4337,0.37560525709015447,0.3775533890816584
GRU_U1,7,main,validation,P0_legacy,6,10885,0.4303169499310978,0.4352439843997365
GRU_U1,7,main,validation,P0_legacy,7,11274,0.4868724498846904,0.49827236129561914
GRU_U1,7,main,validation,P0_legacy,8,7298,0.5439846533296794,0.5640115111543125
GRU_U1,7,main,validation,P0_legacy,9,4891,0.6231854426497648,0.6317877155190199
GRU_U1,7,main,validation,P0_legacy,10,3795,0.7046113306982872,0.6997856147444269
GRU_U1,7,main,validation,P0_legacy,11,3231,0.7793252862890746,0.7657826496483165
GRU_U1,7,main,validation,P0_legacy,12,2783,0.8372260150916278,0.8321153078057536
GRU_U1,7,main,validation,P0_legacy,13,1632,0.9044117647058824,0.8933097834798558
GRU_U1,7,main,validation,P0_legacy,14,148,0.9527027027027027,0.9417166290555109
GRU_U1,7,main,validation,P1_valid_cache_endpoints,0,0,,
GRU_U1,7,main,validation,P1_valid_cache_endpoints,1,0,,
GRU_U1,7,main,validation,P1_valid_cache_endpoints,2,0,,
GRU_U1,7,main,validation,P1_valid_cache_endpoints,3,0,,
GRU_U1,7,main,validation,P1_valid_cache_endpoints,4,0,,
GRU_U1,7,main,validation,P1_valid_cache_endpoints,5,4165,0.3771908763505402,0.3775502991423887
GRU_U1,7,main,validation,P1_valid_cache_endpoints,6,10508,0.43338408831366576,0.4352624359622938
GRU_U1,7,main,validation,P1_valid_cache_endpoints,7,10776,0.49183370452858205,0.4982955705524555
GRU_U1,7,main,validation,P1_valid_cache_endpoints,8,6907,0.5517590849862458,0.5638232144464107
GRU_U1,7,main,validation,P1_valid_cache_endpoints,9,4652,0.6266122098022356,0.6320402724699995
GRU_U1,7,main,validation,P1_valid_cache_endpoints,10,3676,0.7007616974972797,0.6998079486683366
GRU_U1,7,main,validation,P1_valid_cache_endpoints,11,3141,0.7739573384272525,0.7657308051760584
GRU_U1,7,main,validation,P1_valid_cache_endpoints,12,2712,0.8337020648967551,0.83205419548952
GRU_U1,7,main,validation,P1_valid_cache_endpoints,13,1597,0.902316844082655,0.8931873619316565
GRU_U1,7,main,validation,P1_valid_cache_endpoints,14,146,0.952054794520548,0.9416592931934689
GRU_U1,7,main,validation,P2_candidate_clock,0,0,,
GRU_U1,7,main,validation,P2_candidate_clock,1,0,,
GRU_U1,7,main,validation,P2_candidate_clock,2,0,,
GRU_U1,7,main,validation,P2_candidate_clock,3,0,,
GRU_U1,7,main,validation,P2_candidate_clock,4,0,,
GRU_U1,7,main,validation,P2_candidate_clock,5,3813,0.3805402570154734,0.3774675073284313
GRU_U1,7,main,validation,P2_candidate_clock,6,9496,0.4323925863521483,0.4351383927938294
GRU_U1,7,main,validation,P2_candidate_clock,7,9609,0.49110209178894787,0.49814503214732264
GRU_U1,7,main,validation,P2_candidate_clock,8,6070,0.542668863261944,0.564052814399444
GRU_U1,7,main,validation,P2_candidate_clock,9,4203,0.6150368784201761,0.6317853936166273
GRU_U1,7,main,validation,P2_candidate_clock,10,3387,0.6938293475051668,0.6997987207763723
GRU_U1,7,main,validation,P2_candidate_clock,11,2904,0.7758264462809917,0.7657006468211577
GRU_U1,7,main,validation,P2_candidate_clock,12,2538,0.8353033884948778,0.8321468185820912
GRU_U1,7,main,validation,P2_candidate_clock,13,1497,0.9004676018704075,0.8932122831519896
GRU_U1,7,main,validation,P2_candidate_clock,14,142,0.9577464788732394,0.9415887506393575
GRU_U1,7,main,validation,P3_intersection,0,0,,
GRU_U1,7,main,validation,P3_intersection,1,0,,
GRU_U1,7,main,validation,P3_intersection,2,0,,
GRU_U1,7,main,validation,P3_intersection,3,0,,
GRU_U1,7,main,validation,P3_intersection,4,0,,
GRU_U1,7,main,validation,P3_intersection,5,3767,0.3809397398460313,0.37744686289776536
GRU_U1,7,main,validation,P3_intersection,6,9398,0.4341349223238987,0.43510276140372806
GRU_U1,7,main,validation,P3_intersection,7,9457,0.49265094638891826,0.4981877906156571
GRU_U1,7,main,validation,P3_intersection,8,5915,0.5514792899408284,0.5639075754512874
GRU_U1,7,main,validation,P3_intersection,9,4094,0.6262823644357597,0.6321635204727272
GRU_U1,7,main,validation,P3_intersection,10,3370,0.6955489614243323,0.6998300515928583
GRU_U1,7,main,validation,P3_intersection,11,2893,0.7760110611821639,0.7657355140031725
GRU_U1,7,main,validation,P3_intersection,12,2525,0.8352475247524752,0.8321484054826629
GRU_U1,7,main,validation,P3_intersection,13,1489,0.8999328408327737,0.8932179453794442
GRU_U1,7,main,validation,P3_intersection,14,142,0.9577464788732394,0.9415887506393575
GRU_U1,123,main,development_holdout,P0_legacy,0,0,,
GRU_U1,123,main,development_holdout,P0_legacy,1,0,,
GRU_U1,123,main,development_holdout,P0_legacy,2,0,,
GRU_U1,123,main,development_holdout,P0_legacy,3,0,,
GRU_U1,123,main,development_holdout,P0_legacy,4,0,,
GRU_U1,123,main,development_holdout,P0_legacy,5,9345,0.38747993579454254,0.37746586964702794
GRU_U1,123,main,development_holdout,P0_legacy,6,23623,0.4217499894170935,0.4352130472742333
GRU_U1,123,main,development_holdout,P0_legacy,7,22783,0.4869859105473379,0.4980163680107542
GRU_U1,123,main,development_holdout,P0_legacy,8,14368,0.5487889755011136,0.5643248604644522
GRU_U1,123,main,development_holdout,P0_legacy,9,9718,0.6196748302119778,0.6315768154659138
GRU_U1,123,main,development_holdout,P0_legacy,10,7315,0.6980177717019822,0.6987918299323679
GRU_U1,123,main,development_holdout,P0_legacy,11,6078,0.7522211253701876,0.7655616119978922
GRU_U1,123,main,development_holdout,P0_legacy,12,4747,0.832947124499684,0.8317145266576734
GRU_U1,123,main,development_holdout,P0_legacy,13,3054,0.8965291421087099,0.8954244003451756
GRU_U1,123,main,development_holdout,P0_legacy,14,543,0.9650092081031307,0.9481223857187197
GRU_U1,123,main,development_holdout,P1_valid_cache_endpoints,0,0,,
GRU_U1,123,main,development_holdout,P1_valid_cache_endpoints,1,0,,
GRU_U1,123,main,development_holdout,P1_valid_cache_endpoints,2,0,,
GRU_U1,123,main,development_holdout,P1_valid_cache_endpoints,3,0,,
GRU_U1,123,main,development_holdout,P1_valid_cache_endpoints,4,0,,
GRU_U1,123,main,development_holdout,P1_valid_cache_endpoints,5,8921,0.38986660688263647,0.3774700505539275
GRU_U1,123,main,development_holdout,P1_valid_cache_endpoints,6,22509,0.4260073748278466,0.43519257089947644
GRU_U1,123,main,development_holdout,P1_valid_cache_endpoints,7,21574,0.48961713173264115,0.49793483272876543
GRU_U1,123,main,development_holdout,P1_valid_cache_endpoints,8,13662,0.5494803103498755,0.5642703079196075
GRU_U1,123,main,development_holdout,P1_valid_cache_endpoints,9,9317,0.6170441129118815,0.6315608379140891
GRU_U1,123,main,development_holdout,P1_valid_cache_endpoints,10,7064,0.6919592298980748,0.6988951522338814
GRU_U1,123,main,development_holdout,P1_valid_cache_endpoints,11,5924,0.7472991222147198,0.765636180064986
GRU_U1,123,main,development_holdout,P1_valid_cache_endpoints,12,4649,0.8302860830286083,0.8317807622456406
GRU_U1,123,main,development_holdout,P1_valid_cache_endpoints,13,3005,0.8951747088186356,0.8955198766991143
GRU_U1,123,main,development_holdout,P1_valid_cache_endpoints,14,531,0.9642184557438794,0.9480428755651755
GRU_U1,123,main,development_holdout,P2_candidate_clock,0,0,,
GRU_U1,123,main,development_holdout,P2_candidate_clock,1,0,,
GRU_U1,123,main,development_holdout,P2_candidate_clock,2,0,,
GRU_U1,123,main,development_holdout,P2_candidate_clock,3,0,,
GRU_U1,123,main,development_holdout,P2_candidate_clock,4,0,,
GRU_U1,123,main,development_holdout,P2_candidate_clock,5,8224,0.38874027237354086,0.3773986711581273
GRU_U1,123,main,development_holdout,P2_candidate_clock,6,19860,0.42124874118831823,0.435085602225944
GRU_U1,123,main,development_holdout,P2_candidate_clock,7,19223,0.4843156635280653,0.4981773298874926
GRU_U1,123,main,development_holdout,P2_candidate_clock,8,12472,0.5423348300192431,0.5642911312641868
GRU_U1,123,main,development_holdout,P2_candidate_clock,9,8634,0.6137363910122771,0.6316243857839464
GRU_U1,123,main,development_holdout,P2_candidate_clock,10,6559,0.6888245159323068,0.6988581707773578
GRU_U1,123,main,development_holdout,P2_candidate_clock,11,5481,0.7458492975734355,0.7656526233436063
GRU_U1,123,main,development_holdout,P2_candidate_clock,12,4370,0.8299771167048055,0.8318081249120054
GRU_U1,123,main,development_holdout,P2_candidate_clock,13,2892,0.8945366528354081,0.8955944750972569
GRU_U1,123,main,development_holdout,P2_candidate_clock,14,494,0.9635627530364372,0.9478794381818776
GRU_U1,123,main,development_holdout,P3_intersection,0,0,,
GRU_U1,123,main,development_holdout,P3_intersection,1,0,,
GRU_U1,123,main,development_holdout,P3_intersection,2,0,,
GRU_U1,123,main,development_holdout,P3_intersection,3,0,,
GRU_U1,123,main,development_holdout,P3_intersection,4,0,,
GRU_U1,123,main,development_holdout,P3_intersection,5,8095,0.3891290920321186,0.3774278775346316
GRU_U1,123,main,development_holdout,P3_intersection,6,19455,0.42390131071703935,0.4350529525865926
GRU_U1,123,main,development_holdout,P3_intersection,7,18732,0.48761477685244503,0.4981332832678678
GRU_U1,123,main,development_holdout,P3_intersection,8,12149,0.5472878426207919,0.5642961842373004
GRU_U1,123,main,development_holdout,P3_intersection,9,8481,0.6173800259403373,0.6316181175519369
GRU_U1,123,main,development_holdout,P3_intersection,10,6492,0.6893099199014171,0.6989236133039509
GRU_U1,123,main,development_holdout,P3_intersection,11,5454,0.7462412907957462,0.7656695868370551
GRU_U1,123,main,development_holdout,P3_intersection,12,4353,0.830232023891569,0.8318573173254988
GRU_U1,123,main,development_holdout,P3_intersection,13,2883,0.8945542837322233,0.8955812994255051
GRU_U1,123,main,development_holdout,P3_intersection,14,494,0.9635627530364372,0.9478794381818776
GRU_U1,123,main,validation,P0_legacy,0,0,,
GRU_U1,123,main,validation,P0_legacy,1,0,,
GRU_U1,123,main,validation,P0_legacy,2,0,,
GRU_U1,123,main,validation,P0_legacy,3,0,,
GRU_U1,123,main,validation,P0_legacy,4,0,,
GRU_U1,123,main,validation,P0_legacy,5,4480,0.3765625,0.37744524882074565
GRU_U1,123,main,validation,P0_legacy,6,11315,0.42483429076447193,0.4352993154886485
GRU_U1,123,main,validation,P0_legacy,7,11280,0.4950354609929078,0.4979552726160853
GRU_U1,123,main,validation,P0_legacy,8,7110,0.5527426160337553,0.5641794414800115
GRU_U1,123,main,validation,P0_legacy,9,4782,0.636762860727729,0.6313525468186306
GRU_U1,123,main,validation,P0_legacy,10,3992,0.7101703406813628,0.698676247153496
GRU_U1,123,main,validation,P0_legacy,11,3244,0.782983970406905,0.7654169491435231
GRU_U1,123,main,validation,P0_legacy,12,2432,0.8416940789473685,0.8311904628523464
GRU_U1,123,main,validation,P0_legacy,13,1465,0.9010238907849829,0.8940161225031317
GRU_U1,123,main,validation,P0_legacy,14,174,0.9482758620689655,0.9434129741628753
GRU_U1,123,main,validation,P1_valid_cache_endpoints,0,0,,
GRU_U1,123,main,validation,P1_valid_cache_endpoints,1,0,,
GRU_U1,123,main,validation,P1_valid_cache_endpoints,2,0,,
GRU_U1,123,main,validation,P1_valid_cache_endpoints,3,0,,
GRU_U1,123,main,validation,P1_valid_cache_endpoints,4,0,,
GRU_U1,123,main,validation,P1_valid_cache_endpoints,5,4314,0.37714418173388964,0.3774032083211309
GRU_U1,123,main,validation,P1_valid_cache_endpoints,6,10853,0.4279001197825486,0.4352172573749065
GRU_U1,123,main,validation,P1_valid_cache_endpoints,7,10783,0.5001391078549569,0.49790904198185953
GRU_U1,123,main,validation,P1_valid_cache_endpoints,8,6726,0.55961938745168,0.5644706658129987
GRU_U1,123,main,validation,P1_valid_cache_endpoints,9,4608,0.6328125,0.6313538429900349
GRU_U1,123,main,validation,P1_valid_cache_endpoints,10,3852,0.7043094496365524,0.6986175237416447
GRU_U1,123,main,validation,P1_valid_cache_endpoints,11,3157,0.7785872663921445,0.76551366606071
GRU_U1,123,main,validation,P1_valid_cache_endpoints,12,2383,0.839278220730172,0.8311475552486036
GRU_U1,123,main,validation,P1_valid_cache_endpoints,13,1430,0.8986013986013986,0.8940546487050278
GRU_U1,123,main,validation,P1_valid_cache_endpoints,14,174,0.9482758620689655,0.9434129741628753
GRU_U1,123,main,validation,P2_candidate_clock,0,0,,
GRU_U1,123,main,validation,P2_candidate_clock,1,0,,
GRU_U1,123,main,validation,P2_candidate_clock,2,0,,
GRU_U1,123,main,validation,P2_candidate_clock,3,0,,
GRU_U1,123,main,validation,P2_candidate_clock,4,0,,
GRU_U1,123,main,validation,P2_candidate_clock,5,3903,0.3802203433256469,0.37724780797193996
GRU_U1,123,main,validation,P2_candidate_clock,6,9521,0.4261107026572839,0.4351142215953752
GRU_U1,123,main,validation,P2_candidate_clock,7,9577,0.49451811632035086,0.49810437227114396
GRU_U1,123,main,validation,P2_candidate_clock,8,6166,0.5457346740188128,0.5643105076779853
GRU_U1,123,main,validation,P2_candidate_clock,9,4195,0.6274135876042908,0.6314658146145175
GRU_U1,123,main,validation,P2_candidate_clock,10,3555,0.6987341772151898,0.6987105178529277
GRU_U1,123,main,validation,P2_candidate_clock,11,2961,0.7777777777777778,0.7655451877135908
GRU_U1,123,main,validation,P2_candidate_clock,12,2241,0.8353413654618473,0.8312193591453823
GRU_U1,123,main,validation,P2_candidate_clock,13,1368,0.8998538011695907,0.8941870566893493
GRU_U1,123,main,validation,P2_candidate_clock,14,172,0.9476744186046512,0.9434714079297956
GRU_U1,123,main,validation,P3_intersection,0,0,,
GRU_U1,123,main,validation,P3_intersection,1,0,,
GRU_U1,123,main,validation,P3_intersection,2,0,,
GRU_U1,123,main,validation,P3_intersection,3,0,,
GRU_U1,123,main,validation,P3_intersection,4,0,,
GRU_U1,123,main,validation,P3_intersection,5,3871,0.38078016016533195,0.3772071541269503
GRU_U1,123,main,validation,P3_intersection,6,9407,0.4267035186563198,0.43511976354255394
GRU_U1,123,main,validation,P3_intersection,7,9405,0.49856459330143543,0.4980174300889502
GRU_U1,123,main,validation,P3_intersection,8,5987,0.5563721396358777,0.5646346437526047
GRU_U1,123,main,validation,P3_intersection,9,4148,0.6294599807135969,0.6315506900729672
GRU_U1,123,main,validation,P3_intersection,10,3523,0.7002554640931025,0.6987063353608037
GRU_U1,123,main,validation,P3_intersection,11,2949,0.7782299084435402,0.7655547881483125
GRU_U1,123,main,validation,P3_intersection,12,2235,0.8357941834451902,0.8312177378069072
GRU_U1,123,main,validation,P3_intersection,13,1353,0.8987435328898744,0.8941922361814179
GRU_U1,123,main,validation,P3_intersection,14,172,0.9476744186046512,0.9434714079297956
SHARED_QUERY,42,main,development_holdout,P0_legacy,0,0,,
SHARED_QUERY,42,main,development_holdout,P0_legacy,1,0,,
SHARED_QUERY,42,main,development_holdout,P0_legacy,2,0,,
SHARED_QUERY,42,main,development_holdout,P0_legacy,3,0,,
SHARED_QUERY,42,main,development_holdout,P0_legacy,4,0,,
SHARED_QUERY,42,main,development_holdout,P0_legacy,5,8769,0.3771239594024404,0.3773345443813704
SHARED_QUERY,42,main,development_holdout,P0_legacy,6,21654,0.42551029832825343,0.43539344719518125
SHARED_QUERY,42,main,development_holdout,P0_legacy,7,23385,0.48180457558263845,0.4983366802415916
SHARED_QUERY,42,main,development_holdout,P0_legacy,8,15467,0.5438675890605806,0.5640807318694813
SHARED_QUERY,42,main,development_holdout,P0_legacy,9,9945,0.6205128205128205,0.6313547474888807
SHARED_QUERY,42,main,development_holdout,P0_legacy,10,7180,0.6825905292479109,0.6981375777145744
SHARED_QUERY,42,main,development_holdout,P0_legacy,11,5685,0.7452946350043975,0.7657590516756075
SHARED_QUERY,42,main,development_holdout,P0_legacy,12,4831,0.8091492444628441,0.8321059279445524
SHARED_QUERY,42,main,development_holdout,P0_legacy,13,3540,0.8847457627118644,0.8974965341561837
SHARED_QUERY,42,main,development_holdout,P0_legacy,14,1118,0.947227191413238,0.951422672500954
SHARED_QUERY,42,main,development_holdout,P1_valid_cache_endpoints,0,0,,
SHARED_QUERY,42,main,development_holdout,P1_valid_cache_endpoints,1,0,,
SHARED_QUERY,42,main,development_holdout,P1_valid_cache_endpoints,2,0,,
SHARED_QUERY,42,main,development_holdout,P1_valid_cache_endpoints,3,0,,
SHARED_QUERY,42,main,development_holdout,P1_valid_cache_endpoints,4,0,,
SHARED_QUERY,42,main,development_holdout,P1_valid_cache_endpoints,5,8463,0.3765804088384734,0.3772686396429611
SHARED_QUERY,42,main,development_holdout,P1_valid_cache_endpoints,6,20767,0.42548273703471856,0.4353435959564443
SHARED_QUERY,42,main,development_holdout,P1_valid_cache_endpoints,7,22321,0.48308767528336544,0.4983171446166431
SHARED_QUERY,42,main,development_holdout,P1_valid_cache_endpoints,8,14640,0.5444672131147541,0.5640517432143556
SHARED_QUERY,42,main,development_holdout,P1_valid_cache_endpoints,9,9431,0.6185982398473121,0.6313209184323723
SHARED_QUERY,42,main,development_holdout,P1_valid_cache_endpoints,10,6893,0.6750326418105325,0.6982498233914318
SHARED_QUERY,42,main,development_holdout,P1_valid_cache_endpoints,11,5493,0.7373020207536866,0.7657375204206553
SHARED_QUERY,42,main,development_holdout,P1_valid_cache_endpoints,12,4664,0.8029588336192109,0.8321488415110857
SHARED_QUERY,42,main,development_holdout,P1_valid_cache_endpoints,13,3402,0.8803644914756026,0.8974772934893096
SHARED_QUERY,42,main,development_holdout,P1_valid_cache_endpoints,14,1082,0.9454713493530499,0.9513797772778257
SHARED_QUERY,42,main,development_holdout,P2_candidate_clock,0,0,,
SHARED_QUERY,42,main,development_holdout,P2_candidate_clock,1,0,,
SHARED_QUERY,42,main,development_holdout,P2_candidate_clock,2,0,,
SHARED_QUERY,42,main,development_holdout,P2_candidate_clock,3,0,,
SHARED_QUERY,42,main,development_holdout,P2_candidate_clock,4,0,,
SHARED_QUERY,42,main,development_holdout,P2_candidate_clock,5,8121,0.37532323605467305,0.37732935039631516
SHARED_QUERY,42,main,development_holdout,P2_candidate_clock,6,19685,0.42595885191770383,0.43515157585549175
SHARED_QUERY,42,main,development_holdout,P2_candidate_clock,7,19866,0.4813248766737139,0.4980447236934909
SHARED_QUERY,42,main,development_holdout,P2_candidate_clock,8,12857,0.5416504627829198,0.5640638278833598
SHARED_QUERY,42,main,development_holdout,P2_candidate_clock,9,8322,0.6184811343427061,0.6313566658411794
SHARED_QUERY,42,main,development_holdout,P2_candidate_clock,10,6250,0.67888,0.6983272336266998
SHARED_QUERY,42,main,development_holdout,P2_candidate_clock,11,4949,0.7423721964033138,0.7657983082380452
SHARED_QUERY,42,main,development_holdout,P2_candidate_clock,12,4160,0.8096153846153846,0.8321551245685815
SHARED_QUERY,42,main,development_holdout,P2_candidate_clock,13,3023,0.886536553092954,0.8973701021851648
SHARED_QUERY,42,main,development_holdout,P2_candidate_clock,14,976,0.9497950819672131,0.9515194199245922
SHARED_QUERY,42,main,development_holdout,P3_intersection,0,0,,
SHARED_QUERY,42,main,development_holdout,P3_intersection,1,0,,
SHARED_QUERY,42,main,development_holdout,P3_intersection,2,0,,
SHARED_QUERY,42,main,development_holdout,P3_intersection,3,0,,
SHARED_QUERY,42,main,development_holdout,P3_intersection,4,0,,
SHARED_QUERY,42,main,development_holdout,P3_intersection,5,7981,0.37514095977947626,0.3772677293565711
SHARED_QUERY,42,main,development_holdout,P3_intersection,6,19235,0.4271900181959969,0.43514076790672446
SHARED_QUERY,42,main,development_holdout,P3_intersection,7,19420,0.4853244078269825,0.4980608633128318
SHARED_QUERY,42,main,development_holdout,P3_intersection,8,12538,0.5472164619556548,0.5640556416332841
SHARED_QUERY,42,main,development_holdout,P3_intersection,9,8145,0.6245549416820135,0.6313809104264487
SHARED_QUERY,42,main,development_holdout,P3_intersection,10,6194,0.6801743622860833,0.6984342810728125
SHARED_QUERY,42,main,development_holdout,P3_intersection,11,4937,0.742758760380798,0.7657958483318813
SHARED_QUERY,42,main,development_holdout,P3_intersection,12,4150,0.8098795180722892,0.8321567570049708
SHARED_QUERY,42,main,development_holdout,P3_intersection,13,3016,0.886604774535809,0.8973985407072914
SHARED_QUERY,42,main,development_holdout,P3_intersection,14,972,0.9495884773662552,0.9515219777573048
SHARED_QUERY,42,main,validation,P0_legacy,0,0,,
SHARED_QUERY,42,main,validation,P0_legacy,1,0,,
SHARED_QUERY,42,main,validation,P0_legacy,2,0,,
SHARED_QUERY,42,main,validation,P0_legacy,3,0,,
SHARED_QUERY,42,main,validation,P0_legacy,4,0,,
SHARED_QUERY,42,main,validation,P0_legacy,5,4024,0.36853876739562624,0.3775241101128479
SHARED_QUERY,42,main,validation,P0_legacy,6,10157,0.4253224377276755,0.43557622686942815
SHARED_QUERY,42,main,validation,P0_legacy,7,11036,0.4888546574845959,0.4986374291294151
SHARED_QUERY,42,main,validation,P0_legacy,8,7365,0.5446028513238289,0.5645912661792803
SHARED_QUERY,42,main,validation,P0_legacy,9,5224,0.6227029096477795,0.6317470917887521
SHARED_QUERY,42,main,validation,P0_legacy,10,3994,0.6930395593390085,0.6987492648602658
SHARED_QUERY,42,main,validation,P0_legacy,11,3415,0.766325036603221,0.7662734511787235
SHARED_QUERY,42,main,validation,P0_legacy,12,2594,0.825366229760987,0.8325475297593238
SHARED_QUERY,42,main,validation,P0_legacy,13,1945,0.8832904884318766,0.8977405966338197
SHARED_QUERY,42,main,validation,P0_legacy,14,520,0.9307692307692308,0.9487665989239794
SHARED_QUERY,42,main,validation,P1_valid_cache_endpoints,0,0,,
SHARED_QUERY,42,main,validation,P1_valid_cache_endpoints,1,0,,
SHARED_QUERY,42,main,validation,P1_valid_cache_endpoints,2,0,,
SHARED_QUERY,42,main,validation,P1_valid_cache_endpoints,3,0,,
SHARED_QUERY,42,main,validation,P1_valid_cache_endpoints,4,0,,
SHARED_QUERY,42,main,validation,P1_valid_cache_endpoints,5,3911,0.36921503451802606,0.3774666833059664
SHARED_QUERY,42,main,validation,P1_valid_cache_endpoints,6,9864,0.42558799675588,0.4355217051911046
SHARED_QUERY,42,main,validation,P1_valid_cache_endpoints,7,10616,0.4886963074604371,0.4985160820519909
SHARED_QUERY,42,main,validation,P1_valid_cache_endpoints,8,7036,0.5443433769187038,0.5644873337300799
SHARED_QUERY,42,main,validation,P1_valid_cache_endpoints,9,4989,0.6195630386851072,0.631767353909064
SHARED_QUERY,42,main,validation,P1_valid_cache_endpoints,10,3806,0.6857593273778245,0.6985328536992312
SHARED_QUERY,42,main,validation,P1_valid_cache_endpoints,11,3192,0.7525062656641605,0.7663559540837324
SHARED_QUERY,42,main,validation,P1_valid_cache_endpoints,12,2511,0.8195937873357229,0.8325153456682414
SHARED_QUERY,42,main,validation,P1_valid_cache_endpoints,13,1861,0.8780225685115529,0.8976682797945722
SHARED_QUERY,42,main,validation,P1_valid_cache_endpoints,14,494,0.9271255060728745,0.9487805474038851
SHARED_QUERY,42,main,validation,P2_candidate_clock,0,0,,
SHARED_QUERY,42,main,validation,P2_candidate_clock,1,0,,
SHARED_QUERY,42,main,validation,P2_candidate_clock,2,0,,
SHARED_QUERY,42,main,validation,P2_candidate_clock,3,0,,
SHARED_QUERY,42,main,validation,P2_candidate_clock,4,0,,
SHARED_QUERY,42,main,validation,P2_candidate_clock,5,3739,0.36828028884728536,0.3775256498767022
SHARED_QUERY,42,main,validation,P2_candidate_clock,6,9257,0.4255158258615102,0.4352633987170091
SHARED_QUERY,42,main,validation,P2_candidate_clock,7,9364,0.4880392994446818,0.49840991089398384
SHARED_QUERY,42,main,validation,P2_candidate_clock,8,6093,0.5443952076152963,0.5645400607192355
SHARED_QUERY,42,main,validation,P2_candidate_clock,9,4377,0.6209732693625771,0.6318177359169733
SHARED_QUERY,42,main,validation,P2_candidate_clock,10,3495,0.6889842632331903,0.6988974757034961
SHARED_QUERY,42,main,validation,P2_candidate_clock,11,2964,0.761808367071525,0.7661816879613427
SHARED_QUERY,42,main,validation,P2_candidate_clock,12,2261,0.8222025652366209,0.8325283340790649
SHARED_QUERY,42,main,validation,P2_candidate_clock,13,1657,0.8811104405552203,0.8977812403278678
SHARED_QUERY,42,main,validation,P2_candidate_clock,14,452,0.9358407079646017,0.9491264085201503
SHARED_QUERY,42,main,validation,P3_intersection,0,0,,
SHARED_QUERY,42,main,validation,P3_intersection,1,0,,
SHARED_QUERY,42,main,validation,P3_intersection,2,0,,
SHARED_QUERY,42,main,validation,P3_intersection,3,0,,
SHARED_QUERY,42,main,validation,P3_intersection,4,0,,
SHARED_QUERY,42,main,validation,P3_intersection,5,3696,0.36877705627705626,0.3774752503053227
SHARED_QUERY,42,main,validation,P3_intersection,6,9162,0.42643527614058063,0.4352581540279363
SHARED_QUERY,42,main,validation,P3_intersection,7,9242,0.48972083964509844,0.49837841254697635
SHARED_QUERY,42,main,validation,P3_intersection,8,5994,0.5480480480480481,0.5644853150336875
SHARED_QUERY,42,main,validation,P3_intersection,9,4305,0.6250871080139373,0.631846490637049
SHARED_QUERY,42,main,validation,P3_intersection,10,3423,0.6871165644171779,0.6987586352941364
SHARED_QUERY,42,main,validation,P3_intersection,11,2874,0.756437021572721,0.7662585561179883
SHARED_QUERY,42,main,validation,P3_intersection,12,2259,0.8220451527224436,0.8325472106401924
SHARED_QUERY,42,main,validation,P3_intersection,13,1649,0.8805336567616737,0.8977491964066069
SHARED_QUERY,42,main,validation,P3_intersection,14,446,0.9349775784753364,0.9490128660523196
