comparison,fold,split,population,grouping,group,rows,delta_nll,down,flat,up
UA-UC,main,validation,P0_legacy,origin_bucket,09:00–:59,7938,-0.025094690853010193,2864,2418,2656
UA-UC,main,validation,P0_legacy,origin_bucket,10:00–:59,7938,-0.00011532834504029979,2261,3518,2159
UA-UC,main,validation,P0_legacy,origin_bucket,11:00–:59,7938,-0.002543366450752032,1890,4335,1713
UA-UC,main,validation,P0_legacy,origin_bucket,12:00–:59,7938,-0.00014922040223079618,1590,4804,1544
UA-UC,main,validation,P0_legacy,origin_bucket,13:00–:59,7938,-0.00042371861071195297,1712,4516,1710
UA-UC,main,validation,P0_legacy,origin_bucket,14:00–:59,7938,-0.0006743134704810257,1802,4315,1821
UA-UC,main,validation,P0_legacy,origin_bucket,15:00–:59,2646,-0.018041341546051817,313,2000,333
UA-UC,main,validation,P0_legacy,relative_spread_bin,high,18571,-0.002159654722496366,3350,12017,3204
UA-UC,main,validation,P0_legacy,relative_spread_bin,invalid,440,-0.5034934376217175,91,271,78
UA-UC,main,validation,P0_legacy,relative_spread_bin,low,17829,-0.0008679086391175133,5494,7047,5288
UA-UC,main,validation,P0_legacy,relative_spread_bin,middle,13434,-6.151940543424324e-05,3497,6571,3366
UA-UC,main,validation,P0_legacy,l5_depth_bin,high,17791,-0.00115031007156416,3651,10487,3653
UA-UC,main,validation,P0_legacy,l5_depth_bin,invalid,436,-0.49630102843324436,91,267,78
UA-UC,main,validation,P0_legacy,l5_depth_bin,low,11790,-0.001334717178227457,3820,4508,3462
UA-UC,main,validation,P0_legacy,l5_depth_bin,middle,20257,-0.0012517018716034568,4870,10644,4743
UA-UC,main,validation,P1_valid_cache_endpoints,origin_bucket,09:00–:59,7595,0.0011372868559789732,2832,2136,2627
UA-UC,main,validation,P1_valid_cache_endpoints,origin_bucket,10:00–:59,7828,-1.4061880984153308e-05,2236,3450,2142
UA-UC,main,validation,P1_valid_cache_endpoints,origin_bucket,11:00–:59,7863,-0.0023866405834098493,1876,4288,1699
UA-UC,main,validation,P1_valid_cache_endpoints,origin_bucket,12:00–:59,7866,-8.28656985649596e-05,1579,4751,1536
UA-UC,main,validation,P1_valid_cache_endpoints,origin_bucket,13:00–:59,7889,-0.0003539185972039368,1706,4480,1703
UA-UC,main,validation,P1_valid_cache_endpoints,origin_bucket,14:00–:59,7920,-0.0005825778331148739,1799,4303,1818
UA-UC,main,validation,P1_valid_cache_endpoints,origin_bucket,15:00–:59,1319,0.0030062523372899907,313,673,333
UA-UC,main,validation,P1_valid_cache_endpoints,relative_spread_bin,high,17990,-0.0018468471869735226,3350,11436,3204
UA-UC,main,validation,P1_valid_cache_endpoints,relative_spread_bin,low,17222,0.0005331699920596992,5494,6440,5288
UA-UC,main,validation,P1_valid_cache_endpoints,relative_spread_bin,middle,13068,0.0007431385557260557,3497,6205,3366
UA-UC,main,validation,P1_valid_cache_endpoints,l5_depth_bin,high,17191,-0.0002258709551828428,3651,9887,3653
UA-UC,main,validation,P1_valid_cache_endpoints,l5_depth_bin,low,11443,-0.000482289718296416,3820,4161,3462
UA-UC,main,validation,P1_valid_cache_endpoints,l5_depth_bin,middle,19646,-0.0002509113207349741,4870,10033,4743
UA-UC,main,validation,P2_candidate_clock,origin_bucket,09:00–:59,6615,-0.027371279983976485,2309,2163,2143
UA-UC,main,validation,P2_candidate_clock,origin_bucket,10:00–:59,7938,-0.00011532834504029979,2261,3518,2159
UA-UC,main,validation,P2_candidate_clock,origin_bucket,11:00–:59,7938,-0.002543366450752032,1890,4335,1713
UA-UC,main,validation,P2_candidate_clock,origin_bucket,12:00–:59,7938,-0.00014922040223079618,1590,4804,1544
UA-UC,main,validation,P2_candidate_clock,origin_bucket,13:00–:59,7938,-0.00042371861071195297,1712,4516,1710
UA-UC,main,validation,P2_candidate_clock,origin_bucket,14:00–:59,5292,-0.0029417175883658837,1175,2895,1222
UA-UC,main,validation,P2_candidate_clock,relative_spread_bin,high,15970,-0.0027925974833906122,2844,10389,2737
UA-UC,main,validation,P2_candidate_clock,relative_spread_bin,invalid,406,-0.4500625317909762,91,238,77
UA-UC,main,validation,P2_candidate_clock,relative_spread_bin,low,15578,0.00014259373094694647,4902,5974,4702
UA-UC,main,validation,P2_candidate_clock,relative_spread_bin,middle,11705,0.00024096957119326074,3100,5630,2975
UA-UC,main,validation,P2_candidate_clock,l5_depth_bin,high,15466,-0.0016055327271536116,3265,8933,3268
UA-UC,main,validation,P2_candidate_clock,l5_depth_bin,invalid,404,-0.44858183934569856,91,236,77
UA-UC,main,validation,P2_candidate_clock,l5_depth_bin,low,10023,-0.0005954258000455719,3209,3921,2893
UA-UC,main,validation,P2_candidate_clock,l5_depth_bin,middle,17766,-0.0005772323932060698,4372,9141,4253
UA-UC,main,validation,P3_intersection,origin_bucket,09:00–:59,6326,-0.0005188389665463231,2277,1935,2114
UA-UC,main,validation,P3_intersection,origin_bucket,10:00–:59,7828,-1.4061880984153308e-05,2236,3450,2142
UA-UC,main,validation,P3_intersection,origin_bucket,11:00–:59,7863,-0.0023866405834098493,1876,4288,1699
UA-UC,main,validation,P3_intersection,origin_bucket,12:00–:59,7866,-8.28656985649596e-05,1579,4751,1536
UA-UC,main,validation,P3_intersection,origin_bucket,13:00–:59,7889,-0.0003539185972039368,1706,4480,1703
UA-UC,main,validation,P3_intersection,origin_bucket,14:00–:59,5278,-0.002858692869247786,1172,2886,1220
UA-UC,main,validation,P3_intersection,relative_spread_bin,high,15899,-0.0028370685242732423,2844,10318,2737
UA-UC,main,validation,P3_intersection,relative_spread_bin,low,15451,0.0001027723267407966,4902,5847,4702
UA-UC,main,validation,P3_intersection,relative_spread_bin,middle,11700,0.00024172173254161954,3100,5625,2975
UA-UC,main,validation,P3_intersection,l5_depth_bin,high,15445,-0.0016260693976895958,3265,8912,3268
UA-UC,main,validation,P3_intersection,l5_depth_bin,low,9873,-0.0005485166800138976,3209,3771,2893
UA-UC,main,validation,P3_intersection,l5_depth_bin,middle,17732,-0.0005729937935437776,4372,9107,4253
UA-UC,main,development_holdout,P0_legacy,origin_bucket,09:00–:59,16038,-0.00225543096662001,6074,4232,5732
UA-UC,main,development_holdout,P0_legacy,origin_bucket,10:00–:59,16038,-0.0022966275168661413,4751,6890,4397
UA-UC,main,development_holdout,P0_legacy,origin_bucket,11:00–:59,16038,-0.003177402365587493,3886,8410,3742
UA-UC,main,development_holdout,P0_legacy,origin_bucket,12:00–:59,16038,6.141364257325073e-06,3248,9560,3230
UA-UC,main,development_holdout,P0_legacy,origin_bucket,13:00–:59,16038,-0.0005780584850831853,3466,9034,3538
UA-UC,main,development_holdout,P0_legacy,origin_bucket,14:00–:59,16038,-0.001364640811806455,3716,8415,3907
UA-UC,main,development_holdout,P0_legacy,origin_bucket,15:00–:59,5346,-0.003996652256071702,659,3924,763
UA-UC,main,development_holdout,P0_legacy,relative_spread_bin,high,37038,-0.002119754105928348,7297,22453,7288
UA-UC,main,development_holdout,P0_legacy,relative_spread_bin,invalid,1033,-0.02877046888010347,300,469,264
UA-UC,main,development_holdout,P0_legacy,relative_spread_bin,low,32535,-0.0011506268741926957,10295,12271,9969
UA-UC,main,development_holdout,P0_legacy,relative_spread_bin,middle,30968,-0.0009920795628254688,7908,15272,7788
UA-UC,main,development_holdout,P0_legacy,l5_depth_bin,high,38314,-0.0023900252660834765,8514,21617,8183
UA-UC,main,development_holdout,P0_legacy,l5_depth_bin,invalid,1030,-0.028198390175518468,300,466,264
UA-UC,main,development_holdout,P0_legacy,l5_depth_bin,low,23501,-0.00022603267546610195,7581,8467,7453
UA-UC,main,development_holdout,P0_legacy,l5_depth_bin,middle,38729,-0.0013029499432033952,9405,19915,9409
UA-UC,main,development_holdout,P1_valid_cache_endpoints,origin_bucket,09:00–:59,15543,-0.0033674375534517506,5992,3903,5648
UA-UC,main,development_holdout,P1_valid_cache_endpoints,origin_bucket,10:00–:59,15722,-0.0020185775311847955,4692,6682,4348
UA-UC,main,development_holdout,P1_valid_cache_endpoints,origin_bucket,11:00–:59,15784,-0.002808983191152583,3834,8240,3710
UA-UC,main,development_holdout,P1_valid_cache_endpoints,origin_bucket,12:00–:59,15750,0.0006975865112253453,3206,9357,3187
UA-UC,main,development_holdout,P1_valid_cache_endpoints,origin_bucket,13:00–:59,15825,-0.0001924220856008325,3428,8890,3507
UA-UC,main,development_holdout,P1_valid_cache_endpoints,origin_bucket,14:00–:59,15881,-0.0009376001608318263,3688,8309,3884
UA-UC,main,development_holdout,P1_valid_cache_endpoints,origin_bucket,15:00–:59,2651,0.008815654352619212,656,1234,761
UA-UC,main,development_holdout,P1_valid_cache_endpoints,relative_spread_bin,high,35858,-0.002308339683782336,7295,21275,7288
UA-UC,main,development_holdout,P1_valid_cache_endpoints,relative_spread_bin,low,31333,-0.0004688107697500136,10294,11070,9969
UA-UC,main,development_holdout,P1_valid_cache_endpoints,relative_spread_bin,middle,29965,-0.0004848749112733784,7907,14270,7788
UA-UC,main,development_holdout,P1_valid_cache_endpoints,l5_depth_bin,high,37125,-0.002313651175361225,8513,20429,8183
UA-UC,main,development_holdout,P1_valid_cache_endpoints,l5_depth_bin,low,22471,0.0004983903534001371,7581,7437,7453
UA-UC,main,development_holdout,P1_valid_cache_endpoints,l5_depth_bin,middle,37560,-0.0009929712111799778,9402,18749,9409
UA-UC,main,development_holdout,P2_candidate_clock,origin_bucket,09:00–:59,13365,-0.00512884588926232,4799,3877,4689
UA-UC,main,development_holdout,P2_candidate_clock,origin_bucket,10:00–:59,16038,-0.0022966275168661413,4751,6890,4397
UA-UC,main,development_holdout,P2_candidate_clock,origin_bucket,11:00–:59,16038,-0.003177402365587493,3886,8410,3742
UA-UC,main,development_holdout,P2_candidate_clock,origin_bucket,12:00–:59,16038,6.141364257325073e-06,3248,9560,3230
UA-UC,main,development_holdout,P2_candidate_clock,origin_bucket,13:00–:59,16038,-0.0005780584850831853,3466,9034,3538
UA-UC,main,development_holdout,P2_candidate_clock,origin_bucket,14:00–:59,10692,-0.0018427048336783585,2423,5660,2609
UA-UC,main,development_holdout,P2_candidate_clock,relative_spread_bin,high,31850,-0.0031370221614432483,6143,19474,6233
UA-UC,main,development_holdout,P2_candidate_clock,relative_spread_bin,invalid,971,-0.029625589771402235,291,429,251
UA-UC,main,development_holdout,P2_candidate_clock,relative_spread_bin,low,28387,-0.0005174456749828531,9132,10403,8852
UA-UC,main,development_holdout,P2_candidate_clock,relative_spread_bin,middle,27001,-0.0015497496220339697,7007,13125,6869
UA-UC,main,development_holdout,P2_candidate_clock,l5_depth_bin,high,33417,-0.0028518470306104176,7596,18500,7321
UA-UC,main,development_holdout,P2_candidate_clock,l5_depth_bin,invalid,968,-0.02901951983023628,291,426,251
UA-UC,main,development_holdout,P2_candidate_clock,l5_depth_bin,low,19735,3.7870563630821325e-05,6208,7301,6226
UA-UC,main,development_holdout,P2_candidate_clock,l5_depth_bin,middle,34089,-0.0018355021146397275,8478,17204,8407
UA-UC,main,development_holdout,P3_intersection,origin_bucket,09:00–:59,12926,-0.005288784481925274,4717,3604,4605
UA-UC,main,development_holdout,P3_intersection,origin_bucket,10:00–:59,15722,-0.0020185775311847955,4692,6682,4348
UA-UC,main,development_holdout,P3_intersection,origin_bucket,11:00–:59,15784,-0.002808983191152583,3834,8240,3710
UA-UC,main,development_holdout,P3_intersection,origin_bucket,12:00–:59,15750,0.0006975865112253453,3206,9357,3187
UA-UC,main,development_holdout,P3_intersection,origin_bucket,13:00–:59,15825,-0.0001924220856008325,3428,8890,3507
UA-UC,main,development_holdout,P3_intersection,origin_bucket,14:00–:59,10581,-0.0012891018667106026,2402,5582,2597
UA-UC,main,development_holdout,P3_intersection,relative_spread_bin,high,31681,-0.0030899416247831876,6142,19306,6233
UA-UC,main,development_holdout,P3_intersection,relative_spread_bin,low,28072,-0.0006455897374358865,9131,10089,8852
UA-UC,main,development_holdout,P3_intersection,relative_spread_bin,middle,26835,-0.0012714193377398307,7006,12960,6869
UA-UC,main,development_holdout,P3_intersection,l5_depth_bin,high,33406,-0.0028780068263451943,7596,18489,7321
UA-UC,main,development_holdout,P3_intersection,l5_depth_bin,low,19219,0.0005547320113180513,6208,6785,6226
UA-UC,main,development_holdout,P3_intersection,l5_depth_bin,middle,33963,-0.0019036207678043387,8475,17081,8407
UA-UC,R1,rolling_evaluation,P0_legacy,origin_bucket,09:00–:59,5346,-0.00012008008755848983,2028,1418,1900
UA-UC,R1,rolling_evaluation,P0_legacy,origin_bucket,10:00–:59,5346,-0.0032586670085767732,1574,2334,1438
UA-UC,R1,rolling_evaluation,P0_legacy,origin_bucket,11:00–:59,5346,-0.0034275927529281228,1264,2740,1342
UA-UC,R1,rolling_evaluation,P0_legacy,origin_bucket,12:00–:59,5346,0.0011303857733041842,1105,3124,1117
UA-UC,R1,rolling_evaluation,P0_legacy,origin_bucket,13:00–:59,5346,0.0005506859044194644,1174,2994,1178
UA-UC,R1,rolling_evaluation,P0_legacy,origin_bucket,14:00–:59,5346,-0.0011848780405581299,1249,2776,1321
UA-UC,R1,rolling_evaluation,P0_legacy,origin_bucket,15:00–:59,1782,-0.00973091872972366,226,1328,228
UA-UC,R1,rolling_evaluation,P0_legacy,relative_spread_bin,high,12256,-0.00153935042636415,2325,7709,2222
UA-UC,R1,rolling_evaluation,P0_legacy,relative_spread_bin,invalid,234,-0.006251534687827888,71,100,63
UA-UC,R1,rolling_evaluation,P0_legacy,relative_spread_bin,low,9316,-0.0005482937027784979,3057,3263,2996
UA-UC,R1,rolling_evaluation,P0_legacy,relative_spread_bin,middle,12052,-0.0021272400222053043,3167,5642,3243
UA-UC,R1,rolling_evaluation,P0_legacy,l5_depth_bin,high,12394,-0.00031488205573257345,2812,6858,2724
UA-UC,R1,rolling_evaluation,P0_legacy,l5_depth_bin,invalid,232,-0.0037954104886557534,71,98,63
UA-UC,R1,rolling_evaluation,P0_legacy,l5_depth_bin,low,7312,-0.00231897339340196,2350,2697,2265
UA-UC,R1,rolling_evaluation,P0_legacy,l5_depth_bin,middle,13920,-0.0021074010014727573,3387,7061,3472
UA-UC,R1,rolling_evaluation,P1_valid_cache_endpoints,origin_bucket,09:00–:59,5216,-0.0022594457841216115,2005,1336,1875
UA-UC,R1,rolling_evaluation,P1_valid_cache_endpoints,origin_bucket,10:00–:59,5266,-0.003330170933856345,1558,2282,1426
UA-UC,R1,rolling_evaluation,P1_valid_cache_endpoints,origin_bucket,11:00–:59,5281,-0.0031904486610601127,1252,2694,1335
UA-UC,R1,rolling_evaluation,P1_valid_cache_endpoints,origin_bucket,12:00–:59,5282,0.0013333197722830313,1092,3080,1110
UA-UC,R1,rolling_evaluation,P1_valid_cache_endpoints,origin_bucket,13:00–:59,5304,0.0009169837804538588,1168,2964,1172
UA-UC,R1,rolling_evaluation,P1_valid_cache_endpoints,origin_bucket,14:00–:59,5321,-0.0008915871272785151,1246,2760,1315
UA-UC,R1,rolling_evaluation,P1_valid_cache_endpoints,origin_bucket,15:00–:59,887,0.01149577934461382,225,434,228
UA-UC,R1,rolling_evaluation,P1_valid_cache_endpoints,relative_spread_bin,high,11888,-0.0017033720839408927,2323,7343,2222
UA-UC,R1,rolling_evaluation,P1_valid_cache_endpoints,relative_spread_bin,low,8949,0.0011860524498476242,3056,2897,2996
UA-UC,R1,rolling_evaluation,P1_valid_cache_endpoints,relative_spread_bin,middle,11720,-0.0016361865685470675,3167,5310,3243
UA-UC,R1,rolling_evaluation,P1_valid_cache_endpoints,l5_depth_bin,high,12000,0.00032988769499784623,2811,6465,2724
UA-UC,R1,rolling_evaluation,P1_valid_cache_endpoints,l5_depth_bin,low,7017,-0.0018630805498530707,2350,2402,2265
UA-UC,R1,rolling_evaluation,P1_valid_cache_endpoints,l5_depth_bin,middle,13540,-0.0014547434760140132,3385,6683,3472
UA-UC,R1,rolling_evaluation,P2_candidate_clock,origin_bucket,09:00–:59,4455,-0.0014488638728174187,1594,1295,1566
UA-UC,R1,rolling_evaluation,P2_candidate_clock,origin_bucket,10:00–:59,5346,-0.0032586670085767732,1574,2334,1438
UA-UC,R1,rolling_evaluation,P2_candidate_clock,origin_bucket,11:00–:59,5346,-0.0034275927529281228,1264,2740,1342
UA-UC,R1,rolling_evaluation,P2_candidate_clock,origin_bucket,12:00–:59,5346,0.0011303857733041842,1105,3124,1117
UA-UC,R1,rolling_evaluation,P2_candidate_clock,origin_bucket,13:00–:59,5346,0.0005506859044194644,1174,2994,1178
UA-UC,R1,rolling_evaluation,P2_candidate_clock,origin_bucket,14:00–:59,3564,-0.0024929614832085965,848,1841,875
UA-UC,R1,rolling_evaluation,P2_candidate_clock,relative_spread_bin,high,10554,-0.001648979796681294,1965,6676,1913
UA-UC,R1,rolling_evaluation,P2_candidate_clock,relative_spread_bin,invalid,225,-0.005461436197969337,71,93,61
UA-UC,R1,rolling_evaluation,P2_candidate_clock,relative_spread_bin,low,8118,0.0002792189142998161,2723,2738,2657
UA-UC,R1,rolling_evaluation,P2_candidate_clock,relative_spread_bin,middle,10506,-0.002449255854085287,2800,4821,2885
UA-UC,R1,rolling_evaluation,P2_candidate_clock,l5_depth_bin,high,10796,5.944215508603172e-05,2519,5819,2458
UA-UC,R1,rolling_evaluation,P2_candidate_clock,l5_depth_bin,invalid,223,-0.0028990998249305384,71,91,61
UA-UC,R1,rolling_evaluation,P2_candidate_clock,l5_depth_bin,low,6101,-0.0020883112651229876,1895,2330,1876
UA-UC,R1,rolling_evaluation,P2_candidate_clock,l5_depth_bin,middle,12283,-0.00238962712629533,3074,6088,3121
UA-UC,R1,rolling_evaluation,P3_intersection,origin_bucket,09:00–:59,4344,-0.002508184016339992,1571,1232,1541
UA-UC,R1,rolling_evaluation,P3_intersection,origin_bucket,10:00–:59,5266,-0.003330170933856345,1558,2282,1426
UA-UC,R1,rolling_evaluation,P3_intersection,origin_bucket,11:00–:59,5281,-0.0031904486610601127,1252,2694,1335
UA-UC,R1,rolling_evaluation,P3_intersection,origin_bucket,12:00–:59,5282,0.0013333197722830313,1092,3080,1110
UA-UC,R1,rolling_evaluation,P3_intersection,origin_bucket,13:00–:59,5304,0.0009169837804538588,1168,2964,1172
UA-UC,R1,rolling_evaluation,P3_intersection,origin_bucket,14:00–:59,3544,-0.002014799131709659,845,1828,871
UA-UC,R1,rolling_evaluation,P3_intersection,relative_spread_bin,high,10519,-0.0017623194917907462,1964,6642,1913
UA-UC,R1,rolling_evaluation,P3_intersection,relative_spread_bin,low,8006,0.0005064934885621281,2722,2627,2657
UA-UC,R1,rolling_evaluation,P3_intersection,relative_spread_bin,middle,10496,-0.0024802124745675704,2800,4811,2885
UA-UC,R1,rolling_evaluation,P3_intersection,l5_depth_bin,high,10794,4.024904679093385e-05,2519,5817,2458
UA-UC,R1,rolling_evaluation,P3_intersection,l5_depth_bin,low,5958,-0.0018567793506407378,1895,2187,1876
UA-UC,R1,rolling_evaluation,P3_intersection,l5_depth_bin,middle,12269,-0.0024359702369975964,3072,6076,3121
UA-UC,R2,rolling_evaluation,P0_legacy,origin_bucket,09:00–:59,5346,0.0035285851028620465,2014,1520,1812
UA-UC,R2,rolling_evaluation,P0_legacy,origin_bucket,10:00–:59,5346,0.005924818308865946,1512,2409,1425
UA-UC,R2,rolling_evaluation,P0_legacy,origin_bucket,11:00–:59,5346,-0.00010392105418976996,1280,2923,1143
UA-UC,R2,rolling_evaluation,P0_legacy,origin_bucket,12:00–:59,5346,-0.0005741066162114712,1063,3319,964
UA-UC,R2,rolling_evaluation,P0_legacy,origin_bucket,13:00–:59,5346,0.003751604968251007,1084,3059,1203
UA-UC,R2,rolling_evaluation,P0_legacy,origin_bucket,14:00–:59,5346,0.003967699572743094,1155,2882,1309
UA-UC,R2,rolling_evaluation,P0_legacy,origin_bucket,15:00–:59,1782,-0.028445108270969872,217,1320,245
UA-UC,R2,rolling_evaluation,P0_legacy,relative_spread_bin,high,11646,0.0015208280909404762,2151,7204,2291
UA-UC,R2,rolling_evaluation,P0_legacy,relative_spread_bin,invalid,231,0.013874156159337342,63,109,59
UA-UC,R2,rolling_evaluation,P0_legacy,relative_spread_bin,low,11680,-0.00038669865978836624,3584,4754,3342
UA-UC,R2,rolling_evaluation,P0_legacy,relative_spread_bin,middle,10301,0.0020475220053244726,2527,5365,2409
UA-UC,R2,rolling_evaluation,P0_legacy,l5_depth_bin,high,13115,0.0008377806258756884,2750,7808,2557
UA-UC,R2,rolling_evaluation,P0_legacy,l5_depth_bin,invalid,230,0.0151927037951636,63,108,59
UA-UC,R2,rolling_evaluation,P0_legacy,l5_depth_bin,low,8190,0.0019423928895116295,2556,3104,2530
UA-UC,R2,rolling_evaluation,P0_legacy,l5_depth_bin,middle,12323,0.000576269196143103,2956,6412,2955
UA-UC,R2,rolling_evaluation,P1_valid_cache_endpoints,origin_bucket,09:00–:59,5198,0.0025156394619083996,1989,1422,1787
UA-UC,R2,rolling_evaluation,P1_valid_cache_endpoints,origin_bucket,10:00–:59,5281,0.005626659838460536,1502,2365,1414
UA-UC,R2,rolling_evaluation,P1_valid_cache_endpoints,origin_bucket,11:00–:59,5293,-0.0005079936089091413,1272,2886,1135
UA-UC,R2,rolling_evaluation,P1_valid_cache_endpoints,origin_bucket,12:00–:59,5282,-0.0005817467539902607,1055,3274,953
UA-UC,R2,rolling_evaluation,P1_valid_cache_endpoints,origin_bucket,13:00–:59,5309,0.003483413132750727,1077,3031,1201
UA-UC,R2,rolling_evaluation,P1_valid_cache_endpoints,origin_bucket,14:00–:59,5314,0.003531452849921325,1150,2856,1308
UA-UC,R2,rolling_evaluation,P1_valid_cache_endpoints,origin_bucket,15:00–:59,884,0.007226160768531254,216,424,244
UA-UC,R2,rolling_evaluation,P1_valid_cache_endpoints,relative_spread_bin,high,11290,0.002778685377245491,2151,6848,2291
UA-UC,R2,rolling_evaluation,P1_valid_cache_endpoints,relative_spread_bin,low,11254,0.0012837010675252494,3584,4328,3342
UA-UC,R2,rolling_evaluation,P1_valid_cache_endpoints,relative_spread_bin,middle,10017,0.0034799306345196872,2526,5082,2409
UA-UC,R2,rolling_evaluation,P1_valid_cache_endpoints,l5_depth_bin,high,12714,0.002404183077902381,2750,7407,2557
UA-UC,R2,rolling_evaluation,P1_valid_cache_endpoints,l5_depth_bin,low,7891,0.002426834459983232,2556,2805,2530
UA-UC,R2,rolling_evaluation,P1_valid_cache_endpoints,l5_depth_bin,middle,11956,0.0025894664196082213,2955,6046,2955
UA-UC,R2,rolling_evaluation,P2_candidate_clock,origin_bucket,09:00–:59,4455,0.0025355033844144505,1588,1392,1475
UA-UC,R2,rolling_evaluation,P2_candidate_clock,origin_bucket,10:00–:59,5346,0.005924818308865946,1512,2409,1425
UA-UC,R2,rolling_evaluation,P2_candidate_clock,origin_bucket,11:00–:59,5346,-0.00010392105418976996,1280,2923,1143
UA-UC,R2,rolling_evaluation,P2_candidate_clock,origin_bucket,12:00–:59,5346,-0.0005741066162114712,1063,3319,964
UA-UC,R2,rolling_evaluation,P2_candidate_clock,origin_bucket,13:00–:59,5346,0.003751604968251007,1084,3059,1203
UA-UC,R2,rolling_evaluation,P2_candidate_clock,origin_bucket,14:00–:59,3564,0.003462714764980429,753,1955,856
UA-UC,R2,rolling_evaluation,P2_candidate_clock,relative_spread_bin,high,9989,0.002486466852085526,1787,6261,1941
UA-UC,R2,rolling_evaluation,P2_candidate_clock,relative_spread_bin,invalid,214,0.01632821509718088,61,96,57
UA-UC,R2,rolling_evaluation,P2_candidate_clock,relative_spread_bin,low,10198,0.001847639597504719,3184,4060,2954
UA-UC,R2,rolling_evaluation,P2_candidate_clock,relative_spread_bin,middle,9002,0.0027292181606117173,2248,4640,2114
UA-UC,R2,rolling_evaluation,P2_candidate_clock,l5_depth_bin,high,11450,0.0019336745005646752,2463,6718,2269
UA-UC,R2,rolling_evaluation,P2_candidate_clock,l5_depth_bin,invalid,213,0.0177635203327578,61,95,57
UA-UC,R2,rolling_evaluation,P2_candidate_clock,l5_depth_bin,low,6926,0.003401443088230958,2109,2700,2117
UA-UC,R2,rolling_evaluation,P2_candidate_clock,l5_depth_bin,middle,10814,0.0020584065306110838,2647,5544,2623
UA-UC,R2,rolling_evaluation,P3_intersection,origin_bucket,09:00–:59,4319,0.00121596739782708,1563,1306,1450
UA-UC,R2,rolling_evaluation,P3_intersection,origin_bucket,10:00–:59,5281,0.005626659838460536,1502,2365,1414
UA-UC,R2,rolling_evaluation,P3_intersection,origin_bucket,11:00–:59,5293,-0.0005079936089091413,1272,2886,1135
UA-UC,R2,rolling_evaluation,P3_intersection,origin_bucket,12:00–:59,5282,-0.0005817467539902607,1055,3274,953
UA-UC,R2,rolling_evaluation,P3_intersection,origin_bucket,13:00–:59,5309,0.003483413132750727,1077,3031,1201
UA-UC,R2,rolling_evaluation,P3_intersection,origin_bucket,14:00–:59,3543,0.0029492324234982434,749,1938,856
UA-UC,R2,rolling_evaluation,P3_intersection,relative_spread_bin,high,9948,0.002448527081449308,1787,6220,1941
UA-UC,R2,rolling_evaluation,P3_intersection,relative_spread_bin,low,10097,0.000968027591221182,3184,3959,2954
UA-UC,R2,rolling_evaluation,P3_intersection,relative_spread_bin,middle,8982,0.002673681371075762,2247,4621,2114
UA-UC,R2,rolling_evaluation,P3_intersection,l5_depth_bin,high,11444,0.00190504163564633,2463,6712,2269
UA-UC,R2,rolling_evaluation,P3_intersection,l5_depth_bin,low,6796,0.0021263974927498786,2109,2570,2117
UA-UC,R2,rolling_evaluation,P3_intersection,l5_depth_bin,middle,10787,0.002029742674585678,2646,5518,2623
UA-UC,R3,rolling_evaluation,P0_legacy,origin_bucket,09:00–:59,5346,-0.006151737920525897,2032,1294,2020
UA-UC,R3,rolling_evaluation,P0_legacy,origin_bucket,10:00–:59,5346,-0.005658945090151738,1665,2147,1534
UA-UC,R3,rolling_evaluation,P0_legacy,origin_bucket,11:00–:59,5346,0.0006040421839328327,1342,2747,1257
UA-UC,R3,rolling_evaluation,P0_legacy,origin_bucket,12:00–:59,5346,0.00033337845543532005,1080,3117,1149
UA-UC,R3,rolling_evaluation,P0_legacy,origin_bucket,13:00–:59,5346,0.00046992883295725514,1208,2981,1157
UA-UC,R3,rolling_evaluation,P0_legacy,origin_bucket,14:00–:59,5346,0.0024765798139873207,1312,2757,1277
UA-UC,R3,rolling_evaluation,P0_legacy,origin_bucket,15:00–:59,1782,-0.012230867101004362,216,1276,290
UA-UC,R3,rolling_evaluation,P0_legacy,relative_spread_bin,high,12588,-0.0018964730034199853,2698,7242,2648
UA-UC,R3,rolling_evaluation,P0_legacy,relative_spread_bin,invalid,568,-0.04726871177709773,166,260,142
UA-UC,R3,rolling_evaluation,P0_legacy,relative_spread_bin,low,10937,-0.001085970110474089,3480,3987,3470
UA-UC,R3,rolling_evaluation,P0_legacy,relative_spread_bin,middle,9765,-0.00016110036146924477,2511,4830,2424
UA-UC,R3,rolling_evaluation,P0_legacy,l5_depth_bin,high,12615,0.0005737239848239744,2899,6864,2852
UA-UC,R3,rolling_evaluation,P0_legacy,l5_depth_bin,invalid,568,-0.04726871177709773,166,260,142
UA-UC,R3,rolling_evaluation,P0_legacy,l5_depth_bin,low,8829,-0.004083579648278964,2921,3044,2864
UA-UC,R3,rolling_evaluation,P0_legacy,l5_depth_bin,middle,11846,-0.0007181162965517916,2869,6151,2826
UA-UC,R3,rolling_evaluation,P1_valid_cache_endpoints,origin_bucket,09:00–:59,5129,-0.0055392611901640245,1998,1145,1986
UA-UC,R3,rolling_evaluation,P1_valid_cache_endpoints,origin_bucket,10:00–:59,5175,-0.0037946586972109862,1632,2035,1508
UA-UC,R3,rolling_evaluation,P1_valid_cache_endpoints,origin_bucket,11:00–:59,5210,0.0016439362899071123,1310,2660,1240
UA-UC,R3,rolling_evaluation,P1_valid_cache_endpoints,origin_bucket,12:00–:59,5186,0.0019410578229061208,1059,3003,1124
UA-UC,R3,rolling_evaluation,P1_valid_cache_endpoints,origin_bucket,13:00–:59,5212,0.0018635887801668918,1183,2895,1134
UA-UC,R3,rolling_evaluation,P1_valid_cache_endpoints,origin_bucket,14:00–:59,5246,0.003514105852826284,1292,2693,1261
UA-UC,R3,rolling_evaluation,P1_valid_cache_endpoints,origin_bucket,15:00–:59,880,0.011007375428608237,215,376,289
UA-UC,R3,rolling_evaluation,P1_valid_cache_endpoints,relative_spread_bin,high,12150,-0.0013522368182499515,2698,6804,2648
UA-UC,R3,rolling_evaluation,P1_valid_cache_endpoints,relative_spread_bin,low,10542,0.000735365626907079,3480,3592,3470
UA-UC,R3,rolling_evaluation,P1_valid_cache_endpoints,relative_spread_bin,middle,9346,0.00182912174660853,2511,4411,2424
UA-UC,R3,rolling_evaluation,P1_valid_cache_endpoints,l5_depth_bin,high,12230,0.001286732499467901,2899,6479,2852
UA-UC,R3,rolling_evaluation,P1_valid_cache_endpoints,l5_depth_bin,low,8363,-0.0008257965582047571,2921,2578,2864
UA-UC,R3,rolling_evaluation,P1_valid_cache_endpoints,l5_depth_bin,middle,11445,-3.6092871236802645e-05,2869,5750,2826
UA-UC,R3,rolling_evaluation,P2_candidate_clock,origin_bucket,09:00–:59,4455,-0.010202011469013237,1617,1190,1648
UA-UC,R3,rolling_evaluation,P2_candidate_clock,origin_bucket,10:00–:59,5346,-0.005658945090151738,1665,2147,1534
UA-UC,R3,rolling_evaluation,P2_candidate_clock,origin_bucket,11:00–:59,5346,0.0006040421839328327,1342,2747,1257
UA-UC,R3,rolling_evaluation,P2_candidate_clock,origin_bucket,12:00–:59,5346,0.00033337845543532005,1080,3117,1149
UA-UC,R3,rolling_evaluation,P2_candidate_clock,origin_bucket,13:00–:59,5346,0.00046992883295725514,1208,2981,1157
UA-UC,R3,rolling_evaluation,P2_candidate_clock,origin_bucket,14:00–:59,3564,0.0023390503396327794,822,1864,878
UA-UC,R3,rolling_evaluation,P2_candidate_clock,relative_spread_bin,high,10829,-0.0032884788377720393,2284,6283,2262
UA-UC,R3,rolling_evaluation,P2_candidate_clock,relative_spread_bin,invalid,532,-0.048000461698858826,159,240,133
UA-UC,R3,rolling_evaluation,P2_candidate_clock,relative_spread_bin,low,9545,-0.0003425692137982616,3064,3377,3104
UA-UC,R3,rolling_evaluation,P2_candidate_clock,relative_spread_bin,middle,8497,0.0005383535655911983,2227,4146,2124
UA-UC,R3,rolling_evaluation,P2_candidate_clock,l5_depth_bin,high,11012,0.0009701298697833203,2569,5892,2551
UA-UC,R3,rolling_evaluation,P2_candidate_clock,l5_depth_bin,invalid,532,-0.048000461698858826,159,240,133
UA-UC,R3,rolling_evaluation,P2_candidate_clock,l5_depth_bin,low,7444,-0.004456346630162617,2417,2609,2418
UA-UC,R3,rolling_evaluation,P2_candidate_clock,l5_depth_bin,middle,10415,-0.0011345555491342107,2589,5305,2521
UA-UC,R3,rolling_evaluation,P3_intersection,origin_bucket,09:00–:59,4263,-0.008239369398665274,1583,1066,1614
UA-UC,R3,rolling_evaluation,P3_intersection,origin_bucket,10:00–:59,5175,-0.0037946586972109862,1632,2035,1508
UA-UC,R3,rolling_evaluation,P3_intersection,origin_bucket,11:00–:59,5210,0.0016439362899071123,1310,2660,1240
UA-UC,R3,rolling_evaluation,P3_intersection,origin_bucket,12:00–:59,5186,0.0019410578229061208,1059,3003,1124
UA-UC,R3,rolling_evaluation,P3_intersection,origin_bucket,13:00–:59,5212,0.0018635887801668918,1183,2895,1134
UA-UC,R3,rolling_evaluation,P3_intersection,origin_bucket,14:00–:59,3494,0.0032042601555841896,808,1816,870
UA-UC,R3,rolling_evaluation,P3_intersection,relative_spread_bin,high,10741,-0.0028352111012810524,2284,6195,2262
UA-UC,R3,rolling_evaluation,P3_intersection,relative_spread_bin,low,9444,2.2790883047665315e-05,3064,3276,3104
UA-UC,R3,rolling_evaluation,P3_intersection,relative_spread_bin,middle,8355,0.00179723740043434,2227,4004,2124
UA-UC,R3,rolling_evaluation,P3_intersection,l5_depth_bin,high,11009,0.0009692710647374383,2569,5889,2551
UA-UC,R3,rolling_evaluation,P3_intersection,l5_depth_bin,low,7191,-0.0019203472725099115,2417,2356,2418
UA-UC,R3,rolling_evaluation,P3_intersection,l5_depth_bin,middle,10340,-0.0011686010419540052,2589,5230,2521
UA-UC,pooled_rolling,rolling_evaluation,P0_legacy,origin_bucket,09:00–:59,16038,-0.0009144109684074475,6074,4232,5732
UA-UC,pooled_rolling,rolling_evaluation,P0_legacy,origin_bucket,10:00–:59,16038,-0.0009975979299541885,4751,6890,4397
UA-UC,pooled_rolling,rolling_evaluation,P0_legacy,origin_bucket,11:00–:59,16038,-0.0009758238743950203,3886,8410,3742
UA-UC,pooled_rolling,rolling_evaluation,P0_legacy,origin_bucket,12:00–:59,16038,0.00029655253750934417,3248,9560,3230
UA-UC,pooled_rolling,rolling_evaluation,P0_legacy,origin_bucket,13:00–:59,16038,0.0015907399018759085,3466,9034,3538
UA-UC,pooled_rolling,rolling_evaluation,P0_legacy,origin_bucket,14:00–:59,16038,0.0017531337820574286,3716,8415,3907
UA-UC,pooled_rolling,rolling_evaluation,P0_legacy,origin_bucket,15:00–:59,5346,-0.016802298033899297,659,3924,763
UA-UC,pooled_rolling,rolling_evaluation,P0_legacy,relative_spread_bin,high,36490,-0.0006858733090018364,7174,22155,7161
UA-UC,pooled_rolling,rolling_evaluation,P0_legacy,relative_spread_bin,invalid,1033,-0.024304508551342023,300,469,264
UA-UC,pooled_rolling,rolling_evaluation,P0_legacy,relative_spread_bin,low,31933,-0.0006733410446769076,10121,12004,9808
UA-UC,pooled_rolling,rolling_evaluation,P0_legacy,relative_spread_bin,middle,32118,-0.0001905198829478206,8205,15837,8076
UA-UC,pooled_rolling,rolling_evaluation,P0_legacy,l5_depth_bin,high,38124,0.0003756786480475441,8461,21530,8133
UA-UC,pooled_rolling,rolling_evaluation,P0_legacy,l5_depth_bin,invalid,1030,-0.0235289724756039,300,466,264
UA-UC,pooled_rolling,rolling_evaluation,P0_legacy,l5_depth_bin,low,24331,-0.00152488843048415,7827,8845,7659
UA-UC,pooled_rolling,rolling_evaluation,P0_legacy,l5_depth_bin,middle,38089,-0.0008070692925879351,9212,19624,9253
UA-UC,pooled_rolling,rolling_evaluation,P1_valid_cache_endpoints,origin_bucket,09:00–:59,15543,-0.0017448269916573212,5992,3903,5648
UA-UC,pooled_rolling,rolling_evaluation,P1_valid_cache_endpoints,origin_bucket,10:00–:59,15722,-0.0004744719685055516,4692,6682,4348
UA-UC,pooled_rolling,rolling_evaluation,P1_valid_cache_endpoints,origin_bucket,11:00–:59,15784,-0.0006951762215280343,3834,8240,3710
UA-UC,pooled_rolling,rolling_evaluation,P1_valid_cache_endpoints,origin_bucket,12:00–:59,15750,0.00089118314617229,3206,9357,3187
UA-UC,pooled_rolling,rolling_evaluation,P1_valid_cache_endpoints,origin_bucket,13:00–:59,15825,0.0020897407276796657,3428,8890,3507
UA-UC,pooled_rolling,rolling_evaluation,P1_valid_cache_endpoints,origin_bucket,14:00–:59,15881,0.0020437632796523916,3688,8309,3884
UA-UC,pooled_rolling,rolling_evaluation,P1_valid_cache_endpoints,origin_bucket,15:00–:59,2651,0.009909910514986547,656,1234,761
UA-UC,pooled_rolling,rolling_evaluation,P1_valid_cache_endpoints,relative_spread_bin,high,35328,-0.00015024928573722425,7172,20995,7161
UA-UC,pooled_rolling,rolling_evaluation,P1_valid_cache_endpoints,relative_spread_bin,low,30745,0.0010672623069269795,10120,10817,9808
UA-UC,pooled_rolling,rolling_evaluation,P1_valid_cache_endpoints,relative_spread_bin,middle,31083,0.001054509874414162,8204,14803,8076
UA-UC,pooled_rolling,rolling_evaluation,P1_valid_cache_endpoints,l5_depth_bin,high,36944,0.0013604962770928288,8460,20351,8133
UA-UC,pooled_rolling,rolling_evaluation,P1_valid_cache_endpoints,l5_depth_bin,low,23271,-3.5633282233582096e-05,7827,7785,7659
UA-UC,pooled_rolling,rolling_evaluation,P1_valid_cache_endpoints,l5_depth_bin,middle,36941,0.0002936940238840569,9209,18479,9253
UA-UC,pooled_rolling,rolling_evaluation,P2_candidate_clock,origin_bucket,09:00–:59,13365,-0.0030384573191387346,4799,3877,4689
UA-UC,pooled_rolling,rolling_evaluation,P2_candidate_clock,origin_bucket,10:00–:59,16038,-0.0009975979299541885,4751,6890,4397
UA-UC,pooled_rolling,rolling_evaluation,P2_candidate_clock,origin_bucket,11:00–:59,16038,-0.0009758238743950203,3886,8410,3742
UA-UC,pooled_rolling,rolling_evaluation,P2_candidate_clock,origin_bucket,12:00–:59,16038,0.00029655253750934417,3248,9560,3230
UA-UC,pooled_rolling,rolling_evaluation,P2_candidate_clock,origin_bucket,13:00–:59,16038,0.0015907399018759085,3466,9034,3538
UA-UC,pooled_rolling,rolling_evaluation,P2_candidate_clock,origin_bucket,14:00–:59,10692,0.0011029345404682037,2423,5660,2609
UA-UC,pooled_rolling,rolling_evaluation,P2_candidate_clock,relative_spread_bin,high,31372,-0.0008981560857747503,6036,19220,6116
UA-UC,pooled_rolling,rolling_evaluation,P2_candidate_clock,relative_spread_bin,invalid,971,-0.023965840100452405,291,429,251
UA-UC,pooled_rolling,rolling_evaluation,P2_candidate_clock,relative_spread_bin,low,27861,0.0006402894589546181,8971,10175,8715
UA-UC,pooled_rolling,rolling_evaluation,P2_candidate_clock,relative_spread_bin,middle,28005,0.00012179718356133097,7275,13607,7123
UA-UC,pooled_rolling,rolling_evaluation,P2_candidate_clock,l5_depth_bin,high,33258,0.0010062355121723573,7551,18429,7278
UA-UC,pooled_rolling,rolling_evaluation,P2_candidate_clock,l5_depth_bin,invalid,968,-0.023139581667226232,291,426,251
UA-UC,pooled_rolling,rolling_evaluation,P2_candidate_clock,l5_depth_bin,low,20471,-0.001092053955075876,6421,7639,6411
UA-UC,pooled_rolling,rolling_evaluation,P2_candidate_clock,l5_depth_bin,middle,33512,-0.0005642330453118308,8310,16937,8265
UA-UC,pooled_rolling,rolling_evaluation,P3_intersection,origin_bucket,09:00–:59,12926,-0.003153970286420844,4717,3604,4605
UA-UC,pooled_rolling,rolling_evaluation,P3_intersection,origin_bucket,10:00–:59,15722,-0.0004744719685055516,4692,6682,4348
UA-UC,pooled_rolling,rolling_evaluation,P3_intersection,origin_bucket,11:00–:59,15784,-0.0006951762215280343,3834,8240,3710
UA-UC,pooled_rolling,rolling_evaluation,P3_intersection,origin_bucket,12:00–:59,15750,0.00089118314617229,3206,9357,3187
UA-UC,pooled_rolling,rolling_evaluation,P3_intersection,origin_bucket,13:00–:59,15825,0.0020897407276796657,3428,8890,3507
UA-UC,pooled_rolling,rolling_evaluation,P3_intersection,origin_bucket,14:00–:59,10581,0.0013707936241646721,2402,5582,2597
UA-UC,pooled_rolling,rolling_evaluation,P3_intersection,relative_spread_bin,high,31208,-0.0007893134377963641,6035,19057,6116
UA-UC,pooled_rolling,rolling_evaluation,P3_intersection,relative_spread_bin,low,27547,0.0005098340493516834,8970,9862,8715
UA-UC,pooled_rolling,rolling_evaluation,P3_intersection,relative_spread_bin,middle,27833,0.00046702168011246285,7274,13436,7123
UA-UC,pooled_rolling,rolling_evaluation,P3_intersection,l5_depth_bin,high,33247,0.000989756965774127,7551,18418,7278
UA-UC,pooled_rolling,rolling_evaluation,P3_intersection,l5_depth_bin,low,19945,-0.0005224823889199349,6421,7113,6411
UA-UC,pooled_rolling,rolling_evaluation,P3_intersection,l5_depth_bin,middle,33396,-0.0006011324524126309,8307,16824,8265
UA-UM_V2_DEPTH,main,validation,P0_legacy,origin_bucket,09:00–:59,7938,-0.033564319763616866,2864,2418,2656
UA-UM_V2_DEPTH,main,validation,P0_legacy,origin_bucket,10:00–:59,7938,-0.00012225604415388617,2261,3518,2159
UA-UM_V2_DEPTH,main,validation,P0_legacy,origin_bucket,11:00–:59,7938,-0.0013227275088392026,1890,4335,1713
UA-UM_V2_DEPTH,main,validation,P0_legacy,origin_bucket,12:00–:59,7938,-0.0005863388449173803,1590,4804,1544
UA-UM_V2_DEPTH,main,validation,P0_legacy,origin_bucket,13:00–:59,7938,-0.0010850768742572741,1712,4516,1710
UA-UM_V2_DEPTH,main,validation,P0_legacy,origin_bucket,14:00–:59,7938,-0.001802552102748136,1802,4315,1821
UA-UM_V2_DEPTH,main,validation,P0_legacy,origin_bucket,15:00–:59,2646,-0.010321045444029576,313,2000,333
UA-UM_V2_DEPTH,main,validation,P0_legacy,relative_spread_bin,high,18571,-0.0021370882640776353,3350,12017,3204
UA-UM_V2_DEPTH,main,validation,P0_legacy,relative_spread_bin,invalid,440,-0.5737715618807799,91,271,78
UA-UM_V2_DEPTH,main,validation,P0_legacy,relative_spread_bin,low,17829,-0.0016253523843397216,5494,7047,5288
UA-UM_V2_DEPTH,main,validation,P0_legacy,relative_spread_bin,middle,13434,-0.000868239653301578,3497,6571,3366
UA-UM_V2_DEPTH,main,validation,P0_legacy,l5_depth_bin,high,17791,-0.0008563515341295263,3651,10487,3653
UA-UM_V2_DEPTH,main,validation,P0_legacy,l5_depth_bin,invalid,436,-0.56116760099517,91,267,78
UA-UM_V2_DEPTH,main,validation,P0_legacy,l5_depth_bin,low,11790,-0.0027392542099212752,3820,4508,3462
UA-UM_V2_DEPTH,main,validation,P0_legacy,l5_depth_bin,middle,20257,-0.0020037251927734014,4870,10644,4743
UA-UM_V2_DEPTH,main,validation,P1_valid_cache_endpoints,origin_bucket,09:00–:59,7595,-0.002170160514025411,2832,2136,2627
UA-UM_V2_DEPTH,main,validation,P1_valid_cache_endpoints,origin_bucket,10:00–:59,7828,0.0002549989469720019,2236,3450,2142
UA-UM_V2_DEPTH,main,validation,P1_valid_cache_endpoints,origin_bucket,11:00–:59,7863,-0.0012884109782745731,1876,4288,1699
UA-UM_V2_DEPTH,main,validation,P1_valid_cache_endpoints,origin_bucket,12:00–:59,7866,-0.000674583940855553,1579,4751,1536
UA-UM_V2_DEPTH,main,validation,P1_valid_cache_endpoints,origin_bucket,13:00–:59,7889,-0.0009719443353381146,1706,4480,1703
UA-UM_V2_DEPTH,main,validation,P1_valid_cache_endpoints,origin_bucket,14:00–:59,7920,-0.0017383868623899255,1799,4303,1818
UA-UM_V2_DEPTH,main,validation,P1_valid_cache_endpoints,origin_bucket,15:00–:59,1319,-0.0016503286111120134,313,673,333
UA-UM_V2_DEPTH,main,validation,P1_valid_cache_endpoints,relative_spread_bin,high,17990,-0.002032902297242172,3350,11436,3204
UA-UM_V2_DEPTH,main,validation,P1_valid_cache_endpoints,relative_spread_bin,low,17222,-0.00039544341839555994,5494,6440,5288
UA-UM_V2_DEPTH,main,validation,P1_valid_cache_endpoints,relative_spread_bin,middle,13068,-0.0007769763941491615,3497,6205,3366
UA-UM_V2_DEPTH,main,validation,P1_valid_cache_endpoints,l5_depth_bin,high,17191,-0.0009915974667528632,3651,9887,3653
UA-UM_V2_DEPTH,main,validation,P1_valid_cache_endpoints,l5_depth_bin,low,11443,-0.0008074511023064367,3820,4161,3462
UA-UM_V2_DEPTH,main,validation,P1_valid_cache_endpoints,l5_depth_bin,middle,19646,-0.001387027964119679,4870,10033,4743
UA-UM_V2_DEPTH,main,validation,P2_candidate_clock,origin_bucket,09:00–:59,6615,-0.03347875934938004,2309,2163,2143
UA-UM_V2_DEPTH,main,validation,P2_candidate_clock,origin_bucket,10:00–:59,7938,-0.00012225604415388617,2261,3518,2159
UA-UM_V2_DEPTH,main,validation,P2_candidate_clock,origin_bucket,11:00–:59,7938,-0.0013227275088392026,1890,4335,1713
UA-UM_V2_DEPTH,main,validation,P2_candidate_clock,origin_bucket,12:00–:59,7938,-0.0005863388449173803,1590,4804,1544
UA-UM_V2_DEPTH,main,validation,P2_candidate_clock,origin_bucket,13:00–:59,7938,-0.0010850768742572741,1712,4516,1710
UA-UM_V2_DEPTH,main,validation,P2_candidate_clock,origin_bucket,14:00–:59,5292,-0.003589141551407966,1175,2895,1222
UA-UM_V2_DEPTH,main,validation,P2_candidate_clock,relative_spread_bin,high,15970,-0.0022364140567485437,2844,10389,2737
UA-UM_V2_DEPTH,main,validation,P2_candidate_clock,relative_spread_bin,invalid,406,-0.49298388072284355,91,238,77
UA-UM_V2_DEPTH,main,validation,P2_candidate_clock,relative_spread_bin,low,15578,-0.0009537204828105382,4902,5974,4702
UA-UM_V2_DEPTH,main,validation,P2_candidate_clock,relative_spread_bin,middle,11705,-0.001236194948115864,3100,5630,2975
UA-UM_V2_DEPTH,main,validation,P2_candidate_clock,l5_depth_bin,high,15466,-0.001541679468408258,3265,8933,3268
UA-UM_V2_DEPTH,main,validation,P2_candidate_clock,l5_depth_bin,invalid,404,-0.48780510791914106,91,236,77
UA-UM_V2_DEPTH,main,validation,P2_candidate_clock,l5_depth_bin,low,10023,-0.0013378563608455638,3209,3921,2893
UA-UM_V2_DEPTH,main,validation,P2_candidate_clock,l5_depth_bin,middle,17766,-0.0017374476554191866,4372,9141,4253
UA-UM_V2_DEPTH,main,validation,P3_intersection,origin_bucket,09:00–:59,6326,-0.0035768774912231286,2277,1935,2114
UA-UM_V2_DEPTH,main,validation,P3_intersection,origin_bucket,10:00–:59,7828,0.0002549989469720019,2236,3450,2142
UA-UM_V2_DEPTH,main,validation,P3_intersection,origin_bucket,11:00–:59,7863,-0.0012884109782745731,1876,4288,1699
UA-UM_V2_DEPTH,main,validation,P3_intersection,origin_bucket,12:00–:59,7866,-0.000674583940855553,1579,4751,1536
UA-UM_V2_DEPTH,main,validation,P3_intersection,origin_bucket,13:00–:59,7889,-0.0009719443353381146,1706,4480,1703
UA-UM_V2_DEPTH,main,validation,P3_intersection,origin_bucket,14:00–:59,5278,-0.0035313341211829948,1172,2886,1220
UA-UM_V2_DEPTH,main,validation,P3_intersection,relative_spread_bin,high,15899,-0.0022726364229515776,2844,10318,2737
UA-UM_V2_DEPTH,main,validation,P3_intersection,relative_spread_bin,low,15451,-0.0007801094847978312,4902,5847,4702
UA-UM_V2_DEPTH,main,validation,P3_intersection,relative_spread_bin,middle,11700,-0.0012126649802129256,3100,5625,2975
UA-UM_V2_DEPTH,main,validation,P3_intersection,l5_depth_bin,high,15445,-0.0015737231738830037,3265,8912,3268
UA-UM_V2_DEPTH,main,validation,P3_intersection,l5_depth_bin,low,9873,-0.0007503169043512308,3209,3771,2893
UA-UM_V2_DEPTH,main,validation,P3_intersection,l5_depth_bin,middle,17732,-0.0017290923296484865,4372,9107,4253
UA-UM_V2_DEPTH,main,development_holdout,P0_legacy,origin_bucket,09:00–:59,16038,-0.0047369621457277866,6074,4232,5732
UA-UM_V2_DEPTH,main,development_holdout,P0_legacy,origin_bucket,10:00–:59,16038,-0.0023919346221656598,4751,6890,4397
UA-UM_V2_DEPTH,main,development_holdout,P0_legacy,origin_bucket,11:00–:59,16038,-0.0028353551806256836,3886,8410,3742
UA-UM_V2_DEPTH,main,development_holdout,P0_legacy,origin_bucket,12:00–:59,16038,-0.0005607875302411294,3248,9560,3230
UA-UM_V2_DEPTH,main,development_holdout,P0_legacy,origin_bucket,13:00–:59,16038,-0.0006112819619229386,3466,9034,3538
UA-UM_V2_DEPTH,main,development_holdout,P0_legacy,origin_bucket,14:00–:59,16038,-0.0019567823058368066,3716,8415,3907
UA-UM_V2_DEPTH,main,development_holdout,P0_legacy,origin_bucket,15:00–:59,5346,-0.004668047943037792,659,3924,763
UA-UM_V2_DEPTH,main,development_holdout,P0_legacy,relative_spread_bin,high,37038,-0.0025240001183933075,7297,22453,7288
UA-UM_V2_DEPTH,main,development_holdout,P0_legacy,relative_spread_bin,invalid,1033,-0.021969789992610646,300,469,264
UA-UM_V2_DEPTH,main,development_holdout,P0_legacy,relative_spread_bin,low,32535,-0.0031126595717875793,10295,12271,9969
UA-UM_V2_DEPTH,main,development_holdout,P0_legacy,relative_spread_bin,middle,30968,-0.0005648893559364783,7908,15272,7788
UA-UM_V2_DEPTH,main,development_holdout,P0_legacy,l5_depth_bin,high,38314,-0.0030070382175392697,8514,21617,8183
UA-UM_V2_DEPTH,main,development_holdout,P0_legacy,l5_depth_bin,invalid,1030,-0.0214603732271014,300,466,264
UA-UM_V2_DEPTH,main,development_holdout,P0_legacy,l5_depth_bin,low,23501,-0.0014645109974168239,7581,8467,7453
UA-UM_V2_DEPTH,main,development_holdout,P0_legacy,l5_depth_bin,middle,38729,-0.0016320912636308988,9405,19915,9409
UA-UM_V2_DEPTH,main,development_holdout,P1_valid_cache_endpoints,origin_bucket,09:00–:59,15543,-0.005259162162681135,5992,3903,5648
UA-UM_V2_DEPTH,main,development_holdout,P1_valid_cache_endpoints,origin_bucket,10:00–:59,15722,-0.0024914372161920742,4692,6682,4348
UA-UM_V2_DEPTH,main,development_holdout,P1_valid_cache_endpoints,origin_bucket,11:00–:59,15784,-0.0025648996940866075,3834,8240,3710
UA-UM_V2_DEPTH,main,development_holdout,P1_valid_cache_endpoints,origin_bucket,12:00–:59,15750,-9.936552452311633e-05,3206,9357,3187
UA-UM_V2_DEPTH,main,development_holdout,P1_valid_cache_endpoints,origin_bucket,13:00–:59,15825,-0.0002775710364650079,3428,8890,3507
UA-UM_V2_DEPTH,main,development_holdout,P1_valid_cache_endpoints,origin_bucket,14:00–:59,15881,-0.001448261098084417,3688,8309,3884
UA-UM_V2_DEPTH,main,development_holdout,P1_valid_cache_endpoints,origin_bucket,15:00–:59,2651,0.0013978118924984288,656,1234,761
UA-UM_V2_DEPTH,main,development_holdout,P1_valid_cache_endpoints,relative_spread_bin,high,35858,-0.002879875725637917,7295,21275,7288
UA-UM_V2_DEPTH,main,development_holdout,P1_valid_cache_endpoints,relative_spread_bin,low,31333,-0.0020409746878215142,10294,11070,9969
UA-UM_V2_DEPTH,main,development_holdout,P1_valid_cache_endpoints,relative_spread_bin,middle,29965,-0.0006485322993664246,7907,14270,7788
UA-UM_V2_DEPTH,main,development_holdout,P1_valid_cache_endpoints,l5_depth_bin,high,37125,-0.003465923734095012,8513,20429,8183
UA-UM_V2_DEPTH,main,development_holdout,P1_valid_cache_endpoints,l5_depth_bin,low,22471,-2.089057067271327e-05,7581,7437,7453
UA-UM_V2_DEPTH,main,development_holdout,P1_valid_cache_endpoints,l5_depth_bin,middle,37560,-0.0015310932740172237,9402,18749,9409
UA-UM_V2_DEPTH,main,development_holdout,P2_candidate_clock,origin_bucket,09:00–:59,13365,-0.0075580666483235385,4799,3877,4689
UA-UM_V2_DEPTH,main,development_holdout,P2_candidate_clock,origin_bucket,10:00–:59,16038,-0.0023919346221656598,4751,6890,4397
UA-UM_V2_DEPTH,main,development_holdout,P2_candidate_clock,origin_bucket,11:00–:59,16038,-0.0028353551806256836,3886,8410,3742
UA-UM_V2_DEPTH,main,development_holdout,P2_candidate_clock,origin_bucket,12:00–:59,16038,-0.0005607875302411294,3248,9560,3230
UA-UM_V2_DEPTH,main,development_holdout,P2_candidate_clock,origin_bucket,13:00–:59,16038,-0.0006112819619229386,3466,9034,3538
UA-UM_V2_DEPTH,main,development_holdout,P2_candidate_clock,origin_bucket,14:00–:59,10692,-0.0013254218380545364,2423,5660,2609
UA-UM_V2_DEPTH,main,development_holdout,P2_candidate_clock,relative_spread_bin,high,31850,-0.0031130613853984084,6143,19474,6233
UA-UM_V2_DEPTH,main,development_holdout,P2_candidate_clock,relative_spread_bin,invalid,971,-0.021237152328015742,291,429,251
UA-UM_V2_DEPTH,main,development_holdout,P2_candidate_clock,relative_spread_bin,low,28387,-0.0025760845701747483,9132,10403,8852
UA-UM_V2_DEPTH,main,development_holdout,P2_candidate_clock,relative_spread_bin,middle,27001,-0.0009228659194409431,7007,13125,6869
UA-UM_V2_DEPTH,main,development_holdout,P2_candidate_clock,l5_depth_bin,high,33417,-0.0037205618573476905,7596,18500,7321
UA-UM_V2_DEPTH,main,development_holdout,P2_candidate_clock,l5_depth_bin,invalid,968,-0.02069283705790385,291,426,251
UA-UM_V2_DEPTH,main,development_holdout,P2_candidate_clock,l5_depth_bin,low,19735,-0.0008313238719872175,6208,7301,6226
UA-UM_V2_DEPTH,main,development_holdout,P2_candidate_clock,l5_depth_bin,middle,34089,-0.001673590804867014,8478,17204,8407
UA-UM_V2_DEPTH,main,development_holdout,P3_intersection,origin_bucket,09:00–:59,12926,-0.007667274514089268,4717,3604,4605
UA-UM_V2_DEPTH,main,development_holdout,P3_intersection,origin_bucket,10:00–:59,15722,-0.0024914372161920742,4692,6682,4348
UA-UM_V2_DEPTH,main,development_holdout,P3_intersection,origin_bucket,11:00–:59,15784,-0.0025648996940866075,3834,8240,3710
UA-UM_V2_DEPTH,main,development_holdout,P3_intersection,origin_bucket,12:00–:59,15750,-9.936552452311633e-05,3206,9357,3187
UA-UM_V2_DEPTH,main,development_holdout,P3_intersection,origin_bucket,13:00–:59,15825,-0.0002775710364650079,3428,8890,3507
UA-UM_V2_DEPTH,main,development_holdout,P3_intersection,origin_bucket,14:00–:59,10581,-0.000709381159463538,2402,5582,2597
UA-UM_V2_DEPTH,main,development_holdout,P3_intersection,relative_spread_bin,high,31681,-0.003184606384944201,6142,19306,6233
UA-UM_V2_DEPTH,main,development_holdout,P3_intersection,relative_spread_bin,low,28072,-0.002342087220853965,9131,10089,8852
UA-UM_V2_DEPTH,main,development_holdout,P3_intersection,relative_spread_bin,middle,26835,-0.0009534893392921367,7006,12960,6869
UA-UM_V2_DEPTH,main,development_holdout,P3_intersection,l5_depth_bin,high,33406,-0.0037538688969709945,7596,18489,7321
UA-UM_V2_DEPTH,main,development_holdout,P3_intersection,l5_depth_bin,low,19219,-0.000194333494176374,6208,6785,6226
UA-UM_V2_DEPTH,main,development_holdout,P3_intersection,l5_depth_bin,middle,33963,-0.0018575754193783066,8475,17081,8407
UA-UM_V2_DEPTH,R1,rolling_evaluation,P0_legacy,origin_bucket,09:00–:59,5346,-0.0031242333303109784,2028,1418,1900
UA-UM_V2_DEPTH,R1,rolling_evaluation,P0_legacy,origin_bucket,10:00–:59,5346,-0.0037968538035514088,1574,2334,1438
UA-UM_V2_DEPTH,R1,rolling_evaluation,P0_legacy,origin_bucket,11:00–:59,5346,-0.004075173434478604,1264,2740,1342
UA-UM_V2_DEPTH,R1,rolling_evaluation,P0_legacy,origin_bucket,12:00–:59,5346,-0.0019439046873870984,1105,3124,1117
UA-UM_V2_DEPTH,R1,rolling_evaluation,P0_legacy,origin_bucket,13:00–:59,5346,0.0011189839880896416,1174,2994,1178
UA-UM_V2_DEPTH,R1,rolling_evaluation,P0_legacy,origin_bucket,14:00–:59,5346,-0.002724228222687321,1249,2776,1321
UA-UM_V2_DEPTH,R1,rolling_evaluation,P0_legacy,origin_bucket,15:00–:59,1782,-0.0051704203496635405,226,1328,228
UA-UM_V2_DEPTH,R1,rolling_evaluation,P0_legacy,relative_spread_bin,high,12256,-0.0004699455658495736,2325,7709,2222
UA-UM_V2_DEPTH,R1,rolling_evaluation,P0_legacy,relative_spread_bin,invalid,234,-0.015690066232396663,71,100,63
UA-UM_V2_DEPTH,R1,rolling_evaluation,P0_legacy,relative_spread_bin,low,9316,-0.005158297826550571,3057,3263,2996
UA-UM_V2_DEPTH,R1,rolling_evaluation,P0_legacy,relative_spread_bin,middle,12052,-0.0024466990783939334,3167,5642,3243
UA-UM_V2_DEPTH,R1,rolling_evaluation,P0_legacy,l5_depth_bin,high,12394,-0.0011734007083069882,2812,6858,2724
UA-UM_V2_DEPTH,R1,rolling_evaluation,P0_legacy,l5_depth_bin,invalid,232,-0.013714239632654099,71,98,63
UA-UM_V2_DEPTH,R1,rolling_evaluation,P0_legacy,l5_depth_bin,low,7312,-0.003559355465367788,2350,2697,2265
UA-UM_V2_DEPTH,R1,rolling_evaluation,P0_legacy,l5_depth_bin,middle,13920,-0.0031050724900919665,3387,7061,3472
UA-UM_V2_DEPTH,R1,rolling_evaluation,P1_valid_cache_endpoints,origin_bucket,09:00–:59,5216,-0.003937202039380365,2005,1336,1875
UA-UM_V2_DEPTH,R1,rolling_evaluation,P1_valid_cache_endpoints,origin_bucket,10:00–:59,5266,-0.003944500414115469,1558,2282,1426
UA-UM_V2_DEPTH,R1,rolling_evaluation,P1_valid_cache_endpoints,origin_bucket,11:00–:59,5281,-0.00358360743308121,1252,2694,1335
UA-UM_V2_DEPTH,R1,rolling_evaluation,P1_valid_cache_endpoints,origin_bucket,12:00–:59,5282,-0.0016501091710083462,1092,3080,1110
UA-UM_V2_DEPTH,R1,rolling_evaluation,P1_valid_cache_endpoints,origin_bucket,13:00–:59,5304,0.0018036010008980663,1168,2964,1172
UA-UM_V2_DEPTH,R1,rolling_evaluation,P1_valid_cache_endpoints,origin_bucket,14:00–:59,5321,-0.0023477429886356034,1246,2760,1315
UA-UM_V2_DEPTH,R1,rolling_evaluation,P1_valid_cache_endpoints,origin_bucket,15:00–:59,887,0.004055069880345022,225,434,228
UA-UM_V2_DEPTH,R1,rolling_evaluation,P1_valid_cache_endpoints,relative_spread_bin,high,11888,-0.000649958824144845,2323,7343,2222
UA-UM_V2_DEPTH,R1,rolling_evaluation,P1_valid_cache_endpoints,relative_spread_bin,low,8949,-0.003382525726213262,3056,2897,2996
UA-UM_V2_DEPTH,R1,rolling_evaluation,P1_valid_cache_endpoints,relative_spread_bin,middle,11720,-0.0025837331943764736,3167,5310,3243
UA-UM_V2_DEPTH,R1,rolling_evaluation,P1_valid_cache_endpoints,l5_depth_bin,high,12000,-0.0013723262822683355,2811,6465,2724
UA-UM_V2_DEPTH,R1,rolling_evaluation,P1_valid_cache_endpoints,l5_depth_bin,low,7017,-0.0018497274691296397,2350,2402,2265
UA-UM_V2_DEPTH,R1,rolling_evaluation,P1_valid_cache_endpoints,l5_depth_bin,middle,13540,-0.002867860651795122,3385,6683,3472
UA-UM_V2_DEPTH,R1,rolling_evaluation,P2_candidate_clock,origin_bucket,09:00–:59,4455,-0.00455409710303731,1594,1295,1566
UA-UM_V2_DEPTH,R1,rolling_evaluation,P2_candidate_clock,origin_bucket,10:00–:59,5346,-0.0037968538035514088,1574,2334,1438
UA-UM_V2_DEPTH,R1,rolling_evaluation,P2_candidate_clock,origin_bucket,11:00–:59,5346,-0.004075173434478604,1264,2740,1342
UA-UM_V2_DEPTH,R1,rolling_evaluation,P2_candidate_clock,origin_bucket,12:00–:59,5346,-0.0019439046873870984,1105,3124,1117
UA-UM_V2_DEPTH,R1,rolling_evaluation,P2_candidate_clock,origin_bucket,13:00–:59,5346,0.0011189839880896416,1174,2994,1178
UA-UM_V2_DEPTH,R1,rolling_evaluation,P2_candidate_clock,origin_bucket,14:00–:59,3564,-0.002774792128513205,848,1841,875
UA-UM_V2_DEPTH,R1,rolling_evaluation,P2_candidate_clock,relative_spread_bin,high,10554,-0.0004201099341508979,1965,6676,1913
UA-UM_V2_DEPTH,R1,rolling_evaluation,P2_candidate_clock,relative_spread_bin,invalid,225,-0.0126366899380873,71,93,61
UA-UM_V2_DEPTH,R1,rolling_evaluation,P2_candidate_clock,relative_spread_bin,low,8118,-0.0048276490678910685,2723,2738,2657
UA-UM_V2_DEPTH,R1,rolling_evaluation,P2_candidate_clock,relative_spread_bin,middle,10506,-0.002874909080408055,2800,4821,2885
UA-UM_V2_DEPTH,R1,rolling_evaluation,P2_candidate_clock,l5_depth_bin,high,10796,-0.0016245076660733647,2519,5819,2458
UA-UM_V2_DEPTH,R1,rolling_evaluation,P2_candidate_clock,l5_depth_bin,invalid,223,-0.010553736916881494,71,91,61
UA-UM_V2_DEPTH,R1,rolling_evaluation,P2_candidate_clock,l5_depth_bin,low,6101,-0.003030475043019662,1895,2330,1876
UA-UM_V2_DEPTH,R1,rolling_evaluation,P2_candidate_clock,l5_depth_bin,middle,12283,-0.0031174101669094977,3074,6088,3121
UA-UM_V2_DEPTH,R1,rolling_evaluation,P3_intersection,origin_bucket,09:00–:59,4344,-0.004873466257011851,1571,1232,1541
UA-UM_V2_DEPTH,R1,rolling_evaluation,P3_intersection,origin_bucket,10:00–:59,5266,-0.003944500414115469,1558,2282,1426
UA-UM_V2_DEPTH,R1,rolling_evaluation,P3_intersection,origin_bucket,11:00–:59,5281,-0.00358360743308121,1252,2694,1335
UA-UM_V2_DEPTH,R1,rolling_evaluation,P3_intersection,origin_bucket,12:00–:59,5282,-0.0016501091710083462,1092,3080,1110
UA-UM_V2_DEPTH,R1,rolling_evaluation,P3_intersection,origin_bucket,13:00–:59,5304,0.0018036010008980663,1168,2964,1172
UA-UM_V2_DEPTH,R1,rolling_evaluation,P3_intersection,origin_bucket,14:00–:59,3544,-0.0022770886298269866,845,1828,871
UA-UM_V2_DEPTH,R1,rolling_evaluation,P3_intersection,relative_spread_bin,high,10519,-0.00043033126149908806,1964,6642,1913
UA-UM_V2_DEPTH,R1,rolling_evaluation,P3_intersection,relative_spread_bin,low,8006,-0.004109165412250145,2722,2627,2657
UA-UM_V2_DEPTH,R1,rolling_evaluation,P3_intersection,relative_spread_bin,middle,10496,-0.0029213084662461338,2800,4811,2885
UA-UM_V2_DEPTH,R1,rolling_evaluation,P3_intersection,l5_depth_bin,high,10794,-0.0016427502759403182,2519,5817,2458
UA-UM_V2_DEPTH,R1,rolling_evaluation,P3_intersection,l5_depth_bin,low,5958,-0.0019365396614990375,1895,2187,1876
UA-UM_V2_DEPTH,R1,rolling_evaluation,P3_intersection,l5_depth_bin,middle,12269,-0.0031638223742922753,3072,6076,3121
UA-UM_V2_DEPTH,R2,rolling_evaluation,P0_legacy,origin_bucket,09:00–:59,5346,0.00477934621645614,2014,1520,1812
UA-UM_V2_DEPTH,R2,rolling_evaluation,P0_legacy,origin_bucket,10:00–:59,5346,0.00474212716138833,1512,2409,1425
UA-UM_V2_DEPTH,R2,rolling_evaluation,P0_legacy,origin_bucket,11:00–:59,5346,0.0009813409733567763,1280,2923,1143
UA-UM_V2_DEPTH,R2,rolling_evaluation,P0_legacy,origin_bucket,12:00–:59,5346,0.0005021797920835449,1063,3319,964
UA-UM_V2_DEPTH,R2,rolling_evaluation,P0_legacy,origin_bucket,13:00–:59,5346,0.0030910460226210817,1084,3059,1203
UA-UM_V2_DEPTH,R2,rolling_evaluation,P0_legacy,origin_bucket,14:00–:59,5346,0.005147907654091178,1155,2882,1309
UA-UM_V2_DEPTH,R2,rolling_evaluation,P0_legacy,origin_bucket,15:00–:59,1782,-0.02346878771263668,217,1320,245
UA-UM_V2_DEPTH,R2,rolling_evaluation,P0_legacy,relative_spread_bin,high,11646,0.0014925795542951145,2151,7204,2291
UA-UM_V2_DEPTH,R2,rolling_evaluation,P0_legacy,relative_spread_bin,invalid,231,-0.0015995035282030195,63,109,59
UA-UM_V2_DEPTH,R2,rolling_evaluation,P0_legacy,relative_spread_bin,low,11680,8.33278758233425e-05,3584,4754,3342
UA-UM_V2_DEPTH,R2,rolling_evaluation,P0_legacy,relative_spread_bin,middle,10301,0.004181186251612758,2527,5365,2409
UA-UM_V2_DEPTH,R2,rolling_evaluation,P0_legacy,l5_depth_bin,high,13115,0.0029725648259618124,2750,7808,2557
UA-UM_V2_DEPTH,R2,rolling_evaluation,P0_legacy,l5_depth_bin,invalid,230,0.0009456292232771356,63,108,59
UA-UM_V2_DEPTH,R2,rolling_evaluation,P0_legacy,l5_depth_bin,low,8190,0.0016827672954383875,2556,3104,2530
UA-UM_V2_DEPTH,R2,rolling_evaluation,P0_legacy,l5_depth_bin,middle,12323,0.0006550530535017754,2956,6412,2955
UA-UM_V2_DEPTH,R2,rolling_evaluation,P1_valid_cache_endpoints,origin_bucket,09:00–:59,5198,0.004433132130016809,1989,1422,1787
UA-UM_V2_DEPTH,R2,rolling_evaluation,P1_valid_cache_endpoints,origin_bucket,10:00–:59,5281,0.004641330075255931,1502,2365,1414
UA-UM_V2_DEPTH,R2,rolling_evaluation,P1_valid_cache_endpoints,origin_bucket,11:00–:59,5293,0.0008640850007260241,1272,2886,1135
UA-UM_V2_DEPTH,R2,rolling_evaluation,P1_valid_cache_endpoints,origin_bucket,12:00–:59,5282,0.0005347835242904276,1055,3274,953
UA-UM_V2_DEPTH,R2,rolling_evaluation,P1_valid_cache_endpoints,origin_bucket,13:00–:59,5309,0.002644599432969513,1077,3031,1201
UA-UM_V2_DEPTH,R2,rolling_evaluation,P1_valid_cache_endpoints,origin_bucket,14:00–:59,5314,0.004701806467843146,1150,2856,1308
UA-UM_V2_DEPTH,R2,rolling_evaluation,P1_valid_cache_endpoints,origin_bucket,15:00–:59,884,0.005752836336970081,216,424,244
UA-UM_V2_DEPTH,R2,rolling_evaluation,P1_valid_cache_endpoints,relative_spread_bin,high,11290,0.00248639123120491,2151,6848,2291
UA-UM_V2_DEPTH,R2,rolling_evaluation,P1_valid_cache_endpoints,relative_spread_bin,low,11254,0.0014917609832835249,3584,4328,3342
UA-UM_V2_DEPTH,R2,rolling_evaluation,P1_valid_cache_endpoints,relative_spread_bin,middle,10017,0.005411207307463092,2526,5082,2409
UA-UM_V2_DEPTH,R2,rolling_evaluation,P1_valid_cache_endpoints,l5_depth_bin,high,12714,0.004405326776241608,2750,7407,2557
UA-UM_V2_DEPTH,R2,rolling_evaluation,P1_valid_cache_endpoints,l5_depth_bin,low,7891,0.001968502141743309,2556,2805,2530
UA-UM_V2_DEPTH,R2,rolling_evaluation,P1_valid_cache_endpoints,l5_depth_bin,middle,11956,0.002301850424172111,2955,6046,2955
UA-UM_V2_DEPTH,R2,rolling_evaluation,P2_candidate_clock,origin_bucket,09:00–:59,4455,-0.000254256841874283,1588,1392,1475
UA-UM_V2_DEPTH,R2,rolling_evaluation,P2_candidate_clock,origin_bucket,10:00–:59,5346,0.00474212716138833,1512,2409,1425
UA-UM_V2_DEPTH,R2,rolling_evaluation,P2_candidate_clock,origin_bucket,11:00–:59,5346,0.0009813409733567763,1280,2923,1143
UA-UM_V2_DEPTH,R2,rolling_evaluation,P2_candidate_clock,origin_bucket,12:00–:59,5346,0.0005021797920835449,1063,3319,964
UA-UM_V2_DEPTH,R2,rolling_evaluation,P2_candidate_clock,origin_bucket,13:00–:59,5346,0.0030910460226210817,1084,3059,1203
UA-UM_V2_DEPTH,R2,rolling_evaluation,P2_candidate_clock,origin_bucket,14:00–:59,3564,0.004219440852771084,753,1955,856
UA-UM_V2_DEPTH,R2,rolling_evaluation,P2_candidate_clock,relative_spread_bin,high,9989,0.0015268483662065138,1787,6261,1941
UA-UM_V2_DEPTH,R2,rolling_evaluation,P2_candidate_clock,relative_spread_bin,invalid,214,0.0008960843275778424,61,96,57
UA-UM_V2_DEPTH,R2,rolling_evaluation,P2_candidate_clock,relative_spread_bin,low,10198,0.0012982848506155166,3184,4060,2954
UA-UM_V2_DEPTH,R2,rolling_evaluation,P2_candidate_clock,relative_spread_bin,middle,9002,0.0038912530037512696,2248,4640,2114
UA-UM_V2_DEPTH,R2,rolling_evaluation,P2_candidate_clock,l5_depth_bin,high,11450,0.0029644918182661147,2463,6718,2269
UA-UM_V2_DEPTH,R2,rolling_evaluation,P2_candidate_clock,l5_depth_bin,invalid,213,0.003656066114884022,61,95,57
UA-UM_V2_DEPTH,R2,rolling_evaluation,P2_candidate_clock,l5_depth_bin,low,6926,0.0020595723748464403,2109,2700,2117
UA-UM_V2_DEPTH,R2,rolling_evaluation,P2_candidate_clock,l5_depth_bin,middle,10814,0.0013617206540300281,2647,5544,2623
UA-UM_V2_DEPTH,R2,rolling_evaluation,P3_intersection,origin_bucket,09:00–:59,4319,-0.0007121023831732984,1563,1306,1450
UA-UM_V2_DEPTH,R2,rolling_evaluation,P3_intersection,origin_bucket,10:00–:59,5281,0.004641330075255931,1502,2365,1414
UA-UM_V2_DEPTH,R2,rolling_evaluation,P3_intersection,origin_bucket,11:00–:59,5293,0.0008640850007260241,1272,2886,1135
UA-UM_V2_DEPTH,R2,rolling_evaluation,P3_intersection,origin_bucket,12:00–:59,5282,0.0005347835242904276,1055,3274,953
UA-UM_V2_DEPTH,R2,rolling_evaluation,P3_intersection,origin_bucket,13:00–:59,5309,0.002644599432969513,1077,3031,1201
UA-UM_V2_DEPTH,R2,rolling_evaluation,P3_intersection,origin_bucket,14:00–:59,3543,0.0037728925984207304,749,1938,856
UA-UM_V2_DEPTH,R2,rolling_evaluation,P3_intersection,relative_spread_bin,high,9948,0.0014520181471573883,1787,6220,1941
UA-UM_V2_DEPTH,R2,rolling_evaluation,P3_intersection,relative_spread_bin,low,10097,0.0007151098243874649,3184,3959,2954
UA-UM_V2_DEPTH,R2,rolling_evaluation,P3_intersection,relative_spread_bin,middle,8982,0.0038494788309645783,2247,4621,2114
UA-UM_V2_DEPTH,R2,rolling_evaluation,P3_intersection,l5_depth_bin,high,11444,0.0029387981154299493,2463,6712,2269
UA-UM_V2_DEPTH,R2,rolling_evaluation,P3_intersection,l5_depth_bin,low,6796,0.0011897578339362305,2109,2570,2117
UA-UM_V2_DEPTH,R2,rolling_evaluation,P3_intersection,l5_depth_bin,middle,10787,0.001346431761571782,2646,5518,2623
UA-UM_V2_DEPTH,R3,rolling_evaluation,P0_legacy,origin_bucket,09:00–:59,5346,-0.00854769648030533,2032,1294,2020
UA-UM_V2_DEPTH,R3,rolling_evaluation,P0_legacy,origin_bucket,10:00–:59,5346,-0.004883706477148549,1665,2147,1534
UA-UM_V2_DEPTH,R3,rolling_evaluation,P0_legacy,origin_bucket,11:00–:59,5346,0.0008457178127991492,1342,2747,1257
UA-UM_V2_DEPTH,R3,rolling_evaluation,P0_legacy,origin_bucket,12:00–:59,5346,0.001276482908772409,1080,3117,1149
UA-UM_V2_DEPTH,R3,rolling_evaluation,P0_legacy,origin_bucket,13:00–:59,5346,0.001007741396610754,1208,2981,1157
UA-UM_V2_DEPTH,R3,rolling_evaluation,P0_legacy,origin_bucket,14:00–:59,5346,0.0015907304522461028,1312,2757,1277
UA-UM_V2_DEPTH,R3,rolling_evaluation,P0_legacy,origin_bucket,15:00–:59,1782,-0.026318818069535427,216,1276,290
UA-UM_V2_DEPTH,R3,rolling_evaluation,P0_legacy,relative_spread_bin,high,12588,-0.0035755004069636847,2698,7242,2648
UA-UM_V2_DEPTH,R3,rolling_evaluation,P0_legacy,relative_spread_bin,invalid,568,-0.04422191958019851,166,260,142
UA-UM_V2_DEPTH,R3,rolling_evaluation,P0_legacy,relative_spread_bin,low,10937,-0.002016244536867453,3480,3987,3470
UA-UM_V2_DEPTH,R3,rolling_evaluation,P0_legacy,relative_spread_bin,middle,9765,-0.00013206170044232466,2511,4830,2424
UA-UM_V2_DEPTH,R3,rolling_evaluation,P0_legacy,l5_depth_bin,high,12615,-0.0010606114609233168,2899,6864,2852
UA-UM_V2_DEPTH,R3,rolling_evaluation,P0_legacy,l5_depth_bin,invalid,568,-0.04422191958019851,166,260,142
UA-UM_V2_DEPTH,R3,rolling_evaluation,P0_legacy,l5_depth_bin,low,8829,-0.0029216831559300315,2921,3044,2864
UA-UM_V2_DEPTH,R3,rolling_evaluation,P0_legacy,l5_depth_bin,middle,11846,-0.0024628139426087804,2869,6151,2826
UA-UM_V2_DEPTH,R3,rolling_evaluation,P1_valid_cache_endpoints,origin_bucket,09:00–:59,5129,-0.008234162881428645,1998,1145,1986
UA-UM_V2_DEPTH,R3,rolling_evaluation,P1_valid_cache_endpoints,origin_bucket,10:00–:59,5175,-0.004660654721784099,1632,2035,1508
UA-UM_V2_DEPTH,R3,rolling_evaluation,P1_valid_cache_endpoints,origin_bucket,11:00–:59,5210,0.000577433209349309,1310,2660,1240
UA-UM_V2_DEPTH,R3,rolling_evaluation,P1_valid_cache_endpoints,origin_bucket,12:00–:59,5186,0.001412140038698473,1059,3003,1124
UA-UM_V2_DEPTH,R3,rolling_evaluation,P1_valid_cache_endpoints,origin_bucket,13:00–:59,5212,0.0018954115405616224,1183,2895,1134
UA-UM_V2_DEPTH,R3,rolling_evaluation,P1_valid_cache_endpoints,origin_bucket,14:00–:59,5246,0.002509597523701257,1292,2693,1261
UA-UM_V2_DEPTH,R3,rolling_evaluation,P1_valid_cache_endpoints,origin_bucket,15:00–:59,880,0.005253079472660142,215,376,289
UA-UM_V2_DEPTH,R3,rolling_evaluation,P1_valid_cache_endpoints,relative_spread_bin,high,12150,-0.003170046536746495,2698,6804,2648
UA-UM_V2_DEPTH,R3,rolling_evaluation,P1_valid_cache_endpoints,relative_spread_bin,low,10542,-0.0002247030338711163,3480,3592,3470
UA-UM_V2_DEPTH,R3,rolling_evaluation,P1_valid_cache_endpoints,relative_spread_bin,middle,9346,0.0013408628243680798,2511,4411,2424
UA-UM_V2_DEPTH,R3,rolling_evaluation,P1_valid_cache_endpoints,l5_depth_bin,high,12230,0.00013098836680662505,2899,6479,2852
UA-UM_V2_DEPTH,R3,rolling_evaluation,P1_valid_cache_endpoints,l5_depth_bin,low,8363,-0.002280592887055437,2921,2578,2864
UA-UM_V2_DEPTH,R3,rolling_evaluation,P1_valid_cache_endpoints,l5_depth_bin,middle,11445,-0.0009508580392831416,2869,5750,2826
UA-UM_V2_DEPTH,R3,rolling_evaluation,P2_candidate_clock,origin_bucket,09:00–:59,4455,-0.009879350637165277,1617,1190,1648
UA-UM_V2_DEPTH,R3,rolling_evaluation,P2_candidate_clock,origin_bucket,10:00–:59,5346,-0.004883706477148549,1665,2147,1534
UA-UM_V2_DEPTH,R3,rolling_evaluation,P2_candidate_clock,origin_bucket,11:00–:59,5346,0.0008457178127991492,1342,2747,1257
UA-UM_V2_DEPTH,R3,rolling_evaluation,P2_candidate_clock,origin_bucket,12:00–:59,5346,0.001276482908772409,1080,3117,1149
UA-UM_V2_DEPTH,R3,rolling_evaluation,P2_candidate_clock,origin_bucket,13:00–:59,5346,0.001007741396610754,1208,2981,1157
UA-UM_V2_DEPTH,R3,rolling_evaluation,P2_candidate_clock,origin_bucket,14:00–:59,3564,0.0015535383426155337,822,1864,878
UA-UM_V2_DEPTH,R3,rolling_evaluation,P2_candidate_clock,relative_spread_bin,high,10829,-0.0037570746488427413,2284,6283,2262
UA-UM_V2_DEPTH,R3,rolling_evaluation,P2_candidate_clock,relative_spread_bin,invalid,532,-0.037948175651007165,159,240,133
UA-UM_V2_DEPTH,R3,rolling_evaluation,P2_candidate_clock,relative_spread_bin,low,9545,-0.0001054203225340105,3064,3377,3104
UA-UM_V2_DEPTH,R3,rolling_evaluation,P2_candidate_clock,relative_spread_bin,middle,8497,0.0016510188417933303,2227,4146,2124
UA-UM_V2_DEPTH,R3,rolling_evaluation,P2_candidate_clock,l5_depth_bin,high,11012,0.00011664491215839695,2569,5892,2551
UA-UM_V2_DEPTH,R3,rolling_evaluation,P2_candidate_clock,l5_depth_bin,invalid,532,-0.037948175651007165,159,240,133
UA-UM_V2_DEPTH,R3,rolling_evaluation,P2_candidate_clock,l5_depth_bin,low,7444,-0.0026075699690233504,2417,2609,2418
UA-UM_V2_DEPTH,R3,rolling_evaluation,P2_candidate_clock,l5_depth_bin,middle,10415,-0.0009156633869866251,2589,5305,2521
UA-UM_V2_DEPTH,R3,rolling_evaluation,P3_intersection,origin_bucket,09:00–:59,4263,-0.008546331617819612,1583,1066,1614
UA-UM_V2_DEPTH,R3,rolling_evaluation,P3_intersection,origin_bucket,10:00–:59,5175,-0.004660654721784099,1632,2035,1508
UA-UM_V2_DEPTH,R3,rolling_evaluation,P3_intersection,origin_bucket,11:00–:59,5210,0.000577433209349309,1310,2660,1240
UA-UM_V2_DEPTH,R3,rolling_evaluation,P3_intersection,origin_bucket,12:00–:59,5186,0.001412140038698473,1059,3003,1124
UA-UM_V2_DEPTH,R3,rolling_evaluation,P3_intersection,origin_bucket,13:00–:59,5212,0.0018954115405616224,1183,2895,1134
UA-UM_V2_DEPTH,R3,rolling_evaluation,P3_intersection,origin_bucket,14:00–:59,3494,0.0024332674766491167,808,1816,870
UA-UM_V2_DEPTH,R3,rolling_evaluation,P3_intersection,relative_spread_bin,high,10741,-0.0038036203674399307,2284,6195,2262
UA-UM_V2_DEPTH,R3,rolling_evaluation,P3_intersection,relative_spread_bin,low,9444,-0.00042239142426133374,3064,3276,3104
UA-UM_V2_DEPTH,R3,rolling_evaluation,P3_intersection,relative_spread_bin,middle,8355,0.0015564761076742055,2227,4004,2124
UA-UM_V2_DEPTH,R3,rolling_evaluation,P3_intersection,l5_depth_bin,high,11009,9.428758210391742e-05,2569,5889,2551
UA-UM_V2_DEPTH,R3,rolling_evaluation,P3_intersection,l5_depth_bin,low,7191,-0.002979229469757481,2417,2356,2418
UA-UM_V2_DEPTH,R3,rolling_evaluation,P3_intersection,l5_depth_bin,middle,10340,-0.001107714310651289,2589,5230,2521
UA-UM_V2_DEPTH,pooled_rolling,rolling_evaluation,P0_legacy,origin_bucket,09:00–:59,16038,-0.002297527864720056,6074,4232,5732
UA-UM_V2_DEPTH,pooled_rolling,rolling_evaluation,P0_legacy,origin_bucket,10:00–:59,16038,-0.0013128110397705429,4751,6890,4397
UA-UM_V2_DEPTH,pooled_rolling,rolling_evaluation,P0_legacy,origin_bucket,11:00–:59,16038,-0.0007493715494408929,3886,8410,3742
UA-UM_V2_DEPTH,pooled_rolling,rolling_evaluation,P0_legacy,origin_bucket,12:00–:59,16038,-5.508066217704806e-05,3248,9560,3230
UA-UM_V2_DEPTH,pooled_rolling,rolling_evaluation,P0_legacy,origin_bucket,13:00–:59,16038,0.0017392571357738255,3466,9034,3538
UA-UM_V2_DEPTH,pooled_rolling,rolling_evaluation,P0_legacy,origin_bucket,14:00–:59,16038,0.00133813662788332,3716,8415,3907
UA-UM_V2_DEPTH,pooled_rolling,rolling_evaluation,P0_legacy,origin_bucket,15:00–:59,5346,-0.018319342043945214,659,3924,763
UA-UM_V2_DEPTH,pooled_rolling,rolling_evaluation,P0_legacy,relative_spread_bin,high,36490,-0.000914921087656627,7174,22155,7161
UA-UM_V2_DEPTH,pooled_rolling,rolling_evaluation,P0_legacy,relative_spread_bin,invalid,1033,-0.02822750351882718,300,469,264
UA-UM_V2_DEPTH,pooled_rolling,rolling_evaluation,P0_legacy,relative_spread_bin,low,31933,-0.0021649422059389282,10121,12004,9808
UA-UM_V2_DEPTH,pooled_rolling,rolling_evaluation,P0_legacy,relative_spread_bin,middle,32118,0.0003827510984569413,8205,15837,8076
UA-UM_V2_DEPTH,pooled_rolling,rolling_evaluation,P0_legacy,l5_depth_bin,high,38124,0.0002901701220801786,8461,21530,8133
UA-UM_V2_DEPTH,pooled_rolling,rolling_evaluation,P0_legacy,l5_depth_bin,invalid,1030,-0.027264329315509483,300,466,264
UA-UM_V2_DEPTH,pooled_rolling,rolling_evaluation,P0_legacy,l5_depth_bin,low,24331,-0.001563424585789122,7827,8845,7659
UA-UM_V2_DEPTH,pooled_rolling,rolling_evaluation,P0_legacy,l5_depth_bin,middle,38089,-0.0016888047532862879,9212,19624,9253
UA-UM_V2_DEPTH,pooled_rolling,rolling_evaluation,P1_valid_cache_endpoints,origin_bucket,09:00–:59,15543,-0.0025558802319004138,5992,3903,5648
UA-UM_V2_DEPTH,pooled_rolling,rolling_evaluation,P1_valid_cache_endpoints,origin_bucket,10:00–:59,15722,-0.00129625767959154,4692,6682,4348
UA-UM_V2_DEPTH,pooled_rolling,rolling_evaluation,P1_valid_cache_endpoints,origin_bucket,11:00–:59,15784,-0.0007186392501615004,3834,8240,3710
UA-UM_V2_DEPTH,pooled_rolling,rolling_evaluation,P1_valid_cache_endpoints,origin_bucket,12:00–:59,15750,9.09338523635706e-05,3206,9357,3187
UA-UM_V2_DEPTH,pooled_rolling,rolling_evaluation,P1_valid_cache_endpoints,origin_bucket,13:00–:59,15825,0.0021159787076022534,3428,8890,3507
UA-UM_V2_DEPTH,pooled_rolling,rolling_evaluation,P1_valid_cache_endpoints,origin_bucket,14:00–:59,15881,0.0016156670069218076,3688,8309,3884
UA-UM_V2_DEPTH,pooled_rolling,rolling_evaluation,P1_valid_cache_endpoints,origin_bucket,15:00–:59,2651,0.005018885040244629,656,1234,761
UA-UM_V2_DEPTH,pooled_rolling,rolling_evaluation,P1_valid_cache_endpoints,relative_spread_bin,high,35328,-0.0005143630809159984,7172,20995,7161
UA-UM_V2_DEPTH,pooled_rolling,rolling_evaluation,P1_valid_cache_endpoints,relative_spread_bin,low,30745,-0.0005155558302513901,10120,10817,9808
UA-UM_V2_DEPTH,pooled_rolling,rolling_evaluation,P1_valid_cache_endpoints,relative_spread_bin,middle,31083,0.0011728087545381583,8204,14803,8076
UA-UM_V2_DEPTH,pooled_rolling,rolling_evaluation,P1_valid_cache_endpoints,l5_depth_bin,high,36944,0.001113669255412538,8460,20351,8133
UA-UM_V2_DEPTH,pooled_rolling,rolling_evaluation,P1_valid_cache_endpoints,l5_depth_bin,low,23271,-0.000709839953797896,7827,7785,7659
UA-UM_V2_DEPTH,pooled_rolling,rolling_evaluation,P1_valid_cache_endpoints,l5_depth_bin,middle,36941,-0.0006007547119325341,9209,18479,9253
UA-UM_V2_DEPTH,pooled_rolling,rolling_evaluation,P2_candidate_clock,origin_bucket,09:00–:59,13365,-0.004895901527358957,4799,3877,4689
UA-UM_V2_DEPTH,pooled_rolling,rolling_evaluation,P2_candidate_clock,origin_bucket,10:00–:59,16038,-0.0013128110397705429,4751,6890,4397
UA-UM_V2_DEPTH,pooled_rolling,rolling_evaluation,P2_candidate_clock,origin_bucket,11:00–:59,16038,-0.0007493715494408929,3886,8410,3742
UA-UM_V2_DEPTH,pooled_rolling,rolling_evaluation,P2_candidate_clock,origin_bucket,12:00–:59,16038,-5.508066217704806e-05,3248,9560,3230
UA-UM_V2_DEPTH,pooled_rolling,rolling_evaluation,P2_candidate_clock,origin_bucket,13:00–:59,16038,0.0017392571357738255,3466,9034,3538
UA-UM_V2_DEPTH,pooled_rolling,rolling_evaluation,P2_candidate_clock,origin_bucket,14:00–:59,10692,0.0009993956889578041,2423,5660,2609
UA-UM_V2_DEPTH,pooled_rolling,rolling_evaluation,P2_candidate_clock,relative_spread_bin,high,31372,-0.0009520436467968176,6036,19220,6116
UA-UM_V2_DEPTH,pooled_rolling,rolling_evaluation,P2_candidate_clock,relative_spread_bin,invalid,971,-0.02352206244727476,291,429,251
UA-UM_V2_DEPTH,pooled_rolling,rolling_evaluation,P2_candidate_clock,relative_spread_bin,low,27861,-0.0009675597862657399,8971,10175,8715
UA-UM_V2_DEPTH,pooled_rolling,rolling_evaluation,P2_candidate_clock,relative_spread_bin,middle,28005,0.000673235916433488,7275,13607,7123
UA-UM_V2_DEPTH,pooled_rolling,rolling_evaluation,P2_candidate_clock,l5_depth_bin,high,33258,0.0005318942909647977,7551,18429,7278
UA-UM_V2_DEPTH,pooled_rolling,rolling_evaluation,P2_candidate_clock,l5_depth_bin,invalid,968,-0.0224826143557129,291,426,251
UA-UM_V2_DEPTH,pooled_rolling,rolling_evaluation,P2_candidate_clock,l5_depth_bin,low,20471,-0.0011545640573829479,6421,7639,6411
UA-UM_V2_DEPTH,pooled_rolling,rolling_evaluation,P2_candidate_clock,l5_depth_bin,middle,33512,-0.000987769637829265,8310,16937,8265
UA-UM_V2_DEPTH,pooled_rolling,rolling_evaluation,P3_intersection,origin_bucket,09:00–:59,12926,-0.004694330751984369,4717,3604,4605
UA-UM_V2_DEPTH,pooled_rolling,rolling_evaluation,P3_intersection,origin_bucket,10:00–:59,15722,-0.00129625767959154,4692,6682,4348
UA-UM_V2_DEPTH,pooled_rolling,rolling_evaluation,P3_intersection,origin_bucket,11:00–:59,15784,-0.0007186392501615004,3834,8240,3710
UA-UM_V2_DEPTH,pooled_rolling,rolling_evaluation,P3_intersection,origin_bucket,12:00–:59,15750,9.09338523635706e-05,3206,9357,3187
UA-UM_V2_DEPTH,pooled_rolling,rolling_evaluation,P3_intersection,origin_bucket,13:00–:59,15825,0.0021159787076022534,3428,8890,3507
UA-UM_V2_DEPTH,pooled_rolling,rolling_evaluation,P3_intersection,origin_bucket,14:00–:59,10581,0.001304148278566281,2402,5582,2597
UA-UM_V2_DEPTH,pooled_rolling,rolling_evaluation,P3_intersection,relative_spread_bin,high,31208,-0.0009913055748032396,6035,19057,6116
UA-UM_V2_DEPTH,pooled_rolling,rolling_evaluation,P3_intersection,relative_spread_bin,low,27547,-0.0010769440957040131,8970,9862,8715
UA-UM_V2_DEPTH,pooled_rolling,rolling_evaluation,P3_intersection,relative_spread_bin,middle,27833,0.000607851222563949,7274,13436,7123
UA-UM_V2_DEPTH,pooled_rolling,rolling_evaluation,P3_intersection,l5_depth_bin,high,33247,0.0005094526166530084,7551,18418,7278
UA-UM_V2_DEPTH,pooled_rolling,rolling_evaluation,P3_intersection,l5_depth_bin,low,19945,-0.001247227284071531,6421,7113,6411
UA-UM_V2_DEPTH,pooled_rolling,rolling_evaluation,P3_intersection,l5_depth_bin,middle,33396,-0.0010703899649733932,8307,16824,8265
UA-UX,main,validation,P0_legacy,origin_bucket,09:00–:59,7938,-0.1542243810571987,2864,2418,2656
UA-UX,main,validation,P0_legacy,origin_bucket,10:00–:59,7938,-0.0008362467465006112,2261,3518,2159
UA-UX,main,validation,P0_legacy,origin_bucket,11:00–:59,7938,-0.003420672823201213,1890,4335,1713
UA-UX,main,validation,P0_legacy,origin_bucket,12:00–:59,7938,-0.0019713051743115374,1590,4804,1544
UA-UX,main,validation,P0_legacy,origin_bucket,13:00–:59,7938,-0.00025801652167189613,1712,4516,1710
UA-UX,main,validation,P0_legacy,origin_bucket,14:00–:59,7938,-0.003035990179325997,1802,4315,1821
UA-UX,main,validation,P0_legacy,origin_bucket,15:00–:59,2646,-0.01312913981675468,313,2000,333
UA-UX,main,validation,P0_legacy,relative_spread_bin,high,18571,-0.0008234632937039135,3350,12017,3204
UA-UX,main,validation,P0_legacy,relative_spread_bin,invalid,440,-2.805641565423143,91,271,78
UA-UX,main,validation,P0_legacy,relative_spread_bin,low,17829,-0.004898241634164292,5494,7047,5288
UA-UX,main,validation,P0_legacy,relative_spread_bin,middle,13434,0.00018946417384233517,3497,6571,3366
UA-UX,main,validation,P0_legacy,l5_depth_bin,high,17791,-0.00017820440151840113,3651,10487,3653
UA-UX,main,validation,P0_legacy,l5_depth_bin,invalid,436,-2.796896110115226,91,267,78
UA-UX,main,validation,P0_legacy,l5_depth_bin,low,11790,-0.0060156459201742,3820,4508,3462
UA-UX,main,validation,P0_legacy,l5_depth_bin,middle,20257,-0.002024915341914853,4870,10644,4743
UA-UX,main,validation,P1_valid_cache_endpoints,origin_bucket,09:00–:59,7595,0.0002995165684682147,2832,2136,2627
UA-UX,main,validation,P1_valid_cache_endpoints,origin_bucket,10:00–:59,7828,-0.0003532561908544774,2236,3450,2142
UA-UX,main,validation,P1_valid_cache_endpoints,origin_bucket,11:00–:59,7863,-0.003460393261147585,1876,4288,1699
UA-UX,main,validation,P1_valid_cache_endpoints,origin_bucket,12:00–:59,7866,-0.0020857756348892486,1579,4751,1536
UA-UX,main,validation,P1_valid_cache_endpoints,origin_bucket,13:00–:59,7889,-0.00025082687580328954,1706,4480,1703
UA-UX,main,validation,P1_valid_cache_endpoints,origin_bucket,14:00–:59,7920,-0.0030237781612524003,1799,4303,1818
UA-UX,main,validation,P1_valid_cache_endpoints,origin_bucket,15:00–:59,1319,0.002308097487462804,313,673,333
UA-UX,main,validation,P1_valid_cache_endpoints,relative_spread_bin,high,17990,-0.0011147384472151138,3350,11436,3204
UA-UX,main,validation,P1_valid_cache_endpoints,relative_spread_bin,low,17222,-0.003417759763711086,5494,6440,5288
UA-UX,main,validation,P1_valid_cache_endpoints,relative_spread_bin,middle,13068,0.0009125989562847767,3497,6205,3366
UA-UX,main,validation,P1_valid_cache_endpoints,l5_depth_bin,high,17191,0.00010207635323403712,3651,9887,3653
UA-UX,main,validation,P1_valid_cache_endpoints,l5_depth_bin,low,11443,-0.0038236151225862105,3820,4161,3462
UA-UX,main,validation,P1_valid_cache_endpoints,l5_depth_bin,middle,19646,-0.0012720211185989567,4870,10033,4743
UA-UX,main,validation,P2_candidate_clock,origin_bucket,09:00–:59,6615,-0.15560423223593492,2309,2163,2143
UA-UX,main,validation,P2_candidate_clock,origin_bucket,10:00–:59,7938,-0.0008362467465006112,2261,3518,2159
UA-UX,main,validation,P2_candidate_clock,origin_bucket,11:00–:59,7938,-0.003420672823201213,1890,4335,1713
UA-UX,main,validation,P2_candidate_clock,origin_bucket,12:00–:59,7938,-0.0019713051743115374,1590,4804,1544
UA-UX,main,validation,P2_candidate_clock,origin_bucket,13:00–:59,7938,-0.00025801652167189613,1712,4516,1710
UA-UX,main,validation,P2_candidate_clock,origin_bucket,14:00–:59,5292,-0.005563728432457182,1175,2895,1222
UA-UX,main,validation,P2_candidate_clock,relative_spread_bin,high,15970,-0.0015154751557381898,2844,10389,2737
UA-UX,main,validation,P2_candidate_clock,relative_spread_bin,invalid,406,-2.5048516474009936,91,238,77
UA-UX,main,validation,P2_candidate_clock,relative_spread_bin,low,15578,-0.004408347576357722,4902,5974,4702
UA-UX,main,validation,P2_candidate_clock,relative_spread_bin,middle,11705,-3.484704364284493e-05,3100,5630,2975
UA-UX,main,validation,P2_candidate_clock,l5_depth_bin,high,15466,-0.0009767061246480223,3265,8933,3268
UA-UX,main,validation,P2_candidate_clock,l5_depth_bin,invalid,404,-2.498254643207369,91,236,77
UA-UX,main,validation,P2_candidate_clock,l5_depth_bin,low,10023,-0.005225979955244374,3209,3921,2893
UA-UX,main,validation,P2_candidate_clock,l5_depth_bin,middle,17766,-0.0018840718451696842,4372,9141,4253
UA-UX,main,validation,P3_intersection,origin_bucket,09:00–:59,6326,-0.0023040064162909717,2277,1935,2114
UA-UX,main,validation,P3_intersection,origin_bucket,10:00–:59,7828,-0.0003532561908544774,2236,3450,2142
UA-UX,main,validation,P3_intersection,origin_bucket,11:00–:59,7863,-0.003460393261147585,1876,4288,1699
UA-UX,main,validation,P3_intersection,origin_bucket,12:00–:59,7866,-0.0020857756348892486,1579,4751,1536
UA-UX,main,validation,P3_intersection,origin_bucket,13:00–:59,7889,-0.00025082687580328954,1706,4480,1703
UA-UX,main,validation,P3_intersection,origin_bucket,14:00–:59,5278,-0.005596493919424381,1172,2886,1220
UA-UX,main,validation,P3_intersection,relative_spread_bin,high,15899,-0.0016124200374269095,2844,10318,2737
UA-UX,main,validation,P3_intersection,relative_spread_bin,low,15451,-0.004292006545878913,4902,5847,4702
UA-UX,main,validation,P3_intersection,relative_spread_bin,middle,11700,-4.4583437813359734e-05,3100,5625,2975
UA-UX,main,validation,P3_intersection,l5_depth_bin,high,15445,-0.0010892274845848019,3265,8912,3268
UA-UX,main,validation,P3_intersection,l5_depth_bin,low,9873,-0.0042186378323387,3209,3771,2893
UA-UX,main,validation,P3_intersection,l5_depth_bin,middle,17732,-0.001917412346026935,4372,9107,4253
UA-UX,main,development_holdout,P0_legacy,origin_bucket,09:00–:59,16038,-0.006778171773284427,6074,4232,5732
UA-UX,main,development_holdout,P0_legacy,origin_bucket,10:00–:59,16038,-0.003852468273499792,4751,6890,4397
UA-UX,main,development_holdout,P0_legacy,origin_bucket,11:00–:59,16038,-0.0051860069003355465,3886,8410,3742
UA-UX,main,development_holdout,P0_legacy,origin_bucket,12:00–:59,16038,-0.003567385358706043,3248,9560,3230
UA-UX,main,development_holdout,P0_legacy,origin_bucket,13:00–:59,16038,-0.004297031658324333,3466,9034,3538
UA-UX,main,development_holdout,P0_legacy,origin_bucket,14:00–:59,16038,-0.0030148567956324087,3716,8415,3907
UA-UX,main,development_holdout,P0_legacy,origin_bucket,15:00–:59,5346,-0.010372507979014633,659,3924,763
UA-UX,main,development_holdout,P0_legacy,relative_spread_bin,high,37038,-0.0025746949779182457,7297,22453,7288
UA-UX,main,development_holdout,P0_legacy,relative_spread_bin,invalid,1033,-0.12560928239080751,300,469,264
UA-UX,main,development_holdout,P0_legacy,relative_spread_bin,low,32535,-0.004744174988885002,10295,12271,9969
UA-UX,main,development_holdout,P0_legacy,relative_spread_bin,middle,30968,-0.003362597850555126,7908,15272,7788
UA-UX,main,development_holdout,P0_legacy,l5_depth_bin,high,38314,-0.004095683981098491,8514,21617,8183
UA-UX,main,development_holdout,P0_legacy,l5_depth_bin,invalid,1030,-0.11001979756338437,300,466,264
UA-UX,main,development_holdout,P0_legacy,l5_depth_bin,low,23501,-0.0034645345736849698,7581,8467,7453
UA-UX,main,development_holdout,P0_legacy,l5_depth_bin,middle,38729,-0.003406701702676053,9405,19915,9409
UA-UX,main,development_holdout,P1_valid_cache_endpoints,origin_bucket,09:00–:59,15543,-0.0022351626355365337,5992,3903,5648
UA-UX,main,development_holdout,P1_valid_cache_endpoints,origin_bucket,10:00–:59,15722,-0.002445831177417268,4692,6682,4348
UA-UX,main,development_holdout,P1_valid_cache_endpoints,origin_bucket,11:00–:59,15784,-0.004968472280405727,3834,8240,3710
UA-UX,main,development_holdout,P1_valid_cache_endpoints,origin_bucket,12:00–:59,15750,-0.003245622901476916,3206,9357,3187
UA-UX,main,development_holdout,P1_valid_cache_endpoints,origin_bucket,13:00–:59,15825,-0.003609905100534641,3428,8890,3507
UA-UX,main,development_holdout,P1_valid_cache_endpoints,origin_bucket,14:00–:59,15881,-0.0025144262318826586,3688,8309,3884
UA-UX,main,development_holdout,P1_valid_cache_endpoints,origin_bucket,15:00–:59,2651,0.007937015639457463,656,1234,761
UA-UX,main,development_holdout,P1_valid_cache_endpoints,relative_spread_bin,high,35858,-0.0027448074414560364,7295,21275,7288
UA-UX,main,development_holdout,P1_valid_cache_endpoints,relative_spread_bin,low,31333,-0.003401633327684208,10294,11070,9969
UA-UX,main,development_holdout,P1_valid_cache_endpoints,relative_spread_bin,middle,29965,-0.002461073193389341,7907,14270,7788
UA-UX,main,development_holdout,P1_valid_cache_endpoints,l5_depth_bin,high,37125,-0.003886151774098681,8513,20429,8183
UA-UX,main,development_holdout,P1_valid_cache_endpoints,l5_depth_bin,low,22471,-0.0014347428262851236,7581,7437,7453
UA-UX,main,development_holdout,P1_valid_cache_endpoints,l5_depth_bin,middle,37560,-0.0027220247568984267,9402,18749,9409
UA-UX,main,development_holdout,P2_candidate_clock,origin_bucket,09:00–:59,13365,-0.008413769659044133,4799,3877,4689
UA-UX,main,development_holdout,P2_candidate_clock,origin_bucket,10:00–:59,16038,-0.003852468273499792,4751,6890,4397
UA-UX,main,development_holdout,P2_candidate_clock,origin_bucket,11:00–:59,16038,-0.0051860069003355465,3886,8410,3742
UA-UX,main,development_holdout,P2_candidate_clock,origin_bucket,12:00–:59,16038,-0.003567385358706043,3248,9560,3230
UA-UX,main,development_holdout,P2_candidate_clock,origin_bucket,13:00–:59,16038,-0.004297031658324333,3466,9034,3538
UA-UX,main,development_holdout,P2_candidate_clock,origin_bucket,14:00–:59,10692,-0.0039064582147262696,2423,5660,2609
UA-UX,main,development_holdout,P2_candidate_clock,relative_spread_bin,high,31850,-0.003238831332182602,6143,19474,6233
UA-UX,main,development_holdout,P2_candidate_clock,relative_spread_bin,invalid,971,-0.10635567167738862,291,429,251
UA-UX,main,development_holdout,P2_candidate_clock,relative_spread_bin,low,28387,-0.003911278857344173,9132,10403,8852
UA-UX,main,development_holdout,P2_candidate_clock,relative_spread_bin,middle,27001,-0.003994254273171113,7007,13125,6869
UA-UX,main,development_holdout,P2_candidate_clock,l5_depth_bin,high,33417,-0.0049188372440191735,7596,18500,7321
UA-UX,main,development_holdout,P2_candidate_clock,l5_depth_bin,invalid,968,-0.08970801650756827,291,426,251
UA-UX,main,development_holdout,P2_candidate_clock,l5_depth_bin,low,19735,-0.0029295405051834498,6208,7301,6226
UA-UX,main,development_holdout,P2_candidate_clock,l5_depth_bin,middle,34089,-0.003411125044723293,8478,17204,8407
UA-UX,main,development_holdout,P3_intersection,origin_bucket,09:00–:59,12926,-0.0037263675199884667,4717,3604,4605
UA-UX,main,development_holdout,P3_intersection,origin_bucket,10:00–:59,15722,-0.002445831177417268,4692,6682,4348
UA-UX,main,development_holdout,P3_intersection,origin_bucket,11:00–:59,15784,-0.004968472280405727,3834,8240,3710
UA-UX,main,development_holdout,P3_intersection,origin_bucket,12:00–:59,15750,-0.003245622901476916,3206,9357,3187
UA-UX,main,development_holdout,P3_intersection,origin_bucket,13:00–:59,15825,-0.003609905100534641,3428,8890,3507
UA-UX,main,development_holdout,P3_intersection,origin_bucket,14:00–:59,10581,-0.0033881290417897584,2402,5582,2597
UA-UX,main,development_holdout,P3_intersection,relative_spread_bin,high,31681,-0.0030397632312656464,6142,19306,6233
UA-UX,main,development_holdout,P3_intersection,relative_spread_bin,low,28072,-0.004188335430751771,9131,10089,8852
UA-UX,main,development_holdout,P3_intersection,relative_spread_bin,middle,26835,-0.0035498476606021278,7006,12960,6869
UA-UX,main,development_holdout,P3_intersection,l5_depth_bin,high,33406,-0.004943437014746047,7596,18489,7321
UA-UX,main,development_holdout,P3_intersection,l5_depth_bin,low,19219,-0.0015196545659935526,6208,6785,6226
UA-UX,main,development_holdout,P3_intersection,l5_depth_bin,middle,33963,-0.003379888558007602,8475,17081,8407
UA-U1,main,validation,P0_legacy,origin_bucket,09:00–:59,7938,-0.021736009418069264,2864,2418,2656
UA-U1,main,validation,P0_legacy,origin_bucket,10:00–:59,7938,-0.0019181669992904393,2261,3518,2159
UA-U1,main,validation,P0_legacy,origin_bucket,11:00–:59,7938,-0.005832728029783544,1890,4335,1713
UA-U1,main,validation,P0_legacy,origin_bucket,12:00–:59,7938,-0.0032068012329709993,1590,4804,1544
UA-U1,main,validation,P0_legacy,origin_bucket,13:00–:59,7938,-0.0027979130500487143,1712,4516,1710
UA-U1,main,validation,P0_legacy,origin_bucket,14:00–:59,7938,-0.004712606406198612,1802,4315,1821
UA-U1,main,validation,P0_legacy,origin_bucket,15:00–:59,2646,-0.02633005290707637,313,2000,333
UA-U1,main,validation,P0_legacy,relative_spread_bin,high,18571,-0.005353955921833155,3350,12017,3204
UA-U1,main,validation,P0_legacy,relative_spread_bin,invalid,440,-0.4153178237746027,91,271,78
UA-U1,main,validation,P0_legacy,relative_spread_bin,low,17829,-0.005313146474087477,5494,7047,5288
UA-U1,main,validation,P0_legacy,relative_spread_bin,middle,13434,-0.0008868700873059318,3497,6571,3366
UA-U1,main,validation,P0_legacy,l5_depth_bin,high,17791,-0.0035767683054352983,3651,10487,3653
UA-U1,main,validation,P0_legacy,l5_depth_bin,invalid,436,-0.40772148415183646,91,267,78
UA-U1,main,validation,P0_legacy,l5_depth_bin,low,11790,-0.005335812912276943,3820,4508,3462
UA-U1,main,validation,P0_legacy,l5_depth_bin,middle,20257,-0.004171415948887643,4870,10644,4743
UA-U1,main,validation,P1_valid_cache_endpoints,origin_bucket,09:00–:59,7595,1.084157872170462e-05,2832,2136,2627
UA-U1,main,validation,P1_valid_cache_endpoints,origin_bucket,10:00–:59,7828,-0.00156460493428239,2236,3450,2142
UA-U1,main,validation,P1_valid_cache_endpoints,origin_bucket,11:00–:59,7863,-0.005668899138960405,1876,4288,1699
UA-U1,main,validation,P1_valid_cache_endpoints,origin_bucket,12:00–:59,7866,-0.0029592424052515905,1579,4751,1536
UA-U1,main,validation,P1_valid_cache_endpoints,origin_bucket,13:00–:59,7889,-0.002506119631452673,1706,4480,1703
UA-U1,main,validation,P1_valid_cache_endpoints,origin_bucket,14:00–:59,7920,-0.004554720077909113,1799,4303,1818
UA-U1,main,validation,P1_valid_cache_endpoints,origin_bucket,15:00–:59,1319,-7.712536624119124e-05,313,673,333
UA-U1,main,validation,P1_valid_cache_endpoints,relative_spread_bin,high,17990,-0.004837131256140956,3350,11436,3204
UA-U1,main,validation,P1_valid_cache_endpoints,relative_spread_bin,low,17222,-0.0029143591077731824,5494,6440,5288
UA-U1,main,validation,P1_valid_cache_endpoints,relative_spread_bin,middle,13068,9.548931587674003e-05,3497,6205,3366
UA-U1,main,validation,P1_valid_cache_endpoints,l5_depth_bin,high,17191,-0.0025642836080542694,3651,9887,3653
UA-U1,main,validation,P1_valid_cache_endpoints,l5_depth_bin,low,11443,-0.0032194807235815795,3820,4161,3462
UA-U1,main,validation,P1_valid_cache_endpoints,l5_depth_bin,middle,19646,-0.0028015938127946343,4870,10033,4743
UA-U1,main,validation,P2_candidate_clock,origin_bucket,09:00–:59,6615,-0.02401303606190861,2309,2163,2143
UA-U1,main,validation,P2_candidate_clock,origin_bucket,10:00–:59,7938,-0.0019181669992904393,2261,3518,2159
UA-U1,main,validation,P2_candidate_clock,origin_bucket,11:00–:59,7938,-0.005832728029783544,1890,4335,1713
UA-U1,main,validation,P2_candidate_clock,origin_bucket,12:00–:59,7938,-0.0032068012329709993,1590,4804,1544
UA-U1,main,validation,P2_candidate_clock,origin_bucket,13:00–:59,7938,-0.0027979130500487143,1712,4516,1710
UA-U1,main,validation,P2_candidate_clock,origin_bucket,14:00–:59,5292,-0.007447613282589159,1175,2895,1222
UA-U1,main,validation,P2_candidate_clock,relative_spread_bin,high,15970,-0.005818455222344602,2844,10389,2737
UA-U1,main,validation,P2_candidate_clock,relative_spread_bin,invalid,406,-0.37332281237609816,91,238,77
UA-U1,main,validation,P2_candidate_clock,relative_spread_bin,low,15578,-0.0035839362420221933,4902,5974,4702
UA-U1,main,validation,P2_candidate_clock,relative_spread_bin,middle,11705,-0.0006091994238894665,3100,5630,2975
UA-U1,main,validation,P2_candidate_clock,l5_depth_bin,high,15466,-0.0036995059232100393,3265,8933,3268
UA-U1,main,validation,P2_candidate_clock,l5_depth_bin,invalid,404,-0.37126654226257166,91,236,77
UA-U1,main,validation,P2_candidate_clock,l5_depth_bin,low,10023,-0.004316208239090073,3209,3921,2893
UA-U1,main,validation,P2_candidate_clock,l5_depth_bin,middle,17766,-0.003207330456914435,4372,9141,4253
UA-U1,main,validation,P3_intersection,origin_bucket,09:00–:59,6326,-0.0015921881461887666,2277,1935,2114
UA-U1,main,validation,P3_intersection,origin_bucket,10:00–:59,7828,-0.00156460493428239,2236,3450,2142
UA-U1,main,validation,P3_intersection,origin_bucket,11:00–:59,7863,-0.005668899138960405,1876,4288,1699
UA-U1,main,validation,P3_intersection,origin_bucket,12:00–:59,7866,-0.0029592424052515905,1579,4751,1536
UA-U1,main,validation,P3_intersection,origin_bucket,13:00–:59,7889,-0.002506119631452673,1706,4480,1703
UA-U1,main,validation,P3_intersection,origin_bucket,14:00–:59,5278,-0.007267002757739256,1172,2886,1220
UA-U1,main,validation,P3_intersection,relative_spread_bin,high,15899,-0.005781018732901424,2844,10318,2737
UA-U1,main,validation,P3_intersection,relative_spread_bin,low,15451,-0.0032029896368647066,4902,5847,4702
UA-U1,main,validation,P3_intersection,relative_spread_bin,middle,11700,-0.0005894079437597402,3100,5625,2975
UA-U1,main,validation,P3_intersection,l5_depth_bin,high,15445,-0.003689131394195018,3265,8912,3268
UA-U1,main,validation,P3_intersection,l5_depth_bin,low,9873,-0.0035584127616837638,3209,3771,2893
UA-U1,main,validation,P3_intersection,l5_depth_bin,middle,17732,-0.003168680299804839,4372,9107,4253
UA-U1,main,development_holdout,P0_legacy,origin_bucket,09:00–:59,16038,-0.0021387015218858646,6074,4232,5732
UA-U1,main,development_holdout,P0_legacy,origin_bucket,10:00–:59,16038,-0.003158437722080716,4751,6890,4397
UA-U1,main,development_holdout,P0_legacy,origin_bucket,11:00–:59,16038,-0.005179231814256852,3886,8410,3742
UA-U1,main,development_holdout,P0_legacy,origin_bucket,12:00–:59,16038,-0.0028956742167729334,3248,9560,3230
UA-U1,main,development_holdout,P0_legacy,origin_bucket,13:00–:59,16038,-0.00393196243821659,3466,9034,3538
UA-U1,main,development_holdout,P0_legacy,origin_bucket,14:00–:59,16038,-0.0035046134864640185,3716,8415,3907
UA-U1,main,development_holdout,P0_legacy,origin_bucket,15:00–:59,5346,-0.013549455337199173,659,3924,763
UA-U1,main,development_holdout,P0_legacy,relative_spread_bin,high,37038,-0.0029517589273790864,7297,22453,7288
UA-U1,main,development_holdout,P0_legacy,relative_spread_bin,invalid,1033,-0.036089481232709074,300,469,264
UA-U1,main,development_holdout,P0_legacy,relative_spread_bin,low,32535,-0.004420130193390993,10295,12271,9969
UA-U1,main,development_holdout,P0_legacy,relative_spread_bin,middle,30968,-0.003737646535955021,7908,15272,7788
UA-U1,main,development_holdout,P0_legacy,l5_depth_bin,high,38314,-0.0037617029038523853,8514,21617,8183
UA-U1,main,development_holdout,P0_legacy,l5_depth_bin,invalid,1030,-0.03604610556454532,300,466,264
UA-U1,main,development_holdout,P0_legacy,l5_depth_bin,low,23501,-0.0027978957961705734,7581,8467,7453
UA-U1,main,development_holdout,P0_legacy,l5_depth_bin,middle,38729,-0.004109513081608081,9405,19915,9409
UA-U1,main,development_holdout,P1_valid_cache_endpoints,origin_bucket,09:00–:59,15543,-0.0029276246593868157,5992,3903,5648
UA-U1,main,development_holdout,P1_valid_cache_endpoints,origin_bucket,10:00–:59,15722,-0.002580917036056845,4692,6682,4348
UA-U1,main,development_holdout,P1_valid_cache_endpoints,origin_bucket,11:00–:59,15784,-0.004365572942377501,3834,8240,3710
UA-U1,main,development_holdout,P1_valid_cache_endpoints,origin_bucket,12:00–:59,15750,-0.0018901014745074205,3206,9357,3187
UA-U1,main,development_holdout,P1_valid_cache_endpoints,origin_bucket,13:00–:59,15825,-0.003266275311981122,3428,8890,3507
UA-U1,main,development_holdout,P1_valid_cache_endpoints,origin_bucket,14:00–:59,15881,-0.002716967816104475,3688,8309,3884
UA-U1,main,development_holdout,P1_valid_cache_endpoints,origin_bucket,15:00–:59,2651,0.00609731096866913,656,1234,761
UA-U1,main,development_holdout,P1_valid_cache_endpoints,relative_spread_bin,high,35858,-0.0029721983246521902,7295,21275,7288
UA-U1,main,development_holdout,P1_valid_cache_endpoints,relative_spread_bin,low,31333,-0.0023050941921080297,10294,11070,9969
UA-U1,main,development_holdout,P1_valid_cache_endpoints,relative_spread_bin,middle,29965,-0.002824193116727139,7907,14270,7788
UA-U1,main,development_holdout,P1_valid_cache_endpoints,l5_depth_bin,high,37125,-0.0034126209714059733,8513,20429,8183
UA-U1,main,development_holdout,P1_valid_cache_endpoints,l5_depth_bin,low,22471,-0.0003405353648263237,7581,7437,7453
UA-U1,main,development_holdout,P1_valid_cache_endpoints,l5_depth_bin,middle,37560,-0.0034367366039129072,9402,18749,9409
UA-U1,main,development_holdout,P2_candidate_clock,origin_bucket,09:00–:59,13365,-0.005516332655947727,4799,3877,4689
UA-U1,main,development_holdout,P2_candidate_clock,origin_bucket,10:00–:59,16038,-0.003158437722080716,4751,6890,4397
UA-U1,main,development_holdout,P2_candidate_clock,origin_bucket,11:00–:59,16038,-0.005179231814256852,3886,8410,3742
UA-U1,main,development_holdout,P2_candidate_clock,origin_bucket,12:00–:59,16038,-0.0028956742167729334,3248,9560,3230
UA-U1,main,development_holdout,P2_candidate_clock,origin_bucket,13:00–:59,16038,-0.00393196243821659,3466,9034,3538
UA-U1,main,development_holdout,P2_candidate_clock,origin_bucket,14:00–:59,10692,-0.0041749536485666235,2423,5660,2609
UA-U1,main,development_holdout,P2_candidate_clock,relative_spread_bin,high,31850,-0.0038481852326089755,6143,19474,6233
UA-U1,main,development_holdout,P2_candidate_clock,relative_spread_bin,invalid,971,-0.03639132592094252,291,429,251
UA-U1,main,development_holdout,P2_candidate_clock,relative_spread_bin,low,28387,-0.003433267715523311,9132,10403,8852
UA-U1,main,development_holdout,P2_candidate_clock,relative_spread_bin,middle,27001,-0.003934103303037973,7007,13125,6869
UA-U1,main,development_holdout,P2_candidate_clock,l5_depth_bin,high,33417,-0.004147368840379616,7596,18500,7321
UA-U1,main,development_holdout,P2_candidate_clock,l5_depth_bin,invalid,968,-0.03634610752823183,291,426,251
UA-U1,main,development_holdout,P2_candidate_clock,l5_depth_bin,low,19735,-0.002553764008642839,6208,7301,6226
UA-U1,main,development_holdout,P2_candidate_clock,l5_depth_bin,middle,34089,-0.004030959597431991,8478,17204,8407
UA-U1,main,development_holdout,P3_intersection,origin_bucket,09:00–:59,12926,-0.00512165898040035,4717,3604,4605
UA-U1,main,development_holdout,P3_intersection,origin_bucket,10:00–:59,15722,-0.002580917036056845,4692,6682,4348
UA-U1,main,development_holdout,P3_intersection,origin_bucket,11:00–:59,15784,-0.004365572942377501,3834,8240,3710
UA-U1,main,development_holdout,P3_intersection,origin_bucket,12:00–:59,15750,-0.0018901014745074205,3206,9357,3187
UA-U1,main,development_holdout,P3_intersection,origin_bucket,13:00–:59,15825,-0.003266275311981122,3428,8890,3507
UA-U1,main,development_holdout,P3_intersection,origin_bucket,14:00–:59,10581,-0.0032311105550402353,2402,5582,2597
UA-U1,main,development_holdout,P3_intersection,relative_spread_bin,high,31681,-0.003684537537582694,6142,19306,6233
UA-U1,main,development_holdout,P3_intersection,relative_spread_bin,low,28072,-0.002820781094608187,9131,10089,8852
UA-U1,main,development_holdout,P3_intersection,relative_spread_bin,middle,26835,-0.0035557082223403222,7006,12960,6869
UA-U1,main,development_holdout,P3_intersection,l5_depth_bin,high,33406,-0.0041622945605322365,7596,18489,7321
UA-U1,main,development_holdout,P3_intersection,l5_depth_bin,low,19219,-0.0007814387826172965,6208,6785,6226
UA-U1,main,development_holdout,P3_intersection,l5_depth_bin,middle,33963,-0.004041696749705244,8475,17081,8407
UA-GRU_U1,main,validation,P0_legacy,origin_bucket,09:00–:59,7938,-0.021196562222488495,2864,2418,2656
UA-GRU_U1,main,validation,P0_legacy,origin_bucket,10:00–:59,7938,0.0003269119112722194,2261,3518,2159
UA-GRU_U1,main,validation,P0_legacy,origin_bucket,11:00–:59,7938,0.0010058638947967279,1890,4335,1713
UA-GRU_U1,main,validation,P0_legacy,origin_bucket,12:00–:59,7938,0.0047700699952488235,1590,4804,1544
UA-GRU_U1,main,validation,P0_legacy,origin_bucket,13:00–:59,7938,0.00671883764370296,1712,4516,1710
UA-GRU_U1,main,validation,P0_legacy,origin_bucket,14:00–:59,7938,0.007749780606724446,1802,4315,1821
UA-GRU_U1,main,validation,P0_legacy,origin_bucket,15:00–:59,2646,-0.08947002607260159,313,2000,333
UA-GRU_U1,main,validation,P0_legacy,relative_spread_bin,high,18571,0.0022017893231744586,3350,12017,3204
UA-GRU_U1,main,validation,P0_legacy,relative_spread_bin,invalid,440,-0.4573605740307566,91,271,78
UA-GRU_U1,main,validation,P0_legacy,relative_spread_bin,low,17829,-0.003102987313829534,5494,7047,5288
UA-GRU_U1,main,validation,P0_legacy,relative_spread_bin,middle,13434,-0.0019374225395516914,3497,6571,3366
UA-GRU_U1,main,validation,P0_legacy,l5_depth_bin,high,17791,-0.0005595319995764365,3651,10487,3653
UA-GRU_U1,main,validation,P0_legacy,l5_depth_bin,invalid,436,-0.4606121368970032,91,267,78
UA-GRU_U1,main,validation,P0_legacy,l5_depth_bin,low,11790,-0.0007821787982085009,3820,4508,3462
UA-GRU_U1,main,validation,P0_legacy,l5_depth_bin,middle,20257,-0.0010710522162723118,4870,10644,4743
UA-GRU_U1,main,validation,P1_valid_cache_endpoints,origin_bucket,09:00–:59,7595,0.002197830603455318,2832,2136,2627
UA-GRU_U1,main,validation,P1_valid_cache_endpoints,origin_bucket,10:00–:59,7828,0.0008307939331960269,2236,3450,2142
UA-GRU_U1,main,validation,P1_valid_cache_endpoints,origin_bucket,11:00–:59,7863,0.0011807047069301141,1876,4288,1699
UA-GRU_U1,main,validation,P1_valid_cache_endpoints,origin_bucket,12:00–:59,7866,0.0046786541893209,1579,4751,1536
UA-GRU_U1,main,validation,P1_valid_cache_endpoints,origin_bucket,13:00–:59,7889,0.006337498671578685,1706,4480,1703
UA-GRU_U1,main,validation,P1_valid_cache_endpoints,origin_bucket,14:00–:59,7920,0.007748497417791348,1799,4303,1818
UA-GRU_U1,main,validation,P1_valid_cache_endpoints,origin_bucket,15:00–:59,1319,0.02044480251307024,313,673,333
UA-GRU_U1,main,validation,P1_valid_cache_endpoints,relative_spread_bin,high,17990,0.004802671558640424,3350,11436,3204
UA-GRU_U1,main,validation,P1_valid_cache_endpoints,relative_spread_bin,low,17222,0.004499655381316325,5494,6440,5288
UA-GRU_U1,main,validation,P1_valid_cache_endpoints,relative_spread_bin,middle,13068,0.003345603617451157,3497,6205,3366
UA-GRU_U1,main,validation,P1_valid_cache_endpoints,l5_depth_bin,high,17191,0.005042157896095248,3651,9887,3653
UA-GRU_U1,main,validation,P1_valid_cache_endpoints,l5_depth_bin,low,11443,0.0024029059288190762,3820,4161,3462
UA-GRU_U1,main,validation,P1_valid_cache_endpoints,l5_depth_bin,middle,19646,0.004756046292098778,4870,10033,4743
UA-GRU_U1,main,validation,P2_candidate_clock,origin_bucket,09:00–:59,6615,-0.02714837493804561,2309,2163,2143
UA-GRU_U1,main,validation,P2_candidate_clock,origin_bucket,10:00–:59,7938,0.0003269119112722194,2261,3518,2159
UA-GRU_U1,main,validation,P2_candidate_clock,origin_bucket,11:00–:59,7938,0.0010058638947967279,1890,4335,1713
UA-GRU_U1,main,validation,P2_candidate_clock,origin_bucket,12:00–:59,7938,0.0047700699952488235,1590,4804,1544
UA-GRU_U1,main,validation,P2_candidate_clock,origin_bucket,13:00–:59,7938,0.00671883764370296,1712,4516,1710
UA-GRU_U1,main,validation,P2_candidate_clock,origin_bucket,14:00–:59,5292,0.00880627306361356,1175,2895,1222
UA-GRU_U1,main,validation,P2_candidate_clock,relative_spread_bin,high,15970,0.003244831026580416,2844,10389,2737
UA-GRU_U1,main,validation,P2_candidate_clock,relative_spread_bin,invalid,406,-0.42843790083270245,91,238,77
UA-GRU_U1,main,validation,P2_candidate_clock,relative_spread_bin,low,15578,0.004207688117398077,4902,5974,4702
UA-GRU_U1,main,validation,P2_candidate_clock,relative_spread_bin,middle,11705,0.0021677309504319953,3100,5630,2975
UA-GRU_U1,main,validation,P2_candidate_clock,l5_depth_bin,high,15466,0.003127987735857584,3265,8933,3268
UA-GRU_U1,main,validation,P2_candidate_clock,l5_depth_bin,invalid,404,-0.4318369918935983,91,236,77
UA-GRU_U1,main,validation,P2_candidate_clock,l5_depth_bin,low,10023,0.002258782647079491,3209,3921,2893
UA-GRU_U1,main,validation,P2_candidate_clock,l5_depth_bin,middle,17766,0.004066178540729955,4372,9141,4253
UA-GRU_U1,main,validation,P3_intersection,origin_bucket,09:00–:59,6326,-0.0001638328240277003,2277,1935,2114
UA-GRU_U1,main,validation,P3_intersection,origin_bucket,10:00–:59,7828,0.0008307939331960269,2236,3450,2142
UA-GRU_U1,main,validation,P3_intersection,origin_bucket,11:00–:59,7863,0.0011807047069301141,1876,4288,1699
UA-GRU_U1,main,validation,P3_intersection,origin_bucket,12:00–:59,7866,0.0046786541893209,1579,4751,1536
UA-GRU_U1,main,validation,P3_intersection,origin_bucket,13:00–:59,7889,0.006337498671578685,1706,4480,1703
UA-GRU_U1,main,validation,P3_intersection,origin_bucket,14:00–:59,5278,0.008790445647852389,1172,2886,1220
UA-GRU_U1,main,validation,P3_intersection,relative_spread_bin,high,15899,0.003469439814218457,2844,10318,2737
UA-GRU_U1,main,validation,P3_intersection,relative_spread_bin,low,15451,0.004339297667381088,4902,5847,4702
UA-GRU_U1,main,validation,P3_intersection,relative_spread_bin,middle,11700,0.002199881257481511,3100,5625,2975
UA-GRU_U1,main,validation,P3_intersection,l5_depth_bin,high,15445,0.003168468530706,3265,8912,3268
UA-GRU_U1,main,validation,P3_intersection,l5_depth_bin,low,9873,0.0024227410799085953,3209,3771,2893
UA-GRU_U1,main,validation,P3_intersection,l5_depth_bin,middle,17732,0.004234660694721767,4372,9107,4253
UA-GRU_U1,main,development_holdout,P0_legacy,origin_bucket,09:00–:59,16038,-0.00512682962074117,6074,4232,5732
UA-GRU_U1,main,development_holdout,P0_legacy,origin_bucket,10:00–:59,16038,0.0004931919127741347,4751,6890,4397
UA-GRU_U1,main,development_holdout,P0_legacy,origin_bucket,11:00–:59,16038,0.0006991038559731231,3886,8410,3742
UA-GRU_U1,main,development_holdout,P0_legacy,origin_bucket,12:00–:59,16038,0.006339710898213246,3248,9560,3230
UA-GRU_U1,main,development_holdout,P0_legacy,origin_bucket,13:00–:59,16038,0.004621197986039093,3466,9034,3538
UA-GRU_U1,main,development_holdout,P0_legacy,origin_bucket,14:00–:59,16038,0.010996507284630695,3716,8415,3907
UA-GRU_U1,main,development_holdout,P0_legacy,origin_bucket,15:00–:59,5346,-0.07205975535268283,659,3924,763
UA-GRU_U1,main,development_holdout,P0_legacy,relative_spread_bin,high,37038,0.000531438682094972,7297,22453,7288
UA-GRU_U1,main,development_holdout,P0_legacy,relative_spread_bin,invalid,1033,-0.005732934370820649,300,469,264
UA-GRU_U1,main,development_holdout,P0_legacy,relative_spread_bin,low,32535,-0.0032638942592018954,10295,12271,9969
UA-GRU_U1,main,development_holdout,P0_legacy,relative_spread_bin,middle,30968,-0.00012112407957946253,7908,15272,7788
UA-GRU_U1,main,development_holdout,P0_legacy,l5_depth_bin,high,38314,-0.0009837249826138842,8514,21617,8183
UA-GRU_U1,main,development_holdout,P0_legacy,l5_depth_bin,invalid,1030,-0.00411727596156428,300,466,264
UA-GRU_U1,main,development_holdout,P0_legacy,l5_depth_bin,low,23501,-0.0006541837694262652,7581,8467,7453
UA-GRU_U1,main,development_holdout,P0_legacy,l5_depth_bin,middle,38729,-0.001003776486033938,9405,19915,9409
UA-GRU_U1,main,development_holdout,P1_valid_cache_endpoints,origin_bucket,09:00–:59,15543,-0.007278873620239849,5992,3903,5648
UA-GRU_U1,main,development_holdout,P1_valid_cache_endpoints,origin_bucket,10:00–:59,15722,0.0005147236217737405,4692,6682,4348
UA-GRU_U1,main,development_holdout,P1_valid_cache_endpoints,origin_bucket,11:00–:59,15784,0.0004271181363185416,3834,8240,3710
UA-GRU_U1,main,development_holdout,P1_valid_cache_endpoints,origin_bucket,12:00–:59,15750,0.006482973309145237,3206,9357,3187
UA-GRU_U1,main,development_holdout,P1_valid_cache_endpoints,origin_bucket,13:00–:59,15825,0.004458031616471969,3428,8890,3507
UA-GRU_U1,main,development_holdout,P1_valid_cache_endpoints,origin_bucket,14:00–:59,15881,0.011036247155982499,3688,8309,3884
UA-GRU_U1,main,development_holdout,P1_valid_cache_endpoints,origin_bucket,15:00–:59,2651,0.029975733836430478,656,1234,761
UA-GRU_U1,main,development_holdout,P1_valid_cache_endpoints,relative_spread_bin,high,35858,0.002579588681516762,7295,21275,7288
UA-GRU_U1,main,development_holdout,P1_valid_cache_endpoints,relative_spread_bin,low,31333,0.0037930003716242005,10294,11070,9969
UA-GRU_U1,main,development_holdout,P1_valid_cache_endpoints,relative_spread_bin,middle,29965,0.003929287656068852,7907,14270,7788
UA-GRU_U1,main,development_holdout,P1_valid_cache_endpoints,l5_depth_bin,high,37125,0.0032983658975416323,8513,20429,8183
UA-GRU_U1,main,development_holdout,P1_valid_cache_endpoints,l5_depth_bin,low,22471,0.0036801691453271206,7581,7437,7453
UA-GRU_U1,main,development_holdout,P1_valid_cache_endpoints,l5_depth_bin,middle,37560,0.0032997114320860873,9402,18749,9409
UA-GRU_U1,main,development_holdout,P2_candidate_clock,origin_bucket,09:00–:59,13365,-0.006537846466514142,4799,3877,4689
UA-GRU_U1,main,development_holdout,P2_candidate_clock,origin_bucket,10:00–:59,16038,0.0004931919127741347,4751,6890,4397
UA-GRU_U1,main,development_holdout,P2_candidate_clock,origin_bucket,11:00–:59,16038,0.0006991038559731231,3886,8410,3742
UA-GRU_U1,main,development_holdout,P2_candidate_clock,origin_bucket,12:00–:59,16038,0.006339710898213246,3248,9560,3230
UA-GRU_U1,main,development_holdout,P2_candidate_clock,origin_bucket,13:00–:59,16038,0.004621197986039093,3466,9034,3538
UA-GRU_U1,main,development_holdout,P2_candidate_clock,origin_bucket,14:00–:59,10692,0.009454949402945254,2423,5660,2609
UA-GRU_U1,main,development_holdout,P2_candidate_clock,relative_spread_bin,high,31850,0.0012683871868217778,6143,19474,6233
UA-GRU_U1,main,development_holdout,P2_candidate_clock,relative_spread_bin,invalid,971,-0.004257774088882009,291,429,251
UA-GRU_U1,main,development_holdout,P2_candidate_clock,relative_spread_bin,low,28387,0.0032147648251239897,9132,10403,8852
UA-GRU_U1,main,development_holdout,P2_candidate_clock,relative_spread_bin,middle,27001,0.003003804854093284,7007,13125,6869
UA-GRU_U1,main,development_holdout,P2_candidate_clock,l5_depth_bin,high,33417,0.0014456064024132439,7596,18500,7321
UA-GRU_U1,main,development_holdout,P2_candidate_clock,l5_depth_bin,invalid,968,-0.002534061648406929,291,426,251
UA-GRU_U1,main,development_holdout,P2_candidate_clock,l5_depth_bin,low,19735,0.004145385776235933,6208,7301,6226
UA-GRU_U1,main,development_holdout,P2_candidate_clock,l5_depth_bin,middle,34089,0.002375049178571827,8478,17204,8407
UA-GRU_U1,main,development_holdout,P3_intersection,origin_bucket,09:00–:59,12926,-0.005621130799982659,4717,3604,4605
UA-GRU_U1,main,development_holdout,P3_intersection,origin_bucket,10:00–:59,15722,0.0005147236217737405,4692,6682,4348
UA-GRU_U1,main,development_holdout,P3_intersection,origin_bucket,11:00–:59,15784,0.0004271181363185416,3834,8240,3710
UA-GRU_U1,main,development_holdout,P3_intersection,origin_bucket,12:00–:59,15750,0.006482973309145237,3206,9357,3187
UA-GRU_U1,main,development_holdout,P3_intersection,origin_bucket,13:00–:59,15825,0.004458031616471969,3428,8890,3507
UA-GRU_U1,main,development_holdout,P3_intersection,origin_bucket,14:00–:59,10581,0.0092216815295083,2402,5582,2597
UA-GRU_U1,main,development_holdout,P3_intersection,relative_spread_bin,high,31681,0.0013246689569627577,6142,19306,6233
UA-GRU_U1,main,development_holdout,P3_intersection,relative_spread_bin,low,28072,0.003373160267265779,9131,10089,8852
UA-GRU_U1,main,development_holdout,P3_intersection,relative_spread_bin,middle,26835,0.0028226935230040787,7006,12960,6869
UA-GRU_U1,main,development_holdout,P3_intersection,l5_depth_bin,high,33406,0.0014411066314200798,7596,18489,7321
UA-GRU_U1,main,development_holdout,P3_intersection,l5_depth_bin,low,19219,0.004660176680003447,6208,6785,6226
UA-GRU_U1,main,development_holdout,P3_intersection,l5_depth_bin,middle,33963,0.0021994414273129883,8475,17081,8407
UA-SHARED_QUERY,main,validation,P0_legacy,origin_bucket,09:00–:59,7938,-7.654720957285156e-05,2864,2418,2656
UA-SHARED_QUERY,main,validation,P0_legacy,origin_bucket,10:00–:59,7938,0.0005155050338405597,2261,3518,2159
UA-SHARED_QUERY,main,validation,P0_legacy,origin_bucket,11:00–:59,7938,0.0008299497049261966,1890,4335,1713
UA-SHARED_QUERY,main,validation,P0_legacy,origin_bucket,12:00–:59,7938,-3.7160569324933466e-05,1590,4804,1544
UA-SHARED_QUERY,main,validation,P0_legacy,origin_bucket,13:00–:59,7938,0.000683166107404982,1712,4516,1710
UA-SHARED_QUERY,main,validation,P0_legacy,origin_bucket,14:00–:59,7938,0.000211261486007226,1802,4315,1821
UA-SHARED_QUERY,main,validation,P0_legacy,origin_bucket,15:00–:59,2646,-0.0021954571069756606,313,2000,333
UA-SHARED_QUERY,main,validation,P0_legacy,relative_spread_bin,high,18571,0.0008767489681032861,3350,12017,3204
UA-SHARED_QUERY,main,validation,P0_legacy,relative_spread_bin,invalid,440,-0.023389584014197863,91,271,78
UA-SHARED_QUERY,main,validation,P0_legacy,relative_spread_bin,low,17829,0.00020614117548388116,5494,7047,5288
UA-SHARED_QUERY,main,validation,P0_legacy,relative_spread_bin,middle,13434,0.00010439295524692701,3497,6571,3366
UA-SHARED_QUERY,main,validation,P0_legacy,l5_depth_bin,high,17791,0.0013564443504995279,3651,10487,3653
UA-SHARED_QUERY,main,validation,P0_legacy,l5_depth_bin,invalid,436,-0.019745644472956028,91,267,78
UA-SHARED_QUERY,main,validation,P0_legacy,l5_depth_bin,low,11790,-0.0005531837347330075,3820,4508,3462
UA-SHARED_QUERY,main,validation,P0_legacy,l5_depth_bin,middle,20257,0.0001020402765395805,4870,10644,4743
UA-SHARED_QUERY,main,validation,P1_valid_cache_endpoints,origin_bucket,09:00–:59,7595,0.001535592299198024,2832,2136,2627
UA-SHARED_QUERY,main,validation,P1_valid_cache_endpoints,origin_bucket,10:00–:59,7828,0.0008455401592656831,2236,3450,2142
UA-SHARED_QUERY,main,validation,P1_valid_cache_endpoints,origin_bucket,11:00–:59,7863,0.0009942030577709488,1876,4288,1699
UA-SHARED_QUERY,main,validation,P1_valid_cache_endpoints,origin_bucket,12:00–:59,7866,7.438389889442813e-05,1579,4751,1536
UA-SHARED_QUERY,main,validation,P1_valid_cache_endpoints,origin_bucket,13:00–:59,7889,0.0007815826838744454,1706,4480,1703
UA-SHARED_QUERY,main,validation,P1_valid_cache_endpoints,origin_bucket,14:00–:59,7920,0.0002841333283781931,1799,4303,1818
UA-SHARED_QUERY,main,validation,P1_valid_cache_endpoints,origin_bucket,15:00–:59,1319,0.0010821862881673942,313,673,333
UA-SHARED_QUERY,main,validation,P1_valid_cache_endpoints,relative_spread_bin,high,17990,0.0009314919413258313,3350,11436,3204
UA-SHARED_QUERY,main,validation,P1_valid_cache_endpoints,relative_spread_bin,low,17222,0.0010023991904848132,5494,6440,5288
UA-SHARED_QUERY,main,validation,P1_valid_cache_endpoints,relative_spread_bin,middle,13068,0.00019184426507879728,3497,6205,3366
UA-SHARED_QUERY,main,validation,P1_valid_cache_endpoints,l5_depth_bin,high,17191,0.0014939786351548096,3651,9887,3653
UA-SHARED_QUERY,main,validation,P1_valid_cache_endpoints,l5_depth_bin,low,11443,0.0006790787273434611,3820,4161,3462
UA-SHARED_QUERY,main,validation,P1_valid_cache_endpoints,l5_depth_bin,middle,19646,0.00015647944340289768,4870,10033,4743
UA-SHARED_QUERY,main,validation,P2_candidate_clock,origin_bucket,09:00–:59,6615,-0.0018418054055293418,2309,2163,2143
UA-SHARED_QUERY,main,validation,P2_candidate_clock,origin_bucket,10:00–:59,7938,0.0005155050338405597,2261,3518,2159
UA-SHARED_QUERY,main,validation,P2_candidate_clock,origin_bucket,11:00–:59,7938,0.0008299497049261966,1890,4335,1713
UA-SHARED_QUERY,main,validation,P2_candidate_clock,origin_bucket,12:00–:59,7938,-3.7160569324933466e-05,1590,4804,1544
UA-SHARED_QUERY,main,validation,P2_candidate_clock,origin_bucket,13:00–:59,7938,0.000683166107404982,1712,4516,1710
UA-SHARED_QUERY,main,validation,P2_candidate_clock,origin_bucket,14:00–:59,5292,-0.00014109348744003195,1175,2895,1222
UA-SHARED_QUERY,main,validation,P2_candidate_clock,relative_spread_bin,high,15970,0.0004989081429913768,2844,10389,2737
UA-SHARED_QUERY,main,validation,P2_candidate_clock,relative_spread_bin,invalid,406,-0.021667501724460532,91,238,77
UA-SHARED_QUERY,main,validation,P2_candidate_clock,relative_spread_bin,low,15578,0.00027826961707179144,4902,5974,4702
UA-SHARED_QUERY,main,validation,P2_candidate_clock,relative_spread_bin,middle,11705,-5.360437878556046e-05,3100,5630,2975
UA-SHARED_QUERY,main,validation,P2_candidate_clock,l5_depth_bin,high,15466,0.000999548933593973,3265,8933,3268
UA-SHARED_QUERY,main,validation,P2_candidate_clock,l5_depth_bin,invalid,404,-0.01961142145692601,91,236,77
UA-SHARED_QUERY,main,validation,P2_candidate_clock,l5_depth_bin,low,10023,-0.00034437286788260136,3209,3921,2893
UA-SHARED_QUERY,main,validation,P2_candidate_clock,l5_depth_bin,middle,17766,-6.790262856457688e-05,4372,9141,4253
UA-SHARED_QUERY,main,validation,P3_intersection,origin_bucket,09:00–:59,6326,-0.0003843069415396265,2277,1935,2114
UA-SHARED_QUERY,main,validation,P3_intersection,origin_bucket,10:00–:59,7828,0.0008455401592656831,2236,3450,2142
UA-SHARED_QUERY,main,validation,P3_intersection,origin_bucket,11:00–:59,7863,0.0009942030577709488,1876,4288,1699
UA-SHARED_QUERY,main,validation,P3_intersection,origin_bucket,12:00–:59,7866,7.438389889442813e-05,1579,4751,1536
UA-SHARED_QUERY,main,validation,P3_intersection,origin_bucket,13:00–:59,7889,0.0007815826838744454,1706,4480,1703
UA-SHARED_QUERY,main,validation,P3_intersection,origin_bucket,14:00–:59,5278,-9.115776829088434e-05,1172,2886,1220
UA-SHARED_QUERY,main,validation,P3_intersection,relative_spread_bin,high,15899,0.0004948300392765814,2844,10318,2737
UA-SHARED_QUERY,main,validation,P3_intersection,relative_spread_bin,low,15451,0.0007154885365175603,4902,5847,4702
UA-SHARED_QUERY,main,validation,P3_intersection,relative_spread_bin,middle,11700,-5.5321028515927075e-05,3100,5625,2975
UA-SHARED_QUERY,main,validation,P3_intersection,l5_depth_bin,high,15445,0.000980252325341564,3265,8912,3268
UA-SHARED_QUERY,main,validation,P3_intersection,l5_depth_bin,low,9873,0.00044844725146648374,3209,3771,2893
UA-SHARED_QUERY,main,validation,P3_intersection,l5_depth_bin,middle,17732,-7.288837920562854e-05,4372,9107,4253
UA-SHARED_QUERY,main,development_holdout,P0_legacy,origin_bucket,09:00–:59,16038,0.0007546139583378492,6074,4232,5732
UA-SHARED_QUERY,main,development_holdout,P0_legacy,origin_bucket,10:00–:59,16038,0.00026427600797183096,4751,6890,4397
UA-SHARED_QUERY,main,development_holdout,P0_legacy,origin_bucket,11:00–:59,16038,-0.00020673631442736317,3886,8410,3742
UA-SHARED_QUERY,main,development_holdout,P0_legacy,origin_bucket,12:00–:59,16038,0.00010310030471796158,3248,9560,3230
UA-SHARED_QUERY,main,development_holdout,P0_legacy,origin_bucket,13:00–:59,16038,-9.142275515205479e-05,3466,9034,3538
UA-SHARED_QUERY,main,development_holdout,P0_legacy,origin_bucket,14:00–:59,16038,0.00041200600664804846,3716,8415,3907
UA-SHARED_QUERY,main,development_holdout,P0_legacy,origin_bucket,15:00–:59,5346,0.0015087551988214203,659,3924,763
UA-SHARED_QUERY,main,development_holdout,P0_legacy,relative_spread_bin,high,37038,0.0007657893632879327,7297,22453,7288
UA-SHARED_QUERY,main,development_holdout,P0_legacy,relative_spread_bin,invalid,1033,-0.009946421564665358,300,469,264
UA-SHARED_QUERY,main,development_holdout,P0_legacy,relative_spread_bin,low,32535,-0.0004815657517119269,10295,12271,9969
UA-SHARED_QUERY,main,development_holdout,P0_legacy,relative_spread_bin,middle,30968,0.0008223085509924998,7908,15272,7788
UA-SHARED_QUERY,main,development_holdout,P0_legacy,l5_depth_bin,high,38314,0.0009164719835187012,8514,21617,8183
UA-SHARED_QUERY,main,development_holdout,P0_legacy,l5_depth_bin,invalid,1030,-0.009974110756081098,300,466,264
UA-SHARED_QUERY,main,development_holdout,P0_legacy,l5_depth_bin,low,23501,-0.0010655074428288387,7581,8467,7453
UA-SHARED_QUERY,main,development_holdout,P0_legacy,l5_depth_bin,middle,38729,0.0007252002208292464,9405,19915,9409
UA-SHARED_QUERY,main,development_holdout,P1_valid_cache_endpoints,origin_bucket,09:00–:59,15543,0.0017416488326571094,5992,3903,5648
UA-SHARED_QUERY,main,development_holdout,P1_valid_cache_endpoints,origin_bucket,10:00–:59,15722,0.0005719804339510344,4692,6682,4348
UA-SHARED_QUERY,main,development_holdout,P1_valid_cache_endpoints,origin_bucket,11:00–:59,15784,0.00021450600518333753,3834,8240,3710
UA-SHARED_QUERY,main,development_holdout,P1_valid_cache_endpoints,origin_bucket,12:00–:59,15750,0.0005019665423869591,3206,9357,3187
UA-SHARED_QUERY,main,development_holdout,P1_valid_cache_endpoints,origin_bucket,13:00–:59,15825,0.00021052147723875768,3428,8890,3507
UA-SHARED_QUERY,main,development_holdout,P1_valid_cache_endpoints,origin_bucket,14:00–:59,15881,0.0006503077067828228,3688,8309,3884
UA-SHARED_QUERY,main,development_holdout,P1_valid_cache_endpoints,origin_bucket,15:00–:59,2651,0.0005574793418375794,656,1234,761
UA-SHARED_QUERY,main,development_holdout,P1_valid_cache_endpoints,relative_spread_bin,high,35858,0.0008134275626387234,7295,21275,7288
UA-SHARED_QUERY,main,development_holdout,P1_valid_cache_endpoints,relative_spread_bin,low,31333,0.00038332883699375024,10294,11070,9969
UA-SHARED_QUERY,main,development_holdout,P1_valid_cache_endpoints,relative_spread_bin,middle,29965,0.0007112647699077013,7907,14270,7788
UA-SHARED_QUERY,main,development_holdout,P1_valid_cache_endpoints,l5_depth_bin,high,37125,0.0007747243242918445,8513,20429,8183
UA-SHARED_QUERY,main,development_holdout,P1_valid_cache_endpoints,l5_depth_bin,low,22471,0.0004868923002389335,7581,7437,7453
UA-SHARED_QUERY,main,development_holdout,P1_valid_cache_endpoints,l5_depth_bin,middle,37560,0.0006067406656790463,9402,18749,9409
UA-SHARED_QUERY,main,development_holdout,P2_candidate_clock,origin_bucket,09:00–:59,13365,-0.0009219419863681816,4799,3877,4689
UA-SHARED_QUERY,main,development_holdout,P2_candidate_clock,origin_bucket,10:00–:59,16038,0.00026427600797183096,4751,6890,4397
UA-SHARED_QUERY,main,development_holdout,P2_candidate_clock,origin_bucket,11:00–:59,16038,-0.00020673631442736317,3886,8410,3742
UA-SHARED_QUERY,main,development_holdout,P2_candidate_clock,origin_bucket,12:00–:59,16038,0.00010310030471796158,3248,9560,3230
UA-SHARED_QUERY,main,development_holdout,P2_candidate_clock,origin_bucket,13:00–:59,16038,-9.142275515205479e-05,3466,9034,3538
UA-SHARED_QUERY,main,development_holdout,P2_candidate_clock,origin_bucket,14:00–:59,10692,0.000538563356154081,2423,5660,2609
UA-SHARED_QUERY,main,development_holdout,P2_candidate_clock,relative_spread_bin,high,31850,0.00046226088741509755,6143,19474,6233
UA-SHARED_QUERY,main,development_holdout,P2_candidate_clock,relative_spread_bin,invalid,971,-0.010051963953575912,291,429,251
UA-SHARED_QUERY,main,development_holdout,P2_candidate_clock,relative_spread_bin,low,28387,-0.0006527075813589697,9132,10403,8852
UA-SHARED_QUERY,main,development_holdout,P2_candidate_clock,relative_spread_bin,middle,27001,0.00030045289981783286,7007,13125,6869
UA-SHARED_QUERY,main,development_holdout,P2_candidate_clock,l5_depth_bin,high,33417,0.0006330539675558694,7596,18500,7321
UA-SHARED_QUERY,main,development_holdout,P2_candidate_clock,l5_depth_bin,invalid,968,-0.010081753720440517,291,426,251
UA-SHARED_QUERY,main,development_holdout,P2_candidate_clock,l5_depth_bin,low,19735,-0.0012088547287980366,6208,7301,6226
UA-SHARED_QUERY,main,development_holdout,P2_candidate_clock,l5_depth_bin,middle,34089,0.00020557341493132884,8478,17204,8407
UA-SHARED_QUERY,main,development_holdout,P3_intersection,origin_bucket,09:00–:59,12926,-3.484323702972907e-05,4717,3604,4605
UA-SHARED_QUERY,main,development_holdout,P3_intersection,origin_bucket,10:00–:59,15722,0.0005719804339510344,4692,6682,4348
UA-SHARED_QUERY,main,development_holdout,P3_intersection,origin_bucket,11:00–:59,15784,0.00021450600518333753,3834,8240,3710
UA-SHARED_QUERY,main,development_holdout,P3_intersection,origin_bucket,12:00–:59,15750,0.0005019665423869591,3206,9357,3187
UA-SHARED_QUERY,main,development_holdout,P3_intersection,origin_bucket,13:00–:59,15825,0.00021052147723875768,3428,8890,3507
UA-SHARED_QUERY,main,development_holdout,P3_intersection,origin_bucket,14:00–:59,10581,0.0008458764000994201,2402,5582,2597
UA-SHARED_QUERY,main,development_holdout,P3_intersection,relative_spread_bin,high,31681,0.0006067153251557239,6142,19306,6233
UA-SHARED_QUERY,main,development_holdout,P3_intersection,relative_spread_bin,low,28072,0.00011537277220148066,9131,10089,8852
UA-SHARED_QUERY,main,development_holdout,P3_intersection,relative_spread_bin,middle,26835,0.00035981577858755856,7006,12960,6869
UA-SHARED_QUERY,main,development_holdout,P3_intersection,l5_depth_bin,high,33406,0.0006356684858763307,7596,18489,7321
UA-SHARED_QUERY,main,development_holdout,P3_intersection,l5_depth_bin,low,19219,0.00019417683257065156,6208,6785,6226
UA-SHARED_QUERY,main,development_holdout,P3_intersection,l5_depth_bin,middle,33963,0.00021048561998455783,8475,17081,8407
