model,seed,family,source_job,fold,split,population,bin,lower,upper,rows,accuracy,mean_confidence,owner
GRU_U1,123,new_P3_selected,analyze_GRU_U1_123,main,development_holdout,P0_legacy,0,0.0,0.0666666666666666,0,,,a5000
GRU_U1,123,new_P3_selected,analyze_GRU_U1_123,main,development_holdout,P0_legacy,1,0.0666666666666666,0.1333333333333333,0,,,a5000
GRU_U1,123,new_P3_selected,analyze_GRU_U1_123,main,development_holdout,P0_legacy,2,0.1333333333333333,0.2,0,,,a5000
GRU_U1,123,new_P3_selected,analyze_GRU_U1_123,main,development_holdout,P0_legacy,3,0.2,0.2666666666666666,0,,,a5000
GRU_U1,123,new_P3_selected,analyze_GRU_U1_123,main,development_holdout,P0_legacy,4,0.2666666666666666,0.3333333333333333,0,,,a5000
GRU_U1,123,new_P3_selected,analyze_GRU_U1_123,main,development_holdout,P0_legacy,5,0.3333333333333333,0.4,9345,0.3874799357945425,0.3774658696470279,a5000
GRU_U1,123,new_P3_selected,analyze_GRU_U1_123,main,development_holdout,P0_legacy,6,0.4,0.4666666666666667,23623,0.4217499894170935,0.4352130472742333,a5000
GRU_U1,123,new_P3_selected,analyze_GRU_U1_123,main,development_holdout,P0_legacy,7,0.4666666666666667,0.5333333333333333,22783,0.4869859105473379,0.4980163680107542,a5000
GRU_U1,123,new_P3_selected,analyze_GRU_U1_123,main,development_holdout,P0_legacy,8,0.5333333333333333,0.6,14368,0.5487889755011136,0.5643248604644521,a5000
GRU_U1,123,new_P3_selected,analyze_GRU_U1_123,main,development_holdout,P0_legacy,9,0.6,0.6666666666666666,9718,0.6196748302119778,0.6315768154659138,a5000
GRU_U1,123,new_P3_selected,analyze_GRU_U1_123,main,development_holdout,P0_legacy,10,0.6666666666666666,0.7333333333333333,7315,0.6980177717019822,0.6987918299323679,a5000
GRU_U1,123,new_P3_selected,analyze_GRU_U1_123,main,development_holdout,P0_legacy,11,0.7333333333333333,0.8,6078,0.7522211253701876,0.7655616119978922,a5000
GRU_U1,123,new_P3_selected,analyze_GRU_U1_123,main,development_holdout,P0_legacy,12,0.8,0.8666666666666667,4747,0.832947124499684,0.8317145266576734,a5000
GRU_U1,123,new_P3_selected,analyze_GRU_U1_123,main,development_holdout,P0_legacy,13,0.8666666666666667,0.9333333333333332,3054,0.8965291421087099,0.8954244003451756,a5000
GRU_U1,123,new_P3_selected,analyze_GRU_U1_123,main,development_holdout,P0_legacy,14,0.9333333333333332,1.0,543,0.9650092081031308,0.9481223857187197,a5000
GRU_U1,123,new_P3_selected,analyze_GRU_U1_123,main,development_holdout,P1_valid_cache_endpoints,0,0.0,0.0666666666666666,0,,,a5000
GRU_U1,123,new_P3_selected,analyze_GRU_U1_123,main,development_holdout,P1_valid_cache_endpoints,1,0.0666666666666666,0.1333333333333333,0,,,a5000
GRU_U1,123,new_P3_selected,analyze_GRU_U1_123,main,development_holdout,P1_valid_cache_endpoints,2,0.1333333333333333,0.2,0,,,a5000
GRU_U1,123,new_P3_selected,analyze_GRU_U1_123,main,development_holdout,P1_valid_cache_endpoints,3,0.2,0.2666666666666666,0,,,a5000
GRU_U1,123,new_P3_selected,analyze_GRU_U1_123,main,development_holdout,P1_valid_cache_endpoints,4,0.2666666666666666,0.3333333333333333,0,,,a5000
GRU_U1,123,new_P3_selected,analyze_GRU_U1_123,main,development_holdout,P1_valid_cache_endpoints,5,0.3333333333333333,0.4,8921,0.3898666068826364,0.3774700505539275,a5000
GRU_U1,123,new_P3_selected,analyze_GRU_U1_123,main,development_holdout,P1_valid_cache_endpoints,6,0.4,0.4666666666666667,22509,0.4260073748278466,0.4351925708994764,a5000
GRU_U1,123,new_P3_selected,analyze_GRU_U1_123,main,development_holdout,P1_valid_cache_endpoints,7,0.4666666666666667,0.5333333333333333,21574,0.4896171317326411,0.4979348327287655,a5000
GRU_U1,123,new_P3_selected,analyze_GRU_U1_123,main,development_holdout,P1_valid_cache_endpoints,8,0.5333333333333333,0.6,13662,0.5494803103498755,0.5642703079196075,a5000
GRU_U1,123,new_P3_selected,analyze_GRU_U1_123,main,development_holdout,P1_valid_cache_endpoints,9,0.6,0.6666666666666666,9317,0.6170441129118815,0.6315608379140891,a5000
GRU_U1,123,new_P3_selected,analyze_GRU_U1_123,main,development_holdout,P1_valid_cache_endpoints,10,0.6666666666666666,0.7333333333333333,7064,0.6919592298980748,0.6988951522338814,a5000
GRU_U1,123,new_P3_selected,analyze_GRU_U1_123,main,development_holdout,P1_valid_cache_endpoints,11,0.7333333333333333,0.8,5924,0.7472991222147198,0.7656361800649861,a5000
GRU_U1,123,new_P3_selected,analyze_GRU_U1_123,main,development_holdout,P1_valid_cache_endpoints,12,0.8,0.8666666666666667,4649,0.8302860830286083,0.8317807622456406,a5000
GRU_U1,123,new_P3_selected,analyze_GRU_U1_123,main,development_holdout,P1_valid_cache_endpoints,13,0.8666666666666667,0.9333333333333332,3005,0.8951747088186356,0.8955198766991143,a5000
GRU_U1,123,new_P3_selected,analyze_GRU_U1_123,main,development_holdout,P1_valid_cache_endpoints,14,0.9333333333333332,1.0,531,0.9642184557438794,0.9480428755651756,a5000
GRU_U1,123,new_P3_selected,analyze_GRU_U1_123,main,development_holdout,P2_candidate_clock,0,0.0,0.0666666666666666,0,,,a5000
GRU_U1,123,new_P3_selected,analyze_GRU_U1_123,main,development_holdout,P2_candidate_clock,1,0.0666666666666666,0.1333333333333333,0,,,a5000
GRU_U1,123,new_P3_selected,analyze_GRU_U1_123,main,development_holdout,P2_candidate_clock,2,0.1333333333333333,0.2,0,,,a5000
GRU_U1,123,new_P3_selected,analyze_GRU_U1_123,main,development_holdout,P2_candidate_clock,3,0.2,0.2666666666666666,0,,,a5000
GRU_U1,123,new_P3_selected,analyze_GRU_U1_123,main,development_holdout,P2_candidate_clock,4,0.2666666666666666,0.3333333333333333,0,,,a5000
GRU_U1,123,new_P3_selected,analyze_GRU_U1_123,main,development_holdout,P2_candidate_clock,5,0.3333333333333333,0.4,8224,0.3887402723735408,0.3773986711581273,a5000
GRU_U1,123,new_P3_selected,analyze_GRU_U1_123,main,development_holdout,P2_candidate_clock,6,0.4,0.4666666666666667,19860,0.4212487411883182,0.4350856022259441,a5000
GRU_U1,123,new_P3_selected,analyze_GRU_U1_123,main,development_holdout,P2_candidate_clock,7,0.4666666666666667,0.5333333333333333,19223,0.4843156635280653,0.4981773298874926,a5000
GRU_U1,123,new_P3_selected,analyze_GRU_U1_123,main,development_holdout,P2_candidate_clock,8,0.5333333333333333,0.6,12472,0.5423348300192431,0.5642911312641868,a5000
GRU_U1,123,new_P3_selected,analyze_GRU_U1_123,main,development_holdout,P2_candidate_clock,9,0.6,0.6666666666666666,8634,0.6137363910122771,0.6316243857839464,a5000
GRU_U1,123,new_P3_selected,analyze_GRU_U1_123,main,development_holdout,P2_candidate_clock,10,0.6666666666666666,0.7333333333333333,6559,0.6888245159323068,0.6988581707773578,a5000
GRU_U1,123,new_P3_selected,analyze_GRU_U1_123,main,development_holdout,P2_candidate_clock,11,0.7333333333333333,0.8,5481,0.7458492975734355,0.7656526233436063,a5000
GRU_U1,123,new_P3_selected,analyze_GRU_U1_123,main,development_holdout,P2_candidate_clock,12,0.8,0.8666666666666667,4370,0.8299771167048055,0.8318081249120054,a5000
GRU_U1,123,new_P3_selected,analyze_GRU_U1_123,main,development_holdout,P2_candidate_clock,13,0.8666666666666667,0.9333333333333332,2892,0.8945366528354081,0.8955944750972569,a5000
GRU_U1,123,new_P3_selected,analyze_GRU_U1_123,main,development_holdout,P2_candidate_clock,14,0.9333333333333332,1.0,494,0.9635627530364372,0.9478794381818776,a5000
GRU_U1,123,new_P3_selected,analyze_GRU_U1_123,main,development_holdout,P3_intersection,0,0.0,0.0666666666666666,0,,,a5000
GRU_U1,123,new_P3_selected,analyze_GRU_U1_123,main,development_holdout,P3_intersection,1,0.0666666666666666,0.1333333333333333,0,,,a5000
GRU_U1,123,new_P3_selected,analyze_GRU_U1_123,main,development_holdout,P3_intersection,2,0.1333333333333333,0.2,0,,,a5000
GRU_U1,123,new_P3_selected,analyze_GRU_U1_123,main,development_holdout,P3_intersection,3,0.2,0.2666666666666666,0,,,a5000
GRU_U1,123,new_P3_selected,analyze_GRU_U1_123,main,development_holdout,P3_intersection,4,0.2666666666666666,0.3333333333333333,0,,,a5000
GRU_U1,123,new_P3_selected,analyze_GRU_U1_123,main,development_holdout,P3_intersection,5,0.3333333333333333,0.4,8095,0.3891290920321186,0.3774278775346316,a5000
GRU_U1,123,new_P3_selected,analyze_GRU_U1_123,main,development_holdout,P3_intersection,6,0.4,0.4666666666666667,19455,0.4239013107170393,0.4350529525865925,a5000
GRU_U1,123,new_P3_selected,analyze_GRU_U1_123,main,development_holdout,P3_intersection,7,0.4666666666666667,0.5333333333333333,18732,0.487614776852445,0.4981332832678678,a5000
GRU_U1,123,new_P3_selected,analyze_GRU_U1_123,main,development_holdout,P3_intersection,8,0.5333333333333333,0.6,12149,0.5472878426207919,0.5642961842373003,a5000
GRU_U1,123,new_P3_selected,analyze_GRU_U1_123,main,development_holdout,P3_intersection,9,0.6,0.6666666666666666,8481,0.6173800259403373,0.631618117551937,a5000
GRU_U1,123,new_P3_selected,analyze_GRU_U1_123,main,development_holdout,P3_intersection,10,0.6666666666666666,0.7333333333333333,6492,0.6893099199014171,0.6989236133039509,a5000
GRU_U1,123,new_P3_selected,analyze_GRU_U1_123,main,development_holdout,P3_intersection,11,0.7333333333333333,0.8,5454,0.7462412907957462,0.7656695868370551,a5000
GRU_U1,123,new_P3_selected,analyze_GRU_U1_123,main,development_holdout,P3_intersection,12,0.8,0.8666666666666667,4353,0.830232023891569,0.831857317325499,a5000
GRU_U1,123,new_P3_selected,analyze_GRU_U1_123,main,development_holdout,P3_intersection,13,0.8666666666666667,0.9333333333333332,2883,0.8945542837322233,0.8955812994255051,a5000
GRU_U1,123,new_P3_selected,analyze_GRU_U1_123,main,development_holdout,P3_intersection,14,0.9333333333333332,1.0,494,0.9635627530364372,0.9478794381818776,a5000
GRU_U1,123,new_P3_selected,analyze_GRU_U1_123,main,validation,P0_legacy,0,0.0,0.0666666666666666,0,,,a5000
GRU_U1,123,new_P3_selected,analyze_GRU_U1_123,main,validation,P0_legacy,1,0.0666666666666666,0.1333333333333333,0,,,a5000
GRU_U1,123,new_P3_selected,analyze_GRU_U1_123,main,validation,P0_legacy,2,0.1333333333333333,0.2,0,,,a5000
GRU_U1,123,new_P3_selected,analyze_GRU_U1_123,main,validation,P0_legacy,3,0.2,0.2666666666666666,0,,,a5000
GRU_U1,123,new_P3_selected,analyze_GRU_U1_123,main,validation,P0_legacy,4,0.2666666666666666,0.3333333333333333,0,,,a5000
GRU_U1,123,new_P3_selected,analyze_GRU_U1_123,main,validation,P0_legacy,5,0.3333333333333333,0.4,4480,0.3765625,0.3774452488207456,a5000
GRU_U1,123,new_P3_selected,analyze_GRU_U1_123,main,validation,P0_legacy,6,0.4,0.4666666666666667,11315,0.4248342907644719,0.4352993154886483,a5000
GRU_U1,123,new_P3_selected,analyze_GRU_U1_123,main,validation,P0_legacy,7,0.4666666666666667,0.5333333333333333,11280,0.4950354609929078,0.4979552726160852,a5000
GRU_U1,123,new_P3_selected,analyze_GRU_U1_123,main,validation,P0_legacy,8,0.5333333333333333,0.6,7110,0.5527426160337553,0.5641794414800115,a5000
GRU_U1,123,new_P3_selected,analyze_GRU_U1_123,main,validation,P0_legacy,9,0.6,0.6666666666666666,4782,0.636762860727729,0.6313525468186307,a5000
GRU_U1,123,new_P3_selected,analyze_GRU_U1_123,main,validation,P0_legacy,10,0.6666666666666666,0.7333333333333333,3992,0.7101703406813628,0.698676247153496,a5000
GRU_U1,123,new_P3_selected,analyze_GRU_U1_123,main,validation,P0_legacy,11,0.7333333333333333,0.8,3244,0.782983970406905,0.7654169491435231,a5000
GRU_U1,123,new_P3_selected,analyze_GRU_U1_123,main,validation,P0_legacy,12,0.8,0.8666666666666667,2432,0.8416940789473685,0.8311904628523464,a5000
GRU_U1,123,new_P3_selected,analyze_GRU_U1_123,main,validation,P0_legacy,13,0.8666666666666667,0.9333333333333332,1465,0.9010238907849828,0.8940161225031319,a5000
GRU_U1,123,new_P3_selected,analyze_GRU_U1_123,main,validation,P0_legacy,14,0.9333333333333332,1.0,174,0.9482758620689656,0.943412974162875,a5000
GRU_U1,123,new_P3_selected,analyze_GRU_U1_123,main,validation,P1_valid_cache_endpoints,0,0.0,0.0666666666666666,0,,,a5000
GRU_U1,123,new_P3_selected,analyze_GRU_U1_123,main,validation,P1_valid_cache_endpoints,1,0.0666666666666666,0.1333333333333333,0,,,a5000
GRU_U1,123,new_P3_selected,analyze_GRU_U1_123,main,validation,P1_valid_cache_endpoints,2,0.1333333333333333,0.2,0,,,a5000
GRU_U1,123,new_P3_selected,analyze_GRU_U1_123,main,validation,P1_valid_cache_endpoints,3,0.2,0.2666666666666666,0,,,a5000
GRU_U1,123,new_P3_selected,analyze_GRU_U1_123,main,validation,P1_valid_cache_endpoints,4,0.2666666666666666,0.3333333333333333,0,,,a5000
GRU_U1,123,new_P3_selected,analyze_GRU_U1_123,main,validation,P1_valid_cache_endpoints,5,0.3333333333333333,0.4,4314,0.3771441817338896,0.3774032083211309,a5000
GRU_U1,123,new_P3_selected,analyze_GRU_U1_123,main,validation,P1_valid_cache_endpoints,6,0.4,0.4666666666666667,10853,0.4279001197825486,0.4352172573749065,a5000
GRU_U1,123,new_P3_selected,analyze_GRU_U1_123,main,validation,P1_valid_cache_endpoints,7,0.4666666666666667,0.5333333333333333,10783,0.5001391078549569,0.4979090419818595,a5000
GRU_U1,123,new_P3_selected,analyze_GRU_U1_123,main,validation,P1_valid_cache_endpoints,8,0.5333333333333333,0.6,6726,0.55961938745168,0.5644706658129987,a5000
GRU_U1,123,new_P3_selected,analyze_GRU_U1_123,main,validation,P1_valid_cache_endpoints,9,0.6,0.6666666666666666,4608,0.6328125,0.6313538429900349,a5000
GRU_U1,123,new_P3_selected,analyze_GRU_U1_123,main,validation,P1_valid_cache_endpoints,10,0.6666666666666666,0.7333333333333333,3852,0.7043094496365524,0.6986175237416447,a5000
GRU_U1,123,new_P3_selected,analyze_GRU_U1_123,main,validation,P1_valid_cache_endpoints,11,0.7333333333333333,0.8,3157,0.7785872663921445,0.76551366606071,a5000
GRU_U1,123,new_P3_selected,analyze_GRU_U1_123,main,validation,P1_valid_cache_endpoints,12,0.8,0.8666666666666667,2383,0.839278220730172,0.8311475552486037,a5000
GRU_U1,123,new_P3_selected,analyze_GRU_U1_123,main,validation,P1_valid_cache_endpoints,13,0.8666666666666667,0.9333333333333332,1430,0.8986013986013986,0.8940546487050278,a5000
GRU_U1,123,new_P3_selected,analyze_GRU_U1_123,main,validation,P1_valid_cache_endpoints,14,0.9333333333333332,1.0,174,0.9482758620689656,0.943412974162875,a5000
GRU_U1,123,new_P3_selected,analyze_GRU_U1_123,main,validation,P2_candidate_clock,0,0.0,0.0666666666666666,0,,,a5000
GRU_U1,123,new_P3_selected,analyze_GRU_U1_123,main,validation,P2_candidate_clock,1,0.0666666666666666,0.1333333333333333,0,,,a5000
GRU_U1,123,new_P3_selected,analyze_GRU_U1_123,main,validation,P2_candidate_clock,2,0.1333333333333333,0.2,0,,,a5000
GRU_U1,123,new_P3_selected,analyze_GRU_U1_123,main,validation,P2_candidate_clock,3,0.2,0.2666666666666666,0,,,a5000
GRU_U1,123,new_P3_selected,analyze_GRU_U1_123,main,validation,P2_candidate_clock,4,0.2666666666666666,0.3333333333333333,0,,,a5000
GRU_U1,123,new_P3_selected,analyze_GRU_U1_123,main,validation,P2_candidate_clock,5,0.3333333333333333,0.4,3903,0.3802203433256469,0.37724780797194,a5000
GRU_U1,123,new_P3_selected,analyze_GRU_U1_123,main,validation,P2_candidate_clock,6,0.4,0.4666666666666667,9521,0.4261107026572839,0.4351142215953752,a5000
GRU_U1,123,new_P3_selected,analyze_GRU_U1_123,main,validation,P2_candidate_clock,7,0.4666666666666667,0.5333333333333333,9577,0.4945181163203508,0.4981043722711439,a5000
GRU_U1,123,new_P3_selected,analyze_GRU_U1_123,main,validation,P2_candidate_clock,8,0.5333333333333333,0.6,6166,0.5457346740188128,0.5643105076779853,a5000
GRU_U1,123,new_P3_selected,analyze_GRU_U1_123,main,validation,P2_candidate_clock,9,0.6,0.6666666666666666,4195,0.6274135876042908,0.6314658146145175,a5000
GRU_U1,123,new_P3_selected,analyze_GRU_U1_123,main,validation,P2_candidate_clock,10,0.6666666666666666,0.7333333333333333,3555,0.6987341772151898,0.6987105178529277,a5000
GRU_U1,123,new_P3_selected,analyze_GRU_U1_123,main,validation,P2_candidate_clock,11,0.7333333333333333,0.8,2961,0.7777777777777778,0.7655451877135908,a5000
GRU_U1,123,new_P3_selected,analyze_GRU_U1_123,main,validation,P2_candidate_clock,12,0.8,0.8666666666666667,2241,0.8353413654618473,0.8312193591453823,a5000
GRU_U1,123,new_P3_selected,analyze_GRU_U1_123,main,validation,P2_candidate_clock,13,0.8666666666666667,0.9333333333333332,1368,0.8998538011695907,0.8941870566893493,a5000
GRU_U1,123,new_P3_selected,analyze_GRU_U1_123,main,validation,P2_candidate_clock,14,0.9333333333333332,1.0,172,0.9476744186046512,0.9434714079297952,a5000
GRU_U1,123,new_P3_selected,analyze_GRU_U1_123,main,validation,P3_intersection,0,0.0,0.0666666666666666,0,,,a5000
GRU_U1,123,new_P3_selected,analyze_GRU_U1_123,main,validation,P3_intersection,1,0.0666666666666666,0.1333333333333333,0,,,a5000
GRU_U1,123,new_P3_selected,analyze_GRU_U1_123,main,validation,P3_intersection,2,0.1333333333333333,0.2,0,,,a5000
GRU_U1,123,new_P3_selected,analyze_GRU_U1_123,main,validation,P3_intersection,3,0.2,0.2666666666666666,0,,,a5000
GRU_U1,123,new_P3_selected,analyze_GRU_U1_123,main,validation,P3_intersection,4,0.2666666666666666,0.3333333333333333,0,,,a5000
GRU_U1,123,new_P3_selected,analyze_GRU_U1_123,main,validation,P3_intersection,5,0.3333333333333333,0.4,3871,0.3807801601653319,0.3772071541269503,a5000
GRU_U1,123,new_P3_selected,analyze_GRU_U1_123,main,validation,P3_intersection,6,0.4,0.4666666666666667,9407,0.4267035186563198,0.4351197635425539,a5000
GRU_U1,123,new_P3_selected,analyze_GRU_U1_123,main,validation,P3_intersection,7,0.4666666666666667,0.5333333333333333,9405,0.4985645933014354,0.4980174300889502,a5000
GRU_U1,123,new_P3_selected,analyze_GRU_U1_123,main,validation,P3_intersection,8,0.5333333333333333,0.6,5987,0.5563721396358777,0.5646346437526046,a5000
GRU_U1,123,new_P3_selected,analyze_GRU_U1_123,main,validation,P3_intersection,9,0.6,0.6666666666666666,4148,0.6294599807135969,0.6315506900729672,a5000
GRU_U1,123,new_P3_selected,analyze_GRU_U1_123,main,validation,P3_intersection,10,0.6666666666666666,0.7333333333333333,3523,0.7002554640931025,0.6987063353608037,a5000
GRU_U1,123,new_P3_selected,analyze_GRU_U1_123,main,validation,P3_intersection,11,0.7333333333333333,0.8,2949,0.7782299084435402,0.7655547881483125,a5000
GRU_U1,123,new_P3_selected,analyze_GRU_U1_123,main,validation,P3_intersection,12,0.8,0.8666666666666667,2235,0.8357941834451902,0.8312177378069072,a5000
GRU_U1,123,new_P3_selected,analyze_GRU_U1_123,main,validation,P3_intersection,13,0.8666666666666667,0.9333333333333332,1353,0.8987435328898744,0.8941922361814179,a5000
GRU_U1,123,new_P3_selected,analyze_GRU_U1_123,main,validation,P3_intersection,14,0.9333333333333332,1.0,172,0.9476744186046512,0.9434714079297952,a5000
GRU_U1,42,new_P3_selected,analyze_GRU_U1_42,main,development_holdout,P0_legacy,0,0.0,0.0666666666666666,0,,,a5000
GRU_U1,42,new_P3_selected,analyze_GRU_U1_42,main,development_holdout,P0_legacy,1,0.0666666666666666,0.1333333333333333,0,,,a5000
GRU_U1,42,new_P3_selected,analyze_GRU_U1_42,main,development_holdout,P0_legacy,2,0.1333333333333333,0.2,0,,,a5000
GRU_U1,42,new_P3_selected,analyze_GRU_U1_42,main,development_holdout,P0_legacy,3,0.2,0.2666666666666666,0,,,a5000
GRU_U1,42,new_P3_selected,analyze_GRU_U1_42,main,development_holdout,P0_legacy,4,0.2666666666666666,0.3333333333333333,0,,,a5000
GRU_U1,42,new_P3_selected,analyze_GRU_U1_42,main,development_holdout,P0_legacy,5,0.3333333333333333,0.4,8777,0.3786031673692606,0.3774265505220878,a5000
GRU_U1,42,new_P3_selected,analyze_GRU_U1_42,main,development_holdout,P0_legacy,6,0.4,0.4666666666666667,22608,0.4221514508138712,0.4352170203630702,a5000
GRU_U1,42,new_P3_selected,analyze_GRU_U1_42,main,development_holdout,P0_legacy,7,0.4666666666666667,0.5333333333333333,23050,0.4745336225596529,0.4982456628856456,a5000
GRU_U1,42,new_P3_selected,analyze_GRU_U1_42,main,development_holdout,P0_legacy,8,0.5333333333333333,0.6,14994,0.5466186474589836,0.5641209836464852,a5000
GRU_U1,42,new_P3_selected,analyze_GRU_U1_42,main,development_holdout,P0_legacy,9,0.6,0.6666666666666666,9726,0.6112482006991569,0.6311991023812038,a5000
GRU_U1,42,new_P3_selected,analyze_GRU_U1_42,main,development_holdout,P0_legacy,10,0.6666666666666666,0.7333333333333333,7314,0.6843040743779054,0.6988320092763429,a5000
GRU_U1,42,new_P3_selected,analyze_GRU_U1_42,main,development_holdout,P0_legacy,11,0.7333333333333333,0.8,6009,0.7482110168081212,0.7652010311535493,a5000
GRU_U1,42,new_P3_selected,analyze_GRU_U1_42,main,development_holdout,P0_legacy,12,0.8,0.8666666666666667,5295,0.8226628895184136,0.832546261740988,a5000
GRU_U1,42,new_P3_selected,analyze_GRU_U1_42,main,development_holdout,P0_legacy,13,0.8666666666666667,0.9333333333333332,3370,0.8908011869436202,0.8938567799583023,a5000
GRU_U1,42,new_P3_selected,analyze_GRU_U1_42,main,development_holdout,P0_legacy,14,0.9333333333333332,1.0,431,0.988399071925754,0.9523376844827804,a5000
GRU_U1,42,new_P3_selected,analyze_GRU_U1_42,main,development_holdout,P1_valid_cache_endpoints,0,0.0,0.0666666666666666,0,,,a5000
GRU_U1,42,new_P3_selected,analyze_GRU_U1_42,main,development_holdout,P1_valid_cache_endpoints,1,0.0666666666666666,0.1333333333333333,0,,,a5000
GRU_U1,42,new_P3_selected,analyze_GRU_U1_42,main,development_holdout,P1_valid_cache_endpoints,2,0.1333333333333333,0.2,0,,,a5000
GRU_U1,42,new_P3_selected,analyze_GRU_U1_42,main,development_holdout,P1_valid_cache_endpoints,3,0.2,0.2666666666666666,0,,,a5000
GRU_U1,42,new_P3_selected,analyze_GRU_U1_42,main,development_holdout,P1_valid_cache_endpoints,4,0.2666666666666666,0.3333333333333333,0,,,a5000
GRU_U1,42,new_P3_selected,analyze_GRU_U1_42,main,development_holdout,P1_valid_cache_endpoints,5,0.3333333333333333,0.4,8361,0.3796196627197704,0.377416297773339,a5000
GRU_U1,42,new_P3_selected,analyze_GRU_U1_42,main,development_holdout,P1_valid_cache_endpoints,6,0.4,0.4666666666666667,21513,0.4260679589085669,0.4351674498528056,a5000
GRU_U1,42,new_P3_selected,analyze_GRU_U1_42,main,development_holdout,P1_valid_cache_endpoints,7,0.4666666666666667,0.5333333333333333,21811,0.479207739214158,0.4981400352478138,a5000
GRU_U1,42,new_P3_selected,analyze_GRU_U1_42,main,development_holdout,P1_valid_cache_endpoints,8,0.5333333333333333,0.6,14233,0.5496381648282161,0.5640900794792348,a5000
GRU_U1,42,new_P3_selected,analyze_GRU_U1_42,main,development_holdout,P1_valid_cache_endpoints,9,0.6,0.6666666666666666,9320,0.6099785407725322,0.6312912661684734,a5000
GRU_U1,42,new_P3_selected,analyze_GRU_U1_42,main,development_holdout,P1_valid_cache_endpoints,10,0.6666666666666666,0.7333333333333333,7125,0.6784561403508772,0.6988284199535016,a5000
GRU_U1,42,new_P3_selected,analyze_GRU_U1_42,main,development_holdout,P1_valid_cache_endpoints,11,0.7333333333333333,0.8,5868,0.7430129516019086,0.7652311651732424,a5000
GRU_U1,42,new_P3_selected,analyze_GRU_U1_42,main,development_holdout,P1_valid_cache_endpoints,12,0.8,0.8666666666666667,5187,0.8189705031810295,0.8325395871174873,a5000
GRU_U1,42,new_P3_selected,analyze_GRU_U1_42,main,development_holdout,P1_valid_cache_endpoints,13,0.8666666666666667,0.9333333333333332,3316,0.8902291917973462,0.8939429600375747,a5000
GRU_U1,42,new_P3_selected,analyze_GRU_U1_42,main,development_holdout,P1_valid_cache_endpoints,14,0.9333333333333332,1.0,422,0.9881516587677726,0.9522526678317152,a5000
GRU_U1,42,new_P3_selected,analyze_GRU_U1_42,main,development_holdout,P2_candidate_clock,0,0.0,0.0666666666666666,0,,,a5000
GRU_U1,42,new_P3_selected,analyze_GRU_U1_42,main,development_holdout,P2_candidate_clock,1,0.0666666666666666,0.1333333333333333,0,,,a5000
GRU_U1,42,new_P3_selected,analyze_GRU_U1_42,main,development_holdout,P2_candidate_clock,2,0.1333333333333333,0.2,0,,,a5000
GRU_U1,42,new_P3_selected,analyze_GRU_U1_42,main,development_holdout,P2_candidate_clock,3,0.2,0.2666666666666666,0,,,a5000
GRU_U1,42,new_P3_selected,analyze_GRU_U1_42,main,development_holdout,P2_candidate_clock,4,0.2666666666666666,0.3333333333333333,0,,,a5000
GRU_U1,42,new_P3_selected,analyze_GRU_U1_42,main,development_holdout,P2_candidate_clock,5,0.3333333333333333,0.4,7716,0.3793416277864178,0.3773809581609155,a5000
GRU_U1,42,new_P3_selected,analyze_GRU_U1_42,main,development_holdout,P2_candidate_clock,6,0.4,0.4666666666666667,19282,0.4228295819935691,0.4351129307736916,a5000
GRU_U1,42,new_P3_selected,analyze_GRU_U1_42,main,development_holdout,P2_candidate_clock,7,0.4666666666666667,0.5333333333333333,19644,0.4735288128690694,0.4982815502381582,a5000
GRU_U1,42,new_P3_selected,analyze_GRU_U1_42,main,development_holdout,P2_candidate_clock,8,0.5333333333333333,0.6,12819,0.547546610500039,0.5642637028815031,a5000
GRU_U1,42,new_P3_selected,analyze_GRU_U1_42,main,development_holdout,P2_candidate_clock,9,0.6,0.6666666666666666,8390,0.6073897497020262,0.6312818448785266,a5000
GRU_U1,42,new_P3_selected,analyze_GRU_U1_42,main,development_holdout,P2_candidate_clock,10,0.6666666666666666,0.7333333333333333,6572,0.6765063907486305,0.6987928762785861,a5000
GRU_U1,42,new_P3_selected,analyze_GRU_U1_42,main,development_holdout,P2_candidate_clock,11,0.7333333333333333,0.8,5419,0.7414652149843145,0.7651783527782686,a5000
GRU_U1,42,new_P3_selected,analyze_GRU_U1_42,main,development_holdout,P2_candidate_clock,12,0.8,0.8666666666666667,4804,0.8184845961698585,0.8326938871462679,a5000
GRU_U1,42,new_P3_selected,analyze_GRU_U1_42,main,development_holdout,P2_candidate_clock,13,0.8666666666666667,0.9333333333333332,3168,0.8898358585858586,0.8938880362292331,a5000
GRU_U1,42,new_P3_selected,analyze_GRU_U1_42,main,development_holdout,P2_candidate_clock,14,0.9333333333333332,1.0,395,0.9873417721518988,0.9521029123003704,a5000
GRU_U1,42,new_P3_selected,analyze_GRU_U1_42,main,development_holdout,P3_intersection,0,0.0,0.0666666666666666,0,,,a5000
GRU_U1,42,new_P3_selected,analyze_GRU_U1_42,main,development_holdout,P3_intersection,1,0.0666666666666666,0.1333333333333333,0,,,a5000
GRU_U1,42,new_P3_selected,analyze_GRU_U1_42,main,development_holdout,P3_intersection,2,0.1333333333333333,0.2,0,,,a5000
GRU_U1,42,new_P3_selected,analyze_GRU_U1_42,main,development_holdout,P3_intersection,3,0.2,0.2666666666666666,0,,,a5000
GRU_U1,42,new_P3_selected,analyze_GRU_U1_42,main,development_holdout,P3_intersection,4,0.2666666666666666,0.3333333333333333,0,,,a5000
GRU_U1,42,new_P3_selected,analyze_GRU_U1_42,main,development_holdout,P3_intersection,5,0.3333333333333333,0.4,7569,0.3806315233188003,0.3773119548751484,a5000
GRU_U1,42,new_P3_selected,analyze_GRU_U1_42,main,development_holdout,P3_intersection,6,0.4,0.4666666666666667,18865,0.4253909355950172,0.4350803916021064,a5000
GRU_U1,42,new_P3_selected,analyze_GRU_U1_42,main,development_holdout,P3_intersection,7,0.4666666666666667,0.5333333333333333,19131,0.477863154043176,0.4982062563582751,a5000
GRU_U1,42,new_P3_selected,analyze_GRU_U1_42,main,development_holdout,P3_intersection,8,0.5333333333333333,0.6,12487,0.5525746776647713,0.5642870600938357,a5000
GRU_U1,42,new_P3_selected,analyze_GRU_U1_42,main,development_holdout,P3_intersection,9,0.6,0.6666666666666666,8252,0.611730489578284,0.6313532602643781,a5000
GRU_U1,42,new_P3_selected,analyze_GRU_U1_42,main,development_holdout,P3_intersection,10,0.6666666666666666,0.7333333333333333,6535,0.6766641162968631,0.6988056384552532,a5000
GRU_U1,42,new_P3_selected,analyze_GRU_U1_42,main,development_holdout,P3_intersection,11,0.7333333333333333,0.8,5399,0.7414335988145953,0.7651916204479159,a5000
GRU_U1,42,new_P3_selected,analyze_GRU_U1_42,main,development_holdout,P3_intersection,12,0.8,0.8666666666666667,4798,0.8182576073363902,0.8326812562358378,a5000
GRU_U1,42,new_P3_selected,analyze_GRU_U1_42,main,development_holdout,P3_intersection,13,0.8666666666666667,0.9333333333333332,3157,0.8907190370605005,0.8939265042245663,a5000
GRU_U1,42,new_P3_selected,analyze_GRU_U1_42,main,development_holdout,P3_intersection,14,0.9333333333333332,1.0,395,0.9873417721518988,0.9521029123003704,a5000
GRU_U1,42,new_P3_selected,analyze_GRU_U1_42,main,validation,P0_legacy,0,0.0,0.0666666666666666,0,,,a5000
GRU_U1,42,new_P3_selected,analyze_GRU_U1_42,main,validation,P0_legacy,1,0.0666666666666666,0.1333333333333333,0,,,a5000
GRU_U1,42,new_P3_selected,analyze_GRU_U1_42,main,validation,P0_legacy,2,0.1333333333333333,0.2,0,,,a5000
GRU_U1,42,new_P3_selected,analyze_GRU_U1_42,main,validation,P0_legacy,3,0.2,0.2666666666666666,0,,,a5000
GRU_U1,42,new_P3_selected,analyze_GRU_U1_42,main,validation,P0_legacy,4,0.2666666666666666,0.3333333333333333,0,,,a5000
GRU_U1,42,new_P3_selected,analyze_GRU_U1_42,main,validation,P0_legacy,5,0.3333333333333333,0.4,4257,0.3699788583509514,0.3773802531754361,a5000
GRU_U1,42,new_P3_selected,analyze_GRU_U1_42,main,validation,P0_legacy,6,0.4,0.4666666666666667,11003,0.429610106334636,0.4350992776659651,a5000
GRU_U1,42,new_P3_selected,analyze_GRU_U1_42,main,validation,P0_legacy,7,0.4666666666666667,0.5333333333333333,11360,0.4921654929577465,0.4984083090657611,a5000
GRU_U1,42,new_P3_selected,analyze_GRU_U1_42,main,validation,P0_legacy,8,0.5333333333333333,0.6,7534,0.5416777276347226,0.5639120897552518,a5000
GRU_U1,42,new_P3_selected,analyze_GRU_U1_42,main,validation,P0_legacy,9,0.6,0.6666666666666666,5031,0.627906976744186,0.6319174897926481,a5000
GRU_U1,42,new_P3_selected,analyze_GRU_U1_42,main,validation,P0_legacy,10,0.6666666666666666,0.7333333333333333,3712,0.7068965517241379,0.6988768581222978,a5000
GRU_U1,42,new_P3_selected,analyze_GRU_U1_42,main,validation,P0_legacy,11,0.7333333333333333,0.8,3078,0.7732293697205977,0.7661834006341869,a5000
GRU_U1,42,new_P3_selected,analyze_GRU_U1_42,main,validation,P0_legacy,12,0.8,0.8666666666666667,2598,0.8441108545034642,0.8318837990404047,a5000
GRU_U1,42,new_P3_selected,analyze_GRU_U1_42,main,validation,P0_legacy,13,0.8666666666666667,0.9333333333333332,1584,0.898989898989899,0.8935250929971369,a5000
GRU_U1,42,new_P3_selected,analyze_GRU_U1_42,main,validation,P0_legacy,14,0.9333333333333332,1.0,117,0.9658119658119658,0.9417209996123028,a5000
GRU_U1,42,new_P3_selected,analyze_GRU_U1_42,main,validation,P1_valid_cache_endpoints,0,0.0,0.0666666666666666,0,,,a5000
GRU_U1,42,new_P3_selected,analyze_GRU_U1_42,main,validation,P1_valid_cache_endpoints,1,0.0666666666666666,0.1333333333333333,0,,,a5000
GRU_U1,42,new_P3_selected,analyze_GRU_U1_42,main,validation,P1_valid_cache_endpoints,2,0.1333333333333333,0.2,0,,,a5000
GRU_U1,42,new_P3_selected,analyze_GRU_U1_42,main,validation,P1_valid_cache_endpoints,3,0.2,0.2666666666666666,0,,,a5000
GRU_U1,42,new_P3_selected,analyze_GRU_U1_42,main,validation,P1_valid_cache_endpoints,4,0.2666666666666666,0.3333333333333333,0,,,a5000
GRU_U1,42,new_P3_selected,analyze_GRU_U1_42,main,validation,P1_valid_cache_endpoints,5,0.3333333333333333,0.4,4090,0.3716381418092909,0.3773284586384115,a5000
GRU_U1,42,new_P3_selected,analyze_GRU_U1_42,main,validation,P1_valid_cache_endpoints,6,0.4,0.4666666666666667,10593,0.4325497970357783,0.4351267044629942,a5000
GRU_U1,42,new_P3_selected,analyze_GRU_U1_42,main,validation,P1_valid_cache_endpoints,7,0.4666666666666667,0.5333333333333333,10859,0.4973754489363661,0.4984019084528683,a5000
GRU_U1,42,new_P3_selected,analyze_GRU_U1_42,main,validation,P1_valid_cache_endpoints,8,0.5333333333333333,0.6,7170,0.5467224546722455,0.5639347885215917,a5000
GRU_U1,42,new_P3_selected,analyze_GRU_U1_42,main,validation,P1_valid_cache_endpoints,9,0.6,0.6666666666666666,4759,0.6381592771590671,0.6322116071102456,a5000
GRU_U1,42,new_P3_selected,analyze_GRU_U1_42,main,validation,P1_valid_cache_endpoints,10,0.6666666666666666,0.7333333333333333,3609,0.7037960653920754,0.6988497213403911,a5000
GRU_U1,42,new_P3_selected,analyze_GRU_U1_42,main,validation,P1_valid_cache_endpoints,11,0.7333333333333333,0.8,2993,0.7671232876712328,0.7661769887868392,a5000
GRU_U1,42,new_P3_selected,analyze_GRU_U1_42,main,validation,P1_valid_cache_endpoints,12,0.8,0.8666666666666667,2535,0.8406311637080868,0.8318558255076355,a5000
GRU_U1,42,new_P3_selected,analyze_GRU_U1_42,main,validation,P1_valid_cache_endpoints,13,0.8666666666666667,0.9333333333333332,1557,0.8972382787411689,0.8935957913178743,a5000
GRU_U1,42,new_P3_selected,analyze_GRU_U1_42,main,validation,P1_valid_cache_endpoints,14,0.9333333333333332,1.0,115,0.9652173913043478,0.9417019346689518,a5000
GRU_U1,42,new_P3_selected,analyze_GRU_U1_42,main,validation,P2_candidate_clock,0,0.0,0.0666666666666666,0,,,a5000
GRU_U1,42,new_P3_selected,analyze_GRU_U1_42,main,validation,P2_candidate_clock,1,0.0666666666666666,0.1333333333333333,0,,,a5000
GRU_U1,42,new_P3_selected,analyze_GRU_U1_42,main,validation,P2_candidate_clock,2,0.1333333333333333,0.2,0,,,a5000
GRU_U1,42,new_P3_selected,analyze_GRU_U1_42,main,validation,P2_candidate_clock,3,0.2,0.2666666666666666,0,,,a5000
GRU_U1,42,new_P3_selected,analyze_GRU_U1_42,main,validation,P2_candidate_clock,4,0.2666666666666666,0.3333333333333333,0,,,a5000
GRU_U1,42,new_P3_selected,analyze_GRU_U1_42,main,validation,P2_candidate_clock,5,0.3333333333333333,0.4,3709,0.3715287139390671,0.3772789162022897,a5000
GRU_U1,42,new_P3_selected,analyze_GRU_U1_42,main,validation,P2_candidate_clock,6,0.4,0.4666666666666667,9491,0.4296702138868402,0.4351877698130042,a5000
GRU_U1,42,new_P3_selected,analyze_GRU_U1_42,main,validation,P2_candidate_clock,7,0.4666666666666667,0.5333333333333333,9668,0.4959660736450145,0.4983518090332411,a5000
GRU_U1,42,new_P3_selected,analyze_GRU_U1_42,main,validation,P2_candidate_clock,8,0.5333333333333333,0.6,6358,0.543409877319912,0.5638753625665284,a5000
GRU_U1,42,new_P3_selected,analyze_GRU_U1_42,main,validation,P2_candidate_clock,9,0.6,0.6666666666666666,4337,0.6188609637998617,0.6319768155050636,a5000
GRU_U1,42,new_P3_selected,analyze_GRU_U1_42,main,validation,P2_candidate_clock,10,0.6666666666666666,0.7333333333333333,3343,0.6975770266227939,0.6989453147196925,a5000
GRU_U1,42,new_P3_selected,analyze_GRU_U1_42,main,validation,P2_candidate_clock,11,0.7333333333333333,0.8,2791,0.7692583303475456,0.7662444783524982,a5000
GRU_U1,42,new_P3_selected,analyze_GRU_U1_42,main,validation,P2_candidate_clock,12,0.8,0.8666666666666667,2378,0.8423044575273338,0.8318683149704181,a5000
GRU_U1,42,new_P3_selected,analyze_GRU_U1_42,main,validation,P2_candidate_clock,13,0.8666666666666667,0.9333333333333332,1471,0.8932698844323589,0.8936019070061271,a5000
GRU_U1,42,new_P3_selected,analyze_GRU_U1_42,main,validation,P2_candidate_clock,14,0.9333333333333332,1.0,113,0.9646017699115044,0.9416579906050522,a5000
GRU_U1,42,new_P3_selected,analyze_GRU_U1_42,main,validation,P3_intersection,0,0.0,0.0666666666666666,0,,,a5000
GRU_U1,42,new_P3_selected,analyze_GRU_U1_42,main,validation,P3_intersection,1,0.0666666666666666,0.1333333333333333,0,,,a5000
GRU_U1,42,new_P3_selected,analyze_GRU_U1_42,main,validation,P3_intersection,2,0.1333333333333333,0.2,0,,,a5000
GRU_U1,42,new_P3_selected,analyze_GRU_U1_42,main,validation,P3_intersection,3,0.2,0.2666666666666666,0,,,a5000
GRU_U1,42,new_P3_selected,analyze_GRU_U1_42,main,validation,P3_intersection,4,0.2666666666666666,0.3333333333333333,0,,,a5000
GRU_U1,42,new_P3_selected,analyze_GRU_U1_42,main,validation,P3_intersection,5,0.3333333333333333,0.4,3665,0.372987721691678,0.3772486391615414,a5000
GRU_U1,42,new_P3_selected,analyze_GRU_U1_42,main,validation,P3_intersection,6,0.4,0.4666666666666667,9387,0.4312346862682433,0.4351693832252221,a5000
GRU_U1,42,new_P3_selected,analyze_GRU_U1_42,main,validation,P3_intersection,7,0.4666666666666667,0.5333333333333333,9529,0.4977437296673313,0.4983256311931797,a5000
GRU_U1,42,new_P3_selected,analyze_GRU_U1_42,main,validation,P3_intersection,8,0.5333333333333333,0.6,6223,0.5502169371685682,0.5638215612294655,a5000
GRU_U1,42,new_P3_selected,analyze_GRU_U1_42,main,validation,P3_intersection,9,0.6,0.6666666666666666,4198,0.6333968556455455,0.6322530901638799,a5000
GRU_U1,42,new_P3_selected,analyze_GRU_U1_42,main,validation,P3_intersection,10,0.6666666666666666,0.7333333333333333,3323,0.7005717724947337,0.698955790154342,a5000
GRU_U1,42,new_P3_selected,analyze_GRU_U1_42,main,validation,P3_intersection,11,0.7333333333333333,0.8,2779,0.7686218064051817,0.7661800095080421,a5000
GRU_U1,42,new_P3_selected,analyze_GRU_U1_42,main,validation,P3_intersection,12,0.8,0.8666666666666667,2366,0.841927303465765,0.8318591693973175,a5000
GRU_U1,42,new_P3_selected,analyze_GRU_U1_42,main,validation,P3_intersection,13,0.8666666666666667,0.9333333333333332,1467,0.8929788684389911,0.8936297737657938,a5000
GRU_U1,42,new_P3_selected,analyze_GRU_U1_42,main,validation,P3_intersection,14,0.9333333333333332,1.0,113,0.9646017699115044,0.9416579906050522,a5000
prior_per_asset,0,train_P3_Laplace_prior,prior_R1,R1,rolling_evaluation,P0_legacy,0,0.0,0.0666666666666666,0,,,a5000
prior_per_asset,0,train_P3_Laplace_prior,prior_R1,R1,rolling_evaluation,P0_legacy,1,0.0666666666666666,0.1333333333333333,0,,,a5000
prior_per_asset,0,train_P3_Laplace_prior,prior_R1,R1,rolling_evaluation,P0_legacy,2,0.1333333333333333,0.2,0,,,a5000
prior_per_asset,0,train_P3_Laplace_prior,prior_R1,R1,rolling_evaluation,P0_legacy,3,0.2,0.2666666666666666,0,,,a5000
prior_per_asset,0,train_P3_Laplace_prior,prior_R1,R1,rolling_evaluation,P0_legacy,4,0.2666666666666666,0.3333333333333333,0,,,a5000
prior_per_asset,0,train_P3_Laplace_prior,prior_R1,R1,rolling_evaluation,P0_legacy,5,0.3333333333333333,0.4,17556,0.3922305764411027,0.365639208915943,a5000
prior_per_asset,0,train_P3_Laplace_prior,prior_R1,R1,rolling_evaluation,P0_legacy,6,0.4,0.4666666666666667,7524,0.4860446570972886,0.4389905490620109,a5000
prior_per_asset,0,train_P3_Laplace_prior,prior_R1,R1,rolling_evaluation,P0_legacy,7,0.4666666666666667,0.5333333333333333,6270,0.549920255183413,0.4925691458108798,a5000
prior_per_asset,0,train_P3_Laplace_prior,prior_R1,R1,rolling_evaluation,P0_legacy,8,0.5333333333333333,0.6,1254,0.7384370015948963,0.5478107032286598,a5000
prior_per_asset,0,train_P3_Laplace_prior,prior_R1,R1,rolling_evaluation,P0_legacy,9,0.6,0.6666666666666666,1254,0.733652312599681,0.6633059166887768,a5000
prior_per_asset,0,train_P3_Laplace_prior,prior_R1,R1,rolling_evaluation,P0_legacy,10,0.6666666666666666,0.7333333333333333,0,,,a5000
prior_per_asset,0,train_P3_Laplace_prior,prior_R1,R1,rolling_evaluation,P0_legacy,11,0.7333333333333333,0.8,0,,,a5000
prior_per_asset,0,train_P3_Laplace_prior,prior_R1,R1,rolling_evaluation,P0_legacy,12,0.8,0.8666666666666667,0,,,a5000
prior_per_asset,0,train_P3_Laplace_prior,prior_R1,R1,rolling_evaluation,P0_legacy,13,0.8666666666666667,0.9333333333333332,0,,,a5000
prior_per_asset,0,train_P3_Laplace_prior,prior_R1,R1,rolling_evaluation,P0_legacy,14,0.9333333333333332,1.0,0,,,a5000
prior_per_asset,0,train_P3_Laplace_prior,prior_R1,R1,rolling_evaluation,P1_valid_cache_endpoints,0,0.0,0.0666666666666666,0,,,a5000
prior_per_asset,0,train_P3_Laplace_prior,prior_R1,R1,rolling_evaluation,P1_valid_cache_endpoints,1,0.0666666666666666,0.1333333333333333,0,,,a5000
prior_per_asset,0,train_P3_Laplace_prior,prior_R1,R1,rolling_evaluation,P1_valid_cache_endpoints,2,0.1333333333333333,0.2,0,,,a5000
prior_per_asset,0,train_P3_Laplace_prior,prior_R1,R1,rolling_evaluation,P1_valid_cache_endpoints,3,0.2,0.2666666666666666,0,,,a5000
prior_per_asset,0,train_P3_Laplace_prior,prior_R1,R1,rolling_evaluation,P1_valid_cache_endpoints,4,0.2666666666666666,0.3333333333333333,0,,,a5000
prior_per_asset,0,train_P3_Laplace_prior,prior_R1,R1,rolling_evaluation,P1_valid_cache_endpoints,5,0.3333333333333333,0.4,17052,0.3878723903354445,0.3656494941688452,a5000
prior_per_asset,0,train_P3_Laplace_prior,prior_R1,R1,rolling_evaluation,P1_valid_cache_endpoints,6,0.4,0.4666666666666667,7290,0.4713305898491083,0.4389409621746699,a5000
prior_per_asset,0,train_P3_Laplace_prior,prior_R1,R1,rolling_evaluation,P1_valid_cache_endpoints,7,0.4666666666666667,0.5333333333333333,5773,0.5615797678849818,0.4938439547482764,a5000
prior_per_asset,0,train_P3_Laplace_prior,prior_R1,R1,rolling_evaluation,P1_valid_cache_endpoints,8,0.5333333333333333,0.6,1221,0.7313677313677314,0.5478107032286598,a5000
prior_per_asset,0,train_P3_Laplace_prior,prior_R1,R1,rolling_evaluation,P1_valid_cache_endpoints,9,0.6,0.6666666666666666,1221,0.7264537264537264,0.6633059166887768,a5000
prior_per_asset,0,train_P3_Laplace_prior,prior_R1,R1,rolling_evaluation,P1_valid_cache_endpoints,10,0.6666666666666666,0.7333333333333333,0,,,a5000
prior_per_asset,0,train_P3_Laplace_prior,prior_R1,R1,rolling_evaluation,P1_valid_cache_endpoints,11,0.7333333333333333,0.8,0,,,a5000
prior_per_asset,0,train_P3_Laplace_prior,prior_R1,R1,rolling_evaluation,P1_valid_cache_endpoints,12,0.8,0.8666666666666667,0,,,a5000
prior_per_asset,0,train_P3_Laplace_prior,prior_R1,R1,rolling_evaluation,P1_valid_cache_endpoints,13,0.8666666666666667,0.9333333333333332,0,,,a5000
prior_per_asset,0,train_P3_Laplace_prior,prior_R1,R1,rolling_evaluation,P1_valid_cache_endpoints,14,0.9333333333333332,1.0,0,,,a5000
prior_per_asset,0,train_P3_Laplace_prior,prior_R1,R1,rolling_evaluation,P2_candidate_clock,0,0.0,0.0666666666666666,0,,,a5000
prior_per_asset,0,train_P3_Laplace_prior,prior_R1,R1,rolling_evaluation,P2_candidate_clock,1,0.0666666666666666,0.1333333333333333,0,,,a5000
prior_per_asset,0,train_P3_Laplace_prior,prior_R1,R1,rolling_evaluation,P2_candidate_clock,2,0.1333333333333333,0.2,0,,,a5000
prior_per_asset,0,train_P3_Laplace_prior,prior_R1,R1,rolling_evaluation,P2_candidate_clock,3,0.2,0.2666666666666666,0,,,a5000
prior_per_asset,0,train_P3_Laplace_prior,prior_R1,R1,rolling_evaluation,P2_candidate_clock,4,0.2666666666666666,0.3333333333333333,0,,,a5000
prior_per_asset,0,train_P3_Laplace_prior,prior_R1,R1,rolling_evaluation,P2_candidate_clock,5,0.3333333333333333,0.4,15246,0.390528663255936,0.365639208915943,a5000
prior_per_asset,0,train_P3_Laplace_prior,prior_R1,R1,rolling_evaluation,P2_candidate_clock,6,0.4,0.4666666666666667,6534,0.4758187940006121,0.4389905490620109,a5000
prior_per_asset,0,train_P3_Laplace_prior,prior_R1,R1,rolling_evaluation,P2_candidate_clock,7,0.4666666666666667,0.5333333333333333,5445,0.553902662993572,0.4925691458108797,a5000
prior_per_asset,0,train_P3_Laplace_prior,prior_R1,R1,rolling_evaluation,P2_candidate_clock,8,0.5333333333333333,0.6,1089,0.743801652892562,0.5478107032286598,a5000
prior_per_asset,0,train_P3_Laplace_prior,prior_R1,R1,rolling_evaluation,P2_candidate_clock,9,0.6,0.6666666666666666,1089,0.7355371900826446,0.6633059166887768,a5000
prior_per_asset,0,train_P3_Laplace_prior,prior_R1,R1,rolling_evaluation,P2_candidate_clock,10,0.6666666666666666,0.7333333333333333,0,,,a5000
prior_per_asset,0,train_P3_Laplace_prior,prior_R1,R1,rolling_evaluation,P2_candidate_clock,11,0.7333333333333333,0.8,0,,,a5000
prior_per_asset,0,train_P3_Laplace_prior,prior_R1,R1,rolling_evaluation,P2_candidate_clock,12,0.8,0.8666666666666667,0,,,a5000
prior_per_asset,0,train_P3_Laplace_prior,prior_R1,R1,rolling_evaluation,P2_candidate_clock,13,0.8666666666666667,0.9333333333333332,0,,,a5000
prior_per_asset,0,train_P3_Laplace_prior,prior_R1,R1,rolling_evaluation,P2_candidate_clock,14,0.9333333333333332,1.0,0,,,a5000
prior_per_asset,0,train_P3_Laplace_prior,prior_R1,R1,rolling_evaluation,P3_intersection,0,0.0,0.0666666666666666,0,,,a5000
prior_per_asset,0,train_P3_Laplace_prior,prior_R1,R1,rolling_evaluation,P3_intersection,1,0.0666666666666666,0.1333333333333333,0,,,a5000
prior_per_asset,0,train_P3_Laplace_prior,prior_R1,R1,rolling_evaluation,P3_intersection,2,0.1333333333333333,0.2,0,,,a5000
prior_per_asset,0,train_P3_Laplace_prior,prior_R1,R1,rolling_evaluation,P3_intersection,3,0.2,0.2666666666666666,0,,,a5000
prior_per_asset,0,train_P3_Laplace_prior,prior_R1,R1,rolling_evaluation,P3_intersection,4,0.2666666666666666,0.3333333333333333,0,,,a5000
prior_per_asset,0,train_P3_Laplace_prior,prior_R1,R1,rolling_evaluation,P3_intersection,5,0.3333333333333333,0.4,15207,0.3911356612086539,0.3656515733444078,a5000
prior_per_asset,0,train_P3_Laplace_prior,prior_R1,R1,rolling_evaluation,P3_intersection,6,0.4,0.4666666666666667,6501,0.4750038455622212,0.4389413942848039,a5000
prior_per_asset,0,train_P3_Laplace_prior,prior_R1,R1,rolling_evaluation,P3_intersection,7,0.4666666666666667,0.5333333333333333,5135,0.5735150925024343,0.4939124699128597,a5000
prior_per_asset,0,train_P3_Laplace_prior,prior_R1,R1,rolling_evaluation,P3_intersection,8,0.5333333333333333,0.6,1089,0.743801652892562,0.5478107032286598,a5000
prior_per_asset,0,train_P3_Laplace_prior,prior_R1,R1,rolling_evaluation,P3_intersection,9,0.6,0.6666666666666666,1089,0.7355371900826446,0.6633059166887768,a5000
prior_per_asset,0,train_P3_Laplace_prior,prior_R1,R1,rolling_evaluation,P3_intersection,10,0.6666666666666666,0.7333333333333333,0,,,a5000
prior_per_asset,0,train_P3_Laplace_prior,prior_R1,R1,rolling_evaluation,P3_intersection,11,0.7333333333333333,0.8,0,,,a5000
prior_per_asset,0,train_P3_Laplace_prior,prior_R1,R1,rolling_evaluation,P3_intersection,12,0.8,0.8666666666666667,0,,,a5000
prior_per_asset,0,train_P3_Laplace_prior,prior_R1,R1,rolling_evaluation,P3_intersection,13,0.8666666666666667,0.9333333333333332,0,,,a5000
prior_per_asset,0,train_P3_Laplace_prior,prior_R1,R1,rolling_evaluation,P3_intersection,14,0.9333333333333332,1.0,0,,,a5000
prior_per_asset,0,train_P3_Laplace_prior,prior_R1,R1,validation,P0_legacy,0,0.0,0.0666666666666666,0,,,a5000
prior_per_asset,0,train_P3_Laplace_prior,prior_R1,R1,validation,P0_legacy,1,0.0666666666666666,0.1333333333333333,0,,,a5000
prior_per_asset,0,train_P3_Laplace_prior,prior_R1,R1,validation,P0_legacy,2,0.1333333333333333,0.2,0,,,a5000
prior_per_asset,0,train_P3_Laplace_prior,prior_R1,R1,validation,P0_legacy,3,0.2,0.2666666666666666,0,,,a5000
prior_per_asset,0,train_P3_Laplace_prior,prior_R1,R1,validation,P0_legacy,4,0.2666666666666666,0.3333333333333333,0,,,a5000
prior_per_asset,0,train_P3_Laplace_prior,prior_R1,R1,validation,P0_legacy,5,0.3333333333333333,0.4,26068,0.4070507902409084,0.3656392089159429,a5000
prior_per_asset,0,train_P3_Laplace_prior,prior_R1,R1,validation,P0_legacy,6,0.4,0.4666666666666667,11172,0.5539742212674543,0.4389905490620109,a5000
prior_per_asset,0,train_P3_Laplace_prior,prior_R1,R1,validation,P0_legacy,7,0.4666666666666667,0.5333333333333333,9310,0.5808807733619764,0.4925691458108798,a5000
prior_per_asset,0,train_P3_Laplace_prior,prior_R1,R1,validation,P0_legacy,8,0.5333333333333333,0.6,1862,0.6321160042964554,0.5478107032286597,a5000
prior_per_asset,0,train_P3_Laplace_prior,prior_R1,R1,validation,P0_legacy,9,0.6,0.6666666666666666,1862,0.7459720730397422,0.6633059166887768,a5000
prior_per_asset,0,train_P3_Laplace_prior,prior_R1,R1,validation,P0_legacy,10,0.6666666666666666,0.7333333333333333,0,,,a5000
prior_per_asset,0,train_P3_Laplace_prior,prior_R1,R1,validation,P0_legacy,11,0.7333333333333333,0.8,0,,,a5000
prior_per_asset,0,train_P3_Laplace_prior,prior_R1,R1,validation,P0_legacy,12,0.8,0.8666666666666667,0,,,a5000
prior_per_asset,0,train_P3_Laplace_prior,prior_R1,R1,validation,P0_legacy,13,0.8666666666666667,0.9333333333333332,0,,,a5000
prior_per_asset,0,train_P3_Laplace_prior,prior_R1,R1,validation,P0_legacy,14,0.9333333333333332,1.0,0,,,a5000
prior_per_asset,0,train_P3_Laplace_prior,prior_R1,R1,validation,P1_valid_cache_endpoints,0,0.0,0.0666666666666666,0,,,a5000
prior_per_asset,0,train_P3_Laplace_prior,prior_R1,R1,validation,P1_valid_cache_endpoints,1,0.0666666666666666,0.1333333333333333,0,,,a5000
prior_per_asset,0,train_P3_Laplace_prior,prior_R1,R1,validation,P1_valid_cache_endpoints,2,0.1333333333333333,0.2,0,,,a5000
prior_per_asset,0,train_P3_Laplace_prior,prior_R1,R1,validation,P1_valid_cache_endpoints,3,0.2,0.2666666666666666,0,,,a5000
prior_per_asset,0,train_P3_Laplace_prior,prior_R1,R1,validation,P1_valid_cache_endpoints,4,0.2666666666666666,0.3333333333333333,0,,,a5000
prior_per_asset,0,train_P3_Laplace_prior,prior_R1,R1,validation,P1_valid_cache_endpoints,5,0.3333333333333333,0.4,25235,0.4019813750743015,0.3656267747262975,a5000
prior_per_asset,0,train_P3_Laplace_prior,prior_R1,R1,validation,P1_valid_cache_endpoints,6,0.4,0.4666666666666667,10742,0.538074846397319,0.4388870368936088,a5000
prior_per_asset,0,train_P3_Laplace_prior,prior_R1,R1,validation,P1_valid_cache_endpoints,7,0.4666666666666667,0.5333333333333333,8689,0.5866037518701807,0.4934391084898362,a5000
prior_per_asset,0,train_P3_Laplace_prior,prior_R1,R1,validation,P1_valid_cache_endpoints,8,0.5333333333333333,0.6,1807,0.6209186496956282,0.5478107032286597,a5000
prior_per_asset,0,train_P3_Laplace_prior,prior_R1,R1,validation,P1_valid_cache_endpoints,9,0.6,0.6666666666666666,1807,0.738240177089098,0.6633059166887768,a5000
prior_per_asset,0,train_P3_Laplace_prior,prior_R1,R1,validation,P1_valid_cache_endpoints,10,0.6666666666666666,0.7333333333333333,0,,,a5000
prior_per_asset,0,train_P3_Laplace_prior,prior_R1,R1,validation,P1_valid_cache_endpoints,11,0.7333333333333333,0.8,0,,,a5000
prior_per_asset,0,train_P3_Laplace_prior,prior_R1,R1,validation,P1_valid_cache_endpoints,12,0.8,0.8666666666666667,0,,,a5000
prior_per_asset,0,train_P3_Laplace_prior,prior_R1,R1,validation,P1_valid_cache_endpoints,13,0.8666666666666667,0.9333333333333332,0,,,a5000
prior_per_asset,0,train_P3_Laplace_prior,prior_R1,R1,validation,P1_valid_cache_endpoints,14,0.9333333333333332,1.0,0,,,a5000
prior_per_asset,0,train_P3_Laplace_prior,prior_R1,R1,validation,P2_candidate_clock,0,0.0,0.0666666666666666,0,,,a5000
prior_per_asset,0,train_P3_Laplace_prior,prior_R1,R1,validation,P2_candidate_clock,1,0.0666666666666666,0.1333333333333333,0,,,a5000
prior_per_asset,0,train_P3_Laplace_prior,prior_R1,R1,validation,P2_candidate_clock,2,0.1333333333333333,0.2,0,,,a5000
prior_per_asset,0,train_P3_Laplace_prior,prior_R1,R1,validation,P2_candidate_clock,3,0.2,0.2666666666666666,0,,,a5000
prior_per_asset,0,train_P3_Laplace_prior,prior_R1,R1,validation,P2_candidate_clock,4,0.2666666666666666,0.3333333333333333,0,,,a5000
prior_per_asset,0,train_P3_Laplace_prior,prior_R1,R1,validation,P2_candidate_clock,5,0.3333333333333333,0.4,22638,0.4055570280060076,0.365639208915943,a5000
prior_per_asset,0,train_P3_Laplace_prior,prior_R1,R1,validation,P2_candidate_clock,6,0.4,0.4666666666666667,9702,0.549062049062049,0.4389905490620109,a5000
prior_per_asset,0,train_P3_Laplace_prior,prior_R1,R1,validation,P2_candidate_clock,7,0.4666666666666667,0.5333333333333333,8085,0.5792207792207792,0.4925691458108798,a5000
prior_per_asset,0,train_P3_Laplace_prior,prior_R1,R1,validation,P2_candidate_clock,8,0.5333333333333333,0.6,1617,0.6363636363636364,0.5478107032286598,a5000
prior_per_asset,0,train_P3_Laplace_prior,prior_R1,R1,validation,P2_candidate_clock,9,0.6,0.6666666666666666,1617,0.7520098948670377,0.6633059166887768,a5000
prior_per_asset,0,train_P3_Laplace_prior,prior_R1,R1,validation,P2_candidate_clock,10,0.6666666666666666,0.7333333333333333,0,,,a5000
prior_per_asset,0,train_P3_Laplace_prior,prior_R1,R1,validation,P2_candidate_clock,11,0.7333333333333333,0.8,0,,,a5000
prior_per_asset,0,train_P3_Laplace_prior,prior_R1,R1,validation,P2_candidate_clock,12,0.8,0.8666666666666667,0,,,a5000
prior_per_asset,0,train_P3_Laplace_prior,prior_R1,R1,validation,P2_candidate_clock,13,0.8666666666666667,0.9333333333333332,0,,,a5000
prior_per_asset,0,train_P3_Laplace_prior,prior_R1,R1,validation,P2_candidate_clock,14,0.9333333333333332,1.0,0,,,a5000
prior_per_asset,0,train_P3_Laplace_prior,prior_R1,R1,validation,P3_intersection,0,0.0,0.0666666666666666,0,,,a5000
prior_per_asset,0,train_P3_Laplace_prior,prior_R1,R1,validation,P3_intersection,1,0.0666666666666666,0.1333333333333333,0,,,a5000
prior_per_asset,0,train_P3_Laplace_prior,prior_R1,R1,validation,P3_intersection,2,0.1333333333333333,0.2,0,,,a5000
prior_per_asset,0,train_P3_Laplace_prior,prior_R1,R1,validation,P3_intersection,3,0.2,0.2666666666666666,0,,,a5000
prior_per_asset,0,train_P3_Laplace_prior,prior_R1,R1,validation,P3_intersection,4,0.2666666666666666,0.3333333333333333,0,,,a5000
prior_per_asset,0,train_P3_Laplace_prior,prior_R1,R1,validation,P3_intersection,5,0.3333333333333333,0.4,22510,0.40501999111506,0.3656259512697076,a5000
prior_per_asset,0,train_P3_Laplace_prior,prior_R1,R1,validation,P3_intersection,6,0.4,0.4666666666666667,9581,0.545558918693247,0.4388892854604268,a5000
prior_per_asset,0,train_P3_Laplace_prior,prior_R1,R1,validation,P3_intersection,7,0.4666666666666667,0.5333333333333333,7735,0.5915966386554622,0.4934896233684025,a5000
prior_per_asset,0,train_P3_Laplace_prior,prior_R1,R1,validation,P3_intersection,8,0.5333333333333333,0.6,1612,0.6352357320099256,0.5478107032286598,a5000
prior_per_asset,0,train_P3_Laplace_prior,prior_R1,R1,validation,P3_intersection,9,0.6,0.6666666666666666,1612,0.7512406947890818,0.6633059166887767,a5000
prior_per_asset,0,train_P3_Laplace_prior,prior_R1,R1,validation,P3_intersection,10,0.6666666666666666,0.7333333333333333,0,,,a5000
prior_per_asset,0,train_P3_Laplace_prior,prior_R1,R1,validation,P3_intersection,11,0.7333333333333333,0.8,0,,,a5000
prior_per_asset,0,train_P3_Laplace_prior,prior_R1,R1,validation,P3_intersection,12,0.8,0.8666666666666667,0,,,a5000
prior_per_asset,0,train_P3_Laplace_prior,prior_R1,R1,validation,P3_intersection,13,0.8666666666666667,0.9333333333333332,0,,,a5000
prior_per_asset,0,train_P3_Laplace_prior,prior_R1,R1,validation,P3_intersection,14,0.9333333333333332,1.0,0,,,a5000
prior_global,0,train_P3_Laplace_prior,prior_R1,R1,rolling_evaluation,P0_legacy,0,0.0,0.0666666666666666,0,,,a5000
prior_global,0,train_P3_Laplace_prior,prior_R1,R1,rolling_evaluation,P0_legacy,1,0.0666666666666666,0.1333333333333333,0,,,a5000
prior_global,0,train_P3_Laplace_prior,prior_R1,R1,rolling_evaluation,P0_legacy,2,0.1333333333333333,0.2,0,,,a5000
prior_global,0,train_P3_Laplace_prior,prior_R1,R1,rolling_evaluation,P0_legacy,3,0.2,0.2666666666666666,0,,,a5000
prior_global,0,train_P3_Laplace_prior,prior_R1,R1,rolling_evaluation,P0_legacy,4,0.2666666666666666,0.3333333333333333,0,,,a5000
prior_global,0,train_P3_Laplace_prior,prior_R1,R1,rolling_evaluation,P0_legacy,5,0.3333333333333333,0.4,33858,0.4936499497903007,0.3996401749607988,a5000
prior_global,0,train_P3_Laplace_prior,prior_R1,R1,rolling_evaluation,P0_legacy,6,0.4,0.4666666666666667,0,,,a5000
prior_global,0,train_P3_Laplace_prior,prior_R1,R1,rolling_evaluation,P0_legacy,7,0.4666666666666667,0.5333333333333333,0,,,a5000
prior_global,0,train_P3_Laplace_prior,prior_R1,R1,rolling_evaluation,P0_legacy,8,0.5333333333333333,0.6,0,,,a5000
prior_global,0,train_P3_Laplace_prior,prior_R1,R1,rolling_evaluation,P0_legacy,9,0.6,0.6666666666666666,0,,,a5000
prior_global,0,train_P3_Laplace_prior,prior_R1,R1,rolling_evaluation,P0_legacy,10,0.6666666666666666,0.7333333333333333,0,,,a5000
prior_global,0,train_P3_Laplace_prior,prior_R1,R1,rolling_evaluation,P0_legacy,11,0.7333333333333333,0.8,0,,,a5000
prior_global,0,train_P3_Laplace_prior,prior_R1,R1,rolling_evaluation,P0_legacy,12,0.8,0.8666666666666667,0,,,a5000
prior_global,0,train_P3_Laplace_prior,prior_R1,R1,rolling_evaluation,P0_legacy,13,0.8666666666666667,0.9333333333333332,0,,,a5000
prior_global,0,train_P3_Laplace_prior,prior_R1,R1,rolling_evaluation,P0_legacy,14,0.9333333333333332,1.0,0,,,a5000
prior_global,0,train_P3_Laplace_prior,prior_R1,R1,rolling_evaluation,P1_valid_cache_endpoints,0,0.0,0.0666666666666666,0,,,a5000
prior_global,0,train_P3_Laplace_prior,prior_R1,R1,rolling_evaluation,P1_valid_cache_endpoints,1,0.0666666666666666,0.1333333333333333,0,,,a5000
prior_global,0,train_P3_Laplace_prior,prior_R1,R1,rolling_evaluation,P1_valid_cache_endpoints,2,0.1333333333333333,0.2,0,,,a5000
prior_global,0,train_P3_Laplace_prior,prior_R1,R1,rolling_evaluation,P1_valid_cache_endpoints,3,0.2,0.2666666666666666,0,,,a5000
prior_global,0,train_P3_Laplace_prior,prior_R1,R1,rolling_evaluation,P1_valid_cache_endpoints,4,0.2666666666666666,0.3333333333333333,0,,,a5000
prior_global,0,train_P3_Laplace_prior,prior_R1,R1,rolling_evaluation,P1_valid_cache_endpoints,5,0.3333333333333333,0.4,32557,0.4776238596922321,0.3996401749607988,a5000
prior_global,0,train_P3_Laplace_prior,prior_R1,R1,rolling_evaluation,P1_valid_cache_endpoints,6,0.4,0.4666666666666667,0,,,a5000
prior_global,0,train_P3_Laplace_prior,prior_R1,R1,rolling_evaluation,P1_valid_cache_endpoints,7,0.4666666666666667,0.5333333333333333,0,,,a5000
prior_global,0,train_P3_Laplace_prior,prior_R1,R1,rolling_evaluation,P1_valid_cache_endpoints,8,0.5333333333333333,0.6,0,,,a5000
prior_global,0,train_P3_Laplace_prior,prior_R1,R1,rolling_evaluation,P1_valid_cache_endpoints,9,0.6,0.6666666666666666,0,,,a5000
prior_global,0,train_P3_Laplace_prior,prior_R1,R1,rolling_evaluation,P1_valid_cache_endpoints,10,0.6666666666666666,0.7333333333333333,0,,,a5000
prior_global,0,train_P3_Laplace_prior,prior_R1,R1,rolling_evaluation,P1_valid_cache_endpoints,11,0.7333333333333333,0.8,0,,,a5000
prior_global,0,train_P3_Laplace_prior,prior_R1,R1,rolling_evaluation,P1_valid_cache_endpoints,12,0.8,0.8666666666666667,0,,,a5000
prior_global,0,train_P3_Laplace_prior,prior_R1,R1,rolling_evaluation,P1_valid_cache_endpoints,13,0.8666666666666667,0.9333333333333332,0,,,a5000
prior_global,0,train_P3_Laplace_prior,prior_R1,R1,rolling_evaluation,P1_valid_cache_endpoints,14,0.9333333333333332,1.0,0,,,a5000
prior_global,0,train_P3_Laplace_prior,prior_R1,R1,rolling_evaluation,P2_candidate_clock,0,0.0,0.0666666666666666,0,,,a5000
prior_global,0,train_P3_Laplace_prior,prior_R1,R1,rolling_evaluation,P2_candidate_clock,1,0.0666666666666666,0.1333333333333333,0,,,a5000
prior_global,0,train_P3_Laplace_prior,prior_R1,R1,rolling_evaluation,P2_candidate_clock,2,0.1333333333333333,0.2,0,,,a5000
prior_global,0,train_P3_Laplace_prior,prior_R1,R1,rolling_evaluation,P2_candidate_clock,3,0.2,0.2666666666666666,0,,,a5000
prior_global,0,train_P3_Laplace_prior,prior_R1,R1,rolling_evaluation,P2_candidate_clock,4,0.2666666666666666,0.3333333333333333,0,,,a5000
prior_global,0,train_P3_Laplace_prior,prior_R1,R1,rolling_evaluation,P2_candidate_clock,5,0.3333333333333333,0.4,29403,0.4872972145699418,0.3996401749607988,a5000
prior_global,0,train_P3_Laplace_prior,prior_R1,R1,rolling_evaluation,P2_candidate_clock,6,0.4,0.4666666666666667,0,,,a5000
prior_global,0,train_P3_Laplace_prior,prior_R1,R1,rolling_evaluation,P2_candidate_clock,7,0.4666666666666667,0.5333333333333333,0,,,a5000
prior_global,0,train_P3_Laplace_prior,prior_R1,R1,rolling_evaluation,P2_candidate_clock,8,0.5333333333333333,0.6,0,,,a5000
prior_global,0,train_P3_Laplace_prior,prior_R1,R1,rolling_evaluation,P2_candidate_clock,9,0.6,0.6666666666666666,0,,,a5000
prior_global,0,train_P3_Laplace_prior,prior_R1,R1,rolling_evaluation,P2_candidate_clock,10,0.6666666666666666,0.7333333333333333,0,,,a5000
prior_global,0,train_P3_Laplace_prior,prior_R1,R1,rolling_evaluation,P2_candidate_clock,11,0.7333333333333333,0.8,0,,,a5000
prior_global,0,train_P3_Laplace_prior,prior_R1,R1,rolling_evaluation,P2_candidate_clock,12,0.8,0.8666666666666667,0,,,a5000
prior_global,0,train_P3_Laplace_prior,prior_R1,R1,rolling_evaluation,P2_candidate_clock,13,0.8666666666666667,0.9333333333333332,0,,,a5000
prior_global,0,train_P3_Laplace_prior,prior_R1,R1,rolling_evaluation,P2_candidate_clock,14,0.9333333333333332,1.0,0,,,a5000
prior_global,0,train_P3_Laplace_prior,prior_R1,R1,rolling_evaluation,P3_intersection,0,0.0,0.0666666666666666,0,,,a5000
prior_global,0,train_P3_Laplace_prior,prior_R1,R1,rolling_evaluation,P3_intersection,1,0.0666666666666666,0.1333333333333333,0,,,a5000
prior_global,0,train_P3_Laplace_prior,prior_R1,R1,rolling_evaluation,P3_intersection,2,0.1333333333333333,0.2,0,,,a5000
prior_global,0,train_P3_Laplace_prior,prior_R1,R1,rolling_evaluation,P3_intersection,3,0.2,0.2666666666666666,0,,,a5000
prior_global,0,train_P3_Laplace_prior,prior_R1,R1,rolling_evaluation,P3_intersection,4,0.2666666666666666,0.3333333333333333,0,,,a5000
prior_global,0,train_P3_Laplace_prior,prior_R1,R1,rolling_evaluation,P3_intersection,5,0.3333333333333333,0.4,29021,0.4851659143378932,0.3996401749607988,a5000
prior_global,0,train_P3_Laplace_prior,prior_R1,R1,rolling_evaluation,P3_intersection,6,0.4,0.4666666666666667,0,,,a5000
prior_global,0,train_P3_Laplace_prior,prior_R1,R1,rolling_evaluation,P3_intersection,7,0.4666666666666667,0.5333333333333333,0,,,a5000
prior_global,0,train_P3_Laplace_prior,prior_R1,R1,rolling_evaluation,P3_intersection,8,0.5333333333333333,0.6,0,,,a5000
prior_global,0,train_P3_Laplace_prior,prior_R1,R1,rolling_evaluation,P3_intersection,9,0.6,0.6666666666666666,0,,,a5000
prior_global,0,train_P3_Laplace_prior,prior_R1,R1,rolling_evaluation,P3_intersection,10,0.6666666666666666,0.7333333333333333,0,,,a5000
prior_global,0,train_P3_Laplace_prior,prior_R1,R1,rolling_evaluation,P3_intersection,11,0.7333333333333333,0.8,0,,,a5000
prior_global,0,train_P3_Laplace_prior,prior_R1,R1,rolling_evaluation,P3_intersection,12,0.8,0.8666666666666667,0,,,a5000
prior_global,0,train_P3_Laplace_prior,prior_R1,R1,rolling_evaluation,P3_intersection,13,0.8666666666666667,0.9333333333333332,0,,,a5000
prior_global,0,train_P3_Laplace_prior,prior_R1,R1,rolling_evaluation,P3_intersection,14,0.9333333333333332,1.0,0,,,a5000
prior_global,0,train_P3_Laplace_prior,prior_R1,R1,validation,P0_legacy,0,0.0,0.0666666666666666,0,,,a5000
prior_global,0,train_P3_Laplace_prior,prior_R1,R1,validation,P0_legacy,1,0.0666666666666666,0.1333333333333333,0,,,a5000
prior_global,0,train_P3_Laplace_prior,prior_R1,R1,validation,P0_legacy,2,0.1333333333333333,0.2,0,,,a5000
prior_global,0,train_P3_Laplace_prior,prior_R1,R1,validation,P0_legacy,3,0.2,0.2666666666666666,0,,,a5000
prior_global,0,train_P3_Laplace_prior,prior_R1,R1,validation,P0_legacy,4,0.2666666666666666,0.3333333333333333,0,,,a5000
prior_global,0,train_P3_Laplace_prior,prior_R1,R1,validation,P0_legacy,5,0.3333333333333333,0.4,50274,0.5152961769503123,0.3996401749607988,a5000
prior_global,0,train_P3_Laplace_prior,prior_R1,R1,validation,P0_legacy,6,0.4,0.4666666666666667,0,,,a5000
prior_global,0,train_P3_Laplace_prior,prior_R1,R1,validation,P0_legacy,7,0.4666666666666667,0.5333333333333333,0,,,a5000
prior_global,0,train_P3_Laplace_prior,prior_R1,R1,validation,P0_legacy,8,0.5333333333333333,0.6,0,,,a5000
prior_global,0,train_P3_Laplace_prior,prior_R1,R1,validation,P0_legacy,9,0.6,0.6666666666666666,0,,,a5000
prior_global,0,train_P3_Laplace_prior,prior_R1,R1,validation,P0_legacy,10,0.6666666666666666,0.7333333333333333,0,,,a5000
prior_global,0,train_P3_Laplace_prior,prior_R1,R1,validation,P0_legacy,11,0.7333333333333333,0.8,0,,,a5000
prior_global,0,train_P3_Laplace_prior,prior_R1,R1,validation,P0_legacy,12,0.8,0.8666666666666667,0,,,a5000
prior_global,0,train_P3_Laplace_prior,prior_R1,R1,validation,P0_legacy,13,0.8666666666666667,0.9333333333333332,0,,,a5000
prior_global,0,train_P3_Laplace_prior,prior_R1,R1,validation,P0_legacy,14,0.9333333333333332,1.0,0,,,a5000
prior_global,0,train_P3_Laplace_prior,prior_R1,R1,validation,P1_valid_cache_endpoints,0,0.0,0.0666666666666666,0,,,a5000
prior_global,0,train_P3_Laplace_prior,prior_R1,R1,validation,P1_valid_cache_endpoints,1,0.0666666666666666,0.1333333333333333,0,,,a5000
prior_global,0,train_P3_Laplace_prior,prior_R1,R1,validation,P1_valid_cache_endpoints,2,0.1333333333333333,0.2,0,,,a5000
prior_global,0,train_P3_Laplace_prior,prior_R1,R1,validation,P1_valid_cache_endpoints,3,0.2,0.2666666666666666,0,,,a5000
prior_global,0,train_P3_Laplace_prior,prior_R1,R1,validation,P1_valid_cache_endpoints,4,0.2666666666666666,0.3333333333333333,0,,,a5000
prior_global,0,train_P3_Laplace_prior,prior_R1,R1,validation,P1_valid_cache_endpoints,5,0.3333333333333333,0.4,48280,0.4987779618889809,0.3996401749607988,a5000
prior_global,0,train_P3_Laplace_prior,prior_R1,R1,validation,P1_valid_cache_endpoints,6,0.4,0.4666666666666667,0,,,a5000
prior_global,0,train_P3_Laplace_prior,prior_R1,R1,validation,P1_valid_cache_endpoints,7,0.4666666666666667,0.5333333333333333,0,,,a5000
prior_global,0,train_P3_Laplace_prior,prior_R1,R1,validation,P1_valid_cache_endpoints,8,0.5333333333333333,0.6,0,,,a5000
prior_global,0,train_P3_Laplace_prior,prior_R1,R1,validation,P1_valid_cache_endpoints,9,0.6,0.6666666666666666,0,,,a5000
prior_global,0,train_P3_Laplace_prior,prior_R1,R1,validation,P1_valid_cache_endpoints,10,0.6666666666666666,0.7333333333333333,0,,,a5000
prior_global,0,train_P3_Laplace_prior,prior_R1,R1,validation,P1_valid_cache_endpoints,11,0.7333333333333333,0.8,0,,,a5000
prior_global,0,train_P3_Laplace_prior,prior_R1,R1,validation,P1_valid_cache_endpoints,12,0.8,0.8666666666666667,0,,,a5000
prior_global,0,train_P3_Laplace_prior,prior_R1,R1,validation,P1_valid_cache_endpoints,13,0.8666666666666667,0.9333333333333332,0,,,a5000
prior_global,0,train_P3_Laplace_prior,prior_R1,R1,validation,P1_valid_cache_endpoints,14,0.9333333333333332,1.0,0,,,a5000
prior_global,0,train_P3_Laplace_prior,prior_R1,R1,validation,P2_candidate_clock,0,0.0,0.0666666666666666,0,,,a5000
prior_global,0,train_P3_Laplace_prior,prior_R1,R1,validation,P2_candidate_clock,1,0.0666666666666666,0.1333333333333333,0,,,a5000
prior_global,0,train_P3_Laplace_prior,prior_R1,R1,validation,P2_candidate_clock,2,0.1333333333333333,0.2,0,,,a5000
prior_global,0,train_P3_Laplace_prior,prior_R1,R1,validation,P2_candidate_clock,3,0.2,0.2666666666666666,0,,,a5000
prior_global,0,train_P3_Laplace_prior,prior_R1,R1,validation,P2_candidate_clock,4,0.2666666666666666,0.3333333333333333,0,,,a5000
prior_global,0,train_P3_Laplace_prior,prior_R1,R1,validation,P2_candidate_clock,5,0.3333333333333333,0.4,43659,0.509196271101033,0.3996401749607988,a5000
prior_global,0,train_P3_Laplace_prior,prior_R1,R1,validation,P2_candidate_clock,6,0.4,0.4666666666666667,0,,,a5000
prior_global,0,train_P3_Laplace_prior,prior_R1,R1,validation,P2_candidate_clock,7,0.4666666666666667,0.5333333333333333,0,,,a5000
prior_global,0,train_P3_Laplace_prior,prior_R1,R1,validation,P2_candidate_clock,8,0.5333333333333333,0.6,0,,,a5000
prior_global,0,train_P3_Laplace_prior,prior_R1,R1,validation,P2_candidate_clock,9,0.6,0.6666666666666666,0,,,a5000
prior_global,0,train_P3_Laplace_prior,prior_R1,R1,validation,P2_candidate_clock,10,0.6666666666666666,0.7333333333333333,0,,,a5000
prior_global,0,train_P3_Laplace_prior,prior_R1,R1,validation,P2_candidate_clock,11,0.7333333333333333,0.8,0,,,a5000
prior_global,0,train_P3_Laplace_prior,prior_R1,R1,validation,P2_candidate_clock,12,0.8,0.8666666666666667,0,,,a5000
prior_global,0,train_P3_Laplace_prior,prior_R1,R1,validation,P2_candidate_clock,13,0.8666666666666667,0.9333333333333332,0,,,a5000
prior_global,0,train_P3_Laplace_prior,prior_R1,R1,validation,P2_candidate_clock,14,0.9333333333333332,1.0,0,,,a5000
prior_global,0,train_P3_Laplace_prior,prior_R1,R1,validation,P3_intersection,0,0.0,0.0666666666666666,0,,,a5000
prior_global,0,train_P3_Laplace_prior,prior_R1,R1,validation,P3_intersection,1,0.0666666666666666,0.1333333333333333,0,,,a5000
prior_global,0,train_P3_Laplace_prior,prior_R1,R1,validation,P3_intersection,2,0.1333333333333333,0.2,0,,,a5000
prior_global,0,train_P3_Laplace_prior,prior_R1,R1,validation,P3_intersection,3,0.2,0.2666666666666666,0,,,a5000
prior_global,0,train_P3_Laplace_prior,prior_R1,R1,validation,P3_intersection,4,0.2666666666666666,0.3333333333333333,0,,,a5000
prior_global,0,train_P3_Laplace_prior,prior_R1,R1,validation,P3_intersection,5,0.3333333333333333,0.4,43050,0.5061556329849013,0.3996401749607988,a5000
prior_global,0,train_P3_Laplace_prior,prior_R1,R1,validation,P3_intersection,6,0.4,0.4666666666666667,0,,,a5000
prior_global,0,train_P3_Laplace_prior,prior_R1,R1,validation,P3_intersection,7,0.4666666666666667,0.5333333333333333,0,,,a5000
prior_global,0,train_P3_Laplace_prior,prior_R1,R1,validation,P3_intersection,8,0.5333333333333333,0.6,0,,,a5000
prior_global,0,train_P3_Laplace_prior,prior_R1,R1,validation,P3_intersection,9,0.6,0.6666666666666666,0,,,a5000
prior_global,0,train_P3_Laplace_prior,prior_R1,R1,validation,P3_intersection,10,0.6666666666666666,0.7333333333333333,0,,,a5000
prior_global,0,train_P3_Laplace_prior,prior_R1,R1,validation,P3_intersection,11,0.7333333333333333,0.8,0,,,a5000
prior_global,0,train_P3_Laplace_prior,prior_R1,R1,validation,P3_intersection,12,0.8,0.8666666666666667,0,,,a5000
prior_global,0,train_P3_Laplace_prior,prior_R1,R1,validation,P3_intersection,13,0.8666666666666667,0.9333333333333332,0,,,a5000
prior_global,0,train_P3_Laplace_prior,prior_R1,R1,validation,P3_intersection,14,0.9333333333333332,1.0,0,,,a5000
prior_per_asset,0,train_P3_Laplace_prior,prior_R2,R2,rolling_evaluation,P0_legacy,0,0.0,0.0666666666666666,0,,,a5000
prior_per_asset,0,train_P3_Laplace_prior,prior_R2,R2,rolling_evaluation,P0_legacy,1,0.0666666666666666,0.1333333333333333,0,,,a5000
prior_per_asset,0,train_P3_Laplace_prior,prior_R2,R2,rolling_evaluation,P0_legacy,2,0.1333333333333333,0.2,0,,,a5000
prior_per_asset,0,train_P3_Laplace_prior,prior_R2,R2,rolling_evaluation,P0_legacy,3,0.2,0.2666666666666666,0,,,a5000
prior_per_asset,0,train_P3_Laplace_prior,prior_R2,R2,rolling_evaluation,P0_legacy,4,0.2666666666666666,0.3333333333333333,0,,,a5000
prior_per_asset,0,train_P3_Laplace_prior,prior_R2,R2,rolling_evaluation,P0_legacy,5,0.3333333333333333,0.4,16302,0.4513556618819777,0.3675869084470503,a5000
prior_per_asset,0,train_P3_Laplace_prior,prior_R2,R2,rolling_evaluation,P0_legacy,6,0.4,0.4666666666666667,7524,0.4505582137161084,0.4341036515010562,a5000
prior_per_asset,0,train_P3_Laplace_prior,prior_R2,R2,rolling_evaluation,P0_legacy,7,0.4666666666666667,0.5333333333333333,6270,0.5548644338118023,0.4933967926491685,a5000
prior_per_asset,0,train_P3_Laplace_prior,prior_R2,R2,rolling_evaluation,P0_legacy,8,0.5333333333333333,0.6,2508,0.7563795853269537,0.5429988745238292,a5000
prior_per_asset,0,train_P3_Laplace_prior,prior_R2,R2,rolling_evaluation,P0_legacy,9,0.6,0.6666666666666666,0,,,a5000
prior_per_asset,0,train_P3_Laplace_prior,prior_R2,R2,rolling_evaluation,P0_legacy,10,0.6666666666666666,0.7333333333333333,1254,0.6722488038277512,0.6739569042046646,a5000
prior_per_asset,0,train_P3_Laplace_prior,prior_R2,R2,rolling_evaluation,P0_legacy,11,0.7333333333333333,0.8,0,,,a5000
prior_per_asset,0,train_P3_Laplace_prior,prior_R2,R2,rolling_evaluation,P0_legacy,12,0.8,0.8666666666666667,0,,,a5000
prior_per_asset,0,train_P3_Laplace_prior,prior_R2,R2,rolling_evaluation,P0_legacy,13,0.8666666666666667,0.9333333333333332,0,,,a5000
prior_per_asset,0,train_P3_Laplace_prior,prior_R2,R2,rolling_evaluation,P0_legacy,14,0.9333333333333332,1.0,0,,,a5000
prior_per_asset,0,train_P3_Laplace_prior,prior_R2,R2,rolling_evaluation,P1_valid_cache_endpoints,0,0.0,0.0666666666666666,0,,,a5000
prior_per_asset,0,train_P3_Laplace_prior,prior_R2,R2,rolling_evaluation,P1_valid_cache_endpoints,1,0.0666666666666666,0.1333333333333333,0,,,a5000
prior_per_asset,0,train_P3_Laplace_prior,prior_R2,R2,rolling_evaluation,P1_valid_cache_endpoints,2,0.1333333333333333,0.2,0,,,a5000
prior_per_asset,0,train_P3_Laplace_prior,prior_R2,R2,rolling_evaluation,P1_valid_cache_endpoints,3,0.2,0.2666666666666666,0,,,a5000
prior_per_asset,0,train_P3_Laplace_prior,prior_R2,R2,rolling_evaluation,P1_valid_cache_endpoints,4,0.2666666666666666,0.3333333333333333,0,,,a5000
prior_per_asset,0,train_P3_Laplace_prior,prior_R2,R2,rolling_evaluation,P1_valid_cache_endpoints,5,0.3333333333333333,0.4,15803,0.4441561728785673,0.367535044031054,a5000
prior_per_asset,0,train_P3_Laplace_prior,prior_R2,R2,rolling_evaluation,P1_valid_cache_endpoints,6,0.4,0.4666666666666667,7058,0.4497024652876168,0.433184416991262,a5000
prior_per_asset,0,train_P3_Laplace_prior,prior_R2,R2,rolling_evaluation,P1_valid_cache_endpoints,7,0.4666666666666667,0.5333333333333333,6039,0.5414803775459514,0.4934336239314149,a5000
prior_per_asset,0,train_P3_Laplace_prior,prior_R2,R2,rolling_evaluation,P1_valid_cache_endpoints,8,0.5333333333333333,0.6,2440,0.75,0.5429927356206296,a5000
prior_per_asset,0,train_P3_Laplace_prior,prior_R2,R2,rolling_evaluation,P1_valid_cache_endpoints,9,0.6,0.6666666666666666,0,,,a5000
prior_per_asset,0,train_P3_Laplace_prior,prior_R2,R2,rolling_evaluation,P1_valid_cache_endpoints,10,0.6666666666666666,0.7333333333333333,1221,0.6633906633906634,0.6739569042046646,a5000
prior_per_asset,0,train_P3_Laplace_prior,prior_R2,R2,rolling_evaluation,P1_valid_cache_endpoints,11,0.7333333333333333,0.8,0,,,a5000
prior_per_asset,0,train_P3_Laplace_prior,prior_R2,R2,rolling_evaluation,P1_valid_cache_endpoints,12,0.8,0.8666666666666667,0,,,a5000
prior_per_asset,0,train_P3_Laplace_prior,prior_R2,R2,rolling_evaluation,P1_valid_cache_endpoints,13,0.8666666666666667,0.9333333333333332,0,,,a5000
prior_per_asset,0,train_P3_Laplace_prior,prior_R2,R2,rolling_evaluation,P1_valid_cache_endpoints,14,0.9333333333333332,1.0,0,,,a5000
prior_per_asset,0,train_P3_Laplace_prior,prior_R2,R2,rolling_evaluation,P2_candidate_clock,0,0.0,0.0666666666666666,0,,,a5000
prior_per_asset,0,train_P3_Laplace_prior,prior_R2,R2,rolling_evaluation,P2_candidate_clock,1,0.0666666666666666,0.1333333333333333,0,,,a5000
prior_per_asset,0,train_P3_Laplace_prior,prior_R2,R2,rolling_evaluation,P2_candidate_clock,2,0.1333333333333333,0.2,0,,,a5000
prior_per_asset,0,train_P3_Laplace_prior,prior_R2,R2,rolling_evaluation,P2_candidate_clock,3,0.2,0.2666666666666666,0,,,a5000
prior_per_asset,0,train_P3_Laplace_prior,prior_R2,R2,rolling_evaluation,P2_candidate_clock,4,0.2666666666666666,0.3333333333333333,0,,,a5000
prior_per_asset,0,train_P3_Laplace_prior,prior_R2,R2,rolling_evaluation,P2_candidate_clock,5,0.3333333333333333,0.4,14157,0.4507310870947235,0.3675869084470503,a5000
prior_per_asset,0,train_P3_Laplace_prior,prior_R2,R2,rolling_evaluation,P2_candidate_clock,6,0.4,0.4666666666666667,6534,0.445974900520355,0.434103651501056,a5000
prior_per_asset,0,train_P3_Laplace_prior,prior_R2,R2,rolling_evaluation,P2_candidate_clock,7,0.4666666666666667,0.5333333333333333,5445,0.553902662993572,0.4933967926491686,a5000
prior_per_asset,0,train_P3_Laplace_prior,prior_R2,R2,rolling_evaluation,P2_candidate_clock,8,0.5333333333333333,0.6,2178,0.7649219467401286,0.5429988745238292,a5000
prior_per_asset,0,train_P3_Laplace_prior,prior_R2,R2,rolling_evaluation,P2_candidate_clock,9,0.6,0.6666666666666666,0,,,a5000
prior_per_asset,0,train_P3_Laplace_prior,prior_R2,R2,rolling_evaluation,P2_candidate_clock,10,0.6666666666666666,0.7333333333333333,1089,0.6730945821854912,0.6739569042046646,a5000
prior_per_asset,0,train_P3_Laplace_prior,prior_R2,R2,rolling_evaluation,P2_candidate_clock,11,0.7333333333333333,0.8,0,,,a5000
prior_per_asset,0,train_P3_Laplace_prior,prior_R2,R2,rolling_evaluation,P2_candidate_clock,12,0.8,0.8666666666666667,0,,,a5000
prior_per_asset,0,train_P3_Laplace_prior,prior_R2,R2,rolling_evaluation,P2_candidate_clock,13,0.8666666666666667,0.9333333333333332,0,,,a5000
prior_per_asset,0,train_P3_Laplace_prior,prior_R2,R2,rolling_evaluation,P2_candidate_clock,14,0.9333333333333332,1.0,0,,,a5000
prior_per_asset,0,train_P3_Laplace_prior,prior_R2,R2,rolling_evaluation,P3_intersection,0,0.0,0.0666666666666666,0,,,a5000
prior_per_asset,0,train_P3_Laplace_prior,prior_R2,R2,rolling_evaluation,P3_intersection,1,0.0666666666666666,0.1333333333333333,0,,,a5000
prior_per_asset,0,train_P3_Laplace_prior,prior_R2,R2,rolling_evaluation,P3_intersection,2,0.1333333333333333,0.2,0,,,a5000
prior_per_asset,0,train_P3_Laplace_prior,prior_R2,R2,rolling_evaluation,P3_intersection,3,0.2,0.2666666666666666,0,,,a5000
prior_per_asset,0,train_P3_Laplace_prior,prior_R2,R2,rolling_evaluation,P3_intersection,4,0.2666666666666666,0.3333333333333333,0,,,a5000
prior_per_asset,0,train_P3_Laplace_prior,prior_R2,R2,rolling_evaluation,P3_intersection,5,0.3333333333333333,0.4,14092,0.4501135395969344,0.3675390808508079,a5000
prior_per_asset,0,train_P3_Laplace_prior,prior_R2,R2,rolling_evaluation,P3_intersection,6,0.4,0.4666666666666667,6284,0.455919796308084,0.4331459593352052,a5000
prior_per_asset,0,train_P3_Laplace_prior,prior_R2,R2,rolling_evaluation,P3_intersection,7,0.4666666666666667,0.5333333333333333,5386,0.5531006312662459,0.4934273846206147,a5000
prior_per_asset,0,train_P3_Laplace_prior,prior_R2,R2,rolling_evaluation,P3_intersection,8,0.5333333333333333,0.6,2176,0.7651654411764706,0.5429919908272265,a5000
prior_per_asset,0,train_P3_Laplace_prior,prior_R2,R2,rolling_evaluation,P3_intersection,9,0.6,0.6666666666666666,0,,,a5000
prior_per_asset,0,train_P3_Laplace_prior,prior_R2,R2,rolling_evaluation,P3_intersection,10,0.6666666666666666,0.7333333333333333,1089,0.6730945821854912,0.6739569042046646,a5000
prior_per_asset,0,train_P3_Laplace_prior,prior_R2,R2,rolling_evaluation,P3_intersection,11,0.7333333333333333,0.8,0,,,a5000
prior_per_asset,0,train_P3_Laplace_prior,prior_R2,R2,rolling_evaluation,P3_intersection,12,0.8,0.8666666666666667,0,,,a5000
prior_per_asset,0,train_P3_Laplace_prior,prior_R2,R2,rolling_evaluation,P3_intersection,13,0.8666666666666667,0.9333333333333332,0,,,a5000
prior_per_asset,0,train_P3_Laplace_prior,prior_R2,R2,rolling_evaluation,P3_intersection,14,0.9333333333333332,1.0,0,,,a5000
prior_per_asset,0,train_P3_Laplace_prior,prior_R2,R2,validation,P0_legacy,0,0.0,0.0666666666666666,0,,,a5000
prior_per_asset,0,train_P3_Laplace_prior,prior_R2,R2,validation,P0_legacy,1,0.0666666666666666,0.1333333333333333,0,,,a5000
prior_per_asset,0,train_P3_Laplace_prior,prior_R2,R2,validation,P0_legacy,2,0.1333333333333333,0.2,0,,,a5000
prior_per_asset,0,train_P3_Laplace_prior,prior_R2,R2,validation,P0_legacy,3,0.2,0.2666666666666666,0,,,a5000
prior_per_asset,0,train_P3_Laplace_prior,prior_R2,R2,validation,P0_legacy,4,0.2666666666666666,0.3333333333333333,0,,,a5000
prior_per_asset,0,train_P3_Laplace_prior,prior_R2,R2,validation,P0_legacy,5,0.3333333333333333,0.4,24206,0.419565397009006,0.3675869084470503,a5000
prior_per_asset,0,train_P3_Laplace_prior,prior_R2,R2,validation,P0_legacy,6,0.4,0.4666666666666667,11172,0.4459362692445399,0.4341036515010561,a5000
prior_per_asset,0,train_P3_Laplace_prior,prior_R2,R2,validation,P0_legacy,7,0.4666666666666667,0.5333333333333333,9310,0.5805585392051558,0.4933967926491686,a5000
prior_per_asset,0,train_P3_Laplace_prior,prior_R2,R2,validation,P0_legacy,8,0.5333333333333333,0.6,3724,0.7443609022556391,0.5429988745238292,a5000
prior_per_asset,0,train_P3_Laplace_prior,prior_R2,R2,validation,P0_legacy,9,0.6,0.6666666666666666,0,,,a5000
prior_per_asset,0,train_P3_Laplace_prior,prior_R2,R2,validation,P0_legacy,10,0.6666666666666666,0.7333333333333333,1862,0.7164339419978518,0.6739569042046648,a5000
prior_per_asset,0,train_P3_Laplace_prior,prior_R2,R2,validation,P0_legacy,11,0.7333333333333333,0.8,0,,,a5000
prior_per_asset,0,train_P3_Laplace_prior,prior_R2,R2,validation,P0_legacy,12,0.8,0.8666666666666667,0,,,a5000
prior_per_asset,0,train_P3_Laplace_prior,prior_R2,R2,validation,P0_legacy,13,0.8666666666666667,0.9333333333333332,0,,,a5000
prior_per_asset,0,train_P3_Laplace_prior,prior_R2,R2,validation,P0_legacy,14,0.9333333333333332,1.0,0,,,a5000
prior_per_asset,0,train_P3_Laplace_prior,prior_R2,R2,validation,P1_valid_cache_endpoints,0,0.0,0.0666666666666666,0,,,a5000
prior_per_asset,0,train_P3_Laplace_prior,prior_R2,R2,validation,P1_valid_cache_endpoints,1,0.0666666666666666,0.1333333333333333,0,,,a5000
prior_per_asset,0,train_P3_Laplace_prior,prior_R2,R2,validation,P1_valid_cache_endpoints,2,0.1333333333333333,0.2,0,,,a5000
prior_per_asset,0,train_P3_Laplace_prior,prior_R2,R2,validation,P1_valid_cache_endpoints,3,0.2,0.2666666666666666,0,,,a5000
prior_per_asset,0,train_P3_Laplace_prior,prior_R2,R2,validation,P1_valid_cache_endpoints,4,0.2666666666666666,0.3333333333333333,0,,,a5000
prior_per_asset,0,train_P3_Laplace_prior,prior_R2,R2,validation,P1_valid_cache_endpoints,5,0.3333333333333333,0.4,23523,0.4124473919142966,0.3676075004576075,a5000
prior_per_asset,0,train_P3_Laplace_prior,prior_R2,R2,validation,P1_valid_cache_endpoints,6,0.4,0.4666666666666667,10445,0.4449018669219722,0.4331045966652224,a5000
prior_per_asset,0,train_P3_Laplace_prior,prior_R2,R2,validation,P1_valid_cache_endpoints,7,0.4666666666666667,0.5333333333333333,8993,0.5677749360613811,0.4934419191389341,a5000
prior_per_asset,0,train_P3_Laplace_prior,prior_R2,R2,validation,P1_valid_cache_endpoints,8,0.5333333333333333,0.6,3626,0.7374517374517374,0.5429988745238292,a5000
prior_per_asset,0,train_P3_Laplace_prior,prior_R2,R2,validation,P1_valid_cache_endpoints,9,0.6,0.6666666666666666,0,,,a5000
prior_per_asset,0,train_P3_Laplace_prior,prior_R2,R2,validation,P1_valid_cache_endpoints,10,0.6666666666666666,0.7333333333333333,1813,0.7087699944842802,0.6739569042046647,a5000
prior_per_asset,0,train_P3_Laplace_prior,prior_R2,R2,validation,P1_valid_cache_endpoints,11,0.7333333333333333,0.8,0,,,a5000
prior_per_asset,0,train_P3_Laplace_prior,prior_R2,R2,validation,P1_valid_cache_endpoints,12,0.8,0.8666666666666667,0,,,a5000
prior_per_asset,0,train_P3_Laplace_prior,prior_R2,R2,validation,P1_valid_cache_endpoints,13,0.8666666666666667,0.9333333333333332,0,,,a5000
prior_per_asset,0,train_P3_Laplace_prior,prior_R2,R2,validation,P1_valid_cache_endpoints,14,0.9333333333333332,1.0,0,,,a5000
prior_per_asset,0,train_P3_Laplace_prior,prior_R2,R2,validation,P2_candidate_clock,0,0.0,0.0666666666666666,0,,,a5000
prior_per_asset,0,train_P3_Laplace_prior,prior_R2,R2,validation,P2_candidate_clock,1,0.0666666666666666,0.1333333333333333,0,,,a5000
prior_per_asset,0,train_P3_Laplace_prior,prior_R2,R2,validation,P2_candidate_clock,2,0.1333333333333333,0.2,0,,,a5000
prior_per_asset,0,train_P3_Laplace_prior,prior_R2,R2,validation,P2_candidate_clock,3,0.2,0.2666666666666666,0,,,a5000
prior_per_asset,0,train_P3_Laplace_prior,prior_R2,R2,validation,P2_candidate_clock,4,0.2666666666666666,0.3333333333333333,0,,,a5000
prior_per_asset,0,train_P3_Laplace_prior,prior_R2,R2,validation,P2_candidate_clock,5,0.3333333333333333,0.4,21021,0.4177251320108463,0.3675869084470503,a5000
prior_per_asset,0,train_P3_Laplace_prior,prior_R2,R2,validation,P2_candidate_clock,6,0.4,0.4666666666666667,9702,0.4396000824572253,0.4341036515010561,a5000
prior_per_asset,0,train_P3_Laplace_prior,prior_R2,R2,validation,P2_candidate_clock,7,0.4666666666666667,0.5333333333333333,8085,0.5772418058132344,0.4933967926491686,a5000
prior_per_asset,0,train_P3_Laplace_prior,prior_R2,R2,validation,P2_candidate_clock,8,0.5333333333333333,0.6,3234,0.7523191094619666,0.5429988745238292,a5000
prior_per_asset,0,train_P3_Laplace_prior,prior_R2,R2,validation,P2_candidate_clock,9,0.6,0.6666666666666666,0,,,a5000
prior_per_asset,0,train_P3_Laplace_prior,prior_R2,R2,validation,P2_candidate_clock,10,0.6666666666666666,0.7333333333333333,1617,0.7179962894248608,0.6739569042046648,a5000
prior_per_asset,0,train_P3_Laplace_prior,prior_R2,R2,validation,P2_candidate_clock,11,0.7333333333333333,0.8,0,,,a5000
prior_per_asset,0,train_P3_Laplace_prior,prior_R2,R2,validation,P2_candidate_clock,12,0.8,0.8666666666666667,0,,,a5000
prior_per_asset,0,train_P3_Laplace_prior,prior_R2,R2,validation,P2_candidate_clock,13,0.8666666666666667,0.9333333333333332,0,,,a5000
prior_per_asset,0,train_P3_Laplace_prior,prior_R2,R2,validation,P2_candidate_clock,14,0.9333333333333332,1.0,0,,,a5000
prior_per_asset,0,train_P3_Laplace_prior,prior_R2,R2,validation,P3_intersection,0,0.0,0.0666666666666666,0,,,a5000
prior_per_asset,0,train_P3_Laplace_prior,prior_R2,R2,validation,P3_intersection,1,0.0666666666666666,0.1333333333333333,0,,,a5000
prior_per_asset,0,train_P3_Laplace_prior,prior_R2,R2,validation,P3_intersection,2,0.1333333333333333,0.2,0,,,a5000
prior_per_asset,0,train_P3_Laplace_prior,prior_R2,R2,validation,P3_intersection,3,0.2,0.2666666666666666,0,,,a5000
prior_per_asset,0,train_P3_Laplace_prior,prior_R2,R2,validation,P3_intersection,4,0.2666666666666666,0.3333333333333333,0,,,a5000
prior_per_asset,0,train_P3_Laplace_prior,prior_R2,R2,validation,P3_intersection,5,0.3333333333333333,0.4,20979,0.4180847514180847,0.3676118081446418,a5000
prior_per_asset,0,train_P3_Laplace_prior,prior_R2,R2,validation,P3_intersection,6,0.4,0.4666666666666667,9296,0.449117900172117,0.4330562846510841,a5000
prior_per_asset,0,train_P3_Laplace_prior,prior_R2,R2,validation,P3_intersection,7,0.4666666666666667,0.5333333333333333,8021,0.5761127041516021,0.4934426844306598,a5000
prior_per_asset,0,train_P3_Laplace_prior,prior_R2,R2,validation,P3_intersection,8,0.5333333333333333,0.6,3234,0.7523191094619666,0.5429988745238292,a5000
prior_per_asset,0,train_P3_Laplace_prior,prior_R2,R2,validation,P3_intersection,9,0.6,0.6666666666666666,0,,,a5000
prior_per_asset,0,train_P3_Laplace_prior,prior_R2,R2,validation,P3_intersection,10,0.6666666666666666,0.7333333333333333,1617,0.7179962894248608,0.6739569042046648,a5000
prior_per_asset,0,train_P3_Laplace_prior,prior_R2,R2,validation,P3_intersection,11,0.7333333333333333,0.8,0,,,a5000
prior_per_asset,0,train_P3_Laplace_prior,prior_R2,R2,validation,P3_intersection,12,0.8,0.8666666666666667,0,,,a5000
prior_per_asset,0,train_P3_Laplace_prior,prior_R2,R2,validation,P3_intersection,13,0.8666666666666667,0.9333333333333332,0,,,a5000
prior_per_asset,0,train_P3_Laplace_prior,prior_R2,R2,validation,P3_intersection,14,0.9333333333333332,1.0,0,,,a5000
prior_global,0,train_P3_Laplace_prior,prior_R2,R2,rolling_evaluation,P0_legacy,0,0.0,0.0666666666666666,0,,,a5000
prior_global,0,train_P3_Laplace_prior,prior_R2,R2,rolling_evaluation,P0_legacy,1,0.0666666666666666,0.1333333333333333,0,,,a5000
prior_global,0,train_P3_Laplace_prior,prior_R2,R2,rolling_evaluation,P0_legacy,2,0.1333333333333333,0.2,0,,,a5000
prior_global,0,train_P3_Laplace_prior,prior_R2,R2,rolling_evaluation,P0_legacy,3,0.2,0.2666666666666666,0,,,a5000
prior_global,0,train_P3_Laplace_prior,prior_R2,R2,rolling_evaluation,P0_legacy,4,0.2666666666666666,0.3333333333333333,0,,,a5000
prior_global,0,train_P3_Laplace_prior,prior_R2,R2,rolling_evaluation,P0_legacy,5,0.3333333333333333,0.4,0,,,a5000
prior_global,0,train_P3_Laplace_prior,prior_R2,R2,rolling_evaluation,P0_legacy,6,0.4,0.4666666666666667,33858,0.514856163978971,0.4093488303415107,a5000
prior_global,0,train_P3_Laplace_prior,prior_R2,R2,rolling_evaluation,P0_legacy,7,0.4666666666666667,0.5333333333333333,0,,,a5000
prior_global,0,train_P3_Laplace_prior,prior_R2,R2,rolling_evaluation,P0_legacy,8,0.5333333333333333,0.6,0,,,a5000
prior_global,0,train_P3_Laplace_prior,prior_R2,R2,rolling_evaluation,P0_legacy,9,0.6,0.6666666666666666,0,,,a5000
prior_global,0,train_P3_Laplace_prior,prior_R2,R2,rolling_evaluation,P0_legacy,10,0.6666666666666666,0.7333333333333333,0,,,a5000
prior_global,0,train_P3_Laplace_prior,prior_R2,R2,rolling_evaluation,P0_legacy,11,0.7333333333333333,0.8,0,,,a5000
prior_global,0,train_P3_Laplace_prior,prior_R2,R2,rolling_evaluation,P0_legacy,12,0.8,0.8666666666666667,0,,,a5000
prior_global,0,train_P3_Laplace_prior,prior_R2,R2,rolling_evaluation,P0_legacy,13,0.8666666666666667,0.9333333333333332,0,,,a5000
prior_global,0,train_P3_Laplace_prior,prior_R2,R2,rolling_evaluation,P0_legacy,14,0.9333333333333332,1.0,0,,,a5000
prior_global,0,train_P3_Laplace_prior,prior_R2,R2,rolling_evaluation,P1_valid_cache_endpoints,0,0.0,0.0666666666666666,0,,,a5000
prior_global,0,train_P3_Laplace_prior,prior_R2,R2,rolling_evaluation,P1_valid_cache_endpoints,1,0.0666666666666666,0.1333333333333333,0,,,a5000
prior_global,0,train_P3_Laplace_prior,prior_R2,R2,rolling_evaluation,P1_valid_cache_endpoints,2,0.1333333333333333,0.2,0,,,a5000
prior_global,0,train_P3_Laplace_prior,prior_R2,R2,rolling_evaluation,P1_valid_cache_endpoints,3,0.2,0.2666666666666666,0,,,a5000
prior_global,0,train_P3_Laplace_prior,prior_R2,R2,rolling_evaluation,P1_valid_cache_endpoints,4,0.2666666666666666,0.3333333333333333,0,,,a5000
prior_global,0,train_P3_Laplace_prior,prior_R2,R2,rolling_evaluation,P1_valid_cache_endpoints,5,0.3333333333333333,0.4,0,,,a5000
prior_global,0,train_P3_Laplace_prior,prior_R2,R2,rolling_evaluation,P1_valid_cache_endpoints,6,0.4,0.4666666666666667,32561,0.4993089892816559,0.4093488303415107,a5000
prior_global,0,train_P3_Laplace_prior,prior_R2,R2,rolling_evaluation,P1_valid_cache_endpoints,7,0.4666666666666667,0.5333333333333333,0,,,a5000
prior_global,0,train_P3_Laplace_prior,prior_R2,R2,rolling_evaluation,P1_valid_cache_endpoints,8,0.5333333333333333,0.6,0,,,a5000
prior_global,0,train_P3_Laplace_prior,prior_R2,R2,rolling_evaluation,P1_valid_cache_endpoints,9,0.6,0.6666666666666666,0,,,a5000
prior_global,0,train_P3_Laplace_prior,prior_R2,R2,rolling_evaluation,P1_valid_cache_endpoints,10,0.6666666666666666,0.7333333333333333,0,,,a5000
prior_global,0,train_P3_Laplace_prior,prior_R2,R2,rolling_evaluation,P1_valid_cache_endpoints,11,0.7333333333333333,0.8,0,,,a5000
prior_global,0,train_P3_Laplace_prior,prior_R2,R2,rolling_evaluation,P1_valid_cache_endpoints,12,0.8,0.8666666666666667,0,,,a5000
prior_global,0,train_P3_Laplace_prior,prior_R2,R2,rolling_evaluation,P1_valid_cache_endpoints,13,0.8666666666666667,0.9333333333333332,0,,,a5000
prior_global,0,train_P3_Laplace_prior,prior_R2,R2,rolling_evaluation,P1_valid_cache_endpoints,14,0.9333333333333332,1.0,0,,,a5000
prior_global,0,train_P3_Laplace_prior,prior_R2,R2,rolling_evaluation,P2_candidate_clock,0,0.0,0.0666666666666666,0,,,a5000
prior_global,0,train_P3_Laplace_prior,prior_R2,R2,rolling_evaluation,P2_candidate_clock,1,0.0666666666666666,0.1333333333333333,0,,,a5000
prior_global,0,train_P3_Laplace_prior,prior_R2,R2,rolling_evaluation,P2_candidate_clock,2,0.1333333333333333,0.2,0,,,a5000
prior_global,0,train_P3_Laplace_prior,prior_R2,R2,rolling_evaluation,P2_candidate_clock,3,0.2,0.2666666666666666,0,,,a5000
prior_global,0,train_P3_Laplace_prior,prior_R2,R2,rolling_evaluation,P2_candidate_clock,4,0.2666666666666666,0.3333333333333333,0,,,a5000
prior_global,0,train_P3_Laplace_prior,prior_R2,R2,rolling_evaluation,P2_candidate_clock,5,0.3333333333333333,0.4,0,,,a5000
prior_global,0,train_P3_Laplace_prior,prior_R2,R2,rolling_evaluation,P2_candidate_clock,6,0.4,0.4666666666666667,29403,0.5120906029996939,0.4093488303415107,a5000
prior_global,0,train_P3_Laplace_prior,prior_R2,R2,rolling_evaluation,P2_candidate_clock,7,0.4666666666666667,0.5333333333333333,0,,,a5000
prior_global,0,train_P3_Laplace_prior,prior_R2,R2,rolling_evaluation,P2_candidate_clock,8,0.5333333333333333,0.6,0,,,a5000
prior_global,0,train_P3_Laplace_prior,prior_R2,R2,rolling_evaluation,P2_candidate_clock,9,0.6,0.6666666666666666,0,,,a5000
prior_global,0,train_P3_Laplace_prior,prior_R2,R2,rolling_evaluation,P2_candidate_clock,10,0.6666666666666666,0.7333333333333333,0,,,a5000
prior_global,0,train_P3_Laplace_prior,prior_R2,R2,rolling_evaluation,P2_candidate_clock,11,0.7333333333333333,0.8,0,,,a5000
prior_global,0,train_P3_Laplace_prior,prior_R2,R2,rolling_evaluation,P2_candidate_clock,12,0.8,0.8666666666666667,0,,,a5000
prior_global,0,train_P3_Laplace_prior,prior_R2,R2,rolling_evaluation,P2_candidate_clock,13,0.8666666666666667,0.9333333333333332,0,,,a5000
prior_global,0,train_P3_Laplace_prior,prior_R2,R2,rolling_evaluation,P2_candidate_clock,14,0.9333333333333332,1.0,0,,,a5000
prior_global,0,train_P3_Laplace_prior,prior_R2,R2,rolling_evaluation,P3_intersection,0,0.0,0.0666666666666666,0,,,a5000
prior_global,0,train_P3_Laplace_prior,prior_R2,R2,rolling_evaluation,P3_intersection,1,0.0666666666666666,0.1333333333333333,0,,,a5000
prior_global,0,train_P3_Laplace_prior,prior_R2,R2,rolling_evaluation,P3_intersection,2,0.1333333333333333,0.2,0,,,a5000
prior_global,0,train_P3_Laplace_prior,prior_R2,R2,rolling_evaluation,P3_intersection,3,0.2,0.2666666666666666,0,,,a5000
prior_global,0,train_P3_Laplace_prior,prior_R2,R2,rolling_evaluation,P3_intersection,4,0.2666666666666666,0.3333333333333333,0,,,a5000
prior_global,0,train_P3_Laplace_prior,prior_R2,R2,rolling_evaluation,P3_intersection,5,0.3333333333333333,0.4,0,,,a5000
prior_global,0,train_P3_Laplace_prior,prior_R2,R2,rolling_evaluation,P3_intersection,6,0.4,0.4666666666666667,29027,0.5098701209219003,0.4093488303415107,a5000
prior_global,0,train_P3_Laplace_prior,prior_R2,R2,rolling_evaluation,P3_intersection,7,0.4666666666666667,0.5333333333333333,0,,,a5000
prior_global,0,train_P3_Laplace_prior,prior_R2,R2,rolling_evaluation,P3_intersection,8,0.5333333333333333,0.6,0,,,a5000
prior_global,0,train_P3_Laplace_prior,prior_R2,R2,rolling_evaluation,P3_intersection,9,0.6,0.6666666666666666,0,,,a5000
prior_global,0,train_P3_Laplace_prior,prior_R2,R2,rolling_evaluation,P3_intersection,10,0.6666666666666666,0.7333333333333333,0,,,a5000
prior_global,0,train_P3_Laplace_prior,prior_R2,R2,rolling_evaluation,P3_intersection,11,0.7333333333333333,0.8,0,,,a5000
prior_global,0,train_P3_Laplace_prior,prior_R2,R2,rolling_evaluation,P3_intersection,12,0.8,0.8666666666666667,0,,,a5000
prior_global,0,train_P3_Laplace_prior,prior_R2,R2,rolling_evaluation,P3_intersection,13,0.8666666666666667,0.9333333333333332,0,,,a5000
prior_global,0,train_P3_Laplace_prior,prior_R2,R2,rolling_evaluation,P3_intersection,14,0.9333333333333332,1.0,0,,,a5000
prior_global,0,train_P3_Laplace_prior,prior_R2,R2,validation,P0_legacy,0,0.0,0.0666666666666666,0,,,a5000
prior_global,0,train_P3_Laplace_prior,prior_R2,R2,validation,P0_legacy,1,0.0666666666666666,0.1333333333333333,0,,,a5000
prior_global,0,train_P3_Laplace_prior,prior_R2,R2,validation,P0_legacy,2,0.1333333333333333,0.2,0,,,a5000
prior_global,0,train_P3_Laplace_prior,prior_R2,R2,validation,P0_legacy,3,0.2,0.2666666666666666,0,,,a5000
prior_global,0,train_P3_Laplace_prior,prior_R2,R2,validation,P0_legacy,4,0.2666666666666666,0.3333333333333333,0,,,a5000
prior_global,0,train_P3_Laplace_prior,prior_R2,R2,validation,P0_legacy,5,0.3333333333333333,0.4,0,,,a5000
prior_global,0,train_P3_Laplace_prior,prior_R2,R2,validation,P0_legacy,6,0.4,0.4666666666666667,50274,0.4967975494291283,0.4093488303415107,a5000
prior_global,0,train_P3_Laplace_prior,prior_R2,R2,validation,P0_legacy,7,0.4666666666666667,0.5333333333333333,0,,,a5000
prior_global,0,train_P3_Laplace_prior,prior_R2,R2,validation,P0_legacy,8,0.5333333333333333,0.6,0,,,a5000
prior_global,0,train_P3_Laplace_prior,prior_R2,R2,validation,P0_legacy,9,0.6,0.6666666666666666,0,,,a5000
prior_global,0,train_P3_Laplace_prior,prior_R2,R2,validation,P0_legacy,10,0.6666666666666666,0.7333333333333333,0,,,a5000
prior_global,0,train_P3_Laplace_prior,prior_R2,R2,validation,P0_legacy,11,0.7333333333333333,0.8,0,,,a5000
prior_global,0,train_P3_Laplace_prior,prior_R2,R2,validation,P0_legacy,12,0.8,0.8666666666666667,0,,,a5000
prior_global,0,train_P3_Laplace_prior,prior_R2,R2,validation,P0_legacy,13,0.8666666666666667,0.9333333333333332,0,,,a5000
prior_global,0,train_P3_Laplace_prior,prior_R2,R2,validation,P0_legacy,14,0.9333333333333332,1.0,0,,,a5000
prior_global,0,train_P3_Laplace_prior,prior_R2,R2,validation,P1_valid_cache_endpoints,0,0.0,0.0666666666666666,0,,,a5000
prior_global,0,train_P3_Laplace_prior,prior_R2,R2,validation,P1_valid_cache_endpoints,1,0.0666666666666666,0.1333333333333333,0,,,a5000
prior_global,0,train_P3_Laplace_prior,prior_R2,R2,validation,P1_valid_cache_endpoints,2,0.1333333333333333,0.2,0,,,a5000
prior_global,0,train_P3_Laplace_prior,prior_R2,R2,validation,P1_valid_cache_endpoints,3,0.2,0.2666666666666666,0,,,a5000
prior_global,0,train_P3_Laplace_prior,prior_R2,R2,validation,P1_valid_cache_endpoints,4,0.2666666666666666,0.3333333333333333,0,,,a5000
prior_global,0,train_P3_Laplace_prior,prior_R2,R2,validation,P1_valid_cache_endpoints,5,0.3333333333333333,0.4,0,,,a5000
prior_global,0,train_P3_Laplace_prior,prior_R2,R2,validation,P1_valid_cache_endpoints,6,0.4,0.4666666666666667,48400,0.4812190082644628,0.4093488303415108,a5000
prior_global,0,train_P3_Laplace_prior,prior_R2,R2,validation,P1_valid_cache_endpoints,7,0.4666666666666667,0.5333333333333333,0,,,a5000
prior_global,0,train_P3_Laplace_prior,prior_R2,R2,validation,P1_valid_cache_endpoints,8,0.5333333333333333,0.6,0,,,a5000
prior_global,0,train_P3_Laplace_prior,prior_R2,R2,validation,P1_valid_cache_endpoints,9,0.6,0.6666666666666666,0,,,a5000
prior_global,0,train_P3_Laplace_prior,prior_R2,R2,validation,P1_valid_cache_endpoints,10,0.6666666666666666,0.7333333333333333,0,,,a5000
prior_global,0,train_P3_Laplace_prior,prior_R2,R2,validation,P1_valid_cache_endpoints,11,0.7333333333333333,0.8,0,,,a5000
prior_global,0,train_P3_Laplace_prior,prior_R2,R2,validation,P1_valid_cache_endpoints,12,0.8,0.8666666666666667,0,,,a5000
prior_global,0,train_P3_Laplace_prior,prior_R2,R2,validation,P1_valid_cache_endpoints,13,0.8666666666666667,0.9333333333333332,0,,,a5000
prior_global,0,train_P3_Laplace_prior,prior_R2,R2,validation,P1_valid_cache_endpoints,14,0.9333333333333332,1.0,0,,,a5000
prior_global,0,train_P3_Laplace_prior,prior_R2,R2,validation,P2_candidate_clock,0,0.0,0.0666666666666666,0,,,a5000
prior_global,0,train_P3_Laplace_prior,prior_R2,R2,validation,P2_candidate_clock,1,0.0666666666666666,0.1333333333333333,0,,,a5000
prior_global,0,train_P3_Laplace_prior,prior_R2,R2,validation,P2_candidate_clock,2,0.1333333333333333,0.2,0,,,a5000
prior_global,0,train_P3_Laplace_prior,prior_R2,R2,validation,P2_candidate_clock,3,0.2,0.2666666666666666,0,,,a5000
prior_global,0,train_P3_Laplace_prior,prior_R2,R2,validation,P2_candidate_clock,4,0.2666666666666666,0.3333333333333333,0,,,a5000
prior_global,0,train_P3_Laplace_prior,prior_R2,R2,validation,P2_candidate_clock,5,0.3333333333333333,0.4,0,,,a5000
prior_global,0,train_P3_Laplace_prior,prior_R2,R2,validation,P2_candidate_clock,6,0.4,0.4666666666666667,43659,0.4905059666964428,0.4093488303415107,a5000
prior_global,0,train_P3_Laplace_prior,prior_R2,R2,validation,P2_candidate_clock,7,0.4666666666666667,0.5333333333333333,0,,,a5000
prior_global,0,train_P3_Laplace_prior,prior_R2,R2,validation,P2_candidate_clock,8,0.5333333333333333,0.6,0,,,a5000
prior_global,0,train_P3_Laplace_prior,prior_R2,R2,validation,P2_candidate_clock,9,0.6,0.6666666666666666,0,,,a5000
prior_global,0,train_P3_Laplace_prior,prior_R2,R2,validation,P2_candidate_clock,10,0.6666666666666666,0.7333333333333333,0,,,a5000
prior_global,0,train_P3_Laplace_prior,prior_R2,R2,validation,P2_candidate_clock,11,0.7333333333333333,0.8,0,,,a5000
prior_global,0,train_P3_Laplace_prior,prior_R2,R2,validation,P2_candidate_clock,12,0.8,0.8666666666666667,0,,,a5000
prior_global,0,train_P3_Laplace_prior,prior_R2,R2,validation,P2_candidate_clock,13,0.8666666666666667,0.9333333333333332,0,,,a5000
prior_global,0,train_P3_Laplace_prior,prior_R2,R2,validation,P2_candidate_clock,14,0.9333333333333332,1.0,0,,,a5000
prior_global,0,train_P3_Laplace_prior,prior_R2,R2,validation,P3_intersection,0,0.0,0.0666666666666666,0,,,a5000
prior_global,0,train_P3_Laplace_prior,prior_R2,R2,validation,P3_intersection,1,0.0666666666666666,0.1333333333333333,0,,,a5000
prior_global,0,train_P3_Laplace_prior,prior_R2,R2,validation,P3_intersection,2,0.1333333333333333,0.2,0,,,a5000
prior_global,0,train_P3_Laplace_prior,prior_R2,R2,validation,P3_intersection,3,0.2,0.2666666666666666,0,,,a5000
prior_global,0,train_P3_Laplace_prior,prior_R2,R2,validation,P3_intersection,4,0.2666666666666666,0.3333333333333333,0,,,a5000
prior_global,0,train_P3_Laplace_prior,prior_R2,R2,validation,P3_intersection,5,0.3333333333333333,0.4,0,,,a5000
prior_global,0,train_P3_Laplace_prior,prior_R2,R2,validation,P3_intersection,6,0.4,0.4666666666666667,43147,0.4887709458363269,0.4093488303415108,a5000
prior_global,0,train_P3_Laplace_prior,prior_R2,R2,validation,P3_intersection,7,0.4666666666666667,0.5333333333333333,0,,,a5000
prior_global,0,train_P3_Laplace_prior,prior_R2,R2,validation,P3_intersection,8,0.5333333333333333,0.6,0,,,a5000
prior_global,0,train_P3_Laplace_prior,prior_R2,R2,validation,P3_intersection,9,0.6,0.6666666666666666,0,,,a5000
prior_global,0,train_P3_Laplace_prior,prior_R2,R2,validation,P3_intersection,10,0.6666666666666666,0.7333333333333333,0,,,a5000
prior_global,0,train_P3_Laplace_prior,prior_R2,R2,validation,P3_intersection,11,0.7333333333333333,0.8,0,,,a5000
prior_global,0,train_P3_Laplace_prior,prior_R2,R2,validation,P3_intersection,12,0.8,0.8666666666666667,0,,,a5000
prior_global,0,train_P3_Laplace_prior,prior_R2,R2,validation,P3_intersection,13,0.8666666666666667,0.9333333333333332,0,,,a5000
prior_global,0,train_P3_Laplace_prior,prior_R2,R2,validation,P3_intersection,14,0.9333333333333332,1.0,0,,,a5000
prior_per_asset,0,train_P3_Laplace_prior,prior_R3,R3,rolling_evaluation,P0_legacy,0,0.0,0.0666666666666666,0,,,a5000
prior_per_asset,0,train_P3_Laplace_prior,prior_R3,R3,rolling_evaluation,P0_legacy,1,0.0666666666666666,0.1333333333333333,0,,,a5000
prior_per_asset,0,train_P3_Laplace_prior,prior_R3,R3,rolling_evaluation,P0_legacy,2,0.1333333333333333,0.2,0,,,a5000
prior_per_asset,0,train_P3_Laplace_prior,prior_R3,R3,rolling_evaluation,P0_legacy,3,0.2,0.2666666666666666,0,,,a5000
prior_per_asset,0,train_P3_Laplace_prior,prior_R3,R3,rolling_evaluation,P0_legacy,4,0.2666666666666666,0.3333333333333333,0,,,a5000
prior_per_asset,0,train_P3_Laplace_prior,prior_R3,R3,rolling_evaluation,P0_legacy,5,0.3333333333333333,0.4,13794,0.4105408148470349,0.3649253241290623,a5000
prior_per_asset,0,train_P3_Laplace_prior,prior_R3,R3,rolling_evaluation,P0_legacy,6,0.4,0.4666666666666667,8778,0.4792663476874003,0.4247860767615232,a5000
prior_per_asset,0,train_P3_Laplace_prior,prior_R3,R3,rolling_evaluation,P0_legacy,7,0.4666666666666667,0.5333333333333333,7524,0.5538277511961722,0.496765395578236,a5000
prior_per_asset,0,train_P3_Laplace_prior,prior_R3,R3,rolling_evaluation,P0_legacy,8,0.5333333333333333,0.6,2508,0.6570972886762361,0.5607156963021321,a5000
prior_per_asset,0,train_P3_Laplace_prior,prior_R3,R3,rolling_evaluation,P0_legacy,9,0.6,0.6666666666666666,0,,,a5000
prior_per_asset,0,train_P3_Laplace_prior,prior_R3,R3,rolling_evaluation,P0_legacy,10,0.6666666666666666,0.7333333333333333,1254,0.6395534290271132,0.6775222551928781,a5000
prior_per_asset,0,train_P3_Laplace_prior,prior_R3,R3,rolling_evaluation,P0_legacy,11,0.7333333333333333,0.8,0,,,a5000
prior_per_asset,0,train_P3_Laplace_prior,prior_R3,R3,rolling_evaluation,P0_legacy,12,0.8,0.8666666666666667,0,,,a5000
prior_per_asset,0,train_P3_Laplace_prior,prior_R3,R3,rolling_evaluation,P0_legacy,13,0.8666666666666667,0.9333333333333332,0,,,a5000
prior_per_asset,0,train_P3_Laplace_prior,prior_R3,R3,rolling_evaluation,P0_legacy,14,0.9333333333333332,1.0,0,,,a5000
prior_per_asset,0,train_P3_Laplace_prior,prior_R3,R3,rolling_evaluation,P1_valid_cache_endpoints,0,0.0,0.0666666666666666,0,,,a5000
prior_per_asset,0,train_P3_Laplace_prior,prior_R3,R3,rolling_evaluation,P1_valid_cache_endpoints,1,0.0666666666666666,0.1333333333333333,0,,,a5000
prior_per_asset,0,train_P3_Laplace_prior,prior_R3,R3,rolling_evaluation,P1_valid_cache_endpoints,2,0.1333333333333333,0.2,0,,,a5000
prior_per_asset,0,train_P3_Laplace_prior,prior_R3,R3,rolling_evaluation,P1_valid_cache_endpoints,3,0.2,0.2666666666666666,0,,,a5000
prior_per_asset,0,train_P3_Laplace_prior,prior_R3,R3,rolling_evaluation,P1_valid_cache_endpoints,4,0.2666666666666666,0.3333333333333333,0,,,a5000
prior_per_asset,0,train_P3_Laplace_prior,prior_R3,R3,rolling_evaluation,P1_valid_cache_endpoints,5,0.3333333333333333,0.4,13417,0.4044123127375717,0.364934388637915,a5000
prior_per_asset,0,train_P3_Laplace_prior,prior_R3,R3,rolling_evaluation,P1_valid_cache_endpoints,6,0.4,0.4666666666666667,7667,0.461588626581453,0.4246990734891699,a5000
prior_per_asset,0,train_P3_Laplace_prior,prior_R3,R3,rolling_evaluation,P1_valid_cache_endpoints,7,0.4666666666666667,0.5333333333333333,7293,0.541066776360894,0.4967471887895466,a5000
prior_per_asset,0,train_P3_Laplace_prior,prior_R3,R3,rolling_evaluation,P1_valid_cache_endpoints,8,0.5333333333333333,0.6,2440,0.6475409836065574,0.5607209066050933,a5000
prior_per_asset,0,train_P3_Laplace_prior,prior_R3,R3,rolling_evaluation,P1_valid_cache_endpoints,9,0.6,0.6666666666666666,0,,,a5000
prior_per_asset,0,train_P3_Laplace_prior,prior_R3,R3,rolling_evaluation,P1_valid_cache_endpoints,10,0.6666666666666666,0.7333333333333333,1221,0.6298116298116299,0.6775222551928782,a5000
prior_per_asset,0,train_P3_Laplace_prior,prior_R3,R3,rolling_evaluation,P1_valid_cache_endpoints,11,0.7333333333333333,0.8,0,,,a5000
prior_per_asset,0,train_P3_Laplace_prior,prior_R3,R3,rolling_evaluation,P1_valid_cache_endpoints,12,0.8,0.8666666666666667,0,,,a5000
prior_per_asset,0,train_P3_Laplace_prior,prior_R3,R3,rolling_evaluation,P1_valid_cache_endpoints,13,0.8666666666666667,0.9333333333333332,0,,,a5000
prior_per_asset,0,train_P3_Laplace_prior,prior_R3,R3,rolling_evaluation,P1_valid_cache_endpoints,14,0.9333333333333332,1.0,0,,,a5000
prior_per_asset,0,train_P3_Laplace_prior,prior_R3,R3,rolling_evaluation,P2_candidate_clock,0,0.0,0.0666666666666666,0,,,a5000
prior_per_asset,0,train_P3_Laplace_prior,prior_R3,R3,rolling_evaluation,P2_candidate_clock,1,0.0666666666666666,0.1333333333333333,0,,,a5000
prior_per_asset,0,train_P3_Laplace_prior,prior_R3,R3,rolling_evaluation,P2_candidate_clock,2,0.1333333333333333,0.2,0,,,a5000
prior_per_asset,0,train_P3_Laplace_prior,prior_R3,R3,rolling_evaluation,P2_candidate_clock,3,0.2,0.2666666666666666,0,,,a5000
prior_per_asset,0,train_P3_Laplace_prior,prior_R3,R3,rolling_evaluation,P2_candidate_clock,4,0.2666666666666666,0.3333333333333333,0,,,a5000
prior_per_asset,0,train_P3_Laplace_prior,prior_R3,R3,rolling_evaluation,P2_candidate_clock,5,0.3333333333333333,0.4,11979,0.4095500459136822,0.3649253241290623,a5000
prior_per_asset,0,train_P3_Laplace_prior,prior_R3,R3,rolling_evaluation,P2_candidate_clock,6,0.4,0.4666666666666667,7623,0.4748786566968385,0.4247860767615232,a5000
prior_per_asset,0,train_P3_Laplace_prior,prior_R3,R3,rolling_evaluation,P2_candidate_clock,7,0.4666666666666667,0.5333333333333333,6534,0.5576981940618304,0.496765395578236,a5000
prior_per_asset,0,train_P3_Laplace_prior,prior_R3,R3,rolling_evaluation,P2_candidate_clock,8,0.5333333333333333,0.6,2178,0.6606978879706152,0.5607156963021321,a5000
prior_per_asset,0,train_P3_Laplace_prior,prior_R3,R3,rolling_evaluation,P2_candidate_clock,9,0.6,0.6666666666666666,0,,,a5000
prior_per_asset,0,train_P3_Laplace_prior,prior_R3,R3,rolling_evaluation,P2_candidate_clock,10,0.6666666666666666,0.7333333333333333,1089,0.6363636363636364,0.6775222551928782,a5000
prior_per_asset,0,train_P3_Laplace_prior,prior_R3,R3,rolling_evaluation,P2_candidate_clock,11,0.7333333333333333,0.8,0,,,a5000
prior_per_asset,0,train_P3_Laplace_prior,prior_R3,R3,rolling_evaluation,P2_candidate_clock,12,0.8,0.8666666666666667,0,,,a5000
prior_per_asset,0,train_P3_Laplace_prior,prior_R3,R3,rolling_evaluation,P2_candidate_clock,13,0.8666666666666667,0.9333333333333332,0,,,a5000
prior_per_asset,0,train_P3_Laplace_prior,prior_R3,R3,rolling_evaluation,P2_candidate_clock,14,0.9333333333333332,1.0,0,,,a5000
prior_per_asset,0,train_P3_Laplace_prior,prior_R3,R3,rolling_evaluation,P3_intersection,0,0.0,0.0666666666666666,0,,,a5000
prior_per_asset,0,train_P3_Laplace_prior,prior_R3,R3,rolling_evaluation,P3_intersection,1,0.0666666666666666,0.1333333333333333,0,,,a5000
prior_per_asset,0,train_P3_Laplace_prior,prior_R3,R3,rolling_evaluation,P3_intersection,2,0.1333333333333333,0.2,0,,,a5000
prior_per_asset,0,train_P3_Laplace_prior,prior_R3,R3,rolling_evaluation,P3_intersection,3,0.2,0.2666666666666666,0,,,a5000
prior_per_asset,0,train_P3_Laplace_prior,prior_R3,R3,rolling_evaluation,P3_intersection,4,0.2666666666666666,0.3333333333333333,0,,,a5000
prior_per_asset,0,train_P3_Laplace_prior,prior_R3,R3,rolling_evaluation,P3_intersection,5,0.3333333333333333,0.4,11967,0.4095429096682543,0.3649362604829506,a5000
prior_per_asset,0,train_P3_Laplace_prior,prior_R3,R3,rolling_evaluation,P3_intersection,6,0.4,0.4666666666666667,6807,0.4689290436315557,0.4246216621953942,a5000
prior_per_asset,0,train_P3_Laplace_prior,prior_R3,R3,rolling_evaluation,P3_intersection,7,0.4666666666666667,0.5333333333333333,6501,0.5569912321181357,0.4967449707036149,a5000
prior_per_asset,0,train_P3_Laplace_prior,prior_R3,R3,rolling_evaluation,P3_intersection,8,0.5333333333333333,0.6,2176,0.6603860294117647,0.5607215387374379,a5000
prior_per_asset,0,train_P3_Laplace_prior,prior_R3,R3,rolling_evaluation,P3_intersection,9,0.6,0.6666666666666666,0,,,a5000
prior_per_asset,0,train_P3_Laplace_prior,prior_R3,R3,rolling_evaluation,P3_intersection,10,0.6666666666666666,0.7333333333333333,1089,0.6363636363636364,0.6775222551928782,a5000
prior_per_asset,0,train_P3_Laplace_prior,prior_R3,R3,rolling_evaluation,P3_intersection,11,0.7333333333333333,0.8,0,,,a5000
prior_per_asset,0,train_P3_Laplace_prior,prior_R3,R3,rolling_evaluation,P3_intersection,12,0.8,0.8666666666666667,0,,,a5000
prior_per_asset,0,train_P3_Laplace_prior,prior_R3,R3,rolling_evaluation,P3_intersection,13,0.8666666666666667,0.9333333333333332,0,,,a5000
prior_per_asset,0,train_P3_Laplace_prior,prior_R3,R3,rolling_evaluation,P3_intersection,14,0.9333333333333332,1.0,0,,,a5000
prior_per_asset,0,train_P3_Laplace_prior,prior_R3,R3,validation,P0_legacy,0,0.0,0.0666666666666666,0,,,a5000
prior_per_asset,0,train_P3_Laplace_prior,prior_R3,R3,validation,P0_legacy,1,0.0666666666666666,0.1333333333333333,0,,,a5000
prior_per_asset,0,train_P3_Laplace_prior,prior_R3,R3,validation,P0_legacy,2,0.1333333333333333,0.2,0,,,a5000
prior_per_asset,0,train_P3_Laplace_prior,prior_R3,R3,validation,P0_legacy,3,0.2,0.2666666666666666,0,,,a5000
prior_per_asset,0,train_P3_Laplace_prior,prior_R3,R3,validation,P0_legacy,4,0.2666666666666666,0.3333333333333333,0,,,a5000
prior_per_asset,0,train_P3_Laplace_prior,prior_R3,R3,validation,P0_legacy,5,0.3333333333333333,0.4,20482,0.3997656478859486,0.3649253241290623,a5000
prior_per_asset,0,train_P3_Laplace_prior,prior_R3,R3,validation,P0_legacy,6,0.4,0.4666666666666667,13034,0.4723032069970845,0.4247860767615232,a5000
prior_per_asset,0,train_P3_Laplace_prior,prior_R3,R3,validation,P0_legacy,7,0.4666666666666667,0.5333333333333333,11172,0.5571070533476549,0.496765395578236,a5000
prior_per_asset,0,train_P3_Laplace_prior,prior_R3,R3,validation,P0_legacy,8,0.5333333333333333,0.6,3724,0.7465091299677766,0.560715696302132,a5000
prior_per_asset,0,train_P3_Laplace_prior,prior_R3,R3,validation,P0_legacy,9,0.6,0.6666666666666666,0,,,a5000
prior_per_asset,0,train_P3_Laplace_prior,prior_R3,R3,validation,P0_legacy,10,0.6666666666666666,0.7333333333333333,1862,0.686358754027927,0.6775222551928783,a5000
prior_per_asset,0,train_P3_Laplace_prior,prior_R3,R3,validation,P0_legacy,11,0.7333333333333333,0.8,0,,,a5000
prior_per_asset,0,train_P3_Laplace_prior,prior_R3,R3,validation,P0_legacy,12,0.8,0.8666666666666667,0,,,a5000
prior_per_asset,0,train_P3_Laplace_prior,prior_R3,R3,validation,P0_legacy,13,0.8666666666666667,0.9333333333333332,0,,,a5000
prior_per_asset,0,train_P3_Laplace_prior,prior_R3,R3,validation,P0_legacy,14,0.9333333333333332,1.0,0,,,a5000
prior_per_asset,0,train_P3_Laplace_prior,prior_R3,R3,validation,P1_valid_cache_endpoints,0,0.0,0.0666666666666666,0,,,a5000
prior_per_asset,0,train_P3_Laplace_prior,prior_R3,R3,validation,P1_valid_cache_endpoints,1,0.0666666666666666,0.1333333333333333,0,,,a5000
prior_per_asset,0,train_P3_Laplace_prior,prior_R3,R3,validation,P1_valid_cache_endpoints,2,0.1333333333333333,0.2,0,,,a5000
prior_per_asset,0,train_P3_Laplace_prior,prior_R3,R3,validation,P1_valid_cache_endpoints,3,0.2,0.2666666666666666,0,,,a5000
prior_per_asset,0,train_P3_Laplace_prior,prior_R3,R3,validation,P1_valid_cache_endpoints,4,0.2666666666666666,0.3333333333333333,0,,,a5000
prior_per_asset,0,train_P3_Laplace_prior,prior_R3,R3,validation,P1_valid_cache_endpoints,5,0.3333333333333333,0.4,19903,0.3934582726222178,0.3649443152052241,a5000
prior_per_asset,0,train_P3_Laplace_prior,prior_R3,R3,validation,P1_valid_cache_endpoints,6,0.4,0.4666666666666667,12223,0.4708336742207314,0.4238158801078385,a5000
prior_per_asset,0,train_P3_Laplace_prior,prior_R3,R3,validation,P1_valid_cache_endpoints,7,0.4666666666666667,0.5333333333333333,10768,0.5437407132243685,0.496713659977254,a5000
prior_per_asset,0,train_P3_Laplace_prior,prior_R3,R3,validation,P1_valid_cache_endpoints,8,0.5333333333333333,0.6,3624,0.7397902869757175,0.5607121882615069,a5000
prior_per_asset,0,train_P3_Laplace_prior,prior_R3,R3,validation,P1_valid_cache_endpoints,9,0.6,0.6666666666666666,0,,,a5000
prior_per_asset,0,train_P3_Laplace_prior,prior_R3,R3,validation,P1_valid_cache_endpoints,10,0.6666666666666666,0.7333333333333333,1813,0.6778819635962493,0.6775222551928782,a5000
prior_per_asset,0,train_P3_Laplace_prior,prior_R3,R3,validation,P1_valid_cache_endpoints,11,0.7333333333333333,0.8,0,,,a5000
prior_per_asset,0,train_P3_Laplace_prior,prior_R3,R3,validation,P1_valid_cache_endpoints,12,0.8,0.8666666666666667,0,,,a5000
prior_per_asset,0,train_P3_Laplace_prior,prior_R3,R3,validation,P1_valid_cache_endpoints,13,0.8666666666666667,0.9333333333333332,0,,,a5000
prior_per_asset,0,train_P3_Laplace_prior,prior_R3,R3,validation,P1_valid_cache_endpoints,14,0.9333333333333332,1.0,0,,,a5000
prior_per_asset,0,train_P3_Laplace_prior,prior_R3,R3,validation,P2_candidate_clock,0,0.0,0.0666666666666666,0,,,a5000
prior_per_asset,0,train_P3_Laplace_prior,prior_R3,R3,validation,P2_candidate_clock,1,0.0666666666666666,0.1333333333333333,0,,,a5000
prior_per_asset,0,train_P3_Laplace_prior,prior_R3,R3,validation,P2_candidate_clock,2,0.1333333333333333,0.2,0,,,a5000
prior_per_asset,0,train_P3_Laplace_prior,prior_R3,R3,validation,P2_candidate_clock,3,0.2,0.2666666666666666,0,,,a5000
prior_per_asset,0,train_P3_Laplace_prior,prior_R3,R3,validation,P2_candidate_clock,4,0.2666666666666666,0.3333333333333333,0,,,a5000
prior_per_asset,0,train_P3_Laplace_prior,prior_R3,R3,validation,P2_candidate_clock,5,0.3333333333333333,0.4,17787,0.3979872940911902,0.3649253241290623,a5000
prior_per_asset,0,train_P3_Laplace_prior,prior_R3,R3,validation,P2_candidate_clock,6,0.4,0.4666666666666667,11319,0.4679742026680802,0.4247860767615232,a5000
prior_per_asset,0,train_P3_Laplace_prior,prior_R3,R3,validation,P2_candidate_clock,7,0.4666666666666667,0.5333333333333333,9702,0.5547309833024119,0.496765395578236,a5000
prior_per_asset,0,train_P3_Laplace_prior,prior_R3,R3,validation,P2_candidate_clock,8,0.5333333333333333,0.6,3234,0.7541743970315399,0.560715696302132,a5000
prior_per_asset,0,train_P3_Laplace_prior,prior_R3,R3,validation,P2_candidate_clock,9,0.6,0.6666666666666666,0,,,a5000
prior_per_asset,0,train_P3_Laplace_prior,prior_R3,R3,validation,P2_candidate_clock,10,0.6666666666666666,0.7333333333333333,1617,0.6876932591218305,0.6775222551928783,a5000
prior_per_asset,0,train_P3_Laplace_prior,prior_R3,R3,validation,P2_candidate_clock,11,0.7333333333333333,0.8,0,,,a5000
prior_per_asset,0,train_P3_Laplace_prior,prior_R3,R3,validation,P2_candidate_clock,12,0.8,0.8666666666666667,0,,,a5000
prior_per_asset,0,train_P3_Laplace_prior,prior_R3,R3,validation,P2_candidate_clock,13,0.8666666666666667,0.9333333333333332,0,,,a5000
prior_per_asset,0,train_P3_Laplace_prior,prior_R3,R3,validation,P2_candidate_clock,14,0.9333333333333332,1.0,0,,,a5000
prior_per_asset,0,train_P3_Laplace_prior,prior_R3,R3,validation,P3_intersection,0,0.0,0.0666666666666666,0,,,a5000
prior_per_asset,0,train_P3_Laplace_prior,prior_R3,R3,validation,P3_intersection,1,0.0666666666666666,0.1333333333333333,0,,,a5000
prior_per_asset,0,train_P3_Laplace_prior,prior_R3,R3,validation,P3_intersection,2,0.1333333333333333,0.2,0,,,a5000
prior_per_asset,0,train_P3_Laplace_prior,prior_R3,R3,validation,P3_intersection,3,0.2,0.2666666666666666,0,,,a5000
prior_per_asset,0,train_P3_Laplace_prior,prior_R3,R3,validation,P3_intersection,4,0.2666666666666666,0.3333333333333333,0,,,a5000
prior_per_asset,0,train_P3_Laplace_prior,prior_R3,R3,validation,P3_intersection,5,0.3333333333333333,0.4,17747,0.3980954527525779,0.3649466223422165,a5000
prior_per_asset,0,train_P3_Laplace_prior,prior_R3,R3,validation,P3_intersection,6,0.4,0.4666666666666667,10885,0.4773541570969223,0.4237718000107565,a5000
prior_per_asset,0,train_P3_Laplace_prior,prior_R3,R3,validation,P3_intersection,7,0.4666666666666667,0.5333333333333333,9604,0.5538317367763432,0.4967156874912903,a5000
prior_per_asset,0,train_P3_Laplace_prior,prior_R3,R3,validation,P3_intersection,8,0.5333333333333333,0.6,3232,0.7543316831683168,0.5607117627813322,a5000
prior_per_asset,0,train_P3_Laplace_prior,prior_R3,R3,validation,P3_intersection,9,0.6,0.6666666666666666,0,,,a5000
prior_per_asset,0,train_P3_Laplace_prior,prior_R3,R3,validation,P3_intersection,10,0.6666666666666666,0.7333333333333333,1617,0.6876932591218305,0.6775222551928783,a5000
prior_per_asset,0,train_P3_Laplace_prior,prior_R3,R3,validation,P3_intersection,11,0.7333333333333333,0.8,0,,,a5000
prior_per_asset,0,train_P3_Laplace_prior,prior_R3,R3,validation,P3_intersection,12,0.8,0.8666666666666667,0,,,a5000
prior_per_asset,0,train_P3_Laplace_prior,prior_R3,R3,validation,P3_intersection,13,0.8666666666666667,0.9333333333333332,0,,,a5000
prior_per_asset,0,train_P3_Laplace_prior,prior_R3,R3,validation,P3_intersection,14,0.9333333333333332,1.0,0,,,a5000
prior_global,0,train_P3_Laplace_prior,prior_R3,R3,rolling_evaluation,P0_legacy,0,0.0,0.0666666666666666,0,,,a5000
prior_global,0,train_P3_Laplace_prior,prior_R3,R3,rolling_evaluation,P0_legacy,1,0.0666666666666666,0.1333333333333333,0,,,a5000
prior_global,0,train_P3_Laplace_prior,prior_R3,R3,rolling_evaluation,P0_legacy,2,0.1333333333333333,0.2,0,,,a5000
prior_global,0,train_P3_Laplace_prior,prior_R3,R3,rolling_evaluation,P0_legacy,3,0.2,0.2666666666666666,0,,,a5000
prior_global,0,train_P3_Laplace_prior,prior_R3,R3,rolling_evaluation,P0_legacy,4,0.2666666666666666,0.3333333333333333,0,,,a5000
prior_global,0,train_P3_Laplace_prior,prior_R3,R3,rolling_evaluation,P0_legacy,5,0.3333333333333333,0.4,0,,,a5000
prior_global,0,train_P3_Laplace_prior,prior_R3,R3,rolling_evaluation,P0_legacy,6,0.4,0.4666666666666667,33858,0.4819835784748065,0.4163873019743001,a5000
prior_global,0,train_P3_Laplace_prior,prior_R3,R3,rolling_evaluation,P0_legacy,7,0.4666666666666667,0.5333333333333333,0,,,a5000
prior_global,0,train_P3_Laplace_prior,prior_R3,R3,rolling_evaluation,P0_legacy,8,0.5333333333333333,0.6,0,,,a5000
prior_global,0,train_P3_Laplace_prior,prior_R3,R3,rolling_evaluation,P0_legacy,9,0.6,0.6666666666666666,0,,,a5000
prior_global,0,train_P3_Laplace_prior,prior_R3,R3,rolling_evaluation,P0_legacy,10,0.6666666666666666,0.7333333333333333,0,,,a5000
prior_global,0,train_P3_Laplace_prior,prior_R3,R3,rolling_evaluation,P0_legacy,11,0.7333333333333333,0.8,0,,,a5000
prior_global,0,train_P3_Laplace_prior,prior_R3,R3,rolling_evaluation,P0_legacy,12,0.8,0.8666666666666667,0,,,a5000
prior_global,0,train_P3_Laplace_prior,prior_R3,R3,rolling_evaluation,P0_legacy,13,0.8666666666666667,0.9333333333333332,0,,,a5000
prior_global,0,train_P3_Laplace_prior,prior_R3,R3,rolling_evaluation,P0_legacy,14,0.9333333333333332,1.0,0,,,a5000
prior_global,0,train_P3_Laplace_prior,prior_R3,R3,rolling_evaluation,P1_valid_cache_endpoints,0,0.0,0.0666666666666666,0,,,a5000
prior_global,0,train_P3_Laplace_prior,prior_R3,R3,rolling_evaluation,P1_valid_cache_endpoints,1,0.0666666666666666,0.1333333333333333,0,,,a5000
prior_global,0,train_P3_Laplace_prior,prior_R3,R3,rolling_evaluation,P1_valid_cache_endpoints,2,0.1333333333333333,0.2,0,,,a5000
prior_global,0,train_P3_Laplace_prior,prior_R3,R3,rolling_evaluation,P1_valid_cache_endpoints,3,0.2,0.2666666666666666,0,,,a5000
prior_global,0,train_P3_Laplace_prior,prior_R3,R3,rolling_evaluation,P1_valid_cache_endpoints,4,0.2666666666666666,0.3333333333333333,0,,,a5000
prior_global,0,train_P3_Laplace_prior,prior_R3,R3,rolling_evaluation,P1_valid_cache_endpoints,5,0.3333333333333333,0.4,0,,,a5000
prior_global,0,train_P3_Laplace_prior,prior_R3,R3,rolling_evaluation,P1_valid_cache_endpoints,6,0.4,0.4666666666666667,32038,0.4621699232161808,0.4163873019743001,a5000
prior_global,0,train_P3_Laplace_prior,prior_R3,R3,rolling_evaluation,P1_valid_cache_endpoints,7,0.4666666666666667,0.5333333333333333,0,,,a5000
prior_global,0,train_P3_Laplace_prior,prior_R3,R3,rolling_evaluation,P1_valid_cache_endpoints,8,0.5333333333333333,0.6,0,,,a5000
prior_global,0,train_P3_Laplace_prior,prior_R3,R3,rolling_evaluation,P1_valid_cache_endpoints,9,0.6,0.6666666666666666,0,,,a5000
prior_global,0,train_P3_Laplace_prior,prior_R3,R3,rolling_evaluation,P1_valid_cache_endpoints,10,0.6666666666666666,0.7333333333333333,0,,,a5000
prior_global,0,train_P3_Laplace_prior,prior_R3,R3,rolling_evaluation,P1_valid_cache_endpoints,11,0.7333333333333333,0.8,0,,,a5000
prior_global,0,train_P3_Laplace_prior,prior_R3,R3,rolling_evaluation,P1_valid_cache_endpoints,12,0.8,0.8666666666666667,0,,,a5000
prior_global,0,train_P3_Laplace_prior,prior_R3,R3,rolling_evaluation,P1_valid_cache_endpoints,13,0.8666666666666667,0.9333333333333332,0,,,a5000
prior_global,0,train_P3_Laplace_prior,prior_R3,R3,rolling_evaluation,P1_valid_cache_endpoints,14,0.9333333333333332,1.0,0,,,a5000
prior_global,0,train_P3_Laplace_prior,prior_R3,R3,rolling_evaluation,P2_candidate_clock,0,0.0,0.0666666666666666,0,,,a5000
prior_global,0,train_P3_Laplace_prior,prior_R3,R3,rolling_evaluation,P2_candidate_clock,1,0.0666666666666666,0.1333333333333333,0,,,a5000
prior_global,0,train_P3_Laplace_prior,prior_R3,R3,rolling_evaluation,P2_candidate_clock,2,0.1333333333333333,0.2,0,,,a5000
prior_global,0,train_P3_Laplace_prior,prior_R3,R3,rolling_evaluation,P2_candidate_clock,3,0.2,0.2666666666666666,0,,,a5000
prior_global,0,train_P3_Laplace_prior,prior_R3,R3,rolling_evaluation,P2_candidate_clock,4,0.2666666666666666,0.3333333333333333,0,,,a5000
prior_global,0,train_P3_Laplace_prior,prior_R3,R3,rolling_evaluation,P2_candidate_clock,5,0.3333333333333333,0.4,0,,,a5000
prior_global,0,train_P3_Laplace_prior,prior_R3,R3,rolling_evaluation,P2_candidate_clock,6,0.4,0.4666666666666667,29403,0.4777063564942352,0.4163873019743002,a5000
prior_global,0,train_P3_Laplace_prior,prior_R3,R3,rolling_evaluation,P2_candidate_clock,7,0.4666666666666667,0.5333333333333333,0,,,a5000
prior_global,0,train_P3_Laplace_prior,prior_R3,R3,rolling_evaluation,P2_candidate_clock,8,0.5333333333333333,0.6,0,,,a5000
prior_global,0,train_P3_Laplace_prior,prior_R3,R3,rolling_evaluation,P2_candidate_clock,9,0.6,0.6666666666666666,0,,,a5000
prior_global,0,train_P3_Laplace_prior,prior_R3,R3,rolling_evaluation,P2_candidate_clock,10,0.6666666666666666,0.7333333333333333,0,,,a5000
prior_global,0,train_P3_Laplace_prior,prior_R3,R3,rolling_evaluation,P2_candidate_clock,11,0.7333333333333333,0.8,0,,,a5000
prior_global,0,train_P3_Laplace_prior,prior_R3,R3,rolling_evaluation,P2_candidate_clock,12,0.8,0.8666666666666667,0,,,a5000
prior_global,0,train_P3_Laplace_prior,prior_R3,R3,rolling_evaluation,P2_candidate_clock,13,0.8666666666666667,0.9333333333333332,0,,,a5000
prior_global,0,train_P3_Laplace_prior,prior_R3,R3,rolling_evaluation,P2_candidate_clock,14,0.9333333333333332,1.0,0,,,a5000
prior_global,0,train_P3_Laplace_prior,prior_R3,R3,rolling_evaluation,P3_intersection,0,0.0,0.0666666666666666,0,,,a5000
prior_global,0,train_P3_Laplace_prior,prior_R3,R3,rolling_evaluation,P3_intersection,1,0.0666666666666666,0.1333333333333333,0,,,a5000
prior_global,0,train_P3_Laplace_prior,prior_R3,R3,rolling_evaluation,P3_intersection,2,0.1333333333333333,0.2,0,,,a5000
prior_global,0,train_P3_Laplace_prior,prior_R3,R3,rolling_evaluation,P3_intersection,3,0.2,0.2666666666666666,0,,,a5000
prior_global,0,train_P3_Laplace_prior,prior_R3,R3,rolling_evaluation,P3_intersection,4,0.2666666666666666,0.3333333333333333,0,,,a5000
prior_global,0,train_P3_Laplace_prior,prior_R3,R3,rolling_evaluation,P3_intersection,5,0.3333333333333333,0.4,0,,,a5000
prior_global,0,train_P3_Laplace_prior,prior_R3,R3,rolling_evaluation,P3_intersection,6,0.4,0.4666666666666667,28540,0.4721443587946741,0.4163873019743001,a5000
prior_global,0,train_P3_Laplace_prior,prior_R3,R3,rolling_evaluation,P3_intersection,7,0.4666666666666667,0.5333333333333333,0,,,a5000
prior_global,0,train_P3_Laplace_prior,prior_R3,R3,rolling_evaluation,P3_intersection,8,0.5333333333333333,0.6,0,,,a5000
prior_global,0,train_P3_Laplace_prior,prior_R3,R3,rolling_evaluation,P3_intersection,9,0.6,0.6666666666666666,0,,,a5000
prior_global,0,train_P3_Laplace_prior,prior_R3,R3,rolling_evaluation,P3_intersection,10,0.6666666666666666,0.7333333333333333,0,,,a5000
prior_global,0,train_P3_Laplace_prior,prior_R3,R3,rolling_evaluation,P3_intersection,11,0.7333333333333333,0.8,0,,,a5000
prior_global,0,train_P3_Laplace_prior,prior_R3,R3,rolling_evaluation,P3_intersection,12,0.8,0.8666666666666667,0,,,a5000
prior_global,0,train_P3_Laplace_prior,prior_R3,R3,rolling_evaluation,P3_intersection,13,0.8666666666666667,0.9333333333333332,0,,,a5000
prior_global,0,train_P3_Laplace_prior,prior_R3,R3,rolling_evaluation,P3_intersection,14,0.9333333333333332,1.0,0,,,a5000
prior_global,0,train_P3_Laplace_prior,prior_R3,R3,validation,P0_legacy,0,0.0,0.0666666666666666,0,,,a5000
prior_global,0,train_P3_Laplace_prior,prior_R3,R3,validation,P0_legacy,1,0.0666666666666666,0.1333333333333333,0,,,a5000
prior_global,0,train_P3_Laplace_prior,prior_R3,R3,validation,P0_legacy,2,0.1333333333333333,0.2,0,,,a5000
prior_global,0,train_P3_Laplace_prior,prior_R3,R3,validation,P0_legacy,3,0.2,0.2666666666666666,0,,,a5000
prior_global,0,train_P3_Laplace_prior,prior_R3,R3,validation,P0_legacy,4,0.2666666666666666,0.3333333333333333,0,,,a5000
prior_global,0,train_P3_Laplace_prior,prior_R3,R3,validation,P0_legacy,5,0.3333333333333333,0.4,0,,,a5000
prior_global,0,train_P3_Laplace_prior,prior_R3,R3,validation,P0_legacy,6,0.4,0.4666666666666667,50274,0.5042168914349365,0.4163873019743001,a5000
prior_global,0,train_P3_Laplace_prior,prior_R3,R3,validation,P0_legacy,7,0.4666666666666667,0.5333333333333333,0,,,a5000
prior_global,0,train_P3_Laplace_prior,prior_R3,R3,validation,P0_legacy,8,0.5333333333333333,0.6,0,,,a5000
prior_global,0,train_P3_Laplace_prior,prior_R3,R3,validation,P0_legacy,9,0.6,0.6666666666666666,0,,,a5000
prior_global,0,train_P3_Laplace_prior,prior_R3,R3,validation,P0_legacy,10,0.6666666666666666,0.7333333333333333,0,,,a5000
prior_global,0,train_P3_Laplace_prior,prior_R3,R3,validation,P0_legacy,11,0.7333333333333333,0.8,0,,,a5000
prior_global,0,train_P3_Laplace_prior,prior_R3,R3,validation,P0_legacy,12,0.8,0.8666666666666667,0,,,a5000
prior_global,0,train_P3_Laplace_prior,prior_R3,R3,validation,P0_legacy,13,0.8666666666666667,0.9333333333333332,0,,,a5000
prior_global,0,train_P3_Laplace_prior,prior_R3,R3,validation,P0_legacy,14,0.9333333333333332,1.0,0,,,a5000
prior_global,0,train_P3_Laplace_prior,prior_R3,R3,validation,P1_valid_cache_endpoints,0,0.0,0.0666666666666666,0,,,a5000
prior_global,0,train_P3_Laplace_prior,prior_R3,R3,validation,P1_valid_cache_endpoints,1,0.0666666666666666,0.1333333333333333,0,,,a5000
prior_global,0,train_P3_Laplace_prior,prior_R3,R3,validation,P1_valid_cache_endpoints,2,0.1333333333333333,0.2,0,,,a5000
prior_global,0,train_P3_Laplace_prior,prior_R3,R3,validation,P1_valid_cache_endpoints,3,0.2,0.2666666666666666,0,,,a5000
prior_global,0,train_P3_Laplace_prior,prior_R3,R3,validation,P1_valid_cache_endpoints,4,0.2666666666666666,0.3333333333333333,0,,,a5000
prior_global,0,train_P3_Laplace_prior,prior_R3,R3,validation,P1_valid_cache_endpoints,5,0.3333333333333333,0.4,0,,,a5000
prior_global,0,train_P3_Laplace_prior,prior_R3,R3,validation,P1_valid_cache_endpoints,6,0.4,0.4666666666666667,48331,0.4882166725290186,0.4163873019743001,a5000
prior_global,0,train_P3_Laplace_prior,prior_R3,R3,validation,P1_valid_cache_endpoints,7,0.4666666666666667,0.5333333333333333,0,,,a5000
prior_global,0,train_P3_Laplace_prior,prior_R3,R3,validation,P1_valid_cache_endpoints,8,0.5333333333333333,0.6,0,,,a5000
prior_global,0,train_P3_Laplace_prior,prior_R3,R3,validation,P1_valid_cache_endpoints,9,0.6,0.6666666666666666,0,,,a5000
prior_global,0,train_P3_Laplace_prior,prior_R3,R3,validation,P1_valid_cache_endpoints,10,0.6666666666666666,0.7333333333333333,0,,,a5000
prior_global,0,train_P3_Laplace_prior,prior_R3,R3,validation,P1_valid_cache_endpoints,11,0.7333333333333333,0.8,0,,,a5000
prior_global,0,train_P3_Laplace_prior,prior_R3,R3,validation,P1_valid_cache_endpoints,12,0.8,0.8666666666666667,0,,,a5000
prior_global,0,train_P3_Laplace_prior,prior_R3,R3,validation,P1_valid_cache_endpoints,13,0.8666666666666667,0.9333333333333332,0,,,a5000
prior_global,0,train_P3_Laplace_prior,prior_R3,R3,validation,P1_valid_cache_endpoints,14,0.9333333333333332,1.0,0,,,a5000
prior_global,0,train_P3_Laplace_prior,prior_R3,R3,validation,P2_candidate_clock,0,0.0,0.0666666666666666,0,,,a5000
prior_global,0,train_P3_Laplace_prior,prior_R3,R3,validation,P2_candidate_clock,1,0.0666666666666666,0.1333333333333333,0,,,a5000
prior_global,0,train_P3_Laplace_prior,prior_R3,R3,validation,P2_candidate_clock,2,0.1333333333333333,0.2,0,,,a5000
prior_global,0,train_P3_Laplace_prior,prior_R3,R3,validation,P2_candidate_clock,3,0.2,0.2666666666666666,0,,,a5000
prior_global,0,train_P3_Laplace_prior,prior_R3,R3,validation,P2_candidate_clock,4,0.2666666666666666,0.3333333333333333,0,,,a5000
prior_global,0,train_P3_Laplace_prior,prior_R3,R3,validation,P2_candidate_clock,5,0.3333333333333333,0.4,0,,,a5000
prior_global,0,train_P3_Laplace_prior,prior_R3,R3,validation,P2_candidate_clock,6,0.4,0.4666666666666667,43659,0.4999885476075952,0.4163873019743001,a5000
prior_global,0,train_P3_Laplace_prior,prior_R3,R3,validation,P2_candidate_clock,7,0.4666666666666667,0.5333333333333333,0,,,a5000
prior_global,0,train_P3_Laplace_prior,prior_R3,R3,validation,P2_candidate_clock,8,0.5333333333333333,0.6,0,,,a5000
prior_global,0,train_P3_Laplace_prior,prior_R3,R3,validation,P2_candidate_clock,9,0.6,0.6666666666666666,0,,,a5000
prior_global,0,train_P3_Laplace_prior,prior_R3,R3,validation,P2_candidate_clock,10,0.6666666666666666,0.7333333333333333,0,,,a5000
prior_global,0,train_P3_Laplace_prior,prior_R3,R3,validation,P2_candidate_clock,11,0.7333333333333333,0.8,0,,,a5000
prior_global,0,train_P3_Laplace_prior,prior_R3,R3,validation,P2_candidate_clock,12,0.8,0.8666666666666667,0,,,a5000
prior_global,0,train_P3_Laplace_prior,prior_R3,R3,validation,P2_candidate_clock,13,0.8666666666666667,0.9333333333333332,0,,,a5000
prior_global,0,train_P3_Laplace_prior,prior_R3,R3,validation,P2_candidate_clock,14,0.9333333333333332,1.0,0,,,a5000
prior_global,0,train_P3_Laplace_prior,prior_R3,R3,validation,P3_intersection,0,0.0,0.0666666666666666,0,,,a5000
prior_global,0,train_P3_Laplace_prior,prior_R3,R3,validation,P3_intersection,1,0.0666666666666666,0.1333333333333333,0,,,a5000
prior_global,0,train_P3_Laplace_prior,prior_R3,R3,validation,P3_intersection,2,0.1333333333333333,0.2,0,,,a5000
prior_global,0,train_P3_Laplace_prior,prior_R3,R3,validation,P3_intersection,3,0.2,0.2666666666666666,0,,,a5000
prior_global,0,train_P3_Laplace_prior,prior_R3,R3,validation,P3_intersection,4,0.2666666666666666,0.3333333333333333,0,,,a5000
prior_global,0,train_P3_Laplace_prior,prior_R3,R3,validation,P3_intersection,5,0.3333333333333333,0.4,0,,,a5000
prior_global,0,train_P3_Laplace_prior,prior_R3,R3,validation,P3_intersection,6,0.4,0.4666666666666667,43085,0.4976441917140536,0.4163873019743001,a5000
prior_global,0,train_P3_Laplace_prior,prior_R3,R3,validation,P3_intersection,7,0.4666666666666667,0.5333333333333333,0,,,a5000
prior_global,0,train_P3_Laplace_prior,prior_R3,R3,validation,P3_intersection,8,0.5333333333333333,0.6,0,,,a5000
prior_global,0,train_P3_Laplace_prior,prior_R3,R3,validation,P3_intersection,9,0.6,0.6666666666666666,0,,,a5000
prior_global,0,train_P3_Laplace_prior,prior_R3,R3,validation,P3_intersection,10,0.6666666666666666,0.7333333333333333,0,,,a5000
prior_global,0,train_P3_Laplace_prior,prior_R3,R3,validation,P3_intersection,11,0.7333333333333333,0.8,0,,,a5000
prior_global,0,train_P3_Laplace_prior,prior_R3,R3,validation,P3_intersection,12,0.8,0.8666666666666667,0,,,a5000
prior_global,0,train_P3_Laplace_prior,prior_R3,R3,validation,P3_intersection,13,0.8666666666666667,0.9333333333333332,0,,,a5000
prior_global,0,train_P3_Laplace_prior,prior_R3,R3,validation,P3_intersection,14,0.9333333333333332,1.0,0,,,a5000
prior_per_asset,0,train_P3_Laplace_prior,prior_main,main,development_holdout,P0_legacy,0,0.0,0.0666666666666666,0,,,a5000
prior_per_asset,0,train_P3_Laplace_prior,prior_main,main,development_holdout,P0_legacy,1,0.0666666666666666,0.1333333333333333,0,,,a5000
prior_per_asset,0,train_P3_Laplace_prior,prior_main,main,development_holdout,P0_legacy,2,0.1333333333333333,0.2,0,,,a5000
prior_per_asset,0,train_P3_Laplace_prior,prior_main,main,development_holdout,P0_legacy,3,0.2,0.2666666666666666,0,,,a5000
prior_per_asset,0,train_P3_Laplace_prior,prior_main,main,development_holdout,P0_legacy,4,0.2666666666666666,0.3333333333333333,0,,,a5000
prior_per_asset,0,train_P3_Laplace_prior,prior_main,main,development_holdout,P0_legacy,5,0.3333333333333333,0.4,52668,0.4148439280018227,0.365639208915943,a5000
prior_per_asset,0,train_P3_Laplace_prior,prior_main,main,development_holdout,P0_legacy,6,0.4,0.4666666666666667,22572,0.5051391104022683,0.4389905490620109,a5000
prior_per_asset,0,train_P3_Laplace_prior,prior_main,main,development_holdout,P0_legacy,7,0.4666666666666667,0.5333333333333333,18810,0.5379585326953747,0.4925691458108797,a5000
prior_per_asset,0,train_P3_Laplace_prior,prior_main,main,development_holdout,P0_legacy,8,0.5333333333333333,0.6,3762,0.716374269005848,0.5478107032286595,a5000
prior_per_asset,0,train_P3_Laplace_prior,prior_main,main,development_holdout,P0_legacy,9,0.6,0.6666666666666666,3762,0.6818181818181818,0.663305916688777,a5000
prior_per_asset,0,train_P3_Laplace_prior,prior_main,main,development_holdout,P0_legacy,10,0.6666666666666666,0.7333333333333333,0,,,a5000
prior_per_asset,0,train_P3_Laplace_prior,prior_main,main,development_holdout,P0_legacy,11,0.7333333333333333,0.8,0,,,a5000
prior_per_asset,0,train_P3_Laplace_prior,prior_main,main,development_holdout,P0_legacy,12,0.8,0.8666666666666667,0,,,a5000
prior_per_asset,0,train_P3_Laplace_prior,prior_main,main,development_holdout,P0_legacy,13,0.8666666666666667,0.9333333333333332,0,,,a5000
prior_per_asset,0,train_P3_Laplace_prior,prior_main,main,development_holdout,P0_legacy,14,0.9333333333333332,1.0,0,,,a5000
prior_per_asset,0,train_P3_Laplace_prior,prior_main,main,development_holdout,P1_valid_cache_endpoints,0,0.0,0.0666666666666666,0,,,a5000
prior_per_asset,0,train_P3_Laplace_prior,prior_main,main,development_holdout,P1_valid_cache_endpoints,1,0.0666666666666666,0.1333333333333333,0,,,a5000
prior_per_asset,0,train_P3_Laplace_prior,prior_main,main,development_holdout,P1_valid_cache_endpoints,2,0.1333333333333333,0.2,0,,,a5000
prior_per_asset,0,train_P3_Laplace_prior,prior_main,main,development_holdout,P1_valid_cache_endpoints,3,0.2,0.2666666666666666,0,,,a5000
prior_per_asset,0,train_P3_Laplace_prior,prior_main,main,development_holdout,P1_valid_cache_endpoints,4,0.2666666666666666,0.3333333333333333,0,,,a5000
prior_per_asset,0,train_P3_Laplace_prior,prior_main,main,development_holdout,P1_valid_cache_endpoints,5,0.3333333333333333,0.4,50562,0.4073217040465171,0.3654210584872813,a5000
prior_per_asset,0,train_P3_Laplace_prior,prior_main,main,development_holdout,P1_valid_cache_endpoints,6,0.4,0.4666666666666667,21887,0.4912505140037465,0.438944613331976,a5000
prior_per_asset,0,train_P3_Laplace_prior,prior_main,main,development_holdout,P1_valid_cache_endpoints,7,0.4666666666666667,0.5333333333333333,17383,0.5467985963297475,0.4937436015226582,a5000
prior_per_asset,0,train_P3_Laplace_prior,prior_main,main,development_holdout,P1_valid_cache_endpoints,8,0.5333333333333333,0.6,3661,0.708822726031139,0.5478107032286597,a5000
prior_per_asset,0,train_P3_Laplace_prior,prior_main,main,development_holdout,P1_valid_cache_endpoints,9,0.6,0.6666666666666666,3663,0.6732186732186732,0.6633059166887767,a5000
prior_per_asset,0,train_P3_Laplace_prior,prior_main,main,development_holdout,P1_valid_cache_endpoints,10,0.6666666666666666,0.7333333333333333,0,,,a5000
prior_per_asset,0,train_P3_Laplace_prior,prior_main,main,development_holdout,P1_valid_cache_endpoints,11,0.7333333333333333,0.8,0,,,a5000
prior_per_asset,0,train_P3_Laplace_prior,prior_main,main,development_holdout,P1_valid_cache_endpoints,12,0.8,0.8666666666666667,0,,,a5000
prior_per_asset,0,train_P3_Laplace_prior,prior_main,main,development_holdout,P1_valid_cache_endpoints,13,0.8666666666666667,0.9333333333333332,0,,,a5000
prior_per_asset,0,train_P3_Laplace_prior,prior_main,main,development_holdout,P1_valid_cache_endpoints,14,0.9333333333333332,1.0,0,,,a5000
prior_per_asset,0,train_P3_Laplace_prior,prior_main,main,development_holdout,P2_candidate_clock,0,0.0,0.0666666666666666,0,,,a5000
prior_per_asset,0,train_P3_Laplace_prior,prior_main,main,development_holdout,P2_candidate_clock,1,0.0666666666666666,0.1333333333333333,0,,,a5000
prior_per_asset,0,train_P3_Laplace_prior,prior_main,main,development_holdout,P2_candidate_clock,2,0.1333333333333333,0.2,0,,,a5000
prior_per_asset,0,train_P3_Laplace_prior,prior_main,main,development_holdout,P2_candidate_clock,3,0.2,0.2666666666666666,0,,,a5000
prior_per_asset,0,train_P3_Laplace_prior,prior_main,main,development_holdout,P2_candidate_clock,4,0.2666666666666666,0.3333333333333333,0,,,a5000
prior_per_asset,0,train_P3_Laplace_prior,prior_main,main,development_holdout,P2_candidate_clock,5,0.3333333333333333,0.4,45738,0.4135948226857318,0.365639208915943,a5000
prior_per_asset,0,train_P3_Laplace_prior,prior_main,main,development_holdout,P2_candidate_clock,6,0.4,0.4666666666666667,19602,0.4999489847974696,0.4389905490620109,a5000
prior_per_asset,0,train_P3_Laplace_prior,prior_main,main,development_holdout,P2_candidate_clock,7,0.4666666666666667,0.5333333333333333,16335,0.54092439546985,0.4925691458108798,a5000
prior_per_asset,0,train_P3_Laplace_prior,prior_main,main,development_holdout,P2_candidate_clock,8,0.5333333333333333,0.6,3267,0.7235996326905417,0.5478107032286598,a5000
prior_per_asset,0,train_P3_Laplace_prior,prior_main,main,development_holdout,P2_candidate_clock,9,0.6,0.6666666666666666,3267,0.6816651362105908,0.6633059166887767,a5000
prior_per_asset,0,train_P3_Laplace_prior,prior_main,main,development_holdout,P2_candidate_clock,10,0.6666666666666666,0.7333333333333333,0,,,a5000
prior_per_asset,0,train_P3_Laplace_prior,prior_main,main,development_holdout,P2_candidate_clock,11,0.7333333333333333,0.8,0,,,a5000
prior_per_asset,0,train_P3_Laplace_prior,prior_main,main,development_holdout,P2_candidate_clock,12,0.8,0.8666666666666667,0,,,a5000
prior_per_asset,0,train_P3_Laplace_prior,prior_main,main,development_holdout,P2_candidate_clock,13,0.8666666666666667,0.9333333333333332,0,,,a5000
prior_per_asset,0,train_P3_Laplace_prior,prior_main,main,development_holdout,P2_candidate_clock,14,0.9333333333333332,1.0,0,,,a5000
prior_per_asset,0,train_P3_Laplace_prior,prior_main,main,development_holdout,P3_intersection,0,0.0,0.0666666666666666,0,,,a5000
prior_per_asset,0,train_P3_Laplace_prior,prior_main,main,development_holdout,P3_intersection,1,0.0666666666666666,0.1333333333333333,0,,,a5000
prior_per_asset,0,train_P3_Laplace_prior,prior_main,main,development_holdout,P3_intersection,2,0.1333333333333333,0.2,0,,,a5000
prior_per_asset,0,train_P3_Laplace_prior,prior_main,main,development_holdout,P3_intersection,3,0.2,0.2666666666666666,0,,,a5000
prior_per_asset,0,train_P3_Laplace_prior,prior_main,main,development_holdout,P3_intersection,4,0.2666666666666666,0.3333333333333333,0,,,a5000
prior_per_asset,0,train_P3_Laplace_prior,prior_main,main,development_holdout,P3_intersection,5,0.3333333333333333,0.4,45082,0.4104298833237212,0.3654189242762451,a5000
prior_per_asset,0,train_P3_Laplace_prior,prior_main,main,development_holdout,P3_intersection,6,0.4,0.4666666666666667,19519,0.4995645268712536,0.4389454370964131,a5000
prior_per_asset,0,train_P3_Laplace_prior,prior_main,main,development_holdout,P3_intersection,7,0.4666666666666667,0.5333333333333333,15455,0.5581365253963119,0.493816760680162,a5000
prior_per_asset,0,train_P3_Laplace_prior,prior_main,main,development_holdout,P3_intersection,8,0.5333333333333333,0.6,3265,0.7237366003062787,0.5478107032286598,a5000
prior_per_asset,0,train_P3_Laplace_prior,prior_main,main,development_holdout,P3_intersection,9,0.6,0.6666666666666666,3267,0.6816651362105908,0.6633059166887767,a5000
prior_per_asset,0,train_P3_Laplace_prior,prior_main,main,development_holdout,P3_intersection,10,0.6666666666666666,0.7333333333333333,0,,,a5000
prior_per_asset,0,train_P3_Laplace_prior,prior_main,main,development_holdout,P3_intersection,11,0.7333333333333333,0.8,0,,,a5000
prior_per_asset,0,train_P3_Laplace_prior,prior_main,main,development_holdout,P3_intersection,12,0.8,0.8666666666666667,0,,,a5000
prior_per_asset,0,train_P3_Laplace_prior,prior_main,main,development_holdout,P3_intersection,13,0.8666666666666667,0.9333333333333332,0,,,a5000
prior_per_asset,0,train_P3_Laplace_prior,prior_main,main,development_holdout,P3_intersection,14,0.9333333333333332,1.0,0,,,a5000
prior_per_asset,0,train_P3_Laplace_prior,prior_main,main,validation,P0_legacy,0,0.0,0.0666666666666666,0,,,a5000
prior_per_asset,0,train_P3_Laplace_prior,prior_main,main,validation,P0_legacy,1,0.0666666666666666,0.1333333333333333,0,,,a5000
prior_per_asset,0,train_P3_Laplace_prior,prior_main,main,validation,P0_legacy,2,0.1333333333333333,0.2,0,,,a5000
prior_per_asset,0,train_P3_Laplace_prior,prior_main,main,validation,P0_legacy,3,0.2,0.2666666666666666,0,,,a5000
prior_per_asset,0,train_P3_Laplace_prior,prior_main,main,validation,P0_legacy,4,0.2666666666666666,0.3333333333333333,0,,,a5000
prior_per_asset,0,train_P3_Laplace_prior,prior_main,main,validation,P0_legacy,5,0.3333333333333333,0.4,26068,0.4070507902409084,0.3656392089159429,a5000
prior_per_asset,0,train_P3_Laplace_prior,prior_main,main,validation,P0_legacy,6,0.4,0.4666666666666667,11172,0.5539742212674543,0.4389905490620109,a5000
prior_per_asset,0,train_P3_Laplace_prior,prior_main,main,validation,P0_legacy,7,0.4666666666666667,0.5333333333333333,9310,0.5808807733619764,0.4925691458108798,a5000
prior_per_asset,0,train_P3_Laplace_prior,prior_main,main,validation,P0_legacy,8,0.5333333333333333,0.6,1862,0.6321160042964554,0.5478107032286597,a5000
prior_per_asset,0,train_P3_Laplace_prior,prior_main,main,validation,P0_legacy,9,0.6,0.6666666666666666,1862,0.7459720730397422,0.6633059166887768,a5000
prior_per_asset,0,train_P3_Laplace_prior,prior_main,main,validation,P0_legacy,10,0.6666666666666666,0.7333333333333333,0,,,a5000
prior_per_asset,0,train_P3_Laplace_prior,prior_main,main,validation,P0_legacy,11,0.7333333333333333,0.8,0,,,a5000
prior_per_asset,0,train_P3_Laplace_prior,prior_main,main,validation,P0_legacy,12,0.8,0.8666666666666667,0,,,a5000
prior_per_asset,0,train_P3_Laplace_prior,prior_main,main,validation,P0_legacy,13,0.8666666666666667,0.9333333333333332,0,,,a5000
prior_per_asset,0,train_P3_Laplace_prior,prior_main,main,validation,P0_legacy,14,0.9333333333333332,1.0,0,,,a5000
prior_per_asset,0,train_P3_Laplace_prior,prior_main,main,validation,P1_valid_cache_endpoints,0,0.0,0.0666666666666666,0,,,a5000
prior_per_asset,0,train_P3_Laplace_prior,prior_main,main,validation,P1_valid_cache_endpoints,1,0.0666666666666666,0.1333333333333333,0,,,a5000
prior_per_asset,0,train_P3_Laplace_prior,prior_main,main,validation,P1_valid_cache_endpoints,2,0.1333333333333333,0.2,0,,,a5000
prior_per_asset,0,train_P3_Laplace_prior,prior_main,main,validation,P1_valid_cache_endpoints,3,0.2,0.2666666666666666,0,,,a5000
prior_per_asset,0,train_P3_Laplace_prior,prior_main,main,validation,P1_valid_cache_endpoints,4,0.2666666666666666,0.3333333333333333,0,,,a5000
prior_per_asset,0,train_P3_Laplace_prior,prior_main,main,validation,P1_valid_cache_endpoints,5,0.3333333333333333,0.4,25235,0.4019813750743015,0.3656267747262975,a5000
prior_per_asset,0,train_P3_Laplace_prior,prior_main,main,validation,P1_valid_cache_endpoints,6,0.4,0.4666666666666667,10742,0.538074846397319,0.4388870368936088,a5000
prior_per_asset,0,train_P3_Laplace_prior,prior_main,main,validation,P1_valid_cache_endpoints,7,0.4666666666666667,0.5333333333333333,8689,0.5866037518701807,0.4934391084898362,a5000
prior_per_asset,0,train_P3_Laplace_prior,prior_main,main,validation,P1_valid_cache_endpoints,8,0.5333333333333333,0.6,1807,0.6209186496956282,0.5478107032286597,a5000
prior_per_asset,0,train_P3_Laplace_prior,prior_main,main,validation,P1_valid_cache_endpoints,9,0.6,0.6666666666666666,1807,0.738240177089098,0.6633059166887768,a5000
prior_per_asset,0,train_P3_Laplace_prior,prior_main,main,validation,P1_valid_cache_endpoints,10,0.6666666666666666,0.7333333333333333,0,,,a5000
prior_per_asset,0,train_P3_Laplace_prior,prior_main,main,validation,P1_valid_cache_endpoints,11,0.7333333333333333,0.8,0,,,a5000
prior_per_asset,0,train_P3_Laplace_prior,prior_main,main,validation,P1_valid_cache_endpoints,12,0.8,0.8666666666666667,0,,,a5000
prior_per_asset,0,train_P3_Laplace_prior,prior_main,main,validation,P1_valid_cache_endpoints,13,0.8666666666666667,0.9333333333333332,0,,,a5000
prior_per_asset,0,train_P3_Laplace_prior,prior_main,main,validation,P1_valid_cache_endpoints,14,0.9333333333333332,1.0,0,,,a5000
prior_per_asset,0,train_P3_Laplace_prior,prior_main,main,validation,P2_candidate_clock,0,0.0,0.0666666666666666,0,,,a5000
prior_per_asset,0,train_P3_Laplace_prior,prior_main,main,validation,P2_candidate_clock,1,0.0666666666666666,0.1333333333333333,0,,,a5000
prior_per_asset,0,train_P3_Laplace_prior,prior_main,main,validation,P2_candidate_clock,2,0.1333333333333333,0.2,0,,,a5000
prior_per_asset,0,train_P3_Laplace_prior,prior_main,main,validation,P2_candidate_clock,3,0.2,0.2666666666666666,0,,,a5000
prior_per_asset,0,train_P3_Laplace_prior,prior_main,main,validation,P2_candidate_clock,4,0.2666666666666666,0.3333333333333333,0,,,a5000
prior_per_asset,0,train_P3_Laplace_prior,prior_main,main,validation,P2_candidate_clock,5,0.3333333333333333,0.4,22638,0.4055570280060076,0.365639208915943,a5000
prior_per_asset,0,train_P3_Laplace_prior,prior_main,main,validation,P2_candidate_clock,6,0.4,0.4666666666666667,9702,0.549062049062049,0.4389905490620109,a5000
prior_per_asset,0,train_P3_Laplace_prior,prior_main,main,validation,P2_candidate_clock,7,0.4666666666666667,0.5333333333333333,8085,0.5792207792207792,0.4925691458108798,a5000
prior_per_asset,0,train_P3_Laplace_prior,prior_main,main,validation,P2_candidate_clock,8,0.5333333333333333,0.6,1617,0.6363636363636364,0.5478107032286598,a5000
prior_per_asset,0,train_P3_Laplace_prior,prior_main,main,validation,P2_candidate_clock,9,0.6,0.6666666666666666,1617,0.7520098948670377,0.6633059166887768,a5000
prior_per_asset,0,train_P3_Laplace_prior,prior_main,main,validation,P2_candidate_clock,10,0.6666666666666666,0.7333333333333333,0,,,a5000
prior_per_asset,0,train_P3_Laplace_prior,prior_main,main,validation,P2_candidate_clock,11,0.7333333333333333,0.8,0,,,a5000
prior_per_asset,0,train_P3_Laplace_prior,prior_main,main,validation,P2_candidate_clock,12,0.8,0.8666666666666667,0,,,a5000
prior_per_asset,0,train_P3_Laplace_prior,prior_main,main,validation,P2_candidate_clock,13,0.8666666666666667,0.9333333333333332,0,,,a5000
prior_per_asset,0,train_P3_Laplace_prior,prior_main,main,validation,P2_candidate_clock,14,0.9333333333333332,1.0,0,,,a5000
prior_per_asset,0,train_P3_Laplace_prior,prior_main,main,validation,P3_intersection,0,0.0,0.0666666666666666,0,,,a5000
prior_per_asset,0,train_P3_Laplace_prior,prior_main,main,validation,P3_intersection,1,0.0666666666666666,0.1333333333333333,0,,,a5000
prior_per_asset,0,train_P3_Laplace_prior,prior_main,main,validation,P3_intersection,2,0.1333333333333333,0.2,0,,,a5000
prior_per_asset,0,train_P3_Laplace_prior,prior_main,main,validation,P3_intersection,3,0.2,0.2666666666666666,0,,,a5000
prior_per_asset,0,train_P3_Laplace_prior,prior_main,main,validation,P3_intersection,4,0.2666666666666666,0.3333333333333333,0,,,a5000
prior_per_asset,0,train_P3_Laplace_prior,prior_main,main,validation,P3_intersection,5,0.3333333333333333,0.4,22510,0.40501999111506,0.3656259512697076,a5000
prior_per_asset,0,train_P3_Laplace_prior,prior_main,main,validation,P3_intersection,6,0.4,0.4666666666666667,9581,0.545558918693247,0.4388892854604268,a5000
prior_per_asset,0,train_P3_Laplace_prior,prior_main,main,validation,P3_intersection,7,0.4666666666666667,0.5333333333333333,7735,0.5915966386554622,0.4934896233684025,a5000
prior_per_asset,0,train_P3_Laplace_prior,prior_main,main,validation,P3_intersection,8,0.5333333333333333,0.6,1612,0.6352357320099256,0.5478107032286598,a5000
prior_per_asset,0,train_P3_Laplace_prior,prior_main,main,validation,P3_intersection,9,0.6,0.6666666666666666,1612,0.7512406947890818,0.6633059166887767,a5000
prior_per_asset,0,train_P3_Laplace_prior,prior_main,main,validation,P3_intersection,10,0.6666666666666666,0.7333333333333333,0,,,a5000
prior_per_asset,0,train_P3_Laplace_prior,prior_main,main,validation,P3_intersection,11,0.7333333333333333,0.8,0,,,a5000
prior_per_asset,0,train_P3_Laplace_prior,prior_main,main,validation,P3_intersection,12,0.8,0.8666666666666667,0,,,a5000
prior_per_asset,0,train_P3_Laplace_prior,prior_main,main,validation,P3_intersection,13,0.8666666666666667,0.9333333333333332,0,,,a5000
prior_per_asset,0,train_P3_Laplace_prior,prior_main,main,validation,P3_intersection,14,0.9333333333333332,1.0,0,,,a5000
prior_global,0,train_P3_Laplace_prior,prior_main,main,development_holdout,P0_legacy,0,0.0,0.0666666666666666,0,,,a5000
prior_global,0,train_P3_Laplace_prior,prior_main,main,development_holdout,P0_legacy,1,0.0666666666666666,0.1333333333333333,0,,,a5000
prior_global,0,train_P3_Laplace_prior,prior_main,main,development_holdout,P0_legacy,2,0.1333333333333333,0.2,0,,,a5000
prior_global,0,train_P3_Laplace_prior,prior_main,main,development_holdout,P0_legacy,3,0.2,0.2666666666666666,0,,,a5000
prior_global,0,train_P3_Laplace_prior,prior_main,main,development_holdout,P0_legacy,4,0.2666666666666666,0.3333333333333333,0,,,a5000
prior_global,0,train_P3_Laplace_prior,prior_main,main,development_holdout,P0_legacy,5,0.3333333333333333,0.4,101574,0.4968298974146927,0.3996401749607988,a5000
prior_global,0,train_P3_Laplace_prior,prior_main,main,development_holdout,P0_legacy,6,0.4,0.4666666666666667,0,,,a5000
prior_global,0,train_P3_Laplace_prior,prior_main,main,development_holdout,P0_legacy,7,0.4666666666666667,0.5333333333333333,0,,,a5000
prior_global,0,train_P3_Laplace_prior,prior_main,main,development_holdout,P0_legacy,8,0.5333333333333333,0.6,0,,,a5000
prior_global,0,train_P3_Laplace_prior,prior_main,main,development_holdout,P0_legacy,9,0.6,0.6666666666666666,0,,,a5000
prior_global,0,train_P3_Laplace_prior,prior_main,main,development_holdout,P0_legacy,10,0.6666666666666666,0.7333333333333333,0,,,a5000
prior_global,0,train_P3_Laplace_prior,prior_main,main,development_holdout,P0_legacy,11,0.7333333333333333,0.8,0,,,a5000
prior_global,0,train_P3_Laplace_prior,prior_main,main,development_holdout,P0_legacy,12,0.8,0.8666666666666667,0,,,a5000
prior_global,0,train_P3_Laplace_prior,prior_main,main,development_holdout,P0_legacy,13,0.8666666666666667,0.9333333333333332,0,,,a5000
prior_global,0,train_P3_Laplace_prior,prior_main,main,development_holdout,P0_legacy,14,0.9333333333333332,1.0,0,,,a5000
prior_global,0,train_P3_Laplace_prior,prior_main,main,development_holdout,P1_valid_cache_endpoints,0,0.0,0.0666666666666666,0,,,a5000
prior_global,0,train_P3_Laplace_prior,prior_main,main,development_holdout,P1_valid_cache_endpoints,1,0.0666666666666666,0.1333333333333333,0,,,a5000
prior_global,0,train_P3_Laplace_prior,prior_main,main,development_holdout,P1_valid_cache_endpoints,2,0.1333333333333333,0.2,0,,,a5000
prior_global,0,train_P3_Laplace_prior,prior_main,main,development_holdout,P1_valid_cache_endpoints,3,0.2,0.2666666666666666,0,,,a5000
prior_global,0,train_P3_Laplace_prior,prior_main,main,development_holdout,P1_valid_cache_endpoints,4,0.2666666666666666,0.3333333333333333,0,,,a5000
prior_global,0,train_P3_Laplace_prior,prior_main,main,development_holdout,P1_valid_cache_endpoints,5,0.3333333333333333,0.4,97156,0.4797953806249743,0.3996401749607988,a5000
prior_global,0,train_P3_Laplace_prior,prior_main,main,development_holdout,P1_valid_cache_endpoints,6,0.4,0.4666666666666667,0,,,a5000
prior_global,0,train_P3_Laplace_prior,prior_main,main,development_holdout,P1_valid_cache_endpoints,7,0.4666666666666667,0.5333333333333333,0,,,a5000
prior_global,0,train_P3_Laplace_prior,prior_main,main,development_holdout,P1_valid_cache_endpoints,8,0.5333333333333333,0.6,0,,,a5000
prior_global,0,train_P3_Laplace_prior,prior_main,main,development_holdout,P1_valid_cache_endpoints,9,0.6,0.6666666666666666,0,,,a5000
prior_global,0,train_P3_Laplace_prior,prior_main,main,development_holdout,P1_valid_cache_endpoints,10,0.6666666666666666,0.7333333333333333,0,,,a5000
prior_global,0,train_P3_Laplace_prior,prior_main,main,development_holdout,P1_valid_cache_endpoints,11,0.7333333333333333,0.8,0,,,a5000
prior_global,0,train_P3_Laplace_prior,prior_main,main,development_holdout,P1_valid_cache_endpoints,12,0.8,0.8666666666666667,0,,,a5000
prior_global,0,train_P3_Laplace_prior,prior_main,main,development_holdout,P1_valid_cache_endpoints,13,0.8666666666666667,0.9333333333333332,0,,,a5000
prior_global,0,train_P3_Laplace_prior,prior_main,main,development_holdout,P1_valid_cache_endpoints,14,0.9333333333333332,1.0,0,,,a5000
prior_global,0,train_P3_Laplace_prior,prior_main,main,development_holdout,P2_candidate_clock,0,0.0,0.0666666666666666,0,,,a5000
prior_global,0,train_P3_Laplace_prior,prior_main,main,development_holdout,P2_candidate_clock,1,0.0666666666666666,0.1333333333333333,0,,,a5000
prior_global,0,train_P3_Laplace_prior,prior_main,main,development_holdout,P2_candidate_clock,2,0.1333333333333333,0.2,0,,,a5000
prior_global,0,train_P3_Laplace_prior,prior_main,main,development_holdout,P2_candidate_clock,3,0.2,0.2666666666666666,0,,,a5000
prior_global,0,train_P3_Laplace_prior,prior_main,main,development_holdout,P2_candidate_clock,4,0.2666666666666666,0.3333333333333333,0,,,a5000
prior_global,0,train_P3_Laplace_prior,prior_main,main,development_holdout,P2_candidate_clock,5,0.3333333333333333,0.4,88209,0.492364724687957,0.3996401749607988,a5000
prior_global,0,train_P3_Laplace_prior,prior_main,main,development_holdout,P2_candidate_clock,6,0.4,0.4666666666666667,0,,,a5000
prior_global,0,train_P3_Laplace_prior,prior_main,main,development_holdout,P2_candidate_clock,7,0.4666666666666667,0.5333333333333333,0,,,a5000
prior_global,0,train_P3_Laplace_prior,prior_main,main,development_holdout,P2_candidate_clock,8,0.5333333333333333,0.6,0,,,a5000
prior_global,0,train_P3_Laplace_prior,prior_main,main,development_holdout,P2_candidate_clock,9,0.6,0.6666666666666666,0,,,a5000
prior_global,0,train_P3_Laplace_prior,prior_main,main,development_holdout,P2_candidate_clock,10,0.6666666666666666,0.7333333333333333,0,,,a5000
prior_global,0,train_P3_Laplace_prior,prior_main,main,development_holdout,P2_candidate_clock,11,0.7333333333333333,0.8,0,,,a5000
prior_global,0,train_P3_Laplace_prior,prior_main,main,development_holdout,P2_candidate_clock,12,0.8,0.8666666666666667,0,,,a5000
prior_global,0,train_P3_Laplace_prior,prior_main,main,development_holdout,P2_candidate_clock,13,0.8666666666666667,0.9333333333333332,0,,,a5000
prior_global,0,train_P3_Laplace_prior,prior_main,main,development_holdout,P2_candidate_clock,14,0.9333333333333332,1.0,0,,,a5000
prior_global,0,train_P3_Laplace_prior,prior_main,main,development_holdout,P3_intersection,0,0.0,0.0666666666666666,0,,,a5000
prior_global,0,train_P3_Laplace_prior,prior_main,main,development_holdout,P3_intersection,1,0.0666666666666666,0.1333333333333333,0,,,a5000
prior_global,0,train_P3_Laplace_prior,prior_main,main,development_holdout,P3_intersection,2,0.1333333333333333,0.2,0,,,a5000
prior_global,0,train_P3_Laplace_prior,prior_main,main,development_holdout,P3_intersection,3,0.2,0.2666666666666666,0,,,a5000
prior_global,0,train_P3_Laplace_prior,prior_main,main,development_holdout,P3_intersection,4,0.2666666666666666,0.3333333333333333,0,,,a5000
prior_global,0,train_P3_Laplace_prior,prior_main,main,development_holdout,P3_intersection,5,0.3333333333333333,0.4,86588,0.4891555411835358,0.3996401749607989,a5000
prior_global,0,train_P3_Laplace_prior,prior_main,main,development_holdout,P3_intersection,6,0.4,0.4666666666666667,0,,,a5000
prior_global,0,train_P3_Laplace_prior,prior_main,main,development_holdout,P3_intersection,7,0.4666666666666667,0.5333333333333333,0,,,a5000
prior_global,0,train_P3_Laplace_prior,prior_main,main,development_holdout,P3_intersection,8,0.5333333333333333,0.6,0,,,a5000
prior_global,0,train_P3_Laplace_prior,prior_main,main,development_holdout,P3_intersection,9,0.6,0.6666666666666666,0,,,a5000
prior_global,0,train_P3_Laplace_prior,prior_main,main,development_holdout,P3_intersection,10,0.6666666666666666,0.7333333333333333,0,,,a5000
prior_global,0,train_P3_Laplace_prior,prior_main,main,development_holdout,P3_intersection,11,0.7333333333333333,0.8,0,,,a5000
prior_global,0,train_P3_Laplace_prior,prior_main,main,development_holdout,P3_intersection,12,0.8,0.8666666666666667,0,,,a5000
prior_global,0,train_P3_Laplace_prior,prior_main,main,development_holdout,P3_intersection,13,0.8666666666666667,0.9333333333333332,0,,,a5000
prior_global,0,train_P3_Laplace_prior,prior_main,main,development_holdout,P3_intersection,14,0.9333333333333332,1.0,0,,,a5000
prior_global,0,train_P3_Laplace_prior,prior_main,main,validation,P0_legacy,0,0.0,0.0666666666666666,0,,,a5000
prior_global,0,train_P3_Laplace_prior,prior_main,main,validation,P0_legacy,1,0.0666666666666666,0.1333333333333333,0,,,a5000
prior_global,0,train_P3_Laplace_prior,prior_main,main,validation,P0_legacy,2,0.1333333333333333,0.2,0,,,a5000
prior_global,0,train_P3_Laplace_prior,prior_main,main,validation,P0_legacy,3,0.2,0.2666666666666666,0,,,a5000
prior_global,0,train_P3_Laplace_prior,prior_main,main,validation,P0_legacy,4,0.2666666666666666,0.3333333333333333,0,,,a5000
prior_global,0,train_P3_Laplace_prior,prior_main,main,validation,P0_legacy,5,0.3333333333333333,0.4,50274,0.5152961769503123,0.3996401749607988,a5000
prior_global,0,train_P3_Laplace_prior,prior_main,main,validation,P0_legacy,6,0.4,0.4666666666666667,0,,,a5000
prior_global,0,train_P3_Laplace_prior,prior_main,main,validation,P0_legacy,7,0.4666666666666667,0.5333333333333333,0,,,a5000
prior_global,0,train_P3_Laplace_prior,prior_main,main,validation,P0_legacy,8,0.5333333333333333,0.6,0,,,a5000
prior_global,0,train_P3_Laplace_prior,prior_main,main,validation,P0_legacy,9,0.6,0.6666666666666666,0,,,a5000
prior_global,0,train_P3_Laplace_prior,prior_main,main,validation,P0_legacy,10,0.6666666666666666,0.7333333333333333,0,,,a5000
prior_global,0,train_P3_Laplace_prior,prior_main,main,validation,P0_legacy,11,0.7333333333333333,0.8,0,,,a5000
prior_global,0,train_P3_Laplace_prior,prior_main,main,validation,P0_legacy,12,0.8,0.8666666666666667,0,,,a5000
prior_global,0,train_P3_Laplace_prior,prior_main,main,validation,P0_legacy,13,0.8666666666666667,0.9333333333333332,0,,,a5000
prior_global,0,train_P3_Laplace_prior,prior_main,main,validation,P0_legacy,14,0.9333333333333332,1.0,0,,,a5000
prior_global,0,train_P3_Laplace_prior,prior_main,main,validation,P1_valid_cache_endpoints,0,0.0,0.0666666666666666,0,,,a5000
prior_global,0,train_P3_Laplace_prior,prior_main,main,validation,P1_valid_cache_endpoints,1,0.0666666666666666,0.1333333333333333,0,,,a5000
prior_global,0,train_P3_Laplace_prior,prior_main,main,validation,P1_valid_cache_endpoints,2,0.1333333333333333,0.2,0,,,a5000
prior_global,0,train_P3_Laplace_prior,prior_main,main,validation,P1_valid_cache_endpoints,3,0.2,0.2666666666666666,0,,,a5000
prior_global,0,train_P3_Laplace_prior,prior_main,main,validation,P1_valid_cache_endpoints,4,0.2666666666666666,0.3333333333333333,0,,,a5000
prior_global,0,train_P3_Laplace_prior,prior_main,main,validation,P1_valid_cache_endpoints,5,0.3333333333333333,0.4,48280,0.4987779618889809,0.3996401749607988,a5000
prior_global,0,train_P3_Laplace_prior,prior_main,main,validation,P1_valid_cache_endpoints,6,0.4,0.4666666666666667,0,,,a5000
prior_global,0,train_P3_Laplace_prior,prior_main,main,validation,P1_valid_cache_endpoints,7,0.4666666666666667,0.5333333333333333,0,,,a5000
prior_global,0,train_P3_Laplace_prior,prior_main,main,validation,P1_valid_cache_endpoints,8,0.5333333333333333,0.6,0,,,a5000
prior_global,0,train_P3_Laplace_prior,prior_main,main,validation,P1_valid_cache_endpoints,9,0.6,0.6666666666666666,0,,,a5000
prior_global,0,train_P3_Laplace_prior,prior_main,main,validation,P1_valid_cache_endpoints,10,0.6666666666666666,0.7333333333333333,0,,,a5000
prior_global,0,train_P3_Laplace_prior,prior_main,main,validation,P1_valid_cache_endpoints,11,0.7333333333333333,0.8,0,,,a5000
prior_global,0,train_P3_Laplace_prior,prior_main,main,validation,P1_valid_cache_endpoints,12,0.8,0.8666666666666667,0,,,a5000
prior_global,0,train_P3_Laplace_prior,prior_main,main,validation,P1_valid_cache_endpoints,13,0.8666666666666667,0.9333333333333332,0,,,a5000
prior_global,0,train_P3_Laplace_prior,prior_main,main,validation,P1_valid_cache_endpoints,14,0.9333333333333332,1.0,0,,,a5000
prior_global,0,train_P3_Laplace_prior,prior_main,main,validation,P2_candidate_clock,0,0.0,0.0666666666666666,0,,,a5000
prior_global,0,train_P3_Laplace_prior,prior_main,main,validation,P2_candidate_clock,1,0.0666666666666666,0.1333333333333333,0,,,a5000
prior_global,0,train_P3_Laplace_prior,prior_main,main,validation,P2_candidate_clock,2,0.1333333333333333,0.2,0,,,a5000
prior_global,0,train_P3_Laplace_prior,prior_main,main,validation,P2_candidate_clock,3,0.2,0.2666666666666666,0,,,a5000
prior_global,0,train_P3_Laplace_prior,prior_main,main,validation,P2_candidate_clock,4,0.2666666666666666,0.3333333333333333,0,,,a5000
prior_global,0,train_P3_Laplace_prior,prior_main,main,validation,P2_candidate_clock,5,0.3333333333333333,0.4,43659,0.509196271101033,0.3996401749607988,a5000
prior_global,0,train_P3_Laplace_prior,prior_main,main,validation,P2_candidate_clock,6,0.4,0.4666666666666667,0,,,a5000
prior_global,0,train_P3_Laplace_prior,prior_main,main,validation,P2_candidate_clock,7,0.4666666666666667,0.5333333333333333,0,,,a5000
prior_global,0,train_P3_Laplace_prior,prior_main,main,validation,P2_candidate_clock,8,0.5333333333333333,0.6,0,,,a5000
prior_global,0,train_P3_Laplace_prior,prior_main,main,validation,P2_candidate_clock,9,0.6,0.6666666666666666,0,,,a5000
prior_global,0,train_P3_Laplace_prior,prior_main,main,validation,P2_candidate_clock,10,0.6666666666666666,0.7333333333333333,0,,,a5000
prior_global,0,train_P3_Laplace_prior,prior_main,main,validation,P2_candidate_clock,11,0.7333333333333333,0.8,0,,,a5000
prior_global,0,train_P3_Laplace_prior,prior_main,main,validation,P2_candidate_clock,12,0.8,0.8666666666666667,0,,,a5000
prior_global,0,train_P3_Laplace_prior,prior_main,main,validation,P2_candidate_clock,13,0.8666666666666667,0.9333333333333332,0,,,a5000
prior_global,0,train_P3_Laplace_prior,prior_main,main,validation,P2_candidate_clock,14,0.9333333333333332,1.0,0,,,a5000
prior_global,0,train_P3_Laplace_prior,prior_main,main,validation,P3_intersection,0,0.0,0.0666666666666666,0,,,a5000
prior_global,0,train_P3_Laplace_prior,prior_main,main,validation,P3_intersection,1,0.0666666666666666,0.1333333333333333,0,,,a5000
prior_global,0,train_P3_Laplace_prior,prior_main,main,validation,P3_intersection,2,0.1333333333333333,0.2,0,,,a5000
prior_global,0,train_P3_Laplace_prior,prior_main,main,validation,P3_intersection,3,0.2,0.2666666666666666,0,,,a5000
prior_global,0,train_P3_Laplace_prior,prior_main,main,validation,P3_intersection,4,0.2666666666666666,0.3333333333333333,0,,,a5000
prior_global,0,train_P3_Laplace_prior,prior_main,main,validation,P3_intersection,5,0.3333333333333333,0.4,43050,0.5061556329849013,0.3996401749607988,a5000
prior_global,0,train_P3_Laplace_prior,prior_main,main,validation,P3_intersection,6,0.4,0.4666666666666667,0,,,a5000
prior_global,0,train_P3_Laplace_prior,prior_main,main,validation,P3_intersection,7,0.4666666666666667,0.5333333333333333,0,,,a5000
prior_global,0,train_P3_Laplace_prior,prior_main,main,validation,P3_intersection,8,0.5333333333333333,0.6,0,,,a5000
prior_global,0,train_P3_Laplace_prior,prior_main,main,validation,P3_intersection,9,0.6,0.6666666666666666,0,,,a5000
prior_global,0,train_P3_Laplace_prior,prior_main,main,validation,P3_intersection,10,0.6666666666666666,0.7333333333333333,0,,,a5000
prior_global,0,train_P3_Laplace_prior,prior_main,main,validation,P3_intersection,11,0.7333333333333333,0.8,0,,,a5000
prior_global,0,train_P3_Laplace_prior,prior_main,main,validation,P3_intersection,12,0.8,0.8666666666666667,0,,,a5000
prior_global,0,train_P3_Laplace_prior,prior_main,main,validation,P3_intersection,13,0.8666666666666667,0.9333333333333332,0,,,a5000
prior_global,0,train_P3_Laplace_prior,prior_main,main,validation,P3_intersection,14,0.9333333333333332,1.0,0,,,a5000
