model,seed,family,fold,split,population,rows,nll,accuracy,macro_f1,mcc,brier,equal_asset_nll,down,flat,up,max_probability_sum_error,ece_15,owner,source_job,condition
UM_V2_DEPTH,123,retrospective_rolling,R1,rolling_evaluation,P0_legacy,33858,0.922361364509909,0.5455726859235631,0.4718369260576181,0.2408481980812148,0.5527935638435063,0.9223613645099088,8620,16714,8524,1.1920928966180358e-07,0.016660730129307,a5000,R1_UM_V2_DEPTH_123,
UM_V2_DEPTH,123,retrospective_rolling,R1,rolling_evaluation,P1_valid_cache_endpoints,32557,0.9231159194814526,0.5429247166507971,0.47321451746903,0.2472963618465628,0.5545050263943865,0.9237508087834484,8546,15550,8461,1.1920928966180358e-07,0.0192838882228361,a5000,R1_UM_V2_DEPTH_123,
UM_V2_DEPTH,123,retrospective_rolling,R1,rolling_evaluation,P2_candidate_clock,29403,0.9272569672041948,0.5414073393871374,0.4678939766017468,0.2364362727625597,0.5560254909742215,0.9272569672041948,7559,14328,7516,1.1920928966180358e-07,0.0187331079318313,a5000,R1_UM_V2_DEPTH_123,
UM_V2_DEPTH,123,retrospective_rolling,R1,rolling_evaluation,P3_intersection,29021,0.921900881682756,0.5439853898900796,0.4694649790022294,0.2415773890740016,0.5533758505252414,0.922563370386179,7486,14080,7455,1.1920928966180358e-07,0.0169647114012883,a5000,R1_UM_V2_DEPTH_123,
UM_V2_DEPTH,123,retrospective_rolling,R1,validation,P0_legacy,50274,0.9152638687225648,0.5561125034809246,0.4766020769473709,0.2465524121423568,0.5456806656019699,0.9152638687225648,12432,25906,11936,1.1920928955078125e-07,0.0080844019920139,a5000,R1_UM_V2_DEPTH_123,
UM_V2_DEPTH,123,retrospective_rolling,R1,validation,P1_valid_cache_endpoints,48280,0.9105444358661234,0.55503314001657,0.4797502077908451,0.2551381108512655,0.5454072079792329,0.9108718120528202,12341,24081,11858,1.1920928955078125e-07,0.0092004455414441,a5000,R1_UM_V2_DEPTH_123,
UM_V2_DEPTH,123,retrospective_rolling,R1,validation,P2_candidate_clock,43659,0.9177150611974216,0.5533566962138391,0.4746330562642684,0.2440724748059158,0.5478808571785687,0.9177150611974216,10937,22231,10491,1.1920928955078125e-07,0.0097426687723498,a5000,R1_UM_V2_DEPTH_123,
UM_V2_DEPTH,123,retrospective_rolling,R1,validation,P3_intersection,43050,0.907635130470778,0.556910569105691,0.4775682258646279,0.2511062738585827,0.5437027096910303,0.9081093363147208,10846,21790,10414,1.1920928955078125e-07,0.0073457570988608,a5000,R1_UM_V2_DEPTH_123,
UM_V2_DEPTH,42,retrospective_rolling,R1,rolling_evaluation,P0_legacy,33858,0.9231638488548716,0.5440368598263335,0.4630397349840172,0.2358040665447889,0.5532659660150946,0.923163848854872,8620,16714,8524,1.1920928955078125e-07,0.0227734059259085,a5000,R1_UM_V2_DEPTH_42,
UM_V2_DEPTH,42,retrospective_rolling,R1,rolling_evaluation,P1_valid_cache_endpoints,32557,0.9258043777269424,0.5402831956261326,0.4637027102722724,0.2411679388087014,0.5559071883185751,0.9262761137014685,8546,15550,8461,1.1920928932873665e-07,0.0264491566951373,a5000,R1_UM_V2_DEPTH_42,
UM_V2_DEPTH,42,retrospective_rolling,R1,rolling_evaluation,P2_candidate_clock,29403,0.9285071465735398,0.5398088630411862,0.4602588747868714,0.2314474167872026,0.5567518763565834,0.9285071465735398,7559,14328,7516,1.1920928955078125e-07,0.0243049839228481,a5000,R1_UM_V2_DEPTH_42,
UM_V2_DEPTH,42,retrospective_rolling,R1,rolling_evaluation,P3_intersection,29021,0.924199241465961,0.5418490058922849,0.4614919847019819,0.2359074488646583,0.5545442714784656,0.9246761997918492,7486,14080,7455,1.1920928932873665e-07,0.0232535720471941,a5000,R1_UM_V2_DEPTH_42,
UM_V2_DEPTH,42,retrospective_rolling,R1,validation,P0_legacy,50274,0.9115446361195624,0.5566694514062935,0.4699670777695826,0.2450933955655189,0.544977087530866,0.9115446361195624,12432,25906,11936,1.1920928955078125e-07,0.0119121320748351,a5000,R1_UM_V2_DEPTH_42,
UM_V2_DEPTH,42,retrospective_rolling,R1,validation,P1_valid_cache_endpoints,48280,0.912099859627686,0.555281690140845,0.4729174104920304,0.2537326224039934,0.5463463214201151,0.9123960158057004,12341,24081,11858,1.1920928955078125e-07,0.0133058354674729,a5000,R1_UM_V2_DEPTH_42,
UM_V2_DEPTH,42,retrospective_rolling,R1,validation,P2_candidate_clock,43659,0.9145465205085832,0.5537231727707919,0.4689883224869802,0.2423378762075969,0.5474224221523596,0.9145465205085832,10937,22231,10491,1.1920928955078125e-07,0.0124418806655414,a5000,R1_UM_V2_DEPTH_42,
UM_V2_DEPTH,42,retrospective_rolling,R1,validation,P3_intersection,43050,0.9088314200021372,0.5570731707317074,0.4718224001152731,0.2492089238033926,0.544456653237594,0.9092551239064578,10846,21790,10414,1.1920928955078125e-07,0.0104996857748259,a5000,R1_UM_V2_DEPTH_42,
UM_V2_DEPTH,7,retrospective_rolling,R1,rolling_evaluation,P0_legacy,33858,0.9204967900564716,0.5452182645165101,0.4742255665044305,0.2441434301658213,0.5519656086099639,0.9204967900564716,8620,16714,8524,1.1175870917590205e-07,0.0151093602318772,a5000,R1_UM_V2_DEPTH_7,
UM_V2_DEPTH,7,retrospective_rolling,R1,rolling_evaluation,P1_valid_cache_endpoints,32557,0.9212035587901988,0.5429554320115489,0.4759491401445195,0.2504926683425247,0.5533605738454666,0.9217734942888464,8546,15550,8461,1.1175870917590205e-07,0.0173533539806892,a5000,R1_UM_V2_DEPTH_7,
UM_V2_DEPTH,7,retrospective_rolling,R1,rolling_evaluation,P2_candidate_clock,29403,0.9245268702363528,0.5421215522225623,0.4710597605923287,0.2412533353354121,0.5544277656787655,0.9245268702363528,7559,14328,7516,1.1175870917590205e-07,0.0165160253780573,a5000,R1_UM_V2_DEPTH_7,
UM_V2_DEPTH,7,retrospective_rolling,R1,rolling_evaluation,P3_intersection,29021,0.9196998753970428,0.5442265945349919,0.4725078819449185,0.2454932134731672,0.5520145033930685,0.920274067671688,7486,14080,7455,1.1175870917590205e-07,0.0150889928874193,a5000,R1_UM_V2_DEPTH_7,
UM_V2_DEPTH,7,retrospective_rolling,R1,validation,P0_legacy,50274,0.9088870394158562,0.5556152285475594,0.4787495965556759,0.2498421858260717,0.5440904930706367,0.9088870394158564,12432,25906,11936,1.1920928932873665e-07,0.0100065220323803,a5000,R1_UM_V2_DEPTH_7,
UM_V2_DEPTH,7,retrospective_rolling,R1,validation,P1_valid_cache_endpoints,48280,0.909215448528948,0.5548053024026512,0.4820036487712771,0.2581571201446352,0.5449517508109707,0.9095438634877944,12341,24081,11858,1.1920928932873665e-07,0.0083150138667009,a5000,R1_UM_V2_DEPTH_7,
UM_V2_DEPTH,7,retrospective_rolling,R1,validation,P2_candidate_clock,43659,0.9116238551468556,0.5527153622391717,0.4756569173436502,0.2466291101151837,0.5461880803894235,0.9116238551468556,10937,22231,10491,1.1920928932873665e-07,0.008761767016411,a5000,R1_UM_V2_DEPTH_7,
UM_V2_DEPTH,7,retrospective_rolling,R1,validation,P3_intersection,43050,0.906897193912122,0.5558188153310104,0.4783003884476993,0.2527168252863443,0.5436216234810687,0.9073526293163204,10846,21790,10414,1.1920928932873665e-07,0.006497281007492,a5000,R1_UM_V2_DEPTH_7,
GRU_U1,123,new_P3_selected,main,development_holdout,P0_legacy,101574,0.9235169758006926,0.5462027684249906,0.4791872082562855,0.2471171262042596,0.5534279284880285,0.9235169758006928,25800,50465,25309,1.1920928977282585e-07,0.0108979615421545,a5000,analyze_GRU_U1_123,
GRU_U1,123,new_P3_selected,main,development_holdout,P1_valid_cache_endpoints,97156,0.9193486523448892,0.548221417102392,0.4844108282263286,0.2599491554184515,0.5516152700587693,0.91903167250844,25496,46615,25045,1.1920928977282585e-07,0.0103781333591254,a5000,analyze_GRU_U1_123,
GRU_U1,123,new_P3_selected,main,development_holdout,P2_candidate_clock,88209,0.9234507031162844,0.5467922774320081,0.4765188530282916,0.2474173225126016,0.553284412916095,0.9234507031162844,22573,43431,22205,1.1920928977282585e-07,0.0142386966531248,a5000,analyze_GRU_U1_123,
GRU_U1,123,new_P3_selected,main,development_holdout,P3_intersection,86588,0.917540818139556,0.5500762230332148,0.4794436789309438,0.2541999804129065,0.5501262432920834,0.9172045046298788,22279,42355,21954,1.1920928977282585e-07,0.0118059564101062,a5000,analyze_GRU_U1_123,
GRU_U1,123,new_P3_selected,main,validation,P0_legacy,50274,0.908421923757764,0.5561522854755937,0.4834234144689752,0.2528263835371086,0.5440331394095448,0.908421923757764,12432,25906,11936,1.1920928977282585e-07,0.0079965598585739,a5000,analyze_GRU_U1_123,
GRU_U1,123,new_P3_selected,main,validation,P1_valid_cache_endpoints,48280,0.9044287922598284,0.5585128417564209,0.488947996397875,0.2655932317490702,0.5421145867889529,0.9047371352840108,12341,24081,11858,1.1920928977282585e-07,0.0048436278073849,a5000,analyze_GRU_U1_123,
GRU_U1,123,new_P3_selected,main,validation,P2_candidate_clock,43659,0.9076504157259772,0.557204700061843,0.4806796720009049,0.2541697417350202,0.5435698011443227,0.9076504157259772,10937,22231,10491,1.1920928977282585e-07,0.0072659660972384,a5000,analyze_GRU_U1_123,
GRU_U1,123,new_P3_selected,main,validation,P3_intersection,43050,0.9021974371941978,0.5604645760743322,0.4835462151424672,0.2606691419266551,0.5405077321751469,0.902636991197168,10846,21790,10414,1.1920928977282585e-07,0.0050228653928225,a5000,analyze_GRU_U1_123,
GRU_U1,42,new_P3_selected,main,development_holdout,P0_legacy,101574,0.9267870573435047,0.5437513536928742,0.4777591234860391,0.2437834788590385,0.5553030805970113,0.926787057343505,25800,50465,25309,1.1920928988384816e-07,0.0157055069694983,a5000,analyze_GRU_U1_42,
GRU_U1,42,new_P3_selected,main,development_holdout,P1_valid_cache_endpoints,97156,0.9219579485078844,0.5466569228869035,0.4835387699078564,0.257703887890868,0.5529629017008946,0.9216237075286052,25496,46615,25045,1.1920928988384816e-07,0.0144593924322946,a5000,analyze_GRU_U1_42,
GRU_U1,42,new_P3_selected,main,development_holdout,P2_candidate_clock,88209,0.9264857301896944,0.5453185049144645,0.475652693590805,0.2453065681607303,0.5548280009654835,0.9264857301896944,22573,43431,22205,1.1920928988384816e-07,0.017265316186902,a5000,analyze_GRU_U1_42,
GRU_U1,42,new_P3_selected,main,development_holdout,P3_intersection,86588,0.9198590790364222,0.5491407585346699,0.4789195028769204,0.252796975969341,0.5512753145151066,0.9194936176080049,22279,42355,21954,1.1920928988384816e-07,0.0146844286922958,a5000,analyze_GRU_U1_42,
GRU_U1,42,new_P3_selected,main,validation,P0_legacy,50274,0.9121922406116184,0.5543024227234754,0.4850718078974128,0.2519865894757158,0.5464583205854124,0.9121922406116184,12432,25906,11936,1.1920928955078125e-07,0.0088556995187432,a5000,analyze_GRU_U1_42,
GRU_U1,42,new_P3_selected,main,validation,P1_valid_cache_endpoints,48280,0.9065489730410212,0.5578914664457332,0.4914332985508285,0.2660819390975399,0.5435205793927999,0.9068945088948892,12341,24081,11858,1.1920928955078125e-07,0.0054834100367078,a5000,analyze_GRU_U1_42,
GRU_U1,42,new_P3_selected,main,validation,P2_candidate_clock,43659,0.9109588276658138,0.5564717469479374,0.4833318560564699,0.2546002649539498,0.5454617307567798,0.910958827665814,10937,22231,10491,1.1920928955078125e-07,0.0074359688623293,a5000,analyze_GRU_U1_42,
GRU_U1,42,new_P3_selected,main,validation,P3_intersection,43050,0.9039634840198628,0.5601858304297329,0.4865265383621708,0.2615895677843461,0.5416549239834585,0.9044422384258622,10846,21790,10414,1.1920928955078125e-07,0.0043457305180321,a5000,analyze_GRU_U1_42,
GRU_U1,7,new_P3_selected,main,development_holdout,P0_legacy,101574,0.9241239295933944,0.5451099690865773,0.4814033702219225,0.2477431705879268,0.5537814040170409,0.9241239295933944,25800,50465,25309,1.1920928977282585e-07,0.015431357545019,a5000,analyze_GRU_U1_7,
GRU_U1,7,new_P3_selected,main,development_holdout,P1_valid_cache_endpoints,97156,0.9196392822936452,0.5475729754209725,0.4868653662852171,0.2606335526041773,0.5517573080800436,0.919291674587592,25496,46615,25045,1.1920928977282585e-07,0.0145608317877392,a5000,analyze_GRU_U1_7,
GRU_U1,7,new_P3_selected,main,development_holdout,P2_candidate_clock,88209,0.924874978019326,0.5452958314911177,0.4788395139604169,0.2472468554267536,0.5540329040766192,0.9248749780193264,22573,43431,22205,1.1920928977282585e-07,0.0174085088000001,a5000,analyze_GRU_U1_7,
GRU_U1,7,new_P3_selected,main,development_holdout,P3_intersection,86588,0.9181496787804644,0.5490714648681111,0.4820377373661849,0.2545177419661634,0.5504751227132213,0.9177836869088846,22279,42355,21954,1.1920928977282585e-07,0.0148467292513268,a5000,analyze_GRU_U1_7,
GRU_U1,7,new_P3_selected,main,validation,P0_legacy,50274,0.9096457685820544,0.5561323944782591,0.4890445539431615,0.2569772972545098,0.5447507736278452,0.9096457685820544,12432,25906,11936,1.1175870917590205e-07,0.0094456272936553,a5000,analyze_GRU_U1_7,
GRU_U1,7,new_P3_selected,main,validation,P1_valid_cache_endpoints,48280,0.9046548096588866,0.5592170671085336,0.494987395371579,0.2699961123390784,0.5422391626054607,0.9049799007089944,12341,24081,11858,1.1175870917590205e-07,0.0051648322424068,a5000,analyze_GRU_U1_7,
GRU_U1,7,new_P3_selected,main,validation,P2_candidate_clock,43659,0.9091978228410792,0.5580063675301771,0.4880274115349993,0.259288256006342,0.5443318454519378,0.9091978228410794,10937,22231,10491,1.1175870917590205e-07,0.0086225372105658,a5000,analyze_GRU_U1_7,
GRU_U1,7,new_P3_selected,main,validation,P3_intersection,43050,0.9025463757156384,0.5615331010452962,0.4910012953801756,0.2658898425919054,0.5406664678317868,0.903009969418911,10846,21790,10414,1.1175870917590205e-07,0.0054931173368311,a5000,analyze_GRU_U1_7,
UM_V2_DEPTH,123,new_P3_selected,R2,rolling_evaluation,P0_legacy,33858,0.9053952373620058,0.5575934786461102,0.4859651000479292,0.2562934830597704,0.541217835216561,0.9053952373620056,8325,17432,8101,1.1920928977282585e-07,0.0069084300302324,a5000,analyze_R2_UM_V2_DEPTH_123_selected,
UM_V2_DEPTH,123,new_P3_selected,R2,rolling_evaluation,P1_valid_cache_endpoints,32561,0.9048002657139004,0.5569546389852892,0.4892869393407018,0.2639326319536426,0.5414830481695939,0.904632957593058,8261,16258,8042,1.1920928977282585e-07,0.0067166827909585,a5000,analyze_R2_UM_V2_DEPTH_123_selected,
UM_V2_DEPTH,123,new_P3_selected,R2,rolling_evaluation,P2_candidate_clock,29403,0.9069505502108428,0.5548413427201306,0.4819312055378459,0.2508245257343017,0.5422159111442881,0.9069505502108428,7280,15057,7066,1.1920928977282585e-07,0.0067979286482261,a5000,analyze_R2_UM_V2_DEPTH_123_selected,
UM_V2_DEPTH,123,new_P3_selected,R2,rolling_evaluation,P3_intersection,29027,0.9020247666089156,0.5578254728356358,0.484525109734862,0.2562284908151014,0.5395652032892054,0.9019064477936112,7218,14800,7009,1.1920928977282585e-07,0.0089016432966119,a5000,analyze_R2_UM_V2_DEPTH_123_selected,
UM_V2_DEPTH,123,new_P3_selected,R2,validation,P0_legacy,50274,0.9150706704237774,0.5488920714484624,0.485017102939578,0.2544883495007101,0.5487690363272446,0.9150706704237777,12799,24976,12499,1.1920928977282585e-07,0.0051833156161811,a5000,analyze_R2_UM_V2_DEPTH_123_selected,
UM_V2_DEPTH,123,new_P3_selected,R2,validation,P1_valid_cache_endpoints,48400,0.9154171115059452,0.547396694214876,0.4872995829238469,0.2605372278451669,0.5497764190422156,0.9159928128276564,12696,23291,12413,1.1920928977282585e-07,0.0055761063766435,a5000,analyze_R2_UM_V2_DEPTH_123_selected,
UM_V2_DEPTH,123,new_P3_selected,R2,validation,P2_candidate_clock,43659,0.9182502603909898,0.5457523076570696,0.4821879698639932,0.2511195269916337,0.5507389039412774,0.9182502603909896,11264,21415,10980,1.1920928977282585e-07,0.0057804050542001,a5000,analyze_R2_UM_V2_DEPTH_123_selected,
UM_V2_DEPTH,123,new_P3_selected,R2,validation,P3_intersection,43147,0.9138889246012548,0.547987113820196,0.4838202906981936,0.2550766171682852,0.5484816213260381,0.9145328028553628,11162,21089,10896,1.1920928977282585e-07,0.005550185808424,a5000,analyze_R2_UM_V2_DEPTH_123_selected,
UM_V2_DEPTH,42,new_P3_selected,R2,rolling_evaluation,P0_legacy,33858,0.9060610342632294,0.5572981274735661,0.4866450825958472,0.2559013641090922,0.5417680684931774,0.9060610342632294,8325,17432,8101,1.1920928955078125e-07,0.0063560130808964,a5000,analyze_R2_UM_V2_DEPTH_42_selected,
UM_V2_DEPTH,42,new_P3_selected,R2,rolling_evaluation,P1_valid_cache_endpoints,32561,0.9050406179516072,0.5569546389852892,0.4899536088095037,0.2638925465094222,0.5417620864432918,0.904926302828775,8261,16258,8042,1.1920928955078125e-07,0.005045698913907,a5000,analyze_R2_UM_V2_DEPTH_42_selected,
UM_V2_DEPTH,42,new_P3_selected,R2,rolling_evaluation,P2_candidate_clock,29403,0.9075604855498391,0.5553174846104139,0.4823728047733359,0.2510738398225569,0.5426590238785761,0.9075604855498388,7280,15057,7066,1.1920928955078125e-07,0.0072758521719005,a5000,analyze_R2_UM_V2_DEPTH_42_selected,
UM_V2_DEPTH,42,new_P3_selected,R2,rolling_evaluation,P3_intersection,29027,0.9025120912068448,0.5578254728356358,0.4843853699713883,0.2557261405724157,0.5399707831979098,0.9024334891834735,7218,14800,7009,1.1920928955078125e-07,0.0061764609695453,a5000,analyze_R2_UM_V2_DEPTH_42_selected,
UM_V2_DEPTH,42,new_P3_selected,R2,validation,P0_legacy,50274,0.9155540390662416,0.548812507459124,0.4844443280314749,0.2538039133345761,0.5492270767530444,0.9155540390662416,12799,24976,12499,1.1920928932873665e-07,0.0070456812286096,a5000,analyze_R2_UM_V2_DEPTH_42_selected,
UM_V2_DEPTH,42,new_P3_selected,R2,validation,P1_valid_cache_endpoints,48400,0.9153251832503776,0.5476859504132231,0.4869644081719359,0.2604891912788778,0.5498560786106369,0.9159184941073258,12696,23291,12413,1.1920928932873665e-07,0.0071353799490052,a5000,analyze_R2_UM_V2_DEPTH_42_selected,
UM_V2_DEPTH,42,new_P3_selected,R2,validation,P2_candidate_clock,43659,0.9185228367365316,0.5461645937836414,0.481409165000246,0.2509529169504281,0.5510426248714458,0.9185228367365316,11264,21415,10980,1.1920928932873665e-07,0.0076286341335904,a5000,analyze_R2_UM_V2_DEPTH_42_selected,
UM_V2_DEPTH,42,new_P3_selected,R2,validation,P3_intersection,43147,0.9139249257341916,0.5483347625559135,0.482964950470303,0.254842620996481,0.5486849716139005,0.9145876912338684,11162,21089,10896,1.1920928932873665e-07,0.0065309591520263,a5000,analyze_R2_UM_V2_DEPTH_42_selected,
UM_V2_DEPTH,7,new_P3_selected,R2,rolling_evaluation,P0_legacy,33858,0.905832750366427,0.5573867328253294,0.4858424403112134,0.2547134767739519,0.5415370815202204,0.9058327503664269,8325,17432,8101,1.1920928966180358e-07,0.0076668265718807,a5000,analyze_R2_UM_V2_DEPTH_7_selected,
UM_V2_DEPTH,7,new_P3_selected,R2,rolling_evaluation,P1_valid_cache_endpoints,32561,0.9049005525369908,0.5567396578729155,0.4890470953845319,0.2624744385936082,0.541668658430632,0.9047372679911264,8261,16258,8042,1.1920928966180358e-07,0.0050011729861038,a5000,analyze_R2_UM_V2_DEPTH_7_selected,
UM_V2_DEPTH,7,new_P3_selected,R2,rolling_evaluation,P2_candidate_clock,29403,0.9073778323613416,0.554467231234908,0.480855615053527,0.2486238123704525,0.5425241840471443,0.9073778323613416,7280,15057,7066,1.1920928966180358e-07,0.0071804101297186,a5000,analyze_R2_UM_V2_DEPTH_7_selected,
UM_V2_DEPTH,7,new_P3_selected,R2,rolling_evaluation,P3_intersection,29027,0.9021585319379148,0.5571709098425603,0.4831010487653451,0.2536297202032547,0.5398045028768885,0.902042555611532,7218,14800,7009,1.1920928966180358e-07,0.0068177177728765,a5000,analyze_R2_UM_V2_DEPTH_7_selected,
UM_V2_DEPTH,7,new_P3_selected,R2,validation,P0_legacy,50274,0.9166465410528416,0.5485738154911087,0.4834887122633985,0.2523648260667194,0.5494855750244724,0.9166465410528416,12799,24976,12499,1.1920928932873665e-07,0.0065351197972434,a5000,analyze_R2_UM_V2_DEPTH_7_selected,
UM_V2_DEPTH,7,new_P3_selected,R2,validation,P1_valid_cache_endpoints,48400,0.9166557054448446,0.5470661157024793,0.4856874172368824,0.2586400055125161,0.5503649753209588,0.917291435374376,12696,23291,12413,1.1920928932873665e-07,0.0067765186336676,a5000,analyze_R2_UM_V2_DEPTH_7_selected,
UM_V2_DEPTH,7,new_P3_selected,R2,validation,P2_candidate_clock,43659,0.919554053772678,0.5457752124418791,0.4806081758175468,0.2495272714896146,0.5512889173853738,0.919554053772678,11264,21415,10980,1.1920928932873665e-07,0.0070459714632584,a5000,analyze_R2_UM_V2_DEPTH_7_selected,
UM_V2_DEPTH,7,new_P3_selected,R2,validation,P3_intersection,43147,0.9148018071703082,0.5480334669849584,0.4821453854013446,0.2535543743566456,0.548900441085108,0.9155336250651596,11162,21089,10896,1.1920928932873665e-07,0.005760389981246,a5000,analyze_R2_UM_V2_DEPTH_7_selected,
UM_V2_DEPTH,123,new_P3_selected,R3,rolling_evaluation,P0_legacy,33858,0.9483511398476168,0.5313958296414437,0.4737124498772795,0.2377085402418057,0.5689549960734798,0.948351139847617,8855,16319,8684,1.1920928977282585e-07,0.0189073220409856,a5000,analyze_R3_UM_V2_DEPTH_123_selected,
UM_V2_DEPTH,123,new_P3_selected,R3,rolling_evaluation,P1_valid_cache_endpoints,32038,0.9419001866206808,0.5348024221237281,0.4801170990779326,0.2527469036128352,0.5660343621354539,0.9434404777718484,8689,14807,8542,1.1920928977282585e-07,0.01865934175751,a5000,analyze_R3_UM_V2_DEPTH_123_selected,
UM_V2_DEPTH,123,new_P3_selected,R3,rolling_evaluation,P2_candidate_clock,29403,0.9502636129309846,0.5313743495561677,0.4733006667541748,0.2376686031908292,0.5699485532826589,0.9502636129309846,7734,14046,7623,1.1920928977282585e-07,0.0194725580999322,a5000,analyze_R3_UM_V2_DEPTH_123_selected,
UM_V2_DEPTH,123,new_P3_selected,R3,rolling_evaluation,P3_intersection,28540,0.9399841716960236,0.5371758934828311,0.4783639246394331,0.2489831047232626,0.5644678938398268,0.9415582850771032,7575,13475,7490,1.1920928977282585e-07,0.0170642474447674,a5000,analyze_R3_UM_V2_DEPTH_123_selected,
UM_V2_DEPTH,123,new_P3_selected,R3,validation,P0_legacy,50274,0.9132683240095828,0.5494291283764968,0.4803123264791575,0.2503022458534009,0.5469581556842827,0.9132683240095828,12678,25349,12247,1.1920928977282585e-07,0.0110014728450226,a5000,analyze_R3_UM_V2_DEPTH_123_selected,
UM_V2_DEPTH,123,new_P3_selected,R3,validation,P1_valid_cache_endpoints,48331,0.9129051271994388,0.5488816701495934,0.4835506234449349,0.2581965016536489,0.5473827882798826,0.9128743035711554,12578,23596,12157,1.1920928977282585e-07,0.0104951627078,a5000,analyze_R3_UM_V2_DEPTH_123_selected,
UM_V2_DEPTH,123,new_P3_selected,R3,validation,P2_candidate_clock,43659,0.9151575204138306,0.5471724043152615,0.4770389029104111,0.2461354563024971,0.5481995717885411,0.9151575204138308,11118,21829,10712,1.1920928977282585e-07,0.0118373938356576,a5000,analyze_R3_UM_V2_DEPTH_123_selected,
UM_V2_DEPTH,123,new_P3_selected,R3,validation,P3_intersection,43085,0.91054578886215,0.5495648137402809,0.4791288082261298,0.2507676772411588,0.5457633523063908,0.9105641148772308,11020,21441,10624,1.1920928977282585e-07,0.0104064592828581,a5000,analyze_R3_UM_V2_DEPTH_123_selected,
UM_V2_DEPTH,42,new_P3_selected,R3,rolling_evaluation,P0_legacy,33858,0.9463690025181049,0.5316025754622246,0.4718547906084854,0.2346846420163399,0.5679836254103439,0.9463690025181049,8855,16319,8684,1.1920928955078125e-07,0.0205717437591901,a5000,analyze_R3_UM_V2_DEPTH_42_selected,
UM_V2_DEPTH,42,new_P3_selected,R3,rolling_evaluation,P1_valid_cache_endpoints,32038,0.9400827568264284,0.5346775703851676,0.4779899599190765,0.2500139225975425,0.5653007215294333,0.9417020879941488,8689,14807,8542,1.1920928955078125e-07,0.0188367673682044,a5000,analyze_R3_UM_V2_DEPTH_42_selected,
UM_V2_DEPTH,42,new_P3_selected,R3,rolling_evaluation,P2_candidate_clock,29403,0.9484235346657957,0.5303200353705404,0.469897270903805,0.2330077577157252,0.5691575315163833,0.9484235346657957,7734,14046,7623,1.043081285789782e-07,0.01963411128357,a5000,analyze_R3_UM_V2_DEPTH_42_selected,
UM_V2_DEPTH,42,new_P3_selected,R3,rolling_evaluation,P3_intersection,28540,0.9379333685494728,0.5362648913805186,0.4749035620811488,0.2448029279086739,0.5635827306076496,0.9396458443139496,7575,13475,7490,1.043081285789782e-07,0.0162877708784054,a5000,analyze_R3_UM_V2_DEPTH_42_selected,
UM_V2_DEPTH,42,new_P3_selected,R3,validation,P0_legacy,50274,0.9132827380796904,0.5536261288140988,0.4821552636513296,0.253734941415648,0.5466094537847582,0.9132827380796904,12678,25349,12247,1.1920928955078125e-07,0.0073055218839621,a5000,analyze_R3_UM_V2_DEPTH_42_selected,
UM_V2_DEPTH,42,new_P3_selected,R3,validation,P1_valid_cache_endpoints,48331,0.9128030097514216,0.5524404626430242,0.4849570008121713,0.2612316514220494,0.5471323632587439,0.91285699618142,12578,23596,12157,1.1920928955078125e-07,0.0079319517587442,a5000,analyze_R3_UM_V2_DEPTH_42_selected,
UM_V2_DEPTH,42,new_P3_selected,R3,validation,P2_candidate_clock,43659,0.915672062154508,0.5506081220366935,0.4783228312970906,0.2489141651945011,0.5482031431833992,0.915672062154508,11118,21829,10712,1.1920928955078125e-07,0.0091800239986945,a5000,analyze_R3_UM_V2_DEPTH_42_selected,
UM_V2_DEPTH,42,new_P3_selected,R3,validation,P3_intersection,43085,0.9105314373966258,0.5532319832888476,0.4804919711872966,0.2540111356315427,0.545542160159354,0.9106359463496196,11020,21441,10624,1.1920928955078125e-07,0.007239261483407,a5000,analyze_R3_UM_V2_DEPTH_42_selected,
UM_V2_DEPTH,7,new_P3_selected,R3,rolling_evaluation,P0_legacy,33858,0.944769646269885,0.5332565420284718,0.4659576552886,0.2314070220340825,0.5674294771465745,0.9447696462698852,8855,16319,8684,1.0803341865539553e-07,0.0212112419642594,a5000,analyze_R3_UM_V2_DEPTH_7_selected,
UM_V2_DEPTH,7,new_P3_selected,R3,rolling_evaluation,P1_valid_cache_endpoints,32038,0.94087990489397,0.5353954678818903,0.4716515317587122,0.2472372623953445,0.565778174548023,0.942412339715352,8689,14807,8542,1.0803341865539553e-07,0.0211934614100589,a5000,analyze_R3_UM_V2_DEPTH_7_selected,
UM_V2_DEPTH,7,new_P3_selected,R3,rolling_evaluation,P2_candidate_clock,29403,0.9472644175507352,0.5322246029316736,0.4637803350820868,0.2302971033221995,0.5688750845025657,0.9472644175507352,7734,14046,7623,1.0803341865539553e-07,0.0218531912299495,a5000,analyze_R3_UM_V2_DEPTH_7_selected,
UM_V2_DEPTH,7,new_P3_selected,R3,rolling_evaluation,P3_intersection,28540,0.9384925780225604,0.5377014716187807,0.4685946336810881,0.2423403025485578,0.5639658119183296,0.940111340264044,7575,13475,7490,1.0803341865539553e-07,0.0181887784338429,a5000,analyze_R3_UM_V2_DEPTH_7_selected,
UM_V2_DEPTH,7,new_P3_selected,R3,validation,P0_legacy,50274,0.9120117255609334,0.5517762660619804,0.4703446785291192,0.2428807198788332,0.5461207218658621,0.9120117255609336,12678,25349,12247,1.1920928977282585e-07,0.0131972905343412,a5000,analyze_R3_UM_V2_DEPTH_7_selected,
UM_V2_DEPTH,7,new_P3_selected,R3,validation,P1_valid_cache_endpoints,48331,0.9129714469183116,0.5498541308890774,0.4726566770390671,0.2507299519042104,0.5474022025135067,0.912982209684709,12578,23596,12157,1.1920928977282585e-07,0.0149473134452145,a5000,analyze_R3_UM_V2_DEPTH_7_selected,
UM_V2_DEPTH,7,new_P3_selected,R3,validation,P2_candidate_clock,43659,0.9147615695243916,0.5478595478595478,0.4647051280831714,0.2363252957792684,0.5479372951376194,0.9147615695243916,11118,21829,10712,1.1920928977282585e-07,0.0158434043821082,a5000,analyze_R3_UM_V2_DEPTH_7_selected,
UM_V2_DEPTH,7,new_P3_selected,R3,validation,P3_intersection,43085,0.9104232235268948,0.5502379018219798,0.4666216194999025,0.2414823394313623,0.5456421011287745,0.9104886200347164,11020,21441,10624,1.1920928977282585e-07,0.0143097848665099,a5000,analyze_R3_UM_V2_DEPTH_7_selected,
U0,123,new_P3_selected,main,development_holdout,P0_legacy,101574,0.9343456384888272,0.5393210861047119,0.4785294827824193,0.2403146312339769,0.5594314535697267,0.9343456384888276,25800,50465,25309,1.1920928977282585e-07,0.0075107879462159,a5000,analyze_U0_123,
U0,123,new_P3_selected,main,development_holdout,P1_valid_cache_endpoints,97156,0.9297194846183672,0.5409238750051464,0.4831950666540288,0.2513279073351817,0.5577312515997417,0.929852347774596,25496,46615,25045,1.1920928977282585e-07,0.0062150769134661,a5000,analyze_U0_123,
U0,123,new_P3_selected,main,development_holdout,P2_candidate_clock,88209,0.9361243451471188,0.5384144475053566,0.4765496394685947,0.2386383621545097,0.5603983307030785,0.936124345147119,22573,43431,22205,1.1920928977282585e-07,0.008617492996032,a5000,analyze_U0_123,
U0,123,new_P3_selected,main,development_holdout,P3_intersection,86588,0.9279927942184462,0.5424654686561649,0.4797579539393227,0.2459188405626563,0.5563296726054799,0.9281290835421216,22279,42355,21954,1.1920928977282585e-07,0.0063770882081686,a5000,analyze_U0_123,
U0,123,new_P3_selected,main,validation,P0_legacy,50274,0.928415313983279,0.551239209133946,0.4837869476993455,0.2474054793538165,0.5541245790710546,0.9284153139832794,12432,25906,11936,1.1920928977282585e-07,0.0090313869279157,a5000,analyze_U0_123,
U0,123,new_P3_selected,main,validation,P1_valid_cache_endpoints,48280,0.9193019479317664,0.552920463960232,0.4888085501139323,0.2585323761184823,0.5514004453322059,0.9196584321125252,12341,24081,11858,1.1920928977282585e-07,0.0076882007449025,a5000,analyze_U0_123,
U0,123,new_P3_selected,main,validation,P2_candidate_clock,43659,0.9281196991514288,0.5505165028974552,0.4822221451813017,0.2465667637894128,0.5545677659739586,0.9281196991514288,10937,22231,10491,1.1920928977282585e-07,0.0085206114513692,a5000,analyze_U0_123,
U0,123,new_P3_selected,main,validation,P3_intersection,43050,0.916196305774569,0.5543786295005807,0.4855010901163879,0.253566749958066,0.5497934867258987,0.9166929779399609,10846,21790,10414,1.1920928977282585e-07,0.0084199677256491,a5000,analyze_U0_123,
U0,42,new_P3_selected,main,development_holdout,P0_legacy,101574,0.9349570701147998,0.5375883592257861,0.4726876695998935,0.2344699675117917,0.56000759071928,0.9349570701147996,25800,50465,25309,1.1920928988384816e-07,0.0119474749075449,a5000,analyze_U0_42,
U0,42,new_P3_selected,main,development_holdout,P1_valid_cache_endpoints,97156,0.9309352835763012,0.5387932809090534,0.4770105250979934,0.2454410150213573,0.5585575575951965,0.9310111241207276,25496,46615,25045,1.1920928988384816e-07,0.009737751936186,a5000,analyze_U0_42,
U0,42,new_P3_selected,main,development_holdout,P2_candidate_clock,88209,0.9364406809546734,0.5376775612465848,0.4710777845462537,0.2349480847393251,0.5607700286493136,0.9364406809546736,22573,43431,22205,1.1920928988384816e-07,0.0103173653447987,a5000,analyze_U0_42,
U0,42,new_P3_selected,main,development_holdout,P3_intersection,86588,0.9285241262670744,0.5419342172125468,0.4743499998529789,0.2427005527535305,0.5567042238915343,0.9285972241437794,22279,42355,21954,1.1920928988384816e-07,0.0075171875604788,a5000,analyze_U0_42,
U0,42,new_P3_selected,main,validation,P0_legacy,50274,0.9272523634731212,0.5489915264351355,0.4767161432271543,0.2400073762302873,0.5539532213978827,0.927252363473121,12432,25906,11936,1.126900315284729e-07,0.0104958926255309,a5000,analyze_U0_42,
U0,42,new_P3_selected,main,validation,P1_valid_cache_endpoints,48280,0.9202951049553042,0.55,0.4812058790234566,0.250706052854988,0.5516914382870608,0.9206286069476888,12341,24081,11858,1.126900315284729e-07,0.008122772006831,a5000,analyze_U0_42,
U0,42,new_P3_selected,main,validation,P2_candidate_clock,43659,0.9271789734459516,0.5483405483405484,0.4747122883690886,0.240082546116552,0.5545588245786709,0.9271789734459516,10937,22231,10491,1.1175870906487972e-07,0.0094872504259828,a5000,analyze_U0_42,
U0,42,new_P3_selected,main,validation,P3_intersection,43050,0.9167502783822106,0.5523112659698025,0.4780014477056722,0.2473536158217906,0.549867347202225,0.9172189841182204,10846,21790,10414,1.1175870906487972e-07,0.0076134953146426,a5000,analyze_U0_42,
U0,7,new_P3_selected,main,development_holdout,P0_legacy,101574,0.9360172892205376,0.5364069545356095,0.4775563319293434,0.237606128835185,0.5610402668284808,0.9360172892205376,25800,50465,25309,1.1920928977282585e-07,0.0090811429038518,a5000,analyze_U0_7,
U0,7,new_P3_selected,main,development_holdout,P1_valid_cache_endpoints,97156,0.9317260238284324,0.5379183992753922,0.4820907495387907,0.2480034458974358,0.5594116783989401,0.9317288206058224,25496,46615,25045,1.1920928977282585e-07,0.0073476428298585,a5000,analyze_U0_7,
U0,7,new_P3_selected,main,development_holdout,P2_candidate_clock,88209,0.9380033789388332,0.5357389835504314,0.4755223173981243,0.2364938265698335,0.561976539868614,0.9380033789388328,22573,43431,22205,1.1920928977282585e-07,0.007319713841883,a5000,analyze_U0_7,
U0,7,new_P3_selected,main,development_holdout,P3_intersection,86588,0.9300045023280824,0.5402018755485749,0.4789963368824889,0.2441326171994767,0.5578765029530858,0.9300196377700998,22279,42355,21954,1.1920928977282585e-07,0.0068677084861766,a5000,analyze_U0_7,
U0,7,new_P3_selected,main,validation,P0_legacy,50274,0.9205420973421988,0.5511795361419422,0.483797908158149,0.2482700604201795,0.5517065534536796,0.9205420973421988,12432,25906,11936,1.1920928988384816e-07,0.0096331118025595,a5000,analyze_U0_7,
U0,7,new_P3_selected,main,validation,P1_valid_cache_endpoints,48280,0.9198614837018676,0.5493371996685998,0.4862943544392628,0.2540962248240625,0.5520271857874962,0.9202515751104547,12341,24081,11858,1.1920928988384816e-07,0.0065437726841702,a5000,analyze_U0_7,
U0,7,new_P3_selected,main,validation,P2_candidate_clock,43659,0.921689911355052,0.5501729311253121,0.481710536680219,0.2475552220089605,0.5526870941717434,0.921689911355052,10937,22231,10491,1.1920928988384816e-07,0.0076485759479317,a5000,analyze_U0_7,
U0,7,new_P3_selected,main,validation,P3_intersection,43050,0.91734644570393,0.551335656213705,0.4830701127342877,0.2505018318745248,0.5505434019328587,0.9178665809741422,10846,21790,10414,1.1920928988384816e-07,0.0082854228192284,a5000,analyze_U0_7,
U1,123,new_P3_selected,main,development_holdout,P0_legacy,101574,0.9270785657815972,0.5451395042038317,0.4777886960424971,0.2456383692068246,0.5548545365208035,0.9270785657815972,25800,50465,25309,1.1548399903027473e-07,0.0084084189058813,a5000,analyze_U1_123,
U1,123,new_P3_selected,main,development_holdout,P1_valid_cache_endpoints,97156,0.92593588924044,0.5450100868705998,0.4811940829947179,0.2549419625110573,0.5550612542681357,0.9256268107009936,25496,46615,25045,1.1548399903027473e-07,0.0090299172177742,a5000,analyze_U1_123,
U1,123,new_P3_selected,main,development_holdout,P2_candidate_clock,88209,0.9306295999593428,0.5421442256459091,0.4754545143610869,0.241689618718311,0.557060521207305,0.9306295999593426,22573,43431,22205,1.1548399903027473e-07,0.0095537845984644,a5000,analyze_U1_123,
U1,123,new_P3_selected,main,development_holdout,P3_intersection,86588,0.9237643112646672,0.5463459139834619,0.4786100323276273,0.2493847672630011,0.5533800885009927,0.923460497975986,22279,42355,21954,1.1548399903027473e-07,0.006582390205522,a5000,analyze_U1_123,
U1,123,new_P3_selected,main,validation,P0_legacy,50274,0.9148026854141188,0.5542427497314716,0.4814937656070493,0.2504598896202023,0.5465849589093055,0.914802685414119,12432,25906,11936,1.1175870917590205e-07,0.0073408015868388,a5000,analyze_U1_123,
U1,123,new_P3_selected,main,validation,P1_valid_cache_endpoints,48280,0.9114682324326664,0.554059652029826,0.4852216246001551,0.259195570484977,0.5461175646326031,0.9117917599723244,12341,24081,11858,1.1175870917590205e-07,0.0048809111136894,a5000,analyze_U1_123,
U1,123,new_P3_selected,main,validation,P2_candidate_clock,43659,0.9171890002410142,0.5518220756315995,0.4802472181867359,0.2481530479819408,0.5483722887151639,0.917189000241014,10937,22231,10491,1.1175870917590205e-07,0.0061305193369283,a5000,analyze_U1_123,
U1,123,new_P3_selected,main,validation,P3_intersection,43050,0.9087406939938728,0.5553542392566783,0.483242270932501,0.254723083376396,0.5444157881497086,0.9091919347054216,10846,21790,10414,1.1175870917590205e-07,0.0051202272730378,a5000,analyze_U1_123,
U1,42,new_P3_selected,main,development_holdout,P0_legacy,101574,0.9276531743610869,0.5453364049855278,0.4802514824141861,0.2469236249586135,0.5553046271011532,0.9276531743610866,25800,50465,25309,1.1920928955078125e-07,0.0063174649386861,a5000,analyze_U1_42,
U1,42,new_P3_selected,main,development_holdout,P1_valid_cache_endpoints,97156,0.926269091149963,0.5455556013010004,0.4839272466031632,0.2565568625855201,0.5553132191738576,0.9260035931911756,25496,46615,25045,1.1920928955078125e-07,0.0053967103311181,a5000,analyze_U1_42,
U1,42,new_P3_selected,main,development_holdout,P2_candidate_clock,88209,0.9310260908953572,0.5429831423097417,0.4784449108309467,0.2440424166954004,0.5573692349937225,0.931026090895357,22573,43431,22205,1.1920928955078125e-07,0.0058586054004308,a5000,analyze_U1_42,
U1,42,new_P3_selected,main,development_holdout,P3_intersection,86588,0.9240603904380248,0.5474199658151245,0.4818229905443864,0.2520429019826654,0.553633538041568,0.9238070776102068,22279,42355,21954,1.1920928955078125e-07,0.0036289257719597,a5000,analyze_U1_42,
U1,42,new_P3_selected,main,validation,P0_legacy,50274,0.9117872352396804,0.5563710864462744,0.4854714507514804,0.2546370956301758,0.54537899419113,0.9117872352396804,12432,25906,11936,1.1920928977282585e-07,0.0085596908850361,a5000,analyze_U1_42,
U1,42,new_P3_selected,main,validation,P1_valid_cache_endpoints,48280,0.912526597216452,0.5550124275062137,0.4884961394819223,0.261606186415051,0.5467058855723768,0.912855570047568,12341,24081,11858,1.1920928977282585e-07,0.0055678608247528,a5000,analyze_U1_42,
U1,42,new_P3_selected,main,validation,P2_candidate_clock,43659,0.914157304737705,0.5535399344923154,0.4835767921965551,0.2516597918529727,0.5472523636256766,0.9141573047377052,10937,22231,10491,1.1920928977282585e-07,0.0067338001369657,a5000,analyze_U1_42,
U1,42,new_P3_selected,main,validation,P3_intersection,43050,0.9097044820457606,0.5558885017421603,0.4858968124141977,0.2565264810945986,0.5450955793410618,0.9101578547743444,10846,21790,10414,1.1920928977282585e-07,0.0065506645929729,a5000,analyze_U1_42,
U1,7,new_P3_selected,main,development_holdout,P0_legacy,101574,0.9288516242582052,0.5440959300608423,0.4769913707799498,0.2454652435600752,0.5561399512023592,0.9288516242582052,25800,50465,25309,1.1920928955078125e-07,0.0054641955937731,a5000,analyze_U1_7,
U1,7,new_P3_selected,main,development_holdout,P1_valid_cache_endpoints,97156,0.9270367041513844,0.5443410597389765,0.48067087173406,0.2550444282366828,0.5559622371739046,0.9268747831305314,25496,46615,25045,1.1920928955078125e-07,0.0023153272322315,a5000,analyze_U1_7,
U1,7,new_P3_selected,main,development_holdout,P2_candidate_clock,88209,0.932548730308712,0.5409085240735072,0.4746659806062991,0.2411829479703863,0.5583612855440171,0.932548730308712,22573,43431,22205,1.1175870895385744e-07,0.0049430091484493,a5000,analyze_U1_7,
U1,7,new_P3_selected,main,development_holdout,P3_intersection,86588,0.9251777800963806,0.5455721347068878,0.478202757325227,0.2494157254275442,0.5544562634515533,0.9250419321663486,22279,42355,21954,1.1175870895385744e-07,0.0035593252525094,a5000,analyze_U1_7,
U1,7,new_P3_selected,main,validation,P0_legacy,50274,0.912448550360479,0.5536261288140988,0.4819472239839906,0.2517645775809302,0.5462890932512632,0.9124485503604788,12432,25906,11936,1.1920928977282585e-07,0.0118750639663811,a5000,analyze_U1_7,
U1,7,new_P3_selected,main,validation,P1_valid_cache_endpoints,48280,0.9129867534213464,0.5537489643744822,0.4858258476971902,0.2605802943147708,0.5472707198493417,0.9133869865496336,12341,24081,11858,1.1920928977282585e-07,0.0092817902078831,a5000,analyze_U1_7,
U1,7,new_P3_selected,main,validation,P2_candidate_clock,43659,0.9154428164856796,0.5512494560113608,0.4810699355428877,0.2495828849587315,0.5483379577750848,0.9154428164856796,10937,22231,10491,1.1920928977282585e-07,0.0111348577809206,a5000,analyze_U1_7,
U1,7,new_P3_selected,main,validation,P3_intersection,43050,0.9109062745648452,0.555191637630662,0.4843366200460777,0.2565649090198855,0.5458921002767397,0.9114367268807984,10846,21790,10414,1.1920928977282585e-07,0.0114394144406652,a5000,analyze_U1_7,
UM_V2_DEPTH,123,new_P3_selected,main,development_holdout,P0_legacy,101574,0.9270218870227966,0.5459074172524465,0.4711710188629638,0.2396679529651094,0.5547093144587032,0.9270218870227964,25800,50465,25309,1.1920928977282585e-07,0.0155276846470429,a5000,analyze_UM_V2_DEPTH_123,
UM_V2_DEPTH,123,new_P3_selected,main,development_holdout,P1_valid_cache_endpoints,97156,0.9258453591680764,0.5449997941454979,0.4740594496732113,0.2493903454256699,0.5552001735728146,0.9255451344133062,25496,46615,25045,1.1920928977282585e-07,0.0171135249329886,a5000,analyze_UM_V2_DEPTH_123,
UM_V2_DEPTH,123,new_P3_selected,main,development_holdout,P2_candidate_clock,88209,0.9307232008867106,0.5427110612295798,0.4673659784072075,0.2353063700395751,0.5571494576420687,0.9307232008867108,22573,43431,22205,1.1920928977282585e-07,0.0171561202635569,a5000,analyze_UM_V2_DEPTH_123,
UM_V2_DEPTH,123,new_P3_selected,main,development_holdout,P3_intersection,86588,0.9235532506130064,0.5465537949831385,0.4701424866938065,0.2431178850270867,0.5534677161950448,0.92327120709463,22279,42355,21954,1.1920928977282585e-07,0.0145722995150303,a5000,analyze_UM_V2_DEPTH_123,
UM_V2_DEPTH,123,new_P3_selected,main,validation,P0_legacy,50274,0.9152638687225648,0.5561125034809246,0.4766020769473709,0.2465524121423568,0.5456806656019699,0.9152638687225648,12432,25906,11936,1.1920928955078125e-07,0.0080844019920139,a5000,analyze_UM_V2_DEPTH_123,
UM_V2_DEPTH,123,new_P3_selected,main,validation,P1_valid_cache_endpoints,48280,0.9105444358661234,0.55503314001657,0.4797502077908451,0.2551381108512655,0.5454072079792329,0.9108718120528202,12341,24081,11858,1.1920928955078125e-07,0.0092004455414441,a5000,analyze_UM_V2_DEPTH_123,
UM_V2_DEPTH,123,new_P3_selected,main,validation,P2_candidate_clock,43659,0.9177150611974216,0.5533566962138391,0.4746330562642684,0.2440724748059158,0.5478808571785687,0.9177150611974216,10937,22231,10491,1.1920928955078125e-07,0.0097426687723498,a5000,analyze_UM_V2_DEPTH_123,
UM_V2_DEPTH,123,new_P3_selected,main,validation,P3_intersection,43050,0.907635130470778,0.556910569105691,0.4775682258646279,0.2511062738585827,0.5437027096910303,0.9081093363147208,10846,21790,10414,1.1920928955078125e-07,0.0073457570988608,a5000,analyze_UM_V2_DEPTH_123,
UM_V2_DEPTH,42,new_P3_selected,main,development_holdout,P0_legacy,101574,0.9265874105693878,0.547295567763404,0.4660235968907215,0.24004472025565,0.554541025516142,0.9265874105693876,25800,50465,25309,1.1920928977282585e-07,0.0185586493069283,a5000,analyze_UM_V2_DEPTH_42,
UM_V2_DEPTH,42,new_P3_selected,main,development_holdout,P1_valid_cache_endpoints,97156,0.9274014827841496,0.545699699452427,0.4684855781639191,0.2493486614865599,0.5558922201313133,0.9270552186153986,25496,46615,25045,1.1920928977282585e-07,0.0210234753229437,a5000,analyze_UM_V2_DEPTH_42,
UM_V2_DEPTH,42,new_P3_selected,main,development_holdout,P2_candidate_clock,88209,0.930562343832948,0.5443322109988776,0.4638533095159,0.2362062926030249,0.5571173277552657,0.9305623438329484,22573,43431,22205,1.1920928977282585e-07,0.0188002662076605,a5000,analyze_UM_V2_DEPTH_42,
UM_V2_DEPTH,42,new_P3_selected,main,development_holdout,P3_intersection,86588,0.9246009677474424,0.5481129024807133,0.4666693592083287,0.2441824678390605,0.5538639923501474,0.9242654369335332,22279,42355,21954,1.1920928977282585e-07,0.0166917797461969,a5000,analyze_UM_V2_DEPTH_42,
UM_V2_DEPTH,42,new_P3_selected,main,validation,P0_legacy,50274,0.9115446361195624,0.5566694514062935,0.4699670777695826,0.2450933955655189,0.544977087530866,0.9115446361195624,12432,25906,11936,1.1920928955078125e-07,0.0119121320748351,a5000,analyze_UM_V2_DEPTH_42,
UM_V2_DEPTH,42,new_P3_selected,main,validation,P1_valid_cache_endpoints,48280,0.912099859627686,0.555281690140845,0.4729174104920304,0.2537326224039934,0.5463463214201151,0.9123960158057004,12341,24081,11858,1.1920928955078125e-07,0.0133058354674729,a5000,analyze_UM_V2_DEPTH_42,
UM_V2_DEPTH,42,new_P3_selected,main,validation,P2_candidate_clock,43659,0.9145465205085832,0.5537231727707919,0.4689883224869802,0.2423378762075969,0.5474224221523596,0.9145465205085832,10937,22231,10491,1.1920928955078125e-07,0.0124418806655414,a5000,analyze_UM_V2_DEPTH_42,
UM_V2_DEPTH,42,new_P3_selected,main,validation,P3_intersection,43050,0.9088314200021372,0.5570731707317074,0.4718224001152731,0.2492089238033926,0.544456653237594,0.9092551239064578,10846,21790,10414,1.1920928955078125e-07,0.0104996857748259,a5000,analyze_UM_V2_DEPTH_42,
UM_V2_DEPTH,7,new_P3_selected,main,development_holdout,P0_legacy,101574,0.9249170205318156,0.5463307539330932,0.4746358846898564,0.2443738729376976,0.5539407574626396,0.9249170205318156,25800,50465,25309,1.1920928932873665e-07,0.0122637845008789,a5000,analyze_UM_V2_DEPTH_7,
UM_V2_DEPTH,7,new_P3_selected,main,development_holdout,P1_valid_cache_endpoints,97156,0.9236240213358412,0.5460496521058915,0.4781224815054706,0.2543293390503191,0.5540270663973363,0.9232996745503392,25496,46615,25045,1.1920928932873665e-07,0.0133336724359385,a5000,analyze_UM_V2_DEPTH_7,
UM_V2_DEPTH,7,new_P3_selected,main,development_holdout,P2_candidate_clock,88209,0.9280293183838983,0.5438674058202678,0.4711886005983817,0.2410168557810572,0.5558340901536892,0.9280293183838983,22573,43431,22205,1.1920928932873665e-07,0.0134675269225718,a5000,analyze_UM_V2_DEPTH_7,
UM_V2_DEPTH,7,new_P3_selected,main,development_holdout,P3_intersection,86588,0.9214145281520704,0.5475585531482422,0.4741759674214323,0.248411204737845,0.5523448255405885,0.9211007371291388,22279,42355,21954,1.1920928932873665e-07,0.0109588668601609,a5000,analyze_UM_V2_DEPTH_7,
UM_V2_DEPTH,7,new_P3_selected,main,validation,P0_legacy,50274,0.9088870394158562,0.5556152285475594,0.4787495965556759,0.2498421858260717,0.5440904930706367,0.9088870394158564,12432,25906,11936,1.1920928932873665e-07,0.0100065220323803,a5000,analyze_UM_V2_DEPTH_7,
UM_V2_DEPTH,7,new_P3_selected,main,validation,P1_valid_cache_endpoints,48280,0.909215448528948,0.5548053024026512,0.4820036487712771,0.2581571201446352,0.5449517508109707,0.9095438634877944,12341,24081,11858,1.1920928932873665e-07,0.0083150138667009,a5000,analyze_UM_V2_DEPTH_7,
UM_V2_DEPTH,7,new_P3_selected,main,validation,P2_candidate_clock,43659,0.9116238551468556,0.5527153622391717,0.4756569173436502,0.2466291101151837,0.5461880803894235,0.9116238551468556,10937,22231,10491,1.1920928932873665e-07,0.008761767016411,a5000,analyze_UM_V2_DEPTH_7,
UM_V2_DEPTH,7,new_P3_selected,main,validation,P3_intersection,43050,0.906897193912122,0.5558188153310104,0.4783003884476993,0.2527168252863443,0.5436216234810687,0.9073526293163204,10846,21790,10414,1.1920928932873665e-07,0.006497281007492,a5000,analyze_UM_V2_DEPTH_7,
UX,123,new_P3_selected,main,development_holdout,P0_legacy,101574,0.929107287903141,0.5434756925984996,0.4733091865033007,0.2401947173693309,0.5556816735029516,0.9291072879031408,25800,50465,25309,1.1920928955078125e-07,0.0129765380005085,a5000,analyze_UX_123,
UX,123,new_P3_selected,main,development_holdout,P1_valid_cache_endpoints,97156,0.9256150054566056,0.5432603236032773,0.4766810524816094,0.2498810282923093,0.5553051685501456,0.9252846564758064,25496,46615,25045,1.1920928955078125e-07,0.0137206435030765,a5000,analyze_UX_123,
UX,123,new_P3_selected,main,development_holdout,P2_candidate_clock,88209,0.9321484092791376,0.5399222301579204,0.4692693312760234,0.2351824447833292,0.557735836096222,0.9321484092791374,22573,43431,22205,1.1920928955078125e-07,0.0152568968880644,a5000,analyze_UX_123,
UX,123,new_P3_selected,main,development_holdout,P3_intersection,86588,0.9236713737959938,0.5440707719314455,0.4723632704815059,0.2429816501573027,0.553813924565966,0.9233444129141756,22279,42355,21954,1.1920928955078125e-07,0.0120940299722607,a5000,analyze_UX_123,
UX,123,new_P3_selected,main,validation,P0_legacy,50274,0.9424788158889232,0.5584397501690734,0.4792629198357227,0.2505129699801928,0.5471204512902798,0.9424788158889232,12432,25906,11936,1.1920928988384816e-07,0.0071810364429208,a5000,analyze_UX_123,
UX,123,new_P3_selected,main,validation,P1_valid_cache_endpoints,48280,0.9102886646671746,0.5576014913007457,0.4825893049283887,0.259507384944369,0.5452835242004912,0.9106562172276438,12341,24081,11858,1.1920928988384816e-07,0.005737914458046,a5000,analyze_UX_123,
UX,123,new_P3_selected,main,validation,P2_candidate_clock,43659,0.9436199855760148,0.5558762225428893,0.4768187922955675,0.2482831746746295,0.549114688597865,0.9436199855760146,10937,22231,10491,1.1920928977282585e-07,0.0082114168920077,a5000,analyze_UX_123,
UX,123,new_P3_selected,main,validation,P3_intersection,43050,0.9078592134417888,0.559465737514518,0.4798257776071628,0.2554190332187995,0.543801494298834,0.9083573968233096,10846,21790,10414,1.1920928977282585e-07,0.0057611670541511,a5000,analyze_UX_123,
UX,42,new_P3_selected,main,development_holdout,P0_legacy,101574,0.9275814287366954,0.5440467048654183,0.4734565020403665,0.2406350692139182,0.5553274661608876,0.9275814287366956,25800,50465,25309,1.1920928977282585e-07,0.0175501217031251,a5000,analyze_UX_42,
UX,42,new_P3_selected,main,development_holdout,P1_valid_cache_endpoints,97156,0.9254812345692396,0.5438264234838815,0.47685880892712,0.2504868542717799,0.5552369060035882,0.9251734877990724,25496,46615,25045,1.1920928977282585e-07,0.0182712033585068,a5000,analyze_UX_42,
UX,42,new_P3_selected,main,development_holdout,P2_candidate_clock,88209,0.9304073715139376,0.5410445646135882,0.4696756286466965,0.2365078829668981,0.5572047004528391,0.9304073715139376,22573,43431,22205,1.1920928977282585e-07,0.0191767123470273,a5000,analyze_UX_42,
UX,42,new_P3_selected,main,development_holdout,P3_intersection,86588,0.9233164196971156,0.5449715895967109,0.4726365873737965,0.2441048590560595,0.5536297892215957,0.923003657295668,22279,42355,21954,1.1920928977282585e-07,0.0161512995514697,a5000,analyze_UX_42,
UX,42,new_P3_selected,main,validation,P0_legacy,50274,0.9269896928834632,0.5581413852090544,0.4759813597806054,0.2474167855282255,0.5462480682250339,0.9269896928834632,12432,25906,11936,1.1920928955078125e-07,0.0141868361668381,a5000,analyze_UX_42,
UX,42,new_P3_selected,main,validation,P1_valid_cache_endpoints,48280,0.9097344970230378,0.5570422535211268,0.4792081519435666,0.2565294444449976,0.5450383357785287,0.9100420411872744,12341,24081,11858,1.1920928955078125e-07,0.0147651641739711,a5000,analyze_UX_42,
UX,42,new_P3_selected,main,validation,P2_candidate_clock,43659,0.9287977280917884,0.5554639364163174,0.4730296887164951,0.2449612842856275,0.5482363179992756,0.9287977280917882,10937,22231,10491,1.1920928955078125e-07,0.0163008975433999,a5000,analyze_UX_42,
UX,42,new_P3_selected,main,validation,P3_intersection,43050,0.907200546518812,0.5587688734030197,0.4758997730967556,0.2518920989304098,0.5435709236356696,0.9076163232047092,10846,21790,10414,1.1920928955078125e-07,0.0133365196854043,a5000,analyze_UX_42,
UX,7,new_P3_selected,main,development_holdout,P0_legacy,101574,0.9291817453382316,0.545228109555595,0.4652318663266876,0.2348284660950113,0.5559913999947748,0.9291817453382316,25800,50465,25309,1.1920928977282585e-07,0.0074083644858248,a5000,analyze_UX_7,
UX,7,new_P3_selected,main,development_holdout,P1_valid_cache_endpoints,97156,0.9286185966612304,0.5437440816830664,0.4676786396456768,0.2444864240732833,0.5570170154527854,0.9283231999070856,25496,46615,25045,1.1920928977282585e-07,0.0098432555250344,a5000,analyze_UX_7,
UX,7,new_P3_selected,main,development_holdout,P2_candidate_clock,88209,0.9338157966682776,0.5407724835334263,0.4601360217926845,0.2287480274740658,0.5590583566562882,0.9338157966682776,22573,43431,22205,1.1920928977282585e-07,0.0108088855431927,a5000,analyze_UX_7,
UX,7,new_P3_selected,main,development_holdout,P3_intersection,86588,0.9266315967350134,0.5449946874855638,0.4630277066822538,0.2373941274472923,0.5554312498580933,0.9263568850077312,22279,42355,21954,1.1920928977282585e-07,0.0081769602311116,a5000,analyze_UX_7,
UX,7,new_P3_selected,main,validation,P0_legacy,50274,0.926005685769348,0.5597923379878267,0.4704948367209359,0.244205078482001,0.5471677161407097,0.9260056857693478,12432,25906,11936,1.1920928977282585e-07,0.0086584344539261,a5000,analyze_UX_7,
UX,7,new_P3_selected,main,validation,P1_valid_cache_endpoints,48280,0.91267253057763,0.5577671913835957,0.472965165744962,0.2530164796924695,0.5465941723853083,0.9130218641788276,12341,24081,11858,1.1920928977282585e-07,0.0074797452153163,a5000,analyze_UX_7,
UX,7,new_P3_selected,main,validation,P2_candidate_clock,43659,0.9295354289957916,0.5555097459859365,0.4662106904652994,0.2395634429258556,0.5502372889561135,0.9295354289957916,10937,22231,10491,1.1920928977282585e-07,0.0083223991377547,a5000,analyze_UX_7,
UX,7,new_P3_selected,main,validation,P3_intersection,43050,0.9104014748168572,0.5590011614401859,0.4689475068459827,0.2471360431016384,0.5451833833070164,0.9108751674244552,10846,21790,10414,1.1920928977282585e-07,0.0080441189713641,a5000,analyze_UX_7,
S,123,fixed_decomposition,main,development_holdout,P0_legacy,101574,0.9430976741896074,0.5409848977100439,0.468222529387263,0.2347062784930063,0.5634651412001432,0.9430976741896074,25800,50465,25309,1.266598699256605e-07,0.0104185708120011,a5000,pool_S_123,
S,123,fixed_decomposition,main,development_holdout,P1_valid_cache_endpoints,97156,0.9431892419740556,0.5387109391082383,0.4701168514399089,0.2414735489505597,0.565027415734101,0.9429338722496736,25496,46615,25045,1.266598699256605e-07,0.0135279310695209,a5000,pool_S_123,
S,123,fixed_decomposition,main,development_holdout,P2_candidate_clock,88209,0.9472013620713324,0.5366799306193245,0.4662481486262053,0.2304344058600185,0.5664021208674104,0.9472013620713324,22573,43431,22205,1.1920928966180358e-07,0.0089570660773228,a5000,pool_S_123,
S,123,fixed_decomposition,main,development_holdout,P3_intersection,86588,0.9398308968232452,0.5410103016584284,0.4694339652231907,0.2383969422821552,0.5625635162551702,0.9395319030829924,22279,42355,21954,1.1920928966180358e-07,0.0070528266733883,a5000,pool_S_123,
S,123,fixed_decomposition,main,validation,P0_legacy,50274,0.9189525463114904,0.5538051477901101,0.474058879293086,0.2440010237345271,0.548727622356045,0.9189525463114904,12432,25906,11936,1.1920928955078125e-07,0.007184880205159,a5000,pool_S_123,
S,123,fixed_decomposition,main,validation,P1_valid_cache_endpoints,48280,0.9224246422207488,0.5491507870753936,0.4748191126208933,0.2470611708083775,0.5521794828370532,0.9227517893449592,12341,24081,11858,1.1920928955078125e-07,0.009311189932768,a5000,pool_S_123,
S,123,fixed_decomposition,main,validation,P2_candidate_clock,43659,0.921602382501264,0.5500584072012643,0.4728361535033649,0.2414224414912547,0.5510266769684119,0.921602382501264,10937,22231,10491,1.1920928955078125e-07,0.0066064516410338,a5000,pool_S_123,
S,123,fixed_decomposition,main,validation,P3_intersection,43050,0.917640820249668,0.5515679442508711,0.4744906802384254,0.2452798318404328,0.549207610738814,0.9180881622174764,10846,21790,10414,1.1920928955078125e-07,0.0057913553830306,a5000,pool_S_123,
S,42,fixed_decomposition,main,development_holdout,P0_legacy,101574,0.9415186353708684,0.5392718609092878,0.4674362541483443,0.2324229527064459,0.5627218895568751,0.9415186353708684,25800,50465,25309,1.1920928955078125e-07,0.0144552671759508,a5000,pool_S_42,
S,42,fixed_decomposition,main,development_holdout,P1_valid_cache_endpoints,97156,0.9419390981798744,0.5369714685660175,0.4693518173222315,0.2390283721963056,0.5643539028612474,0.941593735446221,25496,46615,25045,1.1920928955078125e-07,0.0170978718157097,a5000,pool_S_42,
S,42,fixed_decomposition,main,development_holdout,P2_candidate_clock,88209,0.9459625948998532,0.5351268011200672,0.465760517178183,0.2283608620942643,0.5656088531824368,0.9459625948998532,22573,43431,22205,1.1920928955078125e-07,0.0126575658096781,a5000,pool_S_42,
S,42,fixed_decomposition,main,development_holdout,P3_intersection,86588,0.938528175668355,0.5394165473275743,0.4689624639727085,0.2362195249617265,0.5616924691116516,0.9381639852741566,22279,42355,21954,1.1920928955078125e-07,0.0097627889373065,a5000,pool_S_42,
S,42,fixed_decomposition,main,validation,P0_legacy,50274,0.916045165908898,0.555734574531567,0.4768373128333956,0.2476010102421348,0.5471456915326485,0.9160451659088982,12432,25906,11936,1.1920928977282585e-07,0.0082911681306906,a5000,pool_S_42,
S,42,fixed_decomposition,main,validation,P1_valid_cache_endpoints,48280,0.9208879028637236,0.5506835128417564,0.4773535566499416,0.2500013024997614,0.5513374119356099,0.9212155104115688,12341,24081,11858,1.1920928977282585e-07,0.0101789625353102,a5000,pool_S_42,
S,42,fixed_decomposition,main,validation,P2_candidate_clock,43659,0.9198015747500514,0.5521198378341236,0.475986672365613,0.2454630430431258,0.5499431018070801,0.9198015747500512,10937,22231,10491,1.1920928977282585e-07,0.0076004850931669,a5000,pool_S_42,
S,42,fixed_decomposition,main,validation,P3_intersection,43050,0.9170361278305936,0.5531242740998839,0.4773240654325277,0.2485406302543419,0.5488059101913746,0.9174824049768118,10846,21790,10414,1.1920928977282585e-07,0.0068647183144522,a5000,pool_S_42,
S,7,fixed_decomposition,main,development_holdout,P0_legacy,101574,0.9419191652135804,0.5390355799712525,0.468001631262614,0.2327833169471947,0.5631848464616312,0.9419191652135804,25800,50465,25309,1.1920928977282585e-07,0.0127643608855716,a5000,pool_S_7,
S,7,fixed_decomposition,main,development_holdout,P1_valid_cache_endpoints,97156,0.9428446118518016,0.5369611758409156,0.4700703304990559,0.2395485676537107,0.5649265081055386,0.9424923940149504,25496,46615,25045,1.1920928977282585e-07,0.0150646258584384,a5000,pool_S_7,
S,7,fixed_decomposition,main,development_holdout,P2_candidate_clock,88209,0.9469333496687442,0.5352968517951683,0.4661804835145467,0.2295182207249852,0.5663766725620639,0.9469333496687442,22573,43431,22205,1.1920928977282585e-07,0.0113108079140403,a5000,pool_S_7,
S,7,fixed_decomposition,main,development_holdout,P3_intersection,86588,0.9399426606703938,0.5397168198826627,0.4695015729074321,0.2374634452534148,0.5625776120620605,0.9395508014941398,22279,42355,21954,1.1920928977282585e-07,0.0082360444656428,a5000,pool_S_7,
S,7,fixed_decomposition,main,validation,P0_legacy,50274,0.915628536437998,0.5551975176035326,0.4778961366138792,0.2477785137516251,0.5473217458103373,0.915628536437998,12432,25906,11936,1.1920928955078125e-07,0.0056448069371355,a5000,pool_S_7,
S,7,fixed_decomposition,main,validation,P1_valid_cache_endpoints,48280,0.9202648044230112,0.5508285004142502,0.4788895924475141,0.2510324924065923,0.5512940289567141,0.9206073497164602,12341,24081,11858,1.1920928955078125e-07,0.0088781018726378,a5000,pool_S_7,
S,7,fixed_decomposition,main,validation,P2_candidate_clock,43659,0.9201742498924306,0.5518678852012185,0.4768129495042814,0.2460508067519362,0.5504836880477753,0.9201742498924308,10937,22231,10491,1.1920928955078125e-07,0.0043723536981937,a5000,pool_S_7,
S,7,fixed_decomposition,main,validation,P3_intersection,43050,0.9171286589148532,0.5535656213704995,0.4786693031523846,0.2501019970793072,0.5490953022489965,0.917580280536957,10846,21790,10414,1.1920928955078125e-07,0.0036200561773067,a5000,pool_S_7,
prior_per_asset,0,train_P3_Laplace_prior,R1,rolling_evaluation,P0_legacy,33858,1.048388649696797,0.4677476519581783,0.3111329225868273,0.0734478576131509,0.6290646896350314,1.0483886496967971,8620,16714,8524,1.1102230246251563e-16,0.0445308161001374,a5000,prior_R1,
prior_per_asset,0,train_P3_Laplace_prior,R1,rolling_evaluation,P1_valid_cache_endpoints,32557,1.0458206456548824,0.4629419172528181,0.3109035141969527,0.0808147803364484,0.6283583155958815,1.0470997901787122,8546,15550,8461,1.1102230246251563e-16,0.0401551330742549,a5000,prior_R1,
prior_per_asset,0,train_P3_Laplace_prior,R1,rolling_evaluation,P2_candidate_clock,29403,1.0482863995319929,0.4655987484270312,0.3117244601037853,0.0771552595592415,0.6290952071562192,1.0482863995319929,7559,14328,7516,1.1102230246251563e-16,0.0423819125689904,a5000,prior_R1,
prior_per_asset,0,train_P3_Laplace_prior,R1,rolling_evaluation,P3_intersection,29021,1.0431353297410555,0.468350504806864,0.3129115352963412,0.0827468948641458,0.6263977133685691,1.0445504871822715,7486,14080,7455,1.1102230246251563e-16,0.0455818885570262,a5000,prior_R1,
prior_per_asset,0,train_P3_Laplace_prior,R1,validation,P0_legacy,50274,1.0370023455821704,0.4927795679675379,0.3238653672717251,0.0964848650103207,0.6215397380702363,1.0370023455821704,12432,25906,11936,1.1102230246251563e-16,0.069562732109497,a5000,prior_R1,
prior_per_asset,0,train_P3_Laplace_prior,R1,validation,P1_valid_cache_endpoints,48280,1.0364797335584026,0.4862676056338028,0.3232154197969641,0.1016147403707393,0.62197490025374,1.036984140977636,12341,24081,11858,1.1102230246251563e-16,0.0633782859074511,a5000,prior_R1,
prior_per_asset,0,train_P3_Laplace_prior,R1,validation,P2_candidate_clock,43659,1.03691722464929,0.4909869671774434,0.3246121058988999,0.1001020629965968,0.6215379608637862,1.0369172246492906,10937,22231,10491,1.1102230246251563e-16,0.0677701313194025,a5000,prior_R1,
prior_per_asset,0,train_P3_Laplace_prior,R1,validation,P3_intersection,43050,1.034133125172216,0.4914053426248548,0.3249657173724403,0.1030141112788879,0.6201847672065196,1.0347878199585578,10846,21790,10414,1.1102230246251563e-16,0.0685319248515918,a5000,prior_R1,
prior_global,0,train_P3_Laplace_prior,R1,rolling_evaluation,P0_legacy,33858,1.06232895020497,0.4936499497903007,0.2203327269371721,0.0,0.641546120336117,1.06232895020497,8620,16714,8524,0.0,0.0940097748295019,a5000,prior_R1,
prior_global,0,train_P3_Laplace_prior,R1,rolling_evaluation,P1_valid_cache_endpoints,32557,1.066933998332855,0.4776238596922321,0.2154918549622023,0.0,0.6447389224331803,1.067328801637436,8546,15550,8461,0.0,0.0779836847314333,a5000,prior_R1,
prior_global,0,train_P3_Laplace_prior,R1,rolling_evaluation,P2_candidate_clock,29403,1.0642009194169462,0.4872972145699418,0.2184262879879261,0.0,0.6428396683023022,1.0642009194169464,7559,14328,7516,0.0,0.087657039609143,a5000,prior_R1,
prior_global,0,train_P3_Laplace_prior,R1,rolling_evaluation,P3_intersection,29021,1.064826547399761,0.4851659143378932,0.2177830367431537,0.0,0.6432722016606686,1.0652484788560312,7486,14080,7455,0.0,0.0855257393770944,a5000,prior_R1,
prior_global,0,train_P3_Laplace_prior,R1,validation,P0_legacy,50274,1.055865172540238,0.5152961769503123,0.2267086724424608,0.0,0.6370873410738275,1.0558651725402382,12432,25906,11936,0.0,0.1156560019895134,a5000,prior_R1,
prior_global,0,train_P3_Laplace_prior,R1,validation,P1_valid_cache_endpoints,48280,1.0605982341902864,0.4987779618889809,0.2218598416273959,0.0,0.6403701473460747,1.060877738192677,12341,24081,11858,0.0,0.0991377869281821,a5000,prior_R1,
prior_global,0,train_P3_Laplace_prior,R1,validation,P2_candidate_clock,43659,1.0576021944789835,0.509196271101033,0.2249304396215915,0.0,0.6382931344753863,1.0576021944789833,10937,22231,10491,0.0,0.1095560961402342,a5000,prior_R1,
prior_global,0,train_P3_Laplace_prior,R1,validation,P3_intersection,43050,1.0584809168314548,0.5061556329849013,0.2240386592638289,0.0,0.6389019094616722,1.0587694254705968,10846,21790,10414,0.0,0.1065154580241025,a5000,prior_R1,
prior_per_asset,0,train_P3_Laplace_prior,R2,rolling_evaluation,P0_legacy,33858,1.0410355390978872,0.5011223344556678,0.3299254291333862,0.0826688786269832,0.6242202912400617,1.041035539097887,8325,17432,8101,1.1102230246251563e-16,0.0712418109533592,a5000,prior_R2,
prior_per_asset,0,train_P3_Laplace_prior,R2,rolling_evaluation,P1_valid_cache_endpoints,32561,1.0400974459370298,0.4945486932219526,0.3286792718871454,0.0906184557106881,0.6243807277735698,1.041198889382461,8261,16258,8042,1.1102230246251563e-16,0.0655870991139913,a5000,prior_R2,
prior_per_asset,0,train_P3_Laplace_prior,R2,rolling_evaluation,P2_candidate_clock,29403,1.0405055015117315,0.500289086147672,0.3306196827925696,0.0851319628001352,0.6239118852850464,1.0405055015117315,7280,15057,7066,1.1102230246251563e-16,0.070345912396642,a5000,prior_R2,
prior_per_asset,0,train_P3_Laplace_prior,R2,rolling_evaluation,P3_intersection,29027,1.0364389473610014,0.5024632238949943,0.3314542015236976,0.0913112484399791,0.6217166980591728,1.0376423721717971,7218,14800,7009,1.1102230246251563e-16,0.072778401738388,a5000,prior_R2,
prior_per_asset,0,train_P3_Laplace_prior,R2,validation,P0_legacy,50274,1.0380194208211029,0.4902931933007121,0.3280488814765616,0.0871307548091921,0.6224086095417293,1.0380194208211029,12799,24976,12499,1.1102230246251563e-16,0.0602861438445581,a5000,prior_R2,
prior_per_asset,0,train_P3_Laplace_prior,R2,validation,P1_valid_cache_endpoints,48400,1.036991998956624,0.4837603305785124,0.3262621243516332,0.0952850123093426,0.6224949351235892,1.037678464210139,12696,23291,12413,1.1102230246251563e-16,0.0540221134174494,a5000,prior_R2,
prior_per_asset,0,train_P3_Laplace_prior,R2,validation,P2_candidate_clock,43659,1.0380143266739468,0.4880322499370118,0.3288877593133181,0.0919988396118498,0.6224772959765743,1.0380143266739468,11264,21415,10980,1.1102230246251563e-16,0.0580252004808579,a5000,prior_R2,
prior_per_asset,0,train_P3_Laplace_prior,R2,validation,P3_intersection,43147,1.0340305626126405,0.4904396597677706,0.3292010753350101,0.098015363187141,0.6203116566315877,1.0348499000307017,11162,21089,10896,1.1102230246251563e-16,0.0607094400234026,a5000,prior_R2,
prior_global,0,train_P3_Laplace_prior,R2,rolling_evaluation,P0_legacy,33858,1.0516435843878114,0.514856163978971,0.2265808799636056,0.0,0.6340123078710957,1.0516435843878111,8325,17432,8101,0.0,0.1055073336374602,a5000,prior_R2,
prior_global,0,train_P3_Laplace_prior,R2,rolling_evaluation,P1_valid_cache_endpoints,32561,1.0567250820243883,0.4993089892816559,0.2220173839420444,0.0,0.6375555380259658,1.057008806529084,8261,16258,8042,0.0,0.0899601589401452,a5000,prior_R2,
prior_global,0,train_P3_Laplace_prior,R2,rolling_evaluation,P2_candidate_clock,29403,1.0525252327669443,0.5120906029996939,0.2257759784075573,0.0,0.6346294428779473,1.0525252327669443,7280,15057,7066,0.0,0.1027417726581831,a5000,prior_R2,
prior_global,0,train_P3_Laplace_prior,R2,rolling_evaluation,P3_intersection,29027,1.053254227778239,0.5098701209219003,0.2251275849742548,0.0,0.6351374103244699,1.053566454016006,7218,14800,7009,0.0,0.1005212905803895,a5000,prior_R2,
prior_global,0,train_P3_Laplace_prior,R2,validation,P0_legacy,50274,1.057572813893541,0.4967975494291283,0.2212713178294573,0.0,0.6381437721841473,1.0575728138935407,12799,24976,12499,0.0,0.0874487190876175,a5000,prior_R2,
prior_global,0,train_P3_Laplace_prior,R2,validation,P1_valid_cache_endpoints,48400,1.0626725416866436,0.4812190082644628,0.2165869262994425,0.0,0.641698861278362,1.0631887748316533,12696,23291,12413,0.0,0.0718701779229519,a5000,prior_R2,
prior_global,0,train_P3_Laplace_prior,R2,validation,P2_candidate_clock,43659,1.059612100699557,0.4905059666964428,0.219391257132905,0.0,0.639567552534533,1.0596121006995571,11264,21415,10980,0.0,0.0811571363549321,a5000,prior_R2,
prior_global,0,train_P3_Laplace_prior,R2,validation,P3_intersection,43147,1.060191380269695,0.4887709458363269,0.2188700002075679,0.0,0.6399701693633454,1.0607256119688195,11162,21089,10896,0.0,0.0794221154948161,a5000,prior_R2,
prior_per_asset,0,train_P3_Laplace_prior,R3,rolling_evaluation,P0_legacy,33858,1.042576855845165,0.4869454781735483,0.3311867495629144,0.1032817097569243,0.6264854954537815,1.042576855845165,8855,16319,8684,1.1102230246251563e-16,0.0539347570000158,a5000,prior_R3,
prior_per_asset,0,train_P3_Laplace_prior,R3,rolling_evaluation,P1_valid_cache_endpoints,32038,1.0434011538272614,0.4763093826081528,0.3285608839955726,0.1101000468667151,0.6278081484012678,1.043977487367461,8689,14807,8542,1.1102230246251563e-16,0.0438799527072707,a5000,prior_R3,
prior_per_asset,0,train_P3_Laplace_prior,R3,rolling_evaluation,P2_candidate_clock,29403,1.0418946320918578,0.4864129510594157,0.3329520709423612,0.1090222917778725,0.6260794173994971,1.0418946320918578,7734,14046,7623,1.1102230246251563e-16,0.0536385108239185,a5000,prior_R3,
prior_per_asset,0,train_P3_Laplace_prior,R3,rolling_evaluation,P3_intersection,28540,1.0388747013976254,0.4850735809390329,0.3326945899306016,0.113910250936367,0.6245438903775333,1.0394685257495933,7575,13475,7490,1.1102230246251563e-16,0.0521640059321885,a5000,prior_R3,
prior_per_asset,0,train_P3_Laplace_prior,R3,validation,P0_legacy,50274,1.039816687158308,0.4898357003620161,0.3249446085251861,0.0738865679097288,0.623415707936557,1.0398166871583077,12678,25349,12247,1.1102230246251563e-16,0.0540124735465751,a5000,prior_R3,
prior_per_asset,0,train_P3_Laplace_prior,R3,validation,P1_valid_cache_endpoints,48331,1.0392795746724828,0.483147462291283,0.3234949380112277,0.082236023778242,0.6238298512955774,1.0403909070297066,12578,23596,12157,1.1102230246251563e-16,0.0475518876570494,a5000,prior_R3,
prior_per_asset,0,train_P3_Laplace_prior,R3,validation,P2_candidate_clock,43659,1.0396196905169586,0.4880780595066309,0.3253374864717278,0.0766007865498508,0.6233566243201537,1.0396196905169586,11118,21829,10712,1.1102230246251563e-16,0.0522548326911899,a5000,prior_R3,
prior_per_asset,0,train_P3_Laplace_prior,R3,validation,P3_intersection,43085,1.0355605257120064,0.4904259022861785,0.3261231925635563,0.0832351854475796,0.6211322248818419,1.0367741643845456,11020,21441,10624,1.1102230246251563e-16,0.0548289400847881,a5000,prior_R3,
prior_global,0,train_P3_Laplace_prior,R3,rolling_evaluation,P0_legacy,33858,1.0604179869756378,0.4819835784748065,0.216819126957238,0.0,0.6400604101490737,1.0604179869756378,8855,16319,8684,0.0,0.0655962765005064,a5000,prior_R3,
prior_global,0,train_P3_Laplace_prior,R3,rolling_evaluation,P1_valid_cache_endpoints,32038,1.0674878365347698,0.4621699232161808,0.2107233073611556,0.0,0.6450060080374369,1.06895005125242,8689,14807,8542,0.0,0.0457826212418806,a5000,prior_R3,
prior_global,0,train_P3_Laplace_prior,R3,rolling_evaluation,P2_candidate_clock,29403,1.0619824933921722,0.4777063564942352,0.2155170429699187,0.0,0.6411503849810695,1.0619824933921724,7734,14046,7623,0.0,0.061319054519935,a5000,prior_R3,
prior_global,0,train_P3_Laplace_prior,R3,rolling_evaluation,P3_intersection,28540,1.0639888541763318,0.4721443587946741,0.213812527272006,0.0,0.6425513766966925,1.0655377146747624,7575,13475,7490,0.0,0.055757056820374,a5000,prior_R3,
prior_global,0,train_P3_Laplace_prior,R3,validation,P0_legacy,50274,1.0523868461963009,0.5042168914349365,0.2234681688551543,0.0,0.6344537274425631,1.052386846196301,12678,25349,12247,0.0,0.0878295894606364,a5000,prior_R3,
prior_global,0,train_P3_Laplace_prior,R3,validation,P1_valid_cache_endpoints,48331,1.0580793401075703,0.4882166725290186,0.2187032222484834,0.0,0.6384377529581973,1.0584340199669118,12578,23596,12157,0.0,0.0718293705547185,a5000,prior_R3,
prior_global,0,train_P3_Laplace_prior,R3,validation,P2_candidate_clock,43659,1.0538687003033214,0.4999885476075952,0.2222188288948611,0.0,0.6354934570845197,1.0538687003033218,11118,21829,10712,0.0,0.083601245633295,a5000,prior_R3,
prior_global,0,train_P3_Laplace_prior,R3,validation,P3_intersection,43085,1.0547069510045206,0.4976441917140536,0.2215231069646344,0.0,0.6360796390869947,1.0550916665284662,11020,21441,10624,0.0,0.0812568897397534,a5000,prior_R3,
prior_per_asset,0,train_P3_Laplace_prior,main,development_holdout,P0_legacy,101574,1.0485914684831832,0.4787642506940752,0.3195298076399521,0.0915063049471552,0.6296605794747807,1.0485914684831834,25800,50465,25309,1.1102230246251563e-16,0.0555474148360344,a5000,prior_main,
prior_per_asset,0,train_P3_Laplace_prior,main,development_holdout,P1_valid_cache_endpoints,97156,1.046622912186175,0.4725698876034419,0.3190857238175394,0.098042148002223,0.6293088224705843,1.0474502561600192,25496,46615,25045,1.1102230246251563e-16,0.049522727429594,a5000,prior_main,
prior_per_asset,0,train_P3_Laplace_prior,main,development_holdout,P2_candidate_clock,88209,1.0480616561560228,0.4777743767642757,0.3203249272198207,0.0950618536869885,0.6293848455783286,1.0480616561560223,22573,43431,22205,1.1102230246251563e-16,0.0545575409062349,a5000,prior_main,
prior_per_asset,0,train_P3_Laplace_prior,main,development_holdout,P3_intersection,86588,1.0433991626268653,0.4789347253661015,0.3211953580777738,0.0996560292957645,0.6269664575202242,1.044335096936298,22279,42355,21954,1.1102230246251563e-16,0.0559066805667958,a5000,prior_main,
prior_per_asset,0,train_P3_Laplace_prior,main,validation,P0_legacy,50274,1.0370023455821704,0.4927795679675379,0.3238653672717251,0.0964848650103207,0.6215397380702363,1.0370023455821704,12432,25906,11936,1.1102230246251563e-16,0.069562732109497,a5000,prior_main,
prior_per_asset,0,train_P3_Laplace_prior,main,validation,P1_valid_cache_endpoints,48280,1.0364797335584026,0.4862676056338028,0.3232154197969641,0.1016147403707393,0.62197490025374,1.036984140977636,12341,24081,11858,1.1102230246251563e-16,0.0633782859074511,a5000,prior_main,
prior_per_asset,0,train_P3_Laplace_prior,main,validation,P2_candidate_clock,43659,1.03691722464929,0.4909869671774434,0.3246121058988999,0.1001020629965968,0.6215379608637862,1.0369172246492906,10937,22231,10491,1.1102230246251563e-16,0.0677701313194025,a5000,prior_main,
prior_per_asset,0,train_P3_Laplace_prior,main,validation,P3_intersection,43050,1.034133125172216,0.4914053426248548,0.3249657173724403,0.1030141112788879,0.6201847672065196,1.0347878199585578,10846,21790,10414,1.1102230246251563e-16,0.0685319248515918,a5000,prior_main,
prior_global,0,train_P3_Laplace_prior,main,development_holdout,P0_legacy,101574,1.0613443881486508,0.4968298974146927,0.2212809432667495,0.0,0.6408700992589487,1.0613443881486508,25800,50465,25309,0.0,0.0971897224538939,a5000,prior_main,
prior_global,0,train_P3_Laplace_prior,main,development_holdout,P1_valid_cache_endpoints,97156,1.0662375085093592,0.4797953806249743,0.2161539299766063,0.0,0.6442627876078559,1.066609502459582,25496,46615,25045,0.0,0.0801552056641755,a5000,prior_main,
prior_global,0,train_P3_Laplace_prior,main,development_holdout,P2_candidate_clock,88209,1.0626491659177266,0.492364724687957,0.2199483439683986,0.0,0.6417727110026541,1.0626491659177264,22573,43431,22205,0.0,0.0927245497271581,a5000,prior_main,
prior_global,0,train_P3_Laplace_prior,main,development_holdout,P3_intersection,86588,1.063584852167638,0.4891555411835358,0.2189856499900473,0.0,0.642420185054289,1.0639923062942134,22279,42355,21954,0.0,0.0895153662227369,a5000,prior_main,
prior_global,0,train_P3_Laplace_prior,main,validation,P0_legacy,50274,1.055865172540238,0.5152961769503123,0.2267086724424608,0.0,0.6370873410738275,1.0558651725402382,12432,25906,11936,0.0,0.1156560019895134,a5000,prior_main,
prior_global,0,train_P3_Laplace_prior,main,validation,P1_valid_cache_endpoints,48280,1.0605982341902864,0.4987779618889809,0.2218598416273959,0.0,0.6403701473460747,1.060877738192677,12341,24081,11858,0.0,0.0991377869281821,a5000,prior_main,
prior_global,0,train_P3_Laplace_prior,main,validation,P2_candidate_clock,43659,1.0576021944789835,0.509196271101033,0.2249304396215915,0.0,0.6382931344753863,1.0576021944789833,10937,22231,10491,0.0,0.1095560961402342,a5000,prior_main,
prior_global,0,train_P3_Laplace_prior,main,validation,P3_intersection,43050,1.0584809168314548,0.5061556329849013,0.2240386592638289,0.0,0.6389019094616722,1.0587694254705968,10846,21790,10414,0.0,0.1065154580241025,a5000,prior_main,
UA,123,retrospective_rolling,R1,rolling_evaluation,P0_legacy,33858,0.9180660850610228,0.548408057179987,0.4812684527413675,0.2516622335435888,0.5504555850333758,0.9180660850610226,8620,16714,8524,1.1175870895385744e-07,0.0136185346245598,rtx3090,R1_UA_123,
UA,123,retrospective_rolling,R1,rolling_evaluation,P1_valid_cache_endpoints,32557,0.9208950856832392,0.5447983536566637,0.4821966093889398,0.2555420212151724,0.5530591117873671,0.9212975744218072,8546,15550,8461,1.1175870895385744e-07,0.0166689397834626,rtx3090,R1_UA_123,
UA,123,retrospective_rolling,R1,rolling_evaluation,P2_candidate_clock,29403,0.9235092309298166,0.5432098765432098,0.4782909358511557,0.2461937143167289,0.5538280762621837,0.9235092309298168,7559,14328,7516,1.1175870895385744e-07,0.0153935115860277,rtx3090,R1_UA_123,
UA,123,retrospective_rolling,R1,rolling_evaluation,P3_intersection,29021,0.9194988702181252,0.5451914131146411,0.4798409235297491,0.2501379924019379,0.5517246781408619,0.9198987742517872,7486,14080,7455,1.1175870895385744e-07,0.0143193245239094,rtx3090,R1_UA_123,
UA,123,retrospective_rolling,R1,validation,P0_legacy,50274,0.9048027172597944,0.5622588216573179,0.4831141367569749,0.257917435126671,0.5413997178864496,0.9048027172597944,12432,25906,11936,1.1175870906487972e-07,0.0074831203546486,rtx3090,R1_UA_123,
UA,123,retrospective_rolling,R1,validation,P1_valid_cache_endpoints,48280,0.9090749775892218,0.557870753935377,0.4840210613407957,0.2614434614794687,0.5447264042274111,0.9093811050659094,12341,24081,11858,1.1175870906487972e-07,0.0112037700127906,rtx3090,R1_UA_123,
UA,123,retrospective_rolling,R1,validation,P2_candidate_clock,43659,0.9087755460113734,0.5583957488719393,0.4812457319836626,0.2541273190031242,0.5442871475878017,0.9087755460113732,10937,22231,10491,1.1175870895385744e-07,0.0085543675874136,rtx3090,R1_UA_123,
UA,123,retrospective_rolling,R1,validation,P3_intersection,43050,0.9061634827054394,0.5589547038327526,0.4822139537261865,0.2566308119743597,0.543080807236669,0.90659322409512,10846,21790,10414,1.1175870895385744e-07,0.0086276665228266,rtx3090,R1_UA_123,
UA,42,retrospective_rolling,R1,rolling_evaluation,P0_legacy,33858,0.9198771748925892,0.5458385019788529,0.4773788441387669,0.2456370079831992,0.5516352792163777,0.9198771748925892,8620,16714,8524,1.1920928966180358e-07,0.016742739128256,rtx3090,R1_UA_42,
UA,42,retrospective_rolling,R1,rolling_evaluation,P1_valid_cache_endpoints,32557,0.921896424351999,0.542248978714255,0.4781391921421833,0.2497710691871589,0.5538732282238131,0.9223443744085474,8546,15550,8461,1.1920928966180358e-07,0.0197439167927694,rtx3090,R1_UA_42,
UA,42,retrospective_rolling,R1,rolling_evaluation,P2_candidate_clock,29403,0.9245775743962966,0.5404550556065708,0.4734727894013735,0.2398411380844387,0.554877109790077,0.9245775743962966,7559,14328,7516,1.1920928966180358e-07,0.0183982025094345,rtx3090,R1_UA_42,
UA,42,retrospective_rolling,R1,rolling_evaluation,P3_intersection,29021,0.919979309280672,0.5424003307949415,0.4747455544690181,0.2437048737383442,0.5524952456930512,0.9204312802500404,7486,14080,7455,1.1920928966180358e-07,0.0170308909925783,rtx3090,R1_UA_42,
UA,42,retrospective_rolling,R1,validation,P0_legacy,50274,0.9057361139646568,0.5609659068305685,0.4813223376966131,0.2546345817494609,0.5415431347908135,0.9057361139646568,12432,25906,11936,1.1175870917590205e-07,0.0097850640061233,rtx3090,R1_UA_42,
UA,42,retrospective_rolling,R1,validation,P1_valid_cache_endpoints,48280,0.9098827718789192,0.5568558409279205,0.4823332419272825,0.2586394470468283,0.5450192491980619,0.9101822012281556,12341,24081,11858,1.1175870917590205e-07,0.0117311371634334,rtx3090,R1_UA_42,
UA,42,retrospective_rolling,R1,validation,P2_candidate_clock,43659,0.90869713715621,0.5568840330745093,0.4781777727456961,0.2503489765115687,0.5442081716283741,0.90869713715621,10937,22231,10491,1.1175870917590205e-07,0.0101695607357255,rtx3090,R1_UA_42,
UA,42,retrospective_rolling,R1,validation,P3_intersection,43050,0.9061664881728742,0.5575842044134727,0.4791157573415228,0.2529953998506269,0.543198137849532,0.9065931317615424,10846,21790,10414,1.1175870917590205e-07,0.0089033017117237,rtx3090,R1_UA_42,
UA,7,retrospective_rolling,R1,rolling_evaluation,P0_legacy,33858,0.9203724304959602,0.5461633882686514,0.4833620722989475,0.252043909357327,0.5518989658040794,0.92037243049596,8620,16714,8524,1.1920928955078125e-07,0.0112036893602467,rtx3090,R1_UA_7,
UA,7,retrospective_rolling,R1,rolling_evaluation,P1_valid_cache_endpoints,32557,0.9210407693810464,0.5442147618023774,0.4853360831559663,0.2576310372978979,0.5532552803104025,0.9216329598309528,8546,15550,8461,1.1920928955078125e-07,0.0126671484050362,rtx3090,R1_UA_7,
UA,7,retrospective_rolling,R1,rolling_evaluation,P2_candidate_clock,29403,0.9243813294467738,0.5423936333027242,0.4811962188219055,0.248283587425088,0.554325751971225,0.9243813294467738,7559,14328,7516,1.1920928955078125e-07,0.0114307218738924,rtx3090,R1_UA_7,
UA,7,retrospective_rolling,R1,rolling_evaluation,P3_intersection,29021,0.9192834654590194,0.5448468350504807,0.4830497625793193,0.2526957532154174,0.5517467872190494,0.9199060567933616,7486,14080,7455,1.1920928955078125e-07,0.0100915061596187,rtx3090,R1_UA_7,
UA,7,retrospective_rolling,R1,validation,P0_legacy,50274,0.9052981563714858,0.5592552810597924,0.4859983718147846,0.2576761515244065,0.5417947650643079,0.905298156371486,12432,25906,11936,1.1920928932873665e-07,0.0101637940150145,rtx3090,R1_UA_7,
UA,7,retrospective_rolling,R1,validation,P1_valid_cache_endpoints,48280,0.9095754142067872,0.5559859154929577,0.487568173569425,0.2620708567809686,0.54517975575881,0.9099024855944304,12341,24081,11858,1.1920928932873665e-07,0.0109101541672949,rtx3090,R1_UA_7,
UA,7,retrospective_rolling,R1,validation,P2_candidate_clock,43659,0.9081901392684096,0.5564717469479374,0.4847832322701981,0.2551091626263324,0.5438691031381463,0.90819013926841,10937,22231,10491,1.1920928932873665e-07,0.0092877040790968,rtx3090,R1_UA_7,
UA,7,retrospective_rolling,R1,validation,P3_intersection,43050,0.906687132502779,0.5573054587688734,0.485893133852215,0.2577629402560968,0.5434524199312243,0.9071518442012017,10846,21790,10414,1.1920928932873665e-07,0.0094333554748475,rtx3090,R1_UA_7,
UC,123,retrospective_rolling,R1,rolling_evaluation,P0_legacy,33858,0.9205171504583456,0.5446866324059306,0.4703796671123247,0.2396313110808702,0.5519666147214624,0.920517150458346,8620,16714,8524,1.1920928966180358e-07,0.022302783021855,rtx3090,R1_UC_123,
UC,123,retrospective_rolling,R1,rolling_evaluation,P1_valid_cache_endpoints,32557,0.922579129887602,0.5420032558282397,0.4718764568272912,0.2460213043886664,0.5541026438227394,0.9230343471546932,8546,15550,8461,1.1920928966180358e-07,0.0250085131993391,rtx3090,R1_UC_123,
UC,123,retrospective_rolling,R1,rolling_evaluation,P2_candidate_clock,29403,0.9252359383703526,0.5420195218175016,0.4681062617610533,0.2379386110894368,0.5548661445921682,0.9252359383703528,7559,14328,7516,1.1920928966180358e-07,0.0245911207942353,rtx3090,R1_UC_123,
UC,123,retrospective_rolling,R1,rolling_evaluation,P3_intersection,29021,0.9211506583788294,0.5441921367285758,0.4696103180340132,0.242504649292273,0.5527391611616947,0.921602138334291,7486,14080,7455,1.1920928966180358e-07,0.0231865213273787,rtx3090,R1_UC_123,
UC,123,retrospective_rolling,R1,validation,P0_legacy,50274,0.9124483738250836,0.5576242192783546,0.479516540011405,0.2493253280769746,0.545016524615732,0.9124483738250831,12432,25906,11936,1.1920928966180358e-07,0.0127146722097725,rtx3090,R1_UC_123,
UC,123,retrospective_rolling,R1,validation,P1_valid_cache_endpoints,48280,0.9097544116211452,0.556980115990058,0.4829661987228888,0.2585951073342536,0.544988572472635,0.9100592394036549,12341,24081,11858,1.1920928966180358e-07,0.0133690095313835,rtx3090,R1_UC_123,
UC,123,retrospective_rolling,R1,validation,P2_candidate_clock,43659,0.9150891404636372,0.5561968895302228,0.4782094670299544,0.2488839064709751,0.5470219511047286,0.9150891404636372,10937,22231,10491,1.1920928966180358e-07,0.0140123012865808,rtx3090,R1_UC_123,
UC,123,retrospective_rolling,R1,validation,P3_intersection,43050,0.9068572801416124,0.5594425087108014,0.4810036920475432,0.2555246151536687,0.5431990770207582,0.9072867109755116,10846,21790,10414,1.1920928966180358e-07,0.012899530454327,rtx3090,R1_UC_123,
UC,42,retrospective_rolling,R1,rolling_evaluation,P0_legacy,33858,0.9192551475634974,0.5473447929588281,0.4835483381470167,0.2519685927218688,0.5512332609234321,0.9192551475634972,8620,16714,8524,1.1920928932873665e-07,0.0104814435860231,rtx3090,R1_UC_42,
UC,42,retrospective_rolling,R1,rolling_evaluation,P1_valid_cache_endpoints,32557,0.9191387330843842,0.5460576834474921,0.4859647695508511,0.2588834950887217,0.5520951637201672,0.9197439346649112,8546,15550,8461,1.1920928932873665e-07,0.0099674808438232,rtx3090,R1_UC_42,
UC,42,retrospective_rolling,R1,rolling_evaluation,P2_candidate_clock,29403,0.9231753593872248,0.544094140053736,0.4809477624336682,0.2486817210067456,0.553641855311729,0.9231753593872246,7559,14328,7516,1.1920928932873665e-07,0.0106447957064181,rtx3090,R1_UC_42,
UC,42,retrospective_rolling,R1,rolling_evaluation,P3_intersection,29021,0.9182063609155228,0.5465008097584507,0.4826949537354945,0.2531654055762337,0.5511379707342182,0.9188213536920018,7486,14080,7455,1.1920928932873665e-07,0.0091165207140677,rtx3090,R1_UC_42,
UC,42,retrospective_rolling,R1,validation,P0_legacy,50274,0.9098762146241308,0.5567689063929665,0.4884990691067639,0.2571108718327271,0.5447829547919572,0.9098762146241308,12432,25906,11936,1.1920928977282585e-07,0.0103282262559194,rtx3090,R1_UC_42,
UC,42,retrospective_rolling,R1,validation,P1_valid_cache_endpoints,48280,0.908517572026474,0.5573322286661143,0.4928364773481956,0.2666264705136459,0.5447071837679286,0.9088275926306036,12341,24081,11858,1.1920928977282585e-07,0.0074321922949629,rtx3090,R1_UC_42,
UC,42,retrospective_rolling,R1,validation,P2_candidate_clock,43659,0.9119084677185828,0.5551890789986028,0.4879350003185485,0.2560133648600696,0.5462737848246351,0.9119084677185828,10937,22231,10491,1.1920928977282585e-07,0.0084468213877376,rtx3090,R1_UC_42,
UC,42,retrospective_rolling,R1,validation,P3_intersection,43050,0.9061141912891254,0.558815331010453,0.4911358052899251,0.2626999242955519,0.5432413409438897,0.9065542118571523,10846,21790,10414,1.1920928977282585e-07,0.0078023721722259,rtx3090,R1_UC_42,
UC,7,retrospective_rolling,R1,rolling_evaluation,P0_legacy,33858,0.9230688699064792,0.5452182645165101,0.4674473001365498,0.2372148407944924,0.5532129676348676,0.9230688699064792,8620,16714,8524,1.1175870917590205e-07,0.0113860907523668,rtx3090,R1_UC_7,
UC,7,retrospective_rolling,R1,rolling_evaluation,P1_valid_cache_endpoints,32557,0.9247693119085836,0.5420954019104954,0.468369210970423,0.2435410875035266,0.5552946322770645,0.9253451004030986,8546,15550,8461,1.1175870917590205e-07,0.0131183748833257,rtx3090,R1_UC_7,
UC,7,retrospective_rolling,R1,rolling_evaluation,P2_candidate_clock,29403,0.9283520455425472,0.5403870353365303,0.4626393794091483,0.2321075769977316,0.5565536863997027,0.9283520455425472,7559,14328,7516,1.1175870917590205e-07,0.0140020645381163,rtx3090,R1_UC_7,
UC,7,retrospective_rolling,R1,rolling_evaluation,P3_intersection,29021,0.9235928164905668,0.5426415354398539,0.4638424451534589,0.2368610832191396,0.5541251090143596,0.9241871734856756,7486,14080,7455,1.1175870917590205e-07,0.0124507974931207,rtx3090,R1_UC_7,
UC,7,retrospective_rolling,R1,validation,P0_legacy,50274,0.9100981764008385,0.5583204041850658,0.4767101449940709,0.2465612125613138,0.5446018970236549,0.9100981764008382,12432,25906,11936,1.1920928955078125e-07,0.0067520522264953,rtx3090,R1_UC_7,
UC,7,retrospective_rolling,R1,validation,P1_valid_cache_endpoints,48280,0.911151684955489,0.557062966031483,0.479645985549451,0.2555752156311813,0.5460679624266767,0.9114801631594418,12341,24081,11858,1.1920928955078125e-07,0.0056435878208034,rtx3090,R1_UC_7,
UC,7,retrospective_rolling,R1,validation,P2_candidate_clock,43659,0.9139391299924784,0.5551661742137932,0.4740544323807773,0.2437499825920624,0.5472515135513264,0.9139391299924784,10937,22231,10491,1.1920928932873665e-07,0.0069023278921416,rtx3090,R1_UC_7,
UC,7,retrospective_rolling,R1,validation,P3_intersection,43050,0.908881204980056,0.5587224157955866,0.4768536731958205,0.251035202793763,0.5445545056294191,0.9093390197751462,10846,21790,10414,1.1920928932873665e-07,0.0071324128419134,rtx3090,R1_UC_7,
UA,123,new_P3_selected,R2,rolling_evaluation,P0_legacy,33858,0.90713650351351,0.5582727863429617,0.4884492380025277,0.2609791970050538,0.5423331302294956,0.90713650351351,8325,17432,8101,1.1920928977282585e-07,0.0109699344113711,rtx3090,analyze_R2_UA_123_selected,
UA,123,new_P3_selected,R2,rolling_evaluation,P1_valid_cache_endpoints,32561,0.9077431464875988,0.5567396578729155,0.4910290105389962,0.2668146690729185,0.5433567020864095,0.9077235921054628,8261,16258,8042,1.1920928977282585e-07,0.0093864262116557,rtx3090,analyze_R2_UA_123_selected,
UA,123,new_P3_selected,R2,rolling_evaluation,P2_candidate_clock,29403,0.908054058898797,0.5553514947454341,0.4864480636767309,0.2563084502494813,0.5430137800392657,0.9080540588987972,7280,15057,7066,1.1920928955078125e-07,0.0122933000470607,rtx3090,analyze_R2_UA_123_selected,
UA,123,new_P3_selected,R2,rolling_evaluation,P3_intersection,29027,0.902856730851613,0.5585833878802494,0.4891383335474173,0.2618467351322939,0.5401868604730485,0.9029586323519656,7218,14800,7009,1.1920928955078125e-07,0.013607113124613,rtx3090,analyze_R2_UA_123_selected,
UA,123,new_P3_selected,R2,validation,P0_legacy,50274,0.9180382569484536,0.5484544695071011,0.4800942037426523,0.2517289938375059,0.5503952609462495,0.9180382569484538,12799,24976,12499,1.1920928966180358e-07,0.0061105517329308,rtx3090,analyze_R2_UA_123_selected,
UA,123,new_P3_selected,R2,validation,P1_valid_cache_endpoints,48400,0.9198620143416216,0.5456198347107438,0.4814484074146816,0.2561867374185703,0.5523850367889426,0.9204069488240274,12696,23291,12413,1.1920928966180358e-07,0.0082529739375563,rtx3090,analyze_R2_UA_123_selected,
UA,123,new_P3_selected,R2,validation,P2_candidate_clock,43659,0.9205909056403384,0.5450880688975928,0.4792058322514406,0.2488433678791619,0.5519823671479308,0.9205909056403384,11264,21415,10980,1.1920928966180358e-07,0.0070628277351935,rtx3090,analyze_R2_UA_123_selected,
UA,123,new_P3_selected,R2,validation,P3_intersection,43147,0.9160599087166744,0.5471527568544743,0.4807100653832513,0.2525930129515968,0.5496476346013882,0.9167115123488054,11162,21089,10896,1.1920928966180358e-07,0.0067414160446148,rtx3090,analyze_R2_UA_123_selected,
UA,42,new_P3_selected,R2,rolling_evaluation,P0_legacy,33858,0.9075318496847752,0.5555555555555556,0.4896283718052121,0.2599652736407524,0.5427140196670233,0.9075318496847752,8325,17432,8101,1.1920928955078125e-07,0.0087449380181765,rtx3090,analyze_R2_UA_42_selected,
UA,42,new_P3_selected,R2,rolling_evaluation,P1_valid_cache_endpoints,32561,0.9079686489950984,0.5543441540493228,0.4923431149166556,0.2657469863462152,0.5436199004590548,0.907927498680074,8261,16258,8042,1.1920928955078125e-07,0.0070494061162909,rtx3090,analyze_R2_UA_42_selected,
UA,42,new_P3_selected,R2,rolling_evaluation,P2_candidate_clock,29403,0.9096140426714054,0.5532428663741795,0.4885791350651828,0.2566416982383787,0.5439816702048268,0.9096140426714056,7280,15057,7066,1.1920928955078125e-07,0.0104798075455611,rtx3090,analyze_R2_UA_42_selected,
UA,42,new_P3_selected,R2,rolling_evaluation,P3_intersection,29027,0.9044785565813472,0.5563440934302546,0.4911315050632281,0.2618061296540888,0.5412017953148074,0.9045431481684644,7218,14800,7009,1.1920928955078125e-07,0.0101406969555576,rtx3090,analyze_R2_UA_42_selected,
UA,42,new_P3_selected,R2,validation,P0_legacy,50274,0.9169893000280968,0.5492103274058161,0.4837550776073556,0.2544977326919332,0.5498537662248153,0.916989300028097,12799,24976,12499,1.1920928955078125e-07,0.0113436399981264,rtx3090,analyze_R2_UA_42_selected,
UA,42,new_P3_selected,R2,validation,P1_valid_cache_endpoints,48400,0.9186961341135368,0.5470867768595041,0.4855385093187879,0.2597033410917447,0.5517021807262339,0.9191819379808528,12696,23291,12413,1.1920928955078125e-07,0.0130257856705864,rtx3090,analyze_R2_UA_42_selected,
UA,42,new_P3_selected,R2,validation,P2_candidate_clock,43659,0.9203350516434472,0.5458897363659269,0.482631527111704,0.2516628062123147,0.5518839255126183,0.9203350516434472,11264,21415,10980,1.1920928955078125e-07,0.0116540276992091,rtx3090,analyze_R2_UA_42_selected,
UA,42,new_P3_selected,R2,validation,P3_intersection,43147,0.9159345450184648,0.5480102904025772,0.4841461387832944,0.2554101289132174,0.5495946312612949,0.9165109585680918,11162,21089,10896,1.1920928955078125e-07,0.0106627284307245,rtx3090,analyze_R2_UA_42_selected,
UA,7,new_P3_selected,R2,rolling_evaluation,P0_legacy,33858,0.9080306249640115,0.5581546458739441,0.4903892953708915,0.2634369132048345,0.5426986518585343,0.9080306249640115,8325,17432,8101,1.1920928932873665e-07,0.0074686352012221,rtx3090,analyze_R2_UA_7_selected,
UA,7,new_P3_selected,R2,rolling_evaluation,P1_valid_cache_endpoints,32561,0.9081568510669988,0.5572617548601088,0.4933703278513919,0.2698468304777192,0.5434800985622797,0.9081733690379522,8261,16258,8042,1.1920928932873665e-07,0.0063055684704367,rtx3090,analyze_R2_UA_7_selected,
UA,7,new_P3_selected,R2,rolling_evaluation,P2_candidate_clock,29403,0.9107213704516764,0.5559296670407782,0.489127542767269,0.2597583692274418,0.5443236195041058,0.9107213704516764,7280,15057,7066,1.1920928932873665e-07,0.0077323277641234,rtx3090,analyze_R2_UA_7_selected,
UA,7,new_P3_selected,R2,rolling_evaluation,P3_intersection,29027,0.9051727415136548,0.559272401557171,0.4918953063479487,0.2653551018901848,0.5413587671449034,0.9052736325211116,7218,14800,7009,1.1920928932873665e-07,0.0070973497852585,rtx3090,analyze_R2_UA_7_selected,
UA,7,new_P3_selected,R2,validation,P0_legacy,50274,0.9178249515511316,0.5490909814218085,0.483345703619688,0.2554764025396572,0.5500899979228094,0.9178249515511318,12799,24976,12499,1.1920928977282585e-07,0.0101615373129972,rtx3090,analyze_R2_UA_7_selected,
UA,7,new_P3_selected,R2,validation,P1_valid_cache_endpoints,48400,0.9191838271894638,0.5469834710743802,0.4852433257358036,0.2605569953372725,0.5518005350704208,0.9197681809160054,12696,23291,12413,1.1920928977282585e-07,0.0119146970386544,rtx3090,analyze_R2_UA_7_selected,
UA,7,new_P3_selected,R2,validation,P2_candidate_clock,43659,0.9220818699181242,0.5462104033532605,0.482951764869486,0.2531826643499701,0.5526766656941813,0.9220818699181242,11264,21415,10980,1.1920928977282585e-07,0.0098362068066763,rtx3090,analyze_R2_UA_7_selected,
UA,7,new_P3_selected,R2,validation,P3_intersection,43147,0.9173531743829586,0.5485201752149628,0.4847124498305554,0.2571727622984057,0.550241255393336,0.9180203590133652,11162,21089,10896,1.1920928977282585e-07,0.0090790514748547,rtx3090,analyze_R2_UA_7_selected,
UC,123,new_P3_selected,R2,rolling_evaluation,P0_legacy,33858,0.907219594581598,0.5568551007147499,0.4944362706401956,0.263027677533827,0.541990268893449,0.907219594581598,8325,17432,8101,1.1920928955078125e-07,0.0102950632021957,rtx3090,analyze_R2_UC_123_selected,
UC,123,new_P3_selected,R2,rolling_evaluation,P1_valid_cache_endpoints,32561,0.9059549963081902,0.557077485335217,0.4982328243963765,0.2707593862313195,0.5418538776247459,0.9058985940528286,8261,16258,8042,1.1920928955078125e-07,0.0082395927074835,rtx3090,analyze_R2_UC_123_selected,
UC,123,new_P3_selected,R2,rolling_evaluation,P2_candidate_clock,29403,0.9075780404972804,0.5562697683909805,0.4926037212361813,0.2609525699904852,0.5422987635229204,0.9075780404972804,7280,15057,7066,1.1920928955078125e-07,0.0096474711598095,rtx3090,analyze_R2_UC_123_selected,
UC,123,new_P3_selected,R2,rolling_evaluation,P3_intersection,29027,0.9025516495986228,0.5589967960864023,0.4949849890939986,0.2656878935219968,0.5396555730443031,0.902541844530072,7218,14800,7009,1.1920928955078125e-07,0.0094789773655897,rtx3090,analyze_R2_UC_123_selected,
UC,123,new_P3_selected,R2,validation,P0_legacy,50274,0.9163160192351664,0.5484942515017703,0.4883187399983863,0.2569718679444085,0.549141984425873,0.9163160192351666,12799,24976,12499,1.1548399925231935e-07,0.0093397056251517,rtx3090,analyze_R2_UC_123_selected,
UC,123,new_P3_selected,R2,validation,P1_valid_cache_endpoints,48400,0.9155635163358764,0.5480165289256198,0.4912687756493724,0.2640105925818222,0.5494944985734339,0.9160996563853948,12696,23291,12413,1.1548399925231935e-07,0.0087269803194333,rtx3090,analyze_R2_UC_123_selected,
UC,123,new_P3_selected,R2,validation,P2_candidate_clock,43659,0.9181875796130136,0.5468746421127374,0.4867625073368332,0.2559400296692632,0.5505495166613499,0.9181875796130136,11264,21415,10980,1.1548399925231935e-07,0.0081342344045014,rtx3090,analyze_R2_UC_123_selected,
UC,123,new_P3_selected,R2,validation,P3_intersection,43147,0.9136014794242564,0.5490300600273483,0.488358985933286,0.2596960044625954,0.5482233464112107,0.9142246327123428,11162,21089,10896,1.1548399925231935e-07,0.0082395754909003,rtx3090,analyze_R2_UC_123_selected,
UC,42,new_P3_selected,R2,rolling_evaluation,P0_legacy,33858,0.9047733156485852,0.5588339535707957,0.4852387420730896,0.2572805014240945,0.5407113710993601,0.9047733156485852,8325,17432,8101,1.1920928977282585e-07,0.0084277100309987,rtx3090,analyze_R2_UC_42_selected,
UC,42,new_P3_selected,R2,rolling_evaluation,P1_valid_cache_endpoints,32561,0.9047123750003906,0.5580909677221215,0.488462050441552,0.2649847763986365,0.5412311727855511,0.9045949875745802,8261,16258,8042,1.1920928977282585e-07,0.0077315929545642,rtx3090,analyze_R2_UC_42_selected,
UC,42,new_P3_selected,R2,rolling_evaluation,P2_candidate_clock,29403,0.9059765651109484,0.5566778900112234,0.4818241014028668,0.2526595271390368,0.541536413753506,0.9059765651109484,7280,15057,7066,1.1920928977282585e-07,0.0075736104897632,rtx3090,analyze_R2_UC_42_selected,
UC,42,new_P3_selected,R2,rolling_evaluation,P3_intersection,29027,0.9015369380059988,0.5594791056602474,0.4842725445107378,0.2578647203755684,0.5390857665248294,0.9014564315385504,7218,14800,7009,1.1920928977282585e-07,0.0086424273154482,rtx3090,analyze_R2_UC_42_selected,
UC,42,new_P3_selected,R2,validation,P0_legacy,50274,0.9152827283563324,0.5503043322592195,0.4813002784662332,0.2539699942279403,0.5488287202377258,0.9152827283563322,12799,24976,12499,1.1920928977282585e-07,0.0078132726114755,rtx3090,analyze_R2_UC_42_selected,
UC,42,new_P3_selected,R2,validation,P1_valid_cache_endpoints,48400,0.9155628693389049,0.5491528925619835,0.4838308484964673,0.2610988954010912,0.5496906353256459,0.9161078071235856,12696,23291,12413,1.1920928977282585e-07,0.0073420843845338,rtx3090,analyze_R2_UC_42_selected,
UC,42,new_P3_selected,R2,validation,P2_candidate_clock,43659,0.9183506449310352,0.5476075952266428,0.4787725566492991,0.2513543240099541,0.5507651960573952,0.9183506449310352,11264,21415,10980,1.1920928977282585e-07,0.0072272721376008,rtx3090,analyze_R2_UC_42_selected,
UC,42,new_P3_selected,R2,validation,P3_intersection,43147,0.9141811500099556,0.5497948872459267,0.4803473274839636,0.255371138851499,0.5485300605400515,0.9148101333581016,11162,21089,10896,1.1920928977282585e-07,0.0061229466371077,rtx3090,analyze_R2_UC_42_selected,
UC,7,new_P3_selected,R2,rolling_evaluation,P0_legacy,33858,0.9073841312095884,0.5573276625908204,0.4928961489545638,0.2625344933773565,0.5422840944884042,0.9073841312095884,8325,17432,8101,1.1920928955078125e-07,0.0104267785259388,rtx3090,analyze_R2_UC_7_selected,
UC,7,new_P3_selected,R2,rolling_evaluation,P1_valid_cache_endpoints,32561,0.905768156336074,0.5575074475599644,0.4966118380987382,0.2703598576416826,0.5419419159657596,0.9055850669704332,8261,16258,8042,1.1920928955078125e-07,0.0086515442092455,rtx3090,analyze_R2_UC_7_selected,
UC,7,new_P3_selected,R2,rolling_evaluation,P2_candidate_clock,29403,0.907514980084351,0.5583103764921947,0.4928681617789558,0.2629356334722726,0.5423305764599725,0.9075149800843508,7280,15057,7066,1.1920928955078125e-07,0.0081494848924986,rtx3090,analyze_R2_UC_7_selected,
UC,7,new_P3_selected,R2,rolling_evaluation,P3_intersection,29027,0.9024098163649212,0.5610293864333207,0.4951725598214751,0.2677085928403673,0.5396643271074197,0.9022560909515688,7218,14800,7009,1.1920928955078125e-07,0.0067550364585042,rtx3090,analyze_R2_UC_7_selected,
UC,7,new_P3_selected,R2,validation,P0_legacy,50274,0.9167871484085026,0.5468035167283287,0.4858761615407065,0.2543082814750592,0.5497088343339129,0.9167871484085028,12799,24976,12499,1.1920928977282585e-07,0.0116649263957092,rtx3090,analyze_R2_UC_7_selected,
UC,7,new_P3_selected,R2,validation,P1_valid_cache_endpoints,48400,0.9159817638317064,0.5464669421487603,0.4889036389608368,0.2615270472036589,0.549995003169829,0.9165295671514456,12696,23291,12413,1.1920928977282585e-07,0.0111582509047749,rtx3090,analyze_R2_UC_7_selected,
UC,7,new_P3_selected,R2,validation,P2_candidate_clock,43659,0.9188757269190316,0.5458668315811173,0.4848150311541486,0.2541430898459464,0.5510775548722618,0.918875726919032,11264,21415,10980,1.1920928977282585e-07,0.0113580690093192,rtx3090,analyze_R2_UC_7_selected,
UC,7,new_P3_selected,R2,validation,P3_intersection,43147,0.9144454946752778,0.5478712309082903,0.4862809532693575,0.2576767057486394,0.5488509380794115,0.9150668163198824,11162,21089,10896,1.1920928977282585e-07,0.0101903351357773,rtx3090,analyze_R2_UC_7_selected,
UA,123,new_P3_selected,R3,rolling_evaluation,P0_legacy,33858,0.9434956827445926,0.5363577293401854,0.4769695646211258,0.2427802835256541,0.5657965235426199,0.9434956827445924,8855,16319,8684,1.1920928966180358e-07,0.0160117520228748,rtx3090,analyze_R3_UA_123_selected,
UA,123,new_P3_selected,R3,rolling_evaluation,P1_valid_cache_endpoints,32038,0.9399141699825873,0.5372994568949373,0.4816005638023066,0.2548709818077526,0.564834553563154,0.9413307294021932,8689,14807,8542,1.1920928966180358e-07,0.0164849623079309,rtx3090,analyze_R3_UA_123_selected,
UA,123,new_P3_selected,R3,rolling_evaluation,P2_candidate_clock,29403,0.9472188048161266,0.5346733326531307,0.4764045477581476,0.2415197649835807,0.5681828384734331,0.9472188048161266,7734,14046,7623,1.1920928966180358e-07,0.0158471194030691,rtx3090,analyze_R3_UA_123_selected,
UA,123,new_P3_selected,R3,rolling_evaluation,P3_intersection,28540,0.9376913151837816,0.5401541695865452,0.4811288761013621,0.252539413672163,0.563171528659712,0.9392176781684158,7575,13475,7490,1.1920928966180358e-07,0.0131364417092631,rtx3090,analyze_R3_UA_123_selected,
UA,123,new_P3_selected,R3,validation,P0_legacy,50274,0.913121424347074,0.553964275768787,0.481653139761682,0.2532352309828752,0.5463262032174389,0.913121424347074,12678,25349,12247,1.1920928932873665e-07,0.0088712487108076,rtx3090,analyze_R3_UA_123_selected,
UA,123,new_P3_selected,R3,validation,P1_valid_cache_endpoints,48331,0.9143171107312348,0.5513645486333824,0.4835124316421788,0.2588009809944426,0.5480226846473879,0.9144009386224896,12578,23596,12157,1.1920928932873665e-07,0.0096589730744183,rtx3090,analyze_R3_UA_123_selected,
UA,123,new_P3_selected,R3,validation,P2_candidate_clock,43659,0.9169367139167228,0.5498064545683593,0.4782191851181794,0.2478234623689771,0.5488211553873157,0.9169367139167228,11118,21829,10712,1.1920928932873665e-07,0.0100712992107165,rtx3090,analyze_R3_UA_123_selected,
UA,123,new_P3_selected,R3,validation,P3_intersection,43085,0.9116553269131632,0.5526285250087037,0.4805608387560321,0.2532400878722007,0.5461216066890469,0.911824557666794,11020,21441,10624,1.1920928932873665e-07,0.0088835996377246,rtx3090,analyze_R3_UA_123_selected,
UA,42,new_P3_selected,R3,rolling_evaluation,P0_legacy,33858,0.9440599715756364,0.5342016657806131,0.4777573526804275,0.2420089933051772,0.5662766166695042,0.9440599715756364,8855,16319,8684,1.1920928932873665e-07,0.0174869742823643,rtx3090,analyze_R3_UA_42_selected,
UA,42,new_P3_selected,R3,rolling_evaluation,P1_valid_cache_endpoints,32038,0.9409922956162224,0.5358636619014919,0.4828873817278882,0.2543894226683026,0.5652670719978667,0.942564184840766,8689,14807,8542,1.1920928932873665e-07,0.0170813124024558,rtx3090,analyze_R3_UA_42_selected,
UA,42,new_P3_selected,R3,rolling_evaluation,P2_candidate_clock,29403,0.947201649842472,0.5327687650919974,0.4773436893306798,0.2409232669031585,0.5683400530332048,0.9472016498424716,7734,14046,7623,1.1920928932873665e-07,0.0161164276469662,rtx3090,analyze_R3_UA_42_selected,
UA,42,new_P3_selected,R3,rolling_evaluation,P3_intersection,28540,0.9383915574530832,0.5384022424667134,0.4822359153710225,0.2517592323887919,0.5634141862489858,0.9400135739600356,7575,13475,7490,1.1920928932873665e-07,0.0130288948107295,rtx3090,analyze_R3_UA_42_selected,
UA,42,new_P3_selected,R3,validation,P0_legacy,50274,0.9134923913185768,0.5538250387874448,0.4839952661660473,0.2553716765146204,0.5467029601255959,0.9134923913185768,12678,25349,12247,1.1920928977282585e-07,0.0069890551448656,rtx3090,analyze_R3_UA_42_selected,
UA,42,new_P3_selected,R3,validation,P1_valid_cache_endpoints,48331,0.9152471749817358,0.5516749084438559,0.4861757573808897,0.261245244344804,0.5484451921364529,0.9152588299178128,12578,23596,12157,1.1920928977282585e-07,0.0083051020890175,rtx3090,analyze_R3_UA_42_selected,
UA,42,new_P3_selected,R3,validation,P2_candidate_clock,43659,0.9165276235972872,0.5495545019354543,0.4806318133425434,0.2497415706858438,0.5488001434361048,0.916527623597287,11118,21829,10712,1.1920928932873665e-07,0.0083939627415023,rtx3090,analyze_R3_UA_42_selected,
UA,42,new_P3_selected,R3,validation,P3_intersection,43085,0.9120265007427606,0.5522571660670768,0.4829551007887962,0.254887313034681,0.5463619428324898,0.912114470937338,11020,21441,10624,1.1920928932873665e-07,0.0070118326836398,rtx3090,analyze_R3_UA_42_selected,
UA,7,new_P3_selected,R3,rolling_evaluation,P0_legacy,33858,0.9436523960158074,0.5346742276566838,0.4817671386035135,0.2440333660530158,0.5663045633523162,0.9436523960158074,8855,16319,8684,1.1920928955078125e-07,0.012283748810266,rtx3090,analyze_R3_UA_7_selected,
UA,7,new_P3_selected,R3,rolling_evaluation,P1_valid_cache_endpoints,32038,0.939301424800326,0.536394281790374,0.4868677859416584,0.2561262852843663,0.5647966063544221,0.9407156834170364,8689,14807,8542,1.1920928955078125e-07,0.0117620091393077,rtx3090,analyze_R3_UA_7_selected,
UA,7,new_P3_selected,R3,rolling_evaluation,P2_candidate_clock,29403,0.9466488208553568,0.5342312008978676,0.4818766135652759,0.2444717654819094,0.5681632050958463,0.9466488208553568,7734,14046,7623,1.1920928955078125e-07,0.0143868829670717,rtx3090,analyze_R3_UA_7_selected,
UA,7,new_P3_selected,R3,rolling_evaluation,P3_intersection,28540,0.9369804278563728,0.5395234758234058,0.4864517051498417,0.2546796470396607,0.5630941341522125,0.9384837603949376,7575,13475,7490,1.1920928955078125e-07,0.0123514185047588,rtx3090,analyze_R3_UA_7_selected,
UA,7,new_P3_selected,R3,validation,P0_legacy,50274,0.914442441176612,0.5536062378167641,0.4857313298989927,0.255757779397679,0.5471641671794684,0.9144424411766118,12678,25349,12247,1.1920928966180358e-07,0.0056871311677108,rtx3090,analyze_R3_UA_7_selected,
UA,7,new_P3_selected,R3,validation,P1_valid_cache_endpoints,48331,0.9151227701738992,0.5513438579793507,0.4877449034813181,0.2612494948559449,0.5484601104342398,0.9151937623487084,12578,23596,12157,1.1920928966180358e-07,0.0046861237983705,rtx3090,analyze_R3_UA_7_selected,
UA,7,new_P3_selected,R3,validation,P2_candidate_clock,43659,0.9183323437529478,0.549119311024073,0.4819608307071761,0.2498213983398716,0.5497260772078103,0.918332343752948,11118,21829,10712,1.1920928966180358e-07,0.0064747270126268,rtx3090,analyze_R3_UA_7_selected,
UA,7,new_P3_selected,R3,validation,P3_intersection,43085,0.9128802744579398,0.5520482766624115,0.4843267217540005,0.2551808155426696,0.546929866604257,0.9130314749293096,11020,21441,10624,1.1920928966180358e-07,0.0060694539943155,rtx3090,analyze_R3_UA_7_selected,
UC,123,new_P3_selected,R3,rolling_evaluation,P0_legacy,33858,0.9466534274102224,0.5340539901943411,0.4728398841343305,0.2393983773385121,0.5677477358094166,0.9466534274102224,8855,16319,8684,1.1920928955078125e-07,0.0186554494826171,rtx3090,analyze_R3_UC_123_selected,
UC,123,new_P3_selected,R3,rolling_evaluation,P1_valid_cache_endpoints,32038,0.9407679712047669,0.537486734502778,0.4792349520307153,0.2551651571748231,0.5652377320767377,0.942504331881103,8689,14807,8542,1.1920928955078125e-07,0.0172024289990379,rtx3090,analyze_R3_UC_123_selected,
UC,123,new_P3_selected,R3,rolling_evaluation,P2_candidate_clock,29403,0.9500437071350384,0.5322586130666939,0.4694801285920038,0.2370940233701819,0.569720638706519,0.9500437071350382,7734,14046,7623,1.1920928955078125e-07,0.0204238813604621,rtx3090,analyze_R3_UC_123_selected,
UC,123,new_P3_selected,R3,rolling_evaluation,P3_intersection,28540,0.9393437558128676,0.5390679747722494,0.4751018526913149,0.2501381229209641,0.5639266794948934,0.9411782998757764,7575,13475,7490,1.1920928955078125e-07,0.0159324098227102,rtx3090,analyze_R3_UC_123_selected,
UC,123,new_P3_selected,R3,validation,P0_legacy,50274,0.9128799498493796,0.5526116879500338,0.4812303803416941,0.2537833693353512,0.5463712265659452,0.9128799498493796,12678,25349,12247,1.1920928977282585e-07,0.0084777707870316,rtx3090,analyze_R3_UC_123_selected,
UC,123,new_P3_selected,R3,validation,P1_valid_cache_endpoints,48331,0.9128371758186336,0.5522335561027084,0.4846754080193144,0.2622884443274109,0.5469936187498116,0.9128811690211396,12578,23596,12157,1.1920928955078125e-07,0.0071603768450773,rtx3090,analyze_R3_UC_123_selected,
UC,123,new_P3_selected,R3,validation,P2_candidate_clock,43659,0.914889552395726,0.5504706933278362,0.4778681839368426,0.2504713277343046,0.5477004702465885,0.914889552395726,11118,21829,10712,1.1920928977282585e-07,0.0091898956529085,rtx3090,analyze_R3_UC_123_selected,
UC,123,new_P3_selected,R3,validation,P3_intersection,43085,0.9102440838471266,0.5531159336195892,0.4802164721559707,0.2555905511076302,0.5452219264394411,0.9103234617461192,11020,21441,10624,1.1920928955078125e-07,0.0077958894648153,rtx3090,analyze_R3_UC_123_selected,
UC,42,new_P3_selected,R3,rolling_evaluation,P0_legacy,33858,0.9457057873012172,0.5327839801524012,0.4720386750107566,0.2377097173820747,0.567379118680364,0.9457057873012172,8855,16319,8684,1.1920928966180358e-07,0.0167193609240646,rtx3090,analyze_R3_UC_42_selected,
UC,42,new_P3_selected,R3,rolling_evaluation,P1_valid_cache_endpoints,32038,0.93959896533169,0.5359885136400524,0.4783152008513726,0.2530258562592801,0.5647580871738247,0.9412070927703936,8689,14807,8542,1.1920928966180358e-07,0.0160906546534298,rtx3090,analyze_R3_UC_42_selected,
UC,42,new_P3_selected,R3,rolling_evaluation,P2_candidate_clock,29403,0.9490927435245716,0.5314083596911879,0.4711656050980383,0.235998634011365,0.5692214526139198,0.9490927435245716,7734,14046,7623,1.1920928966180358e-07,0.0170418192348132,rtx3090,analyze_R3_UC_42_selected,
UC,42,new_P3_selected,R3,rolling_evaluation,P3_intersection,28540,0.938162745618666,0.5383321653819201,0.4769645090097341,0.2491220413354114,0.563323775370564,0.9398795290821996,7575,13475,7490,1.1920928966180358e-07,0.0126834535077367,rtx3090,analyze_R3_UC_42_selected,
UC,42,new_P3_selected,R3,validation,P0_legacy,50274,0.9131616577424158,0.5522337590006763,0.4801648152488897,0.2527654279782922,0.54647372238263,0.9131616577424156,12678,25349,12247,1.1920928977282585e-07,0.0076762531384195,rtx3090,analyze_R3_UC_42_selected,
UC,42,new_P3_selected,R3,validation,P1_valid_cache_endpoints,48331,0.9129373938595016,0.5516128364817612,0.4834617647812805,0.2609662070125404,0.5470512195072447,0.912972075130353,12578,23596,12157,1.1920928977282585e-07,0.0073898564346245,rtx3090,analyze_R3_UC_42_selected,
UC,42,new_P3_selected,R3,validation,P2_candidate_clock,43659,0.915022412017106,0.5496690258595021,0.4775816732835924,0.2486701980795959,0.5477785167395143,0.915022412017106,11118,21829,10712,1.1920928977282585e-07,0.0092005807676993,rtx3090,analyze_R3_UC_42_selected,
UC,42,new_P3_selected,R3,validation,P3_intersection,43085,0.9102160702700328,0.5522803760009284,0.4799178178664094,0.2537379578586007,0.5452664914220628,0.910298462696163,11020,21441,10624,1.1920928977282585e-07,0.0075935802345397,rtx3090,analyze_R3_UC_42_selected,
UC,7,new_P3_selected,R3,rolling_evaluation,P0_legacy,33858,0.9445348032468228,0.5356193514088251,0.4745864457462243,0.2391224226683631,0.5664371101715492,0.9445348032468228,8855,16319,8684,1.1920928977282585e-07,0.015684447123606,rtx3090,analyze_R3_UC_7_selected,
UC,7,new_P3_selected,R3,rolling_evaluation,P1_valid_cache_endpoints,32038,0.939052747457074,0.5387040389537424,0.4808682624173173,0.2551064591691349,0.5644174097953987,0.9406359809632256,8689,14807,8542,1.1920928977282585e-07,0.0150302409308348,rtx3090,analyze_R3_UC_7_selected,
UC,7,new_P3_selected,R3,rolling_evaluation,P2_candidate_clock,29403,0.9480385911901178,0.5333469373873414,0.4716529153470574,0.2363401574409936,0.5685936294852326,0.9480385911901178,7734,14046,7623,1.1920928977282585e-07,0.0171540500242796,rtx3090,analyze_R3_UC_7_selected,
UC,7,new_P3_selected,R3,rolling_evaluation,P3_intersection,28540,0.9371568530412476,0.5406096706377015,0.4776631989141313,0.2504105149331849,0.5628244294021822,0.9389291375269964,7575,13475,7490,1.1920928977282585e-07,0.0141224782917362,rtx3090,analyze_R3_UC_7_selected,
UC,7,new_P3_selected,R3,validation,P0_legacy,50274,0.9124928278506138,0.553765365795441,0.4813288425025241,0.2521233368088231,0.5457960190380167,0.9124928278506138,12678,25349,12247,1.1920928977282585e-07,0.0078415725196501,rtx3090,analyze_R3_UC_7_selected,
UC,7,new_P3_selected,R3,validation,P1_valid_cache_endpoints,48331,0.9125013561703544,0.5521507934865821,0.4838701729289483,0.2593067675171977,0.5467015189335587,0.912558130049176,12578,23596,12157,1.1920928977282585e-07,0.0078994225322959,rtx3090,analyze_R3_UC_7_selected,
UC,7,new_P3_selected,R3,validation,P2_candidate_clock,43659,0.9152440266848594,0.5501958359101217,0.4770694264224412,0.2469422983449666,0.5476992736036205,0.9152440266848596,11118,21829,10712,1.1920928977282585e-07,0.0090315225761289,rtx3090,analyze_R3_UC_7_selected,
UC,7,new_P3_selected,R3,validation,P3_intersection,43085,0.910113652754212,0.5527909945456655,0.4792333601960363,0.2520847884436834,0.5450798950402431,0.9102114431085266,11020,21441,10624,1.1920928977282585e-07,0.0073157778098483,rtx3090,analyze_R3_UC_7_selected,
SHARED_QUERY,123,new_P3_selected,main,development_holdout,P0_legacy,101574,0.9234114685012108,0.5477779746785595,0.4831349100120028,0.2515112704316249,0.5531134519807118,0.9234114685012108,25800,50465,25309,1.1920928977282585e-07,0.0101620655526538,rtx3090,analyze_SHARED_QUERY_123,
SHARED_QUERY,123,new_P3_selected,main,development_holdout,P1_valid_cache_endpoints,97156,0.9235577661986304,0.5463275556836428,0.4857029218822511,0.2586018904439831,0.5540359487450328,0.9232228975900828,25496,46615,25045,1.1920928977282585e-07,0.0121179803385462,rtx3090,analyze_SHARED_QUERY_123,
SHARED_QUERY,123,new_P3_selected,main,development_holdout,P2_candidate_clock,88209,0.92710079230602,0.5444455781156118,0.4811646758923832,0.2476928574561652,0.5554687638370004,0.9271007923060202,22573,43431,22205,1.1920928977282585e-07,0.0109448142426894,rtx3090,analyze_SHARED_QUERY_123,
SHARED_QUERY,123,new_P3_selected,main,development_holdout,P3_intersection,86588,0.9209583788299848,0.5479743151475955,0.4839782792012432,0.254330590956064,0.5521202430590146,0.9206425719734086,22279,42355,21954,1.1920928977282585e-07,0.0087424721286835,rtx3090,analyze_SHARED_QUERY_123,
SHARED_QUERY,123,new_P3_selected,main,validation,P0_legacy,50274,0.9058357599006356,0.561443290766599,0.486262416011865,0.2589288835178744,0.5419706161612593,0.9058357599006356,12432,25906,11936,1.1920928955078125e-07,0.0058612793826405,rtx3090,analyze_SHARED_QUERY_123,
SHARED_QUERY,123,new_P3_selected,main,validation,P1_valid_cache_endpoints,48280,0.9087817023954408,0.5583264291632146,0.4879929134295948,0.2639560234413606,0.5444695240111195,0.9090783000531693,12341,24081,11858,1.1920928955078125e-07,0.007630885539527,rtx3090,analyze_SHARED_QUERY_123,
SHARED_QUERY,123,new_P3_selected,main,validation,P2_candidate_clock,43659,0.9091709327174238,0.558464463226368,0.4848712593514149,0.2562720163050747,0.544531775859583,0.9091709327174238,10937,22231,10491,1.1175870906487972e-07,0.0068481116920373,rtx3090,analyze_SHARED_QUERY_123,
SHARED_QUERY,123,new_P3_selected,main,validation,P3_intersection,43050,0.9057386135906376,0.5595818815331011,0.4861993771490379,0.2595023588768814,0.5428132290851518,0.9061610558465818,10846,21790,10414,1.1175870906487972e-07,0.0053947623017162,rtx3090,analyze_SHARED_QUERY_123,
SHARED_QUERY,42,new_P3_selected,main,development_holdout,P0_legacy,101574,0.9230345523721027,0.5474727784669305,0.4803007559443992,0.249348736043091,0.5529115893938089,0.9230345523721027,25800,50465,25309,1.1920928955078125e-07,0.0138974468833762,rtx3090,analyze_SHARED_QUERY_42,
SHARED_QUERY,42,new_P3_selected,main,development_holdout,P1_valid_cache_endpoints,97156,0.9224969687549008,0.546306970233439,0.4830365912405348,0.257206895318128,0.5534909314455098,0.9222522379236168,25496,46615,25045,1.1920928955078125e-07,0.0151738661790168,rtx3090,analyze_SHARED_QUERY_42,
SHARED_QUERY,42,new_P3_selected,main,development_holdout,P2_candidate_clock,88209,0.9267151936236142,0.5441394869004297,0.4775397019276164,0.2451985101111369,0.5553290913632727,0.9267151936236144,22573,43431,22205,1.1920928955078125e-07,0.014628947647063,rtx3090,analyze_SHARED_QUERY_42,
SHARED_QUERY,42,new_P3_selected,main,development_holdout,P3_intersection,86588,0.9200313550416548,0.5476740425925071,0.4802791252470323,0.2519615137159375,0.5517471753373157,0.919804574396899,22279,42355,21954,1.1920928955078125e-07,0.0119842873994178,rtx3090,analyze_SHARED_QUERY_42,
SHARED_QUERY,42,new_P3_selected,main,validation,P0_legacy,50274,0.905042295717747,0.5607272148625532,0.4836430867056181,0.2559750994852642,0.5410746763301137,0.9050422957177467,12432,25906,11936,1.1920928955078125e-07,0.0103791625563799,rtx3090,analyze_SHARED_QUERY_42,
SHARED_QUERY,42,new_P3_selected,main,validation,P1_valid_cache_endpoints,48280,0.908706007716088,0.5574357912178957,0.4853090437236321,0.2609770097621518,0.5442769895742551,0.908993509724176,12341,24081,11858,1.1920928955078125e-07,0.0126274600861331,rtx3090,analyze_SHARED_QUERY_42,
SHARED_QUERY,42,new_P3_selected,main,validation,P2_candidate_clock,43659,0.9082981235858322,0.557250509631462,0.4804618021938249,0.2521729025648105,0.543665247407679,0.908298123585832,10937,22231,10491,1.1920928955078125e-07,0.0113769286612792,rtx3090,analyze_SHARED_QUERY_42,
SHARED_QUERY,42,new_P3_selected,main,validation,P3_intersection,43050,0.9058103377754188,0.5580487804878049,0.4815953850113514,0.2549686476341639,0.5427904527077205,0.9062299317724368,10846,21790,10414,1.1920928955078125e-07,0.0103849326936341,rtx3090,analyze_SHARED_QUERY_42,
SHARED_QUERY,7,new_P3_selected,main,development_holdout,P0_legacy,101574,0.9243176194603114,0.5471872723334712,0.4822659332845724,0.2508644771083087,0.5535085684103246,0.9243176194603112,25800,50465,25309,1.1920928966180358e-07,0.0067800582931834,rtx3090,analyze_SHARED_QUERY_7,
SHARED_QUERY,7,new_P3_selected,main,development_holdout,P1_valid_cache_endpoints,97156,0.9231230937046148,0.5462143357075219,0.4852378942786381,0.2586093723511418,0.5539245632609813,0.922904251363609,25496,46615,25045,1.1920928966180358e-07,0.0078071188397121,rtx3090,analyze_SHARED_QUERY_7,
SHARED_QUERY,7,new_P3_selected,main,development_holdout,P2_candidate_clock,88209,0.9282763295998316,0.5437993855502273,0.4796520309363971,0.247039942280083,0.5560123995703652,0.9282763295998316,22573,43431,22205,1.1920928955078125e-07,0.0082961449114389,rtx3090,analyze_SHARED_QUERY_7,
SHARED_QUERY,7,new_P3_selected,main,development_holdout,P3_intersection,86588,0.9208062996947078,0.5477779830923454,0.4828646119810267,0.2543174282878304,0.5521830970922748,0.920602806217422,22279,42355,21954,1.1920928955078125e-07,0.0053056553765598,rtx3090,analyze_SHARED_QUERY_7,
SHARED_QUERY,7,new_P3_selected,main,validation,P0_legacy,50274,0.9042984477849964,0.561244380793253,0.4850953469086423,0.2578153499215158,0.5407964689714927,0.9042984477849964,12432,25906,11936,1.1920928955078125e-07,0.007449745983937,rtx3090,analyze_SHARED_QUERY_7,
SHARED_QUERY,7,new_P3_selected,main,validation,P1_valid_cache_endpoints,48280,0.908775701301239,0.5575807787903894,0.4864189338293547,0.2620865418720747,0.5444570381952845,0.9091358670809088,12341,24081,11858,1.1920928955078125e-07,0.0072830639806163,rtx3090,analyze_SHARED_QUERY_7,
SHARED_QUERY,7,new_P3_selected,main,validation,P2_candidate_clock,43659,0.9079960060705852,0.5576398909732243,0.4822634232085541,0.2542327310828337,0.5436652333484819,0.9079960060705852,10937,22231,10491,1.1920928932873665e-07,0.0070996015155421,rtx3090,analyze_SHARED_QUERY_7,
SHARED_QUERY,7,new_P3_selected,main,validation,P3_intersection,43050,0.906194628660433,0.5585598141695702,0.483412331746732,0.2571279451406378,0.5431082752961992,0.9066928829994492,10846,21790,10414,1.1920928932873665e-07,0.0071041171490714,rtx3090,analyze_SHARED_QUERY_7,
UA,123,new_P3_selected,main,development_holdout,P0_legacy,101574,0.9230745326186846,0.5472364975288951,0.4807083069904246,0.2496514437034735,0.5529700627233268,0.9230745326186848,25800,50465,25309,1.1920928977282585e-07,0.0109770966091165,rtx3090,analyze_UA_123,
UA,123,new_P3_selected,main,development_holdout,P1_valid_cache_endpoints,97156,0.9238562457661944,0.545699699452427,0.4833374822549082,0.2568730282374394,0.5541774534932905,0.9235410779295918,25496,46615,25045,1.1920928977282585e-07,0.0128548847790371,rtx3090,analyze_UA_123,
UA,123,new_P3_selected,main,development_holdout,P2_candidate_clock,88209,0.9267859596381188,0.5438560691085944,0.4789550959680357,0.2458465074593703,0.5553026163057136,0.926785959638119,22573,43431,22205,1.1920928977282585e-07,0.0113463557987953,rtx3090,analyze_UA_123,
UA,123,new_P3_selected,main,development_holdout,P3_intersection,86588,0.921055048058932,0.5473737700374186,0.4818762689760258,0.2525867781265323,0.5521211023712778,0.9207677782593549,22279,42355,21954,1.1920928977282585e-07,0.0091791175810362,rtx3090,analyze_UA_123,
UA,123,new_P3_selected,main,validation,P0_legacy,50274,0.9048027172597944,0.5622588216573179,0.4831141367569749,0.257917435126671,0.5413997178864496,0.9048027172597944,12432,25906,11936,1.1175870906487972e-07,0.0074831203546486,rtx3090,analyze_UA_123,
UA,123,new_P3_selected,main,validation,P1_valid_cache_endpoints,48280,0.9090749775892218,0.557870753935377,0.4840210613407957,0.2614434614794687,0.5447264042274111,0.9093811050659094,12341,24081,11858,1.1175870906487972e-07,0.0112037700127906,rtx3090,analyze_UA_123,
UA,123,new_P3_selected,main,validation,P2_candidate_clock,43659,0.9087755460113734,0.5583957488719393,0.4812457319836626,0.2541273190031242,0.5442871475878017,0.9087755460113732,10937,22231,10491,1.1175870895385744e-07,0.0085543675874136,rtx3090,analyze_UA_123,
UA,123,new_P3_selected,main,validation,P3_intersection,43050,0.9061634827054394,0.5589547038327526,0.4822139537261865,0.2566308119743597,0.543080807236669,0.90659322409512,10846,21790,10414,1.1175870895385744e-07,0.0086276665228266,rtx3090,analyze_UA_123,
UA,42,new_P3_selected,main,development_holdout,P0_legacy,101574,0.9235239550075536,0.5465670348711285,0.4800822747245236,0.2480825160742897,0.5531196731099518,0.9235239550075536,25800,50465,25309,1.1920928966180358e-07,0.0116228972789425,rtx3090,analyze_UA_42,
UA,42,new_P3_selected,main,development_holdout,P1_valid_cache_endpoints,97156,0.923577212761857,0.5451130141216188,0.4826451365926819,0.2554369963308901,0.5540609481369647,0.9233238887416788,25496,46615,25045,1.1920928966180358e-07,0.0131214799570267,rtx3090,analyze_UA_42,
UA,42,new_P3_selected,main,development_holdout,P2_candidate_clock,88209,0.9271196189381212,0.5429491321747214,0.4775342331879433,0.2438444506821895,0.5555709228676285,0.927119618938121,22573,43431,22205,1.1920928966180358e-07,0.0119015752917623,rtx3090,analyze_UA_42,
UA,42,new_P3_selected,main,development_holdout,P3_intersection,86588,0.9207398912292272,0.5465768928719915,0.4803809894698408,0.2507015995302427,0.5521180807919458,0.9205033180088548,22279,42355,21954,1.1920928966180358e-07,0.0091738790616464,rtx3090,analyze_UA_42,
UA,42,new_P3_selected,main,validation,P0_legacy,50274,0.9057361139646568,0.5609659068305685,0.4813223376966131,0.2546345817494609,0.5415431347908135,0.9057361139646568,12432,25906,11936,1.1175870917590205e-07,0.0097850640061233,rtx3090,analyze_UA_42,
UA,42,new_P3_selected,main,validation,P1_valid_cache_endpoints,48280,0.9098827718789192,0.5568558409279205,0.4823332419272825,0.2586394470468283,0.5450192491980619,0.9101822012281556,12341,24081,11858,1.1175870917590205e-07,0.0117311371634334,rtx3090,analyze_UA_42,
UA,42,new_P3_selected,main,validation,P2_candidate_clock,43659,0.90869713715621,0.5568840330745093,0.4781777727456961,0.2503489765115687,0.5442081716283741,0.90869713715621,10937,22231,10491,1.1175870917590205e-07,0.0101695607357255,rtx3090,analyze_UA_42,
UA,42,new_P3_selected,main,validation,P3_intersection,43050,0.9061664881728742,0.5575842044134727,0.4791157573415228,0.2529953998506269,0.543198137849532,0.9065931317615424,10846,21790,10414,1.1175870917590205e-07,0.0089033017117237,rtx3090,analyze_UA_42,
UA,7,new_P3_selected,main,development_holdout,P0_legacy,101574,0.92498877378472,0.5458778821351921,0.4839217924195614,0.2517419406685284,0.5542637481331049,0.92498877378472,25800,50465,25309,1.1920928977282585e-07,0.0094080558070625,rtx3090,analyze_UA_7,
UA,7,new_P3_selected,main,development_holdout,P1_valid_cache_endpoints,97156,0.923674002169935,0.5455247231256948,0.4872727199328373,0.2598546337669553,0.5543529970260879,0.9234323177704438,25496,46615,25045,1.1920928977282585e-07,0.0100401766799227,rtx3090,analyze_UA_7,
UA,7,new_P3_selected,main,development_holdout,P2_candidate_clock,88209,0.9280012684942656,0.5433005702365972,0.4823315521778656,0.2485997701020845,0.5560283295643694,0.9280012684942656,22573,43431,22205,1.1920928977282585e-07,0.009117066428474,rtx3090,analyze_UA_7,
UA,7,new_P3_selected,main,development_holdout,P3_intersection,86588,0.9211138032827584,0.5471312422044625,0.4854600971539796,0.2554973488832953,0.5524078347453775,0.9209047018287234,22279,42355,21954,1.1920928977282585e-07,0.0073198500489462,rtx3090,analyze_UA_7,
UA,7,new_P3_selected,main,validation,P0_legacy,50274,0.9052981563714858,0.5592552810597924,0.4859983718147846,0.2576761515244065,0.5417947650643079,0.905298156371486,12432,25906,11936,1.1920928932873665e-07,0.0101637940150145,rtx3090,analyze_UA_7,
UA,7,new_P3_selected,main,validation,P1_valid_cache_endpoints,48280,0.9095754142067872,0.5559859154929577,0.487568173569425,0.2620708567809686,0.54517975575881,0.9099024855944304,12341,24081,11858,1.1920928932873665e-07,0.0109101541672949,rtx3090,analyze_UA_7,
UA,7,new_P3_selected,main,validation,P2_candidate_clock,43659,0.9081901392684096,0.5564717469479374,0.4847832322701981,0.2551091626263324,0.5438691031381463,0.90819013926841,10937,22231,10491,1.1920928932873665e-07,0.0092877040790968,rtx3090,analyze_UA_7,
UA,7,new_P3_selected,main,validation,P3_intersection,43050,0.906687132502779,0.5573054587688734,0.485893133852215,0.2577629402560968,0.5434524199312243,0.9071518442012017,10846,21790,10414,1.1920928932873665e-07,0.0094333554748475,rtx3090,analyze_UA_7,
UC,123,new_P3_selected,main,development_holdout,P0_legacy,101574,0.9257741906488138,0.5460550928387186,0.4724783575808613,0.2411291708818443,0.5541863715185315,0.9257741906488136,25800,50465,25309,1.1920928977282585e-07,0.0184339041653419,rtx3090,analyze_UC_123,
UC,123,new_P3_selected,main,development_holdout,P1_valid_cache_endpoints,97156,0.9257525159754172,0.5455864794763061,0.4757690680565222,0.2512882186365713,0.5549938460540786,0.9254244002164236,25496,46615,25045,1.1920928977282585e-07,0.0195684048716248,rtx3090,analyze_UC_123,
UC,123,new_P3_selected,main,development_holdout,P2_candidate_clock,88209,0.9296146222749492,0.5439127526669614,0.4699006596503883,0.2386714472337854,0.5565390101530214,0.9296146222749492,22573,43431,22205,1.1920928977282585e-07,0.0204329208968324,rtx3090,analyze_UC_123,
UC,123,new_P3_selected,main,development_holdout,P3_intersection,86588,0.9233270719010256,0.5480320598697279,0.4730650970228735,0.2468630337524225,0.5530934447763605,0.9230031378728918,22279,42355,21954,1.1920928977282585e-07,0.0175202704533448,rtx3090,analyze_UC_123,
UC,123,new_P3_selected,main,validation,P0_legacy,50274,0.9124483738250836,0.5576242192783546,0.479516540011405,0.2493253280769746,0.545016524615732,0.9124483738250831,12432,25906,11936,1.1920928966180358e-07,0.0127146722097725,rtx3090,analyze_UC_123,
UC,123,new_P3_selected,main,validation,P1_valid_cache_endpoints,48280,0.9097544116211452,0.556980115990058,0.4829661987228888,0.2585951073342536,0.544988572472635,0.9100592394036549,12341,24081,11858,1.1920928966180358e-07,0.0133690095313835,rtx3090,analyze_UC_123,
UC,123,new_P3_selected,main,validation,P2_candidate_clock,43659,0.9150891404636372,0.5561968895302228,0.4782094670299544,0.2488839064709751,0.5470219511047286,0.9150891404636372,10937,22231,10491,1.1920928966180358e-07,0.0140123012865808,rtx3090,analyze_UC_123,
UC,123,new_P3_selected,main,validation,P3_intersection,43050,0.9068572801416124,0.5594425087108014,0.4810036920475432,0.2555246151536687,0.5431990770207582,0.9072867109755116,10846,21790,10414,1.1920928966180358e-07,0.012899530454327,rtx3090,analyze_UC_123,
UC,42,new_P3_selected,main,development_holdout,P0_legacy,101574,0.9242848646369014,0.5461633882686514,0.482503612663024,0.2493273792051025,0.5535959488218603,0.9242848646369014,25800,50465,25309,1.1920928955078125e-07,0.0065845603565081,rtx3090,analyze_UC_42,
UC,42,new_P3_selected,main,development_holdout,P1_valid_cache_endpoints,97156,0.9221178415367004,0.5468627773889415,0.4865948891210971,0.2594992579849663,0.5531566520612269,0.9218433121180302,25496,46615,25045,1.1920928932873665e-07,0.0057830134304189,rtx3090,analyze_UC_42,
UC,42,new_P3_selected,main,development_holdout,P2_candidate_clock,88209,0.9274991074520732,0.5438900792436145,0.4803716117923275,0.2463434501347451,0.5554914078246541,0.9274991074520732,22573,43431,22205,1.1920928932873665e-07,0.0067215983517728,rtx3090,analyze_UC_42,
UC,42,new_P3_selected,main,development_holdout,P3_intersection,86588,0.9203191558667092,0.5482976855915369,0.483827477175236,0.2542973892112182,0.5516754440995162,0.920051231330104,22279,42355,21954,1.1920928932873665e-07,0.0049036082394551,rtx3090,analyze_UC_42,
UC,42,new_P3_selected,main,validation,P0_legacy,50274,0.9098762146241308,0.5567689063929665,0.4884990691067639,0.2571108718327271,0.5447829547919572,0.9098762146241308,12432,25906,11936,1.1920928977282585e-07,0.0103282262559194,rtx3090,analyze_UC_42,
UC,42,new_P3_selected,main,validation,P1_valid_cache_endpoints,48280,0.908517572026474,0.5573322286661143,0.4928364773481956,0.2666264705136459,0.5447071837679286,0.9088275926306036,12341,24081,11858,1.1920928977282585e-07,0.0074321922949629,rtx3090,analyze_UC_42,
UC,42,new_P3_selected,main,validation,P2_candidate_clock,43659,0.9119084677185828,0.5551890789986028,0.4879350003185485,0.2560133648600696,0.5462737848246351,0.9119084677185828,10937,22231,10491,1.1920928977282585e-07,0.0084468213877376,rtx3090,analyze_UC_42,
UC,42,new_P3_selected,main,validation,P3_intersection,43050,0.9061141912891254,0.558815331010453,0.4911358052899251,0.2626999242955519,0.5432413409438897,0.9065542118571523,10846,21790,10414,1.1920928977282585e-07,0.0078023721722259,rtx3090,analyze_UC_42,
UC,7,new_P3_selected,main,development_holdout,P0_legacy,101574,0.9267378969570096,0.5467048654183158,0.4703007169898175,0.2394033540015062,0.5548393323788314,0.9267378969570096,25800,50465,25309,1.1920928932873665e-07,0.0055486856656127,rtx3090,analyze_UC_7,
UC,7,new_P3_selected,main,development_holdout,P1_valid_cache_endpoints,97156,0.9266951799576364,0.5455864794763061,0.4729602136821056,0.2491561372869019,0.5557663321193098,0.9264117392551292,25496,46615,25045,1.1920928932873665e-07,0.0083540014166812,rtx3090,analyze_UC_7,
UC,7,new_P3_selected,main,development_holdout,P2_candidate_clock,88209,0.9310922746890016,0.5433912639299845,0.4667209940340432,0.2352313427223263,0.557531186094992,0.9310922746890016,22573,43431,22205,1.1920928932873665e-07,0.0075436971048291,rtx3090,analyze_UC_7,
UC,7,new_P3_selected,main,development_holdout,P3_intersection,86588,0.924464181557894,0.5475701020926688,0.4696261593231939,0.2436693489864108,0.5539713839361896,0.9241965222316998,22279,42355,21954,1.1920928932873665e-07,0.0060735638766374,rtx3090,analyze_UC_7,
UC,7,new_P3_selected,main,validation,P0_legacy,50274,0.9100981764008385,0.5583204041850658,0.4767101449940709,0.2465612125613138,0.5446018970236549,0.9100981764008382,12432,25906,11936,1.1920928955078125e-07,0.0067520522264953,rtx3090,analyze_UC_7,
UC,7,new_P3_selected,main,validation,P1_valid_cache_endpoints,48280,0.911151684955489,0.557062966031483,0.479645985549451,0.2555752156311813,0.5460679624266767,0.9114801631594418,12341,24081,11858,1.1920928955078125e-07,0.0056435878208034,rtx3090,analyze_UC_7,
UC,7,new_P3_selected,main,validation,P2_candidate_clock,43659,0.9139391299924784,0.5551661742137932,0.4740544323807773,0.2437499825920624,0.5472515135513264,0.9139391299924784,10937,22231,10491,1.1920928932873665e-07,0.0069023278921416,rtx3090,analyze_UC_7,
UC,7,new_P3_selected,main,validation,P3_intersection,43050,0.908881204980056,0.5587224157955866,0.4768536731958205,0.251035202793763,0.5445545056294191,0.9093390197751462,10846,21790,10414,1.1920928932873665e-07,0.0071324128419134,rtx3090,analyze_UC_7,
UA,123,distribution_shift_sensitivity,main,development_holdout,P0_legacy,86588,1.008541315509264,0.502841040328914,0.430516081082321,0.1763167252271997,0.6011153086980978,1.0106504164474788,22279,42355,21954,1.1920928955078125e-07,0.0716604397899119,rtx3090,interventions_UA_123,self_only
UA,123,distribution_shift_sensitivity,main,development_holdout,P1_valid_cache_endpoints,86588,1.008541315509264,0.502841040328914,0.430516081082321,0.1763167252271997,0.6011153086980978,1.0106504164474788,22279,42355,21954,1.1920928955078125e-07,0.0716604397899119,rtx3090,interventions_UA_123,self_only
UA,123,distribution_shift_sensitivity,main,development_holdout,P2_candidate_clock,86588,1.008541315509264,0.502841040328914,0.430516081082321,0.1763167252271997,0.6011153086980978,1.0106504164474788,22279,42355,21954,1.1920928955078125e-07,0.0716604397899119,rtx3090,interventions_UA_123,self_only
UA,123,distribution_shift_sensitivity,main,development_holdout,P3_intersection,86588,1.008541315509264,0.502841040328914,0.430516081082321,0.1763167252271997,0.6011153086980978,1.0106504164474788,22279,42355,21954,1.1920928955078125e-07,0.0716604397899119,rtx3090,interventions_UA_123,self_only
UA,123,distribution_shift_sensitivity,main,validation,P0_legacy,43050,0.9847471328676796,0.5176771196283392,0.4348608787549647,0.1852209943019712,0.5863606865464291,0.986856042530124,10846,21790,10414,1.1175870895385744e-07,0.0586684289111267,rtx3090,interventions_UA_123,self_only
UA,123,distribution_shift_sensitivity,main,validation,P1_valid_cache_endpoints,43050,0.9847471328676796,0.5176771196283392,0.4348608787549647,0.1852209943019712,0.5863606865464291,0.986856042530124,10846,21790,10414,1.1175870895385744e-07,0.0586684289111267,rtx3090,interventions_UA_123,self_only
UA,123,distribution_shift_sensitivity,main,validation,P2_candidate_clock,43050,0.9847471328676796,0.5176771196283392,0.4348608787549647,0.1852209943019712,0.5863606865464291,0.986856042530124,10846,21790,10414,1.1175870895385744e-07,0.0586684289111267,rtx3090,interventions_UA_123,self_only
UA,123,distribution_shift_sensitivity,main,validation,P3_intersection,43050,0.9847471328676796,0.5176771196283392,0.4348608787549647,0.1852209943019712,0.5863606865464291,0.986856042530124,10846,21790,10414,1.1175870895385744e-07,0.0586684289111267,rtx3090,interventions_UA_123,self_only
UA,123,distribution_shift_sensitivity,main,development_holdout,P0_legacy,86588,0.924347330234678,0.544036125098166,0.4825439992459286,0.2518047961561444,0.5541128787437954,0.9240881403891764,22279,42355,21954,1.1920928955078125e-07,0.0090459630467114,rtx3090,interventions_UA_123,peer_lag1
UA,123,distribution_shift_sensitivity,main,development_holdout,P1_valid_cache_endpoints,86588,0.924347330234678,0.544036125098166,0.4825439992459286,0.2518047961561444,0.5541128787437954,0.9240881403891764,22279,42355,21954,1.1920928955078125e-07,0.0090459630467114,rtx3090,interventions_UA_123,peer_lag1
UA,123,distribution_shift_sensitivity,main,development_holdout,P2_candidate_clock,86588,0.924347330234678,0.544036125098166,0.4825439992459286,0.2518047961561444,0.5541128787437954,0.9240881403891764,22279,42355,21954,1.1920928955078125e-07,0.0090459630467114,rtx3090,interventions_UA_123,peer_lag1
UA,123,distribution_shift_sensitivity,main,development_holdout,P3_intersection,86588,0.924347330234678,0.544036125098166,0.4825439992459286,0.2518047961561444,0.5541128787437954,0.9240881403891764,22279,42355,21954,1.1920928955078125e-07,0.0090459630467114,rtx3090,interventions_UA_123,peer_lag1
UA,123,distribution_shift_sensitivity,main,validation,P0_legacy,43050,0.909220678017622,0.5561207897793263,0.4843327699043587,0.2574630030753249,0.544938410120293,0.9096704292749436,10846,21790,10414,1.1920928955078125e-07,0.0110841886739266,rtx3090,interventions_UA_123,peer_lag1
UA,123,distribution_shift_sensitivity,main,validation,P1_valid_cache_endpoints,43050,0.909220678017622,0.5561207897793263,0.4843327699043587,0.2574630030753249,0.544938410120293,0.9096704292749436,10846,21790,10414,1.1920928955078125e-07,0.0110841886739266,rtx3090,interventions_UA_123,peer_lag1
UA,123,distribution_shift_sensitivity,main,validation,P2_candidate_clock,43050,0.909220678017622,0.5561207897793263,0.4843327699043587,0.2574630030753249,0.544938410120293,0.9096704292749436,10846,21790,10414,1.1920928955078125e-07,0.0110841886739266,rtx3090,interventions_UA_123,peer_lag1
UA,123,distribution_shift_sensitivity,main,validation,P3_intersection,43050,0.909220678017622,0.5561207897793263,0.4843327699043587,0.2574630030753249,0.544938410120293,0.9096704292749436,10846,21790,10414,1.1920928955078125e-07,0.0110841886739266,rtx3090,interventions_UA_123,peer_lag1
UA,42,distribution_shift_sensitivity,main,development_holdout,P0_legacy,86588,1.0182690091367883,0.4972282533376449,0.4203455418189206,0.1670731658596466,0.6054083791127403,1.0207187426454136,22279,42355,21954,1.1920928955078125e-07,0.0768164739856328,rtx3090,interventions_UA_42,self_only
UA,42,distribution_shift_sensitivity,main,development_holdout,P1_valid_cache_endpoints,86588,1.0182690091367883,0.4972282533376449,0.4203455418189206,0.1670731658596466,0.6054083791127403,1.0207187426454136,22279,42355,21954,1.1920928955078125e-07,0.0768164739856328,rtx3090,interventions_UA_42,self_only
UA,42,distribution_shift_sensitivity,main,development_holdout,P2_candidate_clock,86588,1.0182690091367883,0.4972282533376449,0.4203455418189206,0.1670731658596466,0.6054083791127403,1.0207187426454136,22279,42355,21954,1.1920928955078125e-07,0.0768164739856328,rtx3090,interventions_UA_42,self_only
UA,42,distribution_shift_sensitivity,main,development_holdout,P3_intersection,86588,1.0182690091367883,0.4972282533376449,0.4203455418189206,0.1670731658596466,0.6054083791127403,1.0207187426454136,22279,42355,21954,1.1920928955078125e-07,0.0768164739856328,rtx3090,interventions_UA_42,self_only
UA,42,distribution_shift_sensitivity,main,validation,P0_legacy,43050,0.9945241109079532,0.5153077816492451,0.4286952820741733,0.1809549308981919,0.5903091886533491,0.996937145988566,10846,21790,10414,1.1920928955078125e-07,0.0599742228662821,rtx3090,interventions_UA_42,self_only
UA,42,distribution_shift_sensitivity,main,validation,P1_valid_cache_endpoints,43050,0.9945241109079532,0.5153077816492451,0.4286952820741733,0.1809549308981919,0.5903091886533491,0.996937145988566,10846,21790,10414,1.1920928955078125e-07,0.0599742228662821,rtx3090,interventions_UA_42,self_only
UA,42,distribution_shift_sensitivity,main,validation,P2_candidate_clock,43050,0.9945241109079532,0.5153077816492451,0.4286952820741733,0.1809549308981919,0.5903091886533491,0.996937145988566,10846,21790,10414,1.1920928955078125e-07,0.0599742228662821,rtx3090,interventions_UA_42,self_only
UA,42,distribution_shift_sensitivity,main,validation,P3_intersection,43050,0.9945241109079532,0.5153077816492451,0.4286952820741733,0.1809549308981919,0.5903091886533491,0.996937145988566,10846,21790,10414,1.1920928955078125e-07,0.0599742228662821,rtx3090,interventions_UA_42,self_only
UA,42,distribution_shift_sensitivity,main,development_holdout,P0_legacy,86588,0.9245184981066998,0.5433547373770038,0.4809328599525548,0.2497211833731099,0.5543194927625619,0.9243211862160642,22279,42355,21954,1.1920928955078125e-07,0.0108545590980288,rtx3090,interventions_UA_42,peer_lag1
UA,42,distribution_shift_sensitivity,main,development_holdout,P1_valid_cache_endpoints,86588,0.9245184981066998,0.5433547373770038,0.4809328599525548,0.2497211833731099,0.5543194927625619,0.9243211862160642,22279,42355,21954,1.1920928955078125e-07,0.0108545590980288,rtx3090,interventions_UA_42,peer_lag1
UA,42,distribution_shift_sensitivity,main,development_holdout,P2_candidate_clock,86588,0.9245184981066998,0.5433547373770038,0.4809328599525548,0.2497211833731099,0.5543194927625619,0.9243211862160642,22279,42355,21954,1.1920928955078125e-07,0.0108545590980288,rtx3090,interventions_UA_42,peer_lag1
UA,42,distribution_shift_sensitivity,main,development_holdout,P3_intersection,86588,0.9245184981066998,0.5433547373770038,0.4809328599525548,0.2497211833731099,0.5543194927625619,0.9243211862160642,22279,42355,21954,1.1920928955078125e-07,0.0108545590980288,rtx3090,interventions_UA_42,peer_lag1
UA,42,distribution_shift_sensitivity,main,validation,P0_legacy,43050,0.9097483480743648,0.5540534262485483,0.4806711109157493,0.2523917971839629,0.5451484161798813,0.9101851279708404,10846,21790,10414,1.1920928955078125e-07,0.0101736450072619,rtx3090,interventions_UA_42,peer_lag1
UA,42,distribution_shift_sensitivity,main,validation,P1_valid_cache_endpoints,43050,0.9097483480743648,0.5540534262485483,0.4806711109157493,0.2523917971839629,0.5451484161798813,0.9101851279708404,10846,21790,10414,1.1920928955078125e-07,0.0101736450072619,rtx3090,interventions_UA_42,peer_lag1
UA,42,distribution_shift_sensitivity,main,validation,P2_candidate_clock,43050,0.9097483480743648,0.5540534262485483,0.4806711109157493,0.2523917971839629,0.5451484161798813,0.9101851279708404,10846,21790,10414,1.1920928955078125e-07,0.0101736450072619,rtx3090,interventions_UA_42,peer_lag1
UA,42,distribution_shift_sensitivity,main,validation,P3_intersection,43050,0.9097483480743648,0.5540534262485483,0.4806711109157493,0.2523917971839629,0.5451484161798813,0.9101851279708404,10846,21790,10414,1.1920928955078125e-07,0.0101736450072619,rtx3090,interventions_UA_42,peer_lag1
UA,7,distribution_shift_sensitivity,main,development_holdout,P0_legacy,86588,1.0024964127947404,0.501374324386751,0.4298325107476505,0.1755600196733435,0.597960355523724,1.0048586652037983,22279,42355,21954,1.1920928955078125e-07,0.0637187833702271,rtx3090,interventions_UA_7,self_only
UA,7,distribution_shift_sensitivity,main,development_holdout,P1_valid_cache_endpoints,86588,1.0024964127947404,0.501374324386751,0.4298325107476505,0.1755600196733435,0.597960355523724,1.0048586652037983,22279,42355,21954,1.1920928955078125e-07,0.0637187833702271,rtx3090,interventions_UA_7,self_only
UA,7,distribution_shift_sensitivity,main,development_holdout,P2_candidate_clock,86588,1.0024964127947404,0.501374324386751,0.4298325107476505,0.1755600196733435,0.597960355523724,1.0048586652037983,22279,42355,21954,1.1920928955078125e-07,0.0637187833702271,rtx3090,interventions_UA_7,self_only
UA,7,distribution_shift_sensitivity,main,development_holdout,P3_intersection,86588,1.0024964127947404,0.501374324386751,0.4298325107476505,0.1755600196733435,0.597960355523724,1.0048586652037983,22279,42355,21954,1.1920928955078125e-07,0.0637187833702271,rtx3090,interventions_UA_7,self_only
UA,7,distribution_shift_sensitivity,main,validation,P0_legacy,43050,0.9789078145995171,0.5192566782810685,0.4364744916697728,0.1883667430805318,0.5827356976415582,0.9813660550576988,10846,21790,10414,1.0803341865539553e-07,0.0491925547140608,rtx3090,interventions_UA_7,self_only
UA,7,distribution_shift_sensitivity,main,validation,P1_valid_cache_endpoints,43050,0.9789078145995171,0.5192566782810685,0.4364744916697728,0.1883667430805318,0.5827356976415582,0.9813660550576988,10846,21790,10414,1.0803341865539553e-07,0.0491925547140608,rtx3090,interventions_UA_7,self_only
UA,7,distribution_shift_sensitivity,main,validation,P2_candidate_clock,43050,0.9789078145995171,0.5192566782810685,0.4364744916697728,0.1883667430805318,0.5827356976415582,0.9813660550576988,10846,21790,10414,1.0803341865539553e-07,0.0491925547140608,rtx3090,interventions_UA_7,self_only
UA,7,distribution_shift_sensitivity,main,validation,P3_intersection,43050,0.9789078145995171,0.5192566782810685,0.4364744916697728,0.1883667430805318,0.5827356976415582,0.9813660550576988,10846,21790,10414,1.0803341865539553e-07,0.0491925547140608,rtx3090,interventions_UA_7,self_only
UA,7,distribution_shift_sensitivity,main,development_holdout,P0_legacy,86588,0.9243833984557288,0.5436781078209452,0.4855919787269179,0.2542025758943284,0.5544708769789541,0.9242263137217012,22279,42355,21954,1.1920928955078125e-07,0.0090801034453182,rtx3090,interventions_UA_7,peer_lag1
UA,7,distribution_shift_sensitivity,main,development_holdout,P1_valid_cache_endpoints,86588,0.9243833984557288,0.5436781078209452,0.4855919787269179,0.2542025758943284,0.5544708769789541,0.9242263137217012,22279,42355,21954,1.1920928955078125e-07,0.0090801034453182,rtx3090,interventions_UA_7,peer_lag1
UA,7,distribution_shift_sensitivity,main,development_holdout,P2_candidate_clock,86588,0.9243833984557288,0.5436781078209452,0.4855919787269179,0.2542025758943284,0.5544708769789541,0.9242263137217012,22279,42355,21954,1.1920928955078125e-07,0.0090801034453182,rtx3090,interventions_UA_7,peer_lag1
UA,7,distribution_shift_sensitivity,main,development_holdout,P3_intersection,86588,0.9243833984557288,0.5436781078209452,0.4855919787269179,0.2542025758943284,0.5544708769789541,0.9242263137217012,22279,42355,21954,1.1920928955078125e-07,0.0090801034453182,rtx3090,interventions_UA_7,peer_lag1
UA,7,distribution_shift_sensitivity,main,validation,P0_legacy,43050,0.9093104098078488,0.5553542392566783,0.4882589831461804,0.2595920616883702,0.5450725591223284,0.9097862065636833,10846,21790,10414,1.1920928955078125e-07,0.0077767022183508,rtx3090,interventions_UA_7,peer_lag1
UA,7,distribution_shift_sensitivity,main,validation,P1_valid_cache_endpoints,43050,0.9093104098078488,0.5553542392566783,0.4882589831461804,0.2595920616883702,0.5450725591223284,0.9097862065636833,10846,21790,10414,1.1920928955078125e-07,0.0077767022183508,rtx3090,interventions_UA_7,peer_lag1
UA,7,distribution_shift_sensitivity,main,validation,P2_candidate_clock,43050,0.9093104098078488,0.5553542392566783,0.4882589831461804,0.2595920616883702,0.5450725591223284,0.9097862065636833,10846,21790,10414,1.1920928955078125e-07,0.0077767022183508,rtx3090,interventions_UA_7,peer_lag1
UA,7,distribution_shift_sensitivity,main,validation,P3_intersection,43050,0.9093104098078488,0.5553542392566783,0.4882589831461804,0.2595920616883702,0.5450725591223284,0.9097862065636833,10846,21790,10414,1.1920928955078125e-07,0.0077767022183508,rtx3090,interventions_UA_7,peer_lag1
