model,seed,family,fold,split,population,asset_id,rows,nll,accuracy,macro_f1,mcc,brier,equal_asset_nll,down,flat,up,max_probability_sum_error,owner,source_job
prior_per_asset,0,train_P3_Laplace_prior,R1,rolling_evaluation,P0_legacy,KR7000030007_t,1254,0.8667916562597602,0.7368421052631579,0.2828282828282828,0.0,0.5001170235717501,0.8667916562597602,168,924,162,0.0,a5000,prior_R1
prior_per_asset,0,train_P3_Laplace_prior,R1,rolling_evaluation,P0_legacy,KR7000100008_t,1254,1.062916324690184,0.5143540669856459,0.2264349657714586,0.0,0.6420966258916951,1.062916324690184,303,645,306,0.0,a5000,prior_R1
prior_per_asset,0,train_P3_Laplace_prior,R1,rolling_evaluation,P0_legacy,KR7000120006_t,1254,0.9422430885899156,0.6499202551834131,0.2626067343322055,0.0,0.5549391915329267,0.9422430885899152,228,815,211,0.0,a5000,prior_R1
prior_per_asset,0,train_P3_Laplace_prior,R1,rolling_evaluation,P0_legacy,KR7000150003_t,1254,1.0255051238164037,0.532695374800638,0.2317030870620881,0.0,0.6152956361491393,1.0255051238164037,320,668,266,0.0,a5000,prior_R1
prior_per_asset,0,train_P3_Laplace_prior,R1,rolling_evaluation,P0_legacy,KR7000270009_t,1254,1.0659982131129615,0.529505582137161,0.2307959680222453,0.0,0.6444412199577635,1.0659982131129615,313,664,277,0.0,a5000,prior_R1
prior_per_asset,0,train_P3_Laplace_prior,R1,rolling_evaluation,P0_legacy,KR7000660001_t,1254,1.10380061549586,0.2990430622009569,0.1534683855125844,0.0,0.6701609336384075,1.10380061549586,442,375,437,0.0,a5000,prior_R1
prior_per_asset,0,train_P3_Laplace_prior,R1,rolling_evaluation,P0_legacy,KR7000720003_t,1254,1.1072724772554106,0.3181818181818182,0.160919540229885,0.0,0.67223742855515,1.1072724772554106,399,418,437,0.0,a5000,prior_R1
prior_per_asset,0,train_P3_Laplace_prior,R1,rolling_evaluation,P0_legacy,KR7000810002_t,1254,1.0060932847082424,0.5821371610845295,0.2452956989247311,0.0,0.6013160677278179,1.0060932847082424,266,730,258,0.0,a5000,prior_R1
prior_per_asset,0,train_P3_Laplace_prior,R1,rolling_evaluation,P0_legacy,KR7001040005_t,1254,1.0609835145184732,0.5813397129186603,0.2450832072617246,0.0,0.6411508950942693,1.0609835145184734,282,729,243,0.0,a5000,prior_R1
prior_per_asset,0,train_P3_Laplace_prior,R1,rolling_evaluation,P0_legacy,KR7001450006_t,1254,1.0864848559157516,0.4712918660287081,0.213550135501355,0.0,0.6584585127874111,1.0864848559157518,319,591,344,0.0,a5000,prior_R1
prior_per_asset,0,train_P3_Laplace_prior,R1,rolling_evaluation,P0_legacy,KR7002380004_t,1254,1.1156855121068294,0.2543859649122807,0.1351981351981352,0.0,0.6779089142089881,1.1156855121068294,319,582,353,0.0,a5000,prior_R1
prior_per_asset,0,train_P3_Laplace_prior,R1,rolling_evaluation,P0_legacy,KR7002550002_t,1254,1.0710321258798463,0.4880382775119617,0.2186495176848874,0.0,0.6476392970041919,1.071032125879846,298,612,344,0.0,a5000,prior_R1
prior_per_asset,0,train_P3_Laplace_prior,R1,rolling_evaluation,P0_legacy,KR7002790004_t,1254,0.9823411413859544,0.6379585326953748,0.2596559558584875,0.0,0.584692041160807,0.9823411413859544,242,800,212,0.0,a5000,prior_R1
prior_per_asset,0,train_P3_Laplace_prior,R1,rolling_evaluation,P0_legacy,KR7003550001_t,1254,1.0991747171456456,0.303030303030303,0.1550387596899225,0.0,0.6670440444728656,1.0991747171456456,380,495,379,0.0,a5000,prior_R1
prior_per_asset,0,train_P3_Laplace_prior,R1,rolling_evaluation,P0_legacy,KR7004020004_t,1254,1.0925000417602195,0.4242424242424242,0.1985815602836879,0.0,0.6626440374541094,1.0925000417602193,377,532,345,0.0,a5000,prior_R1
prior_per_asset,0,train_P3_Laplace_prior,R1,rolling_evaluation,P0_legacy,KR7004170007_t,1254,0.9992992410977316,0.569377990430622,0.2418699186991869,0.0,0.5959748713046821,0.9992992410977316,270,714,270,1.1102230246251563e-16,a5000,prior_R1
prior_per_asset,0,train_P3_Laplace_prior,R1,rolling_evaluation,P0_legacy,KR7005300009_t,1254,1.3079923224848644,0.3205741626794258,0.1618357487922705,0.0,0.7682450927074939,1.3079923224848644,402,513,339,0.0,a5000,prior_R1
prior_per_asset,0,train_P3_Laplace_prior,R1,rolling_evaluation,P0_legacy,KR7005380001_t,1254,0.7760064571687363,0.733652312599681,0.2821220484513952,0.0,0.4337988077227865,0.7760064571687363,153,920,181,1.1102230246251563e-16,a5000,prior_R1
prior_per_asset,0,train_P3_Laplace_prior,R1,rolling_evaluation,P0_legacy,KR7005440003_t,1254,0.9998800816182578,0.583732057416268,0.2457200402819738,0.0,0.5968490171486285,0.9998800816182578,269,732,253,0.0,a5000,prior_R1
prior_per_asset,0,train_P3_Laplace_prior,R1,rolling_evaluation,P0_legacy,KR7005490008_t,1254,1.060791740104036,0.4728867623604466,0.2140407868615773,0.0,0.6402954369327769,1.060791740104036,323,593,338,0.0,a5000,prior_R1
prior_per_asset,0,train_P3_Laplace_prior,R1,rolling_evaluation,P0_legacy,KR7005830005_t,1254,1.1000172575053178,0.2551834130781499,0.1355357899195256,0.0,0.667602998560851,1.1000172575053178,320,619,315,0.0,a5000,prior_R1
prior_per_asset,0,train_P3_Laplace_prior,R1,rolling_evaluation,P0_legacy,KR7005930003_t,1254,1.083313832901833,0.3508771929824561,0.1731601731601731,0.0,0.6569402316454155,1.083313832901833,440,317,497,0.0,a5000,prior_R1
prior_per_asset,0,train_P3_Laplace_prior,R1,rolling_evaluation,P0_legacy,KR7006400006_t,1254,0.8336842651551067,0.7384370015948963,0.2831804281345565,0.0,0.47530879316634,0.8336842651551067,164,926,164,0.0,a5000,prior_R1
prior_per_asset,0,train_P3_Laplace_prior,R1,rolling_evaluation,P0_legacy,KR7006800007_t,1254,1.1247365254588748,0.2799043062200957,0.1457943925233644,0.0,0.6846741396844558,1.1247365254588746,464,351,439,0.0,a5000,prior_R1
prior_per_asset,0,train_P3_Laplace_prior,R1,rolling_evaluation,P0_legacy,KR7007070006_t,1254,1.1129193292206137,0.2838915470494418,0.1474120082815735,0.0,0.6761870718987072,1.1129193292206137,356,549,349,0.0,a5000,prior_R1
prior_per_asset,0,train_P3_Laplace_prior,R1,rolling_evaluation,P0_legacy,KR7008770000_t,1254,1.1343144461179957,0.2998405103668261,0.1537832310838445,0.0,0.6916801167728893,1.1343144461179957,439,376,439,0.0,a5000,prior_R1
prior_per_asset,0,train_P3_Laplace_prior,R1,rolling_evaluation,P0_legacy,KR7009150004_t,1254,1.084715350338696,0.4178628389154705,0.1964754405699288,0.0,0.6570481733935291,1.0847153503386964,364,524,366,0.0,a5000,prior_R1
prior_per_asset,0,train_P3_Laplace_prior,R1,rolling_evaluation,P1_valid_cache_endpoints,KR7000030007_t,1221,0.8719943737871558,0.7297297297297297,0.2812499999999999,0.0,0.5038732417125353,0.8719943737871558,168,891,162,0.0,a5000,prior_R1
prior_per_asset,0,train_P3_Laplace_prior,R1,rolling_evaluation,P1_valid_cache_endpoints,KR7000100008_t,1215,1.0660604348255731,0.5012345679012346,0.2225877192982455,0.0,0.6442551812107362,1.0660604348255731,301,609,305,0.0,a5000,prior_R1
prior_per_asset,0,train_P3_Laplace_prior,R1,rolling_evaluation,P1_valid_cache_endpoints,KR7000120006_t,1195,0.9502429928721272,0.6376569037656904,0.2595809913132345,0.0,0.5606881383424526,0.9502429928721272,224,762,209,0.0,a5000,prior_R1
prior_per_asset,0,train_P3_Laplace_prior,R1,rolling_evaluation,P1_valid_cache_endpoints,KR7000150003_t,1207,1.033628814281165,0.5169842584921293,0.2271982523211359,0.0,0.6210638702044363,1.033628814281165,317,624,266,0.0,a5000,prior_R1
prior_per_asset,0,train_P3_Laplace_prior,R1,rolling_evaluation,P1_valid_cache_endpoints,KR7000270009_t,1221,1.068286528518528,0.5167895167895168,0.2271418286537077,0.0,0.646005785890932,1.068286528518528,313,631,277,0.0,a5000,prior_R1
prior_per_asset,0,train_P3_Laplace_prior,R1,rolling_evaluation,P1_valid_cache_endpoints,KR7000660001_t,1221,1.105830837969486,0.2800982800982801,0.145873320537428,0.0,0.6715309023876894,1.1058308379694863,442,342,437,0.0,a5000,prior_R1
prior_per_asset,0,train_P3_Laplace_prior,R1,rolling_evaluation,P1_valid_cache_endpoints,KR7000720003_t,1221,1.1026329125171108,0.3267813267813267,0.1641975308641975,0.0,0.6692843737574522,1.1026329125171106,399,385,437,0.0,a5000,prior_R1
prior_per_asset,0,train_P3_Laplace_prior,R1,rolling_evaluation,P1_valid_cache_endpoints,KR7000810002_t,1217,1.011382712079668,0.571076417419885,0.2423291492329149,0.0,0.6050736475708084,1.0113827120796683,264,695,258,0.0,a5000,prior_R1
prior_per_asset,0,train_P3_Laplace_prior,R1,rolling_evaluation,P1_valid_cache_endpoints,KR7001040005_t,1219,1.0627766035504984,0.5701394585726005,0.2420759317311041,0.0,0.6423688694786975,1.0627766035504984,281,695,243,0.0,a5000,prior_R1
prior_per_asset,0,train_P3_Laplace_prior,R1,rolling_evaluation,P1_valid_cache_endpoints,KR7001450006_t,1221,1.087985250931796,0.457002457002457,0.209106239460371,0.0,0.6594697150372784,1.087985250931796,319,558,344,0.0,a5000,prior_R1
prior_per_asset,0,train_P3_Laplace_prior,R1,rolling_evaluation,P1_valid_cache_endpoints,KR7002380004_t,1197,1.1135039779634313,0.2639933166248955,0.1392377175589337,0.0,0.6764774914391981,1.1135039779634313,316,532,349,0.0,a5000,prior_R1
prior_per_asset,0,train_P3_Laplace_prior,R1,rolling_evaluation,P1_valid_cache_endpoints,KR7002550002_t,1219,1.0741488019512633,0.4741591468416735,0.2144314598404748,0.0,0.6497812118502461,1.0741488019512633,297,578,344,0.0,a5000,prior_R1
prior_per_asset,0,train_P3_Laplace_prior,R1,rolling_evaluation,P1_valid_cache_endpoints,KR7002790004_t,1213,0.9864868930228892,0.6290189612530915,0.2574224021592442,0.0,0.5876246013414171,0.9864868930228888,239,763,211,0.0,a5000,prior_R1
prior_per_asset,0,train_P3_Laplace_prior,R1,rolling_evaluation,P1_valid_cache_endpoints,KR7003550001_t,1221,1.0990363548486215,0.3112203112203112,0.1582344368103268,0.0,0.666951194055727,1.0990363548486213,380,462,379,0.0,a5000,prior_R1
prior_per_asset,0,train_P3_Laplace_prior,R1,rolling_evaluation,P1_valid_cache_endpoints,KR7004020004_t,1221,1.0935319828418155,0.4086814086814087,0.1934108527131782,0.0,0.6633225580609338,1.0935319828418155,377,499,345,0.0,a5000,prior_R1
prior_per_asset,0,train_P3_Laplace_prior,R1,rolling_evaluation,P1_valid_cache_endpoints,KR7004170007_t,1221,1.006374635143556,0.5577395577395577,0.2386961093585699,0.0,0.6010365503795191,1.006374635143556,270,681,270,1.1102230246251563e-16,a5000,prior_R1
prior_per_asset,0,train_P3_Laplace_prior,R1,rolling_evaluation,P1_valid_cache_endpoints,KR7005300009_t,915,1.1862685987570092,0.380327868852459,0.1836896278701504,0.0,0.7051422074969369,1.186268598757009,348,278,289,0.0,a5000,prior_R1
prior_per_asset,0,train_P3_Laplace_prior,R1,rolling_evaluation,P1_valid_cache_endpoints,KR7005380001_t,1221,0.7858844970270578,0.7264537264537264,0.2805186590765338,0.0,0.4409271109089579,0.7858844970270578,153,887,181,1.1102230246251563e-16,a5000,prior_R1
prior_per_asset,0,train_P3_Laplace_prior,R1,rolling_evaluation,P1_valid_cache_endpoints,KR7005440003_t,1215,1.005879724095312,0.5720164609053497,0.2425828970331588,0.0,0.6011302109917185,1.005879724095312,269,695,251,0.0,a5000,prior_R1
prior_per_asset,0,train_P3_Laplace_prior,R1,rolling_evaluation,P1_valid_cache_endpoints,KR7005490008_t,1221,1.0716283977276837,0.4586404586404586,0.2096200636346622,0.0,0.648139287440464,1.0716283977276837,323,560,338,0.0,a5000,prior_R1
prior_per_asset,0,train_P3_Laplace_prior,R1,rolling_evaluation,P1_valid_cache_endpoints,KR7005830005_t,1217,1.0998850250449352,0.2629416598192276,0.138798525265669,0.0,0.667514862063514,1.0998850250449352,320,583,314,0.0,a5000,prior_R1
prior_per_asset,0,train_P3_Laplace_prior,R1,rolling_evaluation,P1_valid_cache_endpoints,KR7005930003_t,1221,1.0752468222170422,0.3603603603603603,0.1766004415011037,0.0,0.6519598510417662,1.0752468222170422,440,284,497,0.0,a5000,prior_R1
prior_per_asset,0,train_P3_Laplace_prior,R1,rolling_evaluation,P1_valid_cache_endpoints,KR7006400006_t,1221,0.8399507187059473,0.7313677313677314,0.28161463260801,0.0,0.479857388622545,0.8399507187059473,164,893,164,0.0,a5000,prior_R1
prior_per_asset,0,train_P3_Laplace_prior,R1,rolling_evaluation,P1_valid_cache_endpoints,KR7006800007_t,1221,1.1304708371416092,0.2604422604422604,0.1377517868745938,0.0,0.688629459307698,1.130470837141609,464,318,439,0.0,a5000,prior_R1
prior_per_asset,0,train_P3_Laplace_prior,R1,rolling_evaluation,P1_valid_cache_endpoints,KR7007070006_t,1217,1.1109940303664478,0.2925225965488907,0.1508794236066963,0.0,0.6749085771438667,1.110994030366448,356,513,348,0.0,a5000,prior_R1
prior_per_asset,0,train_P3_Laplace_prior,R1,rolling_evaluation,P1_valid_cache_endpoints,KR7008770000_t,1217,1.1425450878868753,0.2801972062448644,0.1459135643988018,0.0,0.6974534674886217,1.1425450878868757,438,341,438,0.0,a5000,prior_R1
prior_per_asset,0,train_P3_Laplace_prior,R1,rolling_evaluation,P1_valid_cache_endpoints,KR7009150004_t,1221,1.0890364887506268,0.4021294021294021,0.1911993769470404,0.0,0.6600354482686575,1.0890364887506268,364,491,366,0.0,a5000,prior_R1
prior_per_asset,0,train_P3_Laplace_prior,R1,rolling_evaluation,P2_candidate_clock,KR7000030007_t,1089,0.8602706503641335,0.7456382001836547,0.2847624057513589,0.0,0.4954291276062214,0.8602706503641335,142,812,135,0.0,a5000,prior_R1
prior_per_asset,0,train_P3_Laplace_prior,R1,rolling_evaluation,P2_candidate_clock,KR7000100008_t,1089,1.0652245177601634,0.5041322314049587,0.2234432234432234,0.0,0.6436918324466495,1.0652245177601634,270,549,270,0.0,a5000,prior_R1
prior_per_asset,0,train_P3_Laplace_prior,R1,rolling_evaluation,P2_candidate_clock,KR7000120006_t,1089,0.9379353236122244,0.6565656565656566,0.2642276422764227,0.0,0.5518378345884042,0.9379353236122244,194,715,180,0.0,a5000,prior_R1
prior_per_asset,0,train_P3_Laplace_prior,R1,rolling_evaluation,P2_candidate_clock,KR7000150003_t,1089,1.0261792888289156,0.5307621671258035,0.2311537692461507,0.0,0.6158282517607098,1.0261792888289156,283,578,228,0.0,a5000,prior_R1
prior_per_asset,0,train_P3_Laplace_prior,R1,rolling_evaluation,P2_candidate_clock,KR7000270009_t,1089,1.0667166142607067,0.527089072543618,0.2301062337141712,0.0,0.6449157295173426,1.0667166142607063,269,574,246,0.0,a5000,prior_R1
prior_per_asset,0,train_P3_Laplace_prior,R1,rolling_evaluation,P2_candidate_clock,KR7000660001_t,1089,1.1055641501808178,0.2846648301193756,0.1477245651655944,0.0,0.6713437089734524,1.1055641501808178,388,310,391,0.0,a5000,prior_R1
prior_per_asset,0,train_P3_Laplace_prior,R1,rolling_evaluation,P2_candidate_clock,KR7000720003_t,1089,1.1015328826193498,0.3296602387511478,0.1652854511970534,0.0,0.6685787137336707,1.1015328826193498,359,339,391,0.0,a5000,prior_R1
prior_per_asset,0,train_P3_Laplace_prior,R1,rolling_evaluation,P2_candidate_clock,KR7000810002_t,1089,1.007686555886795,0.5785123966942148,0.2443280977312391,0.0,0.6024699794315767,1.007686555886795,228,630,231,0.0,a5000,prior_R1
prior_per_asset,0,train_P3_Laplace_prior,R1,rolling_evaluation,P2_candidate_clock,KR7001040005_t,1089,1.0613908034263198,0.5785123966942148,0.2443280977312391,0.0,0.6414297866663997,1.0613908034263195,247,630,212,0.0,a5000,prior_R1
prior_per_asset,0,train_P3_Laplace_prior,R1,rolling_evaluation,P2_candidate_clock,KR7001450006_t,1089,1.0868783733837866,0.4701561065197429,0.2132000832812825,0.0,0.6587152680047755,1.0868783733837868,273,512,304,0.0,a5000,prior_R1
prior_per_asset,0,train_P3_Laplace_prior,R1,rolling_evaluation,P2_candidate_clock,KR7002380004_t,1089,1.116044707098534,0.2516069788797062,0.1340180973343115,0.0,0.6781479542368307,1.116044707098534,274,508,307,0.0,a5000,prior_R1
prior_per_asset,0,train_P3_Laplace_prior,R1,rolling_evaluation,P2_candidate_clock,KR7002550002_t,1089,1.0717615532305484,0.4848484848484848,0.217687074829932,0.0,0.6481396526008273,1.071761553230549,260,528,301,0.0,a5000,prior_R1
prior_per_asset,0,train_P3_Laplace_prior,R1,rolling_evaluation,P2_candidate_clock,KR7002790004_t,1089,0.9873151256113004,0.6271808999081726,0.2569601203912716,0.0,0.5882140835883888,0.9873151256113004,216,683,190,0.0,a5000,prior_R1
prior_per_asset,0,train_P3_Laplace_prior,R1,rolling_evaluation,P2_candidate_clock,KR7003550001_t,1089,1.0991123068993829,0.3067033976124885,0.1564769266807215,0.0,0.667002166293153,1.099112306899383,334,422,333,0.0,a5000,prior_R1
prior_per_asset,0,train_P3_Laplace_prior,R1,rolling_evaluation,P2_candidate_clock,KR7004020004_t,1089,1.0929909579808603,0.4224058769513314,0.1979771895846782,0.0,0.6629643548319171,1.0929909579808603,325,460,304,0.0,a5000,prior_R1
prior_per_asset,0,train_P3_Laplace_prior,R1,rolling_evaluation,P2_candidate_clock,KR7004170007_t,1089,0.9990847153799564,0.5702479338842975,0.2421052631578947,0.0,0.595760337035124,0.9990847153799564,231,621,237,1.1102230246251563e-16,a5000,prior_R1
prior_per_asset,0,train_P3_Laplace_prior,R1,rolling_evaluation,P2_candidate_clock,KR7005300009_t,1089,1.2929853146896135,0.3314967860422406,0.1659770114942528,0.0,0.7602350445735659,1.2929853146896138,361,432,296,0.0,a5000,prior_R1
prior_per_asset,0,train_P3_Laplace_prior,R1,rolling_evaluation,P2_candidate_clock,KR7005380001_t,1089,0.7735222242712206,0.7355371900826446,0.2825396825396825,0.0,0.4319667527843652,0.7735222242712206,127,801,161,1.1102230246251563e-16,a5000,prior_R1
prior_per_asset,0,train_P3_Laplace_prior,R1,rolling_evaluation,P2_candidate_clock,KR7005440003_t,1089,1.004287770297532,0.5748393021120294,0.2433430515063167,0.0,0.600019201119656,1.004287770297532,241,626,222,0.0,a5000,prior_R1
prior_per_asset,0,train_P3_Laplace_prior,R1,rolling_evaluation,P2_candidate_clock,KR7005490008_t,1089,1.0664206646423564,0.465564738292011,0.2117794486215538,0.0,0.6443555107243927,1.0664206646423564,286,507,296,0.0,a5000,prior_R1
prior_per_asset,0,train_P3_Laplace_prior,R1,rolling_evaluation,P2_candidate_clock,KR7005830005_t,1089,1.100048214271409,0.2497704315886134,0.1332353661523389,0.0,0.6676237757861937,1.100048214271409,272,533,284,0.0,a5000,prior_R1
prior_per_asset,0,train_P3_Laplace_prior,R1,rolling_evaluation,P2_candidate_clock,KR7005930003_t,1089,1.0791727100209532,0.3608815426997245,0.1767881241565452,0.0,0.6543836008339371,1.0791727100209532,393,264,432,0.0,a5000,prior_R1
prior_per_asset,0,train_P3_Laplace_prior,R1,rolling_evaluation,P2_candidate_clock,KR7006400006_t,1089,0.8290777259266064,0.743801652892562,0.2843601895734597,0.0,0.4719242603967064,0.8290777259266064,138,810,141,0.0,a5000,prior_R1
prior_per_asset,0,train_P3_Laplace_prior,R1,rolling_evaluation,P2_candidate_clock,KR7006800007_t,1089,1.1313516444367784,0.2598714416896235,0.1375121477162293,0.0,0.689171174315086,1.1313516444367784,409,283,397,0.0,a5000,prior_R1
prior_per_asset,0,train_P3_Laplace_prior,R1,rolling_evaluation,P2_candidate_clock,KR7007070006_t,1089,1.1102985646189991,0.2975206611570248,0.1528662420382165,0.0,0.6744338913023774,1.1102985646189991,324,457,308,0.0,a5000,prior_R1
prior_per_asset,0,train_P3_Laplace_prior,R1,rolling_evaluation,P2_candidate_clock,KR7008770000_t,1089,1.1409307553850527,0.2837465564738292,0.1473533619456366,0.0,0.696338093041259,1.140930755385053,391,309,389,0.0,a5000,prior_R1
prior_per_asset,0,train_P3_Laplace_prior,R1,rolling_evaluation,P2_candidate_clock,KR7009150004_t,1089,1.0899486722794829,0.3994490358126721,0.1902887139107611,0.0,0.6606505070249371,1.0899486722794829,324,435,330,0.0,a5000,prior_R1
prior_per_asset,0,train_P3_Laplace_prior,R1,rolling_evaluation,P3_intersection,KR7000030007_t,1089,0.8602706503641335,0.7456382001836547,0.2847624057513589,0.0,0.4954291276062214,0.8602706503641335,142,812,135,0.0,a5000,prior_R1
prior_per_asset,0,train_P3_Laplace_prior,R1,rolling_evaluation,P3_intersection,KR7000100008_t,1083,1.0652613357064271,0.5041551246537396,0.2234499693063228,0.0,0.6437139576208453,1.0652613357064271,268,546,269,0.0,a5000,prior_R1
prior_per_asset,0,train_P3_Laplace_prior,R1,rolling_evaluation,P3_intersection,KR7000120006_t,1066,0.939129289748812,0.6547842401500938,0.2637944066515495,0.0,0.5526892213192446,0.939129289748812,190,698,178,0.0,a5000,prior_R1
prior_per_asset,0,train_P3_Laplace_prior,R1,rolling_evaluation,P3_intersection,KR7000150003_t,1076,1.0277565947328142,0.5278810408921933,0.2303325223033252,0.0,0.6169337085496605,1.0277565947328142,280,568,228,0.0,a5000,prior_R1
prior_per_asset,0,train_P3_Laplace_prior,R1,rolling_evaluation,P3_intersection,KR7000270009_t,1089,1.0667166142607067,0.527089072543618,0.2301062337141712,0.0,0.6449157295173426,1.0667166142607063,269,574,246,0.0,a5000,prior_R1
prior_per_asset,0,train_P3_Laplace_prior,R1,rolling_evaluation,P3_intersection,KR7000660001_t,1089,1.1055641501808178,0.2846648301193756,0.1477245651655944,0.0,0.6713437089734524,1.1055641501808178,388,310,391,0.0,a5000,prior_R1
prior_per_asset,0,train_P3_Laplace_prior,R1,rolling_evaluation,P3_intersection,KR7000720003_t,1089,1.1015328826193498,0.3296602387511478,0.1652854511970534,0.0,0.6685787137336707,1.1015328826193498,359,339,391,0.0,a5000,prior_R1
prior_per_asset,0,train_P3_Laplace_prior,R1,rolling_evaluation,P3_intersection,KR7000810002_t,1086,1.0073312989606005,0.5791896869244936,0.2445092322643343,0.0,0.6022225440917996,1.0073312989606005,226,629,231,0.0,a5000,prior_R1
prior_per_asset,0,train_P3_Laplace_prior,R1,rolling_evaluation,P3_intersection,KR7001040005_t,1088,1.0613450434854652,0.5790441176470589,0.2444703143189755,0.0,0.6413967623790942,1.0613450434854652,246,630,212,0.0,a5000,prior_R1
prior_per_asset,0,train_P3_Laplace_prior,R1,rolling_evaluation,P3_intersection,KR7001450006_t,1089,1.0868783733837866,0.4701561065197429,0.2132000832812825,0.0,0.6587152680047755,1.0868783733837868,273,512,304,0.0,a5000,prior_R1
prior_per_asset,0,train_P3_Laplace_prior,R1,rolling_evaluation,P3_intersection,KR7002380004_t,1066,1.1154844665392931,0.2542213883677298,0.1351283969085016,0.0,0.6777799379481398,1.1154844665392931,271,492,303,0.0,a5000,prior_R1
prior_per_asset,0,train_P3_Laplace_prior,R1,rolling_evaluation,P3_intersection,KR7002550002_t,1088,1.0716863232364968,0.4852941176470588,0.2178217821782178,0.0,0.6480861761017314,1.0716863232364968,259,528,301,0.0,a5000,prior_R1
prior_per_asset,0,train_P3_Laplace_prior,R1,rolling_evaluation,P3_intersection,KR7002790004_t,1081,0.9873264336848158,0.6271970397779834,0.2569641841955656,0.0,0.5882192687471559,0.9873264336848158,214,678,189,0.0,a5000,prior_R1
prior_per_asset,0,train_P3_Laplace_prior,R1,rolling_evaluation,P3_intersection,KR7003550001_t,1089,1.0991123068993829,0.3067033976124885,0.1564769266807215,0.0,0.667002166293153,1.099112306899383,334,422,333,0.0,a5000,prior_R1
prior_per_asset,0,train_P3_Laplace_prior,R1,rolling_evaluation,P3_intersection,KR7004020004_t,1089,1.0929909579808603,0.4224058769513314,0.1979771895846782,0.0,0.6629643548319171,1.0929909579808603,325,460,304,0.0,a5000,prior_R1
prior_per_asset,0,train_P3_Laplace_prior,R1,rolling_evaluation,P3_intersection,KR7004170007_t,1089,0.9990847153799564,0.5702479338842975,0.2421052631578947,0.0,0.595760337035124,0.9990847153799564,231,621,237,1.1102230246251563e-16,a5000,prior_R1
prior_per_asset,0,train_P3_Laplace_prior,R1,rolling_evaluation,P3_intersection,KR7005300009_t,802,1.1902387384323911,0.3827930174563591,0.1845506462278329,0.0,0.7069145344319301,1.1902387384323911,307,247,248,0.0,a5000,prior_R1
prior_per_asset,0,train_P3_Laplace_prior,R1,rolling_evaluation,P3_intersection,KR7005380001_t,1089,0.7735222242712206,0.7355371900826446,0.2825396825396825,0.0,0.4319667527843652,0.7735222242712206,127,801,161,1.1102230246251563e-16,a5000,prior_R1
prior_per_asset,0,train_P3_Laplace_prior,R1,rolling_evaluation,P3_intersection,KR7005440003_t,1084,1.0042580545891484,0.5747232472324724,0.2433118531536809,0.0,0.6000132053787037,1.0042580545891484,241,623,220,0.0,a5000,prior_R1
prior_per_asset,0,train_P3_Laplace_prior,R1,rolling_evaluation,P3_intersection,KR7005490008_t,1089,1.0664206646423564,0.465564738292011,0.2117794486215538,0.0,0.6443555107243927,1.0664206646423564,286,507,296,0.0,a5000,prior_R1
prior_per_asset,0,train_P3_Laplace_prior,R1,rolling_evaluation,P3_intersection,KR7005830005_t,1085,1.1000358058066606,0.2506912442396313,0.1336281012036354,0.0,0.6676154975071145,1.1000358058066606,272,530,283,0.0,a5000,prior_R1
prior_per_asset,0,train_P3_Laplace_prior,R1,rolling_evaluation,P3_intersection,KR7005930003_t,1089,1.0791727100209532,0.3608815426997245,0.1767881241565452,0.0,0.6543836008339371,1.0791727100209532,393,264,432,0.0,a5000,prior_R1
prior_per_asset,0,train_P3_Laplace_prior,R1,rolling_evaluation,P3_intersection,KR7006400006_t,1089,0.8290777259266064,0.743801652892562,0.2843601895734597,0.0,0.4719242603967064,0.8290777259266064,138,810,141,0.0,a5000,prior_R1
prior_per_asset,0,train_P3_Laplace_prior,R1,rolling_evaluation,P3_intersection,KR7006800007_t,1089,1.1313516444367784,0.2598714416896235,0.1375121477162293,0.0,0.689171174315086,1.1313516444367784,409,283,397,0.0,a5000,prior_R1
prior_per_asset,0,train_P3_Laplace_prior,R1,rolling_evaluation,P3_intersection,KR7007070006_t,1085,1.1101011389308062,0.2986175115207373,0.1533002129169624,0.0,0.6743013420234282,1.110101138930806,324,454,307,0.0,a5000,prior_R1
prior_per_asset,0,train_P3_Laplace_prior,R1,rolling_evaluation,P3_intersection,KR7008770000_t,1085,1.141264337421209,0.2829493087557603,0.1470306513409961,0.0,0.6965721454705712,1.1412643374212093,390,307,388,0.0,a5000,prior_R1
prior_per_asset,0,train_P3_Laplace_prior,R1,rolling_evaluation,P3_intersection,KR7009150004_t,1089,1.0899486722794829,0.3994490358126721,0.1902887139107611,0.0,0.6606505070249371,1.0899486722794829,324,435,330,0.0,a5000,prior_R1
prior_per_asset,0,train_P3_Laplace_prior,R1,validation,P0_legacy,KR7000030007_t,1862,0.8238009258619683,0.7964554242749732,0.2955655206776282,0.0,0.4689359509024948,0.8238009258619684,181,1483,198,0.0,a5000,prior_R1
prior_per_asset,0,train_P3_Laplace_prior,R1,validation,P0_legacy,KR7000100008_t,1862,1.038159446852817,0.6149301825993555,0.2538521228245206,0.0,0.6251487533151816,1.0381594468528172,376,1145,341,0.0,a5000,prior_R1
prior_per_asset,0,train_P3_Laplace_prior,R1,validation,P0_legacy,KR7000120006_t,1862,0.95570450890804,0.6278195488721805,0.2571208622016936,0.0,0.5648117389883417,0.9557045089080398,398,1169,295,0.0,a5000,prior_R1
prior_per_asset,0,train_P3_Laplace_prior,R1,validation,P0_legacy,KR7000150003_t,1862,0.9210356677553764,0.738453276047261,0.2831840181237772,0.0,0.5407986834108638,0.9210356677553764,252,1375,235,0.0,a5000,prior_R1
prior_per_asset,0,train_P3_Laplace_prior,R1,validation,P0_legacy,KR7000270009_t,1862,1.06591212468016,0.5381310418904404,0.2332402234636871,0.0,0.6442961359568473,1.06591212468016,419,1002,441,0.0,a5000,prior_R1
prior_per_asset,0,train_P3_Laplace_prior,R1,validation,P0_legacy,KR7000660001_t,1862,1.0964834178697649,0.3646616541353383,0.1781450872359963,0.0,0.6652326460260949,1.0964834178697649,603,679,580,0.0,a5000,prior_R1
prior_per_asset,0,train_P3_Laplace_prior,R1,validation,P0_legacy,KR7000720003_t,1862,1.102469078485747,0.3469387755102041,0.1717171717171717,0.0,0.6690501527228448,1.102469078485747,646,597,619,0.0,a5000,prior_R1
prior_per_asset,0,train_P3_Laplace_prior,R1,validation,P0_legacy,KR7000810002_t,1862,1.0337769346857006,0.5247046186895811,0.2294235059293178,0.0,0.6209479893688608,1.0337769346857009,454,977,431,0.0,a5000,prior_R1
prior_per_asset,0,train_P3_Laplace_prior,R1,validation,P0_legacy,KR7001040005_t,1862,1.0709036414220348,0.5263157894736842,0.2298850574712644,0.0,0.6478344460296559,1.0709036414220348,447,980,435,0.0,a5000,prior_R1
prior_per_asset,0,train_P3_Laplace_prior,R1,validation,P0_legacy,KR7001450006_t,1862,1.0889202295775036,0.4387755102040816,0.2033096926713948,0.0,0.6601300406879218,1.0889202295775036,531,817,514,0.0,a5000,prior_R1
prior_per_asset,0,train_P3_Laplace_prior,R1,validation,P0_legacy,KR7002380004_t,1862,1.1155110848923038,0.2771213748657358,0.144659377628259,0.0,0.6777329398127977,1.1155110848923038,516,891,455,0.0,a5000,prior_R1
prior_per_asset,0,train_P3_Laplace_prior,R1,validation,P0_legacy,KR7002550002_t,1862,1.0533507373505218,0.5585392051557465,0.2389156903285091,0.0,0.635620073762023,1.0533507373505215,456,1040,366,0.0,a5000,prior_R1
prior_per_asset,0,train_P3_Laplace_prior,R1,validation,P0_legacy,KR7002790004_t,1862,1.012242481526176,0.5735767991407089,0.2430034129692833,0.0,0.605836599644645,1.0122424815261757,412,1068,382,0.0,a5000,prior_R1
prior_per_asset,0,train_P3_Laplace_prior,R1,validation,P0_legacy,KR7003550001_t,1862,1.100451484933714,0.2330827067669172,0.1260162601626016,0.0,0.6678999631039232,1.100451484933714,434,940,488,0.0,a5000,prior_R1
prior_per_asset,0,train_P3_Laplace_prior,R1,validation,P0_legacy,KR7004020004_t,1862,1.0954853175800228,0.3952738990332975,0.1888632281241981,0.0,0.6645997933147513,1.0954853175800223,571,736,555,0.0,a5000,prior_R1
prior_per_asset,0,train_P3_Laplace_prior,R1,validation,P0_legacy,KR7004170007_t,1862,0.9508007409505366,0.6460794844253491,0.2616639477977162,0.0,0.5616425307129429,0.9508007409505368,360,1203,299,1.1102230246251563e-16,a5000,prior_R1
prior_per_asset,0,train_P3_Laplace_prior,R1,validation,P0_legacy,KR7005300009_t,1862,1.2397415981777802,0.3447905477980666,0.170926517571885,0.0,0.7334646107342636,1.2397415981777802,642,649,571,0.0,a5000,prior_R1
prior_per_asset,0,train_P3_Laplace_prior,R1,validation,P0_legacy,KR7005380001_t,1862,0.758987889414066,0.7459720730397422,0.284835435250692,0.0,0.4215612342027285,0.7589878894140659,226,1389,247,1.1102230246251563e-16,a5000,prior_R1
prior_per_asset,0,train_P3_Laplace_prior,R1,validation,P0_legacy,KR7005440003_t,1862,0.9442812275021832,0.692266380236305,0.2727176557706548,0.0,0.5571780830062926,0.944281227502183,281,1289,292,0.0,a5000,prior_R1
prior_per_asset,0,train_P3_Laplace_prior,R1,validation,P0_legacy,KR7005490008_t,1862,1.0491448319386696,0.4892588614393126,0.2190167087390311,0.0,0.6316708148668837,1.0491448319386696,502,911,449,0.0,a5000,prior_R1
prior_per_asset,0,train_P3_Laplace_prior,R1,validation,P0_legacy,KR7005830005_t,1862,1.0994311149433198,0.2921589688506982,0.1507342754225547,0.0,0.667212215435098,1.0994311149433198,544,809,509,0.0,a5000,prior_R1
prior_per_asset,0,train_P3_Laplace_prior,R1,validation,P0_legacy,KR7005930003_t,1862,1.0932473270336769,0.3539205155746509,0.1742694697871215,0.0,0.66307293475364,1.0932473270336769,659,517,686,0.0,a5000,prior_R1
prior_per_asset,0,train_P3_Laplace_prior,R1,validation,P0_legacy,KR7006400006_t,1862,0.9297014731078748,0.6321160042964554,0.2581989689590874,0.0,0.5445189501578699,0.929701473107875,312,1177,373,0.0,a5000,prior_R1
prior_per_asset,0,train_P3_Laplace_prior,R1,validation,P0_legacy,KR7006800007_t,1862,1.0993857992169114,0.3732545649838883,0.1812019293442836,0.0,0.6669891326264782,1.0993857992169114,573,695,594,0.0,a5000,prior_R1
prior_per_asset,0,train_P3_Laplace_prior,R1,validation,P0_legacy,KR7007070006_t,1862,1.1087859851846211,0.2943071965628356,0.1515905947441217,0.0,0.6734978262730931,1.108785985184621,548,718,596,0.0,a5000,prior_R1
prior_per_asset,0,train_P3_Laplace_prior,R1,validation,P0_legacy,KR7008770000_t,1862,1.0796946320021072,0.4215896885069817,0.1977080972169752,0.0,0.6538492705262622,1.0796946320021077,587,785,490,0.0,a5000,prior_R1
prior_per_asset,0,train_P3_Laplace_prior,R1,validation,P0_legacy,KR7009150004_t,1862,1.0716536288650014,0.4645542427497314,0.2114655910035447,0.0,0.6480394175535804,1.0716536288650018,502,865,495,0.0,a5000,prior_R1
prior_per_asset,0,train_P3_Laplace_prior,R1,validation,P1_valid_cache_endpoints,KR7000030007_t,1805,0.8285222885393108,0.7900277008310249,0.2942329516145672,0.0,0.4723401298037515,0.828522288539311,181,1426,198,0.0,a5000,prior_R1
prior_per_asset,0,train_P3_Laplace_prior,R1,validation,P1_valid_cache_endpoints,KR7000100008_t,1783,1.0408814364912773,0.6034772854739203,0.2509035793400956,0.0,0.6270191987492975,1.0408814364912773,370,1076,337,0.0,a5000,prior_R1
prior_per_asset,0,train_P3_Laplace_prior,R1,validation,P1_valid_cache_endpoints,KR7000120006_t,1791,0.963450796732144,0.615857063093244,0.2540889196037779,0.0,0.5703903587774868,0.9634507967321438,395,1103,293,0.0,a5000,prior_R1
prior_per_asset,0,train_P3_Laplace_prior,R1,validation,P1_valid_cache_endpoints,KR7000150003_t,1791,0.9252083289989742,0.7303182579564489,0.2813810906744111,0.0,0.5437670667874234,0.925208328998974,250,1308,233,0.0,a5000,prior_R1
prior_per_asset,0,train_P3_Laplace_prior,R1,validation,P1_valid_cache_endpoints,KR7000270009_t,1807,1.0684865502399403,0.5240730492529053,0.2292423142096344,0.0,0.6460536965843777,1.0684865502399403,419,947,441,0.0,a5000,prior_R1
prior_per_asset,0,train_P3_Laplace_prior,R1,validation,P1_valid_cache_endpoints,KR7000660001_t,1807,1.0984696227591828,0.3458771444382955,0.1713267543859649,0.0,0.6665737844395103,1.0984696227591828,603,625,579,0.0,a5000,prior_R1
prior_per_asset,0,train_P3_Laplace_prior,R1,validation,P1_valid_cache_endpoints,KR7000720003_t,1807,1.0970979101543843,0.3574986164914222,0.1755673325180051,0.0,0.6656274816193076,1.0970979101543843,646,542,619,0.0,a5000,prior_R1
prior_per_asset,0,train_P3_Laplace_prior,R1,validation,P1_valid_cache_endpoints,KR7000810002_t,1807,1.0407318914308794,0.5102379634753735,0.2252351288628313,0.0,0.6258829646046321,1.0407318914308796,454,922,431,0.0,a5000,prior_R1
prior_per_asset,0,train_P3_Laplace_prior,R1,validation,P1_valid_cache_endpoints,KR7001040005_t,1801,1.0731752415321034,0.5119378123264853,0.2257314236748684,0.0,0.6493789445008901,1.0731752415321036,446,922,433,0.0,a5000,prior_R1
prior_per_asset,0,train_P3_Laplace_prior,R1,validation,P1_valid_cache_endpoints,KR7001450006_t,1805,1.0906748298687248,0.421606648199446,0.1977136918680176,0.0,0.661314051142081,1.0906748298687248,531,761,513,0.0,a5000,prior_R1
prior_per_asset,0,train_P3_Laplace_prior,R1,validation,P1_valid_cache_endpoints,KR7002380004_t,1803,1.1136656585045768,0.2861896838602329,0.1483398016386373,0.0,0.6765194196754124,1.1136656585045768,516,834,453,0.0,a5000,prior_R1
prior_per_asset,0,train_P3_Laplace_prior,R1,validation,P1_valid_cache_endpoints,KR7002550002_t,1801,1.0563459355134062,0.5446973903387007,0.2350826743350107,0.0,0.6376865860815398,1.0563459355134062,456,981,364,0.0,a5000,prior_R1
prior_per_asset,0,train_P3_Laplace_prior,R1,validation,P1_valid_cache_endpoints,KR7002790004_t,1805,1.0182011700932303,0.5606648199445984,0.2394982842267187,0.0,0.6100559519207985,1.0182011700932303,411,1012,382,0.0,a5000,prior_R1
prior_per_asset,0,train_P3_Laplace_prior,R1,validation,P1_valid_cache_endpoints,KR7003550001_t,1807,1.100334525860056,0.2401770890979524,0.1291090287074222,0.0,0.6678214489510905,1.100334525860056,434,885,488,0.0,a5000,prior_R1
prior_per_asset,0,train_P3_Laplace_prior,R1,validation,P1_valid_cache_endpoints,KR7004020004_t,1807,1.096738328244736,0.3768677365799668,0.182475884244373,0.0,0.6654234546358485,1.096738328244736,571,681,555,0.0,a5000,prior_R1
prior_per_asset,0,train_P3_Laplace_prior,R1,validation,P1_valid_cache_endpoints,KR7004170007_t,1780,0.9587055046724388,0.6331460674157303,0.2584565990138746,0.0,0.567289354684992,0.958705504672439,355,1127,298,1.1102230246251563e-16,a5000,prior_R1
prior_per_asset,0,train_P3_Laplace_prior,R1,validation,P1_valid_cache_endpoints,KR7005300009_t,1506,1.1458258609069991,0.3884462151394422,0.1865136298421807,0.0,0.6849361545352234,1.1458258609069991,585,402,519,0.0,a5000,prior_R1
prior_per_asset,0,train_P3_Laplace_prior,R1,validation,P1_valid_cache_endpoints,KR7005380001_t,1807,0.7695943032962892,0.738240177089098,0.2831370052000425,0.0,0.4292164807108943,0.7695943032962892,226,1334,247,1.1102230246251563e-16,a5000,prior_R1
prior_per_asset,0,train_P3_Laplace_prior,R1,validation,P1_valid_cache_endpoints,KR7005440003_t,1737,0.9528821921028028,0.6758779504893494,0.2688652238635062,0.0,0.5632799738381479,0.9528821921028028,275,1174,288,0.0,a5000,prior_R1
prior_per_asset,0,train_P3_Laplace_prior,R1,validation,P1_valid_cache_endpoints,KR7005490008_t,1807,1.0609943163410092,0.4737133370226895,0.2142946551508323,0.0,0.6402418616679458,1.0609943163410092,502,856,449,0.0,a5000,prior_R1
prior_per_asset,0,train_P3_Laplace_prior,R1,validation,P1_valid_cache_endpoints,KR7005830005_t,1797,1.099285394734558,0.2999443516972732,0.153824200913242,0.0,0.6671151195240429,1.099285394734558,539,749,509,0.0,a5000,prior_R1
prior_per_asset,0,train_P3_Laplace_prior,R1,validation,P1_valid_cache_endpoints,KR7005930003_t,1807,1.0846858630147225,0.3646928610957388,0.1781562584482292,0.0,0.6577872904171042,1.0846858630147227,659,463,685,0.0,a5000,prior_R1
prior_per_asset,0,train_P3_Laplace_prior,R1,validation,P1_valid_cache_endpoints,KR7006400006_t,1807,0.9396810964688946,0.6209186496956282,0.2553772618641174,0.0,0.5517480317228458,0.9396810964688947,312,1122,373,0.0,a5000,prior_R1
prior_per_asset,0,train_P3_Laplace_prior,R1,validation,P1_valid_cache_endpoints,KR7006800007_t,1797,1.105359556454769,0.3533667223149694,0.1740679824561403,0.0,0.6710990825257589,1.1053595564547685,570,635,592,0.0,a5000,prior_R1
prior_per_asset,0,train_P3_Laplace_prior,R1,validation,P1_valid_cache_endpoints,KR7007070006_t,1796,1.1064104367158003,0.30456570155902,0.1556409162042965,0.0,0.6719230177688407,1.1064104367158003,547,655,594,0.0,a5000,prior_R1
prior_per_asset,0,train_P3_Laplace_prior,R1,validation,P1_valid_cache_endpoints,KR7008770000_t,1805,1.0870403376456643,0.4038781163434903,0.191791633780584,0.0,0.6590119814794528,1.0870403376456643,586,729,490,0.0,a5000,prior_R1
prior_per_asset,0,train_P3_Laplace_prior,R1,validation,P1_valid_cache_endpoints,KR7009150004_t,1807,1.0761224290792932,0.448256779192031,0.2063431410011463,0.0,0.6511294135689039,1.0761224290792937,502,810,495,0.0,a5000,prior_R1
prior_per_asset,0,train_P3_Laplace_prior,R1,validation,P2_candidate_clock,KR7000030007_t,1617,0.8211496991717399,0.8002473716759431,0.2963471888240009,0.0,0.4669934138253084,0.8211496991717401,152,1294,171,0.0,a5000,prior_R1
prior_per_asset,0,train_P3_Laplace_prior,R1,validation,P2_candidate_clock,KR7000100008_t,1617,1.0406457888452545,0.6048237476808905,0.2512524084778419,0.0,0.6268509330654503,1.0406457888452545,333,978,306,0.0,a5000,prior_R1
prior_per_asset,0,train_P3_Laplace_prior,R1,validation,P2_candidate_clock,KR7000120006_t,1617,0.959459804403818,0.6221397649969078,0.2556868725378066,0.0,0.5674999681682863,0.9594598044038178,348,1006,263,0.0,a5000,prior_R1
prior_per_asset,0,train_P3_Laplace_prior,R1,validation,P2_candidate_clock,KR7000150003_t,1617,0.920179348452075,0.7402597402597403,0.2835820895522388,0.0,0.5401777711086865,0.9201793484520752,216,1197,204,0.0,a5000,prior_R1
prior_per_asset,0,train_P3_Laplace_prior,R1,validation,P2_candidate_clock,KR7000270009_t,1617,1.065296160858478,0.5411255411255411,0.2340823970037453,0.0,0.6438795232181054,1.065296160858478,363,875,379,0.0,a5000,prior_R1
prior_per_asset,0,train_P3_Laplace_prior,R1,validation,P2_candidate_clock,KR7000660001_t,1617,1.0974390211019618,0.3531230674087817,0.1739792809262644,0.0,0.6658866035242721,1.097439021101962,540,571,506,0.0,a5000,prior_R1
prior_per_asset,0,train_P3_Laplace_prior,R1,validation,P2_candidate_clock,KR7000720003_t,1617,1.0988967332428503,0.3555967841682127,0.1748783454987834,0.0,0.6667630471881486,1.0988967332428503,575,497,545,0.0,a5000,prior_R1
prior_per_asset,0,train_P3_Laplace_prior,R1,validation,P2_candidate_clock,KR7000810002_t,1617,1.0360295088513631,0.5200989486703772,0.2280987252508814,0.0,0.622540324475309,1.0360295088513631,400,841,376,0.0,a5000,prior_R1
prior_per_asset,0,train_P3_Laplace_prior,R1,validation,P2_candidate_clock,KR7001040005_t,1617,1.0721609430707848,0.5170068027210885,0.2272047832585949,0.0,0.6486999724838618,1.0721609430707848,400,836,381,0.0,a5000,prior_R1
prior_per_asset,0,train_P3_Laplace_prior,R1,validation,P2_candidate_clock,KR7001450006_t,1617,1.0898534258532542,0.4316635745207173,0.2010079193664506,0.0,0.6607532250241631,1.0898534258532544,462,698,457,0.0,a5000,prior_R1
prior_per_asset,0,train_P3_Laplace_prior,R1,validation,P2_candidate_clock,KR7002380004_t,1617,1.1144135412673697,0.2838589981447124,0.1473988439306358,0.0,0.677007449175718,1.1144135412673697,459,760,398,0.0,a5000,prior_R1
prior_per_asset,0,train_P3_Laplace_prior,R1,validation,P2_candidate_clock,KR7002550002_t,1617,1.052888029234634,0.5609152752009895,0.239566825145272,0.0,0.6352970169278802,1.0528880292346336,392,907,318,0.0,a5000,prior_R1
prior_per_asset,0,train_P3_Laplace_prior,R1,validation,P2_candidate_clock,KR7002790004_t,1617,1.0119226361096514,0.5739022881880025,0.2430910281597904,0.0,0.6056356405303935,1.0119226361096512,363,928,326,0.0,a5000,prior_R1
prior_per_asset,0,train_P3_Laplace_prior,R1,validation,P2_candidate_clock,KR7003550001_t,1617,1.1004361815037589,0.2337662337662337,0.1263157894736842,0.0,0.6678897281792066,1.1004361815037589,378,816,423,0.0,a5000,prior_R1
prior_per_asset,0,train_P3_Laplace_prior,R1,validation,P2_candidate_clock,KR7004020004_t,1617,1.0966620075587146,0.3797155225726654,0.1834752726729418,0.0,0.6653725195725747,1.0966620075587146,507,614,496,0.0,a5000,prior_R1
prior_per_asset,0,train_P3_Laplace_prior,R1,validation,P2_candidate_clock,KR7004170007_t,1617,0.9521011388024396,0.6444032158317873,0.2612510969035979,0.0,0.5625181718101201,0.9521011388024396,310,1042,265,1.1102230246251563e-16,a5000,prior_R1
prior_per_asset,0,train_P3_Laplace_prior,R1,validation,P2_candidate_clock,KR7005300009_t,1617,1.232335550731983,0.3512677798392084,0.173302822273074,0.0,0.7294412246258791,1.232335550731983,568,554,495,0.0,a5000,prior_R1
prior_per_asset,0,train_P3_Laplace_prior,R1,validation,P2_candidate_clock,KR7005380001_t,1617,0.7507556339474026,0.7520098948670377,0.2861513119190493,0.0,0.4156001931892115,0.7507556339474026,188,1216,213,1.1102230246251563e-16,a5000,prior_R1
prior_per_asset,0,train_P3_Laplace_prior,R1,validation,P2_candidate_clock,KR7005440003_t,1617,0.9440704736823188,0.6926406926406926,0.2728047740835464,0.0,0.5570309469838973,0.9440704736823186,244,1120,253,0.0,a5000,prior_R1
prior_per_asset,0,train_P3_Laplace_prior,R1,validation,P2_candidate_clock,KR7005490008_t,1617,1.057828510650216,0.4780457637600495,0.2156206415620641,0.0,0.6379191308381672,1.057828510650216,451,773,393,0.0,a5000,prior_R1
prior_per_asset,0,train_P3_Laplace_prior,R1,validation,P2_candidate_clock,KR7005830005_t,1617,1.0993553851446765,0.2974644403215832,0.1528439783921195,0.0,0.6671617050304901,1.0993553851446765,481,692,444,0.0,a5000,prior_R1
prior_per_asset,0,train_P3_Laplace_prior,R1,validation,P2_candidate_clock,KR7005930003_t,1617,1.0858427132796389,0.3648732220160791,0.1782208125660776,0.0,0.6585015022665538,1.0858427132796389,590,419,608,0.0,a5000,prior_R1
prior_per_asset,0,train_P3_Laplace_prior,R1,validation,P2_candidate_clock,KR7006400006_t,1617,0.9265052716773988,0.6363636363636364,0.2592592592592592,0.0,0.5420429559828139,0.9265052716773988,259,1029,329,0.0,a5000,prior_R1
prior_per_asset,0,train_P3_Laplace_prior,R1,validation,P2_candidate_clock,KR7006800007_t,1617,1.1043403156640998,0.3568336425479282,0.1753266484351261,0.0,0.6703958389625635,1.1043403156640998,510,577,530,0.0,a5000,prior_R1
prior_per_asset,0,train_P3_Laplace_prior,R1,validation,P2_candidate_clock,KR7007070006_t,1617,1.1070317675791663,0.300556586270872,0.1540656205420827,0.0,0.6723439830066693,1.107031767579166,486,594,537,0.0,a5000,prior_R1
prior_per_asset,0,train_P3_Laplace_prior,R1,validation,P2_candidate_clock,KR7008770000_t,1617,1.0844224443267076,0.4106369820655535,0.1940669297091918,0.0,0.6571470543238969,1.0844224443267076,517,664,436,0.0,a5000,prior_R1
prior_per_asset,0,train_P3_Laplace_prior,R1,validation,P2_candidate_clock,KR7009150004_t,1617,1.074743030519088,0.453308596165739,0.2079432624113475,0.0,0.650175099834602,1.074743030519088,445,733,439,0.0,a5000,prior_R1
prior_per_asset,0,train_P3_Laplace_prior,R1,validation,P3_intersection,KR7000030007_t,1610,0.821788214786634,0.7993788819875777,0.2961684501208146,0.0,0.4674536593099284,0.821788214786634,152,1287,171,0.0,a5000,prior_R1
prior_per_asset,0,train_P3_Laplace_prior,R1,validation,P3_intersection,KR7000100008_t,1589,1.040848409661583,0.604153555695406,0.2510788544527266,0.0,0.6269869104998879,1.040848409661583,327,960,302,0.0,a5000,prior_R1
prior_per_asset,0,train_P3_Laplace_prior,R1,validation,P3_intersection,KR7000120006_t,1598,0.9603470325836698,0.6207759699624531,0.2553410553410553,0.0,0.5681380603472796,0.9603470325836696,345,992,261,0.0,a5000,prior_R1
prior_per_asset,0,train_P3_Laplace_prior,R1,validation,P3_intersection,KR7000150003_t,1598,0.920476801626444,0.7396745932415519,0.2834532374100719,0.0,0.5403898241949261,0.920476801626444,214,1182,202,0.0,a5000,prior_R1
prior_per_asset,0,train_P3_Laplace_prior,R1,validation,P3_intersection,KR7000270009_t,1612,1.0655566001194936,0.5397022332506204,0.233682514101531,0.0,0.6440573372466027,1.0655566001194936,363,870,379,0.0,a5000,prior_R1
prior_per_asset,0,train_P3_Laplace_prior,R1,validation,P3_intersection,KR7000660001_t,1612,1.0975654470054574,0.3517369727047146,0.1734740706746214,0.0,0.6659726327395183,1.0975654470054574,540,567,505,0.0,a5000,prior_R1
prior_per_asset,0,train_P3_Laplace_prior,R1,validation,P3_intersection,KR7000720003_t,1612,1.098338297636989,0.3566997518610422,0.1752781588172534,0.0,0.6664071619248676,1.098338297636989,575,492,545,0.0,a5000,prior_R1
prior_per_asset,0,train_P3_Laplace_prior,R1,validation,P3_intersection,KR7000810002_t,1612,1.0367452486673825,0.5186104218362283,0.2276688453159041,0.0,0.6230481678478498,1.0367452486673825,400,836,376,0.0,a5000,prior_R1
prior_per_asset,0,train_P3_Laplace_prior,R1,validation,P3_intersection,KR7001040005_t,1607,1.0723126816462332,0.5158680771624145,0.2268746579091406,0.0,0.6488045498188724,1.0723126816462334,399,829,379,0.0,a5000,prior_R1
prior_per_asset,0,train_P3_Laplace_prior,R1,validation,P3_intersection,KR7001450006_t,1610,1.0900249081121458,0.4298136645962733,0.2004054445409788,0.0,0.6608694986905179,1.0900249081121458,462,692,456,0.0,a5000,prior_R1
prior_per_asset,0,train_P3_Laplace_prior,R1,validation,P3_intersection,KR7002380004_t,1608,1.1141780143418758,0.2854477611940298,0.1480406386066763,0.0,0.6768513625761654,1.1141780143418758,459,753,396,0.0,a5000,prior_R1
prior_per_asset,0,train_P3_Laplace_prior,R1,validation,P3_intersection,KR7002550002_t,1607,1.0531797305023918,0.5594275046670815,0.2391593508911944,0.0,0.635500516012217,1.0531797305023916,392,899,316,0.0,a5000,prior_R1
prior_per_asset,0,train_P3_Laplace_prior,R1,validation,P3_intersection,KR7002790004_t,1611,1.012381869610563,0.5729360645561763,0.2428308339910549,0.0,0.605958817682604,1.0123818696105629,362,923,326,0.0,a5000,prior_R1
prior_per_asset,0,train_P3_Laplace_prior,R1,validation,P3_intersection,KR7003550001_t,1612,1.1004242151866626,0.2344913151364764,0.1266331658291457,0.0,0.6678816953574702,1.1004242151866626,378,811,423,0.0,a5000,prior_R1
prior_per_asset,0,train_P3_Laplace_prior,R1,validation,P3_intersection,KR7004020004_t,1612,1.0967933468447493,0.3777915632754342,0.1828005402971634,0.0,0.6654588525271993,1.096793346844749,507,609,496,0.0,a5000,prior_R1
prior_per_asset,0,train_P3_Laplace_prior,R1,validation,P3_intersection,KR7004170007_t,1587,0.9540030639593592,0.6414618777567738,0.2605246321177223,0.0,0.5638566891850075,0.9540030639593592,305,1018,264,1.1102230246251563e-16,a5000,prior_R1
prior_per_asset,0,train_P3_Laplace_prior,R1,validation,P3_intersection,KR7005300009_t,1328,1.1612104527554494,0.384789156626506,0.1852456044951966,0.0,0.6926594574870276,1.1612104527554494,511,373,444,0.0,a5000,prior_R1
prior_per_asset,0,train_P3_Laplace_prior,R1,validation,P3_intersection,KR7005380001_t,1612,0.751810958548943,0.7512406947890818,0.2859841775888534,0.0,0.4163618203708329,0.7518109585489428,188,1211,213,1.1102230246251563e-16,a5000,prior_R1
prior_per_asset,0,train_P3_Laplace_prior,R1,validation,P3_intersection,KR7005440003_t,1548,0.9479097324569864,0.6854005167958657,0.2711128146160725,0.0,0.5597481095502388,0.9479097324569864,238,1061,249,0.0,a5000,prior_R1
prior_per_asset,0,train_P3_Laplace_prior,R1,validation,P3_intersection,KR7005490008_t,1612,1.0590629805714973,0.4764267990074441,0.215126050420168,0.0,0.6388119539234335,1.0590629805714973,451,768,393,0.0,a5000,prior_R1
prior_per_asset,0,train_P3_Laplace_prior,R1,validation,P3_intersection,KR7005830005_t,1603,1.0993520669573102,0.296943231441048,0.1526374859708193,0.0,0.6671595219726936,1.0993520669573102,476,683,444,0.0,a5000,prior_R1
prior_per_asset,0,train_P3_Laplace_prior,R1,validation,P3_intersection,KR7005930003_t,1612,1.0851725560273129,0.3660049627791563,0.1786254919769906,0.0,0.6580877631119533,1.0851725560273129,590,415,607,0.0,a5000,prior_R1
prior_per_asset,0,train_P3_Laplace_prior,R1,validation,P3_intersection,KR7006400006_t,1612,0.9275123429798288,0.6352357320099256,0.2589782498735458,0.0,0.5427719640308786,0.9275123429798288,259,1024,329,0.0,a5000,prior_R1
prior_per_asset,0,train_P3_Laplace_prior,R1,validation,P3_intersection,KR7006800007_t,1602,1.105256807051226,0.3539325842696629,0.1742738589211618,0.0,0.6710222993957401,1.105256807051226,507,567,528,0.0,a5000,prior_R1
prior_per_asset,0,train_P3_Laplace_prior,R1,validation,P3_intersection,KR7007070006_t,1602,1.106547556236373,0.3027465667915106,0.1549273279028909,0.0,0.6720223105892493,1.106547556236373,485,582,535,0.0,a5000,prior_R1
prior_per_asset,0,train_P3_Laplace_prior,R1,validation,P3_intersection,KR7008770000_t,1610,1.085263791711771,0.408695652173913,0.1934156378600823,0.0,0.6577334823358523,1.085263791711771,516,658,436,0.0,a5000,prior_R1
prior_per_asset,0,train_P3_Laplace_prior,R1,validation,P3_intersection,KR7009150004_t,1612,1.075208011292729,0.4516129032258064,0.2074074074074074,0.0,0.6504966137825575,1.075208011292729,445,728,439,0.0,a5000,prior_R1
prior_global,0,train_P3_Laplace_prior,R1,rolling_evaluation,P0_legacy,KR7000030007_t,1254,0.9925012797253592,0.7368421052631579,0.2828282828282828,0.0,0.5931278154430031,0.9925012797253592,168,924,162,0.0,a5000,prior_R1
prior_global,0,train_P3_Laplace_prior,R1,rolling_evaluation,P0_legacy,KR7000100008_t,1254,1.0565796555154272,0.5143540669856459,0.2264349657714586,0.0,0.6375413386159899,1.0565796555154272,303,645,306,0.0,a5000,prior_R1
prior_global,0,train_P3_Laplace_prior,R1,rolling_evaluation,P0_legacy,KR7000120006_t,1254,1.0171159662638576,0.6499202551834131,0.2626067343322055,0.0,0.6102275839283412,1.0171159662638576,228,815,211,0.0,a5000,prior_R1
prior_global,0,train_P3_Laplace_prior,R1,rolling_evaluation,P0_legacy,KR7000150003_t,1254,1.0496713449104131,0.532695374800638,0.2317030870620881,0.0,0.6329043325195294,1.049671344910413,320,668,266,0.0,a5000,prior_R1
prior_global,0,train_P3_Laplace_prior,R1,rolling_evaluation,P0_legacy,KR7000270009_t,1254,1.0511065041089125,0.529505582137161,0.2307959680222453,0.0,0.633851019387953,1.0511065041089125,313,664,277,0.0,a5000,prior_R1
prior_global,0,train_P3_Laplace_prior,R1,rolling_evaluation,P0_legacy,KR7000660001_t,1254,1.1181080755277837,0.2990430622009569,0.1534683855125844,0.0,0.6802323737506992,1.1181080755277837,442,375,437,0.0,a5000,prior_R1
prior_global,0,train_P3_Laplace_prior,R1,rolling_evaluation,P0_legacy,KR7000720003_t,1254,1.1095149884874331,0.3333333333333333,0.1666666666666666,0.0,0.6741570783750299,1.1095149884874331,399,418,437,0.0,a5000,prior_R1
prior_global,0,train_P3_Laplace_prior,R1,rolling_evaluation,P0_legacy,KR7000810002_t,1254,1.0368189107867103,0.5821371610845295,0.2452956989247311,0.0,0.6238671184034135,1.03681891078671,266,730,258,0.0,a5000,prior_R1
prior_global,0,train_P3_Laplace_prior,R1,rolling_evaluation,P0_legacy,KR7001040005_t,1254,1.0361517469322337,0.5813397129186603,0.2450832072617246,0.0,0.6234881182798179,1.0361517469322337,282,729,243,0.0,a5000,prior_R1
prior_global,0,train_P3_Laplace_prior,R1,rolling_evaluation,P0_legacy,KR7001450006_t,1254,1.0695673819471037,0.4712918660287081,0.213550135501355,0.0,0.6464888373454827,1.0695673819471037,319,591,344,0.0,a5000,prior_R1
prior_global,0,train_P3_Laplace_prior,R1,rolling_evaluation,P0_legacy,KR7002380004_t,1254,1.071886136901356,0.4641148325358851,0.2113289760348584,0.0,0.648072582433743,1.071886136901356,319,582,353,0.0,a5000,prior_R1
prior_global,0,train_P3_Laplace_prior,R1,rolling_evaluation,P0_legacy,KR7002550002_t,1254,1.0653707580436769,0.4880382775119617,0.2186495176848874,0.0,0.6435218326271326,1.0653707580436769,298,612,344,0.0,a5000,prior_R1
prior_global,0,train_P3_Laplace_prior,R1,rolling_evaluation,P0_legacy,KR7002790004_t,1254,1.0201713549721705,0.6379585326953748,0.2596559558584875,0.0,0.6123815587503815,1.0201713549721705,242,800,212,0.0,a5000,prior_R1
prior_global,0,train_P3_Laplace_prior,R1,rolling_evaluation,P0_legacy,KR7003550001_t,1254,1.0907749555680395,0.3947368421052631,0.1886792452830188,0.0,0.6612662882991628,1.0907749555680395,380,495,379,0.0,a5000,prior_R1
prior_global,0,train_P3_Laplace_prior,R1,rolling_evaluation,P0_legacy,KR7004020004_t,1254,1.0814156969292632,0.4242424242424242,0.1985815602836879,0.0,0.6548593934821613,1.0814156969292632,377,532,345,0.0,a5000,prior_R1
prior_global,0,train_P3_Laplace_prior,R1,rolling_evaluation,P0_legacy,KR7004170007_t,1254,1.0407099409930325,0.569377990430622,0.2418699186991869,0.0,0.62654392227697,1.0407099409930327,270,714,270,0.0,a5000,prior_R1
prior_global,0,train_P3_Laplace_prior,R1,rolling_evaluation,P0_legacy,KR7005300009_t,1254,1.084865841130508,0.4090909090909091,0.1935483870967742,0.0,0.6573357118975474,1.084865841130508,402,513,339,0.0,a5000,prior_R1
prior_global,0,train_P3_Laplace_prior,R1,rolling_evaluation,P0_legacy,KR7005380001_t,1254,0.9943988405707777,0.733652312599681,0.2821220484513952,0.0,0.5943519882114612,0.9943988405707774,153,920,181,0.0,a5000,prior_R1
prior_global,0,train_P3_Laplace_prior,R1,rolling_evaluation,P0_legacy,KR7005440003_t,1254,1.0361302312903928,0.583732057416268,0.2457200402819738,0.0,0.6234111178379538,1.0361302312903928,269,732,253,0.0,a5000,prior_R1
prior_global,0,train_P3_Laplace_prior,R1,rolling_evaluation,P0_legacy,KR7005490008_t,1254,1.0688209022449215,0.4728867623604466,0.2140407868615773,0.0,0.6459981510425187,1.0688209022449215,323,593,338,0.0,a5000,prior_R1
prior_global,0,train_P3_Laplace_prior,R1,rolling_evaluation,P0_legacy,KR7005830005_t,1254,1.0622956774391206,0.4936204146730462,0.2203239010500088,0.0,0.6415269446667242,1.0622956774391206,320,619,315,0.0,a5000,prior_R1
prior_global,0,train_P3_Laplace_prior,R1,rolling_evaluation,P0_legacy,KR7005930003_t,1254,1.133166763422473,0.2527910685805423,0.1345215361765329,0.0,0.690508102461163,1.133166763422473,440,317,497,0.0,a5000,prior_R1
prior_global,0,train_P3_Laplace_prior,R1,rolling_evaluation,P0_legacy,KR7006400006_t,1254,0.992217201670096,0.7384370015948963,0.2831804281345565,0.0,0.5929146150400736,0.992217201670096,164,926,164,0.0,a5000,prior_R1
prior_global,0,train_P3_Laplace_prior,R1,rolling_evaluation,P0_legacy,KR7006800007_t,1254,1.1230198175434296,0.2799043062200957,0.1457943925233644,0.0,0.6836926077609651,1.1230198175434296,464,351,439,0.0,a5000,prior_R1
prior_global,0,train_P3_Laplace_prior,R1,rolling_evaluation,P0_legacy,KR7007070006_t,1254,1.0782496307832818,0.4377990430622009,0.2029950083194675,0.0,0.6525962754697046,1.0782496307832818,356,549,349,0.0,a5000,prior_R1
prior_global,0,train_P3_Laplace_prior,R1,rolling_evaluation,P0_legacy,KR7008770000_t,1254,1.1180238367060165,0.2998405103668261,0.1537832310838445,0.0,0.6801604592867388,1.118023836706017,439,376,439,0.0,a5000,prior_R1
prior_global,0,train_P3_Laplace_prior,R1,rolling_evaluation,P0_legacy,KR7009150004_t,1254,1.0842282151203972,0.4178628389154705,0.1964754405699288,0.0,0.6567180814815041,1.0842282151203972,364,524,366,0.0,a5000,prior_R1
prior_global,0,train_P3_Laplace_prior,R1,rolling_evaluation,P1_valid_cache_endpoints,KR7000030007_t,1221,0.9945367008173582,0.7297297297297297,0.2812499999999999,0.0,0.5945398005601784,0.994536700817358,168,891,162,0.0,a5000,prior_R1
prior_global,0,train_P3_Laplace_prior,R1,rolling_evaluation,P1_valid_cache_endpoints,KR7000100008_t,1215,1.0603754519244797,0.5012345679012346,0.2225877192982455,0.0,0.6401706458675113,1.0603754519244797,301,609,305,0.0,a5000,prior_R1
prior_global,0,train_P3_Laplace_prior,R1,rolling_evaluation,P1_valid_cache_endpoints,KR7000120006_t,1195,1.0206699724901909,0.6376569037656904,0.2595809913132345,0.0,0.612688858084797,1.0206699724901909,224,762,209,0.0,a5000,prior_R1
prior_global,0,train_P3_Laplace_prior,R1,rolling_evaluation,P1_valid_cache_endpoints,KR7000150003_t,1207,1.0542072149570323,0.5169842584921293,0.2271982523211359,0.0,0.6360471831566155,1.0542072149570323,317,624,266,0.0,a5000,prior_R1
prior_global,0,train_P3_Laplace_prior,R1,rolling_evaluation,P1_valid_cache_endpoints,KR7000270009_t,1221,1.0547258501842507,0.5167895167895168,0.2271418286537077,0.0,0.6363636316387755,1.0547258501842507,313,631,277,0.0,a5000,prior_R1
prior_global,0,train_P3_Laplace_prior,R1,rolling_evaluation,P1_valid_cache_endpoints,KR7000660001_t,1221,1.1235382748847127,0.2800982800982801,0.145873320537428,0.0,0.6839985361194338,1.1235382748847127,442,342,437,0.0,a5000,prior_R1
prior_global,0,train_P3_Laplace_prior,R1,rolling_evaluation,P1_valid_cache_endpoints,KR7000720003_t,1221,1.1147129422486772,0.3153153153153153,0.1598173515981735,0.0,0.6777590435714492,1.1147129422486772,399,385,437,0.0,a5000,prior_R1
prior_global,0,train_P3_Laplace_prior,R1,rolling_evaluation,P1_valid_cache_endpoints,KR7000810002_t,1217,1.0400440932243495,0.571076417419885,0.2423291492329149,0.0,0.6260988494634083,1.0400440932243495,264,695,258,0.0,a5000,prior_R1
prior_global,0,train_P3_Laplace_prior,R1,rolling_evaluation,P1_valid_cache_endpoints,KR7001040005_t,1219,1.039361786528275,0.5701394585726005,0.2420759317311041,0.0,0.6257144995419699,1.0393617865282752,281,695,243,0.0,a5000,prior_R1
prior_global,0,train_P3_Laplace_prior,R1,rolling_evaluation,P1_valid_cache_endpoints,KR7001450006_t,1221,1.0736856706667173,0.457002457002457,0.209106239460371,0.0,0.6493430122438061,1.0736856706667173,319,558,344,0.0,a5000,prior_R1
prior_global,0,train_P3_Laplace_prior,R1,rolling_evaluation,P1_valid_cache_endpoints,KR7002380004_t,1197,1.0775448882111365,0.4444444444444444,0.2051282051282051,0.0,0.6519953365682483,1.0775448882111365,316,532,349,0.0,a5000,prior_R1
prior_global,0,train_P3_Laplace_prior,R1,rolling_evaluation,P1_valid_cache_endpoints,KR7002550002_t,1219,1.0694197356125654,0.4741591468416735,0.2144314598404748,0.0,0.6463234230789121,1.0694197356125652,297,578,344,0.0,a5000,prior_R1
prior_global,0,train_P3_Laplace_prior,R1,rolling_evaluation,P1_valid_cache_endpoints,KR7002790004_t,1213,1.0227660225964972,0.6290189612530915,0.2574224021592442,0.0,0.6141780952002234,1.0227660225964972,239,763,211,0.0,a5000,prior_R1
prior_global,0,train_P3_Laplace_prior,R1,rolling_evaluation,P1_valid_cache_endpoints,KR7003550001_t,1221,1.095466421953084,0.3783783783783784,0.1830065359477124,0.0,0.6645198537638018,1.095466421953084,380,462,379,0.0,a5000,prior_R1
prior_global,0,train_P3_Laplace_prior,R1,rolling_evaluation,P1_valid_cache_endpoints,KR7004020004_t,1221,1.0858542103781244,0.4086814086814087,0.1934108527131782,0.0,0.6579397996274219,1.0858542103781244,377,499,345,0.0,a5000,prior_R1
prior_global,0,train_P3_Laplace_prior,R1,rolling_evaluation,P1_valid_cache_endpoints,KR7004170007_t,1221,1.0440482988760496,0.5577395577395577,0.2386961093585699,0.0,0.628859045416685,1.0440482988760496,270,681,270,0.0,a5000,prior_R1
prior_global,0,train_P3_Laplace_prior,R1,rolling_evaluation,P1_valid_cache_endpoints,KR7005300009_t,915,1.114544056092124,0.3038251366120219,0.155350656607991,0.0,0.6779655080338445,1.114544056092124,348,278,289,0.0,a5000,prior_R1
prior_global,0,train_P3_Laplace_prior,R1,rolling_evaluation,P1_valid_cache_endpoints,KR7005380001_t,1221,0.996485547091031,0.7264537264537264,0.2805186590765338,0.0,0.5957970590791354,0.996485547091031,153,887,181,0.0,a5000,prior_R1
prior_global,0,train_P3_Laplace_prior,R1,rolling_evaluation,P1_valid_cache_endpoints,KR7005440003_t,1215,1.039416224733086,0.5720164609053497,0.2425828970331588,0.0,0.6256968843835437,1.039416224733086,269,695,251,0.0,a5000,prior_R1
prior_global,0,train_P3_Laplace_prior,R1,rolling_evaluation,P1_valid_cache_endpoints,KR7005490008_t,1221,1.072919015837449,0.4586404586404586,0.2096200636346622,0.0,0.64883906414887,1.072919015837449,323,560,338,0.0,a5000,prior_R1
prior_global,0,train_P3_Laplace_prior,R1,rolling_evaluation,P1_valid_cache_endpoints,KR7005830005_t,1217,1.0664417779595776,0.4790468364831553,0.2159259259259259,0.0,0.6444054220080496,1.0664417779595776,320,583,314,0.0,a5000,prior_R1
prior_global,0,train_P3_Laplace_prior,R1,rolling_evaluation,P1_valid_cache_endpoints,KR7005930003_t,1221,1.1390039543441233,0.2325962325962326,0.1258028792912514,0.0,0.6945519872274778,1.1390039543441233,440,284,497,0.0,a5000,prior_R1
prior_global,0,train_P3_Laplace_prior,R1,rolling_evaluation,P1_valid_cache_endpoints,KR7006400006_t,1221,0.9942449449768174,0.7313677313677314,0.28161463260801,0.0,0.5943208379841968,0.9942449449768174,164,893,164,0.0,a5000,prior_R1
prior_global,0,train_P3_Laplace_prior,R1,rolling_evaluation,P1_valid_cache_endpoints,KR7006800007_t,1221,1.1285827666845654,0.2604422604422604,0.1377517868745938,0.0,0.6875522899678151,1.1285827666845656,464,318,439,0.0,a5000,prior_R1
prior_global,0,train_P3_Laplace_prior,R1,rolling_evaluation,P1_valid_cache_endpoints,KR7007070006_t,1217,1.0828807734349912,0.4215283483976992,0.1976878612716762,0.0,0.6558112895733227,1.0828807734349917,356,513,348,0.0,a5000,prior_R1
prior_global,0,train_P3_Laplace_prior,R1,rolling_evaluation,P1_valid_cache_endpoints,KR7008770000_t,1217,1.123658304929079,0.2801972062448644,0.1459135643988018,0.0,0.684067915653104,1.123658304929079,438,341,438,0.0,a5000,prior_R1
prior_global,0,train_P3_Laplace_prior,R1,rolling_evaluation,P1_valid_cache_endpoints,KR7009150004_t,1221,1.088742742574424,0.4021294021294021,0.1911993769470404,0.0,0.6598487224375578,1.0887427425744245,364,491,366,0.0,a5000,prior_R1
prior_global,0,train_P3_Laplace_prior,R1,rolling_evaluation,P2_candidate_clock,KR7000030007_t,1089,0.9899186638023428,0.7456382001836547,0.2847624057513589,0.0,0.5913423548040435,0.9899186638023428,142,812,135,0.0,a5000,prior_R1
prior_global,0,train_P3_Laplace_prior,R1,rolling_evaluation,P2_candidate_clock,KR7000100008_t,1089,1.0594249776099465,0.5041322314049587,0.2234432234432234,0.0,0.6395226429087054,1.0594249776099465,270,549,270,0.0,a5000,prior_R1
prior_global,0,train_P3_Laplace_prior,R1,rolling_evaluation,P2_candidate_clock,KR7000120006_t,1089,1.0152352021871027,0.6565656565656566,0.2642276422764227,0.0,0.608920917900174,1.0152352021871025,194,715,180,0.0,a5000,prior_R1
prior_global,0,train_P3_Laplace_prior,R1,rolling_evaluation,P2_candidate_clock,KR7000150003_t,1089,1.0499561302198412,0.5307621671258035,0.2311537692461507,0.0,0.633127020429894,1.0499561302198412,283,578,228,0.0,a5000,prior_R1
prior_global,0,train_P3_Laplace_prior,R1,rolling_evaluation,P2_candidate_clock,KR7000270009_t,1089,1.052074642471448,0.527089072543618,0.2301062337141712,0.0,0.6344967327685681,1.0520746424714482,269,574,246,0.0,a5000,prior_R1
prior_global,0,train_P3_Laplace_prior,R1,rolling_evaluation,P2_candidate_clock,KR7000660001_t,1089,1.122476652312431,0.2846648301193756,0.1477245651655944,0.0,0.6832391252954257,1.122476652312431,388,310,391,0.0,a5000,prior_R1
prior_global,0,train_P3_Laplace_prior,R1,rolling_evaluation,P2_candidate_clock,KR7000720003_t,1089,1.115803233060517,0.3112947658402203,0.1582633053221288,0.0,0.6785210312122771,1.115803233060517,359,339,391,0.0,a5000,prior_R1
prior_global,0,train_P3_Laplace_prior,R1,rolling_evaluation,P2_candidate_clock,KR7000810002_t,1089,1.038189672585886,0.5785123966942148,0.2443280977312391,0.0,0.6247868131169437,1.038189672585886,228,630,231,0.0,a5000,prior_R1
prior_global,0,train_P3_Laplace_prior,R1,rolling_evaluation,P2_candidate_clock,KR7001040005_t,1089,1.0369250741424183,0.5785123966942148,0.2443280977312391,0.0,0.6240279312236675,1.0369250741424183,247,630,212,0.0,a5000,prior_R1
prior_global,0,train_P3_Laplace_prior,R1,rolling_evaluation,P2_candidate_clock,KR7001450006_t,1089,1.0702023057394463,0.4701561065197429,0.2132000832812825,0.0,0.6469002793646467,1.0702023057394463,273,512,304,0.0,a5000,prior_R1
prior_global,0,train_P3_Laplace_prior,R1,rolling_evaluation,P2_candidate_clock,KR7002380004_t,1089,1.0713224507988424,0.4664830119375573,0.2120642872051763,0.0,0.6476708744191552,1.0713224507988424,274,508,307,0.0,a5000,prior_R1
prior_global,0,train_P3_Laplace_prior,R1,rolling_evaluation,P2_candidate_clock,KR7002550002_t,1089,1.0663207458171895,0.4848484848484848,0.217687074829932,0.0,0.6441773695171109,1.0663207458171895,260,528,301,0.0,a5000,prior_R1
prior_global,0,train_P3_Laplace_prior,R1,rolling_evaluation,P2_candidate_clock,KR7002790004_t,1089,1.0232645532828726,0.6271808999081726,0.2569601203912716,0.0,0.614526502204356,1.0232645532828726,216,683,190,0.0,a5000,prior_R1
prior_global,0,train_P3_Laplace_prior,R1,rolling_evaluation,P2_candidate_clock,KR7003550001_t,1089,1.092843093782512,0.3875114784205693,0.186190161041253,0.0,0.6627009337284016,1.092843093782512,334,422,333,0.0,a5000,prior_R1
prior_global,0,train_P3_Laplace_prior,R1,rolling_evaluation,P2_candidate_clock,KR7004020004_t,1089,1.0821684368118438,0.4224058769513314,0.1979771895846782,0.0,0.65536031013443,1.082168436811844,325,460,304,0.0,a5000,prior_R1
prior_global,0,train_P3_Laplace_prior,R1,rolling_evaluation,P2_candidate_clock,KR7004170007_t,1089,1.040660080609916,0.5702479338842975,0.2421052631578947,0.0,0.62649069612538,1.040660080609916,231,621,237,0.0,a5000,prior_R1
prior_global,0,train_P3_Laplace_prior,R1,rolling_evaluation,P2_candidate_clock,KR7005300009_t,1089,1.088079275656007,0.396694214876033,0.1893491124260355,0.0,0.6595961820999379,1.088079275656007,361,432,296,0.0,a5000,prior_R1
prior_global,0,train_P3_Laplace_prior,R1,rolling_evaluation,P2_candidate_clock,KR7005380001_t,1089,0.9941804638931312,0.7355371900826446,0.2825396825396825,0.0,0.5941704466568715,0.9941804638931314,127,801,161,0.0,a5000,prior_R1
prior_global,0,train_P3_Laplace_prior,R1,rolling_evaluation,P2_candidate_clock,KR7005440003_t,1089,1.0385111238915128,0.5748393021120294,0.2433430515063167,0.0,0.6250781143441201,1.0385111238915128,241,626,222,0.0,a5000,prior_R1
prior_global,0,train_P3_Laplace_prior,R1,rolling_evaluation,P2_candidate_clock,KR7005490008_t,1089,1.070820432763126,0.465564738292011,0.2117794486215538,0.0,0.6473942146435195,1.070820432763126,286,507,296,0.0,a5000,prior_R1
prior_global,0,train_P3_Laplace_prior,R1,rolling_evaluation,P2_candidate_clock,KR7005830005_t,1089,1.064038673473158,0.4894398530762167,0.2190711056309083,0.0,0.6426849054312956,1.0640386734731582,272,533,284,0.0,a5000,prior_R1
prior_global,0,train_P3_Laplace_prior,R1,rolling_evaluation,P2_candidate_clock,KR7005930003_t,1089,1.1357909462787752,0.2424242424242424,0.1300813008130081,0.0,0.6923605859120808,1.1357909462787752,393,264,432,0.0,a5000,prior_R1
prior_global,0,train_P3_Laplace_prior,R1,rolling_evaluation,P2_candidate_clock,KR7006400006_t,1089,0.990778246489704,0.743801652892562,0.2843601895734597,0.0,0.5919073875165474,0.990778246489704,138,810,141,0.0,a5000,prior_R1
prior_global,0,train_P3_Laplace_prior,R1,rolling_evaluation,P2_candidate_clock,KR7006800007_t,1089,1.1290891826307523,0.2598714416896235,0.1375121477162293,0.0,0.6878714804934023,1.1290891826307528,409,283,397,0.0,a5000,prior_R1
prior_global,0,train_P3_Laplace_prior,R1,rolling_evaluation,P2_candidate_clock,KR7007070006_t,1089,1.0831250217788155,0.4196510560146924,0.1970677015955153,0.0,0.6560081534417974,1.0831250217788155,324,457,308,0.0,a5000,prior_R1
prior_global,0,train_P3_Laplace_prior,R1,rolling_evaluation,P2_candidate_clock,KR7008770000_t,1089,1.122573654592041,0.2837465564738292,0.1473533619456366,0.0,0.6833219358902892,1.122573654592041,391,309,389,0.0,a5000,prior_R1
prior_global,0,train_P3_Laplace_prior,R1,rolling_evaluation,P2_candidate_clock,KR7009150004_t,1089,1.0896518875759704,0.3994490358126721,0.1902887139107611,0.0,0.6604661025791225,1.0896518875759704,324,435,330,0.0,a5000,prior_R1
prior_global,0,train_P3_Laplace_prior,R1,rolling_evaluation,P3_intersection,KR7000030007_t,1089,0.9899186638023428,0.7456382001836547,0.2847624057513589,0.0,0.5913423548040435,0.9899186638023428,142,812,135,0.0,a5000,prior_R1
prior_global,0,train_P3_Laplace_prior,R1,rolling_evaluation,P3_intersection,KR7000100008_t,1083,1.0594518742075114,0.5041551246537396,0.2234499693063228,0.0,0.6395381701880914,1.0594518742075114,268,546,269,0.0,a5000,prior_R1
prior_global,0,train_P3_Laplace_prior,R1,rolling_evaluation,P3_intersection,KR7000120006_t,1066,1.0158041236287296,0.6547842401500938,0.2637944066515495,0.0,0.6093100487226573,1.0158041236287296,190,698,178,0.0,a5000,prior_R1
prior_global,0,train_P3_Laplace_prior,R1,rolling_evaluation,P3_intersection,KR7000150003_t,1076,1.0508614791094937,0.5278810408921933,0.2303325223033252,0.0,0.6337475007308134,1.0508614791094937,280,568,228,0.0,a5000,prior_R1
prior_global,0,train_P3_Laplace_prior,R1,rolling_evaluation,P3_intersection,KR7000270009_t,1089,1.052074642471448,0.527089072543618,0.2301062337141712,0.0,0.6344967327685681,1.0520746424714482,269,574,246,0.0,a5000,prior_R1
prior_global,0,train_P3_Laplace_prior,R1,rolling_evaluation,P3_intersection,KR7000660001_t,1089,1.122476652312431,0.2846648301193756,0.1477245651655944,0.0,0.6832391252954257,1.122476652312431,388,310,391,0.0,a5000,prior_R1
prior_global,0,train_P3_Laplace_prior,R1,rolling_evaluation,P3_intersection,KR7000720003_t,1089,1.115803233060517,0.3112947658402203,0.1582633053221288,0.0,0.6785210312122771,1.115803233060517,359,339,391,0.0,a5000,prior_R1
prior_global,0,train_P3_Laplace_prior,R1,rolling_evaluation,P3_intersection,KR7000810002_t,1086,1.0380624167131272,0.5791896869244936,0.2445092322643343,0.0,0.6246923031778036,1.0380624167131272,226,629,231,0.0,a5000,prior_R1
prior_global,0,train_P3_Laplace_prior,R1,rolling_evaluation,P3_intersection,KR7001040005_t,1088,1.03680479470861,0.5790441176470589,0.2444703143189755,0.0,0.6239415075082714,1.03680479470861,246,630,212,0.0,a5000,prior_R1
prior_global,0,train_P3_Laplace_prior,R1,rolling_evaluation,P3_intersection,KR7001450006_t,1089,1.0702023057394463,0.4701561065197429,0.2132000832812825,0.0,0.6469002793646467,1.0702023057394463,273,512,304,0.0,a5000,prior_R1
prior_global,0,train_P3_Laplace_prior,R1,rolling_evaluation,P3_intersection,KR7002380004_t,1066,1.0727304392226045,0.4615384615384615,0.2105263157894736,0.0,0.6486482647189448,1.0727304392226045,271,492,303,0.0,a5000,prior_R1
prior_global,0,train_P3_Laplace_prior,R1,rolling_evaluation,P3_intersection,KR7002550002_t,1088,1.0662274844639643,0.4852941176470588,0.2178217821782178,0.0,0.6441094655060285,1.0662274844639643,259,528,301,0.0,a5000,prior_R1
prior_global,0,train_P3_Laplace_prior,R1,rolling_evaluation,P3_intersection,KR7002790004_t,1081,1.0232870455836345,0.6271970397779834,0.2569641841955656,0.0,0.6145395673954225,1.0232870455836345,214,678,189,0.0,a5000,prior_R1
prior_global,0,train_P3_Laplace_prior,R1,rolling_evaluation,P3_intersection,KR7003550001_t,1089,1.092843093782512,0.3875114784205693,0.186190161041253,0.0,0.6627009337284016,1.092843093782512,334,422,333,0.0,a5000,prior_R1
prior_global,0,train_P3_Laplace_prior,R1,rolling_evaluation,P3_intersection,KR7004020004_t,1089,1.0821684368118438,0.4224058769513314,0.1979771895846782,0.0,0.65536031013443,1.082168436811844,325,460,304,0.0,a5000,prior_R1
prior_global,0,train_P3_Laplace_prior,R1,rolling_evaluation,P3_intersection,KR7004170007_t,1089,1.040660080609916,0.5702479338842975,0.2421052631578947,0.0,0.62649069612538,1.040660080609916,231,621,237,0.0,a5000,prior_R1
prior_global,0,train_P3_Laplace_prior,R1,rolling_evaluation,P3_intersection,KR7005300009_t,802,1.1130230097439642,0.3079800498753117,0.1569748967270416,0.0,0.6769414257362366,1.1130230097439644,307,247,248,0.0,a5000,prior_R1
prior_global,0,train_P3_Laplace_prior,R1,rolling_evaluation,P3_intersection,KR7005380001_t,1089,0.9941804638931312,0.7355371900826446,0.2825396825396825,0.0,0.5941704466568715,0.9941804638931314,127,801,161,0.0,a5000,prior_R1
prior_global,0,train_P3_Laplace_prior,R1,rolling_evaluation,P3_intersection,KR7005440003_t,1084,1.0384746316488302,0.5747232472324724,0.2433118531536809,0.0,0.6250593244701236,1.0384746316488302,241,623,220,0.0,a5000,prior_R1
prior_global,0,train_P3_Laplace_prior,R1,rolling_evaluation,P3_intersection,KR7005490008_t,1089,1.070820432763126,0.465564738292011,0.2117794486215538,0.0,0.6473942146435195,1.070820432763126,286,507,296,0.0,a5000,prior_R1
prior_global,0,train_P3_Laplace_prior,R1,rolling_evaluation,P3_intersection,KR7005830005_t,1085,1.064282279039654,0.488479262672811,0.218782249742002,0.0,0.6428568258690814,1.0642822790396538,272,530,283,0.0,a5000,prior_R1
prior_global,0,train_P3_Laplace_prior,R1,rolling_evaluation,P3_intersection,KR7005930003_t,1089,1.1357909462787752,0.2424242424242424,0.1300813008130081,0.0,0.6923605859120808,1.1357909462787752,393,264,432,0.0,a5000,prior_R1
prior_global,0,train_P3_Laplace_prior,R1,rolling_evaluation,P3_intersection,KR7006400006_t,1089,0.990778246489704,0.743801652892562,0.2843601895734597,0.0,0.5919073875165474,0.990778246489704,138,810,141,0.0,a5000,prior_R1
prior_global,0,train_P3_Laplace_prior,R1,rolling_evaluation,P3_intersection,KR7006800007_t,1089,1.1290891826307523,0.2598714416896235,0.1375121477162293,0.0,0.6878714804934023,1.1290891826307528,409,283,397,0.0,a5000,prior_R1
prior_global,0,train_P3_Laplace_prior,R1,rolling_evaluation,P3_intersection,KR7007070006_t,1085,1.083438991763028,0.4184331797235023,0.196664500758068,0.0,0.6562291918445988,1.0834389917630278,324,454,307,0.0,a5000,prior_R1
prior_global,0,train_P3_Laplace_prior,R1,rolling_evaluation,P3_intersection,KR7008770000_t,1085,1.122802091057773,0.2829493087557603,0.1470306513409961,0.0,0.6834803775763411,1.1228020910577727,390,307,388,0.0,a5000,prior_R1
prior_global,0,train_P3_Laplace_prior,R1,rolling_evaluation,P3_intersection,KR7009150004_t,1089,1.0896518875759704,0.3994490358126721,0.1902887139107611,0.0,0.6604661025791225,1.0896518875759704,324,435,330,0.0,a5000,prior_R1
prior_global,0,train_P3_Laplace_prior,R1,validation,P0_legacy,KR7000030007_t,1862,0.9759061245961348,0.7964554242749732,0.2955655206776282,0.0,0.5815721180981113,0.9759061245961346,181,1483,198,0.0,a5000,prior_R1
prior_global,0,train_P3_Laplace_prior,R1,validation,P0_legacy,KR7000100008_t,1862,1.0269625732062655,0.6149301825993555,0.2538521228245206,0.0,0.6170738601092066,1.0269625732062655,376,1145,341,0.0,a5000,prior_R1
prior_global,0,train_P3_Laplace_prior,R1,validation,P0_legacy,KR7000120006_t,1862,1.0219418918709169,0.6278195488721805,0.2571208622016936,0.0,0.6137156680031856,1.0219418918709169,398,1169,295,0.0,a5000,prior_R1
prior_global,0,train_P3_Laplace_prior,R1,validation,P0_legacy,KR7000150003_t,1862,0.9918816568316976,0.738453276047261,0.2831840181237772,0.0,0.5927128195670598,0.9918816568316976,252,1375,235,0.0,a5000,prior_R1
prior_global,0,train_P3_Laplace_prior,R1,validation,P0_legacy,KR7000270009_t,1862,1.0501009818230842,0.5381310418904404,0.2332402234636871,0.0,0.6330165392879655,1.050100981823084,419,1002,441,0.0,a5000,prior_R1
prior_global,0,train_P3_Laplace_prior,R1,validation,P0_legacy,KR7000660001_t,1862,1.0989829396627062,0.3646616541353383,0.1781450872359963,0.0,0.666997565847219,1.0989829396627062,603,679,580,0.0,a5000,prior_R1
prior_global,0,train_P3_Laplace_prior,R1,validation,P0_legacy,KR7000720003_t,1862,1.1115370994747398,0.3206229860365199,0.161854412362749,0.0,0.675711041255756,1.1115370994747398,646,597,619,0.0,a5000,prior_R1
prior_global,0,train_P3_Laplace_prior,R1,validation,P0_legacy,KR7000810002_t,1862,1.0530763552863336,0.5247046186895811,0.2294235059293178,0.0,0.6351617353343544,1.0530763552863336,454,977,431,0.0,a5000,prior_R1
prior_global,0,train_P3_Laplace_prior,R1,validation,P0_legacy,KR7001040005_t,1862,1.0528283051446603,0.5263157894736842,0.2298850574712644,0.0,0.6349697191995102,1.05282830514466,447,980,435,0.0,a5000,prior_R1
prior_global,0,train_P3_Laplace_prior,R1,validation,P0_legacy,KR7001450006_t,1862,1.0778409658317512,0.4387755102040816,0.2033096926713948,0.0,0.6523248780441689,1.0778409658317512,531,817,514,0.0,a5000,prior_R1
prior_global,0,train_P3_Laplace_prior,R1,validation,P0_legacy,KR7002380004_t,1862,1.0655849574844578,0.4785177228786251,0.2157646204140937,0.0,0.643905421026142,1.0655849574844578,516,891,455,0.0,a5000,prior_R1
prior_global,0,train_P3_Laplace_prior,R1,validation,P0_legacy,KR7002550002_t,1862,1.0420672285920607,0.5585392051557465,0.2389156903285091,0.0,0.6276487889248971,1.0420672285920605,456,1040,366,0.0,a5000,prior_R1
prior_global,0,train_P3_Laplace_prior,R1,validation,P0_legacy,KR7002790004_t,1862,1.0389216583256495,0.5735767991407089,0.2430034129692833,0.0,0.6253582963084657,1.0389216583256495,412,1068,382,0.0,a5000,prior_R1
prior_global,0,train_P3_Laplace_prior,R1,validation,P0_legacy,KR7003550001_t,1862,1.060274842864518,0.5048335123523093,0.2236497739709731,0.0,0.6400138578593915,1.060274842864518,434,940,488,0.0,a5000,prior_R1
prior_global,0,train_P3_Laplace_prior,R1,validation,P0_legacy,KR7004020004_t,1862,1.0903383933760642,0.3952738990332975,0.1888632281241981,0.0,0.6609899212626916,1.0903383933760642,571,736,555,0.0,a5000,prior_R1
prior_global,0,train_P3_Laplace_prior,R1,validation,P0_legacy,KR7004170007_t,1862,1.017521687936041,0.6460794844253491,0.2616639477977162,0.0,0.6105739474690486,1.0175216879360407,360,1203,299,0.0,a5000,prior_R1
prior_global,0,train_P3_Laplace_prior,R1,validation,P0_legacy,KR7005300009_t,1862,1.1026701678263735,0.3485499462943072,0.1723085092260719,0.0,0.6696418804500882,1.1026701678263735,642,649,571,0.0,a5000,prior_R1
prior_global,0,train_P3_Laplace_prior,R1,validation,P0_legacy,KR7005380001_t,1862,0.9904645783755158,0.7459720730397422,0.284835435250692,0.0,0.5916610123884476,0.9904645783755156,226,1389,247,0.0,a5000,prior_R1
prior_global,0,train_P3_Laplace_prior,R1,validation,P0_legacy,KR7005440003_t,1862,1.0056748391152672,0.692266380236305,0.2727176557706548,0.0,0.6022273780780758,1.0056748391152672,281,1289,292,0.0,a5000,prior_R1
prior_global,0,train_P3_Laplace_prior,R1,validation,P0_legacy,KR7005490008_t,1862,1.0626596853442754,0.4892588614393126,0.2190167087390311,0.0,0.6418622272354189,1.0626596853442754,502,911,449,0.0,a5000,prior_R1
prior_global,0,train_P3_Laplace_prior,R1,validation,P0_legacy,KR7005830005_t,1862,1.0787230173353304,0.4344790547798066,0.2019218769499563,0.0,0.6529692931706919,1.0787230173353302,544,809,509,0.0,a5000,prior_R1
prior_global,0,train_P3_Laplace_prior,R1,validation,P0_legacy,KR7005930003_t,1862,1.1249120348134745,0.2776584317937701,0.1448788006165055,0.0,0.6848882870618853,1.124912034813475,659,517,686,0.0,a5000,prior_R1
prior_global,0,train_P3_Laplace_prior,R1,validation,P0_legacy,KR7006400006_t,1862,1.02390148722302,0.6321160042964554,0.2581989689590874,0.0,0.6147765169919256,1.02390148722302,312,1177,373,0.0,a5000,prior_R1
prior_global,0,train_P3_Laplace_prior,R1,validation,P0_legacy,KR7006800007_t,1862,1.0973745433325717,0.3732545649838883,0.1812019293442836,0.0,0.6658021747237768,1.0973745433325717,573,695,594,0.0,a5000,prior_R1
prior_global,0,train_P3_Laplace_prior,R1,validation,P0_legacy,KR7007070006_t,1862,1.0943569277277394,0.3856068743286788,0.1855297157622739,0.0,0.6636604039278131,1.0943569277277394,548,718,596,0.0,a5000,prior_R1
prior_global,0,train_P3_Laplace_prior,R1,validation,P0_legacy,KR7008770000_t,1862,1.081213465169044,0.4215896885069817,0.1977080972169752,0.0,0.6548090994206568,1.0812134651690442,587,785,490,0.0,a5000,prior_R1
prior_global,0,train_P3_Laplace_prior,R1,validation,P0_legacy,KR7009150004_t,1862,1.0706412500167355,0.4645542427497314,0.2114655910035447,0.0,0.6473137579473895,1.0706412500167355,502,865,495,0.0,a5000,prior_R1
prior_global,0,train_P3_Laplace_prior,R1,validation,P1_valid_cache_endpoints,KR7000030007_t,1805,0.9777602959206,0.7900277008310249,0.2942329516145672,0.0,0.5828569944767616,0.9777602959206,181,1426,198,0.0,a5000,prior_R1
prior_global,0,train_P3_Laplace_prior,R1,validation,P1_valid_cache_endpoints,KR7000100008_t,1783,1.0302581807307976,0.6034772854739203,0.2509035793400956,0.0,0.6193583585344115,1.0302581807307971,370,1076,337,0.0,a5000,prior_R1
prior_global,0,train_P3_Laplace_prior,R1,validation,P1_valid_cache_endpoints,KR7000120006_t,1791,1.0253139632057486,0.615857063093244,0.2540889196037779,0.0,0.6160597036076499,1.0253139632057486,395,1103,293,0.0,a5000,prior_R1
prior_global,0,train_P3_Laplace_prior,R1,validation,P1_valid_cache_endpoints,KR7000150003_t,1791,0.9942019814948486,0.7303182579564489,0.2813810906744111,0.0,0.5943231702628151,0.9942019814948484,250,1308,233,0.0,a5000,prior_R1
prior_global,0,train_P3_Laplace_prior,R1,validation,P1_valid_cache_endpoints,KR7000270009_t,1807,1.0541463971731628,0.5240730492529053,0.2292423142096344,0.0,0.6358207836293739,1.0541463971731628,419,947,441,0.0,a5000,prior_R1
prior_global,0,train_P3_Laplace_prior,R1,validation,P1_valid_cache_endpoints,KR7000660001_t,1807,1.1043373908867309,0.3458771444382955,0.1713267543859649,0.0,0.6707139784113508,1.1043373908867309,603,625,579,0.0,a5000,prior_R1
prior_global,0,train_P3_Laplace_prior,R1,validation,P1_valid_cache_endpoints,KR7000720003_t,1807,1.1174524575314269,0.2999446596568899,0.1538243224066978,0.0,0.6798147862104618,1.117452457531427,646,542,619,0.0,a5000,prior_R1
prior_global,0,train_P3_Laplace_prior,R1,validation,P1_valid_cache_endpoints,KR7000810002_t,1807,1.0572123326399978,0.5102379634753735,0.2252351288628313,0.0,0.6380312734126478,1.0572123326399978,454,922,431,0.0,a5000,prior_R1
prior_global,0,train_P3_Laplace_prior,R1,validation,P1_valid_cache_endpoints,KR7001040005_t,1801,1.0569244383165068,0.5119378123264853,0.2257314236748684,0.0,0.6378129712853231,1.0569244383165068,446,922,433,0.0,a5000,prior_R1
prior_global,0,train_P3_Laplace_prior,R1,validation,P1_valid_cache_endpoints,KR7001450006_t,1805,1.0827351405321004,0.421606648199446,0.1977136918680176,0.0,0.6557217980985133,1.0827351405321006,531,761,513,0.0,a5000,prior_R1
prior_global,0,train_P3_Laplace_prior,R1,validation,P1_valid_cache_endpoints,KR7002380004_t,1803,1.0700825179490736,0.4625623960066555,0.210845657944634,0.0,0.6470318243958612,1.0700825179490734,516,834,453,0.0,a5000,prior_R1
prior_global,0,train_P3_Laplace_prior,R1,validation,P1_valid_cache_endpoints,KR7002550002_t,1801,1.0459380273547434,0.5446973903387007,0.2350826743350107,0.0,0.6303424551254884,1.0459380273547434,456,981,364,0.0,a5000,prior_R1
prior_global,0,train_P3_Laplace_prior,R1,validation,P1_valid_cache_endpoints,KR7002790004_t,1805,1.0426269581951442,0.5606648199445984,0.2394982842267187,0.0,0.627927737557212,1.042626958195144,411,1012,382,0.0,a5000,prior_R1
prior_global,0,train_P3_Laplace_prior,R1,validation,P1_valid_cache_endpoints,KR7003550001_t,1807,1.0646299219430302,0.4897620365246264,0.2191679049034175,0.0,0.6430310809066262,1.0646299219430302,434,885,488,0.0,a5000,prior_R1
prior_global,0,train_P3_Laplace_prior,R1,validation,P1_valid_cache_endpoints,KR7004020004_t,1807,1.095608522414806,0.3768677365799668,0.182475884244373,0.0,0.6646455967101373,1.095608522414806,571,681,555,0.0,a5000,prior_R1
prior_global,0,train_P3_Laplace_prior,R1,validation,P1_valid_cache_endpoints,KR7004170007_t,1780,1.0212582436750397,0.6331460674157303,0.2584565990138746,0.0,0.6131627195769206,1.0212582436750397,355,1127,298,0.0,a5000,prior_R1
prior_global,0,train_P3_Laplace_prior,R1,validation,P1_valid_cache_endpoints,KR7005300009_t,1506,1.1258749682872162,0.2669322709163346,0.140461215932914,0.0,0.6857534858158586,1.1258749682872162,585,402,519,0.0,a5000,prior_R1
prior_global,0,train_P3_Laplace_prior,R1,validation,P1_valid_cache_endpoints,KR7005380001_t,1807,0.9926948292598414,0.738240177089098,0.2831370052000425,0.0,0.59320651075339,0.9926948292598412,226,1334,247,0.0,a5000,prior_R1
prior_global,0,train_P3_Laplace_prior,R1,validation,P1_valid_cache_endpoints,KR7005440003_t,1737,1.010432817039026,0.6758779504893494,0.2688652238635062,0.0,0.6055216596913897,1.0104328170390258,275,1174,288,0.0,a5000,prior_R1
prior_global,0,train_P3_Laplace_prior,R1,validation,P1_valid_cache_endpoints,KR7005490008_t,1807,1.0670873523233888,0.4737133370226895,0.2142946551508323,0.0,0.6449357094501584,1.0670873523233888,502,856,449,0.0,a5000,prior_R1
prior_global,0,train_P3_Laplace_prior,R1,validation,P1_valid_cache_endpoints,KR7005830005_t,1797,1.0838685981238012,0.4168057874234835,0.1961246399581042,0.0,0.6565305939062346,1.0838685981238012,539,749,509,0.0,a5000,prior_R1
prior_global,0,train_P3_Laplace_prior,R1,validation,P1_valid_cache_endpoints,KR7005930003_t,1807,1.1310556947996977,0.2562257885998893,0.1359765051395007,0.0,0.689149242883796,1.1310556947996977,659,463,685,0.0,a5000,prior_R1
prior_global,0,train_P3_Laplace_prior,R1,validation,P1_valid_cache_endpoints,KR7006400006_t,1807,1.0271494636118352,0.6209186496956282,0.2553772618641174,0.0,0.6170255863326243,1.0271494636118352,312,1122,373,0.0,a5000,prior_R1
prior_global,0,train_P3_Laplace_prior,R1,validation,P1_valid_cache_endpoints,KR7006800007_t,1797,1.10311410646579,0.3533667223149694,0.1740679824561403,0.0,0.6697792492329924,1.10311410646579,570,635,592,0.0,a5000,prior_R1
prior_global,0,train_P3_Laplace_prior,R1,validation,P1_valid_cache_endpoints,KR7007070006_t,1796,1.1003681821609772,0.3646993318485523,0.1781585747314021,0.0,0.667827836535874,1.1003681821609774,547,655,594,0.0,a5000,prior_R1
prior_global,0,train_P3_Laplace_prior,R1,validation,P1_valid_cache_endpoints,KR7008770000_t,1805,1.0862542957809616,0.4038781163434903,0.191791633780584,0.0,0.6583085660308406,1.0862542957809616,586,729,490,0.0,a5000,prior_R1
prior_global,0,train_P3_Laplace_prior,R1,validation,P1_valid_cache_endpoints,KR7009150004_t,1807,1.0753118533859904,0.448256779192031,0.2063431410011463,0.0,0.650553169431171,1.0753118533859904,502,810,495,0.0,a5000,prior_R1
prior_global,0,train_P3_Laplace_prior,R1,validation,P2_candidate_clock,KR7000030007_t,1617,0.97491340319173,0.8002473716759431,0.2963471888240009,0.0,0.5808748056423981,0.97491340319173,152,1294,171,0.0,a5000,prior_R1
prior_global,0,train_P3_Laplace_prior,R1,validation,P2_candidate_clock,KR7000100008_t,1617,1.0299375781287283,0.6048237476808905,0.2512524084778419,0.0,0.6191298952043882,1.0299375781287283,333,978,306,0.0,a5000,prior_R1
prior_global,0,train_P3_Laplace_prior,R1,validation,P2_candidate_clock,KR7000120006_t,1617,1.023670751989474,0.6221397649969078,0.2556868725378066,0.0,0.6149053087932634,1.0236707519894737,348,1006,263,0.0,a5000,prior_R1
prior_global,0,train_P3_Laplace_prior,R1,validation,P2_candidate_clock,KR7000150003_t,1617,0.9914254210044384,0.7402597402597403,0.2835820895522388,0.0,0.5923906400479153,0.991425421004438,216,1197,204,0.0,a5000,prior_R1
prior_global,0,train_P3_Laplace_prior,R1,validation,P2_candidate_clock,KR7000270009_t,1617,1.0491724461077991,0.5411255411255411,0.2340823970037453,0.0,0.6323791074689156,1.0491724461077991,363,875,379,0.0,a5000,prior_R1
prior_global,0,train_P3_Laplace_prior,R1,validation,P2_candidate_clock,KR7000660001_t,1617,1.1019782954721988,0.3531230674087817,0.1739792809262644,0.0,0.6691041796355751,1.1019782954721988,540,571,506,0.0,a5000,prior_R1
prior_global,0,train_P3_Laplace_prior,R1,validation,P2_candidate_clock,KR7000720003_t,1617,1.115194781792279,0.3073593073593073,0.1567328918322295,0.0,0.6782613290919499,1.1151947817922792,575,497,545,0.0,a5000,prior_R1
prior_global,0,train_P3_Laplace_prior,R1,validation,P2_candidate_clock,KR7000810002_t,1617,1.0543072025610425,0.5200989486703772,0.2280987252508814,0.0,0.6360237454091712,1.0543072025610425,400,841,376,0.0,a5000,prior_R1
prior_global,0,train_P3_Laplace_prior,R1,validation,P2_candidate_clock,KR7001040005_t,1617,1.0553062126320354,0.5170068027210885,0.2272047832585949,0.0,0.6367060845628434,1.0553062126320354,400,836,381,0.0,a5000,prior_R1
prior_global,0,train_P3_Laplace_prior,R1,validation,P2_candidate_clock,KR7001450006_t,1617,1.080099762325779,0.4316635745207173,0.2010079193664506,0.0,0.6538708983152142,1.080099762325779,462,698,457,0.0,a5000,prior_R1
prior_global,0,train_P3_Laplace_prior,R1,validation,P2_candidate_clock,KR7002380004_t,1617,1.0678465113938036,0.4700061842918985,0.2131538353667087,0.0,0.6454905902397906,1.0678465113938036,459,760,398,0.0,a5000,prior_R1
prior_global,0,train_P3_Laplace_prior,R1,validation,P2_candidate_clock,KR7002550002_t,1617,1.0414788668195034,0.5609152752009895,0.239566825145272,0.0,0.6272320617276633,1.0414788668195034,392,907,318,0.0,a5000,prior_R1
prior_global,0,train_P3_Laplace_prior,R1,validation,P2_candidate_clock,KR7002790004_t,1617,1.0385829393552728,0.5739022881880025,0.2430910281597904,0.0,0.62514631243999,1.0385829393552726,363,928,326,0.0,a5000,prior_R1
prior_global,0,train_P3_Laplace_prior,R1,validation,P2_candidate_clock,KR7003550001_t,1617,1.0602883952038245,0.5046382189239332,0.2235922729140978,0.0,0.6400272223316875,1.0602883952038245,378,816,423,0.0,a5000,prior_R1
prior_global,0,train_P3_Laplace_prior,R1,validation,P2_candidate_clock,KR7004020004_t,1617,1.0948660222933837,0.3797155225726654,0.1834752726729418,0.0,0.6641237346452267,1.0948660222933837,507,614,496,0.0,a5000,prior_R1
prior_global,0,train_P3_Laplace_prior,R1,validation,P2_candidate_clock,KR7004170007_t,1617,1.01818121615728,0.6444032158317873,0.2612510969035979,0.0,0.6110146343349095,1.0181812161572796,310,1042,265,0.0,a5000,prior_R1
prior_global,0,train_P3_Laplace_prior,R1,validation,P2_candidate_clock,KR7005300009_t,1617,1.1041198395290812,0.3426097711811997,0.1701212958697988,0.0,0.6706709567436814,1.1041198395290812,568,554,495,0.0,a5000,prior_R1
prior_global,0,train_P3_Laplace_prior,R1,validation,P2_candidate_clock,KR7005380001_t,1617,0.9888842729191584,0.7520098948670377,0.2861513119190493,0.0,0.5905509272783401,0.9888842729191584,188,1216,213,0.0,a5000,prior_R1
prior_global,0,train_P3_Laplace_prior,R1,validation,P2_candidate_clock,KR7005440003_t,1617,1.0055550859132376,0.6926406926406926,0.2728047740835464,0.0,0.6021454870000883,1.0055550859132376,244,1120,253,0.0,a5000,prior_R1
prior_global,0,train_P3_Laplace_prior,R1,validation,P2_candidate_clock,KR7005490008_t,1617,1.0656076824047915,0.4780457637600495,0.2156206415620641,0.0,0.6439317015872082,1.065607682404791,451,773,393,0.0,a5000,prior_R1
prior_global,0,train_P3_Laplace_prior,R1,validation,P2_candidate_clock,KR7005830005_t,1617,1.080446906071493,0.4279529993815708,0.1997978923054713,0.0,0.6541786215755778,1.080446906071493,481,692,444,0.0,a5000,prior_R1
prior_global,0,train_P3_Laplace_prior,R1,validation,P2_candidate_clock,KR7005930003_t,1617,1.1301069691580776,0.259121830550402,0.1371971185330714,0.0,0.6885023327386764,1.1301069691580778,590,419,608,0.0,a5000,prior_R1
prior_global,0,train_P3_Laplace_prior,R1,validation,P2_candidate_clock,KR7006400006_t,1617,1.0230646994636188,0.6363636363636364,0.2592592592592592,0.0,0.6141605724463626,1.0230646994636186,259,1029,329,0.0,a5000,prior_R1
prior_global,0,train_P3_Laplace_prior,R1,validation,P2_candidate_clock,KR7006800007_t,1617,1.1021242228703936,0.3568336425479282,0.1753266484351261,0.0,0.6690923469522891,1.1021242228703936,510,577,530,0.0,a5000,prior_R1
prior_global,0,train_P3_Laplace_prior,R1,validation,P2_candidate_clock,KR7007070006_t,1617,1.0998033802157263,0.3673469387755102,0.1791044776119403,0.0,0.6674179732707,1.0998033802157263,486,594,537,0.0,a5000,prior_R1
prior_global,0,train_P3_Laplace_prior,R1,validation,P2_candidate_clock,KR7008770000_t,1617,1.0844276750889903,0.4106369820655535,0.1940669297091918,0.0,0.6570313516747974,1.0844276750889903,517,664,436,0.0,a5000,prior_R1
prior_global,0,train_P3_Laplace_prior,R1,validation,P2_candidate_clock,KR7009150004_t,1617,1.0738687108694134,0.453308596165739,0.2079432624113475,0.0,0.6495518096768103,1.0738687108694134,445,733,439,0.0,a5000,prior_R1
prior_global,0,train_P3_Laplace_prior,R1,validation,P3_intersection,KR7000030007_t,1610,0.9751643714694272,0.7993788819875777,0.2961684501208146,0.0,0.5810486771186367,0.9751643714694272,152,1287,171,0.0,a5000,prior_R1
prior_global,0,train_P3_Laplace_prior,R1,validation,P3_intersection,KR7000100008_t,1589,1.030164766792001,0.604153555695406,0.2510788544527266,0.0,0.6192841843678362,1.030164766792001,327,960,302,0.0,a5000,prior_R1
prior_global,0,train_P3_Laplace_prior,R1,validation,P3_intersection,KR7000120006_t,1598,1.0240619698182354,0.6207759699624531,0.2553410553410553,0.0,0.615176612450355,1.0240619698182354,345,992,261,0.0,a5000,prior_R1
prior_global,0,train_P3_Laplace_prior,R1,validation,P3_intersection,KR7000150003_t,1598,0.9915900663113532,0.7396745932415519,0.2834532374100719,0.0,0.5925051188372381,0.9915900663113532,214,1182,202,0.0,a5000,prior_R1
prior_global,0,train_P3_Laplace_prior,R1,validation,P3_intersection,KR7000270009_t,1612,1.049581818771529,0.5397022332506204,0.233682514101531,0.0,0.6326629000910042,1.049581818771529,363,870,379,0.0,a5000,prior_R1
prior_global,0,train_P3_Laplace_prior,R1,validation,P3_intersection,KR7000660001_t,1612,1.1023510362437838,0.3517369727047146,0.1734740706746214,0.0,0.6693649926537777,1.1023510362437838,540,567,505,0.0,a5000,prior_R1
prior_global,0,train_P3_Laplace_prior,R1,validation,P3_intersection,KR7000720003_t,1612,1.1158089383756251,0.3052109181141439,0.1558935361216729,0.0,0.6786874362972366,1.1158089383756251,575,492,545,0.0,a5000,prior_R1
prior_global,0,train_P3_Laplace_prior,R1,validation,P3_intersection,KR7000810002_t,1612,1.0547325018887086,0.5186104218362283,0.2276688453159041,0.0,0.6363188427395113,1.0547325018887086,400,836,376,0.0,a5000,prior_R1
prior_global,0,train_P3_Laplace_prior,R1,validation,P3_intersection,KR7001040005_t,1607,1.0556076420162193,0.5158680771624145,0.2268746579091406,0.0,0.6369174770037214,1.0556076420162193,399,829,379,0.0,a5000,prior_R1
prior_global,0,train_P3_Laplace_prior,R1,validation,P3_intersection,KR7001450006_t,1610,1.080607391881103,0.4298136645962733,0.2004054445409788,0.0,0.6542250829382927,1.0806073918811032,462,692,456,0.0,a5000,prior_R1
prior_global,0,train_P3_Laplace_prior,R1,validation,P3_intersection,KR7002380004_t,1608,1.0682878936044586,0.4682835820895522,0.2126217704362558,0.0,0.645801609551106,1.0682878936044586,459,753,396,0.0,a5000,prior_R1
prior_global,0,train_P3_Laplace_prior,R1,validation,P3_intersection,KR7002550002_t,1607,1.0418501934909798,0.5594275046670815,0.2391593508911944,0.0,0.6274947499613946,1.0418501934909798,392,899,316,0.0,a5000,prior_R1
prior_global,0,train_P3_Laplace_prior,R1,validation,P3_intersection,KR7002790004_t,1611,1.0388794974194555,0.5729360645561763,0.2428308339910549,0.0,0.6253501604291443,1.0388794974194555,362,923,326,0.0,a5000,prior_R1
prior_global,0,train_P3_Laplace_prior,R1,validation,P3_intersection,KR7003550001_t,1612,1.060732246617852,0.5031017369727047,0.2231393589214472,0.0,0.6403347373944175,1.0607322466178517,378,811,423,0.0,a5000,prior_R1
prior_global,0,train_P3_Laplace_prior,R1,validation,P3_intersection,KR7004020004_t,1612,1.0954171244117827,0.3777915632754342,0.1828005402971634,0.0,0.6645059907511129,1.095417124411783,507,609,496,0.0,a5000,prior_R1
prior_global,0,train_P3_Laplace_prior,R1,validation,P3_intersection,KR7004170007_t,1587,1.0190971856935709,0.6414618777567738,0.2605246321177223,0.0,0.61164310108172,1.0190971856935709,305,1018,264,0.0,a5000,prior_R1
prior_global,0,train_P3_Laplace_prior,R1,validation,P3_intersection,KR7005300009_t,1328,1.121635908868869,0.2808734939759036,0.1461885165588869,0.0,0.6828361643875397,1.121635908868869,511,373,444,0.0,a5000,prior_R1
prior_global,0,train_P3_Laplace_prior,R1,validation,P3_intersection,KR7005380001_t,1612,0.989106647527092,0.7512406947890818,0.2859841775888534,0.0,0.5907049798874306,0.989106647527092,188,1211,213,0.0,a5000,prior_R1
prior_global,0,train_P3_Laplace_prior,R1,validation,P3_intersection,KR7005440003_t,1548,1.007687665276398,0.6854005167958657,0.2711128146160725,0.0,0.6036192001832884,1.007687665276398,238,1061,249,0.0,a5000,prior_R1
prior_global,0,train_P3_Laplace_prior,R1,validation,P3_intersection,KR7005490008_t,1612,1.0660680328485983,0.4764267990074441,0.215126050420168,0.0,0.6442513273176045,1.0660680328485983,451,768,393,0.0,a5000,prior_R1
prior_global,0,train_P3_Laplace_prior,R1,validation,P3_intersection,KR7005830005_t,1603,1.0810910700767815,0.4260761072988147,0.1991834354039078,0.0,0.6546154629599926,1.0810910700767815,476,683,444,0.0,a5000,prior_R1
prior_global,0,train_P3_Laplace_prior,R1,validation,P3_intersection,KR7005930003_t,1612,1.1305669576768274,0.2574441687344913,0.1364907087650057,0.0,0.688823313725561,1.1305669576768276,590,415,607,0.0,a5000,prior_R1
prior_global,0,train_P3_Laplace_prior,R1,validation,P3_intersection,KR7006400006_t,1612,1.023393092764308,0.6352357320099256,0.2589782498735458,0.0,0.6143878559647833,1.0233930927643078,259,1024,329,0.0,a5000,prior_R1
prior_global,0,train_P3_Laplace_prior,R1,validation,P3_intersection,KR7006800007_t,1602,1.1029831791393714,0.3539325842696629,0.1742738589211618,0.0,0.6696855211381035,1.1029831791393716,507,567,528,0.0,a5000,prior_R1
prior_global,0,train_P3_Laplace_prior,R1,validation,P3_intersection,KR7007070006_t,1602,1.1009534626755837,0.3632958801498127,0.1776556776556776,0.0,0.6682166590231252,1.100953462675584,485,582,535,0.0,a5000,prior_R1
prior_global,0,train_P3_Laplace_prior,R1,validation,P3_intersection,KR7008770000_t,1610,1.0849991411955546,0.408695652173913,0.1934156378600823,0.0,0.6574262934956073,1.0849991411955549,516,658,436,0.0,a5000,prior_R1
prior_global,0,train_P3_Laplace_prior,R1,validation,P3_intersection,KR7009150004_t,1612,1.0743546848506416,0.4516129032258064,0.2074074074074074,0.0,0.6498888675042584,1.0743546848506416,445,728,439,0.0,a5000,prior_R1
prior_per_asset,0,train_P3_Laplace_prior,R2,rolling_evaluation,P0_legacy,KR7000030007_t,1254,0.8332375813059317,0.751993620414673,0.2861477772720376,0.0,0.4748531344356737,0.833237581305932,138,943,173,0.0,a5000,prior_R2
prior_per_asset,0,train_P3_Laplace_prior,R2,rolling_evaluation,P0_legacy,KR7000100008_t,1254,1.051109716050039,0.5303030303030303,0.231023102310231,0.0,0.6335478389012152,1.0511097160500391,273,665,316,0.0,a5000,prior_R2
prior_per_asset,0,train_P3_Laplace_prior,R2,rolling_evaluation,P0_legacy,KR7000120006_t,1254,0.906202845308129,0.6921850079744817,0.2726987119070059,0.0,0.5287571657282129,0.906202845308129,199,868,187,0.0,a5000,prior_R2
prior_per_asset,0,train_P3_Laplace_prior,R2,rolling_evaluation,P0_legacy,KR7000150003_t,1254,1.076119077255131,0.4425837320574162,0.2045328911000552,0.0,0.6510368056392442,1.076119077255131,350,555,349,0.0,a5000,prior_R2
prior_per_asset,0,train_P3_Laplace_prior,R2,rolling_evaluation,P0_legacy,KR7000270009_t,1254,1.0389711571049842,0.5940988835725678,0.2484575621143905,0.0,0.6255866325827047,1.0389711571049842,282,745,227,0.0,a5000,prior_R2
prior_per_asset,0,train_P3_Laplace_prior,R2,rolling_evaluation,P0_legacy,KR7000660001_t,1254,1.0873779329248934,0.4633173843700159,0.2110808356039963,0.0,0.6590997664794177,1.0873779329248934,340,581,333,0.0,a5000,prior_R2
prior_per_asset,0,train_P3_Laplace_prior,R2,rolling_evaluation,P0_legacy,KR7000720003_t,1254,1.1076542507435083,0.3532695374800638,0.1740326065605971,0.0,0.6722676902308755,1.1076542507435083,443,439,372,0.0,a5000,prior_R2
prior_per_asset,0,train_P3_Laplace_prior,R2,rolling_evaluation,P0_legacy,KR7000810002_t,1254,1.000643476008796,0.5853269537480064,0.2461435278336686,0.0,0.5972994322832716,1.000643476008796,272,734,248,1.1102230246251563e-16,a5000,prior_R2
prior_per_asset,0,train_P3_Laplace_prior,R2,rolling_evaluation,P0_legacy,KR7001040005_t,1254,1.0600707108877527,0.5470494417862839,0.2357388316151203,0.0,0.6401426184120454,1.0600707108877527,265,686,303,0.0,a5000,prior_R2
prior_per_asset,0,train_P3_Laplace_prior,R2,rolling_evaluation,P0_legacy,KR7001450006_t,1254,1.077539182338424,0.5199362041467305,0.2280517663518712,0.0,0.652328996322987,1.0775391823384242,280,652,322,0.0,a5000,prior_R2
prior_per_asset,0,train_P3_Laplace_prior,R2,rolling_evaluation,P0_legacy,KR7002380004_t,1254,1.1036580578782138,0.2814992025518341,0.1464426467537855,0.0,0.6700417635085434,1.1036580578782138,353,599,302,0.0,a5000,prior_R2
prior_per_asset,0,train_P3_Laplace_prior,R2,rolling_evaluation,P0_legacy,KR7002550002_t,1254,1.004180506931855,0.7065390749601276,0.27601246105919,0.0,0.6013527101511779,1.004180506931855,203,886,165,0.0,a5000,prior_R2
prior_per_asset,0,train_P3_Laplace_prior,R2,rolling_evaluation,P0_legacy,KR7002790004_t,1254,0.9718052480041915,0.6419457735247209,0.2606443257244617,0.0,0.5767849749081656,0.9718052480041918,220,805,229,0.0,a5000,prior_R2
prior_per_asset,0,train_P3_Laplace_prior,R2,rolling_evaluation,P0_legacy,KR7003550001_t,1254,1.094629852914429,0.4019138755980861,0.1911262798634812,0.0,0.6639905484115978,1.094629852914429,392,504,358,0.0,a5000,prior_R2
prior_per_asset,0,train_P3_Laplace_prior,R2,rolling_evaluation,P0_legacy,KR7004020004_t,1254,1.085121024259898,0.4784688995215311,0.2157497303128371,0.0,0.657726083306053,1.085121024259898,358,600,296,0.0,a5000,prior_R2
prior_per_asset,0,train_P3_Laplace_prior,R2,rolling_evaluation,P0_legacy,KR7004170007_t,1254,1.056140266971351,0.4800637958532695,0.216235632183908,0.0,0.6361787171733316,1.056140266971351,304,602,348,0.0,a5000,prior_R2
prior_per_asset,0,train_P3_Laplace_prior,R2,rolling_evaluation,P0_legacy,KR7005300009_t,1254,1.2981928497284594,0.2735247208931419,0.1431851388019202,0.0,0.7702852343450565,1.2981928497284596,343,532,379,0.0,a5000,prior_R2
prior_per_asset,0,train_P3_Laplace_prior,R2,rolling_evaluation,P0_legacy,KR7005380001_t,1254,0.8596826012016056,0.6722488038277512,0.268001907486886,0.0,0.4943499101700753,0.8596826012016056,217,843,194,0.0,a5000,prior_R2
prior_per_asset,0,train_P3_Laplace_prior,R2,rolling_evaluation,P0_legacy,KR7005440003_t,1254,0.9459512290206504,0.6578947368421053,0.2645502645502646,0.0,0.5577922109397941,0.9459512290206504,213,825,216,0.0,a5000,prior_R2
prior_per_asset,0,train_P3_Laplace_prior,R2,rolling_evaluation,P0_legacy,KR7005490008_t,1254,1.0392341951833088,0.5015948963317385,0.2226942821738361,0.0,0.6245956800936677,1.039234195183309,325,629,300,0.0,a5000,prior_R2
prior_per_asset,0,train_P3_Laplace_prior,R2,rolling_evaluation,P0_legacy,KR7005830005_t,1254,1.0954906038618748,0.5055821371610846,0.2238700564971751,0.0,0.6645807363146659,1.0954906038618748,302,634,318,0.0,a5000,prior_R2
prior_per_asset,0,train_P3_Laplace_prior,R2,rolling_evaluation,P0_legacy,KR7005930003_t,1254,1.0717862853537412,0.3771929824561403,0.1825902335456475,0.0,0.6498005638450592,1.0717862853537414,502,279,473,0.0,a5000,prior_R2
prior_per_asset,0,train_P3_Laplace_prior,R2,rolling_evaluation,P0_legacy,KR7006400006_t,1254,0.8116562303428706,0.7607655502392344,0.2880434782608695,0.0,0.4591901538593832,0.8116562303428707,146,954,154,0.0,a5000,prior_R2
prior_per_asset,0,train_P3_Laplace_prior,R2,rolling_evaluation,P0_legacy,KR7006800007_t,1254,1.109601375027197,0.3205741626794258,0.1618357487922705,0.0,0.6745945042991249,1.1096013750271971,468,402,384,0.0,a5000,prior_R2
prior_per_asset,0,train_P3_Laplace_prior,R2,rolling_evaluation,P0_legacy,KR7007070006_t,1254,1.1107904621991058,0.2703349282296651,0.1418706842435656,0.0,0.6748214222241959,1.1107904621991058,339,567,348,0.0,a5000,prior_R2
prior_per_asset,0,train_P3_Laplace_prior,R2,rolling_evaluation,P0_legacy,KR7008770000_t,1254,1.112956959739723,0.3516746411483253,0.1734513274336283,0.0,0.676543392837379,1.1129569597397229,396,441,417,0.0,a5000,prior_R2
prior_per_asset,0,train_P3_Laplace_prior,R2,rolling_evaluation,P0_legacy,KR7009150004_t,1254,1.0981558770968831,0.3684210526315789,0.1794871794871795,0.0,0.6663991760787494,1.0981558770968831,402,462,390,0.0,a5000,prior_R2
prior_per_asset,0,train_P3_Laplace_prior,R2,rolling_evaluation,P1_valid_cache_endpoints,KR7000030007_t,1221,0.8388781426386985,0.7452907452907452,0.2846863757234475,0.0,0.4789344027847053,0.8388781426386985,138,910,173,0.0,a5000,prior_R2
prior_per_asset,0,train_P3_Laplace_prior,R2,rolling_evaluation,P1_valid_cache_endpoints,KR7000100008_t,1215,1.0552675265850655,0.516872427983539,0.2271658527762705,0.0,0.6364309565134246,1.0552675265850655,272,628,315,0.0,a5000,prior_R2
prior_per_asset,0,train_P3_Laplace_prior,R2,rolling_evaluation,P1_valid_cache_endpoints,KR7000120006_t,1188,0.9139456090461724,0.680976430976431,0.2700717743281589,0.0,0.5343481134304491,0.9139456090461724,196,809,183,0.0,a5000,prior_R2
prior_per_asset,0,train_P3_Laplace_prior,R2,rolling_evaluation,P1_valid_cache_endpoints,KR7000150003_t,1200,1.086442964590279,0.4258333333333333,0.1991038379115527,0.0,0.6584206912667143,1.086442964590279,344,511,345,0.0,a5000,prior_R2
prior_per_asset,0,train_P3_Laplace_prior,R2,rolling_evaluation,P1_valid_cache_endpoints,KR7000270009_t,1221,1.0417114745523472,0.5831285831285832,0.2455595792377996,0.0,0.6274830260238952,1.0417114745523472,282,712,227,0.0,a5000,prior_R2
prior_per_asset,0,train_P3_Laplace_prior,R2,rolling_evaluation,P1_valid_cache_endpoints,KR7000660001_t,1221,1.0887590833798102,0.4488124488124488,0.206519690974185,0.0,0.6600295588240316,1.08875908337981,340,548,333,0.0,a5000,prior_R2
prior_per_asset,0,train_P3_Laplace_prior,R2,rolling_evaluation,P1_valid_cache_endpoints,KR7000720003_t,1221,1.1033002157855438,0.3628173628173628,0.1774839743589743,0.0,0.6694814560772909,1.1033002157855438,443,406,372,0.0,a5000,prior_R2
prior_per_asset,0,train_P3_Laplace_prior,R2,rolling_evaluation,P1_valid_cache_endpoints,KR7000810002_t,1219,1.006719058126195,0.5734208367514356,0.2429614181438999,0.0,0.601622588479978,1.006719058126195,272,699,248,1.1102230246251563e-16,a5000,prior_R2
prior_per_asset,0,train_P3_Laplace_prior,R2,rolling_evaluation,P1_valid_cache_endpoints,KR7001040005_t,1217,1.0627391647129092,0.5349219391947412,0.2323340471092077,0.0,0.6419661511503038,1.0627391647129092,263,651,303,0.0,a5000,prior_R2
prior_per_asset,0,train_P3_Laplace_prior,R2,rolling_evaluation,P1_valid_cache_endpoints,KR7001450006_t,1215,1.079232217883756,0.5069958847736625,0.2242854542144547,0.0,0.6534765527096348,1.079232217883756,279,616,320,0.0,a5000,prior_R2
prior_per_asset,0,train_P3_Laplace_prior,R2,rolling_evaluation,P1_valid_cache_endpoints,KR7002380004_t,1215,1.1029615340880583,0.2905349794238683,0.1500850340136054,0.0,0.6695747722810903,1.1029615340880583,353,562,300,0.0,a5000,prior_R2
prior_per_asset,0,train_P3_Laplace_prior,R2,rolling_evaluation,P1_valid_cache_endpoints,KR7002550002_t,1179,1.0067112033356844,0.6972010178117048,0.2738630684657671,0.0,0.6031091623158249,1.0067112033356846,197,822,160,0.0,a5000,prior_R2
prior_per_asset,0,train_P3_Laplace_prior,R2,rolling_evaluation,P1_valid_cache_endpoints,KR7002790004_t,1215,0.9767938901741672,0.6320987654320988,0.2581946545637922,0.0,0.5803399419959591,0.9767938901741672,220,768,227,0.0,a5000,prior_R2
prior_per_asset,0,train_P3_Laplace_prior,R2,rolling_evaluation,P1_valid_cache_endpoints,KR7003550001_t,1221,1.0956216741003288,0.3857493857493858,0.185579196217494,0.0,0.6646582419455441,1.0956216741003288,392,471,358,0.0,a5000,prior_R2
prior_per_asset,0,train_P3_Laplace_prior,R2,rolling_evaluation,P1_valid_cache_endpoints,KR7004020004_t,1221,1.086272842653652,0.4643734643734644,0.2114093959731543,0.0,0.6584926472802162,1.086272842653652,358,567,296,0.0,a5000,prior_R2
prior_per_asset,0,train_P3_Laplace_prior,R2,rolling_evaluation,P1_valid_cache_endpoints,KR7004170007_t,1219,1.0657566376866867,0.4659557013945857,0.2119007647826898,0.0,0.6430661433721534,1.0657566376866865,303,568,348,0.0,a5000,prior_R2
prior_per_asset,0,train_P3_Laplace_prior,R2,rolling_evaluation,P1_valid_cache_endpoints,KR7005300009_t,971,1.2033792615801029,0.3141091658084449,0.1593521421107628,0.0,0.7201830299382822,1.203379261580103,305,321,345,0.0,a5000,prior_R2
prior_per_asset,0,train_P3_Laplace_prior,R2,rolling_evaluation,P1_valid_cache_endpoints,KR7005380001_t,1221,0.8722526955458849,0.6633906633906634,0.2658788774002954,0.0,0.5034010643477856,0.8722526955458851,217,810,194,0.0,a5000,prior_R2
prior_per_asset,0,train_P3_Laplace_prior,R2,rolling_evaluation,P1_valid_cache_endpoints,KR7005440003_t,1211,0.9513664306236368,0.6490503715937241,0.2623935903855783,0.0,0.5616553357285186,0.9513664306236368,210,786,215,0.0,a5000,prior_R2
prior_per_asset,0,train_P3_Laplace_prior,R2,rolling_evaluation,P1_valid_cache_endpoints,KR7005490008_t,1221,1.049385238897773,0.4881244881244881,0.218675472390387,0.0,0.631938906093049,1.049385238897773,325,596,300,0.0,a5000,prior_R2
prior_per_asset,0,train_P3_Laplace_prior,R2,rolling_evaluation,P1_valid_cache_endpoints,KR7005830005_t,1211,1.095762891580729,0.4913294797687861,0.2196382428940568,0.0,0.6647626185541866,1.095762891580729,300,595,316,0.0,a5000,prior_R2
prior_per_asset,0,train_P3_Laplace_prior,R2,rolling_evaluation,P1_valid_cache_endpoints,KR7005930003_t,1221,1.0637682227532834,0.3873873873873873,0.1861471861471861,0.0,0.6448314951989598,1.0637682227532836,502,246,473,0.0,a5000,prior_R2
prior_per_asset,0,train_P3_Laplace_prior,R2,rolling_evaluation,P1_valid_cache_endpoints,KR7006400006_t,1219,0.8171159841996694,0.7547169811320755,0.2867383512544803,0.0,0.4631473520987886,0.8171159841996694,145,920,154,0.0,a5000,prior_R2
prior_per_asset,0,train_P3_Laplace_prior,R2,rolling_evaluation,P1_valid_cache_endpoints,KR7006800007_t,1221,1.1149909496652672,0.3022113022113022,0.1547169811320754,0.0,0.6783293141353055,1.1149909496652672,468,369,384,0.0,a5000,prior_R2
prior_per_asset,0,train_P3_Laplace_prior,R2,rolling_evaluation,P1_valid_cache_endpoints,KR7007070006_t,1219,1.109493034923307,0.2780968006562756,0.1450577663671373,0.0,0.6739551029960335,1.109493034923307,339,533,347,0.0,a5000,prior_R2
prior_per_asset,0,train_P3_Laplace_prior,R2,rolling_evaluation,P1_valid_cache_endpoints,KR7008770000_t,1217,1.1206763756897964,0.3327855382087099,0.1664611590628853,0.0,0.6819563065383559,1.1206763756897962,396,405,416,0.0,a5000,prior_R2
prior_per_asset,0,train_P3_Laplace_prior,R2,rolling_evaluation,P1_valid_cache_endpoints,KR7009150004_t,1221,1.1030656885276415,0.3513513513513513,0.1733333333333333,0.0,0.669802223271951,1.1030656885276415,402,429,390,0.0,a5000,prior_R2
prior_per_asset,0,train_P3_Laplace_prior,R2,rolling_evaluation,P2_candidate_clock,KR7000030007_t,1089,0.8307321669027572,0.7548209366391184,0.2867608581894296,0.0,0.473073055020855,0.8307321669027573,120,822,147,0.0,a5000,prior_R2
prior_per_asset,0,train_P3_Laplace_prior,R2,rolling_evaluation,P2_candidate_clock,KR7000100008_t,1089,1.053599251113532,0.5243342516069789,0.2293172690763052,0.0,0.6352112607093306,1.053599251113532,232,571,286,0.0,a5000,prior_R2
prior_per_asset,0,train_P3_Laplace_prior,R2,rolling_evaluation,P2_candidate_clock,KR7000120006_t,1089,0.9031081629835076,0.696969696969697,0.2738095238095238,0.0,0.526475707186809,0.9031081629835076,166,759,164,0.0,a5000,prior_R2
prior_per_asset,0,train_P3_Laplace_prior,R2,rolling_evaluation,P2_candidate_clock,KR7000150003_t,1089,1.0799185498161343,0.4361799816345271,0.2024722932651321,0.0,0.653783032873519,1.079918549816134,309,475,305,0.0,a5000,prior_R2
prior_per_asset,0,train_P3_Laplace_prior,R2,rolling_evaluation,P2_candidate_clock,KR7000270009_t,1089,1.0382363990655006,0.5968778696051423,0.2491853555683343,0.0,0.6250815545796434,1.0382363990655008,244,650,195,0.0,a5000,prior_R2
prior_per_asset,0,train_P3_Laplace_prior,R2,rolling_evaluation,P2_candidate_clock,KR7000660001_t,1089,1.088160776131217,0.4554637281910009,0.2086225026288117,0.0,0.6596257897758652,1.0881607761312169,299,496,294,0.0,a5000,prior_R2
prior_per_asset,0,train_P3_Laplace_prior,R2,rolling_evaluation,P2_candidate_clock,KR7000720003_t,1089,1.105214526231891,0.3599632690541781,0.1764573486383074,0.0,0.6706978427270865,1.105214526231891,392,371,326,0.0,a5000,prior_R2
prior_per_asset,0,train_P3_Laplace_prior,R2,rolling_evaluation,P2_candidate_clock,KR7000810002_t,1089,1.0060107583922815,0.5748393021120294,0.2433430515063167,0.0,0.6011160131057257,1.0060107583922813,243,626,220,1.1102230246251563e-16,a5000,prior_R2
prior_per_asset,0,train_P3_Laplace_prior,R2,rolling_evaluation,P2_candidate_clock,KR7001040005_t,1089,1.060550777528832,0.5454545454545454,0.2352941176470588,0.0,0.6404622288533574,1.0605507775288316,229,594,266,0.0,a5000,prior_R2
prior_per_asset,0,train_P3_Laplace_prior,R2,rolling_evaluation,P2_candidate_clock,KR7001450006_t,1089,1.0783377557756837,0.5160697887970616,0.2269331718150616,0.0,0.6528583419112032,1.0783377557756837,240,562,287,0.0,a5000,prior_R2
prior_per_asset,0,train_P3_Laplace_prior,R2,rolling_evaluation,P2_candidate_clock,KR7002380004_t,1089,1.1034460115922675,0.2846648301193756,0.1477245651655944,0.0,0.6698990018667552,1.1034460115922675,310,518,261,0.0,a5000,prior_R2
prior_per_asset,0,train_P3_Laplace_prior,R2,rolling_evaluation,P2_candidate_clock,KR7002550002_t,1089,1.0040883869613315,0.7070707070707071,0.2761341222879684,0.0,0.6012840483254283,1.0040883869613315,175,770,144,0.0,a5000,prior_R2
prior_per_asset,0,train_P3_Laplace_prior,R2,rolling_evaluation,P2_candidate_clock,KR7002790004_t,1089,0.9693680500953332,0.6464646464646465,0.261758691206544,0.0,0.5750729220406077,0.9693680500953332,191,704,194,0.0,a5000,prior_R2
prior_per_asset,0,train_P3_Laplace_prior,R2,rolling_evaluation,P2_candidate_clock,KR7003550001_t,1089,1.0947470742294545,0.3976124885215794,0.1896627244853263,0.0,0.6640724520808586,1.0947470742294545,354,433,302,0.0,a5000,prior_R2
prior_per_asset,0,train_P3_Laplace_prior,R2,rolling_evaluation,P2_candidate_clock,KR7004020004_t,1089,1.0849678246878256,0.4738292011019284,0.2143302180685358,0.0,0.6576340963882779,1.0849678246878256,319,516,254,0.0,a5000,prior_R2
prior_per_asset,0,train_P3_Laplace_prior,R2,rolling_evaluation,P2_candidate_clock,KR7004170007_t,1089,1.0567795413064167,0.4793388429752066,0.2160148975791433,0.0,0.6366058703172705,1.0567795413064165,263,522,304,0.0,a5000,prior_R2
prior_per_asset,0,train_P3_Laplace_prior,R2,rolling_evaluation,P2_candidate_clock,KR7005300009_t,1089,1.286891292559296,0.2791551882460973,0.1454893515195023,0.0,0.7642667815898605,1.286891292559296,304,450,335,0.0,a5000,prior_R2
prior_per_asset,0,train_P3_Laplace_prior,R2,rolling_evaluation,P2_candidate_clock,KR7005380001_t,1089,0.8584820856345132,0.6730945821854912,0.2682034394438345,0.0,0.4934855989330943,0.8584820856345132,188,733,168,0.0,a5000,prior_R2
prior_per_asset,0,train_P3_Laplace_prior,R2,rolling_evaluation,P2_candidate_clock,KR7005440003_t,1089,0.9462935045503283,0.657483930211203,0.2644506001846722,0.0,0.5580190369047936,0.9462935045503283,184,716,189,0.0,a5000,prior_R2
prior_per_asset,0,train_P3_Laplace_prior,R2,rolling_evaluation,P2_candidate_clock,KR7005490008_t,1089,1.040859085670381,0.4995408631772268,0.2220861400285772,0.0,0.6257527612872316,1.0408590856703812,287,544,258,0.0,a5000,prior_R2
prior_per_asset,0,train_P3_Laplace_prior,R2,rolling_evaluation,P2_candidate_clock,KR7005830005_t,1089,1.095460863813949,0.5078053259871441,0.224522939504669,0.0,0.6645608002083219,1.0954608638139491,260,553,276,0.0,a5000,prior_R2
prior_per_asset,0,train_P3_Laplace_prior,R2,rolling_evaluation,P2_candidate_clock,KR7005930003_t,1089,1.06853221372826,0.3810835629017447,0.1839539007092198,0.0,0.6477839983899443,1.06853221372826,441,233,415,0.0,a5000,prior_R2
prior_per_asset,0,train_P3_Laplace_prior,R2,rolling_evaluation,P2_candidate_clock,KR7006400006_t,1089,0.7989448090823835,0.7750229568411386,0.2910846697706501,0.0,0.4499334455661397,0.7989448090823835,118,844,127,0.0,a5000,prior_R2
prior_per_asset,0,train_P3_Laplace_prior,R2,rolling_evaluation,P2_candidate_clock,KR7006800007_t,1089,1.1139750818414498,0.3057851239669421,0.1561181434599156,0.0,0.6776221642965543,1.1139750818414496,415,333,341,0.0,a5000,prior_R2
prior_per_asset,0,train_P3_Laplace_prior,R2,rolling_evaluation,P2_candidate_clock,KR7007070006_t,1089,1.110494451475361,0.2736455463728191,0.1432347993270848,0.0,0.6746164689414356,1.110494451475361,298,494,297,0.0,a5000,prior_R2
prior_per_asset,0,train_P3_Laplace_prior,R2,rolling_evaluation,P2_candidate_clock,KR7008770000_t,1089,1.1158780919247058,0.3452708907254361,0.171103526734926,0.0,0.6785518289664692,1.1158780919247056,345,376,368,0.0,a5000,prior_R2
prior_per_asset,0,train_P3_Laplace_prior,R2,rolling_evaluation,P2_candidate_clock,KR7009150004_t,1089,1.1005710477221542,0.3599632690541781,0.1764573486383074,0.0,0.6680747998498116,1.100571047722154,354,392,343,0.0,a5000,prior_R2
prior_per_asset,0,train_P3_Laplace_prior,R2,rolling_evaluation,P3_intersection,KR7000030007_t,1089,0.8307321669027572,0.7548209366391184,0.2867608581894296,0.0,0.473073055020855,0.8307321669027573,120,822,147,0.0,a5000,prior_R2
prior_per_asset,0,train_P3_Laplace_prior,R2,rolling_evaluation,P3_intersection,KR7000100008_t,1083,1.053852472210923,0.5235457063711911,0.2290909090909091,0.0,0.6353859576752217,1.053852472210923,231,567,285,0.0,a5000,prior_R2
prior_per_asset,0,train_P3_Laplace_prior,R2,rolling_evaluation,P3_intersection,KR7000120006_t,1058,0.9046499518125116,0.6947069943289225,0.2732849972113776,0.0,0.5275937419487513,0.9046499518125116,163,735,160,0.0,a5000,prior_R2
prior_per_asset,0,train_P3_Laplace_prior,R2,rolling_evaluation,P3_intersection,KR7000150003_t,1072,1.0797576378813585,0.4365671641791044,0.2025974025974025,0.0,0.6536527817137597,1.079757637881358,303,468,301,0.0,a5000,prior_R2
prior_per_asset,0,train_P3_Laplace_prior,R2,rolling_evaluation,P3_intersection,KR7000270009_t,1089,1.0382363990655006,0.5968778696051423,0.2491853555683343,0.0,0.6250815545796434,1.0382363990655008,244,650,195,0.0,a5000,prior_R2
prior_per_asset,0,train_P3_Laplace_prior,R2,rolling_evaluation,P3_intersection,KR7000660001_t,1089,1.088160776131217,0.4554637281910009,0.2086225026288117,0.0,0.6596257897758652,1.0881607761312169,299,496,294,0.0,a5000,prior_R2
prior_per_asset,0,train_P3_Laplace_prior,R2,rolling_evaluation,P3_intersection,KR7000720003_t,1089,1.105214526231891,0.3599632690541781,0.1764573486383074,0.0,0.6706978427270865,1.105214526231891,392,371,326,0.0,a5000,prior_R2
prior_per_asset,0,train_P3_Laplace_prior,R2,rolling_evaluation,P3_intersection,KR7000810002_t,1087,1.0064099692996034,0.5740570377184913,0.2431326709526592,0.0,0.6014000718641734,1.0064099692996034,243,624,220,1.1102230246251563e-16,a5000,prior_R2
prior_per_asset,0,train_P3_Laplace_prior,R2,rolling_evaluation,P3_intersection,KR7001040005_t,1085,1.0605914852449747,0.5456221198156682,0.2353408865036772,0.0,0.640484970058229,1.0605914852449747,227,592,266,0.0,a5000,prior_R2
prior_per_asset,0,train_P3_Laplace_prior,R2,rolling_evaluation,P3_intersection,KR7001450006_t,1083,1.078305276835901,0.5161588180978762,0.2269589930978481,0.0,0.6528371767424995,1.078305276835901,239,559,285,0.0,a5000,prior_R2
prior_per_asset,0,train_P3_Laplace_prior,R2,rolling_evaluation,P3_intersection,KR7002380004_t,1083,1.1033397991131515,0.286241920590951,0.1483608518784398,0.0,0.6698275057989123,1.1033397991131515,310,514,259,0.0,a5000,prior_R2
prior_per_asset,0,train_P3_Laplace_prior,R2,rolling_evaluation,P3_intersection,KR7002550002_t,1052,1.0043334035641198,0.7062737642585551,0.2759517177344475,0.0,0.601451463445366,1.0043334035641198,169,743,140,0.0,a5000,prior_R2
prior_per_asset,0,train_P3_Laplace_prior,R2,rolling_evaluation,P3_intersection,KR7002790004_t,1083,0.9693718254271292,0.6463527239150508,0.2617311647036829,0.0,0.5750844617770628,0.9693718254271292,191,700,192,0.0,a5000,prior_R2
prior_per_asset,0,train_P3_Laplace_prior,R2,rolling_evaluation,P3_intersection,KR7003550001_t,1089,1.0947470742294545,0.3976124885215794,0.1896627244853263,0.0,0.6640724520808586,1.0947470742294545,354,433,302,0.0,a5000,prior_R2
prior_per_asset,0,train_P3_Laplace_prior,R2,rolling_evaluation,P3_intersection,KR7004020004_t,1089,1.0849678246878256,0.4738292011019284,0.2143302180685358,0.0,0.6576340963882779,1.0849678246878256,319,516,254,0.0,a5000,prior_R2
prior_per_asset,0,train_P3_Laplace_prior,R2,rolling_evaluation,P3_intersection,KR7004170007_t,1087,1.056863345614932,0.4793008279668813,0.2160033167495854,0.0,0.6366536435305304,1.056863345614932,262,521,304,0.0,a5000,prior_R2
prior_per_asset,0,train_P3_Laplace_prior,R2,rolling_evaluation,P3_intersection,KR7005300009_t,857,1.2076537009737316,0.3127187864644107,0.1588148148148148,0.0,0.7224160665300484,1.2076537009737316,268,287,302,0.0,a5000,prior_R2
prior_per_asset,0,train_P3_Laplace_prior,R2,rolling_evaluation,P3_intersection,KR7005380001_t,1089,0.8584820856345132,0.6730945821854912,0.2682034394438345,0.0,0.4934855989330943,0.8584820856345132,188,733,168,0.0,a5000,prior_R2
prior_per_asset,0,train_P3_Laplace_prior,R2,rolling_evaluation,P3_intersection,KR7005440003_t,1080,0.9458615486754676,0.6583333333333333,0.2646566164154104,0.0,0.5576940411582819,0.9458615486754676,181,711,188,0.0,a5000,prior_R2
prior_per_asset,0,train_P3_Laplace_prior,R2,rolling_evaluation,P3_intersection,KR7005490008_t,1089,1.040859085670381,0.4995408631772268,0.2220861400285772,0.0,0.6257527612872316,1.0408590856703812,287,544,258,0.0,a5000,prior_R2
prior_per_asset,0,train_P3_Laplace_prior,R2,rolling_evaluation,P3_intersection,KR7005830005_t,1079,1.095477880058518,0.5069508804448564,0.2242722427224272,0.0,0.6645721628575731,1.0954778800585183,258,547,274,0.0,a5000,prior_R2
prior_per_asset,0,train_P3_Laplace_prior,R2,rolling_evaluation,P3_intersection,KR7005930003_t,1089,1.06853221372826,0.3810835629017447,0.1839539007092198,0.0,0.6477839983899443,1.06853221372826,441,233,415,0.0,a5000,prior_R2
prior_per_asset,0,train_P3_Laplace_prior,R2,rolling_evaluation,P3_intersection,KR7006400006_t,1087,0.7985259455559655,0.7755289788408464,0.2911917098445596,0.0,0.4496194150927965,0.7985259455559655,117,843,127,0.0,a5000,prior_R2
prior_per_asset,0,train_P3_Laplace_prior,R2,rolling_evaluation,P3_intersection,KR7006800007_t,1089,1.1139750818414498,0.3057851239669421,0.1561181434599156,0.0,0.6776221642965543,1.1139750818414496,415,333,341,0.0,a5000,prior_R2
prior_per_asset,0,train_P3_Laplace_prior,R2,rolling_evaluation,P3_intersection,KR7007070006_t,1087,1.1104392642955163,0.2741490340386384,0.1434416365824307,0.0,0.6745787974547622,1.1104392642955163,298,493,296,0.0,a5000,prior_R2
prior_per_asset,0,train_P3_Laplace_prior,R2,rolling_evaluation,P3_intersection,KR7008770000_t,1085,1.11643226022932,0.343778801843318,0.1705532693187014,0.0,0.678947708560851,1.1164322602293195,345,373,367,0.0,a5000,prior_R2
prior_per_asset,0,train_P3_Laplace_prior,R2,rolling_evaluation,P3_intersection,KR7009150004_t,1089,1.1005710477221542,0.3599632690541781,0.1764573486383074,0.0,0.6680747998498116,1.100571047722154,354,392,343,0.0,a5000,prior_R2
prior_per_asset,0,train_P3_Laplace_prior,R2,validation,P0_legacy,KR7000030007_t,1862,0.8359104478727502,0.7475832438238453,0.2851874615857406,0.0,0.4770564799060904,0.8359104478727503,230,1392,240,0.0,a5000,prior_R2
prior_per_asset,0,train_P3_Laplace_prior,R2,validation,P0_legacy,KR7000100008_t,1862,1.0398131413972815,0.560687432867884,0.2395044735030971,0.0,0.625899749837237,1.0398131413972818,420,1044,398,0.0,a5000,prior_R2
prior_per_asset,0,train_P3_Laplace_prior,R2,validation,P0_legacy,KR7000120006_t,1862,0.9377567767341664,0.6460794844253491,0.2616639477977162,0.0,0.5516075215704646,0.9377567767341664,353,1203,306,0.0,a5000,prior_R2
prior_per_asset,0,train_P3_Laplace_prior,R2,validation,P0_legacy,KR7000150003_t,1862,0.974868337257016,0.6058002148227712,0.251505016722408,0.0,0.5787475801803466,0.974868337257016,397,1128,337,0.0,a5000,prior_R2
prior_per_asset,0,train_P3_Laplace_prior,R2,validation,P0_legacy,KR7000270009_t,1862,1.05945582987713,0.5139634801288937,0.2263213905640298,0.0,0.6397235799072737,1.0594558298771302,486,957,419,0.0,a5000,prior_R2
prior_per_asset,0,train_P3_Laplace_prior,R2,validation,P0_legacy,KR7000660001_t,1862,1.0996336259723165,0.3345864661654135,0.1671361502347418,0.0,0.6673503713903443,1.0996336259723165,626,623,613,0.0,a5000,prior_R2
prior_per_asset,0,train_P3_Laplace_prior,R2,validation,P0_legacy,KR7000720003_t,1862,1.1039503333719225,0.3254564983888292,0.1636952998379254,0.0,0.6701279735304774,1.1039503333719225,606,602,654,0.0,a5000,prior_R2
prior_per_asset,0,train_P3_Laplace_prior,R2,validation,P0_legacy,KR7000810002_t,1862,1.0160015909989168,0.5547798066595059,0.2378814047207829,0.0,0.6082658080015709,1.0160015909989168,413,1033,416,1.1102230246251563e-16,a5000,prior_R2
prior_per_asset,0,train_P3_Laplace_prior,R2,validation,P0_legacy,KR7001040005_t,1862,1.052835535836509,0.5682062298603652,0.2415525114155251,0.0,0.6353671832593093,1.052835535836509,440,1058,364,0.0,a5000,prior_R2
prior_per_asset,0,train_P3_Laplace_prior,R2,validation,P0_legacy,KR7001450006_t,1862,1.0845593521808303,0.4613319011815252,0.2104618400098002,0.0,0.6571137301441404,1.0845593521808303,489,859,514,0.0,a5000,prior_R2
prior_per_asset,0,train_P3_Laplace_prior,R2,validation,P0_legacy,KR7002380004_t,1862,1.103990445181556,0.2728249194414608,0.1428973277074543,0.0,0.6702708532501445,1.103990445181556,508,852,502,0.0,a5000,prior_R2
prior_per_asset,0,train_P3_Laplace_prior,R2,validation,P0_legacy,KR7002550002_t,1862,1.0530084375016897,0.5322234156820623,0.2315691085407174,0.0,0.6350978536820823,1.0530084375016893,432,991,439,0.0,a5000,prior_R2
prior_per_asset,0,train_P3_Laplace_prior,R2,validation,P0_legacy,KR7002790004_t,1862,0.9875202682542172,0.6100966702470462,0.2526128530131198,0.0,0.5880539500900711,0.9875202682542172,374,1136,352,0.0,a5000,prior_R2
prior_per_asset,0,train_P3_Laplace_prior,R2,validation,P0_legacy,KR7003550001_t,1862,1.0935222095864443,0.4242749731471536,0.1985922574157868,0.0,0.663239494266153,1.0935222095864443,526,790,546,0.0,a5000,prior_R2
prior_per_asset,0,train_P3_Laplace_prior,R2,validation,P0_legacy,KR7004020004_t,1862,1.093235542095499,0.4038668098818475,0.1917878092323387,0.0,0.6630886920422583,1.0932355420954984,573,752,537,0.0,a5000,prior_R2
prior_per_asset,0,train_P3_Laplace_prior,R2,validation,P0_legacy,KR7004170007_t,1862,0.9860732538274142,0.5800214822771214,0.2447314751869476,0.0,0.5864045520054963,0.986073253827414,401,1080,381,0.0,a5000,prior_R2
prior_per_asset,0,train_P3_Laplace_prior,R2,validation,P0_legacy,KR7005300009_t,1862,1.2327300104774794,0.3383458646616541,0.1685393258426966,0.0,0.7335398503301336,1.2327300104774794,630,682,550,0.0,a5000,prior_R2
prior_per_asset,0,train_P3_Laplace_prior,R2,validation,P0_legacy,KR7005380001_t,1862,0.7971100601708615,0.7164339419978518,0.278264497288277,0.0,0.4492437793189549,0.7971100601708617,252,1334,276,0.0,a5000,prior_R2
prior_per_asset,0,train_P3_Laplace_prior,R2,validation,P0_legacy,KR7005440003_t,1862,0.9773320875894956,0.6052631578947368,0.2513661202185792,0.0,0.580340246777095,0.9773320875894952,374,1127,361,0.0,a5000,prior_R2
prior_per_asset,0,train_P3_Laplace_prior,R2,validation,P0_legacy,KR7005490008_t,1862,1.0660951819894418,0.4656283566058002,0.2117991938438988,0.0,0.644084675003217,1.066095181989442,498,867,497,0.0,a5000,prior_R2
prior_per_asset,0,train_P3_Laplace_prior,R2,validation,P0_legacy,KR7005830005_t,1862,1.0956669806086443,0.4897959183673469,0.2191780821917808,0.0,0.664699244468683,1.0956669806086443,481,912,469,0.0,a5000,prior_R2
prior_per_asset,0,train_P3_Laplace_prior,R2,validation,P0_legacy,KR7005930003_t,1862,1.07840883830096,0.3963480128893663,0.1892307692307692,0.0,0.6538942329459475,1.0784088383009602,677,447,738,0.0,a5000,prior_R2
prior_per_asset,0,train_P3_Laplace_prior,R2,validation,P0_legacy,KR7006400006_t,1862,0.829094129402453,0.7411385606874329,0.283775447254781,0.0,0.471905751699913,0.8290941294024532,239,1380,243,0.0,a5000,prior_R2
prior_per_asset,0,train_P3_Laplace_prior,R2,validation,P0_legacy,KR7006800007_t,1862,1.127986088208741,0.2722878625134264,0.1426762346981848,0.0,0.686928807754517,1.127986088208741,686,507,669,0.0,a5000,prior_R2
prior_per_asset,0,train_P3_Laplace_prior,R2,validation,P0_legacy,KR7007070006_t,1862,1.107518583517876,0.2883995703544575,0.1492288453522301,0.0,0.6726438776186333,1.1075185835178765,537,763,562,0.0,a5000,prior_R2
prior_per_asset,0,train_P3_Laplace_prior,R2,validation,P0_legacy,KR7008770000_t,1862,1.115092069297125,0.3394199785177229,0.1689387864207431,0.0,0.6784173451448557,1.1150920692971242,639,632,591,0.0,a5000,prior_R2
prior_per_asset,0,train_P3_Laplace_prior,R2,validation,P0_legacy,KR7009150004_t,1862,1.0773552046610342,0.4430719656283566,0.2046892445106066,0.0,0.6519192735012787,1.0773552046610342,512,825,525,0.0,a5000,prior_R2
prior_per_asset,0,train_P3_Laplace_prior,R2,validation,P1_valid_cache_endpoints,KR7000030007_t,1813,0.8416232488424576,0.740761169332598,0.2836924376848331,0.0,0.4811972981327008,0.8416232488424579,230,1343,240,0.0,a5000,prior_R2
prior_per_asset,0,train_P3_Laplace_prior,R2,validation,P1_valid_cache_endpoints,KR7000100008_t,1801,1.0433779295235686,0.5491393670183231,0.2363201911589008,0.0,0.628372655114892,1.0433779295235688,416,989,396,0.0,a5000,prior_R2
prior_per_asset,0,train_P3_Laplace_prior,R2,validation,P1_valid_cache_endpoints,KR7000120006_t,1787,0.9457416134904426,0.6345831001678791,0.2588154741526874,0.0,0.5573636446881056,0.9457416134904424,349,1134,304,0.0,a5000,prior_R2
prior_per_asset,0,train_P3_Laplace_prior,R2,validation,P1_valid_cache_endpoints,KR7000150003_t,1791,0.9827433715603442,0.592964824120603,0.2481598317560462,0.0,0.5843869906347119,0.9827433715603442,393,1062,336,0.0,a5000,prior_R2
prior_per_asset,0,train_P3_Laplace_prior,R2,validation,P1_valid_cache_endpoints,KR7000270009_t,1813,1.0627497871291456,0.5008273579702152,0.222467230184981,0.0,0.6420020530058849,1.0627497871291456,486,908,419,0.0,a5000,prior_R2
prior_per_asset,0,train_P3_Laplace_prior,R2,validation,P1_valid_cache_endpoints,KR7000660001_t,1813,1.1013460113744606,0.3166023166023166,0.1603128054740958,0.0,0.668503153056875,1.1013460113744606,626,574,613,0.0,a5000,prior_R2
prior_per_asset,0,train_P3_Laplace_prior,R2,validation,P1_valid_cache_endpoints,KR7000720003_t,1813,1.09949619253905,0.3342526199669057,0.1670111616370401,0.0,0.6672839091958012,1.09949619253905,606,553,654,0.0,a5000,prior_R2
prior_per_asset,0,train_P3_Laplace_prior,R2,validation,P1_valid_cache_endpoints,KR7000810002_t,1809,1.0220760067583037,0.542841348811498,0.2345634778454556,0.0,0.612591064992241,1.0220760067583037,411,982,416,1.1102230246251563e-16,a5000,prior_R2
prior_per_asset,0,train_P3_Laplace_prior,R2,validation,P1_valid_cache_endpoints,KR7001040005_t,1807,1.0552413681549562,0.5567238516878804,0.2384168740372081,0.0,0.6370191464431416,1.055241368154956,438,1006,363,0.0,a5000,prior_R2
prior_per_asset,0,train_P3_Laplace_prior,R2,validation,P1_valid_cache_endpoints,KR7001450006_t,1811,1.0864578023646083,0.4467145223633352,0.205852417302799,0.0,0.6584010895550573,1.0864578023646083,489,809,513,0.0,a5000,prior_R2
prior_per_asset,0,train_P3_Laplace_prior,R2,validation,P1_valid_cache_endpoints,KR7002380004_t,1789,1.1032382541547747,0.2822806036892119,0.1467596628886951,0.0,0.6697669715369705,1.1032382541547747,505,786,498,0.0,a5000,prior_R2
prior_per_asset,0,train_P3_Laplace_prior,R2,validation,P1_valid_cache_endpoints,KR7002550002_t,1809,1.0564688193917005,0.5196241017136539,0.2279616830362556,0.0,0.6374953919688691,1.0564688193917002,431,940,438,0.0,a5000,prior_R2
prior_per_asset,0,train_P3_Laplace_prior,R2,validation,P1_valid_cache_endpoints,KR7002790004_t,1805,0.9926991404119376,0.6,0.2499999999999999,0.0,0.5917338186850578,0.9926991404119374,371,1083,351,0.0,a5000,prior_R2
prior_per_asset,0,train_P3_Laplace_prior,R2,validation,P1_valid_cache_endpoints,KR7003550001_t,1813,1.0944840944661824,0.4087148372862658,0.1934220830070477,0.0,0.6638868890394116,1.0944840944661824,526,741,546,0.0,a5000,prior_R2
prior_per_asset,0,train_P3_Laplace_prior,R2,validation,P1_valid_cache_endpoints,KR7004020004_t,1813,1.0946066717821068,0.3877551020408163,0.1862745098039215,0.0,0.6640001913876704,1.0946066717821068,573,703,537,0.0,a5000,prior_R2
prior_per_asset,0,train_P3_Laplace_prior,R2,validation,P1_valid_cache_endpoints,KR7004170007_t,1807,0.9939888643851064,0.5683453237410072,0.2415902140672783,0.0,0.5920829812993672,0.993988864385106,399,1027,381,0.0,a5000,prior_R2
prior_per_asset,0,train_P3_Laplace_prior,R2,validation,P1_valid_cache_endpoints,KR7005300009_t,1408,1.1255413021263694,0.3934659090909091,0.1882432891607203,0.0,0.676357791004473,1.1255413021263694,554,369,485,0.0,a5000,prior_R2
prior_per_asset,0,train_P3_Laplace_prior,R2,validation,P1_valid_cache_endpoints,KR7005380001_t,1813,0.8079890047575533,0.7087699944842802,0.2765224876264257,0.0,0.4570758488790674,0.8079890047575535,252,1285,276,0.0,a5000,prior_R2
prior_per_asset,0,train_P3_Laplace_prior,R2,validation,P1_valid_cache_endpoints,KR7005440003_t,1795,0.9844168278065888,0.5933147632311978,0.2482517482517482,0.0,0.5854385536519957,0.9844168278065886,374,1065,356,0.0,a5000,prior_R2
prior_per_asset,0,train_P3_Laplace_prior,R2,validation,P1_valid_cache_endpoints,KR7005490008_t,1813,1.0769721983202876,0.4511858797573083,0.207272266565311,0.0,0.6519546305947483,1.0769721983202878,498,818,497,0.0,a5000,prior_R2
prior_per_asset,0,train_P3_Laplace_prior,R2,validation,P1_valid_cache_endpoints,KR7005830005_t,1807,1.095938351281141,0.4753735473159933,0.2148037009252313,0.0,0.6648805371403762,1.0959383512811411,480,859,468,0.0,a5000,prior_R2
prior_per_asset,0,train_P3_Laplace_prior,R2,validation,P1_valid_cache_endpoints,KR7005930003_t,1813,1.0705697636179947,0.4070601213458356,0.1928655429243434,0.0,0.6490358040052772,1.070569763617995,677,398,738,0.0,a5000,prior_R2
prior_per_asset,0,train_P3_Laplace_prior,R2,validation,P1_valid_cache_endpoints,KR7006400006_t,1813,0.8353683082977023,0.734142305570877,0.2822307039864292,0.0,0.4764645371958262,0.8353683082977024,239,1331,243,0.0,a5000,prior_R2
prior_per_asset,0,train_P3_Laplace_prior,R2,validation,P1_valid_cache_endpoints,KR7006800007_t,1813,1.133872546986853,0.2526199669056811,0.1344488477909877,0.0,0.690996977143546,1.133872546986853,686,458,669,0.0,a5000,prior_R2
prior_per_asset,0,train_P3_Laplace_prior,R2,validation,P1_valid_cache_endpoints,KR7007070006_t,1809,1.106089480947431,0.296849087893864,0.1526001705029837,0.0,0.6716901107020262,1.1060894809474315,537,711,561,0.0,a5000,prior_R2
prior_per_asset,0,train_P3_Laplace_prior,R2,validation,P1_valid_cache_endpoints,KR7008770000_t,1809,1.122518737447002,0.3211719181868435,0.1620641562064156,0.0,0.6836290177053957,1.122518737447002,638,581,590,0.0,a5000,prior_R2
prior_per_asset,0,train_P3_Laplace_prior,R2,validation,P1_valid_cache_endpoints,KR7009150004_t,1813,1.0817028357556886,0.4280198565912851,0.1998197502253122,0.0,0.6549309719761703,1.0817028357556886,512,776,525,0.0,a5000,prior_R2
prior_per_asset,0,train_P3_Laplace_prior,R2,validation,P2_candidate_clock,KR7000030007_t,1617,0.8269323131959234,0.7581941867656153,0.2874897408840426,0.0,0.4705729652978161,0.8269323131959235,193,1226,198,0.0,a5000,prior_R2
prior_per_asset,0,train_P3_Laplace_prior,R2,validation,P2_candidate_clock,KR7000100008_t,1617,1.0420993458123105,0.5528756957328386,0.2373556352050975,0.0,0.6274980006881377,1.042099345812311,373,894,350,0.0,a5000,prior_R2
prior_per_asset,0,train_P3_Laplace_prior,R2,validation,P2_candidate_clock,KR7000120006_t,1617,0.935445491560987,0.6493506493506493,0.2624671916010498,0.0,0.5499500506414421,0.935445491560987,305,1050,262,0.0,a5000,prior_R2
prior_per_asset,0,train_P3_Laplace_prior,R2,validation,P2_candidate_clock,KR7000150003_t,1617,0.9752344536332348,0.6048237476808905,0.2512524084778419,0.0,0.5790554217181434,0.9752344536332348,350,978,289,0.0,a5000,prior_R2
prior_per_asset,0,train_P3_Laplace_prior,R2,validation,P2_candidate_clock,KR7000270009_t,1617,1.0597151486805798,0.5132962275819418,0.226127230622531,0.0,0.6398952766274598,1.0597151486805798,420,830,367,0.0,a5000,prior_R2
prior_per_asset,0,train_P3_Laplace_prior,R2,validation,P2_candidate_clock,KR7000660001_t,1617,1.1007653522364746,0.3234384662956091,0.1629283489096573,0.0,0.6681102705029769,1.1007653522364744,551,523,543,0.0,a5000,prior_R2
prior_per_asset,0,train_P3_Laplace_prior,R2,validation,P2_candidate_clock,KR7000720003_t,1617,1.0994477230340458,0.3364254792826221,0.1678235384852691,0.0,0.6672396372766375,1.0994477230340458,544,494,579,0.0,a5000,prior_R2
prior_per_asset,0,train_P3_Laplace_prior,R2,validation,P2_candidate_clock,KR7000810002_t,1617,1.0178707514179048,0.5510204081632653,0.2368421052631578,0.0,0.6096039971820313,1.0178707514179046,358,891,368,1.1102230246251563e-16,a5000,prior_R2
prior_per_asset,0,train_P3_Laplace_prior,R2,validation,P2_candidate_clock,KR7001040005_t,1617,1.053771596762913,0.5627705627705628,0.2400738688827331,0.0,0.6360238693806675,1.0537715967629129,391,910,316,0.0,a5000,prior_R2
prior_per_asset,0,train_P3_Laplace_prior,R2,validation,P2_candidate_clock,KR7001450006_t,1617,1.0849930763467022,0.4594928880643166,0.2098870056497175,0.0,0.6573998382863682,1.0849930763467022,421,743,453,0.0,a5000,prior_R2
prior_per_asset,0,train_P3_Laplace_prior,R2,validation,P2_candidate_clock,KR7002380004_t,1617,1.1038661386452873,0.274582560296846,0.143619602134886,0.0,0.6701873033090832,1.1038661386452873,444,737,436,0.0,a5000,prior_R2
prior_per_asset,0,train_P3_Laplace_prior,R2,validation,P2_candidate_clock,KR7002550002_t,1617,1.0537636059586923,0.5299938157081014,0.2309350579358663,0.0,0.6356082592010819,1.053763605958692,373,857,387,0.0,a5000,prior_R2
prior_per_asset,0,train_P3_Laplace_prior,R2,validation,P2_candidate_clock,KR7002790004_t,1617,0.9907752850965488,0.603586889301175,0.2509319964005656,0.0,0.5903806936613215,0.9907752850965486,332,976,309,0.0,a5000,prior_R2
prior_per_asset,0,train_P3_Laplace_prior,R2,validation,P2_candidate_clock,KR7003550001_t,1617,1.0937762951432597,0.4199134199134199,0.1971544715447154,0.0,0.6634108203427106,1.0937762951432597,462,679,476,0.0,a5000,prior_R2
prior_per_asset,0,train_P3_Laplace_prior,R2,validation,P2_candidate_clock,KR7004020004_t,1617,1.0940798265807323,0.3957946815089672,0.1890415005169103,0.0,0.6636471255271844,1.0940798265807323,502,640,475,0.0,a5000,prior_R2
prior_per_asset,0,train_P3_Laplace_prior,R2,validation,P2_candidate_clock,KR7004170007_t,1617,0.9893606355691754,0.5757575757575758,0.2435897435897436,0.0,0.5886784210377486,0.9893606355691752,346,931,340,0.0,a5000,prior_R2
prior_per_asset,0,train_P3_Laplace_prior,R2,validation,P2_candidate_clock,KR7005300009_t,1617,1.220980782024147,0.3518862090290662,0.1735285147910948,0.0,0.7268332870453684,1.220980782024147,569,576,472,0.0,a5000,prior_R2
prior_per_asset,0,train_P3_Laplace_prior,R2,validation,P2_candidate_clock,KR7005380001_t,1617,0.7949288855086103,0.7179962894248608,0.2786177105831534,0.0,0.4476590829224166,0.7949288855086104,211,1161,245,0.0,a5000,prior_R2
prior_per_asset,0,train_P3_Laplace_prior,R2,validation,P2_candidate_clock,KR7005440003_t,1617,0.9808336744495114,0.5992578849721707,0.2498066511987625,0.0,0.5828717399684105,0.9808336744495112,332,969,316,0.0,a5000,prior_R2
prior_per_asset,0,train_P3_Laplace_prior,R2,validation,P2_candidate_clock,KR7005490008_t,1617,1.072630260460783,0.4570191713048855,0.2091114883984154,0.0,0.6488008355643609,1.0726302604607831,443,739,435,0.0,a5000,prior_R2
prior_per_asset,0,train_P3_Laplace_prior,R2,validation,P2_candidate_clock,KR7005830005_t,1617,1.0957896596217032,0.4848484848484848,0.217687074829932,0.0,0.6647810356455016,1.0957896596217032,418,784,415,0.0,a5000,prior_R2
prior_per_asset,0,train_P3_Laplace_prior,R2,validation,P2_candidate_clock,KR7005930003_t,1617,1.0729477349967491,0.4001236858379715,0.1905182567726737,0.0,0.6505110121961202,1.0729477349967491,605,365,647,0.0,a5000,prior_R2
prior_per_asset,0,train_P3_Laplace_prior,R2,validation,P2_candidate_clock,KR7006400006_t,1617,0.824349971456928,0.7464440321583179,0.2849386213408876,0.0,0.4684548610704254,0.8243499714569282,203,1207,207,0.0,a5000,prior_R2
prior_per_asset,0,train_P3_Laplace_prior,R2,validation,P2_candidate_clock,KR7006800007_t,1617,1.134696064931072,0.2517006802721088,0.1340579710144927,0.0,0.6915143181455726,1.134696064931072,606,407,604,0.0,a5000,prior_R2
prior_per_asset,0,train_P3_Laplace_prior,R2,validation,P2_candidate_clock,KR7007070006_t,1617,1.1054219086155836,0.3017934446505875,0.1545526524148852,0.0,0.6712398514093202,1.1054219086155836,488,628,501,0.0,a5000,prior_R2
prior_per_asset,0,train_P3_Laplace_prior,R2,validation,P2_candidate_clock,KR7008770000_t,1617,1.1201508849480162,0.3265306122448979,0.1641025641025641,0.0,0.6819919948166923,1.120150884948016,568,528,521,0.0,a5000,prior_R2
prior_per_asset,0,train_P3_Laplace_prior,R2,validation,P2_candidate_clock,KR7009150004_t,1617,1.0817599535086866,0.4279529993815708,0.1997978923054713,0.0,0.6549670219025078,1.0817599535086866,456,692,469,0.0,a5000,prior_R2
prior_per_asset,0,train_P3_Laplace_prior,R2,validation,P3_intersection,KR7000030007_t,1617,0.8269323131959234,0.7581941867656153,0.2874897408840426,0.0,0.4705729652978161,0.8269323131959235,193,1226,198,0.0,a5000,prior_R2
prior_per_asset,0,train_P3_Laplace_prior,R2,validation,P3_intersection,KR7000100008_t,1605,1.0420277600733368,0.5532710280373832,0.2374649017248295,0.0,0.6274433841971481,1.0420277600733368,369,888,348,0.0,a5000,prior_R2
prior_per_asset,0,train_P3_Laplace_prior,R2,validation,P3_intersection,KR7000120006_t,1594,0.936370703688678,0.6480552070263488,0.262149473417079,0.0,0.5506113866342814,0.936370703688678,301,1033,260,0.0,a5000,prior_R2
prior_per_asset,0,train_P3_Laplace_prior,R2,validation,P3_intersection,KR7000150003_t,1597,0.9764067961293678,0.6030056355666875,0.25078125,0.0,0.5798838079311217,0.9764067961293676,346,963,288,0.0,a5000,prior_R2
prior_per_asset,0,train_P3_Laplace_prior,R2,validation,P3_intersection,KR7000270009_t,1617,1.0597151486805798,0.5132962275819418,0.226127230622531,0.0,0.6398952766274598,1.0597151486805798,420,830,367,0.0,a5000,prior_R2
prior_per_asset,0,train_P3_Laplace_prior,R2,validation,P3_intersection,KR7000660001_t,1617,1.1007653522364746,0.3234384662956091,0.1629283489096573,0.0,0.6681102705029769,1.1007653522364744,551,523,543,0.0,a5000,prior_R2
prior_per_asset,0,train_P3_Laplace_prior,R2,validation,P3_intersection,KR7000720003_t,1617,1.0994477230340458,0.3364254792826221,0.1678235384852691,0.0,0.6672396372766375,1.0994477230340458,544,494,579,0.0,a5000,prior_R2
prior_per_asset,0,train_P3_Laplace_prior,R2,validation,P3_intersection,KR7000810002_t,1614,1.017651499592119,0.5514250309789344,0.2369542066027689,0.0,0.6094501049627349,1.017651499592119,356,890,368,1.1102230246251563e-16,a5000,prior_R2
prior_per_asset,0,train_P3_Laplace_prior,R2,validation,P3_intersection,KR7001040005_t,1613,1.0536268307696928,0.5635461872287663,0.2402854877081681,0.0,0.6359232463015423,1.0536268307696923,389,909,315,0.0,a5000,prior_R2
prior_per_asset,0,train_P3_Laplace_prior,R2,validation,P3_intersection,KR7001450006_t,1615,1.0849814594560667,0.4594427244582043,0.2098713053316362,0.0,0.6573927055334571,1.0849814594560667,421,742,452,0.0,a5000,prior_R2
prior_per_asset,0,train_P3_Laplace_prior,R2,validation,P3_intersection,KR7002380004_t,1594,1.1037059952863646,0.2766624843161857,0.1444717444717444,0.0,0.6700799301351931,1.1037059952863644,441,721,432,0.0,a5000,prior_R2
prior_per_asset,0,train_P3_Laplace_prior,R2,validation,P3_intersection,KR7002550002_t,1614,1.0536637755641935,0.530359355638166,0.2310391363022942,0.0,0.6355390406820066,1.053663775564193,372,856,386,0.0,a5000,prior_R2
prior_per_asset,0,train_P3_Laplace_prior,R2,validation,P3_intersection,KR7002790004_t,1609,0.9908457268120892,0.603480422622747,0.2509043927648579,0.0,0.5904281317653217,0.9908457268120892,330,971,308,0.0,a5000,prior_R2
prior_per_asset,0,train_P3_Laplace_prior,R2,validation,P3_intersection,KR7003550001_t,1617,1.0937762951432597,0.4199134199134199,0.1971544715447154,0.0,0.6634108203427106,1.0937762951432597,462,679,476,0.0,a5000,prior_R2
prior_per_asset,0,train_P3_Laplace_prior,R2,validation,P3_intersection,KR7004020004_t,1617,1.0940798265807323,0.3957946815089672,0.1890415005169103,0.0,0.6636471255271844,1.0940798265807323,502,640,475,0.0,a5000,prior_R2
prior_per_asset,0,train_P3_Laplace_prior,R2,validation,P3_intersection,KR7004170007_t,1612,0.9894836110649876,0.575682382133995,0.2435695538057742,0.0,0.5887513233264202,0.9894836110649876,344,928,340,0.0,a5000,prior_R2
prior_per_asset,0,train_P3_Laplace_prior,R2,validation,P3_intersection,KR7005300009_t,1238,1.1334861596371872,0.3982229402261712,0.1898709801656075,0.0,0.6800788177923418,1.1334861596371872,493,336,409,0.0,a5000,prior_R2
prior_per_asset,0,train_P3_Laplace_prior,R2,validation,P3_intersection,KR7005380001_t,1617,0.7949288855086103,0.7179962894248608,0.2786177105831534,0.0,0.4476590829224166,0.7949288855086104,211,1161,245,0.0,a5000,prior_R2
prior_per_asset,0,train_P3_Laplace_prior,R2,validation,P3_intersection,KR7005440003_t,1601,0.9812281824717984,0.5983760149906309,0.2495766575485215,0.0,0.5831809801090795,0.9812281824717982,332,958,311,0.0,a5000,prior_R2
prior_per_asset,0,train_P3_Laplace_prior,R2,validation,P3_intersection,KR7005490008_t,1617,1.072630260460783,0.4570191713048855,0.2091114883984154,0.0,0.6488008355643609,1.0726302604607831,443,739,435,0.0,a5000,prior_R2
prior_per_asset,0,train_P3_Laplace_prior,R2,validation,P3_intersection,KR7005830005_t,1611,1.095802415699383,0.4841713221601489,0.2174822250104559,0.0,0.6647895574253758,1.0958024156993833,417,780,414,0.0,a5000,prior_R2
prior_per_asset,0,train_P3_Laplace_prior,R2,validation,P3_intersection,KR7005930003_t,1617,1.0729477349967491,0.4001236858379715,0.1905182567726737,0.0,0.6505110121961202,1.0729477349967491,605,365,647,0.0,a5000,prior_R2
prior_per_asset,0,train_P3_Laplace_prior,R2,validation,P3_intersection,KR7006400006_t,1617,0.824349971456928,0.7464440321583179,0.2849386213408876,0.0,0.4684548610704254,0.8243499714569282,203,1207,207,0.0,a5000,prior_R2
prior_per_asset,0,train_P3_Laplace_prior,R2,validation,P3_intersection,KR7006800007_t,1617,1.134696064931072,0.2517006802721088,0.1340579710144927,0.0,0.6915143181455726,1.134696064931072,606,407,604,0.0,a5000,prior_R2
prior_per_asset,0,train_P3_Laplace_prior,R2,validation,P3_intersection,KR7007070006_t,1613,1.105314578654364,0.3025418474891506,0.1548468983023957,0.0,0.6711676809269003,1.105314578654364,488,625,500,0.0,a5000,prior_R2
prior_per_asset,0,train_P3_Laplace_prior,R2,validation,P3_intersection,KR7008770000_t,1613,1.120322276195469,0.3261004339739615,0.1639395356085398,0.0,0.6821127540296344,1.120322276195469,567,526,520,0.0,a5000,prior_R2
prior_per_asset,0,train_P3_Laplace_prior,R2,validation,P3_intersection,KR7009150004_t,1617,1.0817599535086866,0.4279529993815708,0.1997978923054713,0.0,0.6549670219025078,1.0817599535086866,456,692,469,0.0,a5000,prior_R2
prior_global,0,train_P3_Laplace_prior,R2,rolling_evaluation,P0_legacy,KR7000030007_t,1254,0.9752742428214004,0.751993620414673,0.2861477772720376,0.0,0.580639874520726,0.9752742428214008,138,943,173,0.0,a5000,prior_R2
prior_global,0,train_P3_Laplace_prior,R2,rolling_evaluation,P0_legacy,KR7000100008_t,1254,1.0480076655638888,0.5303030303030303,0.231023102310231,0.0,0.631326072985456,1.0480076655638888,273,665,316,0.0,a5000,prior_R2
prior_global,0,train_P3_Laplace_prior,R2,rolling_evaluation,P0_legacy,KR7000120006_t,1254,0.9935390344846794,0.6921850079744817,0.2726987119070059,0.0,0.5935126996031626,0.9935390344846796,199,868,187,0.0,a5000,prior_R2
prior_global,0,train_P3_Laplace_prior,R2,rolling_evaluation,P0_legacy,KR7000150003_t,1254,1.0754845753266111,0.4425837320574162,0.2045328911000552,0.0,0.6506127460141368,1.0754845753266111,350,555,349,0.0,a5000,prior_R2
prior_global,0,train_P3_Laplace_prior,R2,rolling_evaluation,P0_legacy,KR7000270009_t,1254,1.0244344320457288,0.5940988835725678,0.2484575621143905,0.0,0.6151797956219255,1.0244344320457288,282,745,227,0.0,a5000,prior_R2
prior_global,0,train_P3_Laplace_prior,R2,rolling_evaluation,P0_legacy,KR7000660001_t,1254,1.068537137378634,0.4633173843700159,0.2110808356039963,0.0,0.6457866813856669,1.0685371373786343,340,581,333,0.0,a5000,prior_R2
prior_global,0,train_P3_Laplace_prior,R2,rolling_evaluation,P0_legacy,KR7000720003_t,1254,1.1038084977490397,0.3500797448165869,0.172868674936011,0.0,0.6705666293648315,1.10380849774904,443,439,372,0.0,a5000,prior_R2
prior_global,0,train_P3_Laplace_prior,R2,rolling_evaluation,P0_legacy,KR7000810002_t,1254,1.0281597148312098,0.5853269537480064,0.2461435278336686,0.0,0.6176856479623014,1.0281597148312098,272,734,248,0.0,a5000,prior_R2
prior_global,0,train_P3_Laplace_prior,R2,rolling_evaluation,P0_legacy,KR7001040005_t,1254,1.0423920248231642,0.5470494417862839,0.2357388316151203,0.0,0.6274255892990646,1.0423920248231642,265,686,303,0.0,a5000,prior_R2
prior_global,0,train_P3_Laplace_prior,R2,rolling_evaluation,P0_legacy,KR7001450006_t,1254,1.051370922186554,0.5199362041467305,0.2280517663518712,0.0,0.633673886651385,1.051370922186554,280,652,322,0.0,a5000,prior_R2
prior_global,0,train_P3_Laplace_prior,R2,rolling_evaluation,P0_legacy,KR7002380004_t,1254,1.0626269976841634,0.4776714513556618,0.2155063860406547,0.0,0.6417958816462935,1.0626269976841631,353,599,302,0.0,a5000,prior_R2
prior_global,0,train_P3_Laplace_prior,R2,rolling_evaluation,P0_legacy,KR7002550002_t,1254,0.988125975371162,0.7065390749601276,0.27601246105919,0.0,0.589815383781166,0.988125975371162,203,886,165,0.0,a5000,prior_R2
prior_global,0,train_P3_Laplace_prior,R2,rolling_evaluation,P0_legacy,KR7002790004_t,1254,1.0105516502338376,0.6419457735247209,0.2606443257244617,0.0,0.6053119786347957,1.0105516502338376,220,805,229,0.0,a5000,prior_R2
prior_global,0,train_P3_Laplace_prior,R2,rolling_evaluation,P0_legacy,KR7003550001_t,1254,1.0878759134462967,0.4019138755980861,0.1911262798634812,0.0,0.6593493102216341,1.087875913446297,392,504,358,0.0,a5000,prior_R2
prior_global,0,train_P3_Laplace_prior,R2,rolling_evaluation,P0_legacy,KR7004020004_t,1254,1.0620623898941406,0.4784688995215311,0.2157497303128371,0.0,0.6414346751074517,1.0620623898941406,358,600,296,0.0,a5000,prior_R2
prior_global,0,train_P3_Laplace_prior,R2,rolling_evaluation,P0_legacy,KR7004170007_t,1254,1.064467969556432,0.4800637958532695,0.216235632183908,0.0,0.6427992587755592,1.064467969556432,304,602,348,0.0,a5000,prior_R2
prior_global,0,train_P3_Laplace_prior,R2,rolling_evaluation,P0_legacy,KR7005300009_t,1254,1.0825055875256886,0.4242424242424242,0.1985815602836879,0.0,0.6553986893989769,1.0825055875256886,343,532,379,0.0,a5000,prior_R2
prior_global,0,train_P3_Laplace_prior,R2,rolling_evaluation,P0_legacy,KR7005380001_t,1254,0.9997561711156492,0.6722488038277512,0.268001907486886,0.0,0.5978797297203318,0.9997561711156492,217,843,194,0.0,a5000,prior_R2
prior_global,0,train_P3_Laplace_prior,R2,rolling_evaluation,P0_legacy,KR7005440003_t,1254,1.0051692302291668,0.6578947368421053,0.2645502645502646,0.0,0.6015770455423283,1.0051692302291668,213,825,216,0.0,a5000,prior_R2
prior_global,0,train_P3_Laplace_prior,R2,rolling_evaluation,P0_legacy,KR7005490008_t,1254,1.055519913251233,0.5015948963317385,0.2226942821738361,0.0,0.6367641451802696,1.0555199132512332,325,629,300,0.0,a5000,prior_R2
prior_global,0,train_P3_Laplace_prior,R2,rolling_evaluation,P0_legacy,KR7005830005_t,1254,1.0553479707328723,0.5055821371610846,0.2238700564971751,0.0,0.6365233600454038,1.0553479707328723,302,634,318,0.0,a5000,prior_R2
prior_global,0,train_P3_Laplace_prior,R2,rolling_evaluation,P0_legacy,KR7005930003_t,1254,1.1467021642594235,0.2224880382775119,0.12133072407045,0.0,0.7003482661321122,1.1467021642594235,502,279,473,0.0,a5000,prior_R2
prior_global,0,train_P3_Laplace_prior,R2,rolling_evaluation,P0_legacy,KR7006400006_t,1254,0.9716594223872428,0.7607655502392344,0.2880434782608695,0.0,0.5781992408286558,0.9716594223872428,146,954,154,0.0,a5000,prior_R2
prior_global,0,train_P3_Laplace_prior,R2,rolling_evaluation,P0_legacy,KR7006800007_t,1254,1.1131004390909602,0.3205741626794258,0.1618357487922705,0.0,0.6770833132298528,1.1131004390909602,468,402,384,0.0,a5000,prior_R2
prior_global,0,train_P3_Laplace_prior,R2,rolling_evaluation,P0_legacy,KR7007070006_t,1254,1.072630695318307,0.4521531100478468,0.2075782537067545,0.0,0.6485935295628967,1.072630695318307,339,567,348,0.0,a5000,prior_R2
prior_global,0,train_P3_Laplace_prior,R2,rolling_evaluation,P0_legacy,KR7008770000_t,1254,1.1058274591817008,0.3516746411483253,0.1734513274336283,0.0,0.6717029477638682,1.1058274591817008,396,441,417,0.0,a5000,prior_R2
prior_global,0,train_P3_Laplace_prior,R2,rolling_evaluation,P0_legacy,KR7009150004_t,1254,1.099438581981715,0.3684210526315789,0.1794871794871795,0.0,0.667345933539335,1.099438581981715,402,462,390,0.0,a5000,prior_R2
prior_global,0,train_P3_Laplace_prior,R2,rolling_evaluation,P1_valid_cache_endpoints,KR7000030007_t,1221,0.9774928007214574,0.7452907452907452,0.2846863757234475,0.0,0.5821838650015045,0.9774928007214574,138,910,173,0.0,a5000,prior_R2
prior_global,0,train_P3_Laplace_prior,R2,rolling_evaluation,P1_valid_cache_endpoints,KR7000100008_t,1215,1.0524387808202154,0.516872427983539,0.2271658527762705,0.0,0.6344113791762699,1.0524387808202156,272,628,315,0.0,a5000,prior_R2
prior_global,0,train_P3_Laplace_prior,R2,rolling_evaluation,P1_valid_cache_endpoints,KR7000120006_t,1188,0.9971576737469005,0.680976430976431,0.2700717743281589,0.0,0.5960406960055923,0.9971576737469008,196,809,183,0.0,a5000,prior_R2
prior_global,0,train_P3_Laplace_prior,R2,rolling_evaluation,P1_valid_cache_endpoints,KR7000150003_t,1200,1.0810199161869154,0.4258333333333333,0.1991038379115527,0.0,0.6544659587003723,1.0810199161869154,344,511,345,0.0,a5000,prior_R2
prior_global,0,train_P3_Laplace_prior,R2,rolling_evaluation,P1_valid_cache_endpoints,KR7000270009_t,1221,1.0279816437086051,0.5831285831285832,0.2455595792377996,0.0,0.6176572974838177,1.0279816437086051,282,712,227,0.0,a5000,prior_R2
prior_global,0,train_P3_Laplace_prior,R2,rolling_evaluation,P1_valid_cache_endpoints,KR7000660001_t,1221,1.0732763140505082,0.4488124488124488,0.206519690974185,0.0,0.6490913963763087,1.0732763140505082,340,548,333,0.0,a5000,prior_R2
prior_global,0,train_P3_Laplace_prior,R2,rolling_evaluation,P1_valid_cache_endpoints,KR7000720003_t,1221,1.109500954430925,0.3325143325143325,0.166359352591682,0.0,0.6745410726792346,1.109500954430925,443,406,372,0.0,a5000,prior_R2
prior_global,0,train_P3_Laplace_prior,R2,rolling_evaluation,P1_valid_cache_endpoints,KR7000810002_t,1219,1.032035042149435,0.5734208367514356,0.2429614181438999,0.0,0.6203895607950033,1.032035042149435,272,699,248,0.0,a5000,prior_R2
prior_global,0,train_P3_Laplace_prior,R2,rolling_evaluation,P1_valid_cache_endpoints,KR7001040005_t,1217,1.0464476091232633,0.5349219391947412,0.2323340471092077,0.0,0.6302436612180647,1.0464476091232633,263,651,303,0.0,a5000,prior_R2
prior_global,0,train_P3_Laplace_prior,R2,rolling_evaluation,P1_valid_cache_endpoints,KR7001450006_t,1215,1.055612282966332,0.5069958847736625,0.2242854542144547,0.0,0.6366300341555344,1.055612282966332,279,616,320,0.0,a5000,prior_R2
prior_global,0,train_P3_Laplace_prior,R2,rolling_evaluation,P1_valid_cache_endpoints,KR7002380004_t,1215,1.067470371424779,0.4625514403292181,0.2108422434815231,0.0,0.6451835997262307,1.067470371424779,353,562,300,0.0,a5000,prior_R2
prior_global,0,train_P3_Laplace_prior,R2,rolling_evaluation,P1_valid_cache_endpoints,KR7002550002_t,1179,0.9911429658795328,0.6972010178117048,0.2738630684657671,0.0,0.591922823495897,0.9911429658795328,197,822,160,0.0,a5000,prior_R2
prior_global,0,train_P3_Laplace_prior,R2,rolling_evaluation,P1_valid_cache_endpoints,KR7002790004_t,1215,1.013723469611851,0.6320987654320988,0.2581946545637922,0.0,0.6075286084699195,1.013723469611851,220,768,227,0.0,a5000,prior_R2
prior_global,0,train_P3_Laplace_prior,R2,rolling_evaluation,P1_valid_cache_endpoints,KR7003550001_t,1221,1.093137759741621,0.3857493857493858,0.185579196217494,0.0,0.6630205827483834,1.093137759741621,392,471,358,0.0,a5000,prior_R2
prior_global,0,train_P3_Laplace_prior,R2,rolling_evaluation,P1_valid_cache_endpoints,KR7004020004_t,1221,1.0666265733907578,0.4643734643734644,0.2114093959731543,0.0,0.6446217683067904,1.066626573390758,358,567,296,0.0,a5000,prior_R2
prior_global,0,train_P3_Laplace_prior,R2,rolling_evaluation,P1_valid_cache_endpoints,KR7004170007_t,1219,1.0691458646452658,0.4659557013945857,0.2119007647826898,0.0,0.6460539311929069,1.0691458646452658,303,568,348,0.0,a5000,prior_R2
prior_global,0,train_P3_Laplace_prior,R2,rolling_evaluation,P1_valid_cache_endpoints,KR7005300009_t,971,1.1135716226446373,0.3305870236869207,0.1656346749226006,0.0,0.6770117746368631,1.1135716226446373,305,321,345,0.0,a5000,prior_R2
prior_global,0,train_P3_Laplace_prior,R2,rolling_evaluation,P1_valid_cache_endpoints,KR7005380001_t,1221,1.0026364027533885,0.6633906633906634,0.2658788774002954,0.0,0.5998896622335321,1.0026364027533885,217,810,194,0.0,a5000,prior_R2
prior_global,0,train_P3_Laplace_prior,R2,rolling_evaluation,P1_valid_cache_endpoints,KR7005440003_t,1211,1.0081222566298274,0.6490503715937241,0.2623935903855783,0.0,0.6036294760437628,1.0081222566298276,210,786,215,0.0,a5000,prior_R2
prior_global,0,train_P3_Laplace_prior,R2,rolling_evaluation,P1_valid_cache_endpoints,KR7005490008_t,1221,1.059907273054799,0.4881244881244881,0.218675472390387,0.0,0.6398250078410358,1.059907273054799,325,596,300,0.0,a5000,prior_R2
prior_global,0,train_P3_Laplace_prior,R2,rolling_evaluation,P1_valid_cache_endpoints,KR7005830005_t,1211,1.0600255437457375,0.4913294797687861,0.2196382428940568,0.0,0.6397828916460493,1.0600255437457375,300,595,316,0.0,a5000,prior_R2
prior_global,0,train_P3_Laplace_prior,R2,rolling_evaluation,P1_valid_cache_endpoints,KR7005930003_t,1221,1.1535539092253726,0.2014742014742014,0.1117927743694614,0.0,0.7051276185483336,1.1535539092253728,502,246,473,0.0,a5000,prior_R2
prior_global,0,train_P3_Laplace_prior,R2,rolling_evaluation,P1_valid_cache_endpoints,KR7006400006_t,1219,0.9736725929880355,0.7547169811320755,0.2867383512544803,0.0,0.5795991137151244,0.973672592988036,145,920,154,0.0,a5000,prior_R2
prior_global,0,train_P3_Laplace_prior,R2,rolling_evaluation,P1_valid_cache_endpoints,KR7006800007_t,1221,1.1190440293226265,0.3022113022113022,0.1547169811320754,0.0,0.6812338831352024,1.1190440293226265,468,369,384,0.0,a5000,prior_R2
prior_global,0,train_P3_Laplace_prior,R2,rolling_evaluation,P1_valid_cache_endpoints,KR7007070006_t,1219,1.0774861420949062,0.4372436423297785,0.2028158295281583,0.0,0.6519810218203338,1.0774861420949062,339,533,347,0.0,a5000,prior_R2
prior_global,0,train_P3_Laplace_prior,R2,rolling_evaluation,P1_valid_cache_endpoints,KR7008770000_t,1217,1.11199504839552,0.3327855382087099,0.1664611590628853,0.0,0.6760041508377496,1.11199504839552,396,405,416,0.0,a5000,prior_R2
prior_global,0,train_P3_Laplace_prior,R2,rolling_evaluation,P1_valid_cache_endpoints,KR7009150004_t,1221,1.1050129328320506,0.3513513513513513,0.1733333333333333,0.0,0.6712333310206164,1.1050129328320506,402,429,390,0.0,a5000,prior_R2
prior_global,0,train_P3_Laplace_prior,R2,rolling_evaluation,P2_candidate_clock,KR7000030007_t,1089,0.9742415076479268,0.7548209366391184,0.2867608581894296,0.0,0.5799313785704254,0.9742415076479268,120,822,147,0.0,a5000,prior_R2
prior_global,0,train_P3_Laplace_prior,R2,rolling_evaluation,P2_candidate_clock,KR7000100008_t,1089,1.0504897031122613,0.5243342516069789,0.2293172690763052,0.0,0.6329999850862598,1.0504897031122613,232,571,286,0.0,a5000,prior_R2
prior_global,0,train_P3_Laplace_prior,R2,rolling_evaluation,P2_candidate_clock,KR7000120006_t,1089,0.9922418040597324,0.696969696969697,0.2738095238095238,0.0,0.592579673881235,0.9922418040597324,166,759,164,0.0,a5000,prior_R2
prior_global,0,train_P3_Laplace_prior,R2,rolling_evaluation,P2_candidate_clock,KR7000150003_t,1089,1.0774795865653228,0.4361799816345271,0.2024722932651321,0.0,0.6520143032278645,1.0774795865653228,309,475,305,0.0,a5000,prior_R2
prior_global,0,train_P3_Laplace_prior,R2,rolling_evaluation,P2_candidate_clock,KR7000270009_t,1089,1.0234861256858885,0.5968778696051423,0.2491853555683343,0.0,0.6145228358171483,1.0234861256858885,244,650,195,0.0,a5000,prior_R2
prior_global,0,train_P3_Laplace_prior,R2,rolling_evaluation,P2_candidate_clock,KR7000660001_t,1089,1.071140290238133,0.4554637281910009,0.2086225026288117,0.0,0.6475979374264327,1.071140290238133,299,496,294,0.0,a5000,prior_R2
prior_global,0,train_P3_Laplace_prior,R2,rolling_evaluation,P2_candidate_clock,KR7000720003_t,1089,1.1067451267793105,0.3406795224977043,0.1694063926940639,0.0,0.6726287937691207,1.1067451267793105,392,371,326,0.0,a5000,prior_R2
prior_global,0,train_P3_Laplace_prior,R2,rolling_evaluation,P2_candidate_clock,KR7000810002_t,1089,1.0315214871452607,0.5748393021120294,0.2433430515063167,0.0,0.6200368055021169,1.0315214871452607,243,626,220,0.0,a5000,prior_R2
prior_global,0,train_P3_Laplace_prior,R2,rolling_evaluation,P2_candidate_clock,KR7001040005_t,1089,1.0430408965421534,0.5454545454545454,0.2352941176470588,0.0,0.627864400072751,1.0430408965421534,229,594,266,0.0,a5000,prior_R2
prior_global,0,train_P3_Laplace_prior,R2,rolling_evaluation,P2_candidate_clock,KR7001450006_t,1089,1.0529703175487903,0.5160697887970616,0.2269331718150616,0.0,0.6347532413723143,1.0529703175487903,240,562,287,0.0,a5000,prior_R2
prior_global,0,train_P3_Laplace_prior,R2,rolling_evaluation,P2_candidate_clock,KR7002380004_t,1089,1.0631332469163055,0.4756657483930211,0.2148931756896909,0.0,0.642164834729213,1.0631332469163055,310,518,261,0.0,a5000,prior_R2
prior_global,0,train_P3_Laplace_prior,R2,rolling_evaluation,P2_candidate_clock,KR7002550002_t,1089,0.9880156840241826,0.7070707070707071,0.2761341222879684,0.0,0.5897316970746752,0.9880156840241826,175,770,144,0.0,a5000,prior_R2
prior_global,0,train_P3_Laplace_prior,R2,rolling_evaluation,P2_candidate_clock,KR7002790004_t,1089,1.0089204367447653,0.6464646464646465,0.261758691206544,0.0,0.6041910487550357,1.0089204367447653,191,704,194,0.0,a5000,prior_R2
prior_global,0,train_P3_Laplace_prior,R2,rolling_evaluation,P2_candidate_clock,KR7003550001_t,1089,1.0885681908294464,0.3976124885215794,0.1896627244853263,0.0,0.6599082815596569,1.088568190829447,354,433,302,0.0,a5000,prior_R2
prior_global,0,train_P3_Laplace_prior,R2,rolling_evaluation,P2_candidate_clock,KR7004020004_t,1089,1.0632251645894604,0.4738292011019284,0.2143302180685358,0.0,0.6422832518478045,1.0632251645894604,319,516,254,0.0,a5000,prior_R2
prior_global,0,train_P3_Laplace_prior,R2,rolling_evaluation,P2_candidate_clock,KR7004170007_t,1089,1.064793798102692,0.4793388429752066,0.2160148975791433,0.0,0.6430169542864719,1.0647937981026925,263,522,304,0.0,a5000,prior_R2
prior_global,0,train_P3_Laplace_prior,R2,rolling_evaluation,P2_candidate_clock,KR7005300009_t,1089,1.0861015029139596,0.4132231404958678,0.1949317738791423,0.0,0.6579066575842929,1.0861015029139596,304,450,335,0.0,a5000,prior_R2
prior_global,0,train_P3_Laplace_prior,R2,rolling_evaluation,P2_candidate_clock,KR7005380001_t,1089,0.9994786896937164,0.6730945821854912,0.2682034394438345,0.0,0.5976863588529956,0.9994786896937164,188,733,168,0.0,a5000,prior_R2
prior_global,0,train_P3_Laplace_prior,R2,rolling_evaluation,P2_candidate_clock,KR7005440003_t,1089,1.0053797525321555,0.657483930211203,0.2644506001846722,0.0,0.6017156898938726,1.0053797525321555,184,716,189,0.0,a5000,prior_R2
prior_global,0,train_P3_Laplace_prior,R2,rolling_evaluation,P2_candidate_clock,KR7005490008_t,1089,1.0559599608179315,0.4995408631772268,0.2220861400285772,0.0,0.6370956998882952,1.0559599608179315,287,544,258,0.0,a5000,prior_R2
prior_global,0,train_P3_Laplace_prior,R2,rolling_evaluation,P2_candidate_clock,KR7005830005_t,1089,1.0546877375579966,0.5078053259871441,0.224522939504669,0.0,0.6360558960882546,1.0546877375579966,260,553,276,0.0,a5000,prior_R2
prior_global,0,train_P3_Laplace_prior,R2,rolling_evaluation,P2_candidate_clock,KR7005930003_t,1089,1.149466380596042,0.2139577594123048,0.1174987392839132,0.0,0.7022782497940449,1.149466380596042,441,233,415,0.0,a5000,prior_R2
prior_global,0,train_P3_Laplace_prior,R2,rolling_evaluation,P2_candidate_clock,KR7006400006_t,1089,0.967061258289032,0.7750229568411386,0.2910846697706501,0.0,0.5749864275741624,0.967061258289032,118,844,127,0.0,a5000,prior_R2
prior_global,0,train_P3_Laplace_prior,R2,rolling_evaluation,P2_candidate_clock,KR7006800007_t,1089,1.1179042938395656,0.3057851239669421,0.1561181434599156,0.0,0.6804361383871013,1.1179042938395656,415,333,341,0.0,a5000,prior_R2
prior_global,0,train_P3_Laplace_prior,R2,rolling_evaluation,P2_candidate_clock,KR7007070006_t,1089,1.07186820326739,0.4536271808999081,0.208043798694462,0.0,0.6480918558534526,1.0718682032673903,298,494,297,0.0,a5000,prior_R2
prior_global,0,train_P3_Laplace_prior,R2,rolling_evaluation,P2_candidate_clock,KR7008770000_t,1089,1.108073521218874,0.3452708907254361,0.171103526734926,0.0,0.673252729178291,1.108073521218874,345,376,368,0.0,a5000,prior_R2
prior_global,0,train_P3_Laplace_prior,R2,rolling_evaluation,P2_candidate_clock,KR7009150004_t,1089,1.102186617449207,0.3599632690541781,0.1764573486383074,0.0,0.6692638316312883,1.102186617449207,354,392,343,0.0,a5000,prior_R2
prior_global,0,train_P3_Laplace_prior,R2,rolling_evaluation,P3_intersection,KR7000030007_t,1089,0.9742415076479268,0.7548209366391184,0.2867608581894296,0.0,0.5799313785704254,0.9742415076479268,120,822,147,0.0,a5000,prior_R2
prior_global,0,train_P3_Laplace_prior,R2,rolling_evaluation,P3_intersection,KR7000100008_t,1083,1.0507571408918144,0.5235457063711911,0.2290909090909091,0.0,0.6331854269773742,1.0507571408918142,231,567,285,0.0,a5000,prior_R2
prior_global,0,train_P3_Laplace_prior,R2,rolling_evaluation,P3_intersection,KR7000120006_t,1058,0.9929473136169696,0.6947069943289225,0.2732849972113776,0.0,0.5930752498530814,0.9929473136169698,163,735,160,0.0,a5000,prior_R2
prior_global,0,train_P3_Laplace_prior,R2,rolling_evaluation,P3_intersection,KR7000150003_t,1072,1.077415534471622,0.4365671641791044,0.2025974025974025,0.0,0.6519629622602092,1.077415534471622,303,468,301,0.0,a5000,prior_R2
prior_global,0,train_P3_Laplace_prior,R2,rolling_evaluation,P3_intersection,KR7000270009_t,1089,1.0234861256858885,0.5968778696051423,0.2491853555683343,0.0,0.6145228358171483,1.0234861256858885,244,650,195,0.0,a5000,prior_R2
prior_global,0,train_P3_Laplace_prior,R2,rolling_evaluation,P3_intersection,KR7000660001_t,1089,1.071140290238133,0.4554637281910009,0.2086225026288117,0.0,0.6475979374264327,1.071140290238133,299,496,294,0.0,a5000,prior_R2
prior_global,0,train_P3_Laplace_prior,R2,rolling_evaluation,P3_intersection,KR7000720003_t,1089,1.1067451267793105,0.3406795224977043,0.1694063926940639,0.0,0.6726287937691207,1.1067451267793105,392,371,326,0.0,a5000,prior_R2
prior_global,0,train_P3_Laplace_prior,R2,rolling_evaluation,P3_intersection,KR7000810002_t,1087,1.0317760113156855,0.5740570377184913,0.2431326709526592,0.0,0.6202144036231293,1.0317760113156855,243,624,220,0.0,a5000,prior_R2
prior_global,0,train_P3_Laplace_prior,R2,rolling_evaluation,P3_intersection,KR7001040005_t,1085,1.0430542565219405,0.5456221198156682,0.2353408865036772,0.0,0.627866434914965,1.0430542565219405,227,592,266,0.0,a5000,prior_R2
prior_global,0,train_P3_Laplace_prior,R2,rolling_evaluation,P3_intersection,KR7001450006_t,1083,1.0529175013942054,0.5161588180978762,0.2269589930978481,0.0,0.6347189482684591,1.0529175013942054,239,559,285,0.0,a5000,prior_R2
prior_global,0,train_P3_Laplace_prior,R2,rolling_evaluation,P3_intersection,KR7002380004_t,1083,1.0634067801423448,0.4746075715604801,0.2145689835107493,0.0,0.6423632932457843,1.0634067801423448,310,514,259,0.0,a5000,prior_R2
prior_global,0,train_P3_Laplace_prior,R2,rolling_evaluation,P3_intersection,KR7002550002_t,1052,0.9883075200341168,0.7062737642585551,0.2759517177344475,0.0,0.5899318373645276,0.9883075200341168,169,743,140,0.0,a5000,prior_R2
prior_global,0,train_P3_Laplace_prior,R2,rolling_evaluation,P3_intersection,KR7002790004_t,1083,1.0088936219920148,0.6463527239150508,0.2617311647036829,0.0,0.6041791261858777,1.0088936219920148,191,700,192,0.0,a5000,prior_R2
prior_global,0,train_P3_Laplace_prior,R2,rolling_evaluation,P3_intersection,KR7003550001_t,1089,1.0885681908294464,0.3976124885215794,0.1896627244853263,0.0,0.6599082815596569,1.088568190829447,354,433,302,0.0,a5000,prior_R2
prior_global,0,train_P3_Laplace_prior,R2,rolling_evaluation,P3_intersection,KR7004020004_t,1089,1.0632251645894604,0.4738292011019284,0.2143302180685358,0.0,0.6422832518478045,1.0632251645894604,319,516,254,0.0,a5000,prior_R2
prior_global,0,train_P3_Laplace_prior,R2,rolling_evaluation,P3_intersection,KR7004170007_t,1087,1.0648404895398178,0.4793008279668813,0.2160033167495854,0.0,0.6430458494201688,1.0648404895398178,262,521,304,0.0,a5000,prior_R2
prior_global,0,train_P3_Laplace_prior,R2,rolling_evaluation,P3_intersection,KR7005300009_t,857,1.1121117612996834,0.3348891481913652,0.1672494172494172,0.0,0.6759995843238383,1.1121117612996836,268,287,302,0.0,a5000,prior_R2
prior_global,0,train_P3_Laplace_prior,R2,rolling_evaluation,P3_intersection,KR7005380001_t,1089,0.9994786896937164,0.6730945821854912,0.2682034394438345,0.0,0.5976863588529956,0.9994786896937164,188,733,168,0.0,a5000,prior_R2
prior_global,0,train_P3_Laplace_prior,R2,rolling_evaluation,P3_intersection,KR7005440003_t,1080,1.0051673768486291,0.6583333333333333,0.2646566164154104,0.0,0.601560631835398,1.0051673768486291,181,711,188,0.0,a5000,prior_R2
prior_global,0,train_P3_Laplace_prior,R2,rolling_evaluation,P3_intersection,KR7005490008_t,1089,1.0559599608179315,0.4995408631772268,0.2220861400285772,0.0,0.6370956998882952,1.0559599608179315,287,544,258,0.0,a5000,prior_R2
prior_global,0,train_P3_Laplace_prior,R2,rolling_evaluation,P3_intersection,KR7005830005_t,1079,1.0549719325253584,0.5069508804448564,0.2242722427224272,0.0,0.6362535334649602,1.0549719325253584,258,547,274,0.0,a5000,prior_R2
prior_global,0,train_P3_Laplace_prior,R2,rolling_evaluation,P3_intersection,KR7005930003_t,1089,1.149466380596042,0.2139577594123048,0.1174987392839132,0.0,0.7022782497940449,1.149466380596042,441,233,415,0.0,a5000,prior_R2
prior_global,0,train_P3_Laplace_prior,R2,rolling_evaluation,P3_intersection,KR7006400006_t,1087,0.9669281290457278,0.7755289788408464,0.2911917098445596,0.0,0.5748901515455552,0.9669281290457278,117,843,127,0.0,a5000,prior_R2
prior_global,0,train_P3_Laplace_prior,R2,rolling_evaluation,P3_intersection,KR7006800007_t,1089,1.1179042938395656,0.3057851239669421,0.1561181434599156,0.0,0.6804361383871013,1.1179042938395656,415,333,341,0.0,a5000,prior_R2
prior_global,0,train_P3_Laplace_prior,R2,rolling_evaluation,P3_intersection,KR7007070006_t,1087,1.0718641945352887,0.4535418583256669,0.2080168776371308,0.0,0.648092469212215,1.0718641945352887,298,493,296,0.0,a5000,prior_R2
prior_global,0,train_P3_Laplace_prior,R2,rolling_evaluation,P3_intersection,KR7008770000_t,1085,1.1085323460903094,0.343778801843318,0.1705532693187014,0.0,0.6735757425170165,1.1085323460903094,345,373,367,0.0,a5000,prior_R2
prior_global,0,train_P3_Laplace_prior,R2,rolling_evaluation,P3_intersection,KR7009150004_t,1089,1.102186617449207,0.3599632690541781,0.1764573486383074,0.0,0.6692638316312883,1.102186617449207,354,392,343,0.0,a5000,prior_R2
prior_global,0,train_P3_Laplace_prior,R2,validation,P0_legacy,KR7000030007_t,1862,0.9759362643444016,0.7475832438238453,0.2851874615857406,0.0,0.5811847891615458,0.9759362643444018,230,1392,240,0.0,a5000,prior_R2
prior_global,0,train_P3_Laplace_prior,R2,validation,P0_legacy,KR7000100008_t,1862,1.03647263746151,0.560687432867884,0.2395044735030971,0.0,0.6234543409320784,1.03647263746151,420,1044,398,0.0,a5000,prior_R2
prior_global,0,train_P3_Laplace_prior,R2,validation,P0_legacy,KR7000120006_t,1862,1.008076901719032,0.6460794844253491,0.2616639477977162,0.0,0.6037064659433573,1.008076901719032,353,1203,306,0.0,a5000,prior_R2
prior_global,0,train_P3_Laplace_prior,R2,validation,P0_legacy,KR7000150003_t,1862,1.0210100203809565,0.6058002148227712,0.251505016722408,0.0,0.6127492630570356,1.021010020380957,397,1128,337,0.0,a5000,prior_R2
prior_global,0,train_P3_Laplace_prior,R2,validation,P0_legacy,KR7000270009_t,1862,1.0509185953787186,0.5139634801288937,0.2263213905640298,0.0,0.6336154433156218,1.0509185953787186,486,957,419,0.0,a5000,prior_R2
prior_global,0,train_P3_Laplace_prior,R2,validation,P0_legacy,KR7000660001_t,1862,1.1105951043454003,0.3345864661654135,0.1671361502347418,0.0,0.6751146992229073,1.1105951043454008,626,623,613,0.0,a5000,prior_R2
prior_global,0,train_P3_Laplace_prior,R2,validation,P0_legacy,KR7000720003_t,1862,1.115418568646526,0.3233082706766917,0.1628787878787878,0.0,0.6783564742671578,1.115418568646526,606,602,654,0.0,a5000,prior_R2
prior_global,0,train_P3_Laplace_prior,R2,validation,P0_legacy,KR7000810002_t,1862,1.038869911860089,0.5547798066595059,0.2378814047207829,0.0,0.6250760716288388,1.0388699118600893,413,1033,416,0.0,a5000,prior_R2
prior_global,0,train_P3_Laplace_prior,R2,validation,P0_legacy,KR7001040005_t,1862,1.0330090178870412,0.5682062298603652,0.2415525114155251,0.0,0.6211467483587617,1.0330090178870417,440,1058,364,0.0,a5000,prior_R2
prior_global,0,train_P3_Laplace_prior,R2,validation,P0_legacy,KR7001450006_t,1862,1.0698448320337404,0.4613319011815252,0.2104618400098002,0.0,0.646628113763981,1.0698448320337406,489,859,514,0.0,a5000,prior_R2
prior_global,0,train_P3_Laplace_prior,R2,validation,P0_legacy,KR7002380004_t,1862,1.0704979431453,0.4575725026852846,0.2092851879145173,0.0,0.6471450299850393,1.0704979431453,508,852,502,0.0,a5000,prior_R2
prior_global,0,train_P3_Laplace_prior,R2,validation,P0_legacy,KR7002550002_t,1862,1.046322246604933,0.5322234156820623,0.2315691085407174,0.0,0.6302639002045671,1.046322246604933,432,991,439,0.0,a5000,prior_R2
prior_global,0,train_P3_Laplace_prior,R2,validation,P0_legacy,KR7002790004_t,1862,1.0203114317612485,0.6100966702470462,0.2526128530131198,0.0,0.6121867377235622,1.0203114317612487,374,1136,352,0.0,a5000,prior_R2
prior_global,0,train_P3_Laplace_prior,R2,validation,P0_legacy,KR7003550001_t,1862,1.0818727450437922,0.4242749731471536,0.1985922574157868,0.0,0.6550239127164371,1.0818727450437922,526,790,546,0.0,a5000,prior_R2
prior_global,0,train_P3_Laplace_prior,R2,validation,P0_legacy,KR7004020004_t,1862,1.0875065234895005,0.4038668098818475,0.1917878092323387,0.0,0.6590630040533183,1.0875065234895005,573,752,537,0.0,a5000,prior_R2
prior_global,0,train_P3_Laplace_prior,R2,validation,P0_legacy,KR7004170007_t,1862,1.0301858839109437,0.5800214822771214,0.2447314751869476,0.0,0.6190672401885793,1.0301858839109437,401,1080,381,0.0,a5000,prior_R2
prior_global,0,train_P3_Laplace_prior,R2,validation,P0_legacy,KR7005300009_t,1862,1.0989847699107766,0.3662728249194414,0.1787211740041928,0.0,0.6671530300130307,1.0989847699107766,630,682,550,0.0,a5000,prior_R2
prior_global,0,train_P3_Laplace_prior,R2,validation,P0_legacy,KR7005380001_t,1862,0.9863852260891446,0.7164339419978518,0.278264497288277,0.0,0.5884420078118346,0.9863852260891448,252,1334,276,0.0,a5000,prior_R2
prior_global,0,train_P3_Laplace_prior,R2,validation,P0_legacy,KR7005440003_t,1862,1.0220598035526642,0.6052631578947368,0.2513661202185792,0.0,0.6133878294719061,1.0220598035526645,374,1127,361,0.0,a5000,prior_R2
prior_global,0,train_P3_Laplace_prior,R2,validation,P0_legacy,KR7005490008_t,1862,1.0679559552201845,0.4656283566058002,0.2117991938438988,0.0,0.6453628242201904,1.0679559552201845,498,867,497,0.0,a5000,prior_R2
prior_global,0,train_P3_Laplace_prior,R2,validation,P0_legacy,KR7005830005_t,1862,1.0598464368660867,0.4897959183673469,0.2191780821917808,0.0,0.6397307089652028,1.059846436866087,481,912,469,0.0,a5000,prior_R2
prior_global,0,train_P3_Laplace_prior,R2,validation,P0_legacy,KR7005930003_t,1862,1.1428884642352546,0.2400644468313641,0.1290601992204417,0.0,0.6974826851747697,1.1428884642352548,677,447,738,0.0,a5000,prior_R2
prior_global,0,train_P3_Laplace_prior,R2,validation,P0_legacy,KR7006400006_t,1862,0.9779326581784364,0.7411385606874329,0.283775447254781,0.0,0.5825885923918523,0.9779326581784366,239,1380,243,0.0,a5000,prior_R2
prior_global,0,train_P3_Laplace_prior,R2,validation,P0_legacy,KR7006800007_t,1862,1.1308978837379624,0.2722878625134264,0.1426762346981848,0.0,0.6892777544183262,1.1308978837379626,686,507,669,0.0,a5000,prior_R2
prior_global,0,train_P3_Laplace_prior,R2,validation,P0_legacy,KR7007070006_t,1862,1.0867086988514043,0.4097744360902255,0.1937777777777778,0.0,0.658385612764172,1.0867086988514043,537,763,562,0.0,a5000,prior_R2
prior_global,0,train_P3_Laplace_prior,R2,validation,P0_legacy,KR7008770000_t,1862,1.108363177975234,0.3394199785177229,0.1689387864207431,0.0,0.673628109514122,1.108363177975234,639,632,591,0.0,a5000,prior_R2
prior_global,0,train_P3_Laplace_prior,R2,validation,P0_legacy,KR7009150004_t,1862,1.0755942724953165,0.4430719656283566,0.2046892445106066,0.0,0.6506604597037808,1.0755942724953167,512,825,525,0.0,a5000,prior_R2
prior_global,0,train_P3_Laplace_prior,R2,validation,P1_valid_cache_endpoints,KR7000030007_t,1813,0.978172714718053,0.740761169332598,0.2836924376848331,0.0,0.5827435070650493,0.9781727147180532,230,1343,240,0.0,a5000,prior_R2
prior_global,0,train_P3_Laplace_prior,R2,validation,P1_valid_cache_endpoints,KR7000100008_t,1801,1.04027447790951,0.5491393670183231,0.2363201911589008,0.0,0.6261023598729727,1.0402744779095103,416,989,396,0.0,a5000,prior_R2
prior_global,0,train_P3_Laplace_prior,R2,validation,P1_valid_cache_endpoints,KR7000120006_t,1787,1.0118393107751895,0.6345831001678791,0.2588154741526874,0.0,0.6063293988405026,1.0118393107751895,349,1134,304,0.0,a5000,prior_R2
prior_global,0,train_P3_Laplace_prior,R2,validation,P1_valid_cache_endpoints,KR7000150003_t,1791,1.0252221018442969,0.592964824120603,0.2481598317560462,0.0,0.6156844586252614,1.0252221018442969,393,1062,336,0.0,a5000,prior_R2
prior_global,0,train_P3_Laplace_prior,R2,validation,P1_valid_cache_endpoints,KR7000270009_t,1813,1.0551815952397838,0.5008273579702152,0.222467230184981,0.0,0.6365912059259922,1.0551815952397838,486,908,419,0.0,a5000,prior_R2
prior_global,0,train_P3_Laplace_prior,R2,validation,P1_valid_cache_endpoints,KR7000660001_t,1813,1.116470982827187,0.3166023166023166,0.1603128054740958,0.0,0.6792120633442854,1.1164709828271873,626,574,613,0.0,a5000,prior_R2
prior_global,0,train_P3_Laplace_prior,R2,validation,P1_valid_cache_endpoints,KR7000720003_t,1813,1.121424811028343,0.305019305019305,0.155818540433925,0.0,0.6825414539302724,1.121424811028343,606,553,654,0.0,a5000,prior_R2
prior_global,0,train_P3_Laplace_prior,R2,validation,P1_valid_cache_endpoints,KR7000810002_t,1809,1.0428147680762525,0.542841348811498,0.2345634778454556,0.0,0.6278221649897984,1.0428147680762525,411,982,416,0.0,a5000,prior_R2
prior_global,0,train_P3_Laplace_prior,R2,validation,P1_valid_cache_endpoints,KR7001040005_t,1807,1.0367409169749842,0.5567238516878804,0.2384168740372081,0.0,0.6237511784985775,1.0367409169749842,438,1006,363,0.0,a5000,prior_R2
prior_global,0,train_P3_Laplace_prior,R2,validation,P1_valid_cache_endpoints,KR7001450006_t,1811,1.0746199839442572,0.4467145223633352,0.205852417302799,0.0,0.6499579965366851,1.0746199839442572,489,809,513,0.0,a5000,prior_R2
prior_global,0,train_P3_Laplace_prior,R2,validation,P1_valid_cache_endpoints,KR7002380004_t,1789,1.0764338871439034,0.4393515930687535,0.2034951456310679,0.0,0.6512861273321952,1.0764338871439036,505,786,498,0.0,a5000,prior_R2
prior_global,0,train_P3_Laplace_prior,R2,validation,P1_valid_cache_endpoints,KR7002550002_t,1809,1.0504471546990382,0.5196241017136539,0.2279616830362556,0.0,0.6331393815268453,1.0504471546990382,431,940,438,0.0,a5000,prior_R2
prior_global,0,train_P3_Laplace_prior,R2,validation,P1_valid_cache_endpoints,KR7002790004_t,1805,1.023639389254028,0.6,0.2499999999999999,0.0,0.6145042741528773,1.023639389254028,371,1083,351,0.0,a5000,prior_R2
prior_global,0,train_P3_Laplace_prior,R2,validation,P1_valid_cache_endpoints,KR7003550001_t,1813,1.086972343544454,0.4087148372862658,0.1934220830070477,0.0,0.6585782826079107,1.086972343544454,526,741,546,0.0,a5000,prior_R2
prior_global,0,train_P3_Laplace_prior,R2,validation,P1_valid_cache_endpoints,KR7004020004_t,1813,1.0927583862724788,0.3877551020408163,0.1862745098039215,0.0,0.6627265385755182,1.092758386272479,573,703,537,0.0,a5000,prior_R2
prior_global,0,train_P3_Laplace_prior,R2,validation,P1_valid_cache_endpoints,KR7004170007_t,1807,1.034032031105475,0.5683453237410072,0.2415902140672783,0.0,0.6217458925685214,1.0340320311054751,399,1027,381,0.0,a5000,prior_R2
prior_global,0,train_P3_Laplace_prior,R2,validation,P1_valid_cache_endpoints,KR7005300009_t,1408,1.1328578739952833,0.2620738636363636,0.1384355655599324,0.0,0.690791720328265,1.132857873995283,554,369,485,0.0,a5000,prior_R2
prior_global,0,train_P3_Laplace_prior,R2,validation,P1_valid_cache_endpoints,KR7005380001_t,1813,0.9889040808342756,0.7087699944842802,0.2765224876264257,0.0,0.5901968667599405,0.9889040808342756,252,1285,276,0.0,a5000,prior_R2
prior_global,0,train_P3_Laplace_prior,R2,validation,P1_valid_cache_endpoints,KR7005440003_t,1795,1.0258625022249663,0.5933147632311978,0.2482517482517482,0.0,0.6160503379383333,1.0258625022249663,374,1065,356,0.0,a5000,prior_R2
prior_global,0,train_P3_Laplace_prior,R2,validation,P1_valid_cache_endpoints,KR7005490008_t,1813,1.072679424266154,0.4511858797573083,0.207272266565311,0.0,0.6486560836117654,1.0726794242661544,498,818,497,0.0,a5000,prior_R2
prior_global,0,train_P3_Laplace_prior,R2,validation,P1_valid_cache_endpoints,KR7005830005_t,1807,1.0645570392450414,0.4753735473159933,0.2148037009252313,0.0,0.6430156694194261,1.0645570392450416,480,859,468,0.0,a5000,prior_R2
prior_global,0,train_P3_Laplace_prior,R2,validation,P1_valid_cache_endpoints,KR7005930003_t,1813,1.149637136227578,0.2195256480970766,0.1200060304537916,0.0,0.7021845894570092,1.149637136227578,677,398,738,0.0,a5000,prior_R2
prior_global,0,train_P3_Laplace_prior,R2,validation,P1_valid_cache_endpoints,KR7006400006_t,1813,0.9802230651421968,0.734142305570877,0.2822307039864292,0.0,0.5841852509232021,0.9802230651421971,239,1331,243,0.0,a5000,prior_R2
prior_global,0,train_P3_Laplace_prior,R2,validation,P1_valid_cache_endpoints,KR7006800007_t,1813,1.1373224859871156,0.2526199669056811,0.1344488477909877,0.0,0.6937579038152563,1.1373224859871156,686,458,669,0.0,a5000,prior_R2
prior_global,0,train_P3_Laplace_prior,R2,validation,P1_valid_cache_endpoints,KR7007070006_t,1809,1.0921785161616924,0.3930348258706467,0.1880952380952381,0.0,0.6621997625278209,1.0921785161616926,537,711,561,0.0,a5000,prior_R2
prior_global,0,train_P3_Laplace_prior,R2,validation,P1_valid_cache_endpoints,KR7008770000_t,1809,1.1143057584643783,0.3211719181868435,0.1620641562064156,0.0,0.6777740734750993,1.1143057584643787,638,581,590,0.0,a5000,prior_R2
prior_global,0,train_P3_Laplace_prior,R2,validation,P1_valid_cache_endpoints,KR7009150004_t,1813,1.0805241825487226,0.4280198565912851,0.1998197502253122,0.0,0.6540968984327501,1.0805241825487226,512,776,525,0.0,a5000,prior_R2
prior_global,0,train_P3_Laplace_prior,R2,validation,P2_candidate_clock,KR7000030007_t,1617,0.9723866426001389,0.7581941867656153,0.2874897408840426,0.0,0.5787184161084237,0.9723866426001389,193,1226,198,0.0,a5000,prior_R2
prior_global,0,train_P3_Laplace_prior,R2,validation,P2_candidate_clock,KR7000100008_t,1617,1.0389443584506022,0.5528756957328386,0.2373556352050975,0.0,0.6251865334400964,1.0389443584506024,373,894,350,0.0,a5000,prior_R2
prior_global,0,train_P3_Laplace_prior,R2,validation,P2_candidate_clock,KR7000120006_t,1617,1.0069601630477931,0.6493506493506493,0.2624671916010498,0.0,0.6029328701595117,1.0069601630477931,305,1050,262,0.0,a5000,prior_R2
prior_global,0,train_P3_Laplace_prior,R2,validation,P2_candidate_clock,KR7000150003_t,1617,1.021138920600268,0.6048237476808905,0.2512524084778419,0.0,0.6128594740688349,1.021138920600268,350,978,289,0.0,a5000,prior_R2
prior_global,0,train_P3_Laplace_prior,R2,validation,P2_candidate_clock,KR7000270009_t,1617,1.0512478721150842,0.5132962275819418,0.226127230622531,0.0,0.6338331593140928,1.0512478721150842,420,830,367,0.0,a5000,prior_R2
prior_global,0,train_P3_Laplace_prior,R2,validation,P2_candidate_clock,KR7000660001_t,1617,1.1143119376176376,0.3234384662956091,0.1629283489096573,0.0,0.6776985550008635,1.1143119376176376,551,523,543,0.0,a5000,prior_R2
prior_global,0,train_P3_Laplace_prior,R2,validation,P2_candidate_clock,KR7000720003_t,1617,1.121098988626535,0.305504019789734,0.1560082109584715,0.0,0.6823321531630158,1.121098988626535,544,494,579,0.0,a5000,prior_R2
prior_global,0,train_P3_Laplace_prior,R2,validation,P2_candidate_clock,KR7000810002_t,1617,1.0402579357580015,0.5510204081632653,0.2368421052631578,0.0,0.626026891510055,1.040257935758002,358,891,368,0.0,a5000,prior_R2
prior_global,0,train_P3_Laplace_prior,R2,validation,P2_candidate_clock,KR7001040005_t,1617,1.0345942179102912,0.5627705627705628,0.2400738688827331,0.0,0.622272533278639,1.0345942179102912,391,910,316,0.0,a5000,prior_R2
prior_global,0,train_P3_Laplace_prior,R2,validation,P2_candidate_clock,KR7001450006_t,1617,1.0706667136549803,0.4594928880643166,0.2098870056497175,0.0,0.647177598800715,1.0706667136549803,421,743,453,0.0,a5000,prior_R2
prior_global,0,train_P3_Laplace_prior,R2,validation,P2_candidate_clock,KR7002380004_t,1617,1.0710237542334065,0.4557823129251701,0.2087227414330218,0.0,0.6475180051683033,1.0710237542334065,444,737,436,0.0,a5000,prior_R2
prior_global,0,train_P3_Laplace_prior,R2,validation,P2_candidate_clock,KR7002550002_t,1617,1.0472211622847123,0.5299938157081014,0.2309350579358663,0.0,0.6308725098649157,1.0472211622847123,373,857,387,0.0,a5000,prior_R2
prior_global,0,train_P3_Laplace_prior,R2,validation,P2_candidate_clock,KR7002790004_t,1617,1.0223572975276725,0.603586889301175,0.2509319964005656,0.0,0.6136220236911714,1.022357297527673,332,976,309,0.0,a5000,prior_R2
prior_global,0,train_P3_Laplace_prior,R2,validation,P2_candidate_clock,KR7003550001_t,1617,1.083227221361316,0.4199134199134199,0.1971544715447154,0.0,0.6559759578564845,1.083227221361316,462,679,476,0.0,a5000,prior_R2
prior_global,0,train_P3_Laplace_prior,R2,validation,P2_candidate_clock,KR7004020004_t,1617,1.0902381263849128,0.3957946815089672,0.1890415005169103,0.0,0.6609577298131674,1.0902381263849128,502,640,475,0.0,a5000,prior_R2
prior_global,0,train_P3_Laplace_prior,R2,validation,P2_candidate_clock,KR7004170007_t,1617,1.0318240278048332,0.5757575757575758,0.2435897435897436,0.0,0.6201833563332559,1.0318240278048332,346,931,340,0.0,a5000,prior_R2
prior_global,0,train_P3_Laplace_prior,R2,validation,P2_candidate_clock,KR7005300009_t,1617,1.1016849932432162,0.3562152133580705,0.1751025991792065,0.0,0.6690985784145866,1.1016849932432164,569,576,472,0.0,a5000,prior_R2
prior_global,0,train_P3_Laplace_prior,R2,validation,P2_candidate_clock,KR7005380001_t,1617,0.9861559915345014,0.7179962894248608,0.2786177105831534,0.0,0.5882520940661654,0.9861559915345016,211,1161,245,0.0,a5000,prior_R2
prior_global,0,train_P3_Laplace_prior,R2,validation,P2_candidate_clock,KR7005440003_t,1617,1.0239231793341257,0.5992578849721707,0.2498066511987625,0.0,0.6146977489607319,1.023923179334126,332,969,316,0.0,a5000,prior_R2
prior_global,0,train_P3_Laplace_prior,R2,validation,P2_candidate_clock,KR7005490008_t,1617,1.0706191917718717,0.4570191713048855,0.2091114883984154,0.0,0.6472359439549148,1.0706191917718717,443,739,435,0.0,a5000,prior_R2
prior_global,0,train_P3_Laplace_prior,R2,validation,P2_candidate_clock,KR7005830005_t,1617,1.0616236172381095,0.4848484848484848,0.217687074829932,0.0,0.6409527888127476,1.0616236172381095,418,784,415,0.0,a5000,prior_R2
prior_global,0,train_P3_Laplace_prior,R2,validation,P2_candidate_clock,KR7005930003_t,1617,1.1473431805866152,0.2257266542980828,0.1227716111671712,0.0,0.7006136124492695,1.1473431805866152,605,365,647,0.0,a5000,prior_R2
prior_global,0,train_P3_Laplace_prior,R2,validation,P2_candidate_clock,KR7006400006_t,1617,0.9762085698145656,0.7464440321583179,0.2849386213408876,0.0,0.5813853532037991,0.9762085698145656,203,1207,207,0.0,a5000,prior_R2
prior_global,0,train_P3_Laplace_prior,R2,validation,P2_candidate_clock,KR7006800007_t,1617,1.1379050574075869,0.2517006802721088,0.1340579710144927,0.0,0.694133971968278,1.1379050574075869,606,407,604,0.0,a5000,prior_R2
prior_global,0,train_P3_Laplace_prior,R2,validation,P2_candidate_clock,KR7007070006_t,1617,1.0935221479603003,0.3883735312306741,0.1864884929472902,0.0,0.6631558743660746,1.0935221479603006,488,628,501,0.0,a5000,prior_R2
prior_global,0,train_P3_Laplace_prior,R2,validation,P2_candidate_clock,KR7008770000_t,1617,1.1124653008277765,0.3265306122448979,0.1641025641025641,0.0,0.6765002691266299,1.1124653008277765,568,528,521,0.0,a5000,prior_R2
prior_global,0,train_P3_Laplace_prior,R2,validation,P2_candidate_clock,KR7009150004_t,1617,1.0805761491911847,0.4279529993815708,0.1997978923054713,0.0,0.6541299155376454,1.0805761491911847,456,692,469,0.0,a5000,prior_R2
prior_global,0,train_P3_Laplace_prior,R2,validation,P3_intersection,KR7000030007_t,1617,0.9723866426001389,0.7581941867656153,0.2874897408840426,0.0,0.5787184161084237,0.9723866426001389,193,1226,198,0.0,a5000,prior_R2
prior_global,0,train_P3_Laplace_prior,R2,validation,P3_intersection,KR7000100008_t,1605,1.038854519502658,0.5532710280373832,0.2374649017248295,0.0,0.625119682864918,1.0388545195026582,369,888,348,0.0,a5000,prior_R2
prior_global,0,train_P3_Laplace_prior,R2,validation,P3_intersection,KR7000120006_t,1594,1.0074140503323157,0.6480552070263488,0.262149473417079,0.0,0.6032460997361587,1.007414050332316,301,1033,260,0.0,a5000,prior_R2
prior_global,0,train_P3_Laplace_prior,R2,validation,P3_intersection,KR7000150003_t,1597,1.0217822972391437,0.6030056355666875,0.25078125,0.0,0.6133028370183324,1.0217822972391437,346,963,288,0.0,a5000,prior_R2
prior_global,0,train_P3_Laplace_prior,R2,validation,P3_intersection,KR7000270009_t,1617,1.0512478721150842,0.5132962275819418,0.226127230622531,0.0,0.6338331593140928,1.0512478721150842,420,830,367,0.0,a5000,prior_R2
prior_global,0,train_P3_Laplace_prior,R2,validation,P3_intersection,KR7000660001_t,1617,1.1143119376176376,0.3234384662956091,0.1629283489096573,0.0,0.6776985550008635,1.1143119376176376,551,523,543,0.0,a5000,prior_R2
prior_global,0,train_P3_Laplace_prior,R2,validation,P3_intersection,KR7000720003_t,1617,1.121098988626535,0.305504019789734,0.1560082109584715,0.0,0.6823321531630158,1.121098988626535,544,494,579,0.0,a5000,prior_R2
prior_global,0,train_P3_Laplace_prior,R2,validation,P3_intersection,KR7000810002_t,1614,1.0401688982113435,0.5514250309789344,0.2369542066027689,0.0,0.6259601895923185,1.0401688982113435,356,890,368,0.0,a5000,prior_R2
prior_global,0,train_P3_Laplace_prior,R2,validation,P3_intersection,KR7001040005_t,1613,1.0343580059860824,0.5635461872287663,0.2402854877081681,0.0,0.6221059789075027,1.0343580059860824,389,909,315,0.0,a5000,prior_R2
prior_global,0,train_P3_Laplace_prior,R2,validation,P3_intersection,KR7001450006_t,1615,1.0706625276048134,0.4594427244582043,0.2098713053316362,0.0,0.6471768794241634,1.0706625276048136,421,742,452,0.0,a5000,prior_R2
prior_global,0,train_P3_Laplace_prior,R2,validation,P3_intersection,KR7002380004_t,1594,1.072131646540325,0.4523212045169385,0.2076313894888408,0.0,0.6482930123330592,1.072131646540325,441,721,432,0.0,a5000,prior_R2
prior_global,0,train_P3_Laplace_prior,R2,validation,P3_intersection,KR7002550002_t,1614,1.0471021555839652,0.530359355638166,0.2310391363022942,0.0,0.6307894788037943,1.0471021555839657,372,856,386,0.0,a5000,prior_R2
prior_global,0,train_P3_Laplace_prior,R2,validation,P3_intersection,KR7002790004_t,1609,1.0224111951490238,0.603480422622747,0.2509043927648579,0.0,0.6136575643678926,1.0224111951490238,330,971,308,0.0,a5000,prior_R2
prior_global,0,train_P3_Laplace_prior,R2,validation,P3_intersection,KR7003550001_t,1617,1.083227221361316,0.4199134199134199,0.1971544715447154,0.0,0.6559759578564845,1.083227221361316,462,679,476,0.0,a5000,prior_R2
prior_global,0,train_P3_Laplace_prior,R2,validation,P3_intersection,KR7004020004_t,1617,1.0902381263849128,0.3957946815089672,0.1890415005169103,0.0,0.6609577298131674,1.0902381263849128,502,640,475,0.0,a5000,prior_R2
prior_global,0,train_P3_Laplace_prior,R2,validation,P3_intersection,KR7004170007_t,1612,1.0318911894241911,0.575682382133995,0.2435695538057742,0.0,0.6202256359600833,1.0318911894241911,344,928,340,0.0,a5000,prior_R2
prior_global,0,train_P3_Laplace_prior,R2,validation,P3_intersection,KR7005300009_t,1238,1.129152977802344,0.27140549273021,0.1423125794155019,0.0,0.6882783551807361,1.1291529778023444,493,336,409,0.0,a5000,prior_R2
prior_global,0,train_P3_Laplace_prior,R2,validation,P3_intersection,KR7005380001_t,1617,0.9861559915345014,0.7179962894248608,0.2786177105831534,0.0,0.5882520940661654,0.9861559915345016,211,1161,245,0.0,a5000,prior_R2
prior_global,0,train_P3_Laplace_prior,R2,validation,P3_intersection,KR7005440003_t,1601,1.0241000536467952,0.5983760149906309,0.2495766575485215,0.0,0.6148329804843539,1.0241000536467952,332,958,311,0.0,a5000,prior_R2
prior_global,0,train_P3_Laplace_prior,R2,validation,P3_intersection,KR7005490008_t,1617,1.0706191917718717,0.4570191713048855,0.2091114883984154,0.0,0.6472359439549148,1.0706191917718717,443,739,435,0.0,a5000,prior_R2
prior_global,0,train_P3_Laplace_prior,R2,validation,P3_intersection,KR7005830005_t,1611,1.0618448702486685,0.4841713221601489,0.2174822250104559,0.0,0.6411070721091076,1.0618448702486687,417,780,414,0.0,a5000,prior_R2
prior_global,0,train_P3_Laplace_prior,R2,validation,P3_intersection,KR7005930003_t,1617,1.1473431805866152,0.2257266542980828,0.1227716111671712,0.0,0.7006136124492695,1.1473431805866152,605,365,647,0.0,a5000,prior_R2
prior_global,0,train_P3_Laplace_prior,R2,validation,P3_intersection,KR7006400006_t,1617,0.9762085698145656,0.7464440321583179,0.2849386213408876,0.0,0.5813853532037991,0.9762085698145656,203,1207,207,0.0,a5000,prior_R2
prior_global,0,train_P3_Laplace_prior,R2,validation,P3_intersection,KR7006800007_t,1617,1.1379050574075869,0.2517006802721088,0.1340579710144927,0.0,0.694133971968278,1.1379050574075869,606,407,604,0.0,a5000,prior_R2
prior_global,0,train_P3_Laplace_prior,R2,validation,P3_intersection,KR7007070006_t,1613,1.09379469569277,0.3874767513949163,0.1861781352397974,0.0,0.6633481137047407,1.0937946956927702,488,625,500,0.0,a5000,prior_R2
prior_global,0,train_P3_Laplace_prior,R2,validation,P3_intersection,KR7008770000_t,1613,1.1126035111817327,0.3261004339739615,0.1639395356085398,0.0,0.6765968960252844,1.112603511181733,567,526,520,0.0,a5000,prior_R2
prior_global,0,train_P3_Laplace_prior,R2,validation,P3_intersection,KR7009150004_t,1617,1.0805761491911847,0.4279529993815708,0.1997978923054713,0.0,0.6541299155376454,1.0805761491911847,456,692,469,0.0,a5000,prior_R2
