model,seed,family,fold,split,population,grouping,group,rows,nll,accuracy,macro_f1,mcc,brier,equal_asset_nll,down,flat,up,max_probability_sum_error,owner,source_job
prior_per_asset,0,train_P3_Laplace_prior,R1,rolling_evaluation,P0_legacy,origin_bucket,09:00–:59,5346,1.1195546232328573,0.3150018705574261,0.2484014771136489,0.0400867054511132,0.6814259839973458,1.1195546232328573,2028,1418,1900,1.1102230246251563e-16,a5000,prior_R1
prior_per_asset,0,train_P3_Laplace_prior,R1,rolling_evaluation,P0_legacy,origin_bucket,10:00–:59,5346,1.0576047879054755,0.442947998503554,0.3083255323960758,0.0864696247988112,0.6366257888724971,1.0576047879054755,1574,2334,1438,1.1102230246251563e-16,a5000,prior_R1
prior_per_asset,0,train_P3_Laplace_prior,R1,rolling_evaluation,P0_legacy,origin_bucket,11:00–:59,5346,1.040650305827295,0.4719416386083053,0.3082230357645734,0.0635856537781403,0.623359967547691,1.0406503058272951,1264,2740,1342,1.1102230246251563e-16,a5000,prior_R1
prior_per_asset,0,train_P3_Laplace_prior,R1,rolling_evaluation,P0_legacy,origin_bucket,12:00–:59,5346,1.0224390049852246,0.5258136924803591,0.3250987575599657,0.0839734006577177,0.6099111071768298,1.0224390049852248,1105,3124,1117,1.1102230246251563e-16,a5000,prior_R1
prior_per_asset,0,train_P3_Laplace_prior,R1,rolling_evaluation,P0_legacy,origin_bucket,13:00–:59,5346,1.0283865877159184,0.5164609053497943,0.3287011821733295,0.0938894980119302,0.6142338643439051,1.0283865877159188,1174,2994,1178,1.1102230246251563e-16,a5000,prior_R1
prior_per_asset,0,train_P3_Laplace_prior,R1,rolling_evaluation,P0_legacy,origin_bucket,14:00–:59,5346,1.0362162569193056,0.4908342686120464,0.321312618220225,0.0938878614319575,0.6202777629328418,1.0362162569193056,1249,2776,1321,1.1102230246251563e-16,a5000,prior_R1
prior_per_asset,0,train_P3_Laplace_prior,R1,rolling_evaluation,P0_legacy,origin_bucket,15:00–:59,1782,1.0048296444809135,0.5982042648709316,0.3142813649031593,0.0334311289331371,0.5947256784522652,1.0048296444809135,226,1328,228,1.1102230246251563e-16,a5000,prior_R1
prior_per_asset,0,train_P3_Laplace_prior,R1,rolling_evaluation,P0_legacy,relative_spread_bin,high,12256,0.9509861228465,0.63536227154047,0.2887360070363206,0.1043734334205886,0.5609594374201076,1.0776736336666557,2325,7709,2222,1.1102230246251563e-16,a5000,prior_R1
prior_per_asset,0,train_P3_Laplace_prior,R1,rolling_evaluation,P0_legacy,relative_spread_bin,invalid,234,1.267571891761836,0.3119658119658119,0.2196499255547082,-0.0265028559575109,0.7483803713093946,1.1310335921290169,71,100,63,0.0,a5000,prior_R1
prior_per_asset,0,train_P3_Laplace_prior,R1,rolling_evaluation,P0_legacy,relative_spread_bin,low,9316,1.1285642821311432,0.332975525976814,0.2637214240955763,-0.012114624635227,0.6828587817161643,1.1217342536267811,3057,3263,2996,0.0,a5000,prior_R1
prior_per_asset,0,train_P3_Laplace_prior,R1,rolling_evaluation,P0_legacy,relative_spread_bin,middle,12052,1.0812097830087497,0.4044971788914703,0.2845481334161144,0.0084513924238251,0.6544241602462553,1.0940001341186825,3167,5642,3243,0.0,a5000,prior_R1
prior_per_asset,0,train_P3_Laplace_prior,R1,rolling_evaluation,P0_legacy,l5_depth_bin,high,12394,0.9930421037761006,0.5401807326125545,0.251658639365666,-0.0080244654828284,0.5908159594881008,1.0135936129766854,2812,6858,2724,1.1102230246251563e-16,a5000,prior_R1
prior_per_asset,0,train_P3_Laplace_prior,R1,rolling_evaluation,P0_legacy,l5_depth_bin,invalid,232,1.2713576848108077,0.3060344827586206,0.2119664833726106,-0.0428861107601262,0.7507257471070116,1.1557270658285228,71,98,63,0.0,a5000,prior_R1
prior_per_asset,0,train_P3_Laplace_prior,R1,rolling_evaluation,P0_legacy,l5_depth_bin,low,7312,1.1220125206619005,0.3573577680525164,0.2821415502908818,0.0277016622282827,0.6767666083884443,1.1325636391049312,2350,2697,2265,1.1102230246251563e-16,a5000,prior_R1
prior_per_asset,0,train_P3_Laplace_prior,R1,rolling_evaluation,P0_legacy,l5_depth_bin,middle,13920,1.055277911873365,0.4639367816091954,0.3100616146073265,0.0625061500891683,0.6360354486998735,1.1061192108211493,3387,7061,3472,1.1102230246251563e-16,a5000,prior_R1
prior_per_asset,0,train_P3_Laplace_prior,R1,rolling_evaluation,P1_valid_cache_endpoints,origin_bucket,09:00–:59,5216,1.1143377090944429,0.3155674846625766,0.2495673404935023,0.0556295723370755,0.6790519532392278,1.1114168582638202,2005,1336,1875,1.1102230246251563e-16,a5000,prior_R1
prior_per_asset,0,train_P3_Laplace_prior,R1,rolling_evaluation,P1_valid_cache_endpoints,origin_bucket,10:00–:59,5266,1.052646555064893,0.4451196353968857,0.3093412425085668,0.0935004947577623,0.634093010778588,1.0526132665498489,1558,2282,1426,1.1102230246251563e-16,a5000,prior_R1
prior_per_asset,0,train_P3_Laplace_prior,R1,rolling_evaluation,P1_valid_cache_endpoints,origin_bucket,11:00–:59,5281,1.0345234103961245,0.4747206968377201,0.3090034360250646,0.0685815284515715,0.6201644286414371,1.0362376072619015,1252,2694,1335,1.1102230246251563e-16,a5000,prior_R1
prior_per_asset,0,train_P3_Laplace_prior,R1,rolling_evaluation,P1_valid_cache_endpoints,origin_bucket,12:00–:59,5282,1.0161306272776498,0.5289663006436955,0.3255308332057698,0.0870279787274471,0.6065822374786088,1.0187475153693617,1092,3080,1110,1.1102230246251563e-16,a5000,prior_R1
prior_per_asset,0,train_P3_Laplace_prior,R1,rolling_evaluation,P1_valid_cache_endpoints,origin_bucket,13:00–:59,5304,1.0244482242451414,0.5190422322775264,0.3301297249377575,0.0980361398001966,0.6121330959571984,1.0262017651011377,1168,2964,1172,1.1102230246251563e-16,a5000,prior_R1
prior_per_asset,0,train_P3_Laplace_prior,R1,rolling_evaluation,P1_valid_cache_endpoints,origin_bucket,14:00–:59,5321,1.0337576740523324,0.4925765833489945,0.3223006156542495,0.0965894067169298,0.6189469831085287,1.034893699304939,1246,2760,1315,1.1102230246251563e-16,a5000,prior_R1
prior_per_asset,0,train_P3_Laplace_prior,R1,rolling_evaluation,P1_valid_cache_endpoints,origin_bucket,15:00–:59,887,1.0466092924086767,0.4588500563697858,0.3034141711561588,0.0609539784428673,0.6281469378854092,1.0476492023527897,225,434,228,1.1102230246251563e-16,a5000,prior_R1
prior_per_asset,0,train_P3_Laplace_prior,R1,rolling_evaluation,P1_valid_cache_endpoints,relative_spread_bin,high,11888,0.9546357586055294,0.626514131897712,0.2868304021902323,0.1183696073807395,0.5639159205919071,1.0667736482658394,2323,7343,2222,1.1102230246251563e-16,a5000,prior_R1
prior_per_asset,0,train_P3_Laplace_prior,R1,rolling_evaluation,P1_valid_cache_endpoints,relative_spread_bin,low,8949,1.1172552727330405,0.3314336797407531,0.2650673731559471,-0.0007883580557569,0.6774289454898492,1.1139491230500669,3056,2897,2996,0.0,a5000,prior_R1
prior_per_asset,0,train_P3_Laplace_prior,R1,rolling_evaluation,P1_valid_cache_endpoints,relative_spread_bin,middle,11720,1.0837675278665098,0.3974402730375426,0.2829049881080205,0.0092856051849066,0.6562557665247326,1.0931402138820578,3167,5310,3243,0.0,a5000,prior_R1
prior_per_asset,0,train_P3_Laplace_prior,R1,rolling_evaluation,P1_valid_cache_endpoints,l5_depth_bin,high,12000,0.9981935100258488,0.5266666666666666,0.2478884805936258,-0.0070627320968616,0.5944669123858415,1.0178344978664302,2811,6465,2724,1.1102230246251563e-16,a5000,prior_R1
prior_per_asset,0,train_P3_Laplace_prior,R1,rolling_evaluation,P1_valid_cache_endpoints,l5_depth_bin,low,7017,1.1033264515953187,0.364400741057432,0.2897676645413115,0.0459057351781644,0.6674076812907974,1.1299382857663185,2350,2402,2265,1.1102230246251563e-16,a5000,prior_R1
prior_per_asset,0,train_P3_Laplace_prior,R1,rolling_evaluation,P1_valid_cache_endpoints,l5_depth_bin,middle,13540,1.0582288721884394,0.457533234859675,0.3092123307889616,0.0649360536469155,0.6381579787745564,1.107839755102334,3385,6683,3472,1.1102230246251563e-16,a5000,prior_R1
prior_per_asset,0,train_P3_Laplace_prior,R1,rolling_evaluation,P2_candidate_clock,origin_bucket,09:00–:59,4455,1.1097122459717168,0.3324354657687991,0.2588109000760391,0.0482208928103977,0.674331014491228,1.1097122459717168,1594,1295,1566,1.1102230246251563e-16,a5000,prior_R1
prior_per_asset,0,train_P3_Laplace_prior,R1,rolling_evaluation,P2_candidate_clock,origin_bucket,10:00–:59,5346,1.0576047879054755,0.442947998503554,0.3083255323960758,0.0864696247988112,0.6366257888724971,1.0576047879054755,1574,2334,1438,1.1102230246251563e-16,a5000,prior_R1
prior_per_asset,0,train_P3_Laplace_prior,R1,rolling_evaluation,P2_candidate_clock,origin_bucket,11:00–:59,5346,1.040650305827295,0.4719416386083053,0.3082230357645734,0.0635856537781403,0.623359967547691,1.0406503058272951,1264,2740,1342,1.1102230246251563e-16,a5000,prior_R1
prior_per_asset,0,train_P3_Laplace_prior,R1,rolling_evaluation,P2_candidate_clock,origin_bucket,12:00–:59,5346,1.0224390049852246,0.5258136924803591,0.3250987575599657,0.0839734006577177,0.6099111071768298,1.0224390049852248,1105,3124,1117,1.1102230246251563e-16,a5000,prior_R1
prior_per_asset,0,train_P3_Laplace_prior,R1,rolling_evaluation,P2_candidate_clock,origin_bucket,13:00–:59,5346,1.0283865877159184,0.5164609053497943,0.3287011821733295,0.0938894980119302,0.6142338643439051,1.0283865877159188,1174,2994,1178,1.1102230246251563e-16,a5000,prior_R1
prior_per_asset,0,train_P3_Laplace_prior,R1,rolling_evaluation,P2_candidate_clock,origin_bucket,14:00–:59,3564,1.037601459023422,0.4898989898989899,0.3211739761007474,0.093683221735453,0.6209255990133892,1.037601459023422,848,1841,875,1.1102230246251563e-16,a5000,prior_R1
prior_per_asset,0,train_P3_Laplace_prior,R1,rolling_evaluation,P2_candidate_clock,relative_spread_bin,high,10554,0.9483239526156848,0.6373886678036763,0.2819198981739023,0.0916962463435948,0.5590992993398088,1.0805201873692611,1965,6676,1913,1.1102230246251563e-16,a5000,prior_R1
prior_per_asset,0,train_P3_Laplace_prior,R1,rolling_evaluation,P2_candidate_clock,relative_spread_bin,invalid,225,1.2481318567647552,0.3244444444444444,0.2287694287694287,-0.0169334717859489,0.7380822454250617,1.129300286029722,71,93,61,0.0,a5000,prior_R1
prior_per_asset,0,train_P3_Laplace_prior,R1,rolling_evaluation,P2_candidate_clock,relative_spread_bin,low,8118,1.127859563191076,0.3297610248829761,0.2624889500336536,-0.0115478134542122,0.6827264003593703,1.121134094583707,2723,2738,2657,0.0,a5000,prior_R1
prior_per_asset,0,train_P3_Laplace_prior,R1,rolling_evaluation,P2_candidate_clock,relative_spread_bin,middle,10506,1.0829393116101291,0.4010089472682276,0.2845607595216713,0.0113912822393348,0.655635917327619,1.0972268130249616,2800,4821,2885,0.0,a5000,prior_R1
prior_per_asset,0,train_P3_Laplace_prior,R1,rolling_evaluation,P2_candidate_clock,l5_depth_bin,high,10796,0.9977630091604228,0.527139681363468,0.2479920319960051,-0.0064577509034281,0.5941378066818885,1.01776086048308,2519,5819,2458,1.1102230246251563e-16,a5000,prior_R1
prior_per_asset,0,train_P3_Laplace_prior,R1,rolling_evaluation,P2_candidate_clock,l5_depth_bin,invalid,223,1.2518960895780609,0.3183856502242152,0.2207922207922208,-0.0337511991230552,0.7404299177716018,1.1539937597292282,71,91,61,0.0,a5000,prior_R1
prior_per_asset,0,train_P3_Laplace_prior,R1,rolling_evaluation,P2_candidate_clock,l5_depth_bin,low,6101,1.1151762201188709,0.3696115390919521,0.2916692271636802,0.0521716768713382,0.6721284239863905,1.1119525988133288,1895,2330,1876,1.1102230246251563e-16,a5000,prior_R1
prior_per_asset,0,train_P3_Laplace_prior,R1,rolling_evaluation,P2_candidate_clock,l5_depth_bin,middle,12283,1.055772418108126,0.4618578523162094,0.3120120564351715,0.0707748552581311,0.6364245891616552,1.0427143426924308,3074,6088,3121,1.1102230246251563e-16,a5000,prior_R1
prior_per_asset,0,train_P3_Laplace_prior,R1,rolling_evaluation,P3_intersection,origin_bucket,09:00–:59,4344,1.1046383072805803,0.33402394106814,0.2603876365976857,0.0625365849180117,0.6719112128039592,1.1020318049320168,1571,1232,1541,1.1102230246251563e-16,a5000,prior_R1
prior_per_asset,0,train_P3_Laplace_prior,R1,rolling_evaluation,P3_intersection,origin_bucket,10:00–:59,5266,1.052646555064893,0.4451196353968857,0.3093412425085668,0.0935004947577623,0.634093010778588,1.0526132665498489,1558,2282,1426,1.1102230246251563e-16,a5000,prior_R1
prior_per_asset,0,train_P3_Laplace_prior,R1,rolling_evaluation,P3_intersection,origin_bucket,11:00–:59,5281,1.0345234103961245,0.4747206968377201,0.3090034360250646,0.0685815284515715,0.6201644286414371,1.0362376072619015,1252,2694,1335,1.1102230246251563e-16,a5000,prior_R1
prior_per_asset,0,train_P3_Laplace_prior,R1,rolling_evaluation,P3_intersection,origin_bucket,12:00–:59,5282,1.0161306272776498,0.5289663006436955,0.3255308332057698,0.0870279787274471,0.6065822374786088,1.0187475153693617,1092,3080,1110,1.1102230246251563e-16,a5000,prior_R1
prior_per_asset,0,train_P3_Laplace_prior,R1,rolling_evaluation,P3_intersection,origin_bucket,13:00–:59,5304,1.0244482242451414,0.5190422322775264,0.3301297249377575,0.0980361398001966,0.6121330959571984,1.0262017651011377,1168,2964,1172,1.1102230246251563e-16,a5000,prior_R1
prior_per_asset,0,train_P3_Laplace_prior,R1,rolling_evaluation,P3_intersection,origin_bucket,14:00–:59,3544,1.034664603170966,0.4918171557562076,0.3222190480112062,0.0968573866860465,0.619346012842658,1.0361707715985742,845,1828,871,1.1102230246251563e-16,a5000,prior_R1
prior_per_asset,0,train_P3_Laplace_prior,R1,rolling_evaluation,P3_intersection,relative_spread_bin,high,10519,0.9473396573121105,0.6375130715847515,0.2820989325585009,0.1014149665653012,0.5586189213411191,1.0698521532033465,1964,6642,1913,1.1102230246251563e-16,a5000,prior_R1
prior_per_asset,0,train_P3_Laplace_prior,R1,rolling_evaluation,P3_intersection,relative_spread_bin,low,8006,1.1169699372018298,0.333999500374719,0.266604416835497,0.0007234195300637,0.677203307951801,1.1134199683251145,2722,2627,2657,0.0,a5000,prior_R1
prior_per_asset,0,train_P3_Laplace_prior,R1,rolling_evaluation,P3_intersection,relative_spread_bin,middle,10496,1.0828223353573971,0.4012957317073171,0.2848197345530786,0.0122234875928431,0.6555722106154623,1.094117250245582,2800,4811,2885,0.0,a5000,prior_R1
prior_per_asset,0,train_P3_Laplace_prior,R1,rolling_evaluation,P3_intersection,l5_depth_bin,high,10794,0.99779735197783,0.5270520659625718,0.2479666936795571,-0.0064802474009173,0.5941618178901392,1.017799763893277,2519,5817,2458,1.1102230246251563e-16,a5000,prior_R1
prior_per_asset,0,train_P3_Laplace_prior,R1,rolling_evaluation,P3_intersection,l5_depth_bin,low,5958,1.0988611357781546,0.3759650889560255,0.2979787311772247,0.0655586530368666,0.6638746439174992,1.1133919844537132,1895,2187,1876,1.1102230246251563e-16,a5000,prior_R1
prior_per_asset,0,train_P3_Laplace_prior,R1,rolling_evaluation,P3_intersection,l5_depth_bin,middle,12269,1.0559614589779311,0.4615698100904719,0.3119632950141425,0.0707755105210398,0.636558827035832,1.0428193383023765,3072,6076,3121,1.1102230246251563e-16,a5000,prior_R1
prior_per_asset,0,train_P3_Laplace_prior,R1,validation,P0_legacy,origin_bucket,09:00–:59,7938,1.1053517681614342,0.3515998992189468,0.2707399079533222,0.0641495089231337,0.6711269703420762,1.1053517681614342,2864,2418,2656,1.1102230246251563e-16,a5000,prior_R1
prior_per_asset,0,train_P3_Laplace_prior,R1,validation,P0_legacy,origin_bucket,10:00–:59,7938,1.0524798589254527,0.4564121945074326,0.3185687305316193,0.10876511089722,0.6331437122713708,1.0524798589254525,2261,3518,2159,1.1102230246251563e-16,a5000,prior_R1
prior_per_asset,0,train_P3_Laplace_prior,R1,validation,P0_legacy,origin_bucket,11:00–:59,7938,1.0274952560789168,0.5143613000755858,0.3299766767289496,0.1003402934825477,0.6145276496312364,1.0274952560789166,1890,4335,1713,1.1102230246251563e-16,a5000,prior_R1
prior_per_asset,0,train_P3_Laplace_prior,R1,validation,P0_legacy,origin_bucket,12:00–:59,7938,1.0112946000600518,0.5490047871000252,0.3354778747692894,0.1055892869013594,0.6026408318093155,1.0112946000600518,1590,4804,1544,1.1102230246251563e-16,a5000,prior_R1
prior_per_asset,0,train_P3_Laplace_prior,R1,validation,P0_legacy,origin_bucket,13:00–:59,7938,1.0125913463789729,0.5317460317460317,0.3352623892274421,0.114955162925253,0.6041430975360801,1.0125913463789729,1712,4516,1710,1.1102230246251563e-16,a5000,prior_R1
prior_per_asset,0,train_P3_Laplace_prior,R1,validation,P0_legacy,origin_bucket,14:00–:59,7938,1.0256466646316211,0.5138573948097758,0.3308021220060292,0.1090085480425579,0.6138761995672694,1.025646664631621,1802,4315,1821,1.1102230246251563e-16,a5000,prior_R1
prior_per_asset,0,train_P3_Laplace_prior,R1,validation,P0_legacy,origin_bucket,15:00–:59,2646,0.99846608335189,0.6118669690098262,0.3204613704613704,0.0544304985054295,0.5908796398624456,0.99846608335189,313,2000,333,1.1102230246251563e-16,a5000,prior_R1
prior_per_asset,0,train_P3_Laplace_prior,R1,validation,P0_legacy,relative_spread_bin,high,18571,0.9407647233966197,0.6541381724193636,0.2952088661620876,0.1156304611564181,0.553950873672514,1.0606153785369763,3350,12017,3204,1.1102230246251563e-16,a5000,prior_R1
prior_per_asset,0,train_P3_Laplace_prior,R1,validation,P0_legacy,relative_spread_bin,invalid,440,1.0867309612481386,0.5204545454545455,0.3606205830772169,0.2176513217495648,0.6420051191399936,0.9713505737976186,91,271,78,1.1102230246251563e-16,a5000,prior_R1
prior_per_asset,0,train_P3_Laplace_prior,R1,validation,P0_legacy,relative_spread_bin,low,17829,1.1101050843197775,0.369902967076112,0.2888019290947671,0.0337279303211783,0.6717486986724658,1.1111469737097397,5494,7047,5288,0.0,a5000,prior_R1
prior_per_asset,0,train_P3_Laplace_prior,R1,validation,P0_legacy,relative_spread_bin,middle,13434,1.071392665796704,0.4318892362661902,0.2786628558914202,-0.0037780024906732,0.6476684022419096,1.1034640195871457,3497,6571,3366,0.0,a5000,prior_R1
prior_per_asset,0,train_P3_Laplace_prior,R1,validation,P0_legacy,l5_depth_bin,high,17791,0.9786253127379304,0.5798999494126243,0.2700954177426465,0.0245721512516089,0.5807738345398494,1.0065579653396528,3651,10487,3653,1.1102230246251563e-16,a5000,prior_R1
prior_per_asset,0,train_P3_Laplace_prior,R1,validation,P0_legacy,l5_depth_bin,invalid,436,1.0863850921362617,0.5206422018348624,0.3615357395612172,0.218937935008581,0.6416665949193517,0.9713961882674472,91,267,78,1.1102230246251563e-16,a5000,prior_R1
prior_per_asset,0,train_P3_Laplace_prior,R1,validation,P0_legacy,l5_depth_bin,low,11790,1.107259117061246,0.3860050890585241,0.3021755456187142,0.0652334940420311,0.668495340305927,1.1449920822602466,3820,4508,3462,1.1102230246251563e-16,a5000,prior_R1
prior_per_asset,0,train_P3_Laplace_prior,R1,validation,P0_legacy,l5_depth_bin,middle,20257,1.0463190054082052,0.4778101397047934,0.3092762733821904,0.0572417972182275,0.6295806291085985,1.0844016175496276,4870,10644,4743,1.1102230246251563e-16,a5000,prior_R1
prior_per_asset,0,train_P3_Laplace_prior,R1,validation,P1_valid_cache_endpoints,origin_bucket,09:00–:59,7595,1.105485218244604,0.3411454904542462,0.266592214227739,0.0731633688385361,0.6724275963272476,1.103903517280543,2832,2136,2627,1.1102230246251563e-16,a5000,prior_R1
prior_per_asset,0,train_P3_Laplace_prior,R1,validation,P1_valid_cache_endpoints,origin_bucket,10:00–:59,7828,1.0489302947700228,0.4573326520183955,0.3188943519932172,0.1127981518544337,0.6313628104710219,1.0489992874969072,2236,3450,2142,1.1102230246251563e-16,a5000,prior_R1
prior_per_asset,0,train_P3_Laplace_prior,R1,validation,P1_valid_cache_endpoints,origin_bucket,11:00–:59,7863,1.0245539565869295,0.5159608292000508,0.3302418295669268,0.101990716449384,0.6129877636138746,1.0257020083762751,1876,4288,1699,1.1102230246251563e-16,a5000,prior_R1
prior_per_asset,0,train_P3_Laplace_prior,R1,validation,P1_valid_cache_endpoints,origin_bucket,12:00–:59,7866,1.0081305699506498,0.5504703788456649,0.33594163750256,0.1074101135490622,0.6009984345130627,1.009387701825814,1579,4751,1536,1.1102230246251563e-16,a5000,prior_R1
prior_per_asset,0,train_P3_Laplace_prior,R1,validation,P1_valid_cache_endpoints,origin_bucket,13:00–:59,7889,1.0098686295519643,0.5331474204588668,0.3360831006537355,0.1174569159024676,0.6027041485453355,1.010538876372777,1706,4480,1703,1.1102230246251563e-16,a5000,prior_R1
prior_per_asset,0,train_P3_Laplace_prior,R1,validation,P1_valid_cache_endpoints,origin_bucket,14:00–:59,7920,1.0246292707423217,0.5143939393939394,0.3309736058006167,0.1097226958664566,0.6133428058380701,1.0248942674920054,1799,4303,1818,1.1102230246251563e-16,a5000,prior_R1
prior_per_asset,0,train_P3_Laplace_prior,R1,validation,P1_valid_cache_endpoints,origin_bucket,15:00–:59,1319,1.0357200071893122,0.4844579226686884,0.3171552744777111,0.0912119032133619,0.6215071937002669,1.0359865395610546,313,673,333,1.1102230246251563e-16,a5000,prior_R1
prior_per_asset,0,train_P3_Laplace_prior,R1,validation,P1_valid_cache_endpoints,relative_spread_bin,high,17990,0.9453797194032836,0.6443023902167871,0.2929839300583552,0.1223308530858643,0.5573957497387941,1.057662452806974,3350,11436,3204,1.1102230246251563e-16,a5000,prior_R1
prior_per_asset,0,train_P3_Laplace_prior,R1,validation,P1_valid_cache_endpoints,relative_spread_bin,low,17222,1.102640822071526,0.3692950876785507,0.2905261810863012,0.0405661866487378,0.6681502961965671,1.1064594483684014,5494,6440,5288,0.0,a5000,prior_R1
prior_per_asset,0,train_P3_Laplace_prior,R1,validation,P1_valid_cache_endpoints,relative_spread_bin,middle,13068,1.0747000418134978,0.4228650137741047,0.2762393102111218,-0.0036958020591057,0.6500240469354445,1.101389492221727,3497,6205,3366,0.0,a5000,prior_R1
prior_per_asset,0,train_P3_Laplace_prior,R1,validation,P1_valid_cache_endpoints,l5_depth_bin,high,17191,0.9834453432755508,0.5673317433540807,0.2668810324926717,0.0278621692549346,0.584192782763132,1.0102125318691548,3651,9887,3653,1.1102230246251563e-16,a5000,prior_R1
prior_per_asset,0,train_P3_Laplace_prior,R1,validation,P1_valid_cache_endpoints,l5_depth_bin,low,11443,1.0937014997014451,0.392117451717207,0.3085490807497131,0.0794033737761796,0.6616471882266262,1.1467372495401245,3820,4161,3462,1.1102230246251563e-16,a5000,prior_R1
prior_per_asset,0,train_P3_Laplace_prior,R1,validation,P1_valid_cache_endpoints,l5_depth_bin,middle,19646,1.0495574864535295,0.4701720452000407,0.3080659036500838,0.0591910240057946,0.6319281930618084,1.0863771740228307,4870,10033,4743,1.1102230246251563e-16,a5000,prior_R1
prior_per_asset,0,train_P3_Laplace_prior,R1,validation,P2_candidate_clock,origin_bucket,09:00–:59,6615,1.0973674998841152,0.3694633408919123,0.2805845562802335,0.072659730830265,0.665254690513397,1.0973674998841152,2309,2163,2143,1.1102230246251563e-16,a5000,prior_R1
prior_per_asset,0,train_P3_Laplace_prior,R1,validation,P2_candidate_clock,origin_bucket,10:00–:59,7938,1.0524798589254527,0.4564121945074326,0.3185687305316193,0.10876511089722,0.6331437122713708,1.0524798589254525,2261,3518,2159,1.1102230246251563e-16,a5000,prior_R1
prior_per_asset,0,train_P3_Laplace_prior,R1,validation,P2_candidate_clock,origin_bucket,11:00–:59,7938,1.0274952560789168,0.5143613000755858,0.3299766767289496,0.1003402934825477,0.6145276496312364,1.0274952560789166,1890,4335,1713,1.1102230246251563e-16,a5000,prior_R1
prior_per_asset,0,train_P3_Laplace_prior,R1,validation,P2_candidate_clock,origin_bucket,12:00–:59,7938,1.0112946000600518,0.5490047871000252,0.3354778747692894,0.1055892869013594,0.6026408318093155,1.0112946000600518,1590,4804,1544,1.1102230246251563e-16,a5000,prior_R1
prior_per_asset,0,train_P3_Laplace_prior,R1,validation,P2_candidate_clock,origin_bucket,13:00–:59,7938,1.0125913463789729,0.5317460317460317,0.3352623892274421,0.114955162925253,0.6041430975360801,1.0125913463789729,1712,4516,1710,1.1102230246251563e-16,a5000,prior_R1
prior_per_asset,0,train_P3_Laplace_prior,R1,validation,P2_candidate_clock,origin_bucket,14:00–:59,5292,1.0270661363364122,0.5115268329554044,0.3279181517094663,0.1016876153685435,0.6144368771124865,1.0270661363364126,1175,2895,1222,1.1102230246251563e-16,a5000,prior_R1
prior_per_asset,0,train_P3_Laplace_prior,R1,validation,P2_candidate_clock,relative_spread_bin,high,15970,0.938057965937134,0.6571696931747025,0.2905890848923462,0.1113785518084752,0.5520172840484954,1.056245720694536,2844,10389,2737,1.1102230246251563e-16,a5000,prior_R1
prior_per_asset,0,train_P3_Laplace_prior,R1,validation,P2_candidate_clock,relative_spread_bin,invalid,406,1.0852922395495237,0.5123152709359606,0.362379293484904,0.2159143914349672,0.6422323068959492,0.973639760189906,91,238,77,1.1102230246251563e-16,a5000,prior_R1
prior_per_asset,0,train_P3_Laplace_prior,R1,validation,P2_candidate_clock,relative_spread_bin,low,15578,1.109346693035287,0.3690460906406471,0.2893657345495189,0.0364521683364123,0.6713997137563408,1.110576020120072,4902,5974,4702,0.0,a5000,prior_R1
prior_per_asset,0,train_P3_Laplace_prior,R1,validation,P2_candidate_clock,relative_spread_bin,middle,11705,1.0737250714725788,0.4258009397693293,0.2766567314489343,-0.0058840805240227,0.6493121528920581,1.1099571181761976,3100,5630,2975,0.0,a5000,prior_R1
prior_per_asset,0,train_P3_Laplace_prior,R1,validation,P2_candidate_clock,l5_depth_bin,high,15466,0.9814943341878426,0.5702832018621492,0.2671063017091006,0.0288734042019211,0.5827847832711527,1.0085845644171256,3265,8933,3268,1.1102230246251563e-16,a5000,prior_R1
prior_per_asset,0,train_P3_Laplace_prior,R1,validation,P2_candidate_clock,l5_depth_bin,invalid,404,1.0852111056949818,0.5123762376237624,0.362849071458343,0.2165608821127539,0.6421045574024763,0.9737546590767616,91,236,77,1.1102230246251563e-16,a5000,prior_R1
prior_per_asset,0,train_P3_Laplace_prior,R1,validation,P2_candidate_clock,l5_depth_bin,low,10023,1.1013036836996914,0.4002793574778011,0.3126402939117557,0.0892375512688953,0.6644005086931459,1.1131425613165382,3209,3921,2893,1.1102230246251563e-16,a5000,prior_R1
prior_per_asset,0,train_P3_Laplace_prior,R1,validation,P2_candidate_clock,l5_depth_bin,middle,17766,1.0477420708089284,0.4726443768996961,0.3086730104303394,0.0594977347520439,0.6306247796610601,1.0694586311205645,4372,9141,4253,1.1102230246251563e-16,a5000,prior_R1
prior_per_asset,0,train_P3_Laplace_prior,R1,validation,P3_intersection,origin_bucket,09:00–:59,6326,1.09723708033237,0.3602592475497945,0.2772271016885848,0.0810502616463542,0.666285470063802,1.0959669297211652,2277,1935,2114,1.1102230246251563e-16,a5000,prior_R1
prior_per_asset,0,train_P3_Laplace_prior,R1,validation,P3_intersection,origin_bucket,10:00–:59,7828,1.0489302947700228,0.4573326520183955,0.3188943519932172,0.1127981518544337,0.6313628104710219,1.0489992874969072,2236,3450,2142,1.1102230246251563e-16,a5000,prior_R1
prior_per_asset,0,train_P3_Laplace_prior,R1,validation,P3_intersection,origin_bucket,11:00–:59,7863,1.0245539565869295,0.5159608292000508,0.3302418295669268,0.101990716449384,0.6129877636138746,1.0257020083762751,1876,4288,1699,1.1102230246251563e-16,a5000,prior_R1
prior_per_asset,0,train_P3_Laplace_prior,R1,validation,P3_intersection,origin_bucket,12:00–:59,7866,1.0081305699506498,0.5504703788456649,0.33594163750256,0.1074101135490622,0.6009984345130627,1.009387701825814,1579,4751,1536,1.1102230246251563e-16,a5000,prior_R1
prior_per_asset,0,train_P3_Laplace_prior,R1,validation,P3_intersection,origin_bucket,13:00–:59,7889,1.0098686295519643,0.5331474204588668,0.3360831006537355,0.1174569159024676,0.6027041485453355,1.010538876372777,1706,4480,1703,1.1102230246251563e-16,a5000,prior_R1
prior_per_asset,0,train_P3_Laplace_prior,R1,validation,P3_intersection,origin_bucket,14:00–:59,5278,1.0258443498695151,0.5121258052292536,0.3280008182640088,0.1023311478739855,0.613795900947347,1.0262980401139112,1172,2886,1220,1.1102230246251563e-16,a5000,prior_R1
prior_per_asset,0,train_P3_Laplace_prior,R1,validation,P3_intersection,relative_spread_bin,high,15899,0.9382695299485188,0.6559532046040631,0.2903340558520731,0.1135882978037125,0.552219854265538,1.054404909320122,2844,10318,2737,1.1102230246251563e-16,a5000,prior_R1
prior_per_asset,0,train_P3_Laplace_prior,R1,validation,P3_intersection,relative_spread_bin,low,15451,1.1028488340574107,0.371755873406252,0.2919239552808739,0.0427006088787474,0.6680903240761621,1.105741397209633,4902,5847,4702,0.0,a5000,prior_R1
prior_per_asset,0,train_P3_Laplace_prior,R1,validation,P3_intersection,relative_spread_bin,middle,11700,1.073655251879602,0.4258119658119658,0.2767001848359002,-0.0056388021281148,0.6492775357241112,1.1052573996484227,3100,5625,2975,0.0,a5000,prior_R1
prior_per_asset,0,train_P3_Laplace_prior,R1,validation,P3_intersection,l5_depth_bin,high,15445,0.981724759169226,0.5696989316931046,0.2669463088922905,0.0287290895918095,0.5829463231321385,1.0087256493489236,3265,8912,3268,1.1102230246251563e-16,a5000,prior_R1
prior_per_asset,0,train_P3_Laplace_prior,R1,validation,P3_intersection,l5_depth_bin,low,9873,1.090945250612532,0.4041324825281069,0.3164738066723063,0.0971566808438751,0.6591685358056419,1.1144311260205104,3209,3771,2893,1.1102230246251563e-16,a5000,prior_R1
prior_per_asset,0,train_P3_Laplace_prior,R1,validation,P3_intersection,l5_depth_bin,middle,17732,1.048149654522765,0.4718023911572299,0.3083965760957478,0.0590577352974496,0.630914578922608,1.0698990149215983,4372,9107,4253,1.1102230246251563e-16,a5000,prior_R1
prior_global,0,train_P3_Laplace_prior,R1,rolling_evaluation,P0_legacy,origin_bucket,09:00–:59,5346,1.1270794537168765,0.2652450430228208,0.139759511137394,0.0,0.686521493527814,1.127079453716877,2028,1418,1900,0.0,a5000,prior_R1
prior_global,0,train_P3_Laplace_prior,R1,rolling_evaluation,P0_legacy,origin_bucket,10:00–:59,5346,1.0778773274594058,0.4365881032547699,0.2026041666666666,0.0,0.652405297408922,1.077877327459406,1574,2334,1438,0.0,a5000,prior_R1
prior_global,0,train_P3_Laplace_prior,R1,rolling_evaluation,P0_legacy,origin_bucket,11:00–:59,5346,1.0575441494015092,0.512532734754957,0.2259048561299365,0.0,0.6381689206383645,1.057544149401509,1264,2740,1342,0.0,a5000,prior_R1
prior_global,0,train_P3_Laplace_prior,R1,rolling_evaluation,P0_legacy,origin_bucket,12:00–:59,5346,1.0364932490599923,0.5843621399176955,0.2458874458874459,0.0,0.6236120843599801,1.0364932490599923,1105,3124,1117,0.0,a5000,prior_R1
prior_global,0,train_P3_Laplace_prior,R1,rolling_evaluation,P0_legacy,origin_bucket,13:00–:59,5346,1.04341415455794,0.5600448933782267,0.2393285371702637,0.0,0.6284167391627091,1.0434141545579405,1174,2994,1178,0.0,a5000,prior_R1
prior_global,0,train_P3_Laplace_prior,R1,rolling_evaluation,P0_legacy,origin_bucket,14:00–:59,5346,1.0555718985638338,0.5192667414889637,0.2278584913403923,0.0,0.6368049800023269,1.0555718985638338,1249,2776,1321,0.0,a5000,prior_R1
prior_global,0,train_P3_Laplace_prior,R1,rolling_evaluation,P0_legacy,origin_bucket,15:00–:59,1782,0.9903093556157544,0.745230078563412,0.2846730975348339,0.0,0.5915877410858774,0.9903093556157544,226,1328,228,0.0,a5000,prior_R1
prior_global,0,train_P3_Laplace_prior,R1,rolling_evaluation,P0_legacy,relative_spread_bin,high,12256,1.023304008670621,0.6289980417754569,0.257417146673345,0.0,0.6145014995137253,1.1264544364922815,2325,7709,2222,0.0,a5000,prior_R1
prior_global,0,train_P3_Laplace_prior,R1,rolling_evaluation,P0_legacy,relative_spread_bin,invalid,234,1.0802100040374545,0.4273504273504273,0.1996007984031935,0.0,0.654052599761019,1.1031365942720046,71,100,63,0.0,a5000,prior_R1
prior_global,0,train_P3_Laplace_prior,R1,rolling_evaluation,P0_legacy,relative_spread_bin,low,9316,1.1033249368262772,0.3502576212966938,0.1729337255213715,0.0,0.669989058219026,1.099428487885962,3057,3263,2996,0.0,a5000,prior_R1
prior_global,0,train_P3_Laplace_prior,R1,rolling_evaluation,P0_legacy,relative_spread_bin,middle,12052,1.0699780462457995,0.4681380683703949,0.2125767680192909,0.0,0.6468197634905004,1.0934115831541478,3167,5642,3243,0.0,a5000,prior_R1
prior_global,0,train_P3_Laplace_prior,R1,rolling_evaluation,P0_legacy,l5_depth_bin,high,12394,1.0450551682414753,0.5533322575439729,0.237481820070642,0.0,0.6295813328249938,1.0331252285755146,2812,6858,2724,0.0,a5000,prior_R1
prior_global,0,train_P3_Laplace_prior,R1,rolling_evaluation,P0_legacy,l5_depth_bin,invalid,232,1.0816153428712134,0.4224137931034483,0.1979797979797979,0.0,0.6550281879821701,1.119240167333022,71,98,63,0.0,a5000,prior_R1
prior_global,0,train_P3_Laplace_prior,R1,rolling_evaluation,P0_legacy,l5_depth_bin,low,7312,1.097809150251844,0.3688457330415755,0.1796383255070436,0.0,0.6661810901162653,1.1241368680987742,2350,2697,2265,0.0,a5000,prior_R1
prior_global,0,train_P3_Laplace_prior,R1,rolling_evaluation,P0_legacy,l5_depth_bin,middle,13920,1.058750328639901,0.5072557471264367,0.2243617240995821,0.0,0.6390341115492303,1.0873467782545967,3387,7061,3472,0.0,a5000,prior_R1
prior_global,0,train_P3_Laplace_prior,R1,rolling_evaluation,P1_valid_cache_endpoints,origin_bucket,09:00–:59,5216,1.1296570569521,0.2561349693251534,0.1359381359381359,0.0,0.6883123573037828,1.130148422951154,2005,1336,1875,0.0,a5000,prior_R1
prior_global,0,train_P3_Laplace_prior,R1,rolling_evaluation,P1_valid_cache_endpoints,origin_bucket,10:00–:59,5266,1.0788208135183988,0.4333459931636916,0.2015544956721427,0.0,0.6530583341801081,1.079450547330549,1558,2282,1426,0.0,a5000,prior_R1
prior_global,0,train_P3_Laplace_prior,R1,rolling_evaluation,P1_valid_cache_endpoints,origin_bucket,11:00–:59,5281,1.0582739798258298,0.5101306570725241,0.2252037617554858,0.0,0.6386712394906303,1.0589361555573211,1252,2694,1335,0.0,a5000,prior_R1
prior_global,0,train_P3_Laplace_prior,R1,rolling_evaluation,P1_valid_cache_endpoints,origin_bucket,12:00–:59,5282,1.0368938596241908,0.5831124574024991,0.2455552898030774,0.0,0.6238859675888707,1.03746341992231,1092,3080,1110,0.0,a5000,prior_R1
prior_global,0,train_P3_Laplace_prior,R1,rolling_evaluation,P1_valid_cache_endpoints,origin_bucket,13:00–:59,5304,1.0437647042535192,0.5588235294117647,0.2389937106918239,0.0,0.6286598223772132,1.044000246354418,1168,2964,1172,0.0,a5000,prior_R1
prior_global,0,train_P3_Laplace_prior,R1,rolling_evaluation,P1_valid_cache_endpoints,origin_bucket,14:00–:59,5321,1.0557164683144242,0.5186994925765833,0.227694592253434,0.0,0.6369069320322429,1.0558540886581074,1246,2760,1315,0.0,a5000,prior_R1
prior_global,0,train_P3_Laplace_prior,R1,rolling_evaluation,P1_valid_cache_endpoints,origin_bucket,15:00–:59,887,1.063804957627751,0.4892897406989853,0.2190259904113045,0.0,0.6425486746125578,1.063946029776207,225,434,228,0.0,a5000,prior_R1
prior_global,0,train_P3_Laplace_prior,R1,rolling_evaluation,P1_valid_cache_endpoints,relative_spread_bin,high,11888,1.026546648394957,0.6176816958277255,0.2545542786819891,0.0,0.616750554018987,1.1324830834593325,2323,7343,2222,0.0,a5000,prior_R1
prior_global,0,train_P3_Laplace_prior,R1,rolling_evaluation,P1_valid_cache_endpoints,relative_spread_bin,low,8949,1.110930330363598,0.3237233210414571,0.1630367493950137,0.0,0.6752638653971975,1.1059984651312325,3056,2897,2996,0.0,a5000,prior_R1
prior_global,0,train_P3_Laplace_prior,R1,rolling_evaluation,P1_valid_cache_endpoints,relative_spread_bin,middle,11720,1.0743061519777874,0.4530716723549488,0.2078684674104521,0.0,0.6498206638259227,1.097620427079179,3167,5310,3243,0.0,a5000,prior_R1
prior_global,0,train_P3_Laplace_prior,R1,rolling_evaluation,P1_valid_cache_endpoints,l5_depth_bin,high,12000,1.0492325017711173,0.53875,0.2334145681018142,0.0,0.6324787855182622,1.037672579718811,2811,6465,2724,0.0,a5000,prior_R1
prior_global,0,train_P3_Laplace_prior,R1,rolling_evaluation,P1_valid_cache_endpoints,l5_depth_bin,low,7017,1.1054024868664205,0.3423115291435086,0.1700109707329157,0.0,0.6714486593884017,1.1277097078475602,2350,2402,2265,0.0,a5000,prior_R1
prior_global,0,train_P3_Laplace_prior,R1,rolling_evaluation,P1_valid_cache_endpoints,l5_depth_bin,middle,13540,1.062686182579592,0.4935745937961595,0.2203102078491486,0.0,0.6417625131838622,1.0900319283608226,3385,6683,3472,0.0,a5000,prior_R1
prior_global,0,train_P3_Laplace_prior,R1,rolling_evaluation,P2_candidate_clock,origin_bucket,09:00–:59,4455,1.120422327535237,0.2906846240179573,0.1501449275362318,0.0,0.6818450655061135,1.1204223275352372,1594,1295,1566,0.0,a5000,prior_R1
prior_global,0,train_P3_Laplace_prior,R1,rolling_evaluation,P2_candidate_clock,origin_bucket,10:00–:59,5346,1.0778773274594058,0.4365881032547699,0.2026041666666666,0.0,0.652405297408922,1.077877327459406,1574,2334,1438,0.0,a5000,prior_R1
prior_global,0,train_P3_Laplace_prior,R1,rolling_evaluation,P2_candidate_clock,origin_bucket,11:00–:59,5346,1.0575441494015092,0.512532734754957,0.2259048561299365,0.0,0.6381689206383645,1.057544149401509,1264,2740,1342,0.0,a5000,prior_R1
prior_global,0,train_P3_Laplace_prior,R1,rolling_evaluation,P2_candidate_clock,origin_bucket,12:00–:59,5346,1.0364932490599923,0.5843621399176955,0.2458874458874459,0.0,0.6236120843599801,1.0364932490599923,1105,3124,1117,0.0,a5000,prior_R1
prior_global,0,train_P3_Laplace_prior,R1,rolling_evaluation,P2_candidate_clock,origin_bucket,13:00–:59,5346,1.04341415455794,0.5600448933782267,0.2393285371702637,0.0,0.6284167391627091,1.0434141545579405,1174,2994,1178,0.0,a5000,prior_R1
prior_global,0,train_P3_Laplace_prior,R1,rolling_evaluation,P2_candidate_clock,origin_bucket,14:00–:59,3564,1.0561363550524896,0.5165544332210998,0.2270736971939562,0.0,0.637216369256389,1.0561363550524896,848,1841,875,0.0,a5000,prior_R1
prior_global,0,train_P3_Laplace_prior,R1,rolling_evaluation,P2_candidate_clock,relative_spread_bin,high,10554,1.0224093481762422,0.6325563767292022,0.2583091507061327,0.0,0.6138692914162476,1.1283265032021097,1965,6676,1913,0.0,a5000,prior_R1
prior_global,0,train_P3_Laplace_prior,R1,rolling_evaluation,P2_candidate_clock,relative_spread_bin,invalid,225,1.0838589552753484,0.4133333333333333,0.1949685534591194,0.0,0.6566178314867362,1.1035136323310473,71,93,61,0.0,a5000,prior_R1
prior_global,0,train_P3_Laplace_prior,R1,rolling_evaluation,P2_candidate_clock,relative_spread_bin,low,8118,1.10699146550587,0.3372751909337275,0.1681405060181773,0.0,0.6725371203176536,1.1021485301324556,2723,2738,2657,0.0,a5000,prior_R1
prior_global,0,train_P3_Laplace_prior,R1,rolling_evaluation,P2_candidate_clock,relative_spread_bin,middle,10506,1.0726981145108327,0.4588806396344945,0.2096953089319501,0.0,0.6487000676434694,1.0940567056617705,2800,4821,2885,0.0,a5000,prior_R1
prior_global,0,train_P3_Laplace_prior,R1,rolling_evaluation,P2_candidate_clock,l5_depth_bin,high,10796,1.0492199374646487,0.5389959244164505,0.2334837997793158,0.0,0.6324646575985655,1.036961740343166,2519,5819,2458,0.0,a5000,prior_R1
prior_global,0,train_P3_Laplace_prior,R1,rolling_evaluation,P2_candidate_clock,l5_depth_bin,invalid,223,1.0853537378399576,0.4080717488789238,0.1932059447983014,0.0,0.6576557997861014,1.119617205392065,71,91,61,0.0,a5000,prior_R1
prior_global,0,train_P3_Laplace_prior,R1,rolling_evaluation,P2_candidate_clock,l5_depth_bin,low,6101,1.0943717806835016,0.3819046058023275,0.1842406990076306,0.0,0.6637684979122421,1.113676166977656,1895,2330,1876,0.0,a5000,prior_R1
prior_global,0,train_P3_Laplace_prior,R1,rolling_evaluation,P2_candidate_clock,l5_depth_bin,middle,12283,1.06199829612145,0.4956443865505169,0.2209279117449603,0.0,0.6412942664286893,1.0708663079979868,3074,6088,3121,0.0,a5000,prior_R1
prior_global,0,train_P3_Laplace_prior,R1,rolling_evaluation,P3_intersection,origin_bucket,09:00–:59,4344,1.1224292223637935,0.283609576427256,0.1472979435676709,0.0,0.6832389321092579,1.1230124045965109,1571,1232,1541,0.0,a5000,prior_R1
prior_global,0,train_P3_Laplace_prior,R1,rolling_evaluation,P3_intersection,origin_bucket,10:00–:59,5266,1.0788208135183988,0.4333459931636916,0.2015544956721427,0.0,0.6530583341801081,1.079450547330549,1558,2282,1426,0.0,a5000,prior_R1
prior_global,0,train_P3_Laplace_prior,R1,rolling_evaluation,P3_intersection,origin_bucket,11:00–:59,5281,1.0582739798258298,0.5101306570725241,0.2252037617554858,0.0,0.6386712394906303,1.0589361555573211,1252,2694,1335,0.0,a5000,prior_R1
prior_global,0,train_P3_Laplace_prior,R1,rolling_evaluation,P3_intersection,origin_bucket,12:00–:59,5282,1.0368938596241908,0.5831124574024991,0.2455552898030774,0.0,0.6238859675888707,1.03746341992231,1092,3080,1110,0.0,a5000,prior_R1
prior_global,0,train_P3_Laplace_prior,R1,rolling_evaluation,P3_intersection,origin_bucket,13:00–:59,5304,1.0437647042535192,0.5588235294117647,0.2389937106918239,0.0,0.6286598223772132,1.044000246354418,1168,2964,1172,0.0,a5000,prior_R1
prior_global,0,train_P3_Laplace_prior,R1,rolling_evaluation,P3_intersection,origin_bucket,14:00–:59,3544,1.056343690969637,0.5158013544018059,0.226855299081658,0.0,0.6373609653149063,1.056426258765194,845,1828,871,0.0,a5000,prior_R1
prior_global,0,train_P3_Laplace_prior,R1,rolling_evaluation,P3_intersection,relative_spread_bin,high,10519,1.0227356200947813,0.631428843045917,0.2580269215080706,0.0,0.6140952919693741,1.1309956412579514,1964,6642,1913,0.0,a5000,prior_R1
prior_global,0,train_P3_Laplace_prior,R1,rolling_evaluation,P3_intersection,relative_spread_bin,low,8006,1.109615383494111,0.3281289033225081,0.1647073575974168,0.0,0.6743567475852115,1.1042521504966998,2722,2627,2657,0.0,a5000,prior_R1
prior_global,0,train_P3_Laplace_prior,R1,rolling_evaluation,P3_intersection,relative_spread_bin,middle,10496,1.0728462732524384,0.4583650914634146,0.2095337645086126,0.0,0.6488027883956949,1.0949507802852825,2800,4811,2885,0.0,a5000,prior_R1
prior_global,0,train_P3_Laplace_prior,R1,rolling_evaluation,P3_intersection,l5_depth_bin,high,10794,1.0492444009143695,0.5389105058365758,0.2334597555836494,0.0,0.6324816263388826,1.036986581984772,2519,5817,2458,0.0,a5000,prior_R1
prior_global,0,train_P3_Laplace_prior,R1,rolling_evaluation,P3_intersection,l5_depth_bin,low,5958,1.0986243645429814,0.3670694864048338,0.1790055248618784,0.0,0.6667178820760683,1.1191371335469331,1895,2187,1876,0.0,a5000,prior_R1
prior_global,0,train_P3_Laplace_prior,R1,rolling_evaluation,P3_intersection,l5_depth_bin,middle,12269,1.0621226835660331,0.4952318852392208,0.2208049423094394,0.0,0.6413799615521356,1.0709371201254942,3072,6076,3121,0.0,a5000,prior_R1
prior_global,0,train_P3_Laplace_prior,R1,validation,P0_legacy,origin_bucket,09:00–:59,7938,1.1157059316544842,0.3046107331821617,0.1556585554268057,0.0,0.6786417007268754,1.1157059316544844,2864,2418,2656,0.0,a5000,prior_R1
prior_global,0,train_P3_Laplace_prior,R1,validation,P0_legacy,origin_bucket,10:00–:59,7938,1.0764414414317711,0.4431846812799194,0.2047253258845437,0.0,0.65136690935819,1.076441441431771,2261,3518,2159,0.0,a5000,prior_R1
prior_global,0,train_P3_Laplace_prior,R1,validation,P0_legacy,origin_bucket,11:00–:59,7938,1.0465767875944938,0.5461073318216175,0.2354762486759553,0.0,0.6306880021227329,1.0465767875944938,1890,4335,1713,0.0,a5000,prior_R1
prior_global,0,train_P3_Laplace_prior,R1,validation,P0_legacy,origin_bucket,12:00–:59,7938,1.03022757929675,0.6051902242378433,0.2513472505624444,0.0,0.6192941064628117,1.03022757929675,1590,4804,1544,0.0,a5000,prior_R1
prior_global,0,train_P3_Laplace_prior,R1,validation,P0_legacy,origin_bucket,13:00–:59,7938,1.0408353219157205,0.5689090450995213,0.2417429473796906,0.0,0.6266317256732427,1.0408353219157205,1712,4516,1710,0.0,a5000,prior_R1
prior_global,0,train_P3_Laplace_prior,R1,validation,P0_legacy,origin_bucket,14:00–:59,7938,1.0481943191461167,0.5435878054925674,0.234772436682173,0.0,0.631726174225407,1.0481943191461165,1802,4315,1821,0.0,a5000,prior_R1
prior_global,0,train_P3_Laplace_prior,R1,validation,P0_legacy,origin_bucket,15:00–:59,2646,0.9874941351465156,0.7558578987150416,0.2869852202611565,0.0,0.589613624694944,0.9874941351465156,313,2000,333,0.0,a5000,prior_R1
prior_global,0,train_P3_Laplace_prior,R1,validation,P0_legacy,relative_spread_bin,high,18571,1.0181358556238456,0.6470841634806958,0.2619109890588902,0.0,0.6109155931979594,1.1198156945012645,3350,12017,3204,0.0,a5000,prior_R1
prior_global,0,train_P3_Laplace_prior,R1,validation,P0_legacy,relative_spread_bin,invalid,440,1.0262922518987572,0.615909090909091,0.2541022034692921,0.0,0.61664537805917,0.970615209307947,91,271,78,0.0,a5000,prior_R1
prior_global,0,train_P3_Laplace_prior,R1,validation,P0_legacy,relative_spread_bin,low,17829,1.0902365171817816,0.3952549217566885,0.1888567293777134,0.0,0.660929294036984,1.0965973023471205,5494,7047,5288,0.0,a5000,prior_R1
prior_global,0,train_P3_Laplace_prior,R1,validation,P0_legacy,relative_spread_bin,middle,13434,1.0633742186860249,0.4891320529998511,0.2189785886861618,0.0,0.642294413736406,1.0913608888871964,3497,6571,3366,0.0,a5000,prior_R1
prior_global,0,train_P3_Laplace_prior,R1,validation,P0_legacy,l5_depth_bin,high,17791,1.0349550448617055,0.5894553425889495,0.2472357781078341,0.0,0.622552569674256,1.0342892940136323,3651,10487,3653,0.0,a5000,prior_R1
prior_global,0,train_P3_Laplace_prior,R1,validation,P0_legacy,l5_depth_bin,invalid,436,1.0272931835737789,0.6123853211009175,0.2532005689900427,0.0,0.61734043321469,0.9723109835469692,91,267,78,0.0,a5000,prior_R1
prior_global,0,train_P3_Laplace_prior,R1,validation,P0_legacy,l5_depth_bin,low,11790,1.0932541724534053,0.3823579304495335,0.1843989037509714,0.0,0.6630856802244778,1.1190386622120805,3820,4508,3462,0.0,a5000,prior_R1
prior_global,0,train_P3_Laplace_prior,R1,validation,P0_legacy,l5_depth_bin,middle,20257,1.0530835740677056,0.5254479932862715,0.2296365813404097,0.0,0.6351461529023408,1.0707928198355223,4870,10644,4743,0.0,a5000,prior_R1
prior_global,0,train_P3_Laplace_prior,R1,validation,P1_valid_cache_endpoints,origin_bucket,09:00–:59,7595,1.122381673600065,0.2812376563528637,0.14633645051896,0.0,0.6832739400460142,1.1223023229900424,2832,2136,2627,0.0,a5000,prior_R1
prior_global,0,train_P3_Laplace_prior,R1,validation,P1_valid_cache_endpoints,origin_bucket,10:00–:59,7828,1.0771772953016892,0.4407256004087889,0.2039368682390494,0.0,0.6518743699320064,1.0776083413763498,2236,3450,2142,0.0,a5000,prior_R1
prior_global,0,train_P3_Laplace_prior,R1,validation,P1_valid_cache_endpoints,origin_bucket,11:00–:59,7863,1.0467894877140145,0.5453389291618975,0.2352618440183249,0.0,0.6308362277369303,1.0471512395230074,1876,4288,1699,0.0,a5000,prior_R1
prior_global,0,train_P3_Laplace_prior,R1,validation,P1_valid_cache_endpoints,origin_bucket,12:00–:59,7866,1.0305832154670655,0.6039918637172642,0.2510369607143801,0.0,0.6195396258125526,1.0309484320920903,1579,4751,1536,0.0,a5000,prior_R1
prior_global,0,train_P3_Laplace_prior,R1,validation,P1_valid_cache_endpoints,origin_bucket,13:00–:59,7889,1.0411260352020153,0.5678793256433008,0.2414638747406149,0.0,0.626833767229566,1.0413901174915388,1706,4480,1703,0.0,a5000,prior_R1
prior_global,0,train_P3_Laplace_prior,R1,validation,P1_valid_cache_endpoints,origin_bucket,14:00–:59,7920,1.0482747522761109,0.5433080808080808,0.2346941558264474,0.0,0.6317819355128852,1.0484217816841988,1799,4303,1818,0.0,a5000,prior_R1
prior_global,0,train_P3_Laplace_prior,R1,validation,P1_valid_cache_endpoints,origin_bucket,15:00–:59,1319,1.0582239754345568,0.510235026535254,0.2252342704149933,0.0,0.6386384360258887,1.058452817824606,313,673,333,0.0,a5000,prior_R1
prior_global,0,train_P3_Laplace_prior,R1,validation,P1_valid_cache_endpoints,relative_spread_bin,high,17990,1.021395952111434,0.635686492495831,0.2590906001495276,0.0,0.613177302088429,1.125552142567845,3350,11436,3204,0.0,a5000,prior_R1
prior_global,0,train_P3_Laplace_prior,R1,validation,P1_valid_cache_endpoints,relative_spread_bin,low,17222,1.0963356236410344,0.3739403089072117,0.1814442284394105,0.0,0.6651603514782327,1.102240196809947,5494,6440,5288,0.0,a5000,prior_R1
prior_global,0,train_P3_Laplace_prior,R1,validation,P1_valid_cache_endpoints,relative_spread_bin,middle,13068,1.0674684311200204,0.4748239975512703,0.2146353274875041,0.0,0.645134640047408,1.0957626725530043,3497,6205,3366,0.0,a5000,prior_R1
prior_global,0,train_P3_Laplace_prior,R1,validation,P1_valid_cache_endpoints,l5_depth_bin,high,17191,1.039065254117955,0.5751265196905357,0.2434202427554964,0.0,0.6254029519754627,1.0404583496767674,3651,9887,3653,0.0,a5000,prior_R1
prior_global,0,train_P3_Laplace_prior,R1,validation,P1_valid_cache_endpoints,l5_depth_bin,low,11443,1.0985931591856266,0.3636284191208599,0.177774929505255,0.0,0.6667913392298598,1.1268413575901757,3820,4161,3462,0.0,a5000,prior_R1
prior_global,0,train_P3_Laplace_prior,R1,validation,P1_valid_cache_endpoints,l5_depth_bin,middle,19646,1.05730990749283,0.510689198819098,0.2253669822657996,0.0,0.6380777395729932,1.0744609688221738,4870,10033,4743,0.0,a5000,prior_R1
prior_global,0,train_P3_Laplace_prior,R1,validation,P2_candidate_clock,origin_bucket,09:00–:59,6615,1.1093285430558515,0.326984126984127,0.164274322169059,0.0,0.6742152830909645,1.1093285430558515,2309,2163,2143,0.0,a5000,prior_R1
prior_global,0,train_P3_Laplace_prior,R1,validation,P2_candidate_clock,origin_bucket,10:00–:59,7938,1.0764414414317711,0.4431846812799194,0.2047253258845437,0.0,0.65136690935819,1.076441441431771,2261,3518,2159,0.0,a5000,prior_R1
prior_global,0,train_P3_Laplace_prior,R1,validation,P2_candidate_clock,origin_bucket,11:00–:59,7938,1.0465767875944938,0.5461073318216175,0.2354762486759553,0.0,0.6306880021227329,1.0465767875944938,1890,4335,1713,0.0,a5000,prior_R1
prior_global,0,train_P3_Laplace_prior,R1,validation,P2_candidate_clock,origin_bucket,12:00–:59,7938,1.03022757929675,0.6051902242378433,0.2513472505624444,0.0,0.6192941064628117,1.03022757929675,1590,4804,1544,0.0,a5000,prior_R1
prior_global,0,train_P3_Laplace_prior,R1,validation,P2_candidate_clock,origin_bucket,13:00–:59,7938,1.0408353219157205,0.5689090450995213,0.2417429473796906,0.0,0.6266317256732427,1.0408353219157205,1712,4516,1710,0.0,a5000,prior_R1
prior_global,0,train_P3_Laplace_prior,R1,validation,P2_candidate_clock,origin_bucket,14:00–:59,5292,1.047435730273696,0.5470521541950113,0.2357395871503603,0.0,0.6311781401327663,1.047435730273696,1175,2895,1222,0.0,a5000,prior_R1
prior_global,0,train_P3_Laplace_prior,R1,validation,P2_candidate_clock,relative_spread_bin,high,15970,1.0171889093838693,0.6505322479649343,0.2627565537387609,0.0,0.6102549620953208,1.1219695691462366,2844,10389,2737,0.0,a5000,prior_R1
prior_global,0,train_P3_Laplace_prior,R1,validation,P2_candidate_clock,relative_spread_bin,invalid,406,1.0346330719250405,0.5862068965517241,0.2463768115942028,0.0,0.6224463778721223,0.97578204867662,91,238,77,0.0,a5000,prior_R1
prior_global,0,train_P3_Laplace_prior,R1,validation,P2_candidate_clock,relative_spread_bin,low,15578,1.0935647420972587,0.3834895365258698,0.1847933679782232,0.0,0.6632417373674666,1.099082496686446,4902,5974,4702,0.0,a5000,prior_R1
prior_global,0,train_P3_Laplace_prior,R1,validation,P2_candidate_clock,relative_spread_bin,middle,11705,1.0656757579072944,0.4809910294745835,0.2165176425343716,0.0,0.6438936522231649,1.0905474324604958,3100,5630,2975,0.0,a5000,prior_R1
prior_global,0,train_P3_Laplace_prior,R1,validation,P2_candidate_clock,l5_depth_bin,high,15466,1.0383615737970049,0.5775895512737618,0.244081041572742,0.0,0.6249146928195912,1.037963416094284,3265,8933,3268,0.0,a5000,prior_R1
prior_global,0,train_P3_Laplace_prior,R1,validation,P2_candidate_clock,l5_depth_bin,invalid,404,1.0352144698092167,0.5841584158415841,0.2458333333333333,0.0,0.6228501502075907,0.976950150452222,91,236,77,0.0,a5000,prior_R1
prior_global,0,train_P3_Laplace_prior,R1,validation,P2_candidate_clock,l5_depth_bin,low,10023,1.0906757125855873,0.3912002394492667,0.1874641422834193,0.0,0.6613014755846376,1.1044341384642329,3209,3921,2893,0.0,a5000,prior_R1
prior_global,0,train_P3_Laplace_prior,R1,validation,P2_candidate_clock,l5_depth_bin,middle,17766,1.0562020035666553,0.5145221209050996,0.2264838146207306,0.0,0.6373102087382869,1.0631881285089244,4372,9141,4253,0.0,a5000,prior_R1
prior_global,0,train_P3_Laplace_prior,R1,validation,P3_intersection,origin_bucket,09:00–:59,6326,1.1153575301291512,0.3058804932026557,0.1561554291248033,0.0,0.6783986101321652,1.115276044580838,2277,1935,2114,0.0,a5000,prior_R1
prior_global,0,train_P3_Laplace_prior,R1,validation,P3_intersection,origin_bucket,10:00–:59,7828,1.0771772953016892,0.4407256004087889,0.2039368682390494,0.0,0.6518743699320064,1.0776083413763498,2236,3450,2142,0.0,a5000,prior_R1
prior_global,0,train_P3_Laplace_prior,R1,validation,P3_intersection,origin_bucket,11:00–:59,7863,1.0467894877140145,0.5453389291618975,0.2352618440183249,0.0,0.6308362277369303,1.0471512395230074,1876,4288,1699,0.0,a5000,prior_R1
prior_global,0,train_P3_Laplace_prior,R1,validation,P3_intersection,origin_bucket,12:00–:59,7866,1.0305832154670655,0.6039918637172642,0.2510369607143801,0.0,0.6195396258125526,1.0309484320920903,1579,4751,1536,0.0,a5000,prior_R1
prior_global,0,train_P3_Laplace_prior,R1,validation,P3_intersection,origin_bucket,13:00–:59,7889,1.0411260352020153,0.5678793256433008,0.2414638747406149,0.0,0.626833767229566,1.0413901174915388,1706,4480,1703,0.0,a5000,prior_R1
prior_global,0,train_P3_Laplace_prior,R1,validation,P3_intersection,origin_bucket,14:00–:59,5278,1.047516343294348,0.5467980295566502,0.2356687898089171,0.0,0.6312333235676576,1.0476693176982843,1172,2886,1220,0.0,a5000,prior_R1
prior_global,0,train_P3_Laplace_prior,R1,validation,P3_intersection,relative_spread_bin,high,15899,1.0176354703571655,0.6489716334360651,0.2623742864044958,0.0,0.610564749648949,1.1244042781790815,2844,10318,2737,0.0,a5000,prior_R1
prior_global,0,train_P3_Laplace_prior,R1,validation,P3_intersection,relative_spread_bin,low,15451,1.095014454312166,0.378422108601385,0.1830218799887313,0.0,0.6642474577836218,1.1004134478422622,4902,5847,4702,0.0,a5000,prior_R1
prior_global,0,train_P3_Laplace_prior,R1,validation,P3_intersection,relative_spread_bin,middle,11700,1.0657392130605363,0.4807692307692308,0.2164502164502164,0.0,0.6439376732856074,1.091701508531825,3100,5625,2975,0.0,a5000,prior_R1
prior_global,0,train_P3_Laplace_prior,R1,validation,P3_intersection,l5_depth_bin,high,15445,1.0385263253906587,0.5770152152800259,0.2439271393576111,0.0,0.6250289457727122,1.038055818965902,3265,8912,3268,0.0,a5000,prior_R1
prior_global,0,train_P3_Laplace_prior,R1,validation,P3_intersection,l5_depth_bin,low,9873,1.0933114617995674,0.381950774840474,0.1842568161829375,0.0,0.6631309667647821,1.114571094247555,3209,3771,2893,0.0,a5000,prior_R1
prior_global,0,train_P3_Laplace_prior,R1,validation,P3_intersection,l5_depth_bin,middle,17732,1.05646854904062,0.5135912474622152,0.2262130978551113,0.0,0.6374950992553999,1.0634693525586985,4372,9107,4253,0.0,a5000,prior_R1
prior_per_asset,0,train_P3_Laplace_prior,R2,rolling_evaluation,P0_legacy,origin_bucket,09:00–:59,5346,1.1203111041147689,0.3249158249158249,0.2566785359631566,0.0546607069337169,0.6820427333053788,1.1203111041147689,2014,1520,1812,1.1102230246251563e-16,a5000,prior_R2
prior_per_asset,0,train_P3_Laplace_prior,R2,rolling_evaluation,P0_legacy,origin_bucket,10:00–:59,5346,1.0556216666241451,0.4601571268237935,0.321191229949359,0.0916990055720752,0.6353508794148269,1.0556216666241451,1512,2409,1425,1.1102230246251563e-16,a5000,prior_R2
prior_per_asset,0,train_P3_Laplace_prior,R2,rolling_evaluation,P0_legacy,origin_bucket,11:00–:59,5346,1.0311087095424922,0.5200149644594089,0.3362469890836867,0.0719436855506253,0.6167011225958251,1.0311087095424922,1280,2923,1143,1.1102230246251563e-16,a5000,prior_R2
prior_per_asset,0,train_P3_Laplace_prior,R2,rolling_evaluation,P0_legacy,origin_bucket,12:00–:59,5346,1.0015159667522764,0.5894126449682006,0.3611185573042761,0.115092645499945,0.5957574797906814,1.0015159667522764,1063,3319,964,1.1102230246251563e-16,a5000,prior_R2
prior_per_asset,0,train_P3_Laplace_prior,R2,rolling_evaluation,P0_legacy,origin_bucket,13:00–:59,5346,1.020575334779585,0.5454545454545454,0.3427853299397672,0.0958214490942589,0.609534260708162,1.0205753347795852,1084,3059,1203,1.1102230246251563e-16,a5000,prior_R2
prior_per_asset,0,train_P3_Laplace_prior,R2,rolling_evaluation,P0_legacy,origin_bucket,14:00–:59,5346,1.0334206597806213,0.5196408529741863,0.3363072151177473,0.0905210396792763,0.6184524345045098,1.0334206597806213,1155,2882,1309,1.1102230246251563e-16,a5000,prior_R2
prior_per_asset,0,train_P3_Laplace_prior,R2,rolling_evaluation,P0_legacy,origin_bucket,15:00–:59,1782,0.9920149180781848,0.6425364758698092,0.3409453907846191,0.0438242152676112,0.5866688026030222,0.9920149180781848,217,1320,245,1.1102230246251563e-16,a5000,prior_R2
prior_per_asset,0,train_P3_Laplace_prior,R2,rolling_evaluation,P0_legacy,relative_spread_bin,high,11646,0.9493824211973688,0.6241628026790315,0.2811060726496579,0.0955228929676764,0.559593711999701,1.0696219814097536,2151,7204,2291,1.1102230246251563e-16,a5000,prior_R2
prior_per_asset,0,train_P3_Laplace_prior,R2,rolling_evaluation,P0_legacy,relative_spread_bin,invalid,231,1.277627229743598,0.3073593073593073,0.2347821787074123,-0.0638919333297966,0.7594962420474244,1.1519134391141608,63,109,59,1.1102230246251563e-16,a5000,prior_R2
prior_per_asset,0,train_P3_Laplace_prior,R2,rolling_evaluation,P0_legacy,relative_spread_bin,low,11680,1.1066266633086776,0.3993150684931507,0.3358862647032053,0.0495250309590587,0.6693181144774966,1.107832463477407,3584,4754,3342,0.0,a5000,prior_R2
prior_per_asset,0,train_P3_Laplace_prior,R2,rolling_evaluation,P0_legacy,relative_spread_bin,middle,10301,1.064978379574369,0.4817978837006116,0.2943464504779296,0.0327332183788146,0.6431164976067743,1.0713218220548146,2527,5365,2409,1.1102230246251563e-16,a5000,prior_R2
prior_per_asset,0,train_P3_Laplace_prior,R2,rolling_evaluation,P0_legacy,l5_depth_bin,high,13115,0.9839425927338574,0.5881814715974075,0.264041316108459,0.0141654511844092,0.584562112251859,1.0113292796470297,2750,7808,2557,1.1102230246251563e-16,a5000,prior_R2
prior_per_asset,0,train_P3_Laplace_prior,R2,rolling_evaluation,P0_legacy,l5_depth_bin,invalid,230,1.278460113953514,0.3043478260869565,0.2324620587402336,-0.0685068816915425,0.7599362962531735,1.1521105049529552,63,108,59,1.1102230246251563e-16,a5000,prior_R2
prior_per_asset,0,train_P3_Laplace_prior,R2,rolling_evaluation,P0_legacy,l5_depth_bin,low,8190,1.117677768941947,0.3649572649572649,0.3375237379992883,0.0278635804755941,0.6758722810265048,1.1185093930508,2556,3104,2530,1.1102230246251563e-16,a5000,prior_R2
prior_per_asset,0,train_P3_Laplace_prior,R2,rolling_evaluation,P0_legacy,l5_depth_bin,middle,12323,1.0464292319425352,0.502637344802402,0.3078801280962923,0.0678563934835179,0.6295657866491584,1.0849397759638124,2956,6412,2955,1.1102230246251563e-16,a5000,prior_R2
prior_per_asset,0,train_P3_Laplace_prior,R2,rolling_evaluation,P1_valid_cache_endpoints,origin_bucket,09:00–:59,5198,1.1171811521509585,0.3220469411312043,0.2558616322450703,0.0681831290845452,0.6808365902669609,1.115718051017017,1989,1422,1787,1.1102230246251563e-16,a5000,prior_R2
prior_per_asset,0,train_P3_Laplace_prior,R2,rolling_evaluation,P1_valid_cache_endpoints,origin_bucket,10:00–:59,5281,1.0517951259344385,0.4622230638136717,0.3221009065083265,0.0996754031451718,0.6333068333819645,1.0520270325312862,1502,2365,1414,1.1102230246251563e-16,a5000,prior_R2
prior_per_asset,0,train_P3_Laplace_prior,R2,rolling_evaluation,P1_valid_cache_endpoints,origin_bucket,11:00–:59,5293,1.0269294485016325,0.5227659172491971,0.3373399300103599,0.0775886287329217,0.6144038815041809,1.0288527900205284,1272,2886,1135,1.1102230246251563e-16,a5000,prior_R2
prior_per_asset,0,train_P3_Laplace_prior,R2,rolling_evaluation,P1_valid_cache_endpoints,origin_bucket,12:00–:59,5282,0.9969994852764,0.5925785687239682,0.3619738416618474,0.1194109018682015,0.5932593962288645,0.9990829404637168,1055,3274,953,1.1102230246251563e-16,a5000,prior_R2
prior_per_asset,0,train_P3_Laplace_prior,R2,rolling_evaluation,P1_valid_cache_endpoints,origin_bucket,13:00–:59,5309,1.0174198204470637,0.5471840271237521,0.3430244340699815,0.09939378327085,0.6078299946725297,1.018530806306744,1077,3031,1201,1.1102230246251563e-16,a5000,prior_R2
prior_per_asset,0,train_P3_Laplace_prior,R2,rolling_evaluation,P1_valid_cache_endpoints,origin_bucket,14:00–:59,5314,1.030522276920836,0.5208882197967633,0.336584551428662,0.0942257695549551,0.6168887995672211,1.0316743972650677,1150,2856,1308,1.1102230246251563e-16,a5000,prior_R2
prior_per_asset,0,train_P3_Laplace_prior,R2,rolling_evaluation,P1_valid_cache_endpoints,origin_bucket,15:00–:59,884,1.0470692191802182,0.4728506787330316,0.3119155328842246,0.0780285418491549,0.6292154925771729,1.0489760226568845,216,424,244,1.1102230246251563e-16,a5000,prior_R2
prior_per_asset,0,train_P3_Laplace_prior,R2,rolling_evaluation,P1_valid_cache_endpoints,relative_spread_bin,high,11290,0.9551774969828546,0.6136403897254207,0.2785644242337236,0.1041046484995957,0.5639252882557482,1.0730060414343765,2151,6848,2291,1.1102230246251563e-16,a5000,prior_R2
prior_per_asset,0,train_P3_Laplace_prior,R2,rolling_evaluation,P1_valid_cache_endpoints,relative_spread_bin,low,11254,1.100493244740932,0.3945263906166696,0.3360588282897487,0.0599673680088861,0.6664552642483508,1.1037079250221962,3584,4328,3342,0.0,a5000,prior_R2
prior_per_asset,0,train_P3_Laplace_prior,R2,rolling_evaluation,P1_valid_cache_endpoints,relative_spread_bin,middle,10017,1.0679552780178454,0.4726964160926425,0.2921871707340502,0.0335499610669088,0.645248759985711,1.070810204788173,2526,5082,2409,1.1102230246251563e-16,a5000,prior_R2
prior_per_asset,0,train_P3_Laplace_prior,R2,rolling_evaluation,P1_valid_cache_endpoints,l5_depth_bin,high,12714,0.9891978678480362,0.5762151958470977,0.2608983653697375,0.0155008408078892,0.5883028340373133,1.0155884098630898,2750,7407,2557,1.1102230246251563e-16,a5000,prior_R2
prior_per_asset,0,train_P3_Laplace_prior,R2,rolling_evaluation,P1_valid_cache_endpoints,l5_depth_bin,low,7891,1.1069194714941557,0.3664934735774933,0.3412594433344361,0.041419908927157,0.6706423183852699,1.1170150028723558,2556,2805,2530,1.1102230246251563e-16,a5000,prior_R2
prior_per_asset,0,train_P3_Laplace_prior,R2,rolling_evaluation,P1_valid_cache_endpoints,l5_depth_bin,middle,11956,1.0501212525740482,0.4922214787554366,0.3053179011129335,0.0691362848508924,0.6322131240136029,1.0872576449203757,2955,6046,2955,1.1102230246251563e-16,a5000,prior_R2
prior_per_asset,0,train_P3_Laplace_prior,R2,rolling_evaluation,P2_candidate_clock,origin_bucket,09:00–:59,4455,1.1106335162355667,0.3434343434343434,0.2642607788871632,0.0520909863375971,0.674784353850195,1.1106335162355665,1588,1392,1475,1.1102230246251563e-16,a5000,prior_R2
prior_per_asset,0,train_P3_Laplace_prior,R2,rolling_evaluation,P2_candidate_clock,origin_bucket,10:00–:59,5346,1.0556216666241451,0.4601571268237935,0.321191229949359,0.0916990055720752,0.6353508794148269,1.0556216666241451,1512,2409,1425,1.1102230246251563e-16,a5000,prior_R2
prior_per_asset,0,train_P3_Laplace_prior,R2,rolling_evaluation,P2_candidate_clock,origin_bucket,11:00–:59,5346,1.0311087095424922,0.5200149644594089,0.3362469890836867,0.0719436855506253,0.6167011225958251,1.0311087095424922,1280,2923,1143,1.1102230246251563e-16,a5000,prior_R2
prior_per_asset,0,train_P3_Laplace_prior,R2,rolling_evaluation,P2_candidate_clock,origin_bucket,12:00–:59,5346,1.0015159667522764,0.5894126449682006,0.3611185573042761,0.115092645499945,0.5957574797906814,1.0015159667522764,1063,3319,964,1.1102230246251563e-16,a5000,prior_R2
prior_per_asset,0,train_P3_Laplace_prior,R2,rolling_evaluation,P2_candidate_clock,origin_bucket,13:00–:59,5346,1.020575334779585,0.5454545454545454,0.3427853299397672,0.0958214490942589,0.609534260708162,1.0205753347795852,1084,3059,1203,1.1102230246251563e-16,a5000,prior_R2
prior_per_asset,0,train_P3_Laplace_prior,R2,rolling_evaluation,P2_candidate_clock,origin_bucket,14:00–:59,3564,1.0326459756295774,0.5255331088664422,0.3392714313081968,0.0888316936730181,0.6177769975246452,1.0326459756295772,753,1955,856,1.1102230246251563e-16,a5000,prior_R2
prior_per_asset,0,train_P3_Laplace_prior,R2,rolling_evaluation,P2_candidate_clock,relative_spread_bin,high,9989,0.945051660431151,0.6305936530183202,0.2750183745043471,0.0804237343563025,0.5564641735723753,1.0742205657186898,1787,6261,1941,1.1102230246251563e-16,a5000,prior_R2
prior_per_asset,0,train_P3_Laplace_prior,R2,rolling_evaluation,P2_candidate_clock,relative_spread_bin,invalid,214,1.2651403060831632,0.3037383177570093,0.2330604288499025,-0.0711960008483803,0.7534121647692382,1.1513832228072558,61,96,57,1.1102230246251563e-16,a5000,prior_R2
prior_per_asset,0,train_P3_Laplace_prior,R2,rolling_evaluation,P2_candidate_clock,relative_spread_bin,low,10198,1.106624707931364,0.395371641498333,0.3349228192829201,0.0502217619465035,0.6695465721620186,1.1078239759384512,3184,4060,2954,0.0,a5000,prior_R2
prior_per_asset,0,train_P3_Laplace_prior,R2,rolling_evaluation,P2_candidate_clock,relative_spread_bin,middle,9002,1.0661812294953148,0.4792268384803377,0.2948734014597552,0.0348338056968988,0.643978492229824,1.0768586549262391,2248,4640,2114,1.1102230246251563e-16,a5000,prior_R2
prior_per_asset,0,train_P3_Laplace_prior,R2,rolling_evaluation,P2_candidate_clock,l5_depth_bin,high,11450,0.9868154619540228,0.5803493449781659,0.2622620087212835,0.0164420642395341,0.5866004962367009,1.0143672010169735,2463,6718,2269,1.1102230246251563e-16,a5000,prior_R2
prior_per_asset,0,train_P3_Laplace_prior,R2,rolling_evaluation,P2_candidate_clock,l5_depth_bin,invalid,213,1.265981040564948,0.3004694835680751,0.2304536489151873,-0.0763562286045316,0.7538587769290697,1.1515802886460502,61,95,57,1.1102230246251563e-16,a5000,prior_R2
prior_per_asset,0,train_P3_Laplace_prior,R2,rolling_evaluation,P2_candidate_clock,l5_depth_bin,low,6926,1.1120127403223434,0.3764077389546635,0.3475578268023125,0.0424755446753031,0.6719962071379832,1.124861881395023,2109,2700,2117,1.1102230246251563e-16,a5000,prior_R2
prior_per_asset,0,train_P3_Laplace_prior,R2,rolling_evaluation,P2_candidate_clock,l5_depth_bin,middle,10814,1.0471141132294244,0.4987978546328833,0.308427927736264,0.0722274617071302,0.6300617561496603,1.0884539847977566,2647,5544,2623,1.1102230246251563e-16,a5000,prior_R2
prior_per_asset,0,train_P3_Laplace_prior,R2,rolling_evaluation,P3_intersection,origin_bucket,09:00–:59,4319,1.1065816812361853,0.3415142394072702,0.2639104647749109,0.0660195142368652,0.6729824266745887,1.1055570500715317,1563,1306,1450,1.1102230246251563e-16,a5000,prior_R2
prior_per_asset,0,train_P3_Laplace_prior,R2,rolling_evaluation,P3_intersection,origin_bucket,10:00–:59,5281,1.0517951259344385,0.4622230638136717,0.3221009065083265,0.0996754031451718,0.6333068333819645,1.0520270325312862,1502,2365,1414,1.1102230246251563e-16,a5000,prior_R2
prior_per_asset,0,train_P3_Laplace_prior,R2,rolling_evaluation,P3_intersection,origin_bucket,11:00–:59,5293,1.0269294485016325,0.5227659172491971,0.3373399300103599,0.0775886287329217,0.6144038815041809,1.0288527900205284,1272,2886,1135,1.1102230246251563e-16,a5000,prior_R2
prior_per_asset,0,train_P3_Laplace_prior,R2,rolling_evaluation,P3_intersection,origin_bucket,12:00–:59,5282,0.9969994852764,0.5925785687239682,0.3619738416618474,0.1194109018682015,0.5932593962288645,0.9990829404637168,1055,3274,953,1.1102230246251563e-16,a5000,prior_R2
prior_per_asset,0,train_P3_Laplace_prior,R2,rolling_evaluation,P3_intersection,origin_bucket,13:00–:59,5309,1.0174198204470637,0.5471840271237521,0.3430244340699815,0.09939378327085,0.6078299946725297,1.018530806306744,1077,3031,1201,1.1102230246251563e-16,a5000,prior_R2
prior_per_asset,0,train_P3_Laplace_prior,R2,rolling_evaluation,P3_intersection,origin_bucket,14:00–:59,3543,1.0295473623557416,0.5269545582839401,0.3395364336118454,0.0926422522861702,0.6161052185342806,1.0307733968388244,749,1938,856,1.1102230246251563e-16,a5000,prior_R2
prior_per_asset,0,train_P3_Laplace_prior,R2,rolling_evaluation,P3_intersection,relative_spread_bin,high,9948,0.9449568679204172,0.6297748291113792,0.274875359519091,0.0869553739267182,0.5564979384355828,1.0719361711924729,1787,6220,1941,1.1102230246251563e-16,a5000,prior_R2
prior_per_asset,0,train_P3_Laplace_prior,R2,rolling_evaluation,P3_intersection,relative_spread_bin,low,10097,1.0999868209647692,0.3983361394473606,0.3376248348478119,0.0600483506522861,0.6660688758886931,1.1029677394087345,3184,3959,2954,0.0,a5000,prior_R2
prior_per_asset,0,train_P3_Laplace_prior,R2,rolling_evaluation,P3_intersection,relative_spread_bin,middle,8982,1.0663232544749726,0.4785125807169895,0.2947065450701567,0.0348245124679716,0.6440917015317634,1.0734718255893867,2247,4621,2114,1.1102230246251563e-16,a5000,prior_R2
prior_per_asset,0,train_P3_Laplace_prior,R2,rolling_evaluation,P3_intersection,l5_depth_bin,high,11444,0.986948348266146,0.5801293254106955,0.2622027153422474,0.016395259467004,0.5866955176069559,1.0144313656959405,2463,6712,2269,1.1102230246251563e-16,a5000,prior_R2
prior_per_asset,0,train_P3_Laplace_prior,R2,rolling_evaluation,P3_intersection,l5_depth_bin,low,6796,1.1020269036405814,0.3791936433195997,0.3509255085591076,0.0517474115692511,0.6668715008189473,1.1241529799400276,2109,2570,2117,1.1102230246251563e-16,a5000,prior_R2
prior_per_asset,0,train_P3_Laplace_prior,R2,rolling_evaluation,P3_intersection,l5_depth_bin,middle,10787,1.0476222851903798,0.4977287475665152,0.3081099280366504,0.0718277342611424,0.630422580096787,1.0887351387529152,2646,5518,2623,1.1102230246251563e-16,a5000,prior_R2
prior_per_asset,0,train_P3_Laplace_prior,R2,validation,P0_legacy,origin_bucket,09:00–:59,7938,1.1214398628473603,0.3109095490047871,0.2512555278039388,0.0536335286674253,0.6830543405203143,1.1214398628473607,2957,2124,2857,1.1102230246251563e-16,a5000,prior_R2
prior_per_asset,0,train_P3_Laplace_prior,R2,validation,P0_legacy,origin_bucket,10:00–:59,7938,1.0504349141496503,0.4528848576467624,0.3169978350933362,0.0944433396976199,0.6319494462902109,1.0504349141496503,2314,3479,2145,1.1102230246251563e-16,a5000,prior_R2
prior_per_asset,0,train_P3_Laplace_prior,R2,validation,P0_legacy,origin_bucket,11:00–:59,7938,1.0299815457780208,0.5065507684555304,0.3346273462407358,0.0911305289337522,0.6164270787273669,1.0299815457780208,1923,4109,1906,1.1102230246251563e-16,a5000,prior_R2
prior_per_asset,0,train_P3_Laplace_prior,R2,validation,P0_legacy,origin_bucket,12:00–:59,7938,1.0060450913241787,0.5627362055933485,0.3588021998942123,0.1076633426417471,0.5992257964523982,1.0060450913241783,1669,4663,1606,1.1102230246251563e-16,a5000,prior_R2
prior_per_asset,0,train_P3_Laplace_prior,R2,validation,P0_legacy,origin_bucket,13:00–:59,7938,1.0135499888620978,0.5430839002267573,0.3475456463031101,0.1054003029133575,0.6045228714644237,1.0135499888620978,1730,4456,1752,1.1102230246251563e-16,a5000,prior_R2
prior_per_asset,0,train_P3_Laplace_prior,R2,validation,P0_legacy,origin_bucket,14:00–:59,7938,1.0239557716000862,0.5137314184933233,0.332880044109498,0.0983819798406093,0.6125773974295393,1.0239557716000862,1888,4156,1894,1.1102230246251563e-16,a5000,prior_R2
prior_per_asset,0,train_P3_Laplace_prior,R2,validation,P0_legacy,origin_bucket,15:00–:59,2646,0.9861474719167658,0.645880574452003,0.3436080815198261,0.030475128822778,0.5824927886400966,0.9861474719167658,318,1989,339,1.1102230246251563e-16,a5000,prior_R2
prior_per_asset,0,train_P3_Laplace_prior,R2,validation,P0_legacy,relative_spread_bin,high,18514,0.9403621780483112,0.6379496597169709,0.2827962686328376,0.0892988150190492,0.5532812854768541,1.075263834293352,3484,11728,3302,1.1102230246251563e-16,a5000,prior_R2
prior_per_asset,0,train_P3_Laplace_prior,R2,validation,P0_legacy,relative_spread_bin,invalid,310,1.2224243038272609,0.3290322580645161,0.2338095238095238,-0.0188128823154236,0.7283664847380386,1.1322755339445665,100,124,86,1.1102230246251563e-16,a5000,prior_R2
prior_per_asset,0,train_P3_Laplace_prior,R2,validation,P0_legacy,relative_spread_bin,low,13701,1.1152236131656006,0.3475658711042989,0.3285241124700208,0.0152206807395401,0.6755565521610385,1.1200099021187235,4557,4743,4401,0.0,a5000,prior_R2
prior_per_asset,0,train_P3_Laplace_prior,R2,validation,P0_legacy,relative_spread_bin,middle,17749,1.0770687216071515,0.4492647473097076,0.2592403466921362,0.0034265515596669,0.6516382210465513,1.0885823065502227,4658,8381,4710,1.1102230246251563e-16,a5000,prior_R2
prior_per_asset,0,train_P3_Laplace_prior,R2,validation,P0_legacy,l5_depth_bin,high,18658,0.9876000112267498,0.5488798370672098,0.2561803347881004,0.014999143674943,0.5869563532988841,1.0029246902890865,4219,10377,4062,1.1102230246251563e-16,a5000,prior_R2
prior_per_asset,0,train_P3_Laplace_prior,R2,validation,P0_legacy,l5_depth_bin,invalid,308,1.2250542015733503,0.3246753246753247,0.2282539682539682,-0.0299515992875998,0.7300562611425733,1.153873746569572,100,122,86,1.1102230246251563e-16,a5000,prior_R2
prior_per_asset,0,train_P3_Laplace_prior,R2,validation,P0_legacy,l5_depth_bin,low,10887,1.1089038444861483,0.3695232846514191,0.3539273423031965,0.0451352648118422,0.6704401842293021,1.1462159035509558,3533,3955,3399,1.1102230246251563e-16,a5000,prior_R2
prior_per_asset,0,train_P3_Laplace_prior,R2,validation,P0_legacy,l5_depth_bin,middle,20421,1.0434745851763445,0.5036482052788795,0.2962908211352297,0.0640096778913964,0.6275696186334653,1.1020867583378735,4947,10522,4952,1.1102230246251563e-16,a5000,prior_R2
prior_per_asset,0,train_P3_Laplace_prior,R2,validation,P1_valid_cache_endpoints,origin_bucket,09:00–:59,7751,1.1179429034392556,0.3100245129660689,0.2510075573375906,0.0702809983082591,0.6815636190213386,1.1154893739486982,2924,2004,2823,1.1102230246251563e-16,a5000,prior_R2
prior_per_asset,0,train_P3_Laplace_prior,R2,validation,P1_valid_cache_endpoints,origin_bucket,10:00–:59,7833,1.0467802195298168,0.4547427550108515,0.3168674544201648,0.1014621051087925,0.629998045062513,1.046627499968931,2290,3415,2128,1.1102230246251563e-16,a5000,prior_R2
prior_per_asset,0,train_P3_Laplace_prior,R2,validation,P1_valid_cache_endpoints,origin_bucket,11:00–:59,7851,1.025144089924052,0.5094892370398675,0.3347457987211917,0.097338907076948,0.6137894669211752,1.0263351418222195,1907,4050,1894,1.1102230246251563e-16,a5000,prior_R2
prior_per_asset,0,train_P3_Laplace_prior,R2,validation,P1_valid_cache_endpoints,origin_bucket,12:00–:59,7857,1.0010572117773098,0.565864833906071,0.358507452089652,0.1117020997774579,0.5964744270738392,1.0027087400451489,1652,4608,1597,1.1102230246251563e-16,a5000,prior_R2
prior_per_asset,0,train_P3_Laplace_prior,R2,validation,P1_valid_cache_endpoints,origin_bucket,13:00–:59,7883,1.0104995836903807,0.5450970442724851,0.3482537365552763,0.1092751570322283,0.6028358880725477,1.011681567791752,1722,4417,1744,1.1102230246251563e-16,a5000,prior_R2
prior_per_asset,0,train_P3_Laplace_prior,R2,validation,P1_valid_cache_endpoints,origin_bucket,14:00–:59,7909,1.022148000809238,0.5151093690732077,0.3334337946687635,0.1010810007744409,0.6115666863253104,1.0226929682545067,1884,4137,1888,1.1102230246251563e-16,a5000,prior_R2
prior_per_asset,0,train_P3_Laplace_prior,R2,validation,P1_valid_cache_endpoints,origin_bucket,15:00–:59,1316,1.035074715658282,0.4802431610942249,0.3179498804807317,0.0576588684929199,0.6206562734290186,1.035843273814972,317,660,339,1.1102230246251563e-16,a5000,prior_R2
prior_per_asset,0,train_P3_Laplace_prior,R2,validation,P1_valid_cache_endpoints,relative_spread_bin,high,17962,0.9452173441294214,0.6286605055116357,0.2806506772573924,0.1009896735500087,0.556982003360262,1.069787890477519,3482,11178,3302,1.1102230246251563e-16,a5000,prior_R2
prior_per_asset,0,train_P3_Laplace_prior,R2,validation,P1_valid_cache_endpoints,relative_spread_bin,low,13177,1.105608818579333,0.3469682021704485,0.3302056482061645,0.0253150390860224,0.670795663590199,1.1136868658683323,4556,4220,4401,0.0,a5000,prior_R2
prior_per_asset,0,train_P3_Laplace_prior,R2,validation,P1_valid_cache_endpoints,relative_spread_bin,middle,17261,1.080111894550031,0.4374022362551416,0.2556555283024537,0.0045248855508139,0.6537958204331525,1.0908855827577884,4658,7893,4710,1.1102230246251563e-16,a5000,prior_R2
prior_per_asset,0,train_P3_Laplace_prior,R2,validation,P1_valid_cache_endpoints,l5_depth_bin,high,18060,0.9930019584974004,0.5351605758582503,0.2523763016830578,0.015976610144969,0.5907913563937673,1.0076618610270214,4218,9780,4062,1.1102230246251563e-16,a5000,prior_R2
prior_per_asset,0,train_P3_Laplace_prior,R2,validation,P1_valid_cache_endpoints,l5_depth_bin,low,10484,1.0937066077582047,0.3764784433422358,0.3615290902578085,0.0635101995484405,0.6626178959833771,1.1445030770886695,3533,3552,3399,1.1102230246251563e-16,a5000,prior_R2
prior_per_asset,0,train_P3_Laplace_prior,R2,validation,P1_valid_cache_endpoints,l5_depth_bin,middle,19856,1.0470576804643708,0.4936543110394842,0.2937564078934274,0.0662034116010334,0.630145897563485,1.1039347820741543,4945,9959,4952,1.1102230246251563e-16,a5000,prior_R2
prior_per_asset,0,train_P3_Laplace_prior,R2,validation,P2_candidate_clock,origin_bucket,09:00–:59,6615,1.1108447065298992,0.3307634164777022,0.2610624352956252,0.0587860858867165,0.6754131029941549,1.1108447065298992,2368,1932,2315,1.1102230246251563e-16,a5000,prior_R2
prior_per_asset,0,train_P3_Laplace_prior,R2,validation,P2_candidate_clock,origin_bucket,10:00–:59,7938,1.0504349141496503,0.4528848576467624,0.3169978350933362,0.0944433396976199,0.6319494462902109,1.0504349141496503,2314,3479,2145,1.1102230246251563e-16,a5000,prior_R2
prior_per_asset,0,train_P3_Laplace_prior,R2,validation,P2_candidate_clock,origin_bucket,11:00–:59,7938,1.0299815457780208,0.5065507684555304,0.3346273462407358,0.0911305289337522,0.6164270787273669,1.0299815457780208,1923,4109,1906,1.1102230246251563e-16,a5000,prior_R2
prior_per_asset,0,train_P3_Laplace_prior,R2,validation,P2_candidate_clock,origin_bucket,12:00–:59,7938,1.0060450913241787,0.5627362055933485,0.3588021998942123,0.1076633426417471,0.5992257964523982,1.0060450913241783,1669,4663,1606,1.1102230246251563e-16,a5000,prior_R2
prior_per_asset,0,train_P3_Laplace_prior,R2,validation,P2_candidate_clock,origin_bucket,13:00–:59,7938,1.0135499888620978,0.5430839002267573,0.3475456463031101,0.1054003029133575,0.6045228714644237,1.0135499888620978,1730,4456,1752,1.1102230246251563e-16,a5000,prior_R2
prior_per_asset,0,train_P3_Laplace_prior,R2,validation,P2_candidate_clock,origin_bucket,14:00–:59,5292,1.0250450017267647,0.514928193499622,0.3353086233133263,0.0993083003215025,0.6129835236624452,1.025045001726765,1260,2776,1256,1.1102230246251563e-16,a5000,prior_R2
prior_per_asset,0,train_P3_Laplace_prior,R2,validation,P2_candidate_clock,relative_spread_bin,high,15944,0.937805873971067,0.6409934771700954,0.2798949144817849,0.085444172300592,0.5514646490570099,1.0794222981339314,2964,10154,2826,1.1102230246251563e-16,a5000,prior_R2
prior_per_asset,0,train_P3_Laplace_prior,R2,validation,P2_candidate_clock,relative_spread_bin,invalid,297,1.199734365939733,0.3434343434343434,0.2449128945758506,-0.0045645842266456,0.7160788833302529,1.1304255826415173,100,113,84,1.1102230246251563e-16,a5000,prior_R2
prior_per_asset,0,train_P3_Laplace_prior,R2,validation,P2_candidate_clock,relative_spread_bin,low,11934,1.1146323174286232,0.3460700519524048,0.3286981811038128,0.0176703205776642,0.6753839649123803,1.120089050257959,4069,3975,3890,0.0,a5000,prior_R2
prior_per_asset,0,train_P3_Laplace_prior,R2,validation,P2_candidate_clock,relative_spread_bin,middle,15484,1.0790459474803575,0.4427150607078274,0.2575978651293626,0.0057315640606501,0.6530273982732409,1.0936838389776709,4131,7173,4180,1.1102230246251563e-16,a5000,prior_R2
prior_per_asset,0,train_P3_Laplace_prior,R2,validation,P2_candidate_clock,l5_depth_bin,high,16237,0.9917826201027083,0.537106608363614,0.2531012416292668,0.0188452085827605,0.5899006534623095,1.006927956598026,3772,8814,3651,1.1102230246251563e-16,a5000,prior_R2
prior_per_asset,0,train_P3_Laplace_prior,R2,validation,P2_candidate_clock,l5_depth_bin,invalid,295,1.2023263273974296,0.3389830508474576,0.2391211466764993,-0.0160260092366897,0.7177598186854431,1.1520237952665229,100,111,84,1.1102230246251563e-16,a5000,prior_R2
prior_per_asset,0,train_P3_Laplace_prior,R2,validation,P2_candidate_clock,l5_depth_bin,low,9117,1.1009748350039898,0.3875178238455632,0.3712987545141002,0.0708105998980865,0.6649603117017406,1.111397562871703,2908,3418,2791,1.1102230246251563e-16,a5000,prior_R2
prior_per_asset,0,train_P3_Laplace_prior,R2,validation,P2_candidate_clock,l5_depth_bin,middle,18010,1.0451315518232398,0.4971127151582454,0.2953731859875674,0.0705812446383487,0.628780513407927,1.0743697820418272,4484,9072,4454,1.1102230246251563e-16,a5000,prior_R2
prior_per_asset,0,train_P3_Laplace_prior,R2,validation,P3_intersection,origin_bucket,09:00–:59,6454,1.1072863720932258,0.3308026030368763,0.2610712459740798,0.073961053485438,0.6737837308554676,1.1050281234721453,2335,1838,2281,1.1102230246251563e-16,a5000,prior_R2
prior_per_asset,0,train_P3_Laplace_prior,R2,validation,P3_intersection,origin_bucket,10:00–:59,7833,1.0467802195298168,0.4547427550108515,0.3168674544201648,0.1014621051087925,0.629998045062513,1.046627499968931,2290,3415,2128,1.1102230246251563e-16,a5000,prior_R2
prior_per_asset,0,train_P3_Laplace_prior,R2,validation,P3_intersection,origin_bucket,11:00–:59,7851,1.025144089924052,0.5094892370398675,0.3347457987211917,0.097338907076948,0.6137894669211752,1.0263351418222195,1907,4050,1894,1.1102230246251563e-16,a5000,prior_R2
prior_per_asset,0,train_P3_Laplace_prior,R2,validation,P3_intersection,origin_bucket,12:00–:59,7857,1.0010572117773098,0.565864833906071,0.358507452089652,0.1117020997774579,0.5964744270738392,1.0027087400451489,1652,4608,1597,1.1102230246251563e-16,a5000,prior_R2
prior_per_asset,0,train_P3_Laplace_prior,R2,validation,P3_intersection,origin_bucket,13:00–:59,7883,1.0104995836903807,0.5450970442724851,0.3482537365552763,0.1092751570322283,0.6028358880725477,1.011681567791752,1722,4417,1744,1.1102230246251563e-16,a5000,prior_R2
prior_per_asset,0,train_P3_Laplace_prior,R2,validation,P3_intersection,origin_bucket,14:00–:59,5269,1.022960713384233,0.5164167773771114,0.3357710677648615,0.1022219680593522,0.6118231502702727,1.0237647467956232,1256,2761,1252,1.1102230246251563e-16,a5000,prior_R2
prior_per_asset,0,train_P3_Laplace_prior,R2,validation,P3_intersection,relative_spread_bin,high,15893,0.9372745007901724,0.6408481721512616,0.2799572768172212,0.0935393846996094,0.5512217567493589,1.072684537679155,2963,10104,2826,1.1102230246251563e-16,a5000,prior_R2
prior_per_asset,0,train_P3_Laplace_prior,R2,validation,P3_intersection,relative_spread_bin,low,11787,1.105493952007295,0.3501315008059726,0.3325689641740733,0.0277791143770488,0.6705771329730139,1.1135287550133706,4068,3829,3890,0.0,a5000,prior_R2
prior_per_asset,0,train_P3_Laplace_prior,R2,validation,P3_intersection,relative_spread_bin,middle,15467,1.0789911315497114,0.4428137324626624,0.2577306564409879,0.0070533757627174,0.6529984484588247,1.0912801509993977,4131,7156,4180,1.1102230246251563e-16,a5000,prior_R2
prior_per_asset,0,train_P3_Laplace_prior,R2,validation,P3_intersection,l5_depth_bin,high,16233,0.9918382599173334,0.5369925460481735,0.2530686259124157,0.0188193517673391,0.5899401081684748,1.0069722706957296,3772,8810,3651,1.1102230246251563e-16,a5000,prior_R2
prior_per_asset,0,train_P3_Laplace_prior,R2,validation,P3_intersection,l5_depth_bin,low,8928,1.087821783300322,0.3933691756272401,0.3771005120269984,0.0830289520099849,0.658073469371204,1.1090260990227587,2908,3229,2791,1.1102230246251563e-16,a5000,prior_R2
prior_per_asset,0,train_P3_Laplace_prior,R2,validation,P3_intersection,l5_depth_bin,middle,17986,1.045409392333161,0.4966084732569776,0.2952408996214785,0.0704724798956894,0.6289786132679948,1.0745443603211862,4482,9050,4454,1.1102230246251563e-16,a5000,prior_R2
prior_global,0,train_P3_Laplace_prior,R2,rolling_evaluation,P0_legacy,origin_bucket,09:00–:59,5346,1.1259684289434055,0.2843247287691732,0.1475871443829498,0.0,0.6859469018756854,1.1259684289434058,2014,1520,1812,0.0,a5000,prior_R2
prior_global,0,train_P3_Laplace_prior,R2,rolling_evaluation,P0_legacy,origin_bucket,10:00–:59,5346,1.0723209439147647,0.4506172839506173,0.2070921985815602,0.0,0.6484642914748703,1.0723209439147647,1512,2409,1425,0.0,a5000,prior_R2
prior_global,0,train_P3_Laplace_prior,R2,rolling_evaluation,P0_legacy,origin_bucket,11:00–:59,5346,1.0405485692543508,0.5467639356528246,0.2356592897166123,0.0,0.626347157412243,1.040548569254351,1280,2923,1143,0.0,a5000,prior_R2
prior_global,0,train_P3_Laplace_prior,R2,rolling_evaluation,P0_legacy,origin_bucket,12:00–:59,5346,1.0165659267050688,0.6208380097268986,0.255356799384497,0.0,0.6096001576575766,1.0165659267050688,1063,3319,964,0.0,a5000,prior_R2
prior_global,0,train_P3_Laplace_prior,R2,rolling_evaluation,P0_legacy,origin_bucket,13:00–:59,5346,1.0338858675048657,0.5722035166479611,0.2426333531627999,0.0,0.6215248351262549,1.0338858675048657,1084,3059,1203,0.0,a5000,prior_R2
prior_global,0,train_P3_Laplace_prior,R2,rolling_evaluation,P0_legacy,origin_bucket,14:00–:59,5346,1.044942125815118,0.5390946502057613,0.2335115864527629,0.0,0.6292090552029252,1.044942125815118,1155,2882,1309,0.0,a5000,prior_R2
prior_global,0,train_P3_Laplace_prior,R2,rolling_evaluation,P0_legacy,origin_bucket,15:00–:59,1782,0.9785325169556904,0.7407407407407407,0.2836879432624113,0.0,0.5829566533021546,0.9785325169556904,217,1320,245,0.0,a5000,prior_R2
prior_global,0,train_P3_Laplace_prior,R2,rolling_evaluation,P0_legacy,relative_spread_bin,high,11646,1.0183616019592834,0.6185814872059076,0.2547833775419982,0.0,0.6107391681371306,1.1301839859405451,2151,7204,2291,0.0,a5000,prior_R2
prior_global,0,train_P3_Laplace_prior,R2,rolling_evaluation,P0_legacy,relative_spread_bin,invalid,231,1.0653361188303638,0.4718614718614718,0.2137254901960784,0.0,0.6435983207579652,1.1203144419515696,63,109,59,0.0,a5000,prior_R2
prior_global,0,train_P3_Laplace_prior,R2,rolling_evaluation,P0_legacy,relative_spread_bin,low,11680,1.086427004315327,0.4070205479452055,0.1928522169486025,0.0,0.658315484749458,1.0861741343830922,3584,4754,3342,0.0,a5000,prior_R2
prior_global,0,train_P3_Laplace_prior,R2,rolling_evaluation,P0_legacy,relative_spread_bin,middle,10301,1.049524241329178,0.5208232210465004,0.2283075875569173,0.0,0.6325525962339368,1.0775220840461197,2527,5365,2409,0.0,a5000,prior_R2
prior_global,0,train_P3_Laplace_prior,R2,rolling_evaluation,P0_legacy,l5_depth_bin,high,13115,1.02503483019929,0.5953488372093023,0.2487852283770651,0.0,0.6154906210088603,1.0206461094850854,2750,7808,2557,0.0,a5000,prior_R2
prior_global,0,train_P3_Laplace_prior,R2,rolling_evaluation,P0_legacy,l5_depth_bin,invalid,230,1.0660845906491077,0.4695652173913043,0.2130177514792899,0.0,0.6441204342102524,1.1234891175690465,63,108,59,0.0,a5000,prior_R2
prior_global,0,train_P3_Laplace_prior,R2,rolling_evaluation,P0_legacy,l5_depth_bin,low,8190,1.0962001773986716,0.378998778998779,0.1832241308069181,0.0,0.6650644680198813,1.1220757237977808,2556,3104,2530,0.0,a5000,prior_R2
prior_global,0,train_P3_Laplace_prior,R2,rolling_evaluation,P0_legacy,l5_depth_bin,middle,12323,1.0500801568931597,0.5203278422462063,0.2281647540254426,0.0,0.6328981199721802,1.073090815178548,2956,6412,2955,0.0,a5000,prior_R2
prior_global,0,train_P3_Laplace_prior,R2,rolling_evaluation,P1_valid_cache_endpoints,origin_bucket,09:00–:59,5198,1.1294499843684194,0.2735667564447864,0.1432024169184289,0.0,0.6883782230319092,1.129618161493057,1989,1422,1787,0.0,a5000,prior_R2
prior_global,0,train_P3_Laplace_prior,R2,rolling_evaluation,P1_valid_cache_endpoints,origin_bucket,10:00–:59,5281,1.073218534072007,0.4478318500284037,0.2062080390618188,0.0,0.6490915328781145,1.0735833791663592,1502,2365,1414,0.0,a5000,prior_R2
prior_global,0,train_P3_Laplace_prior,R2,rolling_evaluation,P1_valid_cache_endpoints,origin_bucket,11:00–:59,5293,1.041035384168491,0.5452484413376157,0.2352365814891796,0.0,0.6266875140095722,1.0412950699905663,1272,2886,1135,0.0,a5000,prior_R2
prior_global,0,train_P3_Laplace_prior,R2,rolling_evaluation,P1_valid_cache_endpoints,origin_bucket,12:00–:59,5282,1.0168646084130586,0.6198409693297994,0.2551036309802088,0.0,0.6098113288258925,1.01738134536934,1055,3274,953,0.0,a5000,prior_R2
prior_global,0,train_P3_Laplace_prior,R2,rolling_evaluation,P1_valid_cache_endpoints,origin_bucket,13:00–:59,5309,1.0343445578161872,0.5709173102279148,0.2422861710631494,0.0,0.6218405778880913,1.0347023844045231,1077,3031,1201,0.0,a5000,prior_R2
prior_global,0,train_P3_Laplace_prior,R2,rolling_evaluation,P1_valid_cache_endpoints,origin_bucket,14:00–:59,5314,1.0455127189835636,0.5374482499059089,0.233047735618115,0.0,0.6296034480802118,1.0456494346004748,1150,2856,1308,0.0,a5000,prior_R2
prior_global,0,train_P3_Laplace_prior,R2,rolling_evaluation,P1_valid_cache_endpoints,origin_bucket,15:00–:59,884,1.0644890299190128,0.4796380090497738,0.2161060142711518,0.0,0.6428265651551234,1.0645245376815715,216,424,244,0.0,a5000,prior_R2
prior_global,0,train_P3_Laplace_prior,R2,rolling_evaluation,P1_valid_cache_endpoints,relative_spread_bin,high,11290,1.0223086298169126,0.6065544729849425,0.251699930165031,0.0,0.6134896367943722,1.1388824992143305,2151,6848,2291,0.0,a5000,prior_R2
prior_global,0,train_P3_Laplace_prior,R2,rolling_evaluation,P1_valid_cache_endpoints,relative_spread_bin,low,11254,1.0937417356123864,0.3845743735560689,0.1851709237153981,0.0,0.663418220480351,1.093433361239092,3584,4328,3342,0.0,a5000,prior_R2
prior_global,0,train_P3_Laplace_prior,R2,rolling_evaluation,P1_valid_cache_endpoints,relative_spread_bin,middle,10017,1.0539274705581885,0.5073375262054507,0.2243857209086694,0.0,0.6356233623808663,1.082390407583228,2526,5082,2409,0.0,a5000,prior_R2
prior_global,0,train_P3_Laplace_prior,R2,rolling_evaluation,P1_valid_cache_endpoints,l5_depth_bin,high,12714,1.0291932963863026,0.5825861255309108,0.245415237811242,0.0,0.6183916227474991,1.0248818740377554,2750,7407,2557,0.0,a5000,prior_R2
prior_global,0,train_P3_Laplace_prior,R2,rolling_evaluation,P1_valid_cache_endpoints,l5_depth_bin,low,7891,1.103892581464941,0.355468254974021,0.1748317127898279,0.0,0.670428062006081,1.126173427897408,2556,2805,2530,0.0,a5000,prior_R2
prior_global,0,train_P3_Laplace_prior,R2,rolling_evaluation,P1_valid_cache_endpoints,l5_depth_bin,middle,11956,1.05487165148886,0.5056875209100034,0.2239010480317002,0.0,0.6362384530580281,1.077013747261452,2955,6046,2955,0.0,a5000,prior_R2
prior_global,0,train_P3_Laplace_prior,R2,rolling_evaluation,P2_candidate_clock,origin_bucket,09:00–:59,4455,1.1171965023566828,0.3124579124579124,0.1587138703608688,0.0,0.6797851781982645,1.1171965023566828,1588,1392,1475,0.0,a5000,prior_R2
prior_global,0,train_P3_Laplace_prior,R2,rolling_evaluation,P2_candidate_clock,origin_bucket,10:00–:59,5346,1.0723209439147647,0.4506172839506173,0.2070921985815602,0.0,0.6484642914748703,1.0723209439147647,1512,2409,1425,0.0,a5000,prior_R2
prior_global,0,train_P3_Laplace_prior,R2,rolling_evaluation,P2_candidate_clock,origin_bucket,11:00–:59,5346,1.0405485692543508,0.5467639356528246,0.2356592897166123,0.0,0.626347157412243,1.040548569254351,1280,2923,1143,0.0,a5000,prior_R2
prior_global,0,train_P3_Laplace_prior,R2,rolling_evaluation,P2_candidate_clock,origin_bucket,12:00–:59,5346,1.0165659267050688,0.6208380097268986,0.255356799384497,0.0,0.6096001576575766,1.0165659267050688,1063,3319,964,0.0,a5000,prior_R2
prior_global,0,train_P3_Laplace_prior,R2,rolling_evaluation,P2_candidate_clock,origin_bucket,13:00–:59,5346,1.0338858675048657,0.5722035166479611,0.2426333531627999,0.0,0.6215248351262549,1.0338858675048657,1084,3059,1203,0.0,a5000,prior_R2
prior_global,0,train_P3_Laplace_prior,R2,rolling_evaluation,P2_candidate_clock,origin_bucket,14:00–:59,3564,1.0418555813128634,0.5485409652076318,0.2361538926133961,0.0,0.6270567684888181,1.0418555813128636,753,1955,856,0.0,a5000,prior_R2
prior_global,0,train_P3_Laplace_prior,R2,rolling_evaluation,P2_candidate_clock,relative_spread_bin,high,9989,1.0157944553017837,0.6267894684152567,0.2568615384615384,0.0,0.6089367947228087,1.1309462652532731,1787,6261,1941,0.0,a5000,prior_R2
prior_global,0,train_P3_Laplace_prior,R2,rolling_evaluation,P2_candidate_clock,relative_spread_bin,invalid,214,1.072897660001786,0.4485981308411215,0.2064516129032257,0.0,0.6488753190492957,1.1217239040393032,61,96,57,0.0,a5000,prior_R2
prior_global,0,train_P3_Laplace_prior,R2,rolling_evaluation,P2_candidate_clock,relative_spread_bin,low,10198,1.08927564333008,0.3981172778976269,0.1898349464628045,0.0,0.6603083408006044,1.0887590934687683,3184,4060,2954,0.0,a5000,prior_R2
prior_global,0,train_P3_Laplace_prior,R2,rolling_evaluation,P2_candidate_clock,relative_spread_bin,middle,9002,1.051165907033594,0.5154410131081982,0.226750720813175,0.0,0.6337098521098689,1.0720355928129834,2248,4640,2114,0.0,a5000,prior_R2
prior_global,0,train_P3_Laplace_prior,R2,rolling_evaluation,P2_candidate_clock,l5_depth_bin,high,11450,1.0277784962371286,0.5867248908296944,0.2465140173198297,0.0,0.6174117431124203,1.0232019653518762,2463,6718,2269,0.0,a5000,prior_R2
prior_global,0,train_P3_Laplace_prior,R2,rolling_evaluation,P2_candidate_clock,l5_depth_bin,invalid,213,1.073741369201234,0.4460093896713615,0.2056277056277056,0.0,0.6494638781681565,1.12489857965678,61,95,57,0.0,a5000,prior_R2
prior_global,0,train_P3_Laplace_prior,R2,rolling_evaluation,P2_candidate_clock,l5_depth_bin,low,6926,1.092805575932958,0.3898354028299162,0.1869935591107417,0.0,0.6626817386348368,1.1083295558989188,2109,2700,2117,0.0,a5000,prior_R2
prior_global,0,train_P3_Laplace_prior,R2,rolling_evaluation,P2_candidate_clock,l5_depth_bin,middle,10814,1.0525113100221763,0.5126687627149991,0.225944491991686,0.0,0.6346010285249102,1.065128543297731,2647,5544,2623,0.0,a5000,prior_R2
prior_global,0,train_P3_Laplace_prior,R2,rolling_evaluation,P3_intersection,origin_bucket,09:00–:59,4319,1.1204636413106852,0.3023848112989117,0.1547851851851851,0.0,0.6820659832105812,1.120688326707498,1563,1306,1450,0.0,a5000,prior_R2
prior_global,0,train_P3_Laplace_prior,R2,rolling_evaluation,P3_intersection,origin_bucket,10:00–:59,5281,1.073218534072007,0.4478318500284037,0.2062080390618188,0.0,0.6490915328781145,1.0735833791663592,1502,2365,1414,0.0,a5000,prior_R2
prior_global,0,train_P3_Laplace_prior,R2,rolling_evaluation,P3_intersection,origin_bucket,11:00–:59,5293,1.041035384168491,0.5452484413376157,0.2352365814891796,0.0,0.6266875140095722,1.0412950699905663,1272,2886,1135,0.0,a5000,prior_R2
prior_global,0,train_P3_Laplace_prior,R2,rolling_evaluation,P3_intersection,origin_bucket,12:00–:59,5282,1.0168646084130586,0.6198409693297994,0.2551036309802088,0.0,0.6098113288258925,1.01738134536934,1055,3274,953,0.0,a5000,prior_R2
prior_global,0,train_P3_Laplace_prior,R2,rolling_evaluation,P3_intersection,origin_bucket,13:00–:59,5309,1.0343445578161872,0.5709173102279148,0.2422861710631494,0.0,0.6218405778880913,1.0347023844045231,1077,3031,1201,0.0,a5000,prior_R2
prior_global,0,train_P3_Laplace_prior,R2,rolling_evaluation,P3_intersection,origin_bucket,14:00–:59,3543,1.0424065811391745,0.5469940728196444,0.2357234081372012,0.0,0.6274361175144384,1.042545104474176,749,1938,856,0.0,a5000,prior_R2
prior_global,0,train_P3_Laplace_prior,R2,rolling_evaluation,P3_intersection,relative_spread_bin,high,9948,1.0162997710482735,0.6252513067953357,0.2564736928913079,0.0,0.6092888662233744,1.1362104149160472,1787,6220,1941,0.0,a5000,prior_R2
prior_global,0,train_P3_Laplace_prior,R2,rolling_evaluation,P3_intersection,relative_spread_bin,low,10097,1.091237106370972,0.3920966623749629,0.1877727186492126,0.0,0.661676708387109,1.0906498938107732,3184,3959,2954,0.0,a5000,prior_R2
prior_global,0,train_P3_Laplace_prior,R2,rolling_evaluation,P3_intersection,relative_spread_bin,middle,8982,1.0514851129261875,0.5144733912268983,0.2264696513024088,0.0,0.6339321135285705,1.0733731064256895,2247,4621,2114,0.0,a5000,prior_R2
prior_global,0,train_P3_Laplace_prior,R2,rolling_evaluation,P3_intersection,l5_depth_bin,high,11444,1.0278490611946878,0.5865082139112199,0.2464566350884923,0.0,0.6174609738969609,1.0232396710159972,2463,6712,2269,0.0,a5000,prior_R2
prior_global,0,train_P3_Laplace_prior,R2,rolling_evaluation,P3_intersection,l5_depth_bin,low,6796,1.0966240480936078,0.3781636256621542,0.1829311694782547,0.0,0.6653438982209727,1.1124397329209743,2109,2570,2117,0.0,a5000,prior_R2
prior_global,0,train_P3_Laplace_prior,R2,rolling_evaluation,P3_intersection,l5_depth_bin,middle,10787,1.052882987166291,0.5115416705293409,0.2256158642543187,0.0,0.6348598397980751,1.0653822290250756,2646,5518,2623,0.0,a5000,prior_R2
prior_global,0,train_P3_Laplace_prior,R2,validation,P0_legacy,origin_bucket,09:00–:59,7938,1.1323197495069035,0.2675736961451247,0.1407274895646988,0.0,0.6902819035009062,1.1323197495069035,2957,2124,2857,0.0,a5000,prior_R2
prior_global,0,train_P3_Laplace_prior,R2,validation,P0_legacy,origin_bucket,10:00–:59,7938,1.0761853676969804,0.4382716049382716,0.2031473533619456,0.0,0.6511771198615673,1.0761853676969804,2314,3479,2145,0.0,a5000,prior_R2
prior_global,0,train_P3_Laplace_prior,R2,validation,P0_legacy,origin_bucket,11:00–:59,7938,1.0508890511651272,0.517636684303351,0.2273871779972884,0.0,0.6334697010764351,1.0508890511651272,1923,4109,1906,0.0,a5000,prior_R2
prior_global,0,train_P3_Laplace_prior,R2,validation,P0_legacy,origin_bucket,12:00–:59,7938,1.0278605622318884,0.5874275636180398,0.2466999973547073,0.0,0.6174356529339797,1.0278605622318884,1669,4663,1606,0.0,a5000,prior_R2
prior_global,0,train_P3_Laplace_prior,R2,validation,P0_legacy,origin_bucket,13:00–:59,7938,1.0367609044828487,0.5613504661123708,0.2396858695067505,0.0,0.6236013795115574,1.036760904482849,1730,4456,1752,0.0,a5000,prior_R2
prior_global,0,train_P3_Laplace_prior,R2,validation,P0_legacy,origin_bucket,14:00–:59,7938,1.049052734401096,0.5235575711766188,0.2290943167410837,0.0,0.6321787051058452,1.049052734401096,1888,4156,1894,0.0,a5000,prior_R2
prior_global,0,train_P3_Laplace_prior,R2,validation,P0_legacy,origin_bucket,15:00–:59,2646,0.97467835552274,0.7517006802721088,0.286084142394822,0.0,0.5802982855279257,0.9746783555227404,318,1989,339,0.0,a5000,prior_R2
prior_global,0,train_P3_Laplace_prior,R2,validation,P0_legacy,relative_spread_bin,high,18514,1.0127361372020725,0.6334665658420655,0.2585366928994996,0.0,0.6068978974500805,1.13158203500608,3484,11728,3302,0.0,a5000,prior_R2
prior_global,0,train_P3_Laplace_prior,R2,validation,P0_legacy,relative_spread_bin,invalid,310,1.08787691751323,0.4,0.1904761904761905,0.0,0.6594167515162652,1.1198204994774068,100,124,86,0.0,a5000,prior_R2
prior_global,0,train_P3_Laplace_prior,R2,validation,P0_legacy,relative_spread_bin,low,13701,1.1066507602958366,0.3461791110137946,0.171437865972674,0.0,0.6723809869234143,1.113320775368542,4557,4743,4401,0.0,a5000,prior_R2
prior_global,0,train_P3_Laplace_prior,R2,validation,P0_legacy,relative_spread_bin,middle,17749,1.0659279334206062,0.4721956166544594,0.2138282944253093,0.0,0.6439360659522955,1.09136620829697,4658,8381,4710,0.0,a5000,prior_R2
prior_global,0,train_P3_Laplace_prior,R2,validation,P0_legacy,l5_depth_bin,high,18658,1.0380683507765087,0.5561689355772322,0.2382641639400723,0.0,0.6245542978496064,1.0265354308080794,4219,10377,4062,0.0,a5000,prior_R2
prior_global,0,train_P3_Laplace_prior,R2,validation,P0_legacy,l5_depth_bin,invalid,308,1.0891411338573465,0.3961038961038961,0.1891472868217054,0.0,0.6602992484304493,1.1355121088332187,100,122,86,0.0,a5000,prior_R2
prior_global,0,train_P3_Laplace_prior,R2,validation,P0_legacy,l5_depth_bin,low,10887,1.1010261972979898,0.3632773032056581,0.1776490140592014,0.0,0.6684629482883944,1.133201454863542,3533,3955,3399,0.0,a5000,prior_R2
prior_global,0,train_P3_Laplace_prior,R2,validation,P0_legacy,l5_depth_bin,middle,20421,1.0517510737811315,0.5152539052935703,0.2266963987546995,0.0,0.6340618788000361,1.085724821052208,4947,10522,4952,0.0,a5000,prior_R2
prior_global,0,train_P3_Laplace_prior,R2,validation,P1_valid_cache_endpoints,origin_bucket,09:00–:59,7751,1.1352571944370322,0.2585472842213908,0.1369554074833418,0.0,0.6923314930520498,1.1357173989399203,2924,2004,2823,0.0,a5000,prior_R2
prior_global,0,train_P3_Laplace_prior,R2,validation,P1_valid_cache_endpoints,origin_bucket,10:00–:59,7833,1.0769572988124465,0.4359759989786799,0.2024063537221432,0.0,0.6517130613872044,1.077662618465988,2290,3415,2128,0.0,a5000,prior_R2
prior_global,0,train_P3_Laplace_prior,R2,validation,P1_valid_cache_endpoints,origin_bucket,11:00–:59,7851,1.0514877087871526,0.5158578525028659,0.2268716914544996,0.0,0.6338852892440904,1.052209796619118,1907,4050,1894,0.0,a5000,prior_R2
prior_global,0,train_P3_Laplace_prior,R2,validation,P1_valid_cache_endpoints,origin_bucket,12:00–:59,7857,1.0282018174147716,0.586483390607102,0.2464500601684717,0.0,0.6176701135583504,1.02898259920269,1652,4608,1597,0.0,a5000,prior_R2
prior_global,0,train_P3_Laplace_prior,R2,validation,P1_valid_cache_endpoints,origin_bucket,13:00–:59,7883,1.0370987342070122,0.5603196752505392,0.2394037940379403,0.0,0.6238368431099957,1.037444755970727,1722,4417,1744,0.0,a5000,prior_R2
prior_global,0,train_P3_Laplace_prior,R2,validation,P1_valid_cache_endpoints,origin_bucket,14:00–:59,7909,1.0492019241199966,0.5230749778733089,0.2289556699319276,0.0,0.632283645157699,1.0494302732587055,1884,4137,1888,0.0,a5000,prior_R2
prior_global,0,train_P3_Laplace_prior,R2,validation,P1_valid_cache_endpoints,origin_bucket,15:00–:59,1316,1.0568138003187622,0.5015197568389058,0.2226720647773279,0.0,0.6375307002345454,1.0571473734240708,317,660,339,0.0,a5000,prior_R2
prior_global,0,train_P3_Laplace_prior,R2,validation,P1_valid_cache_endpoints,relative_spread_bin,high,17962,1.0163774841925448,0.6223137735218796,0.2557309540150995,0.0,0.6094373523741904,1.137698155638164,3482,11178,3302,0.0,a5000,prior_R2
prior_global,0,train_P3_Laplace_prior,R2,validation,P1_valid_cache_endpoints,relative_spread_bin,low,13177,1.1151171970356026,0.3202549897548759,0.1617137054281389,0.0,0.6782851858985652,1.1208173917171715,4556,4220,4401,0.0,a5000,prior_R2
prior_global,0,train_P3_Laplace_prior,R2,validation,P1_valid_cache_endpoints,relative_spread_bin,middle,17261,1.0708116181698002,0.4572736226174613,0.2091913810924703,0.0,0.6473406678606174,1.0972076917396096,4658,7893,4710,0.0,a5000,prior_R2
prior_global,0,train_P3_Laplace_prior,R2,validation,P1_valid_cache_endpoints,l5_depth_bin,high,18060,1.0428494266264976,0.5415282392026578,0.2341954022988506,0.0,0.6278884926493628,1.0319726580571975,4218,9780,4062,0.0,a5000,prior_R2
prior_global,0,train_P3_Laplace_prior,R2,validation,P1_valid_cache_endpoints,l5_depth_bin,low,10484,1.109015414629334,0.3388019839755818,0.1687090339127956,0.0,0.6740347854485679,1.1371661679418836,3533,3552,3399,0.0,a5000,prior_R2
prior_global,0,train_P3_Laplace_prior,R2,validation,P1_valid_cache_endpoints,l5_depth_bin,middle,19856,1.0562335196305932,0.5015612409347301,0.2226843311532226,0.0,0.6371866447412591,1.0892694567668142,4945,9959,4952,0.0,a5000,prior_R2
prior_global,0,train_P3_Laplace_prior,R2,validation,P2_candidate_clock,origin_bucket,09:00–:59,6615,1.1244682097042509,0.2920634920634921,0.1506961506961507,0.0,0.684790847596158,1.124468209704251,2368,1932,2315,0.0,a5000,prior_R2
prior_global,0,train_P3_Laplace_prior,R2,validation,P2_candidate_clock,origin_bucket,10:00–:59,7938,1.0761853676969804,0.4382716049382716,0.2031473533619456,0.0,0.6511771198615673,1.0761853676969804,2314,3479,2145,0.0,a5000,prior_R2
prior_global,0,train_P3_Laplace_prior,R2,validation,P2_candidate_clock,origin_bucket,11:00–:59,7938,1.0508890511651272,0.517636684303351,0.2273871779972884,0.0,0.6334697010764351,1.0508890511651272,1923,4109,1906,0.0,a5000,prior_R2
prior_global,0,train_P3_Laplace_prior,R2,validation,P2_candidate_clock,origin_bucket,12:00–:59,7938,1.0278605622318884,0.5874275636180398,0.2466999973547073,0.0,0.6174356529339797,1.0278605622318884,1669,4663,1606,0.0,a5000,prior_R2
prior_global,0,train_P3_Laplace_prior,R2,validation,P2_candidate_clock,origin_bucket,13:00–:59,7938,1.0367609044828487,0.5613504661123708,0.2396858695067505,0.0,0.6236013795115574,1.036760904482849,1730,4456,1752,0.0,a5000,prior_R2
prior_global,0,train_P3_Laplace_prior,R2,validation,P2_candidate_clock,origin_bucket,14:00–:59,5292,1.0486707402757642,0.5245653817082389,0.2293835729631466,0.0,0.6319179688393898,1.0486707402757642,1260,2776,1256,0.0,a5000,prior_R2
prior_global,0,train_P3_Laplace_prior,R2,validation,P2_candidate_clock,relative_spread_bin,high,15944,1.011668843034896,0.6368539889613648,0.2593813063580862,0.0,0.6061494337471188,1.133555984982905,2964,10154,2826,0.0,a5000,prior_R2
prior_global,0,train_P3_Laplace_prior,R2,validation,P2_candidate_clock,relative_spread_bin,invalid,297,1.0939628559857544,0.3804713804713804,0.183739837398374,0.0,0.6636920839999677,1.1203630767042412,100,113,84,0.0,a5000,prior_R2
prior_global,0,train_P3_Laplace_prior,R2,validation,P2_candidate_clock,relative_spread_bin,low,11934,1.1108095715192434,0.3330819507290095,0.1665723804136023,0.0,0.6752938741080347,1.1173735125411752,4069,3975,3890,0.0,a5000,prior_R2
prior_global,0,train_P3_Laplace_prior,R2,validation,P2_candidate_clock,relative_spread_bin,middle,15484,1.068861294003821,0.4632523895634203,0.2110605993732621,0.0,0.6459803385357684,1.0934904073890697,4131,7173,4180,0.0,a5000,prior_R2
prior_global,0,train_P3_Laplace_prior,R2,validation,P2_candidate_clock,l5_depth_bin,high,16237,1.0424633022355358,0.5428342674139311,0.2345614945511157,0.0,0.6276149015659124,1.0311586382753857,3772,8814,3651,0.0,a5000,prior_R2
prior_global,0,train_P3_Laplace_prior,R2,validation,P2_candidate_clock,l5_depth_bin,invalid,295,1.0953240441584082,0.376271186440678,0.1822660098522167,0.0,0.6646424559136495,1.1360546860600529,100,111,84,0.0,a5000,prior_R2
prior_global,0,train_P3_Laplace_prior,R2,validation,P2_candidate_clock,l5_depth_bin,low,9117,1.0972050496028651,0.3749040254469672,0.1817843371892036,0.0,0.6658007827194422,1.1189134512830596,2908,3418,2791,0.0,a5000,prior_R2
prior_global,0,train_P3_Laplace_prior,R2,validation,P2_candidate_clock,l5_depth_bin,middle,18010,1.0554574700603838,0.5037201554691838,0.2233217635329739,0.0,0.6366530460206427,1.080843539671186,4484,9072,4454,0.0,a5000,prior_R2
prior_global,0,train_P3_Laplace_prior,R2,validation,P3_intersection,origin_bucket,09:00–:59,6454,1.126836756631974,0.2847846296870158,0.1477729538511014,0.0,0.6864435121474837,1.1273621672186716,2335,1838,2281,0.0,a5000,prior_R2
prior_global,0,train_P3_Laplace_prior,R2,validation,P3_intersection,origin_bucket,10:00–:59,7833,1.0769572988124465,0.4359759989786799,0.2024063537221432,0.0,0.6517130613872044,1.077662618465988,2290,3415,2128,0.0,a5000,prior_R2
prior_global,0,train_P3_Laplace_prior,R2,validation,P3_intersection,origin_bucket,11:00–:59,7851,1.0514877087871526,0.5158578525028659,0.2268716914544996,0.0,0.6338852892440904,1.052209796619118,1907,4050,1894,0.0,a5000,prior_R2
prior_global,0,train_P3_Laplace_prior,R2,validation,P3_intersection,origin_bucket,12:00–:59,7857,1.0282018174147716,0.586483390607102,0.2464500601684717,0.0,0.6176701135583504,1.02898259920269,1652,4608,1597,0.0,a5000,prior_R2
prior_global,0,train_P3_Laplace_prior,R2,validation,P3_intersection,origin_bucket,13:00–:59,7883,1.0370987342070122,0.5603196752505392,0.2394037940379403,0.0,0.6238368431099957,1.037444755970727,1722,4417,1744,0.0,a5000,prior_R2
prior_global,0,train_P3_Laplace_prior,R2,validation,P3_intersection,origin_bucket,14:00–:59,5269,1.0488528245826898,0.524008350730689,0.2292237442922374,0.0,0.6320449303387778,1.0490385992746751,1256,2761,1252,0.0,a5000,prior_R2
prior_global,0,train_P3_Laplace_prior,R2,validation,P3_intersection,relative_spread_bin,high,15893,1.012030642856533,0.635751588749764,0.2591068200176943,0.0,0.6064015508498052,1.1357966978433895,2963,10104,2826,0.0,a5000,prior_R2
prior_global,0,train_P3_Laplace_prior,R2,validation,P3_intersection,relative_spread_bin,low,11787,1.113498802955061,0.3248494103673539,0.1634648224043716,0.0,0.6771691860380854,1.1195911561997465,4068,3829,3890,0.0,a5000,prior_R2
prior_global,0,train_P3_Laplace_prior,R2,validation,P3_intersection,relative_spread_bin,middle,15467,1.06905437946249,0.4626624426197711,0.2108768362580854,0.0,0.6461149449817933,1.094438281024174,4131,7156,4180,0.0,a5000,prior_R2
prior_global,0,train_P3_Laplace_prior,R2,validation,P3_intersection,l5_depth_bin,high,16233,1.0425000855046092,0.5427216164602969,0.2345299418333799,0.0,0.6276405536757711,1.0311864797063943,3772,8810,3651,0.0,a5000,prior_R2
prior_global,0,train_P3_Laplace_prior,R2,validation,P3_intersection,l5_depth_bin,low,8928,1.1015239673758035,0.361671146953405,0.1770721943461928,0.0,0.6688129396506297,1.1215420023937557,2908,3229,2791,0.0,a5000,prior_R2
prior_global,0,train_P3_Laplace_prior,R2,validation,P3_intersection,l5_depth_bin,middle,17986,1.055641477580842,0.5031691315467586,0.2231592444641712,0.0,0.6367809331980788,1.0809597604304684,4482,9050,4454,0.0,a5000,prior_R2
prior_per_asset,0,train_P3_Laplace_prior,R3,rolling_evaluation,P0_legacy,origin_bucket,09:00–:59,5346,1.1410542981569003,0.2957351290684624,0.2440825497699308,0.0623535237716258,0.6976312263654033,1.1410542981569003,2032,1294,2020,1.1102230246251563e-16,a5000,prior_R3
prior_per_asset,0,train_P3_Laplace_prior,R3,rolling_evaluation,P0_legacy,origin_bucket,10:00–:59,5346,1.072376765091766,0.4263000374111485,0.3086741238184221,0.0931372329485225,0.6481884455918354,1.072376765091766,1665,2147,1534,1.1102230246251563e-16,a5000,prior_R3
prior_per_asset,0,train_P3_Laplace_prior,R3,rolling_evaluation,P0_legacy,origin_bucket,11:00–:59,5346,1.029746478966219,0.5112233445566778,0.3386187053300267,0.1061136338842306,0.6171541748848013,1.029746478966219,1342,2747,1257,1.1102230246251563e-16,a5000,prior_R3
prior_per_asset,0,train_P3_Laplace_prior,R3,rolling_evaluation,P0_legacy,origin_bucket,12:00–:59,5346,0.9991301051580338,0.5710811821922933,0.3686511350378555,0.1372676426374041,0.594980033288542,0.9991301051580336,1080,3117,1149,1.1102230246251563e-16,a5000,prior_R3
prior_per_asset,0,train_P3_Laplace_prior,R3,rolling_evaluation,P0_legacy,origin_bucket,13:00–:59,5346,1.008109728383161,0.5512532734754957,0.357834605508383,0.1288632847494847,0.6018479420848625,1.008109728383161,1208,2981,1157,1.1102230246251563e-16,a5000,prior_R3
prior_per_asset,0,train_P3_Laplace_prior,R3,rolling_evaluation,P0_legacy,origin_bucket,14:00–:59,5346,1.0231224232206255,0.5175832398054621,0.3419767887487038,0.1187800085006566,0.6128792874915436,1.0231224232206255,1312,2757,1277,1.1102230246251563e-16,a5000,prior_R3
prior_per_asset,0,train_P3_Laplace_prior,R3,rolling_evaluation,P0_legacy,origin_bucket,15:00–:59,1782,0.9883408641280176,0.632435465768799,0.3451362574640936,0.0669384746031091,0.5851810845008836,0.9883408641280176,216,1276,290,1.1102230246251563e-16,a5000,prior_R3
prior_per_asset,0,train_P3_Laplace_prior,R3,rolling_evaluation,P0_legacy,relative_spread_bin,high,12588,0.9812040550558102,0.5812678741658722,0.2675539405404655,0.0869116364926483,0.5827082091155285,1.0610811339951982,2698,7242,2648,1.1102230246251563e-16,a5000,prior_R3
prior_per_asset,0,train_P3_Laplace_prior,R3,rolling_evaluation,P0_legacy,relative_spread_bin,invalid,568,1.0906851645534752,0.4683098591549295,0.3296050416125463,0.1164912488268834,0.6559108749461727,1.11130914948102,166,260,142,1.1102230246251563e-16,a5000,prior_R3
prior_per_asset,0,train_P3_Laplace_prior,R3,rolling_evaluation,P0_legacy,relative_spread_bin,low,10937,1.092909085734422,0.3938008594678613,0.3534308903628898,0.0801651892089878,0.6621191555889414,1.0968934896774494,3480,3987,3470,0.0,a5000,prior_R3
prior_per_asset,0,train_P3_Laplace_prior,R3,rolling_evaluation,P0_legacy,relative_spread_bin,middle,9765,1.062520706197574,0.4707629288274449,0.2785242862848106,0.0214570220117577,0.6412965066136389,1.06593146629445,2511,4830,2424,0.0,a5000,prior_R3
prior_per_asset,0,train_P3_Laplace_prior,R3,rolling_evaluation,P0_legacy,l5_depth_bin,high,12615,1.007676819347422,0.5369005152596116,0.2680696448590995,0.0341377731238551,0.6014450782556493,1.0056350032130628,2899,6864,2852,1.1102230246251563e-16,a5000,prior_R3
prior_per_asset,0,train_P3_Laplace_prior,R3,rolling_evaluation,P0_legacy,l5_depth_bin,invalid,568,1.0906851645534752,0.4683098591549295,0.3296050416125463,0.1164912488268834,0.6559108749461727,1.11130914948102,166,260,142,1.1102230246251563e-16,a5000,prior_R3
prior_per_asset,0,train_P3_Laplace_prior,R3,rolling_evaluation,P0_legacy,l5_depth_bin,low,8829,1.0899535011178834,0.3863404689092762,0.3511998865586069,0.0789573284166866,0.6600834663840877,1.1424820002940377,2921,3044,2864,1.1102230246251563e-16,a5000,prior_R3
prior_per_asset,0,train_P3_Laplace_prior,R3,rolling_evaluation,P0_legacy,l5_depth_bin,middle,11846,1.0421252299765067,0.5096235016039169,0.3155422694549352,0.0829998494783413,0.6266994716532653,1.0946536669217923,2869,6151,2826,1.1102230246251563e-16,a5000,prior_R3
prior_per_asset,0,train_P3_Laplace_prior,R3,rolling_evaluation,P1_valid_cache_endpoints,origin_bucket,09:00–:59,5129,1.1427729167311638,0.2842659387794892,0.2385137881131609,0.0693884323528963,0.6995316804004993,1.1412207596637698,1998,1145,1986,1.1102230246251563e-16,a5000,prior_R3
prior_per_asset,0,train_P3_Laplace_prior,R3,rolling_evaluation,P1_valid_cache_endpoints,origin_bucket,10:00–:59,5175,1.0702815800044851,0.4228019323671497,0.3075346909401696,0.0989153637347072,0.647322993676428,1.0698924231251092,1632,2035,1508,1.1102230246251563e-16,a5000,prior_R3
prior_per_asset,0,train_P3_Laplace_prior,R3,rolling_evaluation,P1_valid_cache_endpoints,origin_bucket,11:00–:59,5210,1.025310401314065,0.5120921305182342,0.3383076357119677,0.1115746789966004,0.6147403600402083,1.0262106236984592,1310,2660,1240,1.1102230246251563e-16,a5000,prior_R3
prior_per_asset,0,train_P3_Laplace_prior,R3,rolling_evaluation,P1_valid_cache_endpoints,origin_bucket,12:00–:59,5186,0.9940281534863048,0.5721172387196297,0.3698299319124561,0.1434250713291823,0.5921205969966967,0.9957136694369182,1059,3003,1124,1.1102230246251563e-16,a5000,prior_R3
prior_per_asset,0,train_P3_Laplace_prior,R3,rolling_evaluation,P1_valid_cache_endpoints,origin_bucket,13:00–:59,5212,1.0049583037687746,0.5516116653875671,0.3578217002880563,0.131304326940827,0.6000601092269412,1.0065413850894198,1183,2895,1134,1.1102230246251563e-16,a5000,prior_R3
prior_per_asset,0,train_P3_Laplace_prior,R3,rolling_evaluation,P1_valid_cache_endpoints,origin_bucket,14:00–:59,5246,1.0216704946335269,0.5167746854746473,0.3419774428022071,0.1202696678155215,0.6120863817238393,1.0225798114821227,1292,2693,1261,1.1102230246251563e-16,a5000,prior_R3
prior_per_asset,0,train_P3_Laplace_prior,R3,rolling_evaluation,P1_valid_cache_endpoints,origin_bucket,15:00–:59,880,1.0614470579134825,0.4465909090909091,0.3143327868133095,0.111185215739947,0.6407611792973937,1.062393281653759,215,376,289,1.1102230246251563e-16,a5000,prior_R3
prior_per_asset,0,train_P3_Laplace_prior,R3,rolling_evaluation,P1_valid_cache_endpoints,relative_spread_bin,high,12150,0.9888739888892524,0.5673251028806584,0.2638621810597706,0.0937428100278595,0.5883404744240142,1.0634716687205736,2698,6804,2648,1.1102230246251563e-16,a5000,prior_R3
prior_per_asset,0,train_P3_Laplace_prior,R3,rolling_evaluation,P1_valid_cache_endpoints,relative_spread_bin,low,10542,1.0842141823757083,0.392809713526845,0.3558048466545336,0.0931404827160849,0.6575794437712068,1.087044506855343,3480,3592,3470,0.0,a5000,prior_R3
prior_per_asset,0,train_P3_Laplace_prior,R3,rolling_evaluation,P1_valid_cache_endpoints,relative_spread_bin,middle,9346,1.0682517965663034,0.4521720522148513,0.2729483533102994,0.0202828626995461,0.6455358653961035,1.06051698486489,2511,4411,2424,0.0,a5000,prior_R3
prior_per_asset,0,train_P3_Laplace_prior,R3,rolling_evaluation,P1_valid_cache_endpoints,l5_depth_bin,high,12230,1.013743474865994,0.5246116107931317,0.2647509182531903,0.037513040832455,0.6057864290066692,1.0128253910307818,2899,6479,2852,1.1102230246251563e-16,a5000,prior_R3
prior_per_asset,0,train_P3_Laplace_prior,R3,rolling_evaluation,P1_valid_cache_endpoints,l5_depth_bin,low,8363,1.0820807759645694,0.3778548367810594,0.3494589424669188,0.0881338774240506,0.656922835372983,1.1422837426855412,2921,2578,2864,1.1102230246251563e-16,a5000,prior_R3
prior_per_asset,0,train_P3_Laplace_prior,R3,rolling_evaluation,P1_valid_cache_endpoints,l5_depth_bin,middle,11445,1.04682935249585,0.4966360856269113,0.3119461801682356,0.0827172510909838,0.6300658592838789,1.09791135749692,2869,5750,2826,1.1102230246251563e-16,a5000,prior_R3
prior_per_asset,0,train_P3_Laplace_prior,R3,rolling_evaluation,P2_candidate_clock,origin_bucket,09:00–:59,4455,1.129149446592148,0.3140291806958473,0.2519572511969615,0.0636203591047992,0.6890022963538454,1.1291494465921483,1617,1190,1648,1.1102230246251563e-16,a5000,prior_R3
prior_per_asset,0,train_P3_Laplace_prior,R3,rolling_evaluation,P2_candidate_clock,origin_bucket,10:00–:59,5346,1.072376765091766,0.4263000374111485,0.3086741238184221,0.0931372329485225,0.6481884455918354,1.072376765091766,1665,2147,1534,1.1102230246251563e-16,a5000,prior_R3
prior_per_asset,0,train_P3_Laplace_prior,R3,rolling_evaluation,P2_candidate_clock,origin_bucket,11:00–:59,5346,1.029746478966219,0.5112233445566778,0.3386187053300267,0.1061136338842306,0.6171541748848013,1.029746478966219,1342,2747,1257,1.1102230246251563e-16,a5000,prior_R3
prior_per_asset,0,train_P3_Laplace_prior,R3,rolling_evaluation,P2_candidate_clock,origin_bucket,12:00–:59,5346,0.9991301051580338,0.5710811821922933,0.3686511350378555,0.1372676426374041,0.594980033288542,0.9991301051580336,1080,3117,1149,1.1102230246251563e-16,a5000,prior_R3
prior_per_asset,0,train_P3_Laplace_prior,R3,rolling_evaluation,P2_candidate_clock,origin_bucket,13:00–:59,5346,1.008109728383161,0.5512532734754957,0.357834605508383,0.1288632847494847,0.6018479420848625,1.008109728383161,1208,2981,1157,1.1102230246251563e-16,a5000,prior_R3
prior_per_asset,0,train_P3_Laplace_prior,R3,rolling_evaluation,P2_candidate_clock,origin_bucket,14:00–:59,3564,1.0201492901188722,0.5305836139169473,0.3560496595893743,0.1396731166961591,0.6106464293284822,1.020149290118872,822,1864,878,1.1102230246251563e-16,a5000,prior_R3
prior_per_asset,0,train_P3_Laplace_prior,R3,rolling_evaluation,P2_candidate_clock,relative_spread_bin,high,10829,0.9785534204240368,0.5851879213223751,0.26468727200027,0.0805751458830887,0.5807840809043138,1.056445051553203,2284,6283,2262,1.1102230246251563e-16,a5000,prior_R3
prior_per_asset,0,train_P3_Laplace_prior,R3,rolling_evaluation,P2_candidate_clock,relative_spread_bin,invalid,532,1.0924717318375925,0.4642857142857143,0.329703053964069,0.1156692487800927,0.6570475514540224,1.1112131477032925,159,240,133,1.1102230246251563e-16,a5000,prior_R3
prior_per_asset,0,train_P3_Laplace_prior,R3,rolling_evaluation,P2_candidate_clock,relative_spread_bin,low,9545,1.0912631375363575,0.3926663174436878,0.354676506771732,0.0856172811541637,0.6612335819435005,1.0953454166223564,3064,3377,3104,0.0,a5000,prior_R3
prior_per_asset,0,train_P3_Laplace_prior,R3,rolling_evaluation,P2_candidate_clock,relative_spread_bin,middle,8497,1.063995677121674,0.4672237260209486,0.279069108081358,0.0258830890364643,0.6423771284759734,1.0665178209961856,2227,4146,2124,0.0,a5000,prior_R3
prior_per_asset,0,train_P3_Laplace_prior,R3,rolling_evaluation,P2_candidate_clock,l5_depth_bin,high,11012,1.011576079216116,0.5300581184162731,0.2663893153101128,0.0391565799960404,0.6042294557699199,0.9920055337284416,2569,5892,2551,1.1102230246251563e-16,a5000,prior_R3
prior_per_asset,0,train_P3_Laplace_prior,R3,rolling_evaluation,P2_candidate_clock,l5_depth_bin,invalid,532,1.0924717318375925,0.4642857142857143,0.329703053964069,0.1156692487800927,0.6570475514540224,1.1112131477032925,159,240,133,1.1102230246251563e-16,a5000,prior_R3
prior_per_asset,0,train_P3_Laplace_prior,R3,rolling_evaluation,P2_candidate_clock,l5_depth_bin,low,7444,1.082898885859138,0.3973670069854916,0.3619558876348931,0.0941066459641655,0.655357670876597,1.0893823444591393,2417,2609,2418,1.1102230246251563e-16,a5000,prior_R3
prior_per_asset,0,train_P3_Laplace_prior,R3,rolling_evaluation,P2_candidate_clock,l5_depth_bin,middle,10415,1.042060279922804,0.5050408065290446,0.3164926816904099,0.0904654824123645,0.6266736959654468,1.0870483890806542,2589,5305,2521,1.1102230246251563e-16,a5000,prior_R3
prior_per_asset,0,train_P3_Laplace_prior,R3,rolling_evaluation,P3_intersection,origin_bucket,09:00–:59,4263,1.13015362492592,0.3040112596762843,0.2474206884272369,0.0708736570979757,0.6904116563978498,1.1284576563541249,1583,1066,1614,1.1102230246251563e-16,a5000,prior_R3
prior_per_asset,0,train_P3_Laplace_prior,R3,rolling_evaluation,P3_intersection,origin_bucket,10:00–:59,5175,1.0702815800044851,0.4228019323671497,0.3075346909401696,0.0989153637347072,0.647322993676428,1.0698924231251092,1632,2035,1508,1.1102230246251563e-16,a5000,prior_R3
prior_per_asset,0,train_P3_Laplace_prior,R3,rolling_evaluation,P3_intersection,origin_bucket,11:00–:59,5210,1.025310401314065,0.5120921305182342,0.3383076357119677,0.1115746789966004,0.6147403600402083,1.0262106236984592,1310,2660,1240,1.1102230246251563e-16,a5000,prior_R3
prior_per_asset,0,train_P3_Laplace_prior,R3,rolling_evaluation,P3_intersection,origin_bucket,12:00–:59,5186,0.9940281534863048,0.5721172387196297,0.3698299319124561,0.1434250713291823,0.5921205969966967,0.9957136694369182,1059,3003,1124,1.1102230246251563e-16,a5000,prior_R3
prior_per_asset,0,train_P3_Laplace_prior,R3,rolling_evaluation,P3_intersection,origin_bucket,13:00–:59,5212,1.0049583037687746,0.5516116653875671,0.3578217002880563,0.131304326940827,0.6000601092269412,1.0065413850894198,1183,2895,1134,1.1102230246251563e-16,a5000,prior_R3
prior_per_asset,0,train_P3_Laplace_prior,R3,rolling_evaluation,P3_intersection,origin_bucket,14:00–:59,3494,1.018372073336209,0.529479107040641,0.3558462746181333,0.1416947746992591,0.6097061438895481,1.0193452484429435,808,1816,870,1.1102230246251563e-16,a5000,prior_R3
prior_per_asset,0,train_P3_Laplace_prior,R3,rolling_evaluation,P3_intersection,relative_spread_bin,high,10741,0.9788910974978056,0.5825342146913696,0.2640365258166305,0.0866840010269545,0.5811059965978395,1.055090093323546,2284,6195,2262,1.1102230246251563e-16,a5000,prior_R3
prior_per_asset,0,train_P3_Laplace_prior,R3,rolling_evaluation,P3_intersection,relative_spread_bin,low,9444,1.0835775610054388,0.3966539601863617,0.358421629602921,0.0964211374259543,0.6571041068449212,1.0861337451078106,3064,3276,3104,0.0,a5000,prior_R3
prior_per_asset,0,train_P3_Laplace_prior,R3,rolling_evaluation,P3_intersection,relative_spread_bin,middle,8355,1.0654587927622905,0.4597247157390784,0.2767436877193889,0.0246496280959697,0.6435825178783928,1.058107130376367,2227,4004,2124,0.0,a5000,prior_R3
prior_per_asset,0,train_P3_Laplace_prior,R3,rolling_evaluation,P3_intersection,l5_depth_bin,high,11009,1.0116517967793386,0.529930057225906,0.2663517334433115,0.039121440169687,0.6042837055861358,0.9932008701991016,2569,5889,2551,1.1102230246251563e-16,a5000,prior_R3
prior_per_asset,0,train_P3_Laplace_prior,R3,rolling_evaluation,P3_intersection,l5_depth_bin,low,7191,1.0743175907420666,0.3928521763315255,0.3616512546457583,0.1005647652984775,0.6513473039488971,1.0880668960572744,2417,2356,2418,1.1102230246251563e-16,a5000,prior_R3
prior_per_asset,0,train_P3_Laplace_prior,R3,rolling_evaluation,P3_intersection,l5_depth_bin,middle,10340,1.0432100147116337,0.5014506769825918,0.3152979201291073,0.0886352374816991,0.6274743572418293,1.0887108056302908,2589,5230,2521,1.1102230246251563e-16,a5000,prior_R3
prior_per_asset,0,train_P3_Laplace_prior,R3,validation,P0_legacy,origin_bucket,09:00–:59,7938,1.1261118172103797,0.3133030990173847,0.251428866729982,0.0469869228885701,0.686228235803311,1.1261118172103797,3014,2171,2753,1.1102230246251563e-16,a5000,prior_R3
prior_per_asset,0,train_P3_Laplace_prior,R3,validation,P0_legacy,origin_bucket,10:00–:59,7938,1.0568730478180075,0.4440665154950869,0.3106153881530926,0.0789035681775375,0.6363450588124226,1.0568730478180075,2351,3455,2132,1.1102230246251563e-16,a5000,prior_R3
prior_per_asset,0,train_P3_Laplace_prior,R3,validation,P0_legacy,origin_bucket,11:00–:59,7938,1.02910185712184,0.5073066263542454,0.3326946178164423,0.0715970383014876,0.6155006701117001,1.02910185712184,1951,4202,1785,1.1102230246251563e-16,a5000,prior_R3
prior_per_asset,0,train_P3_Laplace_prior,R3,validation,P0_legacy,origin_bucket,12:00–:59,7938,0.9997502419725682,0.5744520030234316,0.3552393664169818,0.099095753034579,0.5945389881250954,0.999750241972568,1579,4839,1520,1.1102230246251563e-16,a5000,prior_R3
prior_per_asset,0,train_P3_Laplace_prior,R3,validation,P0_legacy,origin_bucket,13:00–:59,7938,1.017331615410984,0.5395565633660871,0.3419848981868646,0.0874335740358822,0.6070678931597672,1.0173316154109835,1682,4507,1749,1.1102230246251563e-16,a5000,prior_R3
prior_per_asset,0,train_P3_Laplace_prior,R3,validation,P0_legacy,origin_bucket,14:00–:59,7938,1.0283533254230124,0.5117157974300831,0.3313987813434045,0.0839424654737945,0.6149164526731721,1.0283533254230124,1765,4219,1954,1.1102230246251563e-16,a5000,prior_R3
prior_per_asset,0,train_P3_Laplace_prior,R3,validation,P0_legacy,origin_bucket,15:00–:59,2646,0.9839513411374724,0.63567649281935,0.3352979991783752,0.0264316505687221,0.5811065547381761,0.9839513411374724,336,1956,354,1.1102230246251563e-16,a5000,prior_R3
prior_per_asset,0,train_P3_Laplace_prior,R3,validation,P0_legacy,relative_spread_bin,high,17203,0.9434703379226466,0.6205313026797652,0.2785351197178817,0.0881819033081262,0.555182617583282,1.0758770016370631,3280,10592,3331,1.1102230246251563e-16,a5000,prior_R3
prior_per_asset,0,train_P3_Laplace_prior,R3,validation,P0_legacy,relative_spread_bin,invalid,356,1.2691354755824746,0.300561797752809,0.2277456162429734,-0.0644221905928747,0.7565386931419179,1.1733135504659824,98,168,90,1.1102230246251563e-16,a5000,prior_R3
prior_per_asset,0,train_P3_Laplace_prior,R3,validation,P0_legacy,relative_spread_bin,low,17709,1.1085385649494393,0.3805974363318087,0.3285546021479738,0.0311474488747723,0.6710888342266212,1.107973004742757,5535,6981,5193,1.1102230246251563e-16,a5000,prior_R3
prior_per_asset,0,train_P3_Laplace_prior,R3,validation,P0_legacy,relative_spread_bin,middle,15006,1.0637279908647534,0.4734106357457017,0.2811489045625063,0.0153483665279951,0.6422200979901043,1.0719739480450678,3765,7608,3633,1.1102230246251563e-16,a5000,prior_R3
prior_per_asset,0,train_P3_Laplace_prior,R3,validation,P0_legacy,l5_depth_bin,high,18697,0.9791812402553984,0.5723912927207574,0.2595946860796659,0.0055139354160278,0.5809459058631414,1.0066718488060309,4046,10868,3783,1.1102230246251563e-16,a5000,prior_R3
prior_per_asset,0,train_P3_Laplace_prior,R3,validation,P0_legacy,l5_depth_bin,invalid,354,1.2711883637247634,0.2966101694915254,0.2243933588761174,-0.0712020299869561,0.7578179152867801,1.1791341579976968,98,166,90,1.1102230246251563e-16,a5000,prior_R3
prior_per_asset,0,train_P3_Laplace_prior,R3,validation,P0_legacy,l5_depth_bin,low,12727,1.112173154492877,0.3719651135381472,0.3413198982726395,0.0335150538964625,0.6726383779969969,1.1412906804504832,3972,4903,3852,1.1102230246251563e-16,a5000,prior_R3
prior_per_asset,0,train_P3_Laplace_prior,R3,validation,P0_legacy,l5_depth_bin,middle,18496,1.046894683345165,0.4911872837370242,0.2993041984883219,0.0564813344754835,0.6299048183445073,1.0969313712549835,4562,9412,4522,1.1102230246251563e-16,a5000,prior_R3
prior_per_asset,0,train_P3_Laplace_prior,R3,validation,P1_valid_cache_endpoints,origin_bucket,09:00–:59,7715,1.1231860886138345,0.3110823071937783,0.2508215604616436,0.0636745034261768,0.6851354881843243,1.1213307125264438,2976,2024,2715,1.1102230246251563e-16,a5000,prior_R3
prior_per_asset,0,train_P3_Laplace_prior,R3,validation,P1_valid_cache_endpoints,origin_bucket,10:00–:59,7838,1.0530687327324235,0.4462873181934167,0.3116655107381915,0.087550427387368,0.6342832202974468,1.0532712382027314,2335,3389,2114,1.1102230246251563e-16,a5000,prior_R3
prior_per_asset,0,train_P3_Laplace_prior,R3,validation,P1_valid_cache_endpoints,origin_bucket,11:00–:59,7861,1.0251529385758094,0.5097315863121741,0.3333009663937114,0.0769491741370091,0.613316976018335,1.026849684435346,1938,4148,1775,1.1102230246251563e-16,a5000,prior_R3
prior_per_asset,0,train_P3_Laplace_prior,R3,validation,P1_valid_cache_endpoints,origin_bucket,12:00–:59,7835,0.9947796460051844,0.5780472239948947,0.3559084626937494,0.1037361878232311,0.5917492472501705,0.9969525314866556,1565,4767,1503,1.1102230246251563e-16,a5000,prior_R3
prior_per_asset,0,train_P3_Laplace_prior,R3,validation,P1_valid_cache_endpoints,origin_bucket,13:00–:59,7874,1.0138175865220704,0.5415290830581662,0.3423982339744273,0.0917343490095222,0.6051320382133814,1.0152151400422824,1671,4458,1745,1.1102230246251563e-16,a5000,prior_R3
prior_per_asset,0,train_P3_Laplace_prior,R3,validation,P1_valid_cache_endpoints,origin_bucket,14:00–:59,7895,1.025832381351622,0.512982900569981,0.3317748979131703,0.0875043836068348,0.6135280497842136,1.026871622901648,1758,4185,1952,1.1102230246251563e-16,a5000,prior_R3
prior_per_asset,0,train_P3_Laplace_prior,R3,validation,P1_valid_cache_endpoints,origin_bucket,15:00–:59,1313,1.047612809628634,0.4592536176694592,0.3025149385775043,0.0508886634042942,0.629653197493796,1.0491279113993492,335,625,353,1.1102230246251563e-16,a5000,prior_R3
prior_per_asset,0,train_P3_Laplace_prior,R3,validation,P1_valid_cache_endpoints,relative_spread_bin,high,16674,0.9494377906516328,0.6103514453640398,0.2761100346738652,0.1005850136883716,0.5596977369255426,1.0758130014788827,3279,10064,3331,1.1102230246251563e-16,a5000,prior_R3
prior_per_asset,0,train_P3_Laplace_prior,R3,validation,P1_valid_cache_endpoints,relative_spread_bin,low,17071,1.10312995693008,0.3764864389901001,0.3288435865013632,0.0411330033387071,0.6686139794093384,1.1043817637692082,5534,6344,5193,1.1102230246251563e-16,a5000,prior_R3
prior_per_asset,0,train_P3_Laplace_prior,R3,validation,P1_valid_cache_endpoints,relative_spread_bin,middle,14586,1.0672537986711252,0.4625668449197861,0.2781415272441447,0.0154054004717702,0.6447285914557275,1.0733880360269226,3765,7188,3633,1.1102230246251563e-16,a5000,prior_R3
prior_per_asset,0,train_P3_Laplace_prior,R3,validation,P1_valid_cache_endpoints,l5_depth_bin,high,18115,0.9847452846701426,0.5597019044990339,0.2561820415160838,0.0063490550529982,0.5849069654140494,1.012375921973484,4046,10286,3783,1.1102230246251563e-16,a5000,prior_R3
prior_per_asset,0,train_P3_Laplace_prior,R3,validation,P1_valid_cache_endpoints,l5_depth_bin,low,12259,1.1027603250312523,0.373684639856432,0.34527546763571,0.0482260654152179,0.6681804088384429,1.1410058527463864,3972,4435,3852,1.1102230246251563e-16,a5000,prior_R3
prior_per_asset,0,train_P3_Laplace_prior,R3,validation,P1_valid_cache_endpoints,l5_depth_bin,middle,17957,1.0509562547829812,0.4806482151807095,0.296587979724235,0.05789370532524,0.6328176885081349,1.099620033267474,4560,8875,4522,1.1102230246251563e-16,a5000,prior_R3
prior_per_asset,0,train_P3_Laplace_prior,R3,validation,P2_candidate_clock,origin_bucket,09:00–:59,6615,1.1155370383492087,0.3309145880574452,0.2586876910145523,0.0444642660689003,0.6784195550161227,1.115537038349209,2394,1985,2236,1.1102230246251563e-16,a5000,prior_R3
prior_per_asset,0,train_P3_Laplace_prior,R3,validation,P2_candidate_clock,origin_bucket,10:00–:59,7938,1.0568730478180075,0.4440665154950869,0.3106153881530926,0.0789035681775375,0.6363450588124226,1.0568730478180075,2351,3455,2132,1.1102230246251563e-16,a5000,prior_R3
prior_per_asset,0,train_P3_Laplace_prior,R3,validation,P2_candidate_clock,origin_bucket,11:00–:59,7938,1.02910185712184,0.5073066263542454,0.3326946178164423,0.0715970383014876,0.6155006701117001,1.02910185712184,1951,4202,1785,1.1102230246251563e-16,a5000,prior_R3
prior_per_asset,0,train_P3_Laplace_prior,R3,validation,P2_candidate_clock,origin_bucket,12:00–:59,7938,0.9997502419725682,0.5744520030234316,0.3552393664169818,0.099095753034579,0.5945389881250954,0.999750241972568,1579,4839,1520,1.1102230246251563e-16,a5000,prior_R3
prior_per_asset,0,train_P3_Laplace_prior,R3,validation,P2_candidate_clock,origin_bucket,13:00–:59,7938,1.017331615410984,0.5395565633660871,0.3419848981868646,0.0874335740358822,0.6070678931597672,1.0173316154109835,1682,4507,1749,1.1102230246251563e-16,a5000,prior_R3
prior_per_asset,0,train_P3_Laplace_prior,R3,validation,P2_candidate_clock,origin_bucket,14:00–:59,5292,1.0278560053432984,0.514928193499622,0.3330069746410982,0.0827343456614033,0.6144887915576375,1.0278560053432986,1161,2841,1290,1.1102230246251563e-16,a5000,prior_R3
prior_per_asset,0,train_P3_Laplace_prior,R3,validation,P2_candidate_clock,relative_spread_bin,high,14771,0.9394832868855472,0.6254823640918015,0.2730233549148663,0.0745154113704212,0.5523264031157402,1.080051438595028,2755,9190,2826,1.1102230246251563e-16,a5000,prior_R3
prior_per_asset,0,train_P3_Laplace_prior,R3,validation,P2_candidate_clock,relative_spread_bin,invalid,333,1.2518385197788942,0.3033033033033033,0.230650406504065,-0.0636102166074651,0.7476254206884418,1.172686487338387,96,149,88,1.1102230246251563e-16,a5000,prior_R3
prior_per_asset,0,train_P3_Laplace_prior,R3,validation,P2_candidate_clock,relative_spread_bin,low,15464,1.1084813869048258,0.3776513191929643,0.3281690707525797,0.0330054986986242,0.6712821544748172,1.1078174546425068,4934,5949,4581,1.1102230246251563e-16,a5000,prior_R3
prior_per_asset,0,train_P3_Laplace_prior,R3,validation,P2_candidate_clock,relative_spread_bin,middle,13091,1.0658643375991812,0.468184248720495,0.2804736364171922,0.016475537420671,0.6437282911071097,1.0744819672595831,3333,6541,3217,1.1102230246251563e-16,a5000,prior_R3
prior_per_asset,0,train_P3_Laplace_prior,R3,validation,P2_candidate_clock,l5_depth_bin,high,16311,0.982605200508682,0.5633621482435166,0.2574920790278714,0.0077491090815465,0.583375842944365,1.0152033287445543,3621,9320,3370,1.1102230246251563e-16,a5000,prior_R3
prior_per_asset,0,train_P3_Laplace_prior,R3,validation,P2_candidate_clock,l5_depth_bin,invalid,331,1.2539295424095982,0.2990936555891239,0.2269647696476965,-0.0710258848721178,0.7489396747499956,1.1785070948701015,96,147,88,1.1102230246251563e-16,a5000,prior_R3
prior_per_asset,0,train_P3_Laplace_prior,R3,validation,P2_candidate_clock,l5_depth_bin,low,10769,1.105916633145905,0.3839725136967221,0.3517561855527735,0.0482304431468048,0.6683692067640158,1.1114905495728782,3300,4265,3204,1.1102230246251563e-16,a5000,prior_R3
prior_per_asset,0,train_P3_Laplace_prior,R3,validation,P2_candidate_clock,l5_depth_bin,middle,16248,1.048548482391492,0.4853520433284096,0.2992120818496954,0.0617525709723778,0.6311002256858766,1.0887290118530248,4101,8097,4050,1.1102230246251563e-16,a5000,prior_R3
prior_per_asset,0,train_P3_Laplace_prior,R3,validation,P3_intersection,origin_bucket,09:00–:59,6414,1.1118301142366496,0.3297474275023386,0.2585155119122035,0.0610373358265277,0.6767737683551385,1.1104006735132943,2356,1860,2198,1.1102230246251563e-16,a5000,prior_R3
prior_per_asset,0,train_P3_Laplace_prior,R3,validation,P3_intersection,origin_bucket,10:00–:59,7838,1.0530687327324235,0.4462873181934167,0.3116655107381915,0.087550427387368,0.6342832202974468,1.0532712382027314,2335,3389,2114,1.1102230246251563e-16,a5000,prior_R3
prior_per_asset,0,train_P3_Laplace_prior,R3,validation,P3_intersection,origin_bucket,11:00–:59,7861,1.0251529385758094,0.5097315863121741,0.3333009663937114,0.0769491741370091,0.613316976018335,1.026849684435346,1938,4148,1775,1.1102230246251563e-16,a5000,prior_R3
prior_per_asset,0,train_P3_Laplace_prior,R3,validation,P3_intersection,origin_bucket,12:00–:59,7835,0.9947796460051844,0.5780472239948947,0.3559084626937494,0.1037361878232311,0.5917492472501705,0.9969525314866556,1565,4767,1503,1.1102230246251563e-16,a5000,prior_R3
prior_per_asset,0,train_P3_Laplace_prior,R3,validation,P3_intersection,origin_bucket,13:00–:59,7874,1.0138175865220704,0.5415290830581662,0.3423982339744273,0.0917343490095222,0.6051320382133814,1.0152151400422824,1671,4458,1745,1.1102230246251563e-16,a5000,prior_R3
prior_per_asset,0,train_P3_Laplace_prior,R3,validation,P3_intersection,origin_bucket,14:00–:59,5263,1.0253218159911368,0.516245487364621,0.3332807896814783,0.0860480957813921,0.61309012132539,1.0263977843879073,1155,2819,1289,1.1102230246251563e-16,a5000,prior_R3
prior_per_asset,0,train_P3_Laplace_prior,R3,validation,P3_intersection,relative_spread_bin,high,14707,0.939100241095328,0.6250084993540491,0.2729992313884539,0.0844378311395382,0.5521962519198294,1.0754393622609253,2754,9127,2826,1.1102230246251563e-16,a5000,prior_R3
prior_per_asset,0,train_P3_Laplace_prior,R3,validation,P3_intersection,relative_spread_bin,low,15308,1.1022173695472282,0.3806506401881369,0.3309499358423436,0.0425179761107708,0.6679610546677763,1.1032878202602094,4933,5794,4581,1.1102230246251563e-16,a5000,prior_R3
prior_per_asset,0,train_P3_Laplace_prior,R3,validation,P3_intersection,relative_spread_bin,middle,13070,1.0660317147271492,0.4675592960979342,0.2802976629437652,0.0164574370486043,0.6438549202138412,1.0722433652833363,3333,6520,3217,1.1102230246251563e-16,a5000,prior_R3
prior_per_asset,0,train_P3_Laplace_prior,R3,validation,P3_intersection,l5_depth_bin,high,16303,0.982725671842876,0.563147886891983,0.2574330266310073,0.0077008821900487,0.5834618611827297,1.0152720295414266,3621,9312,3370,1.1102230246251563e-16,a5000,prior_R3
prior_per_asset,0,train_P3_Laplace_prior,R3,validation,P3_intersection,l5_depth_bin,low,10566,1.0964902978025526,0.3872799545712663,0.3554980807226111,0.0587690564056024,0.6634881368124105,1.111052208610593,3300,4062,3204,1.1102230246251563e-16,a5000,prior_R3
prior_per_asset,0,train_P3_Laplace_prior,R3,validation,P3_intersection,l5_depth_bin,middle,16216,1.048978301410065,0.4845214602861371,0.2989670745945935,0.0614524237358852,0.6314064832641949,1.0889550264647687,4099,8067,4050,1.1102230246251563e-16,a5000,prior_R3
prior_global,0,train_P3_Laplace_prior,R3,rolling_evaluation,P0_legacy,origin_bucket,09:00–:59,5346,1.145939341812697,0.2420501309390198,0.1299196787148594,0.0,0.6998960441445177,1.1459393418126969,2032,1294,2020,0.0,a5000,prior_R3
prior_global,0,train_P3_Laplace_prior,R3,rolling_evaluation,P0_legacy,origin_bucket,10:00–:59,5346,1.0884018726597335,0.4016086793864571,0.1910227323279505,0.0,0.6597168180657127,1.0884018726597335,1665,2147,1534,0.0,a5000,prior_R3
prior_global,0,train_P3_Laplace_prior,R3,rolling_evaluation,P0_legacy,origin_bucket,11:00–:59,5346,1.0487208911426056,0.5138421249532361,0.2262860908604143,0.0,0.6319161528591772,1.0487208911426058,1342,2747,1257,0.0,a5000,prior_R3
prior_global,0,train_P3_Laplace_prior,R3,rolling_evaluation,P0_legacy,origin_bucket,12:00–:59,5346,1.0250169893592969,0.5830527497194163,0.2455394068297294,0.0,0.6152193198534799,1.0250169893592969,1080,3117,1149,0.0,a5000,prior_R3
prior_global,0,train_P3_Laplace_prior,R3,rolling_evaluation,P0_legacy,origin_bucket,13:00–:59,5346,1.033343232611832,0.5576131687242798,0.2386613826508146,0.0,0.6211310230379063,1.033343232611832,1208,2981,1157,0.0,a5000,prior_R3
prior_global,0,train_P3_Laplace_prior,R3,rolling_evaluation,P0_legacy,origin_bucket,14:00–:59,5346,1.0483597368291475,0.5157126823793491,0.2268295692953227,0.0,0.6316279442483327,1.048359736829148,1312,2757,1277,0.0,a5000,prior_R3
prior_global,0,train_P3_Laplace_prior,R3,rolling_evaluation,P0_legacy,origin_bucket,15:00–:59,1782,0.9785955592911804,0.7160493827160493,0.2781774580335731,0.0,0.5826258862050172,0.9785955592911804,216,1276,290,0.0,a5000,prior_R3
prior_global,0,train_P3_Laplace_prior,R3,rolling_evaluation,P0_legacy,relative_spread_bin,high,12588,1.0272237152014352,0.5753098188751191,0.2434694906707009,0.0,0.6168275755735377,1.1135856871737138,2698,7242,2648,0.0,a5000,prior_R3
prior_global,0,train_P3_Laplace_prior,R3,rolling_evaluation,P0_legacy,relative_spread_bin,invalid,568,1.0678350711081563,0.4577464788732394,0.2093397745571658,0.0,0.6453918779884827,1.1266868108283472,166,260,142,0.0,a5000,prior_R3
prior_global,0,train_P3_Laplace_prior,R3,rolling_evaluation,P0_legacy,relative_spread_bin,low,10937,1.1023685299620556,0.3645423790801865,0.1781023854194585,0.0,0.669400941394275,1.1072990794666304,3480,3987,3470,0.0,a5000,prior_R3
prior_global,0,train_P3_Laplace_prior,R3,rolling_evaluation,P0_legacy,relative_spread_bin,middle,9765,1.0557916173559696,0.4946236559139785,0.2206235011990407,0.0,0.636837599875166,1.0822735521881697,2511,4830,2424,0.0,a5000,prior_R3
prior_global,0,train_P3_Laplace_prior,R3,rolling_evaluation,P0_legacy,l5_depth_bin,high,12615,1.0383391688832049,0.5441141498216409,0.2349196570665845,0.0,0.6246050321042612,1.022464650574157,2899,6864,2852,0.0,a5000,prior_R3
prior_global,0,train_P3_Laplace_prior,R3,rolling_evaluation,P0_legacy,l5_depth_bin,invalid,568,1.0678350711081563,0.4577464788732394,0.2093397745571658,0.0,0.6453918779884827,1.1266868108283472,166,260,142,0.0,a5000,prior_R3
prior_global,0,train_P3_Laplace_prior,R3,rolling_evaluation,P0_legacy,l5_depth_bin,low,8829,1.1092269411453577,0.3447729074640389,0.17092001459895,0.0,0.674221354041558,1.1360229309678884,2921,3044,2864,0.0,a5000,prior_R3
prior_global,0,train_P3_Laplace_prior,R3,rolling_evaluation,P0_legacy,l5_depth_bin,middle,11846,1.0471964041699915,0.5192470032078339,0.2278527902798614,0.0,0.6308027997046854,1.0897586835617552,2869,6151,2826,0.0,a5000,prior_R3
prior_global,0,train_P3_Laplace_prior,R3,rolling_evaluation,P1_valid_cache_endpoints,origin_bucket,09:00–:59,5129,1.152633576295735,0.2232403977383505,0.121666135373499,0.0,0.7045809070927166,1.1539204211920997,1998,1145,1986,0.0,a5000,prior_R3
prior_global,0,train_P3_Laplace_prior,R3,rolling_evaluation,P1_valid_cache_endpoints,origin_bucket,10:00–:59,5175,1.091400464431031,0.3932367149758454,0.1881645862228386,0.0,0.6618131180108602,1.0928832176157977,1632,2035,1508,0.0,a5000,prior_R3
prior_global,0,train_P3_Laplace_prior,R3,rolling_evaluation,P1_valid_cache_endpoints,origin_bucket,11:00–:59,5210,1.0499710357891237,0.510556621880998,0.2253282507412113,0.0,0.6327816339556792,1.0515565894190486,1310,2660,1240,0.0,a5000,prior_R3
prior_global,0,train_P3_Laplace_prior,R3,rolling_evaluation,P1_valid_cache_endpoints,origin_bucket,12:00–:59,5186,1.02642682674353,0.5790590050134978,0.244474294785688,0.0,0.616207313580663,1.028285573032749,1059,3003,1124,0.0,a5000,prior_R3
prior_global,0,train_P3_Laplace_prior,R3,rolling_evaluation,P1_valid_cache_endpoints,origin_bucket,13:00–:59,5212,1.0341183254563586,0.5554489639293937,0.2380658690020969,0.0,0.6216728935668531,1.0361418094276056,1183,2895,1134,0.0,a5000,prior_R3
prior_global,0,train_P3_Laplace_prior,R3,rolling_evaluation,P1_valid_cache_endpoints,origin_bucket,14:00–:59,5246,1.049224086470492,0.5133434998093785,0.2261409917285971,0.0,0.632230381256932,1.0502420921566542,1292,2693,1261,0.0,a5000,prior_R3
prior_global,0,train_P3_Laplace_prior,R3,rolling_evaluation,P1_valid_cache_endpoints,origin_bucket,15:00–:59,880,1.0828038645380862,0.4272727272727272,0.1995753715498938,0.0,0.6553874827681162,1.083695522293315,215,376,289,0.0,a5000,prior_R3
prior_global,0,train_P3_Laplace_prior,R3,rolling_evaluation,P1_valid_cache_endpoints,relative_spread_bin,high,12150,1.032670210151226,0.56,0.2393162393162393,0.0,0.6206394761728303,1.1220741387513558,2698,6804,2648,0.0,a5000,prior_R3
prior_global,0,train_P3_Laplace_prior,R3,rolling_evaluation,P1_valid_cache_endpoints,relative_spread_bin,low,10542,1.1108451464986313,0.3407323088597989,0.1694259704730909,0.0,0.6753328523613655,1.116845948220455,3480,3592,3470,0.0,a5000,prior_R3
prior_global,0,train_P3_Laplace_prior,R3,rolling_evaluation,P1_valid_cache_endpoints,relative_spread_bin,middle,9346,1.0638457863444233,0.4719666167344318,0.2137578444912893,0.0,0.642475275027819,1.094110661684658,2511,4411,2424,0.0,a5000,prior_R3
prior_global,0,train_P3_Laplace_prior,R3,rolling_evaluation,P1_valid_cache_endpoints,l5_depth_bin,high,12230,1.0434452111226526,0.5297628781684383,0.2308692786003171,0.0,0.6281785918669373,1.0303813002178164,2899,6479,2852,0.0,a5000,prior_R3
prior_global,0,train_P3_Laplace_prior,R3,rolling_evaluation,P1_valid_cache_endpoints,l5_depth_bin,low,8363,1.1222149570135744,0.3082625851966997,0.1570849709045486,0.0,0.6833114943308092,1.1433947225728744,2921,2578,2864,0.0,a5000,prior_R3
prior_global,0,train_P3_Laplace_prior,R3,rolling_evaluation,P1_valid_cache_endpoints,l5_depth_bin,middle,11445,1.053189750053856,0.5024027959807776,0.2229330231656489,0.0,0.6349973158481609,1.095500393713366,2869,5750,2826,0.0,a5000,prior_R3
prior_global,0,train_P3_Laplace_prior,R3,rolling_evaluation,P2_candidate_clock,origin_bucket,09:00–:59,4455,1.1373146074388498,0.2671156004489338,0.1405373486861529,0.0,0.6938257012224779,1.1373146074388498,1617,1190,1648,0.0,a5000,prior_R3
prior_global,0,train_P3_Laplace_prior,R3,rolling_evaluation,P2_candidate_clock,origin_bucket,10:00–:59,5346,1.0884018726597335,0.4016086793864571,0.1910227323279505,0.0,0.6597168180657127,1.0884018726597335,1665,2147,1534,0.0,a5000,prior_R3
prior_global,0,train_P3_Laplace_prior,R3,rolling_evaluation,P2_candidate_clock,origin_bucket,11:00–:59,5346,1.0487208911426056,0.5138421249532361,0.2262860908604143,0.0,0.6319161528591772,1.0487208911426058,1342,2747,1257,0.0,a5000,prior_R3
prior_global,0,train_P3_Laplace_prior,R3,rolling_evaluation,P2_candidate_clock,origin_bucket,12:00–:59,5346,1.0250169893592969,0.5830527497194163,0.2455394068297294,0.0,0.6152193198534799,1.0250169893592969,1080,3117,1149,0.0,a5000,prior_R3
prior_global,0,train_P3_Laplace_prior,R3,rolling_evaluation,P2_candidate_clock,origin_bucket,13:00–:59,5346,1.033343232611832,0.5576131687242798,0.2386613826508146,0.0,0.6211310230379063,1.033343232611832,1208,2981,1157,0.0,a5000,prior_R3
prior_global,0,train_P3_Laplace_prior,R3,rolling_evaluation,P2_candidate_clock,origin_bucket,14:00–:59,3564,1.0464878325266576,0.5230078563411896,0.228936379267993,0.0,0.6302335788413114,1.0464878325266576,822,1864,878,0.0,a5000,prior_R3
prior_global,0,train_P3_Laplace_prior,R3,rolling_evaluation,P2_candidate_clock,relative_spread_bin,high,10829,1.0255453193552977,0.5802013112937483,0.2447794919744429,0.0,0.615645703858471,1.1174936011625631,2284,6283,2262,0.0,a5000,prior_R3
prior_global,0,train_P3_Laplace_prior,R3,rolling_evaluation,P2_candidate_clock,relative_spread_bin,invalid,532,1.0699759421242885,0.4511278195488721,0.2072538860103626,0.0,0.6469151279448646,1.1268633331387226,159,240,133,0.0,a5000,prior_R3
prior_global,0,train_P3_Laplace_prior,R3,rolling_evaluation,P2_candidate_clock,relative_spread_bin,low,9545,1.1063606148661451,0.3537977998952331,0.1742248361966672,0.0,0.6721751636641055,1.1112116286690332,3064,3377,3104,0.0,a5000,prior_R3
prior_global,0,train_P3_Laplace_prior,R3,rolling_evaluation,P2_candidate_clock,relative_spread_bin,middle,8497,1.058067755655414,0.4879369189125573,0.2186189986553824,0.0,0.6384425864745734,1.0843197693734667,2227,4146,2124,0.0,a5000,prior_R3
prior_global,0,train_P3_Laplace_prior,R3,rolling_evaluation,P2_candidate_clock,l5_depth_bin,high,11012,1.0416337332520174,0.5350526698147475,0.232371036441079,0.0,0.626902575241199,1.021780033567944,2569,5892,2551,0.0,a5000,prior_R3
prior_global,0,train_P3_Laplace_prior,R3,rolling_evaluation,P2_candidate_clock,l5_depth_bin,invalid,532,1.0699759421242885,0.4511278195488721,0.2072538860103626,0.0,0.6469151279448646,1.1268633331387226,159,240,133,0.0,a5000,prior_R3
prior_global,0,train_P3_Laplace_prior,R3,rolling_evaluation,P2_candidate_clock,l5_depth_bin,low,7444,1.1074084304941345,0.3504836109618485,0.1730163466958453,0.0,0.6729237934169551,1.1118430801199748,2417,2609,2418,0.0,a5000,prior_R3
prior_global,0,train_P3_Laplace_prior,R3,rolling_evaluation,P2_candidate_clock,l5_depth_bin,middle,10415,1.0506217018560124,0.5093614978396543,0.2249787955894826,0.0,0.633210758020146,1.0790950815944986,2589,5305,2521,0.0,a5000,prior_R3
prior_global,0,train_P3_Laplace_prior,R3,rolling_evaluation,P3_intersection,origin_bucket,09:00–:59,4263,1.1433980655799527,0.2500586441473141,0.1333583536623506,0.0,0.6980816049403535,1.1447449713212567,1583,1066,1614,0.0,a5000,prior_R3
prior_global,0,train_P3_Laplace_prior,R3,rolling_evaluation,P3_intersection,origin_bucket,10:00–:59,5175,1.091400464431031,0.3932367149758454,0.1881645862228386,0.0,0.6618131180108602,1.0928832176157977,1632,2035,1508,0.0,a5000,prior_R3
prior_global,0,train_P3_Laplace_prior,R3,rolling_evaluation,P3_intersection,origin_bucket,11:00–:59,5210,1.0499710357891237,0.510556621880998,0.2253282507412113,0.0,0.6327816339556792,1.0515565894190486,1310,2660,1240,0.0,a5000,prior_R3
prior_global,0,train_P3_Laplace_prior,R3,rolling_evaluation,P3_intersection,origin_bucket,12:00–:59,5186,1.02642682674353,0.5790590050134978,0.244474294785688,0.0,0.616207313580663,1.028285573032749,1059,3003,1124,0.0,a5000,prior_R3
prior_global,0,train_P3_Laplace_prior,R3,rolling_evaluation,P3_intersection,origin_bucket,13:00–:59,5212,1.0341183254563586,0.5554489639293937,0.2380658690020969,0.0,0.6216728935668531,1.0361418094276056,1183,2895,1134,0.0,a5000,prior_R3
prior_global,0,train_P3_Laplace_prior,R3,rolling_evaluation,P3_intersection,origin_bucket,14:00–:59,3494,1.0477147134982148,0.5197481396680023,0.2279974890144381,0.0,0.6310844192752788,1.0488784207936923,808,1816,870,0.0,a5000,prior_R3
prior_global,0,train_P3_Laplace_prior,R3,rolling_evaluation,P3_intersection,relative_spread_bin,high,10741,1.026769387654768,0.5767619402290289,0.2438592347661785,0.0,0.616502347576622,1.1220994190323774,2284,6195,2262,0.0,a5000,prior_R3
prior_global,0,train_P3_Laplace_prior,R3,rolling_evaluation,P3_intersection,relative_spread_bin,low,9444,1.1088227430867648,0.3468869123252859,0.1716981132075471,0.0,0.6738979458858569,1.1146687749972264,3064,3276,3104,0.0,a5000,prior_R3
prior_global,0,train_P3_Laplace_prior,R3,rolling_evaluation,P3_intersection,relative_spread_bin,middle,8355,1.0611597749468855,0.4792339916217834,0.2159829543922108,0.0,0.6406071064819954,1.0922119181467016,2227,4004,2124,0.0,a5000,prior_R3
prior_global,0,train_P3_Laplace_prior,R3,rolling_evaluation,P3_intersection,l5_depth_bin,high,11009,1.0416788311616645,0.5349259696611863,0.2323351875961652,0.0,0.6269341356221425,1.0230439757381575,2569,5889,2551,0.0,a5000,prior_R3
prior_global,0,train_P3_Laplace_prior,R3,rolling_evaluation,P3_intersection,l5_depth_bin,low,7191,1.115545136825855,0.327631761924628,0.1645193952725114,0.0,0.6786176935582707,1.1185245090963725,2417,2356,2418,0.0,a5000,prior_R3
prior_global,0,train_P3_Laplace_prior,R3,rolling_evaluation,P3_intersection,l5_depth_bin,middle,10340,1.051887288879983,0.5058027079303675,0.223934917576536,0.0,0.6340965722903201,1.080864375937104,2589,5230,2521,0.0,a5000,prior_R3
prior_global,0,train_P3_Laplace_prior,R3,validation,P0_legacy,origin_bucket,09:00–:59,7938,1.1337447313270177,0.2734945830183925,0.1431727503544696,0.0,0.6914786923228069,1.1337447313270177,3014,2171,2753,0.0,a5000,prior_R3
prior_global,0,train_P3_Laplace_prior,R3,validation,P0_legacy,origin_bucket,10:00–:59,7938,1.0763237630382778,0.4352481733434114,0.2021709236665788,0.0,0.6512764791316435,1.076323763038278,2351,3455,2132,0.0,a5000,prior_R3
prior_global,0,train_P3_Laplace_prior,R3,validation,P0_legacy,origin_bucket,11:00–:59,7938,1.0430349403767774,0.5293524817334341,0.2307523338824821,0.0,0.6279562427308859,1.0430349403767774,1951,4202,1785,0.0,a5000,prior_R3
prior_global,0,train_P3_Laplace_prior,R3,validation,P0_legacy,origin_bucket,12:00–:59,7938,1.0149018812574702,0.609599395313681,0.2524849338655396,0.0,0.608218109371603,1.0149018812574704,1579,4839,1520,0.0,a5000,prior_R3
prior_global,0,train_P3_Laplace_prior,R3,validation,P0_legacy,origin_bucket,13:00–:59,7938,1.030311050422125,0.5677752582514487,0.2414356501941877,0.0,0.6189409500678805,1.030311050422125,1682,4507,1749,0.0,a5000,prior_R3
prior_global,0,train_P3_Laplace_prior,R3,validation,P0_legacy,origin_bucket,14:00–:59,7938,1.04373018703789,0.5314940791131267,0.2313619039785035,0.0,0.6282731139782349,1.0437301870378903,1765,4219,1954,0.0,a5000,prior_R3
prior_global,0,train_P3_Laplace_prior,R3,validation,P0_legacy,origin_bucket,15:00–:59,2646,0.9692104173510436,0.7392290249433107,0.28335506301608,0.0,0.5761900585995335,0.969210417351044,336,1956,354,0.0,a5000,prior_R3
prior_global,0,train_P3_Laplace_prior,R3,validation,P0_legacy,relative_spread_bin,high,17203,1.0130662983368648,0.6157065628088124,0.2540504886970078,0.0,0.6068941606780692,1.1393793822320175,3280,10592,3331,0.0,a5000,prior_R3
prior_global,0,train_P3_Laplace_prior,R3,validation,P0_legacy,relative_spread_bin,invalid,356,1.0634368309145092,0.4719101123595505,0.2137404580152671,0.0,0.6422390292757175,1.1294821428879738,98,168,90,0.0,a5000,prior_R3
prior_global,0,train_P3_Laplace_prior,R3,validation,P0_legacy,relative_spread_bin,low,17709,1.0912067711273885,0.3942063357614772,0.1884973673552045,0.0,0.6616599386569736,1.0915093638035414,5535,6981,5193,0.0,a5000,prior_R3
prior_global,0,train_P3_Laplace_prior,R3,validation,P0_legacy,relative_spread_bin,middle,15006,1.0513896143997905,0.5069972011195522,0.2242858406296984,0.0,0.6337567305880375,1.0821567878726963,3765,7608,3633,0.0,a5000,prior_R3
prior_global,0,train_P3_Laplace_prior,R3,validation,P0_legacy,l5_depth_bin,high,18697,1.0247726081619588,0.5812697224153608,0.2450645470432381,0.0,0.6151506284402959,1.0181270817583108,4046,10868,3783,0.0,a5000,prior_R3
prior_global,0,train_P3_Laplace_prior,R3,validation,P0_legacy,l5_depth_bin,invalid,354,1.0644950082785198,0.4689265536723164,0.2128205128205128,0.0,0.6429800040326115,1.1352153021815514,98,166,90,0.0,a5000,prior_R3
prior_global,0,train_P3_Laplace_prior,R3,validation,P0_legacy,l5_depth_bin,low,12727,1.094720048625149,0.3852439695136324,0.1854036679901682,0.0,0.664080973455346,1.12781908551247,3972,4903,3852,0.0,a5000,prior_R3
prior_global,0,train_P3_Laplace_prior,R3,validation,P0_legacy,l5_depth_bin,middle,18496,1.0509401794488438,0.5088667820069204,0.2248339783096841,0.0,0.6334170589806157,1.0796546600547787,4562,9412,4522,0.0,a5000,prior_R3
prior_global,0,train_P3_Laplace_prior,R3,validation,P1_valid_cache_endpoints,origin_bucket,09:00–:59,7715,1.1376832506973686,0.262346079066753,0.1385494746209398,0.0,0.6942384012844038,1.1380332195433511,2976,2024,2715,0.0,a5000,prior_R3
prior_global,0,train_P3_Laplace_prior,R3,validation,P1_valid_cache_endpoints,origin_bucket,10:00–:59,7838,1.0773249513331828,0.4323807093646338,0.2012410557881297,0.0,0.6519793955833161,1.0778059299643097,2335,3389,2114,0.0,a5000,prior_R3
prior_global,0,train_P3_Laplace_prior,R3,validation,P1_valid_cache_endpoints,origin_bucket,11:00–:59,7861,1.0436403902483176,0.5276682355934359,0.2302717406389652,0.0,0.6283792548045493,1.0440349725463736,1938,4148,1775,0.0,a5000,prior_R3
prior_global,0,train_P3_Laplace_prior,R3,validation,P1_valid_cache_endpoints,origin_bucket,12:00–:59,7835,1.0153048150393482,0.608423739629866,0.2521821933026503,0.0,0.6085018982177627,1.0160037013959946,1565,4767,1503,0.0,a5000,prior_R3
prior_global,0,train_P3_Laplace_prior,R3,validation,P1_valid_cache_endpoints,origin_bucket,13:00–:59,7874,1.0309148490985915,0.5661671323342646,0.2409990269218294,0.0,0.6193598446835195,1.0312419213976889,1671,4458,1745,0.0,a5000,prior_R3
prior_global,0,train_P3_Laplace_prior,R3,validation,P1_valid_cache_endpoints,origin_bucket,14:00–:59,7895,1.0442577204293926,0.5300823305889804,0.2309602649006622,0.0,0.6286393778092909,1.0443900726719622,1758,4185,1952,0.0,a5000,prior_R3
prior_global,0,train_P3_Laplace_prior,R3,validation,P1_valid_cache_endpoints,origin_bucket,15:00–:59,1313,1.0631567257361887,0.476009139375476,0.2149982800137599,0.0,0.6419057656773045,1.0633375990693703,335,625,353,0.0,a5000,prior_R3
prior_global,0,train_P3_Laplace_prior,R3,validation,P1_valid_cache_endpoints,relative_spread_bin,high,16674,1.0173910464159548,0.6035744272520092,0.250928765552148,0.0,0.609919955876263,1.147679672382493,3279,10064,3331,0.0,a5000,prior_R3
prior_global,0,train_P3_Laplace_prior,R3,validation,P1_valid_cache_endpoints,relative_spread_bin,low,17071,1.0992256041743096,0.3716243922441568,0.1806249555128478,0.0,0.6672738869196903,1.099155333499437,5534,6344,5193,0.0,a5000,prior_R3
prior_global,0,train_P3_Laplace_prior,R3,validation,P1_valid_cache_endpoints,relative_spread_bin,middle,14586,1.056435896746175,0.4928013163307281,0.2200789932947552,0.0,0.6372889874081848,1.0878336315034665,3765,7188,3633,0.0,a5000,prior_R3
prior_global,0,train_P3_Laplace_prior,R3,validation,P1_valid_cache_endpoints,l5_depth_bin,high,18115,1.029547905171852,0.5678167264697764,0.2414468974097156,0.0,0.6184940081985326,1.0235818220235668,4046,10286,3783,0.0,a5000,prior_R3
prior_global,0,train_P3_Laplace_prior,R3,validation,P1_valid_cache_endpoints,l5_depth_bin,low,12259,1.103064589453419,0.3617750224324986,0.1771095403538197,0.0,0.6699216957685961,1.132646428011184,3972,4435,3852,0.0,a5000,prior_R3
prior_global,0,train_P3_Laplace_prior,R3,validation,P1_valid_cache_endpoints,l5_depth_bin,middle,17957,1.0561509986323678,0.4942362309962688,0.2205078513218048,0.0,0.6370633185542679,1.0840853522331453,4560,8875,4522,0.0,a5000,prior_R3
prior_global,0,train_P3_Laplace_prior,R3,validation,P2_candidate_clock,origin_bucket,09:00–:59,6615,1.124573587046408,0.3000755857898715,0.153875968992248,0.0,0.685026772439877,1.124573587046408,2394,1985,2236,0.0,a5000,prior_R3
prior_global,0,train_P3_Laplace_prior,R3,validation,P2_candidate_clock,origin_bucket,10:00–:59,7938,1.0763237630382778,0.4352481733434114,0.2021709236665788,0.0,0.6512764791316435,1.076323763038278,2351,3455,2132,0.0,a5000,prior_R3
prior_global,0,train_P3_Laplace_prior,R3,validation,P2_candidate_clock,origin_bucket,11:00–:59,7938,1.0430349403767774,0.5293524817334341,0.2307523338824821,0.0,0.6279562427308859,1.0430349403767774,1951,4202,1785,0.0,a5000,prior_R3
prior_global,0,train_P3_Laplace_prior,R3,validation,P2_candidate_clock,origin_bucket,12:00–:59,7938,1.0149018812574702,0.609599395313681,0.2524849338655396,0.0,0.608218109371603,1.0149018812574704,1579,4839,1520,0.0,a5000,prior_R3
prior_global,0,train_P3_Laplace_prior,R3,validation,P2_candidate_clock,origin_bucket,13:00–:59,7938,1.030311050422125,0.5677752582514487,0.2414356501941877,0.0,0.6189409500678805,1.030311050422125,1682,4507,1749,0.0,a5000,prior_R3
prior_global,0,train_P3_Laplace_prior,R3,validation,P2_candidate_clock,origin_bucket,14:00–:59,5292,1.0418423410524178,0.5368480725623582,0.2328783966556006,0.0,0.6269498834444209,1.041842341052418,1161,2841,1290,0.0,a5000,prior_R3
prior_global,0,train_P3_Laplace_prior,R3,validation,P2_candidate_clock,relative_spread_bin,high,14771,1.0108267569934704,0.6221650531446754,0.2556932793567325,0.0,0.6053199826638375,1.1377664105149148,2755,9190,2826,0.0,a5000,prior_R3
prior_global,0,train_P3_Laplace_prior,R3,validation,P2_candidate_clock,relative_spread_bin,invalid,333,1.0720963310479472,0.4474474474474474,0.2060857538035961,0.0,0.6483046767580707,1.1311563077789413,96,149,88,0.0,a5000,prior_R3
prior_global,0,train_P3_Laplace_prior,R3,validation,P2_candidate_clock,relative_spread_bin,low,15464,1.0944770060463307,0.3846999482669426,0.1852145892682015,0.0,0.6639617231673173,1.0941866966299387,4934,5949,4581,0.0,a5000,prior_R3
prior_global,0,train_P3_Laplace_prior,R3,validation,P2_candidate_clock,relative_spread_bin,middle,13091,1.0540013031283129,0.4996562523871362,0.2221203477315946,0.0,0.6355845874651032,1.0848471380021083,3333,6541,3217,0.0,a5000,prior_R3
prior_global,0,train_P3_Laplace_prior,R3,validation,P2_candidate_clock,l5_depth_bin,high,16311,1.0282459974713625,0.5713935381031205,0.2424147841806146,0.0,0.6175862574711591,1.0252279536818678,3621,9320,3370,0.0,a5000,prior_R3
prior_global,0,train_P3_Laplace_prior,R3,validation,P2_candidate_clock,l5_depth_bin,invalid,331,1.0732803606163055,0.4441087613293051,0.205020920502092,0.0,0.6491337896248537,1.136889467072519,96,147,88,0.0,a5000,prior_R3
prior_global,0,train_P3_Laplace_prior,R3,validation,P2_candidate_clock,l5_depth_bin,low,10769,1.0908913190391656,0.3960442009471631,0.1891268679881158,0.0,0.6613997476478896,1.1098412186591564,3300,4265,3204,0.0,a5000,prior_R3
prior_global,0,train_P3_Laplace_prior,R3,validation,P2_candidate_clock,l5_depth_bin,middle,16248,1.0546571090405317,0.4983382570162482,0.2217293078660916,0.0,0.6360218014804908,1.0727839688572771,4101,8097,4050,0.0,a5000,prior_R3
prior_global,0,train_P3_Laplace_prior,R3,validation,P3_intersection,origin_bucket,09:00–:59,6414,1.128139998096817,0.2899906454630496,0.1498670534203529,0.0,0.687525320998011,1.128586851215485,2356,1860,2198,0.0,a5000,prior_R3
prior_global,0,train_P3_Laplace_prior,R3,validation,P3_intersection,origin_bucket,10:00–:59,7838,1.0773249513331828,0.4323807093646338,0.2012410557881297,0.0,0.6519793955833161,1.0778059299643097,2335,3389,2114,0.0,a5000,prior_R3
prior_global,0,train_P3_Laplace_prior,R3,validation,P3_intersection,origin_bucket,11:00–:59,7861,1.0436403902483176,0.5276682355934359,0.2302717406389652,0.0,0.6283792548045493,1.0440349725463736,1938,4148,1775,0.0,a5000,prior_R3
prior_global,0,train_P3_Laplace_prior,R3,validation,P3_intersection,origin_bucket,12:00–:59,7835,1.0153048150393482,0.608423739629866,0.2521821933026503,0.0,0.6085018982177627,1.0160037013959946,1565,4767,1503,0.0,a5000,prior_R3
prior_global,0,train_P3_Laplace_prior,R3,validation,P3_intersection,origin_bucket,13:00–:59,7874,1.0309148490985915,0.5661671323342646,0.2409990269218294,0.0,0.6193598446835195,1.0312419213976889,1671,4458,1745,0.0,a5000,prior_R3
prior_global,0,train_P3_Laplace_prior,R3,validation,P3_intersection,origin_bucket,14:00–:59,5263,1.0423127897225324,0.5356260687820634,0.2325332013528004,0.0,0.6272749813807945,1.0424281298380649,1155,2819,1289,0.0,a5000,prior_R3
prior_global,0,train_P3_Laplace_prior,R3,validation,P3_intersection,relative_spread_bin,high,14707,1.011390878060206,0.6205888352485212,0.2552935582221476,0.0,0.6057144069701899,1.1430001028273582,2754,9127,2826,0.0,a5000,prior_R3
prior_global,0,train_P3_Laplace_prior,R3,validation,P3_intersection,relative_spread_bin,low,15308,1.0966808994860708,0.3784949046250326,0.1830474204656746,0.0,0.6655046020832459,1.0961470955380808,4933,5794,4581,0.0,a5000,prior_R3
prior_global,0,train_P3_Laplace_prior,R3,validation,P3_intersection,relative_spread_bin,middle,13070,1.0542870796530657,0.4988523335883703,0.2218819125404117,0.0,0.6357846226520467,1.0858962398761771,3333,6520,3217,0.0,a5000,prior_R3
prior_global,0,train_P3_Laplace_prior,R3,validation,P3_intersection,l5_depth_bin,high,16303,1.0283206372603515,0.5711832178126726,0.2423579933632637,0.0,0.6176385176736573,1.02527418680137,3621,9312,3370,0.0,a5000,prior_R3
prior_global,0,train_P3_Laplace_prior,R3,validation,P3_intersection,l5_depth_bin,low,10566,1.0950172542990149,0.3844406587166383,0.1851244189226142,0.0,0.6642876512840346,1.1135022617557926,3300,4062,3204,0.0,a5000,prior_R3
prior_global,0,train_P3_Laplace_prior,R3,validation,P3_intersection,l5_depth_bin,middle,16216,1.0549694946874,0.497471632955106,0.2214718115554091,0.0,0.6362399588654675,1.0729722433638276,4099,8067,4050,0.0,a5000,prior_R3
prior_per_asset,0,train_P3_Laplace_prior,main,development_holdout,P0_legacy,origin_bucket,09:00–:59,16038,1.122777773536207,0.3231076194039157,0.255646880489169,0.0585431305724028,0.6839136795827631,1.1227777735362072,6074,4232,5732,1.1102230246251563e-16,a5000,prior_main
prior_per_asset,0,train_P3_Laplace_prior,main,development_holdout,P0_legacy,origin_bucket,10:00–:59,16038,1.06376580835609,0.4413892006484599,0.3108315677654639,0.0926084851078278,0.6412733898409221,1.06376580835609,4751,6890,4397,1.1102230246251563e-16,a5000,prior_main
prior_per_asset,0,train_P3_Laplace_prior,main,development_holdout,P0_legacy,origin_bucket,11:00–:59,16038,1.0395742251044906,0.4948871430352912,0.3230109051114223,0.0900183600053213,0.6229077221853105,1.0395742251044906,3886,8410,3742,1.1102230246251563e-16,a5000,prior_main
prior_per_asset,0,train_P3_Laplace_prior,main,development_holdout,P0_legacy,origin_bucket,12:00–:59,16038,1.016389601183945,0.546639231824417,0.3388346966893859,0.113082346982609,0.6061868195796921,1.0163896011839453,3248,9560,3230,1.1102230246251563e-16,a5000,prior_main
prior_per_asset,0,train_P3_Laplace_prior,main,development_holdout,P0_legacy,origin_bucket,13:00–:59,16038,1.0259595567057025,0.5256889886519516,0.3339310023697373,0.1103460409019834,0.6133122051831313,1.0259595567057025,3466,9034,3538,1.1102230246251563e-16,a5000,prior_main
prior_per_asset,0,train_P3_Laplace_prior,main,development_holdout,P0_legacy,origin_bucket,14:00–:59,16038,1.0365675418858786,0.5015587978550942,0.3290083828094075,0.1089915074188755,0.621069206040682,1.0365675418858789,3716,8415,3907,1.1102230246251563e-16,a5000,prior_main
prior_per_asset,0,train_P3_Laplace_prior,main,development_holdout,P0_legacy,origin_bucket,15:00–:59,5346,1.0081343808635397,0.5967078189300411,0.3175495375694101,0.052035648719913,0.5975619427833305,1.0081343808635397,659,3924,763,1.1102230246251563e-16,a5000,prior_main
prior_per_asset,0,train_P3_Laplace_prior,main,development_holdout,P0_legacy,relative_spread_bin,high,37038,0.968060319852494,0.6134510502726929,0.2836129453886057,0.1046766723764643,0.5733308623033273,1.0606651645397298,7297,22453,7288,1.1102230246251563e-16,a5000,prior_main
prior_per_asset,0,train_P3_Laplace_prior,main,development_holdout,P0_legacy,relative_spread_bin,invalid,1033,1.188503996363063,0.3949661181026137,0.2983081677156646,0.0430226632725159,0.7074935765808308,1.1287530724978247,300,469,264,1.1102230246251563e-16,a5000,prior_main
prior_per_asset,0,train_P3_Laplace_prior,main,development_holdout,P0_legacy,relative_spread_bin,low,32535,1.1122173976872332,0.3683110496388505,0.2896950031547164,0.0391175206610698,0.6729844112012684,1.1119324208357002,10295,12271,9969,0.0,a5000,prior_main
prior_per_asset,0,train_P3_Laplace_prior,main,development_holdout,P0_legacy,relative_spread_bin,middle,30968,1.0733949247938843,0.4365151123740635,0.2885338348948578,0.0133602380849896,0.6489190951478776,1.0922077469088844,7908,15272,7788,1.1102230246251563e-16,a5000,prior_main
prior_per_asset,0,train_P3_Laplace_prior,main,development_holdout,P0_legacy,l5_depth_bin,high,38314,0.9997689675764432,0.5535835464843138,0.2631135900788265,0.0143048443135114,0.5958424192797588,1.0138815955742868,8514,21617,8183,1.1102230246251563e-16,a5000,prior_main
prior_per_asset,0,train_P3_Laplace_prior,main,development_holdout,P0_legacy,l5_depth_bin,invalid,1030,1.1892847634409078,0.3941747572815534,0.2979689307139945,0.0423688002778298,0.7079783032843782,1.135356992864902,300,466,264,1.1102230246251563e-16,a5000,prior_main
prior_per_asset,0,train_P3_Laplace_prior,main,development_holdout,P0_legacy,l5_depth_bin,low,23501,1.1134957380721329,0.3717288626015914,0.2947723014263069,0.0555313386709478,0.6726301023314332,1.136255459031123,7581,8467,7453,1.1102230246251563e-16,a5000,prior_main
prior_per_asset,0,train_P3_Laplace_prior,main,development_holdout,P0_legacy,l5_depth_bin,middle,38729,1.053764748617566,0.4719460869116166,0.3175825197338475,0.075661226448598,0.6349593214390451,1.102608840682199,9405,19915,9409,1.1102230246251563e-16,a5000,prior_main
prior_per_asset,0,train_P3_Laplace_prior,main,development_holdout,P1_valid_cache_endpoints,origin_bucket,09:00–:59,15543,1.119381108694048,0.31943640223895,0.2545313253008527,0.0689456057031479,0.6826828329594216,1.116893744878071,5992,3903,5648,1.1102230246251563e-16,a5000,prior_main
prior_per_asset,0,train_P3_Laplace_prior,main,development_holdout,P1_valid_cache_endpoints,origin_bucket,10:00–:59,15722,1.0594015168484754,0.4417376924055464,0.3114612098048351,0.0981662277639883,0.6390755651001581,1.0591343341811543,4692,6682,4348,1.1102230246251563e-16,a5000,prior_main
prior_per_asset,0,train_P3_Laplace_prior,main,development_holdout,P1_valid_cache_endpoints,origin_bucket,11:00–:59,15784,1.0341467556283204,0.4968955904713634,0.3239603752834697,0.094640526803147,0.620059934316427,1.035740673925013,3834,8240,3710,1.1102230246251563e-16,a5000,prior_main
prior_per_asset,0,train_P3_Laplace_prior,main,development_holdout,P1_valid_cache_endpoints,origin_bucket,12:00–:59,15750,1.0105269781338382,0.5487619047619048,0.3396533668387733,0.1163287504013271,0.6030563923230229,1.0125175732392937,3206,9357,3187,1.1102230246251563e-16,a5000,prior_main
prior_per_asset,0,train_P3_Laplace_prior,main,development_holdout,P1_valid_cache_endpoints,origin_bucket,13:00–:59,15825,1.0221824294349673,0.5270142180094787,0.3346528765923959,0.1131065810926722,0.6112948076354268,1.0235299775102342,3428,8890,3507,1.1102230246251563e-16,a5000,prior_main
prior_per_asset,0,train_P3_Laplace_prior,main,development_holdout,P1_valid_cache_endpoints,origin_bucket,14:00–:59,15881,1.0339942036466685,0.5021724072791386,0.3295759102251291,0.1112073106303009,0.6196964367262788,1.034963426420895,3688,8309,3884,1.1102230246251563e-16,a5000,prior_main
prior_per_asset,0,train_P3_Laplace_prior,main,development_holdout,P1_valid_cache_endpoints,origin_bucket,15:00–:59,2651,1.054535362380316,0.4534138061109015,0.3073353472026801,0.0890320717806667,0.6346054409431751,1.055309081352812,656,1234,761,1.1102230246251563e-16,a5000,prior_main
prior_per_asset,0,train_P3_Laplace_prior,main,development_holdout,P1_valid_cache_endpoints,relative_spread_bin,high,35858,0.9728552920993004,0.6025433654972391,0.281005966581113,0.1144950894622377,0.5770016606540953,1.0592213300410798,7295,21275,7288,1.1102230246251563e-16,a5000,prior_main
prior_per_asset,0,train_P3_Laplace_prior,main,development_holdout,P1_valid_cache_endpoints,relative_spread_bin,low,31333,1.1024548500338636,0.3685890275428462,0.2922053401373501,0.0484755412089692,0.668209101738925,1.105431988123568,10294,11070,9969,0.0,a5000,prior_main
prior_per_asset,0,train_P3_Laplace_prior,main,development_holdout,P1_valid_cache_endpoints,relative_spread_bin,middle,29965,1.0765170290723256,0.4257633906223927,0.2855850837905913,0.0124108194762462,0.6512266518749142,1.0877705100751622,7907,14270,7788,1.1102230246251563e-16,a5000,prior_main
prior_per_asset,0,train_P3_Laplace_prior,main,development_holdout,P1_valid_cache_endpoints,l5_depth_bin,high,37125,1.0049585754499917,0.5411178451178451,0.2597544584619817,0.0164308149227466,0.5995357508411983,1.0181501464087734,8513,20429,8183,1.1102230246251563e-16,a5000,prior_main
prior_per_asset,0,train_P3_Laplace_prior,main,development_holdout,P1_valid_cache_endpoints,l5_depth_bin,low,22471,1.098331044290555,0.3730586088736594,0.2982689929478159,0.0671412828895573,0.6653291929493033,1.1348369948432058,7581,7437,7453,1.1102230246251563e-16,a5000,prior_main
prior_per_asset,0,train_P3_Laplace_prior,main,development_holdout,P1_valid_cache_endpoints,l5_depth_bin,middle,37560,1.0568693196625665,0.4643503727369542,0.3163111879720055,0.0768307273330882,0.6371871914592334,1.1043010142249463,9402,18749,9409,1.1102230246251563e-16,a5000,prior_main
prior_per_asset,0,train_P3_Laplace_prior,main,development_holdout,P2_candidate_clock,origin_bucket,09:00–:59,13365,1.11344323902119,0.339917695473251,0.2646737938841112,0.0632671735827703,0.6770645952738344,1.11344323902119,4799,3877,4689,1.1102230246251563e-16,a5000,prior_main
prior_per_asset,0,train_P3_Laplace_prior,main,development_holdout,P2_candidate_clock,origin_bucket,10:00–:59,16038,1.06376580835609,0.4413892006484599,0.3108315677654639,0.0926084851078278,0.6412733898409221,1.06376580835609,4751,6890,4397,1.1102230246251563e-16,a5000,prior_main
prior_per_asset,0,train_P3_Laplace_prior,main,development_holdout,P2_candidate_clock,origin_bucket,11:00–:59,16038,1.0395742251044906,0.4948871430352912,0.3230109051114223,0.0900183600053213,0.6229077221853105,1.0395742251044906,3886,8410,3742,1.1102230246251563e-16,a5000,prior_main
prior_per_asset,0,train_P3_Laplace_prior,main,development_holdout,P2_candidate_clock,origin_bucket,12:00–:59,16038,1.016389601183945,0.546639231824417,0.3388346966893859,0.113082346982609,0.6061868195796921,1.0163896011839453,3248,9560,3230,1.1102230246251563e-16,a5000,prior_main
prior_per_asset,0,train_P3_Laplace_prior,main,development_holdout,P2_candidate_clock,origin_bucket,13:00–:59,16038,1.0259595567057025,0.5256889886519516,0.3339310023697373,0.1103460409019834,0.6133122051831313,1.0259595567057025,3466,9034,3538,1.1102230246251563e-16,a5000,prior_main
prior_per_asset,0,train_P3_Laplace_prior,main,development_holdout,P2_candidate_clock,origin_bucket,14:00–:59,10692,1.0361708274853554,0.5038346427235316,0.3294316454541889,0.1095090529482789,0.6205740267453346,1.0361708274853554,2423,5660,2609,1.1102230246251563e-16,a5000,prior_main
prior_per_asset,0,train_P3_Laplace_prior,main,development_holdout,P2_candidate_clock,relative_spread_bin,high,31850,0.965220691945615,0.6170486656200942,0.2773835694632027,0.093270932281188,0.571308686177138,1.0648687196595747,6143,19474,6233,1.1102230246251563e-16,a5000,prior_main
prior_per_asset,0,train_P3_Laplace_prior,main,development_holdout,P2_candidate_clock,relative_spread_bin,invalid,971,1.18167724291761,0.3944387229660144,0.2995481324179878,0.045616728571022,0.7040470945379037,1.127793690096217,291,429,251,1.1102230246251563e-16,a5000,prior_main
prior_per_asset,0,train_P3_Laplace_prior,main,development_holdout,P2_candidate_clock,relative_spread_bin,low,28387,1.1110768896231369,0.3668580688343256,0.2896730514937999,0.0408715029382964,0.6725072279202126,1.1114289406458255,9132,10403,8852,0.0,a5000,prior_main
prior_per_asset,0,train_P3_Laplace_prior,main,development_holdout,P2_candidate_clock,relative_spread_bin,middle,27001,1.0747247628159613,0.4330950705529425,0.2883667035127341,0.0149979198369901,0.6498697744938917,1.0936183991069997,7007,13125,6869,1.1102230246251563e-16,a5000,prior_main
prior_per_asset,0,train_P3_Laplace_prior,main,development_holdout,P2_candidate_clock,l5_depth_bin,high,33417,1.0033735316838708,0.5446030463536523,0.2604882795883282,0.0169732181742193,0.5983985700205594,1.013635369471776,7596,18500,7321,1.1102230246251563e-16,a5000,prior_main
prior_per_asset,0,train_P3_Laplace_prior,main,development_holdout,P2_candidate_clock,l5_depth_bin,invalid,968,1.182486860510424,0.393595041322314,0.2991672723810278,0.0448845931855271,0.7045521865405121,1.1343976104632945,291,426,251,1.1102230246251563e-16,a5000,prior_main
prior_per_asset,0,train_P3_Laplace_prior,main,development_holdout,P2_candidate_clock,l5_depth_bin,low,19735,1.107181446560326,0.3812515834811249,0.3021359598092871,0.0730083317562536,0.6684215677538298,1.1126980298900464,6208,7301,6226,1.1102230246251563e-16,a5000,prior_main
prior_per_asset,0,train_P3_Laplace_prior,main,development_holdout,P2_candidate_clock,l5_depth_bin,middle,34089,1.0538256971675484,0.4705330165155915,0.3197849822799033,0.0829684968177028,0.6350264505573269,1.0813563884058337,8478,17204,8407,1.1102230246251563e-16,a5000,prior_main
prior_per_asset,0,train_P3_Laplace_prior,main,development_holdout,P3_intersection,origin_bucket,09:00–:59,12926,1.109600985650329,0.3374593841869101,0.2643488070201296,0.0739265508509476,0.6755039769740614,1.1073268634616875,4717,3604,4605,1.1102230246251563e-16,a5000,prior_main
prior_per_asset,0,train_P3_Laplace_prior,main,development_holdout,P3_intersection,origin_bucket,10:00–:59,15722,1.0594015168484754,0.4417376924055464,0.3114612098048351,0.0981662277639883,0.6390755651001581,1.0591343341811543,4692,6682,4348,1.1102230246251563e-16,a5000,prior_main
prior_per_asset,0,train_P3_Laplace_prior,main,development_holdout,P3_intersection,origin_bucket,11:00–:59,15784,1.0341467556283204,0.4968955904713634,0.3239603752834697,0.094640526803147,0.620059934316427,1.035740673925013,3834,8240,3710,1.1102230246251563e-16,a5000,prior_main
prior_per_asset,0,train_P3_Laplace_prior,main,development_holdout,P3_intersection,origin_bucket,12:00–:59,15750,1.0105269781338382,0.5487619047619048,0.3396533668387733,0.1163287504013271,0.6030563923230229,1.0125175732392937,3206,9357,3187,1.1102230246251563e-16,a5000,prior_main
prior_per_asset,0,train_P3_Laplace_prior,main,development_holdout,P3_intersection,origin_bucket,13:00–:59,15825,1.0221824294349673,0.5270142180094787,0.3346528765923959,0.1131065810926722,0.6112948076354268,1.0235299775102342,3428,8890,3507,1.1102230246251563e-16,a5000,prior_main
prior_per_asset,0,train_P3_Laplace_prior,main,development_holdout,P3_intersection,origin_bucket,14:00–:59,10581,1.033212783562366,0.5043946696909555,0.3299466421558093,0.111910685333663,0.6190111208506802,1.0343827133781824,2402,5582,2597,1.1102230246251563e-16,a5000,prior_main
prior_per_asset,0,train_P3_Laplace_prior,main,development_holdout,P3_intersection,relative_spread_bin,high,31681,0.9647351937756626,0.6159843439285376,0.277217134023723,0.1005114852167442,0.571113512379473,1.06006623694398,6142,19306,6233,1.1102230246251563e-16,a5000,prior_main
prior_per_asset,0,train_P3_Laplace_prior,main,development_holdout,P3_intersection,relative_spread_bin,low,28072,1.1021551765639317,0.3705115417497863,0.2931727300030892,0.0495970700461214,0.6679698475635916,1.1048539315858226,9131,10089,8852,0.0,a5000,prior_main
prior_per_asset,0,train_P3_Laplace_prior,main,development_holdout,P3_intersection,relative_spread_bin,middle,26835,1.0748042073048467,0.4305571082541457,0.2874998417891712,0.0139458525593032,0.6500121064751979,1.086468843217736,7006,12960,6869,1.1102230246251563e-16,a5000,prior_main
prior_per_asset,0,train_P3_Laplace_prior,main,development_holdout,P3_intersection,l5_depth_bin,high,33406,1.003445941719988,0.5444530922588756,0.2604456181551609,0.0169339939177653,0.5984498815266155,1.0136739463835505,7596,18489,7321,1.1102230246251563e-16,a5000,prior_main
prior_per_asset,0,train_P3_Laplace_prior,main,development_holdout,P3_intersection,l5_depth_bin,low,19219,1.0935605713670484,0.3830584317602372,0.3051148283549538,0.0809194128759916,0.661691987413119,1.1118643700956046,6208,6785,6226,1.1102230246251563e-16,a5000,prior_main
prior_per_asset,0,train_P3_Laplace_prior,main,development_holdout,P3_intersection,l5_depth_bin,middle,33963,1.0543117787985092,0.4687453994052351,0.3191117937946578,0.0817246213574765,0.6353648551479647,1.0817565569273786,8475,17081,8407,1.1102230246251563e-16,a5000,prior_main
prior_per_asset,0,train_P3_Laplace_prior,main,validation,P0_legacy,origin_bucket,09:00–:59,7938,1.1053517681614342,0.3515998992189468,0.2707399079533222,0.0641495089231337,0.6711269703420762,1.1053517681614342,2864,2418,2656,1.1102230246251563e-16,a5000,prior_main
prior_per_asset,0,train_P3_Laplace_prior,main,validation,P0_legacy,origin_bucket,10:00–:59,7938,1.0524798589254527,0.4564121945074326,0.3185687305316193,0.10876511089722,0.6331437122713708,1.0524798589254525,2261,3518,2159,1.1102230246251563e-16,a5000,prior_main
prior_per_asset,0,train_P3_Laplace_prior,main,validation,P0_legacy,origin_bucket,11:00–:59,7938,1.0274952560789168,0.5143613000755858,0.3299766767289496,0.1003402934825477,0.6145276496312364,1.0274952560789166,1890,4335,1713,1.1102230246251563e-16,a5000,prior_main
prior_per_asset,0,train_P3_Laplace_prior,main,validation,P0_legacy,origin_bucket,12:00–:59,7938,1.0112946000600518,0.5490047871000252,0.3354778747692894,0.1055892869013594,0.6026408318093155,1.0112946000600518,1590,4804,1544,1.1102230246251563e-16,a5000,prior_main
prior_per_asset,0,train_P3_Laplace_prior,main,validation,P0_legacy,origin_bucket,13:00–:59,7938,1.0125913463789729,0.5317460317460317,0.3352623892274421,0.114955162925253,0.6041430975360801,1.0125913463789729,1712,4516,1710,1.1102230246251563e-16,a5000,prior_main
prior_per_asset,0,train_P3_Laplace_prior,main,validation,P0_legacy,origin_bucket,14:00–:59,7938,1.0256466646316211,0.5138573948097758,0.3308021220060292,0.1090085480425579,0.6138761995672694,1.025646664631621,1802,4315,1821,1.1102230246251563e-16,a5000,prior_main
prior_per_asset,0,train_P3_Laplace_prior,main,validation,P0_legacy,origin_bucket,15:00–:59,2646,0.99846608335189,0.6118669690098262,0.3204613704613704,0.0544304985054295,0.5908796398624456,0.99846608335189,313,2000,333,1.1102230246251563e-16,a5000,prior_main
prior_per_asset,0,train_P3_Laplace_prior,main,validation,P0_legacy,relative_spread_bin,high,18571,0.9407647233966197,0.6541381724193636,0.2952088661620876,0.1156304611564181,0.553950873672514,1.0606153785369763,3350,12017,3204,1.1102230246251563e-16,a5000,prior_main
prior_per_asset,0,train_P3_Laplace_prior,main,validation,P0_legacy,relative_spread_bin,invalid,440,1.0867309612481386,0.5204545454545455,0.3606205830772169,0.2176513217495648,0.6420051191399936,0.9713505737976186,91,271,78,1.1102230246251563e-16,a5000,prior_main
prior_per_asset,0,train_P3_Laplace_prior,main,validation,P0_legacy,relative_spread_bin,low,17829,1.1101050843197775,0.369902967076112,0.2888019290947671,0.0337279303211783,0.6717486986724658,1.1111469737097397,5494,7047,5288,0.0,a5000,prior_main
prior_per_asset,0,train_P3_Laplace_prior,main,validation,P0_legacy,relative_spread_bin,middle,13434,1.071392665796704,0.4318892362661902,0.2786628558914202,-0.0037780024906732,0.6476684022419096,1.1034640195871457,3497,6571,3366,0.0,a5000,prior_main
prior_per_asset,0,train_P3_Laplace_prior,main,validation,P0_legacy,l5_depth_bin,high,17791,0.9786253127379304,0.5798999494126243,0.2700954177426465,0.0245721512516089,0.5807738345398494,1.0065579653396528,3651,10487,3653,1.1102230246251563e-16,a5000,prior_main
prior_per_asset,0,train_P3_Laplace_prior,main,validation,P0_legacy,l5_depth_bin,invalid,436,1.0863850921362617,0.5206422018348624,0.3615357395612172,0.218937935008581,0.6416665949193517,0.9713961882674472,91,267,78,1.1102230246251563e-16,a5000,prior_main
prior_per_asset,0,train_P3_Laplace_prior,main,validation,P0_legacy,l5_depth_bin,low,11790,1.107259117061246,0.3860050890585241,0.3021755456187142,0.0652334940420311,0.668495340305927,1.1449920822602466,3820,4508,3462,1.1102230246251563e-16,a5000,prior_main
prior_per_asset,0,train_P3_Laplace_prior,main,validation,P0_legacy,l5_depth_bin,middle,20257,1.0463190054082052,0.4778101397047934,0.3092762733821904,0.0572417972182275,0.6295806291085985,1.0844016175496276,4870,10644,4743,1.1102230246251563e-16,a5000,prior_main
prior_per_asset,0,train_P3_Laplace_prior,main,validation,P1_valid_cache_endpoints,origin_bucket,09:00–:59,7595,1.105485218244604,0.3411454904542462,0.266592214227739,0.0731633688385361,0.6724275963272476,1.103903517280543,2832,2136,2627,1.1102230246251563e-16,a5000,prior_main
prior_per_asset,0,train_P3_Laplace_prior,main,validation,P1_valid_cache_endpoints,origin_bucket,10:00–:59,7828,1.0489302947700228,0.4573326520183955,0.3188943519932172,0.1127981518544337,0.6313628104710219,1.0489992874969072,2236,3450,2142,1.1102230246251563e-16,a5000,prior_main
prior_per_asset,0,train_P3_Laplace_prior,main,validation,P1_valid_cache_endpoints,origin_bucket,11:00–:59,7863,1.0245539565869295,0.5159608292000508,0.3302418295669268,0.101990716449384,0.6129877636138746,1.0257020083762751,1876,4288,1699,1.1102230246251563e-16,a5000,prior_main
prior_per_asset,0,train_P3_Laplace_prior,main,validation,P1_valid_cache_endpoints,origin_bucket,12:00–:59,7866,1.0081305699506498,0.5504703788456649,0.33594163750256,0.1074101135490622,0.6009984345130627,1.009387701825814,1579,4751,1536,1.1102230246251563e-16,a5000,prior_main
prior_per_asset,0,train_P3_Laplace_prior,main,validation,P1_valid_cache_endpoints,origin_bucket,13:00–:59,7889,1.0098686295519643,0.5331474204588668,0.3360831006537355,0.1174569159024676,0.6027041485453355,1.010538876372777,1706,4480,1703,1.1102230246251563e-16,a5000,prior_main
prior_per_asset,0,train_P3_Laplace_prior,main,validation,P1_valid_cache_endpoints,origin_bucket,14:00–:59,7920,1.0246292707423217,0.5143939393939394,0.3309736058006167,0.1097226958664566,0.6133428058380701,1.0248942674920054,1799,4303,1818,1.1102230246251563e-16,a5000,prior_main
prior_per_asset,0,train_P3_Laplace_prior,main,validation,P1_valid_cache_endpoints,origin_bucket,15:00–:59,1319,1.0357200071893122,0.4844579226686884,0.3171552744777111,0.0912119032133619,0.6215071937002669,1.0359865395610546,313,673,333,1.1102230246251563e-16,a5000,prior_main
prior_per_asset,0,train_P3_Laplace_prior,main,validation,P1_valid_cache_endpoints,relative_spread_bin,high,17990,0.9453797194032836,0.6443023902167871,0.2929839300583552,0.1223308530858643,0.5573957497387941,1.057662452806974,3350,11436,3204,1.1102230246251563e-16,a5000,prior_main
prior_per_asset,0,train_P3_Laplace_prior,main,validation,P1_valid_cache_endpoints,relative_spread_bin,low,17222,1.102640822071526,0.3692950876785507,0.2905261810863012,0.0405661866487378,0.6681502961965671,1.1064594483684014,5494,6440,5288,0.0,a5000,prior_main
prior_per_asset,0,train_P3_Laplace_prior,main,validation,P1_valid_cache_endpoints,relative_spread_bin,middle,13068,1.0747000418134978,0.4228650137741047,0.2762393102111218,-0.0036958020591057,0.6500240469354445,1.101389492221727,3497,6205,3366,0.0,a5000,prior_main
prior_per_asset,0,train_P3_Laplace_prior,main,validation,P1_valid_cache_endpoints,l5_depth_bin,high,17191,0.9834453432755508,0.5673317433540807,0.2668810324926717,0.0278621692549346,0.584192782763132,1.0102125318691548,3651,9887,3653,1.1102230246251563e-16,a5000,prior_main
prior_per_asset,0,train_P3_Laplace_prior,main,validation,P1_valid_cache_endpoints,l5_depth_bin,low,11443,1.0937014997014451,0.392117451717207,0.3085490807497131,0.0794033737761796,0.6616471882266262,1.1467372495401245,3820,4161,3462,1.1102230246251563e-16,a5000,prior_main
prior_per_asset,0,train_P3_Laplace_prior,main,validation,P1_valid_cache_endpoints,l5_depth_bin,middle,19646,1.0495574864535295,0.4701720452000407,0.3080659036500838,0.0591910240057946,0.6319281930618084,1.0863771740228307,4870,10033,4743,1.1102230246251563e-16,a5000,prior_main
prior_per_asset,0,train_P3_Laplace_prior,main,validation,P2_candidate_clock,origin_bucket,09:00–:59,6615,1.0973674998841152,0.3694633408919123,0.2805845562802335,0.072659730830265,0.665254690513397,1.0973674998841152,2309,2163,2143,1.1102230246251563e-16,a5000,prior_main
prior_per_asset,0,train_P3_Laplace_prior,main,validation,P2_candidate_clock,origin_bucket,10:00–:59,7938,1.0524798589254527,0.4564121945074326,0.3185687305316193,0.10876511089722,0.6331437122713708,1.0524798589254525,2261,3518,2159,1.1102230246251563e-16,a5000,prior_main
prior_per_asset,0,train_P3_Laplace_prior,main,validation,P2_candidate_clock,origin_bucket,11:00–:59,7938,1.0274952560789168,0.5143613000755858,0.3299766767289496,0.1003402934825477,0.6145276496312364,1.0274952560789166,1890,4335,1713,1.1102230246251563e-16,a5000,prior_main
prior_per_asset,0,train_P3_Laplace_prior,main,validation,P2_candidate_clock,origin_bucket,12:00–:59,7938,1.0112946000600518,0.5490047871000252,0.3354778747692894,0.1055892869013594,0.6026408318093155,1.0112946000600518,1590,4804,1544,1.1102230246251563e-16,a5000,prior_main
prior_per_asset,0,train_P3_Laplace_prior,main,validation,P2_candidate_clock,origin_bucket,13:00–:59,7938,1.0125913463789729,0.5317460317460317,0.3352623892274421,0.114955162925253,0.6041430975360801,1.0125913463789729,1712,4516,1710,1.1102230246251563e-16,a5000,prior_main
prior_per_asset,0,train_P3_Laplace_prior,main,validation,P2_candidate_clock,origin_bucket,14:00–:59,5292,1.0270661363364122,0.5115268329554044,0.3279181517094663,0.1016876153685435,0.6144368771124865,1.0270661363364126,1175,2895,1222,1.1102230246251563e-16,a5000,prior_main
prior_per_asset,0,train_P3_Laplace_prior,main,validation,P2_candidate_clock,relative_spread_bin,high,15970,0.938057965937134,0.6571696931747025,0.2905890848923462,0.1113785518084752,0.5520172840484954,1.056245720694536,2844,10389,2737,1.1102230246251563e-16,a5000,prior_main
prior_per_asset,0,train_P3_Laplace_prior,main,validation,P2_candidate_clock,relative_spread_bin,invalid,406,1.0852922395495237,0.5123152709359606,0.362379293484904,0.2159143914349672,0.6422323068959492,0.973639760189906,91,238,77,1.1102230246251563e-16,a5000,prior_main
prior_per_asset,0,train_P3_Laplace_prior,main,validation,P2_candidate_clock,relative_spread_bin,low,15578,1.109346693035287,0.3690460906406471,0.2893657345495189,0.0364521683364123,0.6713997137563408,1.110576020120072,4902,5974,4702,0.0,a5000,prior_main
prior_per_asset,0,train_P3_Laplace_prior,main,validation,P2_candidate_clock,relative_spread_bin,middle,11705,1.0737250714725788,0.4258009397693293,0.2766567314489343,-0.0058840805240227,0.6493121528920581,1.1099571181761976,3100,5630,2975,0.0,a5000,prior_main
prior_per_asset,0,train_P3_Laplace_prior,main,validation,P2_candidate_clock,l5_depth_bin,high,15466,0.9814943341878426,0.5702832018621492,0.2671063017091006,0.0288734042019211,0.5827847832711527,1.0085845644171256,3265,8933,3268,1.1102230246251563e-16,a5000,prior_main
prior_per_asset,0,train_P3_Laplace_prior,main,validation,P2_candidate_clock,l5_depth_bin,invalid,404,1.0852111056949818,0.5123762376237624,0.362849071458343,0.2165608821127539,0.6421045574024763,0.9737546590767616,91,236,77,1.1102230246251563e-16,a5000,prior_main
prior_per_asset,0,train_P3_Laplace_prior,main,validation,P2_candidate_clock,l5_depth_bin,low,10023,1.1013036836996914,0.4002793574778011,0.3126402939117557,0.0892375512688953,0.6644005086931459,1.1131425613165382,3209,3921,2893,1.1102230246251563e-16,a5000,prior_main
prior_per_asset,0,train_P3_Laplace_prior,main,validation,P2_candidate_clock,l5_depth_bin,middle,17766,1.0477420708089284,0.4726443768996961,0.3086730104303394,0.0594977347520439,0.6306247796610601,1.0694586311205645,4372,9141,4253,1.1102230246251563e-16,a5000,prior_main
prior_per_asset,0,train_P3_Laplace_prior,main,validation,P3_intersection,origin_bucket,09:00–:59,6326,1.09723708033237,0.3602592475497945,0.2772271016885848,0.0810502616463542,0.666285470063802,1.0959669297211652,2277,1935,2114,1.1102230246251563e-16,a5000,prior_main
prior_per_asset,0,train_P3_Laplace_prior,main,validation,P3_intersection,origin_bucket,10:00–:59,7828,1.0489302947700228,0.4573326520183955,0.3188943519932172,0.1127981518544337,0.6313628104710219,1.0489992874969072,2236,3450,2142,1.1102230246251563e-16,a5000,prior_main
prior_per_asset,0,train_P3_Laplace_prior,main,validation,P3_intersection,origin_bucket,11:00–:59,7863,1.0245539565869295,0.5159608292000508,0.3302418295669268,0.101990716449384,0.6129877636138746,1.0257020083762751,1876,4288,1699,1.1102230246251563e-16,a5000,prior_main
prior_per_asset,0,train_P3_Laplace_prior,main,validation,P3_intersection,origin_bucket,12:00–:59,7866,1.0081305699506498,0.5504703788456649,0.33594163750256,0.1074101135490622,0.6009984345130627,1.009387701825814,1579,4751,1536,1.1102230246251563e-16,a5000,prior_main
prior_per_asset,0,train_P3_Laplace_prior,main,validation,P3_intersection,origin_bucket,13:00–:59,7889,1.0098686295519643,0.5331474204588668,0.3360831006537355,0.1174569159024676,0.6027041485453355,1.010538876372777,1706,4480,1703,1.1102230246251563e-16,a5000,prior_main
prior_per_asset,0,train_P3_Laplace_prior,main,validation,P3_intersection,origin_bucket,14:00–:59,5278,1.0258443498695151,0.5121258052292536,0.3280008182640088,0.1023311478739855,0.613795900947347,1.0262980401139112,1172,2886,1220,1.1102230246251563e-16,a5000,prior_main
prior_per_asset,0,train_P3_Laplace_prior,main,validation,P3_intersection,relative_spread_bin,high,15899,0.9382695299485188,0.6559532046040631,0.2903340558520731,0.1135882978037125,0.552219854265538,1.054404909320122,2844,10318,2737,1.1102230246251563e-16,a5000,prior_main
prior_per_asset,0,train_P3_Laplace_prior,main,validation,P3_intersection,relative_spread_bin,low,15451,1.1028488340574107,0.371755873406252,0.2919239552808739,0.0427006088787474,0.6680903240761621,1.105741397209633,4902,5847,4702,0.0,a5000,prior_main
prior_per_asset,0,train_P3_Laplace_prior,main,validation,P3_intersection,relative_spread_bin,middle,11700,1.073655251879602,0.4258119658119658,0.2767001848359002,-0.0056388021281148,0.6492775357241112,1.1052573996484227,3100,5625,2975,0.0,a5000,prior_main
prior_per_asset,0,train_P3_Laplace_prior,main,validation,P3_intersection,l5_depth_bin,high,15445,0.981724759169226,0.5696989316931046,0.2669463088922905,0.0287290895918095,0.5829463231321385,1.0087256493489236,3265,8912,3268,1.1102230246251563e-16,a5000,prior_main
prior_per_asset,0,train_P3_Laplace_prior,main,validation,P3_intersection,l5_depth_bin,low,9873,1.090945250612532,0.4041324825281069,0.3164738066723063,0.0971566808438751,0.6591685358056419,1.1144311260205104,3209,3771,2893,1.1102230246251563e-16,a5000,prior_main
prior_per_asset,0,train_P3_Laplace_prior,main,validation,P3_intersection,l5_depth_bin,middle,17732,1.048149654522765,0.4718023911572299,0.3083965760957478,0.0590577352974496,0.630914578922608,1.0698990149215983,4372,9107,4253,1.1102230246251563e-16,a5000,prior_main
prior_global,0,train_P3_Laplace_prior,main,development_holdout,P0_legacy,origin_bucket,09:00–:59,16038,1.1275678295389646,0.2638733009103379,0.1391876336128926,0.0,0.6868513143133764,1.1275678295389644,6074,4232,5732,0.0,a5000,prior_main
prior_global,0,train_P3_Laplace_prior,main,development_holdout,P0_legacy,origin_bucket,10:00–:59,16038,1.080002466609733,0.4296046888639481,0.2003372877413352,0.0,0.6538676673108578,1.080002466609733,4751,6890,4397,0.0,a5000,prior_main
prior_global,0,train_P3_Laplace_prior,main,development_holdout,P0_legacy,origin_bucket,11:00–:59,16038,1.0532918467522532,0.5243795984536725,0.2293302792321117,0.0,0.6352997581723088,1.0532918467522532,3886,8410,3742,0.0,a5000,prior_main
prior_global,0,train_P3_Laplace_prior,main,development_holdout,P0_legacy,origin_bucket,12:00–:59,16038,1.0330088522890752,0.5960842997880035,0.2489777847227647,0.0,0.6212070807199805,1.0330088522890752,3248,9560,3230,0.0,a5000,prior_main
prior_global,0,train_P3_Laplace_prior,main,development_holdout,P0_legacy,origin_bucket,13:00–:59,16038,1.0426197169157638,0.5632871929168225,0.2402148479047011,0.0,0.6278531408431572,1.0426197169157636,3466,9034,3538,0.0,a5000,prior_main
prior_global,0,train_P3_Laplace_prior,main,development_holdout,P0_legacy,origin_bucket,14:00–:59,16038,1.0539594143168791,0.5246913580246914,0.2294197031039136,0.0,0.6356920117643826,1.0539594143168791,3716,8415,3907,0.0,a5000,prior_main
prior_global,0,train_P3_Laplace_prior,main,development_holdout,P0_legacy,origin_bucket,15:00–:59,5346,0.9941929955563614,0.734006734006734,0.282200647249191,0.0,0.5942189665478366,0.9941929955563614,659,3924,763,0.0,a5000,prior_main
prior_global,0,train_P3_Laplace_prior,main,development_holdout,P0_legacy,relative_spread_bin,high,37038,1.0301347706426338,0.6062152384038015,0.2516122886935278,0.0,0.6192109529586702,1.1120925128968544,7297,22453,7288,0.0,a5000,prior_main
prior_global,0,train_P3_Laplace_prior,main,development_holdout,P0_legacy,relative_spread_bin,invalid,1033,1.0725368773258637,0.4540174249757986,0.2081668885929871,0.0,0.6487335912447139,1.106502454804728,300,469,264,0.0,a5000,prior_main
prior_global,0,train_P3_Laplace_prior,main,development_holdout,P0_legacy,relative_spread_bin,low,32535,1.0954815740630526,0.3771630551713539,0.1825797140263952,0.0,0.6645615040235928,1.095728469891181,10295,12271,9969,0.0,a5000,prior_main
prior_global,0,train_P3_Laplace_prior,main,development_holdout,P0_legacy,relative_spread_bin,middle,30968,1.062433468106761,0.4931542237148024,0.2201845444059977,0.0,0.6416221213278821,1.0921798822040956,7908,15272,7788,0.0,a5000,prior_main
prior_global,0,train_P3_Laplace_prior,main,development_holdout,P0_legacy,l5_depth_bin,high,38314,1.0418802967771488,0.5642062953489586,0.2404654241266345,0.0,0.6273847949339756,1.0317355310097682,8514,21617,8183,0.0,a5000,prior_main
prior_global,0,train_P3_Laplace_prior,main,development_holdout,P0_legacy,l5_depth_bin,invalid,1030,1.0729893419219934,0.4524271844660194,0.2076648841354723,0.0,0.6490477152014241,1.1121026909897835,300,466,264,0.0,a5000,prior_main
prior_global,0,train_P3_Laplace_prior,main,development_holdout,P0_legacy,l5_depth_bin,low,23501,1.1004893093913806,0.3602825411684609,0.1765724057390724,0.0,0.6680188468756887,1.1250763583492414,7581,8467,7453,0.0,a5000,prior_main
prior_global,0,train_P3_Laplace_prior,main,development_holdout,P0_legacy,l5_depth_bin,middle,38729,1.0565368305121463,0.5142141547677451,0.2263942887024532,0.0,0.6375193875892765,1.0847855622653737,9405,19915,9409,0.0,a5000,prior_main
prior_global,0,train_P3_Laplace_prior,main,development_holdout,P1_valid_cache_endpoints,origin_bucket,09:00–:59,15543,1.1311996189471318,0.251109824358232,0.1338064383420754,0.0,0.6893726638801649,1.131274692654619,5992,3903,5648,0.0,a5000,prior_main
prior_global,0,train_P3_Laplace_prior,main,development_holdout,P1_valid_cache_endpoints,origin_bucket,10:00–:59,15722,1.0813275079494251,0.4250095407708943,0.1988335416294709,0.0,0.6547859210996321,1.0817149672351396,4692,6682,4348,0.0,a5000,prior_main
prior_global,0,train_P3_Laplace_prior,main,development_holdout,P1_valid_cache_endpoints,origin_bucket,11:00–:59,15784,1.054001427295012,0.5220476431829701,0.2286602286602287,0.0,0.635788046606333,1.0545295033361517,3834,8240,3710,0.0,a5000,prior_main
prior_global,0,train_P3_Laplace_prior,main,development_holdout,P1_valid_cache_endpoints,origin_bucket,12:00–:59,15750,1.0335763482545135,0.5940952380952381,0.2484566057274863,0.0,0.6216009187667088,1.0342115104476557,3206,9357,3187,0.0,a5000,prior_main
prior_global,0,train_P3_Laplace_prior,main,development_holdout,P1_valid_cache_endpoints,origin_bucket,13:00–:59,15825,1.0430733135051662,0.5617693522906793,0.2398003911254973,0.0,0.6281660045716698,1.043511944146644,3428,8890,3507,0.0,a5000,prior_main
prior_global,0,train_P3_Laplace_prior,main,development_holdout,P1_valid_cache_endpoints,origin_bucket,14:00–:59,15881,1.054401772882316,0.5232038284742775,0.2289926967066281,0.0,0.6359973195778832,1.054617014927982,3688,8309,3884,0.0,a5000,prior_main
prior_global,0,train_P3_Laplace_prior,main,development_holdout,P1_valid_cache_endpoints,origin_bucket,15:00–:59,2651,1.071946007039909,0.4654847227461335,0.2117546117546117,0.0,0.6480718120852431,1.072122822373177,656,1234,761,0.0,a5000,prior_main
prior_global,0,train_P3_Laplace_prior,main,development_holdout,P1_valid_cache_endpoints,relative_spread_bin,high,35858,1.0338375094278824,0.5933125104579173,0.2482511566578568,0.0,0.6217786094746338,1.120035702662454,7295,21275,7288,0.0,a5000,prior_main
prior_global,0,train_P3_Laplace_prior,main,development_holdout,P1_valid_cache_endpoints,relative_spread_bin,low,31333,1.102313190347502,0.3533016308684135,0.1740442893191519,0.0,0.6693003655181082,1.102258577737724,10294,11070,9969,0.0,a5000,prior_main
prior_global,0,train_P3_Laplace_prior,main,development_holdout,P1_valid_cache_endpoints,relative_spread_bin,middle,29965,1.067286726865076,0.4762222593025196,0.2150634866809841,0.0,0.6449881415487586,1.0980237149228416,7907,14270,7788,0.0,a5000,prior_main
prior_global,0,train_P3_Laplace_prior,main,development_holdout,P1_valid_cache_endpoints,l5_depth_bin,high,37125,1.045866972412868,0.5502760942760943,0.2366357391898622,0.0,0.6301503663092537,1.035847459841535,8513,20429,8183,0.0,a5000,prior_main
prior_global,0,train_P3_Laplace_prior,main,development_holdout,P1_valid_cache_endpoints,l5_depth_bin,low,22471,1.1088911414581368,0.3309599038761069,0.165775043466631,0.0,0.6738462918132178,1.1305588153250823,7581,7437,7453,0.0,a5000,prior_main
prior_global,0,train_P3_Laplace_prior,main,development_holdout,P1_valid_cache_endpoints,l5_depth_bin,middle,37560,1.0608537589510592,0.4991746538871139,0.2219775405944579,0.0,0.6405128599644038,1.0883057355132209,9402,18749,9409,0.0,a5000,prior_main
prior_global,0,train_P3_Laplace_prior,main,development_holdout,P2_candidate_clock,origin_bucket,09:00–:59,13365,1.1205235212551805,0.2900860456416012,0.1499052700769438,0.0,0.6819218269955457,1.1205235212551807,4799,3877,4689,0.0,a5000,prior_main
prior_global,0,train_P3_Laplace_prior,main,development_holdout,P2_candidate_clock,origin_bucket,10:00–:59,16038,1.080002466609733,0.4296046888639481,0.2003372877413352,0.0,0.6538676673108578,1.080002466609733,4751,6890,4397,0.0,a5000,prior_main
prior_global,0,train_P3_Laplace_prior,main,development_holdout,P2_candidate_clock,origin_bucket,11:00–:59,16038,1.0532918467522532,0.5243795984536725,0.2293302792321117,0.0,0.6352997581723088,1.0532918467522532,3886,8410,3742,0.0,a5000,prior_main
prior_global,0,train_P3_Laplace_prior,main,development_holdout,P2_candidate_clock,origin_bucket,12:00–:59,16038,1.0330088522890752,0.5960842997880035,0.2489777847227647,0.0,0.6212070807199805,1.0330088522890752,3248,9560,3230,0.0,a5000,prior_main
prior_global,0,train_P3_Laplace_prior,main,development_holdout,P2_candidate_clock,origin_bucket,13:00–:59,16038,1.0426197169157638,0.5632871929168225,0.2402148479047011,0.0,0.6278531408431572,1.0426197169157636,3466,9034,3538,0.0,a5000,prior_main
prior_global,0,train_P3_Laplace_prior,main,development_holdout,P2_candidate_clock,origin_bucket,14:00–:59,10692,1.0528168934020308,0.5293677515899738,0.2307566862361383,0.0,0.6348811114580077,1.0528168934020306,2423,5660,2609,0.0,a5000,prior_main
prior_global,0,train_P3_Laplace_prior,main,development_holdout,P2_candidate_clock,relative_spread_bin,high,31850,1.0287505960963887,0.6114285714285714,0.2529550827423167,0.0,0.6182406528300258,1.1134327220130842,6143,19474,6233,0.0,a5000,prior_main
prior_global,0,train_P3_Laplace_prior,main,development_holdout,P2_candidate_clock,relative_spread_bin,invalid,971,1.0758077725952415,0.4418125643666323,0.2042857142857143,0.0,0.6510234044078782,1.106868072086736,291,429,251,0.0,a5000,prior_main
prior_global,0,train_P3_Laplace_prior,main,development_holdout,P2_candidate_clock,relative_spread_bin,low,28387,1.0985542626315938,0.3664705675132983,0.1787917848242674,0.0,0.666691858671323,1.0983482623246854,9132,10403,8852,0.0,a5000,prior_main
prior_global,0,train_P3_Laplace_prior,main,development_holdout,P2_candidate_clock,relative_spread_bin,middle,27001,1.064414080599005,0.4860931076626791,0.2180631012311219,0.0,0.642999842761894,1.0938153900189027,7007,13125,6869,0.0,a5000,prior_main
prior_global,0,train_P3_Laplace_prior,main,development_holdout,P2_candidate_clock,l5_depth_bin,high,33417,1.0449344545991952,0.5536104378011192,0.2375586673600811,0.0,0.6295014406917563,1.0330353375538792,7596,18500,7321,0.0,a5000,prior_main
prior_global,0,train_P3_Laplace_prior,main,development_holdout,P2_candidate_clock,l5_depth_bin,invalid,968,1.0762993544339,0.4400826446280991,0.2037302725968436,0.0,0.6513647444026107,1.112468308271792,291,426,251,0.0,a5000,prior_main
prior_global,0,train_P3_Laplace_prior,main,development_holdout,P2_candidate_clock,l5_depth_bin,low,19735,1.0979462123290995,0.3699518621738029,0.1800315628544656,0.0,0.6662337083736022,1.112520698583627,6208,7301,6226,0.0,a5000,prior_main
prior_global,0,train_P3_Laplace_prior,main,development_holdout,P2_candidate_clock,l5_depth_bin,middle,34089,1.0591926818530506,0.5046789286866731,0.2236042604903853,0.0,0.6393685973159063,1.0732313748026725,8478,17204,8407,0.0,a5000,prior_main
prior_global,0,train_P3_Laplace_prior,main,development_holdout,P3_intersection,origin_bucket,09:00–:59,12926,1.1237399325303143,0.2788178864304502,0.1453518854607783,0.0,0.6841538510002291,1.123903008886285,4717,3604,4605,0.0,a5000,prior_main
prior_global,0,train_P3_Laplace_prior,main,development_holdout,P3_intersection,origin_bucket,10:00–:59,15722,1.0813275079494251,0.4250095407708943,0.1988335416294709,0.0,0.6547859210996321,1.0817149672351396,4692,6682,4348,0.0,a5000,prior_main
prior_global,0,train_P3_Laplace_prior,main,development_holdout,P3_intersection,origin_bucket,11:00–:59,15784,1.054001427295012,0.5220476431829701,0.2286602286602287,0.0,0.635788046606333,1.0545295033361517,3834,8240,3710,0.0,a5000,prior_main
prior_global,0,train_P3_Laplace_prior,main,development_holdout,P3_intersection,origin_bucket,12:00–:59,15750,1.0335763482545135,0.5940952380952381,0.2484566057274863,0.0,0.6216009187667088,1.0342115104476557,3206,9357,3187,0.0,a5000,prior_main
prior_global,0,train_P3_Laplace_prior,main,development_holdout,P3_intersection,origin_bucket,13:00–:59,15825,1.0430733135051662,0.5617693522906793,0.2398003911254973,0.0,0.6281660045716698,1.043511944146644,3428,8890,3507,0.0,a5000,prior_main
prior_global,0,train_P3_Laplace_prior,main,development_holdout,P3_intersection,origin_bucket,14:00–:59,10581,1.05337591267096,0.5275493809658822,0.2302377858895832,0.0,0.6352652899883472,1.0535921734627844,2402,5582,2597,0.0,a5000,prior_main
prior_global,0,train_P3_Laplace_prior,main,development_holdout,P3_intersection,relative_spread_bin,high,31681,1.02933779423269,0.6093873299453931,0.2524303580651277,0.0,0.6186477119471192,1.1176512702762702,6142,19306,6233,0.0,a5000,prior_main
prior_global,0,train_P3_Laplace_prior,main,development_holdout,P3_intersection,relative_spread_bin,low,28072,1.1005804425989605,0.3593972641778284,0.1762532428395482,0.0,0.6680972515036874,1.1001938848739872,9131,10089,8852,0.0,a5000,prior_main
prior_global,0,train_P3_Laplace_prior,main,development_holdout,P3_intersection,relative_spread_bin,middle,26835,1.0653154587578748,0.4829513694801565,0.2171127026008292,0.0,0.6436249218212254,1.096003744183926,7006,12960,6869,0.0,a5000,prior_main
prior_global,0,train_P3_Laplace_prior,main,development_holdout,P3_intersection,l5_depth_bin,high,33406,1.044976518339483,0.5534634496796983,0.2375180653242123,0.0,0.6295306207139209,1.03305848108452,7596,18489,7321,0.0,a5000,prior_main
prior_global,0,train_P3_Laplace_prior,main,development_holdout,P3_intersection,l5_depth_bin,low,19219,1.102799214291323,0.3530360580675373,0.1739475978054658,0.0,0.6695991415704022,1.1175595757911996,6208,6785,6226,0.0,a5000,prior_main
prior_global,0,train_P3_Laplace_prior,main,development_holdout,P3_intersection,l5_depth_bin,middle,33963,1.05969736208161,0.5029296587462827,0.2230885771752474,0.0,0.6397183159929918,1.0736684463550823,8475,17081,8407,0.0,a5000,prior_main
prior_global,0,train_P3_Laplace_prior,main,validation,P0_legacy,origin_bucket,09:00–:59,7938,1.1157059316544842,0.3046107331821617,0.1556585554268057,0.0,0.6786417007268754,1.1157059316544844,2864,2418,2656,0.0,a5000,prior_main
prior_global,0,train_P3_Laplace_prior,main,validation,P0_legacy,origin_bucket,10:00–:59,7938,1.0764414414317711,0.4431846812799194,0.2047253258845437,0.0,0.65136690935819,1.076441441431771,2261,3518,2159,0.0,a5000,prior_main
prior_global,0,train_P3_Laplace_prior,main,validation,P0_legacy,origin_bucket,11:00–:59,7938,1.0465767875944938,0.5461073318216175,0.2354762486759553,0.0,0.6306880021227329,1.0465767875944938,1890,4335,1713,0.0,a5000,prior_main
prior_global,0,train_P3_Laplace_prior,main,validation,P0_legacy,origin_bucket,12:00–:59,7938,1.03022757929675,0.6051902242378433,0.2513472505624444,0.0,0.6192941064628117,1.03022757929675,1590,4804,1544,0.0,a5000,prior_main
prior_global,0,train_P3_Laplace_prior,main,validation,P0_legacy,origin_bucket,13:00–:59,7938,1.0408353219157205,0.5689090450995213,0.2417429473796906,0.0,0.6266317256732427,1.0408353219157205,1712,4516,1710,0.0,a5000,prior_main
prior_global,0,train_P3_Laplace_prior,main,validation,P0_legacy,origin_bucket,14:00–:59,7938,1.0481943191461167,0.5435878054925674,0.234772436682173,0.0,0.631726174225407,1.0481943191461165,1802,4315,1821,0.0,a5000,prior_main
prior_global,0,train_P3_Laplace_prior,main,validation,P0_legacy,origin_bucket,15:00–:59,2646,0.9874941351465156,0.7558578987150416,0.2869852202611565,0.0,0.589613624694944,0.9874941351465156,313,2000,333,0.0,a5000,prior_main
prior_global,0,train_P3_Laplace_prior,main,validation,P0_legacy,relative_spread_bin,high,18571,1.0181358556238456,0.6470841634806958,0.2619109890588902,0.0,0.6109155931979594,1.1198156945012645,3350,12017,3204,0.0,a5000,prior_main
prior_global,0,train_P3_Laplace_prior,main,validation,P0_legacy,relative_spread_bin,invalid,440,1.0262922518987572,0.615909090909091,0.2541022034692921,0.0,0.61664537805917,0.970615209307947,91,271,78,0.0,a5000,prior_main
prior_global,0,train_P3_Laplace_prior,main,validation,P0_legacy,relative_spread_bin,low,17829,1.0902365171817816,0.3952549217566885,0.1888567293777134,0.0,0.660929294036984,1.0965973023471205,5494,7047,5288,0.0,a5000,prior_main
prior_global,0,train_P3_Laplace_prior,main,validation,P0_legacy,relative_spread_bin,middle,13434,1.0633742186860249,0.4891320529998511,0.2189785886861618,0.0,0.642294413736406,1.0913608888871964,3497,6571,3366,0.0,a5000,prior_main
prior_global,0,train_P3_Laplace_prior,main,validation,P0_legacy,l5_depth_bin,high,17791,1.0349550448617055,0.5894553425889495,0.2472357781078341,0.0,0.622552569674256,1.0342892940136323,3651,10487,3653,0.0,a5000,prior_main
prior_global,0,train_P3_Laplace_prior,main,validation,P0_legacy,l5_depth_bin,invalid,436,1.0272931835737789,0.6123853211009175,0.2532005689900427,0.0,0.61734043321469,0.9723109835469692,91,267,78,0.0,a5000,prior_main
prior_global,0,train_P3_Laplace_prior,main,validation,P0_legacy,l5_depth_bin,low,11790,1.0932541724534053,0.3823579304495335,0.1843989037509714,0.0,0.6630856802244778,1.1190386622120805,3820,4508,3462,0.0,a5000,prior_main
prior_global,0,train_P3_Laplace_prior,main,validation,P0_legacy,l5_depth_bin,middle,20257,1.0530835740677056,0.5254479932862715,0.2296365813404097,0.0,0.6351461529023408,1.0707928198355223,4870,10644,4743,0.0,a5000,prior_main
prior_global,0,train_P3_Laplace_prior,main,validation,P1_valid_cache_endpoints,origin_bucket,09:00–:59,7595,1.122381673600065,0.2812376563528637,0.14633645051896,0.0,0.6832739400460142,1.1223023229900424,2832,2136,2627,0.0,a5000,prior_main
prior_global,0,train_P3_Laplace_prior,main,validation,P1_valid_cache_endpoints,origin_bucket,10:00–:59,7828,1.0771772953016892,0.4407256004087889,0.2039368682390494,0.0,0.6518743699320064,1.0776083413763498,2236,3450,2142,0.0,a5000,prior_main
prior_global,0,train_P3_Laplace_prior,main,validation,P1_valid_cache_endpoints,origin_bucket,11:00–:59,7863,1.0467894877140145,0.5453389291618975,0.2352618440183249,0.0,0.6308362277369303,1.0471512395230074,1876,4288,1699,0.0,a5000,prior_main
prior_global,0,train_P3_Laplace_prior,main,validation,P1_valid_cache_endpoints,origin_bucket,12:00–:59,7866,1.0305832154670655,0.6039918637172642,0.2510369607143801,0.0,0.6195396258125526,1.0309484320920903,1579,4751,1536,0.0,a5000,prior_main
prior_global,0,train_P3_Laplace_prior,main,validation,P1_valid_cache_endpoints,origin_bucket,13:00–:59,7889,1.0411260352020153,0.5678793256433008,0.2414638747406149,0.0,0.626833767229566,1.0413901174915388,1706,4480,1703,0.0,a5000,prior_main
prior_global,0,train_P3_Laplace_prior,main,validation,P1_valid_cache_endpoints,origin_bucket,14:00–:59,7920,1.0482747522761109,0.5433080808080808,0.2346941558264474,0.0,0.6317819355128852,1.0484217816841988,1799,4303,1818,0.0,a5000,prior_main
prior_global,0,train_P3_Laplace_prior,main,validation,P1_valid_cache_endpoints,origin_bucket,15:00–:59,1319,1.0582239754345568,0.510235026535254,0.2252342704149933,0.0,0.6386384360258887,1.058452817824606,313,673,333,0.0,a5000,prior_main
prior_global,0,train_P3_Laplace_prior,main,validation,P1_valid_cache_endpoints,relative_spread_bin,high,17990,1.021395952111434,0.635686492495831,0.2590906001495276,0.0,0.613177302088429,1.125552142567845,3350,11436,3204,0.0,a5000,prior_main
prior_global,0,train_P3_Laplace_prior,main,validation,P1_valid_cache_endpoints,relative_spread_bin,low,17222,1.0963356236410344,0.3739403089072117,0.1814442284394105,0.0,0.6651603514782327,1.102240196809947,5494,6440,5288,0.0,a5000,prior_main
prior_global,0,train_P3_Laplace_prior,main,validation,P1_valid_cache_endpoints,relative_spread_bin,middle,13068,1.0674684311200204,0.4748239975512703,0.2146353274875041,0.0,0.645134640047408,1.0957626725530043,3497,6205,3366,0.0,a5000,prior_main
prior_global,0,train_P3_Laplace_prior,main,validation,P1_valid_cache_endpoints,l5_depth_bin,high,17191,1.039065254117955,0.5751265196905357,0.2434202427554964,0.0,0.6254029519754627,1.0404583496767674,3651,9887,3653,0.0,a5000,prior_main
prior_global,0,train_P3_Laplace_prior,main,validation,P1_valid_cache_endpoints,l5_depth_bin,low,11443,1.0985931591856266,0.3636284191208599,0.177774929505255,0.0,0.6667913392298598,1.1268413575901757,3820,4161,3462,0.0,a5000,prior_main
prior_global,0,train_P3_Laplace_prior,main,validation,P1_valid_cache_endpoints,l5_depth_bin,middle,19646,1.05730990749283,0.510689198819098,0.2253669822657996,0.0,0.6380777395729932,1.0744609688221738,4870,10033,4743,0.0,a5000,prior_main
prior_global,0,train_P3_Laplace_prior,main,validation,P2_candidate_clock,origin_bucket,09:00–:59,6615,1.1093285430558515,0.326984126984127,0.164274322169059,0.0,0.6742152830909645,1.1093285430558515,2309,2163,2143,0.0,a5000,prior_main
prior_global,0,train_P3_Laplace_prior,main,validation,P2_candidate_clock,origin_bucket,10:00–:59,7938,1.0764414414317711,0.4431846812799194,0.2047253258845437,0.0,0.65136690935819,1.076441441431771,2261,3518,2159,0.0,a5000,prior_main
prior_global,0,train_P3_Laplace_prior,main,validation,P2_candidate_clock,origin_bucket,11:00–:59,7938,1.0465767875944938,0.5461073318216175,0.2354762486759553,0.0,0.6306880021227329,1.0465767875944938,1890,4335,1713,0.0,a5000,prior_main
prior_global,0,train_P3_Laplace_prior,main,validation,P2_candidate_clock,origin_bucket,12:00–:59,7938,1.03022757929675,0.6051902242378433,0.2513472505624444,0.0,0.6192941064628117,1.03022757929675,1590,4804,1544,0.0,a5000,prior_main
prior_global,0,train_P3_Laplace_prior,main,validation,P2_candidate_clock,origin_bucket,13:00–:59,7938,1.0408353219157205,0.5689090450995213,0.2417429473796906,0.0,0.6266317256732427,1.0408353219157205,1712,4516,1710,0.0,a5000,prior_main
prior_global,0,train_P3_Laplace_prior,main,validation,P2_candidate_clock,origin_bucket,14:00–:59,5292,1.047435730273696,0.5470521541950113,0.2357395871503603,0.0,0.6311781401327663,1.047435730273696,1175,2895,1222,0.0,a5000,prior_main
prior_global,0,train_P3_Laplace_prior,main,validation,P2_candidate_clock,relative_spread_bin,high,15970,1.0171889093838693,0.6505322479649343,0.2627565537387609,0.0,0.6102549620953208,1.1219695691462366,2844,10389,2737,0.0,a5000,prior_main
prior_global,0,train_P3_Laplace_prior,main,validation,P2_candidate_clock,relative_spread_bin,invalid,406,1.0346330719250405,0.5862068965517241,0.2463768115942028,0.0,0.6224463778721223,0.97578204867662,91,238,77,0.0,a5000,prior_main
prior_global,0,train_P3_Laplace_prior,main,validation,P2_candidate_clock,relative_spread_bin,low,15578,1.0935647420972587,0.3834895365258698,0.1847933679782232,0.0,0.6632417373674666,1.099082496686446,4902,5974,4702,0.0,a5000,prior_main
prior_global,0,train_P3_Laplace_prior,main,validation,P2_candidate_clock,relative_spread_bin,middle,11705,1.0656757579072944,0.4809910294745835,0.2165176425343716,0.0,0.6438936522231649,1.0905474324604958,3100,5630,2975,0.0,a5000,prior_main
prior_global,0,train_P3_Laplace_prior,main,validation,P2_candidate_clock,l5_depth_bin,high,15466,1.0383615737970049,0.5775895512737618,0.244081041572742,0.0,0.6249146928195912,1.037963416094284,3265,8933,3268,0.0,a5000,prior_main
prior_global,0,train_P3_Laplace_prior,main,validation,P2_candidate_clock,l5_depth_bin,invalid,404,1.0352144698092167,0.5841584158415841,0.2458333333333333,0.0,0.6228501502075907,0.976950150452222,91,236,77,0.0,a5000,prior_main
prior_global,0,train_P3_Laplace_prior,main,validation,P2_candidate_clock,l5_depth_bin,low,10023,1.0906757125855873,0.3912002394492667,0.1874641422834193,0.0,0.6613014755846376,1.1044341384642329,3209,3921,2893,0.0,a5000,prior_main
prior_global,0,train_P3_Laplace_prior,main,validation,P2_candidate_clock,l5_depth_bin,middle,17766,1.0562020035666553,0.5145221209050996,0.2264838146207306,0.0,0.6373102087382869,1.0631881285089244,4372,9141,4253,0.0,a5000,prior_main
prior_global,0,train_P3_Laplace_prior,main,validation,P3_intersection,origin_bucket,09:00–:59,6326,1.1153575301291512,0.3058804932026557,0.1561554291248033,0.0,0.6783986101321652,1.115276044580838,2277,1935,2114,0.0,a5000,prior_main
prior_global,0,train_P3_Laplace_prior,main,validation,P3_intersection,origin_bucket,10:00–:59,7828,1.0771772953016892,0.4407256004087889,0.2039368682390494,0.0,0.6518743699320064,1.0776083413763498,2236,3450,2142,0.0,a5000,prior_main
prior_global,0,train_P3_Laplace_prior,main,validation,P3_intersection,origin_bucket,11:00–:59,7863,1.0467894877140145,0.5453389291618975,0.2352618440183249,0.0,0.6308362277369303,1.0471512395230074,1876,4288,1699,0.0,a5000,prior_main
prior_global,0,train_P3_Laplace_prior,main,validation,P3_intersection,origin_bucket,12:00–:59,7866,1.0305832154670655,0.6039918637172642,0.2510369607143801,0.0,0.6195396258125526,1.0309484320920903,1579,4751,1536,0.0,a5000,prior_main
prior_global,0,train_P3_Laplace_prior,main,validation,P3_intersection,origin_bucket,13:00–:59,7889,1.0411260352020153,0.5678793256433008,0.2414638747406149,0.0,0.626833767229566,1.0413901174915388,1706,4480,1703,0.0,a5000,prior_main
prior_global,0,train_P3_Laplace_prior,main,validation,P3_intersection,origin_bucket,14:00–:59,5278,1.047516343294348,0.5467980295566502,0.2356687898089171,0.0,0.6312333235676576,1.0476693176982843,1172,2886,1220,0.0,a5000,prior_main
prior_global,0,train_P3_Laplace_prior,main,validation,P3_intersection,relative_spread_bin,high,15899,1.0176354703571655,0.6489716334360651,0.2623742864044958,0.0,0.610564749648949,1.1244042781790815,2844,10318,2737,0.0,a5000,prior_main
prior_global,0,train_P3_Laplace_prior,main,validation,P3_intersection,relative_spread_bin,low,15451,1.095014454312166,0.378422108601385,0.1830218799887313,0.0,0.6642474577836218,1.1004134478422622,4902,5847,4702,0.0,a5000,prior_main
prior_global,0,train_P3_Laplace_prior,main,validation,P3_intersection,relative_spread_bin,middle,11700,1.0657392130605363,0.4807692307692308,0.2164502164502164,0.0,0.6439376732856074,1.091701508531825,3100,5625,2975,0.0,a5000,prior_main
prior_global,0,train_P3_Laplace_prior,main,validation,P3_intersection,l5_depth_bin,high,15445,1.0385263253906587,0.5770152152800259,0.2439271393576111,0.0,0.6250289457727122,1.038055818965902,3265,8912,3268,0.0,a5000,prior_main
prior_global,0,train_P3_Laplace_prior,main,validation,P3_intersection,l5_depth_bin,low,9873,1.0933114617995674,0.381950774840474,0.1842568161829375,0.0,0.6631309667647821,1.114571094247555,3209,3771,2893,0.0,a5000,prior_main
prior_global,0,train_P3_Laplace_prior,main,validation,P3_intersection,l5_depth_bin,middle,17732,1.05646854904062,0.5135912474622152,0.2262130978551113,0.0,0.6374950992553999,1.0634693525586985,4372,9107,4253,0.0,a5000,prior_main
