namespace,selected,panel,model,seed,fold,protocol_hash,canonical_protocol_hash,input_hash,mask_hash,split_hash,core_source_digest,source_sha,source_digest,config_hash,source_job,prediction_sha256,split,population,date,rows,loss_sum,row_key_label_digest
new_p3_training,True,tuned,UM_V2_DEPTH,7,R2,3cfd389bbd05ec9201a41c0892e29bf8199198d1b216b9a8061370d4240aa583,bd1488a2d411295d7a2118c50ddcc0b158786123613af1676062e2270d1637d1,9cb89005693b1b70c102178849b740fde00b50c9ba5f3b5530d0e5749ea59837,eca954c21da074c545cb7858315ea39fee0a6f54b19e06474b4f2f91f1666847,8b90aa08a2480ce64e3784f1560ad81adcdab8870ccac0c6e424e34745f74c1e,6031dc4ee08b61c58b35b1efd7d764739d5c7c54dc7cbe9e9a72a1e4a7098596,675a3086cd6c4f2abd63c7d3acd419ca12dbc861,b9974a8f8c017bb8dcd4b62d614209421269020760d78e9d860a074b8cc9561f,aa748e7e398bb4d14b9afc8d4cf7a5ca8d485890223bfcd717e4bb6e950dd4ea,R2_UM_V2_DEPTH_7_selected,e754fc7f5325bb6c9ba805544db3621477b6e7fcee6cbc5a27b57e36d7002a61,development_holdout,P0,2017-03-24,1026,1016.081266175539,75178dd56520e5efa2527f9c1f9c375c6a54b46d28a1889f441e2be1ef703b6e
new_p3_training,True,tuned,UM_V2_DEPTH,7,R2,3cfd389bbd05ec9201a41c0892e29bf8199198d1b216b9a8061370d4240aa583,bd1488a2d411295d7a2118c50ddcc0b158786123613af1676062e2270d1637d1,9cb89005693b1b70c102178849b740fde00b50c9ba5f3b5530d0e5749ea59837,eca954c21da074c545cb7858315ea39fee0a6f54b19e06474b4f2f91f1666847,8b90aa08a2480ce64e3784f1560ad81adcdab8870ccac0c6e424e34745f74c1e,6031dc4ee08b61c58b35b1efd7d764739d5c7c54dc7cbe9e9a72a1e4a7098596,675a3086cd6c4f2abd63c7d3acd419ca12dbc861,b9974a8f8c017bb8dcd4b62d614209421269020760d78e9d860a074b8cc9561f,aa748e7e398bb4d14b9afc8d4cf7a5ca8d485890223bfcd717e4bb6e950dd4ea,R2_UM_V2_DEPTH_7_selected,e754fc7f5325bb6c9ba805544db3621477b6e7fcee6cbc5a27b57e36d7002a61,development_holdout,P0,2017-03-27,1026,974.7905592967192,2657f8dde13a24b31f71e37417a3898ebc892c9bd3a0698d8399fb4d1a7d9c1a
new_p3_training,True,tuned,UM_V2_DEPTH,7,R2,3cfd389bbd05ec9201a41c0892e29bf8199198d1b216b9a8061370d4240aa583,bd1488a2d411295d7a2118c50ddcc0b158786123613af1676062e2270d1637d1,9cb89005693b1b70c102178849b740fde00b50c9ba5f3b5530d0e5749ea59837,eca954c21da074c545cb7858315ea39fee0a6f54b19e06474b4f2f91f1666847,8b90aa08a2480ce64e3784f1560ad81adcdab8870ccac0c6e424e34745f74c1e,6031dc4ee08b61c58b35b1efd7d764739d5c7c54dc7cbe9e9a72a1e4a7098596,675a3086cd6c4f2abd63c7d3acd419ca12dbc861,b9974a8f8c017bb8dcd4b62d614209421269020760d78e9d860a074b8cc9561f,aa748e7e398bb4d14b9afc8d4cf7a5ca8d485890223bfcd717e4bb6e950dd4ea,R2_UM_V2_DEPTH_7_selected,e754fc7f5325bb6c9ba805544db3621477b6e7fcee6cbc5a27b57e36d7002a61,development_holdout,P0,2017-03-28,1026,899.3925190279068,c5e4f30611ac15186fd830b594b69b7d9af3b852c86ab185a8f00a400bcd0c83
new_p3_training,True,tuned,UM_V2_DEPTH,7,R2,3cfd389bbd05ec9201a41c0892e29bf8199198d1b216b9a8061370d4240aa583,bd1488a2d411295d7a2118c50ddcc0b158786123613af1676062e2270d1637d1,9cb89005693b1b70c102178849b740fde00b50c9ba5f3b5530d0e5749ea59837,eca954c21da074c545cb7858315ea39fee0a6f54b19e06474b4f2f91f1666847,8b90aa08a2480ce64e3784f1560ad81adcdab8870ccac0c6e424e34745f74c1e,6031dc4ee08b61c58b35b1efd7d764739d5c7c54dc7cbe9e9a72a1e4a7098596,675a3086cd6c4f2abd63c7d3acd419ca12dbc861,b9974a8f8c017bb8dcd4b62d614209421269020760d78e9d860a074b8cc9561f,aa748e7e398bb4d14b9afc8d4cf7a5ca8d485890223bfcd717e4bb6e950dd4ea,R2_UM_V2_DEPTH_7_selected,e754fc7f5325bb6c9ba805544db3621477b6e7fcee6cbc5a27b57e36d7002a61,development_holdout,P0,2017-03-29,1026,939.352061432794,1ae553d7b43bef83496cce64efb7b6cecaac496ebd82ed532ff01a51a70b4abb
new_p3_training,True,tuned,UM_V2_DEPTH,7,R2,3cfd389bbd05ec9201a41c0892e29bf8199198d1b216b9a8061370d4240aa583,bd1488a2d411295d7a2118c50ddcc0b158786123613af1676062e2270d1637d1,9cb89005693b1b70c102178849b740fde00b50c9ba5f3b5530d0e5749ea59837,eca954c21da074c545cb7858315ea39fee0a6f54b19e06474b4f2f91f1666847,8b90aa08a2480ce64e3784f1560ad81adcdab8870ccac0c6e424e34745f74c1e,6031dc4ee08b61c58b35b1efd7d764739d5c7c54dc7cbe9e9a72a1e4a7098596,675a3086cd6c4f2abd63c7d3acd419ca12dbc861,b9974a8f8c017bb8dcd4b62d614209421269020760d78e9d860a074b8cc9561f,aa748e7e398bb4d14b9afc8d4cf7a5ca8d485890223bfcd717e4bb6e950dd4ea,R2_UM_V2_DEPTH_7_selected,e754fc7f5325bb6c9ba805544db3621477b6e7fcee6cbc5a27b57e36d7002a61,development_holdout,P0,2017-03-30,1026,898.5539247832066,8a9fd90ca80a53621cffefd7c15b8af74516593f30c3e4dd0cb2671b1a6e8027
new_p3_training,True,tuned,UM_V2_DEPTH,7,R2,3cfd389bbd05ec9201a41c0892e29bf8199198d1b216b9a8061370d4240aa583,bd1488a2d411295d7a2118c50ddcc0b158786123613af1676062e2270d1637d1,9cb89005693b1b70c102178849b740fde00b50c9ba5f3b5530d0e5749ea59837,eca954c21da074c545cb7858315ea39fee0a6f54b19e06474b4f2f91f1666847,8b90aa08a2480ce64e3784f1560ad81adcdab8870ccac0c6e424e34745f74c1e,6031dc4ee08b61c58b35b1efd7d764739d5c7c54dc7cbe9e9a72a1e4a7098596,675a3086cd6c4f2abd63c7d3acd419ca12dbc861,b9974a8f8c017bb8dcd4b62d614209421269020760d78e9d860a074b8cc9561f,aa748e7e398bb4d14b9afc8d4cf7a5ca8d485890223bfcd717e4bb6e950dd4ea,R2_UM_V2_DEPTH_7_selected,e754fc7f5325bb6c9ba805544db3621477b6e7fcee6cbc5a27b57e36d7002a61,development_holdout,P0,2017-03-31,1026,910.3005892693117,c0e46b18d942d86f6c903d3f25ba889e56a12fbf8f667507c86eff33cb34bbdc
new_p3_training,True,tuned,UM_V2_DEPTH,7,R2,3cfd389bbd05ec9201a41c0892e29bf8199198d1b216b9a8061370d4240aa583,bd1488a2d411295d7a2118c50ddcc0b158786123613af1676062e2270d1637d1,9cb89005693b1b70c102178849b740fde00b50c9ba5f3b5530d0e5749ea59837,eca954c21da074c545cb7858315ea39fee0a6f54b19e06474b4f2f91f1666847,8b90aa08a2480ce64e3784f1560ad81adcdab8870ccac0c6e424e34745f74c1e,6031dc4ee08b61c58b35b1efd7d764739d5c7c54dc7cbe9e9a72a1e4a7098596,675a3086cd6c4f2abd63c7d3acd419ca12dbc861,b9974a8f8c017bb8dcd4b62d614209421269020760d78e9d860a074b8cc9561f,aa748e7e398bb4d14b9afc8d4cf7a5ca8d485890223bfcd717e4bb6e950dd4ea,R2_UM_V2_DEPTH_7_selected,e754fc7f5325bb6c9ba805544db3621477b6e7fcee6cbc5a27b57e36d7002a61,development_holdout,P0,2017-04-03,1026,955.9432803729414,00d1d2116a0578d71238cd581543c1f6faa8f6d10bbfdce51a3a25bd372c8935
new_p3_training,True,tuned,UM_V2_DEPTH,7,R2,3cfd389bbd05ec9201a41c0892e29bf8199198d1b216b9a8061370d4240aa583,bd1488a2d411295d7a2118c50ddcc0b158786123613af1676062e2270d1637d1,9cb89005693b1b70c102178849b740fde00b50c9ba5f3b5530d0e5749ea59837,eca954c21da074c545cb7858315ea39fee0a6f54b19e06474b4f2f91f1666847,8b90aa08a2480ce64e3784f1560ad81adcdab8870ccac0c6e424e34745f74c1e,6031dc4ee08b61c58b35b1efd7d764739d5c7c54dc7cbe9e9a72a1e4a7098596,675a3086cd6c4f2abd63c7d3acd419ca12dbc861,b9974a8f8c017bb8dcd4b62d614209421269020760d78e9d860a074b8cc9561f,aa748e7e398bb4d14b9afc8d4cf7a5ca8d485890223bfcd717e4bb6e950dd4ea,R2_UM_V2_DEPTH_7_selected,e754fc7f5325bb6c9ba805544db3621477b6e7fcee6cbc5a27b57e36d7002a61,development_holdout,P0,2017-04-04,1026,941.6137894781629,178b858fd38515b36ff97f600d4839c0ecb18a93e569f2fdc36e6185eecd528b
new_p3_training,True,tuned,UM_V2_DEPTH,7,R2,3cfd389bbd05ec9201a41c0892e29bf8199198d1b216b9a8061370d4240aa583,bd1488a2d411295d7a2118c50ddcc0b158786123613af1676062e2270d1637d1,9cb89005693b1b70c102178849b740fde00b50c9ba5f3b5530d0e5749ea59837,eca954c21da074c545cb7858315ea39fee0a6f54b19e06474b4f2f91f1666847,8b90aa08a2480ce64e3784f1560ad81adcdab8870ccac0c6e424e34745f74c1e,6031dc4ee08b61c58b35b1efd7d764739d5c7c54dc7cbe9e9a72a1e4a7098596,675a3086cd6c4f2abd63c7d3acd419ca12dbc861,b9974a8f8c017bb8dcd4b62d614209421269020760d78e9d860a074b8cc9561f,aa748e7e398bb4d14b9afc8d4cf7a5ca8d485890223bfcd717e4bb6e950dd4ea,R2_UM_V2_DEPTH_7_selected,e754fc7f5325bb6c9ba805544db3621477b6e7fcee6cbc5a27b57e36d7002a61,development_holdout,P0,2017-04-05,1026,1007.7266439419218,1e968540d44b4505c2a554f2e65825a8f4c94353af1a9dafedb64e31fd79ec04
new_p3_training,True,tuned,UM_V2_DEPTH,7,R2,3cfd389bbd05ec9201a41c0892e29bf8199198d1b216b9a8061370d4240aa583,bd1488a2d411295d7a2118c50ddcc0b158786123613af1676062e2270d1637d1,9cb89005693b1b70c102178849b740fde00b50c9ba5f3b5530d0e5749ea59837,eca954c21da074c545cb7858315ea39fee0a6f54b19e06474b4f2f91f1666847,8b90aa08a2480ce64e3784f1560ad81adcdab8870ccac0c6e424e34745f74c1e,6031dc4ee08b61c58b35b1efd7d764739d5c7c54dc7cbe9e9a72a1e4a7098596,675a3086cd6c4f2abd63c7d3acd419ca12dbc861,b9974a8f8c017bb8dcd4b62d614209421269020760d78e9d860a074b8cc9561f,aa748e7e398bb4d14b9afc8d4cf7a5ca8d485890223bfcd717e4bb6e950dd4ea,R2_UM_V2_DEPTH_7_selected,e754fc7f5325bb6c9ba805544db3621477b6e7fcee6cbc5a27b57e36d7002a61,development_holdout,P0,2017-04-06,1026,901.5141735068867,437cfcdbf7c07136ef9b97989210c13e54bd94b6e9375925f39b0bd18afee331
new_p3_training,True,tuned,UM_V2_DEPTH,7,R2,3cfd389bbd05ec9201a41c0892e29bf8199198d1b216b9a8061370d4240aa583,bd1488a2d411295d7a2118c50ddcc0b158786123613af1676062e2270d1637d1,9cb89005693b1b70c102178849b740fde00b50c9ba5f3b5530d0e5749ea59837,eca954c21da074c545cb7858315ea39fee0a6f54b19e06474b4f2f91f1666847,8b90aa08a2480ce64e3784f1560ad81adcdab8870ccac0c6e424e34745f74c1e,6031dc4ee08b61c58b35b1efd7d764739d5c7c54dc7cbe9e9a72a1e4a7098596,675a3086cd6c4f2abd63c7d3acd419ca12dbc861,b9974a8f8c017bb8dcd4b62d614209421269020760d78e9d860a074b8cc9561f,aa748e7e398bb4d14b9afc8d4cf7a5ca8d485890223bfcd717e4bb6e950dd4ea,R2_UM_V2_DEPTH_7_selected,e754fc7f5325bb6c9ba805544db3621477b6e7fcee6cbc5a27b57e36d7002a61,development_holdout,P0,2017-04-07,1026,933.560804098804,fa6c6df2818f6c31a4fd769463584d7f71174ddebaba07a65c13d57aa25294f7
new_p3_training,True,tuned,UM_V2_DEPTH,7,R2,3cfd389bbd05ec9201a41c0892e29bf8199198d1b216b9a8061370d4240aa583,bd1488a2d411295d7a2118c50ddcc0b158786123613af1676062e2270d1637d1,9cb89005693b1b70c102178849b740fde00b50c9ba5f3b5530d0e5749ea59837,eca954c21da074c545cb7858315ea39fee0a6f54b19e06474b4f2f91f1666847,8b90aa08a2480ce64e3784f1560ad81adcdab8870ccac0c6e424e34745f74c1e,6031dc4ee08b61c58b35b1efd7d764739d5c7c54dc7cbe9e9a72a1e4a7098596,675a3086cd6c4f2abd63c7d3acd419ca12dbc861,b9974a8f8c017bb8dcd4b62d614209421269020760d78e9d860a074b8cc9561f,aa748e7e398bb4d14b9afc8d4cf7a5ca8d485890223bfcd717e4bb6e950dd4ea,R2_UM_V2_DEPTH_7_selected,e754fc7f5325bb6c9ba805544db3621477b6e7fcee6cbc5a27b57e36d7002a61,development_holdout,P0,2017-04-10,1026,942.5422722926146,b5987c1005d79d8616c427b444733adb32f16c891f35078ace415d33bb7d119d
new_p3_training,True,tuned,UM_V2_DEPTH,7,R2,3cfd389bbd05ec9201a41c0892e29bf8199198d1b216b9a8061370d4240aa583,bd1488a2d411295d7a2118c50ddcc0b158786123613af1676062e2270d1637d1,9cb89005693b1b70c102178849b740fde00b50c9ba5f3b5530d0e5749ea59837,eca954c21da074c545cb7858315ea39fee0a6f54b19e06474b4f2f91f1666847,8b90aa08a2480ce64e3784f1560ad81adcdab8870ccac0c6e424e34745f74c1e,6031dc4ee08b61c58b35b1efd7d764739d5c7c54dc7cbe9e9a72a1e4a7098596,675a3086cd6c4f2abd63c7d3acd419ca12dbc861,b9974a8f8c017bb8dcd4b62d614209421269020760d78e9d860a074b8cc9561f,aa748e7e398bb4d14b9afc8d4cf7a5ca8d485890223bfcd717e4bb6e950dd4ea,R2_UM_V2_DEPTH_7_selected,e754fc7f5325bb6c9ba805544db3621477b6e7fcee6cbc5a27b57e36d7002a61,development_holdout,P0,2017-04-11,1026,912.7476409079678,1cd7f009302afc38a9e99f6164b61f768b8b2cc0bd68f29f8061e0651abf7866
new_p3_training,True,tuned,UM_V2_DEPTH,7,R2,3cfd389bbd05ec9201a41c0892e29bf8199198d1b216b9a8061370d4240aa583,bd1488a2d411295d7a2118c50ddcc0b158786123613af1676062e2270d1637d1,9cb89005693b1b70c102178849b740fde00b50c9ba5f3b5530d0e5749ea59837,eca954c21da074c545cb7858315ea39fee0a6f54b19e06474b4f2f91f1666847,8b90aa08a2480ce64e3784f1560ad81adcdab8870ccac0c6e424e34745f74c1e,6031dc4ee08b61c58b35b1efd7d764739d5c7c54dc7cbe9e9a72a1e4a7098596,675a3086cd6c4f2abd63c7d3acd419ca12dbc861,b9974a8f8c017bb8dcd4b62d614209421269020760d78e9d860a074b8cc9561f,aa748e7e398bb4d14b9afc8d4cf7a5ca8d485890223bfcd717e4bb6e950dd4ea,R2_UM_V2_DEPTH_7_selected,e754fc7f5325bb6c9ba805544db3621477b6e7fcee6cbc5a27b57e36d7002a61,development_holdout,P0,2017-04-12,1026,881.7613296935465,7779cb8c4caf48a97ce53229237c0088efdfe11e0ca177de61d9b17799af77c9
new_p3_training,True,tuned,UM_V2_DEPTH,7,R2,3cfd389bbd05ec9201a41c0892e29bf8199198d1b216b9a8061370d4240aa583,bd1488a2d411295d7a2118c50ddcc0b158786123613af1676062e2270d1637d1,9cb89005693b1b70c102178849b740fde00b50c9ba5f3b5530d0e5749ea59837,eca954c21da074c545cb7858315ea39fee0a6f54b19e06474b4f2f91f1666847,8b90aa08a2480ce64e3784f1560ad81adcdab8870ccac0c6e424e34745f74c1e,6031dc4ee08b61c58b35b1efd7d764739d5c7c54dc7cbe9e9a72a1e4a7098596,675a3086cd6c4f2abd63c7d3acd419ca12dbc861,b9974a8f8c017bb8dcd4b62d614209421269020760d78e9d860a074b8cc9561f,aa748e7e398bb4d14b9afc8d4cf7a5ca8d485890223bfcd717e4bb6e950dd4ea,R2_UM_V2_DEPTH_7_selected,e754fc7f5325bb6c9ba805544db3621477b6e7fcee6cbc5a27b57e36d7002a61,development_holdout,P0,2017-04-13,1026,967.7037281367773,c816f47ade766fa01d0e609c9c780666e485a7cc4ae63416f3172c22e429116d
new_p3_training,True,tuned,UM_V2_DEPTH,7,R2,3cfd389bbd05ec9201a41c0892e29bf8199198d1b216b9a8061370d4240aa583,bd1488a2d411295d7a2118c50ddcc0b158786123613af1676062e2270d1637d1,9cb89005693b1b70c102178849b740fde00b50c9ba5f3b5530d0e5749ea59837,eca954c21da074c545cb7858315ea39fee0a6f54b19e06474b4f2f91f1666847,8b90aa08a2480ce64e3784f1560ad81adcdab8870ccac0c6e424e34745f74c1e,6031dc4ee08b61c58b35b1efd7d764739d5c7c54dc7cbe9e9a72a1e4a7098596,675a3086cd6c4f2abd63c7d3acd419ca12dbc861,b9974a8f8c017bb8dcd4b62d614209421269020760d78e9d860a074b8cc9561f,aa748e7e398bb4d14b9afc8d4cf7a5ca8d485890223bfcd717e4bb6e950dd4ea,R2_UM_V2_DEPTH_7_selected,e754fc7f5325bb6c9ba805544db3621477b6e7fcee6cbc5a27b57e36d7002a61,development_holdout,P0,2017-04-14,1026,966.5870535368377,e12a29b5d0ecab1a6f9d8415a01ae8dbe59d5a086776c030f790c776b4113e7a
new_p3_training,True,tuned,UM_V2_DEPTH,7,R2,3cfd389bbd05ec9201a41c0892e29bf8199198d1b216b9a8061370d4240aa583,bd1488a2d411295d7a2118c50ddcc0b158786123613af1676062e2270d1637d1,9cb89005693b1b70c102178849b740fde00b50c9ba5f3b5530d0e5749ea59837,eca954c21da074c545cb7858315ea39fee0a6f54b19e06474b4f2f91f1666847,8b90aa08a2480ce64e3784f1560ad81adcdab8870ccac0c6e424e34745f74c1e,6031dc4ee08b61c58b35b1efd7d764739d5c7c54dc7cbe9e9a72a1e4a7098596,675a3086cd6c4f2abd63c7d3acd419ca12dbc861,b9974a8f8c017bb8dcd4b62d614209421269020760d78e9d860a074b8cc9561f,aa748e7e398bb4d14b9afc8d4cf7a5ca8d485890223bfcd717e4bb6e950dd4ea,R2_UM_V2_DEPTH_7_selected,e754fc7f5325bb6c9ba805544db3621477b6e7fcee6cbc5a27b57e36d7002a61,development_holdout,P0,2017-04-17,1026,894.6785408234184,323c480668b967c1fc65e31c1a15a00cfbb58fd83f914967204f40ad60eb4755
new_p3_training,True,tuned,UM_V2_DEPTH,7,R2,3cfd389bbd05ec9201a41c0892e29bf8199198d1b216b9a8061370d4240aa583,bd1488a2d411295d7a2118c50ddcc0b158786123613af1676062e2270d1637d1,9cb89005693b1b70c102178849b740fde00b50c9ba5f3b5530d0e5749ea59837,eca954c21da074c545cb7858315ea39fee0a6f54b19e06474b4f2f91f1666847,8b90aa08a2480ce64e3784f1560ad81adcdab8870ccac0c6e424e34745f74c1e,6031dc4ee08b61c58b35b1efd7d764739d5c7c54dc7cbe9e9a72a1e4a7098596,675a3086cd6c4f2abd63c7d3acd419ca12dbc861,b9974a8f8c017bb8dcd4b62d614209421269020760d78e9d860a074b8cc9561f,aa748e7e398bb4d14b9afc8d4cf7a5ca8d485890223bfcd717e4bb6e950dd4ea,R2_UM_V2_DEPTH_7_selected,e754fc7f5325bb6c9ba805544db3621477b6e7fcee6cbc5a27b57e36d7002a61,development_holdout,P0,2017-04-18,1026,882.998074870435,a8743ee449373eda3faf38b8b06538921118c23a055a4f902ebc2be5e40ebafa
new_p3_training,True,tuned,UM_V2_DEPTH,7,R2,3cfd389bbd05ec9201a41c0892e29bf8199198d1b216b9a8061370d4240aa583,bd1488a2d411295d7a2118c50ddcc0b158786123613af1676062e2270d1637d1,9cb89005693b1b70c102178849b740fde00b50c9ba5f3b5530d0e5749ea59837,eca954c21da074c545cb7858315ea39fee0a6f54b19e06474b4f2f91f1666847,8b90aa08a2480ce64e3784f1560ad81adcdab8870ccac0c6e424e34745f74c1e,6031dc4ee08b61c58b35b1efd7d764739d5c7c54dc7cbe9e9a72a1e4a7098596,675a3086cd6c4f2abd63c7d3acd419ca12dbc861,b9974a8f8c017bb8dcd4b62d614209421269020760d78e9d860a074b8cc9561f,aa748e7e398bb4d14b9afc8d4cf7a5ca8d485890223bfcd717e4bb6e950dd4ea,R2_UM_V2_DEPTH_7_selected,e754fc7f5325bb6c9ba805544db3621477b6e7fcee6cbc5a27b57e36d7002a61,development_holdout,P0,2017-04-19,1026,922.1165110567497,d113949b5670b7458ba4c98e6bc2b0f597743840a7d2d27c88682919d3c2289e
new_p3_training,True,tuned,UM_V2_DEPTH,7,R2,3cfd389bbd05ec9201a41c0892e29bf8199198d1b216b9a8061370d4240aa583,bd1488a2d411295d7a2118c50ddcc0b158786123613af1676062e2270d1637d1,9cb89005693b1b70c102178849b740fde00b50c9ba5f3b5530d0e5749ea59837,eca954c21da074c545cb7858315ea39fee0a6f54b19e06474b4f2f91f1666847,8b90aa08a2480ce64e3784f1560ad81adcdab8870ccac0c6e424e34745f74c1e,6031dc4ee08b61c58b35b1efd7d764739d5c7c54dc7cbe9e9a72a1e4a7098596,675a3086cd6c4f2abd63c7d3acd419ca12dbc861,b9974a8f8c017bb8dcd4b62d614209421269020760d78e9d860a074b8cc9561f,aa748e7e398bb4d14b9afc8d4cf7a5ca8d485890223bfcd717e4bb6e950dd4ea,R2_UM_V2_DEPTH_7_selected,e754fc7f5325bb6c9ba805544db3621477b6e7fcee6cbc5a27b57e36d7002a61,development_holdout,P0,2017-04-20,1026,931.519006947503,5cf65d8f73016fb6a925f134f883ed46bc7fb21728991a4f47f9dd0d12d84b25
new_p3_training,True,tuned,UM_V2_DEPTH,7,R2,3cfd389bbd05ec9201a41c0892e29bf8199198d1b216b9a8061370d4240aa583,bd1488a2d411295d7a2118c50ddcc0b158786123613af1676062e2270d1637d1,9cb89005693b1b70c102178849b740fde00b50c9ba5f3b5530d0e5749ea59837,eca954c21da074c545cb7858315ea39fee0a6f54b19e06474b4f2f91f1666847,8b90aa08a2480ce64e3784f1560ad81adcdab8870ccac0c6e424e34745f74c1e,6031dc4ee08b61c58b35b1efd7d764739d5c7c54dc7cbe9e9a72a1e4a7098596,675a3086cd6c4f2abd63c7d3acd419ca12dbc861,b9974a8f8c017bb8dcd4b62d614209421269020760d78e9d860a074b8cc9561f,aa748e7e398bb4d14b9afc8d4cf7a5ca8d485890223bfcd717e4bb6e950dd4ea,R2_UM_V2_DEPTH_7_selected,e754fc7f5325bb6c9ba805544db3621477b6e7fcee6cbc5a27b57e36d7002a61,development_holdout,P0,2017-04-21,1026,860.7601620776778,3999a61e7f63c3778a293a5532b29c2ec4f519f2b3d773f7a6ad2b30bfeaec50
new_p3_training,True,tuned,UM_V2_DEPTH,7,R2,3cfd389bbd05ec9201a41c0892e29bf8199198d1b216b9a8061370d4240aa583,bd1488a2d411295d7a2118c50ddcc0b158786123613af1676062e2270d1637d1,9cb89005693b1b70c102178849b740fde00b50c9ba5f3b5530d0e5749ea59837,eca954c21da074c545cb7858315ea39fee0a6f54b19e06474b4f2f91f1666847,8b90aa08a2480ce64e3784f1560ad81adcdab8870ccac0c6e424e34745f74c1e,6031dc4ee08b61c58b35b1efd7d764739d5c7c54dc7cbe9e9a72a1e4a7098596,675a3086cd6c4f2abd63c7d3acd419ca12dbc861,b9974a8f8c017bb8dcd4b62d614209421269020760d78e9d860a074b8cc9561f,aa748e7e398bb4d14b9afc8d4cf7a5ca8d485890223bfcd717e4bb6e950dd4ea,R2_UM_V2_DEPTH_7_selected,e754fc7f5325bb6c9ba805544db3621477b6e7fcee6cbc5a27b57e36d7002a61,development_holdout,P0,2017-04-24,1026,924.2232938410825,229667fca9ab75e6815a91b26248078abc27560e52e03adb0bd63c3e2eb7f47e
new_p3_training,True,tuned,UM_V2_DEPTH,7,R2,3cfd389bbd05ec9201a41c0892e29bf8199198d1b216b9a8061370d4240aa583,bd1488a2d411295d7a2118c50ddcc0b158786123613af1676062e2270d1637d1,9cb89005693b1b70c102178849b740fde00b50c9ba5f3b5530d0e5749ea59837,eca954c21da074c545cb7858315ea39fee0a6f54b19e06474b4f2f91f1666847,8b90aa08a2480ce64e3784f1560ad81adcdab8870ccac0c6e424e34745f74c1e,6031dc4ee08b61c58b35b1efd7d764739d5c7c54dc7cbe9e9a72a1e4a7098596,675a3086cd6c4f2abd63c7d3acd419ca12dbc861,b9974a8f8c017bb8dcd4b62d614209421269020760d78e9d860a074b8cc9561f,aa748e7e398bb4d14b9afc8d4cf7a5ca8d485890223bfcd717e4bb6e950dd4ea,R2_UM_V2_DEPTH_7_selected,e754fc7f5325bb6c9ba805544db3621477b6e7fcee6cbc5a27b57e36d7002a61,development_holdout,P0,2017-04-25,1026,904.3749059451186,f89cb5bfce2e2e4208265f94e91812d69005674fc079d6ffc8fc78503bb56ee9
new_p3_training,True,tuned,UM_V2_DEPTH,7,R2,3cfd389bbd05ec9201a41c0892e29bf8199198d1b216b9a8061370d4240aa583,bd1488a2d411295d7a2118c50ddcc0b158786123613af1676062e2270d1637d1,9cb89005693b1b70c102178849b740fde00b50c9ba5f3b5530d0e5749ea59837,eca954c21da074c545cb7858315ea39fee0a6f54b19e06474b4f2f91f1666847,8b90aa08a2480ce64e3784f1560ad81adcdab8870ccac0c6e424e34745f74c1e,6031dc4ee08b61c58b35b1efd7d764739d5c7c54dc7cbe9e9a72a1e4a7098596,675a3086cd6c4f2abd63c7d3acd419ca12dbc861,b9974a8f8c017bb8dcd4b62d614209421269020760d78e9d860a074b8cc9561f,aa748e7e398bb4d14b9afc8d4cf7a5ca8d485890223bfcd717e4bb6e950dd4ea,R2_UM_V2_DEPTH_7_selected,e754fc7f5325bb6c9ba805544db3621477b6e7fcee6cbc5a27b57e36d7002a61,development_holdout,P0,2017-04-26,1026,902.2132946840946,8d913b3a11c7b565077a9cf79c95c72f098b3f8d767adf272ce7f1bc5b6c0cba
new_p3_training,True,tuned,UM_V2_DEPTH,7,R2,3cfd389bbd05ec9201a41c0892e29bf8199198d1b216b9a8061370d4240aa583,bd1488a2d411295d7a2118c50ddcc0b158786123613af1676062e2270d1637d1,9cb89005693b1b70c102178849b740fde00b50c9ba5f3b5530d0e5749ea59837,eca954c21da074c545cb7858315ea39fee0a6f54b19e06474b4f2f91f1666847,8b90aa08a2480ce64e3784f1560ad81adcdab8870ccac0c6e424e34745f74c1e,6031dc4ee08b61c58b35b1efd7d764739d5c7c54dc7cbe9e9a72a1e4a7098596,675a3086cd6c4f2abd63c7d3acd419ca12dbc861,b9974a8f8c017bb8dcd4b62d614209421269020760d78e9d860a074b8cc9561f,aa748e7e398bb4d14b9afc8d4cf7a5ca8d485890223bfcd717e4bb6e950dd4ea,R2_UM_V2_DEPTH_7_selected,e754fc7f5325bb6c9ba805544db3621477b6e7fcee6cbc5a27b57e36d7002a61,development_holdout,P0,2017-04-27,1026,918.5096913874163,1e9dad842721222ea827810b71ed0c3bd6fd4e9e4e96277856fe55f670d79f97
new_p3_training,True,tuned,UM_V2_DEPTH,7,R2,3cfd389bbd05ec9201a41c0892e29bf8199198d1b216b9a8061370d4240aa583,bd1488a2d411295d7a2118c50ddcc0b158786123613af1676062e2270d1637d1,9cb89005693b1b70c102178849b740fde00b50c9ba5f3b5530d0e5749ea59837,eca954c21da074c545cb7858315ea39fee0a6f54b19e06474b4f2f91f1666847,8b90aa08a2480ce64e3784f1560ad81adcdab8870ccac0c6e424e34745f74c1e,6031dc4ee08b61c58b35b1efd7d764739d5c7c54dc7cbe9e9a72a1e4a7098596,675a3086cd6c4f2abd63c7d3acd419ca12dbc861,b9974a8f8c017bb8dcd4b62d614209421269020760d78e9d860a074b8cc9561f,aa748e7e398bb4d14b9afc8d4cf7a5ca8d485890223bfcd717e4bb6e950dd4ea,R2_UM_V2_DEPTH_7_selected,e754fc7f5325bb6c9ba805544db3621477b6e7fcee6cbc5a27b57e36d7002a61,development_holdout,P0,2017-04-28,1026,889.715577476456,cb11f1e8f4775ba76281a9b2730b160ba59fbb3cd80630e776143d07b0599896
new_p3_training,True,tuned,UM_V2_DEPTH,7,R2,3cfd389bbd05ec9201a41c0892e29bf8199198d1b216b9a8061370d4240aa583,bd1488a2d411295d7a2118c50ddcc0b158786123613af1676062e2270d1637d1,9cb89005693b1b70c102178849b740fde00b50c9ba5f3b5530d0e5749ea59837,eca954c21da074c545cb7858315ea39fee0a6f54b19e06474b4f2f91f1666847,8b90aa08a2480ce64e3784f1560ad81adcdab8870ccac0c6e424e34745f74c1e,6031dc4ee08b61c58b35b1efd7d764739d5c7c54dc7cbe9e9a72a1e4a7098596,675a3086cd6c4f2abd63c7d3acd419ca12dbc861,b9974a8f8c017bb8dcd4b62d614209421269020760d78e9d860a074b8cc9561f,aa748e7e398bb4d14b9afc8d4cf7a5ca8d485890223bfcd717e4bb6e950dd4ea,R2_UM_V2_DEPTH_7_selected,e754fc7f5325bb6c9ba805544db3621477b6e7fcee6cbc5a27b57e36d7002a61,development_holdout,P0,2017-05-02,1026,887.9542460766792,cc9be42a818236c7e86a1d06f66f226f8ec42dba98616f384c0e082f624d23d6
new_p3_training,True,tuned,UM_V2_DEPTH,7,R2,3cfd389bbd05ec9201a41c0892e29bf8199198d1b216b9a8061370d4240aa583,bd1488a2d411295d7a2118c50ddcc0b158786123613af1676062e2270d1637d1,9cb89005693b1b70c102178849b740fde00b50c9ba5f3b5530d0e5749ea59837,eca954c21da074c545cb7858315ea39fee0a6f54b19e06474b4f2f91f1666847,8b90aa08a2480ce64e3784f1560ad81adcdab8870ccac0c6e424e34745f74c1e,6031dc4ee08b61c58b35b1efd7d764739d5c7c54dc7cbe9e9a72a1e4a7098596,675a3086cd6c4f2abd63c7d3acd419ca12dbc861,b9974a8f8c017bb8dcd4b62d614209421269020760d78e9d860a074b8cc9561f,aa748e7e398bb4d14b9afc8d4cf7a5ca8d485890223bfcd717e4bb6e950dd4ea,R2_UM_V2_DEPTH_7_selected,e754fc7f5325bb6c9ba805544db3621477b6e7fcee6cbc5a27b57e36d7002a61,development_holdout,P0,2017-05-04,1026,812.3981945078638,085bd4847e252614232cdf670c8e20c68c35119979d2e7cef17962ca2f94ad53
new_p3_training,True,tuned,UM_V2_DEPTH,7,R2,3cfd389bbd05ec9201a41c0892e29bf8199198d1b216b9a8061370d4240aa583,bd1488a2d411295d7a2118c50ddcc0b158786123613af1676062e2270d1637d1,9cb89005693b1b70c102178849b740fde00b50c9ba5f3b5530d0e5749ea59837,eca954c21da074c545cb7858315ea39fee0a6f54b19e06474b4f2f91f1666847,8b90aa08a2480ce64e3784f1560ad81adcdab8870ccac0c6e424e34745f74c1e,6031dc4ee08b61c58b35b1efd7d764739d5c7c54dc7cbe9e9a72a1e4a7098596,675a3086cd6c4f2abd63c7d3acd419ca12dbc861,b9974a8f8c017bb8dcd4b62d614209421269020760d78e9d860a074b8cc9561f,aa748e7e398bb4d14b9afc8d4cf7a5ca8d485890223bfcd717e4bb6e950dd4ea,R2_UM_V2_DEPTH_7_selected,e754fc7f5325bb6c9ba805544db3621477b6e7fcee6cbc5a27b57e36d7002a61,development_holdout,P0,2017-05-08,1026,925.9026950037912,4d99d61f963195ccb5c3e1cd045c0bbecdd0e695b2ae8207efc507643f68387c
new_p3_training,True,tuned,UM_V2_DEPTH,7,R2,3cfd389bbd05ec9201a41c0892e29bf8199198d1b216b9a8061370d4240aa583,bd1488a2d411295d7a2118c50ddcc0b158786123613af1676062e2270d1637d1,9cb89005693b1b70c102178849b740fde00b50c9ba5f3b5530d0e5749ea59837,eca954c21da074c545cb7858315ea39fee0a6f54b19e06474b4f2f91f1666847,8b90aa08a2480ce64e3784f1560ad81adcdab8870ccac0c6e424e34745f74c1e,6031dc4ee08b61c58b35b1efd7d764739d5c7c54dc7cbe9e9a72a1e4a7098596,675a3086cd6c4f2abd63c7d3acd419ca12dbc861,b9974a8f8c017bb8dcd4b62d614209421269020760d78e9d860a074b8cc9561f,aa748e7e398bb4d14b9afc8d4cf7a5ca8d485890223bfcd717e4bb6e950dd4ea,R2_UM_V2_DEPTH_7_selected,e754fc7f5325bb6c9ba805544db3621477b6e7fcee6cbc5a27b57e36d7002a61,development_holdout,P0,2017-05-10,1026,1039.3351727462396,277a382b607e51998cfe4fdc6d1fd926209dbf45029c5d1f744c2bcb1693e7f0
new_p3_training,True,tuned,UM_V2_DEPTH,7,R2,3cfd389bbd05ec9201a41c0892e29bf8199198d1b216b9a8061370d4240aa583,bd1488a2d411295d7a2118c50ddcc0b158786123613af1676062e2270d1637d1,9cb89005693b1b70c102178849b740fde00b50c9ba5f3b5530d0e5749ea59837,eca954c21da074c545cb7858315ea39fee0a6f54b19e06474b4f2f91f1666847,8b90aa08a2480ce64e3784f1560ad81adcdab8870ccac0c6e424e34745f74c1e,6031dc4ee08b61c58b35b1efd7d764739d5c7c54dc7cbe9e9a72a1e4a7098596,675a3086cd6c4f2abd63c7d3acd419ca12dbc861,b9974a8f8c017bb8dcd4b62d614209421269020760d78e9d860a074b8cc9561f,aa748e7e398bb4d14b9afc8d4cf7a5ca8d485890223bfcd717e4bb6e950dd4ea,R2_UM_V2_DEPTH_7_selected,e754fc7f5325bb6c9ba805544db3621477b6e7fcee6cbc5a27b57e36d7002a61,development_holdout,P0,2017-05-11,1026,1010.262702958513,5aa4d85b26c47156125e499d7f2fb53d97d999ec7705d76dca7cd6b1ee3bd4d9
new_p3_training,True,tuned,UM_V2_DEPTH,7,R2,3cfd389bbd05ec9201a41c0892e29bf8199198d1b216b9a8061370d4240aa583,bd1488a2d411295d7a2118c50ddcc0b158786123613af1676062e2270d1637d1,9cb89005693b1b70c102178849b740fde00b50c9ba5f3b5530d0e5749ea59837,eca954c21da074c545cb7858315ea39fee0a6f54b19e06474b4f2f91f1666847,8b90aa08a2480ce64e3784f1560ad81adcdab8870ccac0c6e424e34745f74c1e,6031dc4ee08b61c58b35b1efd7d764739d5c7c54dc7cbe9e9a72a1e4a7098596,675a3086cd6c4f2abd63c7d3acd419ca12dbc861,b9974a8f8c017bb8dcd4b62d614209421269020760d78e9d860a074b8cc9561f,aa748e7e398bb4d14b9afc8d4cf7a5ca8d485890223bfcd717e4bb6e950dd4ea,R2_UM_V2_DEPTH_7_selected,e754fc7f5325bb6c9ba805544db3621477b6e7fcee6cbc5a27b57e36d7002a61,development_holdout,P0,2017-05-12,1026,965.7378812479062,85b2ebdb7702614ccf9cd703b58b85359d67135b0adbc56ad737157d25ae887e
new_p3_training,True,tuned,UM_V2_DEPTH,7,R2,3cfd389bbd05ec9201a41c0892e29bf8199198d1b216b9a8061370d4240aa583,bd1488a2d411295d7a2118c50ddcc0b158786123613af1676062e2270d1637d1,9cb89005693b1b70c102178849b740fde00b50c9ba5f3b5530d0e5749ea59837,eca954c21da074c545cb7858315ea39fee0a6f54b19e06474b4f2f91f1666847,8b90aa08a2480ce64e3784f1560ad81adcdab8870ccac0c6e424e34745f74c1e,6031dc4ee08b61c58b35b1efd7d764739d5c7c54dc7cbe9e9a72a1e4a7098596,675a3086cd6c4f2abd63c7d3acd419ca12dbc861,b9974a8f8c017bb8dcd4b62d614209421269020760d78e9d860a074b8cc9561f,aa748e7e398bb4d14b9afc8d4cf7a5ca8d485890223bfcd717e4bb6e950dd4ea,R2_UM_V2_DEPTH_7_selected,e754fc7f5325bb6c9ba805544db3621477b6e7fcee6cbc5a27b57e36d7002a61,development_holdout,P0,2017-05-15,1026,946.8136743036014,f08cb3e89fe2575db60bc50fd0e901b626632879288c48bfb2e335da3490a05d
new_p3_training,True,tuned,UM_V2_DEPTH,7,R2,3cfd389bbd05ec9201a41c0892e29bf8199198d1b216b9a8061370d4240aa583,bd1488a2d411295d7a2118c50ddcc0b158786123613af1676062e2270d1637d1,9cb89005693b1b70c102178849b740fde00b50c9ba5f3b5530d0e5749ea59837,eca954c21da074c545cb7858315ea39fee0a6f54b19e06474b4f2f91f1666847,8b90aa08a2480ce64e3784f1560ad81adcdab8870ccac0c6e424e34745f74c1e,6031dc4ee08b61c58b35b1efd7d764739d5c7c54dc7cbe9e9a72a1e4a7098596,675a3086cd6c4f2abd63c7d3acd419ca12dbc861,b9974a8f8c017bb8dcd4b62d614209421269020760d78e9d860a074b8cc9561f,aa748e7e398bb4d14b9afc8d4cf7a5ca8d485890223bfcd717e4bb6e950dd4ea,R2_UM_V2_DEPTH_7_selected,e754fc7f5325bb6c9ba805544db3621477b6e7fcee6cbc5a27b57e36d7002a61,development_holdout,P1,2017-03-24,974,952.8780897861529,45a8542ff877c91673dd12621b1e8f90abff5988d41f8030a863d56bd1764dce
new_p3_training,True,tuned,UM_V2_DEPTH,7,R2,3cfd389bbd05ec9201a41c0892e29bf8199198d1b216b9a8061370d4240aa583,bd1488a2d411295d7a2118c50ddcc0b158786123613af1676062e2270d1637d1,9cb89005693b1b70c102178849b740fde00b50c9ba5f3b5530d0e5749ea59837,eca954c21da074c545cb7858315ea39fee0a6f54b19e06474b4f2f91f1666847,8b90aa08a2480ce64e3784f1560ad81adcdab8870ccac0c6e424e34745f74c1e,6031dc4ee08b61c58b35b1efd7d764739d5c7c54dc7cbe9e9a72a1e4a7098596,675a3086cd6c4f2abd63c7d3acd419ca12dbc861,b9974a8f8c017bb8dcd4b62d614209421269020760d78e9d860a074b8cc9561f,aa748e7e398bb4d14b9afc8d4cf7a5ca8d485890223bfcd717e4bb6e950dd4ea,R2_UM_V2_DEPTH_7_selected,e754fc7f5325bb6c9ba805544db3621477b6e7fcee6cbc5a27b57e36d7002a61,development_holdout,P1,2017-03-27,989,941.5104655696115,ec9b84304b9497cec0f4b6079cc8232a674a8e7608c1f725a8adc7e42276965e
new_p3_training,True,tuned,UM_V2_DEPTH,7,R2,3cfd389bbd05ec9201a41c0892e29bf8199198d1b216b9a8061370d4240aa583,bd1488a2d411295d7a2118c50ddcc0b158786123613af1676062e2270d1637d1,9cb89005693b1b70c102178849b740fde00b50c9ba5f3b5530d0e5749ea59837,eca954c21da074c545cb7858315ea39fee0a6f54b19e06474b4f2f91f1666847,8b90aa08a2480ce64e3784f1560ad81adcdab8870ccac0c6e424e34745f74c1e,6031dc4ee08b61c58b35b1efd7d764739d5c7c54dc7cbe9e9a72a1e4a7098596,675a3086cd6c4f2abd63c7d3acd419ca12dbc861,b9974a8f8c017bb8dcd4b62d614209421269020760d78e9d860a074b8cc9561f,aa748e7e398bb4d14b9afc8d4cf7a5ca8d485890223bfcd717e4bb6e950dd4ea,R2_UM_V2_DEPTH_7_selected,e754fc7f5325bb6c9ba805544db3621477b6e7fcee6cbc5a27b57e36d7002a61,development_holdout,P1,2017-03-28,987,865.030735908792,5ee63d552bb9ac8c03068c5c04f2f072f847889b82d3b1e921e80710a3ac4eec
new_p3_training,True,tuned,UM_V2_DEPTH,7,R2,3cfd389bbd05ec9201a41c0892e29bf8199198d1b216b9a8061370d4240aa583,bd1488a2d411295d7a2118c50ddcc0b158786123613af1676062e2270d1637d1,9cb89005693b1b70c102178849b740fde00b50c9ba5f3b5530d0e5749ea59837,eca954c21da074c545cb7858315ea39fee0a6f54b19e06474b4f2f91f1666847,8b90aa08a2480ce64e3784f1560ad81adcdab8870ccac0c6e424e34745f74c1e,6031dc4ee08b61c58b35b1efd7d764739d5c7c54dc7cbe9e9a72a1e4a7098596,675a3086cd6c4f2abd63c7d3acd419ca12dbc861,b9974a8f8c017bb8dcd4b62d614209421269020760d78e9d860a074b8cc9561f,aa748e7e398bb4d14b9afc8d4cf7a5ca8d485890223bfcd717e4bb6e950dd4ea,R2_UM_V2_DEPTH_7_selected,e754fc7f5325bb6c9ba805544db3621477b6e7fcee6cbc5a27b57e36d7002a61,development_holdout,P1,2017-03-29,988,912.016804445477,358538b65c80e943ce67c559dfbe2412c3af367a67768bc8bba38eb30728e2d7
new_p3_training,True,tuned,UM_V2_DEPTH,7,R2,3cfd389bbd05ec9201a41c0892e29bf8199198d1b216b9a8061370d4240aa583,bd1488a2d411295d7a2118c50ddcc0b158786123613af1676062e2270d1637d1,9cb89005693b1b70c102178849b740fde00b50c9ba5f3b5530d0e5749ea59837,eca954c21da074c545cb7858315ea39fee0a6f54b19e06474b4f2f91f1666847,8b90aa08a2480ce64e3784f1560ad81adcdab8870ccac0c6e424e34745f74c1e,6031dc4ee08b61c58b35b1efd7d764739d5c7c54dc7cbe9e9a72a1e4a7098596,675a3086cd6c4f2abd63c7d3acd419ca12dbc861,b9974a8f8c017bb8dcd4b62d614209421269020760d78e9d860a074b8cc9561f,aa748e7e398bb4d14b9afc8d4cf7a5ca8d485890223bfcd717e4bb6e950dd4ea,R2_UM_V2_DEPTH_7_selected,e754fc7f5325bb6c9ba805544db3621477b6e7fcee6cbc5a27b57e36d7002a61,development_holdout,P1,2017-03-30,986,862.6352459669877,ff821d00384cafe4fc23bdaee1dae292a51c23cb06d06a4bab60045217bedc1c
new_p3_training,True,tuned,UM_V2_DEPTH,7,R2,3cfd389bbd05ec9201a41c0892e29bf8199198d1b216b9a8061370d4240aa583,bd1488a2d411295d7a2118c50ddcc0b158786123613af1676062e2270d1637d1,9cb89005693b1b70c102178849b740fde00b50c9ba5f3b5530d0e5749ea59837,eca954c21da074c545cb7858315ea39fee0a6f54b19e06474b4f2f91f1666847,8b90aa08a2480ce64e3784f1560ad81adcdab8870ccac0c6e424e34745f74c1e,6031dc4ee08b61c58b35b1efd7d764739d5c7c54dc7cbe9e9a72a1e4a7098596,675a3086cd6c4f2abd63c7d3acd419ca12dbc861,b9974a8f8c017bb8dcd4b62d614209421269020760d78e9d860a074b8cc9561f,aa748e7e398bb4d14b9afc8d4cf7a5ca8d485890223bfcd717e4bb6e950dd4ea,R2_UM_V2_DEPTH_7_selected,e754fc7f5325bb6c9ba805544db3621477b6e7fcee6cbc5a27b57e36d7002a61,development_holdout,P1,2017-03-31,992,884.8734815953326,2cd035e7ec681014b844ddcb88386d901fada963c150f6a0b10929f398ea2860
new_p3_training,True,tuned,UM_V2_DEPTH,7,R2,3cfd389bbd05ec9201a41c0892e29bf8199198d1b216b9a8061370d4240aa583,bd1488a2d411295d7a2118c50ddcc0b158786123613af1676062e2270d1637d1,9cb89005693b1b70c102178849b740fde00b50c9ba5f3b5530d0e5749ea59837,eca954c21da074c545cb7858315ea39fee0a6f54b19e06474b4f2f91f1666847,8b90aa08a2480ce64e3784f1560ad81adcdab8870ccac0c6e424e34745f74c1e,6031dc4ee08b61c58b35b1efd7d764739d5c7c54dc7cbe9e9a72a1e4a7098596,675a3086cd6c4f2abd63c7d3acd419ca12dbc861,b9974a8f8c017bb8dcd4b62d614209421269020760d78e9d860a074b8cc9561f,aa748e7e398bb4d14b9afc8d4cf7a5ca8d485890223bfcd717e4bb6e950dd4ea,R2_UM_V2_DEPTH_7_selected,e754fc7f5325bb6c9ba805544db3621477b6e7fcee6cbc5a27b57e36d7002a61,development_holdout,P1,2017-04-03,970,891.8838909160361,d688578e10c43ad28c12251254a4d8267ec435716358fbcfa688e05aad9e4d4d
new_p3_training,True,tuned,UM_V2_DEPTH,7,R2,3cfd389bbd05ec9201a41c0892e29bf8199198d1b216b9a8061370d4240aa583,bd1488a2d411295d7a2118c50ddcc0b158786123613af1676062e2270d1637d1,9cb89005693b1b70c102178849b740fde00b50c9ba5f3b5530d0e5749ea59837,eca954c21da074c545cb7858315ea39fee0a6f54b19e06474b4f2f91f1666847,8b90aa08a2480ce64e3784f1560ad81adcdab8870ccac0c6e424e34745f74c1e,6031dc4ee08b61c58b35b1efd7d764739d5c7c54dc7cbe9e9a72a1e4a7098596,675a3086cd6c4f2abd63c7d3acd419ca12dbc861,b9974a8f8c017bb8dcd4b62d614209421269020760d78e9d860a074b8cc9561f,aa748e7e398bb4d14b9afc8d4cf7a5ca8d485890223bfcd717e4bb6e950dd4ea,R2_UM_V2_DEPTH_7_selected,e754fc7f5325bb6c9ba805544db3621477b6e7fcee6cbc5a27b57e36d7002a61,development_holdout,P1,2017-04-04,973,884.4938619639524,72968252d2f38a46fed338ab6a0a0d1fb4e377ae7d1d30043393dfea26b993a5
new_p3_training,True,tuned,UM_V2_DEPTH,7,R2,3cfd389bbd05ec9201a41c0892e29bf8199198d1b216b9a8061370d4240aa583,bd1488a2d411295d7a2118c50ddcc0b158786123613af1676062e2270d1637d1,9cb89005693b1b70c102178849b740fde00b50c9ba5f3b5530d0e5749ea59837,eca954c21da074c545cb7858315ea39fee0a6f54b19e06474b4f2f91f1666847,8b90aa08a2480ce64e3784f1560ad81adcdab8870ccac0c6e424e34745f74c1e,6031dc4ee08b61c58b35b1efd7d764739d5c7c54dc7cbe9e9a72a1e4a7098596,675a3086cd6c4f2abd63c7d3acd419ca12dbc861,b9974a8f8c017bb8dcd4b62d614209421269020760d78e9d860a074b8cc9561f,aa748e7e398bb4d14b9afc8d4cf7a5ca8d485890223bfcd717e4bb6e950dd4ea,R2_UM_V2_DEPTH_7_selected,e754fc7f5325bb6c9ba805544db3621477b6e7fcee6cbc5a27b57e36d7002a61,development_holdout,P1,2017-04-05,977,960.3230807858757,e8b5e55a76d221ad3b4ec2e33f006ce59cce8815b23c9425a20f1be4497c4a11
new_p3_training,True,tuned,UM_V2_DEPTH,7,R2,3cfd389bbd05ec9201a41c0892e29bf8199198d1b216b9a8061370d4240aa583,bd1488a2d411295d7a2118c50ddcc0b158786123613af1676062e2270d1637d1,9cb89005693b1b70c102178849b740fde00b50c9ba5f3b5530d0e5749ea59837,eca954c21da074c545cb7858315ea39fee0a6f54b19e06474b4f2f91f1666847,8b90aa08a2480ce64e3784f1560ad81adcdab8870ccac0c6e424e34745f74c1e,6031dc4ee08b61c58b35b1efd7d764739d5c7c54dc7cbe9e9a72a1e4a7098596,675a3086cd6c4f2abd63c7d3acd419ca12dbc861,b9974a8f8c017bb8dcd4b62d614209421269020760d78e9d860a074b8cc9561f,aa748e7e398bb4d14b9afc8d4cf7a5ca8d485890223bfcd717e4bb6e950dd4ea,R2_UM_V2_DEPTH_7_selected,e754fc7f5325bb6c9ba805544db3621477b6e7fcee6cbc5a27b57e36d7002a61,development_holdout,P1,2017-04-06,983,867.3608930493381,42488beec1a9bc6a94df99bb83ecd3f74adcf499333d85b718bc6a85da145089
new_p3_training,True,tuned,UM_V2_DEPTH,7,R2,3cfd389bbd05ec9201a41c0892e29bf8199198d1b216b9a8061370d4240aa583,bd1488a2d411295d7a2118c50ddcc0b158786123613af1676062e2270d1637d1,9cb89005693b1b70c102178849b740fde00b50c9ba5f3b5530d0e5749ea59837,eca954c21da074c545cb7858315ea39fee0a6f54b19e06474b4f2f91f1666847,8b90aa08a2480ce64e3784f1560ad81adcdab8870ccac0c6e424e34745f74c1e,6031dc4ee08b61c58b35b1efd7d764739d5c7c54dc7cbe9e9a72a1e4a7098596,675a3086cd6c4f2abd63c7d3acd419ca12dbc861,b9974a8f8c017bb8dcd4b62d614209421269020760d78e9d860a074b8cc9561f,aa748e7e398bb4d14b9afc8d4cf7a5ca8d485890223bfcd717e4bb6e950dd4ea,R2_UM_V2_DEPTH_7_selected,e754fc7f5325bb6c9ba805544db3621477b6e7fcee6cbc5a27b57e36d7002a61,development_holdout,P1,2017-04-07,984,897.6529235233784,12b75f56f3f2961b171a31729a690784ac25cb771f406cd614c82d81ae58760e
new_p3_training,True,tuned,UM_V2_DEPTH,7,R2,3cfd389bbd05ec9201a41c0892e29bf8199198d1b216b9a8061370d4240aa583,bd1488a2d411295d7a2118c50ddcc0b158786123613af1676062e2270d1637d1,9cb89005693b1b70c102178849b740fde00b50c9ba5f3b5530d0e5749ea59837,eca954c21da074c545cb7858315ea39fee0a6f54b19e06474b4f2f91f1666847,8b90aa08a2480ce64e3784f1560ad81adcdab8870ccac0c6e424e34745f74c1e,6031dc4ee08b61c58b35b1efd7d764739d5c7c54dc7cbe9e9a72a1e4a7098596,675a3086cd6c4f2abd63c7d3acd419ca12dbc861,b9974a8f8c017bb8dcd4b62d614209421269020760d78e9d860a074b8cc9561f,aa748e7e398bb4d14b9afc8d4cf7a5ca8d485890223bfcd717e4bb6e950dd4ea,R2_UM_V2_DEPTH_7_selected,e754fc7f5325bb6c9ba805544db3621477b6e7fcee6cbc5a27b57e36d7002a61,development_holdout,P1,2017-04-10,966,874.5525251526266,a13236444a21301ec94592cefcf2fe0a413ca607daebc94f9ecdabc99a3e406b
new_p3_training,True,tuned,UM_V2_DEPTH,7,R2,3cfd389bbd05ec9201a41c0892e29bf8199198d1b216b9a8061370d4240aa583,bd1488a2d411295d7a2118c50ddcc0b158786123613af1676062e2270d1637d1,9cb89005693b1b70c102178849b740fde00b50c9ba5f3b5530d0e5749ea59837,eca954c21da074c545cb7858315ea39fee0a6f54b19e06474b4f2f91f1666847,8b90aa08a2480ce64e3784f1560ad81adcdab8870ccac0c6e424e34745f74c1e,6031dc4ee08b61c58b35b1efd7d764739d5c7c54dc7cbe9e9a72a1e4a7098596,675a3086cd6c4f2abd63c7d3acd419ca12dbc861,b9974a8f8c017bb8dcd4b62d614209421269020760d78e9d860a074b8cc9561f,aa748e7e398bb4d14b9afc8d4cf7a5ca8d485890223bfcd717e4bb6e950dd4ea,R2_UM_V2_DEPTH_7_selected,e754fc7f5325bb6c9ba805544db3621477b6e7fcee6cbc5a27b57e36d7002a61,development_holdout,P1,2017-04-11,979,865.1894514873966,216b867d3043ab584a66bb3c46274719de86f8faa77d557ede7a68bd54f256d0
new_p3_training,True,tuned,UM_V2_DEPTH,7,R2,3cfd389bbd05ec9201a41c0892e29bf8199198d1b216b9a8061370d4240aa583,bd1488a2d411295d7a2118c50ddcc0b158786123613af1676062e2270d1637d1,9cb89005693b1b70c102178849b740fde00b50c9ba5f3b5530d0e5749ea59837,eca954c21da074c545cb7858315ea39fee0a6f54b19e06474b4f2f91f1666847,8b90aa08a2480ce64e3784f1560ad81adcdab8870ccac0c6e424e34745f74c1e,6031dc4ee08b61c58b35b1efd7d764739d5c7c54dc7cbe9e9a72a1e4a7098596,675a3086cd6c4f2abd63c7d3acd419ca12dbc861,b9974a8f8c017bb8dcd4b62d614209421269020760d78e9d860a074b8cc9561f,aa748e7e398bb4d14b9afc8d4cf7a5ca8d485890223bfcd717e4bb6e950dd4ea,R2_UM_V2_DEPTH_7_selected,e754fc7f5325bb6c9ba805544db3621477b6e7fcee6cbc5a27b57e36d7002a61,development_holdout,P1,2017-04-12,986,841.1583505720915,10cf5a84af5e8ea67ff55ae9553d397979ad9d04dc4b98950b0a423b584c2151
new_p3_training,True,tuned,UM_V2_DEPTH,7,R2,3cfd389bbd05ec9201a41c0892e29bf8199198d1b216b9a8061370d4240aa583,bd1488a2d411295d7a2118c50ddcc0b158786123613af1676062e2270d1637d1,9cb89005693b1b70c102178849b740fde00b50c9ba5f3b5530d0e5749ea59837,eca954c21da074c545cb7858315ea39fee0a6f54b19e06474b4f2f91f1666847,8b90aa08a2480ce64e3784f1560ad81adcdab8870ccac0c6e424e34745f74c1e,6031dc4ee08b61c58b35b1efd7d764739d5c7c54dc7cbe9e9a72a1e4a7098596,675a3086cd6c4f2abd63c7d3acd419ca12dbc861,b9974a8f8c017bb8dcd4b62d614209421269020760d78e9d860a074b8cc9561f,aa748e7e398bb4d14b9afc8d4cf7a5ca8d485890223bfcd717e4bb6e950dd4ea,R2_UM_V2_DEPTH_7_selected,e754fc7f5325bb6c9ba805544db3621477b6e7fcee6cbc5a27b57e36d7002a61,development_holdout,P1,2017-04-13,987,918.5610138121377,152a3cd9c8758c7a4b24c47aa9c3fb79242b85bd266734f6cdb2be4b377874ce
new_p3_training,True,tuned,UM_V2_DEPTH,7,R2,3cfd389bbd05ec9201a41c0892e29bf8199198d1b216b9a8061370d4240aa583,bd1488a2d411295d7a2118c50ddcc0b158786123613af1676062e2270d1637d1,9cb89005693b1b70c102178849b740fde00b50c9ba5f3b5530d0e5749ea59837,eca954c21da074c545cb7858315ea39fee0a6f54b19e06474b4f2f91f1666847,8b90aa08a2480ce64e3784f1560ad81adcdab8870ccac0c6e424e34745f74c1e,6031dc4ee08b61c58b35b1efd7d764739d5c7c54dc7cbe9e9a72a1e4a7098596,675a3086cd6c4f2abd63c7d3acd419ca12dbc861,b9974a8f8c017bb8dcd4b62d614209421269020760d78e9d860a074b8cc9561f,aa748e7e398bb4d14b9afc8d4cf7a5ca8d485890223bfcd717e4bb6e950dd4ea,R2_UM_V2_DEPTH_7_selected,e754fc7f5325bb6c9ba805544db3621477b6e7fcee6cbc5a27b57e36d7002a61,development_holdout,P1,2017-04-14,984,925.056259248189,0533ec449a0ef986c1e6505e92d0f5a936641c91a298cf1becebaabdde267c66
new_p3_training,True,tuned,UM_V2_DEPTH,7,R2,3cfd389bbd05ec9201a41c0892e29bf8199198d1b216b9a8061370d4240aa583,bd1488a2d411295d7a2118c50ddcc0b158786123613af1676062e2270d1637d1,9cb89005693b1b70c102178849b740fde00b50c9ba5f3b5530d0e5749ea59837,eca954c21da074c545cb7858315ea39fee0a6f54b19e06474b4f2f91f1666847,8b90aa08a2480ce64e3784f1560ad81adcdab8870ccac0c6e424e34745f74c1e,6031dc4ee08b61c58b35b1efd7d764739d5c7c54dc7cbe9e9a72a1e4a7098596,675a3086cd6c4f2abd63c7d3acd419ca12dbc861,b9974a8f8c017bb8dcd4b62d614209421269020760d78e9d860a074b8cc9561f,aa748e7e398bb4d14b9afc8d4cf7a5ca8d485890223bfcd717e4bb6e950dd4ea,R2_UM_V2_DEPTH_7_selected,e754fc7f5325bb6c9ba805544db3621477b6e7fcee6cbc5a27b57e36d7002a61,development_holdout,P1,2017-04-17,988,857.9256475735937,9b65bb7ca3ae08c599cdb32d713f948b33269f2ff74e9c330559c5c9152b21dd
new_p3_training,True,tuned,UM_V2_DEPTH,7,R2,3cfd389bbd05ec9201a41c0892e29bf8199198d1b216b9a8061370d4240aa583,bd1488a2d411295d7a2118c50ddcc0b158786123613af1676062e2270d1637d1,9cb89005693b1b70c102178849b740fde00b50c9ba5f3b5530d0e5749ea59837,eca954c21da074c545cb7858315ea39fee0a6f54b19e06474b4f2f91f1666847,8b90aa08a2480ce64e3784f1560ad81adcdab8870ccac0c6e424e34745f74c1e,6031dc4ee08b61c58b35b1efd7d764739d5c7c54dc7cbe9e9a72a1e4a7098596,675a3086cd6c4f2abd63c7d3acd419ca12dbc861,b9974a8f8c017bb8dcd4b62d614209421269020760d78e9d860a074b8cc9561f,aa748e7e398bb4d14b9afc8d4cf7a5ca8d485890223bfcd717e4bb6e950dd4ea,R2_UM_V2_DEPTH_7_selected,e754fc7f5325bb6c9ba805544db3621477b6e7fcee6cbc5a27b57e36d7002a61,development_holdout,P1,2017-04-18,985,846.400636197385,8ca0afc1d131c3672ddb8501e5fbcf1391da2fbdaac55f43ef0c69289cd9bfe1
new_p3_training,True,tuned,UM_V2_DEPTH,7,R2,3cfd389bbd05ec9201a41c0892e29bf8199198d1b216b9a8061370d4240aa583,bd1488a2d411295d7a2118c50ddcc0b158786123613af1676062e2270d1637d1,9cb89005693b1b70c102178849b740fde00b50c9ba5f3b5530d0e5749ea59837,eca954c21da074c545cb7858315ea39fee0a6f54b19e06474b4f2f91f1666847,8b90aa08a2480ce64e3784f1560ad81adcdab8870ccac0c6e424e34745f74c1e,6031dc4ee08b61c58b35b1efd7d764739d5c7c54dc7cbe9e9a72a1e4a7098596,675a3086cd6c4f2abd63c7d3acd419ca12dbc861,b9974a8f8c017bb8dcd4b62d614209421269020760d78e9d860a074b8cc9561f,aa748e7e398bb4d14b9afc8d4cf7a5ca8d485890223bfcd717e4bb6e950dd4ea,R2_UM_V2_DEPTH_7_selected,e754fc7f5325bb6c9ba805544db3621477b6e7fcee6cbc5a27b57e36d7002a61,development_holdout,P1,2017-04-19,990,889.8294773603993,1c7a624245e42271e6b54e18a59aef318a32ab800a4c23f407983ec52e190573
new_p3_training,True,tuned,UM_V2_DEPTH,7,R2,3cfd389bbd05ec9201a41c0892e29bf8199198d1b216b9a8061370d4240aa583,bd1488a2d411295d7a2118c50ddcc0b158786123613af1676062e2270d1637d1,9cb89005693b1b70c102178849b740fde00b50c9ba5f3b5530d0e5749ea59837,eca954c21da074c545cb7858315ea39fee0a6f54b19e06474b4f2f91f1666847,8b90aa08a2480ce64e3784f1560ad81adcdab8870ccac0c6e424e34745f74c1e,6031dc4ee08b61c58b35b1efd7d764739d5c7c54dc7cbe9e9a72a1e4a7098596,675a3086cd6c4f2abd63c7d3acd419ca12dbc861,b9974a8f8c017bb8dcd4b62d614209421269020760d78e9d860a074b8cc9561f,aa748e7e398bb4d14b9afc8d4cf7a5ca8d485890223bfcd717e4bb6e950dd4ea,R2_UM_V2_DEPTH_7_selected,e754fc7f5325bb6c9ba805544db3621477b6e7fcee6cbc5a27b57e36d7002a61,development_holdout,P1,2017-04-20,993,908.531744598075,bfad7e9c339dffcc04c6ad72dde65d5f758ae304c36c3c1807d201d0214871fa
new_p3_training,True,tuned,UM_V2_DEPTH,7,R2,3cfd389bbd05ec9201a41c0892e29bf8199198d1b216b9a8061370d4240aa583,bd1488a2d411295d7a2118c50ddcc0b158786123613af1676062e2270d1637d1,9cb89005693b1b70c102178849b740fde00b50c9ba5f3b5530d0e5749ea59837,eca954c21da074c545cb7858315ea39fee0a6f54b19e06474b4f2f91f1666847,8b90aa08a2480ce64e3784f1560ad81adcdab8870ccac0c6e424e34745f74c1e,6031dc4ee08b61c58b35b1efd7d764739d5c7c54dc7cbe9e9a72a1e4a7098596,675a3086cd6c4f2abd63c7d3acd419ca12dbc861,b9974a8f8c017bb8dcd4b62d614209421269020760d78e9d860a074b8cc9561f,aa748e7e398bb4d14b9afc8d4cf7a5ca8d485890223bfcd717e4bb6e950dd4ea,R2_UM_V2_DEPTH_7_selected,e754fc7f5325bb6c9ba805544db3621477b6e7fcee6cbc5a27b57e36d7002a61,development_holdout,P1,2017-04-21,993,835.6287935795415,3c4d0aae3997b9110d9e7ea25e651edcb6b40b6c08954bf83a921296ac1027b0
new_p3_training,True,tuned,UM_V2_DEPTH,7,R2,3cfd389bbd05ec9201a41c0892e29bf8199198d1b216b9a8061370d4240aa583,bd1488a2d411295d7a2118c50ddcc0b158786123613af1676062e2270d1637d1,9cb89005693b1b70c102178849b740fde00b50c9ba5f3b5530d0e5749ea59837,eca954c21da074c545cb7858315ea39fee0a6f54b19e06474b4f2f91f1666847,8b90aa08a2480ce64e3784f1560ad81adcdab8870ccac0c6e424e34745f74c1e,6031dc4ee08b61c58b35b1efd7d764739d5c7c54dc7cbe9e9a72a1e4a7098596,675a3086cd6c4f2abd63c7d3acd419ca12dbc861,b9974a8f8c017bb8dcd4b62d614209421269020760d78e9d860a074b8cc9561f,aa748e7e398bb4d14b9afc8d4cf7a5ca8d485890223bfcd717e4bb6e950dd4ea,R2_UM_V2_DEPTH_7_selected,e754fc7f5325bb6c9ba805544db3621477b6e7fcee6cbc5a27b57e36d7002a61,development_holdout,P1,2017-04-24,997,904.1698924407119,f9937b8b012742e02eb8d34bade20218b1adf3ea22b93c7d7c32ccd08e286a77
new_p3_training,True,tuned,UM_V2_DEPTH,7,R2,3cfd389bbd05ec9201a41c0892e29bf8199198d1b216b9a8061370d4240aa583,bd1488a2d411295d7a2118c50ddcc0b158786123613af1676062e2270d1637d1,9cb89005693b1b70c102178849b740fde00b50c9ba5f3b5530d0e5749ea59837,eca954c21da074c545cb7858315ea39fee0a6f54b19e06474b4f2f91f1666847,8b90aa08a2480ce64e3784f1560ad81adcdab8870ccac0c6e424e34745f74c1e,6031dc4ee08b61c58b35b1efd7d764739d5c7c54dc7cbe9e9a72a1e4a7098596,675a3086cd6c4f2abd63c7d3acd419ca12dbc861,b9974a8f8c017bb8dcd4b62d614209421269020760d78e9d860a074b8cc9561f,aa748e7e398bb4d14b9afc8d4cf7a5ca8d485890223bfcd717e4bb6e950dd4ea,R2_UM_V2_DEPTH_7_selected,e754fc7f5325bb6c9ba805544db3621477b6e7fcee6cbc5a27b57e36d7002a61,development_holdout,P1,2017-04-25,995,883.5240495730939,00ddcf64c70ee8679ba11afdfdab79fb4195fc645b7f40726618167d113ea0ab
new_p3_training,True,tuned,UM_V2_DEPTH,7,R2,3cfd389bbd05ec9201a41c0892e29bf8199198d1b216b9a8061370d4240aa583,bd1488a2d411295d7a2118c50ddcc0b158786123613af1676062e2270d1637d1,9cb89005693b1b70c102178849b740fde00b50c9ba5f3b5530d0e5749ea59837,eca954c21da074c545cb7858315ea39fee0a6f54b19e06474b4f2f91f1666847,8b90aa08a2480ce64e3784f1560ad81adcdab8870ccac0c6e424e34745f74c1e,6031dc4ee08b61c58b35b1efd7d764739d5c7c54dc7cbe9e9a72a1e4a7098596,675a3086cd6c4f2abd63c7d3acd419ca12dbc861,b9974a8f8c017bb8dcd4b62d614209421269020760d78e9d860a074b8cc9561f,aa748e7e398bb4d14b9afc8d4cf7a5ca8d485890223bfcd717e4bb6e950dd4ea,R2_UM_V2_DEPTH_7_selected,e754fc7f5325bb6c9ba805544db3621477b6e7fcee6cbc5a27b57e36d7002a61,development_holdout,P1,2017-04-26,993,874.5182816512302,7774761affcad09710951cd4b72d1a4cbe2ef606a097a22b1d44d63549e74370
new_p3_training,True,tuned,UM_V2_DEPTH,7,R2,3cfd389bbd05ec9201a41c0892e29bf8199198d1b216b9a8061370d4240aa583,bd1488a2d411295d7a2118c50ddcc0b158786123613af1676062e2270d1637d1,9cb89005693b1b70c102178849b740fde00b50c9ba5f3b5530d0e5749ea59837,eca954c21da074c545cb7858315ea39fee0a6f54b19e06474b4f2f91f1666847,8b90aa08a2480ce64e3784f1560ad81adcdab8870ccac0c6e424e34745f74c1e,6031dc4ee08b61c58b35b1efd7d764739d5c7c54dc7cbe9e9a72a1e4a7098596,675a3086cd6c4f2abd63c7d3acd419ca12dbc861,b9974a8f8c017bb8dcd4b62d614209421269020760d78e9d860a074b8cc9561f,aa748e7e398bb4d14b9afc8d4cf7a5ca8d485890223bfcd717e4bb6e950dd4ea,R2_UM_V2_DEPTH_7_selected,e754fc7f5325bb6c9ba805544db3621477b6e7fcee6cbc5a27b57e36d7002a61,development_holdout,P1,2017-04-27,999,897.5204990793757,be4fe24b80a4b0f39f47a485de489273e71dd977310715e7fd96991b71db2a21
new_p3_training,True,tuned,UM_V2_DEPTH,7,R2,3cfd389bbd05ec9201a41c0892e29bf8199198d1b216b9a8061370d4240aa583,bd1488a2d411295d7a2118c50ddcc0b158786123613af1676062e2270d1637d1,9cb89005693b1b70c102178849b740fde00b50c9ba5f3b5530d0e5749ea59837,eca954c21da074c545cb7858315ea39fee0a6f54b19e06474b4f2f91f1666847,8b90aa08a2480ce64e3784f1560ad81adcdab8870ccac0c6e424e34745f74c1e,6031dc4ee08b61c58b35b1efd7d764739d5c7c54dc7cbe9e9a72a1e4a7098596,675a3086cd6c4f2abd63c7d3acd419ca12dbc861,b9974a8f8c017bb8dcd4b62d614209421269020760d78e9d860a074b8cc9561f,aa748e7e398bb4d14b9afc8d4cf7a5ca8d485890223bfcd717e4bb6e950dd4ea,R2_UM_V2_DEPTH_7_selected,e754fc7f5325bb6c9ba805544db3621477b6e7fcee6cbc5a27b57e36d7002a61,development_holdout,P1,2017-04-28,999,871.1257717665349,bf965961f4835605899aabf9304acb2f35ed6b184fd84288ad0677f2e73b2647
new_p3_training,True,tuned,UM_V2_DEPTH,7,R2,3cfd389bbd05ec9201a41c0892e29bf8199198d1b216b9a8061370d4240aa583,bd1488a2d411295d7a2118c50ddcc0b158786123613af1676062e2270d1637d1,9cb89005693b1b70c102178849b740fde00b50c9ba5f3b5530d0e5749ea59837,eca954c21da074c545cb7858315ea39fee0a6f54b19e06474b4f2f91f1666847,8b90aa08a2480ce64e3784f1560ad81adcdab8870ccac0c6e424e34745f74c1e,6031dc4ee08b61c58b35b1efd7d764739d5c7c54dc7cbe9e9a72a1e4a7098596,675a3086cd6c4f2abd63c7d3acd419ca12dbc861,b9974a8f8c017bb8dcd4b62d614209421269020760d78e9d860a074b8cc9561f,aa748e7e398bb4d14b9afc8d4cf7a5ca8d485890223bfcd717e4bb6e950dd4ea,R2_UM_V2_DEPTH_7_selected,e754fc7f5325bb6c9ba805544db3621477b6e7fcee6cbc5a27b57e36d7002a61,development_holdout,P1,2017-05-02,999,865.5053669219691,cce0d6a2fcc7463edd7bab7bf31769f31d2ca37ffd8cb4925a0dcfe2c65bd426
new_p3_training,True,tuned,UM_V2_DEPTH,7,R2,3cfd389bbd05ec9201a41c0892e29bf8199198d1b216b9a8061370d4240aa583,bd1488a2d411295d7a2118c50ddcc0b158786123613af1676062e2270d1637d1,9cb89005693b1b70c102178849b740fde00b50c9ba5f3b5530d0e5749ea59837,eca954c21da074c545cb7858315ea39fee0a6f54b19e06474b4f2f91f1666847,8b90aa08a2480ce64e3784f1560ad81adcdab8870ccac0c6e424e34745f74c1e,6031dc4ee08b61c58b35b1efd7d764739d5c7c54dc7cbe9e9a72a1e4a7098596,675a3086cd6c4f2abd63c7d3acd419ca12dbc861,b9974a8f8c017bb8dcd4b62d614209421269020760d78e9d860a074b8cc9561f,aa748e7e398bb4d14b9afc8d4cf7a5ca8d485890223bfcd717e4bb6e950dd4ea,R2_UM_V2_DEPTH_7_selected,e754fc7f5325bb6c9ba805544db3621477b6e7fcee6cbc5a27b57e36d7002a61,development_holdout,P1,2017-05-04,992,785.3519536997655,eeb86c9b942ab8a9300ed1960c2c5ecf3735aeafc010e570201ac0b5c0a4388e
new_p3_training,True,tuned,UM_V2_DEPTH,7,R2,3cfd389bbd05ec9201a41c0892e29bf8199198d1b216b9a8061370d4240aa583,bd1488a2d411295d7a2118c50ddcc0b158786123613af1676062e2270d1637d1,9cb89005693b1b70c102178849b740fde00b50c9ba5f3b5530d0e5749ea59837,eca954c21da074c545cb7858315ea39fee0a6f54b19e06474b4f2f91f1666847,8b90aa08a2480ce64e3784f1560ad81adcdab8870ccac0c6e424e34745f74c1e,6031dc4ee08b61c58b35b1efd7d764739d5c7c54dc7cbe9e9a72a1e4a7098596,675a3086cd6c4f2abd63c7d3acd419ca12dbc861,b9974a8f8c017bb8dcd4b62d614209421269020760d78e9d860a074b8cc9561f,aa748e7e398bb4d14b9afc8d4cf7a5ca8d485890223bfcd717e4bb6e950dd4ea,R2_UM_V2_DEPTH_7_selected,e754fc7f5325bb6c9ba805544db3621477b6e7fcee6cbc5a27b57e36d7002a61,development_holdout,P1,2017-05-08,990,888.3925636193777,70cbae4354512e4a424731320667224421b62615bbc5119864c27fcbd5a81b06
new_p3_training,True,tuned,UM_V2_DEPTH,7,R2,3cfd389bbd05ec9201a41c0892e29bf8199198d1b216b9a8061370d4240aa583,bd1488a2d411295d7a2118c50ddcc0b158786123613af1676062e2270d1637d1,9cb89005693b1b70c102178849b740fde00b50c9ba5f3b5530d0e5749ea59837,eca954c21da074c545cb7858315ea39fee0a6f54b19e06474b4f2f91f1666847,8b90aa08a2480ce64e3784f1560ad81adcdab8870ccac0c6e424e34745f74c1e,6031dc4ee08b61c58b35b1efd7d764739d5c7c54dc7cbe9e9a72a1e4a7098596,675a3086cd6c4f2abd63c7d3acd419ca12dbc861,b9974a8f8c017bb8dcd4b62d614209421269020760d78e9d860a074b8cc9561f,aa748e7e398bb4d14b9afc8d4cf7a5ca8d485890223bfcd717e4bb6e950dd4ea,R2_UM_V2_DEPTH_7_selected,e754fc7f5325bb6c9ba805544db3621477b6e7fcee6cbc5a27b57e36d7002a61,development_holdout,P1,2017-05-10,997,1008.5053982225588,5f38610865cd1dfb35db44f167f9ccaac9348a96adf1aa5e96e9175dd6a1b8da
new_p3_training,True,tuned,UM_V2_DEPTH,7,R2,3cfd389bbd05ec9201a41c0892e29bf8199198d1b216b9a8061370d4240aa583,bd1488a2d411295d7a2118c50ddcc0b158786123613af1676062e2270d1637d1,9cb89005693b1b70c102178849b740fde00b50c9ba5f3b5530d0e5749ea59837,eca954c21da074c545cb7858315ea39fee0a6f54b19e06474b4f2f91f1666847,8b90aa08a2480ce64e3784f1560ad81adcdab8870ccac0c6e424e34745f74c1e,6031dc4ee08b61c58b35b1efd7d764739d5c7c54dc7cbe9e9a72a1e4a7098596,675a3086cd6c4f2abd63c7d3acd419ca12dbc861,b9974a8f8c017bb8dcd4b62d614209421269020760d78e9d860a074b8cc9561f,aa748e7e398bb4d14b9afc8d4cf7a5ca8d485890223bfcd717e4bb6e950dd4ea,R2_UM_V2_DEPTH_7_selected,e754fc7f5325bb6c9ba805544db3621477b6e7fcee6cbc5a27b57e36d7002a61,development_holdout,P1,2017-05-11,989,974.0352846484973,e2dba37b25200b511698c5835b7b6d7951c1898da59670d7093eb95dd11248c2
new_p3_training,True,tuned,UM_V2_DEPTH,7,R2,3cfd389bbd05ec9201a41c0892e29bf8199198d1b216b9a8061370d4240aa583,bd1488a2d411295d7a2118c50ddcc0b158786123613af1676062e2270d1637d1,9cb89005693b1b70c102178849b740fde00b50c9ba5f3b5530d0e5749ea59837,eca954c21da074c545cb7858315ea39fee0a6f54b19e06474b4f2f91f1666847,8b90aa08a2480ce64e3784f1560ad81adcdab8870ccac0c6e424e34745f74c1e,6031dc4ee08b61c58b35b1efd7d764739d5c7c54dc7cbe9e9a72a1e4a7098596,675a3086cd6c4f2abd63c7d3acd419ca12dbc861,b9974a8f8c017bb8dcd4b62d614209421269020760d78e9d860a074b8cc9561f,aa748e7e398bb4d14b9afc8d4cf7a5ca8d485890223bfcd717e4bb6e950dd4ea,R2_UM_V2_DEPTH_7_selected,e754fc7f5325bb6c9ba805544db3621477b6e7fcee6cbc5a27b57e36d7002a61,development_holdout,P1,2017-05-12,984,926.5205118569543,ee719fa14cf29d76357d96b058492e2551403c1ea40bcc508c806b4164f812f6
new_p3_training,True,tuned,UM_V2_DEPTH,7,R2,3cfd389bbd05ec9201a41c0892e29bf8199198d1b216b9a8061370d4240aa583,bd1488a2d411295d7a2118c50ddcc0b158786123613af1676062e2270d1637d1,9cb89005693b1b70c102178849b740fde00b50c9ba5f3b5530d0e5749ea59837,eca954c21da074c545cb7858315ea39fee0a6f54b19e06474b4f2f91f1666847,8b90aa08a2480ce64e3784f1560ad81adcdab8870ccac0c6e424e34745f74c1e,6031dc4ee08b61c58b35b1efd7d764739d5c7c54dc7cbe9e9a72a1e4a7098596,675a3086cd6c4f2abd63c7d3acd419ca12dbc861,b9974a8f8c017bb8dcd4b62d614209421269020760d78e9d860a074b8cc9561f,aa748e7e398bb4d14b9afc8d4cf7a5ca8d485890223bfcd717e4bb6e950dd4ea,R2_UM_V2_DEPTH_7_selected,e754fc7f5325bb6c9ba805544db3621477b6e7fcee6cbc5a27b57e36d7002a61,development_holdout,P1,2017-05-15,973,901.8039445845213,0f95bb56403422bba2cd120641094a6427423364d316c4b209fbea67051ac96a
new_p3_training,True,tuned,UM_V2_DEPTH,7,R2,3cfd389bbd05ec9201a41c0892e29bf8199198d1b216b9a8061370d4240aa583,bd1488a2d411295d7a2118c50ddcc0b158786123613af1676062e2270d1637d1,9cb89005693b1b70c102178849b740fde00b50c9ba5f3b5530d0e5749ea59837,eca954c21da074c545cb7858315ea39fee0a6f54b19e06474b4f2f91f1666847,8b90aa08a2480ce64e3784f1560ad81adcdab8870ccac0c6e424e34745f74c1e,6031dc4ee08b61c58b35b1efd7d764739d5c7c54dc7cbe9e9a72a1e4a7098596,675a3086cd6c4f2abd63c7d3acd419ca12dbc861,b9974a8f8c017bb8dcd4b62d614209421269020760d78e9d860a074b8cc9561f,aa748e7e398bb4d14b9afc8d4cf7a5ca8d485890223bfcd717e4bb6e950dd4ea,R2_UM_V2_DEPTH_7_selected,e754fc7f5325bb6c9ba805544db3621477b6e7fcee6cbc5a27b57e36d7002a61,development_holdout,P2,2017-03-24,891,874.175463006383,80ba4aac4fa71b5da7ffd5d1056b3109d89a8aae97b342b9e0ab6eb16e35fa0f
new_p3_training,True,tuned,UM_V2_DEPTH,7,R2,3cfd389bbd05ec9201a41c0892e29bf8199198d1b216b9a8061370d4240aa583,bd1488a2d411295d7a2118c50ddcc0b158786123613af1676062e2270d1637d1,9cb89005693b1b70c102178849b740fde00b50c9ba5f3b5530d0e5749ea59837,eca954c21da074c545cb7858315ea39fee0a6f54b19e06474b4f2f91f1666847,8b90aa08a2480ce64e3784f1560ad81adcdab8870ccac0c6e424e34745f74c1e,6031dc4ee08b61c58b35b1efd7d764739d5c7c54dc7cbe9e9a72a1e4a7098596,675a3086cd6c4f2abd63c7d3acd419ca12dbc861,b9974a8f8c017bb8dcd4b62d614209421269020760d78e9d860a074b8cc9561f,aa748e7e398bb4d14b9afc8d4cf7a5ca8d485890223bfcd717e4bb6e950dd4ea,R2_UM_V2_DEPTH_7_selected,e754fc7f5325bb6c9ba805544db3621477b6e7fcee6cbc5a27b57e36d7002a61,development_holdout,P2,2017-03-27,891,863.7151494024341,ba3e5d615242f5fd7b80cc370b834f41df53c81ea98023af62ecd53c9f995491
new_p3_training,True,tuned,UM_V2_DEPTH,7,R2,3cfd389bbd05ec9201a41c0892e29bf8199198d1b216b9a8061370d4240aa583,bd1488a2d411295d7a2118c50ddcc0b158786123613af1676062e2270d1637d1,9cb89005693b1b70c102178849b740fde00b50c9ba5f3b5530d0e5749ea59837,eca954c21da074c545cb7858315ea39fee0a6f54b19e06474b4f2f91f1666847,8b90aa08a2480ce64e3784f1560ad81adcdab8870ccac0c6e424e34745f74c1e,6031dc4ee08b61c58b35b1efd7d764739d5c7c54dc7cbe9e9a72a1e4a7098596,675a3086cd6c4f2abd63c7d3acd419ca12dbc861,b9974a8f8c017bb8dcd4b62d614209421269020760d78e9d860a074b8cc9561f,aa748e7e398bb4d14b9afc8d4cf7a5ca8d485890223bfcd717e4bb6e950dd4ea,R2_UM_V2_DEPTH_7_selected,e754fc7f5325bb6c9ba805544db3621477b6e7fcee6cbc5a27b57e36d7002a61,development_holdout,P2,2017-03-28,891,780.2403443419801,d07e4789945d68408216775ff4756bef26f56f3667c3f6ea0f7b6a0c2535c47e
new_p3_training,True,tuned,UM_V2_DEPTH,7,R2,3cfd389bbd05ec9201a41c0892e29bf8199198d1b216b9a8061370d4240aa583,bd1488a2d411295d7a2118c50ddcc0b158786123613af1676062e2270d1637d1,9cb89005693b1b70c102178849b740fde00b50c9ba5f3b5530d0e5749ea59837,eca954c21da074c545cb7858315ea39fee0a6f54b19e06474b4f2f91f1666847,8b90aa08a2480ce64e3784f1560ad81adcdab8870ccac0c6e424e34745f74c1e,6031dc4ee08b61c58b35b1efd7d764739d5c7c54dc7cbe9e9a72a1e4a7098596,675a3086cd6c4f2abd63c7d3acd419ca12dbc861,b9974a8f8c017bb8dcd4b62d614209421269020760d78e9d860a074b8cc9561f,aa748e7e398bb4d14b9afc8d4cf7a5ca8d485890223bfcd717e4bb6e950dd4ea,R2_UM_V2_DEPTH_7_selected,e754fc7f5325bb6c9ba805544db3621477b6e7fcee6cbc5a27b57e36d7002a61,development_holdout,P2,2017-03-29,891,827.2626931954931,f69da3ada6d560a83f2297fde2d99557f25ba831cdcf6629672b4f37d250dda2
new_p3_training,True,tuned,UM_V2_DEPTH,7,R2,3cfd389bbd05ec9201a41c0892e29bf8199198d1b216b9a8061370d4240aa583,bd1488a2d411295d7a2118c50ddcc0b158786123613af1676062e2270d1637d1,9cb89005693b1b70c102178849b740fde00b50c9ba5f3b5530d0e5749ea59837,eca954c21da074c545cb7858315ea39fee0a6f54b19e06474b4f2f91f1666847,8b90aa08a2480ce64e3784f1560ad81adcdab8870ccac0c6e424e34745f74c1e,6031dc4ee08b61c58b35b1efd7d764739d5c7c54dc7cbe9e9a72a1e4a7098596,675a3086cd6c4f2abd63c7d3acd419ca12dbc861,b9974a8f8c017bb8dcd4b62d614209421269020760d78e9d860a074b8cc9561f,aa748e7e398bb4d14b9afc8d4cf7a5ca8d485890223bfcd717e4bb6e950dd4ea,R2_UM_V2_DEPTH_7_selected,e754fc7f5325bb6c9ba805544db3621477b6e7fcee6cbc5a27b57e36d7002a61,development_holdout,P2,2017-03-30,891,778.7762487438379,6b8dd2bca5eee2c4ca226217a0b6fb5bfb4a527595de9a404cd3ea96e3b924af
new_p3_training,True,tuned,UM_V2_DEPTH,7,R2,3cfd389bbd05ec9201a41c0892e29bf8199198d1b216b9a8061370d4240aa583,bd1488a2d411295d7a2118c50ddcc0b158786123613af1676062e2270d1637d1,9cb89005693b1b70c102178849b740fde00b50c9ba5f3b5530d0e5749ea59837,eca954c21da074c545cb7858315ea39fee0a6f54b19e06474b4f2f91f1666847,8b90aa08a2480ce64e3784f1560ad81adcdab8870ccac0c6e424e34745f74c1e,6031dc4ee08b61c58b35b1efd7d764739d5c7c54dc7cbe9e9a72a1e4a7098596,675a3086cd6c4f2abd63c7d3acd419ca12dbc861,b9974a8f8c017bb8dcd4b62d614209421269020760d78e9d860a074b8cc9561f,aa748e7e398bb4d14b9afc8d4cf7a5ca8d485890223bfcd717e4bb6e950dd4ea,R2_UM_V2_DEPTH_7_selected,e754fc7f5325bb6c9ba805544db3621477b6e7fcee6cbc5a27b57e36d7002a61,development_holdout,P2,2017-03-31,891,800.8746985402536,965504d2e8f2c49c443de81a4f380470d53d1fc5fae5886627203ed386bb0c09
new_p3_training,True,tuned,UM_V2_DEPTH,7,R2,3cfd389bbd05ec9201a41c0892e29bf8199198d1b216b9a8061370d4240aa583,bd1488a2d411295d7a2118c50ddcc0b158786123613af1676062e2270d1637d1,9cb89005693b1b70c102178849b740fde00b50c9ba5f3b5530d0e5749ea59837,eca954c21da074c545cb7858315ea39fee0a6f54b19e06474b4f2f91f1666847,8b90aa08a2480ce64e3784f1560ad81adcdab8870ccac0c6e424e34745f74c1e,6031dc4ee08b61c58b35b1efd7d764739d5c7c54dc7cbe9e9a72a1e4a7098596,675a3086cd6c4f2abd63c7d3acd419ca12dbc861,b9974a8f8c017bb8dcd4b62d614209421269020760d78e9d860a074b8cc9561f,aa748e7e398bb4d14b9afc8d4cf7a5ca8d485890223bfcd717e4bb6e950dd4ea,R2_UM_V2_DEPTH_7_selected,e754fc7f5325bb6c9ba805544db3621477b6e7fcee6cbc5a27b57e36d7002a61,development_holdout,P2,2017-04-03,891,835.155816708447,768e2c2838ab42ac721be1c5feb5d989eb4801a7dcf23d339d890d7340072eb2
new_p3_training,True,tuned,UM_V2_DEPTH,7,R2,3cfd389bbd05ec9201a41c0892e29bf8199198d1b216b9a8061370d4240aa583,bd1488a2d411295d7a2118c50ddcc0b158786123613af1676062e2270d1637d1,9cb89005693b1b70c102178849b740fde00b50c9ba5f3b5530d0e5749ea59837,eca954c21da074c545cb7858315ea39fee0a6f54b19e06474b4f2f91f1666847,8b90aa08a2480ce64e3784f1560ad81adcdab8870ccac0c6e424e34745f74c1e,6031dc4ee08b61c58b35b1efd7d764739d5c7c54dc7cbe9e9a72a1e4a7098596,675a3086cd6c4f2abd63c7d3acd419ca12dbc861,b9974a8f8c017bb8dcd4b62d614209421269020760d78e9d860a074b8cc9561f,aa748e7e398bb4d14b9afc8d4cf7a5ca8d485890223bfcd717e4bb6e950dd4ea,R2_UM_V2_DEPTH_7_selected,e754fc7f5325bb6c9ba805544db3621477b6e7fcee6cbc5a27b57e36d7002a61,development_holdout,P2,2017-04-04,891,824.5616502195824,8f581a504de49d9eb33fba10ab87e1c2d1782242682bbb39d0ba1e6f1e872424
new_p3_training,True,tuned,UM_V2_DEPTH,7,R2,3cfd389bbd05ec9201a41c0892e29bf8199198d1b216b9a8061370d4240aa583,bd1488a2d411295d7a2118c50ddcc0b158786123613af1676062e2270d1637d1,9cb89005693b1b70c102178849b740fde00b50c9ba5f3b5530d0e5749ea59837,eca954c21da074c545cb7858315ea39fee0a6f54b19e06474b4f2f91f1666847,8b90aa08a2480ce64e3784f1560ad81adcdab8870ccac0c6e424e34745f74c1e,6031dc4ee08b61c58b35b1efd7d764739d5c7c54dc7cbe9e9a72a1e4a7098596,675a3086cd6c4f2abd63c7d3acd419ca12dbc861,b9974a8f8c017bb8dcd4b62d614209421269020760d78e9d860a074b8cc9561f,aa748e7e398bb4d14b9afc8d4cf7a5ca8d485890223bfcd717e4bb6e950dd4ea,R2_UM_V2_DEPTH_7_selected,e754fc7f5325bb6c9ba805544db3621477b6e7fcee6cbc5a27b57e36d7002a61,development_holdout,P2,2017-04-05,891,882.6894519135797,e2e7faf5a1da2e5beb4d901c5b0e0c0ef23640d3ccb27dbf95a82a69087b8528
new_p3_training,True,tuned,UM_V2_DEPTH,7,R2,3cfd389bbd05ec9201a41c0892e29bf8199198d1b216b9a8061370d4240aa583,bd1488a2d411295d7a2118c50ddcc0b158786123613af1676062e2270d1637d1,9cb89005693b1b70c102178849b740fde00b50c9ba5f3b5530d0e5749ea59837,eca954c21da074c545cb7858315ea39fee0a6f54b19e06474b4f2f91f1666847,8b90aa08a2480ce64e3784f1560ad81adcdab8870ccac0c6e424e34745f74c1e,6031dc4ee08b61c58b35b1efd7d764739d5c7c54dc7cbe9e9a72a1e4a7098596,675a3086cd6c4f2abd63c7d3acd419ca12dbc861,b9974a8f8c017bb8dcd4b62d614209421269020760d78e9d860a074b8cc9561f,aa748e7e398bb4d14b9afc8d4cf7a5ca8d485890223bfcd717e4bb6e950dd4ea,R2_UM_V2_DEPTH_7_selected,e754fc7f5325bb6c9ba805544db3621477b6e7fcee6cbc5a27b57e36d7002a61,development_holdout,P2,2017-04-06,891,778.8838580203482,7edafe7109128f41569ec060c95d7bfe4a0d2c9aced8cccd4d4fd56b6f5570a0
new_p3_training,True,tuned,UM_V2_DEPTH,7,R2,3cfd389bbd05ec9201a41c0892e29bf8199198d1b216b9a8061370d4240aa583,bd1488a2d411295d7a2118c50ddcc0b158786123613af1676062e2270d1637d1,9cb89005693b1b70c102178849b740fde00b50c9ba5f3b5530d0e5749ea59837,eca954c21da074c545cb7858315ea39fee0a6f54b19e06474b4f2f91f1666847,8b90aa08a2480ce64e3784f1560ad81adcdab8870ccac0c6e424e34745f74c1e,6031dc4ee08b61c58b35b1efd7d764739d5c7c54dc7cbe9e9a72a1e4a7098596,675a3086cd6c4f2abd63c7d3acd419ca12dbc861,b9974a8f8c017bb8dcd4b62d614209421269020760d78e9d860a074b8cc9561f,aa748e7e398bb4d14b9afc8d4cf7a5ca8d485890223bfcd717e4bb6e950dd4ea,R2_UM_V2_DEPTH_7_selected,e754fc7f5325bb6c9ba805544db3621477b6e7fcee6cbc5a27b57e36d7002a61,development_holdout,P2,2017-04-07,891,810.5194973291294,98b01cb8181991e3c5e84ff4b14cb0fd58afe8fd914bb922db5f918873bc534d
new_p3_training,True,tuned,UM_V2_DEPTH,7,R2,3cfd389bbd05ec9201a41c0892e29bf8199198d1b216b9a8061370d4240aa583,bd1488a2d411295d7a2118c50ddcc0b158786123613af1676062e2270d1637d1,9cb89005693b1b70c102178849b740fde00b50c9ba5f3b5530d0e5749ea59837,eca954c21da074c545cb7858315ea39fee0a6f54b19e06474b4f2f91f1666847,8b90aa08a2480ce64e3784f1560ad81adcdab8870ccac0c6e424e34745f74c1e,6031dc4ee08b61c58b35b1efd7d764739d5c7c54dc7cbe9e9a72a1e4a7098596,675a3086cd6c4f2abd63c7d3acd419ca12dbc861,b9974a8f8c017bb8dcd4b62d614209421269020760d78e9d860a074b8cc9561f,aa748e7e398bb4d14b9afc8d4cf7a5ca8d485890223bfcd717e4bb6e950dd4ea,R2_UM_V2_DEPTH_7_selected,e754fc7f5325bb6c9ba805544db3621477b6e7fcee6cbc5a27b57e36d7002a61,development_holdout,P2,2017-04-10,891,827.6723566245785,a883092bc21fe99d5bdc47899392287822c48370f7b9ee2424749ce2342d95e5
new_p3_training,True,tuned,UM_V2_DEPTH,7,R2,3cfd389bbd05ec9201a41c0892e29bf8199198d1b216b9a8061370d4240aa583,bd1488a2d411295d7a2118c50ddcc0b158786123613af1676062e2270d1637d1,9cb89005693b1b70c102178849b740fde00b50c9ba5f3b5530d0e5749ea59837,eca954c21da074c545cb7858315ea39fee0a6f54b19e06474b4f2f91f1666847,8b90aa08a2480ce64e3784f1560ad81adcdab8870ccac0c6e424e34745f74c1e,6031dc4ee08b61c58b35b1efd7d764739d5c7c54dc7cbe9e9a72a1e4a7098596,675a3086cd6c4f2abd63c7d3acd419ca12dbc861,b9974a8f8c017bb8dcd4b62d614209421269020760d78e9d860a074b8cc9561f,aa748e7e398bb4d14b9afc8d4cf7a5ca8d485890223bfcd717e4bb6e950dd4ea,R2_UM_V2_DEPTH_7_selected,e754fc7f5325bb6c9ba805544db3621477b6e7fcee6cbc5a27b57e36d7002a61,development_holdout,P2,2017-04-11,891,796.0656404270488,ea526f8445872331836ea60220f0149ddb20a9902353bc53f5efcc1c9adf5152
new_p3_training,True,tuned,UM_V2_DEPTH,7,R2,3cfd389bbd05ec9201a41c0892e29bf8199198d1b216b9a8061370d4240aa583,bd1488a2d411295d7a2118c50ddcc0b158786123613af1676062e2270d1637d1,9cb89005693b1b70c102178849b740fde00b50c9ba5f3b5530d0e5749ea59837,eca954c21da074c545cb7858315ea39fee0a6f54b19e06474b4f2f91f1666847,8b90aa08a2480ce64e3784f1560ad81adcdab8870ccac0c6e424e34745f74c1e,6031dc4ee08b61c58b35b1efd7d764739d5c7c54dc7cbe9e9a72a1e4a7098596,675a3086cd6c4f2abd63c7d3acd419ca12dbc861,b9974a8f8c017bb8dcd4b62d614209421269020760d78e9d860a074b8cc9561f,aa748e7e398bb4d14b9afc8d4cf7a5ca8d485890223bfcd717e4bb6e950dd4ea,R2_UM_V2_DEPTH_7_selected,e754fc7f5325bb6c9ba805544db3621477b6e7fcee6cbc5a27b57e36d7002a61,development_holdout,P2,2017-04-12,891,760.7228013984037,42e8c3fccbe3b18656b41f3fd83cefc7fcca9db0f7f0b79ff93997bbade4f483
new_p3_training,True,tuned,UM_V2_DEPTH,7,R2,3cfd389bbd05ec9201a41c0892e29bf8199198d1b216b9a8061370d4240aa583,bd1488a2d411295d7a2118c50ddcc0b158786123613af1676062e2270d1637d1,9cb89005693b1b70c102178849b740fde00b50c9ba5f3b5530d0e5749ea59837,eca954c21da074c545cb7858315ea39fee0a6f54b19e06474b4f2f91f1666847,8b90aa08a2480ce64e3784f1560ad81adcdab8870ccac0c6e424e34745f74c1e,6031dc4ee08b61c58b35b1efd7d764739d5c7c54dc7cbe9e9a72a1e4a7098596,675a3086cd6c4f2abd63c7d3acd419ca12dbc861,b9974a8f8c017bb8dcd4b62d614209421269020760d78e9d860a074b8cc9561f,aa748e7e398bb4d14b9afc8d4cf7a5ca8d485890223bfcd717e4bb6e950dd4ea,R2_UM_V2_DEPTH_7_selected,e754fc7f5325bb6c9ba805544db3621477b6e7fcee6cbc5a27b57e36d7002a61,development_holdout,P2,2017-04-13,891,832.6417622443794,6543f9aeda036f5d0579a8d123dcf4e72a12ce4865c0cf6d37f6690368b6f207
new_p3_training,True,tuned,UM_V2_DEPTH,7,R2,3cfd389bbd05ec9201a41c0892e29bf8199198d1b216b9a8061370d4240aa583,bd1488a2d411295d7a2118c50ddcc0b158786123613af1676062e2270d1637d1,9cb89005693b1b70c102178849b740fde00b50c9ba5f3b5530d0e5749ea59837,eca954c21da074c545cb7858315ea39fee0a6f54b19e06474b4f2f91f1666847,8b90aa08a2480ce64e3784f1560ad81adcdab8870ccac0c6e424e34745f74c1e,6031dc4ee08b61c58b35b1efd7d764739d5c7c54dc7cbe9e9a72a1e4a7098596,675a3086cd6c4f2abd63c7d3acd419ca12dbc861,b9974a8f8c017bb8dcd4b62d614209421269020760d78e9d860a074b8cc9561f,aa748e7e398bb4d14b9afc8d4cf7a5ca8d485890223bfcd717e4bb6e950dd4ea,R2_UM_V2_DEPTH_7_selected,e754fc7f5325bb6c9ba805544db3621477b6e7fcee6cbc5a27b57e36d7002a61,development_holdout,P2,2017-04-14,891,838.1563818913244,9f95c0b242498325b01eb804472ba704bbb16ed6d101bd072bdc7333e8c6eab8
new_p3_training,True,tuned,UM_V2_DEPTH,7,R2,3cfd389bbd05ec9201a41c0892e29bf8199198d1b216b9a8061370d4240aa583,bd1488a2d411295d7a2118c50ddcc0b158786123613af1676062e2270d1637d1,9cb89005693b1b70c102178849b740fde00b50c9ba5f3b5530d0e5749ea59837,eca954c21da074c545cb7858315ea39fee0a6f54b19e06474b4f2f91f1666847,8b90aa08a2480ce64e3784f1560ad81adcdab8870ccac0c6e424e34745f74c1e,6031dc4ee08b61c58b35b1efd7d764739d5c7c54dc7cbe9e9a72a1e4a7098596,675a3086cd6c4f2abd63c7d3acd419ca12dbc861,b9974a8f8c017bb8dcd4b62d614209421269020760d78e9d860a074b8cc9561f,aa748e7e398bb4d14b9afc8d4cf7a5ca8d485890223bfcd717e4bb6e950dd4ea,R2_UM_V2_DEPTH_7_selected,e754fc7f5325bb6c9ba805544db3621477b6e7fcee6cbc5a27b57e36d7002a61,development_holdout,P2,2017-04-17,891,767.8085488792872,3be9c9602cf5b74b87199008c8d4d7fa3721600c68143b379f1c8dffca97f539
new_p3_training,True,tuned,UM_V2_DEPTH,7,R2,3cfd389bbd05ec9201a41c0892e29bf8199198d1b216b9a8061370d4240aa583,bd1488a2d411295d7a2118c50ddcc0b158786123613af1676062e2270d1637d1,9cb89005693b1b70c102178849b740fde00b50c9ba5f3b5530d0e5749ea59837,eca954c21da074c545cb7858315ea39fee0a6f54b19e06474b4f2f91f1666847,8b90aa08a2480ce64e3784f1560ad81adcdab8870ccac0c6e424e34745f74c1e,6031dc4ee08b61c58b35b1efd7d764739d5c7c54dc7cbe9e9a72a1e4a7098596,675a3086cd6c4f2abd63c7d3acd419ca12dbc861,b9974a8f8c017bb8dcd4b62d614209421269020760d78e9d860a074b8cc9561f,aa748e7e398bb4d14b9afc8d4cf7a5ca8d485890223bfcd717e4bb6e950dd4ea,R2_UM_V2_DEPTH_7_selected,e754fc7f5325bb6c9ba805544db3621477b6e7fcee6cbc5a27b57e36d7002a61,development_holdout,P2,2017-04-18,891,770.0746224249311,1b91eef38374287daf83d73b5f7cd3d6addabe70e855d2a31ca0b3874d822bfa
new_p3_training,True,tuned,UM_V2_DEPTH,7,R2,3cfd389bbd05ec9201a41c0892e29bf8199198d1b216b9a8061370d4240aa583,bd1488a2d411295d7a2118c50ddcc0b158786123613af1676062e2270d1637d1,9cb89005693b1b70c102178849b740fde00b50c9ba5f3b5530d0e5749ea59837,eca954c21da074c545cb7858315ea39fee0a6f54b19e06474b4f2f91f1666847,8b90aa08a2480ce64e3784f1560ad81adcdab8870ccac0c6e424e34745f74c1e,6031dc4ee08b61c58b35b1efd7d764739d5c7c54dc7cbe9e9a72a1e4a7098596,675a3086cd6c4f2abd63c7d3acd419ca12dbc861,b9974a8f8c017bb8dcd4b62d614209421269020760d78e9d860a074b8cc9561f,aa748e7e398bb4d14b9afc8d4cf7a5ca8d485890223bfcd717e4bb6e950dd4ea,R2_UM_V2_DEPTH_7_selected,e754fc7f5325bb6c9ba805544db3621477b6e7fcee6cbc5a27b57e36d7002a61,development_holdout,P2,2017-04-19,891,800.2758332828216,95c83b13fb58d92e851e4420a214a7faa584f62c92838103939e67c13893d675
new_p3_training,True,tuned,UM_V2_DEPTH,7,R2,3cfd389bbd05ec9201a41c0892e29bf8199198d1b216b9a8061370d4240aa583,bd1488a2d411295d7a2118c50ddcc0b158786123613af1676062e2270d1637d1,9cb89005693b1b70c102178849b740fde00b50c9ba5f3b5530d0e5749ea59837,eca954c21da074c545cb7858315ea39fee0a6f54b19e06474b4f2f91f1666847,8b90aa08a2480ce64e3784f1560ad81adcdab8870ccac0c6e424e34745f74c1e,6031dc4ee08b61c58b35b1efd7d764739d5c7c54dc7cbe9e9a72a1e4a7098596,675a3086cd6c4f2abd63c7d3acd419ca12dbc861,b9974a8f8c017bb8dcd4b62d614209421269020760d78e9d860a074b8cc9561f,aa748e7e398bb4d14b9afc8d4cf7a5ca8d485890223bfcd717e4bb6e950dd4ea,R2_UM_V2_DEPTH_7_selected,e754fc7f5325bb6c9ba805544db3621477b6e7fcee6cbc5a27b57e36d7002a61,development_holdout,P2,2017-04-20,891,810.5924563731398,84fc2840a0b6c0cacc197463d20976123c1ad4b85f3e0e9cfadef964f6f12134
new_p3_training,True,tuned,UM_V2_DEPTH,7,R2,3cfd389bbd05ec9201a41c0892e29bf8199198d1b216b9a8061370d4240aa583,bd1488a2d411295d7a2118c50ddcc0b158786123613af1676062e2270d1637d1,9cb89005693b1b70c102178849b740fde00b50c9ba5f3b5530d0e5749ea59837,eca954c21da074c545cb7858315ea39fee0a6f54b19e06474b4f2f91f1666847,8b90aa08a2480ce64e3784f1560ad81adcdab8870ccac0c6e424e34745f74c1e,6031dc4ee08b61c58b35b1efd7d764739d5c7c54dc7cbe9e9a72a1e4a7098596,675a3086cd6c4f2abd63c7d3acd419ca12dbc861,b9974a8f8c017bb8dcd4b62d614209421269020760d78e9d860a074b8cc9561f,aa748e7e398bb4d14b9afc8d4cf7a5ca8d485890223bfcd717e4bb6e950dd4ea,R2_UM_V2_DEPTH_7_selected,e754fc7f5325bb6c9ba805544db3621477b6e7fcee6cbc5a27b57e36d7002a61,development_holdout,P2,2017-04-21,891,750.6209295838374,ba8138c44667f4eb0e7ee1b0b673bb5d2e16069d957b1887ff9544521cd00289
new_p3_training,True,tuned,UM_V2_DEPTH,7,R2,3cfd389bbd05ec9201a41c0892e29bf8199198d1b216b9a8061370d4240aa583,bd1488a2d411295d7a2118c50ddcc0b158786123613af1676062e2270d1637d1,9cb89005693b1b70c102178849b740fde00b50c9ba5f3b5530d0e5749ea59837,eca954c21da074c545cb7858315ea39fee0a6f54b19e06474b4f2f91f1666847,8b90aa08a2480ce64e3784f1560ad81adcdab8870ccac0c6e424e34745f74c1e,6031dc4ee08b61c58b35b1efd7d764739d5c7c54dc7cbe9e9a72a1e4a7098596,675a3086cd6c4f2abd63c7d3acd419ca12dbc861,b9974a8f8c017bb8dcd4b62d614209421269020760d78e9d860a074b8cc9561f,aa748e7e398bb4d14b9afc8d4cf7a5ca8d485890223bfcd717e4bb6e950dd4ea,R2_UM_V2_DEPTH_7_selected,e754fc7f5325bb6c9ba805544db3621477b6e7fcee6cbc5a27b57e36d7002a61,development_holdout,P2,2017-04-24,891,807.989047656603,20591e06aae001998fb3ec46ef10095f8f403c1b048876ed87a9c4ac12d43ded
new_p3_training,True,tuned,UM_V2_DEPTH,7,R2,3cfd389bbd05ec9201a41c0892e29bf8199198d1b216b9a8061370d4240aa583,bd1488a2d411295d7a2118c50ddcc0b158786123613af1676062e2270d1637d1,9cb89005693b1b70c102178849b740fde00b50c9ba5f3b5530d0e5749ea59837,eca954c21da074c545cb7858315ea39fee0a6f54b19e06474b4f2f91f1666847,8b90aa08a2480ce64e3784f1560ad81adcdab8870ccac0c6e424e34745f74c1e,6031dc4ee08b61c58b35b1efd7d764739d5c7c54dc7cbe9e9a72a1e4a7098596,675a3086cd6c4f2abd63c7d3acd419ca12dbc861,b9974a8f8c017bb8dcd4b62d614209421269020760d78e9d860a074b8cc9561f,aa748e7e398bb4d14b9afc8d4cf7a5ca8d485890223bfcd717e4bb6e950dd4ea,R2_UM_V2_DEPTH_7_selected,e754fc7f5325bb6c9ba805544db3621477b6e7fcee6cbc5a27b57e36d7002a61,development_holdout,P2,2017-04-25,891,789.6123216399129,c687f523cce40ad0e7ca40a45fdead00edd7ad5a18871a881b33faafb434ea12
new_p3_training,True,tuned,UM_V2_DEPTH,7,R2,3cfd389bbd05ec9201a41c0892e29bf8199198d1b216b9a8061370d4240aa583,bd1488a2d411295d7a2118c50ddcc0b158786123613af1676062e2270d1637d1,9cb89005693b1b70c102178849b740fde00b50c9ba5f3b5530d0e5749ea59837,eca954c21da074c545cb7858315ea39fee0a6f54b19e06474b4f2f91f1666847,8b90aa08a2480ce64e3784f1560ad81adcdab8870ccac0c6e424e34745f74c1e,6031dc4ee08b61c58b35b1efd7d764739d5c7c54dc7cbe9e9a72a1e4a7098596,675a3086cd6c4f2abd63c7d3acd419ca12dbc861,b9974a8f8c017bb8dcd4b62d614209421269020760d78e9d860a074b8cc9561f,aa748e7e398bb4d14b9afc8d4cf7a5ca8d485890223bfcd717e4bb6e950dd4ea,R2_UM_V2_DEPTH_7_selected,e754fc7f5325bb6c9ba805544db3621477b6e7fcee6cbc5a27b57e36d7002a61,development_holdout,P2,2017-04-26,891,771.720264576419,0d1b486da189154830d88e1fa7f9902062f8a24a792aa08c806dc266f189e12e
new_p3_training,True,tuned,UM_V2_DEPTH,7,R2,3cfd389bbd05ec9201a41c0892e29bf8199198d1b216b9a8061370d4240aa583,bd1488a2d411295d7a2118c50ddcc0b158786123613af1676062e2270d1637d1,9cb89005693b1b70c102178849b740fde00b50c9ba5f3b5530d0e5749ea59837,eca954c21da074c545cb7858315ea39fee0a6f54b19e06474b4f2f91f1666847,8b90aa08a2480ce64e3784f1560ad81adcdab8870ccac0c6e424e34745f74c1e,6031dc4ee08b61c58b35b1efd7d764739d5c7c54dc7cbe9e9a72a1e4a7098596,675a3086cd6c4f2abd63c7d3acd419ca12dbc861,b9974a8f8c017bb8dcd4b62d614209421269020760d78e9d860a074b8cc9561f,aa748e7e398bb4d14b9afc8d4cf7a5ca8d485890223bfcd717e4bb6e950dd4ea,R2_UM_V2_DEPTH_7_selected,e754fc7f5325bb6c9ba805544db3621477b6e7fcee6cbc5a27b57e36d7002a61,development_holdout,P2,2017-04-27,891,791.1507091168179,4c47255632375847f997ccea085f31600fd44db6effb7c3522081b89ebf757ef
new_p3_training,True,tuned,UM_V2_DEPTH,7,R2,3cfd389bbd05ec9201a41c0892e29bf8199198d1b216b9a8061370d4240aa583,bd1488a2d411295d7a2118c50ddcc0b158786123613af1676062e2270d1637d1,9cb89005693b1b70c102178849b740fde00b50c9ba5f3b5530d0e5749ea59837,eca954c21da074c545cb7858315ea39fee0a6f54b19e06474b4f2f91f1666847,8b90aa08a2480ce64e3784f1560ad81adcdab8870ccac0c6e424e34745f74c1e,6031dc4ee08b61c58b35b1efd7d764739d5c7c54dc7cbe9e9a72a1e4a7098596,675a3086cd6c4f2abd63c7d3acd419ca12dbc861,b9974a8f8c017bb8dcd4b62d614209421269020760d78e9d860a074b8cc9561f,aa748e7e398bb4d14b9afc8d4cf7a5ca8d485890223bfcd717e4bb6e950dd4ea,R2_UM_V2_DEPTH_7_selected,e754fc7f5325bb6c9ba805544db3621477b6e7fcee6cbc5a27b57e36d7002a61,development_holdout,P2,2017-04-28,891,781.9786772920039,14c54fe449db4cbbbc31bcfcf2747995c479a45122d5dd01d07ae24fe7e71e44
new_p3_training,True,tuned,UM_V2_DEPTH,7,R2,3cfd389bbd05ec9201a41c0892e29bf8199198d1b216b9a8061370d4240aa583,bd1488a2d411295d7a2118c50ddcc0b158786123613af1676062e2270d1637d1,9cb89005693b1b70c102178849b740fde00b50c9ba5f3b5530d0e5749ea59837,eca954c21da074c545cb7858315ea39fee0a6f54b19e06474b4f2f91f1666847,8b90aa08a2480ce64e3784f1560ad81adcdab8870ccac0c6e424e34745f74c1e,6031dc4ee08b61c58b35b1efd7d764739d5c7c54dc7cbe9e9a72a1e4a7098596,675a3086cd6c4f2abd63c7d3acd419ca12dbc861,b9974a8f8c017bb8dcd4b62d614209421269020760d78e9d860a074b8cc9561f,aa748e7e398bb4d14b9afc8d4cf7a5ca8d485890223bfcd717e4bb6e950dd4ea,R2_UM_V2_DEPTH_7_selected,e754fc7f5325bb6c9ba805544db3621477b6e7fcee6cbc5a27b57e36d7002a61,development_holdout,P2,2017-05-02,891,769.7372375129244,1b3c37a040e7d9d3b25c7271e55741f0a6d74f55e151ea8a6150c8585cd9ea7f
new_p3_training,True,tuned,UM_V2_DEPTH,7,R2,3cfd389bbd05ec9201a41c0892e29bf8199198d1b216b9a8061370d4240aa583,bd1488a2d411295d7a2118c50ddcc0b158786123613af1676062e2270d1637d1,9cb89005693b1b70c102178849b740fde00b50c9ba5f3b5530d0e5749ea59837,eca954c21da074c545cb7858315ea39fee0a6f54b19e06474b4f2f91f1666847,8b90aa08a2480ce64e3784f1560ad81adcdab8870ccac0c6e424e34745f74c1e,6031dc4ee08b61c58b35b1efd7d764739d5c7c54dc7cbe9e9a72a1e4a7098596,675a3086cd6c4f2abd63c7d3acd419ca12dbc861,b9974a8f8c017bb8dcd4b62d614209421269020760d78e9d860a074b8cc9561f,aa748e7e398bb4d14b9afc8d4cf7a5ca8d485890223bfcd717e4bb6e950dd4ea,R2_UM_V2_DEPTH_7_selected,e754fc7f5325bb6c9ba805544db3621477b6e7fcee6cbc5a27b57e36d7002a61,development_holdout,P2,2017-05-04,891,718.1294333713574,9a9aa975cc4a17d5482989354bd9ef7c1e1200fd1e285ff923be9d23d92b8e43
new_p3_training,True,tuned,UM_V2_DEPTH,7,R2,3cfd389bbd05ec9201a41c0892e29bf8199198d1b216b9a8061370d4240aa583,bd1488a2d411295d7a2118c50ddcc0b158786123613af1676062e2270d1637d1,9cb89005693b1b70c102178849b740fde00b50c9ba5f3b5530d0e5749ea59837,eca954c21da074c545cb7858315ea39fee0a6f54b19e06474b4f2f91f1666847,8b90aa08a2480ce64e3784f1560ad81adcdab8870ccac0c6e424e34745f74c1e,6031dc4ee08b61c58b35b1efd7d764739d5c7c54dc7cbe9e9a72a1e4a7098596,675a3086cd6c4f2abd63c7d3acd419ca12dbc861,b9974a8f8c017bb8dcd4b62d614209421269020760d78e9d860a074b8cc9561f,aa748e7e398bb4d14b9afc8d4cf7a5ca8d485890223bfcd717e4bb6e950dd4ea,R2_UM_V2_DEPTH_7_selected,e754fc7f5325bb6c9ba805544db3621477b6e7fcee6cbc5a27b57e36d7002a61,development_holdout,P2,2017-05-08,891,780.352074422608,a309d546d8ae42b321f17ea2340948f7b6c8c6e978be27744dfc713d8e4373cf
new_p3_training,True,tuned,UM_V2_DEPTH,7,R2,3cfd389bbd05ec9201a41c0892e29bf8199198d1b216b9a8061370d4240aa583,bd1488a2d411295d7a2118c50ddcc0b158786123613af1676062e2270d1637d1,9cb89005693b1b70c102178849b740fde00b50c9ba5f3b5530d0e5749ea59837,eca954c21da074c545cb7858315ea39fee0a6f54b19e06474b4f2f91f1666847,8b90aa08a2480ce64e3784f1560ad81adcdab8870ccac0c6e424e34745f74c1e,6031dc4ee08b61c58b35b1efd7d764739d5c7c54dc7cbe9e9a72a1e4a7098596,675a3086cd6c4f2abd63c7d3acd419ca12dbc861,b9974a8f8c017bb8dcd4b62d614209421269020760d78e9d860a074b8cc9561f,aa748e7e398bb4d14b9afc8d4cf7a5ca8d485890223bfcd717e4bb6e950dd4ea,R2_UM_V2_DEPTH_7_selected,e754fc7f5325bb6c9ba805544db3621477b6e7fcee6cbc5a27b57e36d7002a61,development_holdout,P2,2017-05-10,891,912.1098764852368,610782802de9fd4ab67d97400eb577f9814fa0cba3a690f96b34067f884b1604
new_p3_training,True,tuned,UM_V2_DEPTH,7,R2,3cfd389bbd05ec9201a41c0892e29bf8199198d1b216b9a8061370d4240aa583,bd1488a2d411295d7a2118c50ddcc0b158786123613af1676062e2270d1637d1,9cb89005693b1b70c102178849b740fde00b50c9ba5f3b5530d0e5749ea59837,eca954c21da074c545cb7858315ea39fee0a6f54b19e06474b4f2f91f1666847,8b90aa08a2480ce64e3784f1560ad81adcdab8870ccac0c6e424e34745f74c1e,6031dc4ee08b61c58b35b1efd7d764739d5c7c54dc7cbe9e9a72a1e4a7098596,675a3086cd6c4f2abd63c7d3acd419ca12dbc861,b9974a8f8c017bb8dcd4b62d614209421269020760d78e9d860a074b8cc9561f,aa748e7e398bb4d14b9afc8d4cf7a5ca8d485890223bfcd717e4bb6e950dd4ea,R2_UM_V2_DEPTH_7_selected,e754fc7f5325bb6c9ba805544db3621477b6e7fcee6cbc5a27b57e36d7002a61,development_holdout,P2,2017-05-11,891,869.3446067845991,d9e7d6a1603c8e08aa278c41d92674b18599bd645b1eee0447f919957b8dec56
new_p3_training,True,tuned,UM_V2_DEPTH,7,R2,3cfd389bbd05ec9201a41c0892e29bf8199198d1b216b9a8061370d4240aa583,bd1488a2d411295d7a2118c50ddcc0b158786123613af1676062e2270d1637d1,9cb89005693b1b70c102178849b740fde00b50c9ba5f3b5530d0e5749ea59837,eca954c21da074c545cb7858315ea39fee0a6f54b19e06474b4f2f91f1666847,8b90aa08a2480ce64e3784f1560ad81adcdab8870ccac0c6e424e34745f74c1e,6031dc4ee08b61c58b35b1efd7d764739d5c7c54dc7cbe9e9a72a1e4a7098596,675a3086cd6c4f2abd63c7d3acd419ca12dbc861,b9974a8f8c017bb8dcd4b62d614209421269020760d78e9d860a074b8cc9561f,aa748e7e398bb4d14b9afc8d4cf7a5ca8d485890223bfcd717e4bb6e950dd4ea,R2_UM_V2_DEPTH_7_selected,e754fc7f5325bb6c9ba805544db3621477b6e7fcee6cbc5a27b57e36d7002a61,development_holdout,P2,2017-05-12,891,844.7080414388604,6aa3afae9adfed85b57bc184dfb6214b41f799882d2cb086d558358fa57f0e19
new_p3_training,True,tuned,UM_V2_DEPTH,7,R2,3cfd389bbd05ec9201a41c0892e29bf8199198d1b216b9a8061370d4240aa583,bd1488a2d411295d7a2118c50ddcc0b158786123613af1676062e2270d1637d1,9cb89005693b1b70c102178849b740fde00b50c9ba5f3b5530d0e5749ea59837,eca954c21da074c545cb7858315ea39fee0a6f54b19e06474b4f2f91f1666847,8b90aa08a2480ce64e3784f1560ad81adcdab8870ccac0c6e424e34745f74c1e,6031dc4ee08b61c58b35b1efd7d764739d5c7c54dc7cbe9e9a72a1e4a7098596,675a3086cd6c4f2abd63c7d3acd419ca12dbc861,b9974a8f8c017bb8dcd4b62d614209421269020760d78e9d860a074b8cc9561f,aa748e7e398bb4d14b9afc8d4cf7a5ca8d485890223bfcd717e4bb6e950dd4ea,R2_UM_V2_DEPTH_7_selected,e754fc7f5325bb6c9ba805544db3621477b6e7fcee6cbc5a27b57e36d7002a61,development_holdout,P2,2017-05-15,891,831.3119100719588,9002e317de263a7d87090b2bf73212a0eadbc7ff39a2ce8991e4e0b3cd2b783d
new_p3_training,True,tuned,UM_V2_DEPTH,7,R2,3cfd389bbd05ec9201a41c0892e29bf8199198d1b216b9a8061370d4240aa583,bd1488a2d411295d7a2118c50ddcc0b158786123613af1676062e2270d1637d1,9cb89005693b1b70c102178849b740fde00b50c9ba5f3b5530d0e5749ea59837,eca954c21da074c545cb7858315ea39fee0a6f54b19e06474b4f2f91f1666847,8b90aa08a2480ce64e3784f1560ad81adcdab8870ccac0c6e424e34745f74c1e,6031dc4ee08b61c58b35b1efd7d764739d5c7c54dc7cbe9e9a72a1e4a7098596,675a3086cd6c4f2abd63c7d3acd419ca12dbc861,b9974a8f8c017bb8dcd4b62d614209421269020760d78e9d860a074b8cc9561f,aa748e7e398bb4d14b9afc8d4cf7a5ca8d485890223bfcd717e4bb6e950dd4ea,R2_UM_V2_DEPTH_7_selected,e754fc7f5325bb6c9ba805544db3621477b6e7fcee6cbc5a27b57e36d7002a61,development_holdout,P3,2017-03-24,869,838.3217431820033,48f347f47ada44b6a1ff84cf0af5a16bb244f3ff0d30bfa5b332ed7461976032
new_p3_training,True,tuned,UM_V2_DEPTH,7,R2,3cfd389bbd05ec9201a41c0892e29bf8199198d1b216b9a8061370d4240aa583,bd1488a2d411295d7a2118c50ddcc0b158786123613af1676062e2270d1637d1,9cb89005693b1b70c102178849b740fde00b50c9ba5f3b5530d0e5749ea59837,eca954c21da074c545cb7858315ea39fee0a6f54b19e06474b4f2f91f1666847,8b90aa08a2480ce64e3784f1560ad81adcdab8870ccac0c6e424e34745f74c1e,6031dc4ee08b61c58b35b1efd7d764739d5c7c54dc7cbe9e9a72a1e4a7098596,675a3086cd6c4f2abd63c7d3acd419ca12dbc861,b9974a8f8c017bb8dcd4b62d614209421269020760d78e9d860a074b8cc9561f,aa748e7e398bb4d14b9afc8d4cf7a5ca8d485890223bfcd717e4bb6e950dd4ea,R2_UM_V2_DEPTH_7_selected,e754fc7f5325bb6c9ba805544db3621477b6e7fcee6cbc5a27b57e36d7002a61,development_holdout,P3,2017-03-27,881,847.2198207620112,c1f046687d92634b330c00d8d65a695ddfab4eecb10e621cc4ab7e1ed2a98d1c
new_p3_training,True,tuned,UM_V2_DEPTH,7,R2,3cfd389bbd05ec9201a41c0892e29bf8199198d1b216b9a8061370d4240aa583,bd1488a2d411295d7a2118c50ddcc0b158786123613af1676062e2270d1637d1,9cb89005693b1b70c102178849b740fde00b50c9ba5f3b5530d0e5749ea59837,eca954c21da074c545cb7858315ea39fee0a6f54b19e06474b4f2f91f1666847,8b90aa08a2480ce64e3784f1560ad81adcdab8870ccac0c6e424e34745f74c1e,6031dc4ee08b61c58b35b1efd7d764739d5c7c54dc7cbe9e9a72a1e4a7098596,675a3086cd6c4f2abd63c7d3acd419ca12dbc861,b9974a8f8c017bb8dcd4b62d614209421269020760d78e9d860a074b8cc9561f,aa748e7e398bb4d14b9afc8d4cf7a5ca8d485890223bfcd717e4bb6e950dd4ea,R2_UM_V2_DEPTH_7_selected,e754fc7f5325bb6c9ba805544db3621477b6e7fcee6cbc5a27b57e36d7002a61,development_holdout,P3,2017-03-28,879,763.939221518886,22ba6711ec9c1b51ddd0fd5b72a42194c407e5b26b7871d0c2b1d9cda9f91839
new_p3_training,True,tuned,UM_V2_DEPTH,7,R2,3cfd389bbd05ec9201a41c0892e29bf8199198d1b216b9a8061370d4240aa583,bd1488a2d411295d7a2118c50ddcc0b158786123613af1676062e2270d1637d1,9cb89005693b1b70c102178849b740fde00b50c9ba5f3b5530d0e5749ea59837,eca954c21da074c545cb7858315ea39fee0a6f54b19e06474b4f2f91f1666847,8b90aa08a2480ce64e3784f1560ad81adcdab8870ccac0c6e424e34745f74c1e,6031dc4ee08b61c58b35b1efd7d764739d5c7c54dc7cbe9e9a72a1e4a7098596,675a3086cd6c4f2abd63c7d3acd419ca12dbc861,b9974a8f8c017bb8dcd4b62d614209421269020760d78e9d860a074b8cc9561f,aa748e7e398bb4d14b9afc8d4cf7a5ca8d485890223bfcd717e4bb6e950dd4ea,R2_UM_V2_DEPTH_7_selected,e754fc7f5325bb6c9ba805544db3621477b6e7fcee6cbc5a27b57e36d7002a61,development_holdout,P3,2017-03-29,881,818.4745964572328,04a3a032e549eade216bce402275274f855cfc3f07f0ebff873939de0c2f9a8c
new_p3_training,True,tuned,UM_V2_DEPTH,7,R2,3cfd389bbd05ec9201a41c0892e29bf8199198d1b216b9a8061370d4240aa583,bd1488a2d411295d7a2118c50ddcc0b158786123613af1676062e2270d1637d1,9cb89005693b1b70c102178849b740fde00b50c9ba5f3b5530d0e5749ea59837,eca954c21da074c545cb7858315ea39fee0a6f54b19e06474b4f2f91f1666847,8b90aa08a2480ce64e3784f1560ad81adcdab8870ccac0c6e424e34745f74c1e,6031dc4ee08b61c58b35b1efd7d764739d5c7c54dc7cbe9e9a72a1e4a7098596,675a3086cd6c4f2abd63c7d3acd419ca12dbc861,b9974a8f8c017bb8dcd4b62d614209421269020760d78e9d860a074b8cc9561f,aa748e7e398bb4d14b9afc8d4cf7a5ca8d485890223bfcd717e4bb6e950dd4ea,R2_UM_V2_DEPTH_7_selected,e754fc7f5325bb6c9ba805544db3621477b6e7fcee6cbc5a27b57e36d7002a61,development_holdout,P3,2017-03-30,879,762.2107393691476,d30e6d98b18aeee624a2edd3e3cd688c3e9f83a83189d939efb58f08aa235335
new_p3_training,True,tuned,UM_V2_DEPTH,7,R2,3cfd389bbd05ec9201a41c0892e29bf8199198d1b216b9a8061370d4240aa583,bd1488a2d411295d7a2118c50ddcc0b158786123613af1676062e2270d1637d1,9cb89005693b1b70c102178849b740fde00b50c9ba5f3b5530d0e5749ea59837,eca954c21da074c545cb7858315ea39fee0a6f54b19e06474b4f2f91f1666847,8b90aa08a2480ce64e3784f1560ad81adcdab8870ccac0c6e424e34745f74c1e,6031dc4ee08b61c58b35b1efd7d764739d5c7c54dc7cbe9e9a72a1e4a7098596,675a3086cd6c4f2abd63c7d3acd419ca12dbc861,b9974a8f8c017bb8dcd4b62d614209421269020760d78e9d860a074b8cc9561f,aa748e7e398bb4d14b9afc8d4cf7a5ca8d485890223bfcd717e4bb6e950dd4ea,R2_UM_V2_DEPTH_7_selected,e754fc7f5325bb6c9ba805544db3621477b6e7fcee6cbc5a27b57e36d7002a61,development_holdout,P3,2017-03-31,884,792.2240884530106,f17030ea39a67e84a465b74c3285ae13a5d9ba95216b894a1c1c452afde1bf5f
new_p3_training,True,tuned,UM_V2_DEPTH,7,R2,3cfd389bbd05ec9201a41c0892e29bf8199198d1b216b9a8061370d4240aa583,bd1488a2d411295d7a2118c50ddcc0b158786123613af1676062e2270d1637d1,9cb89005693b1b70c102178849b740fde00b50c9ba5f3b5530d0e5749ea59837,eca954c21da074c545cb7858315ea39fee0a6f54b19e06474b4f2f91f1666847,8b90aa08a2480ce64e3784f1560ad81adcdab8870ccac0c6e424e34745f74c1e,6031dc4ee08b61c58b35b1efd7d764739d5c7c54dc7cbe9e9a72a1e4a7098596,675a3086cd6c4f2abd63c7d3acd419ca12dbc861,b9974a8f8c017bb8dcd4b62d614209421269020760d78e9d860a074b8cc9561f,aa748e7e398bb4d14b9afc8d4cf7a5ca8d485890223bfcd717e4bb6e950dd4ea,R2_UM_V2_DEPTH_7_selected,e754fc7f5325bb6c9ba805544db3621477b6e7fcee6cbc5a27b57e36d7002a61,development_holdout,P3,2017-04-03,865,793.6468177142696,b0b5814c4b918aad31d368afc08cdf3c2131a0f2da543afa4a57c9ab33096a71
new_p3_training,True,tuned,UM_V2_DEPTH,7,R2,3cfd389bbd05ec9201a41c0892e29bf8199198d1b216b9a8061370d4240aa583,bd1488a2d411295d7a2118c50ddcc0b158786123613af1676062e2270d1637d1,9cb89005693b1b70c102178849b740fde00b50c9ba5f3b5530d0e5749ea59837,eca954c21da074c545cb7858315ea39fee0a6f54b19e06474b4f2f91f1666847,8b90aa08a2480ce64e3784f1560ad81adcdab8870ccac0c6e424e34745f74c1e,6031dc4ee08b61c58b35b1efd7d764739d5c7c54dc7cbe9e9a72a1e4a7098596,675a3086cd6c4f2abd63c7d3acd419ca12dbc861,b9974a8f8c017bb8dcd4b62d614209421269020760d78e9d860a074b8cc9561f,aa748e7e398bb4d14b9afc8d4cf7a5ca8d485890223bfcd717e4bb6e950dd4ea,R2_UM_V2_DEPTH_7_selected,e754fc7f5325bb6c9ba805544db3621477b6e7fcee6cbc5a27b57e36d7002a61,development_holdout,P3,2017-04-04,865,788.3762284890176,76e53b9f27c2c70c9177075b8f0aac09f502566f94560db0d98a763a4b769b15
new_p3_training,True,tuned,UM_V2_DEPTH,7,R2,3cfd389bbd05ec9201a41c0892e29bf8199198d1b216b9a8061370d4240aa583,bd1488a2d411295d7a2118c50ddcc0b158786123613af1676062e2270d1637d1,9cb89005693b1b70c102178849b740fde00b50c9ba5f3b5530d0e5749ea59837,eca954c21da074c545cb7858315ea39fee0a6f54b19e06474b4f2f91f1666847,8b90aa08a2480ce64e3784f1560ad81adcdab8870ccac0c6e424e34745f74c1e,6031dc4ee08b61c58b35b1efd7d764739d5c7c54dc7cbe9e9a72a1e4a7098596,675a3086cd6c4f2abd63c7d3acd419ca12dbc861,b9974a8f8c017bb8dcd4b62d614209421269020760d78e9d860a074b8cc9561f,aa748e7e398bb4d14b9afc8d4cf7a5ca8d485890223bfcd717e4bb6e950dd4ea,R2_UM_V2_DEPTH_7_selected,e754fc7f5325bb6c9ba805544db3621477b6e7fcee6cbc5a27b57e36d7002a61,development_holdout,P3,2017-04-05,873,861.5711275560732,edeae4df9ee442db867b7d2a433bdb9c9b3d65777dcefe16ea3e569a7481d9cc
new_p3_training,True,tuned,UM_V2_DEPTH,7,R2,3cfd389bbd05ec9201a41c0892e29bf8199198d1b216b9a8061370d4240aa583,bd1488a2d411295d7a2118c50ddcc0b158786123613af1676062e2270d1637d1,9cb89005693b1b70c102178849b740fde00b50c9ba5f3b5530d0e5749ea59837,eca954c21da074c545cb7858315ea39fee0a6f54b19e06474b4f2f91f1666847,8b90aa08a2480ce64e3784f1560ad81adcdab8870ccac0c6e424e34745f74c1e,6031dc4ee08b61c58b35b1efd7d764739d5c7c54dc7cbe9e9a72a1e4a7098596,675a3086cd6c4f2abd63c7d3acd419ca12dbc861,b9974a8f8c017bb8dcd4b62d614209421269020760d78e9d860a074b8cc9561f,aa748e7e398bb4d14b9afc8d4cf7a5ca8d485890223bfcd717e4bb6e950dd4ea,R2_UM_V2_DEPTH_7_selected,e754fc7f5325bb6c9ba805544db3621477b6e7fcee6cbc5a27b57e36d7002a61,development_holdout,P3,2017-04-06,877,765.5046283683189,994530c03d34743ec2fab4cad3b6c5c165ea006e9f6a0c06c133246f275fc4a3
new_p3_training,True,tuned,UM_V2_DEPTH,7,R2,3cfd389bbd05ec9201a41c0892e29bf8199198d1b216b9a8061370d4240aa583,bd1488a2d411295d7a2118c50ddcc0b158786123613af1676062e2270d1637d1,9cb89005693b1b70c102178849b740fde00b50c9ba5f3b5530d0e5749ea59837,eca954c21da074c545cb7858315ea39fee0a6f54b19e06474b4f2f91f1666847,8b90aa08a2480ce64e3784f1560ad81adcdab8870ccac0c6e424e34745f74c1e,6031dc4ee08b61c58b35b1efd7d764739d5c7c54dc7cbe9e9a72a1e4a7098596,675a3086cd6c4f2abd63c7d3acd419ca12dbc861,b9974a8f8c017bb8dcd4b62d614209421269020760d78e9d860a074b8cc9561f,aa748e7e398bb4d14b9afc8d4cf7a5ca8d485890223bfcd717e4bb6e950dd4ea,R2_UM_V2_DEPTH_7_selected,e754fc7f5325bb6c9ba805544db3621477b6e7fcee6cbc5a27b57e36d7002a61,development_holdout,P3,2017-04-07,879,797.926080895858,70b957769ccf590878d2eaf97a52e392c55ea63f079337c52c9a6e2aba5c6b25
new_p3_training,True,tuned,UM_V2_DEPTH,7,R2,3cfd389bbd05ec9201a41c0892e29bf8199198d1b216b9a8061370d4240aa583,bd1488a2d411295d7a2118c50ddcc0b158786123613af1676062e2270d1637d1,9cb89005693b1b70c102178849b740fde00b50c9ba5f3b5530d0e5749ea59837,eca954c21da074c545cb7858315ea39fee0a6f54b19e06474b4f2f91f1666847,8b90aa08a2480ce64e3784f1560ad81adcdab8870ccac0c6e424e34745f74c1e,6031dc4ee08b61c58b35b1efd7d764739d5c7c54dc7cbe9e9a72a1e4a7098596,675a3086cd6c4f2abd63c7d3acd419ca12dbc861,b9974a8f8c017bb8dcd4b62d614209421269020760d78e9d860a074b8cc9561f,aa748e7e398bb4d14b9afc8d4cf7a5ca8d485890223bfcd717e4bb6e950dd4ea,R2_UM_V2_DEPTH_7_selected,e754fc7f5325bb6c9ba805544db3621477b6e7fcee6cbc5a27b57e36d7002a61,development_holdout,P3,2017-04-10,860,785.4868640523495,99f630f8f9fa87241b02a6232f7b12f5ef8f9203f59852becb0a8b3b49028dff
new_p3_training,True,tuned,UM_V2_DEPTH,7,R2,3cfd389bbd05ec9201a41c0892e29bf8199198d1b216b9a8061370d4240aa583,bd1488a2d411295d7a2118c50ddcc0b158786123613af1676062e2270d1637d1,9cb89005693b1b70c102178849b740fde00b50c9ba5f3b5530d0e5749ea59837,eca954c21da074c545cb7858315ea39fee0a6f54b19e06474b4f2f91f1666847,8b90aa08a2480ce64e3784f1560ad81adcdab8870ccac0c6e424e34745f74c1e,6031dc4ee08b61c58b35b1efd7d764739d5c7c54dc7cbe9e9a72a1e4a7098596,675a3086cd6c4f2abd63c7d3acd419ca12dbc861,b9974a8f8c017bb8dcd4b62d614209421269020760d78e9d860a074b8cc9561f,aa748e7e398bb4d14b9afc8d4cf7a5ca8d485890223bfcd717e4bb6e950dd4ea,R2_UM_V2_DEPTH_7_selected,e754fc7f5325bb6c9ba805544db3621477b6e7fcee6cbc5a27b57e36d7002a61,development_holdout,P3,2017-04-11,871,768.384801097285,5368957a290cb4a3b9baa9a07baa54c8d268d2a5a99d6389c5fbb38b6eb3dec7
new_p3_training,True,tuned,UM_V2_DEPTH,7,R2,3cfd389bbd05ec9201a41c0892e29bf8199198d1b216b9a8061370d4240aa583,bd1488a2d411295d7a2118c50ddcc0b158786123613af1676062e2270d1637d1,9cb89005693b1b70c102178849b740fde00b50c9ba5f3b5530d0e5749ea59837,eca954c21da074c545cb7858315ea39fee0a6f54b19e06474b4f2f91f1666847,8b90aa08a2480ce64e3784f1560ad81adcdab8870ccac0c6e424e34745f74c1e,6031dc4ee08b61c58b35b1efd7d764739d5c7c54dc7cbe9e9a72a1e4a7098596,675a3086cd6c4f2abd63c7d3acd419ca12dbc861,b9974a8f8c017bb8dcd4b62d614209421269020760d78e9d860a074b8cc9561f,aa748e7e398bb4d14b9afc8d4cf7a5ca8d485890223bfcd717e4bb6e950dd4ea,R2_UM_V2_DEPTH_7_selected,e754fc7f5325bb6c9ba805544db3621477b6e7fcee6cbc5a27b57e36d7002a61,development_holdout,P3,2017-04-12,879,742.6954132943791,b145048a8d50827b6be8593c8ba0803ee8ec6efafbf0a99116e6f0b35ebee591
new_p3_training,True,tuned,UM_V2_DEPTH,7,R2,3cfd389bbd05ec9201a41c0892e29bf8199198d1b216b9a8061370d4240aa583,bd1488a2d411295d7a2118c50ddcc0b158786123613af1676062e2270d1637d1,9cb89005693b1b70c102178849b740fde00b50c9ba5f3b5530d0e5749ea59837,eca954c21da074c545cb7858315ea39fee0a6f54b19e06474b4f2f91f1666847,8b90aa08a2480ce64e3784f1560ad81adcdab8870ccac0c6e424e34745f74c1e,6031dc4ee08b61c58b35b1efd7d764739d5c7c54dc7cbe9e9a72a1e4a7098596,675a3086cd6c4f2abd63c7d3acd419ca12dbc861,b9974a8f8c017bb8dcd4b62d614209421269020760d78e9d860a074b8cc9561f,aa748e7e398bb4d14b9afc8d4cf7a5ca8d485890223bfcd717e4bb6e950dd4ea,R2_UM_V2_DEPTH_7_selected,e754fc7f5325bb6c9ba805544db3621477b6e7fcee6cbc5a27b57e36d7002a61,development_holdout,P3,2017-04-13,879,812.8585091321821,7bb87ce68faa1189bd11a8ca162ba7b2750c95f2ab0df18fd40804669f678507
new_p3_training,True,tuned,UM_V2_DEPTH,7,R2,3cfd389bbd05ec9201a41c0892e29bf8199198d1b216b9a8061370d4240aa583,bd1488a2d411295d7a2118c50ddcc0b158786123613af1676062e2270d1637d1,9cb89005693b1b70c102178849b740fde00b50c9ba5f3b5530d0e5749ea59837,eca954c21da074c545cb7858315ea39fee0a6f54b19e06474b4f2f91f1666847,8b90aa08a2480ce64e3784f1560ad81adcdab8870ccac0c6e424e34745f74c1e,6031dc4ee08b61c58b35b1efd7d764739d5c7c54dc7cbe9e9a72a1e4a7098596,675a3086cd6c4f2abd63c7d3acd419ca12dbc861,b9974a8f8c017bb8dcd4b62d614209421269020760d78e9d860a074b8cc9561f,aa748e7e398bb4d14b9afc8d4cf7a5ca8d485890223bfcd717e4bb6e950dd4ea,R2_UM_V2_DEPTH_7_selected,e754fc7f5325bb6c9ba805544db3621477b6e7fcee6cbc5a27b57e36d7002a61,development_holdout,P3,2017-04-14,876,819.8522966685449,e7821e98636648f9f71f53650171ff1dae5bc4b11090fc54d9bd7ee9b5ec2333
new_p3_training,True,tuned,UM_V2_DEPTH,7,R2,3cfd389bbd05ec9201a41c0892e29bf8199198d1b216b9a8061370d4240aa583,bd1488a2d411295d7a2118c50ddcc0b158786123613af1676062e2270d1637d1,9cb89005693b1b70c102178849b740fde00b50c9ba5f3b5530d0e5749ea59837,eca954c21da074c545cb7858315ea39fee0a6f54b19e06474b4f2f91f1666847,8b90aa08a2480ce64e3784f1560ad81adcdab8870ccac0c6e424e34745f74c1e,6031dc4ee08b61c58b35b1efd7d764739d5c7c54dc7cbe9e9a72a1e4a7098596,675a3086cd6c4f2abd63c7d3acd419ca12dbc861,b9974a8f8c017bb8dcd4b62d614209421269020760d78e9d860a074b8cc9561f,aa748e7e398bb4d14b9afc8d4cf7a5ca8d485890223bfcd717e4bb6e950dd4ea,R2_UM_V2_DEPTH_7_selected,e754fc7f5325bb6c9ba805544db3621477b6e7fcee6cbc5a27b57e36d7002a61,development_holdout,P3,2017-04-17,884,759.8878835378393,cc5da9ffdf948e19430ddb4602804ed45320841c3b9645ff2b5d2bf64e13b1da
new_p3_training,True,tuned,UM_V2_DEPTH,7,R2,3cfd389bbd05ec9201a41c0892e29bf8199198d1b216b9a8061370d4240aa583,bd1488a2d411295d7a2118c50ddcc0b158786123613af1676062e2270d1637d1,9cb89005693b1b70c102178849b740fde00b50c9ba5f3b5530d0e5749ea59837,eca954c21da074c545cb7858315ea39fee0a6f54b19e06474b4f2f91f1666847,8b90aa08a2480ce64e3784f1560ad81adcdab8870ccac0c6e424e34745f74c1e,6031dc4ee08b61c58b35b1efd7d764739d5c7c54dc7cbe9e9a72a1e4a7098596,675a3086cd6c4f2abd63c7d3acd419ca12dbc861,b9974a8f8c017bb8dcd4b62d614209421269020760d78e9d860a074b8cc9561f,aa748e7e398bb4d14b9afc8d4cf7a5ca8d485890223bfcd717e4bb6e950dd4ea,R2_UM_V2_DEPTH_7_selected,e754fc7f5325bb6c9ba805544db3621477b6e7fcee6cbc5a27b57e36d7002a61,development_holdout,P3,2017-04-18,877,754.3151979154857,2c2213f377eb6236855fcdeb46dfe8db957bb06e43ac35e196a14afed35fdd5f
new_p3_training,True,tuned,UM_V2_DEPTH,7,R2,3cfd389bbd05ec9201a41c0892e29bf8199198d1b216b9a8061370d4240aa583,bd1488a2d411295d7a2118c50ddcc0b158786123613af1676062e2270d1637d1,9cb89005693b1b70c102178849b740fde00b50c9ba5f3b5530d0e5749ea59837,eca954c21da074c545cb7858315ea39fee0a6f54b19e06474b4f2f91f1666847,8b90aa08a2480ce64e3784f1560ad81adcdab8870ccac0c6e424e34745f74c1e,6031dc4ee08b61c58b35b1efd7d764739d5c7c54dc7cbe9e9a72a1e4a7098596,675a3086cd6c4f2abd63c7d3acd419ca12dbc861,b9974a8f8c017bb8dcd4b62d614209421269020760d78e9d860a074b8cc9561f,aa748e7e398bb4d14b9afc8d4cf7a5ca8d485890223bfcd717e4bb6e950dd4ea,R2_UM_V2_DEPTH_7_selected,e754fc7f5325bb6c9ba805544db3621477b6e7fcee6cbc5a27b57e36d7002a61,development_holdout,P3,2017-04-19,883,788.3399202228048,ab61a5931472e1127e1203edbb904a9499bea852e8b2df3a3293e50a7a9a6143
new_p3_training,True,tuned,UM_V2_DEPTH,7,R2,3cfd389bbd05ec9201a41c0892e29bf8199198d1b216b9a8061370d4240aa583,bd1488a2d411295d7a2118c50ddcc0b158786123613af1676062e2270d1637d1,9cb89005693b1b70c102178849b740fde00b50c9ba5f3b5530d0e5749ea59837,eca954c21da074c545cb7858315ea39fee0a6f54b19e06474b4f2f91f1666847,8b90aa08a2480ce64e3784f1560ad81adcdab8870ccac0c6e424e34745f74c1e,6031dc4ee08b61c58b35b1efd7d764739d5c7c54dc7cbe9e9a72a1e4a7098596,675a3086cd6c4f2abd63c7d3acd419ca12dbc861,b9974a8f8c017bb8dcd4b62d614209421269020760d78e9d860a074b8cc9561f,aa748e7e398bb4d14b9afc8d4cf7a5ca8d485890223bfcd717e4bb6e950dd4ea,R2_UM_V2_DEPTH_7_selected,e754fc7f5325bb6c9ba805544db3621477b6e7fcee6cbc5a27b57e36d7002a61,development_holdout,P3,2017-04-20,885,805.4071397919604,43819bcf4354d617d035eb74c8d3efc5288c3d1de661e7917a7ae0e296860e93
new_p3_training,True,tuned,UM_V2_DEPTH,7,R2,3cfd389bbd05ec9201a41c0892e29bf8199198d1b216b9a8061370d4240aa583,bd1488a2d411295d7a2118c50ddcc0b158786123613af1676062e2270d1637d1,9cb89005693b1b70c102178849b740fde00b50c9ba5f3b5530d0e5749ea59837,eca954c21da074c545cb7858315ea39fee0a6f54b19e06474b4f2f91f1666847,8b90aa08a2480ce64e3784f1560ad81adcdab8870ccac0c6e424e34745f74c1e,6031dc4ee08b61c58b35b1efd7d764739d5c7c54dc7cbe9e9a72a1e4a7098596,675a3086cd6c4f2abd63c7d3acd419ca12dbc861,b9974a8f8c017bb8dcd4b62d614209421269020760d78e9d860a074b8cc9561f,aa748e7e398bb4d14b9afc8d4cf7a5ca8d485890223bfcd717e4bb6e950dd4ea,R2_UM_V2_DEPTH_7_selected,e754fc7f5325bb6c9ba805544db3621477b6e7fcee6cbc5a27b57e36d7002a61,development_holdout,P3,2017-04-21,886,746.1547083280652,3ad1408823900a8971ec6cf185014deaa628d5b925a59bb56925cc89e20d9c80
new_p3_training,True,tuned,UM_V2_DEPTH,7,R2,3cfd389bbd05ec9201a41c0892e29bf8199198d1b216b9a8061370d4240aa583,bd1488a2d411295d7a2118c50ddcc0b158786123613af1676062e2270d1637d1,9cb89005693b1b70c102178849b740fde00b50c9ba5f3b5530d0e5749ea59837,eca954c21da074c545cb7858315ea39fee0a6f54b19e06474b4f2f91f1666847,8b90aa08a2480ce64e3784f1560ad81adcdab8870ccac0c6e424e34745f74c1e,6031dc4ee08b61c58b35b1efd7d764739d5c7c54dc7cbe9e9a72a1e4a7098596,675a3086cd6c4f2abd63c7d3acd419ca12dbc861,b9974a8f8c017bb8dcd4b62d614209421269020760d78e9d860a074b8cc9561f,aa748e7e398bb4d14b9afc8d4cf7a5ca8d485890223bfcd717e4bb6e950dd4ea,R2_UM_V2_DEPTH_7_selected,e754fc7f5325bb6c9ba805544db3621477b6e7fcee6cbc5a27b57e36d7002a61,development_holdout,P3,2017-04-24,889,806.3775834681118,b8ca3df5c484b4e7e49c7381a797754f681ea1e1dd113bcc616cd2a59afd7446
new_p3_training,True,tuned,UM_V2_DEPTH,7,R2,3cfd389bbd05ec9201a41c0892e29bf8199198d1b216b9a8061370d4240aa583,bd1488a2d411295d7a2118c50ddcc0b158786123613af1676062e2270d1637d1,9cb89005693b1b70c102178849b740fde00b50c9ba5f3b5530d0e5749ea59837,eca954c21da074c545cb7858315ea39fee0a6f54b19e06474b4f2f91f1666847,8b90aa08a2480ce64e3784f1560ad81adcdab8870ccac0c6e424e34745f74c1e,6031dc4ee08b61c58b35b1efd7d764739d5c7c54dc7cbe9e9a72a1e4a7098596,675a3086cd6c4f2abd63c7d3acd419ca12dbc861,b9974a8f8c017bb8dcd4b62d614209421269020760d78e9d860a074b8cc9561f,aa748e7e398bb4d14b9afc8d4cf7a5ca8d485890223bfcd717e4bb6e950dd4ea,R2_UM_V2_DEPTH_7_selected,e754fc7f5325bb6c9ba805544db3621477b6e7fcee6cbc5a27b57e36d7002a61,development_holdout,P3,2017-04-25,887,786.7063475558324,f361755dc56fb1d1649f77cf3ed668485b5807901e33fe509021a5da33b7d976
new_p3_training,True,tuned,UM_V2_DEPTH,7,R2,3cfd389bbd05ec9201a41c0892e29bf8199198d1b216b9a8061370d4240aa583,bd1488a2d411295d7a2118c50ddcc0b158786123613af1676062e2270d1637d1,9cb89005693b1b70c102178849b740fde00b50c9ba5f3b5530d0e5749ea59837,eca954c21da074c545cb7858315ea39fee0a6f54b19e06474b4f2f91f1666847,8b90aa08a2480ce64e3784f1560ad81adcdab8870ccac0c6e424e34745f74c1e,6031dc4ee08b61c58b35b1efd7d764739d5c7c54dc7cbe9e9a72a1e4a7098596,675a3086cd6c4f2abd63c7d3acd419ca12dbc861,b9974a8f8c017bb8dcd4b62d614209421269020760d78e9d860a074b8cc9561f,aa748e7e398bb4d14b9afc8d4cf7a5ca8d485890223bfcd717e4bb6e950dd4ea,R2_UM_V2_DEPTH_7_selected,e754fc7f5325bb6c9ba805544db3621477b6e7fcee6cbc5a27b57e36d7002a61,development_holdout,P3,2017-04-26,885,764.1556518758521,5ddcb91d5b3d1fde1eac7ad4315fb3dd05765da68eb577fdc1f83ef35d60ce73
new_p3_training,True,tuned,UM_V2_DEPTH,7,R2,3cfd389bbd05ec9201a41c0892e29bf8199198d1b216b9a8061370d4240aa583,bd1488a2d411295d7a2118c50ddcc0b158786123613af1676062e2270d1637d1,9cb89005693b1b70c102178849b740fde00b50c9ba5f3b5530d0e5749ea59837,eca954c21da074c545cb7858315ea39fee0a6f54b19e06474b4f2f91f1666847,8b90aa08a2480ce64e3784f1560ad81adcdab8870ccac0c6e424e34745f74c1e,6031dc4ee08b61c58b35b1efd7d764739d5c7c54dc7cbe9e9a72a1e4a7098596,675a3086cd6c4f2abd63c7d3acd419ca12dbc861,b9974a8f8c017bb8dcd4b62d614209421269020760d78e9d860a074b8cc9561f,aa748e7e398bb4d14b9afc8d4cf7a5ca8d485890223bfcd717e4bb6e950dd4ea,R2_UM_V2_DEPTH_7_selected,e754fc7f5325bb6c9ba805544db3621477b6e7fcee6cbc5a27b57e36d7002a61,development_holdout,P3,2017-04-27,891,791.1507091168179,4c47255632375847f997ccea085f31600fd44db6effb7c3522081b89ebf757ef
new_p3_training,True,tuned,UM_V2_DEPTH,7,R2,3cfd389bbd05ec9201a41c0892e29bf8199198d1b216b9a8061370d4240aa583,bd1488a2d411295d7a2118c50ddcc0b158786123613af1676062e2270d1637d1,9cb89005693b1b70c102178849b740fde00b50c9ba5f3b5530d0e5749ea59837,eca954c21da074c545cb7858315ea39fee0a6f54b19e06474b4f2f91f1666847,8b90aa08a2480ce64e3784f1560ad81adcdab8870ccac0c6e424e34745f74c1e,6031dc4ee08b61c58b35b1efd7d764739d5c7c54dc7cbe9e9a72a1e4a7098596,675a3086cd6c4f2abd63c7d3acd419ca12dbc861,b9974a8f8c017bb8dcd4b62d614209421269020760d78e9d860a074b8cc9561f,aa748e7e398bb4d14b9afc8d4cf7a5ca8d485890223bfcd717e4bb6e950dd4ea,R2_UM_V2_DEPTH_7_selected,e754fc7f5325bb6c9ba805544db3621477b6e7fcee6cbc5a27b57e36d7002a61,development_holdout,P3,2017-04-28,891,781.9786772920039,14c54fe449db4cbbbc31bcfcf2747995c479a45122d5dd01d07ae24fe7e71e44
new_p3_training,True,tuned,UM_V2_DEPTH,7,R2,3cfd389bbd05ec9201a41c0892e29bf8199198d1b216b9a8061370d4240aa583,bd1488a2d411295d7a2118c50ddcc0b158786123613af1676062e2270d1637d1,9cb89005693b1b70c102178849b740fde00b50c9ba5f3b5530d0e5749ea59837,eca954c21da074c545cb7858315ea39fee0a6f54b19e06474b4f2f91f1666847,8b90aa08a2480ce64e3784f1560ad81adcdab8870ccac0c6e424e34745f74c1e,6031dc4ee08b61c58b35b1efd7d764739d5c7c54dc7cbe9e9a72a1e4a7098596,675a3086cd6c4f2abd63c7d3acd419ca12dbc861,b9974a8f8c017bb8dcd4b62d614209421269020760d78e9d860a074b8cc9561f,aa748e7e398bb4d14b9afc8d4cf7a5ca8d485890223bfcd717e4bb6e950dd4ea,R2_UM_V2_DEPTH_7_selected,e754fc7f5325bb6c9ba805544db3621477b6e7fcee6cbc5a27b57e36d7002a61,development_holdout,P3,2017-05-02,891,769.7372375129244,1b3c37a040e7d9d3b25c7271e55741f0a6d74f55e151ea8a6150c8585cd9ea7f
new_p3_training,True,tuned,UM_V2_DEPTH,7,R2,3cfd389bbd05ec9201a41c0892e29bf8199198d1b216b9a8061370d4240aa583,bd1488a2d411295d7a2118c50ddcc0b158786123613af1676062e2270d1637d1,9cb89005693b1b70c102178849b740fde00b50c9ba5f3b5530d0e5749ea59837,eca954c21da074c545cb7858315ea39fee0a6f54b19e06474b4f2f91f1666847,8b90aa08a2480ce64e3784f1560ad81adcdab8870ccac0c6e424e34745f74c1e,6031dc4ee08b61c58b35b1efd7d764739d5c7c54dc7cbe9e9a72a1e4a7098596,675a3086cd6c4f2abd63c7d3acd419ca12dbc861,b9974a8f8c017bb8dcd4b62d614209421269020760d78e9d860a074b8cc9561f,aa748e7e398bb4d14b9afc8d4cf7a5ca8d485890223bfcd717e4bb6e950dd4ea,R2_UM_V2_DEPTH_7_selected,e754fc7f5325bb6c9ba805544db3621477b6e7fcee6cbc5a27b57e36d7002a61,development_holdout,P3,2017-05-04,884,707.347161418421,2b934a30be92836a5efc15f5837389439e0eb36decd862d6940a3be05f2f3c7c
new_p3_training,True,tuned,UM_V2_DEPTH,7,R2,3cfd389bbd05ec9201a41c0892e29bf8199198d1b216b9a8061370d4240aa583,bd1488a2d411295d7a2118c50ddcc0b158786123613af1676062e2270d1637d1,9cb89005693b1b70c102178849b740fde00b50c9ba5f3b5530d0e5749ea59837,eca954c21da074c545cb7858315ea39fee0a6f54b19e06474b4f2f91f1666847,8b90aa08a2480ce64e3784f1560ad81adcdab8870ccac0c6e424e34745f74c1e,6031dc4ee08b61c58b35b1efd7d764739d5c7c54dc7cbe9e9a72a1e4a7098596,675a3086cd6c4f2abd63c7d3acd419ca12dbc861,b9974a8f8c017bb8dcd4b62d614209421269020760d78e9d860a074b8cc9561f,aa748e7e398bb4d14b9afc8d4cf7a5ca8d485890223bfcd717e4bb6e950dd4ea,R2_UM_V2_DEPTH_7_selected,e754fc7f5325bb6c9ba805544db3621477b6e7fcee6cbc5a27b57e36d7002a61,development_holdout,P3,2017-05-08,882,771.1869151573641,6d279f8ab97422c68f0ffb1a6de4bf74b2c1d4a43e621a8d436873c5d1578013
new_p3_training,True,tuned,UM_V2_DEPTH,7,R2,3cfd389bbd05ec9201a41c0892e29bf8199198d1b216b9a8061370d4240aa583,bd1488a2d411295d7a2118c50ddcc0b158786123613af1676062e2270d1637d1,9cb89005693b1b70c102178849b740fde00b50c9ba5f3b5530d0e5749ea59837,eca954c21da074c545cb7858315ea39fee0a6f54b19e06474b4f2f91f1666847,8b90aa08a2480ce64e3784f1560ad81adcdab8870ccac0c6e424e34745f74c1e,6031dc4ee08b61c58b35b1efd7d764739d5c7c54dc7cbe9e9a72a1e4a7098596,675a3086cd6c4f2abd63c7d3acd419ca12dbc861,b9974a8f8c017bb8dcd4b62d614209421269020760d78e9d860a074b8cc9561f,aa748e7e398bb4d14b9afc8d4cf7a5ca8d485890223bfcd717e4bb6e950dd4ea,R2_UM_V2_DEPTH_7_selected,e754fc7f5325bb6c9ba805544db3621477b6e7fcee6cbc5a27b57e36d7002a61,development_holdout,P3,2017-05-10,889,906.90596778198,7713182aa36116e60616a98cca6fbe13bd717e4eea1d317dc347c01d58cd0449
new_p3_training,True,tuned,UM_V2_DEPTH,7,R2,3cfd389bbd05ec9201a41c0892e29bf8199198d1b216b9a8061370d4240aa583,bd1488a2d411295d7a2118c50ddcc0b158786123613af1676062e2270d1637d1,9cb89005693b1b70c102178849b740fde00b50c9ba5f3b5530d0e5749ea59837,eca954c21da074c545cb7858315ea39fee0a6f54b19e06474b4f2f91f1666847,8b90aa08a2480ce64e3784f1560ad81adcdab8870ccac0c6e424e34745f74c1e,6031dc4ee08b61c58b35b1efd7d764739d5c7c54dc7cbe9e9a72a1e4a7098596,675a3086cd6c4f2abd63c7d3acd419ca12dbc861,b9974a8f8c017bb8dcd4b62d614209421269020760d78e9d860a074b8cc9561f,aa748e7e398bb4d14b9afc8d4cf7a5ca8d485890223bfcd717e4bb6e950dd4ea,R2_UM_V2_DEPTH_7_selected,e754fc7f5325bb6c9ba805544db3621477b6e7fcee6cbc5a27b57e36d7002a61,development_holdout,P3,2017-05-11,881,854.0919628872803,448693f1a5121999336b16cb678b55a89ceaa66792c572a3e6e7349717af56aa
new_p3_training,True,tuned,UM_V2_DEPTH,7,R2,3cfd389bbd05ec9201a41c0892e29bf8199198d1b216b9a8061370d4240aa583,bd1488a2d411295d7a2118c50ddcc0b158786123613af1676062e2270d1637d1,9cb89005693b1b70c102178849b740fde00b50c9ba5f3b5530d0e5749ea59837,eca954c21da074c545cb7858315ea39fee0a6f54b19e06474b4f2f91f1666847,8b90aa08a2480ce64e3784f1560ad81adcdab8870ccac0c6e424e34745f74c1e,6031dc4ee08b61c58b35b1efd7d764739d5c7c54dc7cbe9e9a72a1e4a7098596,675a3086cd6c4f2abd63c7d3acd419ca12dbc861,b9974a8f8c017bb8dcd4b62d614209421269020760d78e9d860a074b8cc9561f,aa748e7e398bb4d14b9afc8d4cf7a5ca8d485890223bfcd717e4bb6e950dd4ea,R2_UM_V2_DEPTH_7_selected,e754fc7f5325bb6c9ba805544db3621477b6e7fcee6cbc5a27b57e36d7002a61,development_holdout,P3,2017-05-12,879,829.2191250009046,b1ea95108ac1627eb5c678144bdba6217c5b07ed7f7617d9f5754a47a502951d
new_p3_training,True,tuned,UM_V2_DEPTH,7,R2,3cfd389bbd05ec9201a41c0892e29bf8199198d1b216b9a8061370d4240aa583,bd1488a2d411295d7a2118c50ddcc0b158786123613af1676062e2270d1637d1,9cb89005693b1b70c102178849b740fde00b50c9ba5f3b5530d0e5749ea59837,eca954c21da074c545cb7858315ea39fee0a6f54b19e06474b4f2f91f1666847,8b90aa08a2480ce64e3784f1560ad81adcdab8870ccac0c6e424e34745f74c1e,6031dc4ee08b61c58b35b1efd7d764739d5c7c54dc7cbe9e9a72a1e4a7098596,675a3086cd6c4f2abd63c7d3acd419ca12dbc861,b9974a8f8c017bb8dcd4b62d614209421269020760d78e9d860a074b8cc9561f,aa748e7e398bb4d14b9afc8d4cf7a5ca8d485890223bfcd717e4bb6e950dd4ea,R2_UM_V2_DEPTH_7_selected,e754fc7f5325bb6c9ba805544db3621477b6e7fcee6cbc5a27b57e36d7002a61,development_holdout,P3,2017-05-15,866,805.30054068763,86127d030e210ce6231b285cba1ac8b2a6054f20c8fa3be5ffb888b613f3e7f9
new_p3_training,True,tuned,UM_V2_DEPTH,7,R2,3cfd389bbd05ec9201a41c0892e29bf8199198d1b216b9a8061370d4240aa583,bd1488a2d411295d7a2118c50ddcc0b158786123613af1676062e2270d1637d1,9cb89005693b1b70c102178849b740fde00b50c9ba5f3b5530d0e5749ea59837,eca954c21da074c545cb7858315ea39fee0a6f54b19e06474b4f2f91f1666847,8b90aa08a2480ce64e3784f1560ad81adcdab8870ccac0c6e424e34745f74c1e,6031dc4ee08b61c58b35b1efd7d764739d5c7c54dc7cbe9e9a72a1e4a7098596,675a3086cd6c4f2abd63c7d3acd419ca12dbc861,b9974a8f8c017bb8dcd4b62d614209421269020760d78e9d860a074b8cc9561f,aa748e7e398bb4d14b9afc8d4cf7a5ca8d485890223bfcd717e4bb6e950dd4ea,R2_UM_V2_DEPTH_7_selected,e754fc7f5325bb6c9ba805544db3621477b6e7fcee6cbc5a27b57e36d7002a61,validation,P0,2017-01-11,1026,969.0855496490146,28b32f28a192ce24b48cfaabfe1aee360b501d94bdf3715cfee70eedb609d1d8
new_p3_training,True,tuned,UM_V2_DEPTH,7,R2,3cfd389bbd05ec9201a41c0892e29bf8199198d1b216b9a8061370d4240aa583,bd1488a2d411295d7a2118c50ddcc0b158786123613af1676062e2270d1637d1,9cb89005693b1b70c102178849b740fde00b50c9ba5f3b5530d0e5749ea59837,eca954c21da074c545cb7858315ea39fee0a6f54b19e06474b4f2f91f1666847,8b90aa08a2480ce64e3784f1560ad81adcdab8870ccac0c6e424e34745f74c1e,6031dc4ee08b61c58b35b1efd7d764739d5c7c54dc7cbe9e9a72a1e4a7098596,675a3086cd6c4f2abd63c7d3acd419ca12dbc861,b9974a8f8c017bb8dcd4b62d614209421269020760d78e9d860a074b8cc9561f,aa748e7e398bb4d14b9afc8d4cf7a5ca8d485890223bfcd717e4bb6e950dd4ea,R2_UM_V2_DEPTH_7_selected,e754fc7f5325bb6c9ba805544db3621477b6e7fcee6cbc5a27b57e36d7002a61,validation,P0,2017-01-12,1026,925.7655897757913,9f8848833c9b72499e1126f6ab5f8a83a3002b43c60a9339c70dec6ef8a941b4
new_p3_training,True,tuned,UM_V2_DEPTH,7,R2,3cfd389bbd05ec9201a41c0892e29bf8199198d1b216b9a8061370d4240aa583,bd1488a2d411295d7a2118c50ddcc0b158786123613af1676062e2270d1637d1,9cb89005693b1b70c102178849b740fde00b50c9ba5f3b5530d0e5749ea59837,eca954c21da074c545cb7858315ea39fee0a6f54b19e06474b4f2f91f1666847,8b90aa08a2480ce64e3784f1560ad81adcdab8870ccac0c6e424e34745f74c1e,6031dc4ee08b61c58b35b1efd7d764739d5c7c54dc7cbe9e9a72a1e4a7098596,675a3086cd6c4f2abd63c7d3acd419ca12dbc861,b9974a8f8c017bb8dcd4b62d614209421269020760d78e9d860a074b8cc9561f,aa748e7e398bb4d14b9afc8d4cf7a5ca8d485890223bfcd717e4bb6e950dd4ea,R2_UM_V2_DEPTH_7_selected,e754fc7f5325bb6c9ba805544db3621477b6e7fcee6cbc5a27b57e36d7002a61,validation,P0,2017-01-13,1026,914.9616097257424,5ffc4144c922ac2bcc97c65219a14330bd2ba160bf297257e29d23155c3dd183
new_p3_training,True,tuned,UM_V2_DEPTH,7,R2,3cfd389bbd05ec9201a41c0892e29bf8199198d1b216b9a8061370d4240aa583,bd1488a2d411295d7a2118c50ddcc0b158786123613af1676062e2270d1637d1,9cb89005693b1b70c102178849b740fde00b50c9ba5f3b5530d0e5749ea59837,eca954c21da074c545cb7858315ea39fee0a6f54b19e06474b4f2f91f1666847,8b90aa08a2480ce64e3784f1560ad81adcdab8870ccac0c6e424e34745f74c1e,6031dc4ee08b61c58b35b1efd7d764739d5c7c54dc7cbe9e9a72a1e4a7098596,675a3086cd6c4f2abd63c7d3acd419ca12dbc861,b9974a8f8c017bb8dcd4b62d614209421269020760d78e9d860a074b8cc9561f,aa748e7e398bb4d14b9afc8d4cf7a5ca8d485890223bfcd717e4bb6e950dd4ea,R2_UM_V2_DEPTH_7_selected,e754fc7f5325bb6c9ba805544db3621477b6e7fcee6cbc5a27b57e36d7002a61,validation,P0,2017-01-16,1026,935.3001110665476,e0c063f43bda4efaa1e6a19ed21a9b6e9d87573713fcf3f7ac091c42d2ba0dae
new_p3_training,True,tuned,UM_V2_DEPTH,7,R2,3cfd389bbd05ec9201a41c0892e29bf8199198d1b216b9a8061370d4240aa583,bd1488a2d411295d7a2118c50ddcc0b158786123613af1676062e2270d1637d1,9cb89005693b1b70c102178849b740fde00b50c9ba5f3b5530d0e5749ea59837,eca954c21da074c545cb7858315ea39fee0a6f54b19e06474b4f2f91f1666847,8b90aa08a2480ce64e3784f1560ad81adcdab8870ccac0c6e424e34745f74c1e,6031dc4ee08b61c58b35b1efd7d764739d5c7c54dc7cbe9e9a72a1e4a7098596,675a3086cd6c4f2abd63c7d3acd419ca12dbc861,b9974a8f8c017bb8dcd4b62d614209421269020760d78e9d860a074b8cc9561f,aa748e7e398bb4d14b9afc8d4cf7a5ca8d485890223bfcd717e4bb6e950dd4ea,R2_UM_V2_DEPTH_7_selected,e754fc7f5325bb6c9ba805544db3621477b6e7fcee6cbc5a27b57e36d7002a61,validation,P0,2017-01-17,1026,931.1356468280828,6801985e0fa645315cea4f8811707aa56f178bd3244116480e2c4e81f51b82ef
new_p3_training,True,tuned,UM_V2_DEPTH,7,R2,3cfd389bbd05ec9201a41c0892e29bf8199198d1b216b9a8061370d4240aa583,bd1488a2d411295d7a2118c50ddcc0b158786123613af1676062e2270d1637d1,9cb89005693b1b70c102178849b740fde00b50c9ba5f3b5530d0e5749ea59837,eca954c21da074c545cb7858315ea39fee0a6f54b19e06474b4f2f91f1666847,8b90aa08a2480ce64e3784f1560ad81adcdab8870ccac0c6e424e34745f74c1e,6031dc4ee08b61c58b35b1efd7d764739d5c7c54dc7cbe9e9a72a1e4a7098596,675a3086cd6c4f2abd63c7d3acd419ca12dbc861,b9974a8f8c017bb8dcd4b62d614209421269020760d78e9d860a074b8cc9561f,aa748e7e398bb4d14b9afc8d4cf7a5ca8d485890223bfcd717e4bb6e950dd4ea,R2_UM_V2_DEPTH_7_selected,e754fc7f5325bb6c9ba805544db3621477b6e7fcee6cbc5a27b57e36d7002a61,validation,P0,2017-01-18,1026,934.8615743038677,31b46452739e813c453d86882159994d9abcff32bab1d5c3ed5c13917dc3fb4a
new_p3_training,True,tuned,UM_V2_DEPTH,7,R2,3cfd389bbd05ec9201a41c0892e29bf8199198d1b216b9a8061370d4240aa583,bd1488a2d411295d7a2118c50ddcc0b158786123613af1676062e2270d1637d1,9cb89005693b1b70c102178849b740fde00b50c9ba5f3b5530d0e5749ea59837,eca954c21da074c545cb7858315ea39fee0a6f54b19e06474b4f2f91f1666847,8b90aa08a2480ce64e3784f1560ad81adcdab8870ccac0c6e424e34745f74c1e,6031dc4ee08b61c58b35b1efd7d764739d5c7c54dc7cbe9e9a72a1e4a7098596,675a3086cd6c4f2abd63c7d3acd419ca12dbc861,b9974a8f8c017bb8dcd4b62d614209421269020760d78e9d860a074b8cc9561f,aa748e7e398bb4d14b9afc8d4cf7a5ca8d485890223bfcd717e4bb6e950dd4ea,R2_UM_V2_DEPTH_7_selected,e754fc7f5325bb6c9ba805544db3621477b6e7fcee6cbc5a27b57e36d7002a61,validation,P0,2017-01-19,1026,992.8788363027766,58e06dd8c83ca0fa09b099e39e574937af9c49c038c0d2edc9fa591facd6813b
new_p3_training,True,tuned,UM_V2_DEPTH,7,R2,3cfd389bbd05ec9201a41c0892e29bf8199198d1b216b9a8061370d4240aa583,bd1488a2d411295d7a2118c50ddcc0b158786123613af1676062e2270d1637d1,9cb89005693b1b70c102178849b740fde00b50c9ba5f3b5530d0e5749ea59837,eca954c21da074c545cb7858315ea39fee0a6f54b19e06474b4f2f91f1666847,8b90aa08a2480ce64e3784f1560ad81adcdab8870ccac0c6e424e34745f74c1e,6031dc4ee08b61c58b35b1efd7d764739d5c7c54dc7cbe9e9a72a1e4a7098596,675a3086cd6c4f2abd63c7d3acd419ca12dbc861,b9974a8f8c017bb8dcd4b62d614209421269020760d78e9d860a074b8cc9561f,aa748e7e398bb4d14b9afc8d4cf7a5ca8d485890223bfcd717e4bb6e950dd4ea,R2_UM_V2_DEPTH_7_selected,e754fc7f5325bb6c9ba805544db3621477b6e7fcee6cbc5a27b57e36d7002a61,validation,P0,2017-01-20,1026,914.879083029034,26c0b5fb08709271fad8d080402d9737891ec3cf0b19405be383e966a37ec89a
new_p3_training,True,tuned,UM_V2_DEPTH,7,R2,3cfd389bbd05ec9201a41c0892e29bf8199198d1b216b9a8061370d4240aa583,bd1488a2d411295d7a2118c50ddcc0b158786123613af1676062e2270d1637d1,9cb89005693b1b70c102178849b740fde00b50c9ba5f3b5530d0e5749ea59837,eca954c21da074c545cb7858315ea39fee0a6f54b19e06474b4f2f91f1666847,8b90aa08a2480ce64e3784f1560ad81adcdab8870ccac0c6e424e34745f74c1e,6031dc4ee08b61c58b35b1efd7d764739d5c7c54dc7cbe9e9a72a1e4a7098596,675a3086cd6c4f2abd63c7d3acd419ca12dbc861,b9974a8f8c017bb8dcd4b62d614209421269020760d78e9d860a074b8cc9561f,aa748e7e398bb4d14b9afc8d4cf7a5ca8d485890223bfcd717e4bb6e950dd4ea,R2_UM_V2_DEPTH_7_selected,e754fc7f5325bb6c9ba805544db3621477b6e7fcee6cbc5a27b57e36d7002a61,validation,P0,2017-01-23,1026,920.7912477630605,673ff933ca378167a898f21e8cb0c03d988e1ab2f9e7fb1c1a07eba5ed993aa7
new_p3_training,True,tuned,UM_V2_DEPTH,7,R2,3cfd389bbd05ec9201a41c0892e29bf8199198d1b216b9a8061370d4240aa583,bd1488a2d411295d7a2118c50ddcc0b158786123613af1676062e2270d1637d1,9cb89005693b1b70c102178849b740fde00b50c9ba5f3b5530d0e5749ea59837,eca954c21da074c545cb7858315ea39fee0a6f54b19e06474b4f2f91f1666847,8b90aa08a2480ce64e3784f1560ad81adcdab8870ccac0c6e424e34745f74c1e,6031dc4ee08b61c58b35b1efd7d764739d5c7c54dc7cbe9e9a72a1e4a7098596,675a3086cd6c4f2abd63c7d3acd419ca12dbc861,b9974a8f8c017bb8dcd4b62d614209421269020760d78e9d860a074b8cc9561f,aa748e7e398bb4d14b9afc8d4cf7a5ca8d485890223bfcd717e4bb6e950dd4ea,R2_UM_V2_DEPTH_7_selected,e754fc7f5325bb6c9ba805544db3621477b6e7fcee6cbc5a27b57e36d7002a61,validation,P0,2017-01-24,1026,902.1962837381866,e173545170bcc7f4cff2c98a815136bd5fdae57189c70e7739d80c6e2418610f
new_p3_training,True,tuned,UM_V2_DEPTH,7,R2,3cfd389bbd05ec9201a41c0892e29bf8199198d1b216b9a8061370d4240aa583,bd1488a2d411295d7a2118c50ddcc0b158786123613af1676062e2270d1637d1,9cb89005693b1b70c102178849b740fde00b50c9ba5f3b5530d0e5749ea59837,eca954c21da074c545cb7858315ea39fee0a6f54b19e06474b4f2f91f1666847,8b90aa08a2480ce64e3784f1560ad81adcdab8870ccac0c6e424e34745f74c1e,6031dc4ee08b61c58b35b1efd7d764739d5c7c54dc7cbe9e9a72a1e4a7098596,675a3086cd6c4f2abd63c7d3acd419ca12dbc861,b9974a8f8c017bb8dcd4b62d614209421269020760d78e9d860a074b8cc9561f,aa748e7e398bb4d14b9afc8d4cf7a5ca8d485890223bfcd717e4bb6e950dd4ea,R2_UM_V2_DEPTH_7_selected,e754fc7f5325bb6c9ba805544db3621477b6e7fcee6cbc5a27b57e36d7002a61,validation,P0,2017-01-25,1026,932.9416666368271,78933ec9aa86e9262fdfd38d4758e616bdcd48511df0cd5c0065637b731bcc21
new_p3_training,True,tuned,UM_V2_DEPTH,7,R2,3cfd389bbd05ec9201a41c0892e29bf8199198d1b216b9a8061370d4240aa583,bd1488a2d411295d7a2118c50ddcc0b158786123613af1676062e2270d1637d1,9cb89005693b1b70c102178849b740fde00b50c9ba5f3b5530d0e5749ea59837,eca954c21da074c545cb7858315ea39fee0a6f54b19e06474b4f2f91f1666847,8b90aa08a2480ce64e3784f1560ad81adcdab8870ccac0c6e424e34745f74c1e,6031dc4ee08b61c58b35b1efd7d764739d5c7c54dc7cbe9e9a72a1e4a7098596,675a3086cd6c4f2abd63c7d3acd419ca12dbc861,b9974a8f8c017bb8dcd4b62d614209421269020760d78e9d860a074b8cc9561f,aa748e7e398bb4d14b9afc8d4cf7a5ca8d485890223bfcd717e4bb6e950dd4ea,R2_UM_V2_DEPTH_7_selected,e754fc7f5325bb6c9ba805544db3621477b6e7fcee6cbc5a27b57e36d7002a61,validation,P0,2017-01-26,1026,956.5968927547789,4815c8bb06617c4ae3f5ad93fcd61db535585d7d0fab149cf4a9976e0f13747a
new_p3_training,True,tuned,UM_V2_DEPTH,7,R2,3cfd389bbd05ec9201a41c0892e29bf8199198d1b216b9a8061370d4240aa583,bd1488a2d411295d7a2118c50ddcc0b158786123613af1676062e2270d1637d1,9cb89005693b1b70c102178849b740fde00b50c9ba5f3b5530d0e5749ea59837,eca954c21da074c545cb7858315ea39fee0a6f54b19e06474b4f2f91f1666847,8b90aa08a2480ce64e3784f1560ad81adcdab8870ccac0c6e424e34745f74c1e,6031dc4ee08b61c58b35b1efd7d764739d5c7c54dc7cbe9e9a72a1e4a7098596,675a3086cd6c4f2abd63c7d3acd419ca12dbc861,b9974a8f8c017bb8dcd4b62d614209421269020760d78e9d860a074b8cc9561f,aa748e7e398bb4d14b9afc8d4cf7a5ca8d485890223bfcd717e4bb6e950dd4ea,R2_UM_V2_DEPTH_7_selected,e754fc7f5325bb6c9ba805544db3621477b6e7fcee6cbc5a27b57e36d7002a61,validation,P0,2017-01-31,1026,936.1813341250381,df7c1d0d3a32b53288c0e6435c2b6e86df4b74fa09ddfe2b7fd9dc0d5e1dd0a9
new_p3_training,True,tuned,UM_V2_DEPTH,7,R2,3cfd389bbd05ec9201a41c0892e29bf8199198d1b216b9a8061370d4240aa583,bd1488a2d411295d7a2118c50ddcc0b158786123613af1676062e2270d1637d1,9cb89005693b1b70c102178849b740fde00b50c9ba5f3b5530d0e5749ea59837,eca954c21da074c545cb7858315ea39fee0a6f54b19e06474b4f2f91f1666847,8b90aa08a2480ce64e3784f1560ad81adcdab8870ccac0c6e424e34745f74c1e,6031dc4ee08b61c58b35b1efd7d764739d5c7c54dc7cbe9e9a72a1e4a7098596,675a3086cd6c4f2abd63c7d3acd419ca12dbc861,b9974a8f8c017bb8dcd4b62d614209421269020760d78e9d860a074b8cc9561f,aa748e7e398bb4d14b9afc8d4cf7a5ca8d485890223bfcd717e4bb6e950dd4ea,R2_UM_V2_DEPTH_7_selected,e754fc7f5325bb6c9ba805544db3621477b6e7fcee6cbc5a27b57e36d7002a61,validation,P0,2017-02-01,1026,913.1712386696788,03b7918bc3296dfb66b271178ce1baca81e28010e438e70a5cfa7ee42291ebab
new_p3_training,True,tuned,UM_V2_DEPTH,7,R2,3cfd389bbd05ec9201a41c0892e29bf8199198d1b216b9a8061370d4240aa583,bd1488a2d411295d7a2118c50ddcc0b158786123613af1676062e2270d1637d1,9cb89005693b1b70c102178849b740fde00b50c9ba5f3b5530d0e5749ea59837,eca954c21da074c545cb7858315ea39fee0a6f54b19e06474b4f2f91f1666847,8b90aa08a2480ce64e3784f1560ad81adcdab8870ccac0c6e424e34745f74c1e,6031dc4ee08b61c58b35b1efd7d764739d5c7c54dc7cbe9e9a72a1e4a7098596,675a3086cd6c4f2abd63c7d3acd419ca12dbc861,b9974a8f8c017bb8dcd4b62d614209421269020760d78e9d860a074b8cc9561f,aa748e7e398bb4d14b9afc8d4cf7a5ca8d485890223bfcd717e4bb6e950dd4ea,R2_UM_V2_DEPTH_7_selected,e754fc7f5325bb6c9ba805544db3621477b6e7fcee6cbc5a27b57e36d7002a61,validation,P0,2017-02-02,1026,957.6352556704829,c4f8357a87170ba630278ed2970031440d14f95461784891358d2ead66833b32
new_p3_training,True,tuned,UM_V2_DEPTH,7,R2,3cfd389bbd05ec9201a41c0892e29bf8199198d1b216b9a8061370d4240aa583,bd1488a2d411295d7a2118c50ddcc0b158786123613af1676062e2270d1637d1,9cb89005693b1b70c102178849b740fde00b50c9ba5f3b5530d0e5749ea59837,eca954c21da074c545cb7858315ea39fee0a6f54b19e06474b4f2f91f1666847,8b90aa08a2480ce64e3784f1560ad81adcdab8870ccac0c6e424e34745f74c1e,6031dc4ee08b61c58b35b1efd7d764739d5c7c54dc7cbe9e9a72a1e4a7098596,675a3086cd6c4f2abd63c7d3acd419ca12dbc861,b9974a8f8c017bb8dcd4b62d614209421269020760d78e9d860a074b8cc9561f,aa748e7e398bb4d14b9afc8d4cf7a5ca8d485890223bfcd717e4bb6e950dd4ea,R2_UM_V2_DEPTH_7_selected,e754fc7f5325bb6c9ba805544db3621477b6e7fcee6cbc5a27b57e36d7002a61,validation,P0,2017-02-03,1026,933.6024125446203,1ca141055387554412c172be1be3f109bd4aab865a934584a0b807b1181e3d75
new_p3_training,True,tuned,UM_V2_DEPTH,7,R2,3cfd389bbd05ec9201a41c0892e29bf8199198d1b216b9a8061370d4240aa583,bd1488a2d411295d7a2118c50ddcc0b158786123613af1676062e2270d1637d1,9cb89005693b1b70c102178849b740fde00b50c9ba5f3b5530d0e5749ea59837,eca954c21da074c545cb7858315ea39fee0a6f54b19e06474b4f2f91f1666847,8b90aa08a2480ce64e3784f1560ad81adcdab8870ccac0c6e424e34745f74c1e,6031dc4ee08b61c58b35b1efd7d764739d5c7c54dc7cbe9e9a72a1e4a7098596,675a3086cd6c4f2abd63c7d3acd419ca12dbc861,b9974a8f8c017bb8dcd4b62d614209421269020760d78e9d860a074b8cc9561f,aa748e7e398bb4d14b9afc8d4cf7a5ca8d485890223bfcd717e4bb6e950dd4ea,R2_UM_V2_DEPTH_7_selected,e754fc7f5325bb6c9ba805544db3621477b6e7fcee6cbc5a27b57e36d7002a61,validation,P0,2017-02-06,1026,933.5012133321828,287a99b484af70e3abc9a4746e3c004b2eafbd2ee6d2bdba6b12b7b5a89fb0aa
new_p3_training,True,tuned,UM_V2_DEPTH,7,R2,3cfd389bbd05ec9201a41c0892e29bf8199198d1b216b9a8061370d4240aa583,bd1488a2d411295d7a2118c50ddcc0b158786123613af1676062e2270d1637d1,9cb89005693b1b70c102178849b740fde00b50c9ba5f3b5530d0e5749ea59837,eca954c21da074c545cb7858315ea39fee0a6f54b19e06474b4f2f91f1666847,8b90aa08a2480ce64e3784f1560ad81adcdab8870ccac0c6e424e34745f74c1e,6031dc4ee08b61c58b35b1efd7d764739d5c7c54dc7cbe9e9a72a1e4a7098596,675a3086cd6c4f2abd63c7d3acd419ca12dbc861,b9974a8f8c017bb8dcd4b62d614209421269020760d78e9d860a074b8cc9561f,aa748e7e398bb4d14b9afc8d4cf7a5ca8d485890223bfcd717e4bb6e950dd4ea,R2_UM_V2_DEPTH_7_selected,e754fc7f5325bb6c9ba805544db3621477b6e7fcee6cbc5a27b57e36d7002a61,validation,P0,2017-02-07,1026,930.0954774347199,d01fecfcb50ac0017e451017b17695ae13bd61d4505523e2b8bd4ab836a1572a
new_p3_training,True,tuned,UM_V2_DEPTH,7,R2,3cfd389bbd05ec9201a41c0892e29bf8199198d1b216b9a8061370d4240aa583,bd1488a2d411295d7a2118c50ddcc0b158786123613af1676062e2270d1637d1,9cb89005693b1b70c102178849b740fde00b50c9ba5f3b5530d0e5749ea59837,eca954c21da074c545cb7858315ea39fee0a6f54b19e06474b4f2f91f1666847,8b90aa08a2480ce64e3784f1560ad81adcdab8870ccac0c6e424e34745f74c1e,6031dc4ee08b61c58b35b1efd7d764739d5c7c54dc7cbe9e9a72a1e4a7098596,675a3086cd6c4f2abd63c7d3acd419ca12dbc861,b9974a8f8c017bb8dcd4b62d614209421269020760d78e9d860a074b8cc9561f,aa748e7e398bb4d14b9afc8d4cf7a5ca8d485890223bfcd717e4bb6e950dd4ea,R2_UM_V2_DEPTH_7_selected,e754fc7f5325bb6c9ba805544db3621477b6e7fcee6cbc5a27b57e36d7002a61,validation,P0,2017-02-08,1026,991.7043128779582,a21abac130b5b4cc50e27b355d762ba871c981f27a2b83bfad8a31ce81532b2f
new_p3_training,True,tuned,UM_V2_DEPTH,7,R2,3cfd389bbd05ec9201a41c0892e29bf8199198d1b216b9a8061370d4240aa583,bd1488a2d411295d7a2118c50ddcc0b158786123613af1676062e2270d1637d1,9cb89005693b1b70c102178849b740fde00b50c9ba5f3b5530d0e5749ea59837,eca954c21da074c545cb7858315ea39fee0a6f54b19e06474b4f2f91f1666847,8b90aa08a2480ce64e3784f1560ad81adcdab8870ccac0c6e424e34745f74c1e,6031dc4ee08b61c58b35b1efd7d764739d5c7c54dc7cbe9e9a72a1e4a7098596,675a3086cd6c4f2abd63c7d3acd419ca12dbc861,b9974a8f8c017bb8dcd4b62d614209421269020760d78e9d860a074b8cc9561f,aa748e7e398bb4d14b9afc8d4cf7a5ca8d485890223bfcd717e4bb6e950dd4ea,R2_UM_V2_DEPTH_7_selected,e754fc7f5325bb6c9ba805544db3621477b6e7fcee6cbc5a27b57e36d7002a61,validation,P0,2017-02-09,1026,948.9819874942724,3271cb21600a064d12287fe45bc036dd10a2cd9ccb6cafe443c73df3e4a90054
new_p3_training,True,tuned,UM_V2_DEPTH,7,R2,3cfd389bbd05ec9201a41c0892e29bf8199198d1b216b9a8061370d4240aa583,bd1488a2d411295d7a2118c50ddcc0b158786123613af1676062e2270d1637d1,9cb89005693b1b70c102178849b740fde00b50c9ba5f3b5530d0e5749ea59837,eca954c21da074c545cb7858315ea39fee0a6f54b19e06474b4f2f91f1666847,8b90aa08a2480ce64e3784f1560ad81adcdab8870ccac0c6e424e34745f74c1e,6031dc4ee08b61c58b35b1efd7d764739d5c7c54dc7cbe9e9a72a1e4a7098596,675a3086cd6c4f2abd63c7d3acd419ca12dbc861,b9974a8f8c017bb8dcd4b62d614209421269020760d78e9d860a074b8cc9561f,aa748e7e398bb4d14b9afc8d4cf7a5ca8d485890223bfcd717e4bb6e950dd4ea,R2_UM_V2_DEPTH_7_selected,e754fc7f5325bb6c9ba805544db3621477b6e7fcee6cbc5a27b57e36d7002a61,validation,P0,2017-02-10,1026,899.9927921487149,97daba16d7575a28f87988cc7064946ff8f1c0986c15f868e0fd804f079782e2
new_p3_training,True,tuned,UM_V2_DEPTH,7,R2,3cfd389bbd05ec9201a41c0892e29bf8199198d1b216b9a8061370d4240aa583,bd1488a2d411295d7a2118c50ddcc0b158786123613af1676062e2270d1637d1,9cb89005693b1b70c102178849b740fde00b50c9ba5f3b5530d0e5749ea59837,eca954c21da074c545cb7858315ea39fee0a6f54b19e06474b4f2f91f1666847,8b90aa08a2480ce64e3784f1560ad81adcdab8870ccac0c6e424e34745f74c1e,6031dc4ee08b61c58b35b1efd7d764739d5c7c54dc7cbe9e9a72a1e4a7098596,675a3086cd6c4f2abd63c7d3acd419ca12dbc861,b9974a8f8c017bb8dcd4b62d614209421269020760d78e9d860a074b8cc9561f,aa748e7e398bb4d14b9afc8d4cf7a5ca8d485890223bfcd717e4bb6e950dd4ea,R2_UM_V2_DEPTH_7_selected,e754fc7f5325bb6c9ba805544db3621477b6e7fcee6cbc5a27b57e36d7002a61,validation,P0,2017-02-13,1026,854.2051975739976,3f7eef3ef998d65e7a271bc91a1405b8f7764b4c60a138dfb16af80070b30c7c
new_p3_training,True,tuned,UM_V2_DEPTH,7,R2,3cfd389bbd05ec9201a41c0892e29bf8199198d1b216b9a8061370d4240aa583,bd1488a2d411295d7a2118c50ddcc0b158786123613af1676062e2270d1637d1,9cb89005693b1b70c102178849b740fde00b50c9ba5f3b5530d0e5749ea59837,eca954c21da074c545cb7858315ea39fee0a6f54b19e06474b4f2f91f1666847,8b90aa08a2480ce64e3784f1560ad81adcdab8870ccac0c6e424e34745f74c1e,6031dc4ee08b61c58b35b1efd7d764739d5c7c54dc7cbe9e9a72a1e4a7098596,675a3086cd6c4f2abd63c7d3acd419ca12dbc861,b9974a8f8c017bb8dcd4b62d614209421269020760d78e9d860a074b8cc9561f,aa748e7e398bb4d14b9afc8d4cf7a5ca8d485890223bfcd717e4bb6e950dd4ea,R2_UM_V2_DEPTH_7_selected,e754fc7f5325bb6c9ba805544db3621477b6e7fcee6cbc5a27b57e36d7002a61,validation,P0,2017-02-14,1026,870.3665672449233,5d3123089f237d9fda02c713b8d17a0cc240e120fe1c6509ee857bb97d1c4332
new_p3_training,True,tuned,UM_V2_DEPTH,7,R2,3cfd389bbd05ec9201a41c0892e29bf8199198d1b216b9a8061370d4240aa583,bd1488a2d411295d7a2118c50ddcc0b158786123613af1676062e2270d1637d1,9cb89005693b1b70c102178849b740fde00b50c9ba5f3b5530d0e5749ea59837,eca954c21da074c545cb7858315ea39fee0a6f54b19e06474b4f2f91f1666847,8b90aa08a2480ce64e3784f1560ad81adcdab8870ccac0c6e424e34745f74c1e,6031dc4ee08b61c58b35b1efd7d764739d5c7c54dc7cbe9e9a72a1e4a7098596,675a3086cd6c4f2abd63c7d3acd419ca12dbc861,b9974a8f8c017bb8dcd4b62d614209421269020760d78e9d860a074b8cc9561f,aa748e7e398bb4d14b9afc8d4cf7a5ca8d485890223bfcd717e4bb6e950dd4ea,R2_UM_V2_DEPTH_7_selected,e754fc7f5325bb6c9ba805544db3621477b6e7fcee6cbc5a27b57e36d7002a61,validation,P0,2017-02-15,1026,978.6743657503555,c64e6550aedb7dac97daf018d34f9f2c395fd8f3a7ce9edb4edbad8ec9a02fd0
new_p3_training,True,tuned,UM_V2_DEPTH,7,R2,3cfd389bbd05ec9201a41c0892e29bf8199198d1b216b9a8061370d4240aa583,bd1488a2d411295d7a2118c50ddcc0b158786123613af1676062e2270d1637d1,9cb89005693b1b70c102178849b740fde00b50c9ba5f3b5530d0e5749ea59837,eca954c21da074c545cb7858315ea39fee0a6f54b19e06474b4f2f91f1666847,8b90aa08a2480ce64e3784f1560ad81adcdab8870ccac0c6e424e34745f74c1e,6031dc4ee08b61c58b35b1efd7d764739d5c7c54dc7cbe9e9a72a1e4a7098596,675a3086cd6c4f2abd63c7d3acd419ca12dbc861,b9974a8f8c017bb8dcd4b62d614209421269020760d78e9d860a074b8cc9561f,aa748e7e398bb4d14b9afc8d4cf7a5ca8d485890223bfcd717e4bb6e950dd4ea,R2_UM_V2_DEPTH_7_selected,e754fc7f5325bb6c9ba805544db3621477b6e7fcee6cbc5a27b57e36d7002a61,validation,P0,2017-02-16,1026,966.4632924214238,ffa682dc0044b14078d1a38f3d99691c681795db48bbd6cf6242cf1b0fa992c9
new_p3_training,True,tuned,UM_V2_DEPTH,7,R2,3cfd389bbd05ec9201a41c0892e29bf8199198d1b216b9a8061370d4240aa583,bd1488a2d411295d7a2118c50ddcc0b158786123613af1676062e2270d1637d1,9cb89005693b1b70c102178849b740fde00b50c9ba5f3b5530d0e5749ea59837,eca954c21da074c545cb7858315ea39fee0a6f54b19e06474b4f2f91f1666847,8b90aa08a2480ce64e3784f1560ad81adcdab8870ccac0c6e424e34745f74c1e,6031dc4ee08b61c58b35b1efd7d764739d5c7c54dc7cbe9e9a72a1e4a7098596,675a3086cd6c4f2abd63c7d3acd419ca12dbc861,b9974a8f8c017bb8dcd4b62d614209421269020760d78e9d860a074b8cc9561f,aa748e7e398bb4d14b9afc8d4cf7a5ca8d485890223bfcd717e4bb6e950dd4ea,R2_UM_V2_DEPTH_7_selected,e754fc7f5325bb6c9ba805544db3621477b6e7fcee6cbc5a27b57e36d7002a61,validation,P0,2017-02-17,1026,906.8747618910877,b7f06003f14bea25ef09b915ad6b2ad13e4231441bbed049831f811d40c44795
new_p3_training,True,tuned,UM_V2_DEPTH,7,R2,3cfd389bbd05ec9201a41c0892e29bf8199198d1b216b9a8061370d4240aa583,bd1488a2d411295d7a2118c50ddcc0b158786123613af1676062e2270d1637d1,9cb89005693b1b70c102178849b740fde00b50c9ba5f3b5530d0e5749ea59837,eca954c21da074c545cb7858315ea39fee0a6f54b19e06474b4f2f91f1666847,8b90aa08a2480ce64e3784f1560ad81adcdab8870ccac0c6e424e34745f74c1e,6031dc4ee08b61c58b35b1efd7d764739d5c7c54dc7cbe9e9a72a1e4a7098596,675a3086cd6c4f2abd63c7d3acd419ca12dbc861,b9974a8f8c017bb8dcd4b62d614209421269020760d78e9d860a074b8cc9561f,aa748e7e398bb4d14b9afc8d4cf7a5ca8d485890223bfcd717e4bb6e950dd4ea,R2_UM_V2_DEPTH_7_selected,e754fc7f5325bb6c9ba805544db3621477b6e7fcee6cbc5a27b57e36d7002a61,validation,P0,2017-02-20,1026,888.304136128916,c7aeb880fcabf4fd6a8c3135ca424065155d244687cf33c68b4a2a288f7749ee
new_p3_training,True,tuned,UM_V2_DEPTH,7,R2,3cfd389bbd05ec9201a41c0892e29bf8199198d1b216b9a8061370d4240aa583,bd1488a2d411295d7a2118c50ddcc0b158786123613af1676062e2270d1637d1,9cb89005693b1b70c102178849b740fde00b50c9ba5f3b5530d0e5749ea59837,eca954c21da074c545cb7858315ea39fee0a6f54b19e06474b4f2f91f1666847,8b90aa08a2480ce64e3784f1560ad81adcdab8870ccac0c6e424e34745f74c1e,6031dc4ee08b61c58b35b1efd7d764739d5c7c54dc7cbe9e9a72a1e4a7098596,675a3086cd6c4f2abd63c7d3acd419ca12dbc861,b9974a8f8c017bb8dcd4b62d614209421269020760d78e9d860a074b8cc9561f,aa748e7e398bb4d14b9afc8d4cf7a5ca8d485890223bfcd717e4bb6e950dd4ea,R2_UM_V2_DEPTH_7_selected,e754fc7f5325bb6c9ba805544db3621477b6e7fcee6cbc5a27b57e36d7002a61,validation,P0,2017-02-21,1026,944.9877601260583,06e1a789548fd5079a4ac4cf393e46961a049a7519fd07da909efa02a43a57f7
new_p3_training,True,tuned,UM_V2_DEPTH,7,R2,3cfd389bbd05ec9201a41c0892e29bf8199198d1b216b9a8061370d4240aa583,bd1488a2d411295d7a2118c50ddcc0b158786123613af1676062e2270d1637d1,9cb89005693b1b70c102178849b740fde00b50c9ba5f3b5530d0e5749ea59837,eca954c21da074c545cb7858315ea39fee0a6f54b19e06474b4f2f91f1666847,8b90aa08a2480ce64e3784f1560ad81adcdab8870ccac0c6e424e34745f74c1e,6031dc4ee08b61c58b35b1efd7d764739d5c7c54dc7cbe9e9a72a1e4a7098596,675a3086cd6c4f2abd63c7d3acd419ca12dbc861,b9974a8f8c017bb8dcd4b62d614209421269020760d78e9d860a074b8cc9561f,aa748e7e398bb4d14b9afc8d4cf7a5ca8d485890223bfcd717e4bb6e950dd4ea,R2_UM_V2_DEPTH_7_selected,e754fc7f5325bb6c9ba805544db3621477b6e7fcee6cbc5a27b57e36d7002a61,validation,P0,2017-02-22,1026,904.8138039748904,bd2220d1fa09f732e2771d21d70926eb749ac2e7f6aef873d08de960abf9726c
new_p3_training,True,tuned,UM_V2_DEPTH,7,R2,3cfd389bbd05ec9201a41c0892e29bf8199198d1b216b9a8061370d4240aa583,bd1488a2d411295d7a2118c50ddcc0b158786123613af1676062e2270d1637d1,9cb89005693b1b70c102178849b740fde00b50c9ba5f3b5530d0e5749ea59837,eca954c21da074c545cb7858315ea39fee0a6f54b19e06474b4f2f91f1666847,8b90aa08a2480ce64e3784f1560ad81adcdab8870ccac0c6e424e34745f74c1e,6031dc4ee08b61c58b35b1efd7d764739d5c7c54dc7cbe9e9a72a1e4a7098596,675a3086cd6c4f2abd63c7d3acd419ca12dbc861,b9974a8f8c017bb8dcd4b62d614209421269020760d78e9d860a074b8cc9561f,aa748e7e398bb4d14b9afc8d4cf7a5ca8d485890223bfcd717e4bb6e950dd4ea,R2_UM_V2_DEPTH_7_selected,e754fc7f5325bb6c9ba805544db3621477b6e7fcee6cbc5a27b57e36d7002a61,validation,P0,2017-02-23,1026,941.0940034926036,b528c125d2071ea41108e55af1a5ce8112287fe068e0cf5490554f2c238e08a7
new_p3_training,True,tuned,UM_V2_DEPTH,7,R2,3cfd389bbd05ec9201a41c0892e29bf8199198d1b216b9a8061370d4240aa583,bd1488a2d411295d7a2118c50ddcc0b158786123613af1676062e2270d1637d1,9cb89005693b1b70c102178849b740fde00b50c9ba5f3b5530d0e5749ea59837,eca954c21da074c545cb7858315ea39fee0a6f54b19e06474b4f2f91f1666847,8b90aa08a2480ce64e3784f1560ad81adcdab8870ccac0c6e424e34745f74c1e,6031dc4ee08b61c58b35b1efd7d764739d5c7c54dc7cbe9e9a72a1e4a7098596,675a3086cd6c4f2abd63c7d3acd419ca12dbc861,b9974a8f8c017bb8dcd4b62d614209421269020760d78e9d860a074b8cc9561f,aa748e7e398bb4d14b9afc8d4cf7a5ca8d485890223bfcd717e4bb6e950dd4ea,R2_UM_V2_DEPTH_7_selected,e754fc7f5325bb6c9ba805544db3621477b6e7fcee6cbc5a27b57e36d7002a61,validation,P0,2017-02-24,1026,976.660457957191,5a35ebf1c214f206aba9a7c64ab3e7d13fb55242a3dbb57377e7a45cb468594e
new_p3_training,True,tuned,UM_V2_DEPTH,7,R2,3cfd389bbd05ec9201a41c0892e29bf8199198d1b216b9a8061370d4240aa583,bd1488a2d411295d7a2118c50ddcc0b158786123613af1676062e2270d1637d1,9cb89005693b1b70c102178849b740fde00b50c9ba5f3b5530d0e5749ea59837,eca954c21da074c545cb7858315ea39fee0a6f54b19e06474b4f2f91f1666847,8b90aa08a2480ce64e3784f1560ad81adcdab8870ccac0c6e424e34745f74c1e,6031dc4ee08b61c58b35b1efd7d764739d5c7c54dc7cbe9e9a72a1e4a7098596,675a3086cd6c4f2abd63c7d3acd419ca12dbc861,b9974a8f8c017bb8dcd4b62d614209421269020760d78e9d860a074b8cc9561f,aa748e7e398bb4d14b9afc8d4cf7a5ca8d485890223bfcd717e4bb6e950dd4ea,R2_UM_V2_DEPTH_7_selected,e754fc7f5325bb6c9ba805544db3621477b6e7fcee6cbc5a27b57e36d7002a61,validation,P0,2017-02-27,1026,932.5169674696224,012df0e671b4f89eb48d2bff79a277bfc0ec1a1ee811a0862338b367cd3fa9d4
new_p3_training,True,tuned,UM_V2_DEPTH,7,R2,3cfd389bbd05ec9201a41c0892e29bf8199198d1b216b9a8061370d4240aa583,bd1488a2d411295d7a2118c50ddcc0b158786123613af1676062e2270d1637d1,9cb89005693b1b70c102178849b740fde00b50c9ba5f3b5530d0e5749ea59837,eca954c21da074c545cb7858315ea39fee0a6f54b19e06474b4f2f91f1666847,8b90aa08a2480ce64e3784f1560ad81adcdab8870ccac0c6e424e34745f74c1e,6031dc4ee08b61c58b35b1efd7d764739d5c7c54dc7cbe9e9a72a1e4a7098596,675a3086cd6c4f2abd63c7d3acd419ca12dbc861,b9974a8f8c017bb8dcd4b62d614209421269020760d78e9d860a074b8cc9561f,aa748e7e398bb4d14b9afc8d4cf7a5ca8d485890223bfcd717e4bb6e950dd4ea,R2_UM_V2_DEPTH_7_selected,e754fc7f5325bb6c9ba805544db3621477b6e7fcee6cbc5a27b57e36d7002a61,validation,P0,2017-02-28,1026,872.8463036205828,da5d7c881b0c3440cca585b4dfdd2bc2a47ac38051ae9c1909e503c07e17d38f
new_p3_training,True,tuned,UM_V2_DEPTH,7,R2,3cfd389bbd05ec9201a41c0892e29bf8199198d1b216b9a8061370d4240aa583,bd1488a2d411295d7a2118c50ddcc0b158786123613af1676062e2270d1637d1,9cb89005693b1b70c102178849b740fde00b50c9ba5f3b5530d0e5749ea59837,eca954c21da074c545cb7858315ea39fee0a6f54b19e06474b4f2f91f1666847,8b90aa08a2480ce64e3784f1560ad81adcdab8870ccac0c6e424e34745f74c1e,6031dc4ee08b61c58b35b1efd7d764739d5c7c54dc7cbe9e9a72a1e4a7098596,675a3086cd6c4f2abd63c7d3acd419ca12dbc861,b9974a8f8c017bb8dcd4b62d614209421269020760d78e9d860a074b8cc9561f,aa748e7e398bb4d14b9afc8d4cf7a5ca8d485890223bfcd717e4bb6e950dd4ea,R2_UM_V2_DEPTH_7_selected,e754fc7f5325bb6c9ba805544db3621477b6e7fcee6cbc5a27b57e36d7002a61,validation,P0,2017-03-02,1026,971.1909072591816,eccbf26afab1682dd467f0e6f0e9b00355a35793dd5f44a9b95d6b4fe3725e11
new_p3_training,True,tuned,UM_V2_DEPTH,7,R2,3cfd389bbd05ec9201a41c0892e29bf8199198d1b216b9a8061370d4240aa583,bd1488a2d411295d7a2118c50ddcc0b158786123613af1676062e2270d1637d1,9cb89005693b1b70c102178849b740fde00b50c9ba5f3b5530d0e5749ea59837,eca954c21da074c545cb7858315ea39fee0a6f54b19e06474b4f2f91f1666847,8b90aa08a2480ce64e3784f1560ad81adcdab8870ccac0c6e424e34745f74c1e,6031dc4ee08b61c58b35b1efd7d764739d5c7c54dc7cbe9e9a72a1e4a7098596,675a3086cd6c4f2abd63c7d3acd419ca12dbc861,b9974a8f8c017bb8dcd4b62d614209421269020760d78e9d860a074b8cc9561f,aa748e7e398bb4d14b9afc8d4cf7a5ca8d485890223bfcd717e4bb6e950dd4ea,R2_UM_V2_DEPTH_7_selected,e754fc7f5325bb6c9ba805544db3621477b6e7fcee6cbc5a27b57e36d7002a61,validation,P0,2017-03-03,1026,1015.2132407842869,6634aa01a135154ef84e8f15d1f53257174e22fd6f8d0bc414008f0c18dfeed1
new_p3_training,True,tuned,UM_V2_DEPTH,7,R2,3cfd389bbd05ec9201a41c0892e29bf8199198d1b216b9a8061370d4240aa583,bd1488a2d411295d7a2118c50ddcc0b158786123613af1676062e2270d1637d1,9cb89005693b1b70c102178849b740fde00b50c9ba5f3b5530d0e5749ea59837,eca954c21da074c545cb7858315ea39fee0a6f54b19e06474b4f2f91f1666847,8b90aa08a2480ce64e3784f1560ad81adcdab8870ccac0c6e424e34745f74c1e,6031dc4ee08b61c58b35b1efd7d764739d5c7c54dc7cbe9e9a72a1e4a7098596,675a3086cd6c4f2abd63c7d3acd419ca12dbc861,b9974a8f8c017bb8dcd4b62d614209421269020760d78e9d860a074b8cc9561f,aa748e7e398bb4d14b9afc8d4cf7a5ca8d485890223bfcd717e4bb6e950dd4ea,R2_UM_V2_DEPTH_7_selected,e754fc7f5325bb6c9ba805544db3621477b6e7fcee6cbc5a27b57e36d7002a61,validation,P0,2017-03-06,1026,981.2328272917485,a634470df999d57734b9d3ae6585f4ae8b4f98834ce6f5e64189adacbe11cea2
new_p3_training,True,tuned,UM_V2_DEPTH,7,R2,3cfd389bbd05ec9201a41c0892e29bf8199198d1b216b9a8061370d4240aa583,bd1488a2d411295d7a2118c50ddcc0b158786123613af1676062e2270d1637d1,9cb89005693b1b70c102178849b740fde00b50c9ba5f3b5530d0e5749ea59837,eca954c21da074c545cb7858315ea39fee0a6f54b19e06474b4f2f91f1666847,8b90aa08a2480ce64e3784f1560ad81adcdab8870ccac0c6e424e34745f74c1e,6031dc4ee08b61c58b35b1efd7d764739d5c7c54dc7cbe9e9a72a1e4a7098596,675a3086cd6c4f2abd63c7d3acd419ca12dbc861,b9974a8f8c017bb8dcd4b62d614209421269020760d78e9d860a074b8cc9561f,aa748e7e398bb4d14b9afc8d4cf7a5ca8d485890223bfcd717e4bb6e950dd4ea,R2_UM_V2_DEPTH_7_selected,e754fc7f5325bb6c9ba805544db3621477b6e7fcee6cbc5a27b57e36d7002a61,validation,P0,2017-03-07,1026,895.137256925016,885e2c0bbf4780a9b064c4d10fc2f52e8f3b21a1802b4473569d5e1252bd5683
new_p3_training,True,tuned,UM_V2_DEPTH,7,R2,3cfd389bbd05ec9201a41c0892e29bf8199198d1b216b9a8061370d4240aa583,bd1488a2d411295d7a2118c50ddcc0b158786123613af1676062e2270d1637d1,9cb89005693b1b70c102178849b740fde00b50c9ba5f3b5530d0e5749ea59837,eca954c21da074c545cb7858315ea39fee0a6f54b19e06474b4f2f91f1666847,8b90aa08a2480ce64e3784f1560ad81adcdab8870ccac0c6e424e34745f74c1e,6031dc4ee08b61c58b35b1efd7d764739d5c7c54dc7cbe9e9a72a1e4a7098596,675a3086cd6c4f2abd63c7d3acd419ca12dbc861,b9974a8f8c017bb8dcd4b62d614209421269020760d78e9d860a074b8cc9561f,aa748e7e398bb4d14b9afc8d4cf7a5ca8d485890223bfcd717e4bb6e950dd4ea,R2_UM_V2_DEPTH_7_selected,e754fc7f5325bb6c9ba805544db3621477b6e7fcee6cbc5a27b57e36d7002a61,validation,P0,2017-03-08,1026,961.2394939387717,48d3129a79d6583af64dea7afb762903377dfc69be7206828c6493bdc038a377
new_p3_training,True,tuned,UM_V2_DEPTH,7,R2,3cfd389bbd05ec9201a41c0892e29bf8199198d1b216b9a8061370d4240aa583,bd1488a2d411295d7a2118c50ddcc0b158786123613af1676062e2270d1637d1,9cb89005693b1b70c102178849b740fde00b50c9ba5f3b5530d0e5749ea59837,eca954c21da074c545cb7858315ea39fee0a6f54b19e06474b4f2f91f1666847,8b90aa08a2480ce64e3784f1560ad81adcdab8870ccac0c6e424e34745f74c1e,6031dc4ee08b61c58b35b1efd7d764739d5c7c54dc7cbe9e9a72a1e4a7098596,675a3086cd6c4f2abd63c7d3acd419ca12dbc861,b9974a8f8c017bb8dcd4b62d614209421269020760d78e9d860a074b8cc9561f,aa748e7e398bb4d14b9afc8d4cf7a5ca8d485890223bfcd717e4bb6e950dd4ea,R2_UM_V2_DEPTH_7_selected,e754fc7f5325bb6c9ba805544db3621477b6e7fcee6cbc5a27b57e36d7002a61,validation,P0,2017-03-09,1026,930.2344993015727,8e111b00b6ce4cd8ada2b43a2ea1538e335c5af4cf8291d2349335dc01d78c04
new_p3_training,True,tuned,UM_V2_DEPTH,7,R2,3cfd389bbd05ec9201a41c0892e29bf8199198d1b216b9a8061370d4240aa583,bd1488a2d411295d7a2118c50ddcc0b158786123613af1676062e2270d1637d1,9cb89005693b1b70c102178849b740fde00b50c9ba5f3b5530d0e5749ea59837,eca954c21da074c545cb7858315ea39fee0a6f54b19e06474b4f2f91f1666847,8b90aa08a2480ce64e3784f1560ad81adcdab8870ccac0c6e424e34745f74c1e,6031dc4ee08b61c58b35b1efd7d764739d5c7c54dc7cbe9e9a72a1e4a7098596,675a3086cd6c4f2abd63c7d3acd419ca12dbc861,b9974a8f8c017bb8dcd4b62d614209421269020760d78e9d860a074b8cc9561f,aa748e7e398bb4d14b9afc8d4cf7a5ca8d485890223bfcd717e4bb6e950dd4ea,R2_UM_V2_DEPTH_7_selected,e754fc7f5325bb6c9ba805544db3621477b6e7fcee6cbc5a27b57e36d7002a61,validation,P0,2017-03-10,1026,1026.5905708706741,ac4dde729b941fd5b3637a2d822aabdf53f32399a267f107042044729ed50a5c
new_p3_training,True,tuned,UM_V2_DEPTH,7,R2,3cfd389bbd05ec9201a41c0892e29bf8199198d1b216b9a8061370d4240aa583,bd1488a2d411295d7a2118c50ddcc0b158786123613af1676062e2270d1637d1,9cb89005693b1b70c102178849b740fde00b50c9ba5f3b5530d0e5749ea59837,eca954c21da074c545cb7858315ea39fee0a6f54b19e06474b4f2f91f1666847,8b90aa08a2480ce64e3784f1560ad81adcdab8870ccac0c6e424e34745f74c1e,6031dc4ee08b61c58b35b1efd7d764739d5c7c54dc7cbe9e9a72a1e4a7098596,675a3086cd6c4f2abd63c7d3acd419ca12dbc861,b9974a8f8c017bb8dcd4b62d614209421269020760d78e9d860a074b8cc9561f,aa748e7e398bb4d14b9afc8d4cf7a5ca8d485890223bfcd717e4bb6e950dd4ea,R2_UM_V2_DEPTH_7_selected,e754fc7f5325bb6c9ba805544db3621477b6e7fcee6cbc5a27b57e36d7002a61,validation,P0,2017-03-13,1026,946.8038289166182,ff7b3c7f01e163498ee81d6d61e255492b5193753ecf5720c7d32f77868985a2
new_p3_training,True,tuned,UM_V2_DEPTH,7,R2,3cfd389bbd05ec9201a41c0892e29bf8199198d1b216b9a8061370d4240aa583,bd1488a2d411295d7a2118c50ddcc0b158786123613af1676062e2270d1637d1,9cb89005693b1b70c102178849b740fde00b50c9ba5f3b5530d0e5749ea59837,eca954c21da074c545cb7858315ea39fee0a6f54b19e06474b4f2f91f1666847,8b90aa08a2480ce64e3784f1560ad81adcdab8870ccac0c6e424e34745f74c1e,6031dc4ee08b61c58b35b1efd7d764739d5c7c54dc7cbe9e9a72a1e4a7098596,675a3086cd6c4f2abd63c7d3acd419ca12dbc861,b9974a8f8c017bb8dcd4b62d614209421269020760d78e9d860a074b8cc9561f,aa748e7e398bb4d14b9afc8d4cf7a5ca8d485890223bfcd717e4bb6e950dd4ea,R2_UM_V2_DEPTH_7_selected,e754fc7f5325bb6c9ba805544db3621477b6e7fcee6cbc5a27b57e36d7002a61,validation,P0,2017-03-14,1026,956.3947551473483,d79284901848119e3473843378405bf899a2e410ff2f870f7b0b2279fa6a9257
new_p3_training,True,tuned,UM_V2_DEPTH,7,R2,3cfd389bbd05ec9201a41c0892e29bf8199198d1b216b9a8061370d4240aa583,bd1488a2d411295d7a2118c50ddcc0b158786123613af1676062e2270d1637d1,9cb89005693b1b70c102178849b740fde00b50c9ba5f3b5530d0e5749ea59837,eca954c21da074c545cb7858315ea39fee0a6f54b19e06474b4f2f91f1666847,8b90aa08a2480ce64e3784f1560ad81adcdab8870ccac0c6e424e34745f74c1e,6031dc4ee08b61c58b35b1efd7d764739d5c7c54dc7cbe9e9a72a1e4a7098596,675a3086cd6c4f2abd63c7d3acd419ca12dbc861,b9974a8f8c017bb8dcd4b62d614209421269020760d78e9d860a074b8cc9561f,aa748e7e398bb4d14b9afc8d4cf7a5ca8d485890223bfcd717e4bb6e950dd4ea,R2_UM_V2_DEPTH_7_selected,e754fc7f5325bb6c9ba805544db3621477b6e7fcee6cbc5a27b57e36d7002a61,validation,P0,2017-03-15,1026,953.3514940046302,3647c2ce05d55aed010cd40a0a34e1897d3f1bc950716dbe3a536562affd0f36
new_p3_training,True,tuned,UM_V2_DEPTH,7,R2,3cfd389bbd05ec9201a41c0892e29bf8199198d1b216b9a8061370d4240aa583,bd1488a2d411295d7a2118c50ddcc0b158786123613af1676062e2270d1637d1,9cb89005693b1b70c102178849b740fde00b50c9ba5f3b5530d0e5749ea59837,eca954c21da074c545cb7858315ea39fee0a6f54b19e06474b4f2f91f1666847,8b90aa08a2480ce64e3784f1560ad81adcdab8870ccac0c6e424e34745f74c1e,6031dc4ee08b61c58b35b1efd7d764739d5c7c54dc7cbe9e9a72a1e4a7098596,675a3086cd6c4f2abd63c7d3acd419ca12dbc861,b9974a8f8c017bb8dcd4b62d614209421269020760d78e9d860a074b8cc9561f,aa748e7e398bb4d14b9afc8d4cf7a5ca8d485890223bfcd717e4bb6e950dd4ea,R2_UM_V2_DEPTH_7_selected,e754fc7f5325bb6c9ba805544db3621477b6e7fcee6cbc5a27b57e36d7002a61,validation,P0,2017-03-16,1026,975.2072177392915,dc4e3f6802a2c938909ca397693a0ab6ad8989945b237784fb250fb66ced419e
new_p3_training,True,tuned,UM_V2_DEPTH,7,R2,3cfd389bbd05ec9201a41c0892e29bf8199198d1b216b9a8061370d4240aa583,bd1488a2d411295d7a2118c50ddcc0b158786123613af1676062e2270d1637d1,9cb89005693b1b70c102178849b740fde00b50c9ba5f3b5530d0e5749ea59837,eca954c21da074c545cb7858315ea39fee0a6f54b19e06474b4f2f91f1666847,8b90aa08a2480ce64e3784f1560ad81adcdab8870ccac0c6e424e34745f74c1e,6031dc4ee08b61c58b35b1efd7d764739d5c7c54dc7cbe9e9a72a1e4a7098596,675a3086cd6c4f2abd63c7d3acd419ca12dbc861,b9974a8f8c017bb8dcd4b62d614209421269020760d78e9d860a074b8cc9561f,aa748e7e398bb4d14b9afc8d4cf7a5ca8d485890223bfcd717e4bb6e950dd4ea,R2_UM_V2_DEPTH_7_selected,e754fc7f5325bb6c9ba805544db3621477b6e7fcee6cbc5a27b57e36d7002a61,validation,P0,2017-03-17,1026,967.8663983897121,ec84c43cf4453898bcf34a0f61bdaf87ace1ff02edb459e23bcc8c283d92dfc6
new_p3_training,True,tuned,UM_V2_DEPTH,7,R2,3cfd389bbd05ec9201a41c0892e29bf8199198d1b216b9a8061370d4240aa583,bd1488a2d411295d7a2118c50ddcc0b158786123613af1676062e2270d1637d1,9cb89005693b1b70c102178849b740fde00b50c9ba5f3b5530d0e5749ea59837,eca954c21da074c545cb7858315ea39fee0a6f54b19e06474b4f2f91f1666847,8b90aa08a2480ce64e3784f1560ad81adcdab8870ccac0c6e424e34745f74c1e,6031dc4ee08b61c58b35b1efd7d764739d5c7c54dc7cbe9e9a72a1e4a7098596,675a3086cd6c4f2abd63c7d3acd419ca12dbc861,b9974a8f8c017bb8dcd4b62d614209421269020760d78e9d860a074b8cc9561f,aa748e7e398bb4d14b9afc8d4cf7a5ca8d485890223bfcd717e4bb6e950dd4ea,R2_UM_V2_DEPTH_7_selected,e754fc7f5325bb6c9ba805544db3621477b6e7fcee6cbc5a27b57e36d7002a61,validation,P0,2017-03-20,1026,904.6628233855463,5b58b30c42bacac8b002937842b4dd85d149c36dd3971060731299992e88b0b3
new_p3_training,True,tuned,UM_V2_DEPTH,7,R2,3cfd389bbd05ec9201a41c0892e29bf8199198d1b216b9a8061370d4240aa583,bd1488a2d411295d7a2118c50ddcc0b158786123613af1676062e2270d1637d1,9cb89005693b1b70c102178849b740fde00b50c9ba5f3b5530d0e5749ea59837,eca954c21da074c545cb7858315ea39fee0a6f54b19e06474b4f2f91f1666847,8b90aa08a2480ce64e3784f1560ad81adcdab8870ccac0c6e424e34745f74c1e,6031dc4ee08b61c58b35b1efd7d764739d5c7c54dc7cbe9e9a72a1e4a7098596,675a3086cd6c4f2abd63c7d3acd419ca12dbc861,b9974a8f8c017bb8dcd4b62d614209421269020760d78e9d860a074b8cc9561f,aa748e7e398bb4d14b9afc8d4cf7a5ca8d485890223bfcd717e4bb6e950dd4ea,R2_UM_V2_DEPTH_7_selected,e754fc7f5325bb6c9ba805544db3621477b6e7fcee6cbc5a27b57e36d7002a61,validation,P0,2017-03-21,1026,967.752433081911,b22e3952b20f28b5efc896413fcab8ba4ee1f80f1126eccbb81e8fb6fa6d9cb1
new_p3_training,True,tuned,UM_V2_DEPTH,7,R2,3cfd389bbd05ec9201a41c0892e29bf8199198d1b216b9a8061370d4240aa583,bd1488a2d411295d7a2118c50ddcc0b158786123613af1676062e2270d1637d1,9cb89005693b1b70c102178849b740fde00b50c9ba5f3b5530d0e5749ea59837,eca954c21da074c545cb7858315ea39fee0a6f54b19e06474b4f2f91f1666847,8b90aa08a2480ce64e3784f1560ad81adcdab8870ccac0c6e424e34745f74c1e,6031dc4ee08b61c58b35b1efd7d764739d5c7c54dc7cbe9e9a72a1e4a7098596,675a3086cd6c4f2abd63c7d3acd419ca12dbc861,b9974a8f8c017bb8dcd4b62d614209421269020760d78e9d860a074b8cc9561f,aa748e7e398bb4d14b9afc8d4cf7a5ca8d485890223bfcd717e4bb6e950dd4ea,R2_UM_V2_DEPTH_7_selected,e754fc7f5325bb6c9ba805544db3621477b6e7fcee6cbc5a27b57e36d7002a61,validation,P0,2017-03-22,1026,959.6007128049569,584f23f899324c8b922b8e476c3769591fae73db0f180e7f35302b91f2cb1541
new_p3_training,True,tuned,UM_V2_DEPTH,7,R2,3cfd389bbd05ec9201a41c0892e29bf8199198d1b216b9a8061370d4240aa583,bd1488a2d411295d7a2118c50ddcc0b158786123613af1676062e2270d1637d1,9cb89005693b1b70c102178849b740fde00b50c9ba5f3b5530d0e5749ea59837,eca954c21da074c545cb7858315ea39fee0a6f54b19e06474b4f2f91f1666847,8b90aa08a2480ce64e3784f1560ad81adcdab8870ccac0c6e424e34745f74c1e,6031dc4ee08b61c58b35b1efd7d764739d5c7c54dc7cbe9e9a72a1e4a7098596,675a3086cd6c4f2abd63c7d3acd419ca12dbc861,b9974a8f8c017bb8dcd4b62d614209421269020760d78e9d860a074b8cc9561f,aa748e7e398bb4d14b9afc8d4cf7a5ca8d485890223bfcd717e4bb6e950dd4ea,R2_UM_V2_DEPTH_7_selected,e754fc7f5325bb6c9ba805544db3621477b6e7fcee6cbc5a27b57e36d7002a61,validation,P0,2017-03-23,1026,956.9420115262633,531210c7203f13d8cc5e3a05557cec7758f7bb76d73a15f697059f2f837c9f92
new_p3_training,True,tuned,UM_V2_DEPTH,7,R2,3cfd389bbd05ec9201a41c0892e29bf8199198d1b216b9a8061370d4240aa583,bd1488a2d411295d7a2118c50ddcc0b158786123613af1676062e2270d1637d1,9cb89005693b1b70c102178849b740fde00b50c9ba5f3b5530d0e5749ea59837,eca954c21da074c545cb7858315ea39fee0a6f54b19e06474b4f2f91f1666847,8b90aa08a2480ce64e3784f1560ad81adcdab8870ccac0c6e424e34745f74c1e,6031dc4ee08b61c58b35b1efd7d764739d5c7c54dc7cbe9e9a72a1e4a7098596,675a3086cd6c4f2abd63c7d3acd419ca12dbc861,b9974a8f8c017bb8dcd4b62d614209421269020760d78e9d860a074b8cc9561f,aa748e7e398bb4d14b9afc8d4cf7a5ca8d485890223bfcd717e4bb6e950dd4ea,R2_UM_V2_DEPTH_7_selected,e754fc7f5325bb6c9ba805544db3621477b6e7fcee6cbc5a27b57e36d7002a61,validation,P1,2017-01-11,997,948.8089267576561,c53dc396275b7336a62b2c6ac206c1cb42956d8da3e1ffd5c5e08901ac975885
new_p3_training,True,tuned,UM_V2_DEPTH,7,R2,3cfd389bbd05ec9201a41c0892e29bf8199198d1b216b9a8061370d4240aa583,bd1488a2d411295d7a2118c50ddcc0b158786123613af1676062e2270d1637d1,9cb89005693b1b70c102178849b740fde00b50c9ba5f3b5530d0e5749ea59837,eca954c21da074c545cb7858315ea39fee0a6f54b19e06474b4f2f91f1666847,8b90aa08a2480ce64e3784f1560ad81adcdab8870ccac0c6e424e34745f74c1e,6031dc4ee08b61c58b35b1efd7d764739d5c7c54dc7cbe9e9a72a1e4a7098596,675a3086cd6c4f2abd63c7d3acd419ca12dbc861,b9974a8f8c017bb8dcd4b62d614209421269020760d78e9d860a074b8cc9561f,aa748e7e398bb4d14b9afc8d4cf7a5ca8d485890223bfcd717e4bb6e950dd4ea,R2_UM_V2_DEPTH_7_selected,e754fc7f5325bb6c9ba805544db3621477b6e7fcee6cbc5a27b57e36d7002a61,validation,P1,2017-01-12,982,885.6958315359683,685a5f5249747007aa2648bcfd67f304f760b9ad2a05b367e7dbe29ce7e10302
new_p3_training,True,tuned,UM_V2_DEPTH,7,R2,3cfd389bbd05ec9201a41c0892e29bf8199198d1b216b9a8061370d4240aa583,bd1488a2d411295d7a2118c50ddcc0b158786123613af1676062e2270d1637d1,9cb89005693b1b70c102178849b740fde00b50c9ba5f3b5530d0e5749ea59837,eca954c21da074c545cb7858315ea39fee0a6f54b19e06474b4f2f91f1666847,8b90aa08a2480ce64e3784f1560ad81adcdab8870ccac0c6e424e34745f74c1e,6031dc4ee08b61c58b35b1efd7d764739d5c7c54dc7cbe9e9a72a1e4a7098596,675a3086cd6c4f2abd63c7d3acd419ca12dbc861,b9974a8f8c017bb8dcd4b62d614209421269020760d78e9d860a074b8cc9561f,aa748e7e398bb4d14b9afc8d4cf7a5ca8d485890223bfcd717e4bb6e950dd4ea,R2_UM_V2_DEPTH_7_selected,e754fc7f5325bb6c9ba805544db3621477b6e7fcee6cbc5a27b57e36d7002a61,validation,P1,2017-01-13,991,883.5698444590075,e30fa284ec89f28fa024dc657735b2acdd12343fd47bf36e6d2c99a840e1b4bd
new_p3_training,True,tuned,UM_V2_DEPTH,7,R2,3cfd389bbd05ec9201a41c0892e29bf8199198d1b216b9a8061370d4240aa583,bd1488a2d411295d7a2118c50ddcc0b158786123613af1676062e2270d1637d1,9cb89005693b1b70c102178849b740fde00b50c9ba5f3b5530d0e5749ea59837,eca954c21da074c545cb7858315ea39fee0a6f54b19e06474b4f2f91f1666847,8b90aa08a2480ce64e3784f1560ad81adcdab8870ccac0c6e424e34745f74c1e,6031dc4ee08b61c58b35b1efd7d764739d5c7c54dc7cbe9e9a72a1e4a7098596,675a3086cd6c4f2abd63c7d3acd419ca12dbc861,b9974a8f8c017bb8dcd4b62d614209421269020760d78e9d860a074b8cc9561f,aa748e7e398bb4d14b9afc8d4cf7a5ca8d485890223bfcd717e4bb6e950dd4ea,R2_UM_V2_DEPTH_7_selected,e754fc7f5325bb6c9ba805544db3621477b6e7fcee6cbc5a27b57e36d7002a61,validation,P1,2017-01-16,995,909.6402439373265,6d1d41fe833b5d75989c1e4a0946f8eb26f99a9d525b534c2ce4a601037c9f1d
new_p3_training,True,tuned,UM_V2_DEPTH,7,R2,3cfd389bbd05ec9201a41c0892e29bf8199198d1b216b9a8061370d4240aa583,bd1488a2d411295d7a2118c50ddcc0b158786123613af1676062e2270d1637d1,9cb89005693b1b70c102178849b740fde00b50c9ba5f3b5530d0e5749ea59837,eca954c21da074c545cb7858315ea39fee0a6f54b19e06474b4f2f91f1666847,8b90aa08a2480ce64e3784f1560ad81adcdab8870ccac0c6e424e34745f74c1e,6031dc4ee08b61c58b35b1efd7d764739d5c7c54dc7cbe9e9a72a1e4a7098596,675a3086cd6c4f2abd63c7d3acd419ca12dbc861,b9974a8f8c017bb8dcd4b62d614209421269020760d78e9d860a074b8cc9561f,aa748e7e398bb4d14b9afc8d4cf7a5ca8d485890223bfcd717e4bb6e950dd4ea,R2_UM_V2_DEPTH_7_selected,e754fc7f5325bb6c9ba805544db3621477b6e7fcee6cbc5a27b57e36d7002a61,validation,P1,2017-01-17,993,901.4700066937204,7df9f5adf4f0d35cb1e4dae07de47e8f74f434c0d3d350b88e3ccac5f8e2700f
new_p3_training,True,tuned,UM_V2_DEPTH,7,R2,3cfd389bbd05ec9201a41c0892e29bf8199198d1b216b9a8061370d4240aa583,bd1488a2d411295d7a2118c50ddcc0b158786123613af1676062e2270d1637d1,9cb89005693b1b70c102178849b740fde00b50c9ba5f3b5530d0e5749ea59837,eca954c21da074c545cb7858315ea39fee0a6f54b19e06474b4f2f91f1666847,8b90aa08a2480ce64e3784f1560ad81adcdab8870ccac0c6e424e34745f74c1e,6031dc4ee08b61c58b35b1efd7d764739d5c7c54dc7cbe9e9a72a1e4a7098596,675a3086cd6c4f2abd63c7d3acd419ca12dbc861,b9974a8f8c017bb8dcd4b62d614209421269020760d78e9d860a074b8cc9561f,aa748e7e398bb4d14b9afc8d4cf7a5ca8d485890223bfcd717e4bb6e950dd4ea,R2_UM_V2_DEPTH_7_selected,e754fc7f5325bb6c9ba805544db3621477b6e7fcee6cbc5a27b57e36d7002a61,validation,P1,2017-01-18,990,905.0266743217637,57b7cf3dadb7f4dbb23a8be773a35e1725611022fefe9ab037def31a5f233284
new_p3_training,True,tuned,UM_V2_DEPTH,7,R2,3cfd389bbd05ec9201a41c0892e29bf8199198d1b216b9a8061370d4240aa583,bd1488a2d411295d7a2118c50ddcc0b158786123613af1676062e2270d1637d1,9cb89005693b1b70c102178849b740fde00b50c9ba5f3b5530d0e5749ea59837,eca954c21da074c545cb7858315ea39fee0a6f54b19e06474b4f2f91f1666847,8b90aa08a2480ce64e3784f1560ad81adcdab8870ccac0c6e424e34745f74c1e,6031dc4ee08b61c58b35b1efd7d764739d5c7c54dc7cbe9e9a72a1e4a7098596,675a3086cd6c4f2abd63c7d3acd419ca12dbc861,b9974a8f8c017bb8dcd4b62d614209421269020760d78e9d860a074b8cc9561f,aa748e7e398bb4d14b9afc8d4cf7a5ca8d485890223bfcd717e4bb6e950dd4ea,R2_UM_V2_DEPTH_7_selected,e754fc7f5325bb6c9ba805544db3621477b6e7fcee6cbc5a27b57e36d7002a61,validation,P1,2017-01-19,991,964.3312275280239,4b9152479bc053a5fb2fbf040d97b180a90500ac9e00621323c096fe96b70b4f
new_p3_training,True,tuned,UM_V2_DEPTH,7,R2,3cfd389bbd05ec9201a41c0892e29bf8199198d1b216b9a8061370d4240aa583,bd1488a2d411295d7a2118c50ddcc0b158786123613af1676062e2270d1637d1,9cb89005693b1b70c102178849b740fde00b50c9ba5f3b5530d0e5749ea59837,eca954c21da074c545cb7858315ea39fee0a6f54b19e06474b4f2f91f1666847,8b90aa08a2480ce64e3784f1560ad81adcdab8870ccac0c6e424e34745f74c1e,6031dc4ee08b61c58b35b1efd7d764739d5c7c54dc7cbe9e9a72a1e4a7098596,675a3086cd6c4f2abd63c7d3acd419ca12dbc861,b9974a8f8c017bb8dcd4b62d614209421269020760d78e9d860a074b8cc9561f,aa748e7e398bb4d14b9afc8d4cf7a5ca8d485890223bfcd717e4bb6e950dd4ea,R2_UM_V2_DEPTH_7_selected,e754fc7f5325bb6c9ba805544db3621477b6e7fcee6cbc5a27b57e36d7002a61,validation,P1,2017-01-20,992,883.7144793230616,4af4228c9ccfb9fc0c31f20a627a1d86e90be19538ef122850ad513938109cf6
new_p3_training,True,tuned,UM_V2_DEPTH,7,R2,3cfd389bbd05ec9201a41c0892e29bf8199198d1b216b9a8061370d4240aa583,bd1488a2d411295d7a2118c50ddcc0b158786123613af1676062e2270d1637d1,9cb89005693b1b70c102178849b740fde00b50c9ba5f3b5530d0e5749ea59837,eca954c21da074c545cb7858315ea39fee0a6f54b19e06474b4f2f91f1666847,8b90aa08a2480ce64e3784f1560ad81adcdab8870ccac0c6e424e34745f74c1e,6031dc4ee08b61c58b35b1efd7d764739d5c7c54dc7cbe9e9a72a1e4a7098596,675a3086cd6c4f2abd63c7d3acd419ca12dbc861,b9974a8f8c017bb8dcd4b62d614209421269020760d78e9d860a074b8cc9561f,aa748e7e398bb4d14b9afc8d4cf7a5ca8d485890223bfcd717e4bb6e950dd4ea,R2_UM_V2_DEPTH_7_selected,e754fc7f5325bb6c9ba805544db3621477b6e7fcee6cbc5a27b57e36d7002a61,validation,P1,2017-01-23,984,882.2253097475733,7be79897266d6419be596a9c3ad81809de916556389108eb1c5bfe229dc9e08f
new_p3_training,True,tuned,UM_V2_DEPTH,7,R2,3cfd389bbd05ec9201a41c0892e29bf8199198d1b216b9a8061370d4240aa583,bd1488a2d411295d7a2118c50ddcc0b158786123613af1676062e2270d1637d1,9cb89005693b1b70c102178849b740fde00b50c9ba5f3b5530d0e5749ea59837,eca954c21da074c545cb7858315ea39fee0a6f54b19e06474b4f2f91f1666847,8b90aa08a2480ce64e3784f1560ad81adcdab8870ccac0c6e424e34745f74c1e,6031dc4ee08b61c58b35b1efd7d764739d5c7c54dc7cbe9e9a72a1e4a7098596,675a3086cd6c4f2abd63c7d3acd419ca12dbc861,b9974a8f8c017bb8dcd4b62d614209421269020760d78e9d860a074b8cc9561f,aa748e7e398bb4d14b9afc8d4cf7a5ca8d485890223bfcd717e4bb6e950dd4ea,R2_UM_V2_DEPTH_7_selected,e754fc7f5325bb6c9ba805544db3621477b6e7fcee6cbc5a27b57e36d7002a61,validation,P1,2017-01-24,983,858.7911702735564,065b611d3393a0342cadb354aec069d81311f102284a5b89acd8760f44f1ffee
new_p3_training,True,tuned,UM_V2_DEPTH,7,R2,3cfd389bbd05ec9201a41c0892e29bf8199198d1b216b9a8061370d4240aa583,bd1488a2d411295d7a2118c50ddcc0b158786123613af1676062e2270d1637d1,9cb89005693b1b70c102178849b740fde00b50c9ba5f3b5530d0e5749ea59837,eca954c21da074c545cb7858315ea39fee0a6f54b19e06474b4f2f91f1666847,8b90aa08a2480ce64e3784f1560ad81adcdab8870ccac0c6e424e34745f74c1e,6031dc4ee08b61c58b35b1efd7d764739d5c7c54dc7cbe9e9a72a1e4a7098596,675a3086cd6c4f2abd63c7d3acd419ca12dbc861,b9974a8f8c017bb8dcd4b62d614209421269020760d78e9d860a074b8cc9561f,aa748e7e398bb4d14b9afc8d4cf7a5ca8d485890223bfcd717e4bb6e950dd4ea,R2_UM_V2_DEPTH_7_selected,e754fc7f5325bb6c9ba805544db3621477b6e7fcee6cbc5a27b57e36d7002a61,validation,P1,2017-01-25,989,901.9732747130101,072dce01a7886d3d7b6dee676fb41ff77cc32d36c7d7ee6c64b90beb24ece2f2
new_p3_training,True,tuned,UM_V2_DEPTH,7,R2,3cfd389bbd05ec9201a41c0892e29bf8199198d1b216b9a8061370d4240aa583,bd1488a2d411295d7a2118c50ddcc0b158786123613af1676062e2270d1637d1,9cb89005693b1b70c102178849b740fde00b50c9ba5f3b5530d0e5749ea59837,eca954c21da074c545cb7858315ea39fee0a6f54b19e06474b4f2f91f1666847,8b90aa08a2480ce64e3784f1560ad81adcdab8870ccac0c6e424e34745f74c1e,6031dc4ee08b61c58b35b1efd7d764739d5c7c54dc7cbe9e9a72a1e4a7098596,675a3086cd6c4f2abd63c7d3acd419ca12dbc861,b9974a8f8c017bb8dcd4b62d614209421269020760d78e9d860a074b8cc9561f,aa748e7e398bb4d14b9afc8d4cf7a5ca8d485890223bfcd717e4bb6e950dd4ea,R2_UM_V2_DEPTH_7_selected,e754fc7f5325bb6c9ba805544db3621477b6e7fcee6cbc5a27b57e36d7002a61,validation,P1,2017-01-26,982,914.1533294487995,2aa7a0e4f35d06f2b06a773a591437e17e6c0d67d85cea9d14187faaf3e704ec
new_p3_training,True,tuned,UM_V2_DEPTH,7,R2,3cfd389bbd05ec9201a41c0892e29bf8199198d1b216b9a8061370d4240aa583,bd1488a2d411295d7a2118c50ddcc0b158786123613af1676062e2270d1637d1,9cb89005693b1b70c102178849b740fde00b50c9ba5f3b5530d0e5749ea59837,eca954c21da074c545cb7858315ea39fee0a6f54b19e06474b4f2f91f1666847,8b90aa08a2480ce64e3784f1560ad81adcdab8870ccac0c6e424e34745f74c1e,6031dc4ee08b61c58b35b1efd7d764739d5c7c54dc7cbe9e9a72a1e4a7098596,675a3086cd6c4f2abd63c7d3acd419ca12dbc861,b9974a8f8c017bb8dcd4b62d614209421269020760d78e9d860a074b8cc9561f,aa748e7e398bb4d14b9afc8d4cf7a5ca8d485890223bfcd717e4bb6e950dd4ea,R2_UM_V2_DEPTH_7_selected,e754fc7f5325bb6c9ba805544db3621477b6e7fcee6cbc5a27b57e36d7002a61,validation,P1,2017-01-31,991,902.1221891033483,8555b8e3197d8ad4f7a770bdb3895054b583ec015c73e716bc31e29c1a672735
new_p3_training,True,tuned,UM_V2_DEPTH,7,R2,3cfd389bbd05ec9201a41c0892e29bf8199198d1b216b9a8061370d4240aa583,bd1488a2d411295d7a2118c50ddcc0b158786123613af1676062e2270d1637d1,9cb89005693b1b70c102178849b740fde00b50c9ba5f3b5530d0e5749ea59837,eca954c21da074c545cb7858315ea39fee0a6f54b19e06474b4f2f91f1666847,8b90aa08a2480ce64e3784f1560ad81adcdab8870ccac0c6e424e34745f74c1e,6031dc4ee08b61c58b35b1efd7d764739d5c7c54dc7cbe9e9a72a1e4a7098596,675a3086cd6c4f2abd63c7d3acd419ca12dbc861,b9974a8f8c017bb8dcd4b62d614209421269020760d78e9d860a074b8cc9561f,aa748e7e398bb4d14b9afc8d4cf7a5ca8d485890223bfcd717e4bb6e950dd4ea,R2_UM_V2_DEPTH_7_selected,e754fc7f5325bb6c9ba805544db3621477b6e7fcee6cbc5a27b57e36d7002a61,validation,P1,2017-02-01,997,891.8679227063219,96cb6f38a50a1938cbc5ef597d2852502b2cc8b49f654865bdff28298975b98f
new_p3_training,True,tuned,UM_V2_DEPTH,7,R2,3cfd389bbd05ec9201a41c0892e29bf8199198d1b216b9a8061370d4240aa583,bd1488a2d411295d7a2118c50ddcc0b158786123613af1676062e2270d1637d1,9cb89005693b1b70c102178849b740fde00b50c9ba5f3b5530d0e5749ea59837,eca954c21da074c545cb7858315ea39fee0a6f54b19e06474b4f2f91f1666847,8b90aa08a2480ce64e3784f1560ad81adcdab8870ccac0c6e424e34745f74c1e,6031dc4ee08b61c58b35b1efd7d764739d5c7c54dc7cbe9e9a72a1e4a7098596,675a3086cd6c4f2abd63c7d3acd419ca12dbc861,b9974a8f8c017bb8dcd4b62d614209421269020760d78e9d860a074b8cc9561f,aa748e7e398bb4d14b9afc8d4cf7a5ca8d485890223bfcd717e4bb6e950dd4ea,R2_UM_V2_DEPTH_7_selected,e754fc7f5325bb6c9ba805544db3621477b6e7fcee6cbc5a27b57e36d7002a61,validation,P1,2017-02-02,995,932.5224837207434,1f13a2d9e3d7b89973d88817f97e54198b8bc9d8e5da5fd9f6ab756089f96e2e
new_p3_training,True,tuned,UM_V2_DEPTH,7,R2,3cfd389bbd05ec9201a41c0892e29bf8199198d1b216b9a8061370d4240aa583,bd1488a2d411295d7a2118c50ddcc0b158786123613af1676062e2270d1637d1,9cb89005693b1b70c102178849b740fde00b50c9ba5f3b5530d0e5749ea59837,eca954c21da074c545cb7858315ea39fee0a6f54b19e06474b4f2f91f1666847,8b90aa08a2480ce64e3784f1560ad81adcdab8870ccac0c6e424e34745f74c1e,6031dc4ee08b61c58b35b1efd7d764739d5c7c54dc7cbe9e9a72a1e4a7098596,675a3086cd6c4f2abd63c7d3acd419ca12dbc861,b9974a8f8c017bb8dcd4b62d614209421269020760d78e9d860a074b8cc9561f,aa748e7e398bb4d14b9afc8d4cf7a5ca8d485890223bfcd717e4bb6e950dd4ea,R2_UM_V2_DEPTH_7_selected,e754fc7f5325bb6c9ba805544db3621477b6e7fcee6cbc5a27b57e36d7002a61,validation,P1,2017-02-03,991,904.4079425631138,4a413fdb99facaf607bd8d274f65636c5317e28e8815a1b4c61fc7222e2ce2c4
new_p3_training,True,tuned,UM_V2_DEPTH,7,R2,3cfd389bbd05ec9201a41c0892e29bf8199198d1b216b9a8061370d4240aa583,bd1488a2d411295d7a2118c50ddcc0b158786123613af1676062e2270d1637d1,9cb89005693b1b70c102178849b740fde00b50c9ba5f3b5530d0e5749ea59837,eca954c21da074c545cb7858315ea39fee0a6f54b19e06474b4f2f91f1666847,8b90aa08a2480ce64e3784f1560ad81adcdab8870ccac0c6e424e34745f74c1e,6031dc4ee08b61c58b35b1efd7d764739d5c7c54dc7cbe9e9a72a1e4a7098596,675a3086cd6c4f2abd63c7d3acd419ca12dbc861,b9974a8f8c017bb8dcd4b62d614209421269020760d78e9d860a074b8cc9561f,aa748e7e398bb4d14b9afc8d4cf7a5ca8d485890223bfcd717e4bb6e950dd4ea,R2_UM_V2_DEPTH_7_selected,e754fc7f5325bb6c9ba805544db3621477b6e7fcee6cbc5a27b57e36d7002a61,validation,P1,2017-02-06,993,908.6708814795006,2d3bef01ca670376f4c56d96069e78f62efd06a0bc7764ad5e5c50cc9b3a74fb
new_p3_training,True,tuned,UM_V2_DEPTH,7,R2,3cfd389bbd05ec9201a41c0892e29bf8199198d1b216b9a8061370d4240aa583,bd1488a2d411295d7a2118c50ddcc0b158786123613af1676062e2270d1637d1,9cb89005693b1b70c102178849b740fde00b50c9ba5f3b5530d0e5749ea59837,eca954c21da074c545cb7858315ea39fee0a6f54b19e06474b4f2f91f1666847,8b90aa08a2480ce64e3784f1560ad81adcdab8870ccac0c6e424e34745f74c1e,6031dc4ee08b61c58b35b1efd7d764739d5c7c54dc7cbe9e9a72a1e4a7098596,675a3086cd6c4f2abd63c7d3acd419ca12dbc861,b9974a8f8c017bb8dcd4b62d614209421269020760d78e9d860a074b8cc9561f,aa748e7e398bb4d14b9afc8d4cf7a5ca8d485890223bfcd717e4bb6e950dd4ea,R2_UM_V2_DEPTH_7_selected,e754fc7f5325bb6c9ba805544db3621477b6e7fcee6cbc5a27b57e36d7002a61,validation,P1,2017-02-07,995,902.9366629643121,a9931999f1a57d63b890ad811996d3902aa664719eb70c60982a1d12090bc641
new_p3_training,True,tuned,UM_V2_DEPTH,7,R2,3cfd389bbd05ec9201a41c0892e29bf8199198d1b216b9a8061370d4240aa583,bd1488a2d411295d7a2118c50ddcc0b158786123613af1676062e2270d1637d1,9cb89005693b1b70c102178849b740fde00b50c9ba5f3b5530d0e5749ea59837,eca954c21da074c545cb7858315ea39fee0a6f54b19e06474b4f2f91f1666847,8b90aa08a2480ce64e3784f1560ad81adcdab8870ccac0c6e424e34745f74c1e,6031dc4ee08b61c58b35b1efd7d764739d5c7c54dc7cbe9e9a72a1e4a7098596,675a3086cd6c4f2abd63c7d3acd419ca12dbc861,b9974a8f8c017bb8dcd4b62d614209421269020760d78e9d860a074b8cc9561f,aa748e7e398bb4d14b9afc8d4cf7a5ca8d485890223bfcd717e4bb6e950dd4ea,R2_UM_V2_DEPTH_7_selected,e754fc7f5325bb6c9ba805544db3621477b6e7fcee6cbc5a27b57e36d7002a61,validation,P1,2017-02-08,990,957.3505847541854,e4bc108a948d5a61972998bbfd2fe91f5d3b1f59f29da2c260f367083e2be234
new_p3_training,True,tuned,UM_V2_DEPTH,7,R2,3cfd389bbd05ec9201a41c0892e29bf8199198d1b216b9a8061370d4240aa583,bd1488a2d411295d7a2118c50ddcc0b158786123613af1676062e2270d1637d1,9cb89005693b1b70c102178849b740fde00b50c9ba5f3b5530d0e5749ea59837,eca954c21da074c545cb7858315ea39fee0a6f54b19e06474b4f2f91f1666847,8b90aa08a2480ce64e3784f1560ad81adcdab8870ccac0c6e424e34745f74c1e,6031dc4ee08b61c58b35b1efd7d764739d5c7c54dc7cbe9e9a72a1e4a7098596,675a3086cd6c4f2abd63c7d3acd419ca12dbc861,b9974a8f8c017bb8dcd4b62d614209421269020760d78e9d860a074b8cc9561f,aa748e7e398bb4d14b9afc8d4cf7a5ca8d485890223bfcd717e4bb6e950dd4ea,R2_UM_V2_DEPTH_7_selected,e754fc7f5325bb6c9ba805544db3621477b6e7fcee6cbc5a27b57e36d7002a61,validation,P1,2017-02-09,979,902.0782453524164,3db6b91faaae8b91b2ffa225b427734032dac599091c13b4373e3f7bceaae895
new_p3_training,True,tuned,UM_V2_DEPTH,7,R2,3cfd389bbd05ec9201a41c0892e29bf8199198d1b216b9a8061370d4240aa583,bd1488a2d411295d7a2118c50ddcc0b158786123613af1676062e2270d1637d1,9cb89005693b1b70c102178849b740fde00b50c9ba5f3b5530d0e5749ea59837,eca954c21da074c545cb7858315ea39fee0a6f54b19e06474b4f2f91f1666847,8b90aa08a2480ce64e3784f1560ad81adcdab8870ccac0c6e424e34745f74c1e,6031dc4ee08b61c58b35b1efd7d764739d5c7c54dc7cbe9e9a72a1e4a7098596,675a3086cd6c4f2abd63c7d3acd419ca12dbc861,b9974a8f8c017bb8dcd4b62d614209421269020760d78e9d860a074b8cc9561f,aa748e7e398bb4d14b9afc8d4cf7a5ca8d485890223bfcd717e4bb6e950dd4ea,R2_UM_V2_DEPTH_7_selected,e754fc7f5325bb6c9ba805544db3621477b6e7fcee6cbc5a27b57e36d7002a61,validation,P1,2017-02-10,977,854.4195972254065,cc12f2ddd736e3b0a18f976f174a7956a8dc63913f46fe8b0c2f5501c873b6d2
new_p3_training,True,tuned,UM_V2_DEPTH,7,R2,3cfd389bbd05ec9201a41c0892e29bf8199198d1b216b9a8061370d4240aa583,bd1488a2d411295d7a2118c50ddcc0b158786123613af1676062e2270d1637d1,9cb89005693b1b70c102178849b740fde00b50c9ba5f3b5530d0e5749ea59837,eca954c21da074c545cb7858315ea39fee0a6f54b19e06474b4f2f91f1666847,8b90aa08a2480ce64e3784f1560ad81adcdab8870ccac0c6e424e34745f74c1e,6031dc4ee08b61c58b35b1efd7d764739d5c7c54dc7cbe9e9a72a1e4a7098596,675a3086cd6c4f2abd63c7d3acd419ca12dbc861,b9974a8f8c017bb8dcd4b62d614209421269020760d78e9d860a074b8cc9561f,aa748e7e398bb4d14b9afc8d4cf7a5ca8d485890223bfcd717e4bb6e950dd4ea,R2_UM_V2_DEPTH_7_selected,e754fc7f5325bb6c9ba805544db3621477b6e7fcee6cbc5a27b57e36d7002a61,validation,P1,2017-02-13,992,824.6891898813482,958d2a7747963e1da444b67bf0276ea077b69a67d17e08539009ef7d7a5d4d71
new_p3_training,True,tuned,UM_V2_DEPTH,7,R2,3cfd389bbd05ec9201a41c0892e29bf8199198d1b216b9a8061370d4240aa583,bd1488a2d411295d7a2118c50ddcc0b158786123613af1676062e2270d1637d1,9cb89005693b1b70c102178849b740fde00b50c9ba5f3b5530d0e5749ea59837,eca954c21da074c545cb7858315ea39fee0a6f54b19e06474b4f2f91f1666847,8b90aa08a2480ce64e3784f1560ad81adcdab8870ccac0c6e424e34745f74c1e,6031dc4ee08b61c58b35b1efd7d764739d5c7c54dc7cbe9e9a72a1e4a7098596,675a3086cd6c4f2abd63c7d3acd419ca12dbc861,b9974a8f8c017bb8dcd4b62d614209421269020760d78e9d860a074b8cc9561f,aa748e7e398bb4d14b9afc8d4cf7a5ca8d485890223bfcd717e4bb6e950dd4ea,R2_UM_V2_DEPTH_7_selected,e754fc7f5325bb6c9ba805544db3621477b6e7fcee6cbc5a27b57e36d7002a61,validation,P1,2017-02-14,990,837.379625383495,bfec5d233303a970770f0b2bb2d1e026f9d2fd7360326e7a5c61ddb467875939
new_p3_training,True,tuned,UM_V2_DEPTH,7,R2,3cfd389bbd05ec9201a41c0892e29bf8199198d1b216b9a8061370d4240aa583,bd1488a2d411295d7a2118c50ddcc0b158786123613af1676062e2270d1637d1,9cb89005693b1b70c102178849b740fde00b50c9ba5f3b5530d0e5749ea59837,eca954c21da074c545cb7858315ea39fee0a6f54b19e06474b4f2f91f1666847,8b90aa08a2480ce64e3784f1560ad81adcdab8870ccac0c6e424e34745f74c1e,6031dc4ee08b61c58b35b1efd7d764739d5c7c54dc7cbe9e9a72a1e4a7098596,675a3086cd6c4f2abd63c7d3acd419ca12dbc861,b9974a8f8c017bb8dcd4b62d614209421269020760d78e9d860a074b8cc9561f,aa748e7e398bb4d14b9afc8d4cf7a5ca8d485890223bfcd717e4bb6e950dd4ea,R2_UM_V2_DEPTH_7_selected,e754fc7f5325bb6c9ba805544db3621477b6e7fcee6cbc5a27b57e36d7002a61,validation,P1,2017-02-15,990,940.7221236885257,86c97b7151aafc6c8bf36954f538646236e54b6c09858a8b6c9ddfa30f3a86f4
new_p3_training,True,tuned,UM_V2_DEPTH,7,R2,3cfd389bbd05ec9201a41c0892e29bf8199198d1b216b9a8061370d4240aa583,bd1488a2d411295d7a2118c50ddcc0b158786123613af1676062e2270d1637d1,9cb89005693b1b70c102178849b740fde00b50c9ba5f3b5530d0e5749ea59837,eca954c21da074c545cb7858315ea39fee0a6f54b19e06474b4f2f91f1666847,8b90aa08a2480ce64e3784f1560ad81adcdab8870ccac0c6e424e34745f74c1e,6031dc4ee08b61c58b35b1efd7d764739d5c7c54dc7cbe9e9a72a1e4a7098596,675a3086cd6c4f2abd63c7d3acd419ca12dbc861,b9974a8f8c017bb8dcd4b62d614209421269020760d78e9d860a074b8cc9561f,aa748e7e398bb4d14b9afc8d4cf7a5ca8d485890223bfcd717e4bb6e950dd4ea,R2_UM_V2_DEPTH_7_selected,e754fc7f5325bb6c9ba805544db3621477b6e7fcee6cbc5a27b57e36d7002a61,validation,P1,2017-02-16,986,931.7733544774466,1fce62455d1398cd2b869d849fd722991fa74fe84e4addf89ba69eeff95f4f76
new_p3_training,True,tuned,UM_V2_DEPTH,7,R2,3cfd389bbd05ec9201a41c0892e29bf8199198d1b216b9a8061370d4240aa583,bd1488a2d411295d7a2118c50ddcc0b158786123613af1676062e2270d1637d1,9cb89005693b1b70c102178849b740fde00b50c9ba5f3b5530d0e5749ea59837,eca954c21da074c545cb7858315ea39fee0a6f54b19e06474b4f2f91f1666847,8b90aa08a2480ce64e3784f1560ad81adcdab8870ccac0c6e424e34745f74c1e,6031dc4ee08b61c58b35b1efd7d764739d5c7c54dc7cbe9e9a72a1e4a7098596,675a3086cd6c4f2abd63c7d3acd419ca12dbc861,b9974a8f8c017bb8dcd4b62d614209421269020760d78e9d860a074b8cc9561f,aa748e7e398bb4d14b9afc8d4cf7a5ca8d485890223bfcd717e4bb6e950dd4ea,R2_UM_V2_DEPTH_7_selected,e754fc7f5325bb6c9ba805544db3621477b6e7fcee6cbc5a27b57e36d7002a61,validation,P1,2017-02-17,991,877.8909740709181,dd9f67a42301b088dc54db19e05ddd1fb5e2fc3b5c04974b8e3e4310175ab5f4
new_p3_training,True,tuned,UM_V2_DEPTH,7,R2,3cfd389bbd05ec9201a41c0892e29bf8199198d1b216b9a8061370d4240aa583,bd1488a2d411295d7a2118c50ddcc0b158786123613af1676062e2270d1637d1,9cb89005693b1b70c102178849b740fde00b50c9ba5f3b5530d0e5749ea59837,eca954c21da074c545cb7858315ea39fee0a6f54b19e06474b4f2f91f1666847,8b90aa08a2480ce64e3784f1560ad81adcdab8870ccac0c6e424e34745f74c1e,6031dc4ee08b61c58b35b1efd7d764739d5c7c54dc7cbe9e9a72a1e4a7098596,675a3086cd6c4f2abd63c7d3acd419ca12dbc861,b9974a8f8c017bb8dcd4b62d614209421269020760d78e9d860a074b8cc9561f,aa748e7e398bb4d14b9afc8d4cf7a5ca8d485890223bfcd717e4bb6e950dd4ea,R2_UM_V2_DEPTH_7_selected,e754fc7f5325bb6c9ba805544db3621477b6e7fcee6cbc5a27b57e36d7002a61,validation,P1,2017-02-20,976,846.3102805909623,22ae7ecb1030d9005934c6e2cc85a156d0f005754d5ca26f1be9bafaaa79c10c
new_p3_training,True,tuned,UM_V2_DEPTH,7,R2,3cfd389bbd05ec9201a41c0892e29bf8199198d1b216b9a8061370d4240aa583,bd1488a2d411295d7a2118c50ddcc0b158786123613af1676062e2270d1637d1,9cb89005693b1b70c102178849b740fde00b50c9ba5f3b5530d0e5749ea59837,eca954c21da074c545cb7858315ea39fee0a6f54b19e06474b4f2f91f1666847,8b90aa08a2480ce64e3784f1560ad81adcdab8870ccac0c6e424e34745f74c1e,6031dc4ee08b61c58b35b1efd7d764739d5c7c54dc7cbe9e9a72a1e4a7098596,675a3086cd6c4f2abd63c7d3acd419ca12dbc861,b9974a8f8c017bb8dcd4b62d614209421269020760d78e9d860a074b8cc9561f,aa748e7e398bb4d14b9afc8d4cf7a5ca8d485890223bfcd717e4bb6e950dd4ea,R2_UM_V2_DEPTH_7_selected,e754fc7f5325bb6c9ba805544db3621477b6e7fcee6cbc5a27b57e36d7002a61,validation,P1,2017-02-21,983,897.153645450731,1a5dc37bd37186c9c6e51554b2f5f9f4679b290fbaaf24f4347c7447e0c8064b
new_p3_training,True,tuned,UM_V2_DEPTH,7,R2,3cfd389bbd05ec9201a41c0892e29bf8199198d1b216b9a8061370d4240aa583,bd1488a2d411295d7a2118c50ddcc0b158786123613af1676062e2270d1637d1,9cb89005693b1b70c102178849b740fde00b50c9ba5f3b5530d0e5749ea59837,eca954c21da074c545cb7858315ea39fee0a6f54b19e06474b4f2f91f1666847,8b90aa08a2480ce64e3784f1560ad81adcdab8870ccac0c6e424e34745f74c1e,6031dc4ee08b61c58b35b1efd7d764739d5c7c54dc7cbe9e9a72a1e4a7098596,675a3086cd6c4f2abd63c7d3acd419ca12dbc861,b9974a8f8c017bb8dcd4b62d614209421269020760d78e9d860a074b8cc9561f,aa748e7e398bb4d14b9afc8d4cf7a5ca8d485890223bfcd717e4bb6e950dd4ea,R2_UM_V2_DEPTH_7_selected,e754fc7f5325bb6c9ba805544db3621477b6e7fcee6cbc5a27b57e36d7002a61,validation,P1,2017-02-22,982,870.2789590455175,d8f75db82da303e436fff920768b4635b6bb1cea67647ba0baa887cfea7148da
new_p3_training,True,tuned,UM_V2_DEPTH,7,R2,3cfd389bbd05ec9201a41c0892e29bf8199198d1b216b9a8061370d4240aa583,bd1488a2d411295d7a2118c50ddcc0b158786123613af1676062e2270d1637d1,9cb89005693b1b70c102178849b740fde00b50c9ba5f3b5530d0e5749ea59837,eca954c21da074c545cb7858315ea39fee0a6f54b19e06474b4f2f91f1666847,8b90aa08a2480ce64e3784f1560ad81adcdab8870ccac0c6e424e34745f74c1e,6031dc4ee08b61c58b35b1efd7d764739d5c7c54dc7cbe9e9a72a1e4a7098596,675a3086cd6c4f2abd63c7d3acd419ca12dbc861,b9974a8f8c017bb8dcd4b62d614209421269020760d78e9d860a074b8cc9561f,aa748e7e398bb4d14b9afc8d4cf7a5ca8d485890223bfcd717e4bb6e950dd4ea,R2_UM_V2_DEPTH_7_selected,e754fc7f5325bb6c9ba805544db3621477b6e7fcee6cbc5a27b57e36d7002a61,validation,P1,2017-02-23,989,907.0888054102317,c5edb49afb9d2f5740ecacd3c34826e6f0ad5c9623f655f41262414956bfc304
new_p3_training,True,tuned,UM_V2_DEPTH,7,R2,3cfd389bbd05ec9201a41c0892e29bf8199198d1b216b9a8061370d4240aa583,bd1488a2d411295d7a2118c50ddcc0b158786123613af1676062e2270d1637d1,9cb89005693b1b70c102178849b740fde00b50c9ba5f3b5530d0e5749ea59837,eca954c21da074c545cb7858315ea39fee0a6f54b19e06474b4f2f91f1666847,8b90aa08a2480ce64e3784f1560ad81adcdab8870ccac0c6e424e34745f74c1e,6031dc4ee08b61c58b35b1efd7d764739d5c7c54dc7cbe9e9a72a1e4a7098596,675a3086cd6c4f2abd63c7d3acd419ca12dbc861,b9974a8f8c017bb8dcd4b62d614209421269020760d78e9d860a074b8cc9561f,aa748e7e398bb4d14b9afc8d4cf7a5ca8d485890223bfcd717e4bb6e950dd4ea,R2_UM_V2_DEPTH_7_selected,e754fc7f5325bb6c9ba805544db3621477b6e7fcee6cbc5a27b57e36d7002a61,validation,P1,2017-02-24,992,938.8852388262854,ef47c7870fa106dae5ea4d5ebae28f4b6c0c53c7b910e2ad67ff7e035dbd2fc0
new_p3_training,True,tuned,UM_V2_DEPTH,7,R2,3cfd389bbd05ec9201a41c0892e29bf8199198d1b216b9a8061370d4240aa583,bd1488a2d411295d7a2118c50ddcc0b158786123613af1676062e2270d1637d1,9cb89005693b1b70c102178849b740fde00b50c9ba5f3b5530d0e5749ea59837,eca954c21da074c545cb7858315ea39fee0a6f54b19e06474b4f2f91f1666847,8b90aa08a2480ce64e3784f1560ad81adcdab8870ccac0c6e424e34745f74c1e,6031dc4ee08b61c58b35b1efd7d764739d5c7c54dc7cbe9e9a72a1e4a7098596,675a3086cd6c4f2abd63c7d3acd419ca12dbc861,b9974a8f8c017bb8dcd4b62d614209421269020760d78e9d860a074b8cc9561f,aa748e7e398bb4d14b9afc8d4cf7a5ca8d485890223bfcd717e4bb6e950dd4ea,R2_UM_V2_DEPTH_7_selected,e754fc7f5325bb6c9ba805544db3621477b6e7fcee6cbc5a27b57e36d7002a61,validation,P1,2017-02-27,983,893.3040442424218,75f92d3e247f36f82e177ec4f79ed1e3cf8473f2f8982e301a32dea300fac161
new_p3_training,True,tuned,UM_V2_DEPTH,7,R2,3cfd389bbd05ec9201a41c0892e29bf8199198d1b216b9a8061370d4240aa583,bd1488a2d411295d7a2118c50ddcc0b158786123613af1676062e2270d1637d1,9cb89005693b1b70c102178849b740fde00b50c9ba5f3b5530d0e5749ea59837,eca954c21da074c545cb7858315ea39fee0a6f54b19e06474b4f2f91f1666847,8b90aa08a2480ce64e3784f1560ad81adcdab8870ccac0c6e424e34745f74c1e,6031dc4ee08b61c58b35b1efd7d764739d5c7c54dc7cbe9e9a72a1e4a7098596,675a3086cd6c4f2abd63c7d3acd419ca12dbc861,b9974a8f8c017bb8dcd4b62d614209421269020760d78e9d860a074b8cc9561f,aa748e7e398bb4d14b9afc8d4cf7a5ca8d485890223bfcd717e4bb6e950dd4ea,R2_UM_V2_DEPTH_7_selected,e754fc7f5325bb6c9ba805544db3621477b6e7fcee6cbc5a27b57e36d7002a61,validation,P1,2017-02-28,999,856.0207773680804,f3b148ea3eb9bc96e277f4d1d89306ac2e83abba784f1d32120b481c3c6d8d8f
new_p3_training,True,tuned,UM_V2_DEPTH,7,R2,3cfd389bbd05ec9201a41c0892e29bf8199198d1b216b9a8061370d4240aa583,bd1488a2d411295d7a2118c50ddcc0b158786123613af1676062e2270d1637d1,9cb89005693b1b70c102178849b740fde00b50c9ba5f3b5530d0e5749ea59837,eca954c21da074c545cb7858315ea39fee0a6f54b19e06474b4f2f91f1666847,8b90aa08a2480ce64e3784f1560ad81adcdab8870ccac0c6e424e34745f74c1e,6031dc4ee08b61c58b35b1efd7d764739d5c7c54dc7cbe9e9a72a1e4a7098596,675a3086cd6c4f2abd63c7d3acd419ca12dbc861,b9974a8f8c017bb8dcd4b62d614209421269020760d78e9d860a074b8cc9561f,aa748e7e398bb4d14b9afc8d4cf7a5ca8d485890223bfcd717e4bb6e950dd4ea,R2_UM_V2_DEPTH_7_selected,e754fc7f5325bb6c9ba805544db3621477b6e7fcee6cbc5a27b57e36d7002a61,validation,P1,2017-03-02,999,953.2642711744903,2d7fec2e59ea907fc319960bb2b7610c318950a4b0cf2c0734c6289d5172e9cf
new_p3_training,True,tuned,UM_V2_DEPTH,7,R2,3cfd389bbd05ec9201a41c0892e29bf8199198d1b216b9a8061370d4240aa583,bd1488a2d411295d7a2118c50ddcc0b158786123613af1676062e2270d1637d1,9cb89005693b1b70c102178849b740fde00b50c9ba5f3b5530d0e5749ea59837,eca954c21da074c545cb7858315ea39fee0a6f54b19e06474b4f2f91f1666847,8b90aa08a2480ce64e3784f1560ad81adcdab8870ccac0c6e424e34745f74c1e,6031dc4ee08b61c58b35b1efd7d764739d5c7c54dc7cbe9e9a72a1e4a7098596,675a3086cd6c4f2abd63c7d3acd419ca12dbc861,b9974a8f8c017bb8dcd4b62d614209421269020760d78e9d860a074b8cc9561f,aa748e7e398bb4d14b9afc8d4cf7a5ca8d485890223bfcd717e4bb6e950dd4ea,R2_UM_V2_DEPTH_7_selected,e754fc7f5325bb6c9ba805544db3621477b6e7fcee6cbc5a27b57e36d7002a61,validation,P1,2017-03-03,991,979.622805082609,77f9e9bc044b225482dcefe39fa4a8e8f1e3b3b3dea6656459326429471d48f0
new_p3_training,True,tuned,UM_V2_DEPTH,7,R2,3cfd389bbd05ec9201a41c0892e29bf8199198d1b216b9a8061370d4240aa583,bd1488a2d411295d7a2118c50ddcc0b158786123613af1676062e2270d1637d1,9cb89005693b1b70c102178849b740fde00b50c9ba5f3b5530d0e5749ea59837,eca954c21da074c545cb7858315ea39fee0a6f54b19e06474b4f2f91f1666847,8b90aa08a2480ce64e3784f1560ad81adcdab8870ccac0c6e424e34745f74c1e,6031dc4ee08b61c58b35b1efd7d764739d5c7c54dc7cbe9e9a72a1e4a7098596,675a3086cd6c4f2abd63c7d3acd419ca12dbc861,b9974a8f8c017bb8dcd4b62d614209421269020760d78e9d860a074b8cc9561f,aa748e7e398bb4d14b9afc8d4cf7a5ca8d485890223bfcd717e4bb6e950dd4ea,R2_UM_V2_DEPTH_7_selected,e754fc7f5325bb6c9ba805544db3621477b6e7fcee6cbc5a27b57e36d7002a61,validation,P1,2017-03-06,991,950.9657323557237,3bb4400b6c9b147c22e7929fecc2547295edb18797b0df4d5efddd58c1e41b7e
new_p3_training,True,tuned,UM_V2_DEPTH,7,R2,3cfd389bbd05ec9201a41c0892e29bf8199198d1b216b9a8061370d4240aa583,bd1488a2d411295d7a2118c50ddcc0b158786123613af1676062e2270d1637d1,9cb89005693b1b70c102178849b740fde00b50c9ba5f3b5530d0e5749ea59837,eca954c21da074c545cb7858315ea39fee0a6f54b19e06474b4f2f91f1666847,8b90aa08a2480ce64e3784f1560ad81adcdab8870ccac0c6e424e34745f74c1e,6031dc4ee08b61c58b35b1efd7d764739d5c7c54dc7cbe9e9a72a1e4a7098596,675a3086cd6c4f2abd63c7d3acd419ca12dbc861,b9974a8f8c017bb8dcd4b62d614209421269020760d78e9d860a074b8cc9561f,aa748e7e398bb4d14b9afc8d4cf7a5ca8d485890223bfcd717e4bb6e950dd4ea,R2_UM_V2_DEPTH_7_selected,e754fc7f5325bb6c9ba805544db3621477b6e7fcee6cbc5a27b57e36d7002a61,validation,P1,2017-03-07,992,862.1661051504466,728bd9be64abc41f5b98d8eed84ac7feb768d773fbf5e6f3eaa877b9da1324ca
new_p3_training,True,tuned,UM_V2_DEPTH,7,R2,3cfd389bbd05ec9201a41c0892e29bf8199198d1b216b9a8061370d4240aa583,bd1488a2d411295d7a2118c50ddcc0b158786123613af1676062e2270d1637d1,9cb89005693b1b70c102178849b740fde00b50c9ba5f3b5530d0e5749ea59837,eca954c21da074c545cb7858315ea39fee0a6f54b19e06474b4f2f91f1666847,8b90aa08a2480ce64e3784f1560ad81adcdab8870ccac0c6e424e34745f74c1e,6031dc4ee08b61c58b35b1efd7d764739d5c7c54dc7cbe9e9a72a1e4a7098596,675a3086cd6c4f2abd63c7d3acd419ca12dbc861,b9974a8f8c017bb8dcd4b62d614209421269020760d78e9d860a074b8cc9561f,aa748e7e398bb4d14b9afc8d4cf7a5ca8d485890223bfcd717e4bb6e950dd4ea,R2_UM_V2_DEPTH_7_selected,e754fc7f5325bb6c9ba805544db3621477b6e7fcee6cbc5a27b57e36d7002a61,validation,P1,2017-03-08,991,929.6709427887758,1ea6e30aef677058fb14d7fac0fc57c6d67ac7edaae3d64a9c35e5358469745c
new_p3_training,True,tuned,UM_V2_DEPTH,7,R2,3cfd389bbd05ec9201a41c0892e29bf8199198d1b216b9a8061370d4240aa583,bd1488a2d411295d7a2118c50ddcc0b158786123613af1676062e2270d1637d1,9cb89005693b1b70c102178849b740fde00b50c9ba5f3b5530d0e5749ea59837,eca954c21da074c545cb7858315ea39fee0a6f54b19e06474b4f2f91f1666847,8b90aa08a2480ce64e3784f1560ad81adcdab8870ccac0c6e424e34745f74c1e,6031dc4ee08b61c58b35b1efd7d764739d5c7c54dc7cbe9e9a72a1e4a7098596,675a3086cd6c4f2abd63c7d3acd419ca12dbc861,b9974a8f8c017bb8dcd4b62d614209421269020760d78e9d860a074b8cc9561f,aa748e7e398bb4d14b9afc8d4cf7a5ca8d485890223bfcd717e4bb6e950dd4ea,R2_UM_V2_DEPTH_7_selected,e754fc7f5325bb6c9ba805544db3621477b6e7fcee6cbc5a27b57e36d7002a61,validation,P1,2017-03-09,993,898.9663552242325,18e109fa93a514eea81d4280da870ec9fe2abb024cad23d93ad77ef6969067ff
new_p3_training,True,tuned,UM_V2_DEPTH,7,R2,3cfd389bbd05ec9201a41c0892e29bf8199198d1b216b9a8061370d4240aa583,bd1488a2d411295d7a2118c50ddcc0b158786123613af1676062e2270d1637d1,9cb89005693b1b70c102178849b740fde00b50c9ba5f3b5530d0e5749ea59837,eca954c21da074c545cb7858315ea39fee0a6f54b19e06474b4f2f91f1666847,8b90aa08a2480ce64e3784f1560ad81adcdab8870ccac0c6e424e34745f74c1e,6031dc4ee08b61c58b35b1efd7d764739d5c7c54dc7cbe9e9a72a1e4a7098596,675a3086cd6c4f2abd63c7d3acd419ca12dbc861,b9974a8f8c017bb8dcd4b62d614209421269020760d78e9d860a074b8cc9561f,aa748e7e398bb4d14b9afc8d4cf7a5ca8d485890223bfcd717e4bb6e950dd4ea,R2_UM_V2_DEPTH_7_selected,e754fc7f5325bb6c9ba805544db3621477b6e7fcee6cbc5a27b57e36d7002a61,validation,P1,2017-03-10,988,987.8970354638394,36b011464fa6c9d716c8e82686c86dc00e864f640de1081991912942798cb8c7
new_p3_training,True,tuned,UM_V2_DEPTH,7,R2,3cfd389bbd05ec9201a41c0892e29bf8199198d1b216b9a8061370d4240aa583,bd1488a2d411295d7a2118c50ddcc0b158786123613af1676062e2270d1637d1,9cb89005693b1b70c102178849b740fde00b50c9ba5f3b5530d0e5749ea59837,eca954c21da074c545cb7858315ea39fee0a6f54b19e06474b4f2f91f1666847,8b90aa08a2480ce64e3784f1560ad81adcdab8870ccac0c6e424e34745f74c1e,6031dc4ee08b61c58b35b1efd7d764739d5c7c54dc7cbe9e9a72a1e4a7098596,675a3086cd6c4f2abd63c7d3acd419ca12dbc861,b9974a8f8c017bb8dcd4b62d614209421269020760d78e9d860a074b8cc9561f,aa748e7e398bb4d14b9afc8d4cf7a5ca8d485890223bfcd717e4bb6e950dd4ea,R2_UM_V2_DEPTH_7_selected,e754fc7f5325bb6c9ba805544db3621477b6e7fcee6cbc5a27b57e36d7002a61,validation,P1,2017-03-13,977,892.2326516285552,721541d02c63edc3183dc04db58cd9940f497db179caa8bf0e48192b6984af0f
new_p3_training,True,tuned,UM_V2_DEPTH,7,R2,3cfd389bbd05ec9201a41c0892e29bf8199198d1b216b9a8061370d4240aa583,bd1488a2d411295d7a2118c50ddcc0b158786123613af1676062e2270d1637d1,9cb89005693b1b70c102178849b740fde00b50c9ba5f3b5530d0e5749ea59837,eca954c21da074c545cb7858315ea39fee0a6f54b19e06474b4f2f91f1666847,8b90aa08a2480ce64e3784f1560ad81adcdab8870ccac0c6e424e34745f74c1e,6031dc4ee08b61c58b35b1efd7d764739d5c7c54dc7cbe9e9a72a1e4a7098596,675a3086cd6c4f2abd63c7d3acd419ca12dbc861,b9974a8f8c017bb8dcd4b62d614209421269020760d78e9d860a074b8cc9561f,aa748e7e398bb4d14b9afc8d4cf7a5ca8d485890223bfcd717e4bb6e950dd4ea,R2_UM_V2_DEPTH_7_selected,e754fc7f5325bb6c9ba805544db3621477b6e7fcee6cbc5a27b57e36d7002a61,validation,P1,2017-03-14,967,887.4053850342588,43126ad1657d18d14a394fcd4b2b6c7da3b64b897cd76288ebb8eb3f6f774d51
new_p3_training,True,tuned,UM_V2_DEPTH,7,R2,3cfd389bbd05ec9201a41c0892e29bf8199198d1b216b9a8061370d4240aa583,bd1488a2d411295d7a2118c50ddcc0b158786123613af1676062e2270d1637d1,9cb89005693b1b70c102178849b740fde00b50c9ba5f3b5530d0e5749ea59837,eca954c21da074c545cb7858315ea39fee0a6f54b19e06474b4f2f91f1666847,8b90aa08a2480ce64e3784f1560ad81adcdab8870ccac0c6e424e34745f74c1e,6031dc4ee08b61c58b35b1efd7d764739d5c7c54dc7cbe9e9a72a1e4a7098596,675a3086cd6c4f2abd63c7d3acd419ca12dbc861,b9974a8f8c017bb8dcd4b62d614209421269020760d78e9d860a074b8cc9561f,aa748e7e398bb4d14b9afc8d4cf7a5ca8d485890223bfcd717e4bb6e950dd4ea,R2_UM_V2_DEPTH_7_selected,e754fc7f5325bb6c9ba805544db3621477b6e7fcee6cbc5a27b57e36d7002a61,validation,P1,2017-03-15,992,921.4127598949999,b6b29ae722e237409b53b505a270aec57c102b6c27d77eb19996b7f4d16d8e5e
new_p3_training,True,tuned,UM_V2_DEPTH,7,R2,3cfd389bbd05ec9201a41c0892e29bf8199198d1b216b9a8061370d4240aa583,bd1488a2d411295d7a2118c50ddcc0b158786123613af1676062e2270d1637d1,9cb89005693b1b70c102178849b740fde00b50c9ba5f3b5530d0e5749ea59837,eca954c21da074c545cb7858315ea39fee0a6f54b19e06474b4f2f91f1666847,8b90aa08a2480ce64e3784f1560ad81adcdab8870ccac0c6e424e34745f74c1e,6031dc4ee08b61c58b35b1efd7d764739d5c7c54dc7cbe9e9a72a1e4a7098596,675a3086cd6c4f2abd63c7d3acd419ca12dbc861,b9974a8f8c017bb8dcd4b62d614209421269020760d78e9d860a074b8cc9561f,aa748e7e398bb4d14b9afc8d4cf7a5ca8d485890223bfcd717e4bb6e950dd4ea,R2_UM_V2_DEPTH_7_selected,e754fc7f5325bb6c9ba805544db3621477b6e7fcee6cbc5a27b57e36d7002a61,validation,P1,2017-03-16,978,927.9890996525361,bbdb1245c56ccf9c598d438674d77265d73e26bbfc741fef4ebf6437dabda244
new_p3_training,True,tuned,UM_V2_DEPTH,7,R2,3cfd389bbd05ec9201a41c0892e29bf8199198d1b216b9a8061370d4240aa583,bd1488a2d411295d7a2118c50ddcc0b158786123613af1676062e2270d1637d1,9cb89005693b1b70c102178849b740fde00b50c9ba5f3b5530d0e5749ea59837,eca954c21da074c545cb7858315ea39fee0a6f54b19e06474b4f2f91f1666847,8b90aa08a2480ce64e3784f1560ad81adcdab8870ccac0c6e424e34745f74c1e,6031dc4ee08b61c58b35b1efd7d764739d5c7c54dc7cbe9e9a72a1e4a7098596,675a3086cd6c4f2abd63c7d3acd419ca12dbc861,b9974a8f8c017bb8dcd4b62d614209421269020760d78e9d860a074b8cc9561f,aa748e7e398bb4d14b9afc8d4cf7a5ca8d485890223bfcd717e4bb6e950dd4ea,R2_UM_V2_DEPTH_7_selected,e754fc7f5325bb6c9ba805544db3621477b6e7fcee6cbc5a27b57e36d7002a61,validation,P1,2017-03-17,983,927.7134335998702,abf1e86d774722d1ebdc59041e80b6595f5b91bb085368b626bee34587e6bcaf
new_p3_training,True,tuned,UM_V2_DEPTH,7,R2,3cfd389bbd05ec9201a41c0892e29bf8199198d1b216b9a8061370d4240aa583,bd1488a2d411295d7a2118c50ddcc0b158786123613af1676062e2270d1637d1,9cb89005693b1b70c102178849b740fde00b50c9ba5f3b5530d0e5749ea59837,eca954c21da074c545cb7858315ea39fee0a6f54b19e06474b4f2f91f1666847,8b90aa08a2480ce64e3784f1560ad81adcdab8870ccac0c6e424e34745f74c1e,6031dc4ee08b61c58b35b1efd7d764739d5c7c54dc7cbe9e9a72a1e4a7098596,675a3086cd6c4f2abd63c7d3acd419ca12dbc861,b9974a8f8c017bb8dcd4b62d614209421269020760d78e9d860a074b8cc9561f,aa748e7e398bb4d14b9afc8d4cf7a5ca8d485890223bfcd717e4bb6e950dd4ea,R2_UM_V2_DEPTH_7_selected,e754fc7f5325bb6c9ba805544db3621477b6e7fcee6cbc5a27b57e36d7002a61,validation,P1,2017-03-20,976,860.7382433848934,e07229af5b732e54971646ddd785d51f39de87859dd49e129eb1655466c46872
new_p3_training,True,tuned,UM_V2_DEPTH,7,R2,3cfd389bbd05ec9201a41c0892e29bf8199198d1b216b9a8061370d4240aa583,bd1488a2d411295d7a2118c50ddcc0b158786123613af1676062e2270d1637d1,9cb89005693b1b70c102178849b740fde00b50c9ba5f3b5530d0e5749ea59837,eca954c21da074c545cb7858315ea39fee0a6f54b19e06474b4f2f91f1666847,8b90aa08a2480ce64e3784f1560ad81adcdab8870ccac0c6e424e34745f74c1e,6031dc4ee08b61c58b35b1efd7d764739d5c7c54dc7cbe9e9a72a1e4a7098596,675a3086cd6c4f2abd63c7d3acd419ca12dbc861,b9974a8f8c017bb8dcd4b62d614209421269020760d78e9d860a074b8cc9561f,aa748e7e398bb4d14b9afc8d4cf7a5ca8d485890223bfcd717e4bb6e950dd4ea,R2_UM_V2_DEPTH_7_selected,e754fc7f5325bb6c9ba805544db3621477b6e7fcee6cbc5a27b57e36d7002a61,validation,P1,2017-03-21,987,936.4005521806575,4665557c5849266996616a9347e0c3d57a244097adede7fa4f13cced2e6197ca
new_p3_training,True,tuned,UM_V2_DEPTH,7,R2,3cfd389bbd05ec9201a41c0892e29bf8199198d1b216b9a8061370d4240aa583,bd1488a2d411295d7a2118c50ddcc0b158786123613af1676062e2270d1637d1,9cb89005693b1b70c102178849b740fde00b50c9ba5f3b5530d0e5749ea59837,eca954c21da074c545cb7858315ea39fee0a6f54b19e06474b4f2f91f1666847,8b90aa08a2480ce64e3784f1560ad81adcdab8870ccac0c6e424e34745f74c1e,6031dc4ee08b61c58b35b1efd7d764739d5c7c54dc7cbe9e9a72a1e4a7098596,675a3086cd6c4f2abd63c7d3acd419ca12dbc861,b9974a8f8c017bb8dcd4b62d614209421269020760d78e9d860a074b8cc9561f,aa748e7e398bb4d14b9afc8d4cf7a5ca8d485890223bfcd717e4bb6e950dd4ea,R2_UM_V2_DEPTH_7_selected,e754fc7f5325bb6c9ba805544db3621477b6e7fcee6cbc5a27b57e36d7002a61,validation,P1,2017-03-22,982,917.0577010126569,68b834363016b8ff5c262fa43bc1eb5cdf543aedac02c75de03059ea29cc7b4e
new_p3_training,True,tuned,UM_V2_DEPTH,7,R2,3cfd389bbd05ec9201a41c0892e29bf8199198d1b216b9a8061370d4240aa583,bd1488a2d411295d7a2118c50ddcc0b158786123613af1676062e2270d1637d1,9cb89005693b1b70c102178849b740fde00b50c9ba5f3b5530d0e5749ea59837,eca954c21da074c545cb7858315ea39fee0a6f54b19e06474b4f2f91f1666847,8b90aa08a2480ce64e3784f1560ad81adcdab8870ccac0c6e424e34745f74c1e,6031dc4ee08b61c58b35b1efd7d764739d5c7c54dc7cbe9e9a72a1e4a7098596,675a3086cd6c4f2abd63c7d3acd419ca12dbc861,b9974a8f8c017bb8dcd4b62d614209421269020760d78e9d860a074b8cc9561f,aa748e7e398bb4d14b9afc8d4cf7a5ca8d485890223bfcd717e4bb6e950dd4ea,R2_UM_V2_DEPTH_7_selected,e754fc7f5325bb6c9ba805544db3621477b6e7fcee6cbc5a27b57e36d7002a61,validation,P1,2017-03-23,983,915.3592228571551,a2abad46627d64a1a58fac73df5fc767a6017077216dbc5c35a888660ae6966c
new_p3_training,True,tuned,UM_V2_DEPTH,7,R2,3cfd389bbd05ec9201a41c0892e29bf8199198d1b216b9a8061370d4240aa583,bd1488a2d411295d7a2118c50ddcc0b158786123613af1676062e2270d1637d1,9cb89005693b1b70c102178849b740fde00b50c9ba5f3b5530d0e5749ea59837,eca954c21da074c545cb7858315ea39fee0a6f54b19e06474b4f2f91f1666847,8b90aa08a2480ce64e3784f1560ad81adcdab8870ccac0c6e424e34745f74c1e,6031dc4ee08b61c58b35b1efd7d764739d5c7c54dc7cbe9e9a72a1e4a7098596,675a3086cd6c4f2abd63c7d3acd419ca12dbc861,b9974a8f8c017bb8dcd4b62d614209421269020760d78e9d860a074b8cc9561f,aa748e7e398bb4d14b9afc8d4cf7a5ca8d485890223bfcd717e4bb6e950dd4ea,R2_UM_V2_DEPTH_7_selected,e754fc7f5325bb6c9ba805544db3621477b6e7fcee6cbc5a27b57e36d7002a61,validation,P2,2017-01-11,891,852.1690700538552,7a80250d8262c7b46d6e4b4346dac7b869c870451baaf0429743712ebf9de08d
new_p3_training,True,tuned,UM_V2_DEPTH,7,R2,3cfd389bbd05ec9201a41c0892e29bf8199198d1b216b9a8061370d4240aa583,bd1488a2d411295d7a2118c50ddcc0b158786123613af1676062e2270d1637d1,9cb89005693b1b70c102178849b740fde00b50c9ba5f3b5530d0e5749ea59837,eca954c21da074c545cb7858315ea39fee0a6f54b19e06474b4f2f91f1666847,8b90aa08a2480ce64e3784f1560ad81adcdab8870ccac0c6e424e34745f74c1e,6031dc4ee08b61c58b35b1efd7d764739d5c7c54dc7cbe9e9a72a1e4a7098596,675a3086cd6c4f2abd63c7d3acd419ca12dbc861,b9974a8f8c017bb8dcd4b62d614209421269020760d78e9d860a074b8cc9561f,aa748e7e398bb4d14b9afc8d4cf7a5ca8d485890223bfcd717e4bb6e950dd4ea,R2_UM_V2_DEPTH_7_selected,e754fc7f5325bb6c9ba805544db3621477b6e7fcee6cbc5a27b57e36d7002a61,validation,P2,2017-01-12,891,812.6068435002587,0317d9d1bce2756529db5126140f96fae82cc4f88f5477151b146b8b54840d21
new_p3_training,True,tuned,UM_V2_DEPTH,7,R2,3cfd389bbd05ec9201a41c0892e29bf8199198d1b216b9a8061370d4240aa583,bd1488a2d411295d7a2118c50ddcc0b158786123613af1676062e2270d1637d1,9cb89005693b1b70c102178849b740fde00b50c9ba5f3b5530d0e5749ea59837,eca954c21da074c545cb7858315ea39fee0a6f54b19e06474b4f2f91f1666847,8b90aa08a2480ce64e3784f1560ad81adcdab8870ccac0c6e424e34745f74c1e,6031dc4ee08b61c58b35b1efd7d764739d5c7c54dc7cbe9e9a72a1e4a7098596,675a3086cd6c4f2abd63c7d3acd419ca12dbc861,b9974a8f8c017bb8dcd4b62d614209421269020760d78e9d860a074b8cc9561f,aa748e7e398bb4d14b9afc8d4cf7a5ca8d485890223bfcd717e4bb6e950dd4ea,R2_UM_V2_DEPTH_7_selected,e754fc7f5325bb6c9ba805544db3621477b6e7fcee6cbc5a27b57e36d7002a61,validation,P2,2017-01-13,891,801.7970898656022,b773610d18a35980504d2d943990f322c0c2081d7ed3c13a1d0036f50744eebc
new_p3_training,True,tuned,UM_V2_DEPTH,7,R2,3cfd389bbd05ec9201a41c0892e29bf8199198d1b216b9a8061370d4240aa583,bd1488a2d411295d7a2118c50ddcc0b158786123613af1676062e2270d1637d1,9cb89005693b1b70c102178849b740fde00b50c9ba5f3b5530d0e5749ea59837,eca954c21da074c545cb7858315ea39fee0a6f54b19e06474b4f2f91f1666847,8b90aa08a2480ce64e3784f1560ad81adcdab8870ccac0c6e424e34745f74c1e,6031dc4ee08b61c58b35b1efd7d764739d5c7c54dc7cbe9e9a72a1e4a7098596,675a3086cd6c4f2abd63c7d3acd419ca12dbc861,b9974a8f8c017bb8dcd4b62d614209421269020760d78e9d860a074b8cc9561f,aa748e7e398bb4d14b9afc8d4cf7a5ca8d485890223bfcd717e4bb6e950dd4ea,R2_UM_V2_DEPTH_7_selected,e754fc7f5325bb6c9ba805544db3621477b6e7fcee6cbc5a27b57e36d7002a61,validation,P2,2017-01-16,891,817.8357195736821,ce4345fee4c2b20bfe5fbdef50501928c90ffb11870d04ad9822f8664cb6b462
new_p3_training,True,tuned,UM_V2_DEPTH,7,R2,3cfd389bbd05ec9201a41c0892e29bf8199198d1b216b9a8061370d4240aa583,bd1488a2d411295d7a2118c50ddcc0b158786123613af1676062e2270d1637d1,9cb89005693b1b70c102178849b740fde00b50c9ba5f3b5530d0e5749ea59837,eca954c21da074c545cb7858315ea39fee0a6f54b19e06474b4f2f91f1666847,8b90aa08a2480ce64e3784f1560ad81adcdab8870ccac0c6e424e34745f74c1e,6031dc4ee08b61c58b35b1efd7d764739d5c7c54dc7cbe9e9a72a1e4a7098596,675a3086cd6c4f2abd63c7d3acd419ca12dbc861,b9974a8f8c017bb8dcd4b62d614209421269020760d78e9d860a074b8cc9561f,aa748e7e398bb4d14b9afc8d4cf7a5ca8d485890223bfcd717e4bb6e950dd4ea,R2_UM_V2_DEPTH_7_selected,e754fc7f5325bb6c9ba805544db3621477b6e7fcee6cbc5a27b57e36d7002a61,validation,P2,2017-01-17,891,806.5511150512133,12c76717e88e9955af717bca6c019ae55fada4488bf69af756b8697f8266be52
new_p3_training,True,tuned,UM_V2_DEPTH,7,R2,3cfd389bbd05ec9201a41c0892e29bf8199198d1b216b9a8061370d4240aa583,bd1488a2d411295d7a2118c50ddcc0b158786123613af1676062e2270d1637d1,9cb89005693b1b70c102178849b740fde00b50c9ba5f3b5530d0e5749ea59837,eca954c21da074c545cb7858315ea39fee0a6f54b19e06474b4f2f91f1666847,8b90aa08a2480ce64e3784f1560ad81adcdab8870ccac0c6e424e34745f74c1e,6031dc4ee08b61c58b35b1efd7d764739d5c7c54dc7cbe9e9a72a1e4a7098596,675a3086cd6c4f2abd63c7d3acd419ca12dbc861,b9974a8f8c017bb8dcd4b62d614209421269020760d78e9d860a074b8cc9561f,aa748e7e398bb4d14b9afc8d4cf7a5ca8d485890223bfcd717e4bb6e950dd4ea,R2_UM_V2_DEPTH_7_selected,e754fc7f5325bb6c9ba805544db3621477b6e7fcee6cbc5a27b57e36d7002a61,validation,P2,2017-01-18,891,818.5742472737877,0bd63bfc88ff2a8c6d81d2f7e6eccb4a6056b71a24ed6e8d0a8a77c48c086ce7
new_p3_training,True,tuned,UM_V2_DEPTH,7,R2,3cfd389bbd05ec9201a41c0892e29bf8199198d1b216b9a8061370d4240aa583,bd1488a2d411295d7a2118c50ddcc0b158786123613af1676062e2270d1637d1,9cb89005693b1b70c102178849b740fde00b50c9ba5f3b5530d0e5749ea59837,eca954c21da074c545cb7858315ea39fee0a6f54b19e06474b4f2f91f1666847,8b90aa08a2480ce64e3784f1560ad81adcdab8870ccac0c6e424e34745f74c1e,6031dc4ee08b61c58b35b1efd7d764739d5c7c54dc7cbe9e9a72a1e4a7098596,675a3086cd6c4f2abd63c7d3acd419ca12dbc861,b9974a8f8c017bb8dcd4b62d614209421269020760d78e9d860a074b8cc9561f,aa748e7e398bb4d14b9afc8d4cf7a5ca8d485890223bfcd717e4bb6e950dd4ea,R2_UM_V2_DEPTH_7_selected,e754fc7f5325bb6c9ba805544db3621477b6e7fcee6cbc5a27b57e36d7002a61,validation,P2,2017-01-19,891,859.1354407985807,a08e8fd706759362850b0ac4278c54857d322497464b7beb1b77fb8845613ae0
new_p3_training,True,tuned,UM_V2_DEPTH,7,R2,3cfd389bbd05ec9201a41c0892e29bf8199198d1b216b9a8061370d4240aa583,bd1488a2d411295d7a2118c50ddcc0b158786123613af1676062e2270d1637d1,9cb89005693b1b70c102178849b740fde00b50c9ba5f3b5530d0e5749ea59837,eca954c21da074c545cb7858315ea39fee0a6f54b19e06474b4f2f91f1666847,8b90aa08a2480ce64e3784f1560ad81adcdab8870ccac0c6e424e34745f74c1e,6031dc4ee08b61c58b35b1efd7d764739d5c7c54dc7cbe9e9a72a1e4a7098596,675a3086cd6c4f2abd63c7d3acd419ca12dbc861,b9974a8f8c017bb8dcd4b62d614209421269020760d78e9d860a074b8cc9561f,aa748e7e398bb4d14b9afc8d4cf7a5ca8d485890223bfcd717e4bb6e950dd4ea,R2_UM_V2_DEPTH_7_selected,e754fc7f5325bb6c9ba805544db3621477b6e7fcee6cbc5a27b57e36d7002a61,validation,P2,2017-01-20,891,798.3160209906562,593ca35592cb498cc065e8540e2c88699e68bcb60baa15cf5ecbe9160c3d3480
new_p3_training,True,tuned,UM_V2_DEPTH,7,R2,3cfd389bbd05ec9201a41c0892e29bf8199198d1b216b9a8061370d4240aa583,bd1488a2d411295d7a2118c50ddcc0b158786123613af1676062e2270d1637d1,9cb89005693b1b70c102178849b740fde00b50c9ba5f3b5530d0e5749ea59837,eca954c21da074c545cb7858315ea39fee0a6f54b19e06474b4f2f91f1666847,8b90aa08a2480ce64e3784f1560ad81adcdab8870ccac0c6e424e34745f74c1e,6031dc4ee08b61c58b35b1efd7d764739d5c7c54dc7cbe9e9a72a1e4a7098596,675a3086cd6c4f2abd63c7d3acd419ca12dbc861,b9974a8f8c017bb8dcd4b62d614209421269020760d78e9d860a074b8cc9561f,aa748e7e398bb4d14b9afc8d4cf7a5ca8d485890223bfcd717e4bb6e950dd4ea,R2_UM_V2_DEPTH_7_selected,e754fc7f5325bb6c9ba805544db3621477b6e7fcee6cbc5a27b57e36d7002a61,validation,P2,2017-01-23,891,799.4054221590665,7cc8b19a43c63415fd922d9f396dd29b0d968480ea5d6c6a496ad5e285616df1
new_p3_training,True,tuned,UM_V2_DEPTH,7,R2,3cfd389bbd05ec9201a41c0892e29bf8199198d1b216b9a8061370d4240aa583,bd1488a2d411295d7a2118c50ddcc0b158786123613af1676062e2270d1637d1,9cb89005693b1b70c102178849b740fde00b50c9ba5f3b5530d0e5749ea59837,eca954c21da074c545cb7858315ea39fee0a6f54b19e06474b4f2f91f1666847,8b90aa08a2480ce64e3784f1560ad81adcdab8870ccac0c6e424e34745f74c1e,6031dc4ee08b61c58b35b1efd7d764739d5c7c54dc7cbe9e9a72a1e4a7098596,675a3086cd6c4f2abd63c7d3acd419ca12dbc861,b9974a8f8c017bb8dcd4b62d614209421269020760d78e9d860a074b8cc9561f,aa748e7e398bb4d14b9afc8d4cf7a5ca8d485890223bfcd717e4bb6e950dd4ea,R2_UM_V2_DEPTH_7_selected,e754fc7f5325bb6c9ba805544db3621477b6e7fcee6cbc5a27b57e36d7002a61,validation,P2,2017-01-24,891,786.6884973717908,d2697739c93e74ae1e03466f1abab8531e99140440a2a7ba7fd0d8ce1266e576
new_p3_training,True,tuned,UM_V2_DEPTH,7,R2,3cfd389bbd05ec9201a41c0892e29bf8199198d1b216b9a8061370d4240aa583,bd1488a2d411295d7a2118c50ddcc0b158786123613af1676062e2270d1637d1,9cb89005693b1b70c102178849b740fde00b50c9ba5f3b5530d0e5749ea59837,eca954c21da074c545cb7858315ea39fee0a6f54b19e06474b4f2f91f1666847,8b90aa08a2480ce64e3784f1560ad81adcdab8870ccac0c6e424e34745f74c1e,6031dc4ee08b61c58b35b1efd7d764739d5c7c54dc7cbe9e9a72a1e4a7098596,675a3086cd6c4f2abd63c7d3acd419ca12dbc861,b9974a8f8c017bb8dcd4b62d614209421269020760d78e9d860a074b8cc9561f,aa748e7e398bb4d14b9afc8d4cf7a5ca8d485890223bfcd717e4bb6e950dd4ea,R2_UM_V2_DEPTH_7_selected,e754fc7f5325bb6c9ba805544db3621477b6e7fcee6cbc5a27b57e36d7002a61,validation,P2,2017-01-25,891,801.2459112104202,aa013d845e89ccd8e6e22819c312350ad251765ba497bd4196204958b720a5dc
new_p3_training,True,tuned,UM_V2_DEPTH,7,R2,3cfd389bbd05ec9201a41c0892e29bf8199198d1b216b9a8061370d4240aa583,bd1488a2d411295d7a2118c50ddcc0b158786123613af1676062e2270d1637d1,9cb89005693b1b70c102178849b740fde00b50c9ba5f3b5530d0e5749ea59837,eca954c21da074c545cb7858315ea39fee0a6f54b19e06474b4f2f91f1666847,8b90aa08a2480ce64e3784f1560ad81adcdab8870ccac0c6e424e34745f74c1e,6031dc4ee08b61c58b35b1efd7d764739d5c7c54dc7cbe9e9a72a1e4a7098596,675a3086cd6c4f2abd63c7d3acd419ca12dbc861,b9974a8f8c017bb8dcd4b62d614209421269020760d78e9d860a074b8cc9561f,aa748e7e398bb4d14b9afc8d4cf7a5ca8d485890223bfcd717e4bb6e950dd4ea,R2_UM_V2_DEPTH_7_selected,e754fc7f5325bb6c9ba805544db3621477b6e7fcee6cbc5a27b57e36d7002a61,validation,P2,2017-01-26,891,839.559951722086,3e1cdb6137a609724a13cf02d4f9fcfedfefd035950526aba941c7ce4a72905b
new_p3_training,True,tuned,UM_V2_DEPTH,7,R2,3cfd389bbd05ec9201a41c0892e29bf8199198d1b216b9a8061370d4240aa583,bd1488a2d411295d7a2118c50ddcc0b158786123613af1676062e2270d1637d1,9cb89005693b1b70c102178849b740fde00b50c9ba5f3b5530d0e5749ea59837,eca954c21da074c545cb7858315ea39fee0a6f54b19e06474b4f2f91f1666847,8b90aa08a2480ce64e3784f1560ad81adcdab8870ccac0c6e424e34745f74c1e,6031dc4ee08b61c58b35b1efd7d764739d5c7c54dc7cbe9e9a72a1e4a7098596,675a3086cd6c4f2abd63c7d3acd419ca12dbc861,b9974a8f8c017bb8dcd4b62d614209421269020760d78e9d860a074b8cc9561f,aa748e7e398bb4d14b9afc8d4cf7a5ca8d485890223bfcd717e4bb6e950dd4ea,R2_UM_V2_DEPTH_7_selected,e754fc7f5325bb6c9ba805544db3621477b6e7fcee6cbc5a27b57e36d7002a61,validation,P2,2017-01-31,891,824.2067450177402,5b8eb00caae5fa9801af74c59012090a2017583e071898a6c1aa323b6c775a6a
new_p3_training,True,tuned,UM_V2_DEPTH,7,R2,3cfd389bbd05ec9201a41c0892e29bf8199198d1b216b9a8061370d4240aa583,bd1488a2d411295d7a2118c50ddcc0b158786123613af1676062e2270d1637d1,9cb89005693b1b70c102178849b740fde00b50c9ba5f3b5530d0e5749ea59837,eca954c21da074c545cb7858315ea39fee0a6f54b19e06474b4f2f91f1666847,8b90aa08a2480ce64e3784f1560ad81adcdab8870ccac0c6e424e34745f74c1e,6031dc4ee08b61c58b35b1efd7d764739d5c7c54dc7cbe9e9a72a1e4a7098596,675a3086cd6c4f2abd63c7d3acd419ca12dbc861,b9974a8f8c017bb8dcd4b62d614209421269020760d78e9d860a074b8cc9561f,aa748e7e398bb4d14b9afc8d4cf7a5ca8d485890223bfcd717e4bb6e950dd4ea,R2_UM_V2_DEPTH_7_selected,e754fc7f5325bb6c9ba805544db3621477b6e7fcee6cbc5a27b57e36d7002a61,validation,P2,2017-02-01,891,788.1129271041336,7042097105348c0d97e040a7123b18ca85642a6f688d2699725a1360d7c2fb9c
new_p3_training,True,tuned,UM_V2_DEPTH,7,R2,3cfd389bbd05ec9201a41c0892e29bf8199198d1b216b9a8061370d4240aa583,bd1488a2d411295d7a2118c50ddcc0b158786123613af1676062e2270d1637d1,9cb89005693b1b70c102178849b740fde00b50c9ba5f3b5530d0e5749ea59837,eca954c21da074c545cb7858315ea39fee0a6f54b19e06474b4f2f91f1666847,8b90aa08a2480ce64e3784f1560ad81adcdab8870ccac0c6e424e34745f74c1e,6031dc4ee08b61c58b35b1efd7d764739d5c7c54dc7cbe9e9a72a1e4a7098596,675a3086cd6c4f2abd63c7d3acd419ca12dbc861,b9974a8f8c017bb8dcd4b62d614209421269020760d78e9d860a074b8cc9561f,aa748e7e398bb4d14b9afc8d4cf7a5ca8d485890223bfcd717e4bb6e950dd4ea,R2_UM_V2_DEPTH_7_selected,e754fc7f5325bb6c9ba805544db3621477b6e7fcee6cbc5a27b57e36d7002a61,validation,P2,2017-02-02,891,827.2531500984758,b2b850c91105f32860ec3ad6e095c02bb9f414c0ae1756ca51f5d91bb9d69d49
new_p3_training,True,tuned,UM_V2_DEPTH,7,R2,3cfd389bbd05ec9201a41c0892e29bf8199198d1b216b9a8061370d4240aa583,bd1488a2d411295d7a2118c50ddcc0b158786123613af1676062e2270d1637d1,9cb89005693b1b70c102178849b740fde00b50c9ba5f3b5530d0e5749ea59837,eca954c21da074c545cb7858315ea39fee0a6f54b19e06474b4f2f91f1666847,8b90aa08a2480ce64e3784f1560ad81adcdab8870ccac0c6e424e34745f74c1e,6031dc4ee08b61c58b35b1efd7d764739d5c7c54dc7cbe9e9a72a1e4a7098596,675a3086cd6c4f2abd63c7d3acd419ca12dbc861,b9974a8f8c017bb8dcd4b62d614209421269020760d78e9d860a074b8cc9561f,aa748e7e398bb4d14b9afc8d4cf7a5ca8d485890223bfcd717e4bb6e950dd4ea,R2_UM_V2_DEPTH_7_selected,e754fc7f5325bb6c9ba805544db3621477b6e7fcee6cbc5a27b57e36d7002a61,validation,P2,2017-02-03,891,810.9071378362196,a61cb175027330115aac1905464f2d450e9c3ed65098b49abb41ff558e4ee49a
new_p3_training,True,tuned,UM_V2_DEPTH,7,R2,3cfd389bbd05ec9201a41c0892e29bf8199198d1b216b9a8061370d4240aa583,bd1488a2d411295d7a2118c50ddcc0b158786123613af1676062e2270d1637d1,9cb89005693b1b70c102178849b740fde00b50c9ba5f3b5530d0e5749ea59837,eca954c21da074c545cb7858315ea39fee0a6f54b19e06474b4f2f91f1666847,8b90aa08a2480ce64e3784f1560ad81adcdab8870ccac0c6e424e34745f74c1e,6031dc4ee08b61c58b35b1efd7d764739d5c7c54dc7cbe9e9a72a1e4a7098596,675a3086cd6c4f2abd63c7d3acd419ca12dbc861,b9974a8f8c017bb8dcd4b62d614209421269020760d78e9d860a074b8cc9561f,aa748e7e398bb4d14b9afc8d4cf7a5ca8d485890223bfcd717e4bb6e950dd4ea,R2_UM_V2_DEPTH_7_selected,e754fc7f5325bb6c9ba805544db3621477b6e7fcee6cbc5a27b57e36d7002a61,validation,P2,2017-02-06,891,813.56942400195,ac2a2bba930d8bc11da3db925f0b46c616bfa69596fc7deb38441d7de2db82a2
new_p3_training,True,tuned,UM_V2_DEPTH,7,R2,3cfd389bbd05ec9201a41c0892e29bf8199198d1b216b9a8061370d4240aa583,bd1488a2d411295d7a2118c50ddcc0b158786123613af1676062e2270d1637d1,9cb89005693b1b70c102178849b740fde00b50c9ba5f3b5530d0e5749ea59837,eca954c21da074c545cb7858315ea39fee0a6f54b19e06474b4f2f91f1666847,8b90aa08a2480ce64e3784f1560ad81adcdab8870ccac0c6e424e34745f74c1e,6031dc4ee08b61c58b35b1efd7d764739d5c7c54dc7cbe9e9a72a1e4a7098596,675a3086cd6c4f2abd63c7d3acd419ca12dbc861,b9974a8f8c017bb8dcd4b62d614209421269020760d78e9d860a074b8cc9561f,aa748e7e398bb4d14b9afc8d4cf7a5ca8d485890223bfcd717e4bb6e950dd4ea,R2_UM_V2_DEPTH_7_selected,e754fc7f5325bb6c9ba805544db3621477b6e7fcee6cbc5a27b57e36d7002a61,validation,P2,2017-02-07,891,811.7763661298973,9e6c70114bad812ee2ec83db73258e83bafae462873e5dd9f71129cff1cd418f
new_p3_training,True,tuned,UM_V2_DEPTH,7,R2,3cfd389bbd05ec9201a41c0892e29bf8199198d1b216b9a8061370d4240aa583,bd1488a2d411295d7a2118c50ddcc0b158786123613af1676062e2270d1637d1,9cb89005693b1b70c102178849b740fde00b50c9ba5f3b5530d0e5749ea59837,eca954c21da074c545cb7858315ea39fee0a6f54b19e06474b4f2f91f1666847,8b90aa08a2480ce64e3784f1560ad81adcdab8870ccac0c6e424e34745f74c1e,6031dc4ee08b61c58b35b1efd7d764739d5c7c54dc7cbe9e9a72a1e4a7098596,675a3086cd6c4f2abd63c7d3acd419ca12dbc861,b9974a8f8c017bb8dcd4b62d614209421269020760d78e9d860a074b8cc9561f,aa748e7e398bb4d14b9afc8d4cf7a5ca8d485890223bfcd717e4bb6e950dd4ea,R2_UM_V2_DEPTH_7_selected,e754fc7f5325bb6c9ba805544db3621477b6e7fcee6cbc5a27b57e36d7002a61,validation,P2,2017-02-08,891,868.7542097424067,3c1309cca6e87cfe28a6b55312c04a815a882ca4b156a29064fb5a719c15ba99
new_p3_training,True,tuned,UM_V2_DEPTH,7,R2,3cfd389bbd05ec9201a41c0892e29bf8199198d1b216b9a8061370d4240aa583,bd1488a2d411295d7a2118c50ddcc0b158786123613af1676062e2270d1637d1,9cb89005693b1b70c102178849b740fde00b50c9ba5f3b5530d0e5749ea59837,eca954c21da074c545cb7858315ea39fee0a6f54b19e06474b4f2f91f1666847,8b90aa08a2480ce64e3784f1560ad81adcdab8870ccac0c6e424e34745f74c1e,6031dc4ee08b61c58b35b1efd7d764739d5c7c54dc7cbe9e9a72a1e4a7098596,675a3086cd6c4f2abd63c7d3acd419ca12dbc861,b9974a8f8c017bb8dcd4b62d614209421269020760d78e9d860a074b8cc9561f,aa748e7e398bb4d14b9afc8d4cf7a5ca8d485890223bfcd717e4bb6e950dd4ea,R2_UM_V2_DEPTH_7_selected,e754fc7f5325bb6c9ba805544db3621477b6e7fcee6cbc5a27b57e36d7002a61,validation,P2,2017-02-09,891,822.329113730177,1569ad2ba3740ba6343187594cddf411ae87df1a1cfdb17e668354b45a42fea2
new_p3_training,True,tuned,UM_V2_DEPTH,7,R2,3cfd389bbd05ec9201a41c0892e29bf8199198d1b216b9a8061370d4240aa583,bd1488a2d411295d7a2118c50ddcc0b158786123613af1676062e2270d1637d1,9cb89005693b1b70c102178849b740fde00b50c9ba5f3b5530d0e5749ea59837,eca954c21da074c545cb7858315ea39fee0a6f54b19e06474b4f2f91f1666847,8b90aa08a2480ce64e3784f1560ad81adcdab8870ccac0c6e424e34745f74c1e,6031dc4ee08b61c58b35b1efd7d764739d5c7c54dc7cbe9e9a72a1e4a7098596,675a3086cd6c4f2abd63c7d3acd419ca12dbc861,b9974a8f8c017bb8dcd4b62d614209421269020760d78e9d860a074b8cc9561f,aa748e7e398bb4d14b9afc8d4cf7a5ca8d485890223bfcd717e4bb6e950dd4ea,R2_UM_V2_DEPTH_7_selected,e754fc7f5325bb6c9ba805544db3621477b6e7fcee6cbc5a27b57e36d7002a61,validation,P2,2017-02-10,891,782.7376601892744,dae8fba1d6901d6579f4ff4d6d4e0c05b4af25a4f34483ecd84d3ae2fa941e76
new_p3_training,True,tuned,UM_V2_DEPTH,7,R2,3cfd389bbd05ec9201a41c0892e29bf8199198d1b216b9a8061370d4240aa583,bd1488a2d411295d7a2118c50ddcc0b158786123613af1676062e2270d1637d1,9cb89005693b1b70c102178849b740fde00b50c9ba5f3b5530d0e5749ea59837,eca954c21da074c545cb7858315ea39fee0a6f54b19e06474b4f2f91f1666847,8b90aa08a2480ce64e3784f1560ad81adcdab8870ccac0c6e424e34745f74c1e,6031dc4ee08b61c58b35b1efd7d764739d5c7c54dc7cbe9e9a72a1e4a7098596,675a3086cd6c4f2abd63c7d3acd419ca12dbc861,b9974a8f8c017bb8dcd4b62d614209421269020760d78e9d860a074b8cc9561f,aa748e7e398bb4d14b9afc8d4cf7a5ca8d485890223bfcd717e4bb6e950dd4ea,R2_UM_V2_DEPTH_7_selected,e754fc7f5325bb6c9ba805544db3621477b6e7fcee6cbc5a27b57e36d7002a61,validation,P2,2017-02-13,891,740.7986398932607,a5ff2d3b3c57523f1889bb95c2be78631584f6f54bf0e61c90fa8a7963f075e9
new_p3_training,True,tuned,UM_V2_DEPTH,7,R2,3cfd389bbd05ec9201a41c0892e29bf8199198d1b216b9a8061370d4240aa583,bd1488a2d411295d7a2118c50ddcc0b158786123613af1676062e2270d1637d1,9cb89005693b1b70c102178849b740fde00b50c9ba5f3b5530d0e5749ea59837,eca954c21da074c545cb7858315ea39fee0a6f54b19e06474b4f2f91f1666847,8b90aa08a2480ce64e3784f1560ad81adcdab8870ccac0c6e424e34745f74c1e,6031dc4ee08b61c58b35b1efd7d764739d5c7c54dc7cbe9e9a72a1e4a7098596,675a3086cd6c4f2abd63c7d3acd419ca12dbc861,b9974a8f8c017bb8dcd4b62d614209421269020760d78e9d860a074b8cc9561f,aa748e7e398bb4d14b9afc8d4cf7a5ca8d485890223bfcd717e4bb6e950dd4ea,R2_UM_V2_DEPTH_7_selected,e754fc7f5325bb6c9ba805544db3621477b6e7fcee6cbc5a27b57e36d7002a61,validation,P2,2017-02-14,891,763.9174542549388,733bf8207eacec8839dd0fcf6a5af6a9c9091d8188d64e89954ccf9a83c33551
new_p3_training,True,tuned,UM_V2_DEPTH,7,R2,3cfd389bbd05ec9201a41c0892e29bf8199198d1b216b9a8061370d4240aa583,bd1488a2d411295d7a2118c50ddcc0b158786123613af1676062e2270d1637d1,9cb89005693b1b70c102178849b740fde00b50c9ba5f3b5530d0e5749ea59837,eca954c21da074c545cb7858315ea39fee0a6f54b19e06474b4f2f91f1666847,8b90aa08a2480ce64e3784f1560ad81adcdab8870ccac0c6e424e34745f74c1e,6031dc4ee08b61c58b35b1efd7d764739d5c7c54dc7cbe9e9a72a1e4a7098596,675a3086cd6c4f2abd63c7d3acd419ca12dbc861,b9974a8f8c017bb8dcd4b62d614209421269020760d78e9d860a074b8cc9561f,aa748e7e398bb4d14b9afc8d4cf7a5ca8d485890223bfcd717e4bb6e950dd4ea,R2_UM_V2_DEPTH_7_selected,e754fc7f5325bb6c9ba805544db3621477b6e7fcee6cbc5a27b57e36d7002a61,validation,P2,2017-02-15,891,835.4637037695989,f9426943d6063a2ac2cd43e0f65bdb482a33cc40089638e674524000afa5738a
new_p3_training,True,tuned,UM_V2_DEPTH,7,R2,3cfd389bbd05ec9201a41c0892e29bf8199198d1b216b9a8061370d4240aa583,bd1488a2d411295d7a2118c50ddcc0b158786123613af1676062e2270d1637d1,9cb89005693b1b70c102178849b740fde00b50c9ba5f3b5530d0e5749ea59837,eca954c21da074c545cb7858315ea39fee0a6f54b19e06474b4f2f91f1666847,8b90aa08a2480ce64e3784f1560ad81adcdab8870ccac0c6e424e34745f74c1e,6031dc4ee08b61c58b35b1efd7d764739d5c7c54dc7cbe9e9a72a1e4a7098596,675a3086cd6c4f2abd63c7d3acd419ca12dbc861,b9974a8f8c017bb8dcd4b62d614209421269020760d78e9d860a074b8cc9561f,aa748e7e398bb4d14b9afc8d4cf7a5ca8d485890223bfcd717e4bb6e950dd4ea,R2_UM_V2_DEPTH_7_selected,e754fc7f5325bb6c9ba805544db3621477b6e7fcee6cbc5a27b57e36d7002a61,validation,P2,2017-02-16,891,849.7535544481123,22d322fdf3e5daf5e914222876b5019449b71b08d3d990fc9dd297be954639d8
new_p3_training,True,tuned,UM_V2_DEPTH,7,R2,3cfd389bbd05ec9201a41c0892e29bf8199198d1b216b9a8061370d4240aa583,bd1488a2d411295d7a2118c50ddcc0b158786123613af1676062e2270d1637d1,9cb89005693b1b70c102178849b740fde00b50c9ba5f3b5530d0e5749ea59837,eca954c21da074c545cb7858315ea39fee0a6f54b19e06474b4f2f91f1666847,8b90aa08a2480ce64e3784f1560ad81adcdab8870ccac0c6e424e34745f74c1e,6031dc4ee08b61c58b35b1efd7d764739d5c7c54dc7cbe9e9a72a1e4a7098596,675a3086cd6c4f2abd63c7d3acd419ca12dbc861,b9974a8f8c017bb8dcd4b62d614209421269020760d78e9d860a074b8cc9561f,aa748e7e398bb4d14b9afc8d4cf7a5ca8d485890223bfcd717e4bb6e950dd4ea,R2_UM_V2_DEPTH_7_selected,e754fc7f5325bb6c9ba805544db3621477b6e7fcee6cbc5a27b57e36d7002a61,validation,P2,2017-02-17,891,790.7109453657059,988d134551699d1d9786ca5449b863dbc3e81fa34b72a975e1e8a58df8a88362
new_p3_training,True,tuned,UM_V2_DEPTH,7,R2,3cfd389bbd05ec9201a41c0892e29bf8199198d1b216b9a8061370d4240aa583,bd1488a2d411295d7a2118c50ddcc0b158786123613af1676062e2270d1637d1,9cb89005693b1b70c102178849b740fde00b50c9ba5f3b5530d0e5749ea59837,eca954c21da074c545cb7858315ea39fee0a6f54b19e06474b4f2f91f1666847,8b90aa08a2480ce64e3784f1560ad81adcdab8870ccac0c6e424e34745f74c1e,6031dc4ee08b61c58b35b1efd7d764739d5c7c54dc7cbe9e9a72a1e4a7098596,675a3086cd6c4f2abd63c7d3acd419ca12dbc861,b9974a8f8c017bb8dcd4b62d614209421269020760d78e9d860a074b8cc9561f,aa748e7e398bb4d14b9afc8d4cf7a5ca8d485890223bfcd717e4bb6e950dd4ea,R2_UM_V2_DEPTH_7_selected,e754fc7f5325bb6c9ba805544db3621477b6e7fcee6cbc5a27b57e36d7002a61,validation,P2,2017-02-20,891,769.878080947389,3064943d768033e2f53ebc3ffaf2f60cf301e949088da06770a924dcd1e35e6f
new_p3_training,True,tuned,UM_V2_DEPTH,7,R2,3cfd389bbd05ec9201a41c0892e29bf8199198d1b216b9a8061370d4240aa583,bd1488a2d411295d7a2118c50ddcc0b158786123613af1676062e2270d1637d1,9cb89005693b1b70c102178849b740fde00b50c9ba5f3b5530d0e5749ea59837,eca954c21da074c545cb7858315ea39fee0a6f54b19e06474b4f2f91f1666847,8b90aa08a2480ce64e3784f1560ad81adcdab8870ccac0c6e424e34745f74c1e,6031dc4ee08b61c58b35b1efd7d764739d5c7c54dc7cbe9e9a72a1e4a7098596,675a3086cd6c4f2abd63c7d3acd419ca12dbc861,b9974a8f8c017bb8dcd4b62d614209421269020760d78e9d860a074b8cc9561f,aa748e7e398bb4d14b9afc8d4cf7a5ca8d485890223bfcd717e4bb6e950dd4ea,R2_UM_V2_DEPTH_7_selected,e754fc7f5325bb6c9ba805544db3621477b6e7fcee6cbc5a27b57e36d7002a61,validation,P2,2017-02-21,891,825.0763157239858,25e62c481f5cd0d3a3330ec83e4f730a31a2324af135188e31eaabae5ada18c6
new_p3_training,True,tuned,UM_V2_DEPTH,7,R2,3cfd389bbd05ec9201a41c0892e29bf8199198d1b216b9a8061370d4240aa583,bd1488a2d411295d7a2118c50ddcc0b158786123613af1676062e2270d1637d1,9cb89005693b1b70c102178849b740fde00b50c9ba5f3b5530d0e5749ea59837,eca954c21da074c545cb7858315ea39fee0a6f54b19e06474b4f2f91f1666847,8b90aa08a2480ce64e3784f1560ad81adcdab8870ccac0c6e424e34745f74c1e,6031dc4ee08b61c58b35b1efd7d764739d5c7c54dc7cbe9e9a72a1e4a7098596,675a3086cd6c4f2abd63c7d3acd419ca12dbc861,b9974a8f8c017bb8dcd4b62d614209421269020760d78e9d860a074b8cc9561f,aa748e7e398bb4d14b9afc8d4cf7a5ca8d485890223bfcd717e4bb6e950dd4ea,R2_UM_V2_DEPTH_7_selected,e754fc7f5325bb6c9ba805544db3621477b6e7fcee6cbc5a27b57e36d7002a61,validation,P2,2017-02-22,891,783.4553457897132,05380168db43ef4754aed1ba12e62056d02f3055e4c531e0538971822f021013
new_p3_training,True,tuned,UM_V2_DEPTH,7,R2,3cfd389bbd05ec9201a41c0892e29bf8199198d1b216b9a8061370d4240aa583,bd1488a2d411295d7a2118c50ddcc0b158786123613af1676062e2270d1637d1,9cb89005693b1b70c102178849b740fde00b50c9ba5f3b5530d0e5749ea59837,eca954c21da074c545cb7858315ea39fee0a6f54b19e06474b4f2f91f1666847,8b90aa08a2480ce64e3784f1560ad81adcdab8870ccac0c6e424e34745f74c1e,6031dc4ee08b61c58b35b1efd7d764739d5c7c54dc7cbe9e9a72a1e4a7098596,675a3086cd6c4f2abd63c7d3acd419ca12dbc861,b9974a8f8c017bb8dcd4b62d614209421269020760d78e9d860a074b8cc9561f,aa748e7e398bb4d14b9afc8d4cf7a5ca8d485890223bfcd717e4bb6e950dd4ea,R2_UM_V2_DEPTH_7_selected,e754fc7f5325bb6c9ba805544db3621477b6e7fcee6cbc5a27b57e36d7002a61,validation,P2,2017-02-23,891,824.6903116962089,b3066c5f2651ce6a399bf2e4a2a767bb3c76e42d56292d940e12229750f4c332
new_p3_training,True,tuned,UM_V2_DEPTH,7,R2,3cfd389bbd05ec9201a41c0892e29bf8199198d1b216b9a8061370d4240aa583,bd1488a2d411295d7a2118c50ddcc0b158786123613af1676062e2270d1637d1,9cb89005693b1b70c102178849b740fde00b50c9ba5f3b5530d0e5749ea59837,eca954c21da074c545cb7858315ea39fee0a6f54b19e06474b4f2f91f1666847,8b90aa08a2480ce64e3784f1560ad81adcdab8870ccac0c6e424e34745f74c1e,6031dc4ee08b61c58b35b1efd7d764739d5c7c54dc7cbe9e9a72a1e4a7098596,675a3086cd6c4f2abd63c7d3acd419ca12dbc861,b9974a8f8c017bb8dcd4b62d614209421269020760d78e9d860a074b8cc9561f,aa748e7e398bb4d14b9afc8d4cf7a5ca8d485890223bfcd717e4bb6e950dd4ea,R2_UM_V2_DEPTH_7_selected,e754fc7f5325bb6c9ba805544db3621477b6e7fcee6cbc5a27b57e36d7002a61,validation,P2,2017-02-24,891,850.7932529115585,d6d3b149f6ee309ae3337e44ef13f0dc1d6bdbf1e9c421fe895f9661bff132f7
new_p3_training,True,tuned,UM_V2_DEPTH,7,R2,3cfd389bbd05ec9201a41c0892e29bf8199198d1b216b9a8061370d4240aa583,bd1488a2d411295d7a2118c50ddcc0b158786123613af1676062e2270d1637d1,9cb89005693b1b70c102178849b740fde00b50c9ba5f3b5530d0e5749ea59837,eca954c21da074c545cb7858315ea39fee0a6f54b19e06474b4f2f91f1666847,8b90aa08a2480ce64e3784f1560ad81adcdab8870ccac0c6e424e34745f74c1e,6031dc4ee08b61c58b35b1efd7d764739d5c7c54dc7cbe9e9a72a1e4a7098596,675a3086cd6c4f2abd63c7d3acd419ca12dbc861,b9974a8f8c017bb8dcd4b62d614209421269020760d78e9d860a074b8cc9561f,aa748e7e398bb4d14b9afc8d4cf7a5ca8d485890223bfcd717e4bb6e950dd4ea,R2_UM_V2_DEPTH_7_selected,e754fc7f5325bb6c9ba805544db3621477b6e7fcee6cbc5a27b57e36d7002a61,validation,P2,2017-02-27,891,814.5399351856533,5793c28af102e7c1fc11ce85536214a789a89d0990b6bb173925bf7154148ba2
new_p3_training,True,tuned,UM_V2_DEPTH,7,R2,3cfd389bbd05ec9201a41c0892e29bf8199198d1b216b9a8061370d4240aa583,bd1488a2d411295d7a2118c50ddcc0b158786123613af1676062e2270d1637d1,9cb89005693b1b70c102178849b740fde00b50c9ba5f3b5530d0e5749ea59837,eca954c21da074c545cb7858315ea39fee0a6f54b19e06474b4f2f91f1666847,8b90aa08a2480ce64e3784f1560ad81adcdab8870ccac0c6e424e34745f74c1e,6031dc4ee08b61c58b35b1efd7d764739d5c7c54dc7cbe9e9a72a1e4a7098596,675a3086cd6c4f2abd63c7d3acd419ca12dbc861,b9974a8f8c017bb8dcd4b62d614209421269020760d78e9d860a074b8cc9561f,aa748e7e398bb4d14b9afc8d4cf7a5ca8d485890223bfcd717e4bb6e950dd4ea,R2_UM_V2_DEPTH_7_selected,e754fc7f5325bb6c9ba805544db3621477b6e7fcee6cbc5a27b57e36d7002a61,validation,P2,2017-02-28,891,760.0323219607346,6b34e4aab19f1ef35c9b90c4fcf48eb6cabf55426d1761f4396d329fd10763e6
new_p3_training,True,tuned,UM_V2_DEPTH,7,R2,3cfd389bbd05ec9201a41c0892e29bf8199198d1b216b9a8061370d4240aa583,bd1488a2d411295d7a2118c50ddcc0b158786123613af1676062e2270d1637d1,9cb89005693b1b70c102178849b740fde00b50c9ba5f3b5530d0e5749ea59837,eca954c21da074c545cb7858315ea39fee0a6f54b19e06474b4f2f91f1666847,8b90aa08a2480ce64e3784f1560ad81adcdab8870ccac0c6e424e34745f74c1e,6031dc4ee08b61c58b35b1efd7d764739d5c7c54dc7cbe9e9a72a1e4a7098596,675a3086cd6c4f2abd63c7d3acd419ca12dbc861,b9974a8f8c017bb8dcd4b62d614209421269020760d78e9d860a074b8cc9561f,aa748e7e398bb4d14b9afc8d4cf7a5ca8d485890223bfcd717e4bb6e950dd4ea,R2_UM_V2_DEPTH_7_selected,e754fc7f5325bb6c9ba805544db3621477b6e7fcee6cbc5a27b57e36d7002a61,validation,P2,2017-03-02,891,854.2242415506526,74895839487a4626b79a24047f29fcf80498d3c448ece3c1eb05e9ef2a388903
new_p3_training,True,tuned,UM_V2_DEPTH,7,R2,3cfd389bbd05ec9201a41c0892e29bf8199198d1b216b9a8061370d4240aa583,bd1488a2d411295d7a2118c50ddcc0b158786123613af1676062e2270d1637d1,9cb89005693b1b70c102178849b740fde00b50c9ba5f3b5530d0e5749ea59837,eca954c21da074c545cb7858315ea39fee0a6f54b19e06474b4f2f91f1666847,8b90aa08a2480ce64e3784f1560ad81adcdab8870ccac0c6e424e34745f74c1e,6031dc4ee08b61c58b35b1efd7d764739d5c7c54dc7cbe9e9a72a1e4a7098596,675a3086cd6c4f2abd63c7d3acd419ca12dbc861,b9974a8f8c017bb8dcd4b62d614209421269020760d78e9d860a074b8cc9561f,aa748e7e398bb4d14b9afc8d4cf7a5ca8d485890223bfcd717e4bb6e950dd4ea,R2_UM_V2_DEPTH_7_selected,e754fc7f5325bb6c9ba805544db3621477b6e7fcee6cbc5a27b57e36d7002a61,validation,P2,2017-03-03,891,892.9317189592285,681bbb2911a1ded1f47d9b6c7e0057dcc1ee813a5e5767a77f865817e6e69407
new_p3_training,True,tuned,UM_V2_DEPTH,7,R2,3cfd389bbd05ec9201a41c0892e29bf8199198d1b216b9a8061370d4240aa583,bd1488a2d411295d7a2118c50ddcc0b158786123613af1676062e2270d1637d1,9cb89005693b1b70c102178849b740fde00b50c9ba5f3b5530d0e5749ea59837,eca954c21da074c545cb7858315ea39fee0a6f54b19e06474b4f2f91f1666847,8b90aa08a2480ce64e3784f1560ad81adcdab8870ccac0c6e424e34745f74c1e,6031dc4ee08b61c58b35b1efd7d764739d5c7c54dc7cbe9e9a72a1e4a7098596,675a3086cd6c4f2abd63c7d3acd419ca12dbc861,b9974a8f8c017bb8dcd4b62d614209421269020760d78e9d860a074b8cc9561f,aa748e7e398bb4d14b9afc8d4cf7a5ca8d485890223bfcd717e4bb6e950dd4ea,R2_UM_V2_DEPTH_7_selected,e754fc7f5325bb6c9ba805544db3621477b6e7fcee6cbc5a27b57e36d7002a61,validation,P2,2017-03-06,891,869.5583233172829,709d21885679f04617c21e969424134af912f44c84b481e6261c06deb751b124
new_p3_training,True,tuned,UM_V2_DEPTH,7,R2,3cfd389bbd05ec9201a41c0892e29bf8199198d1b216b9a8061370d4240aa583,bd1488a2d411295d7a2118c50ddcc0b158786123613af1676062e2270d1637d1,9cb89005693b1b70c102178849b740fde00b50c9ba5f3b5530d0e5749ea59837,eca954c21da074c545cb7858315ea39fee0a6f54b19e06474b4f2f91f1666847,8b90aa08a2480ce64e3784f1560ad81adcdab8870ccac0c6e424e34745f74c1e,6031dc4ee08b61c58b35b1efd7d764739d5c7c54dc7cbe9e9a72a1e4a7098596,675a3086cd6c4f2abd63c7d3acd419ca12dbc861,b9974a8f8c017bb8dcd4b62d614209421269020760d78e9d860a074b8cc9561f,aa748e7e398bb4d14b9afc8d4cf7a5ca8d485890223bfcd717e4bb6e950dd4ea,R2_UM_V2_DEPTH_7_selected,e754fc7f5325bb6c9ba805544db3621477b6e7fcee6cbc5a27b57e36d7002a61,validation,P2,2017-03-07,891,770.5970144413536,40f2996066de44db4575bf205375b9211ff9d287dc652e7a01ded9ac106b9ac5
new_p3_training,True,tuned,UM_V2_DEPTH,7,R2,3cfd389bbd05ec9201a41c0892e29bf8199198d1b216b9a8061370d4240aa583,bd1488a2d411295d7a2118c50ddcc0b158786123613af1676062e2270d1637d1,9cb89005693b1b70c102178849b740fde00b50c9ba5f3b5530d0e5749ea59837,eca954c21da074c545cb7858315ea39fee0a6f54b19e06474b4f2f91f1666847,8b90aa08a2480ce64e3784f1560ad81adcdab8870ccac0c6e424e34745f74c1e,6031dc4ee08b61c58b35b1efd7d764739d5c7c54dc7cbe9e9a72a1e4a7098596,675a3086cd6c4f2abd63c7d3acd419ca12dbc861,b9974a8f8c017bb8dcd4b62d614209421269020760d78e9d860a074b8cc9561f,aa748e7e398bb4d14b9afc8d4cf7a5ca8d485890223bfcd717e4bb6e950dd4ea,R2_UM_V2_DEPTH_7_selected,e754fc7f5325bb6c9ba805544db3621477b6e7fcee6cbc5a27b57e36d7002a61,validation,P2,2017-03-08,891,831.8970592991734,c2aca331c6c62418b58d7252fc8f65b931964957b7db60e3d02289069c0b2eec
new_p3_training,True,tuned,UM_V2_DEPTH,7,R2,3cfd389bbd05ec9201a41c0892e29bf8199198d1b216b9a8061370d4240aa583,bd1488a2d411295d7a2118c50ddcc0b158786123613af1676062e2270d1637d1,9cb89005693b1b70c102178849b740fde00b50c9ba5f3b5530d0e5749ea59837,eca954c21da074c545cb7858315ea39fee0a6f54b19e06474b4f2f91f1666847,8b90aa08a2480ce64e3784f1560ad81adcdab8870ccac0c6e424e34745f74c1e,6031dc4ee08b61c58b35b1efd7d764739d5c7c54dc7cbe9e9a72a1e4a7098596,675a3086cd6c4f2abd63c7d3acd419ca12dbc861,b9974a8f8c017bb8dcd4b62d614209421269020760d78e9d860a074b8cc9561f,aa748e7e398bb4d14b9afc8d4cf7a5ca8d485890223bfcd717e4bb6e950dd4ea,R2_UM_V2_DEPTH_7_selected,e754fc7f5325bb6c9ba805544db3621477b6e7fcee6cbc5a27b57e36d7002a61,validation,P2,2017-03-09,891,810.3482468112597,9d128666480cd3d366ca5e8eec249df48ec3971d9031807d28bb197592d507d3
new_p3_training,True,tuned,UM_V2_DEPTH,7,R2,3cfd389bbd05ec9201a41c0892e29bf8199198d1b216b9a8061370d4240aa583,bd1488a2d411295d7a2118c50ddcc0b158786123613af1676062e2270d1637d1,9cb89005693b1b70c102178849b740fde00b50c9ba5f3b5530d0e5749ea59837,eca954c21da074c545cb7858315ea39fee0a6f54b19e06474b4f2f91f1666847,8b90aa08a2480ce64e3784f1560ad81adcdab8870ccac0c6e424e34745f74c1e,6031dc4ee08b61c58b35b1efd7d764739d5c7c54dc7cbe9e9a72a1e4a7098596,675a3086cd6c4f2abd63c7d3acd419ca12dbc861,b9974a8f8c017bb8dcd4b62d614209421269020760d78e9d860a074b8cc9561f,aa748e7e398bb4d14b9afc8d4cf7a5ca8d485890223bfcd717e4bb6e950dd4ea,R2_UM_V2_DEPTH_7_selected,e754fc7f5325bb6c9ba805544db3621477b6e7fcee6cbc5a27b57e36d7002a61,validation,P2,2017-03-10,891,892.425031040708,59e5a3c6a6e2014fd4d26d818aacdf60305da46009c9d7420495e283694292bb
new_p3_training,True,tuned,UM_V2_DEPTH,7,R2,3cfd389bbd05ec9201a41c0892e29bf8199198d1b216b9a8061370d4240aa583,bd1488a2d411295d7a2118c50ddcc0b158786123613af1676062e2270d1637d1,9cb89005693b1b70c102178849b740fde00b50c9ba5f3b5530d0e5749ea59837,eca954c21da074c545cb7858315ea39fee0a6f54b19e06474b4f2f91f1666847,8b90aa08a2480ce64e3784f1560ad81adcdab8870ccac0c6e424e34745f74c1e,6031dc4ee08b61c58b35b1efd7d764739d5c7c54dc7cbe9e9a72a1e4a7098596,675a3086cd6c4f2abd63c7d3acd419ca12dbc861,b9974a8f8c017bb8dcd4b62d614209421269020760d78e9d860a074b8cc9561f,aa748e7e398bb4d14b9afc8d4cf7a5ca8d485890223bfcd717e4bb6e950dd4ea,R2_UM_V2_DEPTH_7_selected,e754fc7f5325bb6c9ba805544db3621477b6e7fcee6cbc5a27b57e36d7002a61,validation,P2,2017-03-13,891,826.1100563781027,e22242748b79bc12f456355923f90b0561e98742137563f4abb67d37a3d3ef7d
new_p3_training,True,tuned,UM_V2_DEPTH,7,R2,3cfd389bbd05ec9201a41c0892e29bf8199198d1b216b9a8061370d4240aa583,bd1488a2d411295d7a2118c50ddcc0b158786123613af1676062e2270d1637d1,9cb89005693b1b70c102178849b740fde00b50c9ba5f3b5530d0e5749ea59837,eca954c21da074c545cb7858315ea39fee0a6f54b19e06474b4f2f91f1666847,8b90aa08a2480ce64e3784f1560ad81adcdab8870ccac0c6e424e34745f74c1e,6031dc4ee08b61c58b35b1efd7d764739d5c7c54dc7cbe9e9a72a1e4a7098596,675a3086cd6c4f2abd63c7d3acd419ca12dbc861,b9974a8f8c017bb8dcd4b62d614209421269020760d78e9d860a074b8cc9561f,aa748e7e398bb4d14b9afc8d4cf7a5ca8d485890223bfcd717e4bb6e950dd4ea,R2_UM_V2_DEPTH_7_selected,e754fc7f5325bb6c9ba805544db3621477b6e7fcee6cbc5a27b57e36d7002a61,validation,P2,2017-03-14,891,816.4620873793597,e68ce4718afd82fb36762b852c23b4b89e0d4cfa4dedbe31c1bde85d1c6a9f44
new_p3_training,True,tuned,UM_V2_DEPTH,7,R2,3cfd389bbd05ec9201a41c0892e29bf8199198d1b216b9a8061370d4240aa583,bd1488a2d411295d7a2118c50ddcc0b158786123613af1676062e2270d1637d1,9cb89005693b1b70c102178849b740fde00b50c9ba5f3b5530d0e5749ea59837,eca954c21da074c545cb7858315ea39fee0a6f54b19e06474b4f2f91f1666847,8b90aa08a2480ce64e3784f1560ad81adcdab8870ccac0c6e424e34745f74c1e,6031dc4ee08b61c58b35b1efd7d764739d5c7c54dc7cbe9e9a72a1e4a7098596,675a3086cd6c4f2abd63c7d3acd419ca12dbc861,b9974a8f8c017bb8dcd4b62d614209421269020760d78e9d860a074b8cc9561f,aa748e7e398bb4d14b9afc8d4cf7a5ca8d485890223bfcd717e4bb6e950dd4ea,R2_UM_V2_DEPTH_7_selected,e754fc7f5325bb6c9ba805544db3621477b6e7fcee6cbc5a27b57e36d7002a61,validation,P2,2017-03-15,891,826.0952893400588,6cb513d59785198c3bc4bfb0d390fb22fd3ff7364de0aad1c17cd427a01eb955
new_p3_training,True,tuned,UM_V2_DEPTH,7,R2,3cfd389bbd05ec9201a41c0892e29bf8199198d1b216b9a8061370d4240aa583,bd1488a2d411295d7a2118c50ddcc0b158786123613af1676062e2270d1637d1,9cb89005693b1b70c102178849b740fde00b50c9ba5f3b5530d0e5749ea59837,eca954c21da074c545cb7858315ea39fee0a6f54b19e06474b4f2f91f1666847,8b90aa08a2480ce64e3784f1560ad81adcdab8870ccac0c6e424e34745f74c1e,6031dc4ee08b61c58b35b1efd7d764739d5c7c54dc7cbe9e9a72a1e4a7098596,675a3086cd6c4f2abd63c7d3acd419ca12dbc861,b9974a8f8c017bb8dcd4b62d614209421269020760d78e9d860a074b8cc9561f,aa748e7e398bb4d14b9afc8d4cf7a5ca8d485890223bfcd717e4bb6e950dd4ea,R2_UM_V2_DEPTH_7_selected,e754fc7f5325bb6c9ba805544db3621477b6e7fcee6cbc5a27b57e36d7002a61,validation,P2,2017-03-16,891,848.1855268172361,96d6f7907a7c16fb72f7929cabb8c83ae6e6d4b923c47427dc166476ecf8e887
new_p3_training,True,tuned,UM_V2_DEPTH,7,R2,3cfd389bbd05ec9201a41c0892e29bf8199198d1b216b9a8061370d4240aa583,bd1488a2d411295d7a2118c50ddcc0b158786123613af1676062e2270d1637d1,9cb89005693b1b70c102178849b740fde00b50c9ba5f3b5530d0e5749ea59837,eca954c21da074c545cb7858315ea39fee0a6f54b19e06474b4f2f91f1666847,8b90aa08a2480ce64e3784f1560ad81adcdab8870ccac0c6e424e34745f74c1e,6031dc4ee08b61c58b35b1efd7d764739d5c7c54dc7cbe9e9a72a1e4a7098596,675a3086cd6c4f2abd63c7d3acd419ca12dbc861,b9974a8f8c017bb8dcd4b62d614209421269020760d78e9d860a074b8cc9561f,aa748e7e398bb4d14b9afc8d4cf7a5ca8d485890223bfcd717e4bb6e950dd4ea,R2_UM_V2_DEPTH_7_selected,e754fc7f5325bb6c9ba805544db3621477b6e7fcee6cbc5a27b57e36d7002a61,validation,P2,2017-03-17,891,848.2027652303094,1d44d0cc2795579bfcdae78aae942a3e27abf6e502f8a99f8b1a609fbbad902d
new_p3_training,True,tuned,UM_V2_DEPTH,7,R2,3cfd389bbd05ec9201a41c0892e29bf8199198d1b216b9a8061370d4240aa583,bd1488a2d411295d7a2118c50ddcc0b158786123613af1676062e2270d1637d1,9cb89005693b1b70c102178849b740fde00b50c9ba5f3b5530d0e5749ea59837,eca954c21da074c545cb7858315ea39fee0a6f54b19e06474b4f2f91f1666847,8b90aa08a2480ce64e3784f1560ad81adcdab8870ccac0c6e424e34745f74c1e,6031dc4ee08b61c58b35b1efd7d764739d5c7c54dc7cbe9e9a72a1e4a7098596,675a3086cd6c4f2abd63c7d3acd419ca12dbc861,b9974a8f8c017bb8dcd4b62d614209421269020760d78e9d860a074b8cc9561f,aa748e7e398bb4d14b9afc8d4cf7a5ca8d485890223bfcd717e4bb6e950dd4ea,R2_UM_V2_DEPTH_7_selected,e754fc7f5325bb6c9ba805544db3621477b6e7fcee6cbc5a27b57e36d7002a61,validation,P2,2017-03-20,891,773.9893968876077,01cce93648f30b4534c59177fe7f8a9a94fb6fc396a2167318f37004f43a4177
new_p3_training,True,tuned,UM_V2_DEPTH,7,R2,3cfd389bbd05ec9201a41c0892e29bf8199198d1b216b9a8061370d4240aa583,bd1488a2d411295d7a2118c50ddcc0b158786123613af1676062e2270d1637d1,9cb89005693b1b70c102178849b740fde00b50c9ba5f3b5530d0e5749ea59837,eca954c21da074c545cb7858315ea39fee0a6f54b19e06474b4f2f91f1666847,8b90aa08a2480ce64e3784f1560ad81adcdab8870ccac0c6e424e34745f74c1e,6031dc4ee08b61c58b35b1efd7d764739d5c7c54dc7cbe9e9a72a1e4a7098596,675a3086cd6c4f2abd63c7d3acd419ca12dbc861,b9974a8f8c017bb8dcd4b62d614209421269020760d78e9d860a074b8cc9561f,aa748e7e398bb4d14b9afc8d4cf7a5ca8d485890223bfcd717e4bb6e950dd4ea,R2_UM_V2_DEPTH_7_selected,e754fc7f5325bb6c9ba805544db3621477b6e7fcee6cbc5a27b57e36d7002a61,validation,P2,2017-03-21,891,853.4356012504131,c882d931ccb831f410b61e2b6d25df7c09cd373face3a280785bb0403ef7f881
new_p3_training,True,tuned,UM_V2_DEPTH,7,R2,3cfd389bbd05ec9201a41c0892e29bf8199198d1b216b9a8061370d4240aa583,bd1488a2d411295d7a2118c50ddcc0b158786123613af1676062e2270d1637d1,9cb89005693b1b70c102178849b740fde00b50c9ba5f3b5530d0e5749ea59837,eca954c21da074c545cb7858315ea39fee0a6f54b19e06474b4f2f91f1666847,8b90aa08a2480ce64e3784f1560ad81adcdab8870ccac0c6e424e34745f74c1e,6031dc4ee08b61c58b35b1efd7d764739d5c7c54dc7cbe9e9a72a1e4a7098596,675a3086cd6c4f2abd63c7d3acd419ca12dbc861,b9974a8f8c017bb8dcd4b62d614209421269020760d78e9d860a074b8cc9561f,aa748e7e398bb4d14b9afc8d4cf7a5ca8d485890223bfcd717e4bb6e950dd4ea,R2_UM_V2_DEPTH_7_selected,e754fc7f5325bb6c9ba805544db3621477b6e7fcee6cbc5a27b57e36d7002a61,validation,P2,2017-03-22,891,839.5465943180102,9bb76c6c36d26f0615b8588633deb8666eea6fc6aed3b17c406c7b6b70033587
new_p3_training,True,tuned,UM_V2_DEPTH,7,R2,3cfd389bbd05ec9201a41c0892e29bf8199198d1b216b9a8061370d4240aa583,bd1488a2d411295d7a2118c50ddcc0b158786123613af1676062e2270d1637d1,9cb89005693b1b70c102178849b740fde00b50c9ba5f3b5530d0e5749ea59837,eca954c21da074c545cb7858315ea39fee0a6f54b19e06474b4f2f91f1666847,8b90aa08a2480ce64e3784f1560ad81adcdab8870ccac0c6e424e34745f74c1e,6031dc4ee08b61c58b35b1efd7d764739d5c7c54dc7cbe9e9a72a1e4a7098596,675a3086cd6c4f2abd63c7d3acd419ca12dbc861,b9974a8f8c017bb8dcd4b62d614209421269020760d78e9d860a074b8cc9561f,aa748e7e398bb4d14b9afc8d4cf7a5ca8d485890223bfcd717e4bb6e950dd4ea,R2_UM_V2_DEPTH_7_selected,e754fc7f5325bb6c9ba805544db3621477b6e7fcee6cbc5a27b57e36d7002a61,validation,P2,2017-03-23,891,840.1595552724575,81ff3f7e86acc3cad506b2239a8963618685da180a13307d6f120bcdb903de28
new_p3_training,True,tuned,UM_V2_DEPTH,7,R2,3cfd389bbd05ec9201a41c0892e29bf8199198d1b216b9a8061370d4240aa583,bd1488a2d411295d7a2118c50ddcc0b158786123613af1676062e2270d1637d1,9cb89005693b1b70c102178849b740fde00b50c9ba5f3b5530d0e5749ea59837,eca954c21da074c545cb7858315ea39fee0a6f54b19e06474b4f2f91f1666847,8b90aa08a2480ce64e3784f1560ad81adcdab8870ccac0c6e424e34745f74c1e,6031dc4ee08b61c58b35b1efd7d764739d5c7c54dc7cbe9e9a72a1e4a7098596,675a3086cd6c4f2abd63c7d3acd419ca12dbc861,b9974a8f8c017bb8dcd4b62d614209421269020760d78e9d860a074b8cc9561f,aa748e7e398bb4d14b9afc8d4cf7a5ca8d485890223bfcd717e4bb6e950dd4ea,R2_UM_V2_DEPTH_7_selected,e754fc7f5325bb6c9ba805544db3621477b6e7fcee6cbc5a27b57e36d7002a61,validation,P3,2017-01-11,889,848.742683598734,5b3a525792074d8a655cb33208bf59e03fe78b807a8e2b2860218a984456452d
new_p3_training,True,tuned,UM_V2_DEPTH,7,R2,3cfd389bbd05ec9201a41c0892e29bf8199198d1b216b9a8061370d4240aa583,bd1488a2d411295d7a2118c50ddcc0b158786123613af1676062e2270d1637d1,9cb89005693b1b70c102178849b740fde00b50c9ba5f3b5530d0e5749ea59837,eca954c21da074c545cb7858315ea39fee0a6f54b19e06474b4f2f91f1666847,8b90aa08a2480ce64e3784f1560ad81adcdab8870ccac0c6e424e34745f74c1e,6031dc4ee08b61c58b35b1efd7d764739d5c7c54dc7cbe9e9a72a1e4a7098596,675a3086cd6c4f2abd63c7d3acd419ca12dbc861,b9974a8f8c017bb8dcd4b62d614209421269020760d78e9d860a074b8cc9561f,aa748e7e398bb4d14b9afc8d4cf7a5ca8d485890223bfcd717e4bb6e950dd4ea,R2_UM_V2_DEPTH_7_selected,e754fc7f5325bb6c9ba805544db3621477b6e7fcee6cbc5a27b57e36d7002a61,validation,P3,2017-01-12,877,795.7691185252054,4b7b66d194ed50e7f59819dd8cc13c00d1ba03b33ef3ff760aa3f4c90d6962db
new_p3_training,True,tuned,UM_V2_DEPTH,7,R2,3cfd389bbd05ec9201a41c0892e29bf8199198d1b216b9a8061370d4240aa583,bd1488a2d411295d7a2118c50ddcc0b158786123613af1676062e2270d1637d1,9cb89005693b1b70c102178849b740fde00b50c9ba5f3b5530d0e5749ea59837,eca954c21da074c545cb7858315ea39fee0a6f54b19e06474b4f2f91f1666847,8b90aa08a2480ce64e3784f1560ad81adcdab8870ccac0c6e424e34745f74c1e,6031dc4ee08b61c58b35b1efd7d764739d5c7c54dc7cbe9e9a72a1e4a7098596,675a3086cd6c4f2abd63c7d3acd419ca12dbc861,b9974a8f8c017bb8dcd4b62d614209421269020760d78e9d860a074b8cc9561f,aa748e7e398bb4d14b9afc8d4cf7a5ca8d485890223bfcd717e4bb6e950dd4ea,R2_UM_V2_DEPTH_7_selected,e754fc7f5325bb6c9ba805544db3621477b6e7fcee6cbc5a27b57e36d7002a61,validation,P3,2017-01-13,884,793.047366474788,d851cbeecfdcb0bfc604b7cae9ee2b139eb124f6a27c0256bd25522a7115b009
new_p3_training,True,tuned,UM_V2_DEPTH,7,R2,3cfd389bbd05ec9201a41c0892e29bf8199198d1b216b9a8061370d4240aa583,bd1488a2d411295d7a2118c50ddcc0b158786123613af1676062e2270d1637d1,9cb89005693b1b70c102178849b740fde00b50c9ba5f3b5530d0e5749ea59837,eca954c21da074c545cb7858315ea39fee0a6f54b19e06474b4f2f91f1666847,8b90aa08a2480ce64e3784f1560ad81adcdab8870ccac0c6e424e34745f74c1e,6031dc4ee08b61c58b35b1efd7d764739d5c7c54dc7cbe9e9a72a1e4a7098596,675a3086cd6c4f2abd63c7d3acd419ca12dbc861,b9974a8f8c017bb8dcd4b62d614209421269020760d78e9d860a074b8cc9561f,aa748e7e398bb4d14b9afc8d4cf7a5ca8d485890223bfcd717e4bb6e950dd4ea,R2_UM_V2_DEPTH_7_selected,e754fc7f5325bb6c9ba805544db3621477b6e7fcee6cbc5a27b57e36d7002a61,validation,P3,2017-01-16,887,812.9047263083801,9f5454ad95f79aaff56892c345d7ecc7c01af950f192c8b41cd2cf457e75aff7
new_p3_training,True,tuned,UM_V2_DEPTH,7,R2,3cfd389bbd05ec9201a41c0892e29bf8199198d1b216b9a8061370d4240aa583,bd1488a2d411295d7a2118c50ddcc0b158786123613af1676062e2270d1637d1,9cb89005693b1b70c102178849b740fde00b50c9ba5f3b5530d0e5749ea59837,eca954c21da074c545cb7858315ea39fee0a6f54b19e06474b4f2f91f1666847,8b90aa08a2480ce64e3784f1560ad81adcdab8870ccac0c6e424e34745f74c1e,6031dc4ee08b61c58b35b1efd7d764739d5c7c54dc7cbe9e9a72a1e4a7098596,675a3086cd6c4f2abd63c7d3acd419ca12dbc861,b9974a8f8c017bb8dcd4b62d614209421269020760d78e9d860a074b8cc9561f,aa748e7e398bb4d14b9afc8d4cf7a5ca8d485890223bfcd717e4bb6e950dd4ea,R2_UM_V2_DEPTH_7_selected,e754fc7f5325bb6c9ba805544db3621477b6e7fcee6cbc5a27b57e36d7002a61,validation,P3,2017-01-17,885,797.8357113795797,8c354aeb9a77bd39a0f713ef82d70b0f0f7bc2e9a73717cd9e53fd51d5bbe27c
new_p3_training,True,tuned,UM_V2_DEPTH,7,R2,3cfd389bbd05ec9201a41c0892e29bf8199198d1b216b9a8061370d4240aa583,bd1488a2d411295d7a2118c50ddcc0b158786123613af1676062e2270d1637d1,9cb89005693b1b70c102178849b740fde00b50c9ba5f3b5530d0e5749ea59837,eca954c21da074c545cb7858315ea39fee0a6f54b19e06474b4f2f91f1666847,8b90aa08a2480ce64e3784f1560ad81adcdab8870ccac0c6e424e34745f74c1e,6031dc4ee08b61c58b35b1efd7d764739d5c7c54dc7cbe9e9a72a1e4a7098596,675a3086cd6c4f2abd63c7d3acd419ca12dbc861,b9974a8f8c017bb8dcd4b62d614209421269020760d78e9d860a074b8cc9561f,aa748e7e398bb4d14b9afc8d4cf7a5ca8d485890223bfcd717e4bb6e950dd4ea,R2_UM_V2_DEPTH_7_selected,e754fc7f5325bb6c9ba805544db3621477b6e7fcee6cbc5a27b57e36d7002a61,validation,P3,2017-01-18,884,811.4236715169551,80ee84e905656b6f3066366066d4f83b7e6eb8a6d14aabfc55e73cdf7b01a368
new_p3_training,True,tuned,UM_V2_DEPTH,7,R2,3cfd389bbd05ec9201a41c0892e29bf8199198d1b216b9a8061370d4240aa583,bd1488a2d411295d7a2118c50ddcc0b158786123613af1676062e2270d1637d1,9cb89005693b1b70c102178849b740fde00b50c9ba5f3b5530d0e5749ea59837,eca954c21da074c545cb7858315ea39fee0a6f54b19e06474b4f2f91f1666847,8b90aa08a2480ce64e3784f1560ad81adcdab8870ccac0c6e424e34745f74c1e,6031dc4ee08b61c58b35b1efd7d764739d5c7c54dc7cbe9e9a72a1e4a7098596,675a3086cd6c4f2abd63c7d3acd419ca12dbc861,b9974a8f8c017bb8dcd4b62d614209421269020760d78e9d860a074b8cc9561f,aa748e7e398bb4d14b9afc8d4cf7a5ca8d485890223bfcd717e4bb6e950dd4ea,R2_UM_V2_DEPTH_7_selected,e754fc7f5325bb6c9ba805544db3621477b6e7fcee6cbc5a27b57e36d7002a61,validation,P3,2017-01-19,883,850.2396961721123,0cc46e287cc200597fd26e91f39650a5b257f22565d2638507b902e52db12908
new_p3_training,True,tuned,UM_V2_DEPTH,7,R2,3cfd389bbd05ec9201a41c0892e29bf8199198d1b216b9a8061370d4240aa583,bd1488a2d411295d7a2118c50ddcc0b158786123613af1676062e2270d1637d1,9cb89005693b1b70c102178849b740fde00b50c9ba5f3b5530d0e5749ea59837,eca954c21da074c545cb7858315ea39fee0a6f54b19e06474b4f2f91f1666847,8b90aa08a2480ce64e3784f1560ad81adcdab8870ccac0c6e424e34745f74c1e,6031dc4ee08b61c58b35b1efd7d764739d5c7c54dc7cbe9e9a72a1e4a7098596,675a3086cd6c4f2abd63c7d3acd419ca12dbc861,b9974a8f8c017bb8dcd4b62d614209421269020760d78e9d860a074b8cc9561f,aa748e7e398bb4d14b9afc8d4cf7a5ca8d485890223bfcd717e4bb6e950dd4ea,R2_UM_V2_DEPTH_7_selected,e754fc7f5325bb6c9ba805544db3621477b6e7fcee6cbc5a27b57e36d7002a61,validation,P3,2017-01-20,885,788.174056792884,59b001cd69cf4f6b8beea73091b250f24c8c626361e5ea28e252a5edf3415847
new_p3_training,True,tuned,UM_V2_DEPTH,7,R2,3cfd389bbd05ec9201a41c0892e29bf8199198d1b216b9a8061370d4240aa583,bd1488a2d411295d7a2118c50ddcc0b158786123613af1676062e2270d1637d1,9cb89005693b1b70c102178849b740fde00b50c9ba5f3b5530d0e5749ea59837,eca954c21da074c545cb7858315ea39fee0a6f54b19e06474b4f2f91f1666847,8b90aa08a2480ce64e3784f1560ad81adcdab8870ccac0c6e424e34745f74c1e,6031dc4ee08b61c58b35b1efd7d764739d5c7c54dc7cbe9e9a72a1e4a7098596,675a3086cd6c4f2abd63c7d3acd419ca12dbc861,b9974a8f8c017bb8dcd4b62d614209421269020760d78e9d860a074b8cc9561f,aa748e7e398bb4d14b9afc8d4cf7a5ca8d485890223bfcd717e4bb6e950dd4ea,R2_UM_V2_DEPTH_7_selected,e754fc7f5325bb6c9ba805544db3621477b6e7fcee6cbc5a27b57e36d7002a61,validation,P3,2017-01-23,878,783.954038979327,3d33593a9eb451e68afb261f73140cf422b3c0778ec504fd052d3e53e02f581b
new_p3_training,True,tuned,UM_V2_DEPTH,7,R2,3cfd389bbd05ec9201a41c0892e29bf8199198d1b216b9a8061370d4240aa583,bd1488a2d411295d7a2118c50ddcc0b158786123613af1676062e2270d1637d1,9cb89005693b1b70c102178849b740fde00b50c9ba5f3b5530d0e5749ea59837,eca954c21da074c545cb7858315ea39fee0a6f54b19e06474b4f2f91f1666847,8b90aa08a2480ce64e3784f1560ad81adcdab8870ccac0c6e424e34745f74c1e,6031dc4ee08b61c58b35b1efd7d764739d5c7c54dc7cbe9e9a72a1e4a7098596,675a3086cd6c4f2abd63c7d3acd419ca12dbc861,b9974a8f8c017bb8dcd4b62d614209421269020760d78e9d860a074b8cc9561f,aa748e7e398bb4d14b9afc8d4cf7a5ca8d485890223bfcd717e4bb6e950dd4ea,R2_UM_V2_DEPTH_7_selected,e754fc7f5325bb6c9ba805544db3621477b6e7fcee6cbc5a27b57e36d7002a61,validation,P3,2017-01-24,875,761.694122470544,40cea533d9fb9a4b087cc55201b0f8d046dd4361c844ced71c2aa304eacad34a
new_p3_training,True,tuned,UM_V2_DEPTH,7,R2,3cfd389bbd05ec9201a41c0892e29bf8199198d1b216b9a8061370d4240aa583,bd1488a2d411295d7a2118c50ddcc0b158786123613af1676062e2270d1637d1,9cb89005693b1b70c102178849b740fde00b50c9ba5f3b5530d0e5749ea59837,eca954c21da074c545cb7858315ea39fee0a6f54b19e06474b4f2f91f1666847,8b90aa08a2480ce64e3784f1560ad81adcdab8870ccac0c6e424e34745f74c1e,6031dc4ee08b61c58b35b1efd7d764739d5c7c54dc7cbe9e9a72a1e4a7098596,675a3086cd6c4f2abd63c7d3acd419ca12dbc861,b9974a8f8c017bb8dcd4b62d614209421269020760d78e9d860a074b8cc9561f,aa748e7e398bb4d14b9afc8d4cf7a5ca8d485890223bfcd717e4bb6e950dd4ea,R2_UM_V2_DEPTH_7_selected,e754fc7f5325bb6c9ba805544db3621477b6e7fcee6cbc5a27b57e36d7002a61,validation,P3,2017-01-25,881,789.7831894118094,d5d11e4dc8e674204624edbd6185b1494c1233d9e49e1a791fdc48a476134efe
new_p3_training,True,tuned,UM_V2_DEPTH,7,R2,3cfd389bbd05ec9201a41c0892e29bf8199198d1b216b9a8061370d4240aa583,bd1488a2d411295d7a2118c50ddcc0b158786123613af1676062e2270d1637d1,9cb89005693b1b70c102178849b740fde00b50c9ba5f3b5530d0e5749ea59837,eca954c21da074c545cb7858315ea39fee0a6f54b19e06474b4f2f91f1666847,8b90aa08a2480ce64e3784f1560ad81adcdab8870ccac0c6e424e34745f74c1e,6031dc4ee08b61c58b35b1efd7d764739d5c7c54dc7cbe9e9a72a1e4a7098596,675a3086cd6c4f2abd63c7d3acd419ca12dbc861,b9974a8f8c017bb8dcd4b62d614209421269020760d78e9d860a074b8cc9561f,aa748e7e398bb4d14b9afc8d4cf7a5ca8d485890223bfcd717e4bb6e950dd4ea,R2_UM_V2_DEPTH_7_selected,e754fc7f5325bb6c9ba805544db3621477b6e7fcee6cbc5a27b57e36d7002a61,validation,P3,2017-01-26,874,816.9423605332211,502db8df3ae244469ca1dacb518523809293adee64d5c1b447394c22bf9e1308
new_p3_training,True,tuned,UM_V2_DEPTH,7,R2,3cfd389bbd05ec9201a41c0892e29bf8199198d1b216b9a8061370d4240aa583,bd1488a2d411295d7a2118c50ddcc0b158786123613af1676062e2270d1637d1,9cb89005693b1b70c102178849b740fde00b50c9ba5f3b5530d0e5749ea59837,eca954c21da074c545cb7858315ea39fee0a6f54b19e06474b4f2f91f1666847,8b90aa08a2480ce64e3784f1560ad81adcdab8870ccac0c6e424e34745f74c1e,6031dc4ee08b61c58b35b1efd7d764739d5c7c54dc7cbe9e9a72a1e4a7098596,675a3086cd6c4f2abd63c7d3acd419ca12dbc861,b9974a8f8c017bb8dcd4b62d614209421269020760d78e9d860a074b8cc9561f,aa748e7e398bb4d14b9afc8d4cf7a5ca8d485890223bfcd717e4bb6e950dd4ea,R2_UM_V2_DEPTH_7_selected,e754fc7f5325bb6c9ba805544db3621477b6e7fcee6cbc5a27b57e36d7002a61,validation,P3,2017-01-31,885,813.3708741022685,71f3ba65ae4062b3a8d13202290d489ddeafaec53f7c1765905b2be1e90d0f1b
new_p3_training,True,tuned,UM_V2_DEPTH,7,R2,3cfd389bbd05ec9201a41c0892e29bf8199198d1b216b9a8061370d4240aa583,bd1488a2d411295d7a2118c50ddcc0b158786123613af1676062e2270d1637d1,9cb89005693b1b70c102178849b740fde00b50c9ba5f3b5530d0e5749ea59837,eca954c21da074c545cb7858315ea39fee0a6f54b19e06474b4f2f91f1666847,8b90aa08a2480ce64e3784f1560ad81adcdab8870ccac0c6e424e34745f74c1e,6031dc4ee08b61c58b35b1efd7d764739d5c7c54dc7cbe9e9a72a1e4a7098596,675a3086cd6c4f2abd63c7d3acd419ca12dbc861,b9974a8f8c017bb8dcd4b62d614209421269020760d78e9d860a074b8cc9561f,aa748e7e398bb4d14b9afc8d4cf7a5ca8d485890223bfcd717e4bb6e950dd4ea,R2_UM_V2_DEPTH_7_selected,e754fc7f5325bb6c9ba805544db3621477b6e7fcee6cbc5a27b57e36d7002a61,validation,P3,2017-02-01,889,784.5967222075452,d278f2f40610d4d0a49da9f250467410ac725ed5a8e4be1022966af9d99c43d4
new_p3_training,True,tuned,UM_V2_DEPTH,7,R2,3cfd389bbd05ec9201a41c0892e29bf8199198d1b216b9a8061370d4240aa583,bd1488a2d411295d7a2118c50ddcc0b158786123613af1676062e2270d1637d1,9cb89005693b1b70c102178849b740fde00b50c9ba5f3b5530d0e5749ea59837,eca954c21da074c545cb7858315ea39fee0a6f54b19e06474b4f2f91f1666847,8b90aa08a2480ce64e3784f1560ad81adcdab8870ccac0c6e424e34745f74c1e,6031dc4ee08b61c58b35b1efd7d764739d5c7c54dc7cbe9e9a72a1e4a7098596,675a3086cd6c4f2abd63c7d3acd419ca12dbc861,b9974a8f8c017bb8dcd4b62d614209421269020760d78e9d860a074b8cc9561f,aa748e7e398bb4d14b9afc8d4cf7a5ca8d485890223bfcd717e4bb6e950dd4ea,R2_UM_V2_DEPTH_7_selected,e754fc7f5325bb6c9ba805544db3621477b6e7fcee6cbc5a27b57e36d7002a61,validation,P3,2017-02-02,887,821.0650912853637,234d224b718416a94813ee82fd7c534bafee7932d08bf2a0aa2085eb89ad613d
new_p3_training,True,tuned,UM_V2_DEPTH,7,R2,3cfd389bbd05ec9201a41c0892e29bf8199198d1b216b9a8061370d4240aa583,bd1488a2d411295d7a2118c50ddcc0b158786123613af1676062e2270d1637d1,9cb89005693b1b70c102178849b740fde00b50c9ba5f3b5530d0e5749ea59837,eca954c21da074c545cb7858315ea39fee0a6f54b19e06474b4f2f91f1666847,8b90aa08a2480ce64e3784f1560ad81adcdab8870ccac0c6e424e34745f74c1e,6031dc4ee08b61c58b35b1efd7d764739d5c7c54dc7cbe9e9a72a1e4a7098596,675a3086cd6c4f2abd63c7d3acd419ca12dbc861,b9974a8f8c017bb8dcd4b62d614209421269020760d78e9d860a074b8cc9561f,aa748e7e398bb4d14b9afc8d4cf7a5ca8d485890223bfcd717e4bb6e950dd4ea,R2_UM_V2_DEPTH_7_selected,e754fc7f5325bb6c9ba805544db3621477b6e7fcee6cbc5a27b57e36d7002a61,validation,P3,2017-02-03,883,799.8221978702529,08151cca6111612a12f5d9d499aa1d3237916b749d4faefa7ffccacdc3687ba4
new_p3_training,True,tuned,UM_V2_DEPTH,7,R2,3cfd389bbd05ec9201a41c0892e29bf8199198d1b216b9a8061370d4240aa583,bd1488a2d411295d7a2118c50ddcc0b158786123613af1676062e2270d1637d1,9cb89005693b1b70c102178849b740fde00b50c9ba5f3b5530d0e5749ea59837,eca954c21da074c545cb7858315ea39fee0a6f54b19e06474b4f2f91f1666847,8b90aa08a2480ce64e3784f1560ad81adcdab8870ccac0c6e424e34745f74c1e,6031dc4ee08b61c58b35b1efd7d764739d5c7c54dc7cbe9e9a72a1e4a7098596,675a3086cd6c4f2abd63c7d3acd419ca12dbc861,b9974a8f8c017bb8dcd4b62d614209421269020760d78e9d860a074b8cc9561f,aa748e7e398bb4d14b9afc8d4cf7a5ca8d485890223bfcd717e4bb6e950dd4ea,R2_UM_V2_DEPTH_7_selected,e754fc7f5325bb6c9ba805544db3621477b6e7fcee6cbc5a27b57e36d7002a61,validation,P3,2017-02-06,885,807.4381788155101,13d2cc4009cbb4fa05aca61f95da9d5a1b47e645a68a7017aa1d242c69f03172
new_p3_training,True,tuned,UM_V2_DEPTH,7,R2,3cfd389bbd05ec9201a41c0892e29bf8199198d1b216b9a8061370d4240aa583,bd1488a2d411295d7a2118c50ddcc0b158786123613af1676062e2270d1637d1,9cb89005693b1b70c102178849b740fde00b50c9ba5f3b5530d0e5749ea59837,eca954c21da074c545cb7858315ea39fee0a6f54b19e06474b4f2f91f1666847,8b90aa08a2480ce64e3784f1560ad81adcdab8870ccac0c6e424e34745f74c1e,6031dc4ee08b61c58b35b1efd7d764739d5c7c54dc7cbe9e9a72a1e4a7098596,675a3086cd6c4f2abd63c7d3acd419ca12dbc861,b9974a8f8c017bb8dcd4b62d614209421269020760d78e9d860a074b8cc9561f,aa748e7e398bb4d14b9afc8d4cf7a5ca8d485890223bfcd717e4bb6e950dd4ea,R2_UM_V2_DEPTH_7_selected,e754fc7f5325bb6c9ba805544db3621477b6e7fcee6cbc5a27b57e36d7002a61,validation,P3,2017-02-07,887,805.4296266283291,f5ed76d1cea18ccc9605cf118ab0535136305848e3e8de20dbd4ce6bb7c1cd99
new_p3_training,True,tuned,UM_V2_DEPTH,7,R2,3cfd389bbd05ec9201a41c0892e29bf8199198d1b216b9a8061370d4240aa583,bd1488a2d411295d7a2118c50ddcc0b158786123613af1676062e2270d1637d1,9cb89005693b1b70c102178849b740fde00b50c9ba5f3b5530d0e5749ea59837,eca954c21da074c545cb7858315ea39fee0a6f54b19e06474b4f2f91f1666847,8b90aa08a2480ce64e3784f1560ad81adcdab8870ccac0c6e424e34745f74c1e,6031dc4ee08b61c58b35b1efd7d764739d5c7c54dc7cbe9e9a72a1e4a7098596,675a3086cd6c4f2abd63c7d3acd419ca12dbc861,b9974a8f8c017bb8dcd4b62d614209421269020760d78e9d860a074b8cc9561f,aa748e7e398bb4d14b9afc8d4cf7a5ca8d485890223bfcd717e4bb6e950dd4ea,R2_UM_V2_DEPTH_7_selected,e754fc7f5325bb6c9ba805544db3621477b6e7fcee6cbc5a27b57e36d7002a61,validation,P3,2017-02-08,883,855.4695233085088,5bc49b13b976444a509acd1ce31e3286da4b1330a4490ed2e9fede30f0ab8b64
new_p3_training,True,tuned,UM_V2_DEPTH,7,R2,3cfd389bbd05ec9201a41c0892e29bf8199198d1b216b9a8061370d4240aa583,bd1488a2d411295d7a2118c50ddcc0b158786123613af1676062e2270d1637d1,9cb89005693b1b70c102178849b740fde00b50c9ba5f3b5530d0e5749ea59837,eca954c21da074c545cb7858315ea39fee0a6f54b19e06474b4f2f91f1666847,8b90aa08a2480ce64e3784f1560ad81adcdab8870ccac0c6e424e34745f74c1e,6031dc4ee08b61c58b35b1efd7d764739d5c7c54dc7cbe9e9a72a1e4a7098596,675a3086cd6c4f2abd63c7d3acd419ca12dbc861,b9974a8f8c017bb8dcd4b62d614209421269020760d78e9d860a074b8cc9561f,aa748e7e398bb4d14b9afc8d4cf7a5ca8d485890223bfcd717e4bb6e950dd4ea,R2_UM_V2_DEPTH_7_selected,e754fc7f5325bb6c9ba805544db3621477b6e7fcee6cbc5a27b57e36d7002a61,validation,P3,2017-02-09,871,795.663805312869,baf0a3009a0c6c5caf580ed5e73d68ff70547efc7be0bcbce8bebc51d2b2341b
new_p3_training,True,tuned,UM_V2_DEPTH,7,R2,3cfd389bbd05ec9201a41c0892e29bf8199198d1b216b9a8061370d4240aa583,bd1488a2d411295d7a2118c50ddcc0b158786123613af1676062e2270d1637d1,9cb89005693b1b70c102178849b740fde00b50c9ba5f3b5530d0e5749ea59837,eca954c21da074c545cb7858315ea39fee0a6f54b19e06474b4f2f91f1666847,8b90aa08a2480ce64e3784f1560ad81adcdab8870ccac0c6e424e34745f74c1e,6031dc4ee08b61c58b35b1efd7d764739d5c7c54dc7cbe9e9a72a1e4a7098596,675a3086cd6c4f2abd63c7d3acd419ca12dbc861,b9974a8f8c017bb8dcd4b62d614209421269020760d78e9d860a074b8cc9561f,aa748e7e398bb4d14b9afc8d4cf7a5ca8d485890223bfcd717e4bb6e950dd4ea,R2_UM_V2_DEPTH_7_selected,e754fc7f5325bb6c9ba805544db3621477b6e7fcee6cbc5a27b57e36d7002a61,validation,P3,2017-02-10,871,759.7940197571095,59262025474919e6f74d3229d4a9c252478522ab7bb47a3e93d9083ab3dc5ca1
new_p3_training,True,tuned,UM_V2_DEPTH,7,R2,3cfd389bbd05ec9201a41c0892e29bf8199198d1b216b9a8061370d4240aa583,bd1488a2d411295d7a2118c50ddcc0b158786123613af1676062e2270d1637d1,9cb89005693b1b70c102178849b740fde00b50c9ba5f3b5530d0e5749ea59837,eca954c21da074c545cb7858315ea39fee0a6f54b19e06474b4f2f91f1666847,8b90aa08a2480ce64e3784f1560ad81adcdab8870ccac0c6e424e34745f74c1e,6031dc4ee08b61c58b35b1efd7d764739d5c7c54dc7cbe9e9a72a1e4a7098596,675a3086cd6c4f2abd63c7d3acd419ca12dbc861,b9974a8f8c017bb8dcd4b62d614209421269020760d78e9d860a074b8cc9561f,aa748e7e398bb4d14b9afc8d4cf7a5ca8d485890223bfcd717e4bb6e950dd4ea,R2_UM_V2_DEPTH_7_selected,e754fc7f5325bb6c9ba805544db3621477b6e7fcee6cbc5a27b57e36d7002a61,validation,P3,2017-02-13,885,730.657036981953,e72e75d045905eff7477647dc62e9d18900e67e56a1d84e7c6891bd32a4a49ca
new_p3_training,True,tuned,UM_V2_DEPTH,7,R2,3cfd389bbd05ec9201a41c0892e29bf8199198d1b216b9a8061370d4240aa583,bd1488a2d411295d7a2118c50ddcc0b158786123613af1676062e2270d1637d1,9cb89005693b1b70c102178849b740fde00b50c9ba5f3b5530d0e5749ea59837,eca954c21da074c545cb7858315ea39fee0a6f54b19e06474b4f2f91f1666847,8b90aa08a2480ce64e3784f1560ad81adcdab8870ccac0c6e424e34745f74c1e,6031dc4ee08b61c58b35b1efd7d764739d5c7c54dc7cbe9e9a72a1e4a7098596,675a3086cd6c4f2abd63c7d3acd419ca12dbc861,b9974a8f8c017bb8dcd4b62d614209421269020760d78e9d860a074b8cc9561f,aa748e7e398bb4d14b9afc8d4cf7a5ca8d485890223bfcd717e4bb6e950dd4ea,R2_UM_V2_DEPTH_7_selected,e754fc7f5325bb6c9ba805544db3621477b6e7fcee6cbc5a27b57e36d7002a61,validation,P3,2017-02-14,884,753.579868885902,e7cf1fe4cf5cf8269096ba03d7fe2db84290fa73d7b9ebd6eb2c89b1221eecee
new_p3_training,True,tuned,UM_V2_DEPTH,7,R2,3cfd389bbd05ec9201a41c0892e29bf8199198d1b216b9a8061370d4240aa583,bd1488a2d411295d7a2118c50ddcc0b158786123613af1676062e2270d1637d1,9cb89005693b1b70c102178849b740fde00b50c9ba5f3b5530d0e5749ea59837,eca954c21da074c545cb7858315ea39fee0a6f54b19e06474b4f2f91f1666847,8b90aa08a2480ce64e3784f1560ad81adcdab8870ccac0c6e424e34745f74c1e,6031dc4ee08b61c58b35b1efd7d764739d5c7c54dc7cbe9e9a72a1e4a7098596,675a3086cd6c4f2abd63c7d3acd419ca12dbc861,b9974a8f8c017bb8dcd4b62d614209421269020760d78e9d860a074b8cc9561f,aa748e7e398bb4d14b9afc8d4cf7a5ca8d485890223bfcd717e4bb6e950dd4ea,R2_UM_V2_DEPTH_7_selected,e754fc7f5325bb6c9ba805544db3621477b6e7fcee6cbc5a27b57e36d7002a61,validation,P3,2017-02-15,884,827.2395466243239,c4fcc7aeb006d85669ac2a9f362bfe9e5c100d01730aafad09f310f78f8fdec6
new_p3_training,True,tuned,UM_V2_DEPTH,7,R2,3cfd389bbd05ec9201a41c0892e29bf8199198d1b216b9a8061370d4240aa583,bd1488a2d411295d7a2118c50ddcc0b158786123613af1676062e2270d1637d1,9cb89005693b1b70c102178849b740fde00b50c9ba5f3b5530d0e5749ea59837,eca954c21da074c545cb7858315ea39fee0a6f54b19e06474b4f2f91f1666847,8b90aa08a2480ce64e3784f1560ad81adcdab8870ccac0c6e424e34745f74c1e,6031dc4ee08b61c58b35b1efd7d764739d5c7c54dc7cbe9e9a72a1e4a7098596,675a3086cd6c4f2abd63c7d3acd419ca12dbc861,b9974a8f8c017bb8dcd4b62d614209421269020760d78e9d860a074b8cc9561f,aa748e7e398bb4d14b9afc8d4cf7a5ca8d485890223bfcd717e4bb6e950dd4ea,R2_UM_V2_DEPTH_7_selected,e754fc7f5325bb6c9ba805544db3621477b6e7fcee6cbc5a27b57e36d7002a61,validation,P3,2017-02-16,878,834.991966773362,06197a05dcfec4a854284abb8c2f91199dea4793ec394b144e16227931bb3b2e
new_p3_training,True,tuned,UM_V2_DEPTH,7,R2,3cfd389bbd05ec9201a41c0892e29bf8199198d1b216b9a8061370d4240aa583,bd1488a2d411295d7a2118c50ddcc0b158786123613af1676062e2270d1637d1,9cb89005693b1b70c102178849b740fde00b50c9ba5f3b5530d0e5749ea59837,eca954c21da074c545cb7858315ea39fee0a6f54b19e06474b4f2f91f1666847,8b90aa08a2480ce64e3784f1560ad81adcdab8870ccac0c6e424e34745f74c1e,6031dc4ee08b61c58b35b1efd7d764739d5c7c54dc7cbe9e9a72a1e4a7098596,675a3086cd6c4f2abd63c7d3acd419ca12dbc861,b9974a8f8c017bb8dcd4b62d614209421269020760d78e9d860a074b8cc9561f,aa748e7e398bb4d14b9afc8d4cf7a5ca8d485890223bfcd717e4bb6e950dd4ea,R2_UM_V2_DEPTH_7_selected,e754fc7f5325bb6c9ba805544db3621477b6e7fcee6cbc5a27b57e36d7002a61,validation,P3,2017-02-17,883,779.6825729888147,64f20800b83b1c30d6d445560cb20e034f4968d0cb775fe3d9a90d39e74fa666
new_p3_training,True,tuned,UM_V2_DEPTH,7,R2,3cfd389bbd05ec9201a41c0892e29bf8199198d1b216b9a8061370d4240aa583,bd1488a2d411295d7a2118c50ddcc0b158786123613af1676062e2270d1637d1,9cb89005693b1b70c102178849b740fde00b50c9ba5f3b5530d0e5749ea59837,eca954c21da074c545cb7858315ea39fee0a6f54b19e06474b4f2f91f1666847,8b90aa08a2480ce64e3784f1560ad81adcdab8870ccac0c6e424e34745f74c1e,6031dc4ee08b61c58b35b1efd7d764739d5c7c54dc7cbe9e9a72a1e4a7098596,675a3086cd6c4f2abd63c7d3acd419ca12dbc861,b9974a8f8c017bb8dcd4b62d614209421269020760d78e9d860a074b8cc9561f,aa748e7e398bb4d14b9afc8d4cf7a5ca8d485890223bfcd717e4bb6e950dd4ea,R2_UM_V2_DEPTH_7_selected,e754fc7f5325bb6c9ba805544db3621477b6e7fcee6cbc5a27b57e36d7002a61,validation,P3,2017-02-20,868,749.9473474302335,9965c14ceba9311a658e3c5b186098ddf42c71b66b59841921ec0eab323ac548
new_p3_training,True,tuned,UM_V2_DEPTH,7,R2,3cfd389bbd05ec9201a41c0892e29bf8199198d1b216b9a8061370d4240aa583,bd1488a2d411295d7a2118c50ddcc0b158786123613af1676062e2270d1637d1,9cb89005693b1b70c102178849b740fde00b50c9ba5f3b5530d0e5749ea59837,eca954c21da074c545cb7858315ea39fee0a6f54b19e06474b4f2f91f1666847,8b90aa08a2480ce64e3784f1560ad81adcdab8870ccac0c6e424e34745f74c1e,6031dc4ee08b61c58b35b1efd7d764739d5c7c54dc7cbe9e9a72a1e4a7098596,675a3086cd6c4f2abd63c7d3acd419ca12dbc861,b9974a8f8c017bb8dcd4b62d614209421269020760d78e9d860a074b8cc9561f,aa748e7e398bb4d14b9afc8d4cf7a5ca8d485890223bfcd717e4bb6e950dd4ea,R2_UM_V2_DEPTH_7_selected,e754fc7f5325bb6c9ba805544db3621477b6e7fcee6cbc5a27b57e36d7002a61,validation,P3,2017-02-21,876,801.8215482606549,2346a591d96282399954495789e73833ff3492eec8ddf4f3621cd9b0787cb181
new_p3_training,True,tuned,UM_V2_DEPTH,7,R2,3cfd389bbd05ec9201a41c0892e29bf8199198d1b216b9a8061370d4240aa583,bd1488a2d411295d7a2118c50ddcc0b158786123613af1676062e2270d1637d1,9cb89005693b1b70c102178849b740fde00b50c9ba5f3b5530d0e5749ea59837,eca954c21da074c545cb7858315ea39fee0a6f54b19e06474b4f2f91f1666847,8b90aa08a2480ce64e3784f1560ad81adcdab8870ccac0c6e424e34745f74c1e,6031dc4ee08b61c58b35b1efd7d764739d5c7c54dc7cbe9e9a72a1e4a7098596,675a3086cd6c4f2abd63c7d3acd419ca12dbc861,b9974a8f8c017bb8dcd4b62d614209421269020760d78e9d860a074b8cc9561f,aa748e7e398bb4d14b9afc8d4cf7a5ca8d485890223bfcd717e4bb6e950dd4ea,R2_UM_V2_DEPTH_7_selected,e754fc7f5325bb6c9ba805544db3621477b6e7fcee6cbc5a27b57e36d7002a61,validation,P3,2017-02-22,875,765.7426113376139,6db8ce6930c3957230de7367ff7a294e90bfc90680131d31dfbc0df1ae01af26
new_p3_training,True,tuned,UM_V2_DEPTH,7,R2,3cfd389bbd05ec9201a41c0892e29bf8199198d1b216b9a8061370d4240aa583,bd1488a2d411295d7a2118c50ddcc0b158786123613af1676062e2270d1637d1,9cb89005693b1b70c102178849b740fde00b50c9ba5f3b5530d0e5749ea59837,eca954c21da074c545cb7858315ea39fee0a6f54b19e06474b4f2f91f1666847,8b90aa08a2480ce64e3784f1560ad81adcdab8870ccac0c6e424e34745f74c1e,6031dc4ee08b61c58b35b1efd7d764739d5c7c54dc7cbe9e9a72a1e4a7098596,675a3086cd6c4f2abd63c7d3acd419ca12dbc861,b9974a8f8c017bb8dcd4b62d614209421269020760d78e9d860a074b8cc9561f,aa748e7e398bb4d14b9afc8d4cf7a5ca8d485890223bfcd717e4bb6e950dd4ea,R2_UM_V2_DEPTH_7_selected,e754fc7f5325bb6c9ba805544db3621477b6e7fcee6cbc5a27b57e36d7002a61,validation,P3,2017-02-23,882,811.0939486093505,be8e22560b22c396dfa92489c4502ff976f563bac3f0688664a95e2a0ead5108
new_p3_training,True,tuned,UM_V2_DEPTH,7,R2,3cfd389bbd05ec9201a41c0892e29bf8199198d1b216b9a8061370d4240aa583,bd1488a2d411295d7a2118c50ddcc0b158786123613af1676062e2270d1637d1,9cb89005693b1b70c102178849b740fde00b50c9ba5f3b5530d0e5749ea59837,eca954c21da074c545cb7858315ea39fee0a6f54b19e06474b4f2f91f1666847,8b90aa08a2480ce64e3784f1560ad81adcdab8870ccac0c6e424e34745f74c1e,6031dc4ee08b61c58b35b1efd7d764739d5c7c54dc7cbe9e9a72a1e4a7098596,675a3086cd6c4f2abd63c7d3acd419ca12dbc861,b9974a8f8c017bb8dcd4b62d614209421269020760d78e9d860a074b8cc9561f,aa748e7e398bb4d14b9afc8d4cf7a5ca8d485890223bfcd717e4bb6e950dd4ea,R2_UM_V2_DEPTH_7_selected,e754fc7f5325bb6c9ba805544db3621477b6e7fcee6cbc5a27b57e36d7002a61,validation,P3,2017-02-24,885,840.3512480985232,9c082df9a9e0075ec7389b745a604aec8fd54c02449d20c9320963d81dd1a032
new_p3_training,True,tuned,UM_V2_DEPTH,7,R2,3cfd389bbd05ec9201a41c0892e29bf8199198d1b216b9a8061370d4240aa583,bd1488a2d411295d7a2118c50ddcc0b158786123613af1676062e2270d1637d1,9cb89005693b1b70c102178849b740fde00b50c9ba5f3b5530d0e5749ea59837,eca954c21da074c545cb7858315ea39fee0a6f54b19e06474b4f2f91f1666847,8b90aa08a2480ce64e3784f1560ad81adcdab8870ccac0c6e424e34745f74c1e,6031dc4ee08b61c58b35b1efd7d764739d5c7c54dc7cbe9e9a72a1e4a7098596,675a3086cd6c4f2abd63c7d3acd419ca12dbc861,b9974a8f8c017bb8dcd4b62d614209421269020760d78e9d860a074b8cc9561f,aa748e7e398bb4d14b9afc8d4cf7a5ca8d485890223bfcd717e4bb6e950dd4ea,R2_UM_V2_DEPTH_7_selected,e754fc7f5325bb6c9ba805544db3621477b6e7fcee6cbc5a27b57e36d7002a61,validation,P3,2017-02-27,875,794.7467566919918,7b460ddbd29a0e886647b9c92ee3aad1648112d8968ecb36ccd4d98c9f3a4646
new_p3_training,True,tuned,UM_V2_DEPTH,7,R2,3cfd389bbd05ec9201a41c0892e29bf8199198d1b216b9a8061370d4240aa583,bd1488a2d411295d7a2118c50ddcc0b158786123613af1676062e2270d1637d1,9cb89005693b1b70c102178849b740fde00b50c9ba5f3b5530d0e5749ea59837,eca954c21da074c545cb7858315ea39fee0a6f54b19e06474b4f2f91f1666847,8b90aa08a2480ce64e3784f1560ad81adcdab8870ccac0c6e424e34745f74c1e,6031dc4ee08b61c58b35b1efd7d764739d5c7c54dc7cbe9e9a72a1e4a7098596,675a3086cd6c4f2abd63c7d3acd419ca12dbc861,b9974a8f8c017bb8dcd4b62d614209421269020760d78e9d860a074b8cc9561f,aa748e7e398bb4d14b9afc8d4cf7a5ca8d485890223bfcd717e4bb6e950dd4ea,R2_UM_V2_DEPTH_7_selected,e754fc7f5325bb6c9ba805544db3621477b6e7fcee6cbc5a27b57e36d7002a61,validation,P3,2017-02-28,891,760.0323219607346,6b34e4aab19f1ef35c9b90c4fcf48eb6cabf55426d1761f4396d329fd10763e6
new_p3_training,True,tuned,UM_V2_DEPTH,7,R2,3cfd389bbd05ec9201a41c0892e29bf8199198d1b216b9a8061370d4240aa583,bd1488a2d411295d7a2118c50ddcc0b158786123613af1676062e2270d1637d1,9cb89005693b1b70c102178849b740fde00b50c9ba5f3b5530d0e5749ea59837,eca954c21da074c545cb7858315ea39fee0a6f54b19e06474b4f2f91f1666847,8b90aa08a2480ce64e3784f1560ad81adcdab8870ccac0c6e424e34745f74c1e,6031dc4ee08b61c58b35b1efd7d764739d5c7c54dc7cbe9e9a72a1e4a7098596,675a3086cd6c4f2abd63c7d3acd419ca12dbc861,b9974a8f8c017bb8dcd4b62d614209421269020760d78e9d860a074b8cc9561f,aa748e7e398bb4d14b9afc8d4cf7a5ca8d485890223bfcd717e4bb6e950dd4ea,R2_UM_V2_DEPTH_7_selected,e754fc7f5325bb6c9ba805544db3621477b6e7fcee6cbc5a27b57e36d7002a61,validation,P3,2017-03-02,891,854.2242415506526,74895839487a4626b79a24047f29fcf80498d3c448ece3c1eb05e9ef2a388903
new_p3_training,True,tuned,UM_V2_DEPTH,7,R2,3cfd389bbd05ec9201a41c0892e29bf8199198d1b216b9a8061370d4240aa583,bd1488a2d411295d7a2118c50ddcc0b158786123613af1676062e2270d1637d1,9cb89005693b1b70c102178849b740fde00b50c9ba5f3b5530d0e5749ea59837,eca954c21da074c545cb7858315ea39fee0a6f54b19e06474b4f2f91f1666847,8b90aa08a2480ce64e3784f1560ad81adcdab8870ccac0c6e424e34745f74c1e,6031dc4ee08b61c58b35b1efd7d764739d5c7c54dc7cbe9e9a72a1e4a7098596,675a3086cd6c4f2abd63c7d3acd419ca12dbc861,b9974a8f8c017bb8dcd4b62d614209421269020760d78e9d860a074b8cc9561f,aa748e7e398bb4d14b9afc8d4cf7a5ca8d485890223bfcd717e4bb6e950dd4ea,R2_UM_V2_DEPTH_7_selected,e754fc7f5325bb6c9ba805544db3621477b6e7fcee6cbc5a27b57e36d7002a61,validation,P3,2017-03-03,883,881.1624210146952,fc94745eb597ec868f7827428018b38ab9314de4654ae95fd8e457fdae4a0c49
new_p3_training,True,tuned,UM_V2_DEPTH,7,R2,3cfd389bbd05ec9201a41c0892e29bf8199198d1b216b9a8061370d4240aa583,bd1488a2d411295d7a2118c50ddcc0b158786123613af1676062e2270d1637d1,9cb89005693b1b70c102178849b740fde00b50c9ba5f3b5530d0e5749ea59837,eca954c21da074c545cb7858315ea39fee0a6f54b19e06474b4f2f91f1666847,8b90aa08a2480ce64e3784f1560ad81adcdab8870ccac0c6e424e34745f74c1e,6031dc4ee08b61c58b35b1efd7d764739d5c7c54dc7cbe9e9a72a1e4a7098596,675a3086cd6c4f2abd63c7d3acd419ca12dbc861,b9974a8f8c017bb8dcd4b62d614209421269020760d78e9d860a074b8cc9561f,aa748e7e398bb4d14b9afc8d4cf7a5ca8d485890223bfcd717e4bb6e950dd4ea,R2_UM_V2_DEPTH_7_selected,e754fc7f5325bb6c9ba805544db3621477b6e7fcee6cbc5a27b57e36d7002a61,validation,P3,2017-03-06,883,858.6826443672205,bb5d2b3cb5921dd978e88b0e801aed5ef5013f5a51acf8371cde53ac61b33845
new_p3_training,True,tuned,UM_V2_DEPTH,7,R2,3cfd389bbd05ec9201a41c0892e29bf8199198d1b216b9a8061370d4240aa583,bd1488a2d411295d7a2118c50ddcc0b158786123613af1676062e2270d1637d1,9cb89005693b1b70c102178849b740fde00b50c9ba5f3b5530d0e5749ea59837,eca954c21da074c545cb7858315ea39fee0a6f54b19e06474b4f2f91f1666847,8b90aa08a2480ce64e3784f1560ad81adcdab8870ccac0c6e424e34745f74c1e,6031dc4ee08b61c58b35b1efd7d764739d5c7c54dc7cbe9e9a72a1e4a7098596,675a3086cd6c4f2abd63c7d3acd419ca12dbc861,b9974a8f8c017bb8dcd4b62d614209421269020760d78e9d860a074b8cc9561f,aa748e7e398bb4d14b9afc8d4cf7a5ca8d485890223bfcd717e4bb6e950dd4ea,R2_UM_V2_DEPTH_7_selected,e754fc7f5325bb6c9ba805544db3621477b6e7fcee6cbc5a27b57e36d7002a61,validation,P3,2017-03-07,884,758.4442061552193,01480adb37d6a4a5997e5f735d234cfbb049a3000286daa2a5791c1044128069
new_p3_training,True,tuned,UM_V2_DEPTH,7,R2,3cfd389bbd05ec9201a41c0892e29bf8199198d1b216b9a8061370d4240aa583,bd1488a2d411295d7a2118c50ddcc0b158786123613af1676062e2270d1637d1,9cb89005693b1b70c102178849b740fde00b50c9ba5f3b5530d0e5749ea59837,eca954c21da074c545cb7858315ea39fee0a6f54b19e06474b4f2f91f1666847,8b90aa08a2480ce64e3784f1560ad81adcdab8870ccac0c6e424e34745f74c1e,6031dc4ee08b61c58b35b1efd7d764739d5c7c54dc7cbe9e9a72a1e4a7098596,675a3086cd6c4f2abd63c7d3acd419ca12dbc861,b9974a8f8c017bb8dcd4b62d614209421269020760d78e9d860a074b8cc9561f,aa748e7e398bb4d14b9afc8d4cf7a5ca8d485890223bfcd717e4bb6e950dd4ea,R2_UM_V2_DEPTH_7_selected,e754fc7f5325bb6c9ba805544db3621477b6e7fcee6cbc5a27b57e36d7002a61,validation,P3,2017-03-08,883,821.3623047965052,bfe1a538167a84e485e5c9462173774da3c334d8d2aecd979f9b383d4128e681
new_p3_training,True,tuned,UM_V2_DEPTH,7,R2,3cfd389bbd05ec9201a41c0892e29bf8199198d1b216b9a8061370d4240aa583,bd1488a2d411295d7a2118c50ddcc0b158786123613af1676062e2270d1637d1,9cb89005693b1b70c102178849b740fde00b50c9ba5f3b5530d0e5749ea59837,eca954c21da074c545cb7858315ea39fee0a6f54b19e06474b4f2f91f1666847,8b90aa08a2480ce64e3784f1560ad81adcdab8870ccac0c6e424e34745f74c1e,6031dc4ee08b61c58b35b1efd7d764739d5c7c54dc7cbe9e9a72a1e4a7098596,675a3086cd6c4f2abd63c7d3acd419ca12dbc861,b9974a8f8c017bb8dcd4b62d614209421269020760d78e9d860a074b8cc9561f,aa748e7e398bb4d14b9afc8d4cf7a5ca8d485890223bfcd717e4bb6e950dd4ea,R2_UM_V2_DEPTH_7_selected,e754fc7f5325bb6c9ba805544db3621477b6e7fcee6cbc5a27b57e36d7002a61,validation,P3,2017-03-09,885,800.9507001018897,ea1125b5e5a75fa29a5b793b832c6b0cd3455b7cb60b13e2bf88cb56190b9448
new_p3_training,True,tuned,UM_V2_DEPTH,7,R2,3cfd389bbd05ec9201a41c0892e29bf8199198d1b216b9a8061370d4240aa583,bd1488a2d411295d7a2118c50ddcc0b158786123613af1676062e2270d1637d1,9cb89005693b1b70c102178849b740fde00b50c9ba5f3b5530d0e5749ea59837,eca954c21da074c545cb7858315ea39fee0a6f54b19e06474b4f2f91f1666847,8b90aa08a2480ce64e3784f1560ad81adcdab8870ccac0c6e424e34745f74c1e,6031dc4ee08b61c58b35b1efd7d764739d5c7c54dc7cbe9e9a72a1e4a7098596,675a3086cd6c4f2abd63c7d3acd419ca12dbc861,b9974a8f8c017bb8dcd4b62d614209421269020760d78e9d860a074b8cc9561f,aa748e7e398bb4d14b9afc8d4cf7a5ca8d485890223bfcd717e4bb6e950dd4ea,R2_UM_V2_DEPTH_7_selected,e754fc7f5325bb6c9ba805544db3621477b6e7fcee6cbc5a27b57e36d7002a61,validation,P3,2017-03-10,881,880.9082430369341,2e35f84c933c37168038b2d46b772d2146bd00d36a31773566ad03e343211db2
new_p3_training,True,tuned,UM_V2_DEPTH,7,R2,3cfd389bbd05ec9201a41c0892e29bf8199198d1b216b9a8061370d4240aa583,bd1488a2d411295d7a2118c50ddcc0b158786123613af1676062e2270d1637d1,9cb89005693b1b70c102178849b740fde00b50c9ba5f3b5530d0e5749ea59837,eca954c21da074c545cb7858315ea39fee0a6f54b19e06474b4f2f91f1666847,8b90aa08a2480ce64e3784f1560ad81adcdab8870ccac0c6e424e34745f74c1e,6031dc4ee08b61c58b35b1efd7d764739d5c7c54dc7cbe9e9a72a1e4a7098596,675a3086cd6c4f2abd63c7d3acd419ca12dbc861,b9974a8f8c017bb8dcd4b62d614209421269020760d78e9d860a074b8cc9561f,aa748e7e398bb4d14b9afc8d4cf7a5ca8d485890223bfcd717e4bb6e950dd4ea,R2_UM_V2_DEPTH_7_selected,e754fc7f5325bb6c9ba805544db3621477b6e7fcee6cbc5a27b57e36d7002a61,validation,P3,2017-03-13,871,797.1535207774466,9974567072b315c08e4d9b1c85564bcc7a4e0d72f3ac2bebf5a664683c2bb553
new_p3_training,True,tuned,UM_V2_DEPTH,7,R2,3cfd389bbd05ec9201a41c0892e29bf8199198d1b216b9a8061370d4240aa583,bd1488a2d411295d7a2118c50ddcc0b158786123613af1676062e2270d1637d1,9cb89005693b1b70c102178849b740fde00b50c9ba5f3b5530d0e5749ea59837,eca954c21da074c545cb7858315ea39fee0a6f54b19e06474b4f2f91f1666847,8b90aa08a2480ce64e3784f1560ad81adcdab8870ccac0c6e424e34745f74c1e,6031dc4ee08b61c58b35b1efd7d764739d5c7c54dc7cbe9e9a72a1e4a7098596,675a3086cd6c4f2abd63c7d3acd419ca12dbc861,b9974a8f8c017bb8dcd4b62d614209421269020760d78e9d860a074b8cc9561f,aa748e7e398bb4d14b9afc8d4cf7a5ca8d485890223bfcd717e4bb6e950dd4ea,R2_UM_V2_DEPTH_7_selected,e754fc7f5325bb6c9ba805544db3621477b6e7fcee6cbc5a27b57e36d7002a61,validation,P3,2017-03-14,861,773.4126143608166,143c90efbafde6f4e1b599aab40904e4b11c5ec4086796658790ba5361991b35
new_p3_training,True,tuned,UM_V2_DEPTH,7,R2,3cfd389bbd05ec9201a41c0892e29bf8199198d1b216b9a8061370d4240aa583,bd1488a2d411295d7a2118c50ddcc0b158786123613af1676062e2270d1637d1,9cb89005693b1b70c102178849b740fde00b50c9ba5f3b5530d0e5749ea59837,eca954c21da074c545cb7858315ea39fee0a6f54b19e06474b4f2f91f1666847,8b90aa08a2480ce64e3784f1560ad81adcdab8870ccac0c6e424e34745f74c1e,6031dc4ee08b61c58b35b1efd7d764739d5c7c54dc7cbe9e9a72a1e4a7098596,675a3086cd6c4f2abd63c7d3acd419ca12dbc861,b9974a8f8c017bb8dcd4b62d614209421269020760d78e9d860a074b8cc9561f,aa748e7e398bb4d14b9afc8d4cf7a5ca8d485890223bfcd717e4bb6e950dd4ea,R2_UM_V2_DEPTH_7_selected,e754fc7f5325bb6c9ba805544db3621477b6e7fcee6cbc5a27b57e36d7002a61,validation,P3,2017-03-15,884,813.7308605203503,4bf27bd34ceec3d1b22bec535d7bb4073c4879f1ecde6417b4931b5de3c549d4
new_p3_training,True,tuned,UM_V2_DEPTH,7,R2,3cfd389bbd05ec9201a41c0892e29bf8199198d1b216b9a8061370d4240aa583,bd1488a2d411295d7a2118c50ddcc0b158786123613af1676062e2270d1637d1,9cb89005693b1b70c102178849b740fde00b50c9ba5f3b5530d0e5749ea59837,eca954c21da074c545cb7858315ea39fee0a6f54b19e06474b4f2f91f1666847,8b90aa08a2480ce64e3784f1560ad81adcdab8870ccac0c6e424e34745f74c1e,6031dc4ee08b61c58b35b1efd7d764739d5c7c54dc7cbe9e9a72a1e4a7098596,675a3086cd6c4f2abd63c7d3acd419ca12dbc861,b9974a8f8c017bb8dcd4b62d614209421269020760d78e9d860a074b8cc9561f,aa748e7e398bb4d14b9afc8d4cf7a5ca8d485890223bfcd717e4bb6e950dd4ea,R2_UM_V2_DEPTH_7_selected,e754fc7f5325bb6c9ba805544db3621477b6e7fcee6cbc5a27b57e36d7002a61,validation,P3,2017-03-16,873,824.20404218215,ccfaf22cbb21e9c263152110793c92707a75c6a1484ff2ab14a087c01fcbe359
new_p3_training,True,tuned,UM_V2_DEPTH,7,R2,3cfd389bbd05ec9201a41c0892e29bf8199198d1b216b9a8061370d4240aa583,bd1488a2d411295d7a2118c50ddcc0b158786123613af1676062e2270d1637d1,9cb89005693b1b70c102178849b740fde00b50c9ba5f3b5530d0e5749ea59837,eca954c21da074c545cb7858315ea39fee0a6f54b19e06474b4f2f91f1666847,8b90aa08a2480ce64e3784f1560ad81adcdab8870ccac0c6e424e34745f74c1e,6031dc4ee08b61c58b35b1efd7d764739d5c7c54dc7cbe9e9a72a1e4a7098596,675a3086cd6c4f2abd63c7d3acd419ca12dbc861,b9974a8f8c017bb8dcd4b62d614209421269020760d78e9d860a074b8cc9561f,aa748e7e398bb4d14b9afc8d4cf7a5ca8d485890223bfcd717e4bb6e950dd4ea,R2_UM_V2_DEPTH_7_selected,e754fc7f5325bb6c9ba805544db3621477b6e7fcee6cbc5a27b57e36d7002a61,validation,P3,2017-03-17,876,827.7695616836816,fd6ac48dfd04b104cf7c40542d084177d9b8ebe19c66ba2c0e47a8814f982d4a
new_p3_training,True,tuned,UM_V2_DEPTH,7,R2,3cfd389bbd05ec9201a41c0892e29bf8199198d1b216b9a8061370d4240aa583,bd1488a2d411295d7a2118c50ddcc0b158786123613af1676062e2270d1637d1,9cb89005693b1b70c102178849b740fde00b50c9ba5f3b5530d0e5749ea59837,eca954c21da074c545cb7858315ea39fee0a6f54b19e06474b4f2f91f1666847,8b90aa08a2480ce64e3784f1560ad81adcdab8870ccac0c6e424e34745f74c1e,6031dc4ee08b61c58b35b1efd7d764739d5c7c54dc7cbe9e9a72a1e4a7098596,675a3086cd6c4f2abd63c7d3acd419ca12dbc861,b9974a8f8c017bb8dcd4b62d614209421269020760d78e9d860a074b8cc9561f,aa748e7e398bb4d14b9afc8d4cf7a5ca8d485890223bfcd717e4bb6e950dd4ea,R2_UM_V2_DEPTH_7_selected,e754fc7f5325bb6c9ba805544db3621477b6e7fcee6cbc5a27b57e36d7002a61,validation,P3,2017-03-20,871,752.2034206369896,97d52f33b5b6a0737607b841769b7af9a5edfba5ecac75f57c0e83c4af96e156
new_p3_training,True,tuned,UM_V2_DEPTH,7,R2,3cfd389bbd05ec9201a41c0892e29bf8199198d1b216b9a8061370d4240aa583,bd1488a2d411295d7a2118c50ddcc0b158786123613af1676062e2270d1637d1,9cb89005693b1b70c102178849b740fde00b50c9ba5f3b5530d0e5749ea59837,eca954c21da074c545cb7858315ea39fee0a6f54b19e06474b4f2f91f1666847,8b90aa08a2480ce64e3784f1560ad81adcdab8870ccac0c6e424e34745f74c1e,6031dc4ee08b61c58b35b1efd7d764739d5c7c54dc7cbe9e9a72a1e4a7098596,675a3086cd6c4f2abd63c7d3acd419ca12dbc861,b9974a8f8c017bb8dcd4b62d614209421269020760d78e9d860a074b8cc9561f,aa748e7e398bb4d14b9afc8d4cf7a5ca8d485890223bfcd717e4bb6e950dd4ea,R2_UM_V2_DEPTH_7_selected,e754fc7f5325bb6c9ba805544db3621477b6e7fcee6cbc5a27b57e36d7002a61,validation,P3,2017-03-21,879,841.334641572962,dd45c48cfcfee929254e77d0e4424ebbf5c00bc2ed4e961138bfe9186ef961b1
new_p3_training,True,tuned,UM_V2_DEPTH,7,R2,3cfd389bbd05ec9201a41c0892e29bf8199198d1b216b9a8061370d4240aa583,bd1488a2d411295d7a2118c50ddcc0b158786123613af1676062e2270d1637d1,9cb89005693b1b70c102178849b740fde00b50c9ba5f3b5530d0e5749ea59837,eca954c21da074c545cb7858315ea39fee0a6f54b19e06474b4f2f91f1666847,8b90aa08a2480ce64e3784f1560ad81adcdab8870ccac0c6e424e34745f74c1e,6031dc4ee08b61c58b35b1efd7d764739d5c7c54dc7cbe9e9a72a1e4a7098596,675a3086cd6c4f2abd63c7d3acd419ca12dbc861,b9974a8f8c017bb8dcd4b62d614209421269020760d78e9d860a074b8cc9561f,aa748e7e398bb4d14b9afc8d4cf7a5ca8d485890223bfcd717e4bb6e950dd4ea,R2_UM_V2_DEPTH_7_selected,e754fc7f5325bb6c9ba805544db3621477b6e7fcee6cbc5a27b57e36d7002a61,validation,P3,2017-03-22,875,817.5957869104326,28b54a891e6bd7e7da2349ecb4b231f4861cea3c1aa42358d507be233ce64266
new_p3_training,True,tuned,UM_V2_DEPTH,7,R2,3cfd389bbd05ec9201a41c0892e29bf8199198d1b216b9a8061370d4240aa583,bd1488a2d411295d7a2118c50ddcc0b158786123613af1676062e2270d1637d1,9cb89005693b1b70c102178849b740fde00b50c9ba5f3b5530d0e5749ea59837,eca954c21da074c545cb7858315ea39fee0a6f54b19e06474b4f2f91f1666847,8b90aa08a2480ce64e3784f1560ad81adcdab8870ccac0c6e424e34745f74c1e,6031dc4ee08b61c58b35b1efd7d764739d5c7c54dc7cbe9e9a72a1e4a7098596,675a3086cd6c4f2abd63c7d3acd419ca12dbc861,b9974a8f8c017bb8dcd4b62d614209421269020760d78e9d860a074b8cc9561f,aa748e7e398bb4d14b9afc8d4cf7a5ca8d485890223bfcd717e4bb6e950dd4ea,R2_UM_V2_DEPTH_7_selected,e754fc7f5325bb6c9ba805544db3621477b6e7fcee6cbc5a27b57e36d7002a61,validation,P3,2017-03-23,878,824.7668082145908,05eb0a5e138a39d64a2eb7a33b5a940dc38ffeb813fda45f252329e978701d66
