run_id,prediction_path,split,rows,assets,dates,date_min,date_max,origin_min,origin_max,endpoint_definition,duplicate_keys,key_label_sha256,finite_probabilities,probabilities_in_unit_interval,max_probability_sum_error,class_order,label_counts,epochs,protocol_ids,feature_sets,seeds,models,provenance_flags,nll,nll_raw_clip_1e12,accuracy,macro_f1,weighting,probability_precision,status,method
qf_pilot/pilot_S_aggregate,WORKSPACE_ROOT/lob_seq2seq_predictor_qf_queue_20260813_092802/artifacts/runs/pilot_S_aggregate/test_predictions.csv.gz,development_holdout,101574,27,99,20170206,20170630,09:00:00,15:10:00,"same date, origin + 10 minutes, inferred from inspected legacy grid code; no saved endpoint column",0,310176c6a6c65d9dbde9c05d7e2efd11fa9ee80bfc787e82fb265d27997e67c3,True,True,1.1920928977282585e-07,0=Down;1=Flat;2=Up,"[25800, 50465, 25309]","[43, 49, 52, 53, 56, 63, 68, 70, 74, 92, 94, 99, 110, 122, 124, 127, 131, 133, 134, 137, 143, 161, 189]","[""qf_decomposition_dev_v1""]","[""no_investor""]",[42],"[""S""]","{""original_current_price_flag"": [""unavailable""], ""original_future_price_flag"": [""unavailable""], ""session_regime_flag"": [""unavailable""], ""stale_observation_flag"": [""unavailable""]}",0.9358201509309698,0.9358201508080838,0.5432197215822947,0.46972098155518155,"equal weight per saved row, no mask, natural logarithm",CSV serialization of float32 softmax; reconstruction at saved precision,verified,recomputed
qf_pilot/pilot_S_aggregate,WORKSPACE_ROOT/lob_seq2seq_predictor_qf_queue_20260813_092802/artifacts/runs/pilot_S_aggregate/test_predictions.csv.gz,validation,50274,27,49,20161124,20170203,09:00:00,15:10:00,"same date, origin + 10 minutes, inferred from inspected legacy grid code; no saved endpoint column",0,6968f4b0b3a1737da7aaafc1cb6dbae25aa0f98392832081da405b8ce7a0922e,True,True,1.1920928955078125e-07,0=Down;1=Flat;2=Up,"[12432, 25906, 11936]","[43, 49, 52, 53, 56, 63, 68, 70, 74, 92, 94, 99, 110, 122, 124, 127, 131, 133, 134, 137, 143, 161, 189]","[""qf_decomposition_dev_v1""]","[""no_investor""]",[42],"[""S""]","{""original_current_price_flag"": [""unavailable""], ""original_future_price_flag"": [""unavailable""], ""session_regime_flag"": [""unavailable""], ""stale_observation_flag"": [""unavailable""]}",0.9092966052089898,0.9092966052642133,0.559474082030473,0.4785339786042666,"equal weight per saved row, no mask, natural logarithm",CSV serialization of float32 softmax; reconstruction at saved precision,verified,recomputed
qf_pilot/pilot_S_shard_A/assets/KR7000030007_t,WORKSPACE_ROOT/lob_seq2seq_predictor_qf_queue_20260813_092802/artifacts/runs/pilot_S_shard_A/assets/KR7000030007_t/test_predictions.csv.gz,development_holdout,3762,1,99,20170206,20170630,09:00:00,15:10:00,"same date, origin + 10 minutes, inferred from inspected legacy grid code; no saved endpoint column",0,32b60a59cdd5fceb04545eb7f91e8f69c5f11060bf28f09d416aed14661f9f76,True,True,1.0058283816949398e-07,0=Down;1=Flat;2=Up,"[493, 2700, 569]",[122],"[""qf_decomposition_dev_v1""]","[""no_investor""]",[42],"[""S""]","{""original_current_price_flag"": [""unavailable""], ""original_future_price_flag"": [""unavailable""], ""session_regime_flag"": [""unavailable""], ""stale_observation_flag"": [""unavailable""]}",0.6915997687605837,0.6915997692386238,0.7190324295587454,0.4248893377680814,"equal weight per saved row, no mask, natural logarithm",CSV serialization of float32 softmax; reconstruction at saved precision,verified,recomputed
qf_pilot/pilot_S_shard_A/assets/KR7000030007_t,WORKSPACE_ROOT/lob_seq2seq_predictor_qf_queue_20260813_092802/artifacts/runs/pilot_S_shard_A/assets/KR7000030007_t/test_predictions.csv.gz,validation,1862,1,49,20161124,20170203,09:00:00,15:10:00,"same date, origin + 10 minutes, inferred from inspected legacy grid code; no saved endpoint column",0,66cd21fdbd317e47cc8c9c089dfeff37e60e48e8fc2ed57f13122316304a74c2,True,True,1.0430812813488899e-07,0=Down;1=Flat;2=Up,"[181, 1483, 198]",[122],"[""qf_decomposition_dev_v1""]","[""no_investor""]",[42],"[""S""]","{""original_current_price_flag"": [""unavailable""], ""original_future_price_flag"": [""unavailable""], ""session_regime_flag"": [""unavailable""], ""stale_observation_flag"": [""unavailable""]}",0.5623212333685165,0.5623212340531293,0.7894736842105263,0.38566934596952457,"equal weight per saved row, no mask, natural logarithm",CSV serialization of float32 softmax; reconstruction at saved precision,verified,recomputed
qf_pilot/pilot_S_shard_A/assets/KR7000120006_t,WORKSPACE_ROOT/lob_seq2seq_predictor_qf_queue_20260813_092802/artifacts/runs/pilot_S_shard_A/assets/KR7000120006_t/test_predictions.csv.gz,development_holdout,3762,1,99,20170206,20170630,09:00:00,15:10:00,"same date, origin + 10 minutes, inferred from inspected legacy grid code; no saved endpoint column",0,40e6ed3a45615e531c0710cba419e0ef83a2b9c374b91adccf776834350d5b4e,True,True,9.685754787103207e-08,0=Down;1=Flat;2=Up,"[637, 2522, 603]",[99],"[""qf_decomposition_dev_v1""]","[""no_investor""]",[42],"[""S""]","{""original_current_price_flag"": [""unavailable""], ""original_future_price_flag"": [""unavailable""], ""session_regime_flag"": [""unavailable""], ""stale_observation_flag"": [""unavailable""]}",0.7475735038981551,0.7475735032319705,0.6762360446570973,0.4372955529123997,"equal weight per saved row, no mask, natural logarithm",CSV serialization of float32 softmax; reconstruction at saved precision,verified,recomputed
qf_pilot/pilot_S_shard_A/assets/KR7000120006_t,WORKSPACE_ROOT/lob_seq2seq_predictor_qf_queue_20260813_092802/artifacts/runs/pilot_S_shard_A/assets/KR7000120006_t/test_predictions.csv.gz,validation,1862,1,49,20161124,20170203,09:00:00,15:10:00,"same date, origin + 10 minutes, inferred from inspected legacy grid code; no saved endpoint column",0,87df0f7359f1938fb98bd4d892047c549e026c77b69573d64a9a1921b50e2308,True,True,1.043081283569336e-07,0=Down;1=Flat;2=Up,"[398, 1169, 295]",[99],"[""qf_decomposition_dev_v1""]","[""no_investor""]",[42],"[""S""]","{""original_current_price_flag"": [""unavailable""], ""original_future_price_flag"": [""unavailable""], ""session_regime_flag"": [""unavailable""], ""stale_observation_flag"": [""unavailable""]}",0.8116225152394412,0.8116225149482785,0.6487647690655209,0.46343438246271546,"equal weight per saved row, no mask, natural logarithm",CSV serialization of float32 softmax; reconstruction at saved precision,verified,recomputed
qf_pilot/pilot_S_shard_A/assets/KR7000270009_t,WORKSPACE_ROOT/lob_seq2seq_predictor_qf_queue_20260813_092802/artifacts/runs/pilot_S_shard_A/assets/KR7000270009_t/test_predictions.csv.gz,development_holdout,3762,1,99,20170206,20170630,09:00:00,15:10:00,"same date, origin + 10 minutes, inferred from inspected legacy grid code; no saved endpoint column",0,2eac1701156737e6e7ae068b064ac839b9d0b831aef8bf5557c9215acc2f6f5d,True,True,1.043081283569336e-07,0=Down;1=Flat;2=Up,"[925, 2015, 822]",[131],"[""qf_decomposition_dev_v1""]","[""no_investor""]",[42],"[""S""]","{""original_current_price_flag"": [""unavailable""], ""original_future_price_flag"": [""unavailable""], ""session_regime_flag"": [""unavailable""], ""stale_observation_flag"": [""unavailable""]}",0.8793861504531229,0.879386149890666,0.5909090909090909,0.4651576143665701,"equal weight per saved row, no mask, natural logarithm",CSV serialization of float32 softmax; reconstruction at saved precision,verified,recomputed
qf_pilot/pilot_S_shard_A/assets/KR7000270009_t,WORKSPACE_ROOT/lob_seq2seq_predictor_qf_queue_20260813_092802/artifacts/runs/pilot_S_shard_A/assets/KR7000270009_t/test_predictions.csv.gz,validation,1862,1,49,20161124,20170203,09:00:00,15:10:00,"same date, origin + 10 minutes, inferred from inspected legacy grid code; no saved endpoint column",0,3e0315a853c3173f8a35a3e9dc2959f9d9541fa19b3144fe7c2871ed47699f7f,True,True,1.043081283569336e-07,0=Down;1=Flat;2=Up,"[419, 1002, 441]",[131],"[""qf_decomposition_dev_v1""]","[""no_investor""]",[42],"[""S""]","{""original_current_price_flag"": [""unavailable""], ""original_future_price_flag"": [""unavailable""], ""session_regime_flag"": [""unavailable""], ""stale_observation_flag"": [""unavailable""]}",0.9093589315420496,0.9093589316158256,0.5735767991407089,0.47859067287381235,"equal weight per saved row, no mask, natural logarithm",CSV serialization of float32 softmax; reconstruction at saved precision,verified,recomputed
qf_pilot/pilot_S_shard_A/assets/KR7000720003_t,WORKSPACE_ROOT/lob_seq2seq_predictor_qf_queue_20260813_092802/artifacts/runs/pilot_S_shard_A/assets/KR7000720003_t/test_predictions.csv.gz,development_holdout,3762,1,99,20170206,20170630,09:00:00,15:10:00,"same date, origin + 10 minutes, inferred from inspected legacy grid code; no saved endpoint column",0,a0c28ef6241f4fceda2f6c77fe12bb890a493e2328cbb12853e1426d8b0d3e56,True,True,1.043081285789782e-07,0=Down;1=Flat;2=Up,"[1311, 1256, 1195]",[53],"[""qf_decomposition_dev_v1""]","[""no_investor""]",[42],"[""S""]","{""original_current_price_flag"": [""unavailable""], ""original_future_price_flag"": [""unavailable""], ""session_regime_flag"": [""unavailable""], ""stale_observation_flag"": [""unavailable""]}",1.0473366496090193,1.047336649665464,0.4404572036150983,0.43754730402569547,"equal weight per saved row, no mask, natural logarithm",CSV serialization of float32 softmax; reconstruction at saved precision,verified,recomputed
qf_pilot/pilot_S_shard_A/assets/KR7000720003_t,WORKSPACE_ROOT/lob_seq2seq_predictor_qf_queue_20260813_092802/artifacts/runs/pilot_S_shard_A/assets/KR7000720003_t/test_predictions.csv.gz,validation,1862,1,49,20161124,20170203,09:00:00,15:10:00,"same date, origin + 10 minutes, inferred from inspected legacy grid code; no saved endpoint column",0,8ee3042d7d948eaaef35c477ae010c606a96347b6bfd4f79f6289cc77f1fcec5,True,True,1.043081283569336e-07,0=Down;1=Flat;2=Up,"[646, 597, 619]",[53],"[""qf_decomposition_dev_v1""]","[""no_investor""]",[42],"[""S""]","{""original_current_price_flag"": [""unavailable""], ""original_future_price_flag"": [""unavailable""], ""session_regime_flag"": [""unavailable""], ""stale_observation_flag"": [""unavailable""]}",1.0594557619507652,1.059455763430966,0.4242749731471536,0.40864314919431877,"equal weight per saved row, no mask, natural logarithm",CSV serialization of float32 softmax; reconstruction at saved precision,verified,recomputed
qf_pilot/pilot_S_shard_A/assets/KR7001040005_t,WORKSPACE_ROOT/lob_seq2seq_predictor_qf_queue_20260813_092802/artifacts/runs/pilot_S_shard_A/assets/KR7001040005_t/test_predictions.csv.gz,development_holdout,3762,1,99,20170206,20170630,09:00:00,15:10:00,"same date, origin + 10 minutes, inferred from inspected legacy grid code; no saved endpoint column",0,ae58fcc8a959d9fa2f05592c3ee5abfe7000606f4fd8f7906e02ae51d7890fad,True,True,1.043081283569336e-07,0=Down;1=Flat;2=Up,"[888, 2025, 849]",[110],"[""qf_decomposition_dev_v1""]","[""no_investor""]",[42],"[""S""]","{""original_current_price_flag"": [""unavailable""], ""original_future_price_flag"": [""unavailable""], ""session_regime_flag"": [""unavailable""], ""stale_observation_flag"": [""unavailable""]}",0.9290068892986026,0.9290068898273925,0.5547581073896863,0.3994943261989412,"equal weight per saved row, no mask, natural logarithm",CSV serialization of float32 softmax; reconstruction at saved precision,verified,recomputed
qf_pilot/pilot_S_shard_A/assets/KR7001040005_t,WORKSPACE_ROOT/lob_seq2seq_predictor_qf_queue_20260813_092802/artifacts/runs/pilot_S_shard_A/assets/KR7001040005_t/test_predictions.csv.gz,validation,1862,1,49,20161124,20170203,09:00:00,15:10:00,"same date, origin + 10 minutes, inferred from inspected legacy grid code; no saved endpoint column",0,2d617f8b532318f8b84735f79b933122a99d914f7e81b12d95ff496353f09e28,True,True,1.1920928955078125e-07,0=Down;1=Flat;2=Up,"[447, 980, 435]",[110],"[""qf_decomposition_dev_v1""]","[""no_investor""]",[42],"[""S""]","{""original_current_price_flag"": [""unavailable""], ""original_future_price_flag"": [""unavailable""], ""session_regime_flag"": [""unavailable""], ""stale_observation_flag"": [""unavailable""]}",0.9288701727608101,0.9288701716111,0.550483351235231,0.43779346465617214,"equal weight per saved row, no mask, natural logarithm",CSV serialization of float32 softmax; reconstruction at saved precision,verified,recomputed
qf_pilot/pilot_S_shard_A/assets/KR7002380004_t,WORKSPACE_ROOT/lob_seq2seq_predictor_qf_queue_20260813_092802/artifacts/runs/pilot_S_shard_A/assets/KR7002380004_t/test_predictions.csv.gz,development_holdout,3762,1,99,20170206,20170630,09:00:00,15:10:00,"same date, origin + 10 minutes, inferred from inspected legacy grid code; no saved endpoint column",0,2970cdc351f5b0ecd89fc361a16e997d7dad9975cc520f1e9d998188d69649b3,True,True,1.043081285789782e-07,0=Down;1=Flat;2=Up,"[1060, 1582, 1120]",[127],"[""qf_decomposition_dev_v1""]","[""no_investor""]",[42],"[""S""]","{""original_current_price_flag"": [""unavailable""], ""original_future_price_flag"": [""unavailable""], ""session_regime_flag"": [""unavailable""], ""stale_observation_flag"": [""unavailable""]}",0.9947551724875827,0.9947551730233044,0.5021265284423179,0.4865609684505154,"equal weight per saved row, no mask, natural logarithm",CSV serialization of float32 softmax; reconstruction at saved precision,verified,recomputed
qf_pilot/pilot_S_shard_A/assets/KR7002380004_t,WORKSPACE_ROOT/lob_seq2seq_predictor_qf_queue_20260813_092802/artifacts/runs/pilot_S_shard_A/assets/KR7002380004_t/test_predictions.csv.gz,validation,1862,1,49,20161124,20170203,09:00:00,15:10:00,"same date, origin + 10 minutes, inferred from inspected legacy grid code; no saved endpoint column",0,a817ddc4abf76cb15546b76591b4bab5751631d888f3b0e1cd45414b17c4239a,True,True,1.043081283569336e-07,0=Down;1=Flat;2=Up,"[516, 891, 455]",[127],"[""qf_decomposition_dev_v1""]","[""no_investor""]",[42],"[""S""]","{""original_current_price_flag"": [""unavailable""], ""original_future_price_flag"": [""unavailable""], ""session_regime_flag"": [""unavailable""], ""stale_observation_flag"": [""unavailable""]}",0.9688783259893039,0.9688783269199707,0.50859291084855,0.46457143076397706,"equal weight per saved row, no mask, natural logarithm",CSV serialization of float32 softmax; reconstruction at saved precision,verified,recomputed
qf_pilot/pilot_S_shard_A/assets/KR7002790004_t,WORKSPACE_ROOT/lob_seq2seq_predictor_qf_queue_20260813_092802/artifacts/runs/pilot_S_shard_A/assets/KR7002790004_t/test_predictions.csv.gz,development_holdout,3762,1,99,20170206,20170630,09:00:00,15:10:00,"same date, origin + 10 minutes, inferred from inspected legacy grid code; no saved endpoint column",0,e9a853421cc346ca15c833ce57b10b98ad73933aa350aadad52e1a5df48f66bd,True,True,1.043081284679559e-07,0=Down;1=Flat;2=Up,"[706, 2428, 628]",[74],"[""qf_decomposition_dev_v1""]","[""no_investor""]",[42],"[""S""]","{""original_current_price_flag"": [""unavailable""], ""original_future_price_flag"": [""unavailable""], ""session_regime_flag"": [""unavailable""], ""stale_observation_flag"": [""unavailable""]}",0.8269089829852414,0.8269089833744845,0.6427432216905901,0.3992011989094771,"equal weight per saved row, no mask, natural logarithm",CSV serialization of float32 softmax; reconstruction at saved precision,verified,recomputed
qf_pilot/pilot_S_shard_A/assets/KR7002790004_t,WORKSPACE_ROOT/lob_seq2seq_predictor_qf_queue_20260813_092802/artifacts/runs/pilot_S_shard_A/assets/KR7002790004_t/test_predictions.csv.gz,validation,1862,1,49,20161124,20170203,09:00:00,15:10:00,"same date, origin + 10 minutes, inferred from inspected legacy grid code; no saved endpoint column",0,1283caca8065a35f676722ac00fb5ab1510e0cb0c5203af6ba480244b8c09a49,True,True,9.685754776000977e-08,0=Down;1=Flat;2=Up,"[412, 1068, 382]",[74],"[""qf_decomposition_dev_v1""]","[""no_investor""]",[42],"[""S""]","{""original_current_price_flag"": [""unavailable""], ""original_future_price_flag"": [""unavailable""], ""session_regime_flag"": [""unavailable""], ""stale_observation_flag"": [""unavailable""]}",0.8947811054246185,0.8947811048205974,0.5714285714285714,0.379794928286145,"equal weight per saved row, no mask, natural logarithm",CSV serialization of float32 softmax; reconstruction at saved precision,verified,recomputed
qf_pilot/pilot_S_shard_A/assets/KR7004020004_t,WORKSPACE_ROOT/lob_seq2seq_predictor_qf_queue_20260813_092802/artifacts/runs/pilot_S_shard_A/assets/KR7004020004_t/test_predictions.csv.gz,development_holdout,3762,1,99,20170206,20170630,09:00:00,15:10:00,"same date, origin + 10 minutes, inferred from inspected legacy grid code; no saved endpoint column",0,2e2093e0f89636d5fdd7c542ee253d3d6c56a79f8bec11ecd43dac5c2c579bbb,True,True,1.043081284679559e-07,0=Down;1=Flat;2=Up,"[1066, 1723, 973]",[134],"[""qf_decomposition_dev_v1""]","[""no_investor""]",[42],"[""S""]","{""original_current_price_flag"": [""unavailable""], ""original_future_price_flag"": [""unavailable""], ""session_regime_flag"": [""unavailable""], ""stale_observation_flag"": [""unavailable""]}",1.0019490512964841,1.0019490519648981,0.4869750132908028,0.4566148433451748,"equal weight per saved row, no mask, natural logarithm",CSV serialization of float32 softmax; reconstruction at saved precision,verified,recomputed
qf_pilot/pilot_S_shard_A/assets/KR7004020004_t,WORKSPACE_ROOT/lob_seq2seq_predictor_qf_queue_20260813_092802/artifacts/runs/pilot_S_shard_A/assets/KR7004020004_t/test_predictions.csv.gz,validation,1862,1,49,20161124,20170203,09:00:00,15:10:00,"same date, origin + 10 minutes, inferred from inspected legacy grid code; no saved endpoint column",0,d14034f1f4690807850963f5086880f29a8db056ee3f4a0b1bb64f10dad50328,True,True,1.043081284679559e-07,0=Down;1=Flat;2=Up,"[571, 736, 555]",[134],"[""qf_decomposition_dev_v1""]","[""no_investor""]",[42],"[""S""]","{""original_current_price_flag"": [""unavailable""], ""original_future_price_flag"": [""unavailable""], ""session_regime_flag"": [""unavailable""], ""stale_observation_flag"": [""unavailable""]}",1.0290875525004524,1.0290875539242899,0.458109559613319,0.4361447589409166,"equal weight per saved row, no mask, natural logarithm",CSV serialization of float32 softmax; reconstruction at saved precision,verified,recomputed
qf_pilot/pilot_S_shard_A/assets/KR7005300009_t,WORKSPACE_ROOT/lob_seq2seq_predictor_qf_queue_20260813_092802/artifacts/runs/pilot_S_shard_A/assets/KR7005300009_t/test_predictions.csv.gz,development_holdout,3762,1,99,20170206,20170630,09:00:00,15:10:00,"same date, origin + 10 minutes, inferred from inspected legacy grid code; no saved endpoint column",0,beaa6527aea1e811d85ab06126bf1312aa8a3e444ffc6cb2b819d147d67109e6,True,True,1.043081283569336e-07,0=Down;1=Flat;2=Up,"[1216, 1395, 1151]",[94],"[""qf_decomposition_dev_v1""]","[""no_investor""]",[42],"[""S""]","{""original_current_price_flag"": [""unavailable""], ""original_future_price_flag"": [""unavailable""], ""session_regime_flag"": [""unavailable""], ""stale_observation_flag"": [""unavailable""]}",1.0497907074397756,1.0497907072783668,0.4619883040935672,0.45567169865105517,"equal weight per saved row, no mask, natural logarithm",CSV serialization of float32 softmax; reconstruction at saved precision,verified,recomputed
qf_pilot/pilot_S_shard_A/assets/KR7005300009_t,WORKSPACE_ROOT/lob_seq2seq_predictor_qf_queue_20260813_092802/artifacts/runs/pilot_S_shard_A/assets/KR7005300009_t/test_predictions.csv.gz,validation,1862,1,49,20161124,20170203,09:00:00,15:10:00,"same date, origin + 10 minutes, inferred from inspected legacy grid code; no saved endpoint column",0,eec3095b56800a754bd463ba410686c1cf86f41b9df9ffb8d26a6033be847b8d,True,True,1.043081283569336e-07,0=Down;1=Flat;2=Up,"[642, 649, 571]",[94],"[""qf_decomposition_dev_v1""]","[""no_investor""]",[42],"[""S""]","{""original_current_price_flag"": [""unavailable""], ""original_future_price_flag"": [""unavailable""], ""session_regime_flag"": [""unavailable""], ""stale_observation_flag"": [""unavailable""]}",1.0543045028860971,1.0543045024739548,0.44951664876476904,0.42581068238617875,"equal weight per saved row, no mask, natural logarithm",CSV serialization of float32 softmax; reconstruction at saved precision,verified,recomputed
qf_pilot/pilot_S_shard_A/assets/KR7005440003_t,WORKSPACE_ROOT/lob_seq2seq_predictor_qf_queue_20260813_092802/artifacts/runs/pilot_S_shard_A/assets/KR7005440003_t/test_predictions.csv.gz,development_holdout,3762,1,99,20170206,20170630,09:00:00,15:10:00,"same date, origin + 10 minutes, inferred from inspected legacy grid code; no saved endpoint column",0,aaa1284c310d06fb43d4dd34f9c688ea796b3196a4fb65546acbe598cb84561f,True,True,1.043081283569336e-07,0=Down;1=Flat;2=Up,"[769, 2201, 792]",[56],"[""qf_decomposition_dev_v1""]","[""no_investor""]",[42],"[""S""]","{""original_current_price_flag"": [""unavailable""], ""original_future_price_flag"": [""unavailable""], ""session_regime_flag"": [""unavailable""], ""stale_observation_flag"": [""unavailable""]}",0.902304255693367,0.9023042544162031,0.5959595959595959,0.3852266054530031,"equal weight per saved row, no mask, natural logarithm",CSV serialization of float32 softmax; reconstruction at saved precision,verified,recomputed
qf_pilot/pilot_S_shard_A/assets/KR7005440003_t,WORKSPACE_ROOT/lob_seq2seq_predictor_qf_queue_20260813_092802/artifacts/runs/pilot_S_shard_A/assets/KR7005440003_t/test_predictions.csv.gz,validation,1862,1,49,20161124,20170203,09:00:00,15:10:00,"same date, origin + 10 minutes, inferred from inspected legacy grid code; no saved endpoint column",0,7bebfb16291cf5b593ffe100ed42f1fc08ed08801f8f1641f4d335cc19490df3,True,True,1.1175870895385742e-07,0=Down;1=Flat;2=Up,"[281, 1289, 292]",[56],"[""qf_decomposition_dev_v1""]","[""no_investor""]",[42],"[""S""]","{""original_current_price_flag"": [""unavailable""], ""original_future_price_flag"": [""unavailable""], ""session_regime_flag"": [""unavailable""], ""stale_observation_flag"": [""unavailable""]}",0.7525405815219159,0.7525405800717893,0.673469387755102,0.39305980314086875,"equal weight per saved row, no mask, natural logarithm",CSV serialization of float32 softmax; reconstruction at saved precision,verified,recomputed
qf_pilot/pilot_S_shard_A/assets/KR7005830005_t,WORKSPACE_ROOT/lob_seq2seq_predictor_qf_queue_20260813_092802/artifacts/runs/pilot_S_shard_A/assets/KR7005830005_t/test_predictions.csv.gz,development_holdout,3762,1,99,20170206,20170630,09:00:00,15:10:00,"same date, origin + 10 minutes, inferred from inspected legacy grid code; no saved endpoint column",0,1dc3ea9b88df615a7b41f21ebe878099839cb6c9999492a941fa45701c85fde7,True,True,1.043081285789782e-07,0=Down;1=Flat;2=Up,"[942, 1868, 952]",[124],"[""qf_decomposition_dev_v1""]","[""no_investor""]",[42],"[""S""]","{""original_current_price_flag"": [""unavailable""], ""original_future_price_flag"": [""unavailable""], ""session_regime_flag"": [""unavailable""], ""stale_observation_flag"": [""unavailable""]}",0.9704417925606882,0.970441792249985,0.5244550770866561,0.4731496906542869,"equal weight per saved row, no mask, natural logarithm",CSV serialization of float32 softmax; reconstruction at saved precision,verified,recomputed
qf_pilot/pilot_S_shard_A/assets/KR7005830005_t,WORKSPACE_ROOT/lob_seq2seq_predictor_qf_queue_20260813_092802/artifacts/runs/pilot_S_shard_A/assets/KR7005830005_t/test_predictions.csv.gz,validation,1862,1,49,20161124,20170203,09:00:00,15:10:00,"same date, origin + 10 minutes, inferred from inspected legacy grid code; no saved endpoint column",0,86e1dbc774844d5097df237f94070ea6f6d6a581e7d51b7bbd0ccdaf84f5b7ad,True,True,1.043081284679559e-07,0=Down;1=Flat;2=Up,"[544, 809, 509]",[124],"[""qf_decomposition_dev_v1""]","[""no_investor""]",[42],"[""S""]","{""original_current_price_flag"": [""unavailable""], ""original_future_price_flag"": [""unavailable""], ""session_regime_flag"": [""unavailable""], ""stale_observation_flag"": [""unavailable""]}",1.0197655984993015,1.0197655968068098,0.4849624060150376,0.46891717086345674,"equal weight per saved row, no mask, natural logarithm",CSV serialization of float32 softmax; reconstruction at saved precision,verified,recomputed
qf_pilot/pilot_S_shard_A/assets/KR7006400006_t,WORKSPACE_ROOT/lob_seq2seq_predictor_qf_queue_20260813_092802/artifacts/runs/pilot_S_shard_A/assets/KR7006400006_t/test_predictions.csv.gz,development_holdout,3762,1,99,20170206,20170630,09:00:00,15:10:00,"same date, origin + 10 minutes, inferred from inspected legacy grid code; no saved endpoint column",0,5beebb4bcc33084290347e2a2f9dcb3391718f0e11b2642efef361c802014716,True,True,8.940696738513054e-08,0=Down;1=Flat;2=Up,"[532, 2695, 535]",[92],"[""qf_decomposition_dev_v1""]","[""no_investor""]",[42],"[""S""]","{""original_current_price_flag"": [""unavailable""], ""original_future_price_flag"": [""unavailable""], ""session_regime_flag"": [""unavailable""], ""stale_observation_flag"": [""unavailable""]}",0.6976699983416198,0.6976699980792062,0.7192982456140351,0.4253941010518498,"equal weight per saved row, no mask, natural logarithm",CSV serialization of float32 softmax; reconstruction at saved precision,verified,recomputed
qf_pilot/pilot_S_shard_A/assets/KR7006400006_t,WORKSPACE_ROOT/lob_seq2seq_predictor_qf_queue_20260813_092802/artifacts/runs/pilot_S_shard_A/assets/KR7006400006_t/test_predictions.csv.gz,validation,1862,1,49,20161124,20170203,09:00:00,15:10:00,"same date, origin + 10 minutes, inferred from inspected legacy grid code; no saved endpoint column",0,a0c226a93b0d0f3bd97c77e3f7b710dc1acba86820dff875029b3207f2267e05,True,True,1.043081283569336e-07,0=Down;1=Flat;2=Up,"[312, 1177, 373]",[92],"[""qf_decomposition_dev_v1""]","[""no_investor""]",[42],"[""S""]","{""original_current_price_flag"": [""unavailable""], ""original_future_price_flag"": [""unavailable""], ""session_regime_flag"": [""unavailable""], ""stale_observation_flag"": [""unavailable""]}",0.7594812909496862,0.7594812899688472,0.6707841031149302,0.5080876197143883,"equal weight per saved row, no mask, natural logarithm",CSV serialization of float32 softmax; reconstruction at saved precision,verified,recomputed
qf_pilot/pilot_S_shard_A/assets/KR7007070006_t,WORKSPACE_ROOT/lob_seq2seq_predictor_qf_queue_20260813_092802/artifacts/runs/pilot_S_shard_A/assets/KR7007070006_t/test_predictions.csv.gz,development_holdout,3762,1,99,20170206,20170630,09:00:00,15:10:00,"same date, origin + 10 minutes, inferred from inspected legacy grid code; no saved endpoint column",0,254492c0d4b9712489db842b6b5ecc1017561d929c3311b279ac18c432343528,True,True,1.043081284679559e-07,0=Down;1=Flat;2=Up,"[1048, 1714, 1000]",[43],"[""qf_decomposition_dev_v1""]","[""no_investor""]",[42],"[""S""]","{""original_current_price_flag"": [""unavailable""], ""original_future_price_flag"": [""unavailable""], ""session_regime_flag"": [""unavailable""], ""stale_observation_flag"": [""unavailable""]}",1.0112017392186965,1.011201739771252,0.5013290802764487,0.45690504467149506,"equal weight per saved row, no mask, natural logarithm",CSV serialization of float32 softmax; reconstruction at saved precision,verified,recomputed
qf_pilot/pilot_S_shard_A/assets/KR7007070006_t,WORKSPACE_ROOT/lob_seq2seq_predictor_qf_queue_20260813_092802/artifacts/runs/pilot_S_shard_A/assets/KR7007070006_t/test_predictions.csv.gz,validation,1862,1,49,20161124,20170203,09:00:00,15:10:00,"same date, origin + 10 minutes, inferred from inspected legacy grid code; no saved endpoint column",0,2884e21081ccdd20b2334336d614185cd6a49b702eb67b28efcb8ad963b4a5e0,True,True,1.043081283569336e-07,0=Down;1=Flat;2=Up,"[548, 718, 596]",[43],"[""qf_decomposition_dev_v1""]","[""no_investor""]",[42],"[""S""]","{""original_current_price_flag"": [""unavailable""], ""original_future_price_flag"": [""unavailable""], ""session_regime_flag"": [""unavailable""], ""stale_observation_flag"": [""unavailable""]}",1.034453646618377,1.0344536468898469,0.44790547798066593,0.44038272073202617,"equal weight per saved row, no mask, natural logarithm",CSV serialization of float32 softmax; reconstruction at saved precision,verified,recomputed
qf_pilot/pilot_S_shard_A/assets/KR7009150004_t,WORKSPACE_ROOT/lob_seq2seq_predictor_qf_queue_20260813_092802/artifacts/runs/pilot_S_shard_A/assets/KR7009150004_t/test_predictions.csv.gz,development_holdout,3762,1,99,20170206,20170630,09:00:00,15:10:00,"same date, origin + 10 minutes, inferred from inspected legacy grid code; no saved endpoint column",0,1c9da4b71c626d967a43bbfaec3d12c54ee9f4252e54e36dbb8c72e5c97e8bbe,True,True,1.1920928955078125e-07,0=Down;1=Flat;2=Up,"[1126, 1498, 1138]",[143],"[""qf_decomposition_dev_v1""]","[""no_investor""]",[42],"[""S""]","{""original_current_price_flag"": [""unavailable""], ""original_future_price_flag"": [""unavailable""], ""session_regime_flag"": [""unavailable""], ""stale_observation_flag"": [""unavailable""]}",1.0154114802278444,1.0154114797183658,0.47607655502392343,0.45992427499285155,"equal weight per saved row, no mask, natural logarithm",CSV serialization of float32 softmax; reconstruction at saved precision,verified,recomputed
qf_pilot/pilot_S_shard_A/assets/KR7009150004_t,WORKSPACE_ROOT/lob_seq2seq_predictor_qf_queue_20260813_092802/artifacts/runs/pilot_S_shard_A/assets/KR7009150004_t/test_predictions.csv.gz,validation,1862,1,49,20161124,20170203,09:00:00,15:10:00,"same date, origin + 10 minutes, inferred from inspected legacy grid code; no saved endpoint column",0,3fcd3e9a0ac23dd054a40acb4673114dccfdc9da1e58c7bd429e474eca11eaf5,True,True,1.043081283569336e-07,0=Down;1=Flat;2=Up,"[502, 865, 495]",[143],"[""qf_decomposition_dev_v1""]","[""no_investor""]",[42],"[""S""]","{""original_current_price_flag"": [""unavailable""], ""original_future_price_flag"": [""unavailable""], ""session_regime_flag"": [""unavailable""], ""stale_observation_flag"": [""unavailable""]}",0.9599303529149837,0.9599303519014459,0.5263157894736842,0.476271256511211,"equal weight per saved row, no mask, natural logarithm",CSV serialization of float32 softmax; reconstruction at saved precision,verified,recomputed
qf_pilot/pilot_S_shard_B/assets/KR7000100008_t,WORKSPACE_ROOT/lob_seq2seq_predictor_qf_queue_20260813_092802/artifacts/runs/pilot_S_shard_B/assets/KR7000100008_t/test_predictions.csv.gz,development_holdout,3762,1,99,20170206,20170630,09:00:00,15:10:00,"same date, origin + 10 minutes, inferred from inspected legacy grid code; no saved endpoint column",0,0ccc21f3120ab844bb7938016954ffe187794095d78fb2ff8663cc57ba642420,True,True,1.043081284679559e-07,0=Down;1=Flat;2=Up,"[853, 2002, 907]",[52],"[""qf_decomposition_dev_v1""]","[""no_investor""]",[42],"[""S""]","{""original_current_price_flag"": [""unavailable""], ""original_future_price_flag"": [""unavailable""], ""session_regime_flag"": [""unavailable""], ""stale_observation_flag"": [""unavailable""]}",0.9316538895770615,0.9316538898058081,0.5595427963849017,0.42441272201697755,"equal weight per saved row, no mask, natural logarithm",CSV serialization of float32 softmax; reconstruction at saved precision,verified,recomputed
qf_pilot/pilot_S_shard_B/assets/KR7000100008_t,WORKSPACE_ROOT/lob_seq2seq_predictor_qf_queue_20260813_092802/artifacts/runs/pilot_S_shard_B/assets/KR7000100008_t/test_predictions.csv.gz,validation,1862,1,49,20161124,20170203,09:00:00,15:10:00,"same date, origin + 10 minutes, inferred from inspected legacy grid code; no saved endpoint column",0,89d999a10193720abc6c1e55b42c42adb542adeed3d920be0cf03b7cf3e21504,True,True,9.313225746154785e-08,0=Down;1=Flat;2=Up,"[376, 1145, 341]",[52],"[""qf_decomposition_dev_v1""]","[""no_investor""]",[42],"[""S""]","{""original_current_price_flag"": [""unavailable""], ""original_future_price_flag"": [""unavailable""], ""session_regime_flag"": [""unavailable""], ""stale_observation_flag"": [""unavailable""]}",0.8663304020232162,0.8663304034899749,0.6160042964554243,0.41931906402078245,"equal weight per saved row, no mask, natural logarithm",CSV serialization of float32 softmax; reconstruction at saved precision,verified,recomputed
qf_pilot/pilot_S_shard_B/assets/KR7000150003_t,WORKSPACE_ROOT/lob_seq2seq_predictor_qf_queue_20260813_092802/artifacts/runs/pilot_S_shard_B/assets/KR7000150003_t/test_predictions.csv.gz,development_holdout,3762,1,99,20170206,20170630,09:00:00,15:10:00,"same date, origin + 10 minutes, inferred from inspected legacy grid code; no saved endpoint column",0,ced0bace81494c75e334e0146e5fe30a9af2cb7417d84e1642f68810dd0743e3,True,True,1.1920928955078125e-07,0=Down;1=Flat;2=Up,"[934, 1941, 887]",[137],"[""qf_decomposition_dev_v1""]","[""no_investor""]",[42],"[""S""]","{""original_current_price_flag"": [""unavailable""], ""original_future_price_flag"": [""unavailable""], ""session_regime_flag"": [""unavailable""], ""stale_observation_flag"": [""unavailable""]}",0.9607522095932682,0.9607522095924025,0.531632110579479,0.4569106947177574,"equal weight per saved row, no mask, natural logarithm",CSV serialization of float32 softmax; reconstruction at saved precision,verified,recomputed
qf_pilot/pilot_S_shard_B/assets/KR7000150003_t,WORKSPACE_ROOT/lob_seq2seq_predictor_qf_queue_20260813_092802/artifacts/runs/pilot_S_shard_B/assets/KR7000150003_t/test_predictions.csv.gz,validation,1862,1,49,20161124,20170203,09:00:00,15:10:00,"same date, origin + 10 minutes, inferred from inspected legacy grid code; no saved endpoint column",0,d260977a7f8e35476bbf05adcf9704bf16ab08d8afdda65736afacd5753f3c75,True,True,9.685754776000977e-08,0=Down;1=Flat;2=Up,"[252, 1375, 235]",[137],"[""qf_decomposition_dev_v1""]","[""no_investor""]",[42],"[""S""]","{""original_current_price_flag"": [""unavailable""], ""original_future_price_flag"": [""unavailable""], ""session_regime_flag"": [""unavailable""], ""stale_observation_flag"": [""unavailable""]}",0.667053101861265,0.6670531009788037,0.7330827067669173,0.3622633025311241,"equal weight per saved row, no mask, natural logarithm",CSV serialization of float32 softmax; reconstruction at saved precision,verified,recomputed
qf_pilot/pilot_S_shard_B/assets/KR7000660001_t,WORKSPACE_ROOT/lob_seq2seq_predictor_qf_queue_20260813_092802/artifacts/runs/pilot_S_shard_B/assets/KR7000660001_t/test_predictions.csv.gz,development_holdout,3762,1,99,20170206,20170630,09:00:00,15:10:00,"same date, origin + 10 minutes, inferred from inspected legacy grid code; no saved endpoint column",0,2d7dfb115bffdc6b8feb03e7c8b541991d362fdb5b99629eadeb8df98f208453,True,True,1.0803341876641781e-07,0=Down;1=Flat;2=Up,"[1153, 1468, 1141]",[127],"[""qf_decomposition_dev_v1""]","[""no_investor""]",[42],"[""S""]","{""original_current_price_flag"": [""unavailable""], ""original_future_price_flag"": [""unavailable""], ""session_regime_flag"": [""unavailable""], ""stale_observation_flag"": [""unavailable""]}",1.031860475941089,1.0318604747765652,0.4659755449229133,0.42532237379374194,"equal weight per saved row, no mask, natural logarithm",CSV serialization of float32 softmax; reconstruction at saved precision,verified,recomputed
qf_pilot/pilot_S_shard_B/assets/KR7000660001_t,WORKSPACE_ROOT/lob_seq2seq_predictor_qf_queue_20260813_092802/artifacts/runs/pilot_S_shard_B/assets/KR7000660001_t/test_predictions.csv.gz,validation,1862,1,49,20161124,20170203,09:00:00,15:10:00,"same date, origin + 10 minutes, inferred from inspected legacy grid code; no saved endpoint column",0,2a82d116d79986100fd653905ad66d17801d6771c3256469d575106d1ae081e2,True,True,1.043081283569336e-07,0=Down;1=Flat;2=Up,"[603, 679, 580]",[127],"[""qf_decomposition_dev_v1""]","[""no_investor""]",[42],"[""S""]","{""original_current_price_flag"": [""unavailable""], ""original_future_price_flag"": [""unavailable""], ""session_regime_flag"": [""unavailable""], ""stale_observation_flag"": [""unavailable""]}",1.037339456234513,1.0373394576891737,0.4505907626208378,0.44238632993986876,"equal weight per saved row, no mask, natural logarithm",CSV serialization of float32 softmax; reconstruction at saved precision,verified,recomputed
qf_pilot/pilot_S_shard_B/assets/KR7000810002_t,WORKSPACE_ROOT/lob_seq2seq_predictor_qf_queue_20260813_092802/artifacts/runs/pilot_S_shard_B/assets/KR7000810002_t/test_predictions.csv.gz,development_holdout,3762,1,99,20170206,20170630,09:00:00,15:10:00,"same date, origin + 10 minutes, inferred from inspected legacy grid code; no saved endpoint column",0,ddd306c44d13ca31334a4f7d2eb998266470f0052f8d389a23bbc2be5852f675,True,True,1.043081283569336e-07,0=Down;1=Flat;2=Up,"[820, 2158, 784]",[92],"[""qf_decomposition_dev_v1""]","[""no_investor""]",[42],"[""S""]","{""original_current_price_flag"": [""unavailable""], ""original_future_price_flag"": [""unavailable""], ""session_regime_flag"": [""unavailable""], ""stale_observation_flag"": [""unavailable""]}",0.8867461106536462,0.8867461108403072,0.5946305156831473,0.4368217925236719,"equal weight per saved row, no mask, natural logarithm",CSV serialization of float32 softmax; reconstruction at saved precision,verified,recomputed
qf_pilot/pilot_S_shard_B/assets/KR7000810002_t,WORKSPACE_ROOT/lob_seq2seq_predictor_qf_queue_20260813_092802/artifacts/runs/pilot_S_shard_B/assets/KR7000810002_t/test_predictions.csv.gz,validation,1862,1,49,20161124,20170203,09:00:00,15:10:00,"same date, origin + 10 minutes, inferred from inspected legacy grid code; no saved endpoint column",0,8dfc6fb6a63f8784661d39618a32e3a02ddc349f245e5fd1c56b238bc721f71b,True,True,1.0430812813488899e-07,0=Down;1=Flat;2=Up,"[454, 977, 431]",[92],"[""qf_decomposition_dev_v1""]","[""no_investor""]",[42],"[""S""]","{""original_current_price_flag"": [""unavailable""], ""original_future_price_flag"": [""unavailable""], ""session_regime_flag"": [""unavailable""], ""stale_observation_flag"": [""unavailable""]}",0.9209905348039462,0.9209905337657747,0.5569280343716434,0.4627618391016823,"equal weight per saved row, no mask, natural logarithm",CSV serialization of float32 softmax; reconstruction at saved precision,verified,recomputed
qf_pilot/pilot_S_shard_B/assets/KR7001450006_t,WORKSPACE_ROOT/lob_seq2seq_predictor_qf_queue_20260813_092802/artifacts/runs/pilot_S_shard_B/assets/KR7001450006_t/test_predictions.csv.gz,development_holdout,3762,1,99,20170206,20170630,09:00:00,15:10:00,"same date, origin + 10 minutes, inferred from inspected legacy grid code; no saved endpoint column",0,4c3712f3c2ae9c922850fb316088ee21dc1b45ed5e06c2fd65d345111c0c7d2e,True,True,1.043081285789782e-07,0=Down;1=Flat;2=Up,"[879, 1922, 961]",[99],"[""qf_decomposition_dev_v1""]","[""no_investor""]",[42],"[""S""]","{""original_current_price_flag"": [""unavailable""], ""original_future_price_flag"": [""unavailable""], ""session_regime_flag"": [""unavailable""], ""stale_observation_flag"": [""unavailable""]}",0.9480246486183203,0.9480246492223684,0.5406698564593302,0.45977035306183095,"equal weight per saved row, no mask, natural logarithm",CSV serialization of float32 softmax; reconstruction at saved precision,verified,recomputed
qf_pilot/pilot_S_shard_B/assets/KR7001450006_t,WORKSPACE_ROOT/lob_seq2seq_predictor_qf_queue_20260813_092802/artifacts/runs/pilot_S_shard_B/assets/KR7001450006_t/test_predictions.csv.gz,validation,1862,1,49,20161124,20170203,09:00:00,15:10:00,"same date, origin + 10 minutes, inferred from inspected legacy grid code; no saved endpoint column",0,b9a79453e17ec2f4fd0c1935611e866d206d2f2c0c78670fa94ca3e37d19ce57,True,True,1.043081283569336e-07,0=Down;1=Flat;2=Up,"[531, 817, 514]",[99],"[""qf_decomposition_dev_v1""]","[""no_investor""]",[42],"[""S""]","{""original_current_price_flag"": [""unavailable""], ""original_future_price_flag"": [""unavailable""], ""session_regime_flag"": [""unavailable""], ""stale_observation_flag"": [""unavailable""]}",0.9922944094459775,0.9922944105508609,0.5128893662728249,0.47334471158691455,"equal weight per saved row, no mask, natural logarithm",CSV serialization of float32 softmax; reconstruction at saved precision,verified,recomputed
qf_pilot/pilot_S_shard_B/assets/KR7002550002_t,WORKSPACE_ROOT/lob_seq2seq_predictor_qf_queue_20260813_092802/artifacts/runs/pilot_S_shard_B/assets/KR7002550002_t/test_predictions.csv.gz,development_holdout,3762,1,99,20170206,20170630,09:00:00,15:10:00,"same date, origin + 10 minutes, inferred from inspected legacy grid code; no saved endpoint column",0,d250c7b8dd98488e398347a1d1499110e6e764ab987c25ae9a2b258f2e5abc91,True,True,1.043081284679559e-07,0=Down;1=Flat;2=Up,"[783, 2178, 801]",[70],"[""qf_decomposition_dev_v1""]","[""no_investor""]",[42],"[""S""]","{""original_current_price_flag"": [""unavailable""], ""original_future_price_flag"": [""unavailable""], ""session_regime_flag"": [""unavailable""], ""stale_observation_flag"": [""unavailable""]}",0.9291164007751112,0.9291164006467669,0.5396065922381712,0.43854007384968946,"equal weight per saved row, no mask, natural logarithm",CSV serialization of float32 softmax; reconstruction at saved precision,verified,recomputed
qf_pilot/pilot_S_shard_B/assets/KR7002550002_t,WORKSPACE_ROOT/lob_seq2seq_predictor_qf_queue_20260813_092802/artifacts/runs/pilot_S_shard_B/assets/KR7002550002_t/test_predictions.csv.gz,validation,1862,1,49,20161124,20170203,09:00:00,15:10:00,"same date, origin + 10 minutes, inferred from inspected legacy grid code; no saved endpoint column",0,8f24860431555fae7cb4cbdc97f8f96adc7bec7f7b6bc73fd5e55eb06fdebb5e,True,True,1.043081284679559e-07,0=Down;1=Flat;2=Up,"[456, 1040, 366]",[70],"[""qf_decomposition_dev_v1""]","[""no_investor""]",[42],"[""S""]","{""original_current_price_flag"": [""unavailable""], ""original_future_price_flag"": [""unavailable""], ""session_regime_flag"": [""unavailable""], ""stale_observation_flag"": [""unavailable""]}",0.9206507651836372,0.9206507655825886,0.5767991407089151,0.4192697186643346,"equal weight per saved row, no mask, natural logarithm",CSV serialization of float32 softmax; reconstruction at saved precision,verified,recomputed
qf_pilot/pilot_S_shard_B/assets/KR7003550001_t,WORKSPACE_ROOT/lob_seq2seq_predictor_qf_queue_20260813_092802/artifacts/runs/pilot_S_shard_B/assets/KR7003550001_t/test_predictions.csv.gz,development_holdout,3762,1,99,20170206,20170630,09:00:00,15:10:00,"same date, origin + 10 minutes, inferred from inspected legacy grid code; no saved endpoint column",0,23cc9e6e4b557c22478b28f4346c6fcf723070ef3ff5f2e89b583e8d3140d649,True,True,1.043081283569336e-07,0=Down;1=Flat;2=Up,"[1212, 1400, 1150]",[133],"[""qf_decomposition_dev_v1""]","[""no_investor""]",[42],"[""S""]","{""original_current_price_flag"": [""unavailable""], ""original_future_price_flag"": [""unavailable""], ""session_regime_flag"": [""unavailable""], ""stale_observation_flag"": [""unavailable""]}",1.047324133071664,1.0473241330904792,0.4484316852737905,0.44105150646395774,"equal weight per saved row, no mask, natural logarithm",CSV serialization of float32 softmax; reconstruction at saved precision,verified,recomputed
qf_pilot/pilot_S_shard_B/assets/KR7003550001_t,WORKSPACE_ROOT/lob_seq2seq_predictor_qf_queue_20260813_092802/artifacts/runs/pilot_S_shard_B/assets/KR7003550001_t/test_predictions.csv.gz,validation,1862,1,49,20161124,20170203,09:00:00,15:10:00,"same date, origin + 10 minutes, inferred from inspected legacy grid code; no saved endpoint column",0,2a1c5bb2662407915c7015d134fe33c2927ba1bcf8ecad5c043aeaf4a05cb31f,True,True,8.940696738513054e-08,0=Down;1=Flat;2=Up,"[434, 940, 488]",[133],"[""qf_decomposition_dev_v1""]","[""no_investor""]",[42],"[""S""]","{""original_current_price_flag"": [""unavailable""], ""original_future_price_flag"": [""unavailable""], ""session_regime_flag"": [""unavailable""], ""stale_observation_flag"": [""unavailable""]}",0.965193324222278,0.9651933236049709,0.5322234156820623,0.45351573337255857,"equal weight per saved row, no mask, natural logarithm",CSV serialization of float32 softmax; reconstruction at saved precision,verified,recomputed
qf_pilot/pilot_S_shard_B/assets/KR7004170007_t,WORKSPACE_ROOT/lob_seq2seq_predictor_qf_queue_20260813_092802/artifacts/runs/pilot_S_shard_B/assets/KR7004170007_t/test_predictions.csv.gz,development_holdout,3762,1,99,20170206,20170630,09:00:00,15:10:00,"same date, origin + 10 minutes, inferred from inspected legacy grid code; no saved endpoint column",0,3f7ea80d6e051f72d439797d48510c541e0232e1d8d0e2d63de4f02b2818f6ce,True,True,1.1920928977282585e-07,0=Down;1=Flat;2=Up,"[964, 1807, 991]",[92],"[""qf_decomposition_dev_v1""]","[""no_investor""]",[42],"[""S""]","{""original_current_price_flag"": [""unavailable""], ""original_future_price_flag"": [""unavailable""], ""session_regime_flag"": [""unavailable""], ""stale_observation_flag"": [""unavailable""]}",0.9695269654370614,0.9695269666258476,0.5225943646996278,0.43964834168433525,"equal weight per saved row, no mask, natural logarithm",CSV serialization of float32 softmax; reconstruction at saved precision,verified,recomputed
qf_pilot/pilot_S_shard_B/assets/KR7004170007_t,WORKSPACE_ROOT/lob_seq2seq_predictor_qf_queue_20260813_092802/artifacts/runs/pilot_S_shard_B/assets/KR7004170007_t/test_predictions.csv.gz,validation,1862,1,49,20161124,20170203,09:00:00,15:10:00,"same date, origin + 10 minutes, inferred from inspected legacy grid code; no saved endpoint column",0,ba523722174e8f826e33cb2a444ba6a8864ebc93cee22ff6ece69ab24521db59,True,True,1.043081283569336e-07,0=Down;1=Flat;2=Up,"[360, 1203, 299]",[92],"[""qf_decomposition_dev_v1""]","[""no_investor""]",[42],"[""S""]","{""original_current_price_flag"": [""unavailable""], ""original_future_price_flag"": [""unavailable""], ""session_regime_flag"": [""unavailable""], ""stale_observation_flag"": [""unavailable""]}",0.781231438294697,0.7812314387697997,0.6595059076262084,0.41872703104230197,"equal weight per saved row, no mask, natural logarithm",CSV serialization of float32 softmax; reconstruction at saved precision,verified,recomputed
qf_pilot/pilot_S_shard_B/assets/KR7005380001_t,WORKSPACE_ROOT/lob_seq2seq_predictor_qf_queue_20260813_092802/artifacts/runs/pilot_S_shard_B/assets/KR7005380001_t/test_predictions.csv.gz,development_holdout,3762,1,99,20170206,20170630,09:00:00,15:10:00,"same date, origin + 10 minutes, inferred from inspected legacy grid code; no saved endpoint column",0,cc9f75e360c46c4502fbc40146db3d9ccc524c29b1fb5382dc3e04a7369daed5,True,True,1.043081283569336e-07,0=Down;1=Flat;2=Up,"[598, 2565, 599]",[49],"[""qf_decomposition_dev_v1""]","[""no_investor""]",[42],"[""S""]","{""original_current_price_flag"": [""unavailable""], ""original_future_price_flag"": [""unavailable""], ""session_regime_flag"": [""unavailable""], ""stale_observation_flag"": [""unavailable""]}",0.7500555230846239,0.7500555223605101,0.6868686868686869,0.3615059989755712,"equal weight per saved row, no mask, natural logarithm",CSV serialization of float32 softmax; reconstruction at saved precision,verified,recomputed
qf_pilot/pilot_S_shard_B/assets/KR7005380001_t,WORKSPACE_ROOT/lob_seq2seq_predictor_qf_queue_20260813_092802/artifacts/runs/pilot_S_shard_B/assets/KR7005380001_t/test_predictions.csv.gz,validation,1862,1,49,20161124,20170203,09:00:00,15:10:00,"same date, origin + 10 minutes, inferred from inspected legacy grid code; no saved endpoint column",0,e86b69fbf5133f43d5b01f85640c12ca7984a2465a2aef351ba9f40a7413e255,True,True,8.940696716308594e-08,0=Down;1=Flat;2=Up,"[226, 1389, 247]",[49],"[""qf_decomposition_dev_v1""]","[""no_investor""]",[42],"[""S""]","{""original_current_price_flag"": [""unavailable""], ""original_future_price_flag"": [""unavailable""], ""session_regime_flag"": [""unavailable""], ""stale_observation_flag"": [""unavailable""]}",0.6476539885050854,0.6476539894569157,0.7465091299677766,0.395841740388254,"equal weight per saved row, no mask, natural logarithm",CSV serialization of float32 softmax; reconstruction at saved precision,verified,recomputed
qf_pilot/pilot_S_shard_B/assets/KR7005490008_t,WORKSPACE_ROOT/lob_seq2seq_predictor_qf_queue_20260813_092802/artifacts/runs/pilot_S_shard_B/assets/KR7005490008_t/test_predictions.csv.gz,development_holdout,3762,1,99,20170206,20170630,09:00:00,15:10:00,"same date, origin + 10 minutes, inferred from inspected legacy grid code; no saved endpoint column",0,e03e6bb186501dea856dd612f0b72fc42f277ba7b8d176f98b4d553e44ca9807,True,True,1.043081284679559e-07,0=Down;1=Flat;2=Up,"[945, 1874, 943]",[189],"[""qf_decomposition_dev_v1""]","[""no_investor""]",[42],"[""S""]","{""original_current_price_flag"": [""unavailable""], ""original_future_price_flag"": [""unavailable""], ""session_regime_flag"": [""unavailable""], ""stale_observation_flag"": [""unavailable""]}",0.9527419855018033,0.9527419846930237,0.5215311004784688,0.4596657825398173,"equal weight per saved row, no mask, natural logarithm",CSV serialization of float32 softmax; reconstruction at saved precision,verified,recomputed
qf_pilot/pilot_S_shard_B/assets/KR7005490008_t,WORKSPACE_ROOT/lob_seq2seq_predictor_qf_queue_20260813_092802/artifacts/runs/pilot_S_shard_B/assets/KR7005490008_t/test_predictions.csv.gz,validation,1862,1,49,20161124,20170203,09:00:00,15:10:00,"same date, origin + 10 minutes, inferred from inspected legacy grid code; no saved endpoint column",0,d44984539561521d28621567683318dbbf0aa1f14ac000e30a1fb201ef8aa09e,True,True,1.043081285789782e-07,0=Down;1=Flat;2=Up,"[502, 911, 449]",[189],"[""qf_decomposition_dev_v1""]","[""no_investor""]",[42],"[""S""]","{""original_current_price_flag"": [""unavailable""], ""original_future_price_flag"": [""unavailable""], ""session_regime_flag"": [""unavailable""], ""stale_observation_flag"": [""unavailable""]}",0.9479508430663869,0.9479508428398091,0.5225563909774437,0.45341778049854486,"equal weight per saved row, no mask, natural logarithm",CSV serialization of float32 softmax; reconstruction at saved precision,verified,recomputed
qf_pilot/pilot_S_shard_B/assets/KR7005930003_t,WORKSPACE_ROOT/lob_seq2seq_predictor_qf_queue_20260813_092802/artifacts/runs/pilot_S_shard_B/assets/KR7005930003_t/test_predictions.csv.gz,development_holdout,3762,1,99,20170206,20170630,09:00:00,15:10:00,"same date, origin + 10 minutes, inferred from inspected legacy grid code; no saved endpoint column",0,6fac91181bed6e385f40e2babd2ec2688f651c40742dc0c50fc248604b713ec0,True,True,1.043081285789782e-07,0=Down;1=Flat;2=Up,"[1445, 854, 1463]",[63],"[""qf_decomposition_dev_v1""]","[""no_investor""]",[42],"[""S""]","{""original_current_price_flag"": [""unavailable""], ""original_future_price_flag"": [""unavailable""], ""session_regime_flag"": [""unavailable""], ""stale_observation_flag"": [""unavailable""]}",1.0366869112009354,1.0366869107919663,0.4420520999468368,0.3713690807711721,"equal weight per saved row, no mask, natural logarithm",CSV serialization of float32 softmax; reconstruction at saved precision,verified,recomputed
qf_pilot/pilot_S_shard_B/assets/KR7005930003_t,WORKSPACE_ROOT/lob_seq2seq_predictor_qf_queue_20260813_092802/artifacts/runs/pilot_S_shard_B/assets/KR7005930003_t/test_predictions.csv.gz,validation,1862,1,49,20161124,20170203,09:00:00,15:10:00,"same date, origin + 10 minutes, inferred from inspected legacy grid code; no saved endpoint column",0,16bce652f5abac8541ec3d9e8251bb202131fdbe9252509c3286cf7b1353f8ad,True,True,1.043081285789782e-07,0=Down;1=Flat;2=Up,"[659, 517, 686]",[63],"[""qf_decomposition_dev_v1""]","[""no_investor""]",[42],"[""S""]","{""original_current_price_flag"": [""unavailable""], ""original_future_price_flag"": [""unavailable""], ""session_regime_flag"": [""unavailable""], ""stale_observation_flag"": [""unavailable""]}",1.052789318809066,1.0527893194312823,0.439312567132116,0.4098807778154769,"equal weight per saved row, no mask, natural logarithm",CSV serialization of float32 softmax; reconstruction at saved precision,verified,recomputed
qf_pilot/pilot_S_shard_B/assets/KR7006800007_t,WORKSPACE_ROOT/lob_seq2seq_predictor_qf_queue_20260813_092802/artifacts/runs/pilot_S_shard_B/assets/KR7006800007_t/test_predictions.csv.gz,development_holdout,3762,1,99,20170206,20170630,09:00:00,15:10:00,"same date, origin + 10 minutes, inferred from inspected legacy grid code; no saved endpoint column",0,2992ebc6a8ea94a1343edb75d9cbfe429ec84d42e75b44fa8fa5c640727f0316,True,True,1.043081283569336e-07,0=Down;1=Flat;2=Up,"[1276, 1305, 1181]",[161],"[""qf_decomposition_dev_v1""]","[""no_investor""]",[42],"[""S""]","{""original_current_price_flag"": [""unavailable""], ""original_future_price_flag"": [""unavailable""], ""session_regime_flag"": [""unavailable""], ""stale_observation_flag"": [""unavailable""]}",1.02036806380293,1.0203680619740774,0.46278575225943647,0.4448586531374021,"equal weight per saved row, no mask, natural logarithm",CSV serialization of float32 softmax; reconstruction at saved precision,verified,recomputed
qf_pilot/pilot_S_shard_B/assets/KR7006800007_t,WORKSPACE_ROOT/lob_seq2seq_predictor_qf_queue_20260813_092802/artifacts/runs/pilot_S_shard_B/assets/KR7006800007_t/test_predictions.csv.gz,validation,1862,1,49,20161124,20170203,09:00:00,15:10:00,"same date, origin + 10 minutes, inferred from inspected legacy grid code; no saved endpoint column",0,40f2a9b2c21be944bf7f28a2f877f4249fb1ac2495dc7ab0eac682e9fc6489c0,True,True,1.043081285789782e-07,0=Down;1=Flat;2=Up,"[573, 695, 594]",[161],"[""qf_decomposition_dev_v1""]","[""no_investor""]",[42],"[""S""]","{""original_current_price_flag"": [""unavailable""], ""original_future_price_flag"": [""unavailable""], ""session_regime_flag"": [""unavailable""], ""stale_observation_flag"": [""unavailable""]}",1.0225980260893826,1.0225980258613043,0.4774436090225564,0.4581662897958352,"equal weight per saved row, no mask, natural logarithm",CSV serialization of float32 softmax; reconstruction at saved precision,verified,recomputed
qf_pilot/pilot_S_shard_B/assets/KR7008770000_t,WORKSPACE_ROOT/lob_seq2seq_predictor_qf_queue_20260813_092802/artifacts/runs/pilot_S_shard_B/assets/KR7008770000_t/test_predictions.csv.gz,development_holdout,3762,1,99,20170206,20170630,09:00:00,15:10:00,"same date, origin + 10 minutes, inferred from inspected legacy grid code; no saved endpoint column",0,34c2d043ffc80ae7f4aa1c190cb91a4e2773262e8c63c82dd433959901d08d05,True,True,1.043081283569336e-07,0=Down;1=Flat;2=Up,"[1219, 1369, 1174]",[68],"[""qf_decomposition_dev_v1""]","[""no_investor""]",[42],"[""S""]","{""original_current_price_flag"": [""unavailable""], ""original_future_price_flag"": [""unavailable""], ""session_regime_flag"": [""unavailable""], ""stale_observation_flag"": [""unavailable""]}",1.0369506156078876,1.0369506156679524,0.4582668793195109,0.4299604723492311,"equal weight per saved row, no mask, natural logarithm",CSV serialization of float32 softmax; reconstruction at saved precision,verified,recomputed
qf_pilot/pilot_S_shard_B/assets/KR7008770000_t,WORKSPACE_ROOT/lob_seq2seq_predictor_qf_queue_20260813_092802/artifacts/runs/pilot_S_shard_B/assets/KR7008770000_t/test_predictions.csv.gz,validation,1862,1,49,20161124,20170203,09:00:00,15:10:00,"same date, origin + 10 minutes, inferred from inspected legacy grid code; no saved endpoint column",0,a8128d2bcdbe7a701034c7eff8d3d5ad1c48f738130bfa70b92ce473ece7ec01,True,True,1.043081284679559e-07,0=Down;1=Flat;2=Up,"[587, 785, 490]",[68],"[""qf_decomposition_dev_v1""]","[""no_investor""]",[42],"[""S""]","{""original_current_price_flag"": [""unavailable""], ""original_future_price_flag"": [""unavailable""], ""session_regime_flag"": [""unavailable""], ""stale_observation_flag"": [""unavailable""]}",0.9840811599369574,0.9840811606756514,0.5042964554242749,0.4700366979760406,"equal weight per saved row, no mask, natural logarithm",CSV serialization of float32 softmax; reconstruction at saved precision,verified,recomputed
qf_pilot/pilot_U0,WORKSPACE_ROOT/lob_seq2seq_predictor_qf_queue_20260813_092802/artifacts/runs/pilot_U0/test_predictions.csv.gz,development_holdout,101574,27,99,20170206,20170630,09:00:00,15:10:00,"same date, origin + 10 minutes, inferred from inspected legacy grid code; no saved endpoint column",0,310176c6a6c65d9dbde9c05d7e2efd11fa9ee80bfc787e82fb265d27997e67c3,True,True,1.1920928955078125e-07,0=Down;1=Flat;2=Up,"[25800, 50465, 25309]",[111],"[""qf_decomposition_dev_v1""]","[""no_investor""]",[42],"[""U0""]","{""original_current_price_flag"": [""unavailable""], ""original_future_price_flag"": [""unavailable""], ""session_regime_flag"": [""unavailable""], ""stale_observation_flag"": [""unavailable""]}",0.9369398266602371,0.9369398266750945,0.5411030381790616,0.48062385250451983,"equal weight per saved row, no mask, natural logarithm",CSV serialization of float32 softmax; reconstruction at saved precision,verified,recomputed
qf_pilot/pilot_U0,WORKSPACE_ROOT/lob_seq2seq_predictor_qf_queue_20260813_092802/artifacts/runs/pilot_U0/test_predictions.csv.gz,validation,50274,27,49,20161124,20170203,09:00:00,15:10:00,"same date, origin + 10 minutes, inferred from inspected legacy grid code; no saved endpoint column",0,6968f4b0b3a1737da7aaafc1cb6dbae25aa0f98392832081da405b8ce7a0922e,True,True,1.1920928955078125e-07,0=Down;1=Flat;2=Up,"[12432, 25906, 11936]",[111],"[""qf_decomposition_dev_v1""]","[""no_investor""]",[42],"[""U0""]","{""original_current_price_flag"": [""unavailable""], ""original_future_price_flag"": [""unavailable""], ""session_regime_flag"": [""unavailable""], ""stale_observation_flag"": [""unavailable""]}",0.9225990353539343,0.922599035321672,0.5502645502645502,0.4808529605621556,"equal weight per saved row, no mask, natural logarithm",CSV serialization of float32 softmax; reconstruction at saved precision,verified,recomputed
qf_pilot/pilot_U1,WORKSPACE_ROOT/lob_seq2seq_predictor_qf_queue_20260813_092802/artifacts/runs/pilot_U1/test_predictions.csv.gz,development_holdout,101574,27,99,20170206,20170630,09:00:00,15:10:00,"same date, origin + 10 minutes, inferred from inspected legacy grid code; no saved endpoint column",0,310176c6a6c65d9dbde9c05d7e2efd11fa9ee80bfc787e82fb265d27997e67c3,True,True,1.1920928955078125e-07,0=Down;1=Flat;2=Up,"[25800, 50465, 25309]",[111],"[""qf_decomposition_dev_v1""]","[""no_investor""]",[42],"[""U1""]","{""original_current_price_flag"": [""unavailable""], ""original_future_price_flag"": [""unavailable""], ""session_regime_flag"": [""unavailable""], ""stale_observation_flag"": [""unavailable""]}",0.9245289876260758,0.9245289876058317,0.5490086045641601,0.4810118967652621,"equal weight per saved row, no mask, natural logarithm",CSV serialization of float32 softmax; reconstruction at saved precision,verified,recomputed
qf_pilot/pilot_U1,WORKSPACE_ROOT/lob_seq2seq_predictor_qf_queue_20260813_092802/artifacts/runs/pilot_U1/test_predictions.csv.gz,validation,50274,27,49,20161124,20170203,09:00:00,15:10:00,"same date, origin + 10 minutes, inferred from inspected legacy grid code; no saved endpoint column",0,6968f4b0b3a1737da7aaafc1cb6dbae25aa0f98392832081da405b8ce7a0922e,True,True,1.1175870895385742e-07,0=Down;1=Flat;2=Up,"[12432, 25906, 11936]",[111],"[""qf_decomposition_dev_v1""]","[""no_investor""]",[42],"[""U1""]","{""original_current_price_flag"": [""unavailable""], ""original_future_price_flag"": [""unavailable""], ""session_regime_flag"": [""unavailable""], ""stale_observation_flag"": [""unavailable""]}",0.9071282247031798,0.9071282247240522,0.559474082030473,0.48487243111488637,"equal weight per saved row, no mask, natural logarithm",CSV serialization of float32 softmax; reconstruction at saved precision,verified,recomputed
qf_pilot/pilot_UA,WORKSPACE_ROOT/lob_seq2seq_predictor_qf_queue_20260813_092802/artifacts/runs/pilot_UA/test_predictions.csv.gz,development_holdout,101574,27,99,20170206,20170630,09:00:00,15:10:00,"same date, origin + 10 minutes, inferred from inspected legacy grid code; no saved endpoint column",0,310176c6a6c65d9dbde9c05d7e2efd11fa9ee80bfc787e82fb265d27997e67c3,True,True,1.1920928955078125e-07,0=Down;1=Flat;2=Up,"[25800, 50465, 25309]",[74],"[""qf_decomposition_dev_v1""]","[""no_investor""]",[42],"[""UA""]","{""original_current_price_flag"": [""unavailable""], ""original_future_price_flag"": [""unavailable""], ""session_regime_flag"": [""unavailable""], ""stale_observation_flag"": [""unavailable""]}",0.9334838340055656,0.9334838339020961,0.5441845354126056,0.4800398755545245,"equal weight per saved row, no mask, natural logarithm",CSV serialization of float32 softmax; reconstruction at saved precision,verified,recomputed
qf_pilot/pilot_UA,WORKSPACE_ROOT/lob_seq2seq_predictor_qf_queue_20260813_092802/artifacts/runs/pilot_UA/test_predictions.csv.gz,validation,50274,27,49,20161124,20170203,09:00:00,15:10:00,"same date, origin + 10 minutes, inferred from inspected legacy grid code; no saved endpoint column",0,6968f4b0b3a1737da7aaafc1cb6dbae25aa0f98392832081da405b8ce7a0922e,True,True,1.1920928955078125e-07,0=Down;1=Flat;2=Up,"[12432, 25906, 11936]",[74],"[""qf_decomposition_dev_v1""]","[""no_investor""]",[42],"[""UA""]","{""original_current_price_flag"": [""unavailable""], ""original_future_price_flag"": [""unavailable""], ""session_regime_flag"": [""unavailable""], ""stale_observation_flag"": [""unavailable""]}",0.9140411335061842,0.9140411336636041,0.5565699964196205,0.47861794148664716,"equal weight per saved row, no mask, natural logarithm",CSV serialization of float32 softmax; reconstruction at saved precision,verified,recomputed
qf_pilot/pilot_UC,WORKSPACE_ROOT/lob_seq2seq_predictor_qf_queue_20260813_092802/artifacts/runs/pilot_UC/test_predictions.csv.gz,development_holdout,101574,27,99,20170206,20170630,09:00:00,15:10:00,"same date, origin + 10 minutes, inferred from inspected legacy grid code; no saved endpoint column",0,310176c6a6c65d9dbde9c05d7e2efd11fa9ee80bfc787e82fb265d27997e67c3,True,True,1.1920928955078125e-07,0=Down;1=Flat;2=Up,"[25800, 50465, 25309]",[145],"[""qf_decomposition_dev_v1""]","[""no_investor""]",[42],"[""UC""]","{""original_current_price_flag"": [""unavailable""], ""original_future_price_flag"": [""unavailable""], ""session_regime_flag"": [""unavailable""], ""stale_observation_flag"": [""unavailable""]}",0.9220933591634223,0.9220933591984161,0.5509185421466123,0.48359568544290843,"equal weight per saved row, no mask, natural logarithm",CSV serialization of float32 softmax; reconstruction at saved precision,verified,recomputed
qf_pilot/pilot_UC,WORKSPACE_ROOT/lob_seq2seq_predictor_qf_queue_20260813_092802/artifacts/runs/pilot_UC/test_predictions.csv.gz,validation,50274,27,49,20161124,20170203,09:00:00,15:10:00,"same date, origin + 10 minutes, inferred from inspected legacy grid code; no saved endpoint column",0,6968f4b0b3a1737da7aaafc1cb6dbae25aa0f98392832081da405b8ce7a0922e,True,True,1.1920928977282585e-07,0=Down;1=Flat;2=Up,"[12432, 25906, 11936]",[145],"[""qf_decomposition_dev_v1""]","[""no_investor""]",[42],"[""UC""]","{""original_current_price_flag"": [""unavailable""], ""original_future_price_flag"": [""unavailable""], ""session_regime_flag"": [""unavailable""], ""stale_observation_flag"": [""unavailable""]}",0.9030327459880497,0.9030327460240757,0.5635517364840673,0.4893996154625646,"equal weight per saved row, no mask, natural logarithm",CSV serialization of float32 softmax; reconstruction at saved precision,verified,recomputed
qf_pilot/pilot_UM,WORKSPACE_ROOT/lob_seq2seq_predictor_qf_queue_20260813_092802/artifacts/runs/pilot_UM/test_predictions.csv.gz,development_holdout,101574,27,99,20170206,20170630,09:00:00,15:10:00,"same date, origin + 10 minutes, inferred from inspected legacy grid code; no saved endpoint column",0,310176c6a6c65d9dbde9c05d7e2efd11fa9ee80bfc787e82fb265d27997e67c3,True,True,1.2665987014770508e-07,0=Down;1=Flat;2=Up,"[25800, 50465, 25309]",[43],"[""qf_decomposition_dev_v1""]","[""no_investor""]",[42],"[""UM""]","{""original_current_price_flag"": [""unavailable""], ""original_future_price_flag"": [""unavailable""], ""session_regime_flag"": [""unavailable""], ""stale_observation_flag"": [""unavailable""]}",4.293634501782767,4.15162496525868,0.5066355563431587,0.26237448875789876,"equal weight per saved row, no mask, natural logarithm",CSV serialization of float32 softmax; reconstruction at saved precision,verified,recomputed
qf_pilot/pilot_UM,WORKSPACE_ROOT/lob_seq2seq_predictor_qf_queue_20260813_092802/artifacts/runs/pilot_UM/test_predictions.csv.gz,validation,50274,27,49,20161124,20170203,09:00:00,15:10:00,"same date, origin + 10 minutes, inferred from inspected legacy grid code; no saved endpoint column",0,6968f4b0b3a1737da7aaafc1cb6dbae25aa0f98392832081da405b8ce7a0922e,True,True,1.2665987014770508e-07,0=Down;1=Flat;2=Up,"[12432, 25906, 11936]",[43],"[""qf_decomposition_dev_v1""]","[""no_investor""]",[42],"[""UM""]","{""original_current_price_flag"": [""unavailable""], ""original_future_price_flag"": [""unavailable""], ""session_regime_flag"": [""unavailable""], ""stale_observation_flag"": [""unavailable""]}",2.5123770708664765,2.5123770709427484,0.5240681067748737,0.27271871417511334,"equal weight per saved row, no mask, natural logarithm",CSV serialization of float32 softmax; reconstruction at saved precision,verified,recomputed
qf_pilot/pilot_UX,WORKSPACE_ROOT/lob_seq2seq_predictor_qf_queue_20260813_092802/artifacts/runs/pilot_UX/test_predictions.csv.gz,development_holdout,101574,27,99,20170206,20170630,09:00:00,15:10:00,"same date, origin + 10 minutes, inferred from inspected legacy grid code; no saved endpoint column",0,310176c6a6c65d9dbde9c05d7e2efd11fa9ee80bfc787e82fb265d27997e67c3,True,True,1.1920928977282585e-07,0=Down;1=Flat;2=Up,"[25800, 50465, 25309]",[118],"[""qf_decomposition_dev_v1""]","[""no_investor""]",[42],"[""UX""]","{""original_current_price_flag"": [""unavailable""], ""original_future_price_flag"": [""unavailable""], ""session_regime_flag"": [""unavailable""], ""stale_observation_flag"": [""unavailable""]}",0.9258445872780221,0.9258445872879139,0.5492153503849411,0.46604941179228754,"equal weight per saved row, no mask, natural logarithm",CSV serialization of float32 softmax; reconstruction at saved precision,verified,recomputed
qf_pilot/pilot_UX,WORKSPACE_ROOT/lob_seq2seq_predictor_qf_queue_20260813_092802/artifacts/runs/pilot_UX/test_predictions.csv.gz,validation,50274,27,49,20161124,20170203,09:00:00,15:10:00,"same date, origin + 10 minutes, inferred from inspected legacy grid code; no saved endpoint column",0,6968f4b0b3a1737da7aaafc1cb6dbae25aa0f98392832081da405b8ce7a0922e,True,True,1.1920928955078125e-07,0=Down;1=Flat;2=Up,"[12432, 25906, 11936]",[118],"[""qf_decomposition_dev_v1""]","[""no_investor""]",[42],"[""UX""]","{""original_current_price_flag"": [""unavailable""], ""original_future_price_flag"": [""unavailable""], ""session_regime_flag"": [""unavailable""], ""stale_observation_flag"": [""unavailable""]}",0.9071252380489733,0.907125238060875,0.5638103194494172,0.47339928643879237,"equal weight per saved row, no mask, natural logarithm",CSV serialization of float32 softmax; reconstruction at saved precision,verified,recomputed
qf_pilot/pilot_seed7_U1,WORKSPACE_ROOT/lob_seq2seq_predictor_qf_queue_20260813_092802/artifacts/runs/pilot_seed7_U1/test_predictions.csv.gz,development_holdout,101574,27,99,20170206,20170630,09:00:00,15:10:00,"same date, origin + 10 minutes, inferred from inspected legacy grid code; no saved endpoint column",0,310176c6a6c65d9dbde9c05d7e2efd11fa9ee80bfc787e82fb265d27997e67c3,True,True,1.1920928966180355e-07,0=Down;1=Flat;2=Up,"[25800, 50465, 25309]",[109],"[""qf_decomposition_dev_v1""]","[""no_investor""]",[7],"[""U1""]","{""original_current_price_flag"": [""unavailable""], ""original_future_price_flag"": [""unavailable""], ""session_regime_flag"": [""unavailable""], ""stale_observation_flag"": [""unavailable""]}",0.9262230976474841,0.9262230976559643,0.5467836257309941,0.48341612792472444,"equal weight per saved row, no mask, natural logarithm",CSV serialization of float32 softmax; reconstruction at saved precision,verified,recomputed
qf_pilot/pilot_seed7_U1,WORKSPACE_ROOT/lob_seq2seq_predictor_qf_queue_20260813_092802/artifacts/runs/pilot_seed7_U1/test_predictions.csv.gz,validation,50274,27,49,20161124,20170203,09:00:00,15:10:00,"same date, origin + 10 minutes, inferred from inspected legacy grid code; no saved endpoint column",0,6968f4b0b3a1737da7aaafc1cb6dbae25aa0f98392832081da405b8ce7a0922e,True,True,1.1920928955078125e-07,0=Down;1=Flat;2=Up,"[12432, 25906, 11936]",[109],"[""qf_decomposition_dev_v1""]","[""no_investor""]",[7],"[""U1""]","{""original_current_price_flag"": [""unavailable""], ""original_future_price_flag"": [""unavailable""], ""session_regime_flag"": [""unavailable""], ""stale_observation_flag"": [""unavailable""]}",0.9083846815374608,0.9083846809526028,0.5582209491983928,0.4888997481799489,"equal weight per saved row, no mask, natural logarithm",CSV serialization of float32 softmax; reconstruction at saved precision,verified,recomputed
qf_pilot/pilot_seed7_UA,WORKSPACE_ROOT/lob_seq2seq_predictor_qf_queue_20260813_092802/artifacts/runs/pilot_seed7_UA/test_predictions.csv.gz,development_holdout,101574,27,99,20170206,20170630,09:00:00,15:10:00,"same date, origin + 10 minutes, inferred from inspected legacy grid code; no saved endpoint column",0,310176c6a6c65d9dbde9c05d7e2efd11fa9ee80bfc787e82fb265d27997e67c3,True,True,1.1920928955078125e-07,0=Down;1=Flat;2=Up,"[25800, 50465, 25309]",[194],"[""qf_decomposition_dev_v1""]","[""no_investor""]",[7],"[""UA""]","{""original_current_price_flag"": [""unavailable""], ""original_future_price_flag"": [""unavailable""], ""session_regime_flag"": [""unavailable""], ""stale_observation_flag"": [""unavailable""]}",0.9200062574201209,0.920006257322762,0.550377064996948,0.4843446818947917,"equal weight per saved row, no mask, natural logarithm",CSV serialization of float32 softmax; reconstruction at saved precision,verified,recomputed
qf_pilot/pilot_seed7_UA,WORKSPACE_ROOT/lob_seq2seq_predictor_qf_queue_20260813_092802/artifacts/runs/pilot_seed7_UA/test_predictions.csv.gz,validation,50274,27,49,20161124,20170203,09:00:00,15:10:00,"same date, origin + 10 minutes, inferred from inspected legacy grid code; no saved endpoint column",0,6968f4b0b3a1737da7aaafc1cb6dbae25aa0f98392832081da405b8ce7a0922e,True,True,1.1920928955078125e-07,0=Down;1=Flat;2=Up,"[12432, 25906, 11936]",[194],"[""qf_decomposition_dev_v1""]","[""no_investor""]",[7],"[""UA""]","{""original_current_price_flag"": [""unavailable""], ""original_future_price_flag"": [""unavailable""], ""session_regime_flag"": [""unavailable""], ""stale_observation_flag"": [""unavailable""]}",0.900098271846795,0.9000982721077275,0.5611250348092454,0.48237454822262543,"equal weight per saved row, no mask, natural logarithm",CSV serialization of float32 softmax; reconstruction at saved precision,verified,recomputed
qf_pilot/pilot_seed7_UC,WORKSPACE_ROOT/lob_seq2seq_predictor_qf_queue_20260813_092802/artifacts/runs/pilot_seed7_UC/test_predictions.csv.gz,development_holdout,101574,27,99,20170206,20170630,09:00:00,15:10:00,"same date, origin + 10 minutes, inferred from inspected legacy grid code; no saved endpoint column",0,310176c6a6c65d9dbde9c05d7e2efd11fa9ee80bfc787e82fb265d27997e67c3,True,True,1.1920928955078125e-07,0=Down;1=Flat;2=Up,"[25800, 50465, 25309]",[153],"[""qf_decomposition_dev_v1""]","[""no_investor""]",[7],"[""UC""]","{""original_current_price_flag"": [""unavailable""], ""original_future_price_flag"": [""unavailable""], ""session_regime_flag"": [""unavailable""], ""stale_observation_flag"": [""unavailable""]}",0.9227861611387266,0.9227861611617573,0.5506724161694921,0.48626761720257416,"equal weight per saved row, no mask, natural logarithm",CSV serialization of float32 softmax; reconstruction at saved precision,verified,recomputed
qf_pilot/pilot_seed7_UC,WORKSPACE_ROOT/lob_seq2seq_predictor_qf_queue_20260813_092802/artifacts/runs/pilot_seed7_UC/test_predictions.csv.gz,validation,50274,27,49,20161124,20170203,09:00:00,15:10:00,"same date, origin + 10 minutes, inferred from inspected legacy grid code; no saved endpoint column",0,6968f4b0b3a1737da7aaafc1cb6dbae25aa0f98392832081da405b8ce7a0922e,True,True,1.1920928977282585e-07,0=Down;1=Flat;2=Up,"[12432, 25906, 11936]",[153],"[""qf_decomposition_dev_v1""]","[""no_investor""]",[7],"[""UC""]","{""original_current_price_flag"": [""unavailable""], ""original_future_price_flag"": [""unavailable""], ""session_regime_flag"": [""unavailable""], ""stale_observation_flag"": [""unavailable""]}",0.9045261094778202,0.9045261095530043,0.560130484942515,0.49029874080399055,"equal weight per saved row, no mask, natural logarithm",CSV serialization of float32 softmax; reconstruction at saved precision,verified,recomputed
qf_pilot/pilot_seed7_UM,WORKSPACE_ROOT/lob_seq2seq_predictor_qf_queue_20260813_092802/artifacts/runs/pilot_seed7_UM/test_predictions.csv.gz,development_holdout,101574,27,99,20170206,20170630,09:00:00,15:10:00,"same date, origin + 10 minutes, inferred from inspected legacy grid code; no saved endpoint column",0,310176c6a6c65d9dbde9c05d7e2efd11fa9ee80bfc787e82fb265d27997e67c3,True,True,9.872019290924072e-08,0=Down;1=Flat;2=Up,"[25800, 50465, 25309]",[5],"[""qf_decomposition_dev_v1""]","[""no_investor""]",[7],"[""UM""]","{""original_current_price_flag"": [""unavailable""], ""original_future_price_flag"": [""unavailable""], ""session_regime_flag"": [""unavailable""], ""stale_observation_flag"": [""unavailable""]}",7.287216378272236,6.72788831879269,0.500807293204954,0.2387054282078751,"equal weight per saved row, no mask, natural logarithm",CSV serialization of float32 softmax; reconstruction at saved precision,verified,recomputed
qf_pilot/pilot_seed7_UM,WORKSPACE_ROOT/lob_seq2seq_predictor_qf_queue_20260813_092802/artifacts/runs/pilot_seed7_UM/test_predictions.csv.gz,validation,50274,27,49,20161124,20170203,09:00:00,15:10:00,"same date, origin + 10 minutes, inferred from inspected legacy grid code; no saved endpoint column",0,6968f4b0b3a1737da7aaafc1cb6dbae25aa0f98392832081da405b8ce7a0922e,True,True,9.685754787103207e-08,0=Down;1=Flat;2=Up,"[12432, 25906, 11936]",[5],"[""qf_decomposition_dev_v1""]","[""no_investor""]",[7],"[""UM""]","{""original_current_price_flag"": [""unavailable""], ""original_future_price_flag"": [""unavailable""], ""session_regime_flag"": [""unavailable""], ""stale_observation_flag"": [""unavailable""]}",5.089239388758059,5.076778719552032,0.5203882722679715,0.2533837575134497,"equal weight per saved row, no mask, natural logarithm",CSV serialization of float32 softmax; reconstruction at saved precision,verified,recomputed
qf_pilot/pilot_seed7_UX,WORKSPACE_ROOT/lob_seq2seq_predictor_qf_queue_20260813_092802/artifacts/runs/pilot_seed7_UX/test_predictions.csv.gz,development_holdout,101574,27,99,20170206,20170630,09:00:00,15:10:00,"same date, origin + 10 minutes, inferred from inspected legacy grid code; no saved endpoint column",0,310176c6a6c65d9dbde9c05d7e2efd11fa9ee80bfc787e82fb265d27997e67c3,True,True,1.1920928955078125e-07,0=Down;1=Flat;2=Up,"[25800, 50465, 25309]",[152],"[""qf_decomposition_dev_v1""]","[""no_investor""]",[7],"[""UX""]","{""original_current_price_flag"": [""unavailable""], ""original_future_price_flag"": [""unavailable""], ""session_regime_flag"": [""unavailable""], ""stale_observation_flag"": [""unavailable""]}",0.9287414437630322,0.9287414437039325,0.5483194518282237,0.468458857768233,"equal weight per saved row, no mask, natural logarithm",CSV serialization of float32 softmax; reconstruction at saved precision,verified,recomputed
qf_pilot/pilot_seed7_UX,WORKSPACE_ROOT/lob_seq2seq_predictor_qf_queue_20260813_092802/artifacts/runs/pilot_seed7_UX/test_predictions.csv.gz,validation,50274,27,49,20161124,20170203,09:00:00,15:10:00,"same date, origin + 10 minutes, inferred from inspected legacy grid code; no saved endpoint column",0,6968f4b0b3a1737da7aaafc1cb6dbae25aa0f98392832081da405b8ce7a0922e,True,True,1.1920928966180355e-07,0=Down;1=Flat;2=Up,"[12432, 25906, 11936]",[152],"[""qf_decomposition_dev_v1""]","[""no_investor""]",[7],"[""UX""]","{""original_current_price_flag"": [""unavailable""], ""original_future_price_flag"": [""unavailable""], ""session_regime_flag"": [""unavailable""], ""stale_observation_flag"": [""unavailable""]}",0.9087612736066333,0.9087612735727745,0.563869992441421,0.4767331742021453,"equal weight per saved row, no mask, natural logarithm",CSV serialization of float32 softmax; reconstruction at saved precision,verified,recomputed
qf_pilot/smoke_S/assets/KR7000030007_t,WORKSPACE_ROOT/lob_seq2seq_predictor_qf_queue_20260813_092802/artifacts/runs/smoke_S/assets/KR7000030007_t/test_predictions.csv.gz,development_holdout,114,1,3,20150714,20150716,09:00:00,15:10:00,"same date, origin + 10 minutes, inferred from inspected legacy grid code; no saved endpoint column",0,eb4dc6f93a3b8ac2ca37ea97782fd48b5c6e0210941704fd054bc526e4f18ded,True,True,1.043081283569336e-07,0=Down;1=Flat;2=Up,"[46, 37, 31]",[2],"[""qf_decomposition_dev_v1""]","[""no_investor""]",[42],"[""S""]","{""original_current_price_flag"": [""unavailable""], ""original_future_price_flag"": [""unavailable""], ""session_regime_flag"": [""unavailable""], ""stale_observation_flag"": [""unavailable""]}",1.177680277884156,1.1776802755313418,0.2543859649122807,0.1351981351981352,"equal weight per saved row, no mask, natural logarithm",CSV serialization of float32 softmax; reconstruction at saved precision,verified,recomputed
qf_pilot/smoke_S/assets/KR7000030007_t,WORKSPACE_ROOT/lob_seq2seq_predictor_qf_queue_20260813_092802/artifacts/runs/smoke_S/assets/KR7000030007_t/test_predictions.csv.gz,validation,38,1,1,20150713,20150713,09:00:00,15:10:00,"same date, origin + 10 minutes, inferred from inspected legacy grid code; no saved endpoint column",0,4bddfdde2193f2d725cef7c1dcced413d85086491284e666f7c2f1f529692c49,True,True,7.450580596923828e-08,0=Down;1=Flat;2=Up,"[16, 9, 13]",[2],"[""qf_decomposition_dev_v1""]","[""no_investor""]",[42],"[""S""]","{""original_current_price_flag"": [""unavailable""], ""original_future_price_flag"": [""unavailable""], ""session_regime_flag"": [""unavailable""], ""stale_observation_flag"": [""unavailable""]}",1.1037353560366636,1.103735365055788,0.2894736842105263,0.14965986394557823,"equal weight per saved row, no mask, natural logarithm",CSV serialization of float32 softmax; reconstruction at saved precision,verified,recomputed
qf_pilot/smoke_S/assets/KR7000120006_t,WORKSPACE_ROOT/lob_seq2seq_predictor_qf_queue_20260813_092802/artifacts/runs/smoke_S/assets/KR7000120006_t/test_predictions.csv.gz,development_holdout,114,1,3,20150714,20150716,09:00:00,15:10:00,"same date, origin + 10 minutes, inferred from inspected legacy grid code; no saved endpoint column",0,61bb88c98be9c3b738df52aa596dbb644d1abad751851bf76a816077257c9c14,True,True,8.940696738513054e-08,0=Down;1=Flat;2=Up,"[37, 42, 35]",[2],"[""qf_decomposition_dev_v1""]","[""no_investor""]",[42],"[""S""]","{""original_current_price_flag"": [""unavailable""], ""original_future_price_flag"": [""unavailable""], ""session_regime_flag"": [""unavailable""], ""stale_observation_flag"": [""unavailable""]}",1.1236553255348127,1.1236553260576612,0.3508771929824561,0.26760471630512667,"equal weight per saved row, no mask, natural logarithm",CSV serialization of float32 softmax; reconstruction at saved precision,verified,recomputed
qf_pilot/smoke_S/assets/KR7000120006_t,WORKSPACE_ROOT/lob_seq2seq_predictor_qf_queue_20260813_092802/artifacts/runs/smoke_S/assets/KR7000120006_t/test_predictions.csv.gz,validation,38,1,1,20150713,20150713,09:00:00,15:10:00,"same date, origin + 10 minutes, inferred from inspected legacy grid code; no saved endpoint column",0,0144bc042d65786d1414ef4b50ee64c0f75043e4e38ae2912c0a5feda3e75bba,True,True,7.450580596923828e-08,0=Down;1=Flat;2=Up,"[11, 12, 15]",[2],"[""qf_decomposition_dev_v1""]","[""no_investor""]",[42],"[""S""]","{""original_current_price_flag"": [""unavailable""], ""original_future_price_flag"": [""unavailable""], ""session_regime_flag"": [""unavailable""], ""stale_observation_flag"": [""unavailable""]}",1.1114206260204895,1.1114206193541811,0.39473684210526316,0.1923076923076923,"equal weight per saved row, no mask, natural logarithm",CSV serialization of float32 softmax; reconstruction at saved precision,verified,recomputed
qf_pilot/smoke_U0,WORKSPACE_ROOT/lob_seq2seq_predictor_qf_queue_20260813_092802/artifacts/runs/smoke_U0/test_predictions.csv.gz,development_holdout,3078,27,3,20150714,20150716,09:00:00,15:10:00,"same date, origin + 10 minutes, inferred from inspected legacy grid code; no saved endpoint column",0,ab0d00777a30edaa7df3f1c882326bb13905b1bd9f261006fd0174fcc75c4507,True,True,1.1920928977282585e-07,0=Down;1=Flat;2=Up,"[1017, 1138, 923]",[2],"[""qf_decomposition_dev_v1""]","[""no_investor""]",[42],"[""U0""]","{""original_current_price_flag"": [""unavailable""], ""original_future_price_flag"": [""unavailable""], ""session_regime_flag"": [""unavailable""], ""stale_observation_flag"": [""unavailable""]}",1.172315873433306,1.1723158724795937,0.3096166341780377,0.22627379888991353,"equal weight per saved row, no mask, natural logarithm",CSV serialization of float32 softmax; reconstruction at saved precision,verified,recomputed
qf_pilot/smoke_U0,WORKSPACE_ROOT/lob_seq2seq_predictor_qf_queue_20260813_092802/artifacts/runs/smoke_U0/test_predictions.csv.gz,validation,1026,27,1,20150713,20150713,09:00:00,15:10:00,"same date, origin + 10 minutes, inferred from inspected legacy grid code; no saved endpoint column",0,b4d5d90e6723cc131b8185f3d2a6350db07e2be763de9506f8466b3fb79039a5,True,True,1.043081285789782e-07,0=Down;1=Flat;2=Up,"[317, 341, 368]",[2],"[""qf_decomposition_dev_v1""]","[""no_investor""]",[42],"[""U0""]","{""original_current_price_flag"": [""unavailable""], ""original_future_price_flag"": [""unavailable""], ""session_regime_flag"": [""unavailable""], ""stale_observation_flag"": [""unavailable""]}",1.1456166614453165,1.145616661285558,0.3557504873294347,0.2525424327332286,"equal weight per saved row, no mask, natural logarithm",CSV serialization of float32 softmax; reconstruction at saved precision,verified,recomputed
qf_pilot/smoke_U1,WORKSPACE_ROOT/lob_seq2seq_predictor_qf_queue_20260813_092802/artifacts/runs/smoke_U1/test_predictions.csv.gz,development_holdout,3078,27,3,20150714,20150716,09:00:00,15:10:00,"same date, origin + 10 minutes, inferred from inspected legacy grid code; no saved endpoint column",0,ab0d00777a30edaa7df3f1c882326bb13905b1bd9f261006fd0174fcc75c4507,True,True,1.043081283569336e-07,0=Down;1=Flat;2=Up,"[1017, 1138, 923]",[2],"[""qf_decomposition_dev_v1""]","[""no_investor""]",[42],"[""U1""]","{""original_current_price_flag"": [""unavailable""], ""original_future_price_flag"": [""unavailable""], ""session_regime_flag"": [""unavailable""], ""stale_observation_flag"": [""unavailable""]}",1.1722661149846372,1.1722661154397092,0.30994152046783624,0.2267387690276342,"equal weight per saved row, no mask, natural logarithm",CSV serialization of float32 softmax; reconstruction at saved precision,verified,recomputed
qf_pilot/smoke_U1,WORKSPACE_ROOT/lob_seq2seq_predictor_qf_queue_20260813_092802/artifacts/runs/smoke_U1/test_predictions.csv.gz,validation,1026,27,1,20150713,20150713,09:00:00,15:10:00,"same date, origin + 10 minutes, inferred from inspected legacy grid code; no saved endpoint column",0,b4d5d90e6723cc131b8185f3d2a6350db07e2be763de9506f8466b3fb79039a5,True,True,1.043081284679559e-07,0=Down;1=Flat;2=Up,"[317, 341, 368]",[2],"[""qf_decomposition_dev_v1""]","[""no_investor""]",[42],"[""U1""]","{""original_current_price_flag"": [""unavailable""], ""original_future_price_flag"": [""unavailable""], ""session_regime_flag"": [""unavailable""], ""stale_observation_flag"": [""unavailable""]}",1.145583928506632,1.1455839290004337,0.3557504873294347,0.2525424327332286,"equal weight per saved row, no mask, natural logarithm",CSV serialization of float32 softmax; reconstruction at saved precision,verified,recomputed
qf_pilot/smoke_UA,WORKSPACE_ROOT/lob_seq2seq_predictor_qf_queue_20260813_092802/artifacts/runs/smoke_UA/test_predictions.csv.gz,development_holdout,3078,27,3,20150714,20150716,09:00:00,15:10:00,"same date, origin + 10 minutes, inferred from inspected legacy grid code; no saved endpoint column",0,ab0d00777a30edaa7df3f1c882326bb13905b1bd9f261006fd0174fcc75c4507,True,True,1.043081283569336e-07,0=Down;1=Flat;2=Up,"[1017, 1138, 923]",[2],"[""qf_decomposition_dev_v1""]","[""no_investor""]",[42],"[""UA""]","{""original_current_price_flag"": [""unavailable""], ""original_future_price_flag"": [""unavailable""], ""session_regime_flag"": [""unavailable""], ""stale_observation_flag"": [""unavailable""]}",1.1082032792718801,1.10820328131486,0.3193632228719948,0.27509451056574813,"equal weight per saved row, no mask, natural logarithm",CSV serialization of float32 softmax; reconstruction at saved precision,verified,recomputed
qf_pilot/smoke_UA,WORKSPACE_ROOT/lob_seq2seq_predictor_qf_queue_20260813_092802/artifacts/runs/smoke_UA/test_predictions.csv.gz,validation,1026,27,1,20150713,20150713,09:00:00,15:10:00,"same date, origin + 10 minutes, inferred from inspected legacy grid code; no saved endpoint column",0,b4d5d90e6723cc131b8185f3d2a6350db07e2be763de9506f8466b3fb79039a5,True,True,8.940696738513054e-08,0=Down;1=Flat;2=Up,"[317, 341, 368]",[2],"[""qf_decomposition_dev_v1""]","[""no_investor""]",[42],"[""UA""]","{""original_current_price_flag"": [""unavailable""], ""original_future_price_flag"": [""unavailable""], ""session_regime_flag"": [""unavailable""], ""stale_observation_flag"": [""unavailable""]}",1.1172014460058788,1.1172014465142037,0.29922027290448344,0.26742175203713664,"equal weight per saved row, no mask, natural logarithm",CSV serialization of float32 softmax; reconstruction at saved precision,verified,recomputed
qf_pilot/smoke_UC,WORKSPACE_ROOT/lob_seq2seq_predictor_qf_queue_20260813_092802/artifacts/runs/smoke_UC/test_predictions.csv.gz,development_holdout,3078,27,3,20150714,20150716,09:00:00,15:10:00,"same date, origin + 10 minutes, inferred from inspected legacy grid code; no saved endpoint column",0,ab0d00777a30edaa7df3f1c882326bb13905b1bd9f261006fd0174fcc75c4507,True,True,8.940696738513054e-08,0=Down;1=Flat;2=Up,"[1017, 1138, 923]",[2],"[""qf_decomposition_dev_v1""]","[""no_investor""]",[42],"[""UC""]","{""original_current_price_flag"": [""unavailable""], ""original_future_price_flag"": [""unavailable""], ""session_regime_flag"": [""unavailable""], ""stale_observation_flag"": [""unavailable""]}",1.1186031918396693,1.1186031923286295,0.310916179337232,0.23928985375476505,"equal weight per saved row, no mask, natural logarithm",CSV serialization of float32 softmax; reconstruction at saved precision,verified,recomputed
qf_pilot/smoke_UC,WORKSPACE_ROOT/lob_seq2seq_predictor_qf_queue_20260813_092802/artifacts/runs/smoke_UC/test_predictions.csv.gz,validation,1026,27,1,20150713,20150713,09:00:00,15:10:00,"same date, origin + 10 minutes, inferred from inspected legacy grid code; no saved endpoint column",0,b4d5d90e6723cc131b8185f3d2a6350db07e2be763de9506f8466b3fb79039a5,True,True,8.940696738513054e-08,0=Down;1=Flat;2=Up,"[317, 341, 368]",[2],"[""qf_decomposition_dev_v1""]","[""no_investor""]",[42],"[""UC""]","{""original_current_price_flag"": [""unavailable""], ""original_future_price_flag"": [""unavailable""], ""session_regime_flag"": [""unavailable""], ""stale_observation_flag"": [""unavailable""]}",1.1230069210992946,1.1230069215495253,0.2884990253411306,0.23104334292717935,"equal weight per saved row, no mask, natural logarithm",CSV serialization of float32 softmax; reconstruction at saved precision,verified,recomputed
qf_pilot/smoke_UM,WORKSPACE_ROOT/lob_seq2seq_predictor_qf_queue_20260813_092802/artifacts/runs/smoke_UM/test_predictions.csv.gz,development_holdout,3078,27,3,20150714,20150716,09:00:00,15:10:00,"same date, origin + 10 minutes, inferred from inspected legacy grid code; no saved endpoint column",0,ab0d00777a30edaa7df3f1c882326bb13905b1bd9f261006fd0174fcc75c4507,True,True,0.0,0=Down;1=Flat;2=Up,"[1017, 1138, 923]",[1],"[""qf_decomposition_dev_v1""]","[""no_investor""]",[42],"[""UM""]","{""original_current_price_flag"": [""unavailable""], ""original_future_price_flag"": [""unavailable""], ""session_regime_flag"": [""unavailable""], ""stale_observation_flag"": [""unavailable""]}",25.235241407910156,19.345305557123467,0.2998700454840806,0.1537948846121803,"equal weight per saved row, no mask, natural logarithm",CSV serialization of float32 softmax; reconstruction at saved precision,verified,recomputed
qf_pilot/smoke_UM,WORKSPACE_ROOT/lob_seq2seq_predictor_qf_queue_20260813_092802/artifacts/runs/smoke_UM/test_predictions.csv.gz,validation,1026,27,1,20150713,20150713,09:00:00,15:10:00,"same date, origin + 10 minutes, inferred from inspected legacy grid code; no saved endpoint column",0,b4d5d90e6723cc131b8185f3d2a6350db07e2be763de9506f8466b3fb79039a5,True,True,0.0,0=Down;1=Flat;2=Up,"[317, 341, 368]",[1],"[""qf_decomposition_dev_v1""]","[""no_investor""]",[42],"[""UM""]","{""original_current_price_flag"": [""unavailable""], ""original_future_price_flag"": [""unavailable""], ""session_regime_flag"": [""unavailable""], ""stale_observation_flag"": [""unavailable""]}",23.115715331422106,17.72047942912377,0.3586744639376218,0.1759923481587757,"equal weight per saved row, no mask, natural logarithm",CSV serialization of float32 softmax; reconstruction at saved precision,verified,recomputed
qf_pilot/smoke_UX,WORKSPACE_ROOT/lob_seq2seq_predictor_qf_queue_20260813_092802/artifacts/runs/smoke_UX/test_predictions.csv.gz,development_holdout,3078,27,3,20150714,20150716,09:00:00,15:10:00,"same date, origin + 10 minutes, inferred from inspected legacy grid code; no saved endpoint column",0,ab0d00777a30edaa7df3f1c882326bb13905b1bd9f261006fd0174fcc75c4507,True,True,1.1175870895385742e-07,0=Down;1=Flat;2=Up,"[1017, 1138, 923]",[2],"[""qf_decomposition_dev_v1""]","[""no_investor""]",[42],"[""UX""]","{""original_current_price_flag"": [""unavailable""], ""original_future_price_flag"": [""unavailable""], ""session_regime_flag"": [""unavailable""], ""stale_observation_flag"": [""unavailable""]}",1.3453939486482216,1.3453939479268862,0.3083170890188434,0.23171138777405234,"equal weight per saved row, no mask, natural logarithm",CSV serialization of float32 softmax; reconstruction at saved precision,verified,recomputed
qf_pilot/smoke_UX,WORKSPACE_ROOT/lob_seq2seq_predictor_qf_queue_20260813_092802/artifacts/runs/smoke_UX/test_predictions.csv.gz,validation,1026,27,1,20150713,20150713,09:00:00,15:10:00,"same date, origin + 10 minutes, inferred from inspected legacy grid code; no saved endpoint column",0,b4d5d90e6723cc131b8185f3d2a6350db07e2be763de9506f8466b3fb79039a5,True,True,1.1175870895385742e-07,0=Down;1=Flat;2=Up,"[317, 341, 368]",[2],"[""qf_decomposition_dev_v1""]","[""no_investor""]",[42],"[""UX""]","{""original_current_price_flag"": [""unavailable""], ""original_future_price_flag"": [""unavailable""], ""session_regime_flag"": [""unavailable""], ""stale_observation_flag"": [""unavailable""]}",1.2866534558264842,1.2866534556376787,0.34502923976608185,0.24898182965320972,"equal weight per saved row, no mask, natural logarithm",CSV serialization of float32 softmax; reconstruction at saved precision,verified,recomputed
qf_discrimination/D_UM_V2_DEPTH_42,WORKSPACE_ROOT/lob_seq2seq_predictor_qf_discrimination_20260813_115217/artifacts/qf_discrimination/20260813_115217/runs/D_UM_V2_DEPTH_42/test_predictions.csv.gz,development_holdout,101574,27,99,20170206,20170630,09:00:00,15:10:00,"same date, origin + 10 minutes, inferred from inspected legacy grid code; no saved endpoint column",0,310176c6a6c65d9dbde9c05d7e2efd11fa9ee80bfc787e82fb265d27997e67c3,True,True,1.4000000003733248e-07,0=Down;1=Flat;2=Up,"[25800, 50465, 25309]",[128],"[""qf_discrimination_dev_v1""]","[""no_investor""]",[42],"[""UM_V2_DEPTH""]","{""original_current_price_flag"": [""unavailable""], ""original_future_price_flag"": [""unavailable""], ""session_regime_flag"": [""unavailable""], ""stale_observation_flag"": [""unavailable""]}",0.9230345074872538,0.9230345075909102,0.5495599267529092,0.4747972741744553,"equal weight per saved row, no mask, natural logarithm",CSV serialization of float32 softmax; reconstruction at saved precision,verified,recomputed
qf_discrimination/D_UM_V2_DEPTH_42,WORKSPACE_ROOT/lob_seq2seq_predictor_qf_discrimination_20260813_115217/artifacts/qf_discrimination/20260813_115217/runs/D_UM_V2_DEPTH_42/test_predictions.csv.gz,validation,50274,27,49,20161124,20170203,09:00:00,15:10:00,"same date, origin + 10 minutes, inferred from inspected legacy grid code; no saved endpoint column",0,6968f4b0b3a1737da7aaafc1cb6dbae25aa0f98392832081da405b8ce7a0922e,True,True,1.300000000981072e-07,0=Down;1=Flat;2=Up,"[12432, 25906, 11936]",[128],"[""qf_discrimination_dev_v1""]","[""no_investor""]",[42],"[""UM_V2_DEPTH""]","{""original_current_price_flag"": [""unavailable""], ""original_future_price_flag"": [""unavailable""], ""session_regime_flag"": [""unavailable""], ""stale_observation_flag"": [""unavailable""]}",0.9049761555943313,0.9049761557490092,0.559275172057127,0.47899611159803096,"equal weight per saved row, no mask, natural logarithm",CSV serialization of float32 softmax; reconstruction at saved precision,verified,recomputed
qf_discrimination/D_UM_V2_LITE_42,WORKSPACE_ROOT/lob_seq2seq_predictor_qf_discrimination_20260813_115217/artifacts/qf_discrimination/20260813_115217/runs/D_UM_V2_LITE_42/test_predictions.csv.gz,development_holdout,101574,27,99,20170206,20170630,09:00:00,15:10:00,"same date, origin + 10 minutes, inferred from inspected legacy grid code; no saved endpoint column",0,310176c6a6c65d9dbde9c05d7e2efd11fa9ee80bfc787e82fb265d27997e67c3,True,True,1.4000000003733248e-07,0=Down;1=Flat;2=Up,"[25800, 50465, 25309]",[131],"[""qf_discrimination_dev_v1""]","[""no_investor""]",[42],"[""UM_V2_LITE""]","{""original_current_price_flag"": [""unavailable""], ""original_future_price_flag"": [""unavailable""], ""session_regime_flag"": [""unavailable""], ""stale_observation_flag"": [""unavailable""]}",0.9242850097609537,0.9242850098814193,0.5487920137042944,0.48232429194100607,"equal weight per saved row, no mask, natural logarithm",CSV serialization of float32 softmax; reconstruction at saved precision,verified,recomputed
qf_discrimination/D_UM_V2_LITE_42,WORKSPACE_ROOT/lob_seq2seq_predictor_qf_discrimination_20260813_115217/artifacts/qf_discrimination/20260813_115217/runs/D_UM_V2_LITE_42/test_predictions.csv.gz,validation,50274,27,49,20161124,20170203,09:00:00,15:10:00,"same date, origin + 10 minutes, inferred from inspected legacy grid code; no saved endpoint column",0,6968f4b0b3a1737da7aaafc1cb6dbae25aa0f98392832081da405b8ce7a0922e,True,True,1.300000000981072e-07,0=Down;1=Flat;2=Up,"[12432, 25906, 11936]",[131],"[""qf_discrimination_dev_v1""]","[""no_investor""]",[42],"[""UM_V2_LITE""]","{""original_current_price_flag"": [""unavailable""], ""original_future_price_flag"": [""unavailable""], ""session_regime_flag"": [""unavailable""], ""stale_observation_flag"": [""unavailable""]}",0.907778818784631,0.9077788189792901,0.5561125034809246,0.4832187505849823,"equal weight per saved row, no mask, natural logarithm",CSV serialization of float32 softmax; reconstruction at saved precision,verified,recomputed
qf_discrimination/D_selected_123,WORKSPACE_ROOT/lob_seq2seq_predictor_qf_discrimination_20260813_115217/artifacts/qf_discrimination/20260813_115217/runs/D_selected_123/test_predictions.csv.gz,development_holdout,101574,27,99,20170206,20170630,09:00:00,15:10:00,"same date, origin + 10 minutes, inferred from inspected legacy grid code; no saved endpoint column",0,310176c6a6c65d9dbde9c05d7e2efd11fa9ee80bfc787e82fb265d27997e67c3,True,True,1.4000000003733248e-07,0=Down;1=Flat;2=Up,"[25800, 50465, 25309]",[127],"[""qf_discrimination_dev_v1""]","[""no_investor""]",[123],"[""UM_V2_DEPTH""]","{""original_current_price_flag"": [""unavailable""], ""original_future_price_flag"": [""unavailable""], ""session_regime_flag"": [""unavailable""], ""stale_observation_flag"": [""unavailable""]}",0.9232359327094236,0.9232359329146577,0.5493925610884676,0.47722000000656023,"equal weight per saved row, no mask, natural logarithm",CSV serialization of float32 softmax; reconstruction at saved precision,verified,recomputed
qf_discrimination/D_selected_123,WORKSPACE_ROOT/lob_seq2seq_predictor_qf_discrimination_20260813_115217/artifacts/qf_discrimination/20260813_115217/runs/D_selected_123/test_predictions.csv.gz,validation,50274,27,49,20161124,20170203,09:00:00,15:10:00,"same date, origin + 10 minutes, inferred from inspected legacy grid code; no saved endpoint column",0,6968f4b0b3a1737da7aaafc1cb6dbae25aa0f98392832081da405b8ce7a0922e,True,True,1.3999999992631018e-07,0=Down;1=Flat;2=Up,"[12432, 25906, 11936]",[127],"[""qf_discrimination_dev_v1""]","[""no_investor""]",[123],"[""UM_V2_DEPTH""]","{""original_current_price_flag"": [""unavailable""], ""original_future_price_flag"": [""unavailable""], ""session_regime_flag"": [""unavailable""], ""stale_observation_flag"": [""unavailable""]}",0.9059079165402135,0.9059079165812638,0.5592154990651231,0.48151923620539594,"equal weight per saved row, no mask, natural logarithm",CSV serialization of float32 softmax; reconstruction at saved precision,verified,recomputed
qf_discrimination/D_selected_7,WORKSPACE_ROOT/lob_seq2seq_predictor_qf_discrimination_20260813_115217/artifacts/qf_discrimination/20260813_115217/runs/D_selected_7/test_predictions.csv.gz,development_holdout,101574,27,99,20170206,20170630,09:00:00,15:10:00,"same date, origin + 10 minutes, inferred from inspected legacy grid code; no saved endpoint column",0,310176c6a6c65d9dbde9c05d7e2efd11fa9ee80bfc787e82fb265d27997e67c3,True,True,1.300000000981072e-07,0=Down;1=Flat;2=Up,"[25800, 50465, 25309]",[122],"[""qf_discrimination_dev_v1""]","[""no_investor""]",[7],"[""UM_V2_DEPTH""]","{""original_current_price_flag"": [""unavailable""], ""original_future_price_flag"": [""unavailable""], ""session_regime_flag"": [""unavailable""], ""stale_observation_flag"": [""unavailable""]}",0.9244500792889938,0.9244500792527357,0.5475712288577785,0.47463590616745854,"equal weight per saved row, no mask, natural logarithm",CSV serialization of float32 softmax; reconstruction at saved precision,verified,recomputed
qf_discrimination/D_selected_7,WORKSPACE_ROOT/lob_seq2seq_predictor_qf_discrimination_20260813_115217/artifacts/qf_discrimination/20260813_115217/runs/D_selected_7/test_predictions.csv.gz,validation,50274,27,49,20161124,20170203,09:00:00,15:10:00,"same date, origin + 10 minutes, inferred from inspected legacy grid code; no saved endpoint column",0,6968f4b0b3a1737da7aaafc1cb6dbae25aa0f98392832081da405b8ce7a0922e,True,True,1.200000001588819e-07,0=Down;1=Flat;2=Up,"[12432, 25906, 11936]",[122],"[""qf_discrimination_dev_v1""]","[""no_investor""]",[7],"[""UM_V2_DEPTH""]","{""original_current_price_flag"": [""unavailable""], ""original_future_price_flag"": [""unavailable""], ""session_regime_flag"": [""unavailable""], ""stale_observation_flag"": [""unavailable""]}",0.9069725378807614,0.9069725377616131,0.5576441102756893,0.4791302951023391,"equal weight per saved row, no mask, natural logarithm",CSV serialization of float32 softmax; reconstruction at saved precision,verified,recomputed
qf_discrimination/D_smoke_DEPTH,WORKSPACE_ROOT/lob_seq2seq_predictor_qf_discrimination_20260813_115217/artifacts/qf_discrimination/20260813_115217/runs/D_smoke_DEPTH/test_predictions.csv.gz,development_holdout,3078,27,3,20150714,20150716,09:00:00,15:10:00,"same date, origin + 10 minutes, inferred from inspected legacy grid code; no saved endpoint column",0,ab0d00777a30edaa7df3f1c882326bb13905b1bd9f261006fd0174fcc75c4507,True,True,1.200000001588819e-07,0=Down;1=Flat;2=Up,"[1017, 1138, 923]",[2],"[""qf_discrimination_dev_v1""]","[""no_investor""]",[42],"[""UM_V2_DEPTH""]","{""original_current_price_flag"": [""unavailable""], ""original_future_price_flag"": [""unavailable""], ""session_regime_flag"": [""unavailable""], ""stale_observation_flag"": [""unavailable""]}",1.1717130668418023,1.171713066653369,0.3161143599740091,0.25230467765736475,"equal weight per saved row, no mask, natural logarithm",CSV serialization of float32 softmax; reconstruction at saved precision,verified,recomputed
qf_discrimination/D_smoke_DEPTH,WORKSPACE_ROOT/lob_seq2seq_predictor_qf_discrimination_20260813_115217/artifacts/qf_discrimination/20260813_115217/runs/D_smoke_DEPTH/test_predictions.csv.gz,validation,1026,27,1,20150713,20150713,09:00:00,15:10:00,"same date, origin + 10 minutes, inferred from inspected legacy grid code; no saved endpoint column",0,b4d5d90e6723cc131b8185f3d2a6350db07e2be763de9506f8466b3fb79039a5,True,True,1.300000000981072e-07,0=Down;1=Flat;2=Up,"[317, 341, 368]",[2],"[""qf_discrimination_dev_v1""]","[""no_investor""]",[42],"[""UM_V2_DEPTH""]","{""original_current_price_flag"": [""unavailable""], ""original_future_price_flag"": [""unavailable""], ""session_regime_flag"": [""unavailable""], ""stale_observation_flag"": [""unavailable""]}",1.1415438877497697,1.1415438885782305,0.3635477582846004,0.2922441455819517,"equal weight per saved row, no mask, natural logarithm",CSV serialization of float32 softmax; reconstruction at saved precision,verified,recomputed
qf_discrimination/D_smoke_LITE,WORKSPACE_ROOT/lob_seq2seq_predictor_qf_discrimination_20260813_115217/artifacts/qf_discrimination/20260813_115217/runs/D_smoke_LITE/test_predictions.csv.gz,development_holdout,3078,27,3,20150714,20150716,09:00:00,15:10:00,"same date, origin + 10 minutes, inferred from inspected legacy grid code; no saved endpoint column",0,ab0d00777a30edaa7df3f1c882326bb13905b1bd9f261006fd0174fcc75c4507,True,True,1.300000000981072e-07,0=Down;1=Flat;2=Up,"[1017, 1138, 923]",[2],"[""qf_discrimination_dev_v1""]","[""no_investor""]",[42],"[""UM_V2_LITE""]","{""original_current_price_flag"": [""unavailable""], ""original_future_price_flag"": [""unavailable""], ""session_regime_flag"": [""unavailable""], ""stale_observation_flag"": [""unavailable""]}",1.1826391843594783,1.1826391839273807,0.30441845354126057,0.21092212508809238,"equal weight per saved row, no mask, natural logarithm",CSV serialization of float32 softmax; reconstruction at saved precision,verified,recomputed
qf_discrimination/D_smoke_LITE,WORKSPACE_ROOT/lob_seq2seq_predictor_qf_discrimination_20260813_115217/artifacts/qf_discrimination/20260813_115217/runs/D_smoke_LITE/test_predictions.csv.gz,validation,1026,27,1,20150713,20150713,09:00:00,15:10:00,"same date, origin + 10 minutes, inferred from inspected legacy grid code; no saved endpoint column",0,b4d5d90e6723cc131b8185f3d2a6350db07e2be763de9506f8466b3fb79039a5,True,True,1.300000000981072e-07,0=Down;1=Flat;2=Up,"[317, 341, 368]",[2],"[""qf_discrimination_dev_v1""]","[""no_investor""]",[42],"[""UM_V2_LITE""]","{""original_current_price_flag"": [""unavailable""], ""original_future_price_flag"": [""unavailable""], ""session_regime_flag"": [""unavailable""], ""stale_observation_flag"": [""unavailable""]}",1.1566240554757632,1.1566240563139707,0.3654970760233918,0.24216197603983994,"equal weight per saved row, no mask, natural logarithm",CSV serialization of float32 softmax; reconstruction at saved precision,verified,recomputed
qf_discrimination/F_PAIR_1_HALF_LR_UA_42,WORKSPACE_ROOT/lob_seq2seq_predictor_qf_discrimination_20260813_115217/artifacts/qf_discrimination/20260813_115217/runs/F_PAIR_1_HALF_LR_UA_42/test_predictions.csv.gz,development_holdout,101574,27,99,20170206,20170630,09:00:00,15:10:00,"same date, origin + 10 minutes, inferred from inspected legacy grid code; no saved endpoint column",0,310176c6a6c65d9dbde9c05d7e2efd11fa9ee80bfc787e82fb265d27997e67c3,True,True,1.300000000981072e-07,0=Down;1=Flat;2=Up,"[25800, 50465, 25309]",[132],"[""qf_discrimination_dev_v1""]","[""no_investor""]",[42],"[""UA""]","{""original_current_price_flag"": [""unavailable""], ""original_future_price_flag"": [""unavailable""], ""session_regime_flag"": [""unavailable""], ""stale_observation_flag"": [""unavailable""]}",0.9331487522804722,0.9331487523933435,0.5448441530312875,0.47576462529278984,"equal weight per saved row, no mask, natural logarithm",CSV serialization of float32 softmax; reconstruction at saved precision,verified,recomputed
qf_discrimination/F_PAIR_1_HALF_LR_UA_42,WORKSPACE_ROOT/lob_seq2seq_predictor_qf_discrimination_20260813_115217/artifacts/qf_discrimination/20260813_115217/runs/F_PAIR_1_HALF_LR_UA_42/test_predictions.csv.gz,validation,50274,27,49,20161124,20170203,09:00:00,15:10:00,"same date, origin + 10 minutes, inferred from inspected legacy grid code; no saved endpoint column",0,6968f4b0b3a1737da7aaafc1cb6dbae25aa0f98392832081da405b8ce7a0922e,True,True,1.2499999990644994e-07,0=Down;1=Flat;2=Up,"[12432, 25906, 11936]",[132],"[""qf_discrimination_dev_v1""]","[""no_investor""]",[42],"[""UA""]","{""original_current_price_flag"": [""unavailable""], ""original_future_price_flag"": [""unavailable""], ""session_regime_flag"": [""unavailable""], ""stale_observation_flag"": [""unavailable""]}",0.9136245142547258,0.9136245143375589,0.5570075983609818,0.4742831552330508,"equal weight per saved row, no mask, natural logarithm",CSV serialization of float32 softmax; reconstruction at saved precision,verified,recomputed
qf_discrimination/F_PAIR_1_HALF_LR_UC_42,WORKSPACE_ROOT/lob_seq2seq_predictor_qf_discrimination_20260813_115217/artifacts/qf_discrimination/20260813_115217/runs/F_PAIR_1_HALF_LR_UC_42/test_predictions.csv.gz,development_holdout,101574,27,99,20170206,20170630,09:00:00,15:10:00,"same date, origin + 10 minutes, inferred from inspected legacy grid code; no saved endpoint column",0,310176c6a6c65d9dbde9c05d7e2efd11fa9ee80bfc787e82fb265d27997e67c3,True,True,1.300000000981072e-07,0=Down;1=Flat;2=Up,"[25800, 50465, 25309]",[188],"[""qf_discrimination_dev_v1""]","[""no_investor""]",[42],"[""UC""]","{""original_current_price_flag"": [""unavailable""], ""original_future_price_flag"": [""unavailable""], ""session_regime_flag"": [""unavailable""], ""stale_observation_flag"": [""unavailable""]}",0.9229890783181417,0.9229890783490549,0.549973418394471,0.47520645277861645,"equal weight per saved row, no mask, natural logarithm",CSV serialization of float32 softmax; reconstruction at saved precision,verified,recomputed
qf_discrimination/F_PAIR_1_HALF_LR_UC_42,WORKSPACE_ROOT/lob_seq2seq_predictor_qf_discrimination_20260813_115217/artifacts/qf_discrimination/20260813_115217/runs/F_PAIR_1_HALF_LR_UC_42/test_predictions.csv.gz,validation,50274,27,49,20161124,20170203,09:00:00,15:10:00,"same date, origin + 10 minutes, inferred from inspected legacy grid code; no saved endpoint column",0,6968f4b0b3a1737da7aaafc1cb6dbae25aa0f98392832081da405b8ce7a0922e,True,True,1.299999999870849e-07,0=Down;1=Flat;2=Up,"[12432, 25906, 11936]",[188],"[""qf_discrimination_dev_v1""]","[""no_investor""]",[42],"[""UC""]","{""original_current_price_flag"": [""unavailable""], ""original_future_price_flag"": [""unavailable""], ""session_regime_flag"": [""unavailable""], ""stale_observation_flag"": [""unavailable""]}",0.9038680847015023,0.9038680847868389,0.5625174046226677,0.48075430729960367,"equal weight per saved row, no mask, natural logarithm",CSV serialization of float32 softmax; reconstruction at saved precision,verified,recomputed
qf_discrimination/F_PAIR_2_DOUBLE_LR_UA_42,WORKSPACE_ROOT/lob_seq2seq_predictor_qf_discrimination_20260813_115217/artifacts/qf_discrimination/20260813_115217/runs/F_PAIR_2_DOUBLE_LR_UA_42/test_predictions.csv.gz,development_holdout,101574,27,99,20170206,20170630,09:00:00,15:10:00,"same date, origin + 10 minutes, inferred from inspected legacy grid code; no saved endpoint column",0,310176c6a6c65d9dbde9c05d7e2efd11fa9ee80bfc787e82fb265d27997e67c3,True,True,1.300000000981072e-07,0=Down;1=Flat;2=Up,"[25800, 50465, 25309]",[178],"[""qf_discrimination_dev_v1""]","[""no_investor""]",[42],"[""UA""]","{""original_current_price_flag"": [""unavailable""], ""original_future_price_flag"": [""unavailable""], ""session_regime_flag"": [""unavailable""], ""stale_observation_flag"": [""unavailable""]}",0.908952595581859,0.9089525953158996,0.5542855455136156,0.4805662263980737,"equal weight per saved row, no mask, natural logarithm",CSV serialization of float32 softmax; reconstruction at saved precision,verified,recomputed
qf_discrimination/F_PAIR_2_DOUBLE_LR_UA_42,WORKSPACE_ROOT/lob_seq2seq_predictor_qf_discrimination_20260813_115217/artifacts/qf_discrimination/20260813_115217/runs/F_PAIR_2_DOUBLE_LR_UA_42/test_predictions.csv.gz,validation,50274,27,49,20161124,20170203,09:00:00,15:10:00,"same date, origin + 10 minutes, inferred from inspected legacy grid code; no saved endpoint column",0,6968f4b0b3a1737da7aaafc1cb6dbae25aa0f98392832081da405b8ce7a0922e,True,True,1.4000000003733248e-07,0=Down;1=Flat;2=Up,"[12432, 25906, 11936]",[178],"[""qf_discrimination_dev_v1""]","[""no_investor""]",[42],"[""UA""]","{""original_current_price_flag"": [""unavailable""], ""original_future_price_flag"": [""unavailable""], ""session_regime_flag"": [""unavailable""], ""stale_observation_flag"": [""unavailable""]}",0.8875930497053438,0.8875930495891329,0.568265902852369,0.48361838505512794,"equal weight per saved row, no mask, natural logarithm",CSV serialization of float32 softmax; reconstruction at saved precision,verified,recomputed
qf_discrimination/F_PAIR_2_DOUBLE_LR_UC_42,WORKSPACE_ROOT/lob_seq2seq_predictor_qf_discrimination_20260813_115217/artifacts/qf_discrimination/20260813_115217/runs/F_PAIR_2_DOUBLE_LR_UC_42/test_predictions.csv.gz,development_holdout,101574,27,99,20170206,20170630,09:00:00,15:10:00,"same date, origin + 10 minutes, inferred from inspected legacy grid code; no saved endpoint column",0,310176c6a6c65d9dbde9c05d7e2efd11fa9ee80bfc787e82fb265d27997e67c3,True,True,1.300000000981072e-07,0=Down;1=Flat;2=Up,"[25800, 50465, 25309]",[67],"[""qf_discrimination_dev_v1""]","[""no_investor""]",[42],"[""UC""]","{""original_current_price_flag"": [""unavailable""], ""original_future_price_flag"": [""unavailable""], ""session_regime_flag"": [""unavailable""], ""stale_observation_flag"": [""unavailable""]}",0.9231204689820461,0.9231204687675141,0.5506231909740682,0.47448798791985786,"equal weight per saved row, no mask, natural logarithm",CSV serialization of float32 softmax; reconstruction at saved precision,verified,recomputed
qf_discrimination/F_PAIR_2_DOUBLE_LR_UC_42,WORKSPACE_ROOT/lob_seq2seq_predictor_qf_discrimination_20260813_115217/artifacts/qf_discrimination/20260813_115217/runs/F_PAIR_2_DOUBLE_LR_UC_42/test_predictions.csv.gz,validation,50274,27,49,20161124,20170203,09:00:00,15:10:00,"same date, origin + 10 minutes, inferred from inspected legacy grid code; no saved endpoint column",0,6968f4b0b3a1737da7aaafc1cb6dbae25aa0f98392832081da405b8ce7a0922e,True,True,1.199999999368373e-07,0=Down;1=Flat;2=Up,"[12432, 25906, 11936]",[67],"[""qf_discrimination_dev_v1""]","[""no_investor""]",[42],"[""UC""]","{""original_current_price_flag"": [""unavailable""], ""original_future_price_flag"": [""unavailable""], ""session_regime_flag"": [""unavailable""], ""stale_observation_flag"": [""unavailable""]}",0.9034289207296217,0.9034289212027057,0.5619604566972988,0.4783744387826679,"equal weight per saved row, no mask, natural logarithm",CSV serialization of float32 softmax; reconstruction at saved precision,verified,recomputed
qf_discrimination/F_PAIR_3_LOW_DROPOUT_UA_42,WORKSPACE_ROOT/lob_seq2seq_predictor_qf_discrimination_20260813_115217/artifacts/qf_discrimination/20260813_115217/runs/F_PAIR_3_LOW_DROPOUT_UA_42/test_predictions.csv.gz,development_holdout,101574,27,99,20170206,20170630,09:00:00,15:10:00,"same date, origin + 10 minutes, inferred from inspected legacy grid code; no saved endpoint column",0,310176c6a6c65d9dbde9c05d7e2efd11fa9ee80bfc787e82fb265d27997e67c3,True,True,1.300000000981072e-07,0=Down;1=Flat;2=Up,"[25800, 50465, 25309]",[84],"[""qf_discrimination_dev_v1""]","[""no_investor""]",[42],"[""UA""]","{""original_current_price_flag"": [""unavailable""], ""original_future_price_flag"": [""unavailable""], ""session_regime_flag"": [""unavailable""], ""stale_observation_flag"": [""unavailable""]}",0.9343396195012602,0.9343396195957192,0.5445291117805737,0.48122562545021497,"equal weight per saved row, no mask, natural logarithm",CSV serialization of float32 softmax; reconstruction at saved precision,verified,recomputed
qf_discrimination/F_PAIR_3_LOW_DROPOUT_UA_42,WORKSPACE_ROOT/lob_seq2seq_predictor_qf_discrimination_20260813_115217/artifacts/qf_discrimination/20260813_115217/runs/F_PAIR_3_LOW_DROPOUT_UA_42/test_predictions.csv.gz,validation,50274,27,49,20161124,20170203,09:00:00,15:10:00,"same date, origin + 10 minutes, inferred from inspected legacy grid code; no saved endpoint column",0,6968f4b0b3a1737da7aaafc1cb6dbae25aa0f98392832081da405b8ce7a0922e,True,True,1.299999999870849e-07,0=Down;1=Flat;2=Up,"[12432, 25906, 11936]",[84],"[""qf_discrimination_dev_v1""]","[""no_investor""]",[42],"[""UA""]","{""original_current_price_flag"": [""unavailable""], ""original_future_price_flag"": [""unavailable""], ""session_regime_flag"": [""unavailable""], ""stale_observation_flag"": [""unavailable""]}",0.9148873814358846,0.9148873812726738,0.5568882523769741,0.4802864102337578,"equal weight per saved row, no mask, natural logarithm",CSV serialization of float32 softmax; reconstruction at saved precision,verified,recomputed
qf_discrimination/F_PAIR_3_LOW_DROPOUT_UC_42,WORKSPACE_ROOT/lob_seq2seq_predictor_qf_discrimination_20260813_115217/artifacts/qf_discrimination/20260813_115217/runs/F_PAIR_3_LOW_DROPOUT_UC_42/test_predictions.csv.gz,development_holdout,101574,27,99,20170206,20170630,09:00:00,15:10:00,"same date, origin + 10 minutes, inferred from inspected legacy grid code; no saved endpoint column",0,310176c6a6c65d9dbde9c05d7e2efd11fa9ee80bfc787e82fb265d27997e67c3,True,True,1.4000000003733248e-07,0=Down;1=Flat;2=Up,"[25800, 50465, 25309]",[131],"[""qf_discrimination_dev_v1""]","[""no_investor""]",[42],"[""UC""]","{""original_current_price_flag"": [""unavailable""], ""original_future_price_flag"": [""unavailable""], ""session_regime_flag"": [""unavailable""], ""stale_observation_flag"": [""unavailable""]}",0.9233105770548043,0.92331057700699,0.549973418394471,0.47618258517433426,"equal weight per saved row, no mask, natural logarithm",CSV serialization of float32 softmax; reconstruction at saved precision,verified,recomputed
qf_discrimination/F_PAIR_3_LOW_DROPOUT_UC_42,WORKSPACE_ROOT/lob_seq2seq_predictor_qf_discrimination_20260813_115217/artifacts/qf_discrimination/20260813_115217/runs/F_PAIR_3_LOW_DROPOUT_UC_42/test_predictions.csv.gz,validation,50274,27,49,20161124,20170203,09:00:00,15:10:00,"same date, origin + 10 minutes, inferred from inspected legacy grid code; no saved endpoint column",0,6968f4b0b3a1737da7aaafc1cb6dbae25aa0f98392832081da405b8ce7a0922e,True,True,1.299999999870849e-07,0=Down;1=Flat;2=Up,"[12432, 25906, 11936]",[131],"[""qf_discrimination_dev_v1""]","[""no_investor""]",[42],"[""UC""]","{""original_current_price_flag"": [""unavailable""], ""original_future_price_flag"": [""unavailable""], ""session_regime_flag"": [""unavailable""], ""stale_observation_flag"": [""unavailable""]}",0.9037079612503184,0.9037079610657891,0.5619604566972988,0.48143147020688337,"equal weight per saved row, no mask, natural logarithm",CSV serialization of float32 softmax; reconstruction at saved precision,verified,recomputed
qf_discrimination/F_PAIR_4_HIGH_DROPOUT_UA_42,WORKSPACE_ROOT/lob_seq2seq_predictor_qf_discrimination_20260813_115217/artifacts/qf_discrimination/20260813_115217/runs/F_PAIR_4_HIGH_DROPOUT_UA_42/test_predictions.csv.gz,development_holdout,101574,27,99,20170206,20170630,09:00:00,15:10:00,"same date, origin + 10 minutes, inferred from inspected legacy grid code; no saved endpoint column",0,310176c6a6c65d9dbde9c05d7e2efd11fa9ee80bfc787e82fb265d27997e67c3,True,True,1.4000000003733248e-07,0=Down;1=Flat;2=Up,"[25800, 50465, 25309]",[84],"[""qf_discrimination_dev_v1""]","[""no_investor""]",[42],"[""UA""]","{""original_current_price_flag"": [""unavailable""], ""original_future_price_flag"": [""unavailable""], ""session_regime_flag"": [""unavailable""], ""stale_observation_flag"": [""unavailable""]}",0.9369924373853128,0.9369924374323847,0.5415952901333019,0.47774349739114,"equal weight per saved row, no mask, natural logarithm",CSV serialization of float32 softmax; reconstruction at saved precision,verified,recomputed
qf_discrimination/F_PAIR_4_HIGH_DROPOUT_UA_42,WORKSPACE_ROOT/lob_seq2seq_predictor_qf_discrimination_20260813_115217/artifacts/qf_discrimination/20260813_115217/runs/F_PAIR_4_HIGH_DROPOUT_UA_42/test_predictions.csv.gz,validation,50274,27,49,20161124,20170203,09:00:00,15:10:00,"same date, origin + 10 minutes, inferred from inspected legacy grid code; no saved endpoint column",0,6968f4b0b3a1737da7aaafc1cb6dbae25aa0f98392832081da405b8ce7a0922e,True,True,1.200000001588819e-07,0=Down;1=Flat;2=Up,"[12432, 25906, 11936]",[84],"[""qf_discrimination_dev_v1""]","[""no_investor""]",[42],"[""UA""]","{""original_current_price_flag"": [""unavailable""], ""original_future_price_flag"": [""unavailable""], ""session_regime_flag"": [""unavailable""], ""stale_observation_flag"": [""unavailable""]}",0.9178633417711743,0.9178633416289519,0.5533675458487488,0.47628086807725295,"equal weight per saved row, no mask, natural logarithm",CSV serialization of float32 softmax; reconstruction at saved precision,verified,recomputed
qf_discrimination/F_PAIR_4_HIGH_DROPOUT_UC_42,WORKSPACE_ROOT/lob_seq2seq_predictor_qf_discrimination_20260813_115217/artifacts/qf_discrimination/20260813_115217/runs/F_PAIR_4_HIGH_DROPOUT_UC_42/test_predictions.csv.gz,development_holdout,101574,27,99,20170206,20170630,09:00:00,15:10:00,"same date, origin + 10 minutes, inferred from inspected legacy grid code; no saved endpoint column",0,310176c6a6c65d9dbde9c05d7e2efd11fa9ee80bfc787e82fb265d27997e67c3,True,True,1.329999999022391e-07,0=Down;1=Flat;2=Up,"[25800, 50465, 25309]",[155],"[""qf_discrimination_dev_v1""]","[""no_investor""]",[42],"[""UC""]","{""original_current_price_flag"": [""unavailable""], ""original_future_price_flag"": [""unavailable""], ""session_regime_flag"": [""unavailable""], ""stale_observation_flag"": [""unavailable""]}",0.9235724747967079,0.9235724750678987,0.5497272924173509,0.48311681594513134,"equal weight per saved row, no mask, natural logarithm",CSV serialization of float32 softmax; reconstruction at saved precision,verified,recomputed
qf_discrimination/F_PAIR_4_HIGH_DROPOUT_UC_42,WORKSPACE_ROOT/lob_seq2seq_predictor_qf_discrimination_20260813_115217/artifacts/qf_discrimination/20260813_115217/runs/F_PAIR_4_HIGH_DROPOUT_UC_42/test_predictions.csv.gz,validation,50274,27,49,20161124,20170203,09:00:00,15:10:00,"same date, origin + 10 minutes, inferred from inspected legacy grid code; no saved endpoint column",0,6968f4b0b3a1737da7aaafc1cb6dbae25aa0f98392832081da405b8ce7a0922e,True,True,1.359999999284156e-07,0=Down;1=Flat;2=Up,"[12432, 25906, 11936]",[155],"[""qf_discrimination_dev_v1""]","[""no_investor""]",[42],"[""UC""]","{""original_current_price_flag"": [""unavailable""], ""original_future_price_flag"": [""unavailable""], ""session_regime_flag"": [""unavailable""], ""stale_observation_flag"": [""unavailable""]}",0.903812117724318,0.9038121177720563,0.5614233997692645,0.48868415502116774,"equal weight per saved row, no mask, natural logarithm",CSV serialization of float32 softmax; reconstruction at saved precision,verified,recomputed
qf_discrimination/F_PAIR_5_SHALLOW_INTERACTION_UA_42,WORKSPACE_ROOT/lob_seq2seq_predictor_qf_discrimination_20260813_115217/artifacts/qf_discrimination/20260813_115217/runs/F_PAIR_5_SHALLOW_INTERACTION_UA_42/test_predictions.csv.gz,development_holdout,101574,27,99,20170206,20170630,09:00:00,15:10:00,"same date, origin + 10 minutes, inferred from inspected legacy grid code; no saved endpoint column",0,310176c6a6c65d9dbde9c05d7e2efd11fa9ee80bfc787e82fb265d27997e67c3,True,True,1.4500000000694513e-07,0=Down;1=Flat;2=Up,"[25800, 50465, 25309]",[69],"[""qf_discrimination_dev_v1""]","[""no_investor""]",[42],"[""UA""]","{""original_current_price_flag"": [""unavailable""], ""original_future_price_flag"": [""unavailable""], ""session_regime_flag"": [""unavailable""], ""stale_observation_flag"": [""unavailable""]}",0.9322983420514748,0.932298341982093,0.5459369523697009,0.4675822635903622,"equal weight per saved row, no mask, natural logarithm",CSV serialization of float32 softmax; reconstruction at saved precision,verified,recomputed
qf_discrimination/F_PAIR_5_SHALLOW_INTERACTION_UA_42,WORKSPACE_ROOT/lob_seq2seq_predictor_qf_discrimination_20260813_115217/artifacts/qf_discrimination/20260813_115217/runs/F_PAIR_5_SHALLOW_INTERACTION_UA_42/test_predictions.csv.gz,validation,50274,27,49,20161124,20170203,09:00:00,15:10:00,"same date, origin + 10 minutes, inferred from inspected legacy grid code; no saved endpoint column",0,6968f4b0b3a1737da7aaafc1cb6dbae25aa0f98392832081da405b8ce7a0922e,True,True,1.200000000478596e-07,0=Down;1=Flat;2=Up,"[12432, 25906, 11936]",[69],"[""qf_discrimination_dev_v1""]","[""no_investor""]",[42],"[""UA""]","{""original_current_price_flag"": [""unavailable""], ""original_future_price_flag"": [""unavailable""], ""session_regime_flag"": [""unavailable""], ""stale_observation_flag"": [""unavailable""]}",0.9137700440245219,0.913770043869204,0.5573855273103393,0.4644756114842179,"equal weight per saved row, no mask, natural logarithm",CSV serialization of float32 softmax; reconstruction at saved precision,verified,recomputed
qf_discrimination/F_PAIR_5_SHALLOW_INTERACTION_UC_42,WORKSPACE_ROOT/lob_seq2seq_predictor_qf_discrimination_20260813_115217/artifacts/qf_discrimination/20260813_115217/runs/F_PAIR_5_SHALLOW_INTERACTION_UC_42/test_predictions.csv.gz,development_holdout,101574,27,99,20170206,20170630,09:00:00,15:10:00,"same date, origin + 10 minutes, inferred from inspected legacy grid code; no saved endpoint column",0,310176c6a6c65d9dbde9c05d7e2efd11fa9ee80bfc787e82fb265d27997e67c3,True,True,1.300000000981072e-07,0=Down;1=Flat;2=Up,"[25800, 50465, 25309]",[151],"[""qf_discrimination_dev_v1""]","[""no_investor""]",[42],"[""UC""]","{""original_current_price_flag"": [""unavailable""], ""original_future_price_flag"": [""unavailable""], ""session_regime_flag"": [""unavailable""], ""stale_observation_flag"": [""unavailable""]}",0.9227557997184821,0.9227557998153242,0.5504558253096264,0.48299316784219276,"equal weight per saved row, no mask, natural logarithm",CSV serialization of float32 softmax; reconstruction at saved precision,verified,recomputed
qf_discrimination/F_PAIR_5_SHALLOW_INTERACTION_UC_42,WORKSPACE_ROOT/lob_seq2seq_predictor_qf_discrimination_20260813_115217/artifacts/qf_discrimination/20260813_115217/runs/F_PAIR_5_SHALLOW_INTERACTION_UC_42/test_predictions.csv.gz,validation,50274,27,49,20161124,20170203,09:00:00,15:10:00,"same date, origin + 10 minutes, inferred from inspected legacy grid code; no saved endpoint column",0,6968f4b0b3a1737da7aaafc1cb6dbae25aa0f98392832081da405b8ce7a0922e,True,True,1.300000000981072e-07,0=Down;1=Flat;2=Up,"[12432, 25906, 11936]",[151],"[""qf_discrimination_dev_v1""]","[""no_investor""]",[42],"[""UC""]","{""original_current_price_flag"": [""unavailable""], ""original_future_price_flag"": [""unavailable""], ""session_regime_flag"": [""unavailable""], ""stale_observation_flag"": [""unavailable""]}",0.9032874857103932,0.9032874857726159,0.5628555515773561,0.4885815490053693,"equal weight per saved row, no mask, natural logarithm",CSV serialization of float32 softmax; reconstruction at saved precision,verified,recomputed
qf_discrimination/F_best_UA_123,WORKSPACE_ROOT/lob_seq2seq_predictor_qf_discrimination_20260813_115217/artifacts/qf_discrimination/20260813_115217/runs/F_best_UA_123/test_predictions.csv.gz,development_holdout,101574,27,99,20170206,20170630,09:00:00,15:10:00,"same date, origin + 10 minutes, inferred from inspected legacy grid code; no saved endpoint column",0,310176c6a6c65d9dbde9c05d7e2efd11fa9ee80bfc787e82fb265d27997e67c3,True,True,1.4000000003733248e-07,0=Down;1=Flat;2=Up,"[25800, 50465, 25309]",[196],"[""qf_discrimination_dev_v1""]","[""no_investor""]",[123],"[""UA""]","{""original_current_price_flag"": [""unavailable""], ""original_future_price_flag"": [""unavailable""], ""session_regime_flag"": [""unavailable""], ""stale_observation_flag"": [""unavailable""]}",0.9072127708187219,0.9072127708120825,0.5554472601256227,0.4831467406604703,"equal weight per saved row, no mask, natural logarithm",CSV serialization of float32 softmax; reconstruction at saved precision,verified,recomputed
qf_discrimination/F_best_UA_123,WORKSPACE_ROOT/lob_seq2seq_predictor_qf_discrimination_20260813_115217/artifacts/qf_discrimination/20260813_115217/runs/F_best_UA_123/test_predictions.csv.gz,validation,50274,27,49,20161124,20170203,09:00:00,15:10:00,"same date, origin + 10 minutes, inferred from inspected legacy grid code; no saved endpoint column",0,6968f4b0b3a1737da7aaafc1cb6dbae25aa0f98392832081da405b8ce7a0922e,True,True,1.3399999998497947e-07,0=Down;1=Flat;2=Up,"[12432, 25906, 11936]",[196],"[""qf_discrimination_dev_v1""]","[""no_investor""]",[123],"[""UA""]","{""original_current_price_flag"": [""unavailable""], ""original_future_price_flag"": [""unavailable""], ""session_regime_flag"": [""unavailable""], ""stale_observation_flag"": [""unavailable""]}",0.8862723994553481,0.8862723996786714,0.5688029597804034,0.4860781157488736,"equal weight per saved row, no mask, natural logarithm",CSV serialization of float32 softmax; reconstruction at saved precision,verified,recomputed
qf_discrimination/F_best_UA_7,WORKSPACE_ROOT/lob_seq2seq_predictor_qf_discrimination_20260813_115217/artifacts/qf_discrimination/20260813_115217/runs/F_best_UA_7/test_predictions.csv.gz,development_holdout,101574,27,99,20170206,20170630,09:00:00,15:10:00,"same date, origin + 10 minutes, inferred from inspected legacy grid code; no saved endpoint column",0,310176c6a6c65d9dbde9c05d7e2efd11fa9ee80bfc787e82fb265d27997e67c3,True,True,1.3399999998497947e-07,0=Down;1=Flat;2=Up,"[25800, 50465, 25309]",[181],"[""qf_discrimination_dev_v1""]","[""no_investor""]",[7],"[""UA""]","{""original_current_price_flag"": [""unavailable""], ""original_future_price_flag"": [""unavailable""], ""session_regime_flag"": [""unavailable""], ""stale_observation_flag"": [""unavailable""]}",0.9085678675951592,0.9085678674450668,0.5541772500836828,0.47835015658009733,"equal weight per saved row, no mask, natural logarithm",CSV serialization of float32 softmax; reconstruction at saved precision,verified,recomputed
qf_discrimination/F_best_UA_7,WORKSPACE_ROOT/lob_seq2seq_predictor_qf_discrimination_20260813_115217/artifacts/qf_discrimination/20260813_115217/runs/F_best_UA_7/test_predictions.csv.gz,validation,50274,27,49,20161124,20170203,09:00:00,15:10:00,"same date, origin + 10 minutes, inferred from inspected legacy grid code; no saved endpoint column",0,6968f4b0b3a1737da7aaafc1cb6dbae25aa0f98392832081da405b8ce7a0922e,True,True,1.300000000981072e-07,0=Down;1=Flat;2=Up,"[12432, 25906, 11936]",[181],"[""qf_discrimination_dev_v1""]","[""no_investor""]",[7],"[""UA""]","{""original_current_price_flag"": [""unavailable""], ""original_future_price_flag"": [""unavailable""], ""session_regime_flag"": [""unavailable""], ""stale_observation_flag"": [""unavailable""]}",0.8875142649051604,0.8875142648708825,0.5660182201535585,0.4791270856931609,"equal weight per saved row, no mask, natural logarithm",CSV serialization of float32 softmax; reconstruction at saved precision,verified,recomputed
qf_discrimination/F_best_UC_123,WORKSPACE_ROOT/lob_seq2seq_predictor_qf_discrimination_20260813_115217/artifacts/qf_discrimination/20260813_115217/runs/F_best_UC_123/test_predictions.csv.gz,development_holdout,101574,27,99,20170206,20170630,09:00:00,15:10:00,"same date, origin + 10 minutes, inferred from inspected legacy grid code; no saved endpoint column",0,310176c6a6c65d9dbde9c05d7e2efd11fa9ee80bfc787e82fb265d27997e67c3,True,True,1.300000000981072e-07,0=Down;1=Flat;2=Up,"[25800, 50465, 25309]",[124],"[""qf_discrimination_dev_v1""]","[""no_investor""]",[123],"[""UC""]","{""original_current_price_flag"": [""unavailable""], ""original_future_price_flag"": [""unavailable""], ""session_regime_flag"": [""unavailable""], ""stale_observation_flag"": [""unavailable""]}",0.9219087869857376,0.9219087870150744,0.5494516313229764,0.48351160946532684,"equal weight per saved row, no mask, natural logarithm",CSV serialization of float32 softmax; reconstruction at saved precision,verified,recomputed
qf_discrimination/F_best_UC_123,WORKSPACE_ROOT/lob_seq2seq_predictor_qf_discrimination_20260813_115217/artifacts/qf_discrimination/20260813_115217/runs/F_best_UC_123/test_predictions.csv.gz,validation,50274,27,49,20161124,20170203,09:00:00,15:10:00,"same date, origin + 10 minutes, inferred from inspected legacy grid code; no saved endpoint column",0,6968f4b0b3a1737da7aaafc1cb6dbae25aa0f98392832081da405b8ce7a0922e,True,True,1.3500000006771984e-07,0=Down;1=Flat;2=Up,"[12432, 25906, 11936]",[124],"[""qf_discrimination_dev_v1""]","[""no_investor""]",[123],"[""UC""]","{""original_current_price_flag"": [""unavailable""], ""original_future_price_flag"": [""unavailable""], ""session_regime_flag"": [""unavailable""], ""stale_observation_flag"": [""unavailable""]}",0.9046674014213262,0.9046674015918743,0.5583402951824005,0.48609577996463665,"equal weight per saved row, no mask, natural logarithm",CSV serialization of float32 softmax; reconstruction at saved precision,verified,recomputed
qf_discrimination/F_best_UC_42_stage2,WORKSPACE_ROOT/lob_seq2seq_predictor_qf_discrimination_20260813_115217/artifacts/qf_discrimination/20260813_115217/runs/F_best_UC_42_stage2/test_predictions.csv.gz,development_holdout,101574,27,99,20170206,20170630,09:00:00,15:10:00,"same date, origin + 10 minutes, inferred from inspected legacy grid code; no saved endpoint column",0,310176c6a6c65d9dbde9c05d7e2efd11fa9ee80bfc787e82fb265d27997e67c3,True,True,1.300000000981072e-07,0=Down;1=Flat;2=Up,"[25800, 50465, 25309]",[151],"[""qf_discrimination_dev_v1""]","[""no_investor""]",[42],"[""UC""]","{""original_current_price_flag"": [""unavailable""], ""original_future_price_flag"": [""unavailable""], ""session_regime_flag"": [""unavailable""], ""stale_observation_flag"": [""unavailable""]}",0.9227557997184821,0.9227557998153242,0.5504558253096264,0.48299316784219276,"equal weight per saved row, no mask, natural logarithm",CSV serialization of float32 softmax; reconstruction at saved precision,verified,recomputed
qf_discrimination/F_best_UC_42_stage2,WORKSPACE_ROOT/lob_seq2seq_predictor_qf_discrimination_20260813_115217/artifacts/qf_discrimination/20260813_115217/runs/F_best_UC_42_stage2/test_predictions.csv.gz,validation,50274,27,49,20161124,20170203,09:00:00,15:10:00,"same date, origin + 10 minutes, inferred from inspected legacy grid code; no saved endpoint column",0,6968f4b0b3a1737da7aaafc1cb6dbae25aa0f98392832081da405b8ce7a0922e,True,True,1.300000000981072e-07,0=Down;1=Flat;2=Up,"[12432, 25906, 11936]",[151],"[""qf_discrimination_dev_v1""]","[""no_investor""]",[42],"[""UC""]","{""original_current_price_flag"": [""unavailable""], ""original_future_price_flag"": [""unavailable""], ""session_regime_flag"": [""unavailable""], ""stale_observation_flag"": [""unavailable""]}",0.9032874857103932,0.9032874857726159,0.5628555515773561,0.4885815490053693,"equal weight per saved row, no mask, natural logarithm",CSV serialization of float32 softmax; reconstruction at saved precision,verified,recomputed
qf_discrimination/F_best_UC_7,WORKSPACE_ROOT/lob_seq2seq_predictor_qf_discrimination_20260813_115217/artifacts/qf_discrimination/20260813_115217/runs/F_best_UC_7/test_predictions.csv.gz,development_holdout,101574,27,99,20170206,20170630,09:00:00,15:10:00,"same date, origin + 10 minutes, inferred from inspected legacy grid code; no saved endpoint column",0,310176c6a6c65d9dbde9c05d7e2efd11fa9ee80bfc787e82fb265d27997e67c3,True,True,1.4000000003733248e-07,0=Down;1=Flat;2=Up,"[25800, 50465, 25309]",[115],"[""qf_discrimination_dev_v1""]","[""no_investor""]",[7],"[""UC""]","{""original_current_price_flag"": [""unavailable""], ""original_future_price_flag"": [""unavailable""], ""session_regime_flag"": [""unavailable""], ""stale_observation_flag"": [""unavailable""]}",0.9228853307143763,0.922885330947923,0.5500029535117255,0.47818810557964947,"equal weight per saved row, no mask, natural logarithm",CSV serialization of float32 softmax; reconstruction at saved precision,verified,recomputed
qf_discrimination/F_best_UC_7,WORKSPACE_ROOT/lob_seq2seq_predictor_qf_discrimination_20260813_115217/artifacts/qf_discrimination/20260813_115217/runs/F_best_UC_7/test_predictions.csv.gz,validation,50274,27,49,20161124,20170203,09:00:00,15:10:00,"same date, origin + 10 minutes, inferred from inspected legacy grid code; no saved endpoint column",0,6968f4b0b3a1737da7aaafc1cb6dbae25aa0f98392832081da405b8ce7a0922e,True,True,1.300000000981072e-07,0=Down;1=Flat;2=Up,"[12432, 25906, 11936]",[115],"[""qf_discrimination_dev_v1""]","[""no_investor""]",[7],"[""UC""]","{""original_current_price_flag"": [""unavailable""], ""original_future_price_flag"": [""unavailable""], ""session_regime_flag"": [""unavailable""], ""stale_observation_flag"": [""unavailable""]}",0.9045031928409629,0.9045031926665436,0.5605680868838764,0.48235287375310126,"equal weight per saved row, no mask, natural logarithm",CSV serialization of float32 softmax; reconstruction at saved precision,verified,recomputed
