run_id,family,run_directory,execution_kind,execution_status,evidence_completeness,model,seed,config_path,config_sha256,code_commit,dirty_state_at_execution,server,data_cache_identity,feature_set,split_manifest,selection_metric,history_path,checkpoint_path,prediction_path,metrics_path,log_path,fresh_vs_resumed,start_time,finish_time,retry_count,prior_failure_category,status,method,saved_prediction_summary,selected_epochs,history_epochs,history_min_validation_nll,history_best_epoch,recorded_metrics,copied_locations,duplicate_of,copy_evidence,split_dates,data_manifest_path,recorded_config,log_epoch_max,log_failure_class
pilot_S_aggregate,qf_pilot,WORKSPACE_ROOT/lob_seq2seq_predictor_qf_queue_20260813_092802/artifacts/runs/pilot_S_aggregate,aggregate_or_analysis,completed,partial_artifacts,"[""S""]",[42],unknown,unknown,unknown,unknown: runner records no dirty status,relocated artifacts; setup metadata says RTX4090 GPU0/1; original host identity unknown,unknown: manifests do not hash source/cache,unknown,absent,not_applicable,absent,absent,WORKSPACE_ROOT/lob_seq2seq_predictor_qf_queue_20260813_092802/artifacts/runs/pilot_S_aggregate/test_predictions.csv.gz,absent,absent,not_applicable,unknown,unknown,unknown,unknown,verified,saved_artifact,"[{""date_max"": ""20170630"", ""date_min"": ""20170206"", ""epochs"": [43, 49, 52, 53, 56, 63, 68, 70, 74, 92, 94, 99, 110, 122, 124, 127, 131, 133, 134, 137, 143, 161, 189], ""label_counts"": [25800, 50465, 25309], ""nll"": 0.9358201509309698, ""rows"": 101574, ""split"": ""development_holdout""}, {""date_max"": ""20170203"", ""date_min"": ""20161124"", ""epochs"": [43, 49, 52, 53, 56, 63, 68, 70, 74, 92, 94, 99, 110, 122, 124, 127, 131, 133, 134, 137, 143, 161, 189], ""label_counts"": [12432, 25906, 11936], ""nll"": 0.9092966052089898, ""rows"": 50274, ""split"": ""validation""}]","[43, 49, 52, 53, 56, 63, 68, 70, 74, 92, 94, 99, 110, 122, 124, 127, 131, 133, 134, 137, 143, 161, 189]",unknown,unknown,unknown,unknown,unknown,unknown,unknown,unknown; saved prediction summary supplies evaluated dates where available,absent,unknown,,
pilot_S_shard_A,qf_pilot,WORKSPACE_ROOT/lob_seq2seq_predictor_qf_queue_20260813_092802/artifacts/runs/pilot_S_shard_A,aggregate_or_analysis,completed,partial_artifacts,unknown,unknown,unknown,unknown,unknown,unknown: runner records no dirty status,relocated artifacts; setup metadata says RTX4090 GPU0/1; original host identity unknown,unknown: manifests do not hash source/cache,unknown,absent,not_applicable,absent,absent,WORKSPACE_ROOT/lob_seq2seq_predictor_qf_queue_20260813_092802/artifacts/runs/pilot_S_shard_A/test_predictions.csv.gz,absent,absent,not_applicable,unknown,unknown,unknown,unknown,verified,saved_artifact,unknown,unknown,unknown,unknown,unknown,unknown,unknown,unknown,unknown,unknown; saved prediction summary supplies evaluated dates where available,absent,unknown,,
pilot_S_shard_A/assets/KR7000030007_t,qf_pilot,WORKSPACE_ROOT/lob_seq2seq_predictor_qf_queue_20260813_092802/artifacts/runs/pilot_S_shard_A/assets/KR7000030007_t,training_fit,completed,training_history+prediction+checkpoint+status,"[""S""]",[42],WORKSPACE_ROOT/lob_seq2seq_predictor_qf_queue_20260813_092802/artifacts/runs/pilot_S_shard_A/assets/KR7000030007_t/resolved_config.json,19cf684567489ca20eecdb31124d7f957456ff30f49aa4db4ec545c36d2ca81a,2aa4e064bf917016b1653a5344f78a08dbbb34eb,unknown: runner records no dirty status,relocated artifacts; setup metadata says RTX4090 GPU0/1; original host identity unknown,unknown: manifests do not hash source/cache,no_investor,WORKSPACE_ROOT/lob_seq2seq_predictor_qf_queue_20260813_092802/artifacts/runs/pilot_S_shard_A/assets/KR7000030007_t/split_manifest.csv,validation multiclass NLL with min_delta=0.0001,WORKSPACE_ROOT/lob_seq2seq_predictor_qf_queue_20260813_092802/artifacts/runs/pilot_S_shard_A/assets/KR7000030007_t/training_history.csv,WORKSPACE_ROOT/lob_seq2seq_predictor_qf_queue_20260813_092802/artifacts/runs/pilot_S_shard_A/assets/KR7000030007_t/best_logloss_checkpoint.pt,WORKSPACE_ROOT/lob_seq2seq_predictor_qf_queue_20260813_092802/artifacts/runs/pilot_S_shard_A/assets/KR7000030007_t/test_predictions.csv.gz,WORKSPACE_ROOT/lob_seq2seq_predictor_qf_queue_20260813_092802/artifacts/runs/pilot_S_shard_A/assets/KR7000030007_t/metrics_summary.json,WORKSPACE_ROOT/lob_seq2seq_predictor_qf_queue_20260813_092802/artifacts/runs/pilot_S_shard_A/assets/KR7000030007_t/run.log,"unknown; queue trainer can resume, no retained attempt log",unknown,unknown,unknown,unknown,verified,saved_artifact,"[{""date_max"": ""20170630"", ""date_min"": ""20170206"", ""epochs"": [122], ""label_counts"": [493, 2700, 569], ""nll"": 0.6915997687605837, ""rows"": 3762, ""split"": ""development_holdout""}, {""date_max"": ""20170203"", ""date_min"": ""20161124"", ""epochs"": [122], ""label_counts"": [181, 1483, 198], ""nll"": 0.5623212333685165, ""rows"": 1862, ""split"": ""validation""}]",[122],152,0.5623212333685165,122,"[{""accuracy"": 0.7190324295587454, ""brier"": 0.4015286846477973, ""class_distribution"": [493, 2700, 569], ""class_f1"": [0.25935828877005346, 0.8379134441336186, 0.17739628040057226], ""confusion_matrix"": [[97, 377, 19], [105, 2546, 49], [53, 454, 62]], ""ece"": 0.0221426486257646, ""log_loss"": 0.6915997687605837, ""macro_f1"": 0.4248893377680814, ""mcc"": 0.20955535919521917, ""precision"": [0.3803921568627451, 0.7539236008291383, 0.47692307692307695], ""prediction_count"": 3762, ""recall"": [0.19675456389452334, 0.942962962962963, 0.10896309314586995], ""scope"": ""development_holdout""}, {""accuracy"": 0.7894736842105263, ""brier"": 0.3158306244875099, ""class_distribution"": [181, 1483, 198], ""class_f1"": [0.18326693227091634, 0.8848522167487685, 0.08888888888888889], ""confusion_matrix"": [[23, 151, 7], [36, 1437, 10], [11, 177, 10]], ""ece"": 0.020714041960834362, ""log_loss"": 0.5623212333685165, ""macro_f1"": 0.38566934596952457, ""mcc"": 0.15795483866270532, ""precision"": [0.32857142857142857, 0.8141643059490085, 0.37037037037037035], ""prediction_count"": 1862, ""recall"": [0.1270718232044199, 0.968981793661497, 0.050505050505050504], ""scope"": ""validation""}]",unknown,unknown,unknown,"{""train"": {""first"": ""20150701"", ""last"": ""20161123"", ""days"": 345}, ""validation"": {""first"": ""20161124"", ""last"": ""20170203"", ""days"": 49}, ""development_holdout"": {""first"": ""20170206"", ""last"": ""20170630"", ""days"": 99}}",WORKSPACE_ROOT/lob_seq2seq_predictor_qf_queue_20260813_092802/artifacts/runs/pilot_S_shard_A/assets/KR7000030007_t/data_manifest.json,"{""accumulation"": 4, ""cross_asset_layers"": 1, ""d_model"": 128, ""dropout"": 0.1, ""learning_rate"": 0.0001, ""max_epochs"": 200, ""microbatch"": 8, ""nhead"": 8, ""seed"": 42, ""temporal_layers"": 2, ""weight_decay"": 0.0001}",,
pilot_S_shard_A/assets/KR7000120006_t,qf_pilot,WORKSPACE_ROOT/lob_seq2seq_predictor_qf_queue_20260813_092802/artifacts/runs/pilot_S_shard_A/assets/KR7000120006_t,training_fit,completed,training_history+prediction+checkpoint+status,"[""S""]",[42],WORKSPACE_ROOT/lob_seq2seq_predictor_qf_queue_20260813_092802/artifacts/runs/pilot_S_shard_A/assets/KR7000120006_t/resolved_config.json,19cf684567489ca20eecdb31124d7f957456ff30f49aa4db4ec545c36d2ca81a,2aa4e064bf917016b1653a5344f78a08dbbb34eb,unknown: runner records no dirty status,relocated artifacts; setup metadata says RTX4090 GPU0/1; original host identity unknown,unknown: manifests do not hash source/cache,no_investor,WORKSPACE_ROOT/lob_seq2seq_predictor_qf_queue_20260813_092802/artifacts/runs/pilot_S_shard_A/assets/KR7000120006_t/split_manifest.csv,validation multiclass NLL with min_delta=0.0001,WORKSPACE_ROOT/lob_seq2seq_predictor_qf_queue_20260813_092802/artifacts/runs/pilot_S_shard_A/assets/KR7000120006_t/training_history.csv,WORKSPACE_ROOT/lob_seq2seq_predictor_qf_queue_20260813_092802/artifacts/runs/pilot_S_shard_A/assets/KR7000120006_t/best_logloss_checkpoint.pt,WORKSPACE_ROOT/lob_seq2seq_predictor_qf_queue_20260813_092802/artifacts/runs/pilot_S_shard_A/assets/KR7000120006_t/test_predictions.csv.gz,WORKSPACE_ROOT/lob_seq2seq_predictor_qf_queue_20260813_092802/artifacts/runs/pilot_S_shard_A/assets/KR7000120006_t/metrics_summary.json,WORKSPACE_ROOT/lob_seq2seq_predictor_qf_queue_20260813_092802/artifacts/runs/pilot_S_shard_A/assets/KR7000120006_t/run.log,"unknown; queue trainer can resume, no retained attempt log",unknown,unknown,unknown,unknown,verified,saved_artifact,"[{""date_max"": ""20170630"", ""date_min"": ""20170206"", ""epochs"": [99], ""label_counts"": [637, 2522, 603], ""nll"": 0.7475735038981551, ""rows"": 3762, ""split"": ""development_holdout""}, {""date_max"": ""20170203"", ""date_min"": ""20161124"", ""epochs"": [99], ""label_counts"": [398, 1169, 295], ""nll"": 0.8116225152394412, ""rows"": 1862, ""split"": ""validation""}]",[99],129,0.8116225152394412,99,"[{""accuracy"": 0.6762360446570973, ""brier"": 0.4340166307628839, ""class_distribution"": [637, 2522, 603], ""class_f1"": [0.32979749276759884, 0.8046057222609909, 0.17748344370860927], ""confusion_matrix"": [[171, 439, 27], [158, 2306, 58], [71, 465, 67]], ""ece"": 0.026173369159646583, ""log_loss"": 0.747573503898155, ""macro_f1"": 0.4372955529123997, ""mcc"": 0.22241569963061691, ""precision"": [0.4275, 0.7183800623052959, 0.4407894736842105], ""prediction_count"": 3762, ""recall"": [0.2684458398744113, 0.9143536875495638, 0.1111111111111111], ""scope"": ""development_holdout""}, {""accuracy"": 0.6487647690655209, ""brier"": 0.479719894736934, ""class_distribution"": [398, 1169, 295], ""class_f1"": [0.3748125937031484, 0.7759072203516648, 0.23958333333333334], ""confusion_matrix"": [[125, 258, 15], [104, 1037, 28], [40, 209, 46]], ""ece"": 0.04519414809767458, ""log_loss"": 0.8116225152394412, ""macro_f1"": 0.46343438246271546, ""mcc"": 0.24770710905464732, ""precision"": [0.4646840148698885, 0.6894946808510638, 0.5168539325842697], ""prediction_count"": 1862, ""recall"": [0.314070351758794, 0.8870829769033362, 0.15593220338983052], ""scope"": ""validation""}]",unknown,unknown,unknown,"{""train"": {""first"": ""20150701"", ""last"": ""20161123"", ""days"": 345}, ""validation"": {""first"": ""20161124"", ""last"": ""20170203"", ""days"": 49}, ""development_holdout"": {""first"": ""20170206"", ""last"": ""20170630"", ""days"": 99}}",WORKSPACE_ROOT/lob_seq2seq_predictor_qf_queue_20260813_092802/artifacts/runs/pilot_S_shard_A/assets/KR7000120006_t/data_manifest.json,"{""accumulation"": 4, ""cross_asset_layers"": 1, ""d_model"": 128, ""dropout"": 0.1, ""learning_rate"": 0.0001, ""max_epochs"": 200, ""microbatch"": 8, ""nhead"": 8, ""seed"": 42, ""temporal_layers"": 2, ""weight_decay"": 0.0001}",,
pilot_S_shard_A/assets/KR7000270009_t,qf_pilot,WORKSPACE_ROOT/lob_seq2seq_predictor_qf_queue_20260813_092802/artifacts/runs/pilot_S_shard_A/assets/KR7000270009_t,training_fit,completed,training_history+prediction+checkpoint+status,"[""S""]",[42],WORKSPACE_ROOT/lob_seq2seq_predictor_qf_queue_20260813_092802/artifacts/runs/pilot_S_shard_A/assets/KR7000270009_t/resolved_config.json,19cf684567489ca20eecdb31124d7f957456ff30f49aa4db4ec545c36d2ca81a,2aa4e064bf917016b1653a5344f78a08dbbb34eb,unknown: runner records no dirty status,relocated artifacts; setup metadata says RTX4090 GPU0/1; original host identity unknown,unknown: manifests do not hash source/cache,no_investor,WORKSPACE_ROOT/lob_seq2seq_predictor_qf_queue_20260813_092802/artifacts/runs/pilot_S_shard_A/assets/KR7000270009_t/split_manifest.csv,validation multiclass NLL with min_delta=0.0001,WORKSPACE_ROOT/lob_seq2seq_predictor_qf_queue_20260813_092802/artifacts/runs/pilot_S_shard_A/assets/KR7000270009_t/training_history.csv,WORKSPACE_ROOT/lob_seq2seq_predictor_qf_queue_20260813_092802/artifacts/runs/pilot_S_shard_A/assets/KR7000270009_t/best_logloss_checkpoint.pt,WORKSPACE_ROOT/lob_seq2seq_predictor_qf_queue_20260813_092802/artifacts/runs/pilot_S_shard_A/assets/KR7000270009_t/test_predictions.csv.gz,WORKSPACE_ROOT/lob_seq2seq_predictor_qf_queue_20260813_092802/artifacts/runs/pilot_S_shard_A/assets/KR7000270009_t/metrics_summary.json,WORKSPACE_ROOT/lob_seq2seq_predictor_qf_queue_20260813_092802/artifacts/runs/pilot_S_shard_A/assets/KR7000270009_t/run.log,"unknown; queue trainer can resume, no retained attempt log",unknown,unknown,unknown,unknown,verified,saved_artifact,"[{""date_max"": ""20170630"", ""date_min"": ""20170206"", ""epochs"": [131], ""label_counts"": [925, 2015, 822], ""nll"": 0.8793861504531229, ""rows"": 3762, ""split"": ""development_holdout""}, {""date_max"": ""20170203"", ""date_min"": ""20161124"", ""epochs"": [131], ""label_counts"": [419, 1002, 441], ""nll"": 0.9093589315420496, ""rows"": 1862, ""split"": ""validation""}]",[131],161,0.9093589315420496,131,"[{""accuracy"": 0.5909090909090909, ""brier"": 0.5223461902039797, ""class_distribution"": [925, 2015, 822], ""class_f1"": [0.3750828363154407, 0.7374791318864775, 0.2829108748977923], ""confusion_matrix"": [[283, 518, 124], [144, 1767, 104], [157, 492, 173]], ""ece"": 0.023234011863357985, ""log_loss"": 0.8793861504531227, ""macro_f1"": 0.4651576143665701, ""mcc"": 0.2661008671315328, ""precision"": [0.4845890410958904, 0.6362981634857761, 0.4314214463840399], ""prediction_count"": 3762, ""recall"": [0.30594594594594593, 0.8769230769230769, 0.21046228710462286], ""scope"": ""development_holdout""}, {""accuracy"": 0.5735767991407089, ""brier"": 0.545155178542525, ""class_distribution"": [419, 1002, 441], ""class_f1"": [0.39848675914249687, 0.7112299465240641, 0.3260553129548763], ""confusion_matrix"": [[158, 195, 66], [136, 798, 68], [80, 249, 112]], ""ece"": 0.031298446966626155, ""log_loss"": 0.9093589315420495, ""macro_f1"": 0.47859067287381235, ""mcc"": 0.25212562549028045, ""precision"": [0.42245989304812837, 0.642512077294686, 0.45528455284552843], ""prediction_count"": 1862, ""recall"": [0.37708830548926014, 0.7964071856287425, 0.25396825396825395], ""scope"": ""validation""}]",unknown,unknown,unknown,"{""train"": {""first"": ""20150701"", ""last"": ""20161123"", ""days"": 345}, ""validation"": {""first"": ""20161124"", ""last"": ""20170203"", ""days"": 49}, ""development_holdout"": {""first"": ""20170206"", ""last"": ""20170630"", ""days"": 99}}",WORKSPACE_ROOT/lob_seq2seq_predictor_qf_queue_20260813_092802/artifacts/runs/pilot_S_shard_A/assets/KR7000270009_t/data_manifest.json,"{""accumulation"": 4, ""cross_asset_layers"": 1, ""d_model"": 128, ""dropout"": 0.1, ""learning_rate"": 0.0001, ""max_epochs"": 200, ""microbatch"": 8, ""nhead"": 8, ""seed"": 42, ""temporal_layers"": 2, ""weight_decay"": 0.0001}",,
pilot_S_shard_A/assets/KR7000720003_t,qf_pilot,WORKSPACE_ROOT/lob_seq2seq_predictor_qf_queue_20260813_092802/artifacts/runs/pilot_S_shard_A/assets/KR7000720003_t,training_fit,completed,training_history+prediction+checkpoint+status,"[""S""]",[42],WORKSPACE_ROOT/lob_seq2seq_predictor_qf_queue_20260813_092802/artifacts/runs/pilot_S_shard_A/assets/KR7000720003_t/resolved_config.json,19cf684567489ca20eecdb31124d7f957456ff30f49aa4db4ec545c36d2ca81a,2aa4e064bf917016b1653a5344f78a08dbbb34eb,unknown: runner records no dirty status,relocated artifacts; setup metadata says RTX4090 GPU0/1; original host identity unknown,unknown: manifests do not hash source/cache,no_investor,WORKSPACE_ROOT/lob_seq2seq_predictor_qf_queue_20260813_092802/artifacts/runs/pilot_S_shard_A/assets/KR7000720003_t/split_manifest.csv,validation multiclass NLL with min_delta=0.0001,WORKSPACE_ROOT/lob_seq2seq_predictor_qf_queue_20260813_092802/artifacts/runs/pilot_S_shard_A/assets/KR7000720003_t/training_history.csv,WORKSPACE_ROOT/lob_seq2seq_predictor_qf_queue_20260813_092802/artifacts/runs/pilot_S_shard_A/assets/KR7000720003_t/best_logloss_checkpoint.pt,WORKSPACE_ROOT/lob_seq2seq_predictor_qf_queue_20260813_092802/artifacts/runs/pilot_S_shard_A/assets/KR7000720003_t/test_predictions.csv.gz,WORKSPACE_ROOT/lob_seq2seq_predictor_qf_queue_20260813_092802/artifacts/runs/pilot_S_shard_A/assets/KR7000720003_t/metrics_summary.json,WORKSPACE_ROOT/lob_seq2seq_predictor_qf_queue_20260813_092802/artifacts/runs/pilot_S_shard_A/assets/KR7000720003_t/run.log,"unknown; queue trainer can resume, no retained attempt log",unknown,unknown,unknown,unknown,verified,saved_artifact,"[{""date_max"": ""20170630"", ""date_min"": ""20170206"", ""epochs"": [53], ""label_counts"": [1311, 1256, 1195], ""nll"": 1.0473366496090193, ""rows"": 3762, ""split"": ""development_holdout""}, {""date_max"": ""20170203"", ""date_min"": ""20161124"", ""epochs"": [53], ""label_counts"": [646, 597, 619], ""nll"": 1.0594557619507652, ""rows"": 1862, ""split"": ""validation""}]",[53],83,1.0594557619507652,53,"[{""accuracy"": 0.4404572036150983, ""brier"": 0.6346740321507777, ""class_distribution"": [1311, 1256, 1195], ""class_f1"": [0.48418059011731246, 0.4105263157894737, 0.41793500617030027], ""confusion_matrix"": [[681, 308, 322], [382, 468, 406], [439, 248, 508]], ""ece"": 0.01464971753369556, ""log_loss"": 1.0473366496090193, ""macro_f1"": 0.43754730402569547, ""mcc"": 0.16015729137793477, ""precision"": [0.4533954727030626, 0.45703125, 0.4110032362459547], ""prediction_count"": 3762, ""recall"": [0.5194508009153318, 0.37261146496815284, 0.4251046025104602], ""scope"": ""development_holdout""}, {""accuracy"": 0.4242749731471536, ""brier"": 0.6427115948974449, ""class_distribution"": [646, 597, 619], ""class_f1"": [0.49226804123711343, 0.31277533039647576, 0.4208860759493671], ""confusion_matrix"": [[382, 92, 172], [248, 142, 207], [276, 77, 266]], ""ece"": 0.024296365715987776, ""log_loss"": 1.0594557619507652, ""macro_f1"": 0.40864314919431877, ""mcc"": 0.1354841668177465, ""precision"": [0.4216335540838852, 0.4565916398713826, 0.4124031007751938], ""prediction_count"": 1862, ""recall"": [0.5913312693498453, 0.23785594639865998, 0.4297253634894992], ""scope"": ""validation""}]",unknown,unknown,unknown,"{""train"": {""first"": ""20150701"", ""last"": ""20161123"", ""days"": 345}, ""validation"": {""first"": ""20161124"", ""last"": ""20170203"", ""days"": 49}, ""development_holdout"": {""first"": ""20170206"", ""last"": ""20170630"", ""days"": 99}}",WORKSPACE_ROOT/lob_seq2seq_predictor_qf_queue_20260813_092802/artifacts/runs/pilot_S_shard_A/assets/KR7000720003_t/data_manifest.json,"{""accumulation"": 4, ""cross_asset_layers"": 1, ""d_model"": 128, ""dropout"": 0.1, ""learning_rate"": 0.0001, ""max_epochs"": 200, ""microbatch"": 8, ""nhead"": 8, ""seed"": 42, ""temporal_layers"": 2, ""weight_decay"": 0.0001}",,
pilot_S_shard_A/assets/KR7001040005_t,qf_pilot,WORKSPACE_ROOT/lob_seq2seq_predictor_qf_queue_20260813_092802/artifacts/runs/pilot_S_shard_A/assets/KR7001040005_t,training_fit,completed,training_history+prediction+checkpoint+status,"[""S""]",[42],WORKSPACE_ROOT/lob_seq2seq_predictor_qf_queue_20260813_092802/artifacts/runs/pilot_S_shard_A/assets/KR7001040005_t/resolved_config.json,19cf684567489ca20eecdb31124d7f957456ff30f49aa4db4ec545c36d2ca81a,2aa4e064bf917016b1653a5344f78a08dbbb34eb,unknown: runner records no dirty status,relocated artifacts; setup metadata says RTX4090 GPU0/1; original host identity unknown,unknown: manifests do not hash source/cache,no_investor,WORKSPACE_ROOT/lob_seq2seq_predictor_qf_queue_20260813_092802/artifacts/runs/pilot_S_shard_A/assets/KR7001040005_t/split_manifest.csv,validation multiclass NLL with min_delta=0.0001,WORKSPACE_ROOT/lob_seq2seq_predictor_qf_queue_20260813_092802/artifacts/runs/pilot_S_shard_A/assets/KR7001040005_t/training_history.csv,WORKSPACE_ROOT/lob_seq2seq_predictor_qf_queue_20260813_092802/artifacts/runs/pilot_S_shard_A/assets/KR7001040005_t/best_logloss_checkpoint.pt,WORKSPACE_ROOT/lob_seq2seq_predictor_qf_queue_20260813_092802/artifacts/runs/pilot_S_shard_A/assets/KR7001040005_t/test_predictions.csv.gz,WORKSPACE_ROOT/lob_seq2seq_predictor_qf_queue_20260813_092802/artifacts/runs/pilot_S_shard_A/assets/KR7001040005_t/metrics_summary.json,WORKSPACE_ROOT/lob_seq2seq_predictor_qf_queue_20260813_092802/artifacts/runs/pilot_S_shard_A/assets/KR7001040005_t/run.log,"unknown; queue trainer can resume, no retained attempt log",unknown,unknown,unknown,unknown,verified,saved_artifact,"[{""date_max"": ""20170630"", ""date_min"": ""20170206"", ""epochs"": [110], ""label_counts"": [888, 2025, 849], ""nll"": 0.9290068892986026, ""rows"": 3762, ""split"": ""development_holdout""}, {""date_max"": ""20170203"", ""date_min"": ""20161124"", ""epochs"": [110], ""label_counts"": [447, 980, 435], ""nll"": 0.9288701727608101, ""rows"": 1862, ""split"": ""validation""}]",[110],140,0.92887017276081,110,"[{""accuracy"": 0.5547581073896863, ""brier"": 0.5569064279589212, ""class_distribution"": [888, 2025, 849], ""class_f1"": [0.31316725978647686, 0.7006142262730335, 0.18470149253731344], ""confusion_matrix"": [[220, 610, 58], [191, 1768, 66], [106, 644, 99]], ""ece"": 0.036551917317459416, ""log_loss"": 0.9290068892986026, ""macro_f1"": 0.3994943261989412, ""mcc"": 0.1709094983871622, ""precision"": [0.425531914893617, 0.585043017868961, 0.4439461883408072], ""prediction_count"": 3762, ""recall"": [0.24774774774774774, 0.8730864197530864, 0.1166077738515901], ""scope"": ""development_holdout""}, {""accuracy"": 0.550483351235231, ""brier"": 0.5600634460687814, ""class_distribution"": [447, 980, 435], ""class_f1"": [0.33902759526938236, 0.6918131161594514, 0.28253968253968254], ""confusion_matrix"": [[129, 273, 45], [112, 807, 61], [73, 273, 89]], ""ece"": 0.02175424323544235, ""log_loss"": 0.9288701727608101, ""macro_f1"": 0.43779346465617214, ""mcc"": 0.20056062059294164, ""precision"": [0.410828025477707, 0.5964523281596452, 0.4564102564102564], ""prediction_count"": 1862, ""recall"": [0.28859060402684567, 0.823469387755102, 0.2045977011494253], ""scope"": ""validation""}]",unknown,unknown,unknown,"{""train"": {""first"": ""20150701"", ""last"": ""20161123"", ""days"": 345}, ""validation"": {""first"": ""20161124"", ""last"": ""20170203"", ""days"": 49}, ""development_holdout"": {""first"": ""20170206"", ""last"": ""20170630"", ""days"": 99}}",WORKSPACE_ROOT/lob_seq2seq_predictor_qf_queue_20260813_092802/artifacts/runs/pilot_S_shard_A/assets/KR7001040005_t/data_manifest.json,"{""accumulation"": 4, ""cross_asset_layers"": 1, ""d_model"": 128, ""dropout"": 0.1, ""learning_rate"": 0.0001, ""max_epochs"": 200, ""microbatch"": 8, ""nhead"": 8, ""seed"": 42, ""temporal_layers"": 2, ""weight_decay"": 0.0001}",,
pilot_S_shard_A/assets/KR7002380004_t,qf_pilot,WORKSPACE_ROOT/lob_seq2seq_predictor_qf_queue_20260813_092802/artifacts/runs/pilot_S_shard_A/assets/KR7002380004_t,training_fit,completed,training_history+prediction+checkpoint+status,"[""S""]",[42],WORKSPACE_ROOT/lob_seq2seq_predictor_qf_queue_20260813_092802/artifacts/runs/pilot_S_shard_A/assets/KR7002380004_t/resolved_config.json,19cf684567489ca20eecdb31124d7f957456ff30f49aa4db4ec545c36d2ca81a,2aa4e064bf917016b1653a5344f78a08dbbb34eb,unknown: runner records no dirty status,relocated artifacts; setup metadata says RTX4090 GPU0/1; original host identity unknown,unknown: manifests do not hash source/cache,no_investor,WORKSPACE_ROOT/lob_seq2seq_predictor_qf_queue_20260813_092802/artifacts/runs/pilot_S_shard_A/assets/KR7002380004_t/split_manifest.csv,validation multiclass NLL with min_delta=0.0001,WORKSPACE_ROOT/lob_seq2seq_predictor_qf_queue_20260813_092802/artifacts/runs/pilot_S_shard_A/assets/KR7002380004_t/training_history.csv,WORKSPACE_ROOT/lob_seq2seq_predictor_qf_queue_20260813_092802/artifacts/runs/pilot_S_shard_A/assets/KR7002380004_t/best_logloss_checkpoint.pt,WORKSPACE_ROOT/lob_seq2seq_predictor_qf_queue_20260813_092802/artifacts/runs/pilot_S_shard_A/assets/KR7002380004_t/test_predictions.csv.gz,WORKSPACE_ROOT/lob_seq2seq_predictor_qf_queue_20260813_092802/artifacts/runs/pilot_S_shard_A/assets/KR7002380004_t/metrics_summary.json,WORKSPACE_ROOT/lob_seq2seq_predictor_qf_queue_20260813_092802/artifacts/runs/pilot_S_shard_A/assets/KR7002380004_t/run.log,"unknown; queue trainer can resume, no retained attempt log",unknown,unknown,unknown,unknown,verified,saved_artifact,"[{""date_max"": ""20170630"", ""date_min"": ""20170206"", ""epochs"": [127], ""label_counts"": [1060, 1582, 1120], ""nll"": 0.9947551724875827, ""rows"": 3762, ""split"": ""development_holdout""}, {""date_max"": ""20170203"", ""date_min"": ""20161124"", ""epochs"": [127], ""label_counts"": [516, 891, 455], ""nll"": 0.9688783259893039, ""rows"": 1862, ""split"": ""validation""}]",[127],157,0.968878325989304,127,"[{""accuracy"": 0.5021265284423179, ""brier"": 0.5991187692665633, ""class_distribution"": [1060, 1582, 1120], ""class_f1"": [0.43499511241446726, 0.5867315885575167, 0.43795620437956206], ""confusion_matrix"": [[445, 360, 255], [281, 964, 337], [260, 380, 480]], ""ece"": 0.00843006094895611, ""log_loss"": 0.9947551724875827, ""macro_f1"": 0.4865609684505154, ""mcc"": 0.23532688964056234, ""precision"": [0.4513184584178499, 0.5657276995305164, 0.44776119402985076], ""prediction_count"": 3762, ""recall"": [0.419811320754717, 0.6093552465233881, 0.42857142857142855], ""scope"": ""development_holdout""}, {""accuracy"": 0.50859291084855, ""brier"": 0.5809837704034985, ""class_distribution"": [516, 891, 455], ""class_f1"": [0.42105263157894735, 0.6238244514106583, 0.3488372093023256], ""confusion_matrix"": [[200, 220, 96], [135, 597, 159], [99, 206, 150]], ""ece"": 0.029808165701582817, ""log_loss"": 0.9688783259893039, ""macro_f1"": 0.46457143076397706, ""mcc"": 0.20797180695422368, ""precision"": [0.4608294930875576, 0.5835777126099707, 0.37037037037037035], ""prediction_count"": 1862, ""recall"": [0.3875968992248062, 0.67003367003367, 0.32967032967032966], ""scope"": ""validation""}]",unknown,unknown,unknown,"{""train"": {""first"": ""20150701"", ""last"": ""20161123"", ""days"": 345}, ""validation"": {""first"": ""20161124"", ""last"": ""20170203"", ""days"": 49}, ""development_holdout"": {""first"": ""20170206"", ""last"": ""20170630"", ""days"": 99}}",WORKSPACE_ROOT/lob_seq2seq_predictor_qf_queue_20260813_092802/artifacts/runs/pilot_S_shard_A/assets/KR7002380004_t/data_manifest.json,"{""accumulation"": 4, ""cross_asset_layers"": 1, ""d_model"": 128, ""dropout"": 0.1, ""learning_rate"": 0.0001, ""max_epochs"": 200, ""microbatch"": 8, ""nhead"": 8, ""seed"": 42, ""temporal_layers"": 2, ""weight_decay"": 0.0001}",,
pilot_S_shard_A/assets/KR7002790004_t,qf_pilot,WORKSPACE_ROOT/lob_seq2seq_predictor_qf_queue_20260813_092802/artifacts/runs/pilot_S_shard_A/assets/KR7002790004_t,training_fit,completed,training_history+prediction+checkpoint+status,"[""S""]",[42],WORKSPACE_ROOT/lob_seq2seq_predictor_qf_queue_20260813_092802/artifacts/runs/pilot_S_shard_A/assets/KR7002790004_t/resolved_config.json,19cf684567489ca20eecdb31124d7f957456ff30f49aa4db4ec545c36d2ca81a,2aa4e064bf917016b1653a5344f78a08dbbb34eb,unknown: runner records no dirty status,relocated artifacts; setup metadata says RTX4090 GPU0/1; original host identity unknown,unknown: manifests do not hash source/cache,no_investor,WORKSPACE_ROOT/lob_seq2seq_predictor_qf_queue_20260813_092802/artifacts/runs/pilot_S_shard_A/assets/KR7002790004_t/split_manifest.csv,validation multiclass NLL with min_delta=0.0001,WORKSPACE_ROOT/lob_seq2seq_predictor_qf_queue_20260813_092802/artifacts/runs/pilot_S_shard_A/assets/KR7002790004_t/training_history.csv,WORKSPACE_ROOT/lob_seq2seq_predictor_qf_queue_20260813_092802/artifacts/runs/pilot_S_shard_A/assets/KR7002790004_t/best_logloss_checkpoint.pt,WORKSPACE_ROOT/lob_seq2seq_predictor_qf_queue_20260813_092802/artifacts/runs/pilot_S_shard_A/assets/KR7002790004_t/test_predictions.csv.gz,WORKSPACE_ROOT/lob_seq2seq_predictor_qf_queue_20260813_092802/artifacts/runs/pilot_S_shard_A/assets/KR7002790004_t/metrics_summary.json,WORKSPACE_ROOT/lob_seq2seq_predictor_qf_queue_20260813_092802/artifacts/runs/pilot_S_shard_A/assets/KR7002790004_t/run.log,"unknown; queue trainer can resume, no retained attempt log",unknown,unknown,unknown,unknown,verified,saved_artifact,"[{""date_max"": ""20170630"", ""date_min"": ""20170206"", ""epochs"": [74], ""label_counts"": [706, 2428, 628], ""nll"": 0.8269089829852414, ""rows"": 3762, ""split"": ""development_holdout""}, {""date_max"": ""20170203"", ""date_min"": ""20161124"", ""epochs"": [74], ""label_counts"": [412, 1068, 382], ""nll"": 0.8947811054246185, ""rows"": 1862, ""split"": ""validation""}]",[74],104,0.8947811054246183,74,"[{""accuracy"": 0.6427432216905901, ""brier"": 0.4851094366769126, ""class_distribution"": [706, 2428, 628], ""class_f1"": [0.2543689320388349, 0.784389899346636, 0.1588447653429603], ""confusion_matrix"": [[131, 539, 36], [106, 2221, 101], [87, 475, 66]], ""ece"": 0.041777760590988484, ""log_loss"": 0.8269089829852414, ""macro_f1"": 0.3992011989094771, ""mcc"": 0.17343529905903643, ""precision"": [0.404320987654321, 0.6865533230293663, 0.3251231527093596], ""prediction_count"": 3762, ""recall"": [0.18555240793201133, 0.9147446457990115, 0.10509554140127389], ""scope"": ""development_holdout""}, {""accuracy"": 0.5714285714285714, ""brier"": 0.5359389522472796, ""class_distribution"": [412, 1068, 382], ""class_f1"": [0.24108658743633277, 0.7242169595110771, 0.17408123791102514], ""confusion_matrix"": [[71, 307, 34], [64, 948, 56], [42, 295, 45]], ""ece"": 0.026965077186764094, ""log_loss"": 0.8947811054246183, ""macro_f1"": 0.379794928286145, ""mcc"": 0.14088914746869727, ""precision"": [0.4011299435028249, 0.6116129032258064, 0.3333333333333333], ""prediction_count"": 1862, ""recall"": [0.17233009708737865, 0.8876404494382022, 0.11780104712041885], ""scope"": ""validation""}]",unknown,unknown,unknown,"{""train"": {""first"": ""20150701"", ""last"": ""20161123"", ""days"": 345}, ""validation"": {""first"": ""20161124"", ""last"": ""20170203"", ""days"": 49}, ""development_holdout"": {""first"": ""20170206"", ""last"": ""20170630"", ""days"": 99}}",WORKSPACE_ROOT/lob_seq2seq_predictor_qf_queue_20260813_092802/artifacts/runs/pilot_S_shard_A/assets/KR7002790004_t/data_manifest.json,"{""accumulation"": 4, ""cross_asset_layers"": 1, ""d_model"": 128, ""dropout"": 0.1, ""learning_rate"": 0.0001, ""max_epochs"": 200, ""microbatch"": 8, ""nhead"": 8, ""seed"": 42, ""temporal_layers"": 2, ""weight_decay"": 0.0001}",,
pilot_S_shard_A/assets/KR7004020004_t,qf_pilot,WORKSPACE_ROOT/lob_seq2seq_predictor_qf_queue_20260813_092802/artifacts/runs/pilot_S_shard_A/assets/KR7004020004_t,training_fit,completed,training_history+prediction+checkpoint+status,"[""S""]",[42],WORKSPACE_ROOT/lob_seq2seq_predictor_qf_queue_20260813_092802/artifacts/runs/pilot_S_shard_A/assets/KR7004020004_t/resolved_config.json,19cf684567489ca20eecdb31124d7f957456ff30f49aa4db4ec545c36d2ca81a,2aa4e064bf917016b1653a5344f78a08dbbb34eb,unknown: runner records no dirty status,relocated artifacts; setup metadata says RTX4090 GPU0/1; original host identity unknown,unknown: manifests do not hash source/cache,no_investor,WORKSPACE_ROOT/lob_seq2seq_predictor_qf_queue_20260813_092802/artifacts/runs/pilot_S_shard_A/assets/KR7004020004_t/split_manifest.csv,validation multiclass NLL with min_delta=0.0001,WORKSPACE_ROOT/lob_seq2seq_predictor_qf_queue_20260813_092802/artifacts/runs/pilot_S_shard_A/assets/KR7004020004_t/training_history.csv,WORKSPACE_ROOT/lob_seq2seq_predictor_qf_queue_20260813_092802/artifacts/runs/pilot_S_shard_A/assets/KR7004020004_t/best_logloss_checkpoint.pt,WORKSPACE_ROOT/lob_seq2seq_predictor_qf_queue_20260813_092802/artifacts/runs/pilot_S_shard_A/assets/KR7004020004_t/test_predictions.csv.gz,WORKSPACE_ROOT/lob_seq2seq_predictor_qf_queue_20260813_092802/artifacts/runs/pilot_S_shard_A/assets/KR7004020004_t/metrics_summary.json,WORKSPACE_ROOT/lob_seq2seq_predictor_qf_queue_20260813_092802/artifacts/runs/pilot_S_shard_A/assets/KR7004020004_t/run.log,"unknown; queue trainer can resume, no retained attempt log",unknown,unknown,unknown,unknown,verified,saved_artifact,"[{""date_max"": ""20170630"", ""date_min"": ""20170206"", ""epochs"": [134], ""label_counts"": [1066, 1723, 973], ""nll"": 1.0019490512964841, ""rows"": 3762, ""split"": ""development_holdout""}, {""date_max"": ""20170203"", ""date_min"": ""20161124"", ""epochs"": [134], ""label_counts"": [571, 736, 555], ""nll"": 1.0290875525004524, ""rows"": 1862, ""split"": ""validation""}]",[134],164,1.0290875525004524,134,"[{""accuracy"": 0.4869750132908028, ""brier"": 0.6052166699208928, ""class_distribution"": [1066, 1723, 973], ""class_f1"": [0.41647168928404305, 0.5897364771151179, 0.36363636363636365], ""confusion_matrix"": [[445, 441, 180], [355, 1063, 305], [271, 378, 324]], ""ece"": 0.012015971385910642, ""log_loss"": 1.0019490512964841, ""macro_f1"": 0.4566148433451748, ""mcc"": 0.19214745252604595, ""precision"": [0.415499533146592, 0.5648246546227418, 0.4004944375772559], ""prediction_count"": 3762, ""recall"": [0.4174484052532833, 0.6169471851421938, 0.3329907502569373], ""scope"": ""development_holdout""}, {""accuracy"": 0.458109559613319, ""brier"": 0.6229196116368021, ""class_distribution"": [571, 736, 555], ""class_f1"": [0.41718889883616833, 0.54739336492891, 0.3438520130576714], ""confusion_matrix"": [[233, 244, 94], [162, 462, 112], [151, 246, 158]], ""ece"": 0.029076387329432136, ""log_loss"": 1.0290875525004524, ""macro_f1"": 0.4361447589409166, ""mcc"": 0.16921143363296318, ""precision"": [0.4267399267399267, 0.4852941176470588, 0.4340659340659341], ""prediction_count"": 1862, ""recall"": [0.4080560420315236, 0.6277173913043478, 0.28468468468468466], ""scope"": ""validation""}]",unknown,unknown,unknown,"{""train"": {""first"": ""20150701"", ""last"": ""20161123"", ""days"": 345}, ""validation"": {""first"": ""20161124"", ""last"": ""20170203"", ""days"": 49}, ""development_holdout"": {""first"": ""20170206"", ""last"": ""20170630"", ""days"": 99}}",WORKSPACE_ROOT/lob_seq2seq_predictor_qf_queue_20260813_092802/artifacts/runs/pilot_S_shard_A/assets/KR7004020004_t/data_manifest.json,"{""accumulation"": 4, ""cross_asset_layers"": 1, ""d_model"": 128, ""dropout"": 0.1, ""learning_rate"": 0.0001, ""max_epochs"": 200, ""microbatch"": 8, ""nhead"": 8, ""seed"": 42, ""temporal_layers"": 2, ""weight_decay"": 0.0001}",,
pilot_S_shard_A/assets/KR7005300009_t,qf_pilot,WORKSPACE_ROOT/lob_seq2seq_predictor_qf_queue_20260813_092802/artifacts/runs/pilot_S_shard_A/assets/KR7005300009_t,training_fit,completed,training_history+prediction+checkpoint+status,"[""S""]",[42],WORKSPACE_ROOT/lob_seq2seq_predictor_qf_queue_20260813_092802/artifacts/runs/pilot_S_shard_A/assets/KR7005300009_t/resolved_config.json,19cf684567489ca20eecdb31124d7f957456ff30f49aa4db4ec545c36d2ca81a,2aa4e064bf917016b1653a5344f78a08dbbb34eb,unknown: runner records no dirty status,relocated artifacts; setup metadata says RTX4090 GPU0/1; original host identity unknown,unknown: manifests do not hash source/cache,no_investor,WORKSPACE_ROOT/lob_seq2seq_predictor_qf_queue_20260813_092802/artifacts/runs/pilot_S_shard_A/assets/KR7005300009_t/split_manifest.csv,validation multiclass NLL with min_delta=0.0001,WORKSPACE_ROOT/lob_seq2seq_predictor_qf_queue_20260813_092802/artifacts/runs/pilot_S_shard_A/assets/KR7005300009_t/training_history.csv,WORKSPACE_ROOT/lob_seq2seq_predictor_qf_queue_20260813_092802/artifacts/runs/pilot_S_shard_A/assets/KR7005300009_t/best_logloss_checkpoint.pt,WORKSPACE_ROOT/lob_seq2seq_predictor_qf_queue_20260813_092802/artifacts/runs/pilot_S_shard_A/assets/KR7005300009_t/test_predictions.csv.gz,WORKSPACE_ROOT/lob_seq2seq_predictor_qf_queue_20260813_092802/artifacts/runs/pilot_S_shard_A/assets/KR7005300009_t/metrics_summary.json,WORKSPACE_ROOT/lob_seq2seq_predictor_qf_queue_20260813_092802/artifacts/runs/pilot_S_shard_A/assets/KR7005300009_t/run.log,"unknown; queue trainer can resume, no retained attempt log",unknown,unknown,unknown,unknown,verified,saved_artifact,"[{""date_max"": ""20170630"", ""date_min"": ""20170206"", ""epochs"": [94], ""label_counts"": [1216, 1395, 1151], ""nll"": 1.0497907074397756, ""rows"": 3762, ""split"": ""development_holdout""}, {""date_max"": ""20170203"", ""date_min"": ""20161124"", ""epochs"": [94], ""label_counts"": [642, 649, 571], ""nll"": 1.0543045028860971, ""rows"": 1862, ""split"": ""validation""}]",[94],124,1.054304502886097,94,"[{""accuracy"": 0.4619883040935672, ""brier"": 0.6324530967002484, ""class_distribution"": [1216, 1395, 1151], ""class_f1"": [0.47863247863247865, 0.5111896348645465, 0.37719298245614036], ""confusion_matrix"": [[700, 240, 276], [506, 651, 238], [503, 261, 387]], ""ece"": 0.02796505741322132, ""log_loss"": 1.0497907074397756, ""macro_f1"": 0.45567169865105517, ""mcc"": 0.1964051360260718, ""precision"": [0.4095962551199532, 0.5651041666666666, 0.4295227524972253], ""prediction_count"": 3762, ""recall"": [0.5756578947368421, 0.4666666666666667, 0.3362293657688966], ""scope"": ""development_holdout""}, {""accuracy"": 0.44951664876476904, ""brier"": 0.6373609964628479, ""class_distribution"": [642, 649, 571], ""class_f1"": [0.49936305732484076, 0.5011459129106188, 0.27692307692307694], ""confusion_matrix"": [[392, 160, 90], [254, 328, 67], [282, 172, 117]], ""ece"": 0.03975210969634438, ""log_loss"": 1.0543045028860967, ""macro_f1"": 0.42581068238617875, ""mcc"": 0.17187374783464077, ""precision"": [0.4224137931034483, 0.49696969696969695, 0.42700729927007297], ""prediction_count"": 1862, ""recall"": [0.6105919003115264, 0.5053929121725732, 0.20490367775831875], ""scope"": ""validation""}]",unknown,unknown,unknown,"{""train"": {""first"": ""20150701"", ""last"": ""20161123"", ""days"": 345}, ""validation"": {""first"": ""20161124"", ""last"": ""20170203"", ""days"": 49}, ""development_holdout"": {""first"": ""20170206"", ""last"": ""20170630"", ""days"": 99}}",WORKSPACE_ROOT/lob_seq2seq_predictor_qf_queue_20260813_092802/artifacts/runs/pilot_S_shard_A/assets/KR7005300009_t/data_manifest.json,"{""accumulation"": 4, ""cross_asset_layers"": 1, ""d_model"": 128, ""dropout"": 0.1, ""learning_rate"": 0.0001, ""max_epochs"": 200, ""microbatch"": 8, ""nhead"": 8, ""seed"": 42, ""temporal_layers"": 2, ""weight_decay"": 0.0001}",,
pilot_S_shard_A/assets/KR7005440003_t,qf_pilot,WORKSPACE_ROOT/lob_seq2seq_predictor_qf_queue_20260813_092802/artifacts/runs/pilot_S_shard_A/assets/KR7005440003_t,training_fit,completed,training_history+prediction+checkpoint+status,"[""S""]",[42],WORKSPACE_ROOT/lob_seq2seq_predictor_qf_queue_20260813_092802/artifacts/runs/pilot_S_shard_A/assets/KR7005440003_t/resolved_config.json,19cf684567489ca20eecdb31124d7f957456ff30f49aa4db4ec545c36d2ca81a,2aa4e064bf917016b1653a5344f78a08dbbb34eb,unknown: runner records no dirty status,relocated artifacts; setup metadata says RTX4090 GPU0/1; original host identity unknown,unknown: manifests do not hash source/cache,no_investor,WORKSPACE_ROOT/lob_seq2seq_predictor_qf_queue_20260813_092802/artifacts/runs/pilot_S_shard_A/assets/KR7005440003_t/split_manifest.csv,validation multiclass NLL with min_delta=0.0001,WORKSPACE_ROOT/lob_seq2seq_predictor_qf_queue_20260813_092802/artifacts/runs/pilot_S_shard_A/assets/KR7005440003_t/training_history.csv,WORKSPACE_ROOT/lob_seq2seq_predictor_qf_queue_20260813_092802/artifacts/runs/pilot_S_shard_A/assets/KR7005440003_t/best_logloss_checkpoint.pt,WORKSPACE_ROOT/lob_seq2seq_predictor_qf_queue_20260813_092802/artifacts/runs/pilot_S_shard_A/assets/KR7005440003_t/test_predictions.csv.gz,WORKSPACE_ROOT/lob_seq2seq_predictor_qf_queue_20260813_092802/artifacts/runs/pilot_S_shard_A/assets/KR7005440003_t/metrics_summary.json,WORKSPACE_ROOT/lob_seq2seq_predictor_qf_queue_20260813_092802/artifacts/runs/pilot_S_shard_A/assets/KR7005440003_t/run.log,"unknown; queue trainer can resume, no retained attempt log",unknown,unknown,unknown,unknown,verified,saved_artifact,"[{""date_max"": ""20170630"", ""date_min"": ""20170206"", ""epochs"": [56], ""label_counts"": [769, 2201, 792], ""nll"": 0.902304255693367, ""rows"": 3762, ""split"": ""development_holdout""}, {""date_max"": ""20170203"", ""date_min"": ""20161124"", ""epochs"": [56], ""label_counts"": [281, 1289, 292], ""nll"": 0.7525405815219159, ""rows"": 1862, ""split"": ""validation""}]",[56],86,0.7525405815219157,56,"[{""accuracy"": 0.5959595959595959, ""brier"": 0.5375949133065087, ""class_distribution"": [769, 2201, 792], ""class_f1"": [0.30333333333333334, 0.7419712070874862, 0.11037527593818984], ""confusion_matrix"": [[182, 560, 27], [154, 2010, 37], [95, 647, 50]], ""ece"": 0.05879813666684532, ""log_loss"": 0.9023042556933669, ""macro_f1"": 0.3852266054530031, ""mcc"": 0.17259944563093801, ""precision"": [0.4222737819025522, 0.6248057196145477, 0.43859649122807015], ""prediction_count"": 3762, ""recall"": [0.23667100130039012, 0.9132212630622444, 0.06313131313131314], ""scope"": ""development_holdout""}, {""accuracy"": 0.673469387755102, ""brier"": 0.43863501360273444, ""class_distribution"": [281, 1289, 292], ""class_f1"": [0.27310924369747897, 0.8057751804743898, 0.10029498525073746], ""confusion_matrix"": [[65, 208, 8], [95, 1172, 22], [35, 240, 17]], ""ece"": 0.011931864007649432, ""log_loss"": 0.7525405815219157, ""macro_f1"": 0.39305980314086875, ""mcc"": 0.15532280170491927, ""precision"": [0.3333333333333333, 0.7234567901234568, 0.3617021276595745], ""prediction_count"": 1862, ""recall"": [0.2313167259786477, 0.9092319627618308, 0.05821917808219178], ""scope"": ""validation""}]",unknown,unknown,unknown,"{""train"": {""first"": ""20150701"", ""last"": ""20161123"", ""days"": 345}, ""validation"": {""first"": ""20161124"", ""last"": ""20170203"", ""days"": 49}, ""development_holdout"": {""first"": ""20170206"", ""last"": ""20170630"", ""days"": 99}}",WORKSPACE_ROOT/lob_seq2seq_predictor_qf_queue_20260813_092802/artifacts/runs/pilot_S_shard_A/assets/KR7005440003_t/data_manifest.json,"{""accumulation"": 4, ""cross_asset_layers"": 1, ""d_model"": 128, ""dropout"": 0.1, ""learning_rate"": 0.0001, ""max_epochs"": 200, ""microbatch"": 8, ""nhead"": 8, ""seed"": 42, ""temporal_layers"": 2, ""weight_decay"": 0.0001}",,
pilot_S_shard_A/assets/KR7005830005_t,qf_pilot,WORKSPACE_ROOT/lob_seq2seq_predictor_qf_queue_20260813_092802/artifacts/runs/pilot_S_shard_A/assets/KR7005830005_t,training_fit,completed,training_history+prediction+checkpoint+status,"[""S""]",[42],WORKSPACE_ROOT/lob_seq2seq_predictor_qf_queue_20260813_092802/artifacts/runs/pilot_S_shard_A/assets/KR7005830005_t/resolved_config.json,19cf684567489ca20eecdb31124d7f957456ff30f49aa4db4ec545c36d2ca81a,2aa4e064bf917016b1653a5344f78a08dbbb34eb,unknown: runner records no dirty status,relocated artifacts; setup metadata says RTX4090 GPU0/1; original host identity unknown,unknown: manifests do not hash source/cache,no_investor,WORKSPACE_ROOT/lob_seq2seq_predictor_qf_queue_20260813_092802/artifacts/runs/pilot_S_shard_A/assets/KR7005830005_t/split_manifest.csv,validation multiclass NLL with min_delta=0.0001,WORKSPACE_ROOT/lob_seq2seq_predictor_qf_queue_20260813_092802/artifacts/runs/pilot_S_shard_A/assets/KR7005830005_t/training_history.csv,WORKSPACE_ROOT/lob_seq2seq_predictor_qf_queue_20260813_092802/artifacts/runs/pilot_S_shard_A/assets/KR7005830005_t/best_logloss_checkpoint.pt,WORKSPACE_ROOT/lob_seq2seq_predictor_qf_queue_20260813_092802/artifacts/runs/pilot_S_shard_A/assets/KR7005830005_t/test_predictions.csv.gz,WORKSPACE_ROOT/lob_seq2seq_predictor_qf_queue_20260813_092802/artifacts/runs/pilot_S_shard_A/assets/KR7005830005_t/metrics_summary.json,WORKSPACE_ROOT/lob_seq2seq_predictor_qf_queue_20260813_092802/artifacts/runs/pilot_S_shard_A/assets/KR7005830005_t/run.log,"unknown; queue trainer can resume, no retained attempt log",unknown,unknown,unknown,unknown,verified,saved_artifact,"[{""date_max"": ""20170630"", ""date_min"": ""20170206"", ""epochs"": [124], ""label_counts"": [942, 1868, 952], ""nll"": 0.9704417925606882, ""rows"": 3762, ""split"": ""development_holdout""}, {""date_max"": ""20170203"", ""date_min"": ""20161124"", ""epochs"": [124], ""label_counts"": [544, 809, 509], ""nll"": 1.0197655984993015, ""rows"": 1862, ""split"": ""validation""}]",[124],154,1.0197655984993017,124,"[{""accuracy"": 0.5244550770866561, ""brier"": 0.5829594673907018, ""class_distribution"": [942, 1868, 952], ""class_f1"": [0.38198403648802737, 0.6483903420523138, 0.3890746934225195], ""confusion_matrix"": [[335, 427, 180], [266, 1289, 313], [211, 392, 349]], ""ece"": 0.01655471054244492, ""log_loss"": 0.9704417925606882, ""macro_f1"": 0.4731496906542869, ""mcc"": 0.223018640837359, ""precision"": [0.4125615763546798, 0.6114800759013282, 0.4144893111638955], ""prediction_count"": 3762, ""recall"": [0.35562632696390656, 0.6900428265524625, 0.36659663865546216], ""scope"": ""development_holdout""}, {""accuracy"": 0.4849624060150376, ""brier"": 0.6159045731412757, ""class_distribution"": [544, 809, 509], ""class_f1"": [0.43410852713178294, 0.5591909577632361, 0.4134520276953511], ""confusion_matrix"": [[224, 212, 108], [154, 470, 185], [110, 190, 209]], ""ece"": 0.020548544996510074, ""log_loss"": 1.0197655984993015, ""macro_f1"": 0.46891717086345674, ""mcc"": 0.2033800794129709, ""precision"": [0.45901639344262296, 0.5389908256880734, 0.4163346613545817], ""prediction_count"": 1862, ""recall"": [0.4117647058823529, 0.580964153275649, 0.4106090373280943], ""scope"": ""validation""}]",unknown,unknown,unknown,"{""train"": {""first"": ""20150701"", ""last"": ""20161123"", ""days"": 345}, ""validation"": {""first"": ""20161124"", ""last"": ""20170203"", ""days"": 49}, ""development_holdout"": {""first"": ""20170206"", ""last"": ""20170630"", ""days"": 99}}",WORKSPACE_ROOT/lob_seq2seq_predictor_qf_queue_20260813_092802/artifacts/runs/pilot_S_shard_A/assets/KR7005830005_t/data_manifest.json,"{""accumulation"": 4, ""cross_asset_layers"": 1, ""d_model"": 128, ""dropout"": 0.1, ""learning_rate"": 0.0001, ""max_epochs"": 200, ""microbatch"": 8, ""nhead"": 8, ""seed"": 42, ""temporal_layers"": 2, ""weight_decay"": 0.0001}",,
pilot_S_shard_A/assets/KR7006400006_t,qf_pilot,WORKSPACE_ROOT/lob_seq2seq_predictor_qf_queue_20260813_092802/artifacts/runs/pilot_S_shard_A/assets/KR7006400006_t,training_fit,completed,training_history+prediction+checkpoint+status,"[""S""]",[42],WORKSPACE_ROOT/lob_seq2seq_predictor_qf_queue_20260813_092802/artifacts/runs/pilot_S_shard_A/assets/KR7006400006_t/resolved_config.json,19cf684567489ca20eecdb31124d7f957456ff30f49aa4db4ec545c36d2ca81a,2aa4e064bf917016b1653a5344f78a08dbbb34eb,unknown: runner records no dirty status,relocated artifacts; setup metadata says RTX4090 GPU0/1; original host identity unknown,unknown: manifests do not hash source/cache,no_investor,WORKSPACE_ROOT/lob_seq2seq_predictor_qf_queue_20260813_092802/artifacts/runs/pilot_S_shard_A/assets/KR7006400006_t/split_manifest.csv,validation multiclass NLL with min_delta=0.0001,WORKSPACE_ROOT/lob_seq2seq_predictor_qf_queue_20260813_092802/artifacts/runs/pilot_S_shard_A/assets/KR7006400006_t/training_history.csv,WORKSPACE_ROOT/lob_seq2seq_predictor_qf_queue_20260813_092802/artifacts/runs/pilot_S_shard_A/assets/KR7006400006_t/best_logloss_checkpoint.pt,WORKSPACE_ROOT/lob_seq2seq_predictor_qf_queue_20260813_092802/artifacts/runs/pilot_S_shard_A/assets/KR7006400006_t/test_predictions.csv.gz,WORKSPACE_ROOT/lob_seq2seq_predictor_qf_queue_20260813_092802/artifacts/runs/pilot_S_shard_A/assets/KR7006400006_t/metrics_summary.json,WORKSPACE_ROOT/lob_seq2seq_predictor_qf_queue_20260813_092802/artifacts/runs/pilot_S_shard_A/assets/KR7006400006_t/run.log,"unknown; queue trainer can resume, no retained attempt log",unknown,unknown,unknown,unknown,verified,saved_artifact,"[{""date_max"": ""20170630"", ""date_min"": ""20170206"", ""epochs"": [92], ""label_counts"": [532, 2695, 535], ""nll"": 0.6976699983416198, ""rows"": 3762, ""split"": ""development_holdout""}, {""date_max"": ""20170203"", ""date_min"": ""20161124"", ""epochs"": [92], ""label_counts"": [312, 1177, 373], ""nll"": 0.7594812909496862, ""rows"": 1862, ""split"": ""validation""}]",[92],122,0.7594812909496862,92,"[{""accuracy"": 0.7192982456140351, ""brier"": 0.39908577673345974, ""class_distribution"": [532, 2695, 535], ""class_f1"": [0.2593068035943517, 0.8405749215265158, 0.17630057803468208], ""confusion_matrix"": [[101, 403, 28], [83, 2544, 68], [63, 411, 61]], ""ece"": 0.030742536945005835, ""log_loss"": 0.6976699983416198, ""macro_f1"": 0.4253941010518498, ""mcc"": 0.2178067173627148, ""precision"": [0.4089068825910931, 0.7575938058368076, 0.3885350318471338], ""prediction_count"": 3762, ""recall"": [0.18984962406015038, 0.9439703153988869, 0.11401869158878504], ""scope"": ""development_holdout""}, {""accuracy"": 0.6707841031149302, ""brier"": 0.4383046575087973, ""class_distribution"": [312, 1177, 373], ""class_f1"": [0.3864406779661017, 0.8093023255813954, 0.3285198555956679], ""confusion_matrix"": [[114, 161, 37], [80, 1044, 53], [84, 198, 91]], ""ece"": 0.015853192396807454, ""log_loss"": 0.7594812909496862, ""macro_f1"": 0.5080876197143883, ""mcc"": 0.32489131298348795, ""precision"": [0.41007194244604317, 0.7441197434069851, 0.5027624309392266], ""prediction_count"": 1862, ""recall"": [0.36538461538461536, 0.887000849617672, 0.24396782841823056], ""scope"": ""validation""}]",unknown,unknown,unknown,"{""train"": {""first"": ""20150701"", ""last"": ""20161123"", ""days"": 345}, ""validation"": {""first"": ""20161124"", ""last"": ""20170203"", ""days"": 49}, ""development_holdout"": {""first"": ""20170206"", ""last"": ""20170630"", ""days"": 99}}",WORKSPACE_ROOT/lob_seq2seq_predictor_qf_queue_20260813_092802/artifacts/runs/pilot_S_shard_A/assets/KR7006400006_t/data_manifest.json,"{""accumulation"": 4, ""cross_asset_layers"": 1, ""d_model"": 128, ""dropout"": 0.1, ""learning_rate"": 0.0001, ""max_epochs"": 200, ""microbatch"": 8, ""nhead"": 8, ""seed"": 42, ""temporal_layers"": 2, ""weight_decay"": 0.0001}",,
pilot_S_shard_A/assets/KR7007070006_t,qf_pilot,WORKSPACE_ROOT/lob_seq2seq_predictor_qf_queue_20260813_092802/artifacts/runs/pilot_S_shard_A/assets/KR7007070006_t,training_fit,completed,training_history+prediction+checkpoint+status,"[""S""]",[42],WORKSPACE_ROOT/lob_seq2seq_predictor_qf_queue_20260813_092802/artifacts/runs/pilot_S_shard_A/assets/KR7007070006_t/resolved_config.json,19cf684567489ca20eecdb31124d7f957456ff30f49aa4db4ec545c36d2ca81a,2aa4e064bf917016b1653a5344f78a08dbbb34eb,unknown: runner records no dirty status,relocated artifacts; setup metadata says RTX4090 GPU0/1; original host identity unknown,unknown: manifests do not hash source/cache,no_investor,WORKSPACE_ROOT/lob_seq2seq_predictor_qf_queue_20260813_092802/artifacts/runs/pilot_S_shard_A/assets/KR7007070006_t/split_manifest.csv,validation multiclass NLL with min_delta=0.0001,WORKSPACE_ROOT/lob_seq2seq_predictor_qf_queue_20260813_092802/artifacts/runs/pilot_S_shard_A/assets/KR7007070006_t/training_history.csv,WORKSPACE_ROOT/lob_seq2seq_predictor_qf_queue_20260813_092802/artifacts/runs/pilot_S_shard_A/assets/KR7007070006_t/best_logloss_checkpoint.pt,WORKSPACE_ROOT/lob_seq2seq_predictor_qf_queue_20260813_092802/artifacts/runs/pilot_S_shard_A/assets/KR7007070006_t/test_predictions.csv.gz,WORKSPACE_ROOT/lob_seq2seq_predictor_qf_queue_20260813_092802/artifacts/runs/pilot_S_shard_A/assets/KR7007070006_t/metrics_summary.json,WORKSPACE_ROOT/lob_seq2seq_predictor_qf_queue_20260813_092802/artifacts/runs/pilot_S_shard_A/assets/KR7007070006_t/run.log,"unknown; queue trainer can resume, no retained attempt log",unknown,unknown,unknown,unknown,verified,saved_artifact,"[{""date_max"": ""20170630"", ""date_min"": ""20170206"", ""epochs"": [43], ""label_counts"": [1048, 1714, 1000], ""nll"": 1.0112017392186965, ""rows"": 3762, ""split"": ""development_holdout""}, {""date_max"": ""20170203"", ""date_min"": ""20161124"", ""epochs"": [43], ""label_counts"": [548, 718, 596], ""nll"": 1.034453646618377, ""rows"": 1862, ""split"": ""validation""}]",[43],73,1.034453646618377,43,"[{""accuracy"": 0.5013290802764487, ""brier"": 0.6083013206041781, ""class_distribution"": [1048, 1714, 1000], ""class_f1"": [0.4346590909090909, 0.6176237099761842, 0.31843233312921004], ""confusion_matrix"": [[459, 430, 159], [333, 1167, 214], [272, 468, 260]], ""ece"": 0.040567137750037, ""log_loss"": 1.0112017392186965, ""macro_f1"": 0.45690504467149506, ""mcc"": 0.2071140328162569, ""precision"": [0.43139097744360905, 0.565133171912833, 0.4107424960505529], ""prediction_count"": 3762, ""recall"": [0.43797709923664124, 0.6808634772462077, 0.26], ""scope"": ""development_holdout""}, {""accuracy"": 0.44790547798066593, ""brier"": 0.6262542763601177, ""class_distribution"": [548, 718, 596], ""class_f1"": [0.4597864768683274, 0.49076127124907615, 0.37060041407867494], ""confusion_matrix"": [[323, 134, 91], [286, 332, 100], [248, 169, 179]], ""ece"": 0.006416053813395814, ""log_loss"": 1.034453646618377, ""macro_f1"": 0.44038272073202617, ""mcc"": 0.1813224835497832, ""precision"": [0.37689614935822635, 0.5228346456692914, 0.4837837837837838], ""prediction_count"": 1862, ""recall"": [0.5894160583941606, 0.4623955431754875, 0.30033557046979864], ""scope"": ""validation""}]",unknown,unknown,unknown,"{""train"": {""first"": ""20150701"", ""last"": ""20161123"", ""days"": 345}, ""validation"": {""first"": ""20161124"", ""last"": ""20170203"", ""days"": 49}, ""development_holdout"": {""first"": ""20170206"", ""last"": ""20170630"", ""days"": 99}}",WORKSPACE_ROOT/lob_seq2seq_predictor_qf_queue_20260813_092802/artifacts/runs/pilot_S_shard_A/assets/KR7007070006_t/data_manifest.json,"{""accumulation"": 4, ""cross_asset_layers"": 1, ""d_model"": 128, ""dropout"": 0.1, ""learning_rate"": 0.0001, ""max_epochs"": 200, ""microbatch"": 8, ""nhead"": 8, ""seed"": 42, ""temporal_layers"": 2, ""weight_decay"": 0.0001}",,
pilot_S_shard_A/assets/KR7009150004_t,qf_pilot,WORKSPACE_ROOT/lob_seq2seq_predictor_qf_queue_20260813_092802/artifacts/runs/pilot_S_shard_A/assets/KR7009150004_t,training_fit,completed,training_history+prediction+checkpoint+status,"[""S""]",[42],WORKSPACE_ROOT/lob_seq2seq_predictor_qf_queue_20260813_092802/artifacts/runs/pilot_S_shard_A/assets/KR7009150004_t/resolved_config.json,19cf684567489ca20eecdb31124d7f957456ff30f49aa4db4ec545c36d2ca81a,2aa4e064bf917016b1653a5344f78a08dbbb34eb,unknown: runner records no dirty status,relocated artifacts; setup metadata says RTX4090 GPU0/1; original host identity unknown,unknown: manifests do not hash source/cache,no_investor,WORKSPACE_ROOT/lob_seq2seq_predictor_qf_queue_20260813_092802/artifacts/runs/pilot_S_shard_A/assets/KR7009150004_t/split_manifest.csv,validation multiclass NLL with min_delta=0.0001,WORKSPACE_ROOT/lob_seq2seq_predictor_qf_queue_20260813_092802/artifacts/runs/pilot_S_shard_A/assets/KR7009150004_t/training_history.csv,WORKSPACE_ROOT/lob_seq2seq_predictor_qf_queue_20260813_092802/artifacts/runs/pilot_S_shard_A/assets/KR7009150004_t/best_logloss_checkpoint.pt,WORKSPACE_ROOT/lob_seq2seq_predictor_qf_queue_20260813_092802/artifacts/runs/pilot_S_shard_A/assets/KR7009150004_t/test_predictions.csv.gz,WORKSPACE_ROOT/lob_seq2seq_predictor_qf_queue_20260813_092802/artifacts/runs/pilot_S_shard_A/assets/KR7009150004_t/metrics_summary.json,WORKSPACE_ROOT/lob_seq2seq_predictor_qf_queue_20260813_092802/artifacts/runs/pilot_S_shard_A/assets/KR7009150004_t/run.log,"unknown; queue trainer can resume, no retained attempt log",unknown,unknown,unknown,unknown,verified,saved_artifact,"[{""date_max"": ""20170630"", ""date_min"": ""20170206"", ""epochs"": [143], ""label_counts"": [1126, 1498, 1138], ""nll"": 1.0154114802278444, ""rows"": 3762, ""split"": ""development_holdout""}, {""date_max"": ""20170203"", ""date_min"": ""20161124"", ""epochs"": [143], ""label_counts"": [502, 865, 495], ""nll"": 0.9599303529149837, ""rows"": 1862, ""split"": ""validation""}]",[143],173,0.9599303529149836,143,"[{""accuracy"": 0.47607655502392343, ""brier"": 0.6144015772783898, ""class_distribution"": [1126, 1498, 1138], ""class_f1"": [0.4209127159946832, 0.5686881188118812, 0.39017199017199017], ""confusion_matrix"": [[475, 430, 221], [300, 919, 279], [356, 385, 397]], ""ece"": 0.023801873289291252, ""log_loss"": 1.0154114802278444, ""macro_f1"": 0.45992427499285155, ""mcc"": 0.2005816343363814, ""precision"": [0.41998231653404067, 0.5299884659746251, 0.44258639910813824], ""prediction_count"": 3762, ""recall"": [0.4218472468916519, 0.6134846461949266, 0.34885764499121263], ""scope"": ""development_holdout""}, {""accuracy"": 0.5263157894736842, ""brier"": 0.5746372744399356, ""class_distribution"": [502, 865, 495], ""class_f1"": [0.4090909090909091, 0.6614090431125131, 0.3583138173302108], ""confusion_matrix"": [[198, 209, 95], [125, 629, 111], [143, 199, 153]], ""ece"": 0.010719136265840585, ""log_loss"": 0.9599303529149837, ""macro_f1"": 0.476271256511211, ""mcc"": 0.24209348960083626, ""precision"": [0.4248927038626609, 0.6065573770491803, 0.42618384401114207], ""prediction_count"": 1862, ""recall"": [0.3944223107569721, 0.7271676300578035, 0.3090909090909091], ""scope"": ""validation""}]",unknown,unknown,unknown,"{""train"": {""first"": ""20150701"", ""last"": ""20161123"", ""days"": 345}, ""validation"": {""first"": ""20161124"", ""last"": ""20170203"", ""days"": 49}, ""development_holdout"": {""first"": ""20170206"", ""last"": ""20170630"", ""days"": 99}}",WORKSPACE_ROOT/lob_seq2seq_predictor_qf_queue_20260813_092802/artifacts/runs/pilot_S_shard_A/assets/KR7009150004_t/data_manifest.json,"{""accumulation"": 4, ""cross_asset_layers"": 1, ""d_model"": 128, ""dropout"": 0.1, ""learning_rate"": 0.0001, ""max_epochs"": 200, ""microbatch"": 8, ""nhead"": 8, ""seed"": 42, ""temporal_layers"": 2, ""weight_decay"": 0.0001}",,
pilot_S_shard_B,qf_pilot,WORKSPACE_ROOT/lob_seq2seq_predictor_qf_queue_20260813_092802/artifacts/runs/pilot_S_shard_B,aggregate_or_analysis,completed,partial_artifacts,unknown,unknown,unknown,unknown,unknown,unknown: runner records no dirty status,relocated artifacts; setup metadata says RTX4090 GPU0/1; original host identity unknown,unknown: manifests do not hash source/cache,unknown,absent,not_applicable,absent,absent,WORKSPACE_ROOT/lob_seq2seq_predictor_qf_queue_20260813_092802/artifacts/runs/pilot_S_shard_B/test_predictions.csv.gz,absent,absent,not_applicable,unknown,unknown,unknown,unknown,verified,saved_artifact,unknown,unknown,unknown,unknown,unknown,unknown,unknown,unknown,unknown,unknown; saved prediction summary supplies evaluated dates where available,absent,unknown,,
pilot_S_shard_B/assets/KR7000100008_t,qf_pilot,WORKSPACE_ROOT/lob_seq2seq_predictor_qf_queue_20260813_092802/artifacts/runs/pilot_S_shard_B/assets/KR7000100008_t,training_fit,completed,training_history+prediction+checkpoint+status,"[""S""]",[42],WORKSPACE_ROOT/lob_seq2seq_predictor_qf_queue_20260813_092802/artifacts/runs/pilot_S_shard_B/assets/KR7000100008_t/resolved_config.json,19cf684567489ca20eecdb31124d7f957456ff30f49aa4db4ec545c36d2ca81a,2aa4e064bf917016b1653a5344f78a08dbbb34eb,unknown: runner records no dirty status,relocated artifacts; setup metadata says RTX4090 GPU0/1; original host identity unknown,unknown: manifests do not hash source/cache,no_investor,WORKSPACE_ROOT/lob_seq2seq_predictor_qf_queue_20260813_092802/artifacts/runs/pilot_S_shard_B/assets/KR7000100008_t/split_manifest.csv,validation multiclass NLL with min_delta=0.0001,WORKSPACE_ROOT/lob_seq2seq_predictor_qf_queue_20260813_092802/artifacts/runs/pilot_S_shard_B/assets/KR7000100008_t/training_history.csv,WORKSPACE_ROOT/lob_seq2seq_predictor_qf_queue_20260813_092802/artifacts/runs/pilot_S_shard_B/assets/KR7000100008_t/best_logloss_checkpoint.pt,WORKSPACE_ROOT/lob_seq2seq_predictor_qf_queue_20260813_092802/artifacts/runs/pilot_S_shard_B/assets/KR7000100008_t/test_predictions.csv.gz,WORKSPACE_ROOT/lob_seq2seq_predictor_qf_queue_20260813_092802/artifacts/runs/pilot_S_shard_B/assets/KR7000100008_t/metrics_summary.json,WORKSPACE_ROOT/lob_seq2seq_predictor_qf_queue_20260813_092802/artifacts/runs/pilot_S_shard_B/assets/KR7000100008_t/run.log,"unknown; queue trainer can resume, no retained attempt log",unknown,unknown,unknown,unknown,verified,saved_artifact,"[{""date_max"": ""20170630"", ""date_min"": ""20170206"", ""epochs"": [52], ""label_counts"": [853, 2002, 907], ""nll"": 0.9316538895770615, ""rows"": 3762, ""split"": ""development_holdout""}, {""date_max"": ""20170203"", ""date_min"": ""20161124"", ""epochs"": [52], ""label_counts"": [376, 1145, 341], ""nll"": 0.8663304020232162, ""rows"": 1862, ""split"": ""validation""}]",[52],82,0.8663304020232162,52,"[{""accuracy"": 0.5595427963849017, ""brier"": 0.5563625726798198, ""class_distribution"": [853, 2002, 907], ""class_f1"": [0.3174366616989568, 0.7061939690301549, 0.24960753532182103], ""confusion_matrix"": [[213, 545, 95], [156, 1733, 113], [120, 628, 159]], ""ece"": 0.02524549523714991, ""log_loss"": 0.9316538895770615, ""macro_f1"": 0.42441272201697755, ""mcc"": 0.19956746589122498, ""precision"": [0.43558282208588955, 0.5963523743977976, 0.4332425068119891], ""prediction_count"": 3762, ""recall"": [0.24970691676436108, 0.8656343656343657, 0.175303197353914], ""scope"": ""development_holdout""}, {""accuracy"": 0.6160042964554243, ""brier"": 0.5086827161536461, ""class_distribution"": [376, 1145, 341], ""class_f1"": [0.2627986348122867, 0.7647058823529411, 0.23045267489711935], ""confusion_matrix"": [[77, 265, 34], [76, 1014, 55], [57, 228, 56]], ""ece"": 0.014430014979317842, ""log_loss"": 0.8663304020232162, ""macro_f1"": 0.41931906402078245, ""mcc"": 0.19232506340107347, ""precision"": [0.36666666666666664, 0.6728599867285998, 0.38620689655172413], ""prediction_count"": 1862, ""recall"": [0.2047872340425532, 0.885589519650655, 0.16422287390029325], ""scope"": ""validation""}]",unknown,unknown,unknown,"{""train"": {""first"": ""20150701"", ""last"": ""20161123"", ""days"": 345}, ""validation"": {""first"": ""20161124"", ""last"": ""20170203"", ""days"": 49}, ""development_holdout"": {""first"": ""20170206"", ""last"": ""20170630"", ""days"": 99}}",WORKSPACE_ROOT/lob_seq2seq_predictor_qf_queue_20260813_092802/artifacts/runs/pilot_S_shard_B/assets/KR7000100008_t/data_manifest.json,"{""accumulation"": 4, ""cross_asset_layers"": 1, ""d_model"": 128, ""dropout"": 0.1, ""learning_rate"": 0.0001, ""max_epochs"": 200, ""microbatch"": 8, ""nhead"": 8, ""seed"": 42, ""temporal_layers"": 2, ""weight_decay"": 0.0001}",,
pilot_S_shard_B/assets/KR7000150003_t,qf_pilot,WORKSPACE_ROOT/lob_seq2seq_predictor_qf_queue_20260813_092802/artifacts/runs/pilot_S_shard_B/assets/KR7000150003_t,training_fit,completed,training_history+prediction+checkpoint+status,"[""S""]",[42],WORKSPACE_ROOT/lob_seq2seq_predictor_qf_queue_20260813_092802/artifacts/runs/pilot_S_shard_B/assets/KR7000150003_t/resolved_config.json,19cf684567489ca20eecdb31124d7f957456ff30f49aa4db4ec545c36d2ca81a,2aa4e064bf917016b1653a5344f78a08dbbb34eb,unknown: runner records no dirty status,relocated artifacts; setup metadata says RTX4090 GPU0/1; original host identity unknown,unknown: manifests do not hash source/cache,no_investor,WORKSPACE_ROOT/lob_seq2seq_predictor_qf_queue_20260813_092802/artifacts/runs/pilot_S_shard_B/assets/KR7000150003_t/split_manifest.csv,validation multiclass NLL with min_delta=0.0001,WORKSPACE_ROOT/lob_seq2seq_predictor_qf_queue_20260813_092802/artifacts/runs/pilot_S_shard_B/assets/KR7000150003_t/training_history.csv,WORKSPACE_ROOT/lob_seq2seq_predictor_qf_queue_20260813_092802/artifacts/runs/pilot_S_shard_B/assets/KR7000150003_t/best_logloss_checkpoint.pt,WORKSPACE_ROOT/lob_seq2seq_predictor_qf_queue_20260813_092802/artifacts/runs/pilot_S_shard_B/assets/KR7000150003_t/test_predictions.csv.gz,WORKSPACE_ROOT/lob_seq2seq_predictor_qf_queue_20260813_092802/artifacts/runs/pilot_S_shard_B/assets/KR7000150003_t/metrics_summary.json,WORKSPACE_ROOT/lob_seq2seq_predictor_qf_queue_20260813_092802/artifacts/runs/pilot_S_shard_B/assets/KR7000150003_t/run.log,"unknown; queue trainer can resume, no retained attempt log",unknown,unknown,unknown,unknown,verified,saved_artifact,"[{""date_max"": ""20170630"", ""date_min"": ""20170206"", ""epochs"": [137], ""label_counts"": [934, 1941, 887], ""nll"": 0.9607522095932682, ""rows"": 3762, ""split"": ""development_holdout""}, {""date_max"": ""20170203"", ""date_min"": ""20161124"", ""epochs"": [137], ""label_counts"": [252, 1375, 235], ""nll"": 0.667053101861265, ""rows"": 1862, ""split"": ""validation""}]",[137],167,0.6670531018612648,137,"[{""accuracy"": 0.531632110579479, ""brier"": 0.571822642231145, ""class_distribution"": [934, 1941, 887], ""class_f1"": [0.37257142857142855, 0.6742532005689901, 0.32390745501285345], ""confusion_matrix"": [[326, 423, 185], [287, 1422, 232], [203, 432, 252]], ""ece"": 0.06572198917840186, ""log_loss"": 0.9607522095932682, ""macro_f1"": 0.4569106947177574, ""mcc"": 0.2112376778277889, ""precision"": [0.39950980392156865, 0.6245059288537549, 0.37668161434977576], ""prediction_count"": 3762, ""recall"": [0.3490364025695932, 0.732612055641422, 0.28410372040586246], ""scope"": ""development_holdout""}, {""accuracy"": 0.7330827067669173, ""brier"": 0.3899991626863337, ""class_distribution"": [252, 1375, 235], ""class_f1"": [0.12025316455696203, 0.8471337579617835, 0.11940298507462686], ""confusion_matrix"": [[19, 231, 2], [30, 1330, 15], [15, 204, 16]], ""ece"": 0.04010513131819306, ""log_loss"": 0.6670531018612648, ""macro_f1"": 0.3622633025311241, ""mcc"": 0.1278385746938455, ""precision"": [0.296875, 0.7535410764872521, 0.48484848484848486], ""prediction_count"": 1862, ""recall"": [0.07539682539682539, 0.9672727272727273, 0.06808510638297872], ""scope"": ""validation""}]",unknown,unknown,unknown,"{""train"": {""first"": ""20150701"", ""last"": ""20161123"", ""days"": 345}, ""validation"": {""first"": ""20161124"", ""last"": ""20170203"", ""days"": 49}, ""development_holdout"": {""first"": ""20170206"", ""last"": ""20170630"", ""days"": 99}}",WORKSPACE_ROOT/lob_seq2seq_predictor_qf_queue_20260813_092802/artifacts/runs/pilot_S_shard_B/assets/KR7000150003_t/data_manifest.json,"{""accumulation"": 4, ""cross_asset_layers"": 1, ""d_model"": 128, ""dropout"": 0.1, ""learning_rate"": 0.0001, ""max_epochs"": 200, ""microbatch"": 8, ""nhead"": 8, ""seed"": 42, ""temporal_layers"": 2, ""weight_decay"": 0.0001}",,
pilot_S_shard_B/assets/KR7000660001_t,qf_pilot,WORKSPACE_ROOT/lob_seq2seq_predictor_qf_queue_20260813_092802/artifacts/runs/pilot_S_shard_B/assets/KR7000660001_t,training_fit,completed,training_history+prediction+checkpoint+status,"[""S""]",[42],WORKSPACE_ROOT/lob_seq2seq_predictor_qf_queue_20260813_092802/artifacts/runs/pilot_S_shard_B/assets/KR7000660001_t/resolved_config.json,19cf684567489ca20eecdb31124d7f957456ff30f49aa4db4ec545c36d2ca81a,2aa4e064bf917016b1653a5344f78a08dbbb34eb,unknown: runner records no dirty status,relocated artifacts; setup metadata says RTX4090 GPU0/1; original host identity unknown,unknown: manifests do not hash source/cache,no_investor,WORKSPACE_ROOT/lob_seq2seq_predictor_qf_queue_20260813_092802/artifacts/runs/pilot_S_shard_B/assets/KR7000660001_t/split_manifest.csv,validation multiclass NLL with min_delta=0.0001,WORKSPACE_ROOT/lob_seq2seq_predictor_qf_queue_20260813_092802/artifacts/runs/pilot_S_shard_B/assets/KR7000660001_t/training_history.csv,WORKSPACE_ROOT/lob_seq2seq_predictor_qf_queue_20260813_092802/artifacts/runs/pilot_S_shard_B/assets/KR7000660001_t/best_logloss_checkpoint.pt,WORKSPACE_ROOT/lob_seq2seq_predictor_qf_queue_20260813_092802/artifacts/runs/pilot_S_shard_B/assets/KR7000660001_t/test_predictions.csv.gz,WORKSPACE_ROOT/lob_seq2seq_predictor_qf_queue_20260813_092802/artifacts/runs/pilot_S_shard_B/assets/KR7000660001_t/metrics_summary.json,WORKSPACE_ROOT/lob_seq2seq_predictor_qf_queue_20260813_092802/artifacts/runs/pilot_S_shard_B/assets/KR7000660001_t/run.log,"unknown; queue trainer can resume, no retained attempt log",unknown,unknown,unknown,unknown,verified,saved_artifact,"[{""date_max"": ""20170630"", ""date_min"": ""20170206"", ""epochs"": [127], ""label_counts"": [1153, 1468, 1141], ""nll"": 1.031860475941089, ""rows"": 3762, ""split"": ""development_holdout""}, {""date_max"": ""20170203"", ""date_min"": ""20161124"", ""epochs"": [127], ""label_counts"": [603, 679, 580], ""nll"": 1.037339456234513, ""rows"": 1862, ""split"": ""validation""}]",[127],157,1.037339456234513,127,"[{""accuracy"": 0.4659755449229133, ""brier"": 0.6224659808848176, ""class_distribution"": [1153, 1468, 1141], ""class_f1"": [0.42664344797562037, 0.5772739839646116, 0.2720496894409938], ""confusion_matrix"": [[490, 551, 112], [286, 1044, 138], [368, 554, 219]], ""ece"": 0.021117102006987264, ""log_loss"": 1.031860475941089, ""macro_f1"": 0.42532237379374194, ""mcc"": 0.18314212590224974, ""precision"": [0.42832167832167833, 0.48580735225686367, 0.4669509594882729], ""prediction_count"": 3762, ""recall"": [0.424978317432784, 0.7111716621253406, 0.19193689745836984], ""scope"": ""development_holdout""}, {""accuracy"": 0.4505907626208378, ""brier"": 0.627723567253546, ""class_distribution"": [603, 679, 580], ""class_f1"": [0.44935262757044936, 0.5077355836849508, 0.3700707785642063], ""confusion_matrix"": [[295, 209, 99], [191, 361, 127], [224, 173, 183]], ""ece"": 0.030324467915547805, ""log_loss"": 1.037339456234513, ""macro_f1"": 0.44238632993986876, ""mcc"": 0.17250184490419712, ""precision"": [0.4154929577464789, 0.4858681022880215, 0.4474327628361858], ""prediction_count"": 1862, ""recall"": [0.4892205638474295, 0.5316642120765832, 0.31551724137931036], ""scope"": ""validation""}]",unknown,unknown,unknown,"{""train"": {""first"": ""20150701"", ""last"": ""20161123"", ""days"": 345}, ""validation"": {""first"": ""20161124"", ""last"": ""20170203"", ""days"": 49}, ""development_holdout"": {""first"": ""20170206"", ""last"": ""20170630"", ""days"": 99}}",WORKSPACE_ROOT/lob_seq2seq_predictor_qf_queue_20260813_092802/artifacts/runs/pilot_S_shard_B/assets/KR7000660001_t/data_manifest.json,"{""accumulation"": 4, ""cross_asset_layers"": 1, ""d_model"": 128, ""dropout"": 0.1, ""learning_rate"": 0.0001, ""max_epochs"": 200, ""microbatch"": 8, ""nhead"": 8, ""seed"": 42, ""temporal_layers"": 2, ""weight_decay"": 0.0001}",,
pilot_S_shard_B/assets/KR7000810002_t,qf_pilot,WORKSPACE_ROOT/lob_seq2seq_predictor_qf_queue_20260813_092802/artifacts/runs/pilot_S_shard_B/assets/KR7000810002_t,training_fit,completed,training_history+prediction+checkpoint+status,"[""S""]",[42],WORKSPACE_ROOT/lob_seq2seq_predictor_qf_queue_20260813_092802/artifacts/runs/pilot_S_shard_B/assets/KR7000810002_t/resolved_config.json,19cf684567489ca20eecdb31124d7f957456ff30f49aa4db4ec545c36d2ca81a,2aa4e064bf917016b1653a5344f78a08dbbb34eb,unknown: runner records no dirty status,relocated artifacts; setup metadata says RTX4090 GPU0/1; original host identity unknown,unknown: manifests do not hash source/cache,no_investor,WORKSPACE_ROOT/lob_seq2seq_predictor_qf_queue_20260813_092802/artifacts/runs/pilot_S_shard_B/assets/KR7000810002_t/split_manifest.csv,validation multiclass NLL with min_delta=0.0001,WORKSPACE_ROOT/lob_seq2seq_predictor_qf_queue_20260813_092802/artifacts/runs/pilot_S_shard_B/assets/KR7000810002_t/training_history.csv,WORKSPACE_ROOT/lob_seq2seq_predictor_qf_queue_20260813_092802/artifacts/runs/pilot_S_shard_B/assets/KR7000810002_t/best_logloss_checkpoint.pt,WORKSPACE_ROOT/lob_seq2seq_predictor_qf_queue_20260813_092802/artifacts/runs/pilot_S_shard_B/assets/KR7000810002_t/test_predictions.csv.gz,WORKSPACE_ROOT/lob_seq2seq_predictor_qf_queue_20260813_092802/artifacts/runs/pilot_S_shard_B/assets/KR7000810002_t/metrics_summary.json,WORKSPACE_ROOT/lob_seq2seq_predictor_qf_queue_20260813_092802/artifacts/runs/pilot_S_shard_B/assets/KR7000810002_t/run.log,"unknown; queue trainer can resume, no retained attempt log",unknown,unknown,unknown,unknown,verified,saved_artifact,"[{""date_max"": ""20170630"", ""date_min"": ""20170206"", ""epochs"": [92], ""label_counts"": [820, 2158, 784], ""nll"": 0.8867461106536462, ""rows"": 3762, ""split"": ""development_holdout""}, {""date_max"": ""20170203"", ""date_min"": ""20161124"", ""epochs"": [92], ""label_counts"": [454, 977, 431], ""nll"": 0.9209905348039462, ""rows"": 1862, ""split"": ""validation""}]",[92],122,0.920990534803946,92,"[{""accuracy"": 0.5946305156831473, ""brier"": 0.527837220518123, ""class_distribution"": [820, 2158, 784], ""class_f1"": [0.30431244914564687, 0.7350261678619887, 0.2711267605633803], ""confusion_matrix"": [[187, 556, 77], [141, 1896, 121], [81, 549, 154]], ""ece"": 0.03400344431781929, ""log_loss"": 0.886746110653646, ""macro_f1"": 0.4368217925236719, ""mcc"": 0.21036649458652035, ""precision"": [0.4572127139364303, 0.631789403532156, 0.4375], ""prediction_count"": 3762, ""recall"": [0.2280487804878049, 0.8785912882298424, 0.19642857142857142], ""scope"": ""development_holdout""}, {""accuracy"": 0.5569280343716434, ""brier"": 0.5567306497486839, ""class_distribution"": [454, 977, 431], ""class_f1"": [0.35549525101763907, 0.6901718818862935, 0.3426183844011142], ""confusion_matrix"": [[131, 261, 62], [92, 783, 102], [60, 248, 123]], ""ece"": 0.029360530109182867, ""log_loss"": 0.9209905348039461, ""macro_f1"": 0.4627618391016823, ""mcc"": 0.22361871241467304, ""precision"": [0.4628975265017668, 0.6060371517027864, 0.42857142857142855], ""prediction_count"": 1862, ""recall"": [0.28854625550660795, 0.8014329580348004, 0.2853828306264501], ""scope"": ""validation""}]",unknown,unknown,unknown,"{""train"": {""first"": ""20150701"", ""last"": ""20161123"", ""days"": 345}, ""validation"": {""first"": ""20161124"", ""last"": ""20170203"", ""days"": 49}, ""development_holdout"": {""first"": ""20170206"", ""last"": ""20170630"", ""days"": 99}}",WORKSPACE_ROOT/lob_seq2seq_predictor_qf_queue_20260813_092802/artifacts/runs/pilot_S_shard_B/assets/KR7000810002_t/data_manifest.json,"{""accumulation"": 4, ""cross_asset_layers"": 1, ""d_model"": 128, ""dropout"": 0.1, ""learning_rate"": 0.0001, ""max_epochs"": 200, ""microbatch"": 8, ""nhead"": 8, ""seed"": 42, ""temporal_layers"": 2, ""weight_decay"": 0.0001}",,
pilot_S_shard_B/assets/KR7001450006_t,qf_pilot,WORKSPACE_ROOT/lob_seq2seq_predictor_qf_queue_20260813_092802/artifacts/runs/pilot_S_shard_B/assets/KR7001450006_t,training_fit,completed,training_history+prediction+checkpoint+status,"[""S""]",[42],WORKSPACE_ROOT/lob_seq2seq_predictor_qf_queue_20260813_092802/artifacts/runs/pilot_S_shard_B/assets/KR7001450006_t/resolved_config.json,19cf684567489ca20eecdb31124d7f957456ff30f49aa4db4ec545c36d2ca81a,2aa4e064bf917016b1653a5344f78a08dbbb34eb,unknown: runner records no dirty status,relocated artifacts; setup metadata says RTX4090 GPU0/1; original host identity unknown,unknown: manifests do not hash source/cache,no_investor,WORKSPACE_ROOT/lob_seq2seq_predictor_qf_queue_20260813_092802/artifacts/runs/pilot_S_shard_B/assets/KR7001450006_t/split_manifest.csv,validation multiclass NLL with min_delta=0.0001,WORKSPACE_ROOT/lob_seq2seq_predictor_qf_queue_20260813_092802/artifacts/runs/pilot_S_shard_B/assets/KR7001450006_t/training_history.csv,WORKSPACE_ROOT/lob_seq2seq_predictor_qf_queue_20260813_092802/artifacts/runs/pilot_S_shard_B/assets/KR7001450006_t/best_logloss_checkpoint.pt,WORKSPACE_ROOT/lob_seq2seq_predictor_qf_queue_20260813_092802/artifacts/runs/pilot_S_shard_B/assets/KR7001450006_t/test_predictions.csv.gz,WORKSPACE_ROOT/lob_seq2seq_predictor_qf_queue_20260813_092802/artifacts/runs/pilot_S_shard_B/assets/KR7001450006_t/metrics_summary.json,WORKSPACE_ROOT/lob_seq2seq_predictor_qf_queue_20260813_092802/artifacts/runs/pilot_S_shard_B/assets/KR7001450006_t/run.log,"unknown; queue trainer can resume, no retained attempt log",unknown,unknown,unknown,unknown,verified,saved_artifact,"[{""date_max"": ""20170630"", ""date_min"": ""20170206"", ""epochs"": [99], ""label_counts"": [879, 1922, 961], ""nll"": 0.9480246486183203, ""rows"": 3762, ""split"": ""development_holdout""}, {""date_max"": ""20170203"", ""date_min"": ""20161124"", ""epochs"": [99], ""label_counts"": [531, 817, 514], ""nll"": 0.9922944094459775, ""rows"": 1862, ""split"": ""validation""}]",[99],129,0.9922944094459776,99,"[{""accuracy"": 0.5406698564593302, ""brier"": 0.5671400627511232, ""class_distribution"": [879, 1922, 961], ""class_f1"": [0.39914163090128757, 0.6839256295598964, 0.296243798724309], ""confusion_matrix"": [[372, 395, 112], [340, 1453, 129], [273, 479, 209]], ""ece"": 0.008300919672055351, ""log_loss"": 0.9480246486183203, ""macro_f1"": 0.45977035306183095, ""mcc"": 0.2310508279601799, ""precision"": [0.37766497461928933, 0.62440911044263, 0.46444444444444444], ""prediction_count"": 3762, ""recall"": [0.4232081911262799, 0.7559833506763788, 0.21748178980228927], ""scope"": ""development_holdout""}, {""accuracy"": 0.5128893662728249, ""brier"": 0.594772049760068, ""class_distribution"": [531, 817, 514], ""class_f1"": [0.4109311740890688, 0.6301075268817204, 0.3789954337899543], ""confusion_matrix"": [[203, 229, 99], [134, 586, 97], [120, 228, 166]], ""ece"": 0.018509707162942236, ""log_loss"": 0.9922944094459775, ""macro_f1"": 0.47334471158691455, ""mcc"": 0.23200490037857485, ""precision"": [0.4442013129102845, 0.5618408437200384, 0.4585635359116022], ""prediction_count"": 1862, ""recall"": [0.3822975517890772, 0.7172582619339045, 0.3229571984435798], ""scope"": ""validation""}]",unknown,unknown,unknown,"{""train"": {""first"": ""20150701"", ""last"": ""20161123"", ""days"": 345}, ""validation"": {""first"": ""20161124"", ""last"": ""20170203"", ""days"": 49}, ""development_holdout"": {""first"": ""20170206"", ""last"": ""20170630"", ""days"": 99}}",WORKSPACE_ROOT/lob_seq2seq_predictor_qf_queue_20260813_092802/artifacts/runs/pilot_S_shard_B/assets/KR7001450006_t/data_manifest.json,"{""accumulation"": 4, ""cross_asset_layers"": 1, ""d_model"": 128, ""dropout"": 0.1, ""learning_rate"": 0.0001, ""max_epochs"": 200, ""microbatch"": 8, ""nhead"": 8, ""seed"": 42, ""temporal_layers"": 2, ""weight_decay"": 0.0001}",,
pilot_S_shard_B/assets/KR7002550002_t,qf_pilot,WORKSPACE_ROOT/lob_seq2seq_predictor_qf_queue_20260813_092802/artifacts/runs/pilot_S_shard_B/assets/KR7002550002_t,training_fit,completed,training_history+prediction+checkpoint+status,"[""S""]",[42],WORKSPACE_ROOT/lob_seq2seq_predictor_qf_queue_20260813_092802/artifacts/runs/pilot_S_shard_B/assets/KR7002550002_t/resolved_config.json,19cf684567489ca20eecdb31124d7f957456ff30f49aa4db4ec545c36d2ca81a,2aa4e064bf917016b1653a5344f78a08dbbb34eb,unknown: runner records no dirty status,relocated artifacts; setup metadata says RTX4090 GPU0/1; original host identity unknown,unknown: manifests do not hash source/cache,no_investor,WORKSPACE_ROOT/lob_seq2seq_predictor_qf_queue_20260813_092802/artifacts/runs/pilot_S_shard_B/assets/KR7002550002_t/split_manifest.csv,validation multiclass NLL with min_delta=0.0001,WORKSPACE_ROOT/lob_seq2seq_predictor_qf_queue_20260813_092802/artifacts/runs/pilot_S_shard_B/assets/KR7002550002_t/training_history.csv,WORKSPACE_ROOT/lob_seq2seq_predictor_qf_queue_20260813_092802/artifacts/runs/pilot_S_shard_B/assets/KR7002550002_t/best_logloss_checkpoint.pt,WORKSPACE_ROOT/lob_seq2seq_predictor_qf_queue_20260813_092802/artifacts/runs/pilot_S_shard_B/assets/KR7002550002_t/test_predictions.csv.gz,WORKSPACE_ROOT/lob_seq2seq_predictor_qf_queue_20260813_092802/artifacts/runs/pilot_S_shard_B/assets/KR7002550002_t/metrics_summary.json,WORKSPACE_ROOT/lob_seq2seq_predictor_qf_queue_20260813_092802/artifacts/runs/pilot_S_shard_B/assets/KR7002550002_t/run.log,"unknown; queue trainer can resume, no retained attempt log",unknown,unknown,unknown,unknown,verified,saved_artifact,"[{""date_max"": ""20170630"", ""date_min"": ""20170206"", ""epochs"": [70], ""label_counts"": [783, 2178, 801], ""nll"": 0.9291164007751112, ""rows"": 3762, ""split"": ""development_holdout""}, {""date_max"": ""20170203"", ""date_min"": ""20161124"", ""epochs"": [70], ""label_counts"": [456, 1040, 366], ""nll"": 0.9206507651836372, ""rows"": 1862, ""split"": ""validation""}]",[70],100,0.9206507651836372,70,"[{""accuracy"": 0.5396065922381712, ""brier"": 0.5492436092716373, ""class_distribution"": [783, 2178, 801], ""class_f1"": [0.3759036144578313, 0.6762715564287274, 0.2634450506625097], ""confusion_matrix"": [[312, 390, 81], [397, 1549, 232], [168, 464, 169]], ""ece"": 0.06777706213902665, ""log_loss"": 0.929116400775111, ""macro_f1"": 0.43854007384968946, ""mcc"": 0.17153031095285806, ""precision"": [0.3557582668187001, 0.6446109030378693, 0.3506224066390041], ""prediction_count"": 3762, ""recall"": [0.39846743295019155, 0.7112029384756657, 0.21098626716604243], ""scope"": ""development_holdout""}, {""accuracy"": 0.5767991407089151, ""brier"": 0.5487697301803252, ""class_distribution"": [456, 1040, 366], ""class_f1"": [0.3416666666666667, 0.7213114754098361, 0.19483101391650098], ""confusion_matrix"": [[123, 288, 45], [95, 902, 43], [46, 271, 49]], ""ece"": 0.017843279294472825, ""log_loss"": 0.9206507651836373, ""macro_f1"": 0.4192697186643346, ""mcc"": 0.1943117630847057, ""precision"": [0.4659090909090909, 0.6173853524982889, 0.35766423357664234], ""prediction_count"": 1862, ""recall"": [0.26973684210526316, 0.8673076923076923, 0.13387978142076504], ""scope"": ""validation""}]",unknown,unknown,unknown,"{""train"": {""first"": ""20150701"", ""last"": ""20161123"", ""days"": 345}, ""validation"": {""first"": ""20161124"", ""last"": ""20170203"", ""days"": 49}, ""development_holdout"": {""first"": ""20170206"", ""last"": ""20170630"", ""days"": 99}}",WORKSPACE_ROOT/lob_seq2seq_predictor_qf_queue_20260813_092802/artifacts/runs/pilot_S_shard_B/assets/KR7002550002_t/data_manifest.json,"{""accumulation"": 4, ""cross_asset_layers"": 1, ""d_model"": 128, ""dropout"": 0.1, ""learning_rate"": 0.0001, ""max_epochs"": 200, ""microbatch"": 8, ""nhead"": 8, ""seed"": 42, ""temporal_layers"": 2, ""weight_decay"": 0.0001}",,
pilot_S_shard_B/assets/KR7003550001_t,qf_pilot,WORKSPACE_ROOT/lob_seq2seq_predictor_qf_queue_20260813_092802/artifacts/runs/pilot_S_shard_B/assets/KR7003550001_t,training_fit,completed,training_history+prediction+checkpoint+status,"[""S""]",[42],WORKSPACE_ROOT/lob_seq2seq_predictor_qf_queue_20260813_092802/artifacts/runs/pilot_S_shard_B/assets/KR7003550001_t/resolved_config.json,19cf684567489ca20eecdb31124d7f957456ff30f49aa4db4ec545c36d2ca81a,2aa4e064bf917016b1653a5344f78a08dbbb34eb,unknown: runner records no dirty status,relocated artifacts; setup metadata says RTX4090 GPU0/1; original host identity unknown,unknown: manifests do not hash source/cache,no_investor,WORKSPACE_ROOT/lob_seq2seq_predictor_qf_queue_20260813_092802/artifacts/runs/pilot_S_shard_B/assets/KR7003550001_t/split_manifest.csv,validation multiclass NLL with min_delta=0.0001,WORKSPACE_ROOT/lob_seq2seq_predictor_qf_queue_20260813_092802/artifacts/runs/pilot_S_shard_B/assets/KR7003550001_t/training_history.csv,WORKSPACE_ROOT/lob_seq2seq_predictor_qf_queue_20260813_092802/artifacts/runs/pilot_S_shard_B/assets/KR7003550001_t/best_logloss_checkpoint.pt,WORKSPACE_ROOT/lob_seq2seq_predictor_qf_queue_20260813_092802/artifacts/runs/pilot_S_shard_B/assets/KR7003550001_t/test_predictions.csv.gz,WORKSPACE_ROOT/lob_seq2seq_predictor_qf_queue_20260813_092802/artifacts/runs/pilot_S_shard_B/assets/KR7003550001_t/metrics_summary.json,WORKSPACE_ROOT/lob_seq2seq_predictor_qf_queue_20260813_092802/artifacts/runs/pilot_S_shard_B/assets/KR7003550001_t/run.log,"unknown; queue trainer can resume, no retained attempt log",unknown,unknown,unknown,unknown,verified,saved_artifact,"[{""date_max"": ""20170630"", ""date_min"": ""20170206"", ""epochs"": [133], ""label_counts"": [1212, 1400, 1150], ""nll"": 1.047324133071664, ""rows"": 3762, ""split"": ""development_holdout""}, {""date_max"": ""20170203"", ""date_min"": ""20161124"", ""epochs"": [133], ""label_counts"": [434, 940, 488], ""nll"": 0.965193324222278, ""rows"": 1862, ""split"": ""validation""}]",[133],163,0.965193324222278,133,"[{""accuracy"": 0.4484316852737905, ""brier"": 0.6323492784518423, ""class_distribution"": [1212, 1400, 1150], ""class_f1"": [0.4202440126525079, 0.5101639344262295, 0.39274657231313576], ""confusion_matrix"": [[465, 432, 315], [270, 778, 352], [266, 440, 444]], ""ece"": 0.03762382805443178, ""log_loss"": 1.047324133071664, ""macro_f1"": 0.44105150646395774, ""mcc"": 0.16625182026763569, ""precision"": [0.4645354645354645, 0.4715151515151515, 0.3996399639963996], ""prediction_count"": 3762, ""recall"": [0.38366336633663367, 0.5557142857142857, 0.38608695652173913], ""scope"": ""development_holdout""}, {""accuracy"": 0.5322234156820623, ""brier"": 0.5798490804105957, ""class_distribution"": [434, 940, 488], ""class_f1"": [0.36147757255936674, 0.666975451597962, 0.33209417596034696], ""confusion_matrix"": [[137, 230, 67], [102, 720, 118], [85, 269, 134]], ""ece"": 0.03530121723246638, ""log_loss"": 0.9651933242222779, ""macro_f1"": 0.45351573337255857, ""mcc"": 0.20604768666416168, ""precision"": [0.4228395061728395, 0.5906480721903199, 0.4200626959247649], ""prediction_count"": 1862, ""recall"": [0.315668202764977, 0.7659574468085106, 0.27459016393442626], ""scope"": ""validation""}]",unknown,unknown,unknown,"{""train"": {""first"": ""20150701"", ""last"": ""20161123"", ""days"": 345}, ""validation"": {""first"": ""20161124"", ""last"": ""20170203"", ""days"": 49}, ""development_holdout"": {""first"": ""20170206"", ""last"": ""20170630"", ""days"": 99}}",WORKSPACE_ROOT/lob_seq2seq_predictor_qf_queue_20260813_092802/artifacts/runs/pilot_S_shard_B/assets/KR7003550001_t/data_manifest.json,"{""accumulation"": 4, ""cross_asset_layers"": 1, ""d_model"": 128, ""dropout"": 0.1, ""learning_rate"": 0.0001, ""max_epochs"": 200, ""microbatch"": 8, ""nhead"": 8, ""seed"": 42, ""temporal_layers"": 2, ""weight_decay"": 0.0001}",,
pilot_S_shard_B/assets/KR7004170007_t,qf_pilot,WORKSPACE_ROOT/lob_seq2seq_predictor_qf_queue_20260813_092802/artifacts/runs/pilot_S_shard_B/assets/KR7004170007_t,training_fit,completed,training_history+prediction+checkpoint+status,"[""S""]",[42],WORKSPACE_ROOT/lob_seq2seq_predictor_qf_queue_20260813_092802/artifacts/runs/pilot_S_shard_B/assets/KR7004170007_t/resolved_config.json,19cf684567489ca20eecdb31124d7f957456ff30f49aa4db4ec545c36d2ca81a,2aa4e064bf917016b1653a5344f78a08dbbb34eb,unknown: runner records no dirty status,relocated artifacts; setup metadata says RTX4090 GPU0/1; original host identity unknown,unknown: manifests do not hash source/cache,no_investor,WORKSPACE_ROOT/lob_seq2seq_predictor_qf_queue_20260813_092802/artifacts/runs/pilot_S_shard_B/assets/KR7004170007_t/split_manifest.csv,validation multiclass NLL with min_delta=0.0001,WORKSPACE_ROOT/lob_seq2seq_predictor_qf_queue_20260813_092802/artifacts/runs/pilot_S_shard_B/assets/KR7004170007_t/training_history.csv,WORKSPACE_ROOT/lob_seq2seq_predictor_qf_queue_20260813_092802/artifacts/runs/pilot_S_shard_B/assets/KR7004170007_t/best_logloss_checkpoint.pt,WORKSPACE_ROOT/lob_seq2seq_predictor_qf_queue_20260813_092802/artifacts/runs/pilot_S_shard_B/assets/KR7004170007_t/test_predictions.csv.gz,WORKSPACE_ROOT/lob_seq2seq_predictor_qf_queue_20260813_092802/artifacts/runs/pilot_S_shard_B/assets/KR7004170007_t/metrics_summary.json,WORKSPACE_ROOT/lob_seq2seq_predictor_qf_queue_20260813_092802/artifacts/runs/pilot_S_shard_B/assets/KR7004170007_t/run.log,"unknown; queue trainer can resume, no retained attempt log",unknown,unknown,unknown,unknown,verified,saved_artifact,"[{""date_max"": ""20170630"", ""date_min"": ""20170206"", ""epochs"": [92], ""label_counts"": [964, 1807, 991], ""nll"": 0.9695269654370614, ""rows"": 3762, ""split"": ""development_holdout""}, {""date_max"": ""20170203"", ""date_min"": ""20161124"", ""epochs"": [92], ""label_counts"": [360, 1203, 299], ""nll"": 0.781231438294697, ""rows"": 1862, ""split"": ""validation""}]",[92],122,0.7812314382946971,92,"[{""accuracy"": 0.5225943646996278, ""brier"": 0.5817942413094419, ""class_distribution"": [964, 1807, 991], ""class_f1"": [0.392312040700961, 0.6570181484034, 0.26961483594864477], ""confusion_matrix"": [[347, 534, 83], [238, 1430, 139], [220, 582, 189]], ""ece"": 0.02245357376706251, ""log_loss"": 0.9695269654370614, ""macro_f1"": 0.43964834168433525, ""mcc"": 0.2055438628817366, ""precision"": [0.43105590062111804, 0.5616653574234093, 0.45985401459854014], ""prediction_count"": 3762, ""recall"": [0.3599585062240664, 0.7913669064748201, 0.19071644803229063], ""scope"": ""development_holdout""}, {""accuracy"": 0.6595059076262084, ""brier"": 0.45986154284968905, ""class_distribution"": [360, 1203, 299], ""class_f1"": [0.32567049808429116, 0.7860661505981703, 0.14444444444444443], ""confusion_matrix"": [[85, 264, 11], [62, 1117, 24], [15, 258, 26]], ""ece"": 0.019164772820387997, ""log_loss"": 0.7812314382946971, ""macro_f1"": 0.41872703104230197, ""mcc"": 0.20491054683175783, ""precision"": [0.5246913580246914, 0.6815131177547284, 0.4262295081967213], ""prediction_count"": 1862, ""recall"": [0.2361111111111111, 0.9285120532003325, 0.08695652173913043], ""scope"": ""validation""}]",unknown,unknown,unknown,"{""train"": {""first"": ""20150701"", ""last"": ""20161123"", ""days"": 345}, ""validation"": {""first"": ""20161124"", ""last"": ""20170203"", ""days"": 49}, ""development_holdout"": {""first"": ""20170206"", ""last"": ""20170630"", ""days"": 99}}",WORKSPACE_ROOT/lob_seq2seq_predictor_qf_queue_20260813_092802/artifacts/runs/pilot_S_shard_B/assets/KR7004170007_t/data_manifest.json,"{""accumulation"": 4, ""cross_asset_layers"": 1, ""d_model"": 128, ""dropout"": 0.1, ""learning_rate"": 0.0001, ""max_epochs"": 200, ""microbatch"": 8, ""nhead"": 8, ""seed"": 42, ""temporal_layers"": 2, ""weight_decay"": 0.0001}",,
pilot_S_shard_B/assets/KR7005380001_t,qf_pilot,WORKSPACE_ROOT/lob_seq2seq_predictor_qf_queue_20260813_092802/artifacts/runs/pilot_S_shard_B/assets/KR7005380001_t,training_fit,completed,training_history+prediction+checkpoint+status,"[""S""]",[42],WORKSPACE_ROOT/lob_seq2seq_predictor_qf_queue_20260813_092802/artifacts/runs/pilot_S_shard_B/assets/KR7005380001_t/resolved_config.json,19cf684567489ca20eecdb31124d7f957456ff30f49aa4db4ec545c36d2ca81a,2aa4e064bf917016b1653a5344f78a08dbbb34eb,unknown: runner records no dirty status,relocated artifacts; setup metadata says RTX4090 GPU0/1; original host identity unknown,unknown: manifests do not hash source/cache,no_investor,WORKSPACE_ROOT/lob_seq2seq_predictor_qf_queue_20260813_092802/artifacts/runs/pilot_S_shard_B/assets/KR7005380001_t/split_manifest.csv,validation multiclass NLL with min_delta=0.0001,WORKSPACE_ROOT/lob_seq2seq_predictor_qf_queue_20260813_092802/artifacts/runs/pilot_S_shard_B/assets/KR7005380001_t/training_history.csv,WORKSPACE_ROOT/lob_seq2seq_predictor_qf_queue_20260813_092802/artifacts/runs/pilot_S_shard_B/assets/KR7005380001_t/best_logloss_checkpoint.pt,WORKSPACE_ROOT/lob_seq2seq_predictor_qf_queue_20260813_092802/artifacts/runs/pilot_S_shard_B/assets/KR7005380001_t/test_predictions.csv.gz,WORKSPACE_ROOT/lob_seq2seq_predictor_qf_queue_20260813_092802/artifacts/runs/pilot_S_shard_B/assets/KR7005380001_t/metrics_summary.json,WORKSPACE_ROOT/lob_seq2seq_predictor_qf_queue_20260813_092802/artifacts/runs/pilot_S_shard_B/assets/KR7005380001_t/run.log,"unknown; queue trainer can resume, no retained attempt log",unknown,unknown,unknown,unknown,verified,saved_artifact,"[{""date_max"": ""20170630"", ""date_min"": ""20170206"", ""epochs"": [49], ""label_counts"": [598, 2565, 599], ""nll"": 0.7500555230846239, ""rows"": 3762, ""split"": ""development_holdout""}, {""date_max"": ""20170203"", ""date_min"": ""20161124"", ""epochs"": [49], ""label_counts"": [226, 1389, 247], ""nll"": 0.6476539885050854, ""rows"": 1862, ""split"": ""validation""}]",[49],79,0.6476539885050854,49,"[{""accuracy"": 0.6868686868686869, ""brier"": 0.4356382063997873, ""class_distribution"": [598, 2565, 599], ""class_f1"": [0.18369987063389392, 0.816225981277714, 0.08459214501510574], ""confusion_matrix"": [[71, 517, 10], [55, 2485, 25], [49, 522, 28]], ""ece"": 0.03765835970177056, ""log_loss"": 0.7500555230846239, ""macro_f1"": 0.3615059989755712, ""mcc"": 0.1580577409389112, ""precision"": [0.4057142857142857, 0.7051645856980704, 0.4444444444444444], ""prediction_count"": 3762, ""recall"": [0.11872909698996656, 0.9688109161793372, 0.04674457429048414], ""scope"": ""development_holdout""}, {""accuracy"": 0.7465091299677766, ""brier"": 0.365549483817797, ""class_distribution"": [226, 1389, 247], ""class_f1"": [0.22508038585209003, 0.855683269476373, 0.10676156583629894], ""confusion_matrix"": [[35, 189, 2], [32, 1340, 17], [18, 214, 15]], ""ece"": 0.02718874775006071, ""log_loss"": 0.6476539885050854, ""macro_f1"": 0.395841740388254, ""mcc"": 0.18020539410568415, ""precision"": [0.4117647058823529, 0.7687894434882386, 0.4411764705882353], ""prediction_count"": 1862, ""recall"": [0.15486725663716813, 0.9647228221742261, 0.06072874493927125], ""scope"": ""validation""}]",unknown,unknown,unknown,"{""train"": {""first"": ""20150701"", ""last"": ""20161123"", ""days"": 345}, ""validation"": {""first"": ""20161124"", ""last"": ""20170203"", ""days"": 49}, ""development_holdout"": {""first"": ""20170206"", ""last"": ""20170630"", ""days"": 99}}",WORKSPACE_ROOT/lob_seq2seq_predictor_qf_queue_20260813_092802/artifacts/runs/pilot_S_shard_B/assets/KR7005380001_t/data_manifest.json,"{""accumulation"": 4, ""cross_asset_layers"": 1, ""d_model"": 128, ""dropout"": 0.1, ""learning_rate"": 0.0001, ""max_epochs"": 200, ""microbatch"": 8, ""nhead"": 8, ""seed"": 42, ""temporal_layers"": 2, ""weight_decay"": 0.0001}",,
pilot_S_shard_B/assets/KR7005490008_t,qf_pilot,WORKSPACE_ROOT/lob_seq2seq_predictor_qf_queue_20260813_092802/artifacts/runs/pilot_S_shard_B/assets/KR7005490008_t,training_fit,completed,training_history+prediction+checkpoint+status,"[""S""]",[42],WORKSPACE_ROOT/lob_seq2seq_predictor_qf_queue_20260813_092802/artifacts/runs/pilot_S_shard_B/assets/KR7005490008_t/resolved_config.json,19cf684567489ca20eecdb31124d7f957456ff30f49aa4db4ec545c36d2ca81a,2aa4e064bf917016b1653a5344f78a08dbbb34eb,unknown: runner records no dirty status,relocated artifacts; setup metadata says RTX4090 GPU0/1; original host identity unknown,unknown: manifests do not hash source/cache,no_investor,WORKSPACE_ROOT/lob_seq2seq_predictor_qf_queue_20260813_092802/artifacts/runs/pilot_S_shard_B/assets/KR7005490008_t/split_manifest.csv,validation multiclass NLL with min_delta=0.0001,WORKSPACE_ROOT/lob_seq2seq_predictor_qf_queue_20260813_092802/artifacts/runs/pilot_S_shard_B/assets/KR7005490008_t/training_history.csv,WORKSPACE_ROOT/lob_seq2seq_predictor_qf_queue_20260813_092802/artifacts/runs/pilot_S_shard_B/assets/KR7005490008_t/best_logloss_checkpoint.pt,WORKSPACE_ROOT/lob_seq2seq_predictor_qf_queue_20260813_092802/artifacts/runs/pilot_S_shard_B/assets/KR7005490008_t/test_predictions.csv.gz,WORKSPACE_ROOT/lob_seq2seq_predictor_qf_queue_20260813_092802/artifacts/runs/pilot_S_shard_B/assets/KR7005490008_t/metrics_summary.json,WORKSPACE_ROOT/lob_seq2seq_predictor_qf_queue_20260813_092802/artifacts/runs/pilot_S_shard_B/assets/KR7005490008_t/run.log,"unknown; queue trainer can resume, no retained attempt log",unknown,unknown,unknown,unknown,verified,saved_artifact,"[{""date_max"": ""20170630"", ""date_min"": ""20170206"", ""epochs"": [189], ""label_counts"": [945, 1874, 943], ""nll"": 0.9527419855018033, ""rows"": 3762, ""split"": ""development_holdout""}, {""date_max"": ""20170203"", ""date_min"": ""20161124"", ""epochs"": [189], ""label_counts"": [502, 911, 449], ""nll"": 0.9479508430663869, ""rows"": 1862, ""split"": ""validation""}]",[189],200,0.9479508430663868,189,"[{""accuracy"": 0.5215311004784688, ""brier"": 0.5741351045185019, ""class_distribution"": [945, 1874, 943], ""class_f1"": [0.38840262582056895, 0.6503037667071689, 0.3402909550917141], ""confusion_matrix"": [[355, 468, 122], [289, 1338, 247], [239, 435, 269]], ""ece"": 0.017323006257632386, ""log_loss"": 0.9527419855018033, ""macro_f1"": 0.4596657825398173, ""mcc"": 0.2080584565430986, ""precision"": [0.40203850509626277, 0.5970548862115127, 0.4216300940438871], ""prediction_count"": 3762, ""recall"": [0.37566137566137564, 0.7139807897545357, 0.28525980911983034], ""scope"": ""development_holdout""}, {""accuracy"": 0.5225563909774437, ""brier"": 0.5741125352990051, ""class_distribution"": [502, 911, 449], ""class_f1"": [0.4121475054229935, 0.6493506493506493, 0.2987551867219917], ""confusion_matrix"": [[190, 241, 71], [141, 675, 95], [89, 252, 108]], ""ece"": 0.019587119317400113, ""log_loss"": 0.9479508430663869, ""macro_f1"": 0.45341778049854486, ""mcc"": 0.20581694654208824, ""precision"": [0.4523809523809524, 0.5779109589041096, 0.39416058394160586], ""prediction_count"": 1862, ""recall"": [0.3784860557768924, 0.7409440175631175, 0.24053452115812918], ""scope"": ""validation""}]",unknown,unknown,unknown,"{""train"": {""first"": ""20150701"", ""last"": ""20161123"", ""days"": 345}, ""validation"": {""first"": ""20161124"", ""last"": ""20170203"", ""days"": 49}, ""development_holdout"": {""first"": ""20170206"", ""last"": ""20170630"", ""days"": 99}}",WORKSPACE_ROOT/lob_seq2seq_predictor_qf_queue_20260813_092802/artifacts/runs/pilot_S_shard_B/assets/KR7005490008_t/data_manifest.json,"{""accumulation"": 4, ""cross_asset_layers"": 1, ""d_model"": 128, ""dropout"": 0.1, ""learning_rate"": 0.0001, ""max_epochs"": 200, ""microbatch"": 8, ""nhead"": 8, ""seed"": 42, ""temporal_layers"": 2, ""weight_decay"": 0.0001}",,
pilot_S_shard_B/assets/KR7005930003_t,qf_pilot,WORKSPACE_ROOT/lob_seq2seq_predictor_qf_queue_20260813_092802/artifacts/runs/pilot_S_shard_B/assets/KR7005930003_t,training_fit,completed,training_history+prediction+checkpoint+status,"[""S""]",[42],WORKSPACE_ROOT/lob_seq2seq_predictor_qf_queue_20260813_092802/artifacts/runs/pilot_S_shard_B/assets/KR7005930003_t/resolved_config.json,19cf684567489ca20eecdb31124d7f957456ff30f49aa4db4ec545c36d2ca81a,2aa4e064bf917016b1653a5344f78a08dbbb34eb,unknown: runner records no dirty status,relocated artifacts; setup metadata says RTX4090 GPU0/1; original host identity unknown,unknown: manifests do not hash source/cache,no_investor,WORKSPACE_ROOT/lob_seq2seq_predictor_qf_queue_20260813_092802/artifacts/runs/pilot_S_shard_B/assets/KR7005930003_t/split_manifest.csv,validation multiclass NLL with min_delta=0.0001,WORKSPACE_ROOT/lob_seq2seq_predictor_qf_queue_20260813_092802/artifacts/runs/pilot_S_shard_B/assets/KR7005930003_t/training_history.csv,WORKSPACE_ROOT/lob_seq2seq_predictor_qf_queue_20260813_092802/artifacts/runs/pilot_S_shard_B/assets/KR7005930003_t/best_logloss_checkpoint.pt,WORKSPACE_ROOT/lob_seq2seq_predictor_qf_queue_20260813_092802/artifacts/runs/pilot_S_shard_B/assets/KR7005930003_t/test_predictions.csv.gz,WORKSPACE_ROOT/lob_seq2seq_predictor_qf_queue_20260813_092802/artifacts/runs/pilot_S_shard_B/assets/KR7005930003_t/metrics_summary.json,WORKSPACE_ROOT/lob_seq2seq_predictor_qf_queue_20260813_092802/artifacts/runs/pilot_S_shard_B/assets/KR7005930003_t/run.log,"unknown; queue trainer can resume, no retained attempt log",unknown,unknown,unknown,unknown,verified,saved_artifact,"[{""date_max"": ""20170630"", ""date_min"": ""20170206"", ""epochs"": [63], ""label_counts"": [1445, 854, 1463], ""nll"": 1.0366869112009354, ""rows"": 3762, ""split"": ""development_holdout""}, {""date_max"": ""20170203"", ""date_min"": ""20161124"", ""epochs"": [63], ""label_counts"": [659, 517, 686], ""nll"": 1.052789318809066, ""rows"": 1862, ""split"": ""validation""}]",[63],93,1.0527068624832638,66,"[{""accuracy"": 0.4420520999468368, ""brier"": 0.6296870920787172, ""class_distribution"": [1445, 854, 1463], ""class_f1"": [0.5133369624387588, 0.14092664092664092, 0.4598436389481166], ""confusion_matrix"": [[943, 57, 445], [522, 73, 259], [764, 52, 647]], ""ece"": 0.00925960292698526, ""log_loss"": 1.0366869112009354, ""macro_f1"": 0.3713690807711721, ""mcc"": 0.11006689302321564, ""precision"": [0.4230596680125617, 0.4010989010989011, 0.4789045151739452], ""prediction_count"": 3762, ""recall"": [0.6525951557093426, 0.08548009367681499, 0.44224196855775805], ""scope"": ""development_holdout""}, {""accuracy"": 0.439312567132116, ""brier"": 0.6382137884779437, ""class_distribution"": [659, 517, 686], ""class_f1"": [0.48940036341611143, 0.2796005706134094, 0.4606413994169096], ""confusion_matrix"": [[404, 44, 211], [260, 98, 159], [328, 42, 316]], ""ece"": 0.007854614547670589, ""log_loss"": 1.052789318809066, ""macro_f1"": 0.4098807778154769, ""mcc"": 0.14250903746805904, ""precision"": [0.40725806451612906, 0.532608695652174, 0.4606413994169096], ""prediction_count"": 1862, ""recall"": [0.6130500758725341, 0.1895551257253385, 0.4606413994169096], ""scope"": ""validation""}]",unknown,unknown,unknown,"{""train"": {""first"": ""20150701"", ""last"": ""20161123"", ""days"": 345}, ""validation"": {""first"": ""20161124"", ""last"": ""20170203"", ""days"": 49}, ""development_holdout"": {""first"": ""20170206"", ""last"": ""20170630"", ""days"": 99}}",WORKSPACE_ROOT/lob_seq2seq_predictor_qf_queue_20260813_092802/artifacts/runs/pilot_S_shard_B/assets/KR7005930003_t/data_manifest.json,"{""accumulation"": 4, ""cross_asset_layers"": 1, ""d_model"": 128, ""dropout"": 0.1, ""learning_rate"": 0.0001, ""max_epochs"": 200, ""microbatch"": 8, ""nhead"": 8, ""seed"": 42, ""temporal_layers"": 2, ""weight_decay"": 0.0001}",,
pilot_S_shard_B/assets/KR7006800007_t,qf_pilot,WORKSPACE_ROOT/lob_seq2seq_predictor_qf_queue_20260813_092802/artifacts/runs/pilot_S_shard_B/assets/KR7006800007_t,training_fit,completed,training_history+prediction+checkpoint+status,"[""S""]",[42],WORKSPACE_ROOT/lob_seq2seq_predictor_qf_queue_20260813_092802/artifacts/runs/pilot_S_shard_B/assets/KR7006800007_t/resolved_config.json,19cf684567489ca20eecdb31124d7f957456ff30f49aa4db4ec545c36d2ca81a,2aa4e064bf917016b1653a5344f78a08dbbb34eb,unknown: runner records no dirty status,relocated artifacts; setup metadata says RTX4090 GPU0/1; original host identity unknown,unknown: manifests do not hash source/cache,no_investor,WORKSPACE_ROOT/lob_seq2seq_predictor_qf_queue_20260813_092802/artifacts/runs/pilot_S_shard_B/assets/KR7006800007_t/split_manifest.csv,validation multiclass NLL with min_delta=0.0001,WORKSPACE_ROOT/lob_seq2seq_predictor_qf_queue_20260813_092802/artifacts/runs/pilot_S_shard_B/assets/KR7006800007_t/training_history.csv,WORKSPACE_ROOT/lob_seq2seq_predictor_qf_queue_20260813_092802/artifacts/runs/pilot_S_shard_B/assets/KR7006800007_t/best_logloss_checkpoint.pt,WORKSPACE_ROOT/lob_seq2seq_predictor_qf_queue_20260813_092802/artifacts/runs/pilot_S_shard_B/assets/KR7006800007_t/test_predictions.csv.gz,WORKSPACE_ROOT/lob_seq2seq_predictor_qf_queue_20260813_092802/artifacts/runs/pilot_S_shard_B/assets/KR7006800007_t/metrics_summary.json,WORKSPACE_ROOT/lob_seq2seq_predictor_qf_queue_20260813_092802/artifacts/runs/pilot_S_shard_B/assets/KR7006800007_t/run.log,"unknown; queue trainer can resume, no retained attempt log",unknown,unknown,unknown,unknown,verified,saved_artifact,"[{""date_max"": ""20170630"", ""date_min"": ""20170206"", ""epochs"": [161], ""label_counts"": [1276, 1305, 1181], ""nll"": 1.02036806380293, ""rows"": 3762, ""split"": ""development_holdout""}, {""date_max"": ""20170203"", ""date_min"": ""20161124"", ""epochs"": [161], ""label_counts"": [573, 695, 594], ""nll"": 1.0225980260893826, ""rows"": 1862, ""split"": ""validation""}]",[161],191,1.0225980260893826,161,"[{""accuracy"": 0.46278575225943647, ""brier"": 0.6149529639003307, ""class_distribution"": [1276, 1305, 1181], ""class_f1"": [0.4439851178172799, 0.5584498094027954, 0.3321410321921308], ""confusion_matrix"": [[537, 488, 251], [226, 879, 200], [380, 476, 325]], ""ece"": 0.0470741623805526, ""log_loss"": 1.02036806380293, ""macro_f1"": 0.4448586531374021, ""mcc"": 0.19377124179466493, ""precision"": [0.46981627296587924, 0.4769397721106891, 0.41881443298969073], ""prediction_count"": 3762, ""recall"": [0.420846394984326, 0.6735632183908046, 0.275190516511431], ""scope"": ""development_holdout""}, {""accuracy"": 0.4774436090225564, ""brier"": 0.6169544570562656, ""class_distribution"": [573, 695, 594], ""class_f1"": [0.47537138389366695, 0.5639686684073107, 0.33515881708652795], ""confusion_matrix"": [[304, 188, 81], [178, 432, 85], [224, 217, 153]], ""ece"": 0.029514947121040375, ""log_loss"": 1.0225980260893826, ""macro_f1"": 0.4581662897958352, ""mcc"": 0.21471869590854278, ""precision"": [0.43059490084985835, 0.5161290322580645, 0.47962382445141066], ""prediction_count"": 1862, ""recall"": [0.5305410122164049, 0.6215827338129496, 0.25757575757575757], ""scope"": ""validation""}]",unknown,unknown,unknown,"{""train"": {""first"": ""20150701"", ""last"": ""20161123"", ""days"": 345}, ""validation"": {""first"": ""20161124"", ""last"": ""20170203"", ""days"": 49}, ""development_holdout"": {""first"": ""20170206"", ""last"": ""20170630"", ""days"": 99}}",WORKSPACE_ROOT/lob_seq2seq_predictor_qf_queue_20260813_092802/artifacts/runs/pilot_S_shard_B/assets/KR7006800007_t/data_manifest.json,"{""accumulation"": 4, ""cross_asset_layers"": 1, ""d_model"": 128, ""dropout"": 0.1, ""learning_rate"": 0.0001, ""max_epochs"": 200, ""microbatch"": 8, ""nhead"": 8, ""seed"": 42, ""temporal_layers"": 2, ""weight_decay"": 0.0001}",,
pilot_S_shard_B/assets/KR7008770000_t,qf_pilot,WORKSPACE_ROOT/lob_seq2seq_predictor_qf_queue_20260813_092802/artifacts/runs/pilot_S_shard_B/assets/KR7008770000_t,training_fit,completed,training_history+prediction+checkpoint+status,"[""S""]",[42],WORKSPACE_ROOT/lob_seq2seq_predictor_qf_queue_20260813_092802/artifacts/runs/pilot_S_shard_B/assets/KR7008770000_t/resolved_config.json,19cf684567489ca20eecdb31124d7f957456ff30f49aa4db4ec545c36d2ca81a,2aa4e064bf917016b1653a5344f78a08dbbb34eb,unknown: runner records no dirty status,relocated artifacts; setup metadata says RTX4090 GPU0/1; original host identity unknown,unknown: manifests do not hash source/cache,no_investor,WORKSPACE_ROOT/lob_seq2seq_predictor_qf_queue_20260813_092802/artifacts/runs/pilot_S_shard_B/assets/KR7008770000_t/split_manifest.csv,validation multiclass NLL with min_delta=0.0001,WORKSPACE_ROOT/lob_seq2seq_predictor_qf_queue_20260813_092802/artifacts/runs/pilot_S_shard_B/assets/KR7008770000_t/training_history.csv,WORKSPACE_ROOT/lob_seq2seq_predictor_qf_queue_20260813_092802/artifacts/runs/pilot_S_shard_B/assets/KR7008770000_t/best_logloss_checkpoint.pt,WORKSPACE_ROOT/lob_seq2seq_predictor_qf_queue_20260813_092802/artifacts/runs/pilot_S_shard_B/assets/KR7008770000_t/test_predictions.csv.gz,WORKSPACE_ROOT/lob_seq2seq_predictor_qf_queue_20260813_092802/artifacts/runs/pilot_S_shard_B/assets/KR7008770000_t/metrics_summary.json,WORKSPACE_ROOT/lob_seq2seq_predictor_qf_queue_20260813_092802/artifacts/runs/pilot_S_shard_B/assets/KR7008770000_t/run.log,"unknown; queue trainer can resume, no retained attempt log",unknown,unknown,unknown,unknown,verified,saved_artifact,"[{""date_max"": ""20170630"", ""date_min"": ""20170206"", ""epochs"": [68], ""label_counts"": [1219, 1369, 1174], ""nll"": 1.0369506156078876, ""rows"": 3762, ""split"": ""development_holdout""}, {""date_max"": ""20170203"", ""date_min"": ""20161124"", ""epochs"": [68], ""label_counts"": [587, 785, 490], ""nll"": 0.9840811599369574, ""rows"": 1862, ""split"": ""validation""}]",[68],98,0.984028032981374,73,"[{""accuracy"": 0.4582668793195109, ""brier"": 0.6285228827558899, ""class_distribution"": [1219, 1369, 1174], ""class_f1"": [0.4098360655737705, 0.5578231292517006, 0.32222222222222224], ""confusion_matrix"": [[450, 591, 178], [227, 984, 158], [300, 584, 290]], ""ece"": 0.043059499118508336, ""log_loss"": 1.0369506156078876, ""macro_f1"": 0.4299604723492311, ""mcc"": 0.1831902541230517, ""precision"": [0.46059365404298874, 0.4557665585919407, 0.46325878594249204], ""prediction_count"": 3762, ""recall"": [0.36915504511895, 0.718772826880935, 0.24701873935264054], ""scope"": ""development_holdout""}, {""accuracy"": 0.5042964554242749, ""brier"": 0.5931590398480788, ""class_distribution"": [587, 785, 490], ""class_f1"": [0.46166807076663857, 0.6071019473081328, 0.3413400758533502], ""confusion_matrix"": [[274, 243, 70], [159, 530, 96], [167, 188, 135]], ""ece"": 0.008180179463961903, ""log_loss"": 0.9840811599369574, ""macro_f1"": 0.4700366979760406, ""mcc"": 0.22699042641595468, ""precision"": [0.45666666666666667, 0.5515088449531738, 0.4485049833887043], ""prediction_count"": 1862, ""recall"": [0.46678023850085176, 0.6751592356687898, 0.2755102040816326], ""scope"": ""validation""}]",unknown,unknown,unknown,"{""train"": {""first"": ""20150701"", ""last"": ""20161123"", ""days"": 345}, ""validation"": {""first"": ""20161124"", ""last"": ""20170203"", ""days"": 49}, ""development_holdout"": {""first"": ""20170206"", ""last"": ""20170630"", ""days"": 99}}",WORKSPACE_ROOT/lob_seq2seq_predictor_qf_queue_20260813_092802/artifacts/runs/pilot_S_shard_B/assets/KR7008770000_t/data_manifest.json,"{""accumulation"": 4, ""cross_asset_layers"": 1, ""d_model"": 128, ""dropout"": 0.1, ""learning_rate"": 0.0001, ""max_epochs"": 200, ""microbatch"": 8, ""nhead"": 8, ""seed"": 42, ""temporal_layers"": 2, ""weight_decay"": 0.0001}",,
pilot_U0,qf_pilot,WORKSPACE_ROOT/lob_seq2seq_predictor_qf_queue_20260813_092802/artifacts/runs/pilot_U0,training_fit,completed,training_history+prediction+checkpoint+status,"[""U0""]",[42],WORKSPACE_ROOT/lob_seq2seq_predictor_qf_queue_20260813_092802/artifacts/runs/pilot_U0/resolved_config.json,19cf684567489ca20eecdb31124d7f957456ff30f49aa4db4ec545c36d2ca81a,2aa4e064bf917016b1653a5344f78a08dbbb34eb,unknown: runner records no dirty status,relocated artifacts; setup metadata says RTX4090 GPU0/1; original host identity unknown,unknown: manifests do not hash source/cache,no_investor,WORKSPACE_ROOT/lob_seq2seq_predictor_qf_queue_20260813_092802/artifacts/runs/pilot_U0/split_manifest.csv,validation multiclass NLL with min_delta=0.0001,WORKSPACE_ROOT/lob_seq2seq_predictor_qf_queue_20260813_092802/artifacts/runs/pilot_U0/training_history.csv,WORKSPACE_ROOT/lob_seq2seq_predictor_qf_queue_20260813_092802/artifacts/runs/pilot_U0/best_logloss_checkpoint.pt,WORKSPACE_ROOT/lob_seq2seq_predictor_qf_queue_20260813_092802/artifacts/runs/pilot_U0/test_predictions.csv.gz,WORKSPACE_ROOT/lob_seq2seq_predictor_qf_queue_20260813_092802/artifacts/runs/pilot_U0/metrics_summary.json,WORKSPACE_ROOT/lob_seq2seq_predictor_qf_queue_20260813_092802/artifacts/runs/pilot_U0/run.log,"unknown; queue trainer can resume, no retained attempt log",unknown,unknown,unknown,unknown,verified,saved_artifact,"[{""date_max"": ""20170630"", ""date_min"": ""20170206"", ""epochs"": [111], ""label_counts"": [25800, 50465, 25309], ""nll"": 0.9369398266602371, ""rows"": 101574, ""split"": ""development_holdout""}, {""date_max"": ""20170203"", ""date_min"": ""20161124"", ""epochs"": [111], ""label_counts"": [12432, 25906, 11936], ""nll"": 0.9225990353539343, ""rows"": 50274, ""split"": ""validation""}]",[111],141,0.9225990353539344,111,"[{""accuracy"": 0.5411030381790616, ""brier"": 0.5607658033173739, ""class_distribution"": [25800, 50465, 25309], ""class_f1"": [0.4021852985273881, 0.6730840900620836, 0.36660216892408765], ""confusion_matrix"": [[9791, 11430, 4579], [7030, 37024, 6411], [6068, 11094, 8147]], ""ece"": 0.01610146648783556, ""log_loss"": 0.9369398266602371, ""macro_f1"": 0.48062385250451983, ""mcc"": 0.24371930071659853, ""precision"": [0.4277600594171873, 0.6217505205884328, 0.4257198097925485], ""prediction_count"": 101574, ""recall"": [0.37949612403100774, 0.7336569899930645, 0.32190129993283023], ""scope"": ""development_holdout""}, {""accuracy"": 0.5502645502645502, ""brier"": 0.5522333313722809, ""class_distribution"": [12432, 25906, 11936], ""class_f1"": [0.3998295696634001, 0.6849793358985321, 0.3577499761245344], ""confusion_matrix"": [[4692, 5591, 2149], [3569, 19226, 3111], [2777, 5413, 3746]], ""ece"": 0.020357682353204492, ""log_loss"": 0.9225990353539343, ""macro_f1"": 0.4808529605621556, ""mcc"": 0.24469762325592967, ""precision"": [0.4250770067041131, 0.6359907376778035, 0.4159449256051521], ""prediction_count"": 50274, ""recall"": [0.37741312741312744, 0.7421446769088242, 0.31384048257372654], ""scope"": ""validation""}]",unknown,unknown,unknown,"{""train"": {""first"": ""20150701"", ""last"": ""20161123"", ""days"": 345}, ""validation"": {""first"": ""20161124"", ""last"": ""20170203"", ""days"": 49}, ""development_holdout"": {""first"": ""20170206"", ""last"": ""20170630"", ""days"": 99}}",WORKSPACE_ROOT/lob_seq2seq_predictor_qf_queue_20260813_092802/artifacts/runs/pilot_U0/data_manifest.json,"{""accumulation"": 4, ""cross_asset_layers"": 1, ""d_model"": 128, ""dropout"": 0.1, ""learning_rate"": 0.0001, ""max_epochs"": 200, ""microbatch"": 8, ""nhead"": 8, ""seed"": 42, ""temporal_layers"": 2, ""weight_decay"": 0.0001}",,
pilot_U1,qf_pilot,WORKSPACE_ROOT/lob_seq2seq_predictor_qf_queue_20260813_092802/artifacts/runs/pilot_U1,training_fit,completed,training_history+prediction+checkpoint+status,"[""U1""]",[42],WORKSPACE_ROOT/lob_seq2seq_predictor_qf_queue_20260813_092802/artifacts/runs/pilot_U1/resolved_config.json,19cf684567489ca20eecdb31124d7f957456ff30f49aa4db4ec545c36d2ca81a,2aa4e064bf917016b1653a5344f78a08dbbb34eb,unknown: runner records no dirty status,relocated artifacts; setup metadata says RTX4090 GPU0/1; original host identity unknown,unknown: manifests do not hash source/cache,no_investor,WORKSPACE_ROOT/lob_seq2seq_predictor_qf_queue_20260813_092802/artifacts/runs/pilot_U1/split_manifest.csv,validation multiclass NLL with min_delta=0.0001,WORKSPACE_ROOT/lob_seq2seq_predictor_qf_queue_20260813_092802/artifacts/runs/pilot_U1/training_history.csv,WORKSPACE_ROOT/lob_seq2seq_predictor_qf_queue_20260813_092802/artifacts/runs/pilot_U1/best_logloss_checkpoint.pt,WORKSPACE_ROOT/lob_seq2seq_predictor_qf_queue_20260813_092802/artifacts/runs/pilot_U1/test_predictions.csv.gz,WORKSPACE_ROOT/lob_seq2seq_predictor_qf_queue_20260813_092802/artifacts/runs/pilot_U1/metrics_summary.json,WORKSPACE_ROOT/lob_seq2seq_predictor_qf_queue_20260813_092802/artifacts/runs/pilot_U1/run.log,"unknown; queue trainer can resume, no retained attempt log",unknown,unknown,unknown,unknown,verified,saved_artifact,"[{""date_max"": ""20170630"", ""date_min"": ""20170206"", ""epochs"": [111], ""label_counts"": [25800, 50465, 25309], ""nll"": 0.9245289876260758, ""rows"": 101574, ""split"": ""development_holdout""}, {""date_max"": ""20170203"", ""date_min"": ""20161124"", ""epochs"": [111], ""label_counts"": [12432, 25906, 11936], ""nll"": 0.9071282247031798, ""rows"": 50274, ""split"": ""validation""}]",[111],141,0.9071057218332972,133,"[{""accuracy"": 0.5490086045641601, ""brier"": 0.5530040406429199, ""class_distribution"": [25800, 50465, 25309], ""class_f1"": [0.39961308772815207, 0.6850902369887237, 0.3583323655789107], ""confusion_matrix"": [[9502, 11844, 4454], [6338, 38549, 5578], [5916, 11679, 7714]], ""ece"": 0.005762450866589628, ""log_loss"": 0.9245289876260758, ""macro_f1"": 0.4810118967652621, ""mcc"": 0.25115809719104804, ""precision"": [0.43675307961022247, 0.6210368604201573, 0.4346895074946467], ""prediction_count"": 101574, ""recall"": [0.36829457364341084, 0.7638759536312296, 0.3047927614682524], ""scope"": ""development_holdout""}, {""accuracy"": 0.559474082030473, ""brier"": 0.5423428003030274, ""class_distribution"": [12432, 25906, 11936], ""class_f1"": [0.40006891798759475, 0.6976703265765766, 0.3568780487804878], ""confusion_matrix"": [[4644, 5663, 2125], [3300, 19825, 2781], [2840, 5438, 3658]], ""ece"": 0.008422029384524554, ""log_loss"": 0.9071282247031797, ""macro_f1"": 0.48487243111488637, ""mcc"": 0.2565957892692759, ""precision"": [0.4306379821958457, 0.6410463687512126, 0.42713685193834655], ""prediction_count"": 50274, ""recall"": [0.3735521235521235, 0.7652667335752336, 0.30646782841823056], ""scope"": ""validation""}]",unknown,unknown,unknown,"{""train"": {""first"": ""20150701"", ""last"": ""20161123"", ""days"": 345}, ""validation"": {""first"": ""20161124"", ""last"": ""20170203"", ""days"": 49}, ""development_holdout"": {""first"": ""20170206"", ""last"": ""20170630"", ""days"": 99}}",WORKSPACE_ROOT/lob_seq2seq_predictor_qf_queue_20260813_092802/artifacts/runs/pilot_U1/data_manifest.json,"{""accumulation"": 4, ""cross_asset_layers"": 1, ""d_model"": 128, ""dropout"": 0.1, ""learning_rate"": 0.0001, ""max_epochs"": 200, ""microbatch"": 8, ""nhead"": 8, ""seed"": 42, ""temporal_layers"": 2, ""weight_decay"": 0.0001}",,
pilot_UA,qf_pilot,WORKSPACE_ROOT/lob_seq2seq_predictor_qf_queue_20260813_092802/artifacts/runs/pilot_UA,training_fit,completed,training_history+prediction+checkpoint+status,"[""UA""]",[42],WORKSPACE_ROOT/lob_seq2seq_predictor_qf_queue_20260813_092802/artifacts/runs/pilot_UA/resolved_config.json,19cf684567489ca20eecdb31124d7f957456ff30f49aa4db4ec545c36d2ca81a,2aa4e064bf917016b1653a5344f78a08dbbb34eb,unknown: runner records no dirty status,relocated artifacts; setup metadata says RTX4090 GPU0/1; original host identity unknown,unknown: manifests do not hash source/cache,no_investor,WORKSPACE_ROOT/lob_seq2seq_predictor_qf_queue_20260813_092802/artifacts/runs/pilot_UA/split_manifest.csv,validation multiclass NLL with min_delta=0.0001,WORKSPACE_ROOT/lob_seq2seq_predictor_qf_queue_20260813_092802/artifacts/runs/pilot_UA/training_history.csv,WORKSPACE_ROOT/lob_seq2seq_predictor_qf_queue_20260813_092802/artifacts/runs/pilot_UA/best_logloss_checkpoint.pt,WORKSPACE_ROOT/lob_seq2seq_predictor_qf_queue_20260813_092802/artifacts/runs/pilot_UA/test_predictions.csv.gz,WORKSPACE_ROOT/lob_seq2seq_predictor_qf_queue_20260813_092802/artifacts/runs/pilot_UA/metrics_summary.json,WORKSPACE_ROOT/lob_seq2seq_predictor_qf_queue_20260813_092802/artifacts/runs/pilot_UA/run.log,"unknown; queue trainer can resume, no retained attempt log",unknown,unknown,unknown,unknown,verified,saved_artifact,"[{""date_max"": ""20170630"", ""date_min"": ""20170206"", ""epochs"": [74], ""label_counts"": [25800, 50465, 25309], ""nll"": 0.9334838340055656, ""rows"": 101574, ""split"": ""development_holdout""}, {""date_max"": ""20170203"", ""date_min"": ""20161124"", ""epochs"": [74], ""label_counts"": [12432, 25906, 11936], ""nll"": 0.9140411335061842, ""rows"": 50274, ""split"": ""validation""}]",[74],104,0.9140411335061842,74,"[{""accuracy"": 0.5441845354126056, ""brier"": 0.5578886406147153, ""class_distribution"": [25800, 50465, 25309], ""class_f1"": [0.412175269483831, 0.6790251842474115, 0.3489191729323308], ""confusion_matrix"": [[10305, 11279, 4216], [7310, 37545, 5610], [6588, 11296, 7425]], ""ece"": 0.008358732626800912, ""log_loss"": 0.9334838340055656, ""macro_f1"": 0.4800398755545245, ""mcc"": 0.24774018324998773, ""precision"": [0.4257736644217659, 0.6245009980039921, 0.4304098313141267], ""prediction_count"": 101574, ""recall"": [0.3994186046511628, 0.7439809769146933, 0.29337389861314156], ""scope"": ""development_holdout""}, {""accuracy"": 0.5565699964196205, ""brier"": 0.5456965990922565, ""class_distribution"": [12432, 25906, 11936], ""class_f1"": [0.40623177538948596, 0.696083587531994, 0.33353846153846156], ""confusion_matrix"": [[4876, 5727, 1829], [3570, 19853, 2483], [3128, 5556, 3252]], ""ece"": 0.007123894970285523, ""log_loss"": 0.9140411335061842, ""macro_f1"": 0.47861794148664716, ""mcc"": 0.25065400736409454, ""precision"": [0.421289096250216, 0.6376220452209661, 0.42993125330512955], ""prediction_count"": 50274, ""recall"": [0.3922136422136422, 0.7663475642708253, 0.27245308310991956], ""scope"": ""validation""}]",unknown,unknown,unknown,"{""train"": {""first"": ""20150701"", ""last"": ""20161123"", ""days"": 345}, ""validation"": {""first"": ""20161124"", ""last"": ""20170203"", ""days"": 49}, ""development_holdout"": {""first"": ""20170206"", ""last"": ""20170630"", ""days"": 99}}",WORKSPACE_ROOT/lob_seq2seq_predictor_qf_queue_20260813_092802/artifacts/runs/pilot_UA/data_manifest.json,"{""accumulation"": 4, ""cross_asset_layers"": 1, ""d_model"": 128, ""dropout"": 0.1, ""learning_rate"": 0.0001, ""max_epochs"": 200, ""microbatch"": 8, ""nhead"": 8, ""seed"": 42, ""temporal_layers"": 2, ""weight_decay"": 0.0001}",,
pilot_UC,qf_pilot,WORKSPACE_ROOT/lob_seq2seq_predictor_qf_queue_20260813_092802/artifacts/runs/pilot_UC,training_fit,completed,training_history+prediction+checkpoint+status,"[""UC""]",[42],WORKSPACE_ROOT/lob_seq2seq_predictor_qf_queue_20260813_092802/artifacts/runs/pilot_UC/resolved_config.json,19cf684567489ca20eecdb31124d7f957456ff30f49aa4db4ec545c36d2ca81a,2aa4e064bf917016b1653a5344f78a08dbbb34eb,unknown: runner records no dirty status,relocated artifacts; setup metadata says RTX4090 GPU0/1; original host identity unknown,unknown: manifests do not hash source/cache,no_investor,WORKSPACE_ROOT/lob_seq2seq_predictor_qf_queue_20260813_092802/artifacts/runs/pilot_UC/split_manifest.csv,validation multiclass NLL with min_delta=0.0001,WORKSPACE_ROOT/lob_seq2seq_predictor_qf_queue_20260813_092802/artifacts/runs/pilot_UC/training_history.csv,WORKSPACE_ROOT/lob_seq2seq_predictor_qf_queue_20260813_092802/artifacts/runs/pilot_UC/best_logloss_checkpoint.pt,WORKSPACE_ROOT/lob_seq2seq_predictor_qf_queue_20260813_092802/artifacts/runs/pilot_UC/test_predictions.csv.gz,WORKSPACE_ROOT/lob_seq2seq_predictor_qf_queue_20260813_092802/artifacts/runs/pilot_UC/metrics_summary.json,WORKSPACE_ROOT/lob_seq2seq_predictor_qf_queue_20260813_092802/artifacts/runs/pilot_UC/run.log,"unknown; queue trainer can resume, no retained attempt log",unknown,unknown,unknown,unknown,verified,saved_artifact,"[{""date_max"": ""20170630"", ""date_min"": ""20170206"", ""epochs"": [145], ""label_counts"": [25800, 50465, 25309], ""nll"": 0.9220933591634223, ""rows"": 101574, ""split"": ""development_holdout""}, {""date_max"": ""20170203"", ""date_min"": ""20161124"", ""epochs"": [145], ""label_counts"": [12432, 25906, 11936], ""nll"": 0.9030327459880497, ""rows"": 50274, ""split"": ""validation""}]",[145],175,0.9030327459880496,145,"[{""accuracy"": 0.5509185421466123, ""brier"": 0.5507506126814337, ""class_distribution"": [25800, 50465, 25309], ""class_f1"": [0.4175824175824176, 0.68599569208219, 0.3472089466641178], ""confusion_matrix"": [[10317, 11376, 4107], [6921, 38377, 5167], [6375, 11669, 7265]], ""ece"": 0.009273443619616135, ""log_loss"": 0.9220933591634223, ""macro_f1"": 0.48359568544290843, ""mcc"": 0.25611759627796615, ""precision"": [0.43692034049040784, 0.6248087004656312, 0.43926476812382853], ""prediction_count"": 101574, ""recall"": [0.39988372093023256, 0.7604676508471218, 0.2870520368248449], ""scope"": ""development_holdout""}, {""accuracy"": 0.5635517364840673, ""brier"": 0.5393699181746991, ""class_distribution"": [12432, 25906, 11936], ""class_f1"": [0.42058518364805975, 0.7004613182035102, 0.347152344536124], ""confusion_matrix"": [[5067, 5406, 1959], [3560, 19815, 2531], [3036, 5450, 3450]], ""ece"": 0.008251900426925463, ""log_loss"": 0.9030327459880497, ""macro_f1"": 0.4893996154625646, ""mcc"": 0.2651464909320699, ""precision"": [0.43445082740289803, 0.6460500146718399, 0.4345088161209068], ""prediction_count"": 50274, ""recall"": [0.4075772200772201, 0.7648807226125222, 0.2890415549597855], ""scope"": ""validation""}]",unknown,unknown,unknown,"{""train"": {""first"": ""20150701"", ""last"": ""20161123"", ""days"": 345}, ""validation"": {""first"": ""20161124"", ""last"": ""20170203"", ""days"": 49}, ""development_holdout"": {""first"": ""20170206"", ""last"": ""20170630"", ""days"": 99}}",WORKSPACE_ROOT/lob_seq2seq_predictor_qf_queue_20260813_092802/artifacts/runs/pilot_UC/data_manifest.json,"{""accumulation"": 4, ""cross_asset_layers"": 1, ""d_model"": 128, ""dropout"": 0.1, ""learning_rate"": 0.0001, ""max_epochs"": 200, ""microbatch"": 8, ""nhead"": 8, ""seed"": 42, ""temporal_layers"": 2, ""weight_decay"": 0.0001}",,
pilot_UM,qf_pilot,WORKSPACE_ROOT/lob_seq2seq_predictor_qf_queue_20260813_092802/artifacts/runs/pilot_UM,training_fit,completed,training_history+prediction+checkpoint+status,"[""UM""]",[42],WORKSPACE_ROOT/lob_seq2seq_predictor_qf_queue_20260813_092802/artifacts/runs/pilot_UM/resolved_config.json,19cf684567489ca20eecdb31124d7f957456ff30f49aa4db4ec545c36d2ca81a,2aa4e064bf917016b1653a5344f78a08dbbb34eb,unknown: runner records no dirty status,relocated artifacts; setup metadata says RTX4090 GPU0/1; original host identity unknown,unknown: manifests do not hash source/cache,no_investor,WORKSPACE_ROOT/lob_seq2seq_predictor_qf_queue_20260813_092802/artifacts/runs/pilot_UM/split_manifest.csv,validation multiclass NLL with min_delta=0.0001,WORKSPACE_ROOT/lob_seq2seq_predictor_qf_queue_20260813_092802/artifacts/runs/pilot_UM/training_history.csv,WORKSPACE_ROOT/lob_seq2seq_predictor_qf_queue_20260813_092802/artifacts/runs/pilot_UM/best_logloss_checkpoint.pt,WORKSPACE_ROOT/lob_seq2seq_predictor_qf_queue_20260813_092802/artifacts/runs/pilot_UM/test_predictions.csv.gz,WORKSPACE_ROOT/lob_seq2seq_predictor_qf_queue_20260813_092802/artifacts/runs/pilot_UM/metrics_summary.json,WORKSPACE_ROOT/lob_seq2seq_predictor_qf_queue_20260813_092802/artifacts/runs/pilot_UM/run.log,"unknown; queue trainer can resume, no retained attempt log",unknown,unknown,unknown,unknown,verified,saved_artifact,"[{""date_max"": ""20170630"", ""date_min"": ""20170206"", ""epochs"": [43], ""label_counts"": [25800, 50465, 25309], ""nll"": 4.293634501782767, ""rows"": 101574, ""split"": ""development_holdout""}, {""date_max"": ""20170203"", ""date_min"": ""20161124"", ""epochs"": [43], ""label_counts"": [12432, 25906, 11936], ""nll"": 2.5123770708664765, ""rows"": 50274, ""split"": ""validation""}]",[43],73,2.512377070866457,43,"[{""accuracy"": 0.5066355563431587, ""brier"": 0.9299233166068214, ""class_distribution"": [25800, 50465, 25309], ""class_f1"": [0.11535227845972759, 0.6717711878139686, 0.0], ""confusion_matrix"": [[1715, 24085, 0], [719, 49746, 0], [1501, 23808, 0]], ""ece"": 0.44449510821392835, ""log_loss"": 4.293634501782749, ""macro_f1"": 0.26237448875789876, ""mcc"": 0.08893955672470293, ""precision"": [0.4358322744599746, 0.5094890361433444, 0.0], ""prediction_count"": 101574, ""recall"": [0.06647286821705427, 0.985752501733875, 0.0], ""scope"": ""development_holdout""}, {""accuracy"": 0.5240681067748737, ""brier"": 0.8730089383414874, ""class_distribution"": [12432, 25906, 11936], ""class_f1"": [0.12917624780197484, 0.6879768018536837, 0.001003092869681518], ""confusion_matrix"": [[955, 11458, 19], [518, 25386, 2], [881, 11049, 6]], ""ece"": 0.418895043257284, ""log_loss"": 2.512377070866457, ""macro_f1"": 0.27271871417511334, ""mcc"": 0.09097151519788152, ""precision"": [0.4056924384027188, 0.5300565844695467, 0.2222222222222222], ""prediction_count"": 50274, ""recall"": [0.07681788931788931, 0.9799274299390103, 0.0005026809651474531], ""scope"": ""validation""}]",unknown,unknown,unknown,"{""train"": {""first"": ""20150701"", ""last"": ""20161123"", ""days"": 345}, ""validation"": {""first"": ""20161124"", ""last"": ""20170203"", ""days"": 49}, ""development_holdout"": {""first"": ""20170206"", ""last"": ""20170630"", ""days"": 99}}",WORKSPACE_ROOT/lob_seq2seq_predictor_qf_queue_20260813_092802/artifacts/runs/pilot_UM/data_manifest.json,"{""accumulation"": 4, ""cross_asset_layers"": 1, ""d_model"": 128, ""dropout"": 0.1, ""learning_rate"": 0.0001, ""max_epochs"": 200, ""microbatch"": 8, ""nhead"": 8, ""seed"": 42, ""temporal_layers"": 2, ""weight_decay"": 0.0001}",,
pilot_UX,qf_pilot,WORKSPACE_ROOT/lob_seq2seq_predictor_qf_queue_20260813_092802/artifacts/runs/pilot_UX,training_fit,completed,training_history+prediction+checkpoint+status,"[""UX""]",[42],WORKSPACE_ROOT/lob_seq2seq_predictor_qf_queue_20260813_092802/artifacts/runs/pilot_UX/resolved_config.json,19cf684567489ca20eecdb31124d7f957456ff30f49aa4db4ec545c36d2ca81a,2aa4e064bf917016b1653a5344f78a08dbbb34eb,unknown: runner records no dirty status,relocated artifacts; setup metadata says RTX4090 GPU0/1; original host identity unknown,unknown: manifests do not hash source/cache,no_investor,WORKSPACE_ROOT/lob_seq2seq_predictor_qf_queue_20260813_092802/artifacts/runs/pilot_UX/split_manifest.csv,validation multiclass NLL with min_delta=0.0001,WORKSPACE_ROOT/lob_seq2seq_predictor_qf_queue_20260813_092802/artifacts/runs/pilot_UX/training_history.csv,WORKSPACE_ROOT/lob_seq2seq_predictor_qf_queue_20260813_092802/artifacts/runs/pilot_UX/best_logloss_checkpoint.pt,WORKSPACE_ROOT/lob_seq2seq_predictor_qf_queue_20260813_092802/artifacts/runs/pilot_UX/test_predictions.csv.gz,WORKSPACE_ROOT/lob_seq2seq_predictor_qf_queue_20260813_092802/artifacts/runs/pilot_UX/metrics_summary.json,WORKSPACE_ROOT/lob_seq2seq_predictor_qf_queue_20260813_092802/artifacts/runs/pilot_UX/run.log,"unknown; queue trainer can resume, no retained attempt log",unknown,unknown,unknown,unknown,verified,saved_artifact,"[{""date_max"": ""20170630"", ""date_min"": ""20170206"", ""epochs"": [118], ""label_counts"": [25800, 50465, 25309], ""nll"": 0.9258445872780221, ""rows"": 101574, ""split"": ""development_holdout""}, {""date_max"": ""20170203"", ""date_min"": ""20161124"", ""epochs"": [118], ""label_counts"": [12432, 25906, 11936], ""nll"": 0.9071252380489733, ""rows"": 50274, ""split"": ""validation""}]",[118],148,0.9071252380489732,118,"[{""accuracy"": 0.5492153503849411, ""brier"": 0.5531692577771666, ""class_distribution"": [25800, 50465, 25309], ""class_f1"": [0.3876227133157462, 0.6914027458585721, 0.31912277620254437], ""confusion_matrix"": [[8963, 12992, 3845], [5661, 40464, 4340], [5822, 13128, 6359]], ""ece"": 0.006738283269266024, ""log_loss"": 0.9258445872780221, ""macro_f1"": 0.46604941179228754, ""mcc"": 0.2420458695900652, ""precision"": [0.4383742541328377, 0.6077135648203773, 0.43722497249724973], ""prediction_count"": 101574, ""recall"": [0.3474031007751938, 0.8018230456752204, 0.25125449444861514], ""scope"": ""development_holdout""}, {""accuracy"": 0.5638103194494172, ""brier"": 0.5414524696879217, ""class_distribution"": [12432, 25906, 11936], ""class_f1"": [0.3903047585100695, 0.7068770185495189, 0.3230160822567888], ""confusion_matrix"": [[4380, 6209, 1843], [2881, 20902, 2123], [2751, 6122, 3063]], ""ece"": 0.007741218993059656, ""log_loss"": 0.9071252380489733, ""macro_f1"": 0.47339928643879237, ""mcc"": 0.25243604677768094, ""precision"": [0.43747502996404314, 0.628953148978425, 0.43576611182244984], ""prediction_count"": 50274, ""recall"": [0.35231660231660233, 0.806840114259245, 0.2566186327077748], ""scope"": ""validation""}]",unknown,unknown,unknown,"{""train"": {""first"": ""20150701"", ""last"": ""20161123"", ""days"": 345}, ""validation"": {""first"": ""20161124"", ""last"": ""20170203"", ""days"": 49}, ""development_holdout"": {""first"": ""20170206"", ""last"": ""20170630"", ""days"": 99}}",WORKSPACE_ROOT/lob_seq2seq_predictor_qf_queue_20260813_092802/artifacts/runs/pilot_UX/data_manifest.json,"{""accumulation"": 4, ""cross_asset_layers"": 1, ""d_model"": 128, ""dropout"": 0.1, ""learning_rate"": 0.0001, ""max_epochs"": 200, ""microbatch"": 8, ""nhead"": 8, ""seed"": 42, ""temporal_layers"": 2, ""weight_decay"": 0.0001}",,
pilot_compare,qf_pilot,WORKSPACE_ROOT/lob_seq2seq_predictor_qf_queue_20260813_092802/artifacts/runs/pilot_compare,aggregate_or_analysis,completed,partial_artifacts,unknown,unknown,unknown,unknown,unknown,unknown: runner records no dirty status,relocated artifacts; setup metadata says RTX4090 GPU0/1; original host identity unknown,unknown: manifests do not hash source/cache,unknown,absent,not_applicable,absent,absent,absent,absent,absent,not_applicable,unknown,unknown,unknown,unknown,verified,saved_artifact,unknown,unknown,unknown,unknown,unknown,unknown,unknown,unknown,unknown,unknown; saved prediction summary supplies evaluated dates where available,absent,unknown,,
pilot_gate,qf_pilot,WORKSPACE_ROOT/lob_seq2seq_predictor_qf_queue_20260813_092802/artifacts/runs/pilot_gate,aggregate_or_analysis,completed,partial_artifacts,unknown,unknown,unknown,unknown,unknown,unknown: runner records no dirty status,relocated artifacts; setup metadata says RTX4090 GPU0/1; original host identity unknown,unknown: manifests do not hash source/cache,unknown,absent,not_applicable,absent,absent,absent,absent,absent,not_applicable,unknown,unknown,unknown,unknown,verified,saved_artifact,unknown,unknown,unknown,unknown,unknown,unknown,unknown,unknown,unknown,unknown; saved prediction summary supplies evaluated dates where available,absent,unknown,,
pilot_package,qf_pilot,WORKSPACE_ROOT/lob_seq2seq_predictor_qf_queue_20260813_092802/artifacts/runs/pilot_package,aggregate_or_analysis,completed,partial_artifacts,unknown,unknown,unknown,unknown,unknown,unknown: runner records no dirty status,relocated artifacts; setup metadata says RTX4090 GPU0/1; original host identity unknown,unknown: manifests do not hash source/cache,unknown,absent,not_applicable,absent,absent,absent,absent,absent,not_applicable,unknown,unknown,unknown,unknown,verified,saved_artifact,unknown,unknown,unknown,unknown,unknown,unknown,unknown,unknown,unknown,unknown; saved prediction summary supplies evaluated dates where available,absent,unknown,,
pilot_seed7_U1,qf_pilot,WORKSPACE_ROOT/lob_seq2seq_predictor_qf_queue_20260813_092802/artifacts/runs/pilot_seed7_U1,training_fit,completed,training_history+prediction+checkpoint+status,"[""U1""]",[7],WORKSPACE_ROOT/lob_seq2seq_predictor_qf_queue_20260813_092802/artifacts/runs/pilot_seed7_U1/resolved_config.json,458f35ac3f355903ecf186d6d8ed93fb54bca8be475dabeaa1fe839c10956333,2aa4e064bf917016b1653a5344f78a08dbbb34eb,unknown: runner records no dirty status,relocated artifacts; setup metadata says RTX4090 GPU0/1; original host identity unknown,unknown: manifests do not hash source/cache,no_investor,WORKSPACE_ROOT/lob_seq2seq_predictor_qf_queue_20260813_092802/artifacts/runs/pilot_seed7_U1/split_manifest.csv,validation multiclass NLL with min_delta=0.0001,WORKSPACE_ROOT/lob_seq2seq_predictor_qf_queue_20260813_092802/artifacts/runs/pilot_seed7_U1/training_history.csv,WORKSPACE_ROOT/lob_seq2seq_predictor_qf_queue_20260813_092802/artifacts/runs/pilot_seed7_U1/best_logloss_checkpoint.pt,WORKSPACE_ROOT/lob_seq2seq_predictor_qf_queue_20260813_092802/artifacts/runs/pilot_seed7_U1/test_predictions.csv.gz,WORKSPACE_ROOT/lob_seq2seq_predictor_qf_queue_20260813_092802/artifacts/runs/pilot_seed7_U1/metrics_summary.json,WORKSPACE_ROOT/lob_seq2seq_predictor_qf_queue_20260813_092802/artifacts/runs/pilot_seed7_U1/run.log,"unknown; queue trainer can resume, no retained attempt log",unknown,unknown,unknown,unknown,verified,saved_artifact,"[{""date_max"": ""20170630"", ""date_min"": ""20170206"", ""epochs"": [109], ""label_counts"": [25800, 50465, 25309], ""nll"": 0.9262230976474841, ""rows"": 101574, ""split"": ""development_holdout""}, {""date_max"": ""20170203"", ""date_min"": ""20161124"", ""epochs"": [109], ""label_counts"": [12432, 25906, 11936], ""nll"": 0.9083846815374608, ""rows"": 50274, ""split"": ""validation""}]",[109],139,0.9083846815374608,109,"[{""accuracy"": 0.5467836257309941, ""brier"": 0.5541087720838436, ""class_distribution"": [25800, 50465, 25309], ""class_f1"": [0.4016020918504991, 0.681119688334175, 0.36752660358949923], ""confusion_matrix"": [[9676, 11497, 4627], [6663, 37764, 6038], [6048, 11162, 8099]], ""ece"": 0.006347626373612277, ""log_loss"": 0.9262230976474841, ""macro_f1"": 0.48341612792472444, ""mcc"": 0.251153141826487, ""precision"": [0.43221512484924285, 0.6249937937540341, 0.43162438712428053], ""prediction_count"": 101574, ""recall"": [0.3750387596899225, 0.7483206182502725, 0.3200047413963412], ""scope"": ""development_holdout""}, {""accuracy"": 0.5582209491983928, ""brier"": 0.5434383657557064, ""class_distribution"": [12432, 25906, 11936], ""class_f1"": [0.40488404629668884, 0.6942697913689626, 0.36754540687419557], ""confusion_matrix"": [[4775, 5488, 2169], [3455, 19434, 3017], [2925, 5156, 3855]], ""ece"": 0.010642254451235228, ""log_loss"": 0.9083846815374608, ""macro_f1"": 0.4888997481799489, ""mcc"": 0.25910417854076107, ""precision"": [0.4280591662931421, 0.6461200877717933, 0.42639088596394203], ""prediction_count"": 50274, ""recall"": [0.3840894465894466, 0.7501737049332201, 0.3229725201072386], ""scope"": ""validation""}]",unknown,unknown,unknown,"{""train"": {""first"": ""20150701"", ""last"": ""20161123"", ""days"": 345}, ""validation"": {""first"": ""20161124"", ""last"": ""20170203"", ""days"": 49}, ""development_holdout"": {""first"": ""20170206"", ""last"": ""20170630"", ""days"": 99}}",WORKSPACE_ROOT/lob_seq2seq_predictor_qf_queue_20260813_092802/artifacts/runs/pilot_seed7_U1/data_manifest.json,"{""accumulation"": 4, ""cross_asset_layers"": 1, ""d_model"": 128, ""dropout"": 0.1, ""learning_rate"": 0.0001, ""max_epochs"": 200, ""microbatch"": 8, ""nhead"": 8, ""seed"": 7, ""temporal_layers"": 2, ""weight_decay"": 0.0001}",,
pilot_seed7_UA,qf_pilot,WORKSPACE_ROOT/lob_seq2seq_predictor_qf_queue_20260813_092802/artifacts/runs/pilot_seed7_UA,training_fit,completed,training_history+prediction+checkpoint+status,"[""UA""]",[7],WORKSPACE_ROOT/lob_seq2seq_predictor_qf_queue_20260813_092802/artifacts/runs/pilot_seed7_UA/resolved_config.json,458f35ac3f355903ecf186d6d8ed93fb54bca8be475dabeaa1fe839c10956333,2aa4e064bf917016b1653a5344f78a08dbbb34eb,unknown: runner records no dirty status,relocated artifacts; setup metadata says RTX4090 GPU0/1; original host identity unknown,unknown: manifests do not hash source/cache,no_investor,WORKSPACE_ROOT/lob_seq2seq_predictor_qf_queue_20260813_092802/artifacts/runs/pilot_seed7_UA/split_manifest.csv,validation multiclass NLL with min_delta=0.0001,WORKSPACE_ROOT/lob_seq2seq_predictor_qf_queue_20260813_092802/artifacts/runs/pilot_seed7_UA/training_history.csv,WORKSPACE_ROOT/lob_seq2seq_predictor_qf_queue_20260813_092802/artifacts/runs/pilot_seed7_UA/best_logloss_checkpoint.pt,WORKSPACE_ROOT/lob_seq2seq_predictor_qf_queue_20260813_092802/artifacts/runs/pilot_seed7_UA/test_predictions.csv.gz,WORKSPACE_ROOT/lob_seq2seq_predictor_qf_queue_20260813_092802/artifacts/runs/pilot_seed7_UA/metrics_summary.json,WORKSPACE_ROOT/lob_seq2seq_predictor_qf_queue_20260813_092802/artifacts/runs/pilot_seed7_UA/run.log,"unknown; queue trainer can resume, no retained attempt log",unknown,unknown,unknown,unknown,verified,saved_artifact,"[{""date_max"": ""20170630"", ""date_min"": ""20170206"", ""epochs"": [194], ""label_counts"": [25800, 50465, 25309], ""nll"": 0.9200062574201209, ""rows"": 101574, ""split"": ""development_holdout""}, {""date_max"": ""20170203"", ""date_min"": ""20161124"", ""epochs"": [194], ""label_counts"": [12432, 25906, 11936], ""nll"": 0.900098271846795, ""rows"": 50274, ""split"": ""validation""}]",[194],200,0.900098271846795,194,"[{""accuracy"": 0.550377064996948, ""brier"": 0.5502092151759961, ""class_distribution"": [25800, 50465, 25309], ""class_f1"": [0.4234940235890129, 0.6840062530321815, 0.34553376906318084], ""confusion_matrix"": [[10700, 11171, 3929], [7463, 38067, 4935], [6569, 11603, 7137]], ""ece"": 0.008066271099879452, ""log_loss"": 0.9200062574201209, ""macro_f1"": 0.4843446818947917, ""mcc"": 0.2567401775163886, ""precision"": [0.4326378780527252, 0.6256800512812084, 0.44603462283607276], ""prediction_count"": 101574, ""recall"": [0.41472868217054265, 0.7543247795501833, 0.2819945473942076], ""scope"": ""development_holdout""}, {""accuracy"": 0.5611250348092454, ""brier"": 0.5383224773571059, ""class_distribution"": [12432, 25906, 11936], ""class_f1"": [0.4225432582435521, 0.6989573293612548, 0.3256230570630697], ""confusion_matrix"": [[5177, 5539, 1716], [3726, 19943, 2237], [3169, 5677, 3090]], ""ece"": 0.009164130921152994, ""log_loss"": 0.900098271846795, ""macro_f1"": 0.48237454822262543, ""mcc"": 0.258680868727934, ""precision"": [0.428843605036448, 0.6400397958856189, 0.43873349424960956], ""prediction_count"": 50274, ""recall"": [0.4164253539253539, 0.7698216629352274, 0.25888069705093836], ""scope"": ""validation""}]",unknown,unknown,unknown,"{""train"": {""first"": ""20150701"", ""last"": ""20161123"", ""days"": 345}, ""validation"": {""first"": ""20161124"", ""last"": ""20170203"", ""days"": 49}, ""development_holdout"": {""first"": ""20170206"", ""last"": ""20170630"", ""days"": 99}}",WORKSPACE_ROOT/lob_seq2seq_predictor_qf_queue_20260813_092802/artifacts/runs/pilot_seed7_UA/data_manifest.json,"{""accumulation"": 4, ""cross_asset_layers"": 1, ""d_model"": 128, ""dropout"": 0.1, ""learning_rate"": 0.0001, ""max_epochs"": 200, ""microbatch"": 8, ""nhead"": 8, ""seed"": 7, ""temporal_layers"": 2, ""weight_decay"": 0.0001}",,
pilot_seed7_UC,qf_pilot,WORKSPACE_ROOT/lob_seq2seq_predictor_qf_queue_20260813_092802/artifacts/runs/pilot_seed7_UC,training_fit,completed,training_history+prediction+checkpoint+status,"[""UC""]",[7],WORKSPACE_ROOT/lob_seq2seq_predictor_qf_queue_20260813_092802/artifacts/runs/pilot_seed7_UC/resolved_config.json,458f35ac3f355903ecf186d6d8ed93fb54bca8be475dabeaa1fe839c10956333,2aa4e064bf917016b1653a5344f78a08dbbb34eb,unknown: runner records no dirty status,relocated artifacts; setup metadata says RTX4090 GPU0/1; original host identity unknown,unknown: manifests do not hash source/cache,no_investor,WORKSPACE_ROOT/lob_seq2seq_predictor_qf_queue_20260813_092802/artifacts/runs/pilot_seed7_UC/split_manifest.csv,validation multiclass NLL with min_delta=0.0001,WORKSPACE_ROOT/lob_seq2seq_predictor_qf_queue_20260813_092802/artifacts/runs/pilot_seed7_UC/training_history.csv,WORKSPACE_ROOT/lob_seq2seq_predictor_qf_queue_20260813_092802/artifacts/runs/pilot_seed7_UC/best_logloss_checkpoint.pt,WORKSPACE_ROOT/lob_seq2seq_predictor_qf_queue_20260813_092802/artifacts/runs/pilot_seed7_UC/test_predictions.csv.gz,WORKSPACE_ROOT/lob_seq2seq_predictor_qf_queue_20260813_092802/artifacts/runs/pilot_seed7_UC/metrics_summary.json,WORKSPACE_ROOT/lob_seq2seq_predictor_qf_queue_20260813_092802/artifacts/runs/pilot_seed7_UC/run.log,"unknown; queue trainer can resume, no retained attempt log",unknown,unknown,unknown,unknown,verified,saved_artifact,"[{""date_max"": ""20170630"", ""date_min"": ""20170206"", ""epochs"": [153], ""label_counts"": [25800, 50465, 25309], ""nll"": 0.9227861611387266, ""rows"": 101574, ""split"": ""development_holdout""}, {""date_max"": ""20170203"", ""date_min"": ""20161124"", ""epochs"": [153], ""label_counts"": [12432, 25906, 11936], ""nll"": 0.9045261094778202, ""rows"": 50274, ""split"": ""validation""}]",[153],183,0.9045261094778202,153,"[{""accuracy"": 0.5506724161694921, ""brier"": 0.5511843228535688, ""class_distribution"": [25800, 50465, 25309], ""class_f1"": [0.4243803042592336, 0.6843712726352694, 0.35005127471321934], ""confusion_matrix"": [[10726, 11037, 4037], [7350, 37869, 5246], [6673, 11297, 7339]], ""ece"": 0.009006027716441382, ""log_loss"": 0.9227861611387265, ""macro_f1"": 0.48626761720257416, ""mcc"": 0.25861211336235745, ""precision"": [0.43339124813123764, 0.6290218095443748, 0.4415232823968235], ""prediction_count"": 101574, ""recall"": [0.4157364341085271, 0.7504012682056871, 0.2899758979019321], ""scope"": ""development_holdout""}, {""accuracy"": 0.560130484942515, ""brier"": 0.5403578207794386, ""class_distribution"": [12432, 25906, 11936], ""class_f1"": [0.42614484567278593, 0.6954181765993327, 0.34933320013985314], ""confusion_matrix"": [[5281, 5217, 1934], [3870, 19382, 2654], [3202, 5237, 3497]], ""ece"": 0.01251513636809015, ""log_loss"": 0.9045261094778202, ""macro_f1"": 0.49029874080399055, ""mcc"": 0.2639740322204482, ""precision"": [0.42750748805958066, 0.6496179112481566, 0.43252937538651826], ""prediction_count"": 50274, ""recall"": [0.42479086229086227, 0.7481664479271212, 0.2929792225201072], ""scope"": ""validation""}]",unknown,unknown,unknown,"{""train"": {""first"": ""20150701"", ""last"": ""20161123"", ""days"": 345}, ""validation"": {""first"": ""20161124"", ""last"": ""20170203"", ""days"": 49}, ""development_holdout"": {""first"": ""20170206"", ""last"": ""20170630"", ""days"": 99}}",WORKSPACE_ROOT/lob_seq2seq_predictor_qf_queue_20260813_092802/artifacts/runs/pilot_seed7_UC/data_manifest.json,"{""accumulation"": 4, ""cross_asset_layers"": 1, ""d_model"": 128, ""dropout"": 0.1, ""learning_rate"": 0.0001, ""max_epochs"": 200, ""microbatch"": 8, ""nhead"": 8, ""seed"": 7, ""temporal_layers"": 2, ""weight_decay"": 0.0001}",,
pilot_seed7_UM,qf_pilot,WORKSPACE_ROOT/lob_seq2seq_predictor_qf_queue_20260813_092802/artifacts/runs/pilot_seed7_UM,training_fit,completed,training_history+prediction+checkpoint+status,"[""UM""]",[7],WORKSPACE_ROOT/lob_seq2seq_predictor_qf_queue_20260813_092802/artifacts/runs/pilot_seed7_UM/resolved_config.json,458f35ac3f355903ecf186d6d8ed93fb54bca8be475dabeaa1fe839c10956333,2aa4e064bf917016b1653a5344f78a08dbbb34eb,unknown: runner records no dirty status,relocated artifacts; setup metadata says RTX4090 GPU0/1; original host identity unknown,unknown: manifests do not hash source/cache,no_investor,WORKSPACE_ROOT/lob_seq2seq_predictor_qf_queue_20260813_092802/artifacts/runs/pilot_seed7_UM/split_manifest.csv,validation multiclass NLL with min_delta=0.0001,WORKSPACE_ROOT/lob_seq2seq_predictor_qf_queue_20260813_092802/artifacts/runs/pilot_seed7_UM/training_history.csv,WORKSPACE_ROOT/lob_seq2seq_predictor_qf_queue_20260813_092802/artifacts/runs/pilot_seed7_UM/best_logloss_checkpoint.pt,WORKSPACE_ROOT/lob_seq2seq_predictor_qf_queue_20260813_092802/artifacts/runs/pilot_seed7_UM/test_predictions.csv.gz,WORKSPACE_ROOT/lob_seq2seq_predictor_qf_queue_20260813_092802/artifacts/runs/pilot_seed7_UM/metrics_summary.json,WORKSPACE_ROOT/lob_seq2seq_predictor_qf_queue_20260813_092802/artifacts/runs/pilot_seed7_UM/run.log,"unknown; queue trainer can resume, no retained attempt log",unknown,unknown,unknown,unknown,verified,saved_artifact,"[{""date_max"": ""20170630"", ""date_min"": ""20170206"", ""epochs"": [5], ""label_counts"": [25800, 50465, 25309], ""nll"": 7.287216378272236, ""rows"": 101574, ""split"": ""development_holdout""}, {""date_max"": ""20170203"", ""date_min"": ""20161124"", ""epochs"": [5], ""label_counts"": [12432, 25906, 11936], ""nll"": 5.089239388758059, ""rows"": 50274, ""split"": ""validation""}]",[5],35,5.089239388758056,5,"[{""accuracy"": 0.500807293204954, ""brier"": 0.9539035196375004, ""class_distribution"": [25800, 50465, 25309], ""class_f1"": [7.751337105650724e-05, 0.6684812628524653, 0.047557508400103386], ""confusion_matrix"": [[1, 24910, 889], [0, 50224, 241], [1, 24664, 644]], ""ece"": 0.4651331268014348, ""log_loss"": 7.287216378272228, ""macro_f1"": 0.2387054282078751, ""mcc"": 0.05662085665941037, ""precision"": [0.5, 0.5032565782881421, 0.36302142051860203], ""prediction_count"": 101574, ""recall"": [3.875968992248062e-05, 0.9952244129594768, 0.02544549369789403], ""scope"": ""development_holdout""}, {""accuracy"": 0.5203882722679715, ""brier"": 0.9027929093442668, ""class_distribution"": [12432, 25906, 11936], ""class_f1"": [0.0006419515326592842, 0.6852101490863953, 0.07429917192129454], ""confusion_matrix"": [[4, 11907, 521], [20, 25669, 217], [6, 11441, 489]], ""ece"": 0.43509482095182966, ""log_loss"": 5.089239388758056, ""macro_f1"": 0.2533837575134497, ""mcc"": 0.06936506720936302, ""precision"": [0.13333333333333333, 0.5236754595344473, 0.39853300733496333], ""prediction_count"": 50274, ""recall"": [0.00032175032175032174, 0.9908515401837412, 0.040968498659517426], ""scope"": ""validation""}]",unknown,unknown,unknown,"{""train"": {""first"": ""20150701"", ""last"": ""20161123"", ""days"": 345}, ""validation"": {""first"": ""20161124"", ""last"": ""20170203"", ""days"": 49}, ""development_holdout"": {""first"": ""20170206"", ""last"": ""20170630"", ""days"": 99}}",WORKSPACE_ROOT/lob_seq2seq_predictor_qf_queue_20260813_092802/artifacts/runs/pilot_seed7_UM/data_manifest.json,"{""accumulation"": 4, ""cross_asset_layers"": 1, ""d_model"": 128, ""dropout"": 0.1, ""learning_rate"": 0.0001, ""max_epochs"": 200, ""microbatch"": 8, ""nhead"": 8, ""seed"": 7, ""temporal_layers"": 2, ""weight_decay"": 0.0001}",,
pilot_seed7_UX,qf_pilot,WORKSPACE_ROOT/lob_seq2seq_predictor_qf_queue_20260813_092802/artifacts/runs/pilot_seed7_UX,training_fit,completed,training_history+prediction+checkpoint+status,"[""UX""]",[7],WORKSPACE_ROOT/lob_seq2seq_predictor_qf_queue_20260813_092802/artifacts/runs/pilot_seed7_UX/resolved_config.json,458f35ac3f355903ecf186d6d8ed93fb54bca8be475dabeaa1fe839c10956333,2aa4e064bf917016b1653a5344f78a08dbbb34eb,unknown: runner records no dirty status,relocated artifacts; setup metadata says RTX4090 GPU0/1; original host identity unknown,unknown: manifests do not hash source/cache,no_investor,WORKSPACE_ROOT/lob_seq2seq_predictor_qf_queue_20260813_092802/artifacts/runs/pilot_seed7_UX/split_manifest.csv,validation multiclass NLL with min_delta=0.0001,WORKSPACE_ROOT/lob_seq2seq_predictor_qf_queue_20260813_092802/artifacts/runs/pilot_seed7_UX/training_history.csv,WORKSPACE_ROOT/lob_seq2seq_predictor_qf_queue_20260813_092802/artifacts/runs/pilot_seed7_UX/best_logloss_checkpoint.pt,WORKSPACE_ROOT/lob_seq2seq_predictor_qf_queue_20260813_092802/artifacts/runs/pilot_seed7_UX/test_predictions.csv.gz,WORKSPACE_ROOT/lob_seq2seq_predictor_qf_queue_20260813_092802/artifacts/runs/pilot_seed7_UX/metrics_summary.json,WORKSPACE_ROOT/lob_seq2seq_predictor_qf_queue_20260813_092802/artifacts/runs/pilot_seed7_UX/run.log,"unknown; queue trainer can resume, no retained attempt log",unknown,unknown,unknown,unknown,verified,saved_artifact,"[{""date_max"": ""20170630"", ""date_min"": ""20170206"", ""epochs"": [152], ""label_counts"": [25800, 50465, 25309], ""nll"": 0.9287414437630322, ""rows"": 101574, ""split"": ""development_holdout""}, {""date_max"": ""20170203"", ""date_min"": ""20161124"", ""epochs"": [152], ""label_counts"": [12432, 25906, 11936], ""nll"": 0.9087612736066333, ""rows"": 50274, ""split"": ""validation""}]",[152],182,0.9087612736066332,152,"[{""accuracy"": 0.5483194518282237, ""brier"": 0.55378933616894, ""class_distribution"": [25800, 50465, 25309], ""class_f1"": [0.38822944368770407, 0.6898476807498793, 0.32729944886711576], ""confusion_matrix"": [[8978, 12761, 4061], [5655, 40036, 4774], [5818, 12810, 6681]], ""ece"": 0.014048743735793276, ""log_loss"": 0.9287414437630322, ""macro_f1"": 0.468458857768233, ""mcc"": 0.24238709129896807, ""precision"": [0.43900053787100873, 0.6102397610011127, 0.4305877803557618], ""prediction_count"": 101574, ""recall"": [0.347984496124031, 0.7933419201426731, 0.2639772412975621], ""scope"": ""development_holdout""}, {""accuracy"": 0.563869992441421, ""brier"": 0.5415321179113766, ""class_distribution"": [12432, 25906, 11936], ""class_f1"": [0.39480450394538524, 0.7061671155354038, 0.32922790312564687], ""confusion_matrix"": [[4453, 6071, 1908], [2893, 20714, 2299], [2780, 5975, 3181]], ""ece"": 0.00992271754823745, ""log_loss"": 0.9087612736066333, ""macro_f1"": 0.4767331742021453, ""mcc"": 0.2548275004577705, ""precision"": [0.4397590361445783, 0.6322954822954823, 0.4305630752571738], ""prediction_count"": 50274, ""recall"": [0.3581885456885457, 0.7995831081602718, 0.26650469168900803], ""scope"": ""validation""}]",unknown,unknown,unknown,"{""train"": {""first"": ""20150701"", ""last"": ""20161123"", ""days"": 345}, ""validation"": {""first"": ""20161124"", ""last"": ""20170203"", ""days"": 49}, ""development_holdout"": {""first"": ""20170206"", ""last"": ""20170630"", ""days"": 99}}",WORKSPACE_ROOT/lob_seq2seq_predictor_qf_queue_20260813_092802/artifacts/runs/pilot_seed7_UX/data_manifest.json,"{""accumulation"": 4, ""cross_asset_layers"": 1, ""d_model"": 128, ""dropout"": 0.1, ""learning_rate"": 0.0001, ""max_epochs"": 200, ""microbatch"": 8, ""nhead"": 8, ""seed"": 7, ""temporal_layers"": 2, ""weight_decay"": 0.0001}",,
pilot_seed7_compare,qf_pilot,WORKSPACE_ROOT/lob_seq2seq_predictor_qf_queue_20260813_092802/artifacts/runs/pilot_seed7_compare,aggregate_or_analysis,completed,partial_artifacts,unknown,unknown,unknown,unknown,unknown,unknown: runner records no dirty status,relocated artifacts; setup metadata says RTX4090 GPU0/1; original host identity unknown,unknown: manifests do not hash source/cache,unknown,absent,not_applicable,absent,absent,absent,absent,absent,not_applicable,unknown,unknown,unknown,unknown,verified,saved_artifact,unknown,unknown,unknown,unknown,unknown,unknown,unknown,unknown,unknown,unknown; saved prediction summary supplies evaluated dates where available,absent,unknown,,
smoke_S,qf_pilot,WORKSPACE_ROOT/lob_seq2seq_predictor_qf_queue_20260813_092802/artifacts/runs/smoke_S,aggregate_or_analysis,completed,partial_artifacts,unknown,unknown,unknown,unknown,unknown,unknown: runner records no dirty status,relocated artifacts; setup metadata says RTX4090 GPU0/1; original host identity unknown,unknown: manifests do not hash source/cache,unknown,absent,not_applicable,absent,absent,WORKSPACE_ROOT/lob_seq2seq_predictor_qf_queue_20260813_092802/artifacts/runs/smoke_S/test_predictions.csv.gz,absent,absent,not_applicable,unknown,unknown,unknown,unknown,verified,saved_artifact,unknown,unknown,unknown,unknown,unknown,unknown,unknown,unknown,unknown,unknown; saved prediction summary supplies evaluated dates where available,absent,unknown,,
smoke_S/assets/KR7000030007_t,qf_pilot,WORKSPACE_ROOT/lob_seq2seq_predictor_qf_queue_20260813_092802/artifacts/runs/smoke_S/assets/KR7000030007_t,training_fit,completed,training_history+prediction+checkpoint+status,"[""S""]",[42],WORKSPACE_ROOT/lob_seq2seq_predictor_qf_queue_20260813_092802/artifacts/runs/smoke_S/assets/KR7000030007_t/resolved_config.json,19cf684567489ca20eecdb31124d7f957456ff30f49aa4db4ec545c36d2ca81a,2aa4e064bf917016b1653a5344f78a08dbbb34eb,unknown: runner records no dirty status,relocated artifacts; setup metadata says RTX4090 GPU0/1; original host identity unknown,unknown: manifests do not hash source/cache,no_investor,WORKSPACE_ROOT/lob_seq2seq_predictor_qf_queue_20260813_092802/artifacts/runs/smoke_S/assets/KR7000030007_t/split_manifest.csv,validation multiclass NLL with min_delta=0.0001,WORKSPACE_ROOT/lob_seq2seq_predictor_qf_queue_20260813_092802/artifacts/runs/smoke_S/assets/KR7000030007_t/training_history.csv,WORKSPACE_ROOT/lob_seq2seq_predictor_qf_queue_20260813_092802/artifacts/runs/smoke_S/assets/KR7000030007_t/best_logloss_checkpoint.pt,WORKSPACE_ROOT/lob_seq2seq_predictor_qf_queue_20260813_092802/artifacts/runs/smoke_S/assets/KR7000030007_t/test_predictions.csv.gz,WORKSPACE_ROOT/lob_seq2seq_predictor_qf_queue_20260813_092802/artifacts/runs/smoke_S/assets/KR7000030007_t/metrics_summary.json,WORKSPACE_ROOT/lob_seq2seq_predictor_qf_queue_20260813_092802/artifacts/runs/smoke_S/assets/KR7000030007_t/run.log,"unknown; queue trainer can resume, no retained attempt log",unknown,unknown,unknown,unknown,verified,saved_artifact,"[{""date_max"": ""20150716"", ""date_min"": ""20150714"", ""epochs"": [2], ""label_counts"": [46, 37, 31], ""nll"": 1.177680277884156, ""rows"": 114, ""split"": ""development_holdout""}, {""date_max"": ""20150713"", ""date_min"": ""20150713"", ""epochs"": [2], ""label_counts"": [16, 9, 13], ""nll"": 1.1037353560366636, ""rows"": 38, ""split"": ""validation""}]",[2],2,1.1037353560366636,2,"[{""accuracy"": 0.2543859649122807, ""brier"": 0.7154235602239498, ""class_distribution"": [46, 37, 31], ""class_f1"": [0.0, 0.0, 0.40559440559440557], ""confusion_matrix"": [[0, 0, 46], [0, 0, 37], [2, 0, 29]], ""ece"": 0.20415795963983305, ""log_loss"": 1.1776802778841557, ""macro_f1"": 0.1351981351981352, ""mcc"": -0.13182495798926766, ""precision"": [0.0, 0.0, 0.25892857142857145], ""prediction_count"": 114, ""recall"": [0.0, 0.0, 0.9354838709677419], ""scope"": ""development_holdout""}, {""accuracy"": 0.2894736842105263, ""brier"": 0.6721288077029386, ""class_distribution"": [16, 9, 13], ""class_f1"": [0.0, 0.0, 0.4489795918367347], ""confusion_matrix"": [[0, 0, 16], [0, 0, 9], [2, 0, 11]], ""ece"": 0.1431136013899549, ""log_loss"": 1.1037353560366636, ""macro_f1"": 0.14965986394557823, ""mcc"": -0.22311624238651592, ""precision"": [0.0, 0.0, 0.3055555555555556], ""prediction_count"": 38, ""recall"": [0.0, 0.0, 0.8461538461538461], ""scope"": ""validation""}]",unknown,unknown,unknown,"{""train"": {""first"": ""20150701"", ""last"": ""20150710"", ""days"": 8}, ""validation"": {""first"": ""20150713"", ""last"": ""20150713"", ""days"": 1}, ""development_holdout"": {""first"": ""20150714"", ""last"": ""20150716"", ""days"": 3}}",WORKSPACE_ROOT/lob_seq2seq_predictor_qf_queue_20260813_092802/artifacts/runs/smoke_S/assets/KR7000030007_t/data_manifest.json,"{""accumulation"": 4, ""cross_asset_layers"": 1, ""d_model"": 128, ""dropout"": 0.1, ""learning_rate"": 0.0001, ""max_epochs"": 200, ""microbatch"": 8, ""nhead"": 8, ""seed"": 42, ""temporal_layers"": 2, ""weight_decay"": 0.0001}",,
smoke_S/assets/KR7000120006_t,qf_pilot,WORKSPACE_ROOT/lob_seq2seq_predictor_qf_queue_20260813_092802/artifacts/runs/smoke_S/assets/KR7000120006_t,training_fit,completed,training_history+prediction+checkpoint+status,"[""S""]",[42],WORKSPACE_ROOT/lob_seq2seq_predictor_qf_queue_20260813_092802/artifacts/runs/smoke_S/assets/KR7000120006_t/resolved_config.json,19cf684567489ca20eecdb31124d7f957456ff30f49aa4db4ec545c36d2ca81a,2aa4e064bf917016b1653a5344f78a08dbbb34eb,unknown: runner records no dirty status,relocated artifacts; setup metadata says RTX4090 GPU0/1; original host identity unknown,unknown: manifests do not hash source/cache,no_investor,WORKSPACE_ROOT/lob_seq2seq_predictor_qf_queue_20260813_092802/artifacts/runs/smoke_S/assets/KR7000120006_t/split_manifest.csv,validation multiclass NLL with min_delta=0.0001,WORKSPACE_ROOT/lob_seq2seq_predictor_qf_queue_20260813_092802/artifacts/runs/smoke_S/assets/KR7000120006_t/training_history.csv,WORKSPACE_ROOT/lob_seq2seq_predictor_qf_queue_20260813_092802/artifacts/runs/smoke_S/assets/KR7000120006_t/best_logloss_checkpoint.pt,WORKSPACE_ROOT/lob_seq2seq_predictor_qf_queue_20260813_092802/artifacts/runs/smoke_S/assets/KR7000120006_t/test_predictions.csv.gz,WORKSPACE_ROOT/lob_seq2seq_predictor_qf_queue_20260813_092802/artifacts/runs/smoke_S/assets/KR7000120006_t/metrics_summary.json,WORKSPACE_ROOT/lob_seq2seq_predictor_qf_queue_20260813_092802/artifacts/runs/smoke_S/assets/KR7000120006_t/run.log,"unknown; queue trainer can resume, no retained attempt log",unknown,unknown,unknown,unknown,verified,saved_artifact,"[{""date_max"": ""20150716"", ""date_min"": ""20150714"", ""epochs"": [2], ""label_counts"": [37, 42, 35], ""nll"": 1.1236553255348127, ""rows"": 114, ""split"": ""development_holdout""}, {""date_max"": ""20150713"", ""date_min"": ""20150713"", ""epochs"": [2], ""label_counts"": [11, 12, 15], ""nll"": 1.1114206260204895, ""rows"": 38, ""split"": ""validation""}]",[2],2,1.1114206260204895,2,"[{""accuracy"": 0.3508771929824561, ""brier"": 0.681178573712839, ""class_distribution"": [37, 42, 35], ""class_f1"": [0.2857142857142857, 0.046511627906976744, 0.47058823529411764], ""confusion_matrix"": [[7, 0, 30], [2, 1, 39], [3, 0, 32]], ""ece"": 0.049628053103265526, ""log_loss"": 1.1236553255348125, ""macro_f1"": 0.26760471630512667, ""mcc"": 0.11265727142745804, ""precision"": [0.5833333333333334, 1.0, 0.31683168316831684], ""prediction_count"": 114, ""recall"": [0.1891891891891892, 0.023809523809523808, 0.9142857142857143], ""scope"": ""development_holdout""}, {""accuracy"": 0.39473684210526316, ""brier"": 0.6720812431941475, ""class_distribution"": [11, 12, 15], ""class_f1"": [0.0, 0.0, 0.5769230769230769], ""confusion_matrix"": [[0, 1, 10], [0, 0, 12], [0, 0, 15]], ""ece"": 0.07211440442753361, ""log_loss"": 1.1114206260204895, ""macro_f1"": 0.1923076923076923, ""mcc"": 0.011290968804428621, ""precision"": [0.0, 0.0, 0.40540540540540543], ""prediction_count"": 38, ""recall"": [0.0, 0.0, 1.0], ""scope"": ""validation""}]",unknown,unknown,unknown,"{""train"": {""first"": ""20150701"", ""last"": ""20150710"", ""days"": 8}, ""validation"": {""first"": ""20150713"", ""last"": ""20150713"", ""days"": 1}, ""development_holdout"": {""first"": ""20150714"", ""last"": ""20150716"", ""days"": 3}}",WORKSPACE_ROOT/lob_seq2seq_predictor_qf_queue_20260813_092802/artifacts/runs/smoke_S/assets/KR7000120006_t/data_manifest.json,"{""accumulation"": 4, ""cross_asset_layers"": 1, ""d_model"": 128, ""dropout"": 0.1, ""learning_rate"": 0.0001, ""max_epochs"": 200, ""microbatch"": 8, ""nhead"": 8, ""seed"": 42, ""temporal_layers"": 2, ""weight_decay"": 0.0001}",,
smoke_U0,qf_pilot,WORKSPACE_ROOT/lob_seq2seq_predictor_qf_queue_20260813_092802/artifacts/runs/smoke_U0,training_fit,completed,training_history+prediction+checkpoint+status,"[""U0""]",[42],WORKSPACE_ROOT/lob_seq2seq_predictor_qf_queue_20260813_092802/artifacts/runs/smoke_U0/resolved_config.json,19cf684567489ca20eecdb31124d7f957456ff30f49aa4db4ec545c36d2ca81a,2aa4e064bf917016b1653a5344f78a08dbbb34eb,unknown: runner records no dirty status,relocated artifacts; setup metadata says RTX4090 GPU0/1; original host identity unknown,unknown: manifests do not hash source/cache,no_investor,WORKSPACE_ROOT/lob_seq2seq_predictor_qf_queue_20260813_092802/artifacts/runs/smoke_U0/split_manifest.csv,validation multiclass NLL with min_delta=0.0001,WORKSPACE_ROOT/lob_seq2seq_predictor_qf_queue_20260813_092802/artifacts/runs/smoke_U0/training_history.csv,WORKSPACE_ROOT/lob_seq2seq_predictor_qf_queue_20260813_092802/artifacts/runs/smoke_U0/best_logloss_checkpoint.pt,WORKSPACE_ROOT/lob_seq2seq_predictor_qf_queue_20260813_092802/artifacts/runs/smoke_U0/test_predictions.csv.gz,WORKSPACE_ROOT/lob_seq2seq_predictor_qf_queue_20260813_092802/artifacts/runs/smoke_U0/metrics_summary.json,WORKSPACE_ROOT/lob_seq2seq_predictor_qf_queue_20260813_092802/artifacts/runs/smoke_U0/run.log,"unknown; queue trainer can resume, no retained attempt log",unknown,unknown,unknown,unknown,verified,saved_artifact,"[{""date_max"": ""20150716"", ""date_min"": ""20150714"", ""epochs"": [2], ""label_counts"": [1017, 1138, 923], ""nll"": 1.172315873433306, ""rows"": 3078, ""split"": ""development_holdout""}, {""date_max"": ""20150713"", ""date_min"": ""20150713"", ""epochs"": [2], ""label_counts"": [317, 341, 368], ""nll"": 1.1456166614453165, ""rows"": 1026, ""split"": ""validation""}]",[2],2,1.1456166614453165,2,"[{""accuracy"": 0.3096166341780377, ""brier"": 0.7099423681172852, ""class_distribution"": [1017, 1138, 923], ""class_f1"": [0.21729807005003574, 0.024179620034542316, 0.43734370658516253], ""confusion_matrix"": [[152, 3, 862], [97, 14, 1027], [133, 3, 787]], ""ece"": 0.1198791106514145, ""log_loss"": 1.172315873433306, ""macro_f1"": 0.22627379888991353, ""mcc"": 0.014118021953709889, ""precision"": [0.39790575916230364, 0.7, 0.29409566517189834], ""prediction_count"": 3078, ""recall"": [0.14945919370698132, 0.012302284710017574, 0.8526543878656555], ""scope"": ""development_holdout""}, {""accuracy"": 0.3557504873294347, ""brier"": 0.6932195816356393, ""class_distribution"": [317, 341, 368], ""class_f1"": [0.23655913978494625, 0.028735632183908046, 0.4923325262308313], ""confusion_matrix"": [[55, 0, 262], [32, 5, 304], [61, 2, 305]], ""ece"": 0.07208343848509846, ""log_loss"": 1.1456166614453163, ""macro_f1"": 0.2525424327332286, ""mcc"": 0.010671963097998062, ""precision"": [0.3716216216216216, 0.7142857142857143, 0.35017221584385766], ""prediction_count"": 1026, ""recall"": [0.17350157728706625, 0.01466275659824047, 0.8288043478260869], ""scope"": ""validation""}]",unknown,unknown,unknown,"{""train"": {""first"": ""20150701"", ""last"": ""20150710"", ""days"": 8}, ""validation"": {""first"": ""20150713"", ""last"": ""20150713"", ""days"": 1}, ""development_holdout"": {""first"": ""20150714"", ""last"": ""20150716"", ""days"": 3}}",WORKSPACE_ROOT/lob_seq2seq_predictor_qf_queue_20260813_092802/artifacts/runs/smoke_U0/data_manifest.json,"{""accumulation"": 4, ""cross_asset_layers"": 1, ""d_model"": 128, ""dropout"": 0.1, ""learning_rate"": 0.0001, ""max_epochs"": 200, ""microbatch"": 8, ""nhead"": 8, ""seed"": 42, ""temporal_layers"": 2, ""weight_decay"": 0.0001}",,
smoke_U1,qf_pilot,WORKSPACE_ROOT/lob_seq2seq_predictor_qf_queue_20260813_092802/artifacts/runs/smoke_U1,training_fit,completed,training_history+prediction+checkpoint+status,"[""U1""]",[42],WORKSPACE_ROOT/lob_seq2seq_predictor_qf_queue_20260813_092802/artifacts/runs/smoke_U1/resolved_config.json,19cf684567489ca20eecdb31124d7f957456ff30f49aa4db4ec545c36d2ca81a,2aa4e064bf917016b1653a5344f78a08dbbb34eb,unknown: runner records no dirty status,relocated artifacts; setup metadata says RTX4090 GPU0/1; original host identity unknown,unknown: manifests do not hash source/cache,no_investor,WORKSPACE_ROOT/lob_seq2seq_predictor_qf_queue_20260813_092802/artifacts/runs/smoke_U1/split_manifest.csv,validation multiclass NLL with min_delta=0.0001,WORKSPACE_ROOT/lob_seq2seq_predictor_qf_queue_20260813_092802/artifacts/runs/smoke_U1/training_history.csv,WORKSPACE_ROOT/lob_seq2seq_predictor_qf_queue_20260813_092802/artifacts/runs/smoke_U1/best_logloss_checkpoint.pt,WORKSPACE_ROOT/lob_seq2seq_predictor_qf_queue_20260813_092802/artifacts/runs/smoke_U1/test_predictions.csv.gz,WORKSPACE_ROOT/lob_seq2seq_predictor_qf_queue_20260813_092802/artifacts/runs/smoke_U1/metrics_summary.json,WORKSPACE_ROOT/lob_seq2seq_predictor_qf_queue_20260813_092802/artifacts/runs/smoke_U1/run.log,"unknown; queue trainer can resume, no retained attempt log",unknown,unknown,unknown,unknown,verified,saved_artifact,"[{""date_max"": ""20150716"", ""date_min"": ""20150714"", ""epochs"": [2], ""label_counts"": [1017, 1138, 923], ""nll"": 1.1722661149846372, ""rows"": 3078, ""split"": ""development_holdout""}, {""date_max"": ""20150713"", ""date_min"": ""20150713"", ""epochs"": [2], ""label_counts"": [317, 341, 368], ""nll"": 1.145583928506632, ""rows"": 1026, ""split"": ""validation""}]",[2],2,1.145583928506632,2,"[{""accuracy"": 0.30994152046783624, ""brier"": 0.7099139706548658, ""class_distribution"": [1017, 1138, 923], ""class_f1"": [0.21857142857142858, 0.024179620034542316, 0.43746525847693163], ""confusion_matrix"": [[153, 3, 861], [97, 14, 1027], [133, 3, 787]], ""ece"": 0.11938696077380319, ""log_loss"": 1.172266114984637, ""macro_f1"": 0.2267387690276342, ""mcc"": 0.01491035731656306, ""precision"": [0.39947780678851175, 0.7, 0.2942056074766355], ""prediction_count"": 3078, ""recall"": [0.1504424778761062, 0.012302284710017574, 0.8526543878656555], ""scope"": ""development_holdout""}, {""accuracy"": 0.3557504873294347, ""brier"": 0.6932021371039809, ""class_distribution"": [317, 341, 368], ""class_f1"": [0.23655913978494625, 0.028735632183908046, 0.4923325262308313], ""confusion_matrix"": [[55, 0, 262], [32, 5, 304], [61, 2, 305]], ""ece"": 0.07203775967554901, ""log_loss"": 1.145583928506632, ""macro_f1"": 0.2525424327332286, ""mcc"": 0.010671963097998062, ""precision"": [0.3716216216216216, 0.7142857142857143, 0.35017221584385766], ""prediction_count"": 1026, ""recall"": [0.17350157728706625, 0.01466275659824047, 0.8288043478260869], ""scope"": ""validation""}]",unknown,unknown,unknown,"{""train"": {""first"": ""20150701"", ""last"": ""20150710"", ""days"": 8}, ""validation"": {""first"": ""20150713"", ""last"": ""20150713"", ""days"": 1}, ""development_holdout"": {""first"": ""20150714"", ""last"": ""20150716"", ""days"": 3}}",WORKSPACE_ROOT/lob_seq2seq_predictor_qf_queue_20260813_092802/artifacts/runs/smoke_U1/data_manifest.json,"{""accumulation"": 4, ""cross_asset_layers"": 1, ""d_model"": 128, ""dropout"": 0.1, ""learning_rate"": 0.0001, ""max_epochs"": 200, ""microbatch"": 8, ""nhead"": 8, ""seed"": 42, ""temporal_layers"": 2, ""weight_decay"": 0.0001}",,
smoke_UA,qf_pilot,WORKSPACE_ROOT/lob_seq2seq_predictor_qf_queue_20260813_092802/artifacts/runs/smoke_UA,training_fit,completed,training_history+prediction+checkpoint+status,"[""UA""]",[42],WORKSPACE_ROOT/lob_seq2seq_predictor_qf_queue_20260813_092802/artifacts/runs/smoke_UA/resolved_config.json,19cf684567489ca20eecdb31124d7f957456ff30f49aa4db4ec545c36d2ca81a,2aa4e064bf917016b1653a5344f78a08dbbb34eb,unknown: runner records no dirty status,relocated artifacts; setup metadata says RTX4090 GPU0/1; original host identity unknown,unknown: manifests do not hash source/cache,no_investor,WORKSPACE_ROOT/lob_seq2seq_predictor_qf_queue_20260813_092802/artifacts/runs/smoke_UA/split_manifest.csv,validation multiclass NLL with min_delta=0.0001,WORKSPACE_ROOT/lob_seq2seq_predictor_qf_queue_20260813_092802/artifacts/runs/smoke_UA/training_history.csv,WORKSPACE_ROOT/lob_seq2seq_predictor_qf_queue_20260813_092802/artifacts/runs/smoke_UA/best_logloss_checkpoint.pt,WORKSPACE_ROOT/lob_seq2seq_predictor_qf_queue_20260813_092802/artifacts/runs/smoke_UA/test_predictions.csv.gz,WORKSPACE_ROOT/lob_seq2seq_predictor_qf_queue_20260813_092802/artifacts/runs/smoke_UA/metrics_summary.json,WORKSPACE_ROOT/lob_seq2seq_predictor_qf_queue_20260813_092802/artifacts/runs/smoke_UA/run.log,"unknown; queue trainer can resume, no retained attempt log",unknown,unknown,unknown,unknown,verified,saved_artifact,"[{""date_max"": ""20150716"", ""date_min"": ""20150714"", ""epochs"": [2], ""label_counts"": [1017, 1138, 923], ""nll"": 1.1082032792718801, ""rows"": 3078, ""split"": ""development_holdout""}, {""date_max"": ""20150713"", ""date_min"": ""20150713"", ""epochs"": [2], ""label_counts"": [317, 341, 368], ""nll"": 1.1172014460058788, ""rows"": 1026, ""split"": ""validation""}]",[2],2,1.1172014460058788,2,"[{""accuracy"": 0.3193632228719948, ""brier"": 0.6726043969940837, ""class_distribution"": [1017, 1138, 923], ""class_f1"": [0.4186978297161937, 0.286, 0.12058570198105081], ""confusion_matrix"": [[627, 318, 72], [756, 286, 96], [595, 258, 70]], ""ece"": 0.047005281719201264, ""log_loss"": 1.10820327927188, ""macro_f1"": 0.27509451056574813, ""mcc"": -0.03408445370421924, ""precision"": [0.31698685540950455, 0.33178654292343385, 0.29411764705882354], ""prediction_count"": 3078, ""recall"": [0.616519174041298, 0.2513181019332162, 0.07583965330444203], ""scope"": ""development_holdout""}, {""accuracy"": 0.29922027290448344, ""brier"": 0.6787370836685186, ""class_distribution"": [317, 341, 368], ""class_f1"": [0.3952991452991453, 0.27514792899408286, 0.1318181818181818], ""confusion_matrix"": [[185, 114, 18], [223, 93, 25], [211, 128, 29]], ""ece"": 0.0706084911800235, ""log_loss"": 1.1172014460058788, ""macro_f1"": 0.26742175203713664, ""mcc"": -0.035331320303944674, ""precision"": [0.2988691437802908, 0.27761194029850744, 0.4027777777777778], ""prediction_count"": 1026, ""recall"": [0.583596214511041, 0.2727272727272727, 0.07880434782608696], ""scope"": ""validation""}]",unknown,unknown,unknown,"{""train"": {""first"": ""20150701"", ""last"": ""20150710"", ""days"": 8}, ""validation"": {""first"": ""20150713"", ""last"": ""20150713"", ""days"": 1}, ""development_holdout"": {""first"": ""20150714"", ""last"": ""20150716"", ""days"": 3}}",WORKSPACE_ROOT/lob_seq2seq_predictor_qf_queue_20260813_092802/artifacts/runs/smoke_UA/data_manifest.json,"{""accumulation"": 4, ""cross_asset_layers"": 1, ""d_model"": 128, ""dropout"": 0.1, ""learning_rate"": 0.0001, ""max_epochs"": 200, ""microbatch"": 8, ""nhead"": 8, ""seed"": 42, ""temporal_layers"": 2, ""weight_decay"": 0.0001}",,
smoke_UC,qf_pilot,WORKSPACE_ROOT/lob_seq2seq_predictor_qf_queue_20260813_092802/artifacts/runs/smoke_UC,training_fit,completed,training_history+prediction+checkpoint+status,"[""UC""]",[42],WORKSPACE_ROOT/lob_seq2seq_predictor_qf_queue_20260813_092802/artifacts/runs/smoke_UC/resolved_config.json,19cf684567489ca20eecdb31124d7f957456ff30f49aa4db4ec545c36d2ca81a,2aa4e064bf917016b1653a5344f78a08dbbb34eb,unknown: runner records no dirty status,relocated artifacts; setup metadata says RTX4090 GPU0/1; original host identity unknown,unknown: manifests do not hash source/cache,no_investor,WORKSPACE_ROOT/lob_seq2seq_predictor_qf_queue_20260813_092802/artifacts/runs/smoke_UC/split_manifest.csv,validation multiclass NLL with min_delta=0.0001,WORKSPACE_ROOT/lob_seq2seq_predictor_qf_queue_20260813_092802/artifacts/runs/smoke_UC/training_history.csv,WORKSPACE_ROOT/lob_seq2seq_predictor_qf_queue_20260813_092802/artifacts/runs/smoke_UC/best_logloss_checkpoint.pt,WORKSPACE_ROOT/lob_seq2seq_predictor_qf_queue_20260813_092802/artifacts/runs/smoke_UC/test_predictions.csv.gz,WORKSPACE_ROOT/lob_seq2seq_predictor_qf_queue_20260813_092802/artifacts/runs/smoke_UC/metrics_summary.json,WORKSPACE_ROOT/lob_seq2seq_predictor_qf_queue_20260813_092802/artifacts/runs/smoke_UC/run.log,"unknown; queue trainer can resume, no retained attempt log",unknown,unknown,unknown,unknown,verified,saved_artifact,"[{""date_max"": ""20150716"", ""date_min"": ""20150714"", ""epochs"": [2], ""label_counts"": [1017, 1138, 923], ""nll"": 1.1186031918396693, ""rows"": 3078, ""split"": ""development_holdout""}, {""date_max"": ""20150713"", ""date_min"": ""20150713"", ""epochs"": [2], ""label_counts"": [317, 341, 368], ""nll"": 1.1230069210992946, ""rows"": 1026, ""split"": ""validation""}]",[2],2,1.1230069210992946,2,"[{""accuracy"": 0.310916179337232, ""brier"": 0.6798315590081934, ""class_distribution"": [1017, 1138, 923], ""class_f1"": [0.4396375328851213, 0.18363743378457917, 0.0945945945945946], ""confusion_matrix"": [[752, 223, 42], [960, 156, 22], [692, 182, 49]], ""ece"": 0.0719544151213313, ""log_loss"": 1.118603191839669, ""macro_f1"": 0.23928985375476505, ""mcc"": -0.052557805388384136, ""precision"": [0.31281198003327787, 0.27807486631016043, 0.4336283185840708], ""prediction_count"": 3078, ""recall"": [0.7394296951819076, 0.13708260105448156, 0.05308775731310943], ""scope"": ""development_holdout""}, {""accuracy"": 0.2884990253411306, ""brier"": 0.6830298838137788, ""class_distribution"": [317, 341, 368], ""class_f1"": [0.4147880973850316, 0.14960629921259844, 0.12873563218390804], ""confusion_matrix"": [[230, 61, 26], [290, 38, 13], [272, 68, 28]], ""ece"": 0.10205954561592268, ""log_loss"": 1.1230069210992946, ""macro_f1"": 0.23104334292717935, ""mcc"": -0.05521409212473252, ""precision"": [0.2904040404040404, 0.2275449101796407, 0.417910447761194], ""prediction_count"": 1026, ""recall"": [0.7255520504731862, 0.11143695014662756, 0.07608695652173914], ""scope"": ""validation""}]",unknown,unknown,unknown,"{""train"": {""first"": ""20150701"", ""last"": ""20150710"", ""days"": 8}, ""validation"": {""first"": ""20150713"", ""last"": ""20150713"", ""days"": 1}, ""development_holdout"": {""first"": ""20150714"", ""last"": ""20150716"", ""days"": 3}}",WORKSPACE_ROOT/lob_seq2seq_predictor_qf_queue_20260813_092802/artifacts/runs/smoke_UC/data_manifest.json,"{""accumulation"": 4, ""cross_asset_layers"": 1, ""d_model"": 128, ""dropout"": 0.1, ""learning_rate"": 0.0001, ""max_epochs"": 200, ""microbatch"": 8, ""nhead"": 8, ""seed"": 42, ""temporal_layers"": 2, ""weight_decay"": 0.0001}",,
smoke_UM,qf_pilot,WORKSPACE_ROOT/lob_seq2seq_predictor_qf_queue_20260813_092802/artifacts/runs/smoke_UM,training_fit,completed,training_history+prediction+checkpoint+status,"[""UM""]",[42],WORKSPACE_ROOT/lob_seq2seq_predictor_qf_queue_20260813_092802/artifacts/runs/smoke_UM/resolved_config.json,19cf684567489ca20eecdb31124d7f957456ff30f49aa4db4ec545c36d2ca81a,2aa4e064bf917016b1653a5344f78a08dbbb34eb,unknown: runner records no dirty status,relocated artifacts; setup metadata says RTX4090 GPU0/1; original host identity unknown,unknown: manifests do not hash source/cache,no_investor,WORKSPACE_ROOT/lob_seq2seq_predictor_qf_queue_20260813_092802/artifacts/runs/smoke_UM/split_manifest.csv,validation multiclass NLL with min_delta=0.0001,WORKSPACE_ROOT/lob_seq2seq_predictor_qf_queue_20260813_092802/artifacts/runs/smoke_UM/training_history.csv,WORKSPACE_ROOT/lob_seq2seq_predictor_qf_queue_20260813_092802/artifacts/runs/smoke_UM/best_logloss_checkpoint.pt,WORKSPACE_ROOT/lob_seq2seq_predictor_qf_queue_20260813_092802/artifacts/runs/smoke_UM/test_predictions.csv.gz,WORKSPACE_ROOT/lob_seq2seq_predictor_qf_queue_20260813_092802/artifacts/runs/smoke_UM/metrics_summary.json,WORKSPACE_ROOT/lob_seq2seq_predictor_qf_queue_20260813_092802/artifacts/runs/smoke_UM/run.log,"unknown; queue trainer can resume, no retained attempt log",unknown,unknown,unknown,unknown,verified,saved_artifact,"[{""date_max"": ""20150716"", ""date_min"": ""20150714"", ""epochs"": [1], ""label_counts"": [1017, 1138, 923], ""nll"": 25.235241407910156, ""rows"": 3078, ""split"": ""development_holdout""}, {""date_max"": ""20150713"", ""date_min"": ""20150713"", ""epochs"": [1], ""label_counts"": [317, 341, 368], ""nll"": 23.115715331422106, ""rows"": 1026, ""split"": ""validation""}]",[1],2,23.115715331422106,1,"[{""accuracy"": 0.2998700454840806, ""brier"": 1.4002599090318388, ""class_distribution"": [1017, 1138, 923], ""class_f1"": [0.0, 0.0, 0.46138465383654087], ""confusion_matrix"": [[0, 0, 1017], [0, 0, 1138], [0, 0, 923]], ""ece"": 0.0, ""log_loss"": 25.235241407910156, ""macro_f1"": 0.1537948846121803, ""mcc"": 0.0, ""precision"": [0.0, 0.0, 0.2998700454840806], ""prediction_count"": 3078, ""recall"": [0.0, 0.0, 1.0], ""scope"": ""development_holdout""}, {""accuracy"": 0.3586744639376218, ""brier"": 1.2826510721247564, ""class_distribution"": [317, 341, 368], ""class_f1"": [0.0, 0.0, 0.5279770444763271], ""confusion_matrix"": [[0, 0, 317], [0, 0, 341], [0, 0, 368]], ""ece"": 0.0, ""log_loss"": 23.115715331422106, ""macro_f1"": 0.1759923481587757, ""mcc"": 0.0, ""precision"": [0.0, 0.0, 0.3586744639376218], ""prediction_count"": 1026, ""recall"": [0.0, 0.0, 1.0], ""scope"": ""validation""}]",unknown,unknown,unknown,"{""train"": {""first"": ""20150701"", ""last"": ""20150710"", ""days"": 8}, ""validation"": {""first"": ""20150713"", ""last"": ""20150713"", ""days"": 1}, ""development_holdout"": {""first"": ""20150714"", ""last"": ""20150716"", ""days"": 3}}",WORKSPACE_ROOT/lob_seq2seq_predictor_qf_queue_20260813_092802/artifacts/runs/smoke_UM/data_manifest.json,"{""accumulation"": 4, ""cross_asset_layers"": 1, ""d_model"": 128, ""dropout"": 0.1, ""learning_rate"": 0.0001, ""max_epochs"": 200, ""microbatch"": 8, ""nhead"": 8, ""seed"": 42, ""temporal_layers"": 2, ""weight_decay"": 0.0001}",,
smoke_UX,qf_pilot,WORKSPACE_ROOT/lob_seq2seq_predictor_qf_queue_20260813_092802/artifacts/runs/smoke_UX,training_fit,completed,training_history+prediction+checkpoint+status,"[""UX""]",[42],WORKSPACE_ROOT/lob_seq2seq_predictor_qf_queue_20260813_092802/artifacts/runs/smoke_UX/resolved_config.json,19cf684567489ca20eecdb31124d7f957456ff30f49aa4db4ec545c36d2ca81a,2aa4e064bf917016b1653a5344f78a08dbbb34eb,unknown: runner records no dirty status,relocated artifacts; setup metadata says RTX4090 GPU0/1; original host identity unknown,unknown: manifests do not hash source/cache,no_investor,WORKSPACE_ROOT/lob_seq2seq_predictor_qf_queue_20260813_092802/artifacts/runs/smoke_UX/split_manifest.csv,validation multiclass NLL with min_delta=0.0001,WORKSPACE_ROOT/lob_seq2seq_predictor_qf_queue_20260813_092802/artifacts/runs/smoke_UX/training_history.csv,WORKSPACE_ROOT/lob_seq2seq_predictor_qf_queue_20260813_092802/artifacts/runs/smoke_UX/best_logloss_checkpoint.pt,WORKSPACE_ROOT/lob_seq2seq_predictor_qf_queue_20260813_092802/artifacts/runs/smoke_UX/test_predictions.csv.gz,WORKSPACE_ROOT/lob_seq2seq_predictor_qf_queue_20260813_092802/artifacts/runs/smoke_UX/metrics_summary.json,WORKSPACE_ROOT/lob_seq2seq_predictor_qf_queue_20260813_092802/artifacts/runs/smoke_UX/run.log,"unknown; queue trainer can resume, no retained attempt log",unknown,unknown,unknown,unknown,verified,saved_artifact,"[{""date_max"": ""20150716"", ""date_min"": ""20150714"", ""epochs"": [2], ""label_counts"": [1017, 1138, 923], ""nll"": 1.3453939486482216, ""rows"": 3078, ""split"": ""development_holdout""}, {""date_max"": ""20150713"", ""date_min"": ""20150713"", ""epochs"": [2], ""label_counts"": [317, 341, 368], ""nll"": 1.2866534558264842, ""rows"": 1026, ""split"": ""validation""}]",[2],2,1.286653455826484,2,"[{""accuracy"": 0.3083170890188434, ""brier"": 0.7819153280062082, ""class_distribution"": [1017, 1138, 923], ""class_f1"": [0.24833110814419226, 0.01737619461337967, 0.4294268605645851], ""confusion_matrix"": [[186, 2, 829], [126, 10, 1002], [169, 1, 753]], ""ece"": 0.2031051074244569, ""log_loss"": 1.3453939486482216, ""macro_f1"": 0.23171138777405234, ""mcc"": 0.007968915105882041, ""precision"": [0.3866943866943867, 0.7692307692307693, 0.29140866873065013], ""prediction_count"": 3078, ""recall"": [0.18289085545722714, 0.008787346221441126, 0.8158179848320694], ""scope"": ""development_holdout""}, {""accuracy"": 0.34502923976608185, ""brier"": 0.7507716491367247, ""class_distribution"": [317, 341, 368], ""class_f1"": [0.2535211267605634, 0.017391304347826087, 0.47603305785123967], ""confusion_matrix"": [[63, 0, 254], [38, 3, 300], [79, 1, 288]], ""ece"": 0.1642860358748297, ""log_loss"": 1.286653455826484, ""macro_f1"": 0.24898182965320972, ""mcc"": -0.010870170431323364, ""precision"": [0.35, 0.75, 0.342042755344418], ""prediction_count"": 1026, ""recall"": [0.19873817034700317, 0.008797653958944282, 0.782608695652174], ""scope"": ""validation""}]",unknown,unknown,unknown,"{""train"": {""first"": ""20150701"", ""last"": ""20150710"", ""days"": 8}, ""validation"": {""first"": ""20150713"", ""last"": ""20150713"", ""days"": 1}, ""development_holdout"": {""first"": ""20150714"", ""last"": ""20150716"", ""days"": 3}}",WORKSPACE_ROOT/lob_seq2seq_predictor_qf_queue_20260813_092802/artifacts/runs/smoke_UX/data_manifest.json,"{""accumulation"": 4, ""cross_asset_layers"": 1, ""d_model"": 128, ""dropout"": 0.1, ""learning_rate"": 0.0001, ""max_epochs"": 200, ""microbatch"": 8, ""nhead"": 8, ""seed"": 42, ""temporal_layers"": 2, ""weight_decay"": 0.0001}",,
A_import,qf_discrimination,WORKSPACE_ROOT/lob_seq2seq_predictor_qf_discrimination_20260813_115217/artifacts/qf_discrimination/20260813_115217/runs/A_import,aggregate_or_analysis,completed,partial_artifacts,unknown,42,unknown,unknown,unknown,unknown: runner records no dirty status,relocated artifacts; setup metadata says RTX4090 GPU0/1; original host identity unknown,unknown: manifests do not hash source/cache,unknown,absent,not_applicable,absent,absent,absent,absent,absent,not_applicable,1786622271.78225,1786622273.83086,0,unknown,verified,saved_artifact,unknown,unknown,unknown,unknown,unknown,unknown,unknown,unknown,unknown,unknown; saved prediction summary supplies evaluated dates where available,absent,unknown,,
A_reconstruct,qf_discrimination,WORKSPACE_ROOT/lob_seq2seq_predictor_qf_discrimination_20260813_115217/artifacts/qf_discrimination/20260813_115217/runs/A_reconstruct,aggregate_or_analysis,completed,partial_artifacts,unknown,42,unknown,unknown,unknown,unknown: runner records no dirty status,relocated artifacts; setup metadata says RTX4090 GPU0/1; original host identity unknown,unknown: manifests do not hash source/cache,unknown,absent,not_applicable,absent,absent,absent,absent,absent,not_applicable,1786622278.84004,1786622350.76737,0,corrected_artifact_writer,verified,saved_artifact,unknown,unknown,unknown,unknown,unknown,unknown,unknown,unknown,unknown,unknown; saved prediction summary supplies evaluated dates where available,absent,unknown,,
B_existing_analysis,qf_discrimination,WORKSPACE_ROOT/lob_seq2seq_predictor_qf_discrimination_20260813_115217/artifacts/qf_discrimination/20260813_115217/runs/B_existing_analysis,aggregate_or_analysis,completed,partial_artifacts,unknown,42,unknown,unknown,unknown,unknown: runner records no dirty status,relocated artifacts; setup metadata says RTX4090 GPU0/1; original host identity unknown,unknown: manifests do not hash source/cache,unknown,absent,not_applicable,absent,absent,absent,absent,absent,not_applicable,1786622351.25352,1786622379.86009,0,corrected_import_key,verified,saved_artifact,unknown,unknown,unknown,unknown,unknown,unknown,unknown,unknown,unknown,unknown; saved prediction summary supplies evaluated dates where available,absent,unknown,,
C_um_v1_diagnosis,qf_discrimination,WORKSPACE_ROOT/lob_seq2seq_predictor_qf_discrimination_20260813_115217/artifacts/qf_discrimination/20260813_115217/runs/C_um_v1_diagnosis,aggregate_or_analysis,completed,partial_artifacts,unknown,42,unknown,unknown,unknown,unknown: runner records no dirty status,relocated artifacts; setup metadata says RTX4090 GPU0/1; original host identity unknown,unknown: manifests do not hash source/cache,unknown,absent,not_applicable,absent,absent,absent,absent,absent,not_applicable,1786622290.50438,1786622350.7679,0,corrected_artifact_writer,verified,saved_artifact,unknown,unknown,unknown,unknown,unknown,unknown,unknown,unknown,unknown,unknown; saved prediction summary supplies evaluated dates where available,absent,unknown,,
D_UM_V2_DEPTH_42,qf_discrimination,WORKSPACE_ROOT/lob_seq2seq_predictor_qf_discrimination_20260813_115217/artifacts/qf_discrimination/20260813_115217/runs/D_UM_V2_DEPTH_42,training_fit,completed,training_history+prediction+checkpoint+status,"[""UM_V2_DEPTH""]",[42],WORKSPACE_ROOT/lob_seq2seq_predictor_qf_discrimination_20260813_115217/artifacts/qf_discrimination/20260813_115217/runs/D_UM_V2_DEPTH_42/resolved_config.json,19cf684567489ca20eecdb31124d7f957456ff30f49aa4db4ec545c36d2ca81a,unknown,unknown: runner records no dirty status,relocated artifacts; setup metadata says RTX4090 GPU0/1; original host identity unknown,unknown: manifests do not hash source/cache,no_investor,absent,validation multiclass NLL with min_delta=0.0001,WORKSPACE_ROOT/lob_seq2seq_predictor_qf_discrimination_20260813_115217/artifacts/qf_discrimination/20260813_115217/runs/D_UM_V2_DEPTH_42/training_history.csv,WORKSPACE_ROOT/lob_seq2seq_predictor_qf_discrimination_20260813_115217/artifacts/qf_discrimination/20260813_115217/runs/D_UM_V2_DEPTH_42/best_logloss_checkpoint.pt,WORKSPACE_ROOT/lob_seq2seq_predictor_qf_discrimination_20260813_115217/artifacts/qf_discrimination/20260813_115217/runs/D_UM_V2_DEPTH_42/test_predictions.csv.gz,absent,absent,stage2 trainer starts fresh; artifact is relocated; launch lineage incomplete,1786622430.66832,1786622520.74947,0,unknown,verified,saved_artifact,"[{""date_max"": ""20170630"", ""date_min"": ""20170206"", ""epochs"": [128], ""label_counts"": [25800, 50465, 25309], ""nll"": 0.9230345074872538, ""rows"": 101574, ""split"": ""development_holdout""}, {""date_max"": ""20170203"", ""date_min"": ""20161124"", ""epochs"": [128], ""label_counts"": [12432, 25906, 11936], ""nll"": 0.9049761555943313, ""rows"": 50274, ""split"": ""validation""}]",[128],158,0.9049761555586804,128,unknown,unknown,unknown,unknown,unknown; saved prediction summary supplies evaluated dates where available,absent,"{""accumulation"": 4, ""cross_asset_layers"": 1, ""d_model"": 128, ""dropout"": 0.1, ""learning_rate"": 0.0001, ""max_epochs"": 200, ""microbatch"": 8, ""nhead"": 8, ""seed"": 42, ""temporal_layers"": 2, ""weight_decay"": 0.0001}",,
D_UM_V2_LITE_42,qf_discrimination,WORKSPACE_ROOT/lob_seq2seq_predictor_qf_discrimination_20260813_115217/artifacts/qf_discrimination/20260813_115217/runs/D_UM_V2_LITE_42,training_fit,completed,training_history+prediction+checkpoint+status,"[""UM_V2_LITE""]",[42],WORKSPACE_ROOT/lob_seq2seq_predictor_qf_discrimination_20260813_115217/artifacts/qf_discrimination/20260813_115217/runs/D_UM_V2_LITE_42/resolved_config.json,19cf684567489ca20eecdb31124d7f957456ff30f49aa4db4ec545c36d2ca81a,unknown,unknown: runner records no dirty status,relocated artifacts; setup metadata says RTX4090 GPU0/1; original host identity unknown,unknown: manifests do not hash source/cache,no_investor,absent,validation multiclass NLL with min_delta=0.0001,WORKSPACE_ROOT/lob_seq2seq_predictor_qf_discrimination_20260813_115217/artifacts/qf_discrimination/20260813_115217/runs/D_UM_V2_LITE_42/training_history.csv,WORKSPACE_ROOT/lob_seq2seq_predictor_qf_discrimination_20260813_115217/artifacts/qf_discrimination/20260813_115217/runs/D_UM_V2_LITE_42/best_logloss_checkpoint.pt,WORKSPACE_ROOT/lob_seq2seq_predictor_qf_discrimination_20260813_115217/artifacts/qf_discrimination/20260813_115217/runs/D_UM_V2_LITE_42/test_predictions.csv.gz,absent,absent,stage2 trainer starts fresh; artifact is relocated; launch lineage incomplete,1786622430.63284,1786622520.71367,0,unknown,verified,saved_artifact,"[{""date_max"": ""20170630"", ""date_min"": ""20170206"", ""epochs"": [131], ""label_counts"": [25800, 50465, 25309], ""nll"": 0.9242850097609537, ""rows"": 101574, ""split"": ""development_holdout""}, {""date_max"": ""20170203"", ""date_min"": ""20161124"", ""epochs"": [131], ""label_counts"": [12432, 25906, 11936], ""nll"": 0.907778818784631, ""rows"": 50274, ""split"": ""validation""}]",[131],161,0.9077788188380356,131,unknown,unknown,unknown,unknown,unknown; saved prediction summary supplies evaluated dates where available,absent,"{""accumulation"": 4, ""cross_asset_layers"": 1, ""d_model"": 128, ""dropout"": 0.1, ""learning_rate"": 0.0001, ""max_epochs"": 200, ""microbatch"": 8, ""nhead"": 8, ""seed"": 42, ""temporal_layers"": 2, ""weight_decay"": 0.0001}",,
D_factor_tests,qf_discrimination,WORKSPACE_ROOT/lob_seq2seq_predictor_qf_discrimination_20260813_115217/artifacts/qf_discrimination/20260813_115217/runs/D_factor_tests,aggregate_or_analysis,completed,partial_artifacts,unknown,42,unknown,unknown,unknown,unknown: runner records no dirty status,relocated artifacts; setup metadata says RTX4090 GPU0/1; original host identity unknown,unknown: manifests do not hash source/cache,unknown,absent,not_applicable,absent,absent,absent,absent,absent,not_applicable,1786622298.02723,1786622318.87443,0,unknown,verified,saved_artifact,unknown,unknown,unknown,unknown,unknown,unknown,unknown,unknown,unknown,unknown; saved prediction summary supplies evaluated dates where available,absent,unknown,,
D_select,qf_discrimination,WORKSPACE_ROOT/lob_seq2seq_predictor_qf_discrimination_20260813_115217/artifacts/qf_discrimination/20260813_115217/runs/D_select,aggregate_or_analysis,completed,partial_artifacts,unknown,42,unknown,unknown,unknown,unknown: runner records no dirty status,relocated artifacts; setup metadata says RTX4090 GPU0/1; original host identity unknown,unknown: manifests do not hash source/cache,unknown,absent,not_applicable,absent,absent,absent,absent,absent,not_applicable,1786622520.90493,1786622523.77002,0,unknown,verified,saved_artifact,unknown,unknown,unknown,unknown,unknown,unknown,unknown,unknown,unknown,unknown; saved prediction summary supplies evaluated dates where available,absent,unknown,,
D_selected_123,qf_discrimination,WORKSPACE_ROOT/lob_seq2seq_predictor_qf_discrimination_20260813_115217/artifacts/qf_discrimination/20260813_115217/runs/D_selected_123,training_fit,completed,training_history+prediction+checkpoint+status,"[""UM_V2_DEPTH""]",[123],WORKSPACE_ROOT/lob_seq2seq_predictor_qf_discrimination_20260813_115217/artifacts/qf_discrimination/20260813_115217/runs/D_selected_123/resolved_config.json,a3a01f68aed131ec2ca2b5682c0c9bd5bba98aefc7456c02550cb17a3824dba1,unknown,unknown: runner records no dirty status,relocated artifacts; setup metadata says RTX4090 GPU0/1; original host identity unknown,unknown: manifests do not hash source/cache,no_investor,absent,validation multiclass NLL with min_delta=0.0001,WORKSPACE_ROOT/lob_seq2seq_predictor_qf_discrimination_20260813_115217/artifacts/qf_discrimination/20260813_115217/runs/D_selected_123/training_history.csv,WORKSPACE_ROOT/lob_seq2seq_predictor_qf_discrimination_20260813_115217/artifacts/qf_discrimination/20260813_115217/runs/D_selected_123/best_logloss_checkpoint.pt,WORKSPACE_ROOT/lob_seq2seq_predictor_qf_discrimination_20260813_115217/artifacts/qf_discrimination/20260813_115217/runs/D_selected_123/test_predictions.csv.gz,absent,absent,stage2 trainer starts fresh; artifact is relocated; launch lineage incomplete,1786622641.23139,1786622746.32604,0,unknown,verified,saved_artifact,"[{""date_max"": ""20170630"", ""date_min"": ""20170206"", ""epochs"": [127], ""label_counts"": [25800, 50465, 25309], ""nll"": 0.9232359327094236, ""rows"": 101574, ""split"": ""development_holdout""}, {""date_max"": ""20170203"", ""date_min"": ""20161124"", ""epochs"": [127], ""label_counts"": [12432, 25906, 11936], ""nll"": 0.9059079165402135, ""rows"": 50274, ""split"": ""validation""}]",[127],157,0.9059079165401802,127,unknown,unknown,unknown,unknown,unknown; saved prediction summary supplies evaluated dates where available,absent,"{""accumulation"": 4, ""cross_asset_layers"": 1, ""d_model"": 128, ""dropout"": 0.1, ""learning_rate"": 0.0001, ""max_epochs"": 200, ""microbatch"": 8, ""nhead"": 8, ""seed"": 123, ""temporal_layers"": 2, ""weight_decay"": 0.0001}",,
D_selected_7,qf_discrimination,WORKSPACE_ROOT/lob_seq2seq_predictor_qf_discrimination_20260813_115217/artifacts/qf_discrimination/20260813_115217/runs/D_selected_7,training_fit,completed,training_history+prediction+checkpoint+status,"[""UM_V2_DEPTH""]",[7],WORKSPACE_ROOT/lob_seq2seq_predictor_qf_discrimination_20260813_115217/artifacts/qf_discrimination/20260813_115217/runs/D_selected_7/resolved_config.json,458f35ac3f355903ecf186d6d8ed93fb54bca8be475dabeaa1fe839c10956333,unknown,unknown: runner records no dirty status,relocated artifacts; setup metadata says RTX4090 GPU0/1; original host identity unknown,unknown: manifests do not hash source/cache,no_investor,absent,validation multiclass NLL with min_delta=0.0001,WORKSPACE_ROOT/lob_seq2seq_predictor_qf_discrimination_20260813_115217/artifacts/qf_discrimination/20260813_115217/runs/D_selected_7/training_history.csv,WORKSPACE_ROOT/lob_seq2seq_predictor_qf_discrimination_20260813_115217/artifacts/qf_discrimination/20260813_115217/runs/D_selected_7/best_logloss_checkpoint.pt,WORKSPACE_ROOT/lob_seq2seq_predictor_qf_discrimination_20260813_115217/artifacts/qf_discrimination/20260813_115217/runs/D_selected_7/test_predictions.csv.gz,absent,absent,stage2 trainer starts fresh; artifact is relocated; launch lineage incomplete,1786622566.02819,1786622641.10158,0,unknown,verified,saved_artifact,"[{""date_max"": ""20170630"", ""date_min"": ""20170206"", ""epochs"": [122], ""label_counts"": [25800, 50465, 25309], ""nll"": 0.9244500792889938, ""rows"": 101574, ""split"": ""development_holdout""}, {""date_max"": ""20170203"", ""date_min"": ""20161124"", ""epochs"": [122], ""label_counts"": [12432, 25906, 11936], ""nll"": 0.9069725378807614, ""rows"": 50274, ""split"": ""validation""}]",[122],152,0.9069725378126616,122,unknown,unknown,unknown,unknown,unknown; saved prediction summary supplies evaluated dates where available,absent,"{""accumulation"": 4, ""cross_asset_layers"": 1, ""d_model"": 128, ""dropout"": 0.1, ""learning_rate"": 0.0001, ""max_epochs"": 200, ""microbatch"": 8, ""nhead"": 8, ""seed"": 7, ""temporal_layers"": 2, ""weight_decay"": 0.0001}",,
D_smoke_DEPTH,qf_discrimination,WORKSPACE_ROOT/lob_seq2seq_predictor_qf_discrimination_20260813_115217/artifacts/qf_discrimination/20260813_115217/runs/D_smoke_DEPTH,training_fit,completed,training_history+prediction+checkpoint+status,"[""UM_V2_DEPTH""]",[42],WORKSPACE_ROOT/lob_seq2seq_predictor_qf_discrimination_20260813_115217/artifacts/qf_discrimination/20260813_115217/runs/D_smoke_DEPTH/resolved_config.json,19cf684567489ca20eecdb31124d7f957456ff30f49aa4db4ec545c36d2ca81a,unknown,unknown: runner records no dirty status,relocated artifacts; setup metadata says RTX4090 GPU0/1; original host identity unknown,unknown: manifests do not hash source/cache,no_investor,absent,validation multiclass NLL with min_delta=0.0001,WORKSPACE_ROOT/lob_seq2seq_predictor_qf_discrimination_20260813_115217/artifacts/qf_discrimination/20260813_115217/runs/D_smoke_DEPTH/training_history.csv,WORKSPACE_ROOT/lob_seq2seq_predictor_qf_discrimination_20260813_115217/artifacts/qf_discrimination/20260813_115217/runs/D_smoke_DEPTH/best_logloss_checkpoint.pt,WORKSPACE_ROOT/lob_seq2seq_predictor_qf_discrimination_20260813_115217/artifacts/qf_discrimination/20260813_115217/runs/D_smoke_DEPTH/test_predictions.csv.gz,absent,absent,stage2 trainer starts fresh; artifact is relocated; launch lineage incomplete,1786622323.88254,1786622346.24558,0,unknown,verified,saved_artifact,"[{""date_max"": ""20150716"", ""date_min"": ""20150714"", ""epochs"": [2], ""label_counts"": [1017, 1138, 923], ""nll"": 1.1717130668418023, ""rows"": 3078, ""split"": ""development_holdout""}, {""date_max"": ""20150713"", ""date_min"": ""20150713"", ""epochs"": [2], ""label_counts"": [317, 341, 368], ""nll"": 1.1415438877497697, ""rows"": 1026, ""split"": ""validation""}]",[2],2,1.141543887094531,2,unknown,unknown,unknown,unknown,unknown; saved prediction summary supplies evaluated dates where available,absent,"{""accumulation"": 4, ""cross_asset_layers"": 1, ""d_model"": 128, ""dropout"": 0.1, ""learning_rate"": 0.0001, ""max_epochs"": 200, ""microbatch"": 8, ""nhead"": 8, ""seed"": 42, ""temporal_layers"": 2, ""weight_decay"": 0.0001}",,
D_smoke_LITE,qf_discrimination,WORKSPACE_ROOT/lob_seq2seq_predictor_qf_discrimination_20260813_115217/artifacts/qf_discrimination/20260813_115217/runs/D_smoke_LITE,training_fit,completed,training_history+prediction+checkpoint+status,"[""UM_V2_LITE""]",[42],WORKSPACE_ROOT/lob_seq2seq_predictor_qf_discrimination_20260813_115217/artifacts/qf_discrimination/20260813_115217/runs/D_smoke_LITE/resolved_config.json,19cf684567489ca20eecdb31124d7f957456ff30f49aa4db4ec545c36d2ca81a,unknown,unknown: runner records no dirty status,relocated artifacts; setup metadata says RTX4090 GPU0/1; original host identity unknown,unknown: manifests do not hash source/cache,no_investor,absent,validation multiclass NLL with min_delta=0.0001,WORKSPACE_ROOT/lob_seq2seq_predictor_qf_discrimination_20260813_115217/artifacts/qf_discrimination/20260813_115217/runs/D_smoke_LITE/training_history.csv,WORKSPACE_ROOT/lob_seq2seq_predictor_qf_discrimination_20260813_115217/artifacts/qf_discrimination/20260813_115217/runs/D_smoke_LITE/best_logloss_checkpoint.pt,WORKSPACE_ROOT/lob_seq2seq_predictor_qf_discrimination_20260813_115217/artifacts/qf_discrimination/20260813_115217/runs/D_smoke_LITE/test_predictions.csv.gz,absent,absent,stage2 trainer starts fresh; artifact is relocated; launch lineage incomplete,1786622357.93384,1786622379.98195,0,unknown,verified,saved_artifact,"[{""date_max"": ""20150716"", ""date_min"": ""20150714"", ""epochs"": [2], ""label_counts"": [1017, 1138, 923], ""nll"": 1.1826391843594783, ""rows"": 3078, ""split"": ""development_holdout""}, {""date_max"": ""20150713"", ""date_min"": ""20150713"", ""epochs"": [2], ""label_counts"": [317, 341, 368], ""nll"": 1.1566240554757632, ""rows"": 1026, ""split"": ""validation""}]",[2],2,1.156624055110608,2,unknown,unknown,unknown,unknown,unknown; saved prediction summary supplies evaluated dates where available,absent,"{""accumulation"": 4, ""cross_asset_layers"": 1, ""d_model"": 128, ""dropout"": 0.1, ""learning_rate"": 0.0001, ""max_epochs"": 200, ""microbatch"": 8, ""nhead"": 8, ""seed"": 42, ""temporal_layers"": 2, ""weight_decay"": 0.0001}",,
E_placebo_42,qf_discrimination,WORKSPACE_ROOT/lob_seq2seq_predictor_qf_discrimination_20260813_115217/artifacts/qf_discrimination/20260813_115217/runs/E_placebo_42,aggregate_or_analysis,completed,partial_artifacts,UA,42,unknown,unknown,unknown,unknown: runner records no dirty status,relocated artifacts; setup metadata says RTX4090 GPU0/1; original host identity unknown,unknown: manifests do not hash source/cache,unknown,absent,not_applicable,absent,absent,absent,absent,absent,not_applicable,1786622520.84581,1786622565.88966,0,unknown,verified,saved_artifact,unknown,unknown,unknown,unknown,unknown,unknown,unknown,unknown,unknown,unknown; saved prediction summary supplies evaluated dates where available,absent,unknown,,
E_placebo_7,qf_discrimination,WORKSPACE_ROOT/lob_seq2seq_predictor_qf_discrimination_20260813_115217/artifacts/qf_discrimination/20260813_115217/runs/E_placebo_7,aggregate_or_analysis,completed,partial_artifacts,UA,7,unknown,unknown,unknown,unknown: runner records no dirty status,relocated artifacts; setup metadata says RTX4090 GPU0/1; original host identity unknown,unknown: manifests do not hash source/cache,unknown,absent,not_applicable,absent,absent,absent,absent,absent,not_applicable,1786622520.92768,1786622565.97466,0,unknown,verified,saved_artifact,unknown,unknown,unknown,unknown,unknown,unknown,unknown,unknown,unknown,unknown; saved prediction summary supplies evaluated dates where available,absent,unknown,,
E_placebo_gate,qf_discrimination,WORKSPACE_ROOT/lob_seq2seq_predictor_qf_discrimination_20260813_115217/artifacts/qf_discrimination/20260813_115217/runs/E_placebo_gate,aggregate_or_analysis,completed,partial_artifacts,unknown,42,unknown,unknown,unknown,unknown: runner records no dirty status,relocated artifacts; setup metadata says RTX4090 GPU0/1; original host identity unknown,unknown: manifests do not hash source/cache,unknown,absent,not_applicable,absent,absent,absent,absent,absent,not_applicable,1786622568.82354,1786622574.86244,0,unknown,verified,saved_artifact,unknown,unknown,unknown,unknown,unknown,unknown,unknown,unknown,unknown,unknown; saved prediction summary supplies evaluated dates where available,absent,unknown,,
E_placebo_tests,qf_discrimination,WORKSPACE_ROOT/lob_seq2seq_predictor_qf_discrimination_20260813_115217/artifacts/qf_discrimination/20260813_115217/runs/E_placebo_tests,aggregate_or_analysis,completed,partial_artifacts,unknown,42,unknown,unknown,unknown,unknown: runner records no dirty status,relocated artifacts; setup metadata says RTX4090 GPU0/1; original host identity unknown,unknown: manifests do not hash source/cache,unknown,absent,not_applicable,absent,absent,absent,absent,absent,not_applicable,1786622384.98932,1786622405.78705,0,unknown,verified,saved_artifact,unknown,unknown,unknown,unknown,unknown,unknown,unknown,unknown,unknown,unknown; saved prediction summary supplies evaluated dates where available,absent,unknown,,
F_PAIR_1_HALF_LR_UA_42,qf_discrimination,WORKSPACE_ROOT/lob_seq2seq_predictor_qf_discrimination_20260813_115217/artifacts/qf_discrimination/20260813_115217/runs/F_PAIR_1_HALF_LR_UA_42,training_fit,completed,training_history+prediction+checkpoint+status,"[""UA""]",[42],WORKSPACE_ROOT/lob_seq2seq_predictor_qf_discrimination_20260813_115217/artifacts/qf_discrimination/20260813_115217/runs/F_PAIR_1_HALF_LR_UA_42/resolved_config.json,d7c000b00289048d72fe69ccea5a4193bb0b19d39f5e898c5cd3348de0c915aa,unknown,unknown: runner records no dirty status,relocated artifacts; setup metadata says RTX4090 GPU0/1; original host identity unknown,unknown: manifests do not hash source/cache,no_investor,absent,validation multiclass NLL with min_delta=0.0001,WORKSPACE_ROOT/lob_seq2seq_predictor_qf_discrimination_20260813_115217/artifacts/qf_discrimination/20260813_115217/runs/F_PAIR_1_HALF_LR_UA_42/training_history.csv,WORKSPACE_ROOT/lob_seq2seq_predictor_qf_discrimination_20260813_115217/artifacts/qf_discrimination/20260813_115217/runs/F_PAIR_1_HALF_LR_UA_42/best_logloss_checkpoint.pt,WORKSPACE_ROOT/lob_seq2seq_predictor_qf_discrimination_20260813_115217/artifacts/qf_discrimination/20260813_115217/runs/F_PAIR_1_HALF_LR_UA_42/test_predictions.csv.gz,absent,absent,stage2 trainer starts fresh; artifact is relocated; launch lineage incomplete,1786622596.27817,1786622701.37403,0,unknown,verified,saved_artifact,"[{""date_max"": ""20170630"", ""date_min"": ""20170206"", ""epochs"": [132], ""label_counts"": [25800, 50465, 25309], ""nll"": 0.9331487522804722, ""rows"": 101574, ""split"": ""development_holdout""}, {""date_max"": ""20170203"", ""date_min"": ""20161124"", ""epochs"": [132], ""label_counts"": [12432, 25906, 11936], ""nll"": 0.9136245142547258, ""rows"": 50274, ""split"": ""validation""}]",[132],162,0.9136245142920872,132,unknown,unknown,unknown,unknown,unknown; saved prediction summary supplies evaluated dates where available,absent,"{""accumulation"": 4, ""cross_asset_layers"": 1, ""d_model"": 128, ""dropout"": 0.1, ""learning_rate"": 5e-05, ""max_epochs"": 200, ""microbatch"": 8, ""nhead"": 8, ""seed"": 42, ""temporal_layers"": 2, ""weight_decay"": 0.0001}",,
F_PAIR_1_HALF_LR_UC_42,qf_discrimination,WORKSPACE_ROOT/lob_seq2seq_predictor_qf_discrimination_20260813_115217/artifacts/qf_discrimination/20260813_115217/runs/F_PAIR_1_HALF_LR_UC_42,training_fit,completed,training_history+prediction+checkpoint+status,"[""UC""]",[42],WORKSPACE_ROOT/lob_seq2seq_predictor_qf_discrimination_20260813_115217/artifacts/qf_discrimination/20260813_115217/runs/F_PAIR_1_HALF_LR_UC_42/resolved_config.json,d7c000b00289048d72fe69ccea5a4193bb0b19d39f5e898c5cd3348de0c915aa,unknown,unknown: runner records no dirty status,relocated artifacts; setup metadata says RTX4090 GPU0/1; original host identity unknown,unknown: manifests do not hash source/cache,no_investor,absent,validation multiclass NLL with min_delta=0.0001,WORKSPACE_ROOT/lob_seq2seq_predictor_qf_discrimination_20260813_115217/artifacts/qf_discrimination/20260813_115217/runs/F_PAIR_1_HALF_LR_UC_42/training_history.csv,WORKSPACE_ROOT/lob_seq2seq_predictor_qf_discrimination_20260813_115217/artifacts/qf_discrimination/20260813_115217/runs/F_PAIR_1_HALF_LR_UC_42/best_logloss_checkpoint.pt,WORKSPACE_ROOT/lob_seq2seq_predictor_qf_discrimination_20260813_115217/artifacts/qf_discrimination/20260813_115217/runs/F_PAIR_1_HALF_LR_UC_42/test_predictions.csv.gz,absent,absent,stage2 trainer starts fresh; artifact is relocated; launch lineage incomplete,1786622701.52144,1786622821.62135,0,unknown,verified,saved_artifact,"[{""date_max"": ""20170630"", ""date_min"": ""20170206"", ""epochs"": [188], ""label_counts"": [25800, 50465, 25309], ""nll"": 0.9229890783181417, ""rows"": 101574, ""split"": ""development_holdout""}, {""date_max"": ""20170203"", ""date_min"": ""20161124"", ""epochs"": [188], ""label_counts"": [12432, 25906, 11936], ""nll"": 0.9038680847015023, ""rows"": 50274, ""split"": ""validation""}]",[188],200,0.9038680846615632,188,unknown,unknown,unknown,unknown,unknown; saved prediction summary supplies evaluated dates where available,absent,"{""accumulation"": 4, ""cross_asset_layers"": 1, ""d_model"": 128, ""dropout"": 0.1, ""learning_rate"": 5e-05, ""max_epochs"": 200, ""microbatch"": 8, ""nhead"": 8, ""seed"": 42, ""temporal_layers"": 2, ""weight_decay"": 0.0001}",,
F_PAIR_2_DOUBLE_LR_UA_42,qf_discrimination,WORKSPACE_ROOT/lob_seq2seq_predictor_qf_discrimination_20260813_115217/artifacts/qf_discrimination/20260813_115217/runs/F_PAIR_2_DOUBLE_LR_UA_42,training_fit,completed,training_history+prediction+checkpoint+status,"[""UA""]",[42],WORKSPACE_ROOT/lob_seq2seq_predictor_qf_discrimination_20260813_115217/artifacts/qf_discrimination/20260813_115217/runs/F_PAIR_2_DOUBLE_LR_UA_42/resolved_config.json,0854bf78c19b81041066b51bbbf39e6cc448eea1ebfeb9d391b2dfae3dc86bda,unknown,unknown: runner records no dirty status,relocated artifacts; setup metadata says RTX4090 GPU0/1; original host identity unknown,unknown: manifests do not hash source/cache,no_investor,absent,validation multiclass NLL with min_delta=0.0001,WORKSPACE_ROOT/lob_seq2seq_predictor_qf_discrimination_20260813_115217/artifacts/qf_discrimination/20260813_115217/runs/F_PAIR_2_DOUBLE_LR_UA_42/training_history.csv,WORKSPACE_ROOT/lob_seq2seq_predictor_qf_discrimination_20260813_115217/artifacts/qf_discrimination/20260813_115217/runs/F_PAIR_2_DOUBLE_LR_UA_42/best_logloss_checkpoint.pt,WORKSPACE_ROOT/lob_seq2seq_predictor_qf_discrimination_20260813_115217/artifacts/qf_discrimination/20260813_115217/runs/F_PAIR_2_DOUBLE_LR_UA_42/test_predictions.csv.gz,absent,absent,stage2 trainer starts fresh; artifact is relocated; launch lineage incomplete,1786622746.48213,1786622881.60204,0,unknown,verified,saved_artifact,"[{""date_max"": ""20170630"", ""date_min"": ""20170206"", ""epochs"": [178], ""label_counts"": [25800, 50465, 25309], ""nll"": 0.908952595581859, ""rows"": 101574, ""split"": ""development_holdout""}, {""date_max"": ""20170203"", ""date_min"": ""20161124"", ""epochs"": [178], ""label_counts"": [12432, 25906, 11936], ""nll"": 0.8875930497053438, ""rows"": 50274, ""split"": ""validation""}]",[178],200,0.8875263065865239,199,unknown,unknown,unknown,unknown,unknown; saved prediction summary supplies evaluated dates where available,absent,"{""accumulation"": 4, ""cross_asset_layers"": 1, ""d_model"": 128, ""dropout"": 0.1, ""learning_rate"": 0.0002, ""max_epochs"": 200, ""microbatch"": 8, ""nhead"": 8, ""seed"": 42, ""temporal_layers"": 2, ""weight_decay"": 0.0001}",,
F_PAIR_2_DOUBLE_LR_UC_42,qf_discrimination,WORKSPACE_ROOT/lob_seq2seq_predictor_qf_discrimination_20260813_115217/artifacts/qf_discrimination/20260813_115217/runs/F_PAIR_2_DOUBLE_LR_UC_42,training_fit,completed,training_history+prediction+checkpoint+status,"[""UC""]",[42],WORKSPACE_ROOT/lob_seq2seq_predictor_qf_discrimination_20260813_115217/artifacts/qf_discrimination/20260813_115217/runs/F_PAIR_2_DOUBLE_LR_UC_42/resolved_config.json,0854bf78c19b81041066b51bbbf39e6cc448eea1ebfeb9d391b2dfae3dc86bda,unknown,unknown: runner records no dirty status,relocated artifacts; setup metadata says RTX4090 GPU0/1; original host identity unknown,unknown: manifests do not hash source/cache,no_investor,absent,validation multiclass NLL with min_delta=0.0001,WORKSPACE_ROOT/lob_seq2seq_predictor_qf_discrimination_20260813_115217/artifacts/qf_discrimination/20260813_115217/runs/F_PAIR_2_DOUBLE_LR_UC_42/training_history.csv,WORKSPACE_ROOT/lob_seq2seq_predictor_qf_discrimination_20260813_115217/artifacts/qf_discrimination/20260813_115217/runs/F_PAIR_2_DOUBLE_LR_UC_42/best_logloss_checkpoint.pt,WORKSPACE_ROOT/lob_seq2seq_predictor_qf_discrimination_20260813_115217/artifacts/qf_discrimination/20260813_115217/runs/F_PAIR_2_DOUBLE_LR_UC_42/test_predictions.csv.gz,absent,absent,stage2 trainer starts fresh; artifact is relocated; launch lineage incomplete,1786622821.75683,1786622896.82137,0,unknown,verified,saved_artifact,"[{""date_max"": ""20170630"", ""date_min"": ""20170206"", ""epochs"": [67], ""label_counts"": [25800, 50465, 25309], ""nll"": 0.9231204689820461, ""rows"": 101574, ""split"": ""development_holdout""}, {""date_max"": ""20170203"", ""date_min"": ""20161124"", ""epochs"": [67], ""label_counts"": [12432, 25906, 11936], ""nll"": 0.9034289207296217, ""rows"": 50274, ""split"": ""validation""}]",[67],97,0.9034289207472842,67,unknown,unknown,unknown,unknown,unknown; saved prediction summary supplies evaluated dates where available,absent,"{""accumulation"": 4, ""cross_asset_layers"": 1, ""d_model"": 128, ""dropout"": 0.1, ""learning_rate"": 0.0002, ""max_epochs"": 200, ""microbatch"": 8, ""nhead"": 8, ""seed"": 42, ""temporal_layers"": 2, ""weight_decay"": 0.0001}",,
F_PAIR_3_LOW_DROPOUT_UA_42,qf_discrimination,WORKSPACE_ROOT/lob_seq2seq_predictor_qf_discrimination_20260813_115217/artifacts/qf_discrimination/20260813_115217/runs/F_PAIR_3_LOW_DROPOUT_UA_42,training_fit,completed,training_history+prediction+checkpoint+status,"[""UA""]",[42],WORKSPACE_ROOT/lob_seq2seq_predictor_qf_discrimination_20260813_115217/artifacts/qf_discrimination/20260813_115217/runs/F_PAIR_3_LOW_DROPOUT_UA_42/resolved_config.json,21da5c0b20f9cce2df2fa970dd981b3e6a6aed5a60f863f8bd47a2cd0fae97ba,unknown,unknown: runner records no dirty status,relocated artifacts; setup metadata says RTX4090 GPU0/1; original host identity unknown,unknown: manifests do not hash source/cache,no_investor,absent,validation multiclass NLL with min_delta=0.0001,WORKSPACE_ROOT/lob_seq2seq_predictor_qf_discrimination_20260813_115217/artifacts/qf_discrimination/20260813_115217/runs/F_PAIR_3_LOW_DROPOUT_UA_42/training_history.csv,WORKSPACE_ROOT/lob_seq2seq_predictor_qf_discrimination_20260813_115217/artifacts/qf_discrimination/20260813_115217/runs/F_PAIR_3_LOW_DROPOUT_UA_42/best_logloss_checkpoint.pt,WORKSPACE_ROOT/lob_seq2seq_predictor_qf_discrimination_20260813_115217/artifacts/qf_discrimination/20260813_115217/runs/F_PAIR_3_LOW_DROPOUT_UA_42/test_predictions.csv.gz,absent,absent,stage2 trainer starts fresh; artifact is relocated; launch lineage incomplete,1786622881.75773,1786622971.84031,0,unknown,verified,saved_artifact,"[{""date_max"": ""20170630"", ""date_min"": ""20170206"", ""epochs"": [84], ""label_counts"": [25800, 50465, 25309], ""nll"": 0.9343396195012602, ""rows"": 101574, ""split"": ""development_holdout""}, {""date_max"": ""20170203"", ""date_min"": ""20161124"", ""epochs"": [84], ""label_counts"": [12432, 25906, 11936], ""nll"": 0.9148873814358846, ""rows"": 50274, ""split"": ""validation""}]",[84],114,0.914887381487273,84,unknown,unknown,unknown,unknown,unknown; saved prediction summary supplies evaluated dates where available,absent,"{""accumulation"": 4, ""cross_asset_layers"": 1, ""d_model"": 128, ""dropout"": 0.15, ""learning_rate"": 0.0001, ""max_epochs"": 200, ""microbatch"": 8, ""nhead"": 8, ""seed"": 42, ""temporal_layers"": 2, ""weight_decay"": 0.0001}",,
F_PAIR_3_LOW_DROPOUT_UC_42,qf_discrimination,WORKSPACE_ROOT/lob_seq2seq_predictor_qf_discrimination_20260813_115217/artifacts/qf_discrimination/20260813_115217/runs/F_PAIR_3_LOW_DROPOUT_UC_42,training_fit,completed,training_history+prediction+checkpoint+status,"[""UC""]",[42],WORKSPACE_ROOT/lob_seq2seq_predictor_qf_discrimination_20260813_115217/artifacts/qf_discrimination/20260813_115217/runs/F_PAIR_3_LOW_DROPOUT_UC_42/resolved_config.json,21da5c0b20f9cce2df2fa970dd981b3e6a6aed5a60f863f8bd47a2cd0fae97ba,unknown,unknown: runner records no dirty status,relocated artifacts; setup metadata says RTX4090 GPU0/1; original host identity unknown,unknown: manifests do not hash source/cache,no_investor,absent,validation multiclass NLL with min_delta=0.0001,WORKSPACE_ROOT/lob_seq2seq_predictor_qf_discrimination_20260813_115217/artifacts/qf_discrimination/20260813_115217/runs/F_PAIR_3_LOW_DROPOUT_UC_42/training_history.csv,WORKSPACE_ROOT/lob_seq2seq_predictor_qf_discrimination_20260813_115217/artifacts/qf_discrimination/20260813_115217/runs/F_PAIR_3_LOW_DROPOUT_UC_42/best_logloss_checkpoint.pt,WORKSPACE_ROOT/lob_seq2seq_predictor_qf_discrimination_20260813_115217/artifacts/qf_discrimination/20260813_115217/runs/F_PAIR_3_LOW_DROPOUT_UC_42/test_predictions.csv.gz,absent,absent,stage2 trainer starts fresh; artifact is relocated; launch lineage incomplete,1786622896.94733,1786622987.02874,0,unknown,verified,saved_artifact,"[{""date_max"": ""20170630"", ""date_min"": ""20170206"", ""epochs"": [131], ""label_counts"": [25800, 50465, 25309], ""nll"": 0.9233105770548043, ""rows"": 101574, ""split"": ""development_holdout""}, {""date_max"": ""20170203"", ""date_min"": ""20161124"", ""epochs"": [131], ""label_counts"": [12432, 25906, 11936], ""nll"": 0.9037079612503184, ""rows"": 50274, ""split"": ""validation""}]",[131],161,0.903707961294548,131,unknown,unknown,unknown,unknown,unknown; saved prediction summary supplies evaluated dates where available,absent,"{""accumulation"": 4, ""cross_asset_layers"": 1, ""d_model"": 128, ""dropout"": 0.15, ""learning_rate"": 0.0001, ""max_epochs"": 200, ""microbatch"": 8, ""nhead"": 8, ""seed"": 42, ""temporal_layers"": 2, ""weight_decay"": 0.0001}",,
F_PAIR_4_HIGH_DROPOUT_UA_42,qf_discrimination,WORKSPACE_ROOT/lob_seq2seq_predictor_qf_discrimination_20260813_115217/artifacts/qf_discrimination/20260813_115217/runs/F_PAIR_4_HIGH_DROPOUT_UA_42,training_fit,completed,training_history+prediction+checkpoint+status,"[""UA""]",[42],WORKSPACE_ROOT/lob_seq2seq_predictor_qf_discrimination_20260813_115217/artifacts/qf_discrimination/20260813_115217/runs/F_PAIR_4_HIGH_DROPOUT_UA_42/resolved_config.json,7f455b79a11bcf9d15dcc45b90bffb33a8231d7da173a5a3b24af8c6bef72603,unknown,unknown: runner records no dirty status,relocated artifacts; setup metadata says RTX4090 GPU0/1; original host identity unknown,unknown: manifests do not hash source/cache,no_investor,absent,validation multiclass NLL with min_delta=0.0001,WORKSPACE_ROOT/lob_seq2seq_predictor_qf_discrimination_20260813_115217/artifacts/qf_discrimination/20260813_115217/runs/F_PAIR_4_HIGH_DROPOUT_UA_42/training_history.csv,WORKSPACE_ROOT/lob_seq2seq_predictor_qf_discrimination_20260813_115217/artifacts/qf_discrimination/20260813_115217/runs/F_PAIR_4_HIGH_DROPOUT_UA_42/best_logloss_checkpoint.pt,WORKSPACE_ROOT/lob_seq2seq_predictor_qf_discrimination_20260813_115217/artifacts/qf_discrimination/20260813_115217/runs/F_PAIR_4_HIGH_DROPOUT_UA_42/test_predictions.csv.gz,absent,absent,stage2 trainer starts fresh; artifact is relocated; launch lineage incomplete,1786622971.99804,1786623077.09368,0,unknown,verified,saved_artifact,"[{""date_max"": ""20170630"", ""date_min"": ""20170206"", ""epochs"": [84], ""label_counts"": [25800, 50465, 25309], ""nll"": 0.9369924373853128, ""rows"": 101574, ""split"": ""development_holdout""}, {""date_max"": ""20170203"", ""date_min"": ""20161124"", ""epochs"": [84], ""label_counts"": [12432, 25906, 11936], ""nll"": 0.9178633417711743, ""rows"": 50274, ""split"": ""validation""}]",[84],114,0.9178633416956724,84,unknown,unknown,unknown,unknown,unknown; saved prediction summary supplies evaluated dates where available,absent,"{""accumulation"": 4, ""cross_asset_layers"": 1, ""d_model"": 128, ""dropout"": 0.2, ""learning_rate"": 0.0001, ""max_epochs"": 200, ""microbatch"": 8, ""nhead"": 8, ""seed"": 42, ""temporal_layers"": 2, ""weight_decay"": 0.0001}",,
F_PAIR_4_HIGH_DROPOUT_UC_42,qf_discrimination,WORKSPACE_ROOT/lob_seq2seq_predictor_qf_discrimination_20260813_115217/artifacts/qf_discrimination/20260813_115217/runs/F_PAIR_4_HIGH_DROPOUT_UC_42,training_fit,completed,training_history+prediction+checkpoint+status,"[""UC""]",[42],WORKSPACE_ROOT/lob_seq2seq_predictor_qf_discrimination_20260813_115217/artifacts/qf_discrimination/20260813_115217/runs/F_PAIR_4_HIGH_DROPOUT_UC_42/resolved_config.json,7f455b79a11bcf9d15dcc45b90bffb33a8231d7da173a5a3b24af8c6bef72603,unknown,unknown: runner records no dirty status,relocated artifacts; setup metadata says RTX4090 GPU0/1; original host identity unknown,unknown: manifests do not hash source/cache,no_investor,absent,validation multiclass NLL with min_delta=0.0001,WORKSPACE_ROOT/lob_seq2seq_predictor_qf_discrimination_20260813_115217/artifacts/qf_discrimination/20260813_115217/runs/F_PAIR_4_HIGH_DROPOUT_UC_42/training_history.csv,WORKSPACE_ROOT/lob_seq2seq_predictor_qf_discrimination_20260813_115217/artifacts/qf_discrimination/20260813_115217/runs/F_PAIR_4_HIGH_DROPOUT_UC_42/best_logloss_checkpoint.pt,WORKSPACE_ROOT/lob_seq2seq_predictor_qf_discrimination_20260813_115217/artifacts/qf_discrimination/20260813_115217/runs/F_PAIR_4_HIGH_DROPOUT_UC_42/test_predictions.csv.gz,absent,absent,stage2 trainer starts fresh; artifact is relocated; launch lineage incomplete,1786622987.1588,1786623077.24152,0,unknown,verified,saved_artifact,"[{""date_max"": ""20170630"", ""date_min"": ""20170206"", ""epochs"": [155], ""label_counts"": [25800, 50465, 25309], ""nll"": 0.9235724747967079, ""rows"": 101574, ""split"": ""development_holdout""}, {""date_max"": ""20170203"", ""date_min"": ""20161124"", ""epochs"": [155], ""label_counts"": [12432, 25906, 11936], ""nll"": 0.903812117724318, ""rows"": 50274, ""split"": ""validation""}]",[155],185,0.9038121176120758,155,unknown,unknown,unknown,unknown,unknown; saved prediction summary supplies evaluated dates where available,absent,"{""accumulation"": 4, ""cross_asset_layers"": 1, ""d_model"": 128, ""dropout"": 0.2, ""learning_rate"": 0.0001, ""max_epochs"": 200, ""microbatch"": 8, ""nhead"": 8, ""seed"": 42, ""temporal_layers"": 2, ""weight_decay"": 0.0001}",,
F_PAIR_5_SHALLOW_INTERACTION_UA_42,qf_discrimination,WORKSPACE_ROOT/lob_seq2seq_predictor_qf_discrimination_20260813_115217/artifacts/qf_discrimination/20260813_115217/runs/F_PAIR_5_SHALLOW_INTERACTION_UA_42,training_fit,completed,training_history+prediction+checkpoint+status,"[""UA""]",[42],WORKSPACE_ROOT/lob_seq2seq_predictor_qf_discrimination_20260813_115217/artifacts/qf_discrimination/20260813_115217/runs/F_PAIR_5_SHALLOW_INTERACTION_UA_42/resolved_config.json,19cf684567489ca20eecdb31124d7f957456ff30f49aa4db4ec545c36d2ca81a,unknown,unknown: runner records no dirty status,relocated artifacts; setup metadata says RTX4090 GPU0/1; original host identity unknown,unknown: manifests do not hash source/cache,no_investor,absent,validation multiclass NLL with min_delta=0.0001,WORKSPACE_ROOT/lob_seq2seq_predictor_qf_discrimination_20260813_115217/artifacts/qf_discrimination/20260813_115217/runs/F_PAIR_5_SHALLOW_INTERACTION_UA_42/training_history.csv,WORKSPACE_ROOT/lob_seq2seq_predictor_qf_discrimination_20260813_115217/artifacts/qf_discrimination/20260813_115217/runs/F_PAIR_5_SHALLOW_INTERACTION_UA_42/best_logloss_checkpoint.pt,WORKSPACE_ROOT/lob_seq2seq_predictor_qf_discrimination_20260813_115217/artifacts/qf_discrimination/20260813_115217/runs/F_PAIR_5_SHALLOW_INTERACTION_UA_42/test_predictions.csv.gz,absent,absent,stage2 trainer starts fresh; artifact is relocated; launch lineage incomplete,1786623077.22176,1786623152.27799,0,unknown,verified,saved_artifact,"[{""date_max"": ""20170630"", ""date_min"": ""20170206"", ""epochs"": [69], ""label_counts"": [25800, 50465, 25309], ""nll"": 0.9322983420514748, ""rows"": 101574, ""split"": ""development_holdout""}, {""date_max"": ""20170203"", ""date_min"": ""20161124"", ""epochs"": [69], ""label_counts"": [12432, 25906, 11936], ""nll"": 0.9137700440245219, ""rows"": 50274, ""split"": ""validation""}]",[69],99,0.913770043969739,69,unknown,unknown,unknown,unknown,unknown; saved prediction summary supplies evaluated dates where available,absent,"{""accumulation"": 4, ""cross_asset_layers"": 1, ""d_model"": 128, ""dropout"": 0.1, ""learning_rate"": 0.0001, ""max_epochs"": 200, ""microbatch"": 8, ""nhead"": 8, ""seed"": 42, ""temporal_layers"": 2, ""weight_decay"": 0.0001}",,
F_PAIR_5_SHALLOW_INTERACTION_UC_42,qf_discrimination,WORKSPACE_ROOT/lob_seq2seq_predictor_qf_discrimination_20260813_115217/artifacts/qf_discrimination/20260813_115217/runs/F_PAIR_5_SHALLOW_INTERACTION_UC_42,training_fit,completed,training_history+prediction+checkpoint+status,"[""UC""]",[42],WORKSPACE_ROOT/lob_seq2seq_predictor_qf_discrimination_20260813_115217/artifacts/qf_discrimination/20260813_115217/runs/F_PAIR_5_SHALLOW_INTERACTION_UC_42/resolved_config.json,19cf684567489ca20eecdb31124d7f957456ff30f49aa4db4ec545c36d2ca81a,unknown,unknown: runner records no dirty status,relocated artifacts; setup metadata says RTX4090 GPU0/1; original host identity unknown,unknown: manifests do not hash source/cache,no_investor,absent,validation multiclass NLL with min_delta=0.0001,WORKSPACE_ROOT/lob_seq2seq_predictor_qf_discrimination_20260813_115217/artifacts/qf_discrimination/20260813_115217/runs/F_PAIR_5_SHALLOW_INTERACTION_UC_42/training_history.csv,WORKSPACE_ROOT/lob_seq2seq_predictor_qf_discrimination_20260813_115217/artifacts/qf_discrimination/20260813_115217/runs/F_PAIR_5_SHALLOW_INTERACTION_UC_42/best_logloss_checkpoint.pt,WORKSPACE_ROOT/lob_seq2seq_predictor_qf_discrimination_20260813_115217/artifacts/qf_discrimination/20260813_115217/runs/F_PAIR_5_SHALLOW_INTERACTION_UC_42/test_predictions.csv.gz,absent,absent,stage2 trainer starts fresh; artifact is relocated; launch lineage incomplete,1786623077.37218,1786623182.46188,0,unknown,verified,saved_artifact,"[{""date_max"": ""20170630"", ""date_min"": ""20170206"", ""epochs"": [151], ""label_counts"": [25800, 50465, 25309], ""nll"": 0.9227557997184821, ""rows"": 101574, ""split"": ""development_holdout""}, {""date_max"": ""20170203"", ""date_min"": ""20161124"", ""epochs"": [151], ""label_counts"": [12432, 25906, 11936], ""nll"": 0.9032874857103932, ""rows"": 50274, ""split"": ""validation""}]",[151],181,0.9032874857168453,151,unknown,unknown,unknown,unknown,unknown; saved prediction summary supplies evaluated dates where available,absent,"{""accumulation"": 4, ""cross_asset_layers"": 1, ""d_model"": 128, ""dropout"": 0.1, ""learning_rate"": 0.0001, ""max_epochs"": 200, ""microbatch"": 8, ""nhead"": 8, ""seed"": 42, ""temporal_layers"": 2, ""weight_decay"": 0.0001}",,
F_best_UA_123,qf_discrimination,WORKSPACE_ROOT/lob_seq2seq_predictor_qf_discrimination_20260813_115217/artifacts/qf_discrimination/20260813_115217/runs/F_best_UA_123,training_fit,completed,training_history+prediction+checkpoint+status,"[""UA""]",[123],WORKSPACE_ROOT/lob_seq2seq_predictor_qf_discrimination_20260813_115217/artifacts/qf_discrimination/20260813_115217/runs/F_best_UA_123/resolved_config.json,a4d58a116ee423c2e82714cb28dd58900bd54c4554f02c48751b6804980b08af,unknown,unknown: runner records no dirty status,relocated artifacts; setup metadata says RTX4090 GPU0/1; original host identity unknown,unknown: manifests do not hash source/cache,no_investor,absent,validation multiclass NLL with min_delta=0.0001,WORKSPACE_ROOT/lob_seq2seq_predictor_qf_discrimination_20260813_115217/artifacts/qf_discrimination/20260813_115217/runs/F_best_UA_123/training_history.csv,WORKSPACE_ROOT/lob_seq2seq_predictor_qf_discrimination_20260813_115217/artifacts/qf_discrimination/20260813_115217/runs/F_best_UA_123/best_logloss_checkpoint.pt,WORKSPACE_ROOT/lob_seq2seq_predictor_qf_discrimination_20260813_115217/artifacts/qf_discrimination/20260813_115217/runs/F_best_UA_123/test_predictions.csv.gz,absent,absent,stage2 trainer starts fresh; artifact is relocated; launch lineage incomplete,1786623332.96774,1786623438.0616,0,unknown,verified,saved_artifact,"[{""date_max"": ""20170630"", ""date_min"": ""20170206"", ""epochs"": [196], ""label_counts"": [25800, 50465, 25309], ""nll"": 0.9072127708187219, ""rows"": 101574, ""split"": ""development_holdout""}, {""date_max"": ""20170203"", ""date_min"": ""20161124"", ""epochs"": [196], ""label_counts"": [12432, 25906, 11936], ""nll"": 0.8862723994553481, ""rows"": 50274, ""split"": ""validation""}]",[196],200,0.8862723995509885,196,unknown,unknown,unknown,unknown,unknown; saved prediction summary supplies evaluated dates where available,absent,"{""accumulation"": 4, ""cross_asset_layers"": 1, ""d_model"": 128, ""dropout"": 0.1, ""learning_rate"": 0.0002, ""max_epochs"": 200, ""microbatch"": 8, ""nhead"": 8, ""seed"": 123, ""temporal_layers"": 2, ""weight_decay"": 0.0001}",,
F_best_UA_7,qf_discrimination,WORKSPACE_ROOT/lob_seq2seq_predictor_qf_discrimination_20260813_115217/artifacts/qf_discrimination/20260813_115217/runs/F_best_UA_7,training_fit,completed,training_history+prediction+checkpoint+status,"[""UA""]",[7],WORKSPACE_ROOT/lob_seq2seq_predictor_qf_discrimination_20260813_115217/artifacts/qf_discrimination/20260813_115217/runs/F_best_UA_7/resolved_config.json,c3eed55da712252ac69610821f190a57795bf36fe66ad70e299fc04ef2df1e6f,unknown,unknown: runner records no dirty status,relocated artifacts; setup metadata says RTX4090 GPU0/1; original host identity unknown,unknown: manifests do not hash source/cache,no_investor,absent,validation multiclass NLL with min_delta=0.0001,WORKSPACE_ROOT/lob_seq2seq_predictor_qf_discrimination_20260813_115217/artifacts/qf_discrimination/20260813_115217/runs/F_best_UA_7/training_history.csv,WORKSPACE_ROOT/lob_seq2seq_predictor_qf_discrimination_20260813_115217/artifacts/qf_discrimination/20260813_115217/runs/F_best_UA_7/best_logloss_checkpoint.pt,WORKSPACE_ROOT/lob_seq2seq_predictor_qf_discrimination_20260813_115217/artifacts/qf_discrimination/20260813_115217/runs/F_best_UA_7/test_predictions.csv.gz,absent,absent,stage2 trainer starts fresh; artifact is relocated; launch lineage incomplete,1786623498.51731,1786623603.6175,0,unknown,verified,saved_artifact,"[{""date_max"": ""20170630"", ""date_min"": ""20170206"", ""epochs"": [181], ""label_counts"": [25800, 50465, 25309], ""nll"": 0.9085678675951592, ""rows"": 101574, ""split"": ""development_holdout""}, {""date_max"": ""20170203"", ""date_min"": ""20161124"", ""epochs"": [181], ""label_counts"": [12432, 25906, 11936], ""nll"": 0.8875142649051604, ""rows"": 50274, ""split"": ""validation""}]",[181],200,0.8875142648742879,181,unknown,unknown,unknown,unknown,unknown; saved prediction summary supplies evaluated dates where available,absent,"{""accumulation"": 4, ""cross_asset_layers"": 1, ""d_model"": 128, ""dropout"": 0.1, ""learning_rate"": 0.0002, ""max_epochs"": 200, ""microbatch"": 8, ""nhead"": 8, ""seed"": 7, ""temporal_layers"": 2, ""weight_decay"": 0.0001}",,
F_best_UC_123,qf_discrimination,WORKSPACE_ROOT/lob_seq2seq_predictor_qf_discrimination_20260813_115217/artifacts/qf_discrimination/20260813_115217/runs/F_best_UC_123,training_fit,completed,training_history+prediction+checkpoint+status,"[""UC""]",[123],WORKSPACE_ROOT/lob_seq2seq_predictor_qf_discrimination_20260813_115217/artifacts/qf_discrimination/20260813_115217/runs/F_best_UC_123/resolved_config.json,a3a01f68aed131ec2ca2b5682c0c9bd5bba98aefc7456c02550cb17a3824dba1,unknown,unknown: runner records no dirty status,relocated artifacts; setup metadata says RTX4090 GPU0/1; original host identity unknown,unknown: manifests do not hash source/cache,no_investor,absent,validation multiclass NLL with min_delta=0.0001,WORKSPACE_ROOT/lob_seq2seq_predictor_qf_discrimination_20260813_115217/artifacts/qf_discrimination/20260813_115217/runs/F_best_UC_123/training_history.csv,WORKSPACE_ROOT/lob_seq2seq_predictor_qf_discrimination_20260813_115217/artifacts/qf_discrimination/20260813_115217/runs/F_best_UC_123/best_logloss_checkpoint.pt,WORKSPACE_ROOT/lob_seq2seq_predictor_qf_discrimination_20260813_115217/artifacts/qf_discrimination/20260813_115217/runs/F_best_UC_123/test_predictions.csv.gz,absent,absent,stage2 trainer starts fresh; artifact is relocated; launch lineage incomplete,1786623317.97699,1786623408.05403,0,unknown,verified,saved_artifact,"[{""date_max"": ""20170630"", ""date_min"": ""20170206"", ""epochs"": [124], ""label_counts"": [25800, 50465, 25309], ""nll"": 0.9219087869857376, ""rows"": 101574, ""split"": ""development_holdout""}, {""date_max"": ""20170203"", ""date_min"": ""20161124"", ""epochs"": [124], ""label_counts"": [12432, 25906, 11936], ""nll"": 0.9046674014213262, ""rows"": 50274, ""split"": ""validation""}]",[124],154,0.9046674014331612,124,unknown,unknown,unknown,unknown,unknown; saved prediction summary supplies evaluated dates where available,absent,"{""accumulation"": 4, ""cross_asset_layers"": 1, ""d_model"": 128, ""dropout"": 0.1, ""learning_rate"": 0.0001, ""max_epochs"": 200, ""microbatch"": 8, ""nhead"": 8, ""seed"": 123, ""temporal_layers"": 2, ""weight_decay"": 0.0001}",,
F_best_UC_42_stage2,qf_discrimination,WORKSPACE_ROOT/lob_seq2seq_predictor_qf_discrimination_20260813_115217/artifacts/qf_discrimination/20260813_115217/runs/F_best_UC_42_stage2,copied_artifact_reference,completed,training_history+prediction+checkpoint+status,"[""UC""]",[42],WORKSPACE_ROOT/lob_seq2seq_predictor_qf_discrimination_20260813_115217/artifacts/qf_discrimination/20260813_115217/runs/F_best_UC_42_stage2/resolved_config.json,19cf684567489ca20eecdb31124d7f957456ff30f49aa4db4ec545c36d2ca81a,unknown,unknown: runner records no dirty status,relocated artifacts; setup metadata says RTX4090 GPU0/1; original host identity unknown,unknown: manifests do not hash source/cache,no_investor,absent,validation multiclass NLL with min_delta=0.0001,WORKSPACE_ROOT/lob_seq2seq_predictor_qf_discrimination_20260813_115217/artifacts/qf_discrimination/20260813_115217/runs/F_best_UC_42_stage2/training_history.csv,WORKSPACE_ROOT/lob_seq2seq_predictor_qf_discrimination_20260813_115217/artifacts/qf_discrimination/20260813_115217/runs/F_best_UC_42_stage2/best_logloss_checkpoint.pt,WORKSPACE_ROOT/lob_seq2seq_predictor_qf_discrimination_20260813_115217/artifacts/qf_discrimination/20260813_115217/runs/F_best_UC_42_stage2/test_predictions.csv.gz,absent,absent,not an independent fresh fit,unknown,unknown,unknown,unknown,verified,saved_artifact,"[{""date_max"": ""20170630"", ""date_min"": ""20170206"", ""epochs"": [151], ""label_counts"": [25800, 50465, 25309], ""nll"": 0.9227557997184821, ""rows"": 101574, ""split"": ""development_holdout""}, {""date_max"": ""20170203"", ""date_min"": ""20161124"", ""epochs"": [151], ""label_counts"": [12432, 25906, 11936], ""nll"": 0.9032874857103932, ""rows"": 50274, ""split"": ""validation""}]",[151],181,0.9032874857168453,151,unknown,unknown,F_PAIR_5_SHALLOW_INTERACTION_UC_42,"Identical checkpoint, training history, config and manifest bytes; identical decompressed prediction CSV. Gzip container bytes differ.",unknown; saved prediction summary supplies evaluated dates where available,absent,"{""accumulation"": 4, ""cross_asset_layers"": 1, ""d_model"": 128, ""dropout"": 0.1, ""learning_rate"": 0.0001, ""max_epochs"": 200, ""microbatch"": 8, ""nhead"": 8, ""seed"": 42, ""temporal_layers"": 2, ""weight_decay"": 0.0001}",,
F_best_UC_7,qf_discrimination,WORKSPACE_ROOT/lob_seq2seq_predictor_qf_discrimination_20260813_115217/artifacts/qf_discrimination/20260813_115217/runs/F_best_UC_7,training_fit,completed,training_history+prediction+checkpoint+status,"[""UC""]",[7],WORKSPACE_ROOT/lob_seq2seq_predictor_qf_discrimination_20260813_115217/artifacts/qf_discrimination/20260813_115217/runs/F_best_UC_7/resolved_config.json,458f35ac3f355903ecf186d6d8ed93fb54bca8be475dabeaa1fe839c10956333,unknown,unknown: runner records no dirty status,relocated artifacts; setup metadata says RTX4090 GPU0/1; original host identity unknown,unknown: manifests do not hash source/cache,no_investor,absent,validation multiclass NLL with min_delta=0.0001,WORKSPACE_ROOT/lob_seq2seq_predictor_qf_discrimination_20260813_115217/artifacts/qf_discrimination/20260813_115217/runs/F_best_UC_7/training_history.csv,WORKSPACE_ROOT/lob_seq2seq_predictor_qf_discrimination_20260813_115217/artifacts/qf_discrimination/20260813_115217/runs/F_best_UC_7/best_logloss_checkpoint.pt,WORKSPACE_ROOT/lob_seq2seq_predictor_qf_discrimination_20260813_115217/artifacts/qf_discrimination/20260813_115217/runs/F_best_UC_7/test_predictions.csv.gz,absent,absent,stage2 trainer starts fresh; artifact is relocated; launch lineage incomplete,1786623770.25309,1786623860.34419,0,unknown,verified,saved_artifact,"[{""date_max"": ""20170630"", ""date_min"": ""20170206"", ""epochs"": [115], ""label_counts"": [25800, 50465, 25309], ""nll"": 0.9228853307143763, ""rows"": 101574, ""split"": ""development_holdout""}, {""date_max"": ""20170203"", ""date_min"": ""20161124"", ""epochs"": [115], ""label_counts"": [12432, 25906, 11936], ""nll"": 0.9045031928409629, ""rows"": 50274, ""split"": ""validation""}]",[115],145,0.9044438714639252,122,unknown,unknown,unknown,unknown,unknown; saved prediction summary supplies evaluated dates where available,absent,"{""accumulation"": 4, ""cross_asset_layers"": 1, ""d_model"": 128, ""dropout"": 0.1, ""learning_rate"": 0.0001, ""max_epochs"": 200, ""microbatch"": 8, ""nhead"": 8, ""seed"": 7, ""temporal_layers"": 2, ""weight_decay"": 0.0001}",,
F_compare,qf_discrimination,WORKSPACE_ROOT/lob_seq2seq_predictor_qf_discrimination_20260813_115217/artifacts/qf_discrimination/20260813_115217/runs/F_compare,aggregate_or_analysis,completed,partial_artifacts,unknown,42,unknown,unknown,unknown,unknown: runner records no dirty status,relocated artifacts; setup metadata says RTX4090 GPU0/1; original host identity unknown,unknown: manifests do not hash source/cache,unknown,absent,not_applicable,absent,absent,absent,absent,absent,not_applicable,1786623440.8059,1786623442.48424,0,unknown,verified,saved_artifact,unknown,unknown,unknown,unknown,unknown,unknown,unknown,unknown,unknown,unknown; saved prediction summary supplies evaluated dates where available,absent,unknown,,
F_select,qf_discrimination,WORKSPACE_ROOT/lob_seq2seq_predictor_qf_discrimination_20260813_115217/artifacts/qf_discrimination/20260813_115217/runs/F_select,aggregate_or_analysis,completed,partial_artifacts,unknown,42,unknown,unknown,unknown,unknown: runner records no dirty status,relocated artifacts; setup metadata says RTX4090 GPU0/1; original host identity unknown,unknown: manifests do not hash source/cache,unknown,absent,not_applicable,absent,absent,absent,absent,absent,not_applicable,1786623185.39684,1786623190.58602,0,unknown,verified,saved_artifact,unknown,unknown,unknown,unknown,unknown,unknown,unknown,unknown,unknown,unknown; saved prediction summary supplies evaluated dates where available,absent,unknown,,
G_corrected_compare,qf_discrimination,WORKSPACE_ROOT/lob_seq2seq_predictor_qf_discrimination_20260813_115217/artifacts/qf_discrimination/20260813_115217/runs/G_corrected_compare,aggregate_or_analysis,completed,partial_artifacts,unknown,42,unknown,unknown,unknown,unknown: runner records no dirty status,relocated artifacts; setup metadata says RTX4090 GPU0/1; original host identity unknown,unknown: manifests do not hash source/cache,unknown,absent,not_applicable,absent,absent,absent,absent,absent,not_applicable,1786623447.49198,1786623449.17207,0,unknown,verified,saved_artifact,unknown,unknown,unknown,unknown,unknown,unknown,unknown,unknown,unknown,unknown; saved prediction summary supplies evaluated dates where available,absent,unknown,,
H_pooling_existing,qf_discrimination,WORKSPACE_ROOT/lob_seq2seq_predictor_qf_discrimination_20260813_115217/artifacts/qf_discrimination/20260813_115217/runs/H_pooling_existing,aggregate_or_analysis,completed,partial_artifacts,unknown,42,unknown,unknown,unknown,unknown: runner records no dirty status,relocated artifacts; setup metadata says RTX4090 GPU0/1; original host identity unknown,unknown: manifests do not hash source/cache,unknown,absent,not_applicable,absent,absent,absent,absent,absent,not_applicable,1786623454.175,1786623456.66957,0,unknown,verified,saved_artifact,unknown,unknown,unknown,unknown,unknown,unknown,unknown,unknown,unknown,unknown; saved prediction summary supplies evaluated dates where available,absent,unknown,,
I_final_decision,qf_discrimination,WORKSPACE_ROOT/lob_seq2seq_predictor_qf_discrimination_20260813_115217/artifacts/qf_discrimination/20260813_115217/runs/I_final_decision,aggregate_or_analysis,completed,partial_artifacts,unknown,42,unknown,unknown,unknown,unknown: runner records no dirty status,relocated artifacts; setup metadata says RTX4090 GPU0/1; original host identity unknown,unknown: manifests do not hash source/cache,unknown,absent,not_applicable,absent,absent,absent,absent,absent,not_applicable,1786623461.6763,1786623463.46593,0,unknown,verified,saved_artifact,unknown,unknown,unknown,unknown,unknown,unknown,unknown,unknown,unknown,unknown; saved prediction summary supplies evaluated dates where available,absent,unknown,,
J_package,qf_discrimination,WORKSPACE_ROOT/lob_seq2seq_predictor_qf_discrimination_20260813_115217/artifacts/qf_discrimination/20260813_115217/runs/J_package,aggregate_or_analysis,completed,partial_artifacts,unknown,42,unknown,unknown,unknown,unknown: runner records no dirty status,relocated artifacts; setup metadata says RTX4090 GPU0/1; original host identity unknown,unknown: manifests do not hash source/cache,unknown,absent,not_applicable,absent,absent,absent,absent,absent,not_applicable,1786623468.47286,1786623470.45687,0,unknown,verified,saved_artifact,unknown,unknown,unknown,unknown,unknown,unknown,unknown,unknown,unknown,unknown; saved prediction summary supplies evaluated dates where available,absent,unknown,,
classical_baselines_investor_lag1_valtest_20260713,pre_qf_legacy,WORKSPACE_ROOT/lob_seq2seq_predictor/results/classical_baselines_investor_lag1_valtest_20260713,legacy_invocation,completed,saved summary; execution/fit lineage incomplete,infer from run_id,42,WORKSPACE_ROOT/lob_seq2seq_predictor/results/classical_baselines_investor_lag1_valtest_20260713/config.json,unknown,unknown,unknown,unknown; relocated copy,unknown,investor,unknown,unknown,unknown,unknown,unknown/not indexed for this older family,unknown,absent,unknown,unknown,unknown,unknown,unknown,verified,saved_artifact,unknown,unknown,unknown,unknown,unknown,"[{""accuracy"": ""0.49682989741469274"", ""balanced_accuracy"": ""0.3333333333333333"", ""macro_f1"": ""0.22128094326674955"", ""mean_asset_accuracy"": ""0.4968298974146928"", ""mean_asset_balanced_accuracy"": ""0.3333333333333334"", ""mean_asset_macro_f1"": ""0.2182181267596386"", ""model"": ""majority""}, {""accuracy"": ""0.42559119459704253"", ""balanced_accuracy"": ""0.37298292931289007"", ""macro_f1"": ""0.37298268575546123"", ""mean_asset_accuracy"": ""0.42559119459704253"", ""mean_asset_balanced_accuracy"": ""0.3540117089656605"", ""mean_asset_macro_f1"": ""0.35401146112487547"", ""model"": ""persistence""}, {""accuracy"": ""0.35261976490046665"", ""balanced_accuracy"": ""0.3330368461603203"", ""macro_f1"": ""0.33062996253367855"", ""mean_asset_accuracy"": ""0.35261976490046654"", ""mean_asset_balanced_accuracy"": ""0.33287119243652513"", ""mean_asset_macro_f1"": ""0.32538404049589964"", ""model"": ""stratified""}, {""accuracy"": ""0.5390060448539981"", ""balanced_accuracy"": ""0.4575261183854276"", ""macro_f1"": ""0.4574634031704375"", ""mean_asset_accuracy"": ""0.5390060448539982"", ""mean_asset_balanced_accuracy"": ""0.4214248848391146"", ""mean_asset_macro_f1"": ""0.4104095704146892"", ""model"": ""logistic""}, {""accuracy"": ""0.5511154429283084"", ""balanced_accuracy"": ""0.4671483715225862"", ""macro_f1"": ""0.4666078271030098"", ""mean_asset_accuracy"": ""0.5511154429283084"", ""mean_asset_balanced_accuracy"": ""0.43513947727644386"", ""mean_asset_macro_f1"": ""0.4238396142927713"", ""model"": ""random_forest""}, {""accuracy"": ""0.5443223659597929"", ""balanced_accuracy"": ""0.48762988123902723"", ""macro_f1"": ""0.4898123347446916"", ""mean_asset_accuracy"": ""0.5443223659597928"", ""mean_asset_balanced_accuracy"": ""0.4551953173635476"", ""mean_asset_macro_f1"": ""0.4548846272593322"", ""model"": ""mlp""}]","[""WORKSPACE_ROOT/lob_seq2seq_predictor/results/classical_baselines_investor_lag1_valtest_20260713"", ""WORKSPACE_ROOT/lob_seq2seq_predictor_qf_baseline_20260812_235444/results/classical_baselines_investor_lag1_valtest_20260713"", ""WORKSPACE_ROOT/lob_seq2seq_predictor_qf_clean_20260813_014759/results/classical_baselines_investor_lag1_valtest_20260713"", ""WORKSPACE_ROOT/lob_seq2seq_predictor_qf_clean_baseline_20260813_014759/results/classical_baselines_investor_lag1_valtest_20260713"", ""WORKSPACE_ROOT/lob_seq2seq_predictor_qf_discrimination_20260813_115217/results/classical_baselines_investor_lag1_valtest_20260713"", ""WORKSPACE_ROOT/lob_seq2seq_predictor_qf_queue_20260813_092802/results/classical_baselines_investor_lag1_valtest_20260713"", ""WORKSPACE_ROOT/lob_seq2seq_predictor_qf_refactor_20260812_232959/results/classical_baselines_investor_lag1_valtest_20260713""]",unknown,unknown,unknown; saved prediction summary supplies evaluated dates where available,absent,"{""epsilon"": 0.0001, ""include_investor"": true, ""investor_lag_steps"": 1, ""models"": [""majority"", ""persistence"", ""stratified"", ""logistic"", ""random_forest"", ""mlp""], ""seed"": 42, ""train_ratio"": 0.7, ""val_ratio"": 0.1}",,
classical_baselines_no_investor_audit_20260713,pre_qf_legacy,WORKSPACE_ROOT/lob_seq2seq_predictor/results/classical_baselines_no_investor_audit_20260713,legacy_invocation,completed,saved summary; execution/fit lineage incomplete,infer from run_id,42,WORKSPACE_ROOT/lob_seq2seq_predictor/results/classical_baselines_no_investor_audit_20260713/config.json,unknown,unknown,unknown,unknown; relocated copy,unknown,no_investor,unknown,unknown,unknown,unknown,unknown/not indexed for this older family,unknown,absent,unknown,unknown,unknown,unknown,unknown,verified,saved_artifact,unknown,unknown,unknown,unknown,unknown,"[{""accuracy"": ""0.5287081339712919"", ""balanced_accuracy"": ""0.4529641757580141"", ""macro_f1"": ""0.45245837915424275"", ""mean_asset_accuracy"": ""0.5287081339712919"", ""mean_asset_balanced_accuracy"": ""0.41591468079061106"", ""mean_asset_macro_f1"": ""0.3956679062018899"", ""model"": ""random_forest""}, {""accuracy"": ""0.5313859846023589"", ""balanced_accuracy"": ""0.44111157081842434"", ""macro_f1"": ""0.4377918032713635"", ""mean_asset_accuracy"": ""0.5313859846023589"", ""mean_asset_balanced_accuracy"": ""0.4075957647449545"", ""mean_asset_macro_f1"": ""0.3908839044449505"", ""model"": ""logistic""}]","[""WORKSPACE_ROOT/lob_seq2seq_predictor/results/classical_baselines_no_investor_audit_20260713"", ""WORKSPACE_ROOT/lob_seq2seq_predictor_qf_baseline_20260812_235444/results/classical_baselines_no_investor_audit_20260713"", ""WORKSPACE_ROOT/lob_seq2seq_predictor_qf_clean_20260813_014759/results/classical_baselines_no_investor_audit_20260713"", ""WORKSPACE_ROOT/lob_seq2seq_predictor_qf_clean_baseline_20260813_014759/results/classical_baselines_no_investor_audit_20260713"", ""WORKSPACE_ROOT/lob_seq2seq_predictor_qf_discrimination_20260813_115217/results/classical_baselines_no_investor_audit_20260713"", ""WORKSPACE_ROOT/lob_seq2seq_predictor_qf_queue_20260813_092802/results/classical_baselines_no_investor_audit_20260713"", ""WORKSPACE_ROOT/lob_seq2seq_predictor_qf_refactor_20260812_232959/results/classical_baselines_no_investor_audit_20260713""]",unknown,unknown,unknown; saved prediction summary supplies evaluated dates where available,absent,"{""epsilon"": 0.0001, ""include_investor"": false, ""models"": [""random_forest"", ""logistic""], ""seed"": 42, ""train_ratio"": 0.7, ""val_ratio"": 0.1}",,
classical_baselines_no_investor_valtest_20260713,pre_qf_legacy,WORKSPACE_ROOT/lob_seq2seq_predictor/results/classical_baselines_no_investor_valtest_20260713,legacy_invocation,completed,saved summary; execution/fit lineage incomplete,infer from run_id,42,WORKSPACE_ROOT/lob_seq2seq_predictor/results/classical_baselines_no_investor_valtest_20260713/config.json,unknown,unknown,unknown,unknown; relocated copy,unknown,no_investor,unknown,unknown,unknown,unknown,unknown/not indexed for this older family,unknown,absent,unknown,unknown,unknown,unknown,unknown,verified,saved_artifact,unknown,unknown,unknown,unknown,unknown,"[{""accuracy"": ""0.49682989741469274"", ""balanced_accuracy"": ""0.3333333333333333"", ""macro_f1"": ""0.22128094326674955"", ""mean_asset_accuracy"": ""0.4968298974146928"", ""mean_asset_balanced_accuracy"": ""0.3333333333333334"", ""mean_asset_macro_f1"": ""0.2182181267596386"", ""model"": ""majority""}, {""accuracy"": ""0.42559119459704253"", ""balanced_accuracy"": ""0.37298292931289007"", ""macro_f1"": ""0.37298268575546123"", ""mean_asset_accuracy"": ""0.42559119459704253"", ""mean_asset_balanced_accuracy"": ""0.3540117089656605"", ""mean_asset_macro_f1"": ""0.35401146112487547"", ""model"": ""persistence""}, {""accuracy"": ""0.35261976490046665"", ""balanced_accuracy"": ""0.3330368461603203"", ""macro_f1"": ""0.33062996253367855"", ""mean_asset_accuracy"": ""0.35261976490046654"", ""mean_asset_balanced_accuracy"": ""0.33287119243652513"", ""mean_asset_macro_f1"": ""0.32538404049589964"", ""model"": ""stratified""}, {""accuracy"": ""0.5313859846023589"", ""balanced_accuracy"": ""0.44111157081842434"", ""macro_f1"": ""0.4377918032713635"", ""mean_asset_accuracy"": ""0.5313859846023589"", ""mean_asset_balanced_accuracy"": ""0.4075957647449545"", ""mean_asset_macro_f1"": ""0.3908839044449505"", ""model"": ""logistic""}, {""accuracy"": ""0.5291019355346841"", ""balanced_accuracy"": ""0.4523837164553474"", ""macro_f1"": ""0.45153596236953303"", ""mean_asset_accuracy"": ""0.5291019355346841"", ""mean_asset_balanced_accuracy"": ""0.4150759692858038"", ""mean_asset_macro_f1"": ""0.39325179673852545"", ""model"": ""random_forest""}, {""accuracy"": ""0.5310906334298147"", ""balanced_accuracy"": ""0.45546768697132034"", ""macro_f1"": ""0.45634503125467113"", ""mean_asset_accuracy"": ""0.5310906334298148"", ""mean_asset_balanced_accuracy"": ""0.42201388523368344"", ""mean_asset_macro_f1"": ""0.4120412424459854"", ""model"": ""mlp""}]","[""WORKSPACE_ROOT/lob_seq2seq_predictor/results/classical_baselines_no_investor_valtest_20260713"", ""WORKSPACE_ROOT/lob_seq2seq_predictor_qf_baseline_20260812_235444/results/classical_baselines_no_investor_valtest_20260713"", ""WORKSPACE_ROOT/lob_seq2seq_predictor_qf_clean_20260813_014759/results/classical_baselines_no_investor_valtest_20260713"", ""WORKSPACE_ROOT/lob_seq2seq_predictor_qf_clean_baseline_20260813_014759/results/classical_baselines_no_investor_valtest_20260713"", ""WORKSPACE_ROOT/lob_seq2seq_predictor_qf_discrimination_20260813_115217/results/classical_baselines_no_investor_valtest_20260713"", ""WORKSPACE_ROOT/lob_seq2seq_predictor_qf_queue_20260813_092802/results/classical_baselines_no_investor_valtest_20260713"", ""WORKSPACE_ROOT/lob_seq2seq_predictor_qf_refactor_20260812_232959/results/classical_baselines_no_investor_valtest_20260713""]",unknown,unknown,unknown; saved prediction summary supplies evaluated dates where available,absent,"{""epsilon"": 0.0001, ""include_investor"": false, ""models"": [""majority"", ""persistence"", ""stratified"", ""logistic"", ""random_forest"", ""mlp""], ""seed"": 42, ""train_ratio"": 0.7, ""val_ratio"": 0.1}",,
classical_baselines_nofuture_valtest_20260713,pre_qf_legacy,WORKSPACE_ROOT/lob_seq2seq_predictor/results/classical_baselines_nofuture_valtest_20260713,legacy_invocation,completed,saved summary; execution/fit lineage incomplete,infer from run_id,42,WORKSPACE_ROOT/lob_seq2seq_predictor/results/classical_baselines_nofuture_valtest_20260713/config.json,unknown,unknown,unknown,unknown; relocated copy,unknown,investor,unknown,unknown,unknown,unknown,unknown/not indexed for this older family,unknown,WORKSPACE_ROOT/lob_seq2seq_predictor/results/classical_baselines_nofuture_valtest_20260713/run.log,unknown,unknown,unknown,unknown,unknown,verified,saved_artifact,unknown,unknown,unknown,unknown,unknown,"[{""accuracy"": ""0.49682989741469274"", ""balanced_accuracy"": ""0.3333333333333333"", ""macro_f1"": ""0.22128094326674955"", ""mean_asset_accuracy"": ""0.4968298974146928"", ""mean_asset_balanced_accuracy"": ""0.3333333333333334"", ""mean_asset_macro_f1"": ""0.2182181267596386"", ""model"": ""majority""}, {""accuracy"": ""0.42559119459704253"", ""balanced_accuracy"": ""0.37298292931289007"", ""macro_f1"": ""0.37298268575546123"", ""mean_asset_accuracy"": ""0.42559119459704253"", ""mean_asset_balanced_accuracy"": ""0.3540117089656605"", ""mean_asset_macro_f1"": ""0.35401146112487547"", ""model"": ""persistence""}, {""accuracy"": ""0.35261976490046665"", ""balanced_accuracy"": ""0.3330368461603203"", ""macro_f1"": ""0.33062996253367855"", ""mean_asset_accuracy"": ""0.35261976490046654"", ""mean_asset_balanced_accuracy"": ""0.33287119243652513"", ""mean_asset_macro_f1"": ""0.32538404049589964"", ""model"": ""stratified""}, {""accuracy"": ""0.6223541457459586"", ""balanced_accuracy"": ""0.5981728243457117"", ""macro_f1"": ""0.6020355562731564"", ""mean_asset_accuracy"": ""0.6223541457459587"", ""mean_asset_balanced_accuracy"": ""0.5595768389427573"", ""mean_asset_macro_f1"": ""0.5605661864493473"", ""model"": ""logistic""}, {""accuracy"": ""0.8283222084391675"", ""balanced_accuracy"": ""0.8161888155804355"", ""macro_f1"": ""0.8238456966154873"", ""mean_asset_accuracy"": ""0.8283222084391675"", ""mean_asset_balanced_accuracy"": ""0.8092916118666034"", ""mean_asset_macro_f1"": ""0.8172910253325951"", ""model"": ""random_forest""}, {""accuracy"": ""0.6961525587256582"", ""balanced_accuracy"": ""0.6890491379758847"", ""macro_f1"": ""0.6847845525417559"", ""mean_asset_accuracy"": ""0.6961525587256582"", ""mean_asset_balanced_accuracy"": ""0.6708311569700237"", ""mean_asset_macro_f1"": ""0.6678956146379877"", ""model"": ""mlp""}]","[""WORKSPACE_ROOT/lob_seq2seq_predictor/results/classical_baselines_nofuture_valtest_20260713"", ""WORKSPACE_ROOT/lob_seq2seq_predictor_qf_baseline_20260812_235444/results/classical_baselines_nofuture_valtest_20260713"", ""WORKSPACE_ROOT/lob_seq2seq_predictor_qf_clean_20260813_014759/results/classical_baselines_nofuture_valtest_20260713"", ""WORKSPACE_ROOT/lob_seq2seq_predictor_qf_clean_baseline_20260813_014759/results/classical_baselines_nofuture_valtest_20260713"", ""WORKSPACE_ROOT/lob_seq2seq_predictor_qf_discrimination_20260813_115217/results/classical_baselines_nofuture_valtest_20260713"", ""WORKSPACE_ROOT/lob_seq2seq_predictor_qf_queue_20260813_092802/results/classical_baselines_nofuture_valtest_20260713"", ""WORKSPACE_ROOT/lob_seq2seq_predictor_qf_refactor_20260812_232959/results/classical_baselines_nofuture_valtest_20260713""]",unknown,unknown,unknown; saved prediction summary supplies evaluated dates where available,absent,"{""epsilon"": 0.0001, ""include_investor"": true, ""models"": [""majority"", ""persistence"", ""stratified"", ""logistic"", ""random_forest"", ""mlp""], ""seed"": 42, ""train_ratio"": 0.7, ""val_ratio"": 0.1}",,
classical_baselines_smoke,pre_qf_legacy,WORKSPACE_ROOT/lob_seq2seq_predictor/results/classical_baselines_smoke,legacy_invocation,completed,saved summary; execution/fit lineage incomplete,infer from run_id,42,WORKSPACE_ROOT/lob_seq2seq_predictor/results/classical_baselines_smoke/config.json,unknown,unknown,unknown,unknown; relocated copy,unknown,investor,unknown,unknown,unknown,unknown,unknown/not indexed for this older family,unknown,absent,unknown,unknown,unknown,unknown,unknown,verified,saved_artifact,unknown,unknown,unknown,unknown,unknown,"[{""accuracy"": ""0.6400850611376927"", ""balanced_accuracy"": ""0.3333333333333333"", ""macro_f1"": ""0.2601836844948677"", ""mean_asset_accuracy"": ""0.6400850611376927"", ""mean_asset_balanced_accuracy"": ""0.3333333333333333"", ""mean_asset_macro_f1"": ""0.2592205045607885"", ""model"": ""majority""}, {""accuracy"": ""0.517632465000886"", ""balanced_accuracy"": ""0.364352346777085"", ""macro_f1"": ""0.364352346777085"", ""mean_asset_accuracy"": ""0.5176324650008861"", ""mean_asset_balanced_accuracy"": ""0.35682297290160214"", ""mean_asset_macro_f1"": ""0.35682297290160214"", ""model"": ""persistence""}, {""accuracy"": ""0.6842991316675527"", ""balanced_accuracy"": ""0.5464798762568174"", ""macro_f1"": ""0.5692054405354403"", ""mean_asset_accuracy"": ""0.6842991316675527"", ""mean_asset_balanced_accuracy"": ""0.5163243045715199"", ""mean_asset_macro_f1"": ""0.5270587469062753"", ""model"": ""logistic""}]","[""WORKSPACE_ROOT/lob_seq2seq_predictor/results/classical_baselines_smoke"", ""WORKSPACE_ROOT/lob_seq2seq_predictor_qf_baseline_20260812_235444/results/classical_baselines_smoke"", ""WORKSPACE_ROOT/lob_seq2seq_predictor_qf_clean_20260813_014759/results/classical_baselines_smoke"", ""WORKSPACE_ROOT/lob_seq2seq_predictor_qf_clean_baseline_20260813_014759/results/classical_baselines_smoke"", ""WORKSPACE_ROOT/lob_seq2seq_predictor_qf_discrimination_20260813_115217/results/classical_baselines_smoke"", ""WORKSPACE_ROOT/lob_seq2seq_predictor_qf_queue_20260813_092802/results/classical_baselines_smoke"", ""WORKSPACE_ROOT/lob_seq2seq_predictor_qf_refactor_20260812_232959/results/classical_baselines_smoke""]",unknown,unknown,unknown; saved prediction summary supplies evaluated dates where available,absent,"{""epsilon"": 0.0001, ""include_investor"": true, ""models"": [""majority"", ""persistence"", ""logistic""], ""seed"": 42, ""train_ratio"": 0.7, ""val_ratio"": 0.1}",,
gpu_startup_test_parallel,pre_qf_legacy,WORKSPACE_ROOT/lob_seq2seq_predictor/results/gpu_startup_test_parallel,legacy_invocation,completed,saved summary; execution/fit lineage incomplete,infer from run_id,42,WORKSPACE_ROOT/lob_seq2seq_predictor/results/gpu_startup_test_parallel/config.json,unknown,unknown,unknown,unknown; relocated copy,unknown,investor,unknown,unknown,unknown,unknown,unknown/not indexed for this older family,unknown,absent,unknown,unknown,unknown,unknown,unknown,verified,saved_artifact,unknown,unknown,unknown,unknown,unknown,"[{""accuracy"": ""0.5670250260893536"", ""best_epoch"": ""2"", ""macro_f1"": ""0.4504176608051193"", ""mean_asset_accuracy"": ""0.5670250260893535"", ""mean_asset_macro_f1"": ""0.4213803863786317"", ""model"": ""asset_aware_parallel""}]","[""WORKSPACE_ROOT/lob_seq2seq_predictor/results/gpu_startup_test_parallel"", ""WORKSPACE_ROOT/lob_seq2seq_predictor_qf_baseline_20260812_235444/results/gpu_startup_test_parallel"", ""WORKSPACE_ROOT/lob_seq2seq_predictor_qf_clean_20260813_014759/results/gpu_startup_test_parallel"", ""WORKSPACE_ROOT/lob_seq2seq_predictor_qf_clean_baseline_20260813_014759/results/gpu_startup_test_parallel"", ""WORKSPACE_ROOT/lob_seq2seq_predictor_qf_discrimination_20260813_115217/results/gpu_startup_test_parallel"", ""WORKSPACE_ROOT/lob_seq2seq_predictor_qf_queue_20260813_092802/results/gpu_startup_test_parallel"", ""WORKSPACE_ROOT/lob_seq2seq_predictor_qf_refactor_20260812_232959/results/gpu_startup_test_parallel""]",unknown,unknown,unknown; saved prediction summary supplies evaluated dates where available,absent,"{""cross_asset_layers"": 1, ""d_model"": 128, ""dropout"": 0.2, ""epochs"": 2, ""epsilon"": 0.0001, ""include_investor"": true, ""learning_rate"": 0.0001, ""nhead"": 8, ""seed"": 42, ""temporal_layers"": 1, ""weight_decay"": 0.0001}",,
parallel_asset_attention,pre_qf_legacy,WORKSPACE_ROOT/lob_seq2seq_predictor/results/parallel_asset_attention,legacy_invocation,completed,saved summary; execution/fit lineage incomplete,infer from run_id,42,WORKSPACE_ROOT/lob_seq2seq_predictor/results/parallel_asset_attention/config.json,unknown,unknown,unknown,unknown; relocated copy,unknown,investor,unknown,unknown,unknown,unknown,unknown/not indexed for this older family,unknown,WORKSPACE_ROOT/lob_seq2seq_predictor/results/parallel_asset_attention/run.log,unknown,unknown,unknown,unknown,unknown,verified,saved_artifact,unknown,unknown,unknown,unknown,unknown,"[{""accuracy"": ""0.7205485655778053"", ""best_epoch"": ""121"", ""macro_f1"": ""0.7073501307927438"", ""mean_asset_accuracy"": ""0.7205485655778054"", ""mean_asset_macro_f1"": ""0.690094012333692"", ""model"": ""asset_aware_parallel""}]","[""WORKSPACE_ROOT/lob_seq2seq_predictor/results/parallel_asset_attention"", ""WORKSPACE_ROOT/lob_seq2seq_predictor_qf_baseline_20260812_235444/results/parallel_asset_attention"", ""WORKSPACE_ROOT/lob_seq2seq_predictor_qf_clean_20260813_014759/results/parallel_asset_attention"", ""WORKSPACE_ROOT/lob_seq2seq_predictor_qf_clean_baseline_20260813_014759/results/parallel_asset_attention"", ""WORKSPACE_ROOT/lob_seq2seq_predictor_qf_discrimination_20260813_115217/results/parallel_asset_attention"", ""WORKSPACE_ROOT/lob_seq2seq_predictor_qf_queue_20260813_092802/results/parallel_asset_attention"", ""WORKSPACE_ROOT/lob_seq2seq_predictor_qf_refactor_20260812_232959/results/parallel_asset_attention""]",unknown,unknown,unknown; saved prediction summary supplies evaluated dates where available,absent,"{""cross_asset_layers"": 2, ""d_model"": 512, ""dropout"": 0.2, ""epochs"": 500, ""epsilon"": 0.0001, ""include_investor"": true, ""learning_rate"": 0.0001, ""nhead"": 16, ""seed"": 42, ""temporal_layers"": 4, ""weight_decay"": 0.0001}",,
parallel_asset_attention_investor_lag1_valtest_cuda_20260713,pre_qf_legacy,WORKSPACE_ROOT/lob_seq2seq_predictor/results/parallel_asset_attention_investor_lag1_valtest_cuda_20260713,legacy_invocation,completed,saved summary; execution/fit lineage incomplete,infer from run_id,42,WORKSPACE_ROOT/lob_seq2seq_predictor/results/parallel_asset_attention_investor_lag1_valtest_cuda_20260713/config.json,unknown,unknown,unknown,unknown; relocated copy,unknown,investor,unknown,unknown,unknown,unknown,unknown/not indexed for this older family,unknown,WORKSPACE_ROOT/lob_seq2seq_predictor/results/parallel_asset_attention_investor_lag1_valtest_cuda_20260713/run.log,unknown,unknown,unknown,unknown,unknown,verified,saved_artifact,unknown,unknown,unknown,unknown,unknown,"[{""accuracy"": ""0.5493728710102979"", ""best_epoch"": ""141"", ""best_val_macro_f1"": ""0.5003662593769227"", ""macro_f1"": ""0.4975834904587102"", ""mean_asset_accuracy"": ""0.5493728710102979"", ""mean_asset_macro_f1"": ""0.472942858921869"", ""model"": ""asset_aware_parallel""}]","[""WORKSPACE_ROOT/lob_seq2seq_predictor/results/parallel_asset_attention_investor_lag1_valtest_cuda_20260713"", ""WORKSPACE_ROOT/lob_seq2seq_predictor_qf_baseline_20260812_235444/results/parallel_asset_attention_investor_lag1_valtest_cuda_20260713"", ""WORKSPACE_ROOT/lob_seq2seq_predictor_qf_clean_20260813_014759/results/parallel_asset_attention_investor_lag1_valtest_cuda_20260713"", ""WORKSPACE_ROOT/lob_seq2seq_predictor_qf_clean_baseline_20260813_014759/results/parallel_asset_attention_investor_lag1_valtest_cuda_20260713"", ""WORKSPACE_ROOT/lob_seq2seq_predictor_qf_discrimination_20260813_115217/results/parallel_asset_attention_investor_lag1_valtest_cuda_20260713"", ""WORKSPACE_ROOT/lob_seq2seq_predictor_qf_queue_20260813_092802/results/parallel_asset_attention_investor_lag1_valtest_cuda_20260713"", ""WORKSPACE_ROOT/lob_seq2seq_predictor_qf_refactor_20260812_232959/results/parallel_asset_attention_investor_lag1_valtest_cuda_20260713""]",unknown,unknown,unknown; saved prediction summary supplies evaluated dates where available,absent,"{""cross_asset_layers"": 2, ""d_model"": 512, ""dropout"": 0.2, ""epochs"": 500, ""epsilon"": 0.0001, ""include_investor"": true, ""investor_lag_steps"": 1, ""learning_rate"": 0.0001, ""nhead"": 16, ""seed"": 42, ""temporal_layers"": 4, ""train_ratio"": 0.7, ""val_ratio"": 0.1, ""weight_decay"": 0.0001}",,
parallel_asset_attention_investor_lag1_valtest_cuda_20260713_seed123,pre_qf_legacy,WORKSPACE_ROOT/lob_seq2seq_predictor/results/parallel_asset_attention_investor_lag1_valtest_cuda_20260713_seed123,legacy_invocation,completed,saved summary; execution/fit lineage incomplete,infer from run_id,123,WORKSPACE_ROOT/lob_seq2seq_predictor/results/parallel_asset_attention_investor_lag1_valtest_cuda_20260713_seed123/config.json,unknown,unknown,unknown,unknown; relocated copy,unknown,investor,unknown,unknown,unknown,unknown,unknown/not indexed for this older family,unknown,absent,unknown,unknown,unknown,unknown,unknown,verified,saved_artifact,unknown,unknown,unknown,unknown,unknown,"[{""accuracy"": ""0.555329119656605"", ""best_epoch"": ""124"", ""best_val_macro_f1"": ""0.49821405884629977"", ""macro_f1"": ""0.4921876321763881"", ""mean_asset_accuracy"": ""0.555329119656605"", ""mean_asset_macro_f1"": ""0.46777319226767394"", ""model"": ""asset_aware_parallel""}]","[""WORKSPACE_ROOT/lob_seq2seq_predictor/results/parallel_asset_attention_investor_lag1_valtest_cuda_20260713_seed123""]",unknown,unknown,unknown; saved prediction summary supplies evaluated dates where available,absent,"{""cross_asset_layers"": 2, ""d_model"": 512, ""dropout"": 0.2, ""epochs"": 500, ""epsilon"": 0.0001, ""include_investor"": true, ""investor_lag_steps"": 1, ""learning_rate"": 0.0001, ""nhead"": 16, ""seed"": 123, ""temporal_layers"": 4, ""train_ratio"": 0.7, ""val_ratio"": 0.1, ""weight_decay"": 0.0001}",,
parallel_asset_attention_investor_lag1_valtest_cuda_20260713_seed7,pre_qf_legacy,WORKSPACE_ROOT/lob_seq2seq_predictor/results/parallel_asset_attention_investor_lag1_valtest_cuda_20260713_seed7,legacy_invocation,completed,saved summary; execution/fit lineage incomplete,infer from run_id,7,WORKSPACE_ROOT/lob_seq2seq_predictor/results/parallel_asset_attention_investor_lag1_valtest_cuda_20260713_seed7/config.json,unknown,unknown,unknown,unknown; relocated copy,unknown,investor,unknown,unknown,unknown,unknown,unknown/not indexed for this older family,unknown,absent,unknown,unknown,unknown,unknown,unknown,verified,saved_artifact,unknown,unknown,unknown,unknown,unknown,"[{""accuracy"": ""0.5544922913343966"", ""best_epoch"": ""124"", ""best_val_macro_f1"": ""0.5035435572714965"", ""macro_f1"": ""0.49593707625051375"", ""mean_asset_accuracy"": ""0.5544922913343966"", ""mean_asset_macro_f1"": ""0.471052525505903"", ""model"": ""asset_aware_parallel""}]","[""WORKSPACE_ROOT/lob_seq2seq_predictor/results/parallel_asset_attention_investor_lag1_valtest_cuda_20260713_seed7""]",unknown,unknown,unknown; saved prediction summary supplies evaluated dates where available,absent,"{""cross_asset_layers"": 2, ""d_model"": 512, ""dropout"": 0.2, ""epochs"": 500, ""epsilon"": 0.0001, ""include_investor"": true, ""investor_lag_steps"": 1, ""learning_rate"": 0.0001, ""nhead"": 16, ""seed"": 7, ""temporal_layers"": 4, ""train_ratio"": 0.7, ""val_ratio"": 0.1, ""weight_decay"": 0.0001}",,
parallel_asset_attention_no_investor_valtest_cuda_20260713,pre_qf_legacy,WORKSPACE_ROOT/lob_seq2seq_predictor/results/parallel_asset_attention_no_investor_valtest_cuda_20260713,legacy_invocation,completed,saved summary; execution/fit lineage incomplete,infer from run_id,42,WORKSPACE_ROOT/lob_seq2seq_predictor/results/parallel_asset_attention_no_investor_valtest_cuda_20260713/config.json,unknown,unknown,unknown,unknown; relocated copy,unknown,no_investor,unknown,unknown,unknown,unknown,unknown/not indexed for this older family,unknown,WORKSPACE_ROOT/lob_seq2seq_predictor/results/parallel_asset_attention_no_investor_valtest_cuda_20260713/run.log,unknown,unknown,unknown,unknown,unknown,verified,saved_artifact,unknown,unknown,unknown,unknown,unknown,"[{""accuracy"": ""0.5389961998149133"", ""best_epoch"": ""167"", ""best_val_macro_f1"": ""0.5049339350493026"", ""macro_f1"": ""0.49379750125993543"", ""mean_asset_accuracy"": ""0.5389961998149132"", ""mean_asset_macro_f1"": ""0.46610487732022676"", ""model"": ""asset_aware_parallel""}]","[""WORKSPACE_ROOT/lob_seq2seq_predictor/results/parallel_asset_attention_no_investor_valtest_cuda_20260713"", ""WORKSPACE_ROOT/lob_seq2seq_predictor_qf_baseline_20260812_235444/results/parallel_asset_attention_no_investor_valtest_cuda_20260713"", ""WORKSPACE_ROOT/lob_seq2seq_predictor_qf_clean_20260813_014759/results/parallel_asset_attention_no_investor_valtest_cuda_20260713"", ""WORKSPACE_ROOT/lob_seq2seq_predictor_qf_clean_baseline_20260813_014759/results/parallel_asset_attention_no_investor_valtest_cuda_20260713"", ""WORKSPACE_ROOT/lob_seq2seq_predictor_qf_discrimination_20260813_115217/results/parallel_asset_attention_no_investor_valtest_cuda_20260713"", ""WORKSPACE_ROOT/lob_seq2seq_predictor_qf_queue_20260813_092802/results/parallel_asset_attention_no_investor_valtest_cuda_20260713"", ""WORKSPACE_ROOT/lob_seq2seq_predictor_qf_refactor_20260812_232959/results/parallel_asset_attention_no_investor_valtest_cuda_20260713""]",unknown,unknown,unknown; saved prediction summary supplies evaluated dates where available,absent,"{""cross_asset_layers"": 2, ""d_model"": 512, ""dropout"": 0.2, ""epochs"": 500, ""epsilon"": 0.0001, ""include_investor"": false, ""learning_rate"": 0.0001, ""nhead"": 16, ""seed"": 42, ""temporal_layers"": 4, ""train_ratio"": 0.7, ""val_ratio"": 0.1, ""weight_decay"": 0.0001}",,
parallel_asset_attention_no_investor_valtest_cuda_20260713_seed123,pre_qf_legacy,WORKSPACE_ROOT/lob_seq2seq_predictor/results/parallel_asset_attention_no_investor_valtest_cuda_20260713_seed123,legacy_invocation,completed,saved summary; execution/fit lineage incomplete,infer from run_id,123,WORKSPACE_ROOT/lob_seq2seq_predictor/results/parallel_asset_attention_no_investor_valtest_cuda_20260713_seed123/config.json,unknown,unknown,unknown,unknown; relocated copy,unknown,no_investor,unknown,unknown,unknown,unknown,unknown/not indexed for this older family,unknown,absent,unknown,unknown,unknown,unknown,unknown,verified,saved_artifact,unknown,unknown,unknown,unknown,unknown,"[{""accuracy"": ""0.5473447929588281"", ""best_epoch"": ""108"", ""best_val_macro_f1"": ""0.505485410958505"", ""macro_f1"": ""0.49923619024922045"", ""mean_asset_accuracy"": ""0.547344792958828"", ""mean_asset_macro_f1"": ""0.4715503363833183"", ""model"": ""asset_aware_parallel""}]","[""WORKSPACE_ROOT/lob_seq2seq_predictor/results/parallel_asset_attention_no_investor_valtest_cuda_20260713_seed123""]",unknown,unknown,unknown; saved prediction summary supplies evaluated dates where available,absent,"{""cross_asset_layers"": 2, ""d_model"": 512, ""dropout"": 0.2, ""epochs"": 500, ""epsilon"": 0.0001, ""include_investor"": false, ""investor_lag_steps"": 0, ""learning_rate"": 0.0001, ""nhead"": 16, ""seed"": 123, ""temporal_layers"": 4, ""train_ratio"": 0.7, ""val_ratio"": 0.1, ""weight_decay"": 0.0001}",,
parallel_asset_attention_no_investor_valtest_cuda_20260713_seed7,pre_qf_legacy,WORKSPACE_ROOT/lob_seq2seq_predictor/results/parallel_asset_attention_no_investor_valtest_cuda_20260713_seed7,legacy_invocation,completed,saved summary; execution/fit lineage incomplete,infer from run_id,7,WORKSPACE_ROOT/lob_seq2seq_predictor/results/parallel_asset_attention_no_investor_valtest_cuda_20260713_seed7/config.json,unknown,unknown,unknown,unknown; relocated copy,unknown,no_investor,unknown,unknown,unknown,unknown,unknown/not indexed for this older family,unknown,absent,unknown,unknown,unknown,unknown,unknown,verified,saved_artifact,unknown,unknown,unknown,unknown,unknown,"[{""accuracy"": ""0.549116899994093"", ""best_epoch"": ""130"", ""best_val_macro_f1"": ""0.5071603074552765"", ""macro_f1"": ""0.4992214890180653"", ""mean_asset_accuracy"": ""0.549116899994093"", ""mean_asset_macro_f1"": ""0.4695594065529433"", ""model"": ""asset_aware_parallel""}]","[""WORKSPACE_ROOT/lob_seq2seq_predictor/results/parallel_asset_attention_no_investor_valtest_cuda_20260713_seed7""]",unknown,unknown,unknown; saved prediction summary supplies evaluated dates where available,absent,"{""cross_asset_layers"": 2, ""d_model"": 512, ""dropout"": 0.2, ""epochs"": 500, ""epsilon"": 0.0001, ""include_investor"": false, ""investor_lag_steps"": 0, ""learning_rate"": 0.0001, ""nhead"": 16, ""seed"": 7, ""temporal_layers"": 4, ""train_ratio"": 0.7, ""val_ratio"": 0.1, ""weight_decay"": 0.0001}",,
parallel_asset_attention_nofuture,pre_qf_legacy,WORKSPACE_ROOT/lob_seq2seq_predictor/results/parallel_asset_attention_nofuture,legacy_invocation,unknown,saved summary; execution/fit lineage incomplete,infer from run_id,42,WORKSPACE_ROOT/lob_seq2seq_predictor/results/parallel_asset_attention_nofuture/config.json,unknown,unknown,unknown,unknown; relocated copy,unknown,investor,unknown,unknown,unknown,unknown,unknown/not indexed for this older family,unknown,WORKSPACE_ROOT/lob_seq2seq_predictor/results/parallel_asset_attention_nofuture/run.log,unknown,unknown,unknown,unknown,unknown,verified,saved_artifact,unknown,unknown,unknown,unknown,unknown,[],"[""WORKSPACE_ROOT/lob_seq2seq_predictor/results/parallel_asset_attention_nofuture"", ""WORKSPACE_ROOT/lob_seq2seq_predictor_qf_baseline_20260812_235444/results/parallel_asset_attention_nofuture"", ""WORKSPACE_ROOT/lob_seq2seq_predictor_qf_clean_20260813_014759/results/parallel_asset_attention_nofuture"", ""WORKSPACE_ROOT/lob_seq2seq_predictor_qf_clean_baseline_20260813_014759/results/parallel_asset_attention_nofuture"", ""WORKSPACE_ROOT/lob_seq2seq_predictor_qf_discrimination_20260813_115217/results/parallel_asset_attention_nofuture"", ""WORKSPACE_ROOT/lob_seq2seq_predictor_qf_queue_20260813_092802/results/parallel_asset_attention_nofuture"", ""WORKSPACE_ROOT/lob_seq2seq_predictor_qf_refactor_20260812_232959/results/parallel_asset_attention_nofuture""]",unknown,unknown,unknown; saved prediction summary supplies evaluated dates where available,absent,"{""cross_asset_layers"": 2, ""d_model"": 512, ""dropout"": 0.2, ""epochs"": 500, ""epsilon"": 0.0001, ""include_investor"": true, ""learning_rate"": 0.0001, ""nhead"": 16, ""seed"": 42, ""temporal_layers"": 4, ""weight_decay"": 0.0001}",,
parallel_asset_attention_nofuture_cuda_20260528,pre_qf_legacy,WORKSPACE_ROOT/lob_seq2seq_predictor/results/parallel_asset_attention_nofuture_cuda_20260528,legacy_invocation,completed,saved summary; execution/fit lineage incomplete,infer from run_id,42,WORKSPACE_ROOT/lob_seq2seq_predictor/results/parallel_asset_attention_nofuture_cuda_20260528/config.json,unknown,unknown,unknown,unknown; relocated copy,unknown,investor,unknown,unknown,unknown,unknown,unknown/not indexed for this older family,unknown,WORKSPACE_ROOT/lob_seq2seq_predictor/results/parallel_asset_attention_nofuture_cuda_20260528/run.log,unknown,unknown,unknown,unknown,unknown,verified,saved_artifact,unknown,unknown,unknown,unknown,unknown,"[{""accuracy"": ""0.7192588654576959"", ""best_epoch"": ""105"", ""macro_f1"": ""0.7059783833222039"", ""mean_asset_accuracy"": ""0.7192588654576959"", ""mean_asset_macro_f1"": ""0.6881944027372635"", ""model"": ""asset_aware_parallel""}]","[""WORKSPACE_ROOT/lob_seq2seq_predictor/results/parallel_asset_attention_nofuture_cuda_20260528"", ""WORKSPACE_ROOT/lob_seq2seq_predictor_qf_baseline_20260812_235444/results/parallel_asset_attention_nofuture_cuda_20260528"", ""WORKSPACE_ROOT/lob_seq2seq_predictor_qf_clean_20260813_014759/results/parallel_asset_attention_nofuture_cuda_20260528"", ""WORKSPACE_ROOT/lob_seq2seq_predictor_qf_clean_baseline_20260813_014759/results/parallel_asset_attention_nofuture_cuda_20260528"", ""WORKSPACE_ROOT/lob_seq2seq_predictor_qf_discrimination_20260813_115217/results/parallel_asset_attention_nofuture_cuda_20260528"", ""WORKSPACE_ROOT/lob_seq2seq_predictor_qf_queue_20260813_092802/results/parallel_asset_attention_nofuture_cuda_20260528"", ""WORKSPACE_ROOT/lob_seq2seq_predictor_qf_refactor_20260812_232959/results/parallel_asset_attention_nofuture_cuda_20260528""]",unknown,unknown,unknown; saved prediction summary supplies evaluated dates where available,absent,"{""cross_asset_layers"": 2, ""d_model"": 512, ""dropout"": 0.2, ""epochs"": 500, ""epsilon"": 0.0001, ""include_investor"": true, ""learning_rate"": 0.0001, ""nhead"": 16, ""seed"": 42, ""temporal_layers"": 4, ""weight_decay"": 0.0001}",,
parallel_asset_attention_nofuture_valtest_cuda_20260713,pre_qf_legacy,WORKSPACE_ROOT/lob_seq2seq_predictor/results/parallel_asset_attention_nofuture_valtest_cuda_20260713,legacy_invocation,completed,saved summary; execution/fit lineage incomplete,infer from run_id,42,WORKSPACE_ROOT/lob_seq2seq_predictor/results/parallel_asset_attention_nofuture_valtest_cuda_20260713/config.json,unknown,unknown,unknown,unknown; relocated copy,unknown,investor,unknown,unknown,unknown,unknown,unknown/not indexed for this older family,unknown,WORKSPACE_ROOT/lob_seq2seq_predictor/results/parallel_asset_attention_nofuture_valtest_cuda_20260713/run.log,unknown,unknown,unknown,unknown,unknown,verified,saved_artifact,unknown,unknown,unknown,unknown,unknown,"[{""accuracy"": ""0.7142674306416996"", ""best_epoch"": ""116"", ""best_val_macro_f1"": ""0.6966474179544488"", ""macro_f1"": ""0.7030585074419684"", ""mean_asset_accuracy"": ""0.7142674306416995"", ""mean_asset_macro_f1"": ""0.6857722843366342"", ""model"": ""asset_aware_parallel""}]","[""WORKSPACE_ROOT/lob_seq2seq_predictor/results/parallel_asset_attention_nofuture_valtest_cuda_20260713"", ""WORKSPACE_ROOT/lob_seq2seq_predictor_qf_baseline_20260812_235444/results/parallel_asset_attention_nofuture_valtest_cuda_20260713"", ""WORKSPACE_ROOT/lob_seq2seq_predictor_qf_clean_20260813_014759/results/parallel_asset_attention_nofuture_valtest_cuda_20260713"", ""WORKSPACE_ROOT/lob_seq2seq_predictor_qf_clean_baseline_20260813_014759/results/parallel_asset_attention_nofuture_valtest_cuda_20260713"", ""WORKSPACE_ROOT/lob_seq2seq_predictor_qf_discrimination_20260813_115217/results/parallel_asset_attention_nofuture_valtest_cuda_20260713"", ""WORKSPACE_ROOT/lob_seq2seq_predictor_qf_queue_20260813_092802/results/parallel_asset_attention_nofuture_valtest_cuda_20260713"", ""WORKSPACE_ROOT/lob_seq2seq_predictor_qf_refactor_20260812_232959/results/parallel_asset_attention_nofuture_valtest_cuda_20260713""]",unknown,unknown,unknown; saved prediction summary supplies evaluated dates where available,absent,"{""cross_asset_layers"": 2, ""d_model"": 512, ""dropout"": 0.2, ""epochs"": 500, ""epsilon"": 0.0001, ""include_investor"": true, ""learning_rate"": 0.0001, ""nhead"": 16, ""seed"": 42, ""temporal_layers"": 4, ""train_ratio"": 0.7, ""val_ratio"": 0.1, ""weight_decay"": 0.0001}",,
review_smoke_parallel,pre_qf_legacy,WORKSPACE_ROOT/lob_seq2seq_predictor/results/review_smoke_parallel,legacy_invocation,completed,saved summary; execution/fit lineage incomplete,infer from run_id,42,WORKSPACE_ROOT/lob_seq2seq_predictor/results/review_smoke_parallel/config.json,unknown,unknown,unknown,unknown; relocated copy,unknown,investor,unknown,unknown,unknown,unknown,unknown/not indexed for this older family,unknown,absent,unknown,unknown,unknown,unknown,unknown,verified,saved_artifact,unknown,unknown,unknown,unknown,unknown,"[{""accuracy"": ""0.4007029357906551"", ""best_epoch"": ""1"", ""best_val_macro_f1"": ""0.3002374087621931"", ""macro_f1"": ""0.2961408967504315"", ""mean_asset_accuracy"": ""0.4007029357906551"", ""mean_asset_macro_f1"": ""0.2666203020831172"", ""model"": ""asset_aware_parallel""}]","[""WORKSPACE_ROOT/lob_seq2seq_predictor/results/review_smoke_parallel"", ""WORKSPACE_ROOT/lob_seq2seq_predictor_qf_baseline_20260812_235444/results/review_smoke_parallel"", ""WORKSPACE_ROOT/lob_seq2seq_predictor_qf_clean_20260813_014759/results/review_smoke_parallel"", ""WORKSPACE_ROOT/lob_seq2seq_predictor_qf_clean_baseline_20260813_014759/results/review_smoke_parallel"", ""WORKSPACE_ROOT/lob_seq2seq_predictor_qf_discrimination_20260813_115217/results/review_smoke_parallel"", ""WORKSPACE_ROOT/lob_seq2seq_predictor_qf_queue_20260813_092802/results/review_smoke_parallel"", ""WORKSPACE_ROOT/lob_seq2seq_predictor_qf_refactor_20260812_232959/results/review_smoke_parallel""]",unknown,unknown,unknown; saved prediction summary supplies evaluated dates where available,absent,"{""cross_asset_layers"": 1, ""d_model"": 64, ""dropout"": 0.2, ""epochs"": 1, ""epsilon"": 0.0001, ""include_investor"": true, ""learning_rate"": 0.0001, ""nhead"": 8, ""seed"": 42, ""temporal_layers"": 1, ""train_ratio"": 0.7, ""val_ratio"": 0.1, ""weight_decay"": 0.0001}",,
review_smoke_single,pre_qf_legacy,WORKSPACE_ROOT/lob_seq2seq_predictor/results/review_smoke_single,legacy_invocation,completed,saved summary; execution/fit lineage incomplete,infer from run_id,42,WORKSPACE_ROOT/lob_seq2seq_predictor/results/review_smoke_single/config.json,unknown,unknown,unknown,unknown; relocated copy,unknown,investor,unknown,unknown,unknown,unknown,unknown/not indexed for this older family,unknown,absent,unknown,unknown,unknown,unknown,unknown,verified,saved_artifact,unknown,unknown,unknown,unknown,unknown,"[{""accuracy"": ""0.19457735247208932"", ""macro_f1"": ""0.13907522646080792"", ""mean_asset_accuracy"": ""0.19457735247208932"", ""mean_asset_macro_f1"": ""0.13907522646080792"", ""model"": ""single_asset_27_models""}]","[""WORKSPACE_ROOT/lob_seq2seq_predictor/results/review_smoke_single"", ""WORKSPACE_ROOT/lob_seq2seq_predictor_qf_baseline_20260812_235444/results/review_smoke_single"", ""WORKSPACE_ROOT/lob_seq2seq_predictor_qf_clean_20260813_014759/results/review_smoke_single"", ""WORKSPACE_ROOT/lob_seq2seq_predictor_qf_clean_baseline_20260813_014759/results/review_smoke_single"", ""WORKSPACE_ROOT/lob_seq2seq_predictor_qf_discrimination_20260813_115217/results/review_smoke_single"", ""WORKSPACE_ROOT/lob_seq2seq_predictor_qf_queue_20260813_092802/results/review_smoke_single"", ""WORKSPACE_ROOT/lob_seq2seq_predictor_qf_refactor_20260812_232959/results/review_smoke_single""]",unknown,unknown,unknown; saved prediction summary supplies evaluated dates where available,absent,"{""d_model"": 64, ""dropout"": 0.1, ""epochs"": 1, ""epsilon"": 0.0001, ""include_investor"": true, ""learning_rate"": 0.0001, ""nhead"": 8, ""seed"": 42, ""train_ratio"": 0.7, ""val_ratio"": 0.1}",,
single_asset_ablation,pre_qf_legacy,WORKSPACE_ROOT/lob_seq2seq_predictor/results/single_asset_ablation,legacy_invocation,completed,saved summary; execution/fit lineage incomplete,infer from run_id,42,WORKSPACE_ROOT/lob_seq2seq_predictor/results/single_asset_ablation/config.json,unknown,unknown,unknown,unknown; relocated copy,unknown,investor,unknown,unknown,unknown,unknown,unknown/not indexed for this older family,unknown,absent,unknown,unknown,unknown,unknown,unknown,verified,saved_artifact,unknown,unknown,unknown,unknown,unknown,"[{""accuracy"": ""0.6677397759269105"", ""macro_f1"": ""0.6555600284769078"", ""mean_asset_accuracy"": ""0.6677397759269106"", ""mean_asset_macro_f1"": ""0.6393942344319389"", ""model"": ""single_asset_27_models""}, {""accuracy"": ""0.5815956839348653"", ""macro_f1"": ""0.5532397895421248"", ""mean_asset_accuracy"": ""0.5815956839348652"", ""mean_asset_macro_f1"": ""0.518289823842505"", ""model"": ""parallel_27_asset_model""}]","[""WORKSPACE_ROOT/lob_seq2seq_predictor/results/single_asset_ablation"", ""WORKSPACE_ROOT/lob_seq2seq_predictor_qf_baseline_20260812_235444/results/single_asset_ablation"", ""WORKSPACE_ROOT/lob_seq2seq_predictor_qf_clean_20260813_014759/results/single_asset_ablation"", ""WORKSPACE_ROOT/lob_seq2seq_predictor_qf_clean_baseline_20260813_014759/results/single_asset_ablation"", ""WORKSPACE_ROOT/lob_seq2seq_predictor_qf_discrimination_20260813_115217/results/single_asset_ablation"", ""WORKSPACE_ROOT/lob_seq2seq_predictor_qf_queue_20260813_092802/results/single_asset_ablation"", ""WORKSPACE_ROOT/lob_seq2seq_predictor_qf_refactor_20260812_232959/results/single_asset_ablation""]",unknown,unknown,unknown; saved prediction summary supplies evaluated dates where available,absent,"{""d_model"": 256, ""dropout"": 0.1, ""epochs"": 500, ""epsilon"": 0.0001, ""include_investor"": true, ""learning_rate"": 0.0001, ""nhead"": 16, ""seed"": 42}",,
single_asset_ablation_investor_lag1_valtest_cuda_20260713,pre_qf_legacy,WORKSPACE_ROOT/lob_seq2seq_predictor/results/single_asset_ablation_investor_lag1_valtest_cuda_20260713,legacy_invocation,completed,saved summary; execution/fit lineage incomplete,infer from run_id,42,WORKSPACE_ROOT/lob_seq2seq_predictor/results/single_asset_ablation_investor_lag1_valtest_cuda_20260713/config.json,unknown,unknown,unknown,unknown; relocated copy,unknown,investor,unknown,unknown,unknown,unknown,unknown/not indexed for this older family,unknown,WORKSPACE_ROOT/lob_seq2seq_predictor/results/single_asset_ablation_investor_lag1_valtest_cuda_20260713/run.log,unknown,unknown,unknown,unknown,unknown,verified,saved_artifact,unknown,unknown,unknown,unknown,unknown,"[{""accuracy"": ""0.5226731250123063"", ""macro_f1"": ""0.47394071554664624"", ""mean_asset_accuracy"": ""0.5226731250123063"", ""mean_asset_macro_f1"": ""0.45231556514834753"", ""model"": ""single_asset_27_models""}]","[""WORKSPACE_ROOT/lob_seq2seq_predictor/results/single_asset_ablation_investor_lag1_valtest_cuda_20260713"", ""WORKSPACE_ROOT/lob_seq2seq_predictor_qf_baseline_20260812_235444/results/single_asset_ablation_investor_lag1_valtest_cuda_20260713"", ""WORKSPACE_ROOT/lob_seq2seq_predictor_qf_clean_20260813_014759/results/single_asset_ablation_investor_lag1_valtest_cuda_20260713"", ""WORKSPACE_ROOT/lob_seq2seq_predictor_qf_clean_baseline_20260813_014759/results/single_asset_ablation_investor_lag1_valtest_cuda_20260713"", ""WORKSPACE_ROOT/lob_seq2seq_predictor_qf_discrimination_20260813_115217/results/single_asset_ablation_investor_lag1_valtest_cuda_20260713"", ""WORKSPACE_ROOT/lob_seq2seq_predictor_qf_queue_20260813_092802/results/single_asset_ablation_investor_lag1_valtest_cuda_20260713"", ""WORKSPACE_ROOT/lob_seq2seq_predictor_qf_refactor_20260812_232959/results/single_asset_ablation_investor_lag1_valtest_cuda_20260713""]",unknown,unknown,unknown; saved prediction summary supplies evaluated dates where available,absent,"{""d_model"": 256, ""dropout"": 0.1, ""epochs"": 500, ""epsilon"": 0.0001, ""include_investor"": true, ""investor_lag_steps"": 1, ""learning_rate"": 0.0001, ""nhead"": 16, ""seed"": 42, ""train_ratio"": 0.7, ""val_ratio"": 0.1}",,
single_asset_ablation_investor_lag1_valtest_cuda_20260713_seed123,pre_qf_legacy,WORKSPACE_ROOT/lob_seq2seq_predictor/results/single_asset_ablation_investor_lag1_valtest_cuda_20260713_seed123,legacy_invocation,completed,saved summary; execution/fit lineage incomplete,infer from run_id,123,WORKSPACE_ROOT/lob_seq2seq_predictor/results/single_asset_ablation_investor_lag1_valtest_cuda_20260713_seed123/config.json,unknown,unknown,unknown,unknown; relocated copy,unknown,investor,unknown,unknown,unknown,unknown,unknown/not indexed for this older family,unknown,absent,unknown,unknown,unknown,unknown,unknown,verified,saved_artifact,unknown,unknown,unknown,unknown,unknown,"[{""accuracy"": ""0.5207927225471085"", ""macro_f1"": ""0.4679621932164533"", ""mean_asset_accuracy"": ""0.5207927225471084"", ""mean_asset_macro_f1"": ""0.4476258167239496"", ""model"": ""single_asset_27_models""}]","[""WORKSPACE_ROOT/lob_seq2seq_predictor/results/single_asset_ablation_investor_lag1_valtest_cuda_20260713_seed123""]",unknown,unknown,unknown; saved prediction summary supplies evaluated dates where available,absent,"{""d_model"": 256, ""dropout"": 0.1, ""epochs"": 500, ""epsilon"": 0.0001, ""include_investor"": true, ""investor_lag_steps"": 1, ""learning_rate"": 0.0001, ""nhead"": 16, ""seed"": 123, ""train_ratio"": 0.7, ""val_ratio"": 0.1}",,
single_asset_ablation_investor_lag1_valtest_cuda_20260713_seed7,pre_qf_legacy,WORKSPACE_ROOT/lob_seq2seq_predictor/results/single_asset_ablation_investor_lag1_valtest_cuda_20260713_seed7,legacy_invocation,completed,saved summary; execution/fit lineage incomplete,infer from run_id,7,WORKSPACE_ROOT/lob_seq2seq_predictor/results/single_asset_ablation_investor_lag1_valtest_cuda_20260713_seed7/config.json,unknown,unknown,unknown,unknown; relocated copy,unknown,investor,unknown,unknown,unknown,unknown,unknown/not indexed for this older family,unknown,absent,unknown,unknown,unknown,unknown,unknown,verified,saved_artifact,unknown,unknown,unknown,unknown,unknown,"[{""accuracy"": ""0.5243861618130624"", ""macro_f1"": ""0.47335391183497105"", ""mean_asset_accuracy"": ""0.5243861618130624"", ""mean_asset_macro_f1"": ""0.4503471078858757"", ""model"": ""single_asset_27_models""}]","[""WORKSPACE_ROOT/lob_seq2seq_predictor/results/single_asset_ablation_investor_lag1_valtest_cuda_20260713_seed7""]",unknown,unknown,unknown; saved prediction summary supplies evaluated dates where available,absent,"{""d_model"": 256, ""dropout"": 0.1, ""epochs"": 500, ""epsilon"": 0.0001, ""include_investor"": true, ""investor_lag_steps"": 1, ""learning_rate"": 0.0001, ""nhead"": 16, ""seed"": 7, ""train_ratio"": 0.7, ""val_ratio"": 0.1}",,
single_asset_ablation_no_investor_valtest_cuda_20260713,pre_qf_legacy,WORKSPACE_ROOT/lob_seq2seq_predictor/results/single_asset_ablation_no_investor_valtest_cuda_20260713,legacy_invocation,completed,saved summary; execution/fit lineage incomplete,infer from run_id,42,WORKSPACE_ROOT/lob_seq2seq_predictor/results/single_asset_ablation_no_investor_valtest_cuda_20260713/config.json,unknown,unknown,unknown,unknown; relocated copy,unknown,no_investor,unknown,unknown,unknown,unknown,unknown/not indexed for this older family,unknown,WORKSPACE_ROOT/lob_seq2seq_predictor/results/single_asset_ablation_no_investor_valtest_cuda_20260713/run.log,unknown,unknown,unknown,unknown,unknown,verified,saved_artifact,unknown,unknown,unknown,unknown,unknown,"[{""accuracy"": ""0.5233721227873275"", ""macro_f1"": ""0.4814533165123078"", ""mean_asset_accuracy"": ""0.5233721227873274"", ""mean_asset_macro_f1"": ""0.4594666169285139"", ""model"": ""single_asset_27_models""}]","[""WORKSPACE_ROOT/lob_seq2seq_predictor/results/single_asset_ablation_no_investor_valtest_cuda_20260713"", ""WORKSPACE_ROOT/lob_seq2seq_predictor_qf_baseline_20260812_235444/results/single_asset_ablation_no_investor_valtest_cuda_20260713"", ""WORKSPACE_ROOT/lob_seq2seq_predictor_qf_clean_20260813_014759/results/single_asset_ablation_no_investor_valtest_cuda_20260713"", ""WORKSPACE_ROOT/lob_seq2seq_predictor_qf_clean_baseline_20260813_014759/results/single_asset_ablation_no_investor_valtest_cuda_20260713"", ""WORKSPACE_ROOT/lob_seq2seq_predictor_qf_discrimination_20260813_115217/results/single_asset_ablation_no_investor_valtest_cuda_20260713"", ""WORKSPACE_ROOT/lob_seq2seq_predictor_qf_queue_20260813_092802/results/single_asset_ablation_no_investor_valtest_cuda_20260713"", ""WORKSPACE_ROOT/lob_seq2seq_predictor_qf_refactor_20260812_232959/results/single_asset_ablation_no_investor_valtest_cuda_20260713""]",unknown,unknown,unknown; saved prediction summary supplies evaluated dates where available,absent,"{""d_model"": 256, ""dropout"": 0.1, ""epochs"": 500, ""epsilon"": 0.0001, ""include_investor"": false, ""learning_rate"": 0.0001, ""nhead"": 16, ""seed"": 42, ""train_ratio"": 0.7, ""val_ratio"": 0.1}",,
single_asset_ablation_no_investor_valtest_cuda_20260713_seed123,pre_qf_legacy,WORKSPACE_ROOT/lob_seq2seq_predictor/results/single_asset_ablation_no_investor_valtest_cuda_20260713_seed123,legacy_invocation,completed,saved summary; execution/fit lineage incomplete,infer from run_id,123,WORKSPACE_ROOT/lob_seq2seq_predictor/results/single_asset_ablation_no_investor_valtest_cuda_20260713_seed123/config.json,unknown,unknown,unknown,unknown; relocated copy,unknown,no_investor,unknown,unknown,unknown,unknown,unknown/not indexed for this older family,unknown,absent,unknown,unknown,unknown,unknown,unknown,verified,saved_artifact,unknown,unknown,unknown,unknown,unknown,"[{""accuracy"": ""0.5237856144288893"", ""macro_f1"": ""0.4823711728393947"", ""mean_asset_accuracy"": ""0.5237856144288893"", ""mean_asset_macro_f1"": ""0.45867075517905204"", ""model"": ""single_asset_27_models""}]","[""WORKSPACE_ROOT/lob_seq2seq_predictor/results/single_asset_ablation_no_investor_valtest_cuda_20260713_seed123""]",unknown,unknown,unknown; saved prediction summary supplies evaluated dates where available,absent,"{""d_model"": 256, ""dropout"": 0.1, ""epochs"": 500, ""epsilon"": 0.0001, ""include_investor"": false, ""investor_lag_steps"": 0, ""learning_rate"": 0.0001, ""nhead"": 16, ""seed"": 123, ""train_ratio"": 0.7, ""val_ratio"": 0.1}",,
single_asset_ablation_no_investor_valtest_cuda_20260713_seed7,pre_qf_legacy,WORKSPACE_ROOT/lob_seq2seq_predictor/results/single_asset_ablation_no_investor_valtest_cuda_20260713_seed7,legacy_invocation,completed,saved summary; execution/fit lineage incomplete,infer from run_id,7,WORKSPACE_ROOT/lob_seq2seq_predictor/results/single_asset_ablation_no_investor_valtest_cuda_20260713_seed7/config.json,unknown,unknown,unknown,unknown; relocated copy,unknown,no_investor,unknown,unknown,unknown,unknown,unknown/not indexed for this older family,unknown,absent,unknown,unknown,unknown,unknown,unknown,verified,saved_artifact,unknown,unknown,unknown,unknown,unknown,"[{""accuracy"": ""0.523244137279225"", ""macro_f1"": ""0.48224440072753944"", ""mean_asset_accuracy"": ""0.5232441372792249"", ""mean_asset_macro_f1"": ""0.45942249295972387"", ""model"": ""single_asset_27_models""}]","[""WORKSPACE_ROOT/lob_seq2seq_predictor/results/single_asset_ablation_no_investor_valtest_cuda_20260713_seed7""]",unknown,unknown,unknown; saved prediction summary supplies evaluated dates where available,absent,"{""d_model"": 256, ""dropout"": 0.1, ""epochs"": 500, ""epsilon"": 0.0001, ""include_investor"": false, ""investor_lag_steps"": 0, ""learning_rate"": 0.0001, ""nhead"": 16, ""seed"": 7, ""train_ratio"": 0.7, ""val_ratio"": 0.1}",,
single_asset_ablation_nofuture_cuda_20260528,pre_qf_legacy,WORKSPACE_ROOT/lob_seq2seq_predictor/results/single_asset_ablation_nofuture_cuda_20260528,legacy_invocation,completed,saved summary; execution/fit lineage incomplete,infer from run_id,42,WORKSPACE_ROOT/lob_seq2seq_predictor/results/single_asset_ablation_nofuture_cuda_20260528/config.json,unknown,unknown,unknown,unknown; relocated copy,unknown,investor,unknown,unknown,unknown,unknown,unknown/not indexed for this older family,unknown,WORKSPACE_ROOT/lob_seq2seq_predictor/results/single_asset_ablation_nofuture_cuda_20260528/run.log,unknown,unknown,unknown,unknown,unknown,verified,saved_artifact,unknown,unknown,unknown,unknown,unknown,"[{""accuracy"": ""0.661045149349243"", ""macro_f1"": ""0.6474895211717904"", ""mean_asset_accuracy"": ""0.661045149349243"", ""mean_asset_macro_f1"": ""0.6314454548809315"", ""model"": ""single_asset_27_models""}, {""accuracy"": ""0.581103431980625"", ""macro_f1"": ""0.53715546171001"", ""mean_asset_accuracy"": ""0.5811034319806249"", ""mean_asset_macro_f1"": ""0.4939435106957081"", ""model"": ""parallel_27_asset_model""}]","[""WORKSPACE_ROOT/lob_seq2seq_predictor/results/single_asset_ablation_nofuture_cuda_20260528"", ""WORKSPACE_ROOT/lob_seq2seq_predictor_qf_baseline_20260812_235444/results/single_asset_ablation_nofuture_cuda_20260528"", ""WORKSPACE_ROOT/lob_seq2seq_predictor_qf_clean_20260813_014759/results/single_asset_ablation_nofuture_cuda_20260528"", ""WORKSPACE_ROOT/lob_seq2seq_predictor_qf_clean_baseline_20260813_014759/results/single_asset_ablation_nofuture_cuda_20260528"", ""WORKSPACE_ROOT/lob_seq2seq_predictor_qf_discrimination_20260813_115217/results/single_asset_ablation_nofuture_cuda_20260528"", ""WORKSPACE_ROOT/lob_seq2seq_predictor_qf_queue_20260813_092802/results/single_asset_ablation_nofuture_cuda_20260528"", ""WORKSPACE_ROOT/lob_seq2seq_predictor_qf_refactor_20260812_232959/results/single_asset_ablation_nofuture_cuda_20260528""]",unknown,unknown,unknown; saved prediction summary supplies evaluated dates where available,absent,"{""d_model"": 256, ""dropout"": 0.1, ""epochs"": 500, ""epsilon"": 0.0001, ""include_investor"": true, ""learning_rate"": 0.0001, ""nhead"": 16, ""seed"": 42}",,
single_asset_ablation_nofuture_valtest_cuda_20260713,pre_qf_legacy,WORKSPACE_ROOT/lob_seq2seq_predictor/results/single_asset_ablation_nofuture_valtest_cuda_20260713,legacy_invocation,completed,saved summary; execution/fit lineage incomplete,infer from run_id,42,WORKSPACE_ROOT/lob_seq2seq_predictor/results/single_asset_ablation_nofuture_valtest_cuda_20260713/config.json,unknown,unknown,unknown,unknown; relocated copy,unknown,investor,unknown,unknown,unknown,unknown,unknown/not indexed for this older family,unknown,WORKSPACE_ROOT/lob_seq2seq_predictor/results/single_asset_ablation_nofuture_valtest_cuda_20260713/run.log,unknown,unknown,unknown,unknown,unknown,verified,saved_artifact,unknown,unknown,unknown,unknown,unknown,"[{""accuracy"": ""0.6488569909622541"", ""macro_f1"": ""0.6338213908051488"", ""mean_asset_accuracy"": ""0.6488569909622541"", ""mean_asset_macro_f1"": ""0.6157704722188497"", ""model"": ""single_asset_27_models""}]","[""WORKSPACE_ROOT/lob_seq2seq_predictor/results/single_asset_ablation_nofuture_valtest_cuda_20260713"", ""WORKSPACE_ROOT/lob_seq2seq_predictor_qf_baseline_20260812_235444/results/single_asset_ablation_nofuture_valtest_cuda_20260713"", ""WORKSPACE_ROOT/lob_seq2seq_predictor_qf_clean_20260813_014759/results/single_asset_ablation_nofuture_valtest_cuda_20260713"", ""WORKSPACE_ROOT/lob_seq2seq_predictor_qf_clean_baseline_20260813_014759/results/single_asset_ablation_nofuture_valtest_cuda_20260713"", ""WORKSPACE_ROOT/lob_seq2seq_predictor_qf_discrimination_20260813_115217/results/single_asset_ablation_nofuture_valtest_cuda_20260713"", ""WORKSPACE_ROOT/lob_seq2seq_predictor_qf_queue_20260813_092802/results/single_asset_ablation_nofuture_valtest_cuda_20260713"", ""WORKSPACE_ROOT/lob_seq2seq_predictor_qf_refactor_20260812_232959/results/single_asset_ablation_nofuture_valtest_cuda_20260713""]",unknown,unknown,unknown; saved prediction summary supplies evaluated dates where available,absent,"{""d_model"": 256, ""dropout"": 0.1, ""epochs"": 500, ""epsilon"": 0.0001, ""include_investor"": true, ""learning_rate"": 0.0001, ""nhead"": 16, ""seed"": 42, ""train_ratio"": 0.7, ""val_ratio"": 0.1}",,
smoke_parallel_asset_attention,pre_qf_legacy,WORKSPACE_ROOT/lob_seq2seq_predictor/results/smoke_parallel_asset_attention,legacy_invocation,completed,saved summary; execution/fit lineage incomplete,infer from run_id,42,WORKSPACE_ROOT/lob_seq2seq_predictor/results/smoke_parallel_asset_attention/config.json,unknown,unknown,unknown,unknown; relocated copy,unknown,investor,unknown,unknown,unknown,unknown,unknown/not indexed for this older family,unknown,absent,unknown,unknown,unknown,unknown,unknown,verified,saved_artifact,unknown,unknown,unknown,unknown,unknown,"[{""accuracy"": ""0.32130269557170144"", ""best_epoch"": ""1"", ""macro_f1"": ""0.2280500571033545"", ""mean_asset_accuracy"": ""0.3213026955717014"", ""mean_asset_macro_f1"": ""0.21504988961030402"", ""model"": ""asset_aware_parallel""}]","[""WORKSPACE_ROOT/lob_seq2seq_predictor/results/smoke_parallel_asset_attention"", ""WORKSPACE_ROOT/lob_seq2seq_predictor_qf_baseline_20260812_235444/results/smoke_parallel_asset_attention"", ""WORKSPACE_ROOT/lob_seq2seq_predictor_qf_clean_20260813_014759/results/smoke_parallel_asset_attention"", ""WORKSPACE_ROOT/lob_seq2seq_predictor_qf_clean_baseline_20260813_014759/results/smoke_parallel_asset_attention"", ""WORKSPACE_ROOT/lob_seq2seq_predictor_qf_discrimination_20260813_115217/results/smoke_parallel_asset_attention"", ""WORKSPACE_ROOT/lob_seq2seq_predictor_qf_queue_20260813_092802/results/smoke_parallel_asset_attention"", ""WORKSPACE_ROOT/lob_seq2seq_predictor_qf_refactor_20260812_232959/results/smoke_parallel_asset_attention""]",unknown,unknown,unknown; saved prediction summary supplies evaluated dates where available,absent,"{""cross_asset_layers"": 2, ""d_model"": 512, ""dropout"": 0.2, ""epochs"": 1, ""epsilon"": 0.0001, ""include_investor"": true, ""learning_rate"": 0.0001, ""nhead"": 16, ""seed"": 42, ""temporal_layers"": 4, ""weight_decay"": 0.0001}",,
smoke_parallel_asset_attention_nofuture,pre_qf_legacy,WORKSPACE_ROOT/lob_seq2seq_predictor/results/smoke_parallel_asset_attention_nofuture,legacy_invocation,completed,saved summary; execution/fit lineage incomplete,infer from run_id,42,WORKSPACE_ROOT/lob_seq2seq_predictor/results/smoke_parallel_asset_attention_nofuture/config.json,unknown,unknown,unknown,unknown; relocated copy,unknown,investor,unknown,unknown,unknown,unknown,unknown/not indexed for this older family,unknown,absent,unknown,unknown,unknown,unknown,unknown,verified,saved_artifact,unknown,unknown,unknown,unknown,unknown,"[{""accuracy"": ""0.6078130230177013"", ""best_epoch"": ""10"", ""macro_f1"": ""0.5642952492511037"", ""mean_asset_accuracy"": ""0.6078130230177012"", ""mean_asset_macro_f1"": ""0.5429756791114693"", ""model"": ""asset_aware_parallel""}]","[""WORKSPACE_ROOT/lob_seq2seq_predictor/results/smoke_parallel_asset_attention_nofuture"", ""WORKSPACE_ROOT/lob_seq2seq_predictor_qf_baseline_20260812_235444/results/smoke_parallel_asset_attention_nofuture"", ""WORKSPACE_ROOT/lob_seq2seq_predictor_qf_clean_20260813_014759/results/smoke_parallel_asset_attention_nofuture"", ""WORKSPACE_ROOT/lob_seq2seq_predictor_qf_clean_baseline_20260813_014759/results/smoke_parallel_asset_attention_nofuture"", ""WORKSPACE_ROOT/lob_seq2seq_predictor_qf_discrimination_20260813_115217/results/smoke_parallel_asset_attention_nofuture"", ""WORKSPACE_ROOT/lob_seq2seq_predictor_qf_queue_20260813_092802/results/smoke_parallel_asset_attention_nofuture"", ""WORKSPACE_ROOT/lob_seq2seq_predictor_qf_refactor_20260812_232959/results/smoke_parallel_asset_attention_nofuture""]",unknown,unknown,unknown; saved prediction summary supplies evaluated dates where available,absent,"{""cross_asset_layers"": 1, ""d_model"": 128, ""dropout"": 0.2, ""epochs"": 10, ""epsilon"": 0.0001, ""include_investor"": true, ""learning_rate"": 0.0001, ""nhead"": 8, ""seed"": 42, ""temporal_layers"": 2, ""weight_decay"": 0.0001}",,
smoke_single_asset_ablation,pre_qf_legacy,WORKSPACE_ROOT/lob_seq2seq_predictor/results/smoke_single_asset_ablation,legacy_invocation,completed,saved summary; execution/fit lineage incomplete,infer from run_id,42,WORKSPACE_ROOT/lob_seq2seq_predictor/results/smoke_single_asset_ablation/config.json,unknown,unknown,unknown,unknown; relocated copy,unknown,investor,unknown,unknown,unknown,unknown,unknown/not indexed for this older family,unknown,absent,unknown,unknown,unknown,unknown,unknown,verified,saved_artifact,unknown,unknown,unknown,unknown,unknown,"[{""accuracy"": ""0.7123870281765019"", ""macro_f1"": ""0.43085198828766175"", ""mean_asset_accuracy"": ""0.7123870281765019"", ""mean_asset_macro_f1"": ""0.43085198828766175"", ""model"": ""single_asset_27_models""}]","[""WORKSPACE_ROOT/lob_seq2seq_predictor/results/smoke_single_asset_ablation"", ""WORKSPACE_ROOT/lob_seq2seq_predictor_qf_baseline_20260812_235444/results/smoke_single_asset_ablation"", ""WORKSPACE_ROOT/lob_seq2seq_predictor_qf_clean_20260813_014759/results/smoke_single_asset_ablation"", ""WORKSPACE_ROOT/lob_seq2seq_predictor_qf_clean_baseline_20260813_014759/results/smoke_single_asset_ablation"", ""WORKSPACE_ROOT/lob_seq2seq_predictor_qf_discrimination_20260813_115217/results/smoke_single_asset_ablation"", ""WORKSPACE_ROOT/lob_seq2seq_predictor_qf_queue_20260813_092802/results/smoke_single_asset_ablation"", ""WORKSPACE_ROOT/lob_seq2seq_predictor_qf_refactor_20260812_232959/results/smoke_single_asset_ablation""]",unknown,unknown,unknown; saved prediction summary supplies evaluated dates where available,absent,"{""d_model"": 256, ""dropout"": 0.1, ""epochs"": 1, ""epsilon"": 0.0001, ""include_investor"": true, ""learning_rate"": 0.0001, ""nhead"": 16, ""seed"": 42}",,
root_log:no_investor.out,pre_qf_legacy,WORKSPACE_ROOT/lob_seq2seq_predictor,unattributed_execution_log,started,"log only; may overlap result-directory records, not counted as independent fit",unknown,unknown,unknown,unknown,unknown,unknown,unknown,unknown,unknown,unknown,unknown,unknown,unknown,unknown,unknown,WORKSPACE_ROOT/lob_seq2seq_predictor/no_investor.out,unknown; no complete launch-to-result mapping,unknown,unknown,unknown,unknown,verified,saved_artifact,unknown,unknown,unknown,unknown,unknown,unknown,unknown,unknown,unknown,unknown,unknown,unknown,500,none_detected
root_log:no_investor_lstm.out,pre_qf_legacy,WORKSPACE_ROOT/lob_seq2seq_predictor,unattributed_execution_log,started,"log only; may overlap result-directory records, not counted as independent fit",unknown,unknown,unknown,unknown,unknown,unknown,unknown,unknown,unknown,unknown,unknown,unknown,unknown,unknown,unknown,WORKSPACE_ROOT/lob_seq2seq_predictor/no_investor_lstm.out,unknown; no complete launch-to-result mapping,unknown,unknown,unknown,unknown,verified,saved_artifact,unknown,unknown,unknown,unknown,unknown,unknown,unknown,unknown,unknown,unknown,unknown,unknown,500,none_detected
root_log:no_investor_mlp.out,pre_qf_legacy,WORKSPACE_ROOT/lob_seq2seq_predictor,unattributed_execution_log,started,"log only; may overlap result-directory records, not counted as independent fit",unknown,unknown,unknown,unknown,unknown,unknown,unknown,unknown,unknown,unknown,unknown,unknown,unknown,unknown,unknown,WORKSPACE_ROOT/lob_seq2seq_predictor/no_investor_mlp.out,unknown; no complete launch-to-result mapping,unknown,unknown,unknown,unknown,verified,saved_artifact,unknown,unknown,unknown,unknown,unknown,unknown,unknown,unknown,unknown,unknown,unknown,unknown,500,none_detected
root_log:nohup.out,pre_qf_legacy,WORKSPACE_ROOT/lob_seq2seq_predictor,unattributed_execution_log,failed/interrupted,"log only; may overlap result-directory records, not counted as independent fit",unknown,unknown,unknown,unknown,unknown,unknown,unknown,unknown,unknown,unknown,unknown,unknown,unknown,unknown,unknown,WORKSPACE_ROOT/lob_seq2seq_predictor/nohup.out,unknown; no complete launch-to-result mapping,unknown,unknown,unknown,unknown,verified,saved_artifact,unknown,unknown,unknown,unknown,unknown,unknown,unknown,unknown,unknown,unknown,unknown,unknown,not_reached,KeyboardInterrupt
root_log:noinvestor.out,pre_qf_legacy,WORKSPACE_ROOT/lob_seq2seq_predictor,unattributed_execution_log,started,"log only; may overlap result-directory records, not counted as independent fit",unknown,unknown,unknown,unknown,unknown,unknown,unknown,unknown,unknown,unknown,unknown,unknown,unknown,unknown,unknown,WORKSPACE_ROOT/lob_seq2seq_predictor/noinvestor.out,unknown; no complete launch-to-result mapping,unknown,unknown,unknown,unknown,verified,saved_artifact,unknown,unknown,unknown,unknown,unknown,unknown,unknown,unknown,unknown,unknown,unknown,unknown,500,none_detected
root_log:yes_investor.out,pre_qf_legacy,WORKSPACE_ROOT/lob_seq2seq_predictor,unattributed_execution_log,started,"log only; may overlap result-directory records, not counted as independent fit",unknown,unknown,unknown,unknown,unknown,unknown,unknown,unknown,unknown,unknown,unknown,unknown,unknown,unknown,unknown,WORKSPACE_ROOT/lob_seq2seq_predictor/yes_investor.out,unknown; no complete launch-to-result mapping,unknown,unknown,unknown,unknown,verified,saved_artifact,unknown,unknown,unknown,unknown,unknown,unknown,unknown,unknown,unknown,unknown,unknown,unknown,500,none_detected
root_log:yes_investor_lstm.out,pre_qf_legacy,WORKSPACE_ROOT/lob_seq2seq_predictor,unattributed_execution_log,started,"log only; may overlap result-directory records, not counted as independent fit",unknown,unknown,unknown,unknown,unknown,unknown,unknown,unknown,unknown,unknown,unknown,unknown,unknown,unknown,unknown,WORKSPACE_ROOT/lob_seq2seq_predictor/yes_investor_lstm.out,unknown; no complete launch-to-result mapping,unknown,unknown,unknown,unknown,verified,saved_artifact,unknown,unknown,unknown,unknown,unknown,unknown,unknown,unknown,unknown,unknown,unknown,unknown,500,none_detected
root_log:yes_investor_mlp.out,pre_qf_legacy,WORKSPACE_ROOT/lob_seq2seq_predictor,unattributed_execution_log,started,"log only; may overlap result-directory records, not counted as independent fit",unknown,unknown,unknown,unknown,unknown,unknown,unknown,unknown,unknown,unknown,unknown,unknown,unknown,unknown,unknown,WORKSPACE_ROOT/lob_seq2seq_predictor/yes_investor_mlp.out,unknown; no complete launch-to-result mapping,unknown,unknown,unknown,unknown,verified,saved_artifact,unknown,unknown,unknown,unknown,unknown,unknown,unknown,unknown,unknown,unknown,unknown,unknown,500,none_detected
