namespace,selected,panel,model,seed,fold,protocol_hash,canonical_protocol_hash,input_hash,mask_hash,split_hash,core_source_digest,source_sha,source_digest,config_hash,source_job,prediction_sha256,split,population,date,rows,loss_sum,row_key_label_digest
new_p3_training,True,tuned,UA,7,R3,3cfd389bbd05ec9201a41c0892e29bf8199198d1b216b9a8061370d4240aa583,bd1488a2d411295d7a2118c50ddcc0b158786123613af1676062e2270d1637d1,9cb89005693b1b70c102178849b740fde00b50c9ba5f3b5530d0e5749ea59837,eca954c21da074c545cb7858315ea39fee0a6f54b19e06474b4f2f91f1666847,c40aaf80f5be3be16016d797963cb563e35b93083df451f9827f99cfadc3c898,6031dc4ee08b61c58b35b1efd7d764739d5c7c54dc7cbe9e9a72a1e4a7098596,e2212c40566e21c680a98186ebd8e984aa80d4fd,4d4ad03b827958468b1a231e360c7ad1aa68035c25af068059838ceae6dfa6d6,1c2a0b828a698273b3c8b45532398e4bfe29534a6c2e0bef6cf2c84f8baa5f93,R3_UA_7_selected,c2c650cc7db4b5356eb4c2ba25eaf9860387a614992303a321be65940bb34284,development_holdout,P0,2017-05-16,1026,951.5512055135822,05df3c6778fd8bf0b7fcd3b26cf621f511382b593dfa9dd9b7a6a0335984ab36
new_p3_training,True,tuned,UA,7,R3,3cfd389bbd05ec9201a41c0892e29bf8199198d1b216b9a8061370d4240aa583,bd1488a2d411295d7a2118c50ddcc0b158786123613af1676062e2270d1637d1,9cb89005693b1b70c102178849b740fde00b50c9ba5f3b5530d0e5749ea59837,eca954c21da074c545cb7858315ea39fee0a6f54b19e06474b4f2f91f1666847,c40aaf80f5be3be16016d797963cb563e35b93083df451f9827f99cfadc3c898,6031dc4ee08b61c58b35b1efd7d764739d5c7c54dc7cbe9e9a72a1e4a7098596,e2212c40566e21c680a98186ebd8e984aa80d4fd,4d4ad03b827958468b1a231e360c7ad1aa68035c25af068059838ceae6dfa6d6,1c2a0b828a698273b3c8b45532398e4bfe29534a6c2e0bef6cf2c84f8baa5f93,R3_UA_7_selected,c2c650cc7db4b5356eb4c2ba25eaf9860387a614992303a321be65940bb34284,development_holdout,P0,2017-05-17,1026,943.1116428623752,4a452781b12f29176f3150f1d90c9fb94792ef7f65c0363700d754e1d2debd5c
new_p3_training,True,tuned,UA,7,R3,3cfd389bbd05ec9201a41c0892e29bf8199198d1b216b9a8061370d4240aa583,bd1488a2d411295d7a2118c50ddcc0b158786123613af1676062e2270d1637d1,9cb89005693b1b70c102178849b740fde00b50c9ba5f3b5530d0e5749ea59837,eca954c21da074c545cb7858315ea39fee0a6f54b19e06474b4f2f91f1666847,c40aaf80f5be3be16016d797963cb563e35b93083df451f9827f99cfadc3c898,6031dc4ee08b61c58b35b1efd7d764739d5c7c54dc7cbe9e9a72a1e4a7098596,e2212c40566e21c680a98186ebd8e984aa80d4fd,4d4ad03b827958468b1a231e360c7ad1aa68035c25af068059838ceae6dfa6d6,1c2a0b828a698273b3c8b45532398e4bfe29534a6c2e0bef6cf2c84f8baa5f93,R3_UA_7_selected,c2c650cc7db4b5356eb4c2ba25eaf9860387a614992303a321be65940bb34284,development_holdout,P0,2017-05-18,1026,967.2142319301918,896ceda7aba69bbcec5b2ba1b9249fa93b87cd3fbc290f7c4c3849e65b8d5a04
new_p3_training,True,tuned,UA,7,R3,3cfd389bbd05ec9201a41c0892e29bf8199198d1b216b9a8061370d4240aa583,bd1488a2d411295d7a2118c50ddcc0b158786123613af1676062e2270d1637d1,9cb89005693b1b70c102178849b740fde00b50c9ba5f3b5530d0e5749ea59837,eca954c21da074c545cb7858315ea39fee0a6f54b19e06474b4f2f91f1666847,c40aaf80f5be3be16016d797963cb563e35b93083df451f9827f99cfadc3c898,6031dc4ee08b61c58b35b1efd7d764739d5c7c54dc7cbe9e9a72a1e4a7098596,e2212c40566e21c680a98186ebd8e984aa80d4fd,4d4ad03b827958468b1a231e360c7ad1aa68035c25af068059838ceae6dfa6d6,1c2a0b828a698273b3c8b45532398e4bfe29534a6c2e0bef6cf2c84f8baa5f93,R3_UA_7_selected,c2c650cc7db4b5356eb4c2ba25eaf9860387a614992303a321be65940bb34284,development_holdout,P0,2017-05-19,1026,977.8740254012339,b14622b33aefdb140a930477fca8678486e35e1bb610bf2fc3c01ad176f55e63
new_p3_training,True,tuned,UA,7,R3,3cfd389bbd05ec9201a41c0892e29bf8199198d1b216b9a8061370d4240aa583,bd1488a2d411295d7a2118c50ddcc0b158786123613af1676062e2270d1637d1,9cb89005693b1b70c102178849b740fde00b50c9ba5f3b5530d0e5749ea59837,eca954c21da074c545cb7858315ea39fee0a6f54b19e06474b4f2f91f1666847,c40aaf80f5be3be16016d797963cb563e35b93083df451f9827f99cfadc3c898,6031dc4ee08b61c58b35b1efd7d764739d5c7c54dc7cbe9e9a72a1e4a7098596,e2212c40566e21c680a98186ebd8e984aa80d4fd,4d4ad03b827958468b1a231e360c7ad1aa68035c25af068059838ceae6dfa6d6,1c2a0b828a698273b3c8b45532398e4bfe29534a6c2e0bef6cf2c84f8baa5f93,R3_UA_7_selected,c2c650cc7db4b5356eb4c2ba25eaf9860387a614992303a321be65940bb34284,development_holdout,P0,2017-05-22,1026,936.8706379084822,267471646f72041ca06b20ba491e50e54bf6e3b7dc940d38512e246a7a0f8889
new_p3_training,True,tuned,UA,7,R3,3cfd389bbd05ec9201a41c0892e29bf8199198d1b216b9a8061370d4240aa583,bd1488a2d411295d7a2118c50ddcc0b158786123613af1676062e2270d1637d1,9cb89005693b1b70c102178849b740fde00b50c9ba5f3b5530d0e5749ea59837,eca954c21da074c545cb7858315ea39fee0a6f54b19e06474b4f2f91f1666847,c40aaf80f5be3be16016d797963cb563e35b93083df451f9827f99cfadc3c898,6031dc4ee08b61c58b35b1efd7d764739d5c7c54dc7cbe9e9a72a1e4a7098596,e2212c40566e21c680a98186ebd8e984aa80d4fd,4d4ad03b827958468b1a231e360c7ad1aa68035c25af068059838ceae6dfa6d6,1c2a0b828a698273b3c8b45532398e4bfe29534a6c2e0bef6cf2c84f8baa5f93,R3_UA_7_selected,c2c650cc7db4b5356eb4c2ba25eaf9860387a614992303a321be65940bb34284,development_holdout,P0,2017-05-23,1026,1046.6155207087445,f7b48f4274039f732f06e39c2092feed1167a93942aaaf8498423f0eded37232
new_p3_training,True,tuned,UA,7,R3,3cfd389bbd05ec9201a41c0892e29bf8199198d1b216b9a8061370d4240aa583,bd1488a2d411295d7a2118c50ddcc0b158786123613af1676062e2270d1637d1,9cb89005693b1b70c102178849b740fde00b50c9ba5f3b5530d0e5749ea59837,eca954c21da074c545cb7858315ea39fee0a6f54b19e06474b4f2f91f1666847,c40aaf80f5be3be16016d797963cb563e35b93083df451f9827f99cfadc3c898,6031dc4ee08b61c58b35b1efd7d764739d5c7c54dc7cbe9e9a72a1e4a7098596,e2212c40566e21c680a98186ebd8e984aa80d4fd,4d4ad03b827958468b1a231e360c7ad1aa68035c25af068059838ceae6dfa6d6,1c2a0b828a698273b3c8b45532398e4bfe29534a6c2e0bef6cf2c84f8baa5f93,R3_UA_7_selected,c2c650cc7db4b5356eb4c2ba25eaf9860387a614992303a321be65940bb34284,development_holdout,P0,2017-05-24,1026,1001.53417132831,6a92951abf20953fac4112d25508a9038c225d46262faf135cb64ee0f8b59d59
new_p3_training,True,tuned,UA,7,R3,3cfd389bbd05ec9201a41c0892e29bf8199198d1b216b9a8061370d4240aa583,bd1488a2d411295d7a2118c50ddcc0b158786123613af1676062e2270d1637d1,9cb89005693b1b70c102178849b740fde00b50c9ba5f3b5530d0e5749ea59837,eca954c21da074c545cb7858315ea39fee0a6f54b19e06474b4f2f91f1666847,c40aaf80f5be3be16016d797963cb563e35b93083df451f9827f99cfadc3c898,6031dc4ee08b61c58b35b1efd7d764739d5c7c54dc7cbe9e9a72a1e4a7098596,e2212c40566e21c680a98186ebd8e984aa80d4fd,4d4ad03b827958468b1a231e360c7ad1aa68035c25af068059838ceae6dfa6d6,1c2a0b828a698273b3c8b45532398e4bfe29534a6c2e0bef6cf2c84f8baa5f93,R3_UA_7_selected,c2c650cc7db4b5356eb4c2ba25eaf9860387a614992303a321be65940bb34284,development_holdout,P0,2017-05-25,1026,983.0949885185354,cb7a23eb5b4f4eb3337e141f633948967457eecd3f6b8ded1c2be403588f8cba
new_p3_training,True,tuned,UA,7,R3,3cfd389bbd05ec9201a41c0892e29bf8199198d1b216b9a8061370d4240aa583,bd1488a2d411295d7a2118c50ddcc0b158786123613af1676062e2270d1637d1,9cb89005693b1b70c102178849b740fde00b50c9ba5f3b5530d0e5749ea59837,eca954c21da074c545cb7858315ea39fee0a6f54b19e06474b4f2f91f1666847,c40aaf80f5be3be16016d797963cb563e35b93083df451f9827f99cfadc3c898,6031dc4ee08b61c58b35b1efd7d764739d5c7c54dc7cbe9e9a72a1e4a7098596,e2212c40566e21c680a98186ebd8e984aa80d4fd,4d4ad03b827958468b1a231e360c7ad1aa68035c25af068059838ceae6dfa6d6,1c2a0b828a698273b3c8b45532398e4bfe29534a6c2e0bef6cf2c84f8baa5f93,R3_UA_7_selected,c2c650cc7db4b5356eb4c2ba25eaf9860387a614992303a321be65940bb34284,development_holdout,P0,2017-05-26,1026,989.2962986600502,bc17cc8297732ed310bf6b2e7ec776fd13c6f6d42a5d4b55dad14c506ea5eb6a
new_p3_training,True,tuned,UA,7,R3,3cfd389bbd05ec9201a41c0892e29bf8199198d1b216b9a8061370d4240aa583,bd1488a2d411295d7a2118c50ddcc0b158786123613af1676062e2270d1637d1,9cb89005693b1b70c102178849b740fde00b50c9ba5f3b5530d0e5749ea59837,eca954c21da074c545cb7858315ea39fee0a6f54b19e06474b4f2f91f1666847,c40aaf80f5be3be16016d797963cb563e35b93083df451f9827f99cfadc3c898,6031dc4ee08b61c58b35b1efd7d764739d5c7c54dc7cbe9e9a72a1e4a7098596,e2212c40566e21c680a98186ebd8e984aa80d4fd,4d4ad03b827958468b1a231e360c7ad1aa68035c25af068059838ceae6dfa6d6,1c2a0b828a698273b3c8b45532398e4bfe29534a6c2e0bef6cf2c84f8baa5f93,R3_UA_7_selected,c2c650cc7db4b5356eb4c2ba25eaf9860387a614992303a321be65940bb34284,development_holdout,P0,2017-05-29,1026,1018.3927743734503,9c14ec63040da700c68269cee6c0a10b7a7f3f9d9b39794487319782993c3215
new_p3_training,True,tuned,UA,7,R3,3cfd389bbd05ec9201a41c0892e29bf8199198d1b216b9a8061370d4240aa583,bd1488a2d411295d7a2118c50ddcc0b158786123613af1676062e2270d1637d1,9cb89005693b1b70c102178849b740fde00b50c9ba5f3b5530d0e5749ea59837,eca954c21da074c545cb7858315ea39fee0a6f54b19e06474b4f2f91f1666847,c40aaf80f5be3be16016d797963cb563e35b93083df451f9827f99cfadc3c898,6031dc4ee08b61c58b35b1efd7d764739d5c7c54dc7cbe9e9a72a1e4a7098596,e2212c40566e21c680a98186ebd8e984aa80d4fd,4d4ad03b827958468b1a231e360c7ad1aa68035c25af068059838ceae6dfa6d6,1c2a0b828a698273b3c8b45532398e4bfe29534a6c2e0bef6cf2c84f8baa5f93,R3_UA_7_selected,c2c650cc7db4b5356eb4c2ba25eaf9860387a614992303a321be65940bb34284,development_holdout,P0,2017-05-30,1026,980.7741363415308,aa90dbec0b0948b01c1752f06ba6ae289b49252e28b1ee312adf3d00cf26a1f1
new_p3_training,True,tuned,UA,7,R3,3cfd389bbd05ec9201a41c0892e29bf8199198d1b216b9a8061370d4240aa583,bd1488a2d411295d7a2118c50ddcc0b158786123613af1676062e2270d1637d1,9cb89005693b1b70c102178849b740fde00b50c9ba5f3b5530d0e5749ea59837,eca954c21da074c545cb7858315ea39fee0a6f54b19e06474b4f2f91f1666847,c40aaf80f5be3be16016d797963cb563e35b93083df451f9827f99cfadc3c898,6031dc4ee08b61c58b35b1efd7d764739d5c7c54dc7cbe9e9a72a1e4a7098596,e2212c40566e21c680a98186ebd8e984aa80d4fd,4d4ad03b827958468b1a231e360c7ad1aa68035c25af068059838ceae6dfa6d6,1c2a0b828a698273b3c8b45532398e4bfe29534a6c2e0bef6cf2c84f8baa5f93,R3_UA_7_selected,c2c650cc7db4b5356eb4c2ba25eaf9860387a614992303a321be65940bb34284,development_holdout,P0,2017-05-31,1026,965.0006484049843,c27f19c5319c85d380d87022c9ee074c488c73be482d8f6e5833ef55b1d95000
new_p3_training,True,tuned,UA,7,R3,3cfd389bbd05ec9201a41c0892e29bf8199198d1b216b9a8061370d4240aa583,bd1488a2d411295d7a2118c50ddcc0b158786123613af1676062e2270d1637d1,9cb89005693b1b70c102178849b740fde00b50c9ba5f3b5530d0e5749ea59837,eca954c21da074c545cb7858315ea39fee0a6f54b19e06474b4f2f91f1666847,c40aaf80f5be3be16016d797963cb563e35b93083df451f9827f99cfadc3c898,6031dc4ee08b61c58b35b1efd7d764739d5c7c54dc7cbe9e9a72a1e4a7098596,e2212c40566e21c680a98186ebd8e984aa80d4fd,4d4ad03b827958468b1a231e360c7ad1aa68035c25af068059838ceae6dfa6d6,1c2a0b828a698273b3c8b45532398e4bfe29534a6c2e0bef6cf2c84f8baa5f93,R3_UA_7_selected,c2c650cc7db4b5356eb4c2ba25eaf9860387a614992303a321be65940bb34284,development_holdout,P0,2017-06-01,1026,912.8669307294869,ffc4f9e982868022414ea9d1c714ab4cf8708837d1714612dffd6485eefe9b01
new_p3_training,True,tuned,UA,7,R3,3cfd389bbd05ec9201a41c0892e29bf8199198d1b216b9a8061370d4240aa583,bd1488a2d411295d7a2118c50ddcc0b158786123613af1676062e2270d1637d1,9cb89005693b1b70c102178849b740fde00b50c9ba5f3b5530d0e5749ea59837,eca954c21da074c545cb7858315ea39fee0a6f54b19e06474b4f2f91f1666847,c40aaf80f5be3be16016d797963cb563e35b93083df451f9827f99cfadc3c898,6031dc4ee08b61c58b35b1efd7d764739d5c7c54dc7cbe9e9a72a1e4a7098596,e2212c40566e21c680a98186ebd8e984aa80d4fd,4d4ad03b827958468b1a231e360c7ad1aa68035c25af068059838ceae6dfa6d6,1c2a0b828a698273b3c8b45532398e4bfe29534a6c2e0bef6cf2c84f8baa5f93,R3_UA_7_selected,c2c650cc7db4b5356eb4c2ba25eaf9860387a614992303a321be65940bb34284,development_holdout,P0,2017-06-02,1026,964.0646950243043,23e1874e818e3a50bdcf18895a99702b56f60de9b7698b85975f242b82ddd9dd
new_p3_training,True,tuned,UA,7,R3,3cfd389bbd05ec9201a41c0892e29bf8199198d1b216b9a8061370d4240aa583,bd1488a2d411295d7a2118c50ddcc0b158786123613af1676062e2270d1637d1,9cb89005693b1b70c102178849b740fde00b50c9ba5f3b5530d0e5749ea59837,eca954c21da074c545cb7858315ea39fee0a6f54b19e06474b4f2f91f1666847,c40aaf80f5be3be16016d797963cb563e35b93083df451f9827f99cfadc3c898,6031dc4ee08b61c58b35b1efd7d764739d5c7c54dc7cbe9e9a72a1e4a7098596,e2212c40566e21c680a98186ebd8e984aa80d4fd,4d4ad03b827958468b1a231e360c7ad1aa68035c25af068059838ceae6dfa6d6,1c2a0b828a698273b3c8b45532398e4bfe29534a6c2e0bef6cf2c84f8baa5f93,R3_UA_7_selected,c2c650cc7db4b5356eb4c2ba25eaf9860387a614992303a321be65940bb34284,development_holdout,P0,2017-06-05,1026,919.9479782578776,dc8b7fa6d968de1bfabf0ea036ea96c36ec6fe18ccd3ab4fc1fa62aa7f684863
new_p3_training,True,tuned,UA,7,R3,3cfd389bbd05ec9201a41c0892e29bf8199198d1b216b9a8061370d4240aa583,bd1488a2d411295d7a2118c50ddcc0b158786123613af1676062e2270d1637d1,9cb89005693b1b70c102178849b740fde00b50c9ba5f3b5530d0e5749ea59837,eca954c21da074c545cb7858315ea39fee0a6f54b19e06474b4f2f91f1666847,c40aaf80f5be3be16016d797963cb563e35b93083df451f9827f99cfadc3c898,6031dc4ee08b61c58b35b1efd7d764739d5c7c54dc7cbe9e9a72a1e4a7098596,e2212c40566e21c680a98186ebd8e984aa80d4fd,4d4ad03b827958468b1a231e360c7ad1aa68035c25af068059838ceae6dfa6d6,1c2a0b828a698273b3c8b45532398e4bfe29534a6c2e0bef6cf2c84f8baa5f93,R3_UA_7_selected,c2c650cc7db4b5356eb4c2ba25eaf9860387a614992303a321be65940bb34284,development_holdout,P0,2017-06-07,1026,979.1498420595881,8a878ba345b18263d37a6b1ab88e5bff7c8186b585eadf4b5d99b739b15d9a8d
new_p3_training,True,tuned,UA,7,R3,3cfd389bbd05ec9201a41c0892e29bf8199198d1b216b9a8061370d4240aa583,bd1488a2d411295d7a2118c50ddcc0b158786123613af1676062e2270d1637d1,9cb89005693b1b70c102178849b740fde00b50c9ba5f3b5530d0e5749ea59837,eca954c21da074c545cb7858315ea39fee0a6f54b19e06474b4f2f91f1666847,c40aaf80f5be3be16016d797963cb563e35b93083df451f9827f99cfadc3c898,6031dc4ee08b61c58b35b1efd7d764739d5c7c54dc7cbe9e9a72a1e4a7098596,e2212c40566e21c680a98186ebd8e984aa80d4fd,4d4ad03b827958468b1a231e360c7ad1aa68035c25af068059838ceae6dfa6d6,1c2a0b828a698273b3c8b45532398e4bfe29534a6c2e0bef6cf2c84f8baa5f93,R3_UA_7_selected,c2c650cc7db4b5356eb4c2ba25eaf9860387a614992303a321be65940bb34284,development_holdout,P0,2017-06-08,1026,946.3284996766167,6e63b82f0bd8c587f5c3b0d0586ddb66130b621924c1df2a39c1189496d9d5f1
new_p3_training,True,tuned,UA,7,R3,3cfd389bbd05ec9201a41c0892e29bf8199198d1b216b9a8061370d4240aa583,bd1488a2d411295d7a2118c50ddcc0b158786123613af1676062e2270d1637d1,9cb89005693b1b70c102178849b740fde00b50c9ba5f3b5530d0e5749ea59837,eca954c21da074c545cb7858315ea39fee0a6f54b19e06474b4f2f91f1666847,c40aaf80f5be3be16016d797963cb563e35b93083df451f9827f99cfadc3c898,6031dc4ee08b61c58b35b1efd7d764739d5c7c54dc7cbe9e9a72a1e4a7098596,e2212c40566e21c680a98186ebd8e984aa80d4fd,4d4ad03b827958468b1a231e360c7ad1aa68035c25af068059838ceae6dfa6d6,1c2a0b828a698273b3c8b45532398e4bfe29534a6c2e0bef6cf2c84f8baa5f93,R3_UA_7_selected,c2c650cc7db4b5356eb4c2ba25eaf9860387a614992303a321be65940bb34284,development_holdout,P0,2017-06-09,1026,980.8858952525204,11fa1b317c1b445df417893a03a7c728b695b6089f81e3218090f09b113dfb47
new_p3_training,True,tuned,UA,7,R3,3cfd389bbd05ec9201a41c0892e29bf8199198d1b216b9a8061370d4240aa583,bd1488a2d411295d7a2118c50ddcc0b158786123613af1676062e2270d1637d1,9cb89005693b1b70c102178849b740fde00b50c9ba5f3b5530d0e5749ea59837,eca954c21da074c545cb7858315ea39fee0a6f54b19e06474b4f2f91f1666847,c40aaf80f5be3be16016d797963cb563e35b93083df451f9827f99cfadc3c898,6031dc4ee08b61c58b35b1efd7d764739d5c7c54dc7cbe9e9a72a1e4a7098596,e2212c40566e21c680a98186ebd8e984aa80d4fd,4d4ad03b827958468b1a231e360c7ad1aa68035c25af068059838ceae6dfa6d6,1c2a0b828a698273b3c8b45532398e4bfe29534a6c2e0bef6cf2c84f8baa5f93,R3_UA_7_selected,c2c650cc7db4b5356eb4c2ba25eaf9860387a614992303a321be65940bb34284,development_holdout,P0,2017-06-12,1026,956.4100072765295,aa3c9f6c202bb53d94d34903bbe3203bc0d936b5ff4c99069bff098e77844653
new_p3_training,True,tuned,UA,7,R3,3cfd389bbd05ec9201a41c0892e29bf8199198d1b216b9a8061370d4240aa583,bd1488a2d411295d7a2118c50ddcc0b158786123613af1676062e2270d1637d1,9cb89005693b1b70c102178849b740fde00b50c9ba5f3b5530d0e5749ea59837,eca954c21da074c545cb7858315ea39fee0a6f54b19e06474b4f2f91f1666847,c40aaf80f5be3be16016d797963cb563e35b93083df451f9827f99cfadc3c898,6031dc4ee08b61c58b35b1efd7d764739d5c7c54dc7cbe9e9a72a1e4a7098596,e2212c40566e21c680a98186ebd8e984aa80d4fd,4d4ad03b827958468b1a231e360c7ad1aa68035c25af068059838ceae6dfa6d6,1c2a0b828a698273b3c8b45532398e4bfe29534a6c2e0bef6cf2c84f8baa5f93,R3_UA_7_selected,c2c650cc7db4b5356eb4c2ba25eaf9860387a614992303a321be65940bb34284,development_holdout,P0,2017-06-13,1026,951.3699305922253,7290ea031e88a1df41f430f241ec2315306bc30fa2467d046f7dd71478991da2
new_p3_training,True,tuned,UA,7,R3,3cfd389bbd05ec9201a41c0892e29bf8199198d1b216b9a8061370d4240aa583,bd1488a2d411295d7a2118c50ddcc0b158786123613af1676062e2270d1637d1,9cb89005693b1b70c102178849b740fde00b50c9ba5f3b5530d0e5749ea59837,eca954c21da074c545cb7858315ea39fee0a6f54b19e06474b4f2f91f1666847,c40aaf80f5be3be16016d797963cb563e35b93083df451f9827f99cfadc3c898,6031dc4ee08b61c58b35b1efd7d764739d5c7c54dc7cbe9e9a72a1e4a7098596,e2212c40566e21c680a98186ebd8e984aa80d4fd,4d4ad03b827958468b1a231e360c7ad1aa68035c25af068059838ceae6dfa6d6,1c2a0b828a698273b3c8b45532398e4bfe29534a6c2e0bef6cf2c84f8baa5f93,R3_UA_7_selected,c2c650cc7db4b5356eb4c2ba25eaf9860387a614992303a321be65940bb34284,development_holdout,P0,2017-06-14,1026,955.0760193907286,6a0ee0d0980d5a8406bffe42996d50cc20f459b85a639679d34b3873e63f382a
new_p3_training,True,tuned,UA,7,R3,3cfd389bbd05ec9201a41c0892e29bf8199198d1b216b9a8061370d4240aa583,bd1488a2d411295d7a2118c50ddcc0b158786123613af1676062e2270d1637d1,9cb89005693b1b70c102178849b740fde00b50c9ba5f3b5530d0e5749ea59837,eca954c21da074c545cb7858315ea39fee0a6f54b19e06474b4f2f91f1666847,c40aaf80f5be3be16016d797963cb563e35b93083df451f9827f99cfadc3c898,6031dc4ee08b61c58b35b1efd7d764739d5c7c54dc7cbe9e9a72a1e4a7098596,e2212c40566e21c680a98186ebd8e984aa80d4fd,4d4ad03b827958468b1a231e360c7ad1aa68035c25af068059838ceae6dfa6d6,1c2a0b828a698273b3c8b45532398e4bfe29534a6c2e0bef6cf2c84f8baa5f93,R3_UA_7_selected,c2c650cc7db4b5356eb4c2ba25eaf9860387a614992303a321be65940bb34284,development_holdout,P0,2017-06-15,1026,982.962682151911,0b3175822130e66667ed390667e1f889e34b34228a1880b9fff7536164d0a027
new_p3_training,True,tuned,UA,7,R3,3cfd389bbd05ec9201a41c0892e29bf8199198d1b216b9a8061370d4240aa583,bd1488a2d411295d7a2118c50ddcc0b158786123613af1676062e2270d1637d1,9cb89005693b1b70c102178849b740fde00b50c9ba5f3b5530d0e5749ea59837,eca954c21da074c545cb7858315ea39fee0a6f54b19e06474b4f2f91f1666847,c40aaf80f5be3be16016d797963cb563e35b93083df451f9827f99cfadc3c898,6031dc4ee08b61c58b35b1efd7d764739d5c7c54dc7cbe9e9a72a1e4a7098596,e2212c40566e21c680a98186ebd8e984aa80d4fd,4d4ad03b827958468b1a231e360c7ad1aa68035c25af068059838ceae6dfa6d6,1c2a0b828a698273b3c8b45532398e4bfe29534a6c2e0bef6cf2c84f8baa5f93,R3_UA_7_selected,c2c650cc7db4b5356eb4c2ba25eaf9860387a614992303a321be65940bb34284,development_holdout,P0,2017-06-16,1026,922.7685783674212,a8a474b41ffe723c2656fa59ce25e3f1360ececeda761609838ed30b936fdbce
new_p3_training,True,tuned,UA,7,R3,3cfd389bbd05ec9201a41c0892e29bf8199198d1b216b9a8061370d4240aa583,bd1488a2d411295d7a2118c50ddcc0b158786123613af1676062e2270d1637d1,9cb89005693b1b70c102178849b740fde00b50c9ba5f3b5530d0e5749ea59837,eca954c21da074c545cb7858315ea39fee0a6f54b19e06474b4f2f91f1666847,c40aaf80f5be3be16016d797963cb563e35b93083df451f9827f99cfadc3c898,6031dc4ee08b61c58b35b1efd7d764739d5c7c54dc7cbe9e9a72a1e4a7098596,e2212c40566e21c680a98186ebd8e984aa80d4fd,4d4ad03b827958468b1a231e360c7ad1aa68035c25af068059838ceae6dfa6d6,1c2a0b828a698273b3c8b45532398e4bfe29534a6c2e0bef6cf2c84f8baa5f93,R3_UA_7_selected,c2c650cc7db4b5356eb4c2ba25eaf9860387a614992303a321be65940bb34284,development_holdout,P0,2017-06-19,1026,973.0874965195137,7c3806a7b4dc9002020e9de3552964e226cc7c54da18e75b498782936f25c191
new_p3_training,True,tuned,UA,7,R3,3cfd389bbd05ec9201a41c0892e29bf8199198d1b216b9a8061370d4240aa583,bd1488a2d411295d7a2118c50ddcc0b158786123613af1676062e2270d1637d1,9cb89005693b1b70c102178849b740fde00b50c9ba5f3b5530d0e5749ea59837,eca954c21da074c545cb7858315ea39fee0a6f54b19e06474b4f2f91f1666847,c40aaf80f5be3be16016d797963cb563e35b93083df451f9827f99cfadc3c898,6031dc4ee08b61c58b35b1efd7d764739d5c7c54dc7cbe9e9a72a1e4a7098596,e2212c40566e21c680a98186ebd8e984aa80d4fd,4d4ad03b827958468b1a231e360c7ad1aa68035c25af068059838ceae6dfa6d6,1c2a0b828a698273b3c8b45532398e4bfe29534a6c2e0bef6cf2c84f8baa5f93,R3_UA_7_selected,c2c650cc7db4b5356eb4c2ba25eaf9860387a614992303a321be65940bb34284,development_holdout,P0,2017-06-20,1026,959.1413347592367,13c0a10388d80e7fe30da68722964ed28f56db8b79095d1c9f9e7dcf9f9c2a92
new_p3_training,True,tuned,UA,7,R3,3cfd389bbd05ec9201a41c0892e29bf8199198d1b216b9a8061370d4240aa583,bd1488a2d411295d7a2118c50ddcc0b158786123613af1676062e2270d1637d1,9cb89005693b1b70c102178849b740fde00b50c9ba5f3b5530d0e5749ea59837,eca954c21da074c545cb7858315ea39fee0a6f54b19e06474b4f2f91f1666847,c40aaf80f5be3be16016d797963cb563e35b93083df451f9827f99cfadc3c898,6031dc4ee08b61c58b35b1efd7d764739d5c7c54dc7cbe9e9a72a1e4a7098596,e2212c40566e21c680a98186ebd8e984aa80d4fd,4d4ad03b827958468b1a231e360c7ad1aa68035c25af068059838ceae6dfa6d6,1c2a0b828a698273b3c8b45532398e4bfe29534a6c2e0bef6cf2c84f8baa5f93,R3_UA_7_selected,c2c650cc7db4b5356eb4c2ba25eaf9860387a614992303a321be65940bb34284,development_holdout,P0,2017-06-21,1026,1034.2523034173978,167d1d30de0aa182d83194502fd0d0325f15a6af2ed3c9786c845476f39ac722
new_p3_training,True,tuned,UA,7,R3,3cfd389bbd05ec9201a41c0892e29bf8199198d1b216b9a8061370d4240aa583,bd1488a2d411295d7a2118c50ddcc0b158786123613af1676062e2270d1637d1,9cb89005693b1b70c102178849b740fde00b50c9ba5f3b5530d0e5749ea59837,eca954c21da074c545cb7858315ea39fee0a6f54b19e06474b4f2f91f1666847,c40aaf80f5be3be16016d797963cb563e35b93083df451f9827f99cfadc3c898,6031dc4ee08b61c58b35b1efd7d764739d5c7c54dc7cbe9e9a72a1e4a7098596,e2212c40566e21c680a98186ebd8e984aa80d4fd,4d4ad03b827958468b1a231e360c7ad1aa68035c25af068059838ceae6dfa6d6,1c2a0b828a698273b3c8b45532398e4bfe29534a6c2e0bef6cf2c84f8baa5f93,R3_UA_7_selected,c2c650cc7db4b5356eb4c2ba25eaf9860387a614992303a321be65940bb34284,development_holdout,P0,2017-06-22,1026,998.2186653860545,b9c055d9d18637592532452c85944fc938b482e932e2892c25a85d0bc35da781
new_p3_training,True,tuned,UA,7,R3,3cfd389bbd05ec9201a41c0892e29bf8199198d1b216b9a8061370d4240aa583,bd1488a2d411295d7a2118c50ddcc0b158786123613af1676062e2270d1637d1,9cb89005693b1b70c102178849b740fde00b50c9ba5f3b5530d0e5749ea59837,eca954c21da074c545cb7858315ea39fee0a6f54b19e06474b4f2f91f1666847,c40aaf80f5be3be16016d797963cb563e35b93083df451f9827f99cfadc3c898,6031dc4ee08b61c58b35b1efd7d764739d5c7c54dc7cbe9e9a72a1e4a7098596,e2212c40566e21c680a98186ebd8e984aa80d4fd,4d4ad03b827958468b1a231e360c7ad1aa68035c25af068059838ceae6dfa6d6,1c2a0b828a698273b3c8b45532398e4bfe29534a6c2e0bef6cf2c84f8baa5f93,R3_UA_7_selected,c2c650cc7db4b5356eb4c2ba25eaf9860387a614992303a321be65940bb34284,development_holdout,P0,2017-06-23,1026,961.697856396718,74348a63842d1485654fe91422e5ff82aa133d1d719cbcfbbb54788e0abcb47a
new_p3_training,True,tuned,UA,7,R3,3cfd389bbd05ec9201a41c0892e29bf8199198d1b216b9a8061370d4240aa583,bd1488a2d411295d7a2118c50ddcc0b158786123613af1676062e2270d1637d1,9cb89005693b1b70c102178849b740fde00b50c9ba5f3b5530d0e5749ea59837,eca954c21da074c545cb7858315ea39fee0a6f54b19e06474b4f2f91f1666847,c40aaf80f5be3be16016d797963cb563e35b93083df451f9827f99cfadc3c898,6031dc4ee08b61c58b35b1efd7d764739d5c7c54dc7cbe9e9a72a1e4a7098596,e2212c40566e21c680a98186ebd8e984aa80d4fd,4d4ad03b827958468b1a231e360c7ad1aa68035c25af068059838ceae6dfa6d6,1c2a0b828a698273b3c8b45532398e4bfe29534a6c2e0bef6cf2c84f8baa5f93,R3_UA_7_selected,c2c650cc7db4b5356eb4c2ba25eaf9860387a614992303a321be65940bb34284,development_holdout,P0,2017-06-26,1026,945.6151985755837,ad0c4a3fad54d25949fe68c1fda0e9e714a26abd31eec27b6219bbf0563dc044
new_p3_training,True,tuned,UA,7,R3,3cfd389bbd05ec9201a41c0892e29bf8199198d1b216b9a8061370d4240aa583,bd1488a2d411295d7a2118c50ddcc0b158786123613af1676062e2270d1637d1,9cb89005693b1b70c102178849b740fde00b50c9ba5f3b5530d0e5749ea59837,eca954c21da074c545cb7858315ea39fee0a6f54b19e06474b4f2f91f1666847,c40aaf80f5be3be16016d797963cb563e35b93083df451f9827f99cfadc3c898,6031dc4ee08b61c58b35b1efd7d764739d5c7c54dc7cbe9e9a72a1e4a7098596,e2212c40566e21c680a98186ebd8e984aa80d4fd,4d4ad03b827958468b1a231e360c7ad1aa68035c25af068059838ceae6dfa6d6,1c2a0b828a698273b3c8b45532398e4bfe29534a6c2e0bef6cf2c84f8baa5f93,R3_UA_7_selected,c2c650cc7db4b5356eb4c2ba25eaf9860387a614992303a321be65940bb34284,development_holdout,P0,2017-06-27,1026,936.1171724354938,4b4c196a1733bf1c72db21f83e711e13fac8565ce57b3132597c05c6f5a5ab20
new_p3_training,True,tuned,UA,7,R3,3cfd389bbd05ec9201a41c0892e29bf8199198d1b216b9a8061370d4240aa583,bd1488a2d411295d7a2118c50ddcc0b158786123613af1676062e2270d1637d1,9cb89005693b1b70c102178849b740fde00b50c9ba5f3b5530d0e5749ea59837,eca954c21da074c545cb7858315ea39fee0a6f54b19e06474b4f2f91f1666847,c40aaf80f5be3be16016d797963cb563e35b93083df451f9827f99cfadc3c898,6031dc4ee08b61c58b35b1efd7d764739d5c7c54dc7cbe9e9a72a1e4a7098596,e2212c40566e21c680a98186ebd8e984aa80d4fd,4d4ad03b827958468b1a231e360c7ad1aa68035c25af068059838ceae6dfa6d6,1c2a0b828a698273b3c8b45532398e4bfe29534a6c2e0bef6cf2c84f8baa5f93,R3_UA_7_selected,c2c650cc7db4b5356eb4c2ba25eaf9860387a614992303a321be65940bb34284,development_holdout,P0,2017-06-28,1026,979.1269930467239,52a3650e207263b486de19b53de75d922ffc62520ab679284e0b888c0fb6af2b
new_p3_training,True,tuned,UA,7,R3,3cfd389bbd05ec9201a41c0892e29bf8199198d1b216b9a8061370d4240aa583,bd1488a2d411295d7a2118c50ddcc0b158786123613af1676062e2270d1637d1,9cb89005693b1b70c102178849b740fde00b50c9ba5f3b5530d0e5749ea59837,eca954c21da074c545cb7858315ea39fee0a6f54b19e06474b4f2f91f1666847,c40aaf80f5be3be16016d797963cb563e35b93083df451f9827f99cfadc3c898,6031dc4ee08b61c58b35b1efd7d764739d5c7c54dc7cbe9e9a72a1e4a7098596,e2212c40566e21c680a98186ebd8e984aa80d4fd,4d4ad03b827958468b1a231e360c7ad1aa68035c25af068059838ceae6dfa6d6,1c2a0b828a698273b3c8b45532398e4bfe29534a6c2e0bef6cf2c84f8baa5f93,R3_UA_7_selected,c2c650cc7db4b5356eb4c2ba25eaf9860387a614992303a321be65940bb34284,development_holdout,P0,2017-06-29,1026,990.7559155151162,47acc7804041442a8b2988099e0bce9afc1ccccd40d9604f73deb573f8f38882
new_p3_training,True,tuned,UA,7,R3,3cfd389bbd05ec9201a41c0892e29bf8199198d1b216b9a8061370d4240aa583,bd1488a2d411295d7a2118c50ddcc0b158786123613af1676062e2270d1637d1,9cb89005693b1b70c102178849b740fde00b50c9ba5f3b5530d0e5749ea59837,eca954c21da074c545cb7858315ea39fee0a6f54b19e06474b4f2f91f1666847,c40aaf80f5be3be16016d797963cb563e35b93083df451f9827f99cfadc3c898,6031dc4ee08b61c58b35b1efd7d764739d5c7c54dc7cbe9e9a72a1e4a7098596,e2212c40566e21c680a98186ebd8e984aa80d4fd,4d4ad03b827958468b1a231e360c7ad1aa68035c25af068059838ceae6dfa6d6,1c2a0b828a698273b3c8b45532398e4bfe29534a6c2e0bef6cf2c84f8baa5f93,R3_UA_7_selected,c2c650cc7db4b5356eb4c2ba25eaf9860387a614992303a321be65940bb34284,development_holdout,P0,2017-06-30,1026,939.0085475206869,51da75dc3ab0b4b21ab91bded17147d08c97964cb45aa7b055240f4c3051bd7c
new_p3_training,True,tuned,UA,7,R3,3cfd389bbd05ec9201a41c0892e29bf8199198d1b216b9a8061370d4240aa583,bd1488a2d411295d7a2118c50ddcc0b158786123613af1676062e2270d1637d1,9cb89005693b1b70c102178849b740fde00b50c9ba5f3b5530d0e5749ea59837,eca954c21da074c545cb7858315ea39fee0a6f54b19e06474b4f2f91f1666847,c40aaf80f5be3be16016d797963cb563e35b93083df451f9827f99cfadc3c898,6031dc4ee08b61c58b35b1efd7d764739d5c7c54dc7cbe9e9a72a1e4a7098596,e2212c40566e21c680a98186ebd8e984aa80d4fd,4d4ad03b827958468b1a231e360c7ad1aa68035c25af068059838ceae6dfa6d6,1c2a0b828a698273b3c8b45532398e4bfe29534a6c2e0bef6cf2c84f8baa5f93,R3_UA_7_selected,c2c650cc7db4b5356eb4c2ba25eaf9860387a614992303a321be65940bb34284,development_holdout,P1,2017-05-16,982,915.6420988284684,cad06086ebd023ae608dccf78b3108f91d09d9d9f8c6cd0173a4555dce42d5ec
new_p3_training,True,tuned,UA,7,R3,3cfd389bbd05ec9201a41c0892e29bf8199198d1b216b9a8061370d4240aa583,bd1488a2d411295d7a2118c50ddcc0b158786123613af1676062e2270d1637d1,9cb89005693b1b70c102178849b740fde00b50c9ba5f3b5530d0e5749ea59837,eca954c21da074c545cb7858315ea39fee0a6f54b19e06474b4f2f91f1666847,c40aaf80f5be3be16016d797963cb563e35b93083df451f9827f99cfadc3c898,6031dc4ee08b61c58b35b1efd7d764739d5c7c54dc7cbe9e9a72a1e4a7098596,e2212c40566e21c680a98186ebd8e984aa80d4fd,4d4ad03b827958468b1a231e360c7ad1aa68035c25af068059838ceae6dfa6d6,1c2a0b828a698273b3c8b45532398e4bfe29534a6c2e0bef6cf2c84f8baa5f93,R3_UA_7_selected,c2c650cc7db4b5356eb4c2ba25eaf9860387a614992303a321be65940bb34284,development_holdout,P1,2017-05-17,995,921.5162036114464,6ef4dbe5229803bed8b13697df5b6652d538dd8393bc0d07d69b5a224f8d6740
new_p3_training,True,tuned,UA,7,R3,3cfd389bbd05ec9201a41c0892e29bf8199198d1b216b9a8061370d4240aa583,bd1488a2d411295d7a2118c50ddcc0b158786123613af1676062e2270d1637d1,9cb89005693b1b70c102178849b740fde00b50c9ba5f3b5530d0e5749ea59837,eca954c21da074c545cb7858315ea39fee0a6f54b19e06474b4f2f91f1666847,c40aaf80f5be3be16016d797963cb563e35b93083df451f9827f99cfadc3c898,6031dc4ee08b61c58b35b1efd7d764739d5c7c54dc7cbe9e9a72a1e4a7098596,e2212c40566e21c680a98186ebd8e984aa80d4fd,4d4ad03b827958468b1a231e360c7ad1aa68035c25af068059838ceae6dfa6d6,1c2a0b828a698273b3c8b45532398e4bfe29534a6c2e0bef6cf2c84f8baa5f93,R3_UA_7_selected,c2c650cc7db4b5356eb4c2ba25eaf9860387a614992303a321be65940bb34284,development_holdout,P1,2017-05-18,967,899.3698772145053,fbb63ad41d49b43e33f6dbffeea5a0540f408a8bcd08976e4e8fb6b5e378bde9
new_p3_training,True,tuned,UA,7,R3,3cfd389bbd05ec9201a41c0892e29bf8199198d1b216b9a8061370d4240aa583,bd1488a2d411295d7a2118c50ddcc0b158786123613af1676062e2270d1637d1,9cb89005693b1b70c102178849b740fde00b50c9ba5f3b5530d0e5749ea59837,eca954c21da074c545cb7858315ea39fee0a6f54b19e06474b4f2f91f1666847,c40aaf80f5be3be16016d797963cb563e35b93083df451f9827f99cfadc3c898,6031dc4ee08b61c58b35b1efd7d764739d5c7c54dc7cbe9e9a72a1e4a7098596,e2212c40566e21c680a98186ebd8e984aa80d4fd,4d4ad03b827958468b1a231e360c7ad1aa68035c25af068059838ceae6dfa6d6,1c2a0b828a698273b3c8b45532398e4bfe29534a6c2e0bef6cf2c84f8baa5f93,R3_UA_7_selected,c2c650cc7db4b5356eb4c2ba25eaf9860387a614992303a321be65940bb34284,development_holdout,P1,2017-05-19,963,905.8298912322747,1839afa5c494a11e94ff64238a69bc26dcbf00b548cab2dd7306da394e3237c3
new_p3_training,True,tuned,UA,7,R3,3cfd389bbd05ec9201a41c0892e29bf8199198d1b216b9a8061370d4240aa583,bd1488a2d411295d7a2118c50ddcc0b158786123613af1676062e2270d1637d1,9cb89005693b1b70c102178849b740fde00b50c9ba5f3b5530d0e5749ea59837,eca954c21da074c545cb7858315ea39fee0a6f54b19e06474b4f2f91f1666847,c40aaf80f5be3be16016d797963cb563e35b93083df451f9827f99cfadc3c898,6031dc4ee08b61c58b35b1efd7d764739d5c7c54dc7cbe9e9a72a1e4a7098596,e2212c40566e21c680a98186ebd8e984aa80d4fd,4d4ad03b827958468b1a231e360c7ad1aa68035c25af068059838ceae6dfa6d6,1c2a0b828a698273b3c8b45532398e4bfe29534a6c2e0bef6cf2c84f8baa5f93,R3_UA_7_selected,c2c650cc7db4b5356eb4c2ba25eaf9860387a614992303a321be65940bb34284,development_holdout,P1,2017-05-22,973,885.3914013042066,7c8b649b74d4ec0815e5d72aa7f92c7fa0447824131dc4c0e05945bb18876848
new_p3_training,True,tuned,UA,7,R3,3cfd389bbd05ec9201a41c0892e29bf8199198d1b216b9a8061370d4240aa583,bd1488a2d411295d7a2118c50ddcc0b158786123613af1676062e2270d1637d1,9cb89005693b1b70c102178849b740fde00b50c9ba5f3b5530d0e5749ea59837,eca954c21da074c545cb7858315ea39fee0a6f54b19e06474b4f2f91f1666847,c40aaf80f5be3be16016d797963cb563e35b93083df451f9827f99cfadc3c898,6031dc4ee08b61c58b35b1efd7d764739d5c7c54dc7cbe9e9a72a1e4a7098596,e2212c40566e21c680a98186ebd8e984aa80d4fd,4d4ad03b827958468b1a231e360c7ad1aa68035c25af068059838ceae6dfa6d6,1c2a0b828a698273b3c8b45532398e4bfe29534a6c2e0bef6cf2c84f8baa5f93,R3_UA_7_selected,c2c650cc7db4b5356eb4c2ba25eaf9860387a614992303a321be65940bb34284,development_holdout,P1,2017-05-23,965,983.5995445554425,ad487bda5514676fba9f4b144bfc4c321c3506a50c4a465d375516892cb09dea
new_p3_training,True,tuned,UA,7,R3,3cfd389bbd05ec9201a41c0892e29bf8199198d1b216b9a8061370d4240aa583,bd1488a2d411295d7a2118c50ddcc0b158786123613af1676062e2270d1637d1,9cb89005693b1b70c102178849b740fde00b50c9ba5f3b5530d0e5749ea59837,eca954c21da074c545cb7858315ea39fee0a6f54b19e06474b4f2f91f1666847,c40aaf80f5be3be16016d797963cb563e35b93083df451f9827f99cfadc3c898,6031dc4ee08b61c58b35b1efd7d764739d5c7c54dc7cbe9e9a72a1e4a7098596,e2212c40566e21c680a98186ebd8e984aa80d4fd,4d4ad03b827958468b1a231e360c7ad1aa68035c25af068059838ceae6dfa6d6,1c2a0b828a698273b3c8b45532398e4bfe29534a6c2e0bef6cf2c84f8baa5f93,R3_UA_7_selected,c2c650cc7db4b5356eb4c2ba25eaf9860387a614992303a321be65940bb34284,development_holdout,P1,2017-05-24,975,948.0923547788018,27ce96788166379ce0c49972d9f0ede852edd82208baff80fc2c183ec1c79402
new_p3_training,True,tuned,UA,7,R3,3cfd389bbd05ec9201a41c0892e29bf8199198d1b216b9a8061370d4240aa583,bd1488a2d411295d7a2118c50ddcc0b158786123613af1676062e2270d1637d1,9cb89005693b1b70c102178849b740fde00b50c9ba5f3b5530d0e5749ea59837,eca954c21da074c545cb7858315ea39fee0a6f54b19e06474b4f2f91f1666847,c40aaf80f5be3be16016d797963cb563e35b93083df451f9827f99cfadc3c898,6031dc4ee08b61c58b35b1efd7d764739d5c7c54dc7cbe9e9a72a1e4a7098596,e2212c40566e21c680a98186ebd8e984aa80d4fd,4d4ad03b827958468b1a231e360c7ad1aa68035c25af068059838ceae6dfa6d6,1c2a0b828a698273b3c8b45532398e4bfe29534a6c2e0bef6cf2c84f8baa5f93,R3_UA_7_selected,c2c650cc7db4b5356eb4c2ba25eaf9860387a614992303a321be65940bb34284,development_holdout,P1,2017-05-25,989,951.0397918697618,edb2028bfb7150301832cd3cf1d4c7b7396382c3bc9f74d00f31a6d3493942cc
new_p3_training,True,tuned,UA,7,R3,3cfd389bbd05ec9201a41c0892e29bf8199198d1b216b9a8061370d4240aa583,bd1488a2d411295d7a2118c50ddcc0b158786123613af1676062e2270d1637d1,9cb89005693b1b70c102178849b740fde00b50c9ba5f3b5530d0e5749ea59837,eca954c21da074c545cb7858315ea39fee0a6f54b19e06474b4f2f91f1666847,c40aaf80f5be3be16016d797963cb563e35b93083df451f9827f99cfadc3c898,6031dc4ee08b61c58b35b1efd7d764739d5c7c54dc7cbe9e9a72a1e4a7098596,e2212c40566e21c680a98186ebd8e984aa80d4fd,4d4ad03b827958468b1a231e360c7ad1aa68035c25af068059838ceae6dfa6d6,1c2a0b828a698273b3c8b45532398e4bfe29534a6c2e0bef6cf2c84f8baa5f93,R3_UA_7_selected,c2c650cc7db4b5356eb4c2ba25eaf9860387a614992303a321be65940bb34284,development_holdout,P1,2017-05-26,977,943.2262290946584,6ce68017935fd0522b78a2f764a242332d989a19562b6272897a008b07bd0c8d
new_p3_training,True,tuned,UA,7,R3,3cfd389bbd05ec9201a41c0892e29bf8199198d1b216b9a8061370d4240aa583,bd1488a2d411295d7a2118c50ddcc0b158786123613af1676062e2270d1637d1,9cb89005693b1b70c102178849b740fde00b50c9ba5f3b5530d0e5749ea59837,eca954c21da074c545cb7858315ea39fee0a6f54b19e06474b4f2f91f1666847,c40aaf80f5be3be16016d797963cb563e35b93083df451f9827f99cfadc3c898,6031dc4ee08b61c58b35b1efd7d764739d5c7c54dc7cbe9e9a72a1e4a7098596,e2212c40566e21c680a98186ebd8e984aa80d4fd,4d4ad03b827958468b1a231e360c7ad1aa68035c25af068059838ceae6dfa6d6,1c2a0b828a698273b3c8b45532398e4bfe29534a6c2e0bef6cf2c84f8baa5f93,R3_UA_7_selected,c2c650cc7db4b5356eb4c2ba25eaf9860387a614992303a321be65940bb34284,development_holdout,P1,2017-05-29,968,957.0739178054373,e3d48348e1453723cab5b02da32e1f1ffd275e7a3d6f47ee40eaa871cd45f47f
new_p3_training,True,tuned,UA,7,R3,3cfd389bbd05ec9201a41c0892e29bf8199198d1b216b9a8061370d4240aa583,bd1488a2d411295d7a2118c50ddcc0b158786123613af1676062e2270d1637d1,9cb89005693b1b70c102178849b740fde00b50c9ba5f3b5530d0e5749ea59837,eca954c21da074c545cb7858315ea39fee0a6f54b19e06474b4f2f91f1666847,c40aaf80f5be3be16016d797963cb563e35b93083df451f9827f99cfadc3c898,6031dc4ee08b61c58b35b1efd7d764739d5c7c54dc7cbe9e9a72a1e4a7098596,e2212c40566e21c680a98186ebd8e984aa80d4fd,4d4ad03b827958468b1a231e360c7ad1aa68035c25af068059838ceae6dfa6d6,1c2a0b828a698273b3c8b45532398e4bfe29534a6c2e0bef6cf2c84f8baa5f93,R3_UA_7_selected,c2c650cc7db4b5356eb4c2ba25eaf9860387a614992303a321be65940bb34284,development_holdout,P1,2017-05-30,979,939.7714378787563,ce811be6f07a7967ceb8dbec06b7c9e829044f3620d674a4ea39f63a0feb0e89
new_p3_training,True,tuned,UA,7,R3,3cfd389bbd05ec9201a41c0892e29bf8199198d1b216b9a8061370d4240aa583,bd1488a2d411295d7a2118c50ddcc0b158786123613af1676062e2270d1637d1,9cb89005693b1b70c102178849b740fde00b50c9ba5f3b5530d0e5749ea59837,eca954c21da074c545cb7858315ea39fee0a6f54b19e06474b4f2f91f1666847,c40aaf80f5be3be16016d797963cb563e35b93083df451f9827f99cfadc3c898,6031dc4ee08b61c58b35b1efd7d764739d5c7c54dc7cbe9e9a72a1e4a7098596,e2212c40566e21c680a98186ebd8e984aa80d4fd,4d4ad03b827958468b1a231e360c7ad1aa68035c25af068059838ceae6dfa6d6,1c2a0b828a698273b3c8b45532398e4bfe29534a6c2e0bef6cf2c84f8baa5f93,R3_UA_7_selected,c2c650cc7db4b5356eb4c2ba25eaf9860387a614992303a321be65940bb34284,development_holdout,P1,2017-05-31,980,928.5846224330869,e821f2edce74acc297ee8e17c23c054a8dbcfacb4a6b3d2483a00189bbfbb7d8
new_p3_training,True,tuned,UA,7,R3,3cfd389bbd05ec9201a41c0892e29bf8199198d1b216b9a8061370d4240aa583,bd1488a2d411295d7a2118c50ddcc0b158786123613af1676062e2270d1637d1,9cb89005693b1b70c102178849b740fde00b50c9ba5f3b5530d0e5749ea59837,eca954c21da074c545cb7858315ea39fee0a6f54b19e06474b4f2f91f1666847,c40aaf80f5be3be16016d797963cb563e35b93083df451f9827f99cfadc3c898,6031dc4ee08b61c58b35b1efd7d764739d5c7c54dc7cbe9e9a72a1e4a7098596,e2212c40566e21c680a98186ebd8e984aa80d4fd,4d4ad03b827958468b1a231e360c7ad1aa68035c25af068059838ceae6dfa6d6,1c2a0b828a698273b3c8b45532398e4bfe29534a6c2e0bef6cf2c84f8baa5f93,R3_UA_7_selected,c2c650cc7db4b5356eb4c2ba25eaf9860387a614992303a321be65940bb34284,development_holdout,P1,2017-06-01,970,861.3712946651016,151fb065b6ee9124cd30b244535136ff6c71c22f5adfed7eef82ec2d92adaa36
new_p3_training,True,tuned,UA,7,R3,3cfd389bbd05ec9201a41c0892e29bf8199198d1b216b9a8061370d4240aa583,bd1488a2d411295d7a2118c50ddcc0b158786123613af1676062e2270d1637d1,9cb89005693b1b70c102178849b740fde00b50c9ba5f3b5530d0e5749ea59837,eca954c21da074c545cb7858315ea39fee0a6f54b19e06474b4f2f91f1666847,c40aaf80f5be3be16016d797963cb563e35b93083df451f9827f99cfadc3c898,6031dc4ee08b61c58b35b1efd7d764739d5c7c54dc7cbe9e9a72a1e4a7098596,e2212c40566e21c680a98186ebd8e984aa80d4fd,4d4ad03b827958468b1a231e360c7ad1aa68035c25af068059838ceae6dfa6d6,1c2a0b828a698273b3c8b45532398e4bfe29534a6c2e0bef6cf2c84f8baa5f93,R3_UA_7_selected,c2c650cc7db4b5356eb4c2ba25eaf9860387a614992303a321be65940bb34284,development_holdout,P1,2017-06-02,976,920.6131324086646,888f0613923e60f2de6c0ca32e09b97e4721c4fe8ce7cf257b55abe2520e1354
new_p3_training,True,tuned,UA,7,R3,3cfd389bbd05ec9201a41c0892e29bf8199198d1b216b9a8061370d4240aa583,bd1488a2d411295d7a2118c50ddcc0b158786123613af1676062e2270d1637d1,9cb89005693b1b70c102178849b740fde00b50c9ba5f3b5530d0e5749ea59837,eca954c21da074c545cb7858315ea39fee0a6f54b19e06474b4f2f91f1666847,c40aaf80f5be3be16016d797963cb563e35b93083df451f9827f99cfadc3c898,6031dc4ee08b61c58b35b1efd7d764739d5c7c54dc7cbe9e9a72a1e4a7098596,e2212c40566e21c680a98186ebd8e984aa80d4fd,4d4ad03b827958468b1a231e360c7ad1aa68035c25af068059838ceae6dfa6d6,1c2a0b828a698273b3c8b45532398e4bfe29534a6c2e0bef6cf2c84f8baa5f93,R3_UA_7_selected,c2c650cc7db4b5356eb4c2ba25eaf9860387a614992303a321be65940bb34284,development_holdout,P1,2017-06-05,979,875.1955596513584,e3f3743f88fa3e4edb683146b6d46ca54e6dff5ae43112401119255c1d372a64
new_p3_training,True,tuned,UA,7,R3,3cfd389bbd05ec9201a41c0892e29bf8199198d1b216b9a8061370d4240aa583,bd1488a2d411295d7a2118c50ddcc0b158786123613af1676062e2270d1637d1,9cb89005693b1b70c102178849b740fde00b50c9ba5f3b5530d0e5749ea59837,eca954c21da074c545cb7858315ea39fee0a6f54b19e06474b4f2f91f1666847,c40aaf80f5be3be16016d797963cb563e35b93083df451f9827f99cfadc3c898,6031dc4ee08b61c58b35b1efd7d764739d5c7c54dc7cbe9e9a72a1e4a7098596,e2212c40566e21c680a98186ebd8e984aa80d4fd,4d4ad03b827958468b1a231e360c7ad1aa68035c25af068059838ceae6dfa6d6,1c2a0b828a698273b3c8b45532398e4bfe29534a6c2e0bef6cf2c84f8baa5f93,R3_UA_7_selected,c2c650cc7db4b5356eb4c2ba25eaf9860387a614992303a321be65940bb34284,development_holdout,P1,2017-06-07,990,950.0254457110871,cf7dec019f40917924dc83e066c7b3ffd6baaf2e8aa6bb934aa9d31515eec29e
new_p3_training,True,tuned,UA,7,R3,3cfd389bbd05ec9201a41c0892e29bf8199198d1b216b9a8061370d4240aa583,bd1488a2d411295d7a2118c50ddcc0b158786123613af1676062e2270d1637d1,9cb89005693b1b70c102178849b740fde00b50c9ba5f3b5530d0e5749ea59837,eca954c21da074c545cb7858315ea39fee0a6f54b19e06474b4f2f91f1666847,c40aaf80f5be3be16016d797963cb563e35b93083df451f9827f99cfadc3c898,6031dc4ee08b61c58b35b1efd7d764739d5c7c54dc7cbe9e9a72a1e4a7098596,e2212c40566e21c680a98186ebd8e984aa80d4fd,4d4ad03b827958468b1a231e360c7ad1aa68035c25af068059838ceae6dfa6d6,1c2a0b828a698273b3c8b45532398e4bfe29534a6c2e0bef6cf2c84f8baa5f93,R3_UA_7_selected,c2c650cc7db4b5356eb4c2ba25eaf9860387a614992303a321be65940bb34284,development_holdout,P1,2017-06-08,960,875.6372350136289,0b7364592d0741727f19dc5517960cd9309e5e1e657e4a62bb2dcde4710b735b
new_p3_training,True,tuned,UA,7,R3,3cfd389bbd05ec9201a41c0892e29bf8199198d1b216b9a8061370d4240aa583,bd1488a2d411295d7a2118c50ddcc0b158786123613af1676062e2270d1637d1,9cb89005693b1b70c102178849b740fde00b50c9ba5f3b5530d0e5749ea59837,eca954c21da074c545cb7858315ea39fee0a6f54b19e06474b4f2f91f1666847,c40aaf80f5be3be16016d797963cb563e35b93083df451f9827f99cfadc3c898,6031dc4ee08b61c58b35b1efd7d764739d5c7c54dc7cbe9e9a72a1e4a7098596,e2212c40566e21c680a98186ebd8e984aa80d4fd,4d4ad03b827958468b1a231e360c7ad1aa68035c25af068059838ceae6dfa6d6,1c2a0b828a698273b3c8b45532398e4bfe29534a6c2e0bef6cf2c84f8baa5f93,R3_UA_7_selected,c2c650cc7db4b5356eb4c2ba25eaf9860387a614992303a321be65940bb34284,development_holdout,P1,2017-06-09,974,930.9790460032366,3ba264d59ceace7acce3457898ee6b569e65143a616f09a5c91c9fbeab871080
new_p3_training,True,tuned,UA,7,R3,3cfd389bbd05ec9201a41c0892e29bf8199198d1b216b9a8061370d4240aa583,bd1488a2d411295d7a2118c50ddcc0b158786123613af1676062e2270d1637d1,9cb89005693b1b70c102178849b740fde00b50c9ba5f3b5530d0e5749ea59837,eca954c21da074c545cb7858315ea39fee0a6f54b19e06474b4f2f91f1666847,c40aaf80f5be3be16016d797963cb563e35b93083df451f9827f99cfadc3c898,6031dc4ee08b61c58b35b1efd7d764739d5c7c54dc7cbe9e9a72a1e4a7098596,e2212c40566e21c680a98186ebd8e984aa80d4fd,4d4ad03b827958468b1a231e360c7ad1aa68035c25af068059838ceae6dfa6d6,1c2a0b828a698273b3c8b45532398e4bfe29534a6c2e0bef6cf2c84f8baa5f93,R3_UA_7_selected,c2c650cc7db4b5356eb4c2ba25eaf9860387a614992303a321be65940bb34284,development_holdout,P1,2017-06-12,987,914.1371968631369,af316d40cf79d0fe0d98d6a3629528b7f57d9d08f92381c26303a0e11c234f62
new_p3_training,True,tuned,UA,7,R3,3cfd389bbd05ec9201a41c0892e29bf8199198d1b216b9a8061370d4240aa583,bd1488a2d411295d7a2118c50ddcc0b158786123613af1676062e2270d1637d1,9cb89005693b1b70c102178849b740fde00b50c9ba5f3b5530d0e5749ea59837,eca954c21da074c545cb7858315ea39fee0a6f54b19e06474b4f2f91f1666847,c40aaf80f5be3be16016d797963cb563e35b93083df451f9827f99cfadc3c898,6031dc4ee08b61c58b35b1efd7d764739d5c7c54dc7cbe9e9a72a1e4a7098596,e2212c40566e21c680a98186ebd8e984aa80d4fd,4d4ad03b827958468b1a231e360c7ad1aa68035c25af068059838ceae6dfa6d6,1c2a0b828a698273b3c8b45532398e4bfe29534a6c2e0bef6cf2c84f8baa5f93,R3_UA_7_selected,c2c650cc7db4b5356eb4c2ba25eaf9860387a614992303a321be65940bb34284,development_holdout,P1,2017-06-13,965,893.1639672372528,dd9fa345bc19e17d3a215b965f0c57be93cd7f30b6e0168524cac1e14708247a
new_p3_training,True,tuned,UA,7,R3,3cfd389bbd05ec9201a41c0892e29bf8199198d1b216b9a8061370d4240aa583,bd1488a2d411295d7a2118c50ddcc0b158786123613af1676062e2270d1637d1,9cb89005693b1b70c102178849b740fde00b50c9ba5f3b5530d0e5749ea59837,eca954c21da074c545cb7858315ea39fee0a6f54b19e06474b4f2f91f1666847,c40aaf80f5be3be16016d797963cb563e35b93083df451f9827f99cfadc3c898,6031dc4ee08b61c58b35b1efd7d764739d5c7c54dc7cbe9e9a72a1e4a7098596,e2212c40566e21c680a98186ebd8e984aa80d4fd,4d4ad03b827958468b1a231e360c7ad1aa68035c25af068059838ceae6dfa6d6,1c2a0b828a698273b3c8b45532398e4bfe29534a6c2e0bef6cf2c84f8baa5f93,R3_UA_7_selected,c2c650cc7db4b5356eb4c2ba25eaf9860387a614992303a321be65940bb34284,development_holdout,P1,2017-06-14,979,916.0862281616027,558b28b0c3ad038dabf79412f0790ab5f3c87ed86c2240e3b8fa668a619b5114
new_p3_training,True,tuned,UA,7,R3,3cfd389bbd05ec9201a41c0892e29bf8199198d1b216b9a8061370d4240aa583,bd1488a2d411295d7a2118c50ddcc0b158786123613af1676062e2270d1637d1,9cb89005693b1b70c102178849b740fde00b50c9ba5f3b5530d0e5749ea59837,eca954c21da074c545cb7858315ea39fee0a6f54b19e06474b4f2f91f1666847,c40aaf80f5be3be16016d797963cb563e35b93083df451f9827f99cfadc3c898,6031dc4ee08b61c58b35b1efd7d764739d5c7c54dc7cbe9e9a72a1e4a7098596,e2212c40566e21c680a98186ebd8e984aa80d4fd,4d4ad03b827958468b1a231e360c7ad1aa68035c25af068059838ceae6dfa6d6,1c2a0b828a698273b3c8b45532398e4bfe29534a6c2e0bef6cf2c84f8baa5f93,R3_UA_7_selected,c2c650cc7db4b5356eb4c2ba25eaf9860387a614992303a321be65940bb34284,development_holdout,P1,2017-06-15,946,898.263908139582,167f722d441ba61503f4e0bc07e07f2b2412f015ba0438a70f25aa47956643d1
new_p3_training,True,tuned,UA,7,R3,3cfd389bbd05ec9201a41c0892e29bf8199198d1b216b9a8061370d4240aa583,bd1488a2d411295d7a2118c50ddcc0b158786123613af1676062e2270d1637d1,9cb89005693b1b70c102178849b740fde00b50c9ba5f3b5530d0e5749ea59837,eca954c21da074c545cb7858315ea39fee0a6f54b19e06474b4f2f91f1666847,c40aaf80f5be3be16016d797963cb563e35b93083df451f9827f99cfadc3c898,6031dc4ee08b61c58b35b1efd7d764739d5c7c54dc7cbe9e9a72a1e4a7098596,e2212c40566e21c680a98186ebd8e984aa80d4fd,4d4ad03b827958468b1a231e360c7ad1aa68035c25af068059838ceae6dfa6d6,1c2a0b828a698273b3c8b45532398e4bfe29534a6c2e0bef6cf2c84f8baa5f93,R3_UA_7_selected,c2c650cc7db4b5356eb4c2ba25eaf9860387a614992303a321be65940bb34284,development_holdout,P1,2017-06-16,974,872.7673955438381,bb0625d90cab54e1befa434c4fc7dafd52bec26f44970a89f8641c291275d608
new_p3_training,True,tuned,UA,7,R3,3cfd389bbd05ec9201a41c0892e29bf8199198d1b216b9a8061370d4240aa583,bd1488a2d411295d7a2118c50ddcc0b158786123613af1676062e2270d1637d1,9cb89005693b1b70c102178849b740fde00b50c9ba5f3b5530d0e5749ea59837,eca954c21da074c545cb7858315ea39fee0a6f54b19e06474b4f2f91f1666847,c40aaf80f5be3be16016d797963cb563e35b93083df451f9827f99cfadc3c898,6031dc4ee08b61c58b35b1efd7d764739d5c7c54dc7cbe9e9a72a1e4a7098596,e2212c40566e21c680a98186ebd8e984aa80d4fd,4d4ad03b827958468b1a231e360c7ad1aa68035c25af068059838ceae6dfa6d6,1c2a0b828a698273b3c8b45532398e4bfe29534a6c2e0bef6cf2c84f8baa5f93,R3_UA_7_selected,c2c650cc7db4b5356eb4c2ba25eaf9860387a614992303a321be65940bb34284,development_holdout,P1,2017-06-19,977,924.8439169276135,17ac581d606a35791969fdf40d838182430812fb5c6351802d55891e1d93c4b8
new_p3_training,True,tuned,UA,7,R3,3cfd389bbd05ec9201a41c0892e29bf8199198d1b216b9a8061370d4240aa583,bd1488a2d411295d7a2118c50ddcc0b158786123613af1676062e2270d1637d1,9cb89005693b1b70c102178849b740fde00b50c9ba5f3b5530d0e5749ea59837,eca954c21da074c545cb7858315ea39fee0a6f54b19e06474b4f2f91f1666847,c40aaf80f5be3be16016d797963cb563e35b93083df451f9827f99cfadc3c898,6031dc4ee08b61c58b35b1efd7d764739d5c7c54dc7cbe9e9a72a1e4a7098596,e2212c40566e21c680a98186ebd8e984aa80d4fd,4d4ad03b827958468b1a231e360c7ad1aa68035c25af068059838ceae6dfa6d6,1c2a0b828a698273b3c8b45532398e4bfe29534a6c2e0bef6cf2c84f8baa5f93,R3_UA_7_selected,c2c650cc7db4b5356eb4c2ba25eaf9860387a614992303a321be65940bb34284,development_holdout,P1,2017-06-20,975,911.2858737506705,66e8ea64f512996ca2eaa7852045b38392fef54c72aa5ff05b4a7bdd5f6d5c7b
new_p3_training,True,tuned,UA,7,R3,3cfd389bbd05ec9201a41c0892e29bf8199198d1b216b9a8061370d4240aa583,bd1488a2d411295d7a2118c50ddcc0b158786123613af1676062e2270d1637d1,9cb89005693b1b70c102178849b740fde00b50c9ba5f3b5530d0e5749ea59837,eca954c21da074c545cb7858315ea39fee0a6f54b19e06474b4f2f91f1666847,c40aaf80f5be3be16016d797963cb563e35b93083df451f9827f99cfadc3c898,6031dc4ee08b61c58b35b1efd7d764739d5c7c54dc7cbe9e9a72a1e4a7098596,e2212c40566e21c680a98186ebd8e984aa80d4fd,4d4ad03b827958468b1a231e360c7ad1aa68035c25af068059838ceae6dfa6d6,1c2a0b828a698273b3c8b45532398e4bfe29534a6c2e0bef6cf2c84f8baa5f93,R3_UA_7_selected,c2c650cc7db4b5356eb4c2ba25eaf9860387a614992303a321be65940bb34284,development_holdout,P1,2017-06-21,959,947.6041482674746,0f5714e4a20502e04da1e82071194894a448444ae9901e587a69ccec783119f5
new_p3_training,True,tuned,UA,7,R3,3cfd389bbd05ec9201a41c0892e29bf8199198d1b216b9a8061370d4240aa583,bd1488a2d411295d7a2118c50ddcc0b158786123613af1676062e2270d1637d1,9cb89005693b1b70c102178849b740fde00b50c9ba5f3b5530d0e5749ea59837,eca954c21da074c545cb7858315ea39fee0a6f54b19e06474b4f2f91f1666847,c40aaf80f5be3be16016d797963cb563e35b93083df451f9827f99cfadc3c898,6031dc4ee08b61c58b35b1efd7d764739d5c7c54dc7cbe9e9a72a1e4a7098596,e2212c40566e21c680a98186ebd8e984aa80d4fd,4d4ad03b827958468b1a231e360c7ad1aa68035c25af068059838ceae6dfa6d6,1c2a0b828a698273b3c8b45532398e4bfe29534a6c2e0bef6cf2c84f8baa5f93,R3_UA_7_selected,c2c650cc7db4b5356eb4c2ba25eaf9860387a614992303a321be65940bb34284,development_holdout,P1,2017-06-22,974,944.5568688497257,e0541c8001d9b69e89333c0dad4e8883e17d0a3a6c38163ca66cfd17e14c5d6f
new_p3_training,True,tuned,UA,7,R3,3cfd389bbd05ec9201a41c0892e29bf8199198d1b216b9a8061370d4240aa583,bd1488a2d411295d7a2118c50ddcc0b158786123613af1676062e2270d1637d1,9cb89005693b1b70c102178849b740fde00b50c9ba5f3b5530d0e5749ea59837,eca954c21da074c545cb7858315ea39fee0a6f54b19e06474b4f2f91f1666847,c40aaf80f5be3be16016d797963cb563e35b93083df451f9827f99cfadc3c898,6031dc4ee08b61c58b35b1efd7d764739d5c7c54dc7cbe9e9a72a1e4a7098596,e2212c40566e21c680a98186ebd8e984aa80d4fd,4d4ad03b827958468b1a231e360c7ad1aa68035c25af068059838ceae6dfa6d6,1c2a0b828a698273b3c8b45532398e4bfe29534a6c2e0bef6cf2c84f8baa5f93,R3_UA_7_selected,c2c650cc7db4b5356eb4c2ba25eaf9860387a614992303a321be65940bb34284,development_holdout,P1,2017-06-23,959,878.6432488462518,1142fbf789d730f17a63b4f2727ee32d15b0eb5b9d74ac8740e4dd452b20b641
new_p3_training,True,tuned,UA,7,R3,3cfd389bbd05ec9201a41c0892e29bf8199198d1b216b9a8061370d4240aa583,bd1488a2d411295d7a2118c50ddcc0b158786123613af1676062e2270d1637d1,9cb89005693b1b70c102178849b740fde00b50c9ba5f3b5530d0e5749ea59837,eca954c21da074c545cb7858315ea39fee0a6f54b19e06474b4f2f91f1666847,c40aaf80f5be3be16016d797963cb563e35b93083df451f9827f99cfadc3c898,6031dc4ee08b61c58b35b1efd7d764739d5c7c54dc7cbe9e9a72a1e4a7098596,e2212c40566e21c680a98186ebd8e984aa80d4fd,4d4ad03b827958468b1a231e360c7ad1aa68035c25af068059838ceae6dfa6d6,1c2a0b828a698273b3c8b45532398e4bfe29534a6c2e0bef6cf2c84f8baa5f93,R3_UA_7_selected,c2c650cc7db4b5356eb4c2ba25eaf9860387a614992303a321be65940bb34284,development_holdout,P1,2017-06-26,952,866.080866830044,424df120451527e49ab6fd146f590c54fa3d88de0bfcd2106eba5e1896fe5e2f
new_p3_training,True,tuned,UA,7,R3,3cfd389bbd05ec9201a41c0892e29bf8199198d1b216b9a8061370d4240aa583,bd1488a2d411295d7a2118c50ddcc0b158786123613af1676062e2270d1637d1,9cb89005693b1b70c102178849b740fde00b50c9ba5f3b5530d0e5749ea59837,eca954c21da074c545cb7858315ea39fee0a6f54b19e06474b4f2f91f1666847,c40aaf80f5be3be16016d797963cb563e35b93083df451f9827f99cfadc3c898,6031dc4ee08b61c58b35b1efd7d764739d5c7c54dc7cbe9e9a72a1e4a7098596,e2212c40566e21c680a98186ebd8e984aa80d4fd,4d4ad03b827958468b1a231e360c7ad1aa68035c25af068059838ceae6dfa6d6,1c2a0b828a698273b3c8b45532398e4bfe29534a6c2e0bef6cf2c84f8baa5f93,R3_UA_7_selected,c2c650cc7db4b5356eb4c2ba25eaf9860387a614992303a321be65940bb34284,development_holdout,P1,2017-06-27,964,873.9431642307594,340614f898486fe77fc7f7f8176b33fa0a323c14cad38cf27f6720e54e9f4289
new_p3_training,True,tuned,UA,7,R3,3cfd389bbd05ec9201a41c0892e29bf8199198d1b216b9a8061370d4240aa583,bd1488a2d411295d7a2118c50ddcc0b158786123613af1676062e2270d1637d1,9cb89005693b1b70c102178849b740fde00b50c9ba5f3b5530d0e5749ea59837,eca954c21da074c545cb7858315ea39fee0a6f54b19e06474b4f2f91f1666847,c40aaf80f5be3be16016d797963cb563e35b93083df451f9827f99cfadc3c898,6031dc4ee08b61c58b35b1efd7d764739d5c7c54dc7cbe9e9a72a1e4a7098596,e2212c40566e21c680a98186ebd8e984aa80d4fd,4d4ad03b827958468b1a231e360c7ad1aa68035c25af068059838ceae6dfa6d6,1c2a0b828a698273b3c8b45532398e4bfe29534a6c2e0bef6cf2c84f8baa5f93,R3_UA_7_selected,c2c650cc7db4b5356eb4c2ba25eaf9860387a614992303a321be65940bb34284,development_holdout,P1,2017-06-28,965,918.3346609351041,2168a02be7fd83168a054efaece935d0cb0d50d0d03feb13ca05f07f67ab1261
new_p3_training,True,tuned,UA,7,R3,3cfd389bbd05ec9201a41c0892e29bf8199198d1b216b9a8061370d4240aa583,bd1488a2d411295d7a2118c50ddcc0b158786123613af1676062e2270d1637d1,9cb89005693b1b70c102178849b740fde00b50c9ba5f3b5530d0e5749ea59837,eca954c21da074c545cb7858315ea39fee0a6f54b19e06474b4f2f91f1666847,c40aaf80f5be3be16016d797963cb563e35b93083df451f9827f99cfadc3c898,6031dc4ee08b61c58b35b1efd7d764739d5c7c54dc7cbe9e9a72a1e4a7098596,e2212c40566e21c680a98186ebd8e984aa80d4fd,4d4ad03b827958468b1a231e360c7ad1aa68035c25af068059838ceae6dfa6d6,1c2a0b828a698273b3c8b45532398e4bfe29534a6c2e0bef6cf2c84f8baa5f93,R3_UA_7_selected,c2c650cc7db4b5356eb4c2ba25eaf9860387a614992303a321be65940bb34284,development_holdout,P1,2017-06-29,949,881.3757208186196,9054a792d13abea60e09353623e0a8732cf05c93206fe8da5ba7643b476fe386
new_p3_training,True,tuned,UA,7,R3,3cfd389bbd05ec9201a41c0892e29bf8199198d1b216b9a8061370d4240aa583,bd1488a2d411295d7a2118c50ddcc0b158786123613af1676062e2270d1637d1,9cb89005693b1b70c102178849b740fde00b50c9ba5f3b5530d0e5749ea59837,eca954c21da074c545cb7858315ea39fee0a6f54b19e06474b4f2f91f1666847,c40aaf80f5be3be16016d797963cb563e35b93083df451f9827f99cfadc3c898,6031dc4ee08b61c58b35b1efd7d764739d5c7c54dc7cbe9e9a72a1e4a7098596,e2212c40566e21c680a98186ebd8e984aa80d4fd,4d4ad03b827958468b1a231e360c7ad1aa68035c25af068059838ceae6dfa6d6,1c2a0b828a698273b3c8b45532398e4bfe29534a6c2e0bef6cf2c84f8baa5f93,R3_UA_7_selected,c2c650cc7db4b5356eb4c2ba25eaf9860387a614992303a321be65940bb34284,development_holdout,P1,2017-06-30,951,859.2927982912427,8966ac9aeaf33055058a773aa33023d5a8e0225d54cb57dea8979ade45f39c6e
new_p3_training,True,tuned,UA,7,R3,3cfd389bbd05ec9201a41c0892e29bf8199198d1b216b9a8061370d4240aa583,bd1488a2d411295d7a2118c50ddcc0b158786123613af1676062e2270d1637d1,9cb89005693b1b70c102178849b740fde00b50c9ba5f3b5530d0e5749ea59837,eca954c21da074c545cb7858315ea39fee0a6f54b19e06474b4f2f91f1666847,c40aaf80f5be3be16016d797963cb563e35b93083df451f9827f99cfadc3c898,6031dc4ee08b61c58b35b1efd7d764739d5c7c54dc7cbe9e9a72a1e4a7098596,e2212c40566e21c680a98186ebd8e984aa80d4fd,4d4ad03b827958468b1a231e360c7ad1aa68035c25af068059838ceae6dfa6d6,1c2a0b828a698273b3c8b45532398e4bfe29534a6c2e0bef6cf2c84f8baa5f93,R3_UA_7_selected,c2c650cc7db4b5356eb4c2ba25eaf9860387a614992303a321be65940bb34284,development_holdout,P2,2017-05-16,891,830.6735005403707,3d8e09ae6789d8ac28315a435400803d5df1f8f82e9344dbf0aca0582ab38b31
new_p3_training,True,tuned,UA,7,R3,3cfd389bbd05ec9201a41c0892e29bf8199198d1b216b9a8061370d4240aa583,bd1488a2d411295d7a2118c50ddcc0b158786123613af1676062e2270d1637d1,9cb89005693b1b70c102178849b740fde00b50c9ba5f3b5530d0e5749ea59837,eca954c21da074c545cb7858315ea39fee0a6f54b19e06474b4f2f91f1666847,c40aaf80f5be3be16016d797963cb563e35b93083df451f9827f99cfadc3c898,6031dc4ee08b61c58b35b1efd7d764739d5c7c54dc7cbe9e9a72a1e4a7098596,e2212c40566e21c680a98186ebd8e984aa80d4fd,4d4ad03b827958468b1a231e360c7ad1aa68035c25af068059838ceae6dfa6d6,1c2a0b828a698273b3c8b45532398e4bfe29534a6c2e0bef6cf2c84f8baa5f93,R3_UA_7_selected,c2c650cc7db4b5356eb4c2ba25eaf9860387a614992303a321be65940bb34284,development_holdout,P2,2017-05-17,891,825.581670859005,7482ff0fbe4526ec561e0199f9746afe5d7bea60749cbd8e236e08b139e7efc8
new_p3_training,True,tuned,UA,7,R3,3cfd389bbd05ec9201a41c0892e29bf8199198d1b216b9a8061370d4240aa583,bd1488a2d411295d7a2118c50ddcc0b158786123613af1676062e2270d1637d1,9cb89005693b1b70c102178849b740fde00b50c9ba5f3b5530d0e5749ea59837,eca954c21da074c545cb7858315ea39fee0a6f54b19e06474b4f2f91f1666847,c40aaf80f5be3be16016d797963cb563e35b93083df451f9827f99cfadc3c898,6031dc4ee08b61c58b35b1efd7d764739d5c7c54dc7cbe9e9a72a1e4a7098596,e2212c40566e21c680a98186ebd8e984aa80d4fd,4d4ad03b827958468b1a231e360c7ad1aa68035c25af068059838ceae6dfa6d6,1c2a0b828a698273b3c8b45532398e4bfe29534a6c2e0bef6cf2c84f8baa5f93,R3_UA_7_selected,c2c650cc7db4b5356eb4c2ba25eaf9860387a614992303a321be65940bb34284,development_holdout,P2,2017-05-18,891,837.7653986326009,9f35704b87958f3e8f8e02b15c7871a9efb9c9e0d981a4d999167ad82e70c485
new_p3_training,True,tuned,UA,7,R3,3cfd389bbd05ec9201a41c0892e29bf8199198d1b216b9a8061370d4240aa583,bd1488a2d411295d7a2118c50ddcc0b158786123613af1676062e2270d1637d1,9cb89005693b1b70c102178849b740fde00b50c9ba5f3b5530d0e5749ea59837,eca954c21da074c545cb7858315ea39fee0a6f54b19e06474b4f2f91f1666847,c40aaf80f5be3be16016d797963cb563e35b93083df451f9827f99cfadc3c898,6031dc4ee08b61c58b35b1efd7d764739d5c7c54dc7cbe9e9a72a1e4a7098596,e2212c40566e21c680a98186ebd8e984aa80d4fd,4d4ad03b827958468b1a231e360c7ad1aa68035c25af068059838ceae6dfa6d6,1c2a0b828a698273b3c8b45532398e4bfe29534a6c2e0bef6cf2c84f8baa5f93,R3_UA_7_selected,c2c650cc7db4b5356eb4c2ba25eaf9860387a614992303a321be65940bb34284,development_holdout,P2,2017-05-19,891,850.1697225734844,42b0b2810362da7e14b789ea5ed61e0ee021a33e297aade2ff6c1579eca0cc5d
new_p3_training,True,tuned,UA,7,R3,3cfd389bbd05ec9201a41c0892e29bf8199198d1b216b9a8061370d4240aa583,bd1488a2d411295d7a2118c50ddcc0b158786123613af1676062e2270d1637d1,9cb89005693b1b70c102178849b740fde00b50c9ba5f3b5530d0e5749ea59837,eca954c21da074c545cb7858315ea39fee0a6f54b19e06474b4f2f91f1666847,c40aaf80f5be3be16016d797963cb563e35b93083df451f9827f99cfadc3c898,6031dc4ee08b61c58b35b1efd7d764739d5c7c54dc7cbe9e9a72a1e4a7098596,e2212c40566e21c680a98186ebd8e984aa80d4fd,4d4ad03b827958468b1a231e360c7ad1aa68035c25af068059838ceae6dfa6d6,1c2a0b828a698273b3c8b45532398e4bfe29534a6c2e0bef6cf2c84f8baa5f93,R3_UA_7_selected,c2c650cc7db4b5356eb4c2ba25eaf9860387a614992303a321be65940bb34284,development_holdout,P2,2017-05-22,891,817.0344247721969,e3769a9dbc72d8635b148337c1ab1bd281fcfe7b5a8e6022a973f7d1801c0675
new_p3_training,True,tuned,UA,7,R3,3cfd389bbd05ec9201a41c0892e29bf8199198d1b216b9a8061370d4240aa583,bd1488a2d411295d7a2118c50ddcc0b158786123613af1676062e2270d1637d1,9cb89005693b1b70c102178849b740fde00b50c9ba5f3b5530d0e5749ea59837,eca954c21da074c545cb7858315ea39fee0a6f54b19e06474b4f2f91f1666847,c40aaf80f5be3be16016d797963cb563e35b93083df451f9827f99cfadc3c898,6031dc4ee08b61c58b35b1efd7d764739d5c7c54dc7cbe9e9a72a1e4a7098596,e2212c40566e21c680a98186ebd8e984aa80d4fd,4d4ad03b827958468b1a231e360c7ad1aa68035c25af068059838ceae6dfa6d6,1c2a0b828a698273b3c8b45532398e4bfe29534a6c2e0bef6cf2c84f8baa5f93,R3_UA_7_selected,c2c650cc7db4b5356eb4c2ba25eaf9860387a614992303a321be65940bb34284,development_holdout,P2,2017-05-23,891,899.1570705276081,708cbf5df68458b2b3f6185e462db6019ba249a766cfb6183ab9bc08da63087f
new_p3_training,True,tuned,UA,7,R3,3cfd389bbd05ec9201a41c0892e29bf8199198d1b216b9a8061370d4240aa583,bd1488a2d411295d7a2118c50ddcc0b158786123613af1676062e2270d1637d1,9cb89005693b1b70c102178849b740fde00b50c9ba5f3b5530d0e5749ea59837,eca954c21da074c545cb7858315ea39fee0a6f54b19e06474b4f2f91f1666847,c40aaf80f5be3be16016d797963cb563e35b93083df451f9827f99cfadc3c898,6031dc4ee08b61c58b35b1efd7d764739d5c7c54dc7cbe9e9a72a1e4a7098596,e2212c40566e21c680a98186ebd8e984aa80d4fd,4d4ad03b827958468b1a231e360c7ad1aa68035c25af068059838ceae6dfa6d6,1c2a0b828a698273b3c8b45532398e4bfe29534a6c2e0bef6cf2c84f8baa5f93,R3_UA_7_selected,c2c650cc7db4b5356eb4c2ba25eaf9860387a614992303a321be65940bb34284,development_holdout,P2,2017-05-24,891,864.7031925595297,963bc18cce785722bc2d42dd51bf35c6a44b8160f1200bdf52c392507b871905
new_p3_training,True,tuned,UA,7,R3,3cfd389bbd05ec9201a41c0892e29bf8199198d1b216b9a8061370d4240aa583,bd1488a2d411295d7a2118c50ddcc0b158786123613af1676062e2270d1637d1,9cb89005693b1b70c102178849b740fde00b50c9ba5f3b5530d0e5749ea59837,eca954c21da074c545cb7858315ea39fee0a6f54b19e06474b4f2f91f1666847,c40aaf80f5be3be16016d797963cb563e35b93083df451f9827f99cfadc3c898,6031dc4ee08b61c58b35b1efd7d764739d5c7c54dc7cbe9e9a72a1e4a7098596,e2212c40566e21c680a98186ebd8e984aa80d4fd,4d4ad03b827958468b1a231e360c7ad1aa68035c25af068059838ceae6dfa6d6,1c2a0b828a698273b3c8b45532398e4bfe29534a6c2e0bef6cf2c84f8baa5f93,R3_UA_7_selected,c2c650cc7db4b5356eb4c2ba25eaf9860387a614992303a321be65940bb34284,development_holdout,P2,2017-05-25,891,858.5356270972347,5a29e6e7499b074fbcaa266247c335cd8ab199c2dcc3768e0f8be71c3a394159
new_p3_training,True,tuned,UA,7,R3,3cfd389bbd05ec9201a41c0892e29bf8199198d1b216b9a8061370d4240aa583,bd1488a2d411295d7a2118c50ddcc0b158786123613af1676062e2270d1637d1,9cb89005693b1b70c102178849b740fde00b50c9ba5f3b5530d0e5749ea59837,eca954c21da074c545cb7858315ea39fee0a6f54b19e06474b4f2f91f1666847,c40aaf80f5be3be16016d797963cb563e35b93083df451f9827f99cfadc3c898,6031dc4ee08b61c58b35b1efd7d764739d5c7c54dc7cbe9e9a72a1e4a7098596,e2212c40566e21c680a98186ebd8e984aa80d4fd,4d4ad03b827958468b1a231e360c7ad1aa68035c25af068059838ceae6dfa6d6,1c2a0b828a698273b3c8b45532398e4bfe29534a6c2e0bef6cf2c84f8baa5f93,R3_UA_7_selected,c2c650cc7db4b5356eb4c2ba25eaf9860387a614992303a321be65940bb34284,development_holdout,P2,2017-05-26,891,868.7857929550457,ceba5ed508f6f8e60604a0460c543afa90d0041323ff56c710a5b3bf25213a98
new_p3_training,True,tuned,UA,7,R3,3cfd389bbd05ec9201a41c0892e29bf8199198d1b216b9a8061370d4240aa583,bd1488a2d411295d7a2118c50ddcc0b158786123613af1676062e2270d1637d1,9cb89005693b1b70c102178849b740fde00b50c9ba5f3b5530d0e5749ea59837,eca954c21da074c545cb7858315ea39fee0a6f54b19e06474b4f2f91f1666847,c40aaf80f5be3be16016d797963cb563e35b93083df451f9827f99cfadc3c898,6031dc4ee08b61c58b35b1efd7d764739d5c7c54dc7cbe9e9a72a1e4a7098596,e2212c40566e21c680a98186ebd8e984aa80d4fd,4d4ad03b827958468b1a231e360c7ad1aa68035c25af068059838ceae6dfa6d6,1c2a0b828a698273b3c8b45532398e4bfe29534a6c2e0bef6cf2c84f8baa5f93,R3_UA_7_selected,c2c650cc7db4b5356eb4c2ba25eaf9860387a614992303a321be65940bb34284,development_holdout,P2,2017-05-29,891,890.6322079386085,b212462525bfe756b1780058ef6b88e1ca2131455a4b49ec44083fb1acc042c2
new_p3_training,True,tuned,UA,7,R3,3cfd389bbd05ec9201a41c0892e29bf8199198d1b216b9a8061370d4240aa583,bd1488a2d411295d7a2118c50ddcc0b158786123613af1676062e2270d1637d1,9cb89005693b1b70c102178849b740fde00b50c9ba5f3b5530d0e5749ea59837,eca954c21da074c545cb7858315ea39fee0a6f54b19e06474b4f2f91f1666847,c40aaf80f5be3be16016d797963cb563e35b93083df451f9827f99cfadc3c898,6031dc4ee08b61c58b35b1efd7d764739d5c7c54dc7cbe9e9a72a1e4a7098596,e2212c40566e21c680a98186ebd8e984aa80d4fd,4d4ad03b827958468b1a231e360c7ad1aa68035c25af068059838ceae6dfa6d6,1c2a0b828a698273b3c8b45532398e4bfe29534a6c2e0bef6cf2c84f8baa5f93,R3_UA_7_selected,c2c650cc7db4b5356eb4c2ba25eaf9860387a614992303a321be65940bb34284,development_holdout,P2,2017-05-30,891,851.6758507728346,bd293169bd4665f985eb87ddd3cf8b66313e7506c383d2c7dd5b4c97764de2bf
new_p3_training,True,tuned,UA,7,R3,3cfd389bbd05ec9201a41c0892e29bf8199198d1b216b9a8061370d4240aa583,bd1488a2d411295d7a2118c50ddcc0b158786123613af1676062e2270d1637d1,9cb89005693b1b70c102178849b740fde00b50c9ba5f3b5530d0e5749ea59837,eca954c21da074c545cb7858315ea39fee0a6f54b19e06474b4f2f91f1666847,c40aaf80f5be3be16016d797963cb563e35b93083df451f9827f99cfadc3c898,6031dc4ee08b61c58b35b1efd7d764739d5c7c54dc7cbe9e9a72a1e4a7098596,e2212c40566e21c680a98186ebd8e984aa80d4fd,4d4ad03b827958468b1a231e360c7ad1aa68035c25af068059838ceae6dfa6d6,1c2a0b828a698273b3c8b45532398e4bfe29534a6c2e0bef6cf2c84f8baa5f93,R3_UA_7_selected,c2c650cc7db4b5356eb4c2ba25eaf9860387a614992303a321be65940bb34284,development_holdout,P2,2017-05-31,891,854.3704628157209,b574bc04659d8011d5c437f370839887c79819aeeff25999c1736bb8d82e2c0a
new_p3_training,True,tuned,UA,7,R3,3cfd389bbd05ec9201a41c0892e29bf8199198d1b216b9a8061370d4240aa583,bd1488a2d411295d7a2118c50ddcc0b158786123613af1676062e2270d1637d1,9cb89005693b1b70c102178849b740fde00b50c9ba5f3b5530d0e5749ea59837,eca954c21da074c545cb7858315ea39fee0a6f54b19e06474b4f2f91f1666847,c40aaf80f5be3be16016d797963cb563e35b93083df451f9827f99cfadc3c898,6031dc4ee08b61c58b35b1efd7d764739d5c7c54dc7cbe9e9a72a1e4a7098596,e2212c40566e21c680a98186ebd8e984aa80d4fd,4d4ad03b827958468b1a231e360c7ad1aa68035c25af068059838ceae6dfa6d6,1c2a0b828a698273b3c8b45532398e4bfe29534a6c2e0bef6cf2c84f8baa5f93,R3_UA_7_selected,c2c650cc7db4b5356eb4c2ba25eaf9860387a614992303a321be65940bb34284,development_holdout,P2,2017-06-01,891,793.3964467726618,7cdb2d49ec032ae40287874e04e47274b8ad1b0eaa544902c2b6c8c1192b2946
new_p3_training,True,tuned,UA,7,R3,3cfd389bbd05ec9201a41c0892e29bf8199198d1b216b9a8061370d4240aa583,bd1488a2d411295d7a2118c50ddcc0b158786123613af1676062e2270d1637d1,9cb89005693b1b70c102178849b740fde00b50c9ba5f3b5530d0e5749ea59837,eca954c21da074c545cb7858315ea39fee0a6f54b19e06474b4f2f91f1666847,c40aaf80f5be3be16016d797963cb563e35b93083df451f9827f99cfadc3c898,6031dc4ee08b61c58b35b1efd7d764739d5c7c54dc7cbe9e9a72a1e4a7098596,e2212c40566e21c680a98186ebd8e984aa80d4fd,4d4ad03b827958468b1a231e360c7ad1aa68035c25af068059838ceae6dfa6d6,1c2a0b828a698273b3c8b45532398e4bfe29534a6c2e0bef6cf2c84f8baa5f93,R3_UA_7_selected,c2c650cc7db4b5356eb4c2ba25eaf9860387a614992303a321be65940bb34284,development_holdout,P2,2017-06-02,891,843.38313438377,c390b83523b2e5154b3dd728ec93393f1361ed05c533138563d93ede9bfffdbe
new_p3_training,True,tuned,UA,7,R3,3cfd389bbd05ec9201a41c0892e29bf8199198d1b216b9a8061370d4240aa583,bd1488a2d411295d7a2118c50ddcc0b158786123613af1676062e2270d1637d1,9cb89005693b1b70c102178849b740fde00b50c9ba5f3b5530d0e5749ea59837,eca954c21da074c545cb7858315ea39fee0a6f54b19e06474b4f2f91f1666847,c40aaf80f5be3be16016d797963cb563e35b93083df451f9827f99cfadc3c898,6031dc4ee08b61c58b35b1efd7d764739d5c7c54dc7cbe9e9a72a1e4a7098596,e2212c40566e21c680a98186ebd8e984aa80d4fd,4d4ad03b827958468b1a231e360c7ad1aa68035c25af068059838ceae6dfa6d6,1c2a0b828a698273b3c8b45532398e4bfe29534a6c2e0bef6cf2c84f8baa5f93,R3_UA_7_selected,c2c650cc7db4b5356eb4c2ba25eaf9860387a614992303a321be65940bb34284,development_holdout,P2,2017-06-05,891,806.6607588307796,8ab33844d363f81acf122e71dc01ee0d55c55eb43b8ab3dba4f74e1eba8600df
new_p3_training,True,tuned,UA,7,R3,3cfd389bbd05ec9201a41c0892e29bf8199198d1b216b9a8061370d4240aa583,bd1488a2d411295d7a2118c50ddcc0b158786123613af1676062e2270d1637d1,9cb89005693b1b70c102178849b740fde00b50c9ba5f3b5530d0e5749ea59837,eca954c21da074c545cb7858315ea39fee0a6f54b19e06474b4f2f91f1666847,c40aaf80f5be3be16016d797963cb563e35b93083df451f9827f99cfadc3c898,6031dc4ee08b61c58b35b1efd7d764739d5c7c54dc7cbe9e9a72a1e4a7098596,e2212c40566e21c680a98186ebd8e984aa80d4fd,4d4ad03b827958468b1a231e360c7ad1aa68035c25af068059838ceae6dfa6d6,1c2a0b828a698273b3c8b45532398e4bfe29534a6c2e0bef6cf2c84f8baa5f93,R3_UA_7_selected,c2c650cc7db4b5356eb4c2ba25eaf9860387a614992303a321be65940bb34284,development_holdout,P2,2017-06-07,891,854.5324137413252,12c85686111c16c9525b2d9cc220ce7da0c40ceb3a1876aedfa81bc6d2a2530b
new_p3_training,True,tuned,UA,7,R3,3cfd389bbd05ec9201a41c0892e29bf8199198d1b216b9a8061370d4240aa583,bd1488a2d411295d7a2118c50ddcc0b158786123613af1676062e2270d1637d1,9cb89005693b1b70c102178849b740fde00b50c9ba5f3b5530d0e5749ea59837,eca954c21da074c545cb7858315ea39fee0a6f54b19e06474b4f2f91f1666847,c40aaf80f5be3be16016d797963cb563e35b93083df451f9827f99cfadc3c898,6031dc4ee08b61c58b35b1efd7d764739d5c7c54dc7cbe9e9a72a1e4a7098596,e2212c40566e21c680a98186ebd8e984aa80d4fd,4d4ad03b827958468b1a231e360c7ad1aa68035c25af068059838ceae6dfa6d6,1c2a0b828a698273b3c8b45532398e4bfe29534a6c2e0bef6cf2c84f8baa5f93,R3_UA_7_selected,c2c650cc7db4b5356eb4c2ba25eaf9860387a614992303a321be65940bb34284,development_holdout,P2,2017-06-08,891,813.5522557899791,5dabf5f41fa9bb28e9f4474ba70ff20e02371bc2941d686d7ff682036e82481a
new_p3_training,True,tuned,UA,7,R3,3cfd389bbd05ec9201a41c0892e29bf8199198d1b216b9a8061370d4240aa583,bd1488a2d411295d7a2118c50ddcc0b158786123613af1676062e2270d1637d1,9cb89005693b1b70c102178849b740fde00b50c9ba5f3b5530d0e5749ea59837,eca954c21da074c545cb7858315ea39fee0a6f54b19e06474b4f2f91f1666847,c40aaf80f5be3be16016d797963cb563e35b93083df451f9827f99cfadc3c898,6031dc4ee08b61c58b35b1efd7d764739d5c7c54dc7cbe9e9a72a1e4a7098596,e2212c40566e21c680a98186ebd8e984aa80d4fd,4d4ad03b827958468b1a231e360c7ad1aa68035c25af068059838ceae6dfa6d6,1c2a0b828a698273b3c8b45532398e4bfe29534a6c2e0bef6cf2c84f8baa5f93,R3_UA_7_selected,c2c650cc7db4b5356eb4c2ba25eaf9860387a614992303a321be65940bb34284,development_holdout,P2,2017-06-09,891,848.3762569121224,45d9b0bf22b744903720fedbf28e09f714dd0e8c69594b8fca3b76c624cff13a
new_p3_training,True,tuned,UA,7,R3,3cfd389bbd05ec9201a41c0892e29bf8199198d1b216b9a8061370d4240aa583,bd1488a2d411295d7a2118c50ddcc0b158786123613af1676062e2270d1637d1,9cb89005693b1b70c102178849b740fde00b50c9ba5f3b5530d0e5749ea59837,eca954c21da074c545cb7858315ea39fee0a6f54b19e06474b4f2f91f1666847,c40aaf80f5be3be16016d797963cb563e35b93083df451f9827f99cfadc3c898,6031dc4ee08b61c58b35b1efd7d764739d5c7c54dc7cbe9e9a72a1e4a7098596,e2212c40566e21c680a98186ebd8e984aa80d4fd,4d4ad03b827958468b1a231e360c7ad1aa68035c25af068059838ceae6dfa6d6,1c2a0b828a698273b3c8b45532398e4bfe29534a6c2e0bef6cf2c84f8baa5f93,R3_UA_7_selected,c2c650cc7db4b5356eb4c2ba25eaf9860387a614992303a321be65940bb34284,development_holdout,P2,2017-06-12,891,832.8486019659506,294100c359d1908c919e9d63248cfec95e1f2bad17df8ebb2bfe6f9da1c76e07
new_p3_training,True,tuned,UA,7,R3,3cfd389bbd05ec9201a41c0892e29bf8199198d1b216b9a8061370d4240aa583,bd1488a2d411295d7a2118c50ddcc0b158786123613af1676062e2270d1637d1,9cb89005693b1b70c102178849b740fde00b50c9ba5f3b5530d0e5749ea59837,eca954c21da074c545cb7858315ea39fee0a6f54b19e06474b4f2f91f1666847,c40aaf80f5be3be16016d797963cb563e35b93083df451f9827f99cfadc3c898,6031dc4ee08b61c58b35b1efd7d764739d5c7c54dc7cbe9e9a72a1e4a7098596,e2212c40566e21c680a98186ebd8e984aa80d4fd,4d4ad03b827958468b1a231e360c7ad1aa68035c25af068059838ceae6dfa6d6,1c2a0b828a698273b3c8b45532398e4bfe29534a6c2e0bef6cf2c84f8baa5f93,R3_UA_7_selected,c2c650cc7db4b5356eb4c2ba25eaf9860387a614992303a321be65940bb34284,development_holdout,P2,2017-06-13,891,814.9132584397789,46af54aa50f3388b25ab17dc294477db5091506d69c4e16c869bdc9e7e5c4708
new_p3_training,True,tuned,UA,7,R3,3cfd389bbd05ec9201a41c0892e29bf8199198d1b216b9a8061370d4240aa583,bd1488a2d411295d7a2118c50ddcc0b158786123613af1676062e2270d1637d1,9cb89005693b1b70c102178849b740fde00b50c9ba5f3b5530d0e5749ea59837,eca954c21da074c545cb7858315ea39fee0a6f54b19e06474b4f2f91f1666847,c40aaf80f5be3be16016d797963cb563e35b93083df451f9827f99cfadc3c898,6031dc4ee08b61c58b35b1efd7d764739d5c7c54dc7cbe9e9a72a1e4a7098596,e2212c40566e21c680a98186ebd8e984aa80d4fd,4d4ad03b827958468b1a231e360c7ad1aa68035c25af068059838ceae6dfa6d6,1c2a0b828a698273b3c8b45532398e4bfe29534a6c2e0bef6cf2c84f8baa5f93,R3_UA_7_selected,c2c650cc7db4b5356eb4c2ba25eaf9860387a614992303a321be65940bb34284,development_holdout,P2,2017-06-14,891,837.9257378521663,0a8482b282d2ab519adeed6cd0543c9a5211e1adfbbddd2cf39f9779ab951769
new_p3_training,True,tuned,UA,7,R3,3cfd389bbd05ec9201a41c0892e29bf8199198d1b216b9a8061370d4240aa583,bd1488a2d411295d7a2118c50ddcc0b158786123613af1676062e2270d1637d1,9cb89005693b1b70c102178849b740fde00b50c9ba5f3b5530d0e5749ea59837,eca954c21da074c545cb7858315ea39fee0a6f54b19e06474b4f2f91f1666847,c40aaf80f5be3be16016d797963cb563e35b93083df451f9827f99cfadc3c898,6031dc4ee08b61c58b35b1efd7d764739d5c7c54dc7cbe9e9a72a1e4a7098596,e2212c40566e21c680a98186ebd8e984aa80d4fd,4d4ad03b827958468b1a231e360c7ad1aa68035c25af068059838ceae6dfa6d6,1c2a0b828a698273b3c8b45532398e4bfe29534a6c2e0bef6cf2c84f8baa5f93,R3_UA_7_selected,c2c650cc7db4b5356eb4c2ba25eaf9860387a614992303a321be65940bb34284,development_holdout,P2,2017-06-15,891,863.0976986891536,1b78d0d7df55020ef3350d40f171f3291016317f4b8439a8f0a5f71bcc206eb4
new_p3_training,True,tuned,UA,7,R3,3cfd389bbd05ec9201a41c0892e29bf8199198d1b216b9a8061370d4240aa583,bd1488a2d411295d7a2118c50ddcc0b158786123613af1676062e2270d1637d1,9cb89005693b1b70c102178849b740fde00b50c9ba5f3b5530d0e5749ea59837,eca954c21da074c545cb7858315ea39fee0a6f54b19e06474b4f2f91f1666847,c40aaf80f5be3be16016d797963cb563e35b93083df451f9827f99cfadc3c898,6031dc4ee08b61c58b35b1efd7d764739d5c7c54dc7cbe9e9a72a1e4a7098596,e2212c40566e21c680a98186ebd8e984aa80d4fd,4d4ad03b827958468b1a231e360c7ad1aa68035c25af068059838ceae6dfa6d6,1c2a0b828a698273b3c8b45532398e4bfe29534a6c2e0bef6cf2c84f8baa5f93,R3_UA_7_selected,c2c650cc7db4b5356eb4c2ba25eaf9860387a614992303a321be65940bb34284,development_holdout,P2,2017-06-16,891,798.1380817982686,6c20492c0b33d5a992e2568fcda618b0648330933659320e5cac43262f2ac2fb
new_p3_training,True,tuned,UA,7,R3,3cfd389bbd05ec9201a41c0892e29bf8199198d1b216b9a8061370d4240aa583,bd1488a2d411295d7a2118c50ddcc0b158786123613af1676062e2270d1637d1,9cb89005693b1b70c102178849b740fde00b50c9ba5f3b5530d0e5749ea59837,eca954c21da074c545cb7858315ea39fee0a6f54b19e06474b4f2f91f1666847,c40aaf80f5be3be16016d797963cb563e35b93083df451f9827f99cfadc3c898,6031dc4ee08b61c58b35b1efd7d764739d5c7c54dc7cbe9e9a72a1e4a7098596,e2212c40566e21c680a98186ebd8e984aa80d4fd,4d4ad03b827958468b1a231e360c7ad1aa68035c25af068059838ceae6dfa6d6,1c2a0b828a698273b3c8b45532398e4bfe29534a6c2e0bef6cf2c84f8baa5f93,R3_UA_7_selected,c2c650cc7db4b5356eb4c2ba25eaf9860387a614992303a321be65940bb34284,development_holdout,P2,2017-06-19,891,856.9099562108447,57837a882c4562f7a659a1327a9ea3fac892a8618b525ec88df174e5ffe013be
new_p3_training,True,tuned,UA,7,R3,3cfd389bbd05ec9201a41c0892e29bf8199198d1b216b9a8061370d4240aa583,bd1488a2d411295d7a2118c50ddcc0b158786123613af1676062e2270d1637d1,9cb89005693b1b70c102178849b740fde00b50c9ba5f3b5530d0e5749ea59837,eca954c21da074c545cb7858315ea39fee0a6f54b19e06474b4f2f91f1666847,c40aaf80f5be3be16016d797963cb563e35b93083df451f9827f99cfadc3c898,6031dc4ee08b61c58b35b1efd7d764739d5c7c54dc7cbe9e9a72a1e4a7098596,e2212c40566e21c680a98186ebd8e984aa80d4fd,4d4ad03b827958468b1a231e360c7ad1aa68035c25af068059838ceae6dfa6d6,1c2a0b828a698273b3c8b45532398e4bfe29534a6c2e0bef6cf2c84f8baa5f93,R3_UA_7_selected,c2c650cc7db4b5356eb4c2ba25eaf9860387a614992303a321be65940bb34284,development_holdout,P2,2017-06-20,891,833.0214779254662,c36dc795894348d0456064280a5b02e478cdc2f21247eb956506061d14b8537d
new_p3_training,True,tuned,UA,7,R3,3cfd389bbd05ec9201a41c0892e29bf8199198d1b216b9a8061370d4240aa583,bd1488a2d411295d7a2118c50ddcc0b158786123613af1676062e2270d1637d1,9cb89005693b1b70c102178849b740fde00b50c9ba5f3b5530d0e5749ea59837,eca954c21da074c545cb7858315ea39fee0a6f54b19e06474b4f2f91f1666847,c40aaf80f5be3be16016d797963cb563e35b93083df451f9827f99cfadc3c898,6031dc4ee08b61c58b35b1efd7d764739d5c7c54dc7cbe9e9a72a1e4a7098596,e2212c40566e21c680a98186ebd8e984aa80d4fd,4d4ad03b827958468b1a231e360c7ad1aa68035c25af068059838ceae6dfa6d6,1c2a0b828a698273b3c8b45532398e4bfe29534a6c2e0bef6cf2c84f8baa5f93,R3_UA_7_selected,c2c650cc7db4b5356eb4c2ba25eaf9860387a614992303a321be65940bb34284,development_holdout,P2,2017-06-21,891,895.3094292619473,8baf7ad2fa0c50390769d30b3b15dc14aa522c0195fdb397b67670b45cfac504
new_p3_training,True,tuned,UA,7,R3,3cfd389bbd05ec9201a41c0892e29bf8199198d1b216b9a8061370d4240aa583,bd1488a2d411295d7a2118c50ddcc0b158786123613af1676062e2270d1637d1,9cb89005693b1b70c102178849b740fde00b50c9ba5f3b5530d0e5749ea59837,eca954c21da074c545cb7858315ea39fee0a6f54b19e06474b4f2f91f1666847,c40aaf80f5be3be16016d797963cb563e35b93083df451f9827f99cfadc3c898,6031dc4ee08b61c58b35b1efd7d764739d5c7c54dc7cbe9e9a72a1e4a7098596,e2212c40566e21c680a98186ebd8e984aa80d4fd,4d4ad03b827958468b1a231e360c7ad1aa68035c25af068059838ceae6dfa6d6,1c2a0b828a698273b3c8b45532398e4bfe29534a6c2e0bef6cf2c84f8baa5f93,R3_UA_7_selected,c2c650cc7db4b5356eb4c2ba25eaf9860387a614992303a321be65940bb34284,development_holdout,P2,2017-06-22,891,870.3125211561321,b4b5c2c908213b67075afdfde7f8c1c2c8b424f2e58fe44f9468b3f9bbdb295a
new_p3_training,True,tuned,UA,7,R3,3cfd389bbd05ec9201a41c0892e29bf8199198d1b216b9a8061370d4240aa583,bd1488a2d411295d7a2118c50ddcc0b158786123613af1676062e2270d1637d1,9cb89005693b1b70c102178849b740fde00b50c9ba5f3b5530d0e5749ea59837,eca954c21da074c545cb7858315ea39fee0a6f54b19e06474b4f2f91f1666847,c40aaf80f5be3be16016d797963cb563e35b93083df451f9827f99cfadc3c898,6031dc4ee08b61c58b35b1efd7d764739d5c7c54dc7cbe9e9a72a1e4a7098596,e2212c40566e21c680a98186ebd8e984aa80d4fd,4d4ad03b827958468b1a231e360c7ad1aa68035c25af068059838ceae6dfa6d6,1c2a0b828a698273b3c8b45532398e4bfe29534a6c2e0bef6cf2c84f8baa5f93,R3_UA_7_selected,c2c650cc7db4b5356eb4c2ba25eaf9860387a614992303a321be65940bb34284,development_holdout,P2,2017-06-23,891,833.3157672264169,6b1a94c01f96a9d86f0c4b341157610ea489571f1d7a6ccfe4772d9fc8536872
new_p3_training,True,tuned,UA,7,R3,3cfd389bbd05ec9201a41c0892e29bf8199198d1b216b9a8061370d4240aa583,bd1488a2d411295d7a2118c50ddcc0b158786123613af1676062e2270d1637d1,9cb89005693b1b70c102178849b740fde00b50c9ba5f3b5530d0e5749ea59837,eca954c21da074c545cb7858315ea39fee0a6f54b19e06474b4f2f91f1666847,c40aaf80f5be3be16016d797963cb563e35b93083df451f9827f99cfadc3c898,6031dc4ee08b61c58b35b1efd7d764739d5c7c54dc7cbe9e9a72a1e4a7098596,e2212c40566e21c680a98186ebd8e984aa80d4fd,4d4ad03b827958468b1a231e360c7ad1aa68035c25af068059838ceae6dfa6d6,1c2a0b828a698273b3c8b45532398e4bfe29534a6c2e0bef6cf2c84f8baa5f93,R3_UA_7_selected,c2c650cc7db4b5356eb4c2ba25eaf9860387a614992303a321be65940bb34284,development_holdout,P2,2017-06-26,891,826.4699954179162,c0088d47f750d2da1694546ee0367f51db1e7169634fba0df220bfc22742768e
new_p3_training,True,tuned,UA,7,R3,3cfd389bbd05ec9201a41c0892e29bf8199198d1b216b9a8061370d4240aa583,bd1488a2d411295d7a2118c50ddcc0b158786123613af1676062e2270d1637d1,9cb89005693b1b70c102178849b740fde00b50c9ba5f3b5530d0e5749ea59837,eca954c21da074c545cb7858315ea39fee0a6f54b19e06474b4f2f91f1666847,c40aaf80f5be3be16016d797963cb563e35b93083df451f9827f99cfadc3c898,6031dc4ee08b61c58b35b1efd7d764739d5c7c54dc7cbe9e9a72a1e4a7098596,e2212c40566e21c680a98186ebd8e984aa80d4fd,4d4ad03b827958468b1a231e360c7ad1aa68035c25af068059838ceae6dfa6d6,1c2a0b828a698273b3c8b45532398e4bfe29534a6c2e0bef6cf2c84f8baa5f93,R3_UA_7_selected,c2c650cc7db4b5356eb4c2ba25eaf9860387a614992303a321be65940bb34284,development_holdout,P2,2017-06-27,891,814.4470808285732,b39a312c930fdad161d63b01af45530aba94fa9a8d551ccd1906204cc4b30e10
new_p3_training,True,tuned,UA,7,R3,3cfd389bbd05ec9201a41c0892e29bf8199198d1b216b9a8061370d4240aa583,bd1488a2d411295d7a2118c50ddcc0b158786123613af1676062e2270d1637d1,9cb89005693b1b70c102178849b740fde00b50c9ba5f3b5530d0e5749ea59837,eca954c21da074c545cb7858315ea39fee0a6f54b19e06474b4f2f91f1666847,c40aaf80f5be3be16016d797963cb563e35b93083df451f9827f99cfadc3c898,6031dc4ee08b61c58b35b1efd7d764739d5c7c54dc7cbe9e9a72a1e4a7098596,e2212c40566e21c680a98186ebd8e984aa80d4fd,4d4ad03b827958468b1a231e360c7ad1aa68035c25af068059838ceae6dfa6d6,1c2a0b828a698273b3c8b45532398e4bfe29534a6c2e0bef6cf2c84f8baa5f93,R3_UA_7_selected,c2c650cc7db4b5356eb4c2ba25eaf9860387a614992303a321be65940bb34284,development_holdout,P2,2017-06-28,891,858.1028276203119,7198cc6ab7dae9c9bd3cb0cd7afb99e78f9f4f6f4f74c33cf55207733fe9df8d
new_p3_training,True,tuned,UA,7,R3,3cfd389bbd05ec9201a41c0892e29bf8199198d1b216b9a8061370d4240aa583,bd1488a2d411295d7a2118c50ddcc0b158786123613af1676062e2270d1637d1,9cb89005693b1b70c102178849b740fde00b50c9ba5f3b5530d0e5749ea59837,eca954c21da074c545cb7858315ea39fee0a6f54b19e06474b4f2f91f1666847,c40aaf80f5be3be16016d797963cb563e35b93083df451f9827f99cfadc3c898,6031dc4ee08b61c58b35b1efd7d764739d5c7c54dc7cbe9e9a72a1e4a7098596,e2212c40566e21c680a98186ebd8e984aa80d4fd,4d4ad03b827958468b1a231e360c7ad1aa68035c25af068059838ceae6dfa6d6,1c2a0b828a698273b3c8b45532398e4bfe29534a6c2e0bef6cf2c84f8baa5f93,R3_UA_7_selected,c2c650cc7db4b5356eb4c2ba25eaf9860387a614992303a321be65940bb34284,development_holdout,P2,2017-06-29,891,868.2272020973919,b86d212a6a17776108b1854a2fabac87bf19fa5da856aec644468b7c95f8192b
new_p3_training,True,tuned,UA,7,R3,3cfd389bbd05ec9201a41c0892e29bf8199198d1b216b9a8061370d4240aa583,bd1488a2d411295d7a2118c50ddcc0b158786123613af1676062e2270d1637d1,9cb89005693b1b70c102178849b740fde00b50c9ba5f3b5530d0e5749ea59837,eca954c21da074c545cb7858315ea39fee0a6f54b19e06474b4f2f91f1666847,c40aaf80f5be3be16016d797963cb563e35b93083df451f9827f99cfadc3c898,6031dc4ee08b61c58b35b1efd7d764739d5c7c54dc7cbe9e9a72a1e4a7098596,e2212c40566e21c680a98186ebd8e984aa80d4fd,4d4ad03b827958468b1a231e360c7ad1aa68035c25af068059838ceae6dfa6d6,1c2a0b828a698273b3c8b45532398e4bfe29534a6c2e0bef6cf2c84f8baa5f93,R3_UA_7_selected,c2c650cc7db4b5356eb4c2ba25eaf9860387a614992303a321be65940bb34284,development_holdout,P2,2017-06-30,891,822.2894546448608,2886a289693155a9b320c14877d3aa08719dcc3ed32a1580fffa8e9cf16d4816
new_p3_training,True,tuned,UA,7,R3,3cfd389bbd05ec9201a41c0892e29bf8199198d1b216b9a8061370d4240aa583,bd1488a2d411295d7a2118c50ddcc0b158786123613af1676062e2270d1637d1,9cb89005693b1b70c102178849b740fde00b50c9ba5f3b5530d0e5749ea59837,eca954c21da074c545cb7858315ea39fee0a6f54b19e06474b4f2f91f1666847,c40aaf80f5be3be16016d797963cb563e35b93083df451f9827f99cfadc3c898,6031dc4ee08b61c58b35b1efd7d764739d5c7c54dc7cbe9e9a72a1e4a7098596,e2212c40566e21c680a98186ebd8e984aa80d4fd,4d4ad03b827958468b1a231e360c7ad1aa68035c25af068059838ceae6dfa6d6,1c2a0b828a698273b3c8b45532398e4bfe29534a6c2e0bef6cf2c84f8baa5f93,R3_UA_7_selected,c2c650cc7db4b5356eb4c2ba25eaf9860387a614992303a321be65940bb34284,development_holdout,P3,2017-05-16,875,814.3821801701581,2772f59db8075c1d82fabb191b9249e531a8fa1a0d1ea1e858b2c298c0308268
new_p3_training,True,tuned,UA,7,R3,3cfd389bbd05ec9201a41c0892e29bf8199198d1b216b9a8061370d4240aa583,bd1488a2d411295d7a2118c50ddcc0b158786123613af1676062e2270d1637d1,9cb89005693b1b70c102178849b740fde00b50c9ba5f3b5530d0e5749ea59837,eca954c21da074c545cb7858315ea39fee0a6f54b19e06474b4f2f91f1666847,c40aaf80f5be3be16016d797963cb563e35b93083df451f9827f99cfadc3c898,6031dc4ee08b61c58b35b1efd7d764739d5c7c54dc7cbe9e9a72a1e4a7098596,e2212c40566e21c680a98186ebd8e984aa80d4fd,4d4ad03b827958468b1a231e360c7ad1aa68035c25af068059838ceae6dfa6d6,1c2a0b828a698273b3c8b45532398e4bfe29534a6c2e0bef6cf2c84f8baa5f93,R3_UA_7_selected,c2c650cc7db4b5356eb4c2ba25eaf9860387a614992303a321be65940bb34284,development_holdout,P3,2017-05-17,887,820.4702761775854,09d55655a2201125e67e0986d2d8d901522cf2a1132b8deef4193496bb4092a5
new_p3_training,True,tuned,UA,7,R3,3cfd389bbd05ec9201a41c0892e29bf8199198d1b216b9a8061370d4240aa583,bd1488a2d411295d7a2118c50ddcc0b158786123613af1676062e2270d1637d1,9cb89005693b1b70c102178849b740fde00b50c9ba5f3b5530d0e5749ea59837,eca954c21da074c545cb7858315ea39fee0a6f54b19e06474b4f2f91f1666847,c40aaf80f5be3be16016d797963cb563e35b93083df451f9827f99cfadc3c898,6031dc4ee08b61c58b35b1efd7d764739d5c7c54dc7cbe9e9a72a1e4a7098596,e2212c40566e21c680a98186ebd8e984aa80d4fd,4d4ad03b827958468b1a231e360c7ad1aa68035c25af068059838ceae6dfa6d6,1c2a0b828a698273b3c8b45532398e4bfe29534a6c2e0bef6cf2c84f8baa5f93,R3_UA_7_selected,c2c650cc7db4b5356eb4c2ba25eaf9860387a614992303a321be65940bb34284,development_holdout,P3,2017-05-18,860,791.5512229257683,9adfe8ffedce0bbde2a58e258749d083021a4aaa10ba9fe24f09e4e1f5db23fe
new_p3_training,True,tuned,UA,7,R3,3cfd389bbd05ec9201a41c0892e29bf8199198d1b216b9a8061370d4240aa583,bd1488a2d411295d7a2118c50ddcc0b158786123613af1676062e2270d1637d1,9cb89005693b1b70c102178849b740fde00b50c9ba5f3b5530d0e5749ea59837,eca954c21da074c545cb7858315ea39fee0a6f54b19e06474b4f2f91f1666847,c40aaf80f5be3be16016d797963cb563e35b93083df451f9827f99cfadc3c898,6031dc4ee08b61c58b35b1efd7d764739d5c7c54dc7cbe9e9a72a1e4a7098596,e2212c40566e21c680a98186ebd8e984aa80d4fd,4d4ad03b827958468b1a231e360c7ad1aa68035c25af068059838ceae6dfa6d6,1c2a0b828a698273b3c8b45532398e4bfe29534a6c2e0bef6cf2c84f8baa5f93,R3_UA_7_selected,c2c650cc7db4b5356eb4c2ba25eaf9860387a614992303a321be65940bb34284,development_holdout,P3,2017-05-19,856,802.3328096857015,ce3aca78f2116bbc1762fc00d59605b91c7d686e0bfea178b6edf665a33ad449
new_p3_training,True,tuned,UA,7,R3,3cfd389bbd05ec9201a41c0892e29bf8199198d1b216b9a8061370d4240aa583,bd1488a2d411295d7a2118c50ddcc0b158786123613af1676062e2270d1637d1,9cb89005693b1b70c102178849b740fde00b50c9ba5f3b5530d0e5749ea59837,eca954c21da074c545cb7858315ea39fee0a6f54b19e06474b4f2f91f1666847,c40aaf80f5be3be16016d797963cb563e35b93083df451f9827f99cfadc3c898,6031dc4ee08b61c58b35b1efd7d764739d5c7c54dc7cbe9e9a72a1e4a7098596,e2212c40566e21c680a98186ebd8e984aa80d4fd,4d4ad03b827958468b1a231e360c7ad1aa68035c25af068059838ceae6dfa6d6,1c2a0b828a698273b3c8b45532398e4bfe29534a6c2e0bef6cf2c84f8baa5f93,R3_UA_7_selected,c2c650cc7db4b5356eb4c2ba25eaf9860387a614992303a321be65940bb34284,development_holdout,P3,2017-05-22,867,787.3724640363071,55bde4dddd30e56920af7109846e588f34cd30d03d973ba2c1b4686b5806bf94
new_p3_training,True,tuned,UA,7,R3,3cfd389bbd05ec9201a41c0892e29bf8199198d1b216b9a8061370d4240aa583,bd1488a2d411295d7a2118c50ddcc0b158786123613af1676062e2270d1637d1,9cb89005693b1b70c102178849b740fde00b50c9ba5f3b5530d0e5749ea59837,eca954c21da074c545cb7858315ea39fee0a6f54b19e06474b4f2f91f1666847,c40aaf80f5be3be16016d797963cb563e35b93083df451f9827f99cfadc3c898,6031dc4ee08b61c58b35b1efd7d764739d5c7c54dc7cbe9e9a72a1e4a7098596,e2212c40566e21c680a98186ebd8e984aa80d4fd,4d4ad03b827958468b1a231e360c7ad1aa68035c25af068059838ceae6dfa6d6,1c2a0b828a698273b3c8b45532398e4bfe29534a6c2e0bef6cf2c84f8baa5f93,R3_UA_7_selected,c2c650cc7db4b5356eb4c2ba25eaf9860387a614992303a321be65940bb34284,development_holdout,P3,2017-05-23,857,862.6104827205577,f36431f46fa49dac8df09b38509c085d8ece023950d11854c5e9a7a4e704c5c7
new_p3_training,True,tuned,UA,7,R3,3cfd389bbd05ec9201a41c0892e29bf8199198d1b216b9a8061370d4240aa583,bd1488a2d411295d7a2118c50ddcc0b158786123613af1676062e2270d1637d1,9cb89005693b1b70c102178849b740fde00b50c9ba5f3b5530d0e5749ea59837,eca954c21da074c545cb7858315ea39fee0a6f54b19e06474b4f2f91f1666847,c40aaf80f5be3be16016d797963cb563e35b93083df451f9827f99cfadc3c898,6031dc4ee08b61c58b35b1efd7d764739d5c7c54dc7cbe9e9a72a1e4a7098596,e2212c40566e21c680a98186ebd8e984aa80d4fd,4d4ad03b827958468b1a231e360c7ad1aa68035c25af068059838ceae6dfa6d6,1c2a0b828a698273b3c8b45532398e4bfe29534a6c2e0bef6cf2c84f8baa5f93,R3_UA_7_selected,c2c650cc7db4b5356eb4c2ba25eaf9860387a614992303a321be65940bb34284,development_holdout,P3,2017-05-24,871,836.7390211392419,dad70329b4e826439e20b5092db18a28753b0ae6ad4c76bc90180e42918408ad
new_p3_training,True,tuned,UA,7,R3,3cfd389bbd05ec9201a41c0892e29bf8199198d1b216b9a8061370d4240aa583,bd1488a2d411295d7a2118c50ddcc0b158786123613af1676062e2270d1637d1,9cb89005693b1b70c102178849b740fde00b50c9ba5f3b5530d0e5749ea59837,eca954c21da074c545cb7858315ea39fee0a6f54b19e06474b4f2f91f1666847,c40aaf80f5be3be16016d797963cb563e35b93083df451f9827f99cfadc3c898,6031dc4ee08b61c58b35b1efd7d764739d5c7c54dc7cbe9e9a72a1e4a7098596,e2212c40566e21c680a98186ebd8e984aa80d4fd,4d4ad03b827958468b1a231e360c7ad1aa68035c25af068059838ceae6dfa6d6,1c2a0b828a698273b3c8b45532398e4bfe29534a6c2e0bef6cf2c84f8baa5f93,R3_UA_7_selected,c2c650cc7db4b5356eb4c2ba25eaf9860387a614992303a321be65940bb34284,development_holdout,P3,2017-05-25,883,847.9209909093067,3cedc79065efb4869dab3206458708ec702b2b866d570135a15c0973582b346f
new_p3_training,True,tuned,UA,7,R3,3cfd389bbd05ec9201a41c0892e29bf8199198d1b216b9a8061370d4240aa583,bd1488a2d411295d7a2118c50ddcc0b158786123613af1676062e2270d1637d1,9cb89005693b1b70c102178849b740fde00b50c9ba5f3b5530d0e5749ea59837,eca954c21da074c545cb7858315ea39fee0a6f54b19e06474b4f2f91f1666847,c40aaf80f5be3be16016d797963cb563e35b93083df451f9827f99cfadc3c898,6031dc4ee08b61c58b35b1efd7d764739d5c7c54dc7cbe9e9a72a1e4a7098596,e2212c40566e21c680a98186ebd8e984aa80d4fd,4d4ad03b827958468b1a231e360c7ad1aa68035c25af068059838ceae6dfa6d6,1c2a0b828a698273b3c8b45532398e4bfe29534a6c2e0bef6cf2c84f8baa5f93,R3_UA_7_selected,c2c650cc7db4b5356eb4c2ba25eaf9860387a614992303a321be65940bb34284,development_holdout,P3,2017-05-26,870,842.1426732593347,18e506144698436a4dceb23c29b58d8c2e142fb49e5017f1a1d3a98719f3e2f6
new_p3_training,True,tuned,UA,7,R3,3cfd389bbd05ec9201a41c0892e29bf8199198d1b216b9a8061370d4240aa583,bd1488a2d411295d7a2118c50ddcc0b158786123613af1676062e2270d1637d1,9cb89005693b1b70c102178849b740fde00b50c9ba5f3b5530d0e5749ea59837,eca954c21da074c545cb7858315ea39fee0a6f54b19e06474b4f2f91f1666847,c40aaf80f5be3be16016d797963cb563e35b93083df451f9827f99cfadc3c898,6031dc4ee08b61c58b35b1efd7d764739d5c7c54dc7cbe9e9a72a1e4a7098596,e2212c40566e21c680a98186ebd8e984aa80d4fd,4d4ad03b827958468b1a231e360c7ad1aa68035c25af068059838ceae6dfa6d6,1c2a0b828a698273b3c8b45532398e4bfe29534a6c2e0bef6cf2c84f8baa5f93,R3_UA_7_selected,c2c650cc7db4b5356eb4c2ba25eaf9860387a614992303a321be65940bb34284,development_holdout,P3,2017-05-29,862,852.30472413003,f66a7e0345cb3f7e279833092cfe3aff2f057e9e296a56edcb8e74e2153afe99
new_p3_training,True,tuned,UA,7,R3,3cfd389bbd05ec9201a41c0892e29bf8199198d1b216b9a8061370d4240aa583,bd1488a2d411295d7a2118c50ddcc0b158786123613af1676062e2270d1637d1,9cb89005693b1b70c102178849b740fde00b50c9ba5f3b5530d0e5749ea59837,eca954c21da074c545cb7858315ea39fee0a6f54b19e06474b4f2f91f1666847,c40aaf80f5be3be16016d797963cb563e35b93083df451f9827f99cfadc3c898,6031dc4ee08b61c58b35b1efd7d764739d5c7c54dc7cbe9e9a72a1e4a7098596,e2212c40566e21c680a98186ebd8e984aa80d4fd,4d4ad03b827958468b1a231e360c7ad1aa68035c25af068059838ceae6dfa6d6,1c2a0b828a698273b3c8b45532398e4bfe29534a6c2e0bef6cf2c84f8baa5f93,R3_UA_7_selected,c2c650cc7db4b5356eb4c2ba25eaf9860387a614992303a321be65940bb34284,development_holdout,P3,2017-05-30,873,829.3808721507419,dd6fc5a32dee0ab2192239d781826407e89ef483ee81231f2cb139fa7d7321a2
new_p3_training,True,tuned,UA,7,R3,3cfd389bbd05ec9201a41c0892e29bf8199198d1b216b9a8061370d4240aa583,bd1488a2d411295d7a2118c50ddcc0b158786123613af1676062e2270d1637d1,9cb89005693b1b70c102178849b740fde00b50c9ba5f3b5530d0e5749ea59837,eca954c21da074c545cb7858315ea39fee0a6f54b19e06474b4f2f91f1666847,c40aaf80f5be3be16016d797963cb563e35b93083df451f9827f99cfadc3c898,6031dc4ee08b61c58b35b1efd7d764739d5c7c54dc7cbe9e9a72a1e4a7098596,e2212c40566e21c680a98186ebd8e984aa80d4fd,4d4ad03b827958468b1a231e360c7ad1aa68035c25af068059838ceae6dfa6d6,1c2a0b828a698273b3c8b45532398e4bfe29534a6c2e0bef6cf2c84f8baa5f93,R3_UA_7_selected,c2c650cc7db4b5356eb4c2ba25eaf9860387a614992303a321be65940bb34284,development_holdout,P3,2017-05-31,874,838.6117377114317,a29fe594a46d85dc70929c736e6deec9e2f911ff0eb64c006e6b690421ab5677
new_p3_training,True,tuned,UA,7,R3,3cfd389bbd05ec9201a41c0892e29bf8199198d1b216b9a8061370d4240aa583,bd1488a2d411295d7a2118c50ddcc0b158786123613af1676062e2270d1637d1,9cb89005693b1b70c102178849b740fde00b50c9ba5f3b5530d0e5749ea59837,eca954c21da074c545cb7858315ea39fee0a6f54b19e06474b4f2f91f1666847,c40aaf80f5be3be16016d797963cb563e35b93083df451f9827f99cfadc3c898,6031dc4ee08b61c58b35b1efd7d764739d5c7c54dc7cbe9e9a72a1e4a7098596,e2212c40566e21c680a98186ebd8e984aa80d4fd,4d4ad03b827958468b1a231e360c7ad1aa68035c25af068059838ceae6dfa6d6,1c2a0b828a698273b3c8b45532398e4bfe29534a6c2e0bef6cf2c84f8baa5f93,R3_UA_7_selected,c2c650cc7db4b5356eb4c2ba25eaf9860387a614992303a321be65940bb34284,development_holdout,P3,2017-06-01,865,764.6766441840302,a1c10453cc69b89196c3fdf148cafddee60fe08d578b62797ce364bd6b4a8f96
new_p3_training,True,tuned,UA,7,R3,3cfd389bbd05ec9201a41c0892e29bf8199198d1b216b9a8061370d4240aa583,bd1488a2d411295d7a2118c50ddcc0b158786123613af1676062e2270d1637d1,9cb89005693b1b70c102178849b740fde00b50c9ba5f3b5530d0e5749ea59837,eca954c21da074c545cb7858315ea39fee0a6f54b19e06474b4f2f91f1666847,c40aaf80f5be3be16016d797963cb563e35b93083df451f9827f99cfadc3c898,6031dc4ee08b61c58b35b1efd7d764739d5c7c54dc7cbe9e9a72a1e4a7098596,e2212c40566e21c680a98186ebd8e984aa80d4fd,4d4ad03b827958468b1a231e360c7ad1aa68035c25af068059838ceae6dfa6d6,1c2a0b828a698273b3c8b45532398e4bfe29534a6c2e0bef6cf2c84f8baa5f93,R3_UA_7_selected,c2c650cc7db4b5356eb4c2ba25eaf9860387a614992303a321be65940bb34284,development_holdout,P3,2017-06-02,869,819.4663237734064,61d5d850b49a2ef581cd988904e0b44c75eb3cb68b40ec335c9c4c6899d68887
new_p3_training,True,tuned,UA,7,R3,3cfd389bbd05ec9201a41c0892e29bf8199198d1b216b9a8061370d4240aa583,bd1488a2d411295d7a2118c50ddcc0b158786123613af1676062e2270d1637d1,9cb89005693b1b70c102178849b740fde00b50c9ba5f3b5530d0e5749ea59837,eca954c21da074c545cb7858315ea39fee0a6f54b19e06474b4f2f91f1666847,c40aaf80f5be3be16016d797963cb563e35b93083df451f9827f99cfadc3c898,6031dc4ee08b61c58b35b1efd7d764739d5c7c54dc7cbe9e9a72a1e4a7098596,e2212c40566e21c680a98186ebd8e984aa80d4fd,4d4ad03b827958468b1a231e360c7ad1aa68035c25af068059838ceae6dfa6d6,1c2a0b828a698273b3c8b45532398e4bfe29534a6c2e0bef6cf2c84f8baa5f93,R3_UA_7_selected,c2c650cc7db4b5356eb4c2ba25eaf9860387a614992303a321be65940bb34284,development_holdout,P3,2017-06-05,872,783.428632092456,981ab7fe8e2b1492aaff8983cfce5d1ba1a759789cc81761d6714ec98232c91f
new_p3_training,True,tuned,UA,7,R3,3cfd389bbd05ec9201a41c0892e29bf8199198d1b216b9a8061370d4240aa583,bd1488a2d411295d7a2118c50ddcc0b158786123613af1676062e2270d1637d1,9cb89005693b1b70c102178849b740fde00b50c9ba5f3b5530d0e5749ea59837,eca954c21da074c545cb7858315ea39fee0a6f54b19e06474b4f2f91f1666847,c40aaf80f5be3be16016d797963cb563e35b93083df451f9827f99cfadc3c898,6031dc4ee08b61c58b35b1efd7d764739d5c7c54dc7cbe9e9a72a1e4a7098596,e2212c40566e21c680a98186ebd8e984aa80d4fd,4d4ad03b827958468b1a231e360c7ad1aa68035c25af068059838ceae6dfa6d6,1c2a0b828a698273b3c8b45532398e4bfe29534a6c2e0bef6cf2c84f8baa5f93,R3_UA_7_selected,c2c650cc7db4b5356eb4c2ba25eaf9860387a614992303a321be65940bb34284,development_holdout,P3,2017-06-07,882,846.533384131866,a60422ea7c77cf145d7568a88e3513ee275e5c818f14fa89877b1a42025e83de
new_p3_training,True,tuned,UA,7,R3,3cfd389bbd05ec9201a41c0892e29bf8199198d1b216b9a8061370d4240aa583,bd1488a2d411295d7a2118c50ddcc0b158786123613af1676062e2270d1637d1,9cb89005693b1b70c102178849b740fde00b50c9ba5f3b5530d0e5749ea59837,eca954c21da074c545cb7858315ea39fee0a6f54b19e06474b4f2f91f1666847,c40aaf80f5be3be16016d797963cb563e35b93083df451f9827f99cfadc3c898,6031dc4ee08b61c58b35b1efd7d764739d5c7c54dc7cbe9e9a72a1e4a7098596,e2212c40566e21c680a98186ebd8e984aa80d4fd,4d4ad03b827958468b1a231e360c7ad1aa68035c25af068059838ceae6dfa6d6,1c2a0b828a698273b3c8b45532398e4bfe29534a6c2e0bef6cf2c84f8baa5f93,R3_UA_7_selected,c2c650cc7db4b5356eb4c2ba25eaf9860387a614992303a321be65940bb34284,development_holdout,P3,2017-06-08,853,767.991418214395,ae70a88d7b6831b082d612e2f78b2d385a5e5f3f831908cb48be5f09a7d3670a
new_p3_training,True,tuned,UA,7,R3,3cfd389bbd05ec9201a41c0892e29bf8199198d1b216b9a8061370d4240aa583,bd1488a2d411295d7a2118c50ddcc0b158786123613af1676062e2270d1637d1,9cb89005693b1b70c102178849b740fde00b50c9ba5f3b5530d0e5749ea59837,eca954c21da074c545cb7858315ea39fee0a6f54b19e06474b4f2f91f1666847,c40aaf80f5be3be16016d797963cb563e35b93083df451f9827f99cfadc3c898,6031dc4ee08b61c58b35b1efd7d764739d5c7c54dc7cbe9e9a72a1e4a7098596,e2212c40566e21c680a98186ebd8e984aa80d4fd,4d4ad03b827958468b1a231e360c7ad1aa68035c25af068059838ceae6dfa6d6,1c2a0b828a698273b3c8b45532398e4bfe29534a6c2e0bef6cf2c84f8baa5f93,R3_UA_7_selected,c2c650cc7db4b5356eb4c2ba25eaf9860387a614992303a321be65940bb34284,development_holdout,P3,2017-06-09,867,820.9810577032965,a2522a13ac9ff307b38ed9fc2e04cabbf45e39c56f7b81e95bb296ce9c65e874
new_p3_training,True,tuned,UA,7,R3,3cfd389bbd05ec9201a41c0892e29bf8199198d1b216b9a8061370d4240aa583,bd1488a2d411295d7a2118c50ddcc0b158786123613af1676062e2270d1637d1,9cb89005693b1b70c102178849b740fde00b50c9ba5f3b5530d0e5749ea59837,eca954c21da074c545cb7858315ea39fee0a6f54b19e06474b4f2f91f1666847,c40aaf80f5be3be16016d797963cb563e35b93083df451f9827f99cfadc3c898,6031dc4ee08b61c58b35b1efd7d764739d5c7c54dc7cbe9e9a72a1e4a7098596,e2212c40566e21c680a98186ebd8e984aa80d4fd,4d4ad03b827958468b1a231e360c7ad1aa68035c25af068059838ceae6dfa6d6,1c2a0b828a698273b3c8b45532398e4bfe29534a6c2e0bef6cf2c84f8baa5f93,R3_UA_7_selected,c2c650cc7db4b5356eb4c2ba25eaf9860387a614992303a321be65940bb34284,development_holdout,P3,2017-06-12,879,812.5439406609298,98f2e926bbeebe2b689660943f71257269e169f757c46f0938a157bae3e01cdc
new_p3_training,True,tuned,UA,7,R3,3cfd389bbd05ec9201a41c0892e29bf8199198d1b216b9a8061370d4240aa583,bd1488a2d411295d7a2118c50ddcc0b158786123613af1676062e2270d1637d1,9cb89005693b1b70c102178849b740fde00b50c9ba5f3b5530d0e5749ea59837,eca954c21da074c545cb7858315ea39fee0a6f54b19e06474b4f2f91f1666847,c40aaf80f5be3be16016d797963cb563e35b93083df451f9827f99cfadc3c898,6031dc4ee08b61c58b35b1efd7d764739d5c7c54dc7cbe9e9a72a1e4a7098596,e2212c40566e21c680a98186ebd8e984aa80d4fd,4d4ad03b827958468b1a231e360c7ad1aa68035c25af068059838ceae6dfa6d6,1c2a0b828a698273b3c8b45532398e4bfe29534a6c2e0bef6cf2c84f8baa5f93,R3_UA_7_selected,c2c650cc7db4b5356eb4c2ba25eaf9860387a614992303a321be65940bb34284,development_holdout,P3,2017-06-13,860,782.7499339886596,0f41fd27f4003905faddc8147341332f8341e12cf0c6d01d84e2925c74b0c21b
new_p3_training,True,tuned,UA,7,R3,3cfd389bbd05ec9201a41c0892e29bf8199198d1b216b9a8061370d4240aa583,bd1488a2d411295d7a2118c50ddcc0b158786123613af1676062e2270d1637d1,9cb89005693b1b70c102178849b740fde00b50c9ba5f3b5530d0e5749ea59837,eca954c21da074c545cb7858315ea39fee0a6f54b19e06474b4f2f91f1666847,c40aaf80f5be3be16016d797963cb563e35b93083df451f9827f99cfadc3c898,6031dc4ee08b61c58b35b1efd7d764739d5c7c54dc7cbe9e9a72a1e4a7098596,e2212c40566e21c680a98186ebd8e984aa80d4fd,4d4ad03b827958468b1a231e360c7ad1aa68035c25af068059838ceae6dfa6d6,1c2a0b828a698273b3c8b45532398e4bfe29534a6c2e0bef6cf2c84f8baa5f93,R3_UA_7_selected,c2c650cc7db4b5356eb4c2ba25eaf9860387a614992303a321be65940bb34284,development_holdout,P3,2017-06-14,871,817.614440313672,e1bb224c58773366d81034d0ea1b1170fb84e7f3f4aeedc82993759a74d7f380
new_p3_training,True,tuned,UA,7,R3,3cfd389bbd05ec9201a41c0892e29bf8199198d1b216b9a8061370d4240aa583,bd1488a2d411295d7a2118c50ddcc0b158786123613af1676062e2270d1637d1,9cb89005693b1b70c102178849b740fde00b50c9ba5f3b5530d0e5749ea59837,eca954c21da074c545cb7858315ea39fee0a6f54b19e06474b4f2f91f1666847,c40aaf80f5be3be16016d797963cb563e35b93083df451f9827f99cfadc3c898,6031dc4ee08b61c58b35b1efd7d764739d5c7c54dc7cbe9e9a72a1e4a7098596,e2212c40566e21c680a98186ebd8e984aa80d4fd,4d4ad03b827958468b1a231e360c7ad1aa68035c25af068059838ceae6dfa6d6,1c2a0b828a698273b3c8b45532398e4bfe29534a6c2e0bef6cf2c84f8baa5f93,R3_UA_7_selected,c2c650cc7db4b5356eb4c2ba25eaf9860387a614992303a321be65940bb34284,development_holdout,P3,2017-06-15,841,803.7522620717433,5704e588fe7eab6ef0ace47c4b794371860edc415a153ca569f09727547a161b
new_p3_training,True,tuned,UA,7,R3,3cfd389bbd05ec9201a41c0892e29bf8199198d1b216b9a8061370d4240aa583,bd1488a2d411295d7a2118c50ddcc0b158786123613af1676062e2270d1637d1,9cb89005693b1b70c102178849b740fde00b50c9ba5f3b5530d0e5749ea59837,eca954c21da074c545cb7858315ea39fee0a6f54b19e06474b4f2f91f1666847,c40aaf80f5be3be16016d797963cb563e35b93083df451f9827f99cfadc3c898,6031dc4ee08b61c58b35b1efd7d764739d5c7c54dc7cbe9e9a72a1e4a7098596,e2212c40566e21c680a98186ebd8e984aa80d4fd,4d4ad03b827958468b1a231e360c7ad1aa68035c25af068059838ceae6dfa6d6,1c2a0b828a698273b3c8b45532398e4bfe29534a6c2e0bef6cf2c84f8baa5f93,R3_UA_7_selected,c2c650cc7db4b5356eb4c2ba25eaf9860387a614992303a321be65940bb34284,development_holdout,P3,2017-06-16,870,774.9373861842155,5a8409d8d1992c8f111ebe241afda4ee3ae07ad5ceff87dd05efa38d7af2695b
new_p3_training,True,tuned,UA,7,R3,3cfd389bbd05ec9201a41c0892e29bf8199198d1b216b9a8061370d4240aa583,bd1488a2d411295d7a2118c50ddcc0b158786123613af1676062e2270d1637d1,9cb89005693b1b70c102178849b740fde00b50c9ba5f3b5530d0e5749ea59837,eca954c21da074c545cb7858315ea39fee0a6f54b19e06474b4f2f91f1666847,c40aaf80f5be3be16016d797963cb563e35b93083df451f9827f99cfadc3c898,6031dc4ee08b61c58b35b1efd7d764739d5c7c54dc7cbe9e9a72a1e4a7098596,e2212c40566e21c680a98186ebd8e984aa80d4fd,4d4ad03b827958468b1a231e360c7ad1aa68035c25af068059838ceae6dfa6d6,1c2a0b828a698273b3c8b45532398e4bfe29534a6c2e0bef6cf2c84f8baa5f93,R3_UA_7_selected,c2c650cc7db4b5356eb4c2ba25eaf9860387a614992303a321be65940bb34284,development_holdout,P3,2017-06-19,872,833.8194140454564,6fa03c3ee1044aaa3438ff47241af18f9d3923924c8c22c14edc34e5cbfaad02
new_p3_training,True,tuned,UA,7,R3,3cfd389bbd05ec9201a41c0892e29bf8199198d1b216b9a8061370d4240aa583,bd1488a2d411295d7a2118c50ddcc0b158786123613af1676062e2270d1637d1,9cb89005693b1b70c102178849b740fde00b50c9ba5f3b5530d0e5749ea59837,eca954c21da074c545cb7858315ea39fee0a6f54b19e06474b4f2f91f1666847,c40aaf80f5be3be16016d797963cb563e35b93083df451f9827f99cfadc3c898,6031dc4ee08b61c58b35b1efd7d764739d5c7c54dc7cbe9e9a72a1e4a7098596,e2212c40566e21c680a98186ebd8e984aa80d4fd,4d4ad03b827958468b1a231e360c7ad1aa68035c25af068059838ceae6dfa6d6,1c2a0b828a698273b3c8b45532398e4bfe29534a6c2e0bef6cf2c84f8baa5f93,R3_UA_7_selected,c2c650cc7db4b5356eb4c2ba25eaf9860387a614992303a321be65940bb34284,development_holdout,P3,2017-06-20,869,807.9864992204202,23c0c6b7f0c7e4304a02ff8e3d207e89d706c345f55a41f86317dbedcddde6fe
new_p3_training,True,tuned,UA,7,R3,3cfd389bbd05ec9201a41c0892e29bf8199198d1b216b9a8061370d4240aa583,bd1488a2d411295d7a2118c50ddcc0b158786123613af1676062e2270d1637d1,9cb89005693b1b70c102178849b740fde00b50c9ba5f3b5530d0e5749ea59837,eca954c21da074c545cb7858315ea39fee0a6f54b19e06474b4f2f91f1666847,c40aaf80f5be3be16016d797963cb563e35b93083df451f9827f99cfadc3c898,6031dc4ee08b61c58b35b1efd7d764739d5c7c54dc7cbe9e9a72a1e4a7098596,e2212c40566e21c680a98186ebd8e984aa80d4fd,4d4ad03b827958468b1a231e360c7ad1aa68035c25af068059838ceae6dfa6d6,1c2a0b828a698273b3c8b45532398e4bfe29534a6c2e0bef6cf2c84f8baa5f93,R3_UA_7_selected,c2c650cc7db4b5356eb4c2ba25eaf9860387a614992303a321be65940bb34284,development_holdout,P3,2017-06-21,854,840.2495947114651,af632f386631b587951238add0cab21cf66f365d8b9907e3e353e9fff6c84d32
new_p3_training,True,tuned,UA,7,R3,3cfd389bbd05ec9201a41c0892e29bf8199198d1b216b9a8061370d4240aa583,bd1488a2d411295d7a2118c50ddcc0b158786123613af1676062e2270d1637d1,9cb89005693b1b70c102178849b740fde00b50c9ba5f3b5530d0e5749ea59837,eca954c21da074c545cb7858315ea39fee0a6f54b19e06474b4f2f91f1666847,c40aaf80f5be3be16016d797963cb563e35b93083df451f9827f99cfadc3c898,6031dc4ee08b61c58b35b1efd7d764739d5c7c54dc7cbe9e9a72a1e4a7098596,e2212c40566e21c680a98186ebd8e984aa80d4fd,4d4ad03b827958468b1a231e360c7ad1aa68035c25af068059838ceae6dfa6d6,1c2a0b828a698273b3c8b45532398e4bfe29534a6c2e0bef6cf2c84f8baa5f93,R3_UA_7_selected,c2c650cc7db4b5356eb4c2ba25eaf9860387a614992303a321be65940bb34284,development_holdout,P3,2017-06-22,870,843.3993619801008,356d0afded9990781939343ebbcf298b1bd98e03a174583ded9859c9a5c69319
new_p3_training,True,tuned,UA,7,R3,3cfd389bbd05ec9201a41c0892e29bf8199198d1b216b9a8061370d4240aa583,bd1488a2d411295d7a2118c50ddcc0b158786123613af1676062e2270d1637d1,9cb89005693b1b70c102178849b740fde00b50c9ba5f3b5530d0e5749ea59837,eca954c21da074c545cb7858315ea39fee0a6f54b19e06474b4f2f91f1666847,c40aaf80f5be3be16016d797963cb563e35b93083df451f9827f99cfadc3c898,6031dc4ee08b61c58b35b1efd7d764739d5c7c54dc7cbe9e9a72a1e4a7098596,e2212c40566e21c680a98186ebd8e984aa80d4fd,4d4ad03b827958468b1a231e360c7ad1aa68035c25af068059838ceae6dfa6d6,1c2a0b828a698273b3c8b45532398e4bfe29534a6c2e0bef6cf2c84f8baa5f93,R3_UA_7_selected,c2c650cc7db4b5356eb4c2ba25eaf9860387a614992303a321be65940bb34284,development_holdout,P3,2017-06-23,855,778.132267178466,34e1ee9cb0c2c9d027c7efe119f2e7b6f15c0d70a4dbee7889bb6161406a5452
new_p3_training,True,tuned,UA,7,R3,3cfd389bbd05ec9201a41c0892e29bf8199198d1b216b9a8061370d4240aa583,bd1488a2d411295d7a2118c50ddcc0b158786123613af1676062e2270d1637d1,9cb89005693b1b70c102178849b740fde00b50c9ba5f3b5530d0e5749ea59837,eca954c21da074c545cb7858315ea39fee0a6f54b19e06474b4f2f91f1666847,c40aaf80f5be3be16016d797963cb563e35b93083df451f9827f99cfadc3c898,6031dc4ee08b61c58b35b1efd7d764739d5c7c54dc7cbe9e9a72a1e4a7098596,e2212c40566e21c680a98186ebd8e984aa80d4fd,4d4ad03b827958468b1a231e360c7ad1aa68035c25af068059838ceae6dfa6d6,1c2a0b828a698273b3c8b45532398e4bfe29534a6c2e0bef6cf2c84f8baa5f93,R3_UA_7_selected,c2c650cc7db4b5356eb4c2ba25eaf9860387a614992303a321be65940bb34284,development_holdout,P3,2017-06-26,849,773.197641222124,b79f61b8754be11ffc8f2758e7dbb0aebe388e2aec174bcae863c011ecaccbfe
new_p3_training,True,tuned,UA,7,R3,3cfd389bbd05ec9201a41c0892e29bf8199198d1b216b9a8061370d4240aa583,bd1488a2d411295d7a2118c50ddcc0b158786123613af1676062e2270d1637d1,9cb89005693b1b70c102178849b740fde00b50c9ba5f3b5530d0e5749ea59837,eca954c21da074c545cb7858315ea39fee0a6f54b19e06474b4f2f91f1666847,c40aaf80f5be3be16016d797963cb563e35b93083df451f9827f99cfadc3c898,6031dc4ee08b61c58b35b1efd7d764739d5c7c54dc7cbe9e9a72a1e4a7098596,e2212c40566e21c680a98186ebd8e984aa80d4fd,4d4ad03b827958468b1a231e360c7ad1aa68035c25af068059838ceae6dfa6d6,1c2a0b828a698273b3c8b45532398e4bfe29534a6c2e0bef6cf2c84f8baa5f93,R3_UA_7_selected,c2c650cc7db4b5356eb4c2ba25eaf9860387a614992303a321be65940bb34284,development_holdout,P3,2017-06-27,859,776.2792768672484,9c19b3a546a93cf25750bf5f1cac160e89e49ccac49250500d66e94301ec7d52
new_p3_training,True,tuned,UA,7,R3,3cfd389bbd05ec9201a41c0892e29bf8199198d1b216b9a8061370d4240aa583,bd1488a2d411295d7a2118c50ddcc0b158786123613af1676062e2270d1637d1,9cb89005693b1b70c102178849b740fde00b50c9ba5f3b5530d0e5749ea59837,eca954c21da074c545cb7858315ea39fee0a6f54b19e06474b4f2f91f1666847,c40aaf80f5be3be16016d797963cb563e35b93083df451f9827f99cfadc3c898,6031dc4ee08b61c58b35b1efd7d764739d5c7c54dc7cbe9e9a72a1e4a7098596,e2212c40566e21c680a98186ebd8e984aa80d4fd,4d4ad03b827958468b1a231e360c7ad1aa68035c25af068059838ceae6dfa6d6,1c2a0b828a698273b3c8b45532398e4bfe29534a6c2e0bef6cf2c84f8baa5f93,R3_UA_7_selected,c2c650cc7db4b5356eb4c2ba25eaf9860387a614992303a321be65940bb34284,development_holdout,P3,2017-06-28,858,817.1765142986002,c4cf5b826513a31560abfcb815cb8acdbcf4d9b039c6b9ef2a20582eff7f0632
new_p3_training,True,tuned,UA,7,R3,3cfd389bbd05ec9201a41c0892e29bf8199198d1b216b9a8061370d4240aa583,bd1488a2d411295d7a2118c50ddcc0b158786123613af1676062e2270d1637d1,9cb89005693b1b70c102178849b740fde00b50c9ba5f3b5530d0e5749ea59837,eca954c21da074c545cb7858315ea39fee0a6f54b19e06474b4f2f91f1666847,c40aaf80f5be3be16016d797963cb563e35b93083df451f9827f99cfadc3c898,6031dc4ee08b61c58b35b1efd7d764739d5c7c54dc7cbe9e9a72a1e4a7098596,e2212c40566e21c680a98186ebd8e984aa80d4fd,4d4ad03b827958468b1a231e360c7ad1aa68035c25af068059838ceae6dfa6d6,1c2a0b828a698273b3c8b45532398e4bfe29534a6c2e0bef6cf2c84f8baa5f93,R3_UA_7_selected,c2c650cc7db4b5356eb4c2ba25eaf9860387a614992303a321be65940bb34284,development_holdout,P3,2017-06-29,844,786.2183697351599,c8cc85bb2701b333187919cf3b90929d0d29a7b3235111509f7f858d389b7d3f
new_p3_training,True,tuned,UA,7,R3,3cfd389bbd05ec9201a41c0892e29bf8199198d1b216b9a8061370d4240aa583,bd1488a2d411295d7a2118c50ddcc0b158786123613af1676062e2270d1637d1,9cb89005693b1b70c102178849b740fde00b50c9ba5f3b5530d0e5749ea59837,eca954c21da074c545cb7858315ea39fee0a6f54b19e06474b4f2f91f1666847,c40aaf80f5be3be16016d797963cb563e35b93083df451f9827f99cfadc3c898,6031dc4ee08b61c58b35b1efd7d764739d5c7c54dc7cbe9e9a72a1e4a7098596,e2212c40566e21c680a98186ebd8e984aa80d4fd,4d4ad03b827958468b1a231e360c7ad1aa68035c25af068059838ceae6dfa6d6,1c2a0b828a698273b3c8b45532398e4bfe29534a6c2e0bef6cf2c84f8baa5f93,R3_UA_7_selected,c2c650cc7db4b5356eb4c2ba25eaf9860387a614992303a321be65940bb34284,development_holdout,P3,2017-06-30,846,764.4675934270018,26c84d63dff7345dfc971e53a75a078cbf0aa1b370fdf8f6cef1b14a41227c50
new_p3_training,True,tuned,UA,7,R3,3cfd389bbd05ec9201a41c0892e29bf8199198d1b216b9a8061370d4240aa583,bd1488a2d411295d7a2118c50ddcc0b158786123613af1676062e2270d1637d1,9cb89005693b1b70c102178849b740fde00b50c9ba5f3b5530d0e5749ea59837,eca954c21da074c545cb7858315ea39fee0a6f54b19e06474b4f2f91f1666847,c40aaf80f5be3be16016d797963cb563e35b93083df451f9827f99cfadc3c898,6031dc4ee08b61c58b35b1efd7d764739d5c7c54dc7cbe9e9a72a1e4a7098596,e2212c40566e21c680a98186ebd8e984aa80d4fd,4d4ad03b827958468b1a231e360c7ad1aa68035c25af068059838ceae6dfa6d6,1c2a0b828a698273b3c8b45532398e4bfe29534a6c2e0bef6cf2c84f8baa5f93,R3_UA_7_selected,c2c650cc7db4b5356eb4c2ba25eaf9860387a614992303a321be65940bb34284,validation,P0,2017-03-02,1026,966.3781604448931,eccbf26afab1682dd467f0e6f0e9b00355a35793dd5f44a9b95d6b4fe3725e11
new_p3_training,True,tuned,UA,7,R3,3cfd389bbd05ec9201a41c0892e29bf8199198d1b216b9a8061370d4240aa583,bd1488a2d411295d7a2118c50ddcc0b158786123613af1676062e2270d1637d1,9cb89005693b1b70c102178849b740fde00b50c9ba5f3b5530d0e5749ea59837,eca954c21da074c545cb7858315ea39fee0a6f54b19e06474b4f2f91f1666847,c40aaf80f5be3be16016d797963cb563e35b93083df451f9827f99cfadc3c898,6031dc4ee08b61c58b35b1efd7d764739d5c7c54dc7cbe9e9a72a1e4a7098596,e2212c40566e21c680a98186ebd8e984aa80d4fd,4d4ad03b827958468b1a231e360c7ad1aa68035c25af068059838ceae6dfa6d6,1c2a0b828a698273b3c8b45532398e4bfe29534a6c2e0bef6cf2c84f8baa5f93,R3_UA_7_selected,c2c650cc7db4b5356eb4c2ba25eaf9860387a614992303a321be65940bb34284,validation,P0,2017-03-03,1026,1020.0059721121369,6634aa01a135154ef84e8f15d1f53257174e22fd6f8d0bc414008f0c18dfeed1
new_p3_training,True,tuned,UA,7,R3,3cfd389bbd05ec9201a41c0892e29bf8199198d1b216b9a8061370d4240aa583,bd1488a2d411295d7a2118c50ddcc0b158786123613af1676062e2270d1637d1,9cb89005693b1b70c102178849b740fde00b50c9ba5f3b5530d0e5749ea59837,eca954c21da074c545cb7858315ea39fee0a6f54b19e06474b4f2f91f1666847,c40aaf80f5be3be16016d797963cb563e35b93083df451f9827f99cfadc3c898,6031dc4ee08b61c58b35b1efd7d764739d5c7c54dc7cbe9e9a72a1e4a7098596,e2212c40566e21c680a98186ebd8e984aa80d4fd,4d4ad03b827958468b1a231e360c7ad1aa68035c25af068059838ceae6dfa6d6,1c2a0b828a698273b3c8b45532398e4bfe29534a6c2e0bef6cf2c84f8baa5f93,R3_UA_7_selected,c2c650cc7db4b5356eb4c2ba25eaf9860387a614992303a321be65940bb34284,validation,P0,2017-03-06,1026,978.2473589600861,a634470df999d57734b9d3ae6585f4ae8b4f98834ce6f5e64189adacbe11cea2
new_p3_training,True,tuned,UA,7,R3,3cfd389bbd05ec9201a41c0892e29bf8199198d1b216b9a8061370d4240aa583,bd1488a2d411295d7a2118c50ddcc0b158786123613af1676062e2270d1637d1,9cb89005693b1b70c102178849b740fde00b50c9ba5f3b5530d0e5749ea59837,eca954c21da074c545cb7858315ea39fee0a6f54b19e06474b4f2f91f1666847,c40aaf80f5be3be16016d797963cb563e35b93083df451f9827f99cfadc3c898,6031dc4ee08b61c58b35b1efd7d764739d5c7c54dc7cbe9e9a72a1e4a7098596,e2212c40566e21c680a98186ebd8e984aa80d4fd,4d4ad03b827958468b1a231e360c7ad1aa68035c25af068059838ceae6dfa6d6,1c2a0b828a698273b3c8b45532398e4bfe29534a6c2e0bef6cf2c84f8baa5f93,R3_UA_7_selected,c2c650cc7db4b5356eb4c2ba25eaf9860387a614992303a321be65940bb34284,validation,P0,2017-03-07,1026,898.823760987591,885e2c0bbf4780a9b064c4d10fc2f52e8f3b21a1802b4473569d5e1252bd5683
new_p3_training,True,tuned,UA,7,R3,3cfd389bbd05ec9201a41c0892e29bf8199198d1b216b9a8061370d4240aa583,bd1488a2d411295d7a2118c50ddcc0b158786123613af1676062e2270d1637d1,9cb89005693b1b70c102178849b740fde00b50c9ba5f3b5530d0e5749ea59837,eca954c21da074c545cb7858315ea39fee0a6f54b19e06474b4f2f91f1666847,c40aaf80f5be3be16016d797963cb563e35b93083df451f9827f99cfadc3c898,6031dc4ee08b61c58b35b1efd7d764739d5c7c54dc7cbe9e9a72a1e4a7098596,e2212c40566e21c680a98186ebd8e984aa80d4fd,4d4ad03b827958468b1a231e360c7ad1aa68035c25af068059838ceae6dfa6d6,1c2a0b828a698273b3c8b45532398e4bfe29534a6c2e0bef6cf2c84f8baa5f93,R3_UA_7_selected,c2c650cc7db4b5356eb4c2ba25eaf9860387a614992303a321be65940bb34284,validation,P0,2017-03-08,1026,955.5167212376489,48d3129a79d6583af64dea7afb762903377dfc69be7206828c6493bdc038a377
new_p3_training,True,tuned,UA,7,R3,3cfd389bbd05ec9201a41c0892e29bf8199198d1b216b9a8061370d4240aa583,bd1488a2d411295d7a2118c50ddcc0b158786123613af1676062e2270d1637d1,9cb89005693b1b70c102178849b740fde00b50c9ba5f3b5530d0e5749ea59837,eca954c21da074c545cb7858315ea39fee0a6f54b19e06474b4f2f91f1666847,c40aaf80f5be3be16016d797963cb563e35b93083df451f9827f99cfadc3c898,6031dc4ee08b61c58b35b1efd7d764739d5c7c54dc7cbe9e9a72a1e4a7098596,e2212c40566e21c680a98186ebd8e984aa80d4fd,4d4ad03b827958468b1a231e360c7ad1aa68035c25af068059838ceae6dfa6d6,1c2a0b828a698273b3c8b45532398e4bfe29534a6c2e0bef6cf2c84f8baa5f93,R3_UA_7_selected,c2c650cc7db4b5356eb4c2ba25eaf9860387a614992303a321be65940bb34284,validation,P0,2017-03-09,1026,934.1814068727731,8e111b00b6ce4cd8ada2b43a2ea1538e335c5af4cf8291d2349335dc01d78c04
new_p3_training,True,tuned,UA,7,R3,3cfd389bbd05ec9201a41c0892e29bf8199198d1b216b9a8061370d4240aa583,bd1488a2d411295d7a2118c50ddcc0b158786123613af1676062e2270d1637d1,9cb89005693b1b70c102178849b740fde00b50c9ba5f3b5530d0e5749ea59837,eca954c21da074c545cb7858315ea39fee0a6f54b19e06474b4f2f91f1666847,c40aaf80f5be3be16016d797963cb563e35b93083df451f9827f99cfadc3c898,6031dc4ee08b61c58b35b1efd7d764739d5c7c54dc7cbe9e9a72a1e4a7098596,e2212c40566e21c680a98186ebd8e984aa80d4fd,4d4ad03b827958468b1a231e360c7ad1aa68035c25af068059838ceae6dfa6d6,1c2a0b828a698273b3c8b45532398e4bfe29534a6c2e0bef6cf2c84f8baa5f93,R3_UA_7_selected,c2c650cc7db4b5356eb4c2ba25eaf9860387a614992303a321be65940bb34284,validation,P0,2017-03-10,1026,1032.4330019623026,ac4dde729b941fd5b3637a2d822aabdf53f32399a267f107042044729ed50a5c
new_p3_training,True,tuned,UA,7,R3,3cfd389bbd05ec9201a41c0892e29bf8199198d1b216b9a8061370d4240aa583,bd1488a2d411295d7a2118c50ddcc0b158786123613af1676062e2270d1637d1,9cb89005693b1b70c102178849b740fde00b50c9ba5f3b5530d0e5749ea59837,eca954c21da074c545cb7858315ea39fee0a6f54b19e06474b4f2f91f1666847,c40aaf80f5be3be16016d797963cb563e35b93083df451f9827f99cfadc3c898,6031dc4ee08b61c58b35b1efd7d764739d5c7c54dc7cbe9e9a72a1e4a7098596,e2212c40566e21c680a98186ebd8e984aa80d4fd,4d4ad03b827958468b1a231e360c7ad1aa68035c25af068059838ceae6dfa6d6,1c2a0b828a698273b3c8b45532398e4bfe29534a6c2e0bef6cf2c84f8baa5f93,R3_UA_7_selected,c2c650cc7db4b5356eb4c2ba25eaf9860387a614992303a321be65940bb34284,validation,P0,2017-03-13,1026,947.3647785396627,ff7b3c7f01e163498ee81d6d61e255492b5193753ecf5720c7d32f77868985a2
new_p3_training,True,tuned,UA,7,R3,3cfd389bbd05ec9201a41c0892e29bf8199198d1b216b9a8061370d4240aa583,bd1488a2d411295d7a2118c50ddcc0b158786123613af1676062e2270d1637d1,9cb89005693b1b70c102178849b740fde00b50c9ba5f3b5530d0e5749ea59837,eca954c21da074c545cb7858315ea39fee0a6f54b19e06474b4f2f91f1666847,c40aaf80f5be3be16016d797963cb563e35b93083df451f9827f99cfadc3c898,6031dc4ee08b61c58b35b1efd7d764739d5c7c54dc7cbe9e9a72a1e4a7098596,e2212c40566e21c680a98186ebd8e984aa80d4fd,4d4ad03b827958468b1a231e360c7ad1aa68035c25af068059838ceae6dfa6d6,1c2a0b828a698273b3c8b45532398e4bfe29534a6c2e0bef6cf2c84f8baa5f93,R3_UA_7_selected,c2c650cc7db4b5356eb4c2ba25eaf9860387a614992303a321be65940bb34284,validation,P0,2017-03-14,1026,962.6005076013996,d79284901848119e3473843378405bf899a2e410ff2f870f7b0b2279fa6a9257
new_p3_training,True,tuned,UA,7,R3,3cfd389bbd05ec9201a41c0892e29bf8199198d1b216b9a8061370d4240aa583,bd1488a2d411295d7a2118c50ddcc0b158786123613af1676062e2270d1637d1,9cb89005693b1b70c102178849b740fde00b50c9ba5f3b5530d0e5749ea59837,eca954c21da074c545cb7858315ea39fee0a6f54b19e06474b4f2f91f1666847,c40aaf80f5be3be16016d797963cb563e35b93083df451f9827f99cfadc3c898,6031dc4ee08b61c58b35b1efd7d764739d5c7c54dc7cbe9e9a72a1e4a7098596,e2212c40566e21c680a98186ebd8e984aa80d4fd,4d4ad03b827958468b1a231e360c7ad1aa68035c25af068059838ceae6dfa6d6,1c2a0b828a698273b3c8b45532398e4bfe29534a6c2e0bef6cf2c84f8baa5f93,R3_UA_7_selected,c2c650cc7db4b5356eb4c2ba25eaf9860387a614992303a321be65940bb34284,validation,P0,2017-03-15,1026,959.8636272615777,3647c2ce05d55aed010cd40a0a34e1897d3f1bc950716dbe3a536562affd0f36
new_p3_training,True,tuned,UA,7,R3,3cfd389bbd05ec9201a41c0892e29bf8199198d1b216b9a8061370d4240aa583,bd1488a2d411295d7a2118c50ddcc0b158786123613af1676062e2270d1637d1,9cb89005693b1b70c102178849b740fde00b50c9ba5f3b5530d0e5749ea59837,eca954c21da074c545cb7858315ea39fee0a6f54b19e06474b4f2f91f1666847,c40aaf80f5be3be16016d797963cb563e35b93083df451f9827f99cfadc3c898,6031dc4ee08b61c58b35b1efd7d764739d5c7c54dc7cbe9e9a72a1e4a7098596,e2212c40566e21c680a98186ebd8e984aa80d4fd,4d4ad03b827958468b1a231e360c7ad1aa68035c25af068059838ceae6dfa6d6,1c2a0b828a698273b3c8b45532398e4bfe29534a6c2e0bef6cf2c84f8baa5f93,R3_UA_7_selected,c2c650cc7db4b5356eb4c2ba25eaf9860387a614992303a321be65940bb34284,validation,P0,2017-03-16,1026,969.7231983270605,dc4e3f6802a2c938909ca397693a0ab6ad8989945b237784fb250fb66ced419e
new_p3_training,True,tuned,UA,7,R3,3cfd389bbd05ec9201a41c0892e29bf8199198d1b216b9a8061370d4240aa583,bd1488a2d411295d7a2118c50ddcc0b158786123613af1676062e2270d1637d1,9cb89005693b1b70c102178849b740fde00b50c9ba5f3b5530d0e5749ea59837,eca954c21da074c545cb7858315ea39fee0a6f54b19e06474b4f2f91f1666847,c40aaf80f5be3be16016d797963cb563e35b93083df451f9827f99cfadc3c898,6031dc4ee08b61c58b35b1efd7d764739d5c7c54dc7cbe9e9a72a1e4a7098596,e2212c40566e21c680a98186ebd8e984aa80d4fd,4d4ad03b827958468b1a231e360c7ad1aa68035c25af068059838ceae6dfa6d6,1c2a0b828a698273b3c8b45532398e4bfe29534a6c2e0bef6cf2c84f8baa5f93,R3_UA_7_selected,c2c650cc7db4b5356eb4c2ba25eaf9860387a614992303a321be65940bb34284,validation,P0,2017-03-17,1026,966.2423844698566,ec84c43cf4453898bcf34a0f61bdaf87ace1ff02edb459e23bcc8c283d92dfc6
new_p3_training,True,tuned,UA,7,R3,3cfd389bbd05ec9201a41c0892e29bf8199198d1b216b9a8061370d4240aa583,bd1488a2d411295d7a2118c50ddcc0b158786123613af1676062e2270d1637d1,9cb89005693b1b70c102178849b740fde00b50c9ba5f3b5530d0e5749ea59837,eca954c21da074c545cb7858315ea39fee0a6f54b19e06474b4f2f91f1666847,c40aaf80f5be3be16016d797963cb563e35b93083df451f9827f99cfadc3c898,6031dc4ee08b61c58b35b1efd7d764739d5c7c54dc7cbe9e9a72a1e4a7098596,e2212c40566e21c680a98186ebd8e984aa80d4fd,4d4ad03b827958468b1a231e360c7ad1aa68035c25af068059838ceae6dfa6d6,1c2a0b828a698273b3c8b45532398e4bfe29534a6c2e0bef6cf2c84f8baa5f93,R3_UA_7_selected,c2c650cc7db4b5356eb4c2ba25eaf9860387a614992303a321be65940bb34284,validation,P0,2017-03-20,1026,900.499568420911,5b58b30c42bacac8b002937842b4dd85d149c36dd3971060731299992e88b0b3
new_p3_training,True,tuned,UA,7,R3,3cfd389bbd05ec9201a41c0892e29bf8199198d1b216b9a8061370d4240aa583,bd1488a2d411295d7a2118c50ddcc0b158786123613af1676062e2270d1637d1,9cb89005693b1b70c102178849b740fde00b50c9ba5f3b5530d0e5749ea59837,eca954c21da074c545cb7858315ea39fee0a6f54b19e06474b4f2f91f1666847,c40aaf80f5be3be16016d797963cb563e35b93083df451f9827f99cfadc3c898,6031dc4ee08b61c58b35b1efd7d764739d5c7c54dc7cbe9e9a72a1e4a7098596,e2212c40566e21c680a98186ebd8e984aa80d4fd,4d4ad03b827958468b1a231e360c7ad1aa68035c25af068059838ceae6dfa6d6,1c2a0b828a698273b3c8b45532398e4bfe29534a6c2e0bef6cf2c84f8baa5f93,R3_UA_7_selected,c2c650cc7db4b5356eb4c2ba25eaf9860387a614992303a321be65940bb34284,validation,P0,2017-03-21,1026,966.3845526001394,b22e3952b20f28b5efc896413fcab8ba4ee1f80f1126eccbb81e8fb6fa6d9cb1
new_p3_training,True,tuned,UA,7,R3,3cfd389bbd05ec9201a41c0892e29bf8199198d1b216b9a8061370d4240aa583,bd1488a2d411295d7a2118c50ddcc0b158786123613af1676062e2270d1637d1,9cb89005693b1b70c102178849b740fde00b50c9ba5f3b5530d0e5749ea59837,eca954c21da074c545cb7858315ea39fee0a6f54b19e06474b4f2f91f1666847,c40aaf80f5be3be16016d797963cb563e35b93083df451f9827f99cfadc3c898,6031dc4ee08b61c58b35b1efd7d764739d5c7c54dc7cbe9e9a72a1e4a7098596,e2212c40566e21c680a98186ebd8e984aa80d4fd,4d4ad03b827958468b1a231e360c7ad1aa68035c25af068059838ceae6dfa6d6,1c2a0b828a698273b3c8b45532398e4bfe29534a6c2e0bef6cf2c84f8baa5f93,R3_UA_7_selected,c2c650cc7db4b5356eb4c2ba25eaf9860387a614992303a321be65940bb34284,validation,P0,2017-03-22,1026,950.2597508616857,584f23f899324c8b922b8e476c3769591fae73db0f180e7f35302b91f2cb1541
new_p3_training,True,tuned,UA,7,R3,3cfd389bbd05ec9201a41c0892e29bf8199198d1b216b9a8061370d4240aa583,bd1488a2d411295d7a2118c50ddcc0b158786123613af1676062e2270d1637d1,9cb89005693b1b70c102178849b740fde00b50c9ba5f3b5530d0e5749ea59837,eca954c21da074c545cb7858315ea39fee0a6f54b19e06474b4f2f91f1666847,c40aaf80f5be3be16016d797963cb563e35b93083df451f9827f99cfadc3c898,6031dc4ee08b61c58b35b1efd7d764739d5c7c54dc7cbe9e9a72a1e4a7098596,e2212c40566e21c680a98186ebd8e984aa80d4fd,4d4ad03b827958468b1a231e360c7ad1aa68035c25af068059838ceae6dfa6d6,1c2a0b828a698273b3c8b45532398e4bfe29534a6c2e0bef6cf2c84f8baa5f93,R3_UA_7_selected,c2c650cc7db4b5356eb4c2ba25eaf9860387a614992303a321be65940bb34284,validation,P0,2017-03-23,1026,954.5837517875823,531210c7203f13d8cc5e3a05557cec7758f7bb76d73a15f697059f2f837c9f92
new_p3_training,True,tuned,UA,7,R3,3cfd389bbd05ec9201a41c0892e29bf8199198d1b216b9a8061370d4240aa583,bd1488a2d411295d7a2118c50ddcc0b158786123613af1676062e2270d1637d1,9cb89005693b1b70c102178849b740fde00b50c9ba5f3b5530d0e5749ea59837,eca954c21da074c545cb7858315ea39fee0a6f54b19e06474b4f2f91f1666847,c40aaf80f5be3be16016d797963cb563e35b93083df451f9827f99cfadc3c898,6031dc4ee08b61c58b35b1efd7d764739d5c7c54dc7cbe9e9a72a1e4a7098596,e2212c40566e21c680a98186ebd8e984aa80d4fd,4d4ad03b827958468b1a231e360c7ad1aa68035c25af068059838ceae6dfa6d6,1c2a0b828a698273b3c8b45532398e4bfe29534a6c2e0bef6cf2c84f8baa5f93,R3_UA_7_selected,c2c650cc7db4b5356eb4c2ba25eaf9860387a614992303a321be65940bb34284,validation,P0,2017-03-24,1026,1018.8230235450759,5684ba8217fc768e7c98e7cffb274fe9650765f7a3fb59bd46e6e9310431a5c7
new_p3_training,True,tuned,UA,7,R3,3cfd389bbd05ec9201a41c0892e29bf8199198d1b216b9a8061370d4240aa583,bd1488a2d411295d7a2118c50ddcc0b158786123613af1676062e2270d1637d1,9cb89005693b1b70c102178849b740fde00b50c9ba5f3b5530d0e5749ea59837,eca954c21da074c545cb7858315ea39fee0a6f54b19e06474b4f2f91f1666847,c40aaf80f5be3be16016d797963cb563e35b93083df451f9827f99cfadc3c898,6031dc4ee08b61c58b35b1efd7d764739d5c7c54dc7cbe9e9a72a1e4a7098596,e2212c40566e21c680a98186ebd8e984aa80d4fd,4d4ad03b827958468b1a231e360c7ad1aa68035c25af068059838ceae6dfa6d6,1c2a0b828a698273b3c8b45532398e4bfe29534a6c2e0bef6cf2c84f8baa5f93,R3_UA_7_selected,c2c650cc7db4b5356eb4c2ba25eaf9860387a614992303a321be65940bb34284,validation,P0,2017-03-27,1026,969.1790052393771,9a74b880a373b25415e72c9317802701abbfe63dc84cdd0b9a97ccfcf6ede07b
new_p3_training,True,tuned,UA,7,R3,3cfd389bbd05ec9201a41c0892e29bf8199198d1b216b9a8061370d4240aa583,bd1488a2d411295d7a2118c50ddcc0b158786123613af1676062e2270d1637d1,9cb89005693b1b70c102178849b740fde00b50c9ba5f3b5530d0e5749ea59837,eca954c21da074c545cb7858315ea39fee0a6f54b19e06474b4f2f91f1666847,c40aaf80f5be3be16016d797963cb563e35b93083df451f9827f99cfadc3c898,6031dc4ee08b61c58b35b1efd7d764739d5c7c54dc7cbe9e9a72a1e4a7098596,e2212c40566e21c680a98186ebd8e984aa80d4fd,4d4ad03b827958468b1a231e360c7ad1aa68035c25af068059838ceae6dfa6d6,1c2a0b828a698273b3c8b45532398e4bfe29534a6c2e0bef6cf2c84f8baa5f93,R3_UA_7_selected,c2c650cc7db4b5356eb4c2ba25eaf9860387a614992303a321be65940bb34284,validation,P0,2017-03-28,1026,899.0962302215593,156e6ef6199ba3f90b71957648116fa0d94ddaf2c3b44b984cc82533acb04900
new_p3_training,True,tuned,UA,7,R3,3cfd389bbd05ec9201a41c0892e29bf8199198d1b216b9a8061370d4240aa583,bd1488a2d411295d7a2118c50ddcc0b158786123613af1676062e2270d1637d1,9cb89005693b1b70c102178849b740fde00b50c9ba5f3b5530d0e5749ea59837,eca954c21da074c545cb7858315ea39fee0a6f54b19e06474b4f2f91f1666847,c40aaf80f5be3be16016d797963cb563e35b93083df451f9827f99cfadc3c898,6031dc4ee08b61c58b35b1efd7d764739d5c7c54dc7cbe9e9a72a1e4a7098596,e2212c40566e21c680a98186ebd8e984aa80d4fd,4d4ad03b827958468b1a231e360c7ad1aa68035c25af068059838ceae6dfa6d6,1c2a0b828a698273b3c8b45532398e4bfe29534a6c2e0bef6cf2c84f8baa5f93,R3_UA_7_selected,c2c650cc7db4b5356eb4c2ba25eaf9860387a614992303a321be65940bb34284,validation,P0,2017-03-29,1026,931.1775037735938,b481bb351b865d0527f835f5fd7383f26d6d359e8a9ba2d0fa4b2fc190d8a828
new_p3_training,True,tuned,UA,7,R3,3cfd389bbd05ec9201a41c0892e29bf8199198d1b216b9a8061370d4240aa583,bd1488a2d411295d7a2118c50ddcc0b158786123613af1676062e2270d1637d1,9cb89005693b1b70c102178849b740fde00b50c9ba5f3b5530d0e5749ea59837,eca954c21da074c545cb7858315ea39fee0a6f54b19e06474b4f2f91f1666847,c40aaf80f5be3be16016d797963cb563e35b93083df451f9827f99cfadc3c898,6031dc4ee08b61c58b35b1efd7d764739d5c7c54dc7cbe9e9a72a1e4a7098596,e2212c40566e21c680a98186ebd8e984aa80d4fd,4d4ad03b827958468b1a231e360c7ad1aa68035c25af068059838ceae6dfa6d6,1c2a0b828a698273b3c8b45532398e4bfe29534a6c2e0bef6cf2c84f8baa5f93,R3_UA_7_selected,c2c650cc7db4b5356eb4c2ba25eaf9860387a614992303a321be65940bb34284,validation,P0,2017-03-30,1026,900.1052476695907,0c6c7366a78de45399bba58b0ad88c189669f528f28e9ac7e4cda543ff292af6
new_p3_training,True,tuned,UA,7,R3,3cfd389bbd05ec9201a41c0892e29bf8199198d1b216b9a8061370d4240aa583,bd1488a2d411295d7a2118c50ddcc0b158786123613af1676062e2270d1637d1,9cb89005693b1b70c102178849b740fde00b50c9ba5f3b5530d0e5749ea59837,eca954c21da074c545cb7858315ea39fee0a6f54b19e06474b4f2f91f1666847,c40aaf80f5be3be16016d797963cb563e35b93083df451f9827f99cfadc3c898,6031dc4ee08b61c58b35b1efd7d764739d5c7c54dc7cbe9e9a72a1e4a7098596,e2212c40566e21c680a98186ebd8e984aa80d4fd,4d4ad03b827958468b1a231e360c7ad1aa68035c25af068059838ceae6dfa6d6,1c2a0b828a698273b3c8b45532398e4bfe29534a6c2e0bef6cf2c84f8baa5f93,R3_UA_7_selected,c2c650cc7db4b5356eb4c2ba25eaf9860387a614992303a321be65940bb34284,validation,P0,2017-03-31,1026,911.9855822192822,da77ae4ee083ddd3c3121425c75254a42b9463b62f3793a64beb2145d862e629
new_p3_training,True,tuned,UA,7,R3,3cfd389bbd05ec9201a41c0892e29bf8199198d1b216b9a8061370d4240aa583,bd1488a2d411295d7a2118c50ddcc0b158786123613af1676062e2270d1637d1,9cb89005693b1b70c102178849b740fde00b50c9ba5f3b5530d0e5749ea59837,eca954c21da074c545cb7858315ea39fee0a6f54b19e06474b4f2f91f1666847,c40aaf80f5be3be16016d797963cb563e35b93083df451f9827f99cfadc3c898,6031dc4ee08b61c58b35b1efd7d764739d5c7c54dc7cbe9e9a72a1e4a7098596,e2212c40566e21c680a98186ebd8e984aa80d4fd,4d4ad03b827958468b1a231e360c7ad1aa68035c25af068059838ceae6dfa6d6,1c2a0b828a698273b3c8b45532398e4bfe29534a6c2e0bef6cf2c84f8baa5f93,R3_UA_7_selected,c2c650cc7db4b5356eb4c2ba25eaf9860387a614992303a321be65940bb34284,validation,P0,2017-04-03,1026,955.1292844853604,de583eb77ac5299596e17d9e1a09935dc9bdaabf352b88d12e2e7ed5ad26f724
new_p3_training,True,tuned,UA,7,R3,3cfd389bbd05ec9201a41c0892e29bf8199198d1b216b9a8061370d4240aa583,bd1488a2d411295d7a2118c50ddcc0b158786123613af1676062e2270d1637d1,9cb89005693b1b70c102178849b740fde00b50c9ba5f3b5530d0e5749ea59837,eca954c21da074c545cb7858315ea39fee0a6f54b19e06474b4f2f91f1666847,c40aaf80f5be3be16016d797963cb563e35b93083df451f9827f99cfadc3c898,6031dc4ee08b61c58b35b1efd7d764739d5c7c54dc7cbe9e9a72a1e4a7098596,e2212c40566e21c680a98186ebd8e984aa80d4fd,4d4ad03b827958468b1a231e360c7ad1aa68035c25af068059838ceae6dfa6d6,1c2a0b828a698273b3c8b45532398e4bfe29534a6c2e0bef6cf2c84f8baa5f93,R3_UA_7_selected,c2c650cc7db4b5356eb4c2ba25eaf9860387a614992303a321be65940bb34284,validation,P0,2017-04-04,1026,933.7124581977546,b10de68f3e04b95ba89c340d1c608f52b125f93ebbabe3357ceea54934ab8c09
new_p3_training,True,tuned,UA,7,R3,3cfd389bbd05ec9201a41c0892e29bf8199198d1b216b9a8061370d4240aa583,bd1488a2d411295d7a2118c50ddcc0b158786123613af1676062e2270d1637d1,9cb89005693b1b70c102178849b740fde00b50c9ba5f3b5530d0e5749ea59837,eca954c21da074c545cb7858315ea39fee0a6f54b19e06474b4f2f91f1666847,c40aaf80f5be3be16016d797963cb563e35b93083df451f9827f99cfadc3c898,6031dc4ee08b61c58b35b1efd7d764739d5c7c54dc7cbe9e9a72a1e4a7098596,e2212c40566e21c680a98186ebd8e984aa80d4fd,4d4ad03b827958468b1a231e360c7ad1aa68035c25af068059838ceae6dfa6d6,1c2a0b828a698273b3c8b45532398e4bfe29534a6c2e0bef6cf2c84f8baa5f93,R3_UA_7_selected,c2c650cc7db4b5356eb4c2ba25eaf9860387a614992303a321be65940bb34284,validation,P0,2017-04-05,1026,1003.8744528900788,a4201a7cbb2e61f0bea3ef8cb21bce8eb31892dad880d0b2f20db3a44c84eef6
new_p3_training,True,tuned,UA,7,R3,3cfd389bbd05ec9201a41c0892e29bf8199198d1b216b9a8061370d4240aa583,bd1488a2d411295d7a2118c50ddcc0b158786123613af1676062e2270d1637d1,9cb89005693b1b70c102178849b740fde00b50c9ba5f3b5530d0e5749ea59837,eca954c21da074c545cb7858315ea39fee0a6f54b19e06474b4f2f91f1666847,c40aaf80f5be3be16016d797963cb563e35b93083df451f9827f99cfadc3c898,6031dc4ee08b61c58b35b1efd7d764739d5c7c54dc7cbe9e9a72a1e4a7098596,e2212c40566e21c680a98186ebd8e984aa80d4fd,4d4ad03b827958468b1a231e360c7ad1aa68035c25af068059838ceae6dfa6d6,1c2a0b828a698273b3c8b45532398e4bfe29534a6c2e0bef6cf2c84f8baa5f93,R3_UA_7_selected,c2c650cc7db4b5356eb4c2ba25eaf9860387a614992303a321be65940bb34284,validation,P0,2017-04-06,1026,893.4182312565599,824e9cc560c96e15e17a745baa1ddc0e03bcbba67d9139181f78a6e748b0b57f
new_p3_training,True,tuned,UA,7,R3,3cfd389bbd05ec9201a41c0892e29bf8199198d1b216b9a8061370d4240aa583,bd1488a2d411295d7a2118c50ddcc0b158786123613af1676062e2270d1637d1,9cb89005693b1b70c102178849b740fde00b50c9ba5f3b5530d0e5749ea59837,eca954c21da074c545cb7858315ea39fee0a6f54b19e06474b4f2f91f1666847,c40aaf80f5be3be16016d797963cb563e35b93083df451f9827f99cfadc3c898,6031dc4ee08b61c58b35b1efd7d764739d5c7c54dc7cbe9e9a72a1e4a7098596,e2212c40566e21c680a98186ebd8e984aa80d4fd,4d4ad03b827958468b1a231e360c7ad1aa68035c25af068059838ceae6dfa6d6,1c2a0b828a698273b3c8b45532398e4bfe29534a6c2e0bef6cf2c84f8baa5f93,R3_UA_7_selected,c2c650cc7db4b5356eb4c2ba25eaf9860387a614992303a321be65940bb34284,validation,P0,2017-04-07,1026,930.8553710265506,013b23649412c75f61a972c8642900c0266aa26902558d7fd20dd6ceda55ffe2
new_p3_training,True,tuned,UA,7,R3,3cfd389bbd05ec9201a41c0892e29bf8199198d1b216b9a8061370d4240aa583,bd1488a2d411295d7a2118c50ddcc0b158786123613af1676062e2270d1637d1,9cb89005693b1b70c102178849b740fde00b50c9ba5f3b5530d0e5749ea59837,eca954c21da074c545cb7858315ea39fee0a6f54b19e06474b4f2f91f1666847,c40aaf80f5be3be16016d797963cb563e35b93083df451f9827f99cfadc3c898,6031dc4ee08b61c58b35b1efd7d764739d5c7c54dc7cbe9e9a72a1e4a7098596,e2212c40566e21c680a98186ebd8e984aa80d4fd,4d4ad03b827958468b1a231e360c7ad1aa68035c25af068059838ceae6dfa6d6,1c2a0b828a698273b3c8b45532398e4bfe29534a6c2e0bef6cf2c84f8baa5f93,R3_UA_7_selected,c2c650cc7db4b5356eb4c2ba25eaf9860387a614992303a321be65940bb34284,validation,P0,2017-04-10,1026,940.7821546589503,a7479b005e2627f003740447e99245c5c1641fc5c67e6fe5e40b00506edb063f
new_p3_training,True,tuned,UA,7,R3,3cfd389bbd05ec9201a41c0892e29bf8199198d1b216b9a8061370d4240aa583,bd1488a2d411295d7a2118c50ddcc0b158786123613af1676062e2270d1637d1,9cb89005693b1b70c102178849b740fde00b50c9ba5f3b5530d0e5749ea59837,eca954c21da074c545cb7858315ea39fee0a6f54b19e06474b4f2f91f1666847,c40aaf80f5be3be16016d797963cb563e35b93083df451f9827f99cfadc3c898,6031dc4ee08b61c58b35b1efd7d764739d5c7c54dc7cbe9e9a72a1e4a7098596,e2212c40566e21c680a98186ebd8e984aa80d4fd,4d4ad03b827958468b1a231e360c7ad1aa68035c25af068059838ceae6dfa6d6,1c2a0b828a698273b3c8b45532398e4bfe29534a6c2e0bef6cf2c84f8baa5f93,R3_UA_7_selected,c2c650cc7db4b5356eb4c2ba25eaf9860387a614992303a321be65940bb34284,validation,P0,2017-04-11,1026,914.9737390392779,94d8928f77972c2abec763691cc1cd748258c90aa817e0caa2a7edda27480a3a
new_p3_training,True,tuned,UA,7,R3,3cfd389bbd05ec9201a41c0892e29bf8199198d1b216b9a8061370d4240aa583,bd1488a2d411295d7a2118c50ddcc0b158786123613af1676062e2270d1637d1,9cb89005693b1b70c102178849b740fde00b50c9ba5f3b5530d0e5749ea59837,eca954c21da074c545cb7858315ea39fee0a6f54b19e06474b4f2f91f1666847,c40aaf80f5be3be16016d797963cb563e35b93083df451f9827f99cfadc3c898,6031dc4ee08b61c58b35b1efd7d764739d5c7c54dc7cbe9e9a72a1e4a7098596,e2212c40566e21c680a98186ebd8e984aa80d4fd,4d4ad03b827958468b1a231e360c7ad1aa68035c25af068059838ceae6dfa6d6,1c2a0b828a698273b3c8b45532398e4bfe29534a6c2e0bef6cf2c84f8baa5f93,R3_UA_7_selected,c2c650cc7db4b5356eb4c2ba25eaf9860387a614992303a321be65940bb34284,validation,P0,2017-04-12,1026,874.5387214049877,6079626a02cf2261f486b86eee1d724aae5efc8fe6a1c1bf5343974e9bb656b5
new_p3_training,True,tuned,UA,7,R3,3cfd389bbd05ec9201a41c0892e29bf8199198d1b216b9a8061370d4240aa583,bd1488a2d411295d7a2118c50ddcc0b158786123613af1676062e2270d1637d1,9cb89005693b1b70c102178849b740fde00b50c9ba5f3b5530d0e5749ea59837,eca954c21da074c545cb7858315ea39fee0a6f54b19e06474b4f2f91f1666847,c40aaf80f5be3be16016d797963cb563e35b93083df451f9827f99cfadc3c898,6031dc4ee08b61c58b35b1efd7d764739d5c7c54dc7cbe9e9a72a1e4a7098596,e2212c40566e21c680a98186ebd8e984aa80d4fd,4d4ad03b827958468b1a231e360c7ad1aa68035c25af068059838ceae6dfa6d6,1c2a0b828a698273b3c8b45532398e4bfe29534a6c2e0bef6cf2c84f8baa5f93,R3_UA_7_selected,c2c650cc7db4b5356eb4c2ba25eaf9860387a614992303a321be65940bb34284,validation,P0,2017-04-13,1026,968.3543416583559,cd618da2df58363fac13eeb48e689bba7bdb12ffc5b8606f48b2d6c4b98be74a
new_p3_training,True,tuned,UA,7,R3,3cfd389bbd05ec9201a41c0892e29bf8199198d1b216b9a8061370d4240aa583,bd1488a2d411295d7a2118c50ddcc0b158786123613af1676062e2270d1637d1,9cb89005693b1b70c102178849b740fde00b50c9ba5f3b5530d0e5749ea59837,eca954c21da074c545cb7858315ea39fee0a6f54b19e06474b4f2f91f1666847,c40aaf80f5be3be16016d797963cb563e35b93083df451f9827f99cfadc3c898,6031dc4ee08b61c58b35b1efd7d764739d5c7c54dc7cbe9e9a72a1e4a7098596,e2212c40566e21c680a98186ebd8e984aa80d4fd,4d4ad03b827958468b1a231e360c7ad1aa68035c25af068059838ceae6dfa6d6,1c2a0b828a698273b3c8b45532398e4bfe29534a6c2e0bef6cf2c84f8baa5f93,R3_UA_7_selected,c2c650cc7db4b5356eb4c2ba25eaf9860387a614992303a321be65940bb34284,validation,P0,2017-04-14,1026,969.0909407089803,1e5405c34cf2b7c1bdd8fbfea784cdbba288d39c9d0c244b28d964e3732f55e1
new_p3_training,True,tuned,UA,7,R3,3cfd389bbd05ec9201a41c0892e29bf8199198d1b216b9a8061370d4240aa583,bd1488a2d411295d7a2118c50ddcc0b158786123613af1676062e2270d1637d1,9cb89005693b1b70c102178849b740fde00b50c9ba5f3b5530d0e5749ea59837,eca954c21da074c545cb7858315ea39fee0a6f54b19e06474b4f2f91f1666847,c40aaf80f5be3be16016d797963cb563e35b93083df451f9827f99cfadc3c898,6031dc4ee08b61c58b35b1efd7d764739d5c7c54dc7cbe9e9a72a1e4a7098596,e2212c40566e21c680a98186ebd8e984aa80d4fd,4d4ad03b827958468b1a231e360c7ad1aa68035c25af068059838ceae6dfa6d6,1c2a0b828a698273b3c8b45532398e4bfe29534a6c2e0bef6cf2c84f8baa5f93,R3_UA_7_selected,c2c650cc7db4b5356eb4c2ba25eaf9860387a614992303a321be65940bb34284,validation,P0,2017-04-17,1026,893.5627644122494,5b548bd8cffd4de4437bc8dffd37984cc53e9ab79584149dbd836992e837e390
new_p3_training,True,tuned,UA,7,R3,3cfd389bbd05ec9201a41c0892e29bf8199198d1b216b9a8061370d4240aa583,bd1488a2d411295d7a2118c50ddcc0b158786123613af1676062e2270d1637d1,9cb89005693b1b70c102178849b740fde00b50c9ba5f3b5530d0e5749ea59837,eca954c21da074c545cb7858315ea39fee0a6f54b19e06474b4f2f91f1666847,c40aaf80f5be3be16016d797963cb563e35b93083df451f9827f99cfadc3c898,6031dc4ee08b61c58b35b1efd7d764739d5c7c54dc7cbe9e9a72a1e4a7098596,e2212c40566e21c680a98186ebd8e984aa80d4fd,4d4ad03b827958468b1a231e360c7ad1aa68035c25af068059838ceae6dfa6d6,1c2a0b828a698273b3c8b45532398e4bfe29534a6c2e0bef6cf2c84f8baa5f93,R3_UA_7_selected,c2c650cc7db4b5356eb4c2ba25eaf9860387a614992303a321be65940bb34284,validation,P0,2017-04-18,1026,872.3569390141043,c47ee0a8c7f640a95164a82ff619835e6d1b8313ade0f06b0d983b01bc207387
new_p3_training,True,tuned,UA,7,R3,3cfd389bbd05ec9201a41c0892e29bf8199198d1b216b9a8061370d4240aa583,bd1488a2d411295d7a2118c50ddcc0b158786123613af1676062e2270d1637d1,9cb89005693b1b70c102178849b740fde00b50c9ba5f3b5530d0e5749ea59837,eca954c21da074c545cb7858315ea39fee0a6f54b19e06474b4f2f91f1666847,c40aaf80f5be3be16016d797963cb563e35b93083df451f9827f99cfadc3c898,6031dc4ee08b61c58b35b1efd7d764739d5c7c54dc7cbe9e9a72a1e4a7098596,e2212c40566e21c680a98186ebd8e984aa80d4fd,4d4ad03b827958468b1a231e360c7ad1aa68035c25af068059838ceae6dfa6d6,1c2a0b828a698273b3c8b45532398e4bfe29534a6c2e0bef6cf2c84f8baa5f93,R3_UA_7_selected,c2c650cc7db4b5356eb4c2ba25eaf9860387a614992303a321be65940bb34284,validation,P0,2017-04-19,1026,921.5789468720951,c9bc61ca938a8e0b67947c7c8a875e5ed251d51b969a7e6631258f1483361f35
new_p3_training,True,tuned,UA,7,R3,3cfd389bbd05ec9201a41c0892e29bf8199198d1b216b9a8061370d4240aa583,bd1488a2d411295d7a2118c50ddcc0b158786123613af1676062e2270d1637d1,9cb89005693b1b70c102178849b740fde00b50c9ba5f3b5530d0e5749ea59837,eca954c21da074c545cb7858315ea39fee0a6f54b19e06474b4f2f91f1666847,c40aaf80f5be3be16016d797963cb563e35b93083df451f9827f99cfadc3c898,6031dc4ee08b61c58b35b1efd7d764739d5c7c54dc7cbe9e9a72a1e4a7098596,e2212c40566e21c680a98186ebd8e984aa80d4fd,4d4ad03b827958468b1a231e360c7ad1aa68035c25af068059838ceae6dfa6d6,1c2a0b828a698273b3c8b45532398e4bfe29534a6c2e0bef6cf2c84f8baa5f93,R3_UA_7_selected,c2c650cc7db4b5356eb4c2ba25eaf9860387a614992303a321be65940bb34284,validation,P0,2017-04-20,1026,932.8885824919962,89e7e2ee5050bf490960bb447bc75e3725cbc8ffbb7b948cdfe97dc99b90d90b
new_p3_training,True,tuned,UA,7,R3,3cfd389bbd05ec9201a41c0892e29bf8199198d1b216b9a8061370d4240aa583,bd1488a2d411295d7a2118c50ddcc0b158786123613af1676062e2270d1637d1,9cb89005693b1b70c102178849b740fde00b50c9ba5f3b5530d0e5749ea59837,eca954c21da074c545cb7858315ea39fee0a6f54b19e06474b4f2f91f1666847,c40aaf80f5be3be16016d797963cb563e35b93083df451f9827f99cfadc3c898,6031dc4ee08b61c58b35b1efd7d764739d5c7c54dc7cbe9e9a72a1e4a7098596,e2212c40566e21c680a98186ebd8e984aa80d4fd,4d4ad03b827958468b1a231e360c7ad1aa68035c25af068059838ceae6dfa6d6,1c2a0b828a698273b3c8b45532398e4bfe29534a6c2e0bef6cf2c84f8baa5f93,R3_UA_7_selected,c2c650cc7db4b5356eb4c2ba25eaf9860387a614992303a321be65940bb34284,validation,P0,2017-04-21,1026,868.1605963535484,fc4618a0304d5d562112a28a78f30eb0ce2d565f2e85e34790501a09b0e6f83c
new_p3_training,True,tuned,UA,7,R3,3cfd389bbd05ec9201a41c0892e29bf8199198d1b216b9a8061370d4240aa583,bd1488a2d411295d7a2118c50ddcc0b158786123613af1676062e2270d1637d1,9cb89005693b1b70c102178849b740fde00b50c9ba5f3b5530d0e5749ea59837,eca954c21da074c545cb7858315ea39fee0a6f54b19e06474b4f2f91f1666847,c40aaf80f5be3be16016d797963cb563e35b93083df451f9827f99cfadc3c898,6031dc4ee08b61c58b35b1efd7d764739d5c7c54dc7cbe9e9a72a1e4a7098596,e2212c40566e21c680a98186ebd8e984aa80d4fd,4d4ad03b827958468b1a231e360c7ad1aa68035c25af068059838ceae6dfa6d6,1c2a0b828a698273b3c8b45532398e4bfe29534a6c2e0bef6cf2c84f8baa5f93,R3_UA_7_selected,c2c650cc7db4b5356eb4c2ba25eaf9860387a614992303a321be65940bb34284,validation,P0,2017-04-24,1026,916.6185102374554,fdf255e74e6897e311d448646eaf8a429c4406e850b04497481193e008c31e4d
new_p3_training,True,tuned,UA,7,R3,3cfd389bbd05ec9201a41c0892e29bf8199198d1b216b9a8061370d4240aa583,bd1488a2d411295d7a2118c50ddcc0b158786123613af1676062e2270d1637d1,9cb89005693b1b70c102178849b740fde00b50c9ba5f3b5530d0e5749ea59837,eca954c21da074c545cb7858315ea39fee0a6f54b19e06474b4f2f91f1666847,c40aaf80f5be3be16016d797963cb563e35b93083df451f9827f99cfadc3c898,6031dc4ee08b61c58b35b1efd7d764739d5c7c54dc7cbe9e9a72a1e4a7098596,e2212c40566e21c680a98186ebd8e984aa80d4fd,4d4ad03b827958468b1a231e360c7ad1aa68035c25af068059838ceae6dfa6d6,1c2a0b828a698273b3c8b45532398e4bfe29534a6c2e0bef6cf2c84f8baa5f93,R3_UA_7_selected,c2c650cc7db4b5356eb4c2ba25eaf9860387a614992303a321be65940bb34284,validation,P0,2017-04-25,1026,903.2891994183319,8467889cc8adebff23b5f5df903c75e84449e5fbe99dde43b21b8fa8a95e9dcb
new_p3_training,True,tuned,UA,7,R3,3cfd389bbd05ec9201a41c0892e29bf8199198d1b216b9a8061370d4240aa583,bd1488a2d411295d7a2118c50ddcc0b158786123613af1676062e2270d1637d1,9cb89005693b1b70c102178849b740fde00b50c9ba5f3b5530d0e5749ea59837,eca954c21da074c545cb7858315ea39fee0a6f54b19e06474b4f2f91f1666847,c40aaf80f5be3be16016d797963cb563e35b93083df451f9827f99cfadc3c898,6031dc4ee08b61c58b35b1efd7d764739d5c7c54dc7cbe9e9a72a1e4a7098596,e2212c40566e21c680a98186ebd8e984aa80d4fd,4d4ad03b827958468b1a231e360c7ad1aa68035c25af068059838ceae6dfa6d6,1c2a0b828a698273b3c8b45532398e4bfe29534a6c2e0bef6cf2c84f8baa5f93,R3_UA_7_selected,c2c650cc7db4b5356eb4c2ba25eaf9860387a614992303a321be65940bb34284,validation,P0,2017-04-26,1026,904.8492470927654,1f5f548620b9ad948e9928226df64ef696c37059b5a3eed84a79f562c2387fad
new_p3_training,True,tuned,UA,7,R3,3cfd389bbd05ec9201a41c0892e29bf8199198d1b216b9a8061370d4240aa583,bd1488a2d411295d7a2118c50ddcc0b158786123613af1676062e2270d1637d1,9cb89005693b1b70c102178849b740fde00b50c9ba5f3b5530d0e5749ea59837,eca954c21da074c545cb7858315ea39fee0a6f54b19e06474b4f2f91f1666847,c40aaf80f5be3be16016d797963cb563e35b93083df451f9827f99cfadc3c898,6031dc4ee08b61c58b35b1efd7d764739d5c7c54dc7cbe9e9a72a1e4a7098596,e2212c40566e21c680a98186ebd8e984aa80d4fd,4d4ad03b827958468b1a231e360c7ad1aa68035c25af068059838ceae6dfa6d6,1c2a0b828a698273b3c8b45532398e4bfe29534a6c2e0bef6cf2c84f8baa5f93,R3_UA_7_selected,c2c650cc7db4b5356eb4c2ba25eaf9860387a614992303a321be65940bb34284,validation,P0,2017-04-27,1026,906.7640367835738,a780af45438d46fed4b65aa8d699121a3394089e22a6ac6e9bd8f86b4c0606f4
new_p3_training,True,tuned,UA,7,R3,3cfd389bbd05ec9201a41c0892e29bf8199198d1b216b9a8061370d4240aa583,bd1488a2d411295d7a2118c50ddcc0b158786123613af1676062e2270d1637d1,9cb89005693b1b70c102178849b740fde00b50c9ba5f3b5530d0e5749ea59837,eca954c21da074c545cb7858315ea39fee0a6f54b19e06474b4f2f91f1666847,c40aaf80f5be3be16016d797963cb563e35b93083df451f9827f99cfadc3c898,6031dc4ee08b61c58b35b1efd7d764739d5c7c54dc7cbe9e9a72a1e4a7098596,e2212c40566e21c680a98186ebd8e984aa80d4fd,4d4ad03b827958468b1a231e360c7ad1aa68035c25af068059838ceae6dfa6d6,1c2a0b828a698273b3c8b45532398e4bfe29534a6c2e0bef6cf2c84f8baa5f93,R3_UA_7_selected,c2c650cc7db4b5356eb4c2ba25eaf9860387a614992303a321be65940bb34284,validation,P0,2017-04-28,1026,879.9742433951388,9e5fb344356b669e6b9b9c5bba9317bba76a625994e2fbd5f71a512053ecbc9c
new_p3_training,True,tuned,UA,7,R3,3cfd389bbd05ec9201a41c0892e29bf8199198d1b216b9a8061370d4240aa583,bd1488a2d411295d7a2118c50ddcc0b158786123613af1676062e2270d1637d1,9cb89005693b1b70c102178849b740fde00b50c9ba5f3b5530d0e5749ea59837,eca954c21da074c545cb7858315ea39fee0a6f54b19e06474b4f2f91f1666847,c40aaf80f5be3be16016d797963cb563e35b93083df451f9827f99cfadc3c898,6031dc4ee08b61c58b35b1efd7d764739d5c7c54dc7cbe9e9a72a1e4a7098596,e2212c40566e21c680a98186ebd8e984aa80d4fd,4d4ad03b827958468b1a231e360c7ad1aa68035c25af068059838ceae6dfa6d6,1c2a0b828a698273b3c8b45532398e4bfe29534a6c2e0bef6cf2c84f8baa5f93,R3_UA_7_selected,c2c650cc7db4b5356eb4c2ba25eaf9860387a614992303a321be65940bb34284,validation,P0,2017-05-02,1026,888.3578928879908,b70c73a947863c1a23384495ccecda3894e2fd89d67f018a9ff05d7dee196f71
new_p3_training,True,tuned,UA,7,R3,3cfd389bbd05ec9201a41c0892e29bf8199198d1b216b9a8061370d4240aa583,bd1488a2d411295d7a2118c50ddcc0b158786123613af1676062e2270d1637d1,9cb89005693b1b70c102178849b740fde00b50c9ba5f3b5530d0e5749ea59837,eca954c21da074c545cb7858315ea39fee0a6f54b19e06474b4f2f91f1666847,c40aaf80f5be3be16016d797963cb563e35b93083df451f9827f99cfadc3c898,6031dc4ee08b61c58b35b1efd7d764739d5c7c54dc7cbe9e9a72a1e4a7098596,e2212c40566e21c680a98186ebd8e984aa80d4fd,4d4ad03b827958468b1a231e360c7ad1aa68035c25af068059838ceae6dfa6d6,1c2a0b828a698273b3c8b45532398e4bfe29534a6c2e0bef6cf2c84f8baa5f93,R3_UA_7_selected,c2c650cc7db4b5356eb4c2ba25eaf9860387a614992303a321be65940bb34284,validation,P0,2017-05-04,1026,826.4900289386601,8e6213031c3c21c1a23431ec643a301c7a3d991d5fdcc980ac71f9d83c0814f7
new_p3_training,True,tuned,UA,7,R3,3cfd389bbd05ec9201a41c0892e29bf8199198d1b216b9a8061370d4240aa583,bd1488a2d411295d7a2118c50ddcc0b158786123613af1676062e2270d1637d1,9cb89005693b1b70c102178849b740fde00b50c9ba5f3b5530d0e5749ea59837,eca954c21da074c545cb7858315ea39fee0a6f54b19e06474b4f2f91f1666847,c40aaf80f5be3be16016d797963cb563e35b93083df451f9827f99cfadc3c898,6031dc4ee08b61c58b35b1efd7d764739d5c7c54dc7cbe9e9a72a1e4a7098596,e2212c40566e21c680a98186ebd8e984aa80d4fd,4d4ad03b827958468b1a231e360c7ad1aa68035c25af068059838ceae6dfa6d6,1c2a0b828a698273b3c8b45532398e4bfe29534a6c2e0bef6cf2c84f8baa5f93,R3_UA_7_selected,c2c650cc7db4b5356eb4c2ba25eaf9860387a614992303a321be65940bb34284,validation,P0,2017-05-08,1026,918.2309914114404,67042dc5e4e185708adf4b333e82eb2663d84b7dbb3fa250b41a52e7cf70e069
new_p3_training,True,tuned,UA,7,R3,3cfd389bbd05ec9201a41c0892e29bf8199198d1b216b9a8061370d4240aa583,bd1488a2d411295d7a2118c50ddcc0b158786123613af1676062e2270d1637d1,9cb89005693b1b70c102178849b740fde00b50c9ba5f3b5530d0e5749ea59837,eca954c21da074c545cb7858315ea39fee0a6f54b19e06474b4f2f91f1666847,c40aaf80f5be3be16016d797963cb563e35b93083df451f9827f99cfadc3c898,6031dc4ee08b61c58b35b1efd7d764739d5c7c54dc7cbe9e9a72a1e4a7098596,e2212c40566e21c680a98186ebd8e984aa80d4fd,4d4ad03b827958468b1a231e360c7ad1aa68035c25af068059838ceae6dfa6d6,1c2a0b828a698273b3c8b45532398e4bfe29534a6c2e0bef6cf2c84f8baa5f93,R3_UA_7_selected,c2c650cc7db4b5356eb4c2ba25eaf9860387a614992303a321be65940bb34284,validation,P0,2017-05-10,1026,1038.6239600955575,12e20c0d48870500fc927ddbe2cb8496793a5a96e3ffef49521174674d3fc07d
new_p3_training,True,tuned,UA,7,R3,3cfd389bbd05ec9201a41c0892e29bf8199198d1b216b9a8061370d4240aa583,bd1488a2d411295d7a2118c50ddcc0b158786123613af1676062e2270d1637d1,9cb89005693b1b70c102178849b740fde00b50c9ba5f3b5530d0e5749ea59837,eca954c21da074c545cb7858315ea39fee0a6f54b19e06474b4f2f91f1666847,c40aaf80f5be3be16016d797963cb563e35b93083df451f9827f99cfadc3c898,6031dc4ee08b61c58b35b1efd7d764739d5c7c54dc7cbe9e9a72a1e4a7098596,e2212c40566e21c680a98186ebd8e984aa80d4fd,4d4ad03b827958468b1a231e360c7ad1aa68035c25af068059838ceae6dfa6d6,1c2a0b828a698273b3c8b45532398e4bfe29534a6c2e0bef6cf2c84f8baa5f93,R3_UA_7_selected,c2c650cc7db4b5356eb4c2ba25eaf9860387a614992303a321be65940bb34284,validation,P0,2017-05-11,1026,1011.4753555087897,80270b8b1efd65bb7d6e2cfb7ce85dfc2bda8d191f6accb0640a94f217c0b4bb
new_p3_training,True,tuned,UA,7,R3,3cfd389bbd05ec9201a41c0892e29bf8199198d1b216b9a8061370d4240aa583,bd1488a2d411295d7a2118c50ddcc0b158786123613af1676062e2270d1637d1,9cb89005693b1b70c102178849b740fde00b50c9ba5f3b5530d0e5749ea59837,eca954c21da074c545cb7858315ea39fee0a6f54b19e06474b4f2f91f1666847,c40aaf80f5be3be16016d797963cb563e35b93083df451f9827f99cfadc3c898,6031dc4ee08b61c58b35b1efd7d764739d5c7c54dc7cbe9e9a72a1e4a7098596,e2212c40566e21c680a98186ebd8e984aa80d4fd,4d4ad03b827958468b1a231e360c7ad1aa68035c25af068059838ceae6dfa6d6,1c2a0b828a698273b3c8b45532398e4bfe29534a6c2e0bef6cf2c84f8baa5f93,R3_UA_7_selected,c2c650cc7db4b5356eb4c2ba25eaf9860387a614992303a321be65940bb34284,validation,P0,2017-05-12,1026,964.5793858908494,27e30100999014eb45982bbccc8aa306d3639c778f9014f71f9708e439a3bddf
new_p3_training,True,tuned,UA,7,R3,3cfd389bbd05ec9201a41c0892e29bf8199198d1b216b9a8061370d4240aa583,bd1488a2d411295d7a2118c50ddcc0b158786123613af1676062e2270d1637d1,9cb89005693b1b70c102178849b740fde00b50c9ba5f3b5530d0e5749ea59837,eca954c21da074c545cb7858315ea39fee0a6f54b19e06474b4f2f91f1666847,c40aaf80f5be3be16016d797963cb563e35b93083df451f9827f99cfadc3c898,6031dc4ee08b61c58b35b1efd7d764739d5c7c54dc7cbe9e9a72a1e4a7098596,e2212c40566e21c680a98186ebd8e984aa80d4fd,4d4ad03b827958468b1a231e360c7ad1aa68035c25af068059838ceae6dfa6d6,1c2a0b828a698273b3c8b45532398e4bfe29534a6c2e0bef6cf2c84f8baa5f93,R3_UA_7_selected,c2c650cc7db4b5356eb4c2ba25eaf9860387a614992303a321be65940bb34284,validation,P0,2017-05-15,1026,946.6738164657944,eb4876d384156c768b2f812e60b0840ccba7a0b290ca687fa09a59c942643505
new_p3_training,True,tuned,UA,7,R3,3cfd389bbd05ec9201a41c0892e29bf8199198d1b216b9a8061370d4240aa583,bd1488a2d411295d7a2118c50ddcc0b158786123613af1676062e2270d1637d1,9cb89005693b1b70c102178849b740fde00b50c9ba5f3b5530d0e5749ea59837,eca954c21da074c545cb7858315ea39fee0a6f54b19e06474b4f2f91f1666847,c40aaf80f5be3be16016d797963cb563e35b93083df451f9827f99cfadc3c898,6031dc4ee08b61c58b35b1efd7d764739d5c7c54dc7cbe9e9a72a1e4a7098596,e2212c40566e21c680a98186ebd8e984aa80d4fd,4d4ad03b827958468b1a231e360c7ad1aa68035c25af068059838ceae6dfa6d6,1c2a0b828a698273b3c8b45532398e4bfe29534a6c2e0bef6cf2c84f8baa5f93,R3_UA_7_selected,c2c650cc7db4b5356eb4c2ba25eaf9860387a614992303a321be65940bb34284,validation,P1,2017-03-02,999,949.3284669439776,2d7fec2e59ea907fc319960bb2b7610c318950a4b0cf2c0734c6289d5172e9cf
new_p3_training,True,tuned,UA,7,R3,3cfd389bbd05ec9201a41c0892e29bf8199198d1b216b9a8061370d4240aa583,bd1488a2d411295d7a2118c50ddcc0b158786123613af1676062e2270d1637d1,9cb89005693b1b70c102178849b740fde00b50c9ba5f3b5530d0e5749ea59837,eca954c21da074c545cb7858315ea39fee0a6f54b19e06474b4f2f91f1666847,c40aaf80f5be3be16016d797963cb563e35b93083df451f9827f99cfadc3c898,6031dc4ee08b61c58b35b1efd7d764739d5c7c54dc7cbe9e9a72a1e4a7098596,e2212c40566e21c680a98186ebd8e984aa80d4fd,4d4ad03b827958468b1a231e360c7ad1aa68035c25af068059838ceae6dfa6d6,1c2a0b828a698273b3c8b45532398e4bfe29534a6c2e0bef6cf2c84f8baa5f93,R3_UA_7_selected,c2c650cc7db4b5356eb4c2ba25eaf9860387a614992303a321be65940bb34284,validation,P1,2017-03-03,991,987.0181623841061,77f9e9bc044b225482dcefe39fa4a8e8f1e3b3b3dea6656459326429471d48f0
new_p3_training,True,tuned,UA,7,R3,3cfd389bbd05ec9201a41c0892e29bf8199198d1b216b9a8061370d4240aa583,bd1488a2d411295d7a2118c50ddcc0b158786123613af1676062e2270d1637d1,9cb89005693b1b70c102178849b740fde00b50c9ba5f3b5530d0e5749ea59837,eca954c21da074c545cb7858315ea39fee0a6f54b19e06474b4f2f91f1666847,c40aaf80f5be3be16016d797963cb563e35b93083df451f9827f99cfadc3c898,6031dc4ee08b61c58b35b1efd7d764739d5c7c54dc7cbe9e9a72a1e4a7098596,e2212c40566e21c680a98186ebd8e984aa80d4fd,4d4ad03b827958468b1a231e360c7ad1aa68035c25af068059838ceae6dfa6d6,1c2a0b828a698273b3c8b45532398e4bfe29534a6c2e0bef6cf2c84f8baa5f93,R3_UA_7_selected,c2c650cc7db4b5356eb4c2ba25eaf9860387a614992303a321be65940bb34284,validation,P1,2017-03-06,991,948.3783659894173,3bb4400b6c9b147c22e7929fecc2547295edb18797b0df4d5efddd58c1e41b7e
new_p3_training,True,tuned,UA,7,R3,3cfd389bbd05ec9201a41c0892e29bf8199198d1b216b9a8061370d4240aa583,bd1488a2d411295d7a2118c50ddcc0b158786123613af1676062e2270d1637d1,9cb89005693b1b70c102178849b740fde00b50c9ba5f3b5530d0e5749ea59837,eca954c21da074c545cb7858315ea39fee0a6f54b19e06474b4f2f91f1666847,c40aaf80f5be3be16016d797963cb563e35b93083df451f9827f99cfadc3c898,6031dc4ee08b61c58b35b1efd7d764739d5c7c54dc7cbe9e9a72a1e4a7098596,e2212c40566e21c680a98186ebd8e984aa80d4fd,4d4ad03b827958468b1a231e360c7ad1aa68035c25af068059838ceae6dfa6d6,1c2a0b828a698273b3c8b45532398e4bfe29534a6c2e0bef6cf2c84f8baa5f93,R3_UA_7_selected,c2c650cc7db4b5356eb4c2ba25eaf9860387a614992303a321be65940bb34284,validation,P1,2017-03-07,992,866.3227153382256,728bd9be64abc41f5b98d8eed84ac7feb768d773fbf5e6f3eaa877b9da1324ca
new_p3_training,True,tuned,UA,7,R3,3cfd389bbd05ec9201a41c0892e29bf8199198d1b216b9a8061370d4240aa583,bd1488a2d411295d7a2118c50ddcc0b158786123613af1676062e2270d1637d1,9cb89005693b1b70c102178849b740fde00b50c9ba5f3b5530d0e5749ea59837,eca954c21da074c545cb7858315ea39fee0a6f54b19e06474b4f2f91f1666847,c40aaf80f5be3be16016d797963cb563e35b93083df451f9827f99cfadc3c898,6031dc4ee08b61c58b35b1efd7d764739d5c7c54dc7cbe9e9a72a1e4a7098596,e2212c40566e21c680a98186ebd8e984aa80d4fd,4d4ad03b827958468b1a231e360c7ad1aa68035c25af068059838ceae6dfa6d6,1c2a0b828a698273b3c8b45532398e4bfe29534a6c2e0bef6cf2c84f8baa5f93,R3_UA_7_selected,c2c650cc7db4b5356eb4c2ba25eaf9860387a614992303a321be65940bb34284,validation,P1,2017-03-08,991,927.0444908681957,1ea6e30aef677058fb14d7fac0fc57c6d67ac7edaae3d64a9c35e5358469745c
new_p3_training,True,tuned,UA,7,R3,3cfd389bbd05ec9201a41c0892e29bf8199198d1b216b9a8061370d4240aa583,bd1488a2d411295d7a2118c50ddcc0b158786123613af1676062e2270d1637d1,9cb89005693b1b70c102178849b740fde00b50c9ba5f3b5530d0e5749ea59837,eca954c21da074c545cb7858315ea39fee0a6f54b19e06474b4f2f91f1666847,c40aaf80f5be3be16016d797963cb563e35b93083df451f9827f99cfadc3c898,6031dc4ee08b61c58b35b1efd7d764739d5c7c54dc7cbe9e9a72a1e4a7098596,e2212c40566e21c680a98186ebd8e984aa80d4fd,4d4ad03b827958468b1a231e360c7ad1aa68035c25af068059838ceae6dfa6d6,1c2a0b828a698273b3c8b45532398e4bfe29534a6c2e0bef6cf2c84f8baa5f93,R3_UA_7_selected,c2c650cc7db4b5356eb4c2ba25eaf9860387a614992303a321be65940bb34284,validation,P1,2017-03-09,993,905.3888313230943,18e109fa93a514eea81d4280da870ec9fe2abb024cad23d93ad77ef6969067ff
new_p3_training,True,tuned,UA,7,R3,3cfd389bbd05ec9201a41c0892e29bf8199198d1b216b9a8061370d4240aa583,bd1488a2d411295d7a2118c50ddcc0b158786123613af1676062e2270d1637d1,9cb89005693b1b70c102178849b740fde00b50c9ba5f3b5530d0e5749ea59837,eca954c21da074c545cb7858315ea39fee0a6f54b19e06474b4f2f91f1666847,c40aaf80f5be3be16016d797963cb563e35b93083df451f9827f99cfadc3c898,6031dc4ee08b61c58b35b1efd7d764739d5c7c54dc7cbe9e9a72a1e4a7098596,e2212c40566e21c680a98186ebd8e984aa80d4fd,4d4ad03b827958468b1a231e360c7ad1aa68035c25af068059838ceae6dfa6d6,1c2a0b828a698273b3c8b45532398e4bfe29534a6c2e0bef6cf2c84f8baa5f93,R3_UA_7_selected,c2c650cc7db4b5356eb4c2ba25eaf9860387a614992303a321be65940bb34284,validation,P1,2017-03-10,988,993.4844811363116,36b011464fa6c9d716c8e82686c86dc00e864f640de1081991912942798cb8c7
new_p3_training,True,tuned,UA,7,R3,3cfd389bbd05ec9201a41c0892e29bf8199198d1b216b9a8061370d4240aa583,bd1488a2d411295d7a2118c50ddcc0b158786123613af1676062e2270d1637d1,9cb89005693b1b70c102178849b740fde00b50c9ba5f3b5530d0e5749ea59837,eca954c21da074c545cb7858315ea39fee0a6f54b19e06474b4f2f91f1666847,c40aaf80f5be3be16016d797963cb563e35b93083df451f9827f99cfadc3c898,6031dc4ee08b61c58b35b1efd7d764739d5c7c54dc7cbe9e9a72a1e4a7098596,e2212c40566e21c680a98186ebd8e984aa80d4fd,4d4ad03b827958468b1a231e360c7ad1aa68035c25af068059838ceae6dfa6d6,1c2a0b828a698273b3c8b45532398e4bfe29534a6c2e0bef6cf2c84f8baa5f93,R3_UA_7_selected,c2c650cc7db4b5356eb4c2ba25eaf9860387a614992303a321be65940bb34284,validation,P1,2017-03-13,977,894.4344455680641,721541d02c63edc3183dc04db58cd9940f497db179caa8bf0e48192b6984af0f
new_p3_training,True,tuned,UA,7,R3,3cfd389bbd05ec9201a41c0892e29bf8199198d1b216b9a8061370d4240aa583,bd1488a2d411295d7a2118c50ddcc0b158786123613af1676062e2270d1637d1,9cb89005693b1b70c102178849b740fde00b50c9ba5f3b5530d0e5749ea59837,eca954c21da074c545cb7858315ea39fee0a6f54b19e06474b4f2f91f1666847,c40aaf80f5be3be16016d797963cb563e35b93083df451f9827f99cfadc3c898,6031dc4ee08b61c58b35b1efd7d764739d5c7c54dc7cbe9e9a72a1e4a7098596,e2212c40566e21c680a98186ebd8e984aa80d4fd,4d4ad03b827958468b1a231e360c7ad1aa68035c25af068059838ceae6dfa6d6,1c2a0b828a698273b3c8b45532398e4bfe29534a6c2e0bef6cf2c84f8baa5f93,R3_UA_7_selected,c2c650cc7db4b5356eb4c2ba25eaf9860387a614992303a321be65940bb34284,validation,P1,2017-03-14,967,892.7744916808441,43126ad1657d18d14a394fcd4b2b6c7da3b64b897cd76288ebb8eb3f6f774d51
new_p3_training,True,tuned,UA,7,R3,3cfd389bbd05ec9201a41c0892e29bf8199198d1b216b9a8061370d4240aa583,bd1488a2d411295d7a2118c50ddcc0b158786123613af1676062e2270d1637d1,9cb89005693b1b70c102178849b740fde00b50c9ba5f3b5530d0e5749ea59837,eca954c21da074c545cb7858315ea39fee0a6f54b19e06474b4f2f91f1666847,c40aaf80f5be3be16016d797963cb563e35b93083df451f9827f99cfadc3c898,6031dc4ee08b61c58b35b1efd7d764739d5c7c54dc7cbe9e9a72a1e4a7098596,e2212c40566e21c680a98186ebd8e984aa80d4fd,4d4ad03b827958468b1a231e360c7ad1aa68035c25af068059838ceae6dfa6d6,1c2a0b828a698273b3c8b45532398e4bfe29534a6c2e0bef6cf2c84f8baa5f93,R3_UA_7_selected,c2c650cc7db4b5356eb4c2ba25eaf9860387a614992303a321be65940bb34284,validation,P1,2017-03-15,992,928.1016701420504,b6b29ae722e237409b53b505a270aec57c102b6c27d77eb19996b7f4d16d8e5e
new_p3_training,True,tuned,UA,7,R3,3cfd389bbd05ec9201a41c0892e29bf8199198d1b216b9a8061370d4240aa583,bd1488a2d411295d7a2118c50ddcc0b158786123613af1676062e2270d1637d1,9cb89005693b1b70c102178849b740fde00b50c9ba5f3b5530d0e5749ea59837,eca954c21da074c545cb7858315ea39fee0a6f54b19e06474b4f2f91f1666847,c40aaf80f5be3be16016d797963cb563e35b93083df451f9827f99cfadc3c898,6031dc4ee08b61c58b35b1efd7d764739d5c7c54dc7cbe9e9a72a1e4a7098596,e2212c40566e21c680a98186ebd8e984aa80d4fd,4d4ad03b827958468b1a231e360c7ad1aa68035c25af068059838ceae6dfa6d6,1c2a0b828a698273b3c8b45532398e4bfe29534a6c2e0bef6cf2c84f8baa5f93,R3_UA_7_selected,c2c650cc7db4b5356eb4c2ba25eaf9860387a614992303a321be65940bb34284,validation,P1,2017-03-16,978,925.618896260736,bbdb1245c56ccf9c598d438674d77265d73e26bbfc741fef4ebf6437dabda244
new_p3_training,True,tuned,UA,7,R3,3cfd389bbd05ec9201a41c0892e29bf8199198d1b216b9a8061370d4240aa583,bd1488a2d411295d7a2118c50ddcc0b158786123613af1676062e2270d1637d1,9cb89005693b1b70c102178849b740fde00b50c9ba5f3b5530d0e5749ea59837,eca954c21da074c545cb7858315ea39fee0a6f54b19e06474b4f2f91f1666847,c40aaf80f5be3be16016d797963cb563e35b93083df451f9827f99cfadc3c898,6031dc4ee08b61c58b35b1efd7d764739d5c7c54dc7cbe9e9a72a1e4a7098596,e2212c40566e21c680a98186ebd8e984aa80d4fd,4d4ad03b827958468b1a231e360c7ad1aa68035c25af068059838ceae6dfa6d6,1c2a0b828a698273b3c8b45532398e4bfe29534a6c2e0bef6cf2c84f8baa5f93,R3_UA_7_selected,c2c650cc7db4b5356eb4c2ba25eaf9860387a614992303a321be65940bb34284,validation,P1,2017-03-17,983,927.6936157901487,abf1e86d774722d1ebdc59041e80b6595f5b91bb085368b626bee34587e6bcaf
new_p3_training,True,tuned,UA,7,R3,3cfd389bbd05ec9201a41c0892e29bf8199198d1b216b9a8061370d4240aa583,bd1488a2d411295d7a2118c50ddcc0b158786123613af1676062e2270d1637d1,9cb89005693b1b70c102178849b740fde00b50c9ba5f3b5530d0e5749ea59837,eca954c21da074c545cb7858315ea39fee0a6f54b19e06474b4f2f91f1666847,c40aaf80f5be3be16016d797963cb563e35b93083df451f9827f99cfadc3c898,6031dc4ee08b61c58b35b1efd7d764739d5c7c54dc7cbe9e9a72a1e4a7098596,e2212c40566e21c680a98186ebd8e984aa80d4fd,4d4ad03b827958468b1a231e360c7ad1aa68035c25af068059838ceae6dfa6d6,1c2a0b828a698273b3c8b45532398e4bfe29534a6c2e0bef6cf2c84f8baa5f93,R3_UA_7_selected,c2c650cc7db4b5356eb4c2ba25eaf9860387a614992303a321be65940bb34284,validation,P1,2017-03-20,976,857.6182288339089,e07229af5b732e54971646ddd785d51f39de87859dd49e129eb1655466c46872
new_p3_training,True,tuned,UA,7,R3,3cfd389bbd05ec9201a41c0892e29bf8199198d1b216b9a8061370d4240aa583,bd1488a2d411295d7a2118c50ddcc0b158786123613af1676062e2270d1637d1,9cb89005693b1b70c102178849b740fde00b50c9ba5f3b5530d0e5749ea59837,eca954c21da074c545cb7858315ea39fee0a6f54b19e06474b4f2f91f1666847,c40aaf80f5be3be16016d797963cb563e35b93083df451f9827f99cfadc3c898,6031dc4ee08b61c58b35b1efd7d764739d5c7c54dc7cbe9e9a72a1e4a7098596,e2212c40566e21c680a98186ebd8e984aa80d4fd,4d4ad03b827958468b1a231e360c7ad1aa68035c25af068059838ceae6dfa6d6,1c2a0b828a698273b3c8b45532398e4bfe29534a6c2e0bef6cf2c84f8baa5f93,R3_UA_7_selected,c2c650cc7db4b5356eb4c2ba25eaf9860387a614992303a321be65940bb34284,validation,P1,2017-03-21,987,936.6542662625386,4665557c5849266996616a9347e0c3d57a244097adede7fa4f13cced2e6197ca
new_p3_training,True,tuned,UA,7,R3,3cfd389bbd05ec9201a41c0892e29bf8199198d1b216b9a8061370d4240aa583,bd1488a2d411295d7a2118c50ddcc0b158786123613af1676062e2270d1637d1,9cb89005693b1b70c102178849b740fde00b50c9ba5f3b5530d0e5749ea59837,eca954c21da074c545cb7858315ea39fee0a6f54b19e06474b4f2f91f1666847,c40aaf80f5be3be16016d797963cb563e35b93083df451f9827f99cfadc3c898,6031dc4ee08b61c58b35b1efd7d764739d5c7c54dc7cbe9e9a72a1e4a7098596,e2212c40566e21c680a98186ebd8e984aa80d4fd,4d4ad03b827958468b1a231e360c7ad1aa68035c25af068059838ceae6dfa6d6,1c2a0b828a698273b3c8b45532398e4bfe29534a6c2e0bef6cf2c84f8baa5f93,R3_UA_7_selected,c2c650cc7db4b5356eb4c2ba25eaf9860387a614992303a321be65940bb34284,validation,P1,2017-03-22,982,910.5617967465168,68b834363016b8ff5c262fa43bc1eb5cdf543aedac02c75de03059ea29cc7b4e
new_p3_training,True,tuned,UA,7,R3,3cfd389bbd05ec9201a41c0892e29bf8199198d1b216b9a8061370d4240aa583,bd1488a2d411295d7a2118c50ddcc0b158786123613af1676062e2270d1637d1,9cb89005693b1b70c102178849b740fde00b50c9ba5f3b5530d0e5749ea59837,eca954c21da074c545cb7858315ea39fee0a6f54b19e06474b4f2f91f1666847,c40aaf80f5be3be16016d797963cb563e35b93083df451f9827f99cfadc3c898,6031dc4ee08b61c58b35b1efd7d764739d5c7c54dc7cbe9e9a72a1e4a7098596,e2212c40566e21c680a98186ebd8e984aa80d4fd,4d4ad03b827958468b1a231e360c7ad1aa68035c25af068059838ceae6dfa6d6,1c2a0b828a698273b3c8b45532398e4bfe29534a6c2e0bef6cf2c84f8baa5f93,R3_UA_7_selected,c2c650cc7db4b5356eb4c2ba25eaf9860387a614992303a321be65940bb34284,validation,P1,2017-03-23,983,916.4290789685078,a2abad46627d64a1a58fac73df5fc767a6017077216dbc5c35a888660ae6966c
new_p3_training,True,tuned,UA,7,R3,3cfd389bbd05ec9201a41c0892e29bf8199198d1b216b9a8061370d4240aa583,bd1488a2d411295d7a2118c50ddcc0b158786123613af1676062e2270d1637d1,9cb89005693b1b70c102178849b740fde00b50c9ba5f3b5530d0e5749ea59837,eca954c21da074c545cb7858315ea39fee0a6f54b19e06474b4f2f91f1666847,c40aaf80f5be3be16016d797963cb563e35b93083df451f9827f99cfadc3c898,6031dc4ee08b61c58b35b1efd7d764739d5c7c54dc7cbe9e9a72a1e4a7098596,e2212c40566e21c680a98186ebd8e984aa80d4fd,4d4ad03b827958468b1a231e360c7ad1aa68035c25af068059838ceae6dfa6d6,1c2a0b828a698273b3c8b45532398e4bfe29534a6c2e0bef6cf2c84f8baa5f93,R3_UA_7_selected,c2c650cc7db4b5356eb4c2ba25eaf9860387a614992303a321be65940bb34284,validation,P1,2017-03-24,974,960.3021863346037,af8baf1874a69dafa60dd3987489ea8cf3982187837594f010e7913aba22241c
new_p3_training,True,tuned,UA,7,R3,3cfd389bbd05ec9201a41c0892e29bf8199198d1b216b9a8061370d4240aa583,bd1488a2d411295d7a2118c50ddcc0b158786123613af1676062e2270d1637d1,9cb89005693b1b70c102178849b740fde00b50c9ba5f3b5530d0e5749ea59837,eca954c21da074c545cb7858315ea39fee0a6f54b19e06474b4f2f91f1666847,c40aaf80f5be3be16016d797963cb563e35b93083df451f9827f99cfadc3c898,6031dc4ee08b61c58b35b1efd7d764739d5c7c54dc7cbe9e9a72a1e4a7098596,e2212c40566e21c680a98186ebd8e984aa80d4fd,4d4ad03b827958468b1a231e360c7ad1aa68035c25af068059838ceae6dfa6d6,1c2a0b828a698273b3c8b45532398e4bfe29534a6c2e0bef6cf2c84f8baa5f93,R3_UA_7_selected,c2c650cc7db4b5356eb4c2ba25eaf9860387a614992303a321be65940bb34284,validation,P1,2017-03-27,989,936.8555141819099,9ffb8d9abbf39a0e6078e63319549f0c018f72e14541fca1122a1af5c3f892bf
new_p3_training,True,tuned,UA,7,R3,3cfd389bbd05ec9201a41c0892e29bf8199198d1b216b9a8061370d4240aa583,bd1488a2d411295d7a2118c50ddcc0b158786123613af1676062e2270d1637d1,9cb89005693b1b70c102178849b740fde00b50c9ba5f3b5530d0e5749ea59837,eca954c21da074c545cb7858315ea39fee0a6f54b19e06474b4f2f91f1666847,c40aaf80f5be3be16016d797963cb563e35b93083df451f9827f99cfadc3c898,6031dc4ee08b61c58b35b1efd7d764739d5c7c54dc7cbe9e9a72a1e4a7098596,e2212c40566e21c680a98186ebd8e984aa80d4fd,4d4ad03b827958468b1a231e360c7ad1aa68035c25af068059838ceae6dfa6d6,1c2a0b828a698273b3c8b45532398e4bfe29534a6c2e0bef6cf2c84f8baa5f93,R3_UA_7_selected,c2c650cc7db4b5356eb4c2ba25eaf9860387a614992303a321be65940bb34284,validation,P1,2017-03-28,987,866.726037858748,d57121a836d48f40b034c0254c9be9a4058eb681a5d9f1bc12884df2d5399e5d
new_p3_training,True,tuned,UA,7,R3,3cfd389bbd05ec9201a41c0892e29bf8199198d1b216b9a8061370d4240aa583,bd1488a2d411295d7a2118c50ddcc0b158786123613af1676062e2270d1637d1,9cb89005693b1b70c102178849b740fde00b50c9ba5f3b5530d0e5749ea59837,eca954c21da074c545cb7858315ea39fee0a6f54b19e06474b4f2f91f1666847,c40aaf80f5be3be16016d797963cb563e35b93083df451f9827f99cfadc3c898,6031dc4ee08b61c58b35b1efd7d764739d5c7c54dc7cbe9e9a72a1e4a7098596,e2212c40566e21c680a98186ebd8e984aa80d4fd,4d4ad03b827958468b1a231e360c7ad1aa68035c25af068059838ceae6dfa6d6,1c2a0b828a698273b3c8b45532398e4bfe29534a6c2e0bef6cf2c84f8baa5f93,R3_UA_7_selected,c2c650cc7db4b5356eb4c2ba25eaf9860387a614992303a321be65940bb34284,validation,P1,2017-03-29,988,904.5726189380443,accacc2d062e9f1546da2b7c043135065b45c28fa5f07e3b1fb808ac140ec491
new_p3_training,True,tuned,UA,7,R3,3cfd389bbd05ec9201a41c0892e29bf8199198d1b216b9a8061370d4240aa583,bd1488a2d411295d7a2118c50ddcc0b158786123613af1676062e2270d1637d1,9cb89005693b1b70c102178849b740fde00b50c9ba5f3b5530d0e5749ea59837,eca954c21da074c545cb7858315ea39fee0a6f54b19e06474b4f2f91f1666847,c40aaf80f5be3be16016d797963cb563e35b93083df451f9827f99cfadc3c898,6031dc4ee08b61c58b35b1efd7d764739d5c7c54dc7cbe9e9a72a1e4a7098596,e2212c40566e21c680a98186ebd8e984aa80d4fd,4d4ad03b827958468b1a231e360c7ad1aa68035c25af068059838ceae6dfa6d6,1c2a0b828a698273b3c8b45532398e4bfe29534a6c2e0bef6cf2c84f8baa5f93,R3_UA_7_selected,c2c650cc7db4b5356eb4c2ba25eaf9860387a614992303a321be65940bb34284,validation,P1,2017-03-30,986,867.7224887006228,49b7ff773b2787a4936a8ce57860301bf61c6d88cba3106dd2ba568b024116ad
new_p3_training,True,tuned,UA,7,R3,3cfd389bbd05ec9201a41c0892e29bf8199198d1b216b9a8061370d4240aa583,bd1488a2d411295d7a2118c50ddcc0b158786123613af1676062e2270d1637d1,9cb89005693b1b70c102178849b740fde00b50c9ba5f3b5530d0e5749ea59837,eca954c21da074c545cb7858315ea39fee0a6f54b19e06474b4f2f91f1666847,c40aaf80f5be3be16016d797963cb563e35b93083df451f9827f99cfadc3c898,6031dc4ee08b61c58b35b1efd7d764739d5c7c54dc7cbe9e9a72a1e4a7098596,e2212c40566e21c680a98186ebd8e984aa80d4fd,4d4ad03b827958468b1a231e360c7ad1aa68035c25af068059838ceae6dfa6d6,1c2a0b828a698273b3c8b45532398e4bfe29534a6c2e0bef6cf2c84f8baa5f93,R3_UA_7_selected,c2c650cc7db4b5356eb4c2ba25eaf9860387a614992303a321be65940bb34284,validation,P1,2017-03-31,992,889.2652319140868,e16b5a5dd6ce407c5198d92927e3b25ca9eef9a5a838c644f12b46a6f28a39b7
new_p3_training,True,tuned,UA,7,R3,3cfd389bbd05ec9201a41c0892e29bf8199198d1b216b9a8061370d4240aa583,bd1488a2d411295d7a2118c50ddcc0b158786123613af1676062e2270d1637d1,9cb89005693b1b70c102178849b740fde00b50c9ba5f3b5530d0e5749ea59837,eca954c21da074c545cb7858315ea39fee0a6f54b19e06474b4f2f91f1666847,c40aaf80f5be3be16016d797963cb563e35b93083df451f9827f99cfadc3c898,6031dc4ee08b61c58b35b1efd7d764739d5c7c54dc7cbe9e9a72a1e4a7098596,e2212c40566e21c680a98186ebd8e984aa80d4fd,4d4ad03b827958468b1a231e360c7ad1aa68035c25af068059838ceae6dfa6d6,1c2a0b828a698273b3c8b45532398e4bfe29534a6c2e0bef6cf2c84f8baa5f93,R3_UA_7_selected,c2c650cc7db4b5356eb4c2ba25eaf9860387a614992303a321be65940bb34284,validation,P1,2017-04-03,970,890.2903830317551,282a8e29150de8990b692c8533288ebf54798c688a0c4a6ebb259c2170e02211
new_p3_training,True,tuned,UA,7,R3,3cfd389bbd05ec9201a41c0892e29bf8199198d1b216b9a8061370d4240aa583,bd1488a2d411295d7a2118c50ddcc0b158786123613af1676062e2270d1637d1,9cb89005693b1b70c102178849b740fde00b50c9ba5f3b5530d0e5749ea59837,eca954c21da074c545cb7858315ea39fee0a6f54b19e06474b4f2f91f1666847,c40aaf80f5be3be16016d797963cb563e35b93083df451f9827f99cfadc3c898,6031dc4ee08b61c58b35b1efd7d764739d5c7c54dc7cbe9e9a72a1e4a7098596,e2212c40566e21c680a98186ebd8e984aa80d4fd,4d4ad03b827958468b1a231e360c7ad1aa68035c25af068059838ceae6dfa6d6,1c2a0b828a698273b3c8b45532398e4bfe29534a6c2e0bef6cf2c84f8baa5f93,R3_UA_7_selected,c2c650cc7db4b5356eb4c2ba25eaf9860387a614992303a321be65940bb34284,validation,P1,2017-04-04,973,879.2858426184981,fe1b8fe1bd2365fa7be179be2a34912fba7286b3f729ae98d3faa5d1de476dc8
new_p3_training,True,tuned,UA,7,R3,3cfd389bbd05ec9201a41c0892e29bf8199198d1b216b9a8061370d4240aa583,bd1488a2d411295d7a2118c50ddcc0b158786123613af1676062e2270d1637d1,9cb89005693b1b70c102178849b740fde00b50c9ba5f3b5530d0e5749ea59837,eca954c21da074c545cb7858315ea39fee0a6f54b19e06474b4f2f91f1666847,c40aaf80f5be3be16016d797963cb563e35b93083df451f9827f99cfadc3c898,6031dc4ee08b61c58b35b1efd7d764739d5c7c54dc7cbe9e9a72a1e4a7098596,e2212c40566e21c680a98186ebd8e984aa80d4fd,4d4ad03b827958468b1a231e360c7ad1aa68035c25af068059838ceae6dfa6d6,1c2a0b828a698273b3c8b45532398e4bfe29534a6c2e0bef6cf2c84f8baa5f93,R3_UA_7_selected,c2c650cc7db4b5356eb4c2ba25eaf9860387a614992303a321be65940bb34284,validation,P1,2017-04-05,977,955.6924290840493,34f8bb984bdf422f30deaae224287b2f8a9b3dd5e47c66a1678162faf37802de
new_p3_training,True,tuned,UA,7,R3,3cfd389bbd05ec9201a41c0892e29bf8199198d1b216b9a8061370d4240aa583,bd1488a2d411295d7a2118c50ddcc0b158786123613af1676062e2270d1637d1,9cb89005693b1b70c102178849b740fde00b50c9ba5f3b5530d0e5749ea59837,eca954c21da074c545cb7858315ea39fee0a6f54b19e06474b4f2f91f1666847,c40aaf80f5be3be16016d797963cb563e35b93083df451f9827f99cfadc3c898,6031dc4ee08b61c58b35b1efd7d764739d5c7c54dc7cbe9e9a72a1e4a7098596,e2212c40566e21c680a98186ebd8e984aa80d4fd,4d4ad03b827958468b1a231e360c7ad1aa68035c25af068059838ceae6dfa6d6,1c2a0b828a698273b3c8b45532398e4bfe29534a6c2e0bef6cf2c84f8baa5f93,R3_UA_7_selected,c2c650cc7db4b5356eb4c2ba25eaf9860387a614992303a321be65940bb34284,validation,P1,2017-04-06,983,862.3095471703946,f9660e81a1bb6c651f7ed9528725a55be88e7c033ce32fda8218044b5a2b5a98
new_p3_training,True,tuned,UA,7,R3,3cfd389bbd05ec9201a41c0892e29bf8199198d1b216b9a8061370d4240aa583,bd1488a2d411295d7a2118c50ddcc0b158786123613af1676062e2270d1637d1,9cb89005693b1b70c102178849b740fde00b50c9ba5f3b5530d0e5749ea59837,eca954c21da074c545cb7858315ea39fee0a6f54b19e06474b4f2f91f1666847,c40aaf80f5be3be16016d797963cb563e35b93083df451f9827f99cfadc3c898,6031dc4ee08b61c58b35b1efd7d764739d5c7c54dc7cbe9e9a72a1e4a7098596,e2212c40566e21c680a98186ebd8e984aa80d4fd,4d4ad03b827958468b1a231e360c7ad1aa68035c25af068059838ceae6dfa6d6,1c2a0b828a698273b3c8b45532398e4bfe29534a6c2e0bef6cf2c84f8baa5f93,R3_UA_7_selected,c2c650cc7db4b5356eb4c2ba25eaf9860387a614992303a321be65940bb34284,validation,P1,2017-04-07,984,896.783697714593,de5037176ca77b3a7dd35609a8385dc3648c59b8a1bbdbd824031ace47bae406
new_p3_training,True,tuned,UA,7,R3,3cfd389bbd05ec9201a41c0892e29bf8199198d1b216b9a8061370d4240aa583,bd1488a2d411295d7a2118c50ddcc0b158786123613af1676062e2270d1637d1,9cb89005693b1b70c102178849b740fde00b50c9ba5f3b5530d0e5749ea59837,eca954c21da074c545cb7858315ea39fee0a6f54b19e06474b4f2f91f1666847,c40aaf80f5be3be16016d797963cb563e35b93083df451f9827f99cfadc3c898,6031dc4ee08b61c58b35b1efd7d764739d5c7c54dc7cbe9e9a72a1e4a7098596,e2212c40566e21c680a98186ebd8e984aa80d4fd,4d4ad03b827958468b1a231e360c7ad1aa68035c25af068059838ceae6dfa6d6,1c2a0b828a698273b3c8b45532398e4bfe29534a6c2e0bef6cf2c84f8baa5f93,R3_UA_7_selected,c2c650cc7db4b5356eb4c2ba25eaf9860387a614992303a321be65940bb34284,validation,P1,2017-04-10,966,872.8924795094229,085bd9ec5590344db426d06e7c9c0de7dba5578e37a5a7a51095cc5901eb0711
new_p3_training,True,tuned,UA,7,R3,3cfd389bbd05ec9201a41c0892e29bf8199198d1b216b9a8061370d4240aa583,bd1488a2d411295d7a2118c50ddcc0b158786123613af1676062e2270d1637d1,9cb89005693b1b70c102178849b740fde00b50c9ba5f3b5530d0e5749ea59837,eca954c21da074c545cb7858315ea39fee0a6f54b19e06474b4f2f91f1666847,c40aaf80f5be3be16016d797963cb563e35b93083df451f9827f99cfadc3c898,6031dc4ee08b61c58b35b1efd7d764739d5c7c54dc7cbe9e9a72a1e4a7098596,e2212c40566e21c680a98186ebd8e984aa80d4fd,4d4ad03b827958468b1a231e360c7ad1aa68035c25af068059838ceae6dfa6d6,1c2a0b828a698273b3c8b45532398e4bfe29534a6c2e0bef6cf2c84f8baa5f93,R3_UA_7_selected,c2c650cc7db4b5356eb4c2ba25eaf9860387a614992303a321be65940bb34284,validation,P1,2017-04-11,979,868.8054148746883,d3a05641e3d6dca330e8f10942a19d7bc2ad3ca70f91feb5c3133e031b47ae02
new_p3_training,True,tuned,UA,7,R3,3cfd389bbd05ec9201a41c0892e29bf8199198d1b216b9a8061370d4240aa583,bd1488a2d411295d7a2118c50ddcc0b158786123613af1676062e2270d1637d1,9cb89005693b1b70c102178849b740fde00b50c9ba5f3b5530d0e5749ea59837,eca954c21da074c545cb7858315ea39fee0a6f54b19e06474b4f2f91f1666847,c40aaf80f5be3be16016d797963cb563e35b93083df451f9827f99cfadc3c898,6031dc4ee08b61c58b35b1efd7d764739d5c7c54dc7cbe9e9a72a1e4a7098596,e2212c40566e21c680a98186ebd8e984aa80d4fd,4d4ad03b827958468b1a231e360c7ad1aa68035c25af068059838ceae6dfa6d6,1c2a0b828a698273b3c8b45532398e4bfe29534a6c2e0bef6cf2c84f8baa5f93,R3_UA_7_selected,c2c650cc7db4b5356eb4c2ba25eaf9860387a614992303a321be65940bb34284,validation,P1,2017-04-12,986,835.0002921516655,ff236130b5944df42474923fb60f31680728df84378de0d20c59050f794c8e6b
new_p3_training,True,tuned,UA,7,R3,3cfd389bbd05ec9201a41c0892e29bf8199198d1b216b9a8061370d4240aa583,bd1488a2d411295d7a2118c50ddcc0b158786123613af1676062e2270d1637d1,9cb89005693b1b70c102178849b740fde00b50c9ba5f3b5530d0e5749ea59837,eca954c21da074c545cb7858315ea39fee0a6f54b19e06474b4f2f91f1666847,c40aaf80f5be3be16016d797963cb563e35b93083df451f9827f99cfadc3c898,6031dc4ee08b61c58b35b1efd7d764739d5c7c54dc7cbe9e9a72a1e4a7098596,e2212c40566e21c680a98186ebd8e984aa80d4fd,4d4ad03b827958468b1a231e360c7ad1aa68035c25af068059838ceae6dfa6d6,1c2a0b828a698273b3c8b45532398e4bfe29534a6c2e0bef6cf2c84f8baa5f93,R3_UA_7_selected,c2c650cc7db4b5356eb4c2ba25eaf9860387a614992303a321be65940bb34284,validation,P1,2017-04-13,987,920.1012760346439,1512108692a9849739d7b94952ed0a65ae5877e5146e9d77779db38fdd4f226c
new_p3_training,True,tuned,UA,7,R3,3cfd389bbd05ec9201a41c0892e29bf8199198d1b216b9a8061370d4240aa583,bd1488a2d411295d7a2118c50ddcc0b158786123613af1676062e2270d1637d1,9cb89005693b1b70c102178849b740fde00b50c9ba5f3b5530d0e5749ea59837,eca954c21da074c545cb7858315ea39fee0a6f54b19e06474b4f2f91f1666847,c40aaf80f5be3be16016d797963cb563e35b93083df451f9827f99cfadc3c898,6031dc4ee08b61c58b35b1efd7d764739d5c7c54dc7cbe9e9a72a1e4a7098596,e2212c40566e21c680a98186ebd8e984aa80d4fd,4d4ad03b827958468b1a231e360c7ad1aa68035c25af068059838ceae6dfa6d6,1c2a0b828a698273b3c8b45532398e4bfe29534a6c2e0bef6cf2c84f8baa5f93,R3_UA_7_selected,c2c650cc7db4b5356eb4c2ba25eaf9860387a614992303a321be65940bb34284,validation,P1,2017-04-14,984,930.0390130279338,dc1ee29a093b7ba98c429d1bf253c92ae38ce9aa10fa3f195a5b270c63fb6bd2
new_p3_training,True,tuned,UA,7,R3,3cfd389bbd05ec9201a41c0892e29bf8199198d1b216b9a8061370d4240aa583,bd1488a2d411295d7a2118c50ddcc0b158786123613af1676062e2270d1637d1,9cb89005693b1b70c102178849b740fde00b50c9ba5f3b5530d0e5749ea59837,eca954c21da074c545cb7858315ea39fee0a6f54b19e06474b4f2f91f1666847,c40aaf80f5be3be16016d797963cb563e35b93083df451f9827f99cfadc3c898,6031dc4ee08b61c58b35b1efd7d764739d5c7c54dc7cbe9e9a72a1e4a7098596,e2212c40566e21c680a98186ebd8e984aa80d4fd,4d4ad03b827958468b1a231e360c7ad1aa68035c25af068059838ceae6dfa6d6,1c2a0b828a698273b3c8b45532398e4bfe29534a6c2e0bef6cf2c84f8baa5f93,R3_UA_7_selected,c2c650cc7db4b5356eb4c2ba25eaf9860387a614992303a321be65940bb34284,validation,P1,2017-04-17,988,859.0936543817159,dd0b9c340a7cc0450884405640fcf163130aee4f09534fa79fbf9c879bd8d778
new_p3_training,True,tuned,UA,7,R3,3cfd389bbd05ec9201a41c0892e29bf8199198d1b216b9a8061370d4240aa583,bd1488a2d411295d7a2118c50ddcc0b158786123613af1676062e2270d1637d1,9cb89005693b1b70c102178849b740fde00b50c9ba5f3b5530d0e5749ea59837,eca954c21da074c545cb7858315ea39fee0a6f54b19e06474b4f2f91f1666847,c40aaf80f5be3be16016d797963cb563e35b93083df451f9827f99cfadc3c898,6031dc4ee08b61c58b35b1efd7d764739d5c7c54dc7cbe9e9a72a1e4a7098596,e2212c40566e21c680a98186ebd8e984aa80d4fd,4d4ad03b827958468b1a231e360c7ad1aa68035c25af068059838ceae6dfa6d6,1c2a0b828a698273b3c8b45532398e4bfe29534a6c2e0bef6cf2c84f8baa5f93,R3_UA_7_selected,c2c650cc7db4b5356eb4c2ba25eaf9860387a614992303a321be65940bb34284,validation,P1,2017-04-18,985,838.1972010038337,5df9a5b0ae43d5006010654c42f023a92c7631b5fc3f8478b884f4d93c438022
new_p3_training,True,tuned,UA,7,R3,3cfd389bbd05ec9201a41c0892e29bf8199198d1b216b9a8061370d4240aa583,bd1488a2d411295d7a2118c50ddcc0b158786123613af1676062e2270d1637d1,9cb89005693b1b70c102178849b740fde00b50c9ba5f3b5530d0e5749ea59837,eca954c21da074c545cb7858315ea39fee0a6f54b19e06474b4f2f91f1666847,c40aaf80f5be3be16016d797963cb563e35b93083df451f9827f99cfadc3c898,6031dc4ee08b61c58b35b1efd7d764739d5c7c54dc7cbe9e9a72a1e4a7098596,e2212c40566e21c680a98186ebd8e984aa80d4fd,4d4ad03b827958468b1a231e360c7ad1aa68035c25af068059838ceae6dfa6d6,1c2a0b828a698273b3c8b45532398e4bfe29534a6c2e0bef6cf2c84f8baa5f93,R3_UA_7_selected,c2c650cc7db4b5356eb4c2ba25eaf9860387a614992303a321be65940bb34284,validation,P1,2017-04-19,990,891.5594425982905,5bcb5d4f0e66822302db78c8e0203e0a1bde0c7298fd4141741178418146fb37
new_p3_training,True,tuned,UA,7,R3,3cfd389bbd05ec9201a41c0892e29bf8199198d1b216b9a8061370d4240aa583,bd1488a2d411295d7a2118c50ddcc0b158786123613af1676062e2270d1637d1,9cb89005693b1b70c102178849b740fde00b50c9ba5f3b5530d0e5749ea59837,eca954c21da074c545cb7858315ea39fee0a6f54b19e06474b4f2f91f1666847,c40aaf80f5be3be16016d797963cb563e35b93083df451f9827f99cfadc3c898,6031dc4ee08b61c58b35b1efd7d764739d5c7c54dc7cbe9e9a72a1e4a7098596,e2212c40566e21c680a98186ebd8e984aa80d4fd,4d4ad03b827958468b1a231e360c7ad1aa68035c25af068059838ceae6dfa6d6,1c2a0b828a698273b3c8b45532398e4bfe29534a6c2e0bef6cf2c84f8baa5f93,R3_UA_7_selected,c2c650cc7db4b5356eb4c2ba25eaf9860387a614992303a321be65940bb34284,validation,P1,2017-04-20,993,910.9823878842158,66b4f98405285b5233d323b58a786a162993940defa47ff8e77c75f99353f8a3
new_p3_training,True,tuned,UA,7,R3,3cfd389bbd05ec9201a41c0892e29bf8199198d1b216b9a8061370d4240aa583,bd1488a2d411295d7a2118c50ddcc0b158786123613af1676062e2270d1637d1,9cb89005693b1b70c102178849b740fde00b50c9ba5f3b5530d0e5749ea59837,eca954c21da074c545cb7858315ea39fee0a6f54b19e06474b4f2f91f1666847,c40aaf80f5be3be16016d797963cb563e35b93083df451f9827f99cfadc3c898,6031dc4ee08b61c58b35b1efd7d764739d5c7c54dc7cbe9e9a72a1e4a7098596,e2212c40566e21c680a98186ebd8e984aa80d4fd,4d4ad03b827958468b1a231e360c7ad1aa68035c25af068059838ceae6dfa6d6,1c2a0b828a698273b3c8b45532398e4bfe29534a6c2e0bef6cf2c84f8baa5f93,R3_UA_7_selected,c2c650cc7db4b5356eb4c2ba25eaf9860387a614992303a321be65940bb34284,validation,P1,2017-04-21,993,844.7077138232321,794ef6b7959cb0c0d0fa3f0a3185df1d7e98dbdaf5e392ed153be5e5aa421f20
new_p3_training,True,tuned,UA,7,R3,3cfd389bbd05ec9201a41c0892e29bf8199198d1b216b9a8061370d4240aa583,bd1488a2d411295d7a2118c50ddcc0b158786123613af1676062e2270d1637d1,9cb89005693b1b70c102178849b740fde00b50c9ba5f3b5530d0e5749ea59837,eca954c21da074c545cb7858315ea39fee0a6f54b19e06474b4f2f91f1666847,c40aaf80f5be3be16016d797963cb563e35b93083df451f9827f99cfadc3c898,6031dc4ee08b61c58b35b1efd7d764739d5c7c54dc7cbe9e9a72a1e4a7098596,e2212c40566e21c680a98186ebd8e984aa80d4fd,4d4ad03b827958468b1a231e360c7ad1aa68035c25af068059838ceae6dfa6d6,1c2a0b828a698273b3c8b45532398e4bfe29534a6c2e0bef6cf2c84f8baa5f93,R3_UA_7_selected,c2c650cc7db4b5356eb4c2ba25eaf9860387a614992303a321be65940bb34284,validation,P1,2017-04-24,997,899.5578304389833,f781339d08d61b07733071d1319add3deea994f7cc0fa9d9cf980a30e07f286f
new_p3_training,True,tuned,UA,7,R3,3cfd389bbd05ec9201a41c0892e29bf8199198d1b216b9a8061370d4240aa583,bd1488a2d411295d7a2118c50ddcc0b158786123613af1676062e2270d1637d1,9cb89005693b1b70c102178849b740fde00b50c9ba5f3b5530d0e5749ea59837,eca954c21da074c545cb7858315ea39fee0a6f54b19e06474b4f2f91f1666847,c40aaf80f5be3be16016d797963cb563e35b93083df451f9827f99cfadc3c898,6031dc4ee08b61c58b35b1efd7d764739d5c7c54dc7cbe9e9a72a1e4a7098596,e2212c40566e21c680a98186ebd8e984aa80d4fd,4d4ad03b827958468b1a231e360c7ad1aa68035c25af068059838ceae6dfa6d6,1c2a0b828a698273b3c8b45532398e4bfe29534a6c2e0bef6cf2c84f8baa5f93,R3_UA_7_selected,c2c650cc7db4b5356eb4c2ba25eaf9860387a614992303a321be65940bb34284,validation,P1,2017-04-25,995,883.0641631374393,7eb41eb8bd5d030e32b3d8e7681b4ebdf49c6568c6ba8857f2c4bc8b1b813ccc
new_p3_training,True,tuned,UA,7,R3,3cfd389bbd05ec9201a41c0892e29bf8199198d1b216b9a8061370d4240aa583,bd1488a2d411295d7a2118c50ddcc0b158786123613af1676062e2270d1637d1,9cb89005693b1b70c102178849b740fde00b50c9ba5f3b5530d0e5749ea59837,eca954c21da074c545cb7858315ea39fee0a6f54b19e06474b4f2f91f1666847,c40aaf80f5be3be16016d797963cb563e35b93083df451f9827f99cfadc3c898,6031dc4ee08b61c58b35b1efd7d764739d5c7c54dc7cbe9e9a72a1e4a7098596,e2212c40566e21c680a98186ebd8e984aa80d4fd,4d4ad03b827958468b1a231e360c7ad1aa68035c25af068059838ceae6dfa6d6,1c2a0b828a698273b3c8b45532398e4bfe29534a6c2e0bef6cf2c84f8baa5f93,R3_UA_7_selected,c2c650cc7db4b5356eb4c2ba25eaf9860387a614992303a321be65940bb34284,validation,P1,2017-04-26,993,878.1409984255934,a4bbe04d4c03976efc0079d6f5f98fd5986c2961badd4b1b6516cbbea47118e9
new_p3_training,True,tuned,UA,7,R3,3cfd389bbd05ec9201a41c0892e29bf8199198d1b216b9a8061370d4240aa583,bd1488a2d411295d7a2118c50ddcc0b158786123613af1676062e2270d1637d1,9cb89005693b1b70c102178849b740fde00b50c9ba5f3b5530d0e5749ea59837,eca954c21da074c545cb7858315ea39fee0a6f54b19e06474b4f2f91f1666847,c40aaf80f5be3be16016d797963cb563e35b93083df451f9827f99cfadc3c898,6031dc4ee08b61c58b35b1efd7d764739d5c7c54dc7cbe9e9a72a1e4a7098596,e2212c40566e21c680a98186ebd8e984aa80d4fd,4d4ad03b827958468b1a231e360c7ad1aa68035c25af068059838ceae6dfa6d6,1c2a0b828a698273b3c8b45532398e4bfe29534a6c2e0bef6cf2c84f8baa5f93,R3_UA_7_selected,c2c650cc7db4b5356eb4c2ba25eaf9860387a614992303a321be65940bb34284,validation,P1,2017-04-27,999,886.7990191676297,a6fa84f68dc9774a7a506a0b5ac2795377503608b6205271565a3f2cd2984dbb
new_p3_training,True,tuned,UA,7,R3,3cfd389bbd05ec9201a41c0892e29bf8199198d1b216b9a8061370d4240aa583,bd1488a2d411295d7a2118c50ddcc0b158786123613af1676062e2270d1637d1,9cb89005693b1b70c102178849b740fde00b50c9ba5f3b5530d0e5749ea59837,eca954c21da074c545cb7858315ea39fee0a6f54b19e06474b4f2f91f1666847,c40aaf80f5be3be16016d797963cb563e35b93083df451f9827f99cfadc3c898,6031dc4ee08b61c58b35b1efd7d764739d5c7c54dc7cbe9e9a72a1e4a7098596,e2212c40566e21c680a98186ebd8e984aa80d4fd,4d4ad03b827958468b1a231e360c7ad1aa68035c25af068059838ceae6dfa6d6,1c2a0b828a698273b3c8b45532398e4bfe29534a6c2e0bef6cf2c84f8baa5f93,R3_UA_7_selected,c2c650cc7db4b5356eb4c2ba25eaf9860387a614992303a321be65940bb34284,validation,P1,2017-04-28,999,863.4786097703756,0f9fdfd82fbce83e270c52a96b175956101f57768c53bd66ea4c035cd387c658
new_p3_training,True,tuned,UA,7,R3,3cfd389bbd05ec9201a41c0892e29bf8199198d1b216b9a8061370d4240aa583,bd1488a2d411295d7a2118c50ddcc0b158786123613af1676062e2270d1637d1,9cb89005693b1b70c102178849b740fde00b50c9ba5f3b5530d0e5749ea59837,eca954c21da074c545cb7858315ea39fee0a6f54b19e06474b4f2f91f1666847,c40aaf80f5be3be16016d797963cb563e35b93083df451f9827f99cfadc3c898,6031dc4ee08b61c58b35b1efd7d764739d5c7c54dc7cbe9e9a72a1e4a7098596,e2212c40566e21c680a98186ebd8e984aa80d4fd,4d4ad03b827958468b1a231e360c7ad1aa68035c25af068059838ceae6dfa6d6,1c2a0b828a698273b3c8b45532398e4bfe29534a6c2e0bef6cf2c84f8baa5f93,R3_UA_7_selected,c2c650cc7db4b5356eb4c2ba25eaf9860387a614992303a321be65940bb34284,validation,P1,2017-05-02,999,867.546436803661,14c0c2778364aefc45986d4542103d8734a852739122b0465fd32cff95986cf4
new_p3_training,True,tuned,UA,7,R3,3cfd389bbd05ec9201a41c0892e29bf8199198d1b216b9a8061370d4240aa583,bd1488a2d411295d7a2118c50ddcc0b158786123613af1676062e2270d1637d1,9cb89005693b1b70c102178849b740fde00b50c9ba5f3b5530d0e5749ea59837,eca954c21da074c545cb7858315ea39fee0a6f54b19e06474b4f2f91f1666847,c40aaf80f5be3be16016d797963cb563e35b93083df451f9827f99cfadc3c898,6031dc4ee08b61c58b35b1efd7d764739d5c7c54dc7cbe9e9a72a1e4a7098596,e2212c40566e21c680a98186ebd8e984aa80d4fd,4d4ad03b827958468b1a231e360c7ad1aa68035c25af068059838ceae6dfa6d6,1c2a0b828a698273b3c8b45532398e4bfe29534a6c2e0bef6cf2c84f8baa5f93,R3_UA_7_selected,c2c650cc7db4b5356eb4c2ba25eaf9860387a614992303a321be65940bb34284,validation,P1,2017-05-04,992,800.2994941153463,6631fc70ac37a887756b49773fa3cf7cefc19b72a4257b6ef3f848e040255cac
new_p3_training,True,tuned,UA,7,R3,3cfd389bbd05ec9201a41c0892e29bf8199198d1b216b9a8061370d4240aa583,bd1488a2d411295d7a2118c50ddcc0b158786123613af1676062e2270d1637d1,9cb89005693b1b70c102178849b740fde00b50c9ba5f3b5530d0e5749ea59837,eca954c21da074c545cb7858315ea39fee0a6f54b19e06474b4f2f91f1666847,c40aaf80f5be3be16016d797963cb563e35b93083df451f9827f99cfadc3c898,6031dc4ee08b61c58b35b1efd7d764739d5c7c54dc7cbe9e9a72a1e4a7098596,e2212c40566e21c680a98186ebd8e984aa80d4fd,4d4ad03b827958468b1a231e360c7ad1aa68035c25af068059838ceae6dfa6d6,1c2a0b828a698273b3c8b45532398e4bfe29534a6c2e0bef6cf2c84f8baa5f93,R3_UA_7_selected,c2c650cc7db4b5356eb4c2ba25eaf9860387a614992303a321be65940bb34284,validation,P1,2017-05-08,990,881.3959830484569,a8a93d88dcfdd49497068e218a5e3ca128b4bce725fe86790a9730e3131444c5
new_p3_training,True,tuned,UA,7,R3,3cfd389bbd05ec9201a41c0892e29bf8199198d1b216b9a8061370d4240aa583,bd1488a2d411295d7a2118c50ddcc0b158786123613af1676062e2270d1637d1,9cb89005693b1b70c102178849b740fde00b50c9ba5f3b5530d0e5749ea59837,eca954c21da074c545cb7858315ea39fee0a6f54b19e06474b4f2f91f1666847,c40aaf80f5be3be16016d797963cb563e35b93083df451f9827f99cfadc3c898,6031dc4ee08b61c58b35b1efd7d764739d5c7c54dc7cbe9e9a72a1e4a7098596,e2212c40566e21c680a98186ebd8e984aa80d4fd,4d4ad03b827958468b1a231e360c7ad1aa68035c25af068059838ceae6dfa6d6,1c2a0b828a698273b3c8b45532398e4bfe29534a6c2e0bef6cf2c84f8baa5f93,R3_UA_7_selected,c2c650cc7db4b5356eb4c2ba25eaf9860387a614992303a321be65940bb34284,validation,P1,2017-05-10,997,1009.1950418735705,c5043e307983428fecff0c99ddf1ba2dd0dd8b565758b361d564c9e9cc4e1183
new_p3_training,True,tuned,UA,7,R3,3cfd389bbd05ec9201a41c0892e29bf8199198d1b216b9a8061370d4240aa583,bd1488a2d411295d7a2118c50ddcc0b158786123613af1676062e2270d1637d1,9cb89005693b1b70c102178849b740fde00b50c9ba5f3b5530d0e5749ea59837,eca954c21da074c545cb7858315ea39fee0a6f54b19e06474b4f2f91f1666847,c40aaf80f5be3be16016d797963cb563e35b93083df451f9827f99cfadc3c898,6031dc4ee08b61c58b35b1efd7d764739d5c7c54dc7cbe9e9a72a1e4a7098596,e2212c40566e21c680a98186ebd8e984aa80d4fd,4d4ad03b827958468b1a231e360c7ad1aa68035c25af068059838ceae6dfa6d6,1c2a0b828a698273b3c8b45532398e4bfe29534a6c2e0bef6cf2c84f8baa5f93,R3_UA_7_selected,c2c650cc7db4b5356eb4c2ba25eaf9860387a614992303a321be65940bb34284,validation,P1,2017-05-11,989,977.4673080009911,22406276b142791300e2c9092279b8cdbaf16becf348dd34d48b8ba6b7516ddd
new_p3_training,True,tuned,UA,7,R3,3cfd389bbd05ec9201a41c0892e29bf8199198d1b216b9a8061370d4240aa583,bd1488a2d411295d7a2118c50ddcc0b158786123613af1676062e2270d1637d1,9cb89005693b1b70c102178849b740fde00b50c9ba5f3b5530d0e5749ea59837,eca954c21da074c545cb7858315ea39fee0a6f54b19e06474b4f2f91f1666847,c40aaf80f5be3be16016d797963cb563e35b93083df451f9827f99cfadc3c898,6031dc4ee08b61c58b35b1efd7d764739d5c7c54dc7cbe9e9a72a1e4a7098596,e2212c40566e21c680a98186ebd8e984aa80d4fd,4d4ad03b827958468b1a231e360c7ad1aa68035c25af068059838ceae6dfa6d6,1c2a0b828a698273b3c8b45532398e4bfe29534a6c2e0bef6cf2c84f8baa5f93,R3_UA_7_selected,c2c650cc7db4b5356eb4c2ba25eaf9860387a614992303a321be65940bb34284,validation,P1,2017-05-12,984,928.1092963942635,1b0f01fba908157b595d59a8a664eb3ee985300366a29e23191a03ba762a6761
new_p3_training,True,tuned,UA,7,R3,3cfd389bbd05ec9201a41c0892e29bf8199198d1b216b9a8061370d4240aa583,bd1488a2d411295d7a2118c50ddcc0b158786123613af1676062e2270d1637d1,9cb89005693b1b70c102178849b740fde00b50c9ba5f3b5530d0e5749ea59837,eca954c21da074c545cb7858315ea39fee0a6f54b19e06474b4f2f91f1666847,c40aaf80f5be3be16016d797963cb563e35b93083df451f9827f99cfadc3c898,6031dc4ee08b61c58b35b1efd7d764739d5c7c54dc7cbe9e9a72a1e4a7098596,e2212c40566e21c680a98186ebd8e984aa80d4fd,4d4ad03b827958468b1a231e360c7ad1aa68035c25af068059838ceae6dfa6d6,1c2a0b828a698273b3c8b45532398e4bfe29534a6c2e0bef6cf2c84f8baa5f93,R3_UA_7_selected,c2c650cc7db4b5356eb4c2ba25eaf9860387a614992303a321be65940bb34284,validation,P1,2017-05-15,973,905.7075670248071,895ac7feb08d2ef40987217310989acc06eceddb0860ad6d53fc2343faceadb0
new_p3_training,True,tuned,UA,7,R3,3cfd389bbd05ec9201a41c0892e29bf8199198d1b216b9a8061370d4240aa583,bd1488a2d411295d7a2118c50ddcc0b158786123613af1676062e2270d1637d1,9cb89005693b1b70c102178849b740fde00b50c9ba5f3b5530d0e5749ea59837,eca954c21da074c545cb7858315ea39fee0a6f54b19e06474b4f2f91f1666847,c40aaf80f5be3be16016d797963cb563e35b93083df451f9827f99cfadc3c898,6031dc4ee08b61c58b35b1efd7d764739d5c7c54dc7cbe9e9a72a1e4a7098596,e2212c40566e21c680a98186ebd8e984aa80d4fd,4d4ad03b827958468b1a231e360c7ad1aa68035c25af068059838ceae6dfa6d6,1c2a0b828a698273b3c8b45532398e4bfe29534a6c2e0bef6cf2c84f8baa5f93,R3_UA_7_selected,c2c650cc7db4b5356eb4c2ba25eaf9860387a614992303a321be65940bb34284,validation,P2,2017-03-02,891,850.6168146365885,74895839487a4626b79a24047f29fcf80498d3c448ece3c1eb05e9ef2a388903
new_p3_training,True,tuned,UA,7,R3,3cfd389bbd05ec9201a41c0892e29bf8199198d1b216b9a8061370d4240aa583,bd1488a2d411295d7a2118c50ddcc0b158786123613af1676062e2270d1637d1,9cb89005693b1b70c102178849b740fde00b50c9ba5f3b5530d0e5749ea59837,eca954c21da074c545cb7858315ea39fee0a6f54b19e06474b4f2f91f1666847,c40aaf80f5be3be16016d797963cb563e35b93083df451f9827f99cfadc3c898,6031dc4ee08b61c58b35b1efd7d764739d5c7c54dc7cbe9e9a72a1e4a7098596,e2212c40566e21c680a98186ebd8e984aa80d4fd,4d4ad03b827958468b1a231e360c7ad1aa68035c25af068059838ceae6dfa6d6,1c2a0b828a698273b3c8b45532398e4bfe29534a6c2e0bef6cf2c84f8baa5f93,R3_UA_7_selected,c2c650cc7db4b5356eb4c2ba25eaf9860387a614992303a321be65940bb34284,validation,P2,2017-03-03,891,902.8713055046467,681bbb2911a1ded1f47d9b6c7e0057dcc1ee813a5e5767a77f865817e6e69407
new_p3_training,True,tuned,UA,7,R3,3cfd389bbd05ec9201a41c0892e29bf8199198d1b216b9a8061370d4240aa583,bd1488a2d411295d7a2118c50ddcc0b158786123613af1676062e2270d1637d1,9cb89005693b1b70c102178849b740fde00b50c9ba5f3b5530d0e5749ea59837,eca954c21da074c545cb7858315ea39fee0a6f54b19e06474b4f2f91f1666847,c40aaf80f5be3be16016d797963cb563e35b93083df451f9827f99cfadc3c898,6031dc4ee08b61c58b35b1efd7d764739d5c7c54dc7cbe9e9a72a1e4a7098596,e2212c40566e21c680a98186ebd8e984aa80d4fd,4d4ad03b827958468b1a231e360c7ad1aa68035c25af068059838ceae6dfa6d6,1c2a0b828a698273b3c8b45532398e4bfe29534a6c2e0bef6cf2c84f8baa5f93,R3_UA_7_selected,c2c650cc7db4b5356eb4c2ba25eaf9860387a614992303a321be65940bb34284,validation,P2,2017-03-06,891,867.9324706846005,709d21885679f04617c21e969424134af912f44c84b481e6261c06deb751b124
new_p3_training,True,tuned,UA,7,R3,3cfd389bbd05ec9201a41c0892e29bf8199198d1b216b9a8061370d4240aa583,bd1488a2d411295d7a2118c50ddcc0b158786123613af1676062e2270d1637d1,9cb89005693b1b70c102178849b740fde00b50c9ba5f3b5530d0e5749ea59837,eca954c21da074c545cb7858315ea39fee0a6f54b19e06474b4f2f91f1666847,c40aaf80f5be3be16016d797963cb563e35b93083df451f9827f99cfadc3c898,6031dc4ee08b61c58b35b1efd7d764739d5c7c54dc7cbe9e9a72a1e4a7098596,e2212c40566e21c680a98186ebd8e984aa80d4fd,4d4ad03b827958468b1a231e360c7ad1aa68035c25af068059838ceae6dfa6d6,1c2a0b828a698273b3c8b45532398e4bfe29534a6c2e0bef6cf2c84f8baa5f93,R3_UA_7_selected,c2c650cc7db4b5356eb4c2ba25eaf9860387a614992303a321be65940bb34284,validation,P2,2017-03-07,891,775.7528819284726,40f2996066de44db4575bf205375b9211ff9d287dc652e7a01ded9ac106b9ac5
new_p3_training,True,tuned,UA,7,R3,3cfd389bbd05ec9201a41c0892e29bf8199198d1b216b9a8061370d4240aa583,bd1488a2d411295d7a2118c50ddcc0b158786123613af1676062e2270d1637d1,9cb89005693b1b70c102178849b740fde00b50c9ba5f3b5530d0e5749ea59837,eca954c21da074c545cb7858315ea39fee0a6f54b19e06474b4f2f91f1666847,c40aaf80f5be3be16016d797963cb563e35b93083df451f9827f99cfadc3c898,6031dc4ee08b61c58b35b1efd7d764739d5c7c54dc7cbe9e9a72a1e4a7098596,e2212c40566e21c680a98186ebd8e984aa80d4fd,4d4ad03b827958468b1a231e360c7ad1aa68035c25af068059838ceae6dfa6d6,1c2a0b828a698273b3c8b45532398e4bfe29534a6c2e0bef6cf2c84f8baa5f93,R3_UA_7_selected,c2c650cc7db4b5356eb4c2ba25eaf9860387a614992303a321be65940bb34284,validation,P2,2017-03-08,891,829.2135513329902,c2aca331c6c62418b58d7252fc8f65b931964957b7db60e3d02289069c0b2eec
new_p3_training,True,tuned,UA,7,R3,3cfd389bbd05ec9201a41c0892e29bf8199198d1b216b9a8061370d4240aa583,bd1488a2d411295d7a2118c50ddcc0b158786123613af1676062e2270d1637d1,9cb89005693b1b70c102178849b740fde00b50c9ba5f3b5530d0e5749ea59837,eca954c21da074c545cb7858315ea39fee0a6f54b19e06474b4f2f91f1666847,c40aaf80f5be3be16016d797963cb563e35b93083df451f9827f99cfadc3c898,6031dc4ee08b61c58b35b1efd7d764739d5c7c54dc7cbe9e9a72a1e4a7098596,e2212c40566e21c680a98186ebd8e984aa80d4fd,4d4ad03b827958468b1a231e360c7ad1aa68035c25af068059838ceae6dfa6d6,1c2a0b828a698273b3c8b45532398e4bfe29534a6c2e0bef6cf2c84f8baa5f93,R3_UA_7_selected,c2c650cc7db4b5356eb4c2ba25eaf9860387a614992303a321be65940bb34284,validation,P2,2017-03-09,891,813.9508642911433,9d128666480cd3d366ca5e8eec249df48ec3971d9031807d28bb197592d507d3
new_p3_training,True,tuned,UA,7,R3,3cfd389bbd05ec9201a41c0892e29bf8199198d1b216b9a8061370d4240aa583,bd1488a2d411295d7a2118c50ddcc0b158786123613af1676062e2270d1637d1,9cb89005693b1b70c102178849b740fde00b50c9ba5f3b5530d0e5749ea59837,eca954c21da074c545cb7858315ea39fee0a6f54b19e06474b4f2f91f1666847,c40aaf80f5be3be16016d797963cb563e35b93083df451f9827f99cfadc3c898,6031dc4ee08b61c58b35b1efd7d764739d5c7c54dc7cbe9e9a72a1e4a7098596,e2212c40566e21c680a98186ebd8e984aa80d4fd,4d4ad03b827958468b1a231e360c7ad1aa68035c25af068059838ceae6dfa6d6,1c2a0b828a698273b3c8b45532398e4bfe29534a6c2e0bef6cf2c84f8baa5f93,R3_UA_7_selected,c2c650cc7db4b5356eb4c2ba25eaf9860387a614992303a321be65940bb34284,validation,P2,2017-03-10,891,897.4689949408801,59e5a3c6a6e2014fd4d26d818aacdf60305da46009c9d7420495e283694292bb
new_p3_training,True,tuned,UA,7,R3,3cfd389bbd05ec9201a41c0892e29bf8199198d1b216b9a8061370d4240aa583,bd1488a2d411295d7a2118c50ddcc0b158786123613af1676062e2270d1637d1,9cb89005693b1b70c102178849b740fde00b50c9ba5f3b5530d0e5749ea59837,eca954c21da074c545cb7858315ea39fee0a6f54b19e06474b4f2f91f1666847,c40aaf80f5be3be16016d797963cb563e35b93083df451f9827f99cfadc3c898,6031dc4ee08b61c58b35b1efd7d764739d5c7c54dc7cbe9e9a72a1e4a7098596,e2212c40566e21c680a98186ebd8e984aa80d4fd,4d4ad03b827958468b1a231e360c7ad1aa68035c25af068059838ceae6dfa6d6,1c2a0b828a698273b3c8b45532398e4bfe29534a6c2e0bef6cf2c84f8baa5f93,R3_UA_7_selected,c2c650cc7db4b5356eb4c2ba25eaf9860387a614992303a321be65940bb34284,validation,P2,2017-03-13,891,824.8460566382996,e22242748b79bc12f456355923f90b0561e98742137563f4abb67d37a3d3ef7d
new_p3_training,True,tuned,UA,7,R3,3cfd389bbd05ec9201a41c0892e29bf8199198d1b216b9a8061370d4240aa583,bd1488a2d411295d7a2118c50ddcc0b158786123613af1676062e2270d1637d1,9cb89005693b1b70c102178849b740fde00b50c9ba5f3b5530d0e5749ea59837,eca954c21da074c545cb7858315ea39fee0a6f54b19e06474b4f2f91f1666847,c40aaf80f5be3be16016d797963cb563e35b93083df451f9827f99cfadc3c898,6031dc4ee08b61c58b35b1efd7d764739d5c7c54dc7cbe9e9a72a1e4a7098596,e2212c40566e21c680a98186ebd8e984aa80d4fd,4d4ad03b827958468b1a231e360c7ad1aa68035c25af068059838ceae6dfa6d6,1c2a0b828a698273b3c8b45532398e4bfe29534a6c2e0bef6cf2c84f8baa5f93,R3_UA_7_selected,c2c650cc7db4b5356eb4c2ba25eaf9860387a614992303a321be65940bb34284,validation,P2,2017-03-14,891,820.6778383194705,e68ce4718afd82fb36762b852c23b4b89e0d4cfa4dedbe31c1bde85d1c6a9f44
new_p3_training,True,tuned,UA,7,R3,3cfd389bbd05ec9201a41c0892e29bf8199198d1b216b9a8061370d4240aa583,bd1488a2d411295d7a2118c50ddcc0b158786123613af1676062e2270d1637d1,9cb89005693b1b70c102178849b740fde00b50c9ba5f3b5530d0e5749ea59837,eca954c21da074c545cb7858315ea39fee0a6f54b19e06474b4f2f91f1666847,c40aaf80f5be3be16016d797963cb563e35b93083df451f9827f99cfadc3c898,6031dc4ee08b61c58b35b1efd7d764739d5c7c54dc7cbe9e9a72a1e4a7098596,e2212c40566e21c680a98186ebd8e984aa80d4fd,4d4ad03b827958468b1a231e360c7ad1aa68035c25af068059838ceae6dfa6d6,1c2a0b828a698273b3c8b45532398e4bfe29534a6c2e0bef6cf2c84f8baa5f93,R3_UA_7_selected,c2c650cc7db4b5356eb4c2ba25eaf9860387a614992303a321be65940bb34284,validation,P2,2017-03-15,891,833.6906785336596,6cb513d59785198c3bc4bfb0d390fb22fd3ff7364de0aad1c17cd427a01eb955
new_p3_training,True,tuned,UA,7,R3,3cfd389bbd05ec9201a41c0892e29bf8199198d1b216b9a8061370d4240aa583,bd1488a2d411295d7a2118c50ddcc0b158786123613af1676062e2270d1637d1,9cb89005693b1b70c102178849b740fde00b50c9ba5f3b5530d0e5749ea59837,eca954c21da074c545cb7858315ea39fee0a6f54b19e06474b4f2f91f1666847,c40aaf80f5be3be16016d797963cb563e35b93083df451f9827f99cfadc3c898,6031dc4ee08b61c58b35b1efd7d764739d5c7c54dc7cbe9e9a72a1e4a7098596,e2212c40566e21c680a98186ebd8e984aa80d4fd,4d4ad03b827958468b1a231e360c7ad1aa68035c25af068059838ceae6dfa6d6,1c2a0b828a698273b3c8b45532398e4bfe29534a6c2e0bef6cf2c84f8baa5f93,R3_UA_7_selected,c2c650cc7db4b5356eb4c2ba25eaf9860387a614992303a321be65940bb34284,validation,P2,2017-03-16,891,846.3124648131452,96d6f7907a7c16fb72f7929cabb8c83ae6e6d4b923c47427dc166476ecf8e887
new_p3_training,True,tuned,UA,7,R3,3cfd389bbd05ec9201a41c0892e29bf8199198d1b216b9a8061370d4240aa583,bd1488a2d411295d7a2118c50ddcc0b158786123613af1676062e2270d1637d1,9cb89005693b1b70c102178849b740fde00b50c9ba5f3b5530d0e5749ea59837,eca954c21da074c545cb7858315ea39fee0a6f54b19e06474b4f2f91f1666847,c40aaf80f5be3be16016d797963cb563e35b93083df451f9827f99cfadc3c898,6031dc4ee08b61c58b35b1efd7d764739d5c7c54dc7cbe9e9a72a1e4a7098596,e2212c40566e21c680a98186ebd8e984aa80d4fd,4d4ad03b827958468b1a231e360c7ad1aa68035c25af068059838ceae6dfa6d6,1c2a0b828a698273b3c8b45532398e4bfe29534a6c2e0bef6cf2c84f8baa5f93,R3_UA_7_selected,c2c650cc7db4b5356eb4c2ba25eaf9860387a614992303a321be65940bb34284,validation,P2,2017-03-17,891,847.626716219841,1d44d0cc2795579bfcdae78aae942a3e27abf6e502f8a99f8b1a609fbbad902d
new_p3_training,True,tuned,UA,7,R3,3cfd389bbd05ec9201a41c0892e29bf8199198d1b216b9a8061370d4240aa583,bd1488a2d411295d7a2118c50ddcc0b158786123613af1676062e2270d1637d1,9cb89005693b1b70c102178849b740fde00b50c9ba5f3b5530d0e5749ea59837,eca954c21da074c545cb7858315ea39fee0a6f54b19e06474b4f2f91f1666847,c40aaf80f5be3be16016d797963cb563e35b93083df451f9827f99cfadc3c898,6031dc4ee08b61c58b35b1efd7d764739d5c7c54dc7cbe9e9a72a1e4a7098596,e2212c40566e21c680a98186ebd8e984aa80d4fd,4d4ad03b827958468b1a231e360c7ad1aa68035c25af068059838ceae6dfa6d6,1c2a0b828a698273b3c8b45532398e4bfe29534a6c2e0bef6cf2c84f8baa5f93,R3_UA_7_selected,c2c650cc7db4b5356eb4c2ba25eaf9860387a614992303a321be65940bb34284,validation,P2,2017-03-20,891,774.1332273978944,01cce93648f30b4534c59177fe7f8a9a94fb6fc396a2167318f37004f43a4177
new_p3_training,True,tuned,UA,7,R3,3cfd389bbd05ec9201a41c0892e29bf8199198d1b216b9a8061370d4240aa583,bd1488a2d411295d7a2118c50ddcc0b158786123613af1676062e2270d1637d1,9cb89005693b1b70c102178849b740fde00b50c9ba5f3b5530d0e5749ea59837,eca954c21da074c545cb7858315ea39fee0a6f54b19e06474b4f2f91f1666847,c40aaf80f5be3be16016d797963cb563e35b93083df451f9827f99cfadc3c898,6031dc4ee08b61c58b35b1efd7d764739d5c7c54dc7cbe9e9a72a1e4a7098596,e2212c40566e21c680a98186ebd8e984aa80d4fd,4d4ad03b827958468b1a231e360c7ad1aa68035c25af068059838ceae6dfa6d6,1c2a0b828a698273b3c8b45532398e4bfe29534a6c2e0bef6cf2c84f8baa5f93,R3_UA_7_selected,c2c650cc7db4b5356eb4c2ba25eaf9860387a614992303a321be65940bb34284,validation,P2,2017-03-21,891,851.7256819214592,c882d931ccb831f410b61e2b6d25df7c09cd373face3a280785bb0403ef7f881
new_p3_training,True,tuned,UA,7,R3,3cfd389bbd05ec9201a41c0892e29bf8199198d1b216b9a8061370d4240aa583,bd1488a2d411295d7a2118c50ddcc0b158786123613af1676062e2270d1637d1,9cb89005693b1b70c102178849b740fde00b50c9ba5f3b5530d0e5749ea59837,eca954c21da074c545cb7858315ea39fee0a6f54b19e06474b4f2f91f1666847,c40aaf80f5be3be16016d797963cb563e35b93083df451f9827f99cfadc3c898,6031dc4ee08b61c58b35b1efd7d764739d5c7c54dc7cbe9e9a72a1e4a7098596,e2212c40566e21c680a98186ebd8e984aa80d4fd,4d4ad03b827958468b1a231e360c7ad1aa68035c25af068059838ceae6dfa6d6,1c2a0b828a698273b3c8b45532398e4bfe29534a6c2e0bef6cf2c84f8baa5f93,R3_UA_7_selected,c2c650cc7db4b5356eb4c2ba25eaf9860387a614992303a321be65940bb34284,validation,P2,2017-03-22,891,833.3770874194964,9bb76c6c36d26f0615b8588633deb8666eea6fc6aed3b17c406c7b6b70033587
new_p3_training,True,tuned,UA,7,R3,3cfd389bbd05ec9201a41c0892e29bf8199198d1b216b9a8061370d4240aa583,bd1488a2d411295d7a2118c50ddcc0b158786123613af1676062e2270d1637d1,9cb89005693b1b70c102178849b740fde00b50c9ba5f3b5530d0e5749ea59837,eca954c21da074c545cb7858315ea39fee0a6f54b19e06474b4f2f91f1666847,c40aaf80f5be3be16016d797963cb563e35b93083df451f9827f99cfadc3c898,6031dc4ee08b61c58b35b1efd7d764739d5c7c54dc7cbe9e9a72a1e4a7098596,e2212c40566e21c680a98186ebd8e984aa80d4fd,4d4ad03b827958468b1a231e360c7ad1aa68035c25af068059838ceae6dfa6d6,1c2a0b828a698273b3c8b45532398e4bfe29534a6c2e0bef6cf2c84f8baa5f93,R3_UA_7_selected,c2c650cc7db4b5356eb4c2ba25eaf9860387a614992303a321be65940bb34284,validation,P2,2017-03-23,891,842.9607227535715,81ff3f7e86acc3cad506b2239a8963618685da180a13307d6f120bcdb903de28
new_p3_training,True,tuned,UA,7,R3,3cfd389bbd05ec9201a41c0892e29bf8199198d1b216b9a8061370d4240aa583,bd1488a2d411295d7a2118c50ddcc0b158786123613af1676062e2270d1637d1,9cb89005693b1b70c102178849b740fde00b50c9ba5f3b5530d0e5749ea59837,eca954c21da074c545cb7858315ea39fee0a6f54b19e06474b4f2f91f1666847,c40aaf80f5be3be16016d797963cb563e35b93083df451f9827f99cfadc3c898,6031dc4ee08b61c58b35b1efd7d764739d5c7c54dc7cbe9e9a72a1e4a7098596,e2212c40566e21c680a98186ebd8e984aa80d4fd,4d4ad03b827958468b1a231e360c7ad1aa68035c25af068059838ceae6dfa6d6,1c2a0b828a698273b3c8b45532398e4bfe29534a6c2e0bef6cf2c84f8baa5f93,R3_UA_7_selected,c2c650cc7db4b5356eb4c2ba25eaf9860387a614992303a321be65940bb34284,validation,P2,2017-03-24,891,875.879062833262,f96b5ac44054f0e081a79b6342248117a165ba88a20a96f059052f9ff53a8f32
new_p3_training,True,tuned,UA,7,R3,3cfd389bbd05ec9201a41c0892e29bf8199198d1b216b9a8061370d4240aa583,bd1488a2d411295d7a2118c50ddcc0b158786123613af1676062e2270d1637d1,9cb89005693b1b70c102178849b740fde00b50c9ba5f3b5530d0e5749ea59837,eca954c21da074c545cb7858315ea39fee0a6f54b19e06474b4f2f91f1666847,c40aaf80f5be3be16016d797963cb563e35b93083df451f9827f99cfadc3c898,6031dc4ee08b61c58b35b1efd7d764739d5c7c54dc7cbe9e9a72a1e4a7098596,e2212c40566e21c680a98186ebd8e984aa80d4fd,4d4ad03b827958468b1a231e360c7ad1aa68035c25af068059838ceae6dfa6d6,1c2a0b828a698273b3c8b45532398e4bfe29534a6c2e0bef6cf2c84f8baa5f93,R3_UA_7_selected,c2c650cc7db4b5356eb4c2ba25eaf9860387a614992303a321be65940bb34284,validation,P2,2017-03-27,891,863.8386587324883,a04ddb74982b25ceffdd7e65e2683a5c88169a4bbd1103b9dcbaab8ebc6302f4
new_p3_training,True,tuned,UA,7,R3,3cfd389bbd05ec9201a41c0892e29bf8199198d1b216b9a8061370d4240aa583,bd1488a2d411295d7a2118c50ddcc0b158786123613af1676062e2270d1637d1,9cb89005693b1b70c102178849b740fde00b50c9ba5f3b5530d0e5749ea59837,eca954c21da074c545cb7858315ea39fee0a6f54b19e06474b4f2f91f1666847,c40aaf80f5be3be16016d797963cb563e35b93083df451f9827f99cfadc3c898,6031dc4ee08b61c58b35b1efd7d764739d5c7c54dc7cbe9e9a72a1e4a7098596,e2212c40566e21c680a98186ebd8e984aa80d4fd,4d4ad03b827958468b1a231e360c7ad1aa68035c25af068059838ceae6dfa6d6,1c2a0b828a698273b3c8b45532398e4bfe29534a6c2e0bef6cf2c84f8baa5f93,R3_UA_7_selected,c2c650cc7db4b5356eb4c2ba25eaf9860387a614992303a321be65940bb34284,validation,P2,2017-03-28,891,781.8924450453904,be4adfc79304f29b59827e7dd87ccb422588a0799a159a14a6ef28f4cc96008e
new_p3_training,True,tuned,UA,7,R3,3cfd389bbd05ec9201a41c0892e29bf8199198d1b216b9a8061370d4240aa583,bd1488a2d411295d7a2118c50ddcc0b158786123613af1676062e2270d1637d1,9cb89005693b1b70c102178849b740fde00b50c9ba5f3b5530d0e5749ea59837,eca954c21da074c545cb7858315ea39fee0a6f54b19e06474b4f2f91f1666847,c40aaf80f5be3be16016d797963cb563e35b93083df451f9827f99cfadc3c898,6031dc4ee08b61c58b35b1efd7d764739d5c7c54dc7cbe9e9a72a1e4a7098596,e2212c40566e21c680a98186ebd8e984aa80d4fd,4d4ad03b827958468b1a231e360c7ad1aa68035c25af068059838ceae6dfa6d6,1c2a0b828a698273b3c8b45532398e4bfe29534a6c2e0bef6cf2c84f8baa5f93,R3_UA_7_selected,c2c650cc7db4b5356eb4c2ba25eaf9860387a614992303a321be65940bb34284,validation,P2,2017-03-29,891,823.0812686144385,671455caf5a511e12ab23fcf90e78347270936da1f838c4ce0f84c248786625a
new_p3_training,True,tuned,UA,7,R3,3cfd389bbd05ec9201a41c0892e29bf8199198d1b216b9a8061370d4240aa583,bd1488a2d411295d7a2118c50ddcc0b158786123613af1676062e2270d1637d1,9cb89005693b1b70c102178849b740fde00b50c9ba5f3b5530d0e5749ea59837,eca954c21da074c545cb7858315ea39fee0a6f54b19e06474b4f2f91f1666847,c40aaf80f5be3be16016d797963cb563e35b93083df451f9827f99cfadc3c898,6031dc4ee08b61c58b35b1efd7d764739d5c7c54dc7cbe9e9a72a1e4a7098596,e2212c40566e21c680a98186ebd8e984aa80d4fd,4d4ad03b827958468b1a231e360c7ad1aa68035c25af068059838ceae6dfa6d6,1c2a0b828a698273b3c8b45532398e4bfe29534a6c2e0bef6cf2c84f8baa5f93,R3_UA_7_selected,c2c650cc7db4b5356eb4c2ba25eaf9860387a614992303a321be65940bb34284,validation,P2,2017-03-30,891,783.6106812904618,20ca2249d00e91c0d046ad461bb34ce5c8558359023ef8286bbe6986a80e2ece
new_p3_training,True,tuned,UA,7,R3,3cfd389bbd05ec9201a41c0892e29bf8199198d1b216b9a8061370d4240aa583,bd1488a2d411295d7a2118c50ddcc0b158786123613af1676062e2270d1637d1,9cb89005693b1b70c102178849b740fde00b50c9ba5f3b5530d0e5749ea59837,eca954c21da074c545cb7858315ea39fee0a6f54b19e06474b4f2f91f1666847,c40aaf80f5be3be16016d797963cb563e35b93083df451f9827f99cfadc3c898,6031dc4ee08b61c58b35b1efd7d764739d5c7c54dc7cbe9e9a72a1e4a7098596,e2212c40566e21c680a98186ebd8e984aa80d4fd,4d4ad03b827958468b1a231e360c7ad1aa68035c25af068059838ceae6dfa6d6,1c2a0b828a698273b3c8b45532398e4bfe29534a6c2e0bef6cf2c84f8baa5f93,R3_UA_7_selected,c2c650cc7db4b5356eb4c2ba25eaf9860387a614992303a321be65940bb34284,validation,P2,2017-03-31,891,804.6392554240579,8e91998a113315efeb7df655c8e1abd43f7c5185f8a57ade03d7077b701b5b2f
new_p3_training,True,tuned,UA,7,R3,3cfd389bbd05ec9201a41c0892e29bf8199198d1b216b9a8061370d4240aa583,bd1488a2d411295d7a2118c50ddcc0b158786123613af1676062e2270d1637d1,9cb89005693b1b70c102178849b740fde00b50c9ba5f3b5530d0e5749ea59837,eca954c21da074c545cb7858315ea39fee0a6f54b19e06474b4f2f91f1666847,c40aaf80f5be3be16016d797963cb563e35b93083df451f9827f99cfadc3c898,6031dc4ee08b61c58b35b1efd7d764739d5c7c54dc7cbe9e9a72a1e4a7098596,e2212c40566e21c680a98186ebd8e984aa80d4fd,4d4ad03b827958468b1a231e360c7ad1aa68035c25af068059838ceae6dfa6d6,1c2a0b828a698273b3c8b45532398e4bfe29534a6c2e0bef6cf2c84f8baa5f93,R3_UA_7_selected,c2c650cc7db4b5356eb4c2ba25eaf9860387a614992303a321be65940bb34284,validation,P2,2017-04-03,891,835.7724280571854,6ab64a2f84b67020da22fd85f0de92037310da8bc9a18e4fa858c0a884fbc684
new_p3_training,True,tuned,UA,7,R3,3cfd389bbd05ec9201a41c0892e29bf8199198d1b216b9a8061370d4240aa583,bd1488a2d411295d7a2118c50ddcc0b158786123613af1676062e2270d1637d1,9cb89005693b1b70c102178849b740fde00b50c9ba5f3b5530d0e5749ea59837,eca954c21da074c545cb7858315ea39fee0a6f54b19e06474b4f2f91f1666847,c40aaf80f5be3be16016d797963cb563e35b93083df451f9827f99cfadc3c898,6031dc4ee08b61c58b35b1efd7d764739d5c7c54dc7cbe9e9a72a1e4a7098596,e2212c40566e21c680a98186ebd8e984aa80d4fd,4d4ad03b827958468b1a231e360c7ad1aa68035c25af068059838ceae6dfa6d6,1c2a0b828a698273b3c8b45532398e4bfe29534a6c2e0bef6cf2c84f8baa5f93,R3_UA_7_selected,c2c650cc7db4b5356eb4c2ba25eaf9860387a614992303a321be65940bb34284,validation,P2,2017-04-04,891,819.3101338735697,30283b61f7f9d1232eb25cb6e4ea139dfe5c4e981c1c9145466fecd8bcabdab2
new_p3_training,True,tuned,UA,7,R3,3cfd389bbd05ec9201a41c0892e29bf8199198d1b216b9a8061370d4240aa583,bd1488a2d411295d7a2118c50ddcc0b158786123613af1676062e2270d1637d1,9cb89005693b1b70c102178849b740fde00b50c9ba5f3b5530d0e5749ea59837,eca954c21da074c545cb7858315ea39fee0a6f54b19e06474b4f2f91f1666847,c40aaf80f5be3be16016d797963cb563e35b93083df451f9827f99cfadc3c898,6031dc4ee08b61c58b35b1efd7d764739d5c7c54dc7cbe9e9a72a1e4a7098596,e2212c40566e21c680a98186ebd8e984aa80d4fd,4d4ad03b827958468b1a231e360c7ad1aa68035c25af068059838ceae6dfa6d6,1c2a0b828a698273b3c8b45532398e4bfe29534a6c2e0bef6cf2c84f8baa5f93,R3_UA_7_selected,c2c650cc7db4b5356eb4c2ba25eaf9860387a614992303a321be65940bb34284,validation,P2,2017-04-05,891,881.190320467692,862e3420ddcc3fd1d8c92c6b52cace9e09ae2fe3d773db399674194f2665da9f
new_p3_training,True,tuned,UA,7,R3,3cfd389bbd05ec9201a41c0892e29bf8199198d1b216b9a8061370d4240aa583,bd1488a2d411295d7a2118c50ddcc0b158786123613af1676062e2270d1637d1,9cb89005693b1b70c102178849b740fde00b50c9ba5f3b5530d0e5749ea59837,eca954c21da074c545cb7858315ea39fee0a6f54b19e06474b4f2f91f1666847,c40aaf80f5be3be16016d797963cb563e35b93083df451f9827f99cfadc3c898,6031dc4ee08b61c58b35b1efd7d764739d5c7c54dc7cbe9e9a72a1e4a7098596,e2212c40566e21c680a98186ebd8e984aa80d4fd,4d4ad03b827958468b1a231e360c7ad1aa68035c25af068059838ceae6dfa6d6,1c2a0b828a698273b3c8b45532398e4bfe29534a6c2e0bef6cf2c84f8baa5f93,R3_UA_7_selected,c2c650cc7db4b5356eb4c2ba25eaf9860387a614992303a321be65940bb34284,validation,P2,2017-04-06,891,776.9617655128235,07fb49dbec8fe486fc16cb96917fc61b48c47c912c4945cc59ea2f8ccb7e97e1
new_p3_training,True,tuned,UA,7,R3,3cfd389bbd05ec9201a41c0892e29bf8199198d1b216b9a8061370d4240aa583,bd1488a2d411295d7a2118c50ddcc0b158786123613af1676062e2270d1637d1,9cb89005693b1b70c102178849b740fde00b50c9ba5f3b5530d0e5749ea59837,eca954c21da074c545cb7858315ea39fee0a6f54b19e06474b4f2f91f1666847,c40aaf80f5be3be16016d797963cb563e35b93083df451f9827f99cfadc3c898,6031dc4ee08b61c58b35b1efd7d764739d5c7c54dc7cbe9e9a72a1e4a7098596,e2212c40566e21c680a98186ebd8e984aa80d4fd,4d4ad03b827958468b1a231e360c7ad1aa68035c25af068059838ceae6dfa6d6,1c2a0b828a698273b3c8b45532398e4bfe29534a6c2e0bef6cf2c84f8baa5f93,R3_UA_7_selected,c2c650cc7db4b5356eb4c2ba25eaf9860387a614992303a321be65940bb34284,validation,P2,2017-04-07,891,805.330049658631,f57742b500621eacdb54b7f782c5034f319984c0294acb1d6a239fafd6d376ca
new_p3_training,True,tuned,UA,7,R3,3cfd389bbd05ec9201a41c0892e29bf8199198d1b216b9a8061370d4240aa583,bd1488a2d411295d7a2118c50ddcc0b158786123613af1676062e2270d1637d1,9cb89005693b1b70c102178849b740fde00b50c9ba5f3b5530d0e5749ea59837,eca954c21da074c545cb7858315ea39fee0a6f54b19e06474b4f2f91f1666847,c40aaf80f5be3be16016d797963cb563e35b93083df451f9827f99cfadc3c898,6031dc4ee08b61c58b35b1efd7d764739d5c7c54dc7cbe9e9a72a1e4a7098596,e2212c40566e21c680a98186ebd8e984aa80d4fd,4d4ad03b827958468b1a231e360c7ad1aa68035c25af068059838ceae6dfa6d6,1c2a0b828a698273b3c8b45532398e4bfe29534a6c2e0bef6cf2c84f8baa5f93,R3_UA_7_selected,c2c650cc7db4b5356eb4c2ba25eaf9860387a614992303a321be65940bb34284,validation,P2,2017-04-10,891,833.0222782987826,375437109b44ed31c79f6a3c80a065936c9174c61388c9298f3f647c38604675
new_p3_training,True,tuned,UA,7,R3,3cfd389bbd05ec9201a41c0892e29bf8199198d1b216b9a8061370d4240aa583,bd1488a2d411295d7a2118c50ddcc0b158786123613af1676062e2270d1637d1,9cb89005693b1b70c102178849b740fde00b50c9ba5f3b5530d0e5749ea59837,eca954c21da074c545cb7858315ea39fee0a6f54b19e06474b4f2f91f1666847,c40aaf80f5be3be16016d797963cb563e35b93083df451f9827f99cfadc3c898,6031dc4ee08b61c58b35b1efd7d764739d5c7c54dc7cbe9e9a72a1e4a7098596,e2212c40566e21c680a98186ebd8e984aa80d4fd,4d4ad03b827958468b1a231e360c7ad1aa68035c25af068059838ceae6dfa6d6,1c2a0b828a698273b3c8b45532398e4bfe29534a6c2e0bef6cf2c84f8baa5f93,R3_UA_7_selected,c2c650cc7db4b5356eb4c2ba25eaf9860387a614992303a321be65940bb34284,validation,P2,2017-04-11,891,800.0490198343764,58beb59d14ec534d2a7caaf1149261196ef05c82eccb03db5f84ab09eeef519d
new_p3_training,True,tuned,UA,7,R3,3cfd389bbd05ec9201a41c0892e29bf8199198d1b216b9a8061370d4240aa583,bd1488a2d411295d7a2118c50ddcc0b158786123613af1676062e2270d1637d1,9cb89005693b1b70c102178849b740fde00b50c9ba5f3b5530d0e5749ea59837,eca954c21da074c545cb7858315ea39fee0a6f54b19e06474b4f2f91f1666847,c40aaf80f5be3be16016d797963cb563e35b93083df451f9827f99cfadc3c898,6031dc4ee08b61c58b35b1efd7d764739d5c7c54dc7cbe9e9a72a1e4a7098596,e2212c40566e21c680a98186ebd8e984aa80d4fd,4d4ad03b827958468b1a231e360c7ad1aa68035c25af068059838ceae6dfa6d6,1c2a0b828a698273b3c8b45532398e4bfe29534a6c2e0bef6cf2c84f8baa5f93,R3_UA_7_selected,c2c650cc7db4b5356eb4c2ba25eaf9860387a614992303a321be65940bb34284,validation,P2,2017-04-12,891,755.0916771872377,94d126e92dc8212742577fea88efede512b72d3a96fb32053cdf2023a535c2f2
new_p3_training,True,tuned,UA,7,R3,3cfd389bbd05ec9201a41c0892e29bf8199198d1b216b9a8061370d4240aa583,bd1488a2d411295d7a2118c50ddcc0b158786123613af1676062e2270d1637d1,9cb89005693b1b70c102178849b740fde00b50c9ba5f3b5530d0e5749ea59837,eca954c21da074c545cb7858315ea39fee0a6f54b19e06474b4f2f91f1666847,c40aaf80f5be3be16016d797963cb563e35b93083df451f9827f99cfadc3c898,6031dc4ee08b61c58b35b1efd7d764739d5c7c54dc7cbe9e9a72a1e4a7098596,e2212c40566e21c680a98186ebd8e984aa80d4fd,4d4ad03b827958468b1a231e360c7ad1aa68035c25af068059838ceae6dfa6d6,1c2a0b828a698273b3c8b45532398e4bfe29534a6c2e0bef6cf2c84f8baa5f93,R3_UA_7_selected,c2c650cc7db4b5356eb4c2ba25eaf9860387a614992303a321be65940bb34284,validation,P2,2017-04-13,891,834.3363781153998,6022731a904493dcf668c3b24d350ac40f75dd54527b2ad5cc0a9f375393a18a
new_p3_training,True,tuned,UA,7,R3,3cfd389bbd05ec9201a41c0892e29bf8199198d1b216b9a8061370d4240aa583,bd1488a2d411295d7a2118c50ddcc0b158786123613af1676062e2270d1637d1,9cb89005693b1b70c102178849b740fde00b50c9ba5f3b5530d0e5749ea59837,eca954c21da074c545cb7858315ea39fee0a6f54b19e06474b4f2f91f1666847,c40aaf80f5be3be16016d797963cb563e35b93083df451f9827f99cfadc3c898,6031dc4ee08b61c58b35b1efd7d764739d5c7c54dc7cbe9e9a72a1e4a7098596,e2212c40566e21c680a98186ebd8e984aa80d4fd,4d4ad03b827958468b1a231e360c7ad1aa68035c25af068059838ceae6dfa6d6,1c2a0b828a698273b3c8b45532398e4bfe29534a6c2e0bef6cf2c84f8baa5f93,R3_UA_7_selected,c2c650cc7db4b5356eb4c2ba25eaf9860387a614992303a321be65940bb34284,validation,P2,2017-04-14,891,842.611035424845,d6edf5bf22ce3d25855d63b6e15cdc0164b2c1741da20244792fba782a5ab418
new_p3_training,True,tuned,UA,7,R3,3cfd389bbd05ec9201a41c0892e29bf8199198d1b216b9a8061370d4240aa583,bd1488a2d411295d7a2118c50ddcc0b158786123613af1676062e2270d1637d1,9cb89005693b1b70c102178849b740fde00b50c9ba5f3b5530d0e5749ea59837,eca954c21da074c545cb7858315ea39fee0a6f54b19e06474b4f2f91f1666847,c40aaf80f5be3be16016d797963cb563e35b93083df451f9827f99cfadc3c898,6031dc4ee08b61c58b35b1efd7d764739d5c7c54dc7cbe9e9a72a1e4a7098596,e2212c40566e21c680a98186ebd8e984aa80d4fd,4d4ad03b827958468b1a231e360c7ad1aa68035c25af068059838ceae6dfa6d6,1c2a0b828a698273b3c8b45532398e4bfe29534a6c2e0bef6cf2c84f8baa5f93,R3_UA_7_selected,c2c650cc7db4b5356eb4c2ba25eaf9860387a614992303a321be65940bb34284,validation,P2,2017-04-17,891,770.9762050034456,25b2a8d6358d548a665f240282d62ff2e9e382992f222af715b4339c4cbbef30
new_p3_training,True,tuned,UA,7,R3,3cfd389bbd05ec9201a41c0892e29bf8199198d1b216b9a8061370d4240aa583,bd1488a2d411295d7a2118c50ddcc0b158786123613af1676062e2270d1637d1,9cb89005693b1b70c102178849b740fde00b50c9ba5f3b5530d0e5749ea59837,eca954c21da074c545cb7858315ea39fee0a6f54b19e06474b4f2f91f1666847,c40aaf80f5be3be16016d797963cb563e35b93083df451f9827f99cfadc3c898,6031dc4ee08b61c58b35b1efd7d764739d5c7c54dc7cbe9e9a72a1e4a7098596,e2212c40566e21c680a98186ebd8e984aa80d4fd,4d4ad03b827958468b1a231e360c7ad1aa68035c25af068059838ceae6dfa6d6,1c2a0b828a698273b3c8b45532398e4bfe29534a6c2e0bef6cf2c84f8baa5f93,R3_UA_7_selected,c2c650cc7db4b5356eb4c2ba25eaf9860387a614992303a321be65940bb34284,validation,P2,2017-04-18,891,762.8705289521373,9697443ee8368a4a1c9cdea89caa90c7b1b64cd0c691738ebea328d7e0d5e617
new_p3_training,True,tuned,UA,7,R3,3cfd389bbd05ec9201a41c0892e29bf8199198d1b216b9a8061370d4240aa583,bd1488a2d411295d7a2118c50ddcc0b158786123613af1676062e2270d1637d1,9cb89005693b1b70c102178849b740fde00b50c9ba5f3b5530d0e5749ea59837,eca954c21da074c545cb7858315ea39fee0a6f54b19e06474b4f2f91f1666847,c40aaf80f5be3be16016d797963cb563e35b93083df451f9827f99cfadc3c898,6031dc4ee08b61c58b35b1efd7d764739d5c7c54dc7cbe9e9a72a1e4a7098596,e2212c40566e21c680a98186ebd8e984aa80d4fd,4d4ad03b827958468b1a231e360c7ad1aa68035c25af068059838ceae6dfa6d6,1c2a0b828a698273b3c8b45532398e4bfe29534a6c2e0bef6cf2c84f8baa5f93,R3_UA_7_selected,c2c650cc7db4b5356eb4c2ba25eaf9860387a614992303a321be65940bb34284,validation,P2,2017-04-19,891,802.1928272175026,2c14007fb3085166d95f401180e9672fa15f8ce62e55c944f22320abcf103c86
new_p3_training,True,tuned,UA,7,R3,3cfd389bbd05ec9201a41c0892e29bf8199198d1b216b9a8061370d4240aa583,bd1488a2d411295d7a2118c50ddcc0b158786123613af1676062e2270d1637d1,9cb89005693b1b70c102178849b740fde00b50c9ba5f3b5530d0e5749ea59837,eca954c21da074c545cb7858315ea39fee0a6f54b19e06474b4f2f91f1666847,c40aaf80f5be3be16016d797963cb563e35b93083df451f9827f99cfadc3c898,6031dc4ee08b61c58b35b1efd7d764739d5c7c54dc7cbe9e9a72a1e4a7098596,e2212c40566e21c680a98186ebd8e984aa80d4fd,4d4ad03b827958468b1a231e360c7ad1aa68035c25af068059838ceae6dfa6d6,1c2a0b828a698273b3c8b45532398e4bfe29534a6c2e0bef6cf2c84f8baa5f93,R3_UA_7_selected,c2c650cc7db4b5356eb4c2ba25eaf9860387a614992303a321be65940bb34284,validation,P2,2017-04-20,891,812.0002857369052,fc5d95c5877da0ded739108b4545188e7d9fbec42ceb68fd2fb91d0186942739
new_p3_training,True,tuned,UA,7,R3,3cfd389bbd05ec9201a41c0892e29bf8199198d1b216b9a8061370d4240aa583,bd1488a2d411295d7a2118c50ddcc0b158786123613af1676062e2270d1637d1,9cb89005693b1b70c102178849b740fde00b50c9ba5f3b5530d0e5749ea59837,eca954c21da074c545cb7858315ea39fee0a6f54b19e06474b4f2f91f1666847,c40aaf80f5be3be16016d797963cb563e35b93083df451f9827f99cfadc3c898,6031dc4ee08b61c58b35b1efd7d764739d5c7c54dc7cbe9e9a72a1e4a7098596,e2212c40566e21c680a98186ebd8e984aa80d4fd,4d4ad03b827958468b1a231e360c7ad1aa68035c25af068059838ceae6dfa6d6,1c2a0b828a698273b3c8b45532398e4bfe29534a6c2e0bef6cf2c84f8baa5f93,R3_UA_7_selected,c2c650cc7db4b5356eb4c2ba25eaf9860387a614992303a321be65940bb34284,validation,P2,2017-04-21,891,758.9551989840252,ac2e18ad675adf16ae8168562d2b2a05265753e271b1ddc8803e2f77ee109f0d
new_p3_training,True,tuned,UA,7,R3,3cfd389bbd05ec9201a41c0892e29bf8199198d1b216b9a8061370d4240aa583,bd1488a2d411295d7a2118c50ddcc0b158786123613af1676062e2270d1637d1,9cb89005693b1b70c102178849b740fde00b50c9ba5f3b5530d0e5749ea59837,eca954c21da074c545cb7858315ea39fee0a6f54b19e06474b4f2f91f1666847,c40aaf80f5be3be16016d797963cb563e35b93083df451f9827f99cfadc3c898,6031dc4ee08b61c58b35b1efd7d764739d5c7c54dc7cbe9e9a72a1e4a7098596,e2212c40566e21c680a98186ebd8e984aa80d4fd,4d4ad03b827958468b1a231e360c7ad1aa68035c25af068059838ceae6dfa6d6,1c2a0b828a698273b3c8b45532398e4bfe29534a6c2e0bef6cf2c84f8baa5f93,R3_UA_7_selected,c2c650cc7db4b5356eb4c2ba25eaf9860387a614992303a321be65940bb34284,validation,P2,2017-04-24,891,801.6466997570334,d7950b0a364d2ee953b1153a14a7aec16799edddf5ff437c95eecd9873115d67
new_p3_training,True,tuned,UA,7,R3,3cfd389bbd05ec9201a41c0892e29bf8199198d1b216b9a8061370d4240aa583,bd1488a2d411295d7a2118c50ddcc0b158786123613af1676062e2270d1637d1,9cb89005693b1b70c102178849b740fde00b50c9ba5f3b5530d0e5749ea59837,eca954c21da074c545cb7858315ea39fee0a6f54b19e06474b4f2f91f1666847,c40aaf80f5be3be16016d797963cb563e35b93083df451f9827f99cfadc3c898,6031dc4ee08b61c58b35b1efd7d764739d5c7c54dc7cbe9e9a72a1e4a7098596,e2212c40566e21c680a98186ebd8e984aa80d4fd,4d4ad03b827958468b1a231e360c7ad1aa68035c25af068059838ceae6dfa6d6,1c2a0b828a698273b3c8b45532398e4bfe29534a6c2e0bef6cf2c84f8baa5f93,R3_UA_7_selected,c2c650cc7db4b5356eb4c2ba25eaf9860387a614992303a321be65940bb34284,validation,P2,2017-04-25,891,789.6948099020977,00406a29f5b8c4e527f36e6af3a498044999ff3eab250009b27ad9e5a1a5d24f
new_p3_training,True,tuned,UA,7,R3,3cfd389bbd05ec9201a41c0892e29bf8199198d1b216b9a8061370d4240aa583,bd1488a2d411295d7a2118c50ddcc0b158786123613af1676062e2270d1637d1,9cb89005693b1b70c102178849b740fde00b50c9ba5f3b5530d0e5749ea59837,eca954c21da074c545cb7858315ea39fee0a6f54b19e06474b4f2f91f1666847,c40aaf80f5be3be16016d797963cb563e35b93083df451f9827f99cfadc3c898,6031dc4ee08b61c58b35b1efd7d764739d5c7c54dc7cbe9e9a72a1e4a7098596,e2212c40566e21c680a98186ebd8e984aa80d4fd,4d4ad03b827958468b1a231e360c7ad1aa68035c25af068059838ceae6dfa6d6,1c2a0b828a698273b3c8b45532398e4bfe29534a6c2e0bef6cf2c84f8baa5f93,R3_UA_7_selected,c2c650cc7db4b5356eb4c2ba25eaf9860387a614992303a321be65940bb34284,validation,P2,2017-04-26,891,773.526735917869,9e05791673a5178d36510ee9beea00cb33198b7a0f0316684379ea3bda24e078
new_p3_training,True,tuned,UA,7,R3,3cfd389bbd05ec9201a41c0892e29bf8199198d1b216b9a8061370d4240aa583,bd1488a2d411295d7a2118c50ddcc0b158786123613af1676062e2270d1637d1,9cb89005693b1b70c102178849b740fde00b50c9ba5f3b5530d0e5749ea59837,eca954c21da074c545cb7858315ea39fee0a6f54b19e06474b4f2f91f1666847,c40aaf80f5be3be16016d797963cb563e35b93083df451f9827f99cfadc3c898,6031dc4ee08b61c58b35b1efd7d764739d5c7c54dc7cbe9e9a72a1e4a7098596,e2212c40566e21c680a98186ebd8e984aa80d4fd,4d4ad03b827958468b1a231e360c7ad1aa68035c25af068059838ceae6dfa6d6,1c2a0b828a698273b3c8b45532398e4bfe29534a6c2e0bef6cf2c84f8baa5f93,R3_UA_7_selected,c2c650cc7db4b5356eb4c2ba25eaf9860387a614992303a321be65940bb34284,validation,P2,2017-04-27,891,781.8387404493262,19baf42a9507a50e14b4e9edfc41b921852885e5b2b5fda6b4b3717f0bbb43aa
new_p3_training,True,tuned,UA,7,R3,3cfd389bbd05ec9201a41c0892e29bf8199198d1b216b9a8061370d4240aa583,bd1488a2d411295d7a2118c50ddcc0b158786123613af1676062e2270d1637d1,9cb89005693b1b70c102178849b740fde00b50c9ba5f3b5530d0e5749ea59837,eca954c21da074c545cb7858315ea39fee0a6f54b19e06474b4f2f91f1666847,c40aaf80f5be3be16016d797963cb563e35b93083df451f9827f99cfadc3c898,6031dc4ee08b61c58b35b1efd7d764739d5c7c54dc7cbe9e9a72a1e4a7098596,e2212c40566e21c680a98186ebd8e984aa80d4fd,4d4ad03b827958468b1a231e360c7ad1aa68035c25af068059838ceae6dfa6d6,1c2a0b828a698273b3c8b45532398e4bfe29534a6c2e0bef6cf2c84f8baa5f93,R3_UA_7_selected,c2c650cc7db4b5356eb4c2ba25eaf9860387a614992303a321be65940bb34284,validation,P2,2017-04-28,891,775.0381066885773,9401a36547a552c4f7638bd9ad8e144569ed424a242803b6905e78f014257383
new_p3_training,True,tuned,UA,7,R3,3cfd389bbd05ec9201a41c0892e29bf8199198d1b216b9a8061370d4240aa583,bd1488a2d411295d7a2118c50ddcc0b158786123613af1676062e2270d1637d1,9cb89005693b1b70c102178849b740fde00b50c9ba5f3b5530d0e5749ea59837,eca954c21da074c545cb7858315ea39fee0a6f54b19e06474b4f2f91f1666847,c40aaf80f5be3be16016d797963cb563e35b93083df451f9827f99cfadc3c898,6031dc4ee08b61c58b35b1efd7d764739d5c7c54dc7cbe9e9a72a1e4a7098596,e2212c40566e21c680a98186ebd8e984aa80d4fd,4d4ad03b827958468b1a231e360c7ad1aa68035c25af068059838ceae6dfa6d6,1c2a0b828a698273b3c8b45532398e4bfe29534a6c2e0bef6cf2c84f8baa5f93,R3_UA_7_selected,c2c650cc7db4b5356eb4c2ba25eaf9860387a614992303a321be65940bb34284,validation,P2,2017-05-02,891,769.9651300848736,30fd7310a6f72a8e570aa91d3a7e657c753ad23e46c04f31eb8f6f442b0461dd
new_p3_training,True,tuned,UA,7,R3,3cfd389bbd05ec9201a41c0892e29bf8199198d1b216b9a8061370d4240aa583,bd1488a2d411295d7a2118c50ddcc0b158786123613af1676062e2270d1637d1,9cb89005693b1b70c102178849b740fde00b50c9ba5f3b5530d0e5749ea59837,eca954c21da074c545cb7858315ea39fee0a6f54b19e06474b4f2f91f1666847,c40aaf80f5be3be16016d797963cb563e35b93083df451f9827f99cfadc3c898,6031dc4ee08b61c58b35b1efd7d764739d5c7c54dc7cbe9e9a72a1e4a7098596,e2212c40566e21c680a98186ebd8e984aa80d4fd,4d4ad03b827958468b1a231e360c7ad1aa68035c25af068059838ceae6dfa6d6,1c2a0b828a698273b3c8b45532398e4bfe29534a6c2e0bef6cf2c84f8baa5f93,R3_UA_7_selected,c2c650cc7db4b5356eb4c2ba25eaf9860387a614992303a321be65940bb34284,validation,P2,2017-05-04,891,728.5473164644461,a32803e16cd9f9ab8f00aa85a4d5b8e017a599b6109fa8285ab6a376b74e7973
new_p3_training,True,tuned,UA,7,R3,3cfd389bbd05ec9201a41c0892e29bf8199198d1b216b9a8061370d4240aa583,bd1488a2d411295d7a2118c50ddcc0b158786123613af1676062e2270d1637d1,9cb89005693b1b70c102178849b740fde00b50c9ba5f3b5530d0e5749ea59837,eca954c21da074c545cb7858315ea39fee0a6f54b19e06474b4f2f91f1666847,c40aaf80f5be3be16016d797963cb563e35b93083df451f9827f99cfadc3c898,6031dc4ee08b61c58b35b1efd7d764739d5c7c54dc7cbe9e9a72a1e4a7098596,e2212c40566e21c680a98186ebd8e984aa80d4fd,4d4ad03b827958468b1a231e360c7ad1aa68035c25af068059838ceae6dfa6d6,1c2a0b828a698273b3c8b45532398e4bfe29534a6c2e0bef6cf2c84f8baa5f93,R3_UA_7_selected,c2c650cc7db4b5356eb4c2ba25eaf9860387a614992303a321be65940bb34284,validation,P2,2017-05-08,891,778.351559762771,688b4ae3a22a5aab72c499ee473998d4e6ce31cd12ed5e0e313362997d321493
new_p3_training,True,tuned,UA,7,R3,3cfd389bbd05ec9201a41c0892e29bf8199198d1b216b9a8061370d4240aa583,bd1488a2d411295d7a2118c50ddcc0b158786123613af1676062e2270d1637d1,9cb89005693b1b70c102178849b740fde00b50c9ba5f3b5530d0e5749ea59837,eca954c21da074c545cb7858315ea39fee0a6f54b19e06474b4f2f91f1666847,c40aaf80f5be3be16016d797963cb563e35b93083df451f9827f99cfadc3c898,6031dc4ee08b61c58b35b1efd7d764739d5c7c54dc7cbe9e9a72a1e4a7098596,e2212c40566e21c680a98186ebd8e984aa80d4fd,4d4ad03b827958468b1a231e360c7ad1aa68035c25af068059838ceae6dfa6d6,1c2a0b828a698273b3c8b45532398e4bfe29534a6c2e0bef6cf2c84f8baa5f93,R3_UA_7_selected,c2c650cc7db4b5356eb4c2ba25eaf9860387a614992303a321be65940bb34284,validation,P2,2017-05-10,891,909.8694104914368,9f1e337c9490ff6dc8f2695ed00626209b4f8291b91adb955c82ca48ecda0db0
new_p3_training,True,tuned,UA,7,R3,3cfd389bbd05ec9201a41c0892e29bf8199198d1b216b9a8061370d4240aa583,bd1488a2d411295d7a2118c50ddcc0b158786123613af1676062e2270d1637d1,9cb89005693b1b70c102178849b740fde00b50c9ba5f3b5530d0e5749ea59837,eca954c21da074c545cb7858315ea39fee0a6f54b19e06474b4f2f91f1666847,c40aaf80f5be3be16016d797963cb563e35b93083df451f9827f99cfadc3c898,6031dc4ee08b61c58b35b1efd7d764739d5c7c54dc7cbe9e9a72a1e4a7098596,e2212c40566e21c680a98186ebd8e984aa80d4fd,4d4ad03b827958468b1a231e360c7ad1aa68035c25af068059838ceae6dfa6d6,1c2a0b828a698273b3c8b45532398e4bfe29534a6c2e0bef6cf2c84f8baa5f93,R3_UA_7_selected,c2c650cc7db4b5356eb4c2ba25eaf9860387a614992303a321be65940bb34284,validation,P2,2017-05-11,891,871.423405066736,18433ac0a16b67128ab4837e4d43d1c15ff224e4b6568f0cda4dc2f02ed8e796
new_p3_training,True,tuned,UA,7,R3,3cfd389bbd05ec9201a41c0892e29bf8199198d1b216b9a8061370d4240aa583,bd1488a2d411295d7a2118c50ddcc0b158786123613af1676062e2270d1637d1,9cb89005693b1b70c102178849b740fde00b50c9ba5f3b5530d0e5749ea59837,eca954c21da074c545cb7858315ea39fee0a6f54b19e06474b4f2f91f1666847,c40aaf80f5be3be16016d797963cb563e35b93083df451f9827f99cfadc3c898,6031dc4ee08b61c58b35b1efd7d764739d5c7c54dc7cbe9e9a72a1e4a7098596,e2212c40566e21c680a98186ebd8e984aa80d4fd,4d4ad03b827958468b1a231e360c7ad1aa68035c25af068059838ceae6dfa6d6,1c2a0b828a698273b3c8b45532398e4bfe29534a6c2e0bef6cf2c84f8baa5f93,R3_UA_7_selected,c2c650cc7db4b5356eb4c2ba25eaf9860387a614992303a321be65940bb34284,validation,P2,2017-05-12,891,842.8647728968144,a73c8f33324190ba36373e8c138f9863ca6f37b107b87ca798c44a99c7a805de
new_p3_training,True,tuned,UA,7,R3,3cfd389bbd05ec9201a41c0892e29bf8199198d1b216b9a8061370d4240aa583,bd1488a2d411295d7a2118c50ddcc0b158786123613af1676062e2270d1637d1,9cb89005693b1b70c102178849b740fde00b50c9ba5f3b5530d0e5749ea59837,eca954c21da074c545cb7858315ea39fee0a6f54b19e06474b4f2f91f1666847,c40aaf80f5be3be16016d797963cb563e35b93083df451f9827f99cfadc3c898,6031dc4ee08b61c58b35b1efd7d764739d5c7c54dc7cbe9e9a72a1e4a7098596,e2212c40566e21c680a98186ebd8e984aa80d4fd,4d4ad03b827958468b1a231e360c7ad1aa68035c25af068059838ceae6dfa6d6,1c2a0b828a698273b3c8b45532398e4bfe29534a6c2e0bef6cf2c84f8baa5f93,R3_UA_7_selected,c2c650cc7db4b5356eb4c2ba25eaf9860387a614992303a321be65940bb34284,validation,P2,2017-05-15,891,833.9362468271538,f703ac60b6749c3c1f12e8174032530c9229c73246d4bd68bd4aa994d16476c6
new_p3_training,True,tuned,UA,7,R3,3cfd389bbd05ec9201a41c0892e29bf8199198d1b216b9a8061370d4240aa583,bd1488a2d411295d7a2118c50ddcc0b158786123613af1676062e2270d1637d1,9cb89005693b1b70c102178849b740fde00b50c9ba5f3b5530d0e5749ea59837,eca954c21da074c545cb7858315ea39fee0a6f54b19e06474b4f2f91f1666847,c40aaf80f5be3be16016d797963cb563e35b93083df451f9827f99cfadc3c898,6031dc4ee08b61c58b35b1efd7d764739d5c7c54dc7cbe9e9a72a1e4a7098596,e2212c40566e21c680a98186ebd8e984aa80d4fd,4d4ad03b827958468b1a231e360c7ad1aa68035c25af068059838ceae6dfa6d6,1c2a0b828a698273b3c8b45532398e4bfe29534a6c2e0bef6cf2c84f8baa5f93,R3_UA_7_selected,c2c650cc7db4b5356eb4c2ba25eaf9860387a614992303a321be65940bb34284,validation,P3,2017-03-02,891,850.6168146365885,74895839487a4626b79a24047f29fcf80498d3c448ece3c1eb05e9ef2a388903
new_p3_training,True,tuned,UA,7,R3,3cfd389bbd05ec9201a41c0892e29bf8199198d1b216b9a8061370d4240aa583,bd1488a2d411295d7a2118c50ddcc0b158786123613af1676062e2270d1637d1,9cb89005693b1b70c102178849b740fde00b50c9ba5f3b5530d0e5749ea59837,eca954c21da074c545cb7858315ea39fee0a6f54b19e06474b4f2f91f1666847,c40aaf80f5be3be16016d797963cb563e35b93083df451f9827f99cfadc3c898,6031dc4ee08b61c58b35b1efd7d764739d5c7c54dc7cbe9e9a72a1e4a7098596,e2212c40566e21c680a98186ebd8e984aa80d4fd,4d4ad03b827958468b1a231e360c7ad1aa68035c25af068059838ceae6dfa6d6,1c2a0b828a698273b3c8b45532398e4bfe29534a6c2e0bef6cf2c84f8baa5f93,R3_UA_7_selected,c2c650cc7db4b5356eb4c2ba25eaf9860387a614992303a321be65940bb34284,validation,P3,2017-03-03,883,890.7878939768752,fc94745eb597ec868f7827428018b38ab9314de4654ae95fd8e457fdae4a0c49
new_p3_training,True,tuned,UA,7,R3,3cfd389bbd05ec9201a41c0892e29bf8199198d1b216b9a8061370d4240aa583,bd1488a2d411295d7a2118c50ddcc0b158786123613af1676062e2270d1637d1,9cb89005693b1b70c102178849b740fde00b50c9ba5f3b5530d0e5749ea59837,eca954c21da074c545cb7858315ea39fee0a6f54b19e06474b4f2f91f1666847,c40aaf80f5be3be16016d797963cb563e35b93083df451f9827f99cfadc3c898,6031dc4ee08b61c58b35b1efd7d764739d5c7c54dc7cbe9e9a72a1e4a7098596,e2212c40566e21c680a98186ebd8e984aa80d4fd,4d4ad03b827958468b1a231e360c7ad1aa68035c25af068059838ceae6dfa6d6,1c2a0b828a698273b3c8b45532398e4bfe29534a6c2e0bef6cf2c84f8baa5f93,R3_UA_7_selected,c2c650cc7db4b5356eb4c2ba25eaf9860387a614992303a321be65940bb34284,validation,P3,2017-03-06,883,856.6518869186057,bb5d2b3cb5921dd978e88b0e801aed5ef5013f5a51acf8371cde53ac61b33845
new_p3_training,True,tuned,UA,7,R3,3cfd389bbd05ec9201a41c0892e29bf8199198d1b216b9a8061370d4240aa583,bd1488a2d411295d7a2118c50ddcc0b158786123613af1676062e2270d1637d1,9cb89005693b1b70c102178849b740fde00b50c9ba5f3b5530d0e5749ea59837,eca954c21da074c545cb7858315ea39fee0a6f54b19e06474b4f2f91f1666847,c40aaf80f5be3be16016d797963cb563e35b93083df451f9827f99cfadc3c898,6031dc4ee08b61c58b35b1efd7d764739d5c7c54dc7cbe9e9a72a1e4a7098596,e2212c40566e21c680a98186ebd8e984aa80d4fd,4d4ad03b827958468b1a231e360c7ad1aa68035c25af068059838ceae6dfa6d6,1c2a0b828a698273b3c8b45532398e4bfe29534a6c2e0bef6cf2c84f8baa5f93,R3_UA_7_selected,c2c650cc7db4b5356eb4c2ba25eaf9860387a614992303a321be65940bb34284,validation,P3,2017-03-07,884,763.5810653681015,01480adb37d6a4a5997e5f735d234cfbb049a3000286daa2a5791c1044128069
new_p3_training,True,tuned,UA,7,R3,3cfd389bbd05ec9201a41c0892e29bf8199198d1b216b9a8061370d4240aa583,bd1488a2d411295d7a2118c50ddcc0b158786123613af1676062e2270d1637d1,9cb89005693b1b70c102178849b740fde00b50c9ba5f3b5530d0e5749ea59837,eca954c21da074c545cb7858315ea39fee0a6f54b19e06474b4f2f91f1666847,c40aaf80f5be3be16016d797963cb563e35b93083df451f9827f99cfadc3c898,6031dc4ee08b61c58b35b1efd7d764739d5c7c54dc7cbe9e9a72a1e4a7098596,e2212c40566e21c680a98186ebd8e984aa80d4fd,4d4ad03b827958468b1a231e360c7ad1aa68035c25af068059838ceae6dfa6d6,1c2a0b828a698273b3c8b45532398e4bfe29534a6c2e0bef6cf2c84f8baa5f93,R3_UA_7_selected,c2c650cc7db4b5356eb4c2ba25eaf9860387a614992303a321be65940bb34284,validation,P3,2017-03-08,883,819.0216796433133,bfe1a538167a84e485e5c9462173774da3c334d8d2aecd979f9b383d4128e681
new_p3_training,True,tuned,UA,7,R3,3cfd389bbd05ec9201a41c0892e29bf8199198d1b216b9a8061370d4240aa583,bd1488a2d411295d7a2118c50ddcc0b158786123613af1676062e2270d1637d1,9cb89005693b1b70c102178849b740fde00b50c9ba5f3b5530d0e5749ea59837,eca954c21da074c545cb7858315ea39fee0a6f54b19e06474b4f2f91f1666847,c40aaf80f5be3be16016d797963cb563e35b93083df451f9827f99cfadc3c898,6031dc4ee08b61c58b35b1efd7d764739d5c7c54dc7cbe9e9a72a1e4a7098596,e2212c40566e21c680a98186ebd8e984aa80d4fd,4d4ad03b827958468b1a231e360c7ad1aa68035c25af068059838ceae6dfa6d6,1c2a0b828a698273b3c8b45532398e4bfe29534a6c2e0bef6cf2c84f8baa5f93,R3_UA_7_selected,c2c650cc7db4b5356eb4c2ba25eaf9860387a614992303a321be65940bb34284,validation,P3,2017-03-09,885,804.4598517114807,ea1125b5e5a75fa29a5b793b832c6b0cd3455b7cb60b13e2bf88cb56190b9448
new_p3_training,True,tuned,UA,7,R3,3cfd389bbd05ec9201a41c0892e29bf8199198d1b216b9a8061370d4240aa583,bd1488a2d411295d7a2118c50ddcc0b158786123613af1676062e2270d1637d1,9cb89005693b1b70c102178849b740fde00b50c9ba5f3b5530d0e5749ea59837,eca954c21da074c545cb7858315ea39fee0a6f54b19e06474b4f2f91f1666847,c40aaf80f5be3be16016d797963cb563e35b93083df451f9827f99cfadc3c898,6031dc4ee08b61c58b35b1efd7d764739d5c7c54dc7cbe9e9a72a1e4a7098596,e2212c40566e21c680a98186ebd8e984aa80d4fd,4d4ad03b827958468b1a231e360c7ad1aa68035c25af068059838ceae6dfa6d6,1c2a0b828a698273b3c8b45532398e4bfe29534a6c2e0bef6cf2c84f8baa5f93,R3_UA_7_selected,c2c650cc7db4b5356eb4c2ba25eaf9860387a614992303a321be65940bb34284,validation,P3,2017-03-10,881,885.8918925215658,2e35f84c933c37168038b2d46b772d2146bd00d36a31773566ad03e343211db2
new_p3_training,True,tuned,UA,7,R3,3cfd389bbd05ec9201a41c0892e29bf8199198d1b216b9a8061370d4240aa583,bd1488a2d411295d7a2118c50ddcc0b158786123613af1676062e2270d1637d1,9cb89005693b1b70c102178849b740fde00b50c9ba5f3b5530d0e5749ea59837,eca954c21da074c545cb7858315ea39fee0a6f54b19e06474b4f2f91f1666847,c40aaf80f5be3be16016d797963cb563e35b93083df451f9827f99cfadc3c898,6031dc4ee08b61c58b35b1efd7d764739d5c7c54dc7cbe9e9a72a1e4a7098596,e2212c40566e21c680a98186ebd8e984aa80d4fd,4d4ad03b827958468b1a231e360c7ad1aa68035c25af068059838ceae6dfa6d6,1c2a0b828a698273b3c8b45532398e4bfe29534a6c2e0bef6cf2c84f8baa5f93,R3_UA_7_selected,c2c650cc7db4b5356eb4c2ba25eaf9860387a614992303a321be65940bb34284,validation,P3,2017-03-13,871,796.5757995694496,9974567072b315c08e4d9b1c85564bcc7a4e0d72f3ac2bebf5a664683c2bb553
new_p3_training,True,tuned,UA,7,R3,3cfd389bbd05ec9201a41c0892e29bf8199198d1b216b9a8061370d4240aa583,bd1488a2d411295d7a2118c50ddcc0b158786123613af1676062e2270d1637d1,9cb89005693b1b70c102178849b740fde00b50c9ba5f3b5530d0e5749ea59837,eca954c21da074c545cb7858315ea39fee0a6f54b19e06474b4f2f91f1666847,c40aaf80f5be3be16016d797963cb563e35b93083df451f9827f99cfadc3c898,6031dc4ee08b61c58b35b1efd7d764739d5c7c54dc7cbe9e9a72a1e4a7098596,e2212c40566e21c680a98186ebd8e984aa80d4fd,4d4ad03b827958468b1a231e360c7ad1aa68035c25af068059838ceae6dfa6d6,1c2a0b828a698273b3c8b45532398e4bfe29534a6c2e0bef6cf2c84f8baa5f93,R3_UA_7_selected,c2c650cc7db4b5356eb4c2ba25eaf9860387a614992303a321be65940bb34284,validation,P3,2017-03-14,861,776.6897260710934,143c90efbafde6f4e1b599aab40904e4b11c5ec4086796658790ba5361991b35
new_p3_training,True,tuned,UA,7,R3,3cfd389bbd05ec9201a41c0892e29bf8199198d1b216b9a8061370d4240aa583,bd1488a2d411295d7a2118c50ddcc0b158786123613af1676062e2270d1637d1,9cb89005693b1b70c102178849b740fde00b50c9ba5f3b5530d0e5749ea59837,eca954c21da074c545cb7858315ea39fee0a6f54b19e06474b4f2f91f1666847,c40aaf80f5be3be16016d797963cb563e35b93083df451f9827f99cfadc3c898,6031dc4ee08b61c58b35b1efd7d764739d5c7c54dc7cbe9e9a72a1e4a7098596,e2212c40566e21c680a98186ebd8e984aa80d4fd,4d4ad03b827958468b1a231e360c7ad1aa68035c25af068059838ceae6dfa6d6,1c2a0b828a698273b3c8b45532398e4bfe29534a6c2e0bef6cf2c84f8baa5f93,R3_UA_7_selected,c2c650cc7db4b5356eb4c2ba25eaf9860387a614992303a321be65940bb34284,validation,P3,2017-03-15,884,821.0664854384596,4bf27bd34ceec3d1b22bec535d7bb4073c4879f1ecde6417b4931b5de3c549d4
new_p3_training,True,tuned,UA,7,R3,3cfd389bbd05ec9201a41c0892e29bf8199198d1b216b9a8061370d4240aa583,bd1488a2d411295d7a2118c50ddcc0b158786123613af1676062e2270d1637d1,9cb89005693b1b70c102178849b740fde00b50c9ba5f3b5530d0e5749ea59837,eca954c21da074c545cb7858315ea39fee0a6f54b19e06474b4f2f91f1666847,c40aaf80f5be3be16016d797963cb563e35b93083df451f9827f99cfadc3c898,6031dc4ee08b61c58b35b1efd7d764739d5c7c54dc7cbe9e9a72a1e4a7098596,e2212c40566e21c680a98186ebd8e984aa80d4fd,4d4ad03b827958468b1a231e360c7ad1aa68035c25af068059838ceae6dfa6d6,1c2a0b828a698273b3c8b45532398e4bfe29534a6c2e0bef6cf2c84f8baa5f93,R3_UA_7_selected,c2c650cc7db4b5356eb4c2ba25eaf9860387a614992303a321be65940bb34284,validation,P3,2017-03-16,873,822.4469992145048,ccfaf22cbb21e9c263152110793c92707a75c6a1484ff2ab14a087c01fcbe359
new_p3_training,True,tuned,UA,7,R3,3cfd389bbd05ec9201a41c0892e29bf8199198d1b216b9a8061370d4240aa583,bd1488a2d411295d7a2118c50ddcc0b158786123613af1676062e2270d1637d1,9cb89005693b1b70c102178849b740fde00b50c9ba5f3b5530d0e5749ea59837,eca954c21da074c545cb7858315ea39fee0a6f54b19e06474b4f2f91f1666847,c40aaf80f5be3be16016d797963cb563e35b93083df451f9827f99cfadc3c898,6031dc4ee08b61c58b35b1efd7d764739d5c7c54dc7cbe9e9a72a1e4a7098596,e2212c40566e21c680a98186ebd8e984aa80d4fd,4d4ad03b827958468b1a231e360c7ad1aa68035c25af068059838ceae6dfa6d6,1c2a0b828a698273b3c8b45532398e4bfe29534a6c2e0bef6cf2c84f8baa5f93,R3_UA_7_selected,c2c650cc7db4b5356eb4c2ba25eaf9860387a614992303a321be65940bb34284,validation,P3,2017-03-17,876,827.983026456184,fd6ac48dfd04b104cf7c40542d084177d9b8ebe19c66ba2c0e47a8814f982d4a
new_p3_training,True,tuned,UA,7,R3,3cfd389bbd05ec9201a41c0892e29bf8199198d1b216b9a8061370d4240aa583,bd1488a2d411295d7a2118c50ddcc0b158786123613af1676062e2270d1637d1,9cb89005693b1b70c102178849b740fde00b50c9ba5f3b5530d0e5749ea59837,eca954c21da074c545cb7858315ea39fee0a6f54b19e06474b4f2f91f1666847,c40aaf80f5be3be16016d797963cb563e35b93083df451f9827f99cfadc3c898,6031dc4ee08b61c58b35b1efd7d764739d5c7c54dc7cbe9e9a72a1e4a7098596,e2212c40566e21c680a98186ebd8e984aa80d4fd,4d4ad03b827958468b1a231e360c7ad1aa68035c25af068059838ceae6dfa6d6,1c2a0b828a698273b3c8b45532398e4bfe29534a6c2e0bef6cf2c84f8baa5f93,R3_UA_7_selected,c2c650cc7db4b5356eb4c2ba25eaf9860387a614992303a321be65940bb34284,validation,P3,2017-03-20,871,752.0422120078927,97d52f33b5b6a0737607b841769b7af9a5edfba5ecac75f57c0e83c4af96e156
new_p3_training,True,tuned,UA,7,R3,3cfd389bbd05ec9201a41c0892e29bf8199198d1b216b9a8061370d4240aa583,bd1488a2d411295d7a2118c50ddcc0b158786123613af1676062e2270d1637d1,9cb89005693b1b70c102178849b740fde00b50c9ba5f3b5530d0e5749ea59837,eca954c21da074c545cb7858315ea39fee0a6f54b19e06474b4f2f91f1666847,c40aaf80f5be3be16016d797963cb563e35b93083df451f9827f99cfadc3c898,6031dc4ee08b61c58b35b1efd7d764739d5c7c54dc7cbe9e9a72a1e4a7098596,e2212c40566e21c680a98186ebd8e984aa80d4fd,4d4ad03b827958468b1a231e360c7ad1aa68035c25af068059838ceae6dfa6d6,1c2a0b828a698273b3c8b45532398e4bfe29534a6c2e0bef6cf2c84f8baa5f93,R3_UA_7_selected,c2c650cc7db4b5356eb4c2ba25eaf9860387a614992303a321be65940bb34284,validation,P3,2017-03-21,879,839.6070838640969,dd45c48cfcfee929254e77d0e4424ebbf5c00bc2ed4e961138bfe9186ef961b1
new_p3_training,True,tuned,UA,7,R3,3cfd389bbd05ec9201a41c0892e29bf8199198d1b216b9a8061370d4240aa583,bd1488a2d411295d7a2118c50ddcc0b158786123613af1676062e2270d1637d1,9cb89005693b1b70c102178849b740fde00b50c9ba5f3b5530d0e5749ea59837,eca954c21da074c545cb7858315ea39fee0a6f54b19e06474b4f2f91f1666847,c40aaf80f5be3be16016d797963cb563e35b93083df451f9827f99cfadc3c898,6031dc4ee08b61c58b35b1efd7d764739d5c7c54dc7cbe9e9a72a1e4a7098596,e2212c40566e21c680a98186ebd8e984aa80d4fd,4d4ad03b827958468b1a231e360c7ad1aa68035c25af068059838ceae6dfa6d6,1c2a0b828a698273b3c8b45532398e4bfe29534a6c2e0bef6cf2c84f8baa5f93,R3_UA_7_selected,c2c650cc7db4b5356eb4c2ba25eaf9860387a614992303a321be65940bb34284,validation,P3,2017-03-22,875,811.2309547416376,28b54a891e6bd7e7da2349ecb4b231f4861cea3c1aa42358d507be233ce64266
new_p3_training,True,tuned,UA,7,R3,3cfd389bbd05ec9201a41c0892e29bf8199198d1b216b9a8061370d4240aa583,bd1488a2d411295d7a2118c50ddcc0b158786123613af1676062e2270d1637d1,9cb89005693b1b70c102178849b740fde00b50c9ba5f3b5530d0e5749ea59837,eca954c21da074c545cb7858315ea39fee0a6f54b19e06474b4f2f91f1666847,c40aaf80f5be3be16016d797963cb563e35b93083df451f9827f99cfadc3c898,6031dc4ee08b61c58b35b1efd7d764739d5c7c54dc7cbe9e9a72a1e4a7098596,e2212c40566e21c680a98186ebd8e984aa80d4fd,4d4ad03b827958468b1a231e360c7ad1aa68035c25af068059838ceae6dfa6d6,1c2a0b828a698273b3c8b45532398e4bfe29534a6c2e0bef6cf2c84f8baa5f93,R3_UA_7_selected,c2c650cc7db4b5356eb4c2ba25eaf9860387a614992303a321be65940bb34284,validation,P3,2017-03-23,878,828.1045285489822,05eb0a5e138a39d64a2eb7a33b5a940dc38ffeb813fda45f252329e978701d66
new_p3_training,True,tuned,UA,7,R3,3cfd389bbd05ec9201a41c0892e29bf8199198d1b216b9a8061370d4240aa583,bd1488a2d411295d7a2118c50ddcc0b158786123613af1676062e2270d1637d1,9cb89005693b1b70c102178849b740fde00b50c9ba5f3b5530d0e5749ea59837,eca954c21da074c545cb7858315ea39fee0a6f54b19e06474b4f2f91f1666847,c40aaf80f5be3be16016d797963cb563e35b93083df451f9827f99cfadc3c898,6031dc4ee08b61c58b35b1efd7d764739d5c7c54dc7cbe9e9a72a1e4a7098596,e2212c40566e21c680a98186ebd8e984aa80d4fd,4d4ad03b827958468b1a231e360c7ad1aa68035c25af068059838ceae6dfa6d6,1c2a0b828a698273b3c8b45532398e4bfe29534a6c2e0bef6cf2c84f8baa5f93,R3_UA_7_selected,c2c650cc7db4b5356eb4c2ba25eaf9860387a614992303a321be65940bb34284,validation,P3,2017-03-24,869,841.2264567362529,1f4bdd9989e9428630b90a6f66b3a7208f545e0ac684b780f760237fcd13a9f6
new_p3_training,True,tuned,UA,7,R3,3cfd389bbd05ec9201a41c0892e29bf8199198d1b216b9a8061370d4240aa583,bd1488a2d411295d7a2118c50ddcc0b158786123613af1676062e2270d1637d1,9cb89005693b1b70c102178849b740fde00b50c9ba5f3b5530d0e5749ea59837,eca954c21da074c545cb7858315ea39fee0a6f54b19e06474b4f2f91f1666847,c40aaf80f5be3be16016d797963cb563e35b93083df451f9827f99cfadc3c898,6031dc4ee08b61c58b35b1efd7d764739d5c7c54dc7cbe9e9a72a1e4a7098596,e2212c40566e21c680a98186ebd8e984aa80d4fd,4d4ad03b827958468b1a231e360c7ad1aa68035c25af068059838ceae6dfa6d6,1c2a0b828a698273b3c8b45532398e4bfe29534a6c2e0bef6cf2c84f8baa5f93,R3_UA_7_selected,c2c650cc7db4b5356eb4c2ba25eaf9860387a614992303a321be65940bb34284,validation,P3,2017-03-27,881,846.8612739547975,116c94b9a558a477792594d5b57842c1cb78fe8e4bcf35b5bc380f605d16bfc9
new_p3_training,True,tuned,UA,7,R3,3cfd389bbd05ec9201a41c0892e29bf8199198d1b216b9a8061370d4240aa583,bd1488a2d411295d7a2118c50ddcc0b158786123613af1676062e2270d1637d1,9cb89005693b1b70c102178849b740fde00b50c9ba5f3b5530d0e5749ea59837,eca954c21da074c545cb7858315ea39fee0a6f54b19e06474b4f2f91f1666847,c40aaf80f5be3be16016d797963cb563e35b93083df451f9827f99cfadc3c898,6031dc4ee08b61c58b35b1efd7d764739d5c7c54dc7cbe9e9a72a1e4a7098596,e2212c40566e21c680a98186ebd8e984aa80d4fd,4d4ad03b827958468b1a231e360c7ad1aa68035c25af068059838ceae6dfa6d6,1c2a0b828a698273b3c8b45532398e4bfe29534a6c2e0bef6cf2c84f8baa5f93,R3_UA_7_selected,c2c650cc7db4b5356eb4c2ba25eaf9860387a614992303a321be65940bb34284,validation,P3,2017-03-28,879,765.1441987525218,c02755dd8307c09d4692548bf040f7f668fd3bb5a2520db5b1c69dfa6bd9b977
new_p3_training,True,tuned,UA,7,R3,3cfd389bbd05ec9201a41c0892e29bf8199198d1b216b9a8061370d4240aa583,bd1488a2d411295d7a2118c50ddcc0b158786123613af1676062e2270d1637d1,9cb89005693b1b70c102178849b740fde00b50c9ba5f3b5530d0e5749ea59837,eca954c21da074c545cb7858315ea39fee0a6f54b19e06474b4f2f91f1666847,c40aaf80f5be3be16016d797963cb563e35b93083df451f9827f99cfadc3c898,6031dc4ee08b61c58b35b1efd7d764739d5c7c54dc7cbe9e9a72a1e4a7098596,e2212c40566e21c680a98186ebd8e984aa80d4fd,4d4ad03b827958468b1a231e360c7ad1aa68035c25af068059838ceae6dfa6d6,1c2a0b828a698273b3c8b45532398e4bfe29534a6c2e0bef6cf2c84f8baa5f93,R3_UA_7_selected,c2c650cc7db4b5356eb4c2ba25eaf9860387a614992303a321be65940bb34284,validation,P3,2017-03-29,881,813.7713828597564,e657a1069c81b3cf5bbc75f6d0815cc74b8f592f8a32b77e0a6b523197da27ad
new_p3_training,True,tuned,UA,7,R3,3cfd389bbd05ec9201a41c0892e29bf8199198d1b216b9a8061370d4240aa583,bd1488a2d411295d7a2118c50ddcc0b158786123613af1676062e2270d1637d1,9cb89005693b1b70c102178849b740fde00b50c9ba5f3b5530d0e5749ea59837,eca954c21da074c545cb7858315ea39fee0a6f54b19e06474b4f2f91f1666847,c40aaf80f5be3be16016d797963cb563e35b93083df451f9827f99cfadc3c898,6031dc4ee08b61c58b35b1efd7d764739d5c7c54dc7cbe9e9a72a1e4a7098596,e2212c40566e21c680a98186ebd8e984aa80d4fd,4d4ad03b827958468b1a231e360c7ad1aa68035c25af068059838ceae6dfa6d6,1c2a0b828a698273b3c8b45532398e4bfe29534a6c2e0bef6cf2c84f8baa5f93,R3_UA_7_selected,c2c650cc7db4b5356eb4c2ba25eaf9860387a614992303a321be65940bb34284,validation,P3,2017-03-30,879,766.8009355241516,fd177f13030e60cd4d777a33c98ec2c861306221f3d11a74c33fded46ad5aa4f
new_p3_training,True,tuned,UA,7,R3,3cfd389bbd05ec9201a41c0892e29bf8199198d1b216b9a8061370d4240aa583,bd1488a2d411295d7a2118c50ddcc0b158786123613af1676062e2270d1637d1,9cb89005693b1b70c102178849b740fde00b50c9ba5f3b5530d0e5749ea59837,eca954c21da074c545cb7858315ea39fee0a6f54b19e06474b4f2f91f1666847,c40aaf80f5be3be16016d797963cb563e35b93083df451f9827f99cfadc3c898,6031dc4ee08b61c58b35b1efd7d764739d5c7c54dc7cbe9e9a72a1e4a7098596,e2212c40566e21c680a98186ebd8e984aa80d4fd,4d4ad03b827958468b1a231e360c7ad1aa68035c25af068059838ceae6dfa6d6,1c2a0b828a698273b3c8b45532398e4bfe29534a6c2e0bef6cf2c84f8baa5f93,R3_UA_7_selected,c2c650cc7db4b5356eb4c2ba25eaf9860387a614992303a321be65940bb34284,validation,P3,2017-03-31,884,796.2399610458351,cfdf2cc2575264ac96e482c04ceeddd74ad26cbb46ae6cd8805e4bb02d79b823
new_p3_training,True,tuned,UA,7,R3,3cfd389bbd05ec9201a41c0892e29bf8199198d1b216b9a8061370d4240aa583,bd1488a2d411295d7a2118c50ddcc0b158786123613af1676062e2270d1637d1,9cb89005693b1b70c102178849b740fde00b50c9ba5f3b5530d0e5749ea59837,eca954c21da074c545cb7858315ea39fee0a6f54b19e06474b4f2f91f1666847,c40aaf80f5be3be16016d797963cb563e35b93083df451f9827f99cfadc3c898,6031dc4ee08b61c58b35b1efd7d764739d5c7c54dc7cbe9e9a72a1e4a7098596,e2212c40566e21c680a98186ebd8e984aa80d4fd,4d4ad03b827958468b1a231e360c7ad1aa68035c25af068059838ceae6dfa6d6,1c2a0b828a698273b3c8b45532398e4bfe29534a6c2e0bef6cf2c84f8baa5f93,R3_UA_7_selected,c2c650cc7db4b5356eb4c2ba25eaf9860387a614992303a321be65940bb34284,validation,P3,2017-04-03,865,794.2041451429475,48a489f1c8932fe5115d7afb615c3ed86caaaf230e31e7411c6c173fe9cc4d9d
new_p3_training,True,tuned,UA,7,R3,3cfd389bbd05ec9201a41c0892e29bf8199198d1b216b9a8061370d4240aa583,bd1488a2d411295d7a2118c50ddcc0b158786123613af1676062e2270d1637d1,9cb89005693b1b70c102178849b740fde00b50c9ba5f3b5530d0e5749ea59837,eca954c21da074c545cb7858315ea39fee0a6f54b19e06474b4f2f91f1666847,c40aaf80f5be3be16016d797963cb563e35b93083df451f9827f99cfadc3c898,6031dc4ee08b61c58b35b1efd7d764739d5c7c54dc7cbe9e9a72a1e4a7098596,e2212c40566e21c680a98186ebd8e984aa80d4fd,4d4ad03b827958468b1a231e360c7ad1aa68035c25af068059838ceae6dfa6d6,1c2a0b828a698273b3c8b45532398e4bfe29534a6c2e0bef6cf2c84f8baa5f93,R3_UA_7_selected,c2c650cc7db4b5356eb4c2ba25eaf9860387a614992303a321be65940bb34284,validation,P3,2017-04-04,865,782.7278695579645,c99730c7137ecc98b1954c18120bf2364c6f65ac97147523813d246ccefa77fd
new_p3_training,True,tuned,UA,7,R3,3cfd389bbd05ec9201a41c0892e29bf8199198d1b216b9a8061370d4240aa583,bd1488a2d411295d7a2118c50ddcc0b158786123613af1676062e2270d1637d1,9cb89005693b1b70c102178849b740fde00b50c9ba5f3b5530d0e5749ea59837,eca954c21da074c545cb7858315ea39fee0a6f54b19e06474b4f2f91f1666847,c40aaf80f5be3be16016d797963cb563e35b93083df451f9827f99cfadc3c898,6031dc4ee08b61c58b35b1efd7d764739d5c7c54dc7cbe9e9a72a1e4a7098596,e2212c40566e21c680a98186ebd8e984aa80d4fd,4d4ad03b827958468b1a231e360c7ad1aa68035c25af068059838ceae6dfa6d6,1c2a0b828a698273b3c8b45532398e4bfe29534a6c2e0bef6cf2c84f8baa5f93,R3_UA_7_selected,c2c650cc7db4b5356eb4c2ba25eaf9860387a614992303a321be65940bb34284,validation,P3,2017-04-05,873,857.5161414521297,e39038ff59aaa09112f479537c66364fc7502f9cfefa9cba690a673b62407dbe
new_p3_training,True,tuned,UA,7,R3,3cfd389bbd05ec9201a41c0892e29bf8199198d1b216b9a8061370d4240aa583,bd1488a2d411295d7a2118c50ddcc0b158786123613af1676062e2270d1637d1,9cb89005693b1b70c102178849b740fde00b50c9ba5f3b5530d0e5749ea59837,eca954c21da074c545cb7858315ea39fee0a6f54b19e06474b4f2f91f1666847,c40aaf80f5be3be16016d797963cb563e35b93083df451f9827f99cfadc3c898,6031dc4ee08b61c58b35b1efd7d764739d5c7c54dc7cbe9e9a72a1e4a7098596,e2212c40566e21c680a98186ebd8e984aa80d4fd,4d4ad03b827958468b1a231e360c7ad1aa68035c25af068059838ceae6dfa6d6,1c2a0b828a698273b3c8b45532398e4bfe29534a6c2e0bef6cf2c84f8baa5f93,R3_UA_7_selected,c2c650cc7db4b5356eb4c2ba25eaf9860387a614992303a321be65940bb34284,validation,P3,2017-04-06,877,763.1939226968794,51214c4c375445f7ffa342b48ad34e38a73afac1a9833493626fd33f88e0dc08
new_p3_training,True,tuned,UA,7,R3,3cfd389bbd05ec9201a41c0892e29bf8199198d1b216b9a8061370d4240aa583,bd1488a2d411295d7a2118c50ddcc0b158786123613af1676062e2270d1637d1,9cb89005693b1b70c102178849b740fde00b50c9ba5f3b5530d0e5749ea59837,eca954c21da074c545cb7858315ea39fee0a6f54b19e06474b4f2f91f1666847,c40aaf80f5be3be16016d797963cb563e35b93083df451f9827f99cfadc3c898,6031dc4ee08b61c58b35b1efd7d764739d5c7c54dc7cbe9e9a72a1e4a7098596,e2212c40566e21c680a98186ebd8e984aa80d4fd,4d4ad03b827958468b1a231e360c7ad1aa68035c25af068059838ceae6dfa6d6,1c2a0b828a698273b3c8b45532398e4bfe29534a6c2e0bef6cf2c84f8baa5f93,R3_UA_7_selected,c2c650cc7db4b5356eb4c2ba25eaf9860387a614992303a321be65940bb34284,validation,P3,2017-04-07,879,793.2371708410118,dfc7c4a1d51fde01e620275e3bdd1ea4a9c4a885580c17e1a5b8580bb83b7f96
new_p3_training,True,tuned,UA,7,R3,3cfd389bbd05ec9201a41c0892e29bf8199198d1b216b9a8061370d4240aa583,bd1488a2d411295d7a2118c50ddcc0b158786123613af1676062e2270d1637d1,9cb89005693b1b70c102178849b740fde00b50c9ba5f3b5530d0e5749ea59837,eca954c21da074c545cb7858315ea39fee0a6f54b19e06474b4f2f91f1666847,c40aaf80f5be3be16016d797963cb563e35b93083df451f9827f99cfadc3c898,6031dc4ee08b61c58b35b1efd7d764739d5c7c54dc7cbe9e9a72a1e4a7098596,e2212c40566e21c680a98186ebd8e984aa80d4fd,4d4ad03b827958468b1a231e360c7ad1aa68035c25af068059838ceae6dfa6d6,1c2a0b828a698273b3c8b45532398e4bfe29534a6c2e0bef6cf2c84f8baa5f93,R3_UA_7_selected,c2c650cc7db4b5356eb4c2ba25eaf9860387a614992303a321be65940bb34284,validation,P3,2017-04-10,860,788.3182403803439,335100415c4ce8529f0e97b9a764d4cd8cc481ab26bfba3d55ca13e42f46034a
new_p3_training,True,tuned,UA,7,R3,3cfd389bbd05ec9201a41c0892e29bf8199198d1b216b9a8061370d4240aa583,bd1488a2d411295d7a2118c50ddcc0b158786123613af1676062e2270d1637d1,9cb89005693b1b70c102178849b740fde00b50c9ba5f3b5530d0e5749ea59837,eca954c21da074c545cb7858315ea39fee0a6f54b19e06474b4f2f91f1666847,c40aaf80f5be3be16016d797963cb563e35b93083df451f9827f99cfadc3c898,6031dc4ee08b61c58b35b1efd7d764739d5c7c54dc7cbe9e9a72a1e4a7098596,e2212c40566e21c680a98186ebd8e984aa80d4fd,4d4ad03b827958468b1a231e360c7ad1aa68035c25af068059838ceae6dfa6d6,1c2a0b828a698273b3c8b45532398e4bfe29534a6c2e0bef6cf2c84f8baa5f93,R3_UA_7_selected,c2c650cc7db4b5356eb4c2ba25eaf9860387a614992303a321be65940bb34284,validation,P3,2017-04-11,871,773.2612610968328,3a496c1475d52448d80741b97cda3b3e12e1a0f50faa8307a65aa3890b5400fa
new_p3_training,True,tuned,UA,7,R3,3cfd389bbd05ec9201a41c0892e29bf8199198d1b216b9a8061370d4240aa583,bd1488a2d411295d7a2118c50ddcc0b158786123613af1676062e2270d1637d1,9cb89005693b1b70c102178849b740fde00b50c9ba5f3b5530d0e5749ea59837,eca954c21da074c545cb7858315ea39fee0a6f54b19e06474b4f2f91f1666847,c40aaf80f5be3be16016d797963cb563e35b93083df451f9827f99cfadc3c898,6031dc4ee08b61c58b35b1efd7d764739d5c7c54dc7cbe9e9a72a1e4a7098596,e2212c40566e21c680a98186ebd8e984aa80d4fd,4d4ad03b827958468b1a231e360c7ad1aa68035c25af068059838ceae6dfa6d6,1c2a0b828a698273b3c8b45532398e4bfe29534a6c2e0bef6cf2c84f8baa5f93,R3_UA_7_selected,c2c650cc7db4b5356eb4c2ba25eaf9860387a614992303a321be65940bb34284,validation,P3,2017-04-12,879,737.0582897250578,6cd2d3b58abceeddfdb49e7b065055380ffca2ed0e4d7e05839595b799c3eeb2
new_p3_training,True,tuned,UA,7,R3,3cfd389bbd05ec9201a41c0892e29bf8199198d1b216b9a8061370d4240aa583,bd1488a2d411295d7a2118c50ddcc0b158786123613af1676062e2270d1637d1,9cb89005693b1b70c102178849b740fde00b50c9ba5f3b5530d0e5749ea59837,eca954c21da074c545cb7858315ea39fee0a6f54b19e06474b4f2f91f1666847,c40aaf80f5be3be16016d797963cb563e35b93083df451f9827f99cfadc3c898,6031dc4ee08b61c58b35b1efd7d764739d5c7c54dc7cbe9e9a72a1e4a7098596,e2212c40566e21c680a98186ebd8e984aa80d4fd,4d4ad03b827958468b1a231e360c7ad1aa68035c25af068059838ceae6dfa6d6,1c2a0b828a698273b3c8b45532398e4bfe29534a6c2e0bef6cf2c84f8baa5f93,R3_UA_7_selected,c2c650cc7db4b5356eb4c2ba25eaf9860387a614992303a321be65940bb34284,validation,P3,2017-04-13,879,813.8158774418255,2de874d8c2932b4a5815abf84905fc4bab5c2127000f32b0744556ea746b6051
new_p3_training,True,tuned,UA,7,R3,3cfd389bbd05ec9201a41c0892e29bf8199198d1b216b9a8061370d4240aa583,bd1488a2d411295d7a2118c50ddcc0b158786123613af1676062e2270d1637d1,9cb89005693b1b70c102178849b740fde00b50c9ba5f3b5530d0e5749ea59837,eca954c21da074c545cb7858315ea39fee0a6f54b19e06474b4f2f91f1666847,c40aaf80f5be3be16016d797963cb563e35b93083df451f9827f99cfadc3c898,6031dc4ee08b61c58b35b1efd7d764739d5c7c54dc7cbe9e9a72a1e4a7098596,e2212c40566e21c680a98186ebd8e984aa80d4fd,4d4ad03b827958468b1a231e360c7ad1aa68035c25af068059838ceae6dfa6d6,1c2a0b828a698273b3c8b45532398e4bfe29534a6c2e0bef6cf2c84f8baa5f93,R3_UA_7_selected,c2c650cc7db4b5356eb4c2ba25eaf9860387a614992303a321be65940bb34284,validation,P3,2017-04-14,876,824.4860234913365,503079c0d506a14b902f3cc16badd9481bd17999093f60d611b964ee2b4b9513
new_p3_training,True,tuned,UA,7,R3,3cfd389bbd05ec9201a41c0892e29bf8199198d1b216b9a8061370d4240aa583,bd1488a2d411295d7a2118c50ddcc0b158786123613af1676062e2270d1637d1,9cb89005693b1b70c102178849b740fde00b50c9ba5f3b5530d0e5749ea59837,eca954c21da074c545cb7858315ea39fee0a6f54b19e06474b4f2f91f1666847,c40aaf80f5be3be16016d797963cb563e35b93083df451f9827f99cfadc3c898,6031dc4ee08b61c58b35b1efd7d764739d5c7c54dc7cbe9e9a72a1e4a7098596,e2212c40566e21c680a98186ebd8e984aa80d4fd,4d4ad03b827958468b1a231e360c7ad1aa68035c25af068059838ceae6dfa6d6,1c2a0b828a698273b3c8b45532398e4bfe29534a6c2e0bef6cf2c84f8baa5f93,R3_UA_7_selected,c2c650cc7db4b5356eb4c2ba25eaf9860387a614992303a321be65940bb34284,validation,P3,2017-04-17,884,762.9362131961468,5582317c9bcb45ef60dca83809a016cc2963c3eb6b91c4e3191980b54f03ef40
new_p3_training,True,tuned,UA,7,R3,3cfd389bbd05ec9201a41c0892e29bf8199198d1b216b9a8061370d4240aa583,bd1488a2d411295d7a2118c50ddcc0b158786123613af1676062e2270d1637d1,9cb89005693b1b70c102178849b740fde00b50c9ba5f3b5530d0e5749ea59837,eca954c21da074c545cb7858315ea39fee0a6f54b19e06474b4f2f91f1666847,c40aaf80f5be3be16016d797963cb563e35b93083df451f9827f99cfadc3c898,6031dc4ee08b61c58b35b1efd7d764739d5c7c54dc7cbe9e9a72a1e4a7098596,e2212c40566e21c680a98186ebd8e984aa80d4fd,4d4ad03b827958468b1a231e360c7ad1aa68035c25af068059838ceae6dfa6d6,1c2a0b828a698273b3c8b45532398e4bfe29534a6c2e0bef6cf2c84f8baa5f93,R3_UA_7_selected,c2c650cc7db4b5356eb4c2ba25eaf9860387a614992303a321be65940bb34284,validation,P3,2017-04-18,877,747.2079367744584,d2e8873fdec3eccd5bb68bd2f8295221ec0f6b796dcb61703b5c3aa2ebb91027
new_p3_training,True,tuned,UA,7,R3,3cfd389bbd05ec9201a41c0892e29bf8199198d1b216b9a8061370d4240aa583,bd1488a2d411295d7a2118c50ddcc0b158786123613af1676062e2270d1637d1,9cb89005693b1b70c102178849b740fde00b50c9ba5f3b5530d0e5749ea59837,eca954c21da074c545cb7858315ea39fee0a6f54b19e06474b4f2f91f1666847,c40aaf80f5be3be16016d797963cb563e35b93083df451f9827f99cfadc3c898,6031dc4ee08b61c58b35b1efd7d764739d5c7c54dc7cbe9e9a72a1e4a7098596,e2212c40566e21c680a98186ebd8e984aa80d4fd,4d4ad03b827958468b1a231e360c7ad1aa68035c25af068059838ceae6dfa6d6,1c2a0b828a698273b3c8b45532398e4bfe29534a6c2e0bef6cf2c84f8baa5f93,R3_UA_7_selected,c2c650cc7db4b5356eb4c2ba25eaf9860387a614992303a321be65940bb34284,validation,P3,2017-04-19,883,790.6310965529564,d8ad36b7b59de1a062254c05b0258e77666b4a863e7ab78f7bdc7d7a238bc624
new_p3_training,True,tuned,UA,7,R3,3cfd389bbd05ec9201a41c0892e29bf8199198d1b216b9a8061370d4240aa583,bd1488a2d411295d7a2118c50ddcc0b158786123613af1676062e2270d1637d1,9cb89005693b1b70c102178849b740fde00b50c9ba5f3b5530d0e5749ea59837,eca954c21da074c545cb7858315ea39fee0a6f54b19e06474b4f2f91f1666847,c40aaf80f5be3be16016d797963cb563e35b93083df451f9827f99cfadc3c898,6031dc4ee08b61c58b35b1efd7d764739d5c7c54dc7cbe9e9a72a1e4a7098596,e2212c40566e21c680a98186ebd8e984aa80d4fd,4d4ad03b827958468b1a231e360c7ad1aa68035c25af068059838ceae6dfa6d6,1c2a0b828a698273b3c8b45532398e4bfe29534a6c2e0bef6cf2c84f8baa5f93,R3_UA_7_selected,c2c650cc7db4b5356eb4c2ba25eaf9860387a614992303a321be65940bb34284,validation,P3,2017-04-20,885,806.6789075259825,d45c1061d357a4ab5722e1d4234b6212098c7e88fbb223526b27a61826d33aa4
new_p3_training,True,tuned,UA,7,R3,3cfd389bbd05ec9201a41c0892e29bf8199198d1b216b9a8061370d4240aa583,bd1488a2d411295d7a2118c50ddcc0b158786123613af1676062e2270d1637d1,9cb89005693b1b70c102178849b740fde00b50c9ba5f3b5530d0e5749ea59837,eca954c21da074c545cb7858315ea39fee0a6f54b19e06474b4f2f91f1666847,c40aaf80f5be3be16016d797963cb563e35b93083df451f9827f99cfadc3c898,6031dc4ee08b61c58b35b1efd7d764739d5c7c54dc7cbe9e9a72a1e4a7098596,e2212c40566e21c680a98186ebd8e984aa80d4fd,4d4ad03b827958468b1a231e360c7ad1aa68035c25af068059838ceae6dfa6d6,1c2a0b828a698273b3c8b45532398e4bfe29534a6c2e0bef6cf2c84f8baa5f93,R3_UA_7_selected,c2c650cc7db4b5356eb4c2ba25eaf9860387a614992303a321be65940bb34284,validation,P3,2017-04-21,886,754.1800121721863,eb9a26f2d7d819b8bd5830948fa9d6d9a57dd0642eff9b344b53da6f9ba1c0d6
new_p3_training,True,tuned,UA,7,R3,3cfd389bbd05ec9201a41c0892e29bf8199198d1b216b9a8061370d4240aa583,bd1488a2d411295d7a2118c50ddcc0b158786123613af1676062e2270d1637d1,9cb89005693b1b70c102178849b740fde00b50c9ba5f3b5530d0e5749ea59837,eca954c21da074c545cb7858315ea39fee0a6f54b19e06474b4f2f91f1666847,c40aaf80f5be3be16016d797963cb563e35b93083df451f9827f99cfadc3c898,6031dc4ee08b61c58b35b1efd7d764739d5c7c54dc7cbe9e9a72a1e4a7098596,e2212c40566e21c680a98186ebd8e984aa80d4fd,4d4ad03b827958468b1a231e360c7ad1aa68035c25af068059838ceae6dfa6d6,1c2a0b828a698273b3c8b45532398e4bfe29534a6c2e0bef6cf2c84f8baa5f93,R3_UA_7_selected,c2c650cc7db4b5356eb4c2ba25eaf9860387a614992303a321be65940bb34284,validation,P3,2017-04-24,889,800.2650804009127,5ac51fbe1a78cccc9e3d5776203a7ba216c109918a9a47cb363d244ca4e97101
new_p3_training,True,tuned,UA,7,R3,3cfd389bbd05ec9201a41c0892e29bf8199198d1b216b9a8061370d4240aa583,bd1488a2d411295d7a2118c50ddcc0b158786123613af1676062e2270d1637d1,9cb89005693b1b70c102178849b740fde00b50c9ba5f3b5530d0e5749ea59837,eca954c21da074c545cb7858315ea39fee0a6f54b19e06474b4f2f91f1666847,c40aaf80f5be3be16016d797963cb563e35b93083df451f9827f99cfadc3c898,6031dc4ee08b61c58b35b1efd7d764739d5c7c54dc7cbe9e9a72a1e4a7098596,e2212c40566e21c680a98186ebd8e984aa80d4fd,4d4ad03b827958468b1a231e360c7ad1aa68035c25af068059838ceae6dfa6d6,1c2a0b828a698273b3c8b45532398e4bfe29534a6c2e0bef6cf2c84f8baa5f93,R3_UA_7_selected,c2c650cc7db4b5356eb4c2ba25eaf9860387a614992303a321be65940bb34284,validation,P3,2017-04-25,887,786.5673601931705,0de660774b2a200d7e514095f8e5dbbcfa3ee9c9b1b9f379a63f5feca57514f7
new_p3_training,True,tuned,UA,7,R3,3cfd389bbd05ec9201a41c0892e29bf8199198d1b216b9a8061370d4240aa583,bd1488a2d411295d7a2118c50ddcc0b158786123613af1676062e2270d1637d1,9cb89005693b1b70c102178849b740fde00b50c9ba5f3b5530d0e5749ea59837,eca954c21da074c545cb7858315ea39fee0a6f54b19e06474b4f2f91f1666847,c40aaf80f5be3be16016d797963cb563e35b93083df451f9827f99cfadc3c898,6031dc4ee08b61c58b35b1efd7d764739d5c7c54dc7cbe9e9a72a1e4a7098596,e2212c40566e21c680a98186ebd8e984aa80d4fd,4d4ad03b827958468b1a231e360c7ad1aa68035c25af068059838ceae6dfa6d6,1c2a0b828a698273b3c8b45532398e4bfe29534a6c2e0bef6cf2c84f8baa5f93,R3_UA_7_selected,c2c650cc7db4b5356eb4c2ba25eaf9860387a614992303a321be65940bb34284,validation,P3,2017-04-26,885,765.4263309280851,d4f62bc8637bdf95c035d1a984ed80fc6c0fa9f2c7c5d9e083e6949dacdf2df8
new_p3_training,True,tuned,UA,7,R3,3cfd389bbd05ec9201a41c0892e29bf8199198d1b216b9a8061370d4240aa583,bd1488a2d411295d7a2118c50ddcc0b158786123613af1676062e2270d1637d1,9cb89005693b1b70c102178849b740fde00b50c9ba5f3b5530d0e5749ea59837,eca954c21da074c545cb7858315ea39fee0a6f54b19e06474b4f2f91f1666847,c40aaf80f5be3be16016d797963cb563e35b93083df451f9827f99cfadc3c898,6031dc4ee08b61c58b35b1efd7d764739d5c7c54dc7cbe9e9a72a1e4a7098596,e2212c40566e21c680a98186ebd8e984aa80d4fd,4d4ad03b827958468b1a231e360c7ad1aa68035c25af068059838ceae6dfa6d6,1c2a0b828a698273b3c8b45532398e4bfe29534a6c2e0bef6cf2c84f8baa5f93,R3_UA_7_selected,c2c650cc7db4b5356eb4c2ba25eaf9860387a614992303a321be65940bb34284,validation,P3,2017-04-27,891,781.8387404493262,19baf42a9507a50e14b4e9edfc41b921852885e5b2b5fda6b4b3717f0bbb43aa
new_p3_training,True,tuned,UA,7,R3,3cfd389bbd05ec9201a41c0892e29bf8199198d1b216b9a8061370d4240aa583,bd1488a2d411295d7a2118c50ddcc0b158786123613af1676062e2270d1637d1,9cb89005693b1b70c102178849b740fde00b50c9ba5f3b5530d0e5749ea59837,eca954c21da074c545cb7858315ea39fee0a6f54b19e06474b4f2f91f1666847,c40aaf80f5be3be16016d797963cb563e35b93083df451f9827f99cfadc3c898,6031dc4ee08b61c58b35b1efd7d764739d5c7c54dc7cbe9e9a72a1e4a7098596,e2212c40566e21c680a98186ebd8e984aa80d4fd,4d4ad03b827958468b1a231e360c7ad1aa68035c25af068059838ceae6dfa6d6,1c2a0b828a698273b3c8b45532398e4bfe29534a6c2e0bef6cf2c84f8baa5f93,R3_UA_7_selected,c2c650cc7db4b5356eb4c2ba25eaf9860387a614992303a321be65940bb34284,validation,P3,2017-04-28,891,775.0381066885773,9401a36547a552c4f7638bd9ad8e144569ed424a242803b6905e78f014257383
new_p3_training,True,tuned,UA,7,R3,3cfd389bbd05ec9201a41c0892e29bf8199198d1b216b9a8061370d4240aa583,bd1488a2d411295d7a2118c50ddcc0b158786123613af1676062e2270d1637d1,9cb89005693b1b70c102178849b740fde00b50c9ba5f3b5530d0e5749ea59837,eca954c21da074c545cb7858315ea39fee0a6f54b19e06474b4f2f91f1666847,c40aaf80f5be3be16016d797963cb563e35b93083df451f9827f99cfadc3c898,6031dc4ee08b61c58b35b1efd7d764739d5c7c54dc7cbe9e9a72a1e4a7098596,e2212c40566e21c680a98186ebd8e984aa80d4fd,4d4ad03b827958468b1a231e360c7ad1aa68035c25af068059838ceae6dfa6d6,1c2a0b828a698273b3c8b45532398e4bfe29534a6c2e0bef6cf2c84f8baa5f93,R3_UA_7_selected,c2c650cc7db4b5356eb4c2ba25eaf9860387a614992303a321be65940bb34284,validation,P3,2017-05-02,891,769.9651300848736,30fd7310a6f72a8e570aa91d3a7e657c753ad23e46c04f31eb8f6f442b0461dd
new_p3_training,True,tuned,UA,7,R3,3cfd389bbd05ec9201a41c0892e29bf8199198d1b216b9a8061370d4240aa583,bd1488a2d411295d7a2118c50ddcc0b158786123613af1676062e2270d1637d1,9cb89005693b1b70c102178849b740fde00b50c9ba5f3b5530d0e5749ea59837,eca954c21da074c545cb7858315ea39fee0a6f54b19e06474b4f2f91f1666847,c40aaf80f5be3be16016d797963cb563e35b93083df451f9827f99cfadc3c898,6031dc4ee08b61c58b35b1efd7d764739d5c7c54dc7cbe9e9a72a1e4a7098596,e2212c40566e21c680a98186ebd8e984aa80d4fd,4d4ad03b827958468b1a231e360c7ad1aa68035c25af068059838ceae6dfa6d6,1c2a0b828a698273b3c8b45532398e4bfe29534a6c2e0bef6cf2c84f8baa5f93,R3_UA_7_selected,c2c650cc7db4b5356eb4c2ba25eaf9860387a614992303a321be65940bb34284,validation,P3,2017-05-04,884,717.9923669679467,9959741f12ae9d0ed921868eafeddbff64223b5b36d3fb9d90c68a5cfc8839c4
new_p3_training,True,tuned,UA,7,R3,3cfd389bbd05ec9201a41c0892e29bf8199198d1b216b9a8061370d4240aa583,bd1488a2d411295d7a2118c50ddcc0b158786123613af1676062e2270d1637d1,9cb89005693b1b70c102178849b740fde00b50c9ba5f3b5530d0e5749ea59837,eca954c21da074c545cb7858315ea39fee0a6f54b19e06474b4f2f91f1666847,c40aaf80f5be3be16016d797963cb563e35b93083df451f9827f99cfadc3c898,6031dc4ee08b61c58b35b1efd7d764739d5c7c54dc7cbe9e9a72a1e4a7098596,e2212c40566e21c680a98186ebd8e984aa80d4fd,4d4ad03b827958468b1a231e360c7ad1aa68035c25af068059838ceae6dfa6d6,1c2a0b828a698273b3c8b45532398e4bfe29534a6c2e0bef6cf2c84f8baa5f93,R3_UA_7_selected,c2c650cc7db4b5356eb4c2ba25eaf9860387a614992303a321be65940bb34284,validation,P3,2017-05-08,882,768.4549663206424,b20a53f31337fcb354e5dd6388035af3695c3504a5c5fb181b2785684af02ac9
new_p3_training,True,tuned,UA,7,R3,3cfd389bbd05ec9201a41c0892e29bf8199198d1b216b9a8061370d4240aa583,bd1488a2d411295d7a2118c50ddcc0b158786123613af1676062e2270d1637d1,9cb89005693b1b70c102178849b740fde00b50c9ba5f3b5530d0e5749ea59837,eca954c21da074c545cb7858315ea39fee0a6f54b19e06474b4f2f91f1666847,c40aaf80f5be3be16016d797963cb563e35b93083df451f9827f99cfadc3c898,6031dc4ee08b61c58b35b1efd7d764739d5c7c54dc7cbe9e9a72a1e4a7098596,e2212c40566e21c680a98186ebd8e984aa80d4fd,4d4ad03b827958468b1a231e360c7ad1aa68035c25af068059838ceae6dfa6d6,1c2a0b828a698273b3c8b45532398e4bfe29534a6c2e0bef6cf2c84f8baa5f93,R3_UA_7_selected,c2c650cc7db4b5356eb4c2ba25eaf9860387a614992303a321be65940bb34284,validation,P3,2017-05-10,889,904.6415730009556,66f866a6c9dfec5321323e6be44f5495ee7553c51fca625bf0ec217766c249fc
new_p3_training,True,tuned,UA,7,R3,3cfd389bbd05ec9201a41c0892e29bf8199198d1b216b9a8061370d4240aa583,bd1488a2d411295d7a2118c50ddcc0b158786123613af1676062e2270d1637d1,9cb89005693b1b70c102178849b740fde00b50c9ba5f3b5530d0e5749ea59837,eca954c21da074c545cb7858315ea39fee0a6f54b19e06474b4f2f91f1666847,c40aaf80f5be3be16016d797963cb563e35b93083df451f9827f99cfadc3c898,6031dc4ee08b61c58b35b1efd7d764739d5c7c54dc7cbe9e9a72a1e4a7098596,e2212c40566e21c680a98186ebd8e984aa80d4fd,4d4ad03b827958468b1a231e360c7ad1aa68035c25af068059838ceae6dfa6d6,1c2a0b828a698273b3c8b45532398e4bfe29534a6c2e0bef6cf2c84f8baa5f93,R3_UA_7_selected,c2c650cc7db4b5356eb4c2ba25eaf9860387a614992303a321be65940bb34284,validation,P3,2017-05-11,881,857.6825336618074,a548eb90d9b904080853ddba728df9e79dacc93e1827adb59597b3d67f33775a
new_p3_training,True,tuned,UA,7,R3,3cfd389bbd05ec9201a41c0892e29bf8199198d1b216b9a8061370d4240aa583,bd1488a2d411295d7a2118c50ddcc0b158786123613af1676062e2270d1637d1,9cb89005693b1b70c102178849b740fde00b50c9ba5f3b5530d0e5749ea59837,eca954c21da074c545cb7858315ea39fee0a6f54b19e06474b4f2f91f1666847,c40aaf80f5be3be16016d797963cb563e35b93083df451f9827f99cfadc3c898,6031dc4ee08b61c58b35b1efd7d764739d5c7c54dc7cbe9e9a72a1e4a7098596,e2212c40566e21c680a98186ebd8e984aa80d4fd,4d4ad03b827958468b1a231e360c7ad1aa68035c25af068059838ceae6dfa6d6,1c2a0b828a698273b3c8b45532398e4bfe29534a6c2e0bef6cf2c84f8baa5f93,R3_UA_7_selected,c2c650cc7db4b5356eb4c2ba25eaf9860387a614992303a321be65940bb34284,validation,P3,2017-05-12,879,827.4574855862761,c7caf68aa07a027447ec637613b47a3e65a741f3e2de82dc9d88648b4a2e71c9
new_p3_training,True,tuned,UA,7,R3,3cfd389bbd05ec9201a41c0892e29bf8199198d1b216b9a8061370d4240aa583,bd1488a2d411295d7a2118c50ddcc0b158786123613af1676062e2270d1637d1,9cb89005693b1b70c102178849b740fde00b50c9ba5f3b5530d0e5749ea59837,eca954c21da074c545cb7858315ea39fee0a6f54b19e06474b4f2f91f1666847,c40aaf80f5be3be16016d797963cb563e35b93083df451f9827f99cfadc3c898,6031dc4ee08b61c58b35b1efd7d764739d5c7c54dc7cbe9e9a72a1e4a7098596,e2212c40566e21c680a98186ebd8e984aa80d4fd,4d4ad03b827958468b1a231e360c7ad1aa68035c25af068059838ceae6dfa6d6,1c2a0b828a698273b3c8b45532398e4bfe29534a6c2e0bef6cf2c84f8baa5f93,R3_UA_7_selected,c2c650cc7db4b5356eb4c2ba25eaf9860387a614992303a321be65940bb34284,validation,P3,2017-05-15,866,809.8617331275611,db544a34637d201a8021ba179beb6af1df24387a32db8d9d0b1550c2deae8dc0
