split,asset_id,flag,count_true,denominator
development_holdout,KR7000030007_t,origin_cache_row_exists,3762,3762
development_holdout,KR7000030007_t,origin_workbook_row_exists,3762,3762
development_holdout,KR7000030007_t,origin_cache_ask1_present,3761,3762
development_holdout,KR7000030007_t,origin_cache_ask1_finite,3761,3762
development_holdout,KR7000030007_t,origin_cache_ask1_finite_positive,3761,3762
development_holdout,KR7000030007_t,origin_cache_ask1_nonpositive,0,3762
development_holdout,KR7000030007_t,origin_workbook_ask1_present,3761,3762
development_holdout,KR7000030007_t,origin_cache_bid1_present,3761,3762
development_holdout,KR7000030007_t,origin_cache_bid1_finite,3761,3762
development_holdout,KR7000030007_t,origin_cache_bid1_finite_positive,3761,3762
development_holdout,KR7000030007_t,origin_cache_bid1_nonpositive,0,3762
development_holdout,KR7000030007_t,origin_workbook_bid1_present,3761,3762
development_holdout,KR7000030007_t,origin_crossed,0,3762
development_holdout,KR7000030007_t,origin_locked_positive,0,3762
development_holdout,KR7000030007_t,endpoint_cache_row_exists,3762,3762
development_holdout,KR7000030007_t,endpoint_workbook_row_exists,3762,3762
development_holdout,KR7000030007_t,endpoint_cache_ask1_present,3662,3762
development_holdout,KR7000030007_t,endpoint_cache_ask1_finite,3662,3762
development_holdout,KR7000030007_t,endpoint_cache_ask1_finite_positive,3662,3762
development_holdout,KR7000030007_t,endpoint_cache_ask1_nonpositive,0,3762
development_holdout,KR7000030007_t,endpoint_workbook_ask1_present,3662,3762
development_holdout,KR7000030007_t,endpoint_cache_bid1_present,3662,3762
development_holdout,KR7000030007_t,endpoint_cache_bid1_finite,3662,3762
development_holdout,KR7000030007_t,endpoint_cache_bid1_finite_positive,3662,3762
development_holdout,KR7000030007_t,endpoint_cache_bid1_nonpositive,0,3762
development_holdout,KR7000030007_t,endpoint_workbook_bid1_present,3662,3762
development_holdout,KR7000030007_t,endpoint_crossed,0,3762
development_holdout,KR7000030007_t,endpoint_locked_positive,0,3762
development_holdout,KR7000030007_t,missing_cache_quote_any_endpoint,101,3762
development_holdout,KR7000030007_t,historical_missing_cache_endpoint,101,3762
development_holdout,KR7000030007_t,historical_missing_equal_filled_flat,101,3762
development_holdout,KR7000030007_t,origin_workbook_cache_status=matched_exact,3762,3762
development_holdout,KR7000030007_t,origin_ask1_fill_method=original,3761,3762
development_holdout,KR7000030007_t,origin_ask1_fill_method=forward_fill,1,3762
development_holdout,KR7000030007_t,origin_bid1_fill_method=original,3761,3762
development_holdout,KR7000030007_t,origin_bid1_fill_method=forward_fill,1,3762
development_holdout,KR7000030007_t,endpoint_workbook_cache_status=matched_exact,3762,3762
development_holdout,KR7000030007_t,endpoint_ask1_fill_method=original,3662,3762
development_holdout,KR7000030007_t,endpoint_ask1_fill_method=forward_fill,100,3762
development_holdout,KR7000030007_t,endpoint_bid1_fill_method=original,3662,3762
development_holdout,KR7000030007_t,endpoint_bid1_fill_method=forward_fill,100,3762
development_holdout,KR7000030007_t,historical_missing_endpoint_kind=none,3661,3762
development_holdout,KR7000030007_t,historical_missing_endpoint_kind=future,100,3762
development_holdout,KR7000030007_t,historical_missing_endpoint_kind=current,1,3762
development_holdout,KR7000100008_t,origin_cache_row_exists,3762,3762
development_holdout,KR7000100008_t,origin_workbook_row_exists,3762,3762
development_holdout,KR7000100008_t,origin_cache_ask1_present,3752,3762
development_holdout,KR7000100008_t,origin_cache_ask1_finite,3752,3762
development_holdout,KR7000100008_t,origin_cache_ask1_finite_positive,3752,3762
development_holdout,KR7000100008_t,origin_cache_ask1_nonpositive,0,3762
development_holdout,KR7000100008_t,origin_workbook_ask1_present,3752,3762
development_holdout,KR7000100008_t,origin_cache_bid1_present,3752,3762
development_holdout,KR7000100008_t,origin_cache_bid1_finite,3752,3762
development_holdout,KR7000100008_t,origin_cache_bid1_finite_positive,3752,3762
development_holdout,KR7000100008_t,origin_cache_bid1_nonpositive,0,3762
development_holdout,KR7000100008_t,origin_workbook_bid1_present,3752,3762
development_holdout,KR7000100008_t,origin_crossed,0,3762
development_holdout,KR7000100008_t,origin_locked_positive,0,3762
development_holdout,KR7000100008_t,endpoint_cache_row_exists,3762,3762
development_holdout,KR7000100008_t,endpoint_workbook_row_exists,3762,3762
development_holdout,KR7000100008_t,endpoint_cache_ask1_present,3653,3762
development_holdout,KR7000100008_t,endpoint_cache_ask1_finite,3653,3762
development_holdout,KR7000100008_t,endpoint_cache_ask1_finite_positive,3653,3762
development_holdout,KR7000100008_t,endpoint_cache_ask1_nonpositive,0,3762
development_holdout,KR7000100008_t,endpoint_workbook_ask1_present,3653,3762
development_holdout,KR7000100008_t,endpoint_cache_bid1_present,3653,3762
development_holdout,KR7000100008_t,endpoint_cache_bid1_finite,3653,3762
development_holdout,KR7000100008_t,endpoint_cache_bid1_finite_positive,3653,3762
development_holdout,KR7000100008_t,endpoint_cache_bid1_nonpositive,0,3762
development_holdout,KR7000100008_t,endpoint_workbook_bid1_present,3653,3762
development_holdout,KR7000100008_t,endpoint_crossed,0,3762
development_holdout,KR7000100008_t,endpoint_locked_positive,0,3762
development_holdout,KR7000100008_t,missing_cache_quote_any_endpoint,119,3762
development_holdout,KR7000100008_t,historical_missing_cache_endpoint,119,3762
development_holdout,KR7000100008_t,historical_missing_equal_filled_flat,111,3762
development_holdout,KR7000100008_t,origin_workbook_cache_status=matched_exact,3762,3762
development_holdout,KR7000100008_t,origin_ask1_fill_method=original,3752,3762
development_holdout,KR7000100008_t,origin_ask1_fill_method=forward_fill,10,3762
development_holdout,KR7000100008_t,origin_bid1_fill_method=original,3752,3762
development_holdout,KR7000100008_t,origin_bid1_fill_method=forward_fill,10,3762
development_holdout,KR7000100008_t,endpoint_workbook_cache_status=matched_exact,3762,3762
development_holdout,KR7000100008_t,endpoint_ask1_fill_method=original,3653,3762
development_holdout,KR7000100008_t,endpoint_ask1_fill_method=forward_fill,109,3762
development_holdout,KR7000100008_t,endpoint_bid1_fill_method=original,3653,3762
development_holdout,KR7000100008_t,endpoint_bid1_fill_method=forward_fill,109,3762
development_holdout,KR7000100008_t,historical_missing_endpoint_kind=none,3643,3762
development_holdout,KR7000100008_t,historical_missing_endpoint_kind=future,109,3762
development_holdout,KR7000100008_t,historical_missing_endpoint_kind=current,10,3762
development_holdout,KR7000120006_t,origin_cache_row_exists,3762,3762
development_holdout,KR7000120006_t,origin_workbook_row_exists,3762,3762
development_holdout,KR7000120006_t,origin_cache_ask1_present,3720,3762
development_holdout,KR7000120006_t,origin_cache_ask1_finite,3720,3762
development_holdout,KR7000120006_t,origin_cache_ask1_finite_positive,3720,3762
development_holdout,KR7000120006_t,origin_cache_ask1_nonpositive,0,3762
development_holdout,KR7000120006_t,origin_workbook_ask1_present,3720,3762
development_holdout,KR7000120006_t,origin_cache_bid1_present,3720,3762
development_holdout,KR7000120006_t,origin_cache_bid1_finite,3720,3762
development_holdout,KR7000120006_t,origin_cache_bid1_finite_positive,3720,3762
development_holdout,KR7000120006_t,origin_cache_bid1_nonpositive,0,3762
development_holdout,KR7000120006_t,origin_workbook_bid1_present,3720,3762
development_holdout,KR7000120006_t,origin_crossed,0,3762
development_holdout,KR7000120006_t,origin_locked_positive,0,3762
development_holdout,KR7000120006_t,endpoint_cache_row_exists,3762,3762
development_holdout,KR7000120006_t,endpoint_workbook_row_exists,3762,3762
development_holdout,KR7000120006_t,endpoint_cache_ask1_present,3621,3762
development_holdout,KR7000120006_t,endpoint_cache_ask1_finite,3621,3762
development_holdout,KR7000120006_t,endpoint_cache_ask1_finite_positive,3621,3762
development_holdout,KR7000120006_t,endpoint_cache_ask1_nonpositive,0,3762
development_holdout,KR7000120006_t,endpoint_workbook_ask1_present,3621,3762
development_holdout,KR7000120006_t,endpoint_cache_bid1_present,3621,3762
development_holdout,KR7000120006_t,endpoint_cache_bid1_finite,3621,3762
development_holdout,KR7000120006_t,endpoint_cache_bid1_finite_positive,3621,3762
development_holdout,KR7000120006_t,endpoint_cache_bid1_nonpositive,0,3762
development_holdout,KR7000120006_t,endpoint_workbook_bid1_present,3621,3762
development_holdout,KR7000120006_t,endpoint_crossed,0,3762
development_holdout,KR7000120006_t,endpoint_locked_positive,0,3762
development_holdout,KR7000120006_t,missing_cache_quote_any_endpoint,179,3762
development_holdout,KR7000120006_t,historical_missing_cache_endpoint,179,3762
development_holdout,KR7000120006_t,historical_missing_equal_filled_flat,161,3762
development_holdout,KR7000120006_t,origin_workbook_cache_status=matched_exact,3762,3762
development_holdout,KR7000120006_t,origin_ask1_fill_method=original,3720,3762
development_holdout,KR7000120006_t,origin_ask1_fill_method=forward_fill,42,3762
development_holdout,KR7000120006_t,origin_bid1_fill_method=original,3720,3762
development_holdout,KR7000120006_t,origin_bid1_fill_method=forward_fill,42,3762
development_holdout,KR7000120006_t,endpoint_workbook_cache_status=matched_exact,3762,3762
development_holdout,KR7000120006_t,endpoint_ask1_fill_method=original,3621,3762
development_holdout,KR7000120006_t,endpoint_ask1_fill_method=forward_fill,141,3762
development_holdout,KR7000120006_t,endpoint_bid1_fill_method=original,3621,3762
development_holdout,KR7000120006_t,endpoint_bid1_fill_method=forward_fill,141,3762
development_holdout,KR7000120006_t,historical_missing_endpoint_kind=none,3583,3762
development_holdout,KR7000120006_t,historical_missing_endpoint_kind=future,137,3762
development_holdout,KR7000120006_t,historical_missing_endpoint_kind=current,38,3762
development_holdout,KR7000120006_t,historical_missing_endpoint_kind=both,4,3762
development_holdout,KR7000150003_t,origin_cache_row_exists,3762,3762
development_holdout,KR7000150003_t,origin_workbook_row_exists,3762,3762
development_holdout,KR7000150003_t,origin_cache_ask1_present,3742,3762
development_holdout,KR7000150003_t,origin_cache_ask1_finite,3742,3762
development_holdout,KR7000150003_t,origin_cache_ask1_finite_positive,3742,3762
development_holdout,KR7000150003_t,origin_cache_ask1_nonpositive,0,3762
development_holdout,KR7000150003_t,origin_workbook_ask1_present,3742,3762
development_holdout,KR7000150003_t,origin_cache_bid1_present,3742,3762
development_holdout,KR7000150003_t,origin_cache_bid1_finite,3742,3762
development_holdout,KR7000150003_t,origin_cache_bid1_finite_positive,3742,3762
development_holdout,KR7000150003_t,origin_cache_bid1_nonpositive,0,3762
development_holdout,KR7000150003_t,origin_workbook_bid1_present,3742,3762
development_holdout,KR7000150003_t,origin_crossed,0,3762
development_holdout,KR7000150003_t,origin_locked_positive,0,3762
development_holdout,KR7000150003_t,endpoint_cache_row_exists,3762,3762
development_holdout,KR7000150003_t,endpoint_workbook_row_exists,3762,3762
development_holdout,KR7000150003_t,endpoint_cache_ask1_present,3643,3762
development_holdout,KR7000150003_t,endpoint_cache_ask1_finite,3643,3762
development_holdout,KR7000150003_t,endpoint_cache_ask1_finite_positive,3643,3762
development_holdout,KR7000150003_t,endpoint_cache_ask1_nonpositive,0,3762
development_holdout,KR7000150003_t,endpoint_workbook_ask1_present,3643,3762
development_holdout,KR7000150003_t,endpoint_cache_bid1_present,3643,3762
development_holdout,KR7000150003_t,endpoint_cache_bid1_finite,3643,3762
development_holdout,KR7000150003_t,endpoint_cache_bid1_finite_positive,3643,3762
development_holdout,KR7000150003_t,endpoint_cache_bid1_nonpositive,0,3762
development_holdout,KR7000150003_t,endpoint_workbook_bid1_present,3643,3762
development_holdout,KR7000150003_t,endpoint_crossed,0,3762
development_holdout,KR7000150003_t,endpoint_locked_positive,0,3762
development_holdout,KR7000150003_t,missing_cache_quote_any_endpoint,138,3762
development_holdout,KR7000150003_t,historical_missing_cache_endpoint,138,3762
development_holdout,KR7000150003_t,historical_missing_equal_filled_flat,123,3762
development_holdout,KR7000150003_t,origin_workbook_cache_status=matched_exact,3762,3762
development_holdout,KR7000150003_t,origin_ask1_fill_method=original,3742,3762
development_holdout,KR7000150003_t,origin_ask1_fill_method=forward_fill,20,3762
development_holdout,KR7000150003_t,origin_bid1_fill_method=original,3742,3762
development_holdout,KR7000150003_t,origin_bid1_fill_method=forward_fill,20,3762
development_holdout,KR7000150003_t,endpoint_workbook_cache_status=matched_exact,3762,3762
development_holdout,KR7000150003_t,endpoint_ask1_fill_method=original,3643,3762
development_holdout,KR7000150003_t,endpoint_ask1_fill_method=forward_fill,119,3762
development_holdout,KR7000150003_t,endpoint_bid1_fill_method=original,3643,3762
development_holdout,KR7000150003_t,endpoint_bid1_fill_method=forward_fill,119,3762
development_holdout,KR7000150003_t,historical_missing_endpoint_kind=none,3624,3762
development_holdout,KR7000150003_t,historical_missing_endpoint_kind=future,118,3762
development_holdout,KR7000150003_t,historical_missing_endpoint_kind=current,19,3762
development_holdout,KR7000150003_t,historical_missing_endpoint_kind=both,1,3762
development_holdout,KR7000270009_t,origin_cache_row_exists,3762,3762
development_holdout,KR7000270009_t,origin_workbook_row_exists,3762,3762
development_holdout,KR7000270009_t,origin_cache_ask1_present,3762,3762
development_holdout,KR7000270009_t,origin_cache_ask1_finite,3762,3762
development_holdout,KR7000270009_t,origin_cache_ask1_finite_positive,3762,3762
development_holdout,KR7000270009_t,origin_cache_ask1_nonpositive,0,3762
development_holdout,KR7000270009_t,origin_workbook_ask1_present,3762,3762
development_holdout,KR7000270009_t,origin_cache_bid1_present,3762,3762
development_holdout,KR7000270009_t,origin_cache_bid1_finite,3762,3762
development_holdout,KR7000270009_t,origin_cache_bid1_finite_positive,3762,3762
development_holdout,KR7000270009_t,origin_cache_bid1_nonpositive,0,3762
development_holdout,KR7000270009_t,origin_workbook_bid1_present,3762,3762
development_holdout,KR7000270009_t,origin_crossed,0,3762
development_holdout,KR7000270009_t,origin_locked_positive,0,3762
development_holdout,KR7000270009_t,endpoint_cache_row_exists,3762,3762
development_holdout,KR7000270009_t,endpoint_workbook_row_exists,3762,3762
development_holdout,KR7000270009_t,endpoint_cache_ask1_present,3663,3762
development_holdout,KR7000270009_t,endpoint_cache_ask1_finite,3663,3762
development_holdout,KR7000270009_t,endpoint_cache_ask1_finite_positive,3663,3762
development_holdout,KR7000270009_t,endpoint_cache_ask1_nonpositive,0,3762
development_holdout,KR7000270009_t,endpoint_workbook_ask1_present,3663,3762
development_holdout,KR7000270009_t,endpoint_cache_bid1_present,3663,3762
development_holdout,KR7000270009_t,endpoint_cache_bid1_finite,3663,3762
development_holdout,KR7000270009_t,endpoint_cache_bid1_finite_positive,3663,3762
development_holdout,KR7000270009_t,endpoint_cache_bid1_nonpositive,0,3762
development_holdout,KR7000270009_t,endpoint_workbook_bid1_present,3663,3762
development_holdout,KR7000270009_t,endpoint_crossed,0,3762
development_holdout,KR7000270009_t,endpoint_locked_positive,0,3762
development_holdout,KR7000270009_t,missing_cache_quote_any_endpoint,99,3762
development_holdout,KR7000270009_t,historical_missing_cache_endpoint,99,3762
development_holdout,KR7000270009_t,historical_missing_equal_filled_flat,99,3762
development_holdout,KR7000270009_t,origin_workbook_cache_status=matched_exact,3762,3762
development_holdout,KR7000270009_t,origin_ask1_fill_method=original,3762,3762
development_holdout,KR7000270009_t,origin_bid1_fill_method=original,3762,3762
development_holdout,KR7000270009_t,endpoint_workbook_cache_status=matched_exact,3762,3762
development_holdout,KR7000270009_t,endpoint_ask1_fill_method=original,3663,3762
development_holdout,KR7000270009_t,endpoint_ask1_fill_method=forward_fill,99,3762
development_holdout,KR7000270009_t,endpoint_bid1_fill_method=original,3663,3762
development_holdout,KR7000270009_t,endpoint_bid1_fill_method=forward_fill,99,3762
development_holdout,KR7000270009_t,historical_missing_endpoint_kind=none,3663,3762
development_holdout,KR7000270009_t,historical_missing_endpoint_kind=future,99,3762
development_holdout,KR7000660001_t,origin_cache_row_exists,3762,3762
development_holdout,KR7000660001_t,origin_workbook_row_exists,3762,3762
development_holdout,KR7000660001_t,origin_cache_ask1_present,3762,3762
development_holdout,KR7000660001_t,origin_cache_ask1_finite,3762,3762
development_holdout,KR7000660001_t,origin_cache_ask1_finite_positive,3762,3762
development_holdout,KR7000660001_t,origin_cache_ask1_nonpositive,0,3762
development_holdout,KR7000660001_t,origin_workbook_ask1_present,3762,3762
development_holdout,KR7000660001_t,origin_cache_bid1_present,3762,3762
development_holdout,KR7000660001_t,origin_cache_bid1_finite,3762,3762
development_holdout,KR7000660001_t,origin_cache_bid1_finite_positive,3762,3762
development_holdout,KR7000660001_t,origin_cache_bid1_nonpositive,0,3762
development_holdout,KR7000660001_t,origin_workbook_bid1_present,3762,3762
development_holdout,KR7000660001_t,origin_crossed,0,3762
development_holdout,KR7000660001_t,origin_locked_positive,0,3762
development_holdout,KR7000660001_t,endpoint_cache_row_exists,3762,3762
development_holdout,KR7000660001_t,endpoint_workbook_row_exists,3762,3762
development_holdout,KR7000660001_t,endpoint_cache_ask1_present,3663,3762
development_holdout,KR7000660001_t,endpoint_cache_ask1_finite,3663,3762
development_holdout,KR7000660001_t,endpoint_cache_ask1_finite_positive,3663,3762
development_holdout,KR7000660001_t,endpoint_cache_ask1_nonpositive,0,3762
development_holdout,KR7000660001_t,endpoint_workbook_ask1_present,3663,3762
development_holdout,KR7000660001_t,endpoint_cache_bid1_present,3663,3762
development_holdout,KR7000660001_t,endpoint_cache_bid1_finite,3663,3762
development_holdout,KR7000660001_t,endpoint_cache_bid1_finite_positive,3663,3762
development_holdout,KR7000660001_t,endpoint_cache_bid1_nonpositive,0,3762
development_holdout,KR7000660001_t,endpoint_workbook_bid1_present,3663,3762
development_holdout,KR7000660001_t,endpoint_crossed,0,3762
development_holdout,KR7000660001_t,endpoint_locked_positive,0,3762
development_holdout,KR7000660001_t,missing_cache_quote_any_endpoint,99,3762
development_holdout,KR7000660001_t,historical_missing_cache_endpoint,99,3762
development_holdout,KR7000660001_t,historical_missing_equal_filled_flat,99,3762
development_holdout,KR7000660001_t,origin_workbook_cache_status=matched_exact,3759,3762
development_holdout,KR7000660001_t,origin_workbook_cache_status=matched_tolerance,3,3762
development_holdout,KR7000660001_t,origin_ask1_fill_method=original,3762,3762
development_holdout,KR7000660001_t,origin_bid1_fill_method=original,3762,3762
development_holdout,KR7000660001_t,endpoint_workbook_cache_status=matched_exact,3760,3762
development_holdout,KR7000660001_t,endpoint_workbook_cache_status=matched_tolerance,2,3762
development_holdout,KR7000660001_t,endpoint_ask1_fill_method=original,3663,3762
development_holdout,KR7000660001_t,endpoint_ask1_fill_method=forward_fill,99,3762
development_holdout,KR7000660001_t,endpoint_bid1_fill_method=original,3663,3762
development_holdout,KR7000660001_t,endpoint_bid1_fill_method=forward_fill,99,3762
development_holdout,KR7000660001_t,historical_missing_endpoint_kind=none,3663,3762
development_holdout,KR7000660001_t,historical_missing_endpoint_kind=future,99,3762
development_holdout,KR7000720003_t,origin_cache_row_exists,3762,3762
development_holdout,KR7000720003_t,origin_workbook_row_exists,3762,3762
development_holdout,KR7000720003_t,origin_cache_ask1_present,3762,3762
development_holdout,KR7000720003_t,origin_cache_ask1_finite,3762,3762
development_holdout,KR7000720003_t,origin_cache_ask1_finite_positive,3762,3762
development_holdout,KR7000720003_t,origin_cache_ask1_nonpositive,0,3762
development_holdout,KR7000720003_t,origin_workbook_ask1_present,3762,3762
development_holdout,KR7000720003_t,origin_cache_bid1_present,3762,3762
development_holdout,KR7000720003_t,origin_cache_bid1_finite,3762,3762
development_holdout,KR7000720003_t,origin_cache_bid1_finite_positive,3762,3762
development_holdout,KR7000720003_t,origin_cache_bid1_nonpositive,0,3762
development_holdout,KR7000720003_t,origin_workbook_bid1_present,3762,3762
development_holdout,KR7000720003_t,origin_crossed,0,3762
development_holdout,KR7000720003_t,origin_locked_positive,0,3762
development_holdout,KR7000720003_t,endpoint_cache_row_exists,3762,3762
development_holdout,KR7000720003_t,endpoint_workbook_row_exists,3762,3762
development_holdout,KR7000720003_t,endpoint_cache_ask1_present,3663,3762
development_holdout,KR7000720003_t,endpoint_cache_ask1_finite,3663,3762
development_holdout,KR7000720003_t,endpoint_cache_ask1_finite_positive,3663,3762
development_holdout,KR7000720003_t,endpoint_cache_ask1_nonpositive,0,3762
development_holdout,KR7000720003_t,endpoint_workbook_ask1_present,3663,3762
development_holdout,KR7000720003_t,endpoint_cache_bid1_present,3663,3762
development_holdout,KR7000720003_t,endpoint_cache_bid1_finite,3663,3762
development_holdout,KR7000720003_t,endpoint_cache_bid1_finite_positive,3663,3762
development_holdout,KR7000720003_t,endpoint_cache_bid1_nonpositive,0,3762
development_holdout,KR7000720003_t,endpoint_workbook_bid1_present,3663,3762
development_holdout,KR7000720003_t,endpoint_crossed,0,3762
development_holdout,KR7000720003_t,endpoint_locked_positive,0,3762
development_holdout,KR7000720003_t,missing_cache_quote_any_endpoint,99,3762
development_holdout,KR7000720003_t,historical_missing_cache_endpoint,99,3762
development_holdout,KR7000720003_t,historical_missing_equal_filled_flat,99,3762
development_holdout,KR7000720003_t,origin_workbook_cache_status=matched_exact,3759,3762
development_holdout,KR7000720003_t,origin_workbook_cache_status=matched_tolerance,3,3762
development_holdout,KR7000720003_t,origin_ask1_fill_method=original,3762,3762
development_holdout,KR7000720003_t,origin_bid1_fill_method=original,3762,3762
development_holdout,KR7000720003_t,endpoint_workbook_cache_status=matched_exact,3759,3762
development_holdout,KR7000720003_t,endpoint_workbook_cache_status=matched_tolerance,3,3762
development_holdout,KR7000720003_t,endpoint_ask1_fill_method=original,3663,3762
development_holdout,KR7000720003_t,endpoint_ask1_fill_method=forward_fill,99,3762
development_holdout,KR7000720003_t,endpoint_bid1_fill_method=original,3663,3762
development_holdout,KR7000720003_t,endpoint_bid1_fill_method=forward_fill,99,3762
development_holdout,KR7000720003_t,historical_missing_endpoint_kind=none,3663,3762
development_holdout,KR7000720003_t,historical_missing_endpoint_kind=future,99,3762
development_holdout,KR7000810002_t,origin_cache_row_exists,3762,3762
development_holdout,KR7000810002_t,origin_workbook_row_exists,3762,3762
development_holdout,KR7000810002_t,origin_cache_ask1_present,3759,3762
development_holdout,KR7000810002_t,origin_cache_ask1_finite,3759,3762
development_holdout,KR7000810002_t,origin_cache_ask1_finite_positive,3759,3762
development_holdout,KR7000810002_t,origin_cache_ask1_nonpositive,0,3762
development_holdout,KR7000810002_t,origin_workbook_ask1_present,3759,3762
development_holdout,KR7000810002_t,origin_cache_bid1_present,3759,3762
development_holdout,KR7000810002_t,origin_cache_bid1_finite,3759,3762
development_holdout,KR7000810002_t,origin_cache_bid1_finite_positive,3759,3762
development_holdout,KR7000810002_t,origin_cache_bid1_nonpositive,0,3762
development_holdout,KR7000810002_t,origin_workbook_bid1_present,3759,3762
development_holdout,KR7000810002_t,origin_crossed,0,3762
development_holdout,KR7000810002_t,origin_locked_positive,0,3762
development_holdout,KR7000810002_t,endpoint_cache_row_exists,3762,3762
development_holdout,KR7000810002_t,endpoint_workbook_row_exists,3762,3762
development_holdout,KR7000810002_t,endpoint_cache_ask1_present,3660,3762
development_holdout,KR7000810002_t,endpoint_cache_ask1_finite,3660,3762
development_holdout,KR7000810002_t,endpoint_cache_ask1_finite_positive,3660,3762
development_holdout,KR7000810002_t,endpoint_cache_ask1_nonpositive,0,3762
development_holdout,KR7000810002_t,endpoint_workbook_ask1_present,3660,3762
development_holdout,KR7000810002_t,endpoint_cache_bid1_present,3660,3762
development_holdout,KR7000810002_t,endpoint_cache_bid1_finite,3660,3762
development_holdout,KR7000810002_t,endpoint_cache_bid1_finite_positive,3660,3762
development_holdout,KR7000810002_t,endpoint_cache_bid1_nonpositive,0,3762
development_holdout,KR7000810002_t,endpoint_workbook_bid1_present,3660,3762
development_holdout,KR7000810002_t,endpoint_crossed,0,3762
development_holdout,KR7000810002_t,endpoint_locked_positive,0,3762
development_holdout,KR7000810002_t,missing_cache_quote_any_endpoint,105,3762
development_holdout,KR7000810002_t,historical_missing_cache_endpoint,105,3762
development_holdout,KR7000810002_t,historical_missing_equal_filled_flat,103,3762
development_holdout,KR7000810002_t,origin_workbook_cache_status=matched_exact,3761,3762
development_holdout,KR7000810002_t,origin_workbook_cache_status=matched_tolerance,1,3762
development_holdout,KR7000810002_t,origin_ask1_fill_method=original,3759,3762
development_holdout,KR7000810002_t,origin_ask1_fill_method=forward_fill,3,3762
development_holdout,KR7000810002_t,origin_bid1_fill_method=original,3759,3762
development_holdout,KR7000810002_t,origin_bid1_fill_method=forward_fill,3,3762
development_holdout,KR7000810002_t,endpoint_workbook_cache_status=matched_exact,3761,3762
development_holdout,KR7000810002_t,endpoint_workbook_cache_status=matched_tolerance,1,3762
development_holdout,KR7000810002_t,endpoint_ask1_fill_method=original,3660,3762
development_holdout,KR7000810002_t,endpoint_ask1_fill_method=forward_fill,102,3762
development_holdout,KR7000810002_t,endpoint_bid1_fill_method=original,3660,3762
development_holdout,KR7000810002_t,endpoint_bid1_fill_method=forward_fill,102,3762
development_holdout,KR7000810002_t,historical_missing_endpoint_kind=none,3657,3762
development_holdout,KR7000810002_t,historical_missing_endpoint_kind=future,102,3762
development_holdout,KR7000810002_t,historical_missing_endpoint_kind=current,3,3762
development_holdout,KR7001040005_t,origin_cache_row_exists,3762,3762
development_holdout,KR7001040005_t,origin_workbook_row_exists,3762,3762
development_holdout,KR7001040005_t,origin_cache_ask1_present,3758,3762
development_holdout,KR7001040005_t,origin_cache_ask1_finite,3758,3762
development_holdout,KR7001040005_t,origin_cache_ask1_finite_positive,3758,3762
development_holdout,KR7001040005_t,origin_cache_ask1_nonpositive,0,3762
development_holdout,KR7001040005_t,origin_workbook_ask1_present,3758,3762
development_holdout,KR7001040005_t,origin_cache_bid1_present,3758,3762
development_holdout,KR7001040005_t,origin_cache_bid1_finite,3758,3762
development_holdout,KR7001040005_t,origin_cache_bid1_finite_positive,3758,3762
development_holdout,KR7001040005_t,origin_cache_bid1_nonpositive,0,3762
development_holdout,KR7001040005_t,origin_workbook_bid1_present,3758,3762
development_holdout,KR7001040005_t,origin_crossed,0,3762
development_holdout,KR7001040005_t,origin_locked_positive,0,3762
development_holdout,KR7001040005_t,endpoint_cache_row_exists,3762,3762
development_holdout,KR7001040005_t,endpoint_workbook_row_exists,3762,3762
development_holdout,KR7001040005_t,endpoint_cache_ask1_present,3659,3762
development_holdout,KR7001040005_t,endpoint_cache_ask1_finite,3659,3762
development_holdout,KR7001040005_t,endpoint_cache_ask1_finite_positive,3659,3762
development_holdout,KR7001040005_t,endpoint_cache_ask1_nonpositive,0,3762
development_holdout,KR7001040005_t,endpoint_workbook_ask1_present,3659,3762
development_holdout,KR7001040005_t,endpoint_cache_bid1_present,3659,3762
development_holdout,KR7001040005_t,endpoint_cache_bid1_finite,3659,3762
development_holdout,KR7001040005_t,endpoint_cache_bid1_finite_positive,3659,3762
development_holdout,KR7001040005_t,endpoint_cache_bid1_nonpositive,0,3762
development_holdout,KR7001040005_t,endpoint_workbook_bid1_present,3659,3762
development_holdout,KR7001040005_t,endpoint_crossed,0,3762
development_holdout,KR7001040005_t,endpoint_locked_positive,0,3762
development_holdout,KR7001040005_t,missing_cache_quote_any_endpoint,107,3762
development_holdout,KR7001040005_t,historical_missing_cache_endpoint,107,3762
development_holdout,KR7001040005_t,historical_missing_equal_filled_flat,103,3762
development_holdout,KR7001040005_t,origin_workbook_cache_status=matched_exact,3762,3762
development_holdout,KR7001040005_t,origin_ask1_fill_method=original,3758,3762
development_holdout,KR7001040005_t,origin_ask1_fill_method=forward_fill,4,3762
development_holdout,KR7001040005_t,origin_bid1_fill_method=original,3758,3762
development_holdout,KR7001040005_t,origin_bid1_fill_method=forward_fill,4,3762
development_holdout,KR7001040005_t,endpoint_workbook_cache_status=matched_exact,3762,3762
development_holdout,KR7001040005_t,endpoint_ask1_fill_method=original,3659,3762
development_holdout,KR7001040005_t,endpoint_ask1_fill_method=forward_fill,103,3762
development_holdout,KR7001040005_t,endpoint_bid1_fill_method=original,3659,3762
development_holdout,KR7001040005_t,endpoint_bid1_fill_method=forward_fill,103,3762
development_holdout,KR7001040005_t,historical_missing_endpoint_kind=none,3655,3762
development_holdout,KR7001040005_t,historical_missing_endpoint_kind=future,103,3762
development_holdout,KR7001040005_t,historical_missing_endpoint_kind=current,4,3762
development_holdout,KR7001450006_t,origin_cache_row_exists,3762,3762
development_holdout,KR7001450006_t,origin_workbook_row_exists,3762,3762
development_holdout,KR7001450006_t,origin_cache_ask1_present,3758,3762
development_holdout,KR7001450006_t,origin_cache_ask1_finite,3758,3762
development_holdout,KR7001450006_t,origin_cache_ask1_finite_positive,3758,3762
development_holdout,KR7001450006_t,origin_cache_ask1_nonpositive,0,3762
development_holdout,KR7001450006_t,origin_workbook_ask1_present,3758,3762
development_holdout,KR7001450006_t,origin_cache_bid1_present,3758,3762
development_holdout,KR7001450006_t,origin_cache_bid1_finite,3758,3762
development_holdout,KR7001450006_t,origin_cache_bid1_finite_positive,3758,3762
development_holdout,KR7001450006_t,origin_cache_bid1_nonpositive,0,3762
development_holdout,KR7001450006_t,origin_workbook_bid1_present,3758,3762
development_holdout,KR7001450006_t,origin_crossed,0,3762
development_holdout,KR7001450006_t,origin_locked_positive,0,3762
development_holdout,KR7001450006_t,endpoint_cache_row_exists,3762,3762
development_holdout,KR7001450006_t,endpoint_workbook_row_exists,3762,3762
development_holdout,KR7001450006_t,endpoint_cache_ask1_present,3659,3762
development_holdout,KR7001450006_t,endpoint_cache_ask1_finite,3659,3762
development_holdout,KR7001450006_t,endpoint_cache_ask1_finite_positive,3659,3762
development_holdout,KR7001450006_t,endpoint_cache_ask1_nonpositive,0,3762
development_holdout,KR7001450006_t,endpoint_workbook_ask1_present,3659,3762
development_holdout,KR7001450006_t,endpoint_cache_bid1_present,3659,3762
development_holdout,KR7001450006_t,endpoint_cache_bid1_finite,3659,3762
development_holdout,KR7001450006_t,endpoint_cache_bid1_finite_positive,3659,3762
development_holdout,KR7001450006_t,endpoint_cache_bid1_nonpositive,0,3762
development_holdout,KR7001450006_t,endpoint_workbook_bid1_present,3659,3762
development_holdout,KR7001450006_t,endpoint_crossed,0,3762
development_holdout,KR7001450006_t,endpoint_locked_positive,0,3762
development_holdout,KR7001450006_t,missing_cache_quote_any_endpoint,107,3762
development_holdout,KR7001450006_t,historical_missing_cache_endpoint,107,3762
development_holdout,KR7001450006_t,historical_missing_equal_filled_flat,103,3762
development_holdout,KR7001450006_t,origin_workbook_cache_status=matched_exact,3762,3762
development_holdout,KR7001450006_t,origin_ask1_fill_method=original,3758,3762
development_holdout,KR7001450006_t,origin_ask1_fill_method=forward_fill,4,3762
development_holdout,KR7001450006_t,origin_bid1_fill_method=original,3758,3762
development_holdout,KR7001450006_t,origin_bid1_fill_method=forward_fill,4,3762
development_holdout,KR7001450006_t,endpoint_workbook_cache_status=matched_exact,3762,3762
development_holdout,KR7001450006_t,endpoint_ask1_fill_method=original,3659,3762
development_holdout,KR7001450006_t,endpoint_ask1_fill_method=forward_fill,103,3762
development_holdout,KR7001450006_t,endpoint_bid1_fill_method=original,3659,3762
development_holdout,KR7001450006_t,endpoint_bid1_fill_method=forward_fill,103,3762
development_holdout,KR7001450006_t,historical_missing_endpoint_kind=none,3655,3762
development_holdout,KR7001450006_t,historical_missing_endpoint_kind=future,103,3762
development_holdout,KR7001450006_t,historical_missing_endpoint_kind=current,4,3762
development_holdout,KR7002380004_t,origin_cache_row_exists,3762,3762
development_holdout,KR7002380004_t,origin_workbook_row_exists,3762,3762
development_holdout,KR7002380004_t,origin_cache_ask1_present,3743,3762
development_holdout,KR7002380004_t,origin_cache_ask1_finite,3743,3762
development_holdout,KR7002380004_t,origin_cache_ask1_finite_positive,3743,3762
development_holdout,KR7002380004_t,origin_cache_ask1_nonpositive,0,3762
development_holdout,KR7002380004_t,origin_workbook_ask1_present,3743,3762
development_holdout,KR7002380004_t,origin_cache_bid1_present,3743,3762
development_holdout,KR7002380004_t,origin_cache_bid1_finite,3743,3762
development_holdout,KR7002380004_t,origin_cache_bid1_finite_positive,3743,3762
development_holdout,KR7002380004_t,origin_cache_bid1_nonpositive,0,3762
development_holdout,KR7002380004_t,origin_workbook_bid1_present,3743,3762
development_holdout,KR7002380004_t,origin_crossed,0,3762
development_holdout,KR7002380004_t,origin_locked_positive,0,3762
development_holdout,KR7002380004_t,endpoint_cache_row_exists,3762,3762
development_holdout,KR7002380004_t,endpoint_workbook_row_exists,3762,3762
development_holdout,KR7002380004_t,endpoint_cache_ask1_present,3644,3762
development_holdout,KR7002380004_t,endpoint_cache_ask1_finite,3644,3762
development_holdout,KR7002380004_t,endpoint_cache_ask1_finite_positive,3644,3762
development_holdout,KR7002380004_t,endpoint_cache_ask1_nonpositive,0,3762
development_holdout,KR7002380004_t,endpoint_workbook_ask1_present,3644,3762
development_holdout,KR7002380004_t,endpoint_cache_bid1_present,3644,3762
development_holdout,KR7002380004_t,endpoint_cache_bid1_finite,3644,3762
development_holdout,KR7002380004_t,endpoint_cache_bid1_finite_positive,3644,3762
development_holdout,KR7002380004_t,endpoint_cache_bid1_nonpositive,0,3762
development_holdout,KR7002380004_t,endpoint_workbook_bid1_present,3644,3762
development_holdout,KR7002380004_t,endpoint_crossed,0,3762
development_holdout,KR7002380004_t,endpoint_locked_positive,0,3762
development_holdout,KR7002380004_t,missing_cache_quote_any_endpoint,135,3762
development_holdout,KR7002380004_t,historical_missing_cache_endpoint,135,3762
development_holdout,KR7002380004_t,historical_missing_equal_filled_flat,123,3762
development_holdout,KR7002380004_t,origin_workbook_cache_status=matched_exact,3762,3762
development_holdout,KR7002380004_t,origin_ask1_fill_method=original,3743,3762
development_holdout,KR7002380004_t,origin_ask1_fill_method=forward_fill,19,3762
development_holdout,KR7002380004_t,origin_bid1_fill_method=original,3743,3762
development_holdout,KR7002380004_t,origin_bid1_fill_method=forward_fill,19,3762
development_holdout,KR7002380004_t,endpoint_workbook_cache_status=matched_exact,3762,3762
development_holdout,KR7002380004_t,endpoint_ask1_fill_method=original,3644,3762
development_holdout,KR7002380004_t,endpoint_ask1_fill_method=forward_fill,118,3762
development_holdout,KR7002380004_t,endpoint_bid1_fill_method=original,3644,3762
development_holdout,KR7002380004_t,endpoint_bid1_fill_method=forward_fill,118,3762
development_holdout,KR7002380004_t,historical_missing_endpoint_kind=none,3627,3762
development_holdout,KR7002380004_t,historical_missing_endpoint_kind=future,116,3762
development_holdout,KR7002380004_t,historical_missing_endpoint_kind=current,17,3762
development_holdout,KR7002380004_t,historical_missing_endpoint_kind=both,2,3762
development_holdout,KR7002550002_t,origin_cache_row_exists,3762,3762
development_holdout,KR7002550002_t,origin_workbook_row_exists,3762,3762
development_holdout,KR7002550002_t,origin_cache_ask1_present,3365,3762
development_holdout,KR7002550002_t,origin_cache_ask1_finite,3365,3762
development_holdout,KR7002550002_t,origin_cache_ask1_finite_positive,3365,3762
development_holdout,KR7002550002_t,origin_cache_ask1_nonpositive,0,3762
development_holdout,KR7002550002_t,origin_workbook_ask1_present,3365,3762
development_holdout,KR7002550002_t,origin_cache_bid1_present,3365,3762
development_holdout,KR7002550002_t,origin_cache_bid1_finite,3365,3762
development_holdout,KR7002550002_t,origin_cache_bid1_finite_positive,3365,3762
development_holdout,KR7002550002_t,origin_cache_bid1_nonpositive,0,3762
development_holdout,KR7002550002_t,origin_workbook_bid1_present,3365,3762
development_holdout,KR7002550002_t,origin_crossed,0,3762
development_holdout,KR7002550002_t,origin_locked_positive,0,3762
development_holdout,KR7002550002_t,endpoint_cache_row_exists,3762,3762
development_holdout,KR7002550002_t,endpoint_workbook_row_exists,3762,3762
development_holdout,KR7002550002_t,endpoint_cache_ask1_present,3270,3762
development_holdout,KR7002550002_t,endpoint_cache_ask1_finite,3270,3762
development_holdout,KR7002550002_t,endpoint_cache_ask1_finite_positive,3270,3762
development_holdout,KR7002550002_t,endpoint_cache_ask1_nonpositive,0,3762
development_holdout,KR7002550002_t,endpoint_workbook_ask1_present,3270,3762
development_holdout,KR7002550002_t,endpoint_cache_bid1_present,3270,3762
development_holdout,KR7002550002_t,endpoint_cache_bid1_finite,3270,3762
development_holdout,KR7002550002_t,endpoint_cache_bid1_finite_positive,3270,3762
development_holdout,KR7002550002_t,endpoint_cache_bid1_nonpositive,0,3762
development_holdout,KR7002550002_t,endpoint_workbook_bid1_present,3270,3762
development_holdout,KR7002550002_t,endpoint_crossed,0,3762
development_holdout,KR7002550002_t,endpoint_locked_positive,0,3762
development_holdout,KR7002550002_t,missing_cache_quote_any_endpoint,723,3762
development_holdout,KR7002550002_t,historical_missing_cache_endpoint,723,3762
development_holdout,KR7002550002_t,historical_missing_equal_filled_flat,531,3762
development_holdout,KR7002550002_t,origin_workbook_cache_status=matched_exact,3762,3762
development_holdout,KR7002550002_t,origin_ask1_fill_method=original,3365,3762
development_holdout,KR7002550002_t,origin_ask1_fill_method=forward_fill,383,3762
development_holdout,KR7002550002_t,origin_ask1_fill_method=zero_fill,14,3762
development_holdout,KR7002550002_t,origin_bid1_fill_method=original,3365,3762
development_holdout,KR7002550002_t,origin_bid1_fill_method=forward_fill,383,3762
development_holdout,KR7002550002_t,origin_bid1_fill_method=zero_fill,14,3762
development_holdout,KR7002550002_t,endpoint_workbook_cache_status=matched_exact,3762,3762
development_holdout,KR7002550002_t,endpoint_ask1_fill_method=original,3270,3762
development_holdout,KR7002550002_t,endpoint_ask1_fill_method=forward_fill,482,3762
development_holdout,KR7002550002_t,endpoint_ask1_fill_method=zero_fill,10,3762
development_holdout,KR7002550002_t,endpoint_bid1_fill_method=original,3270,3762
development_holdout,KR7002550002_t,endpoint_bid1_fill_method=forward_fill,482,3762
development_holdout,KR7002550002_t,endpoint_bid1_fill_method=zero_fill,10,3762
development_holdout,KR7002550002_t,historical_missing_endpoint_kind=none,3039,3762
development_holdout,KR7002550002_t,historical_missing_endpoint_kind=future,326,3762
development_holdout,KR7002550002_t,historical_missing_endpoint_kind=current,231,3762
development_holdout,KR7002550002_t,historical_missing_endpoint_kind=both,166,3762
development_holdout,KR7002790004_t,origin_cache_row_exists,3762,3762
development_holdout,KR7002790004_t,origin_workbook_row_exists,3762,3762
development_holdout,KR7002790004_t,origin_cache_ask1_present,3753,3762
development_holdout,KR7002790004_t,origin_cache_ask1_finite,3753,3762
development_holdout,KR7002790004_t,origin_cache_ask1_finite_positive,3752,3762
development_holdout,KR7002790004_t,origin_cache_ask1_nonpositive,1,3762
development_holdout,KR7002790004_t,origin_workbook_ask1_present,3753,3762
development_holdout,KR7002790004_t,origin_cache_bid1_present,3753,3762
development_holdout,KR7002790004_t,origin_cache_bid1_finite,3753,3762
development_holdout,KR7002790004_t,origin_cache_bid1_finite_positive,3752,3762
development_holdout,KR7002790004_t,origin_cache_bid1_nonpositive,1,3762
development_holdout,KR7002790004_t,origin_workbook_bid1_present,3753,3762
development_holdout,KR7002790004_t,origin_crossed,0,3762
development_holdout,KR7002790004_t,origin_locked_positive,0,3762
development_holdout,KR7002790004_t,endpoint_cache_row_exists,3762,3762
development_holdout,KR7002790004_t,endpoint_workbook_row_exists,3762,3762
development_holdout,KR7002790004_t,endpoint_cache_ask1_present,3655,3762
development_holdout,KR7002790004_t,endpoint_cache_ask1_finite,3655,3762
development_holdout,KR7002790004_t,endpoint_cache_ask1_finite_positive,3653,3762
development_holdout,KR7002790004_t,endpoint_cache_ask1_nonpositive,2,3762
development_holdout,KR7002790004_t,endpoint_workbook_ask1_present,3655,3762
development_holdout,KR7002790004_t,endpoint_cache_bid1_present,3655,3762
development_holdout,KR7002790004_t,endpoint_cache_bid1_finite,3655,3762
development_holdout,KR7002790004_t,endpoint_cache_bid1_finite_positive,3653,3762
development_holdout,KR7002790004_t,endpoint_cache_bid1_nonpositive,2,3762
development_holdout,KR7002790004_t,endpoint_workbook_bid1_present,3655,3762
development_holdout,KR7002790004_t,endpoint_crossed,0,3762
development_holdout,KR7002790004_t,endpoint_locked_positive,0,3762
development_holdout,KR7002790004_t,missing_cache_quote_any_endpoint,116,3762
development_holdout,KR7002790004_t,historical_missing_cache_endpoint,116,3762
development_holdout,KR7002790004_t,historical_missing_equal_filled_flat,110,3762
development_holdout,KR7002790004_t,origin_workbook_cache_status=matched_exact,3762,3762
development_holdout,KR7002790004_t,origin_ask1_fill_method=original,3753,3762
development_holdout,KR7002790004_t,origin_ask1_fill_method=forward_fill,9,3762
development_holdout,KR7002790004_t,origin_bid1_fill_method=original,3753,3762
development_holdout,KR7002790004_t,origin_bid1_fill_method=forward_fill,9,3762
development_holdout,KR7002790004_t,endpoint_workbook_cache_status=matched_exact,3762,3762
development_holdout,KR7002790004_t,endpoint_ask1_fill_method=original,3655,3762
development_holdout,KR7002790004_t,endpoint_ask1_fill_method=forward_fill,107,3762
development_holdout,KR7002790004_t,endpoint_bid1_fill_method=original,3655,3762
development_holdout,KR7002790004_t,endpoint_bid1_fill_method=forward_fill,107,3762
development_holdout,KR7002790004_t,historical_missing_endpoint_kind=none,3646,3762
development_holdout,KR7002790004_t,historical_missing_endpoint_kind=future,107,3762
development_holdout,KR7002790004_t,historical_missing_endpoint_kind=current,9,3762
development_holdout,KR7003550001_t,origin_cache_row_exists,3762,3762
development_holdout,KR7003550001_t,origin_workbook_row_exists,3762,3762
development_holdout,KR7003550001_t,origin_cache_ask1_present,3762,3762
development_holdout,KR7003550001_t,origin_cache_ask1_finite,3762,3762
development_holdout,KR7003550001_t,origin_cache_ask1_finite_positive,3762,3762
development_holdout,KR7003550001_t,origin_cache_ask1_nonpositive,0,3762
development_holdout,KR7003550001_t,origin_workbook_ask1_present,3762,3762
development_holdout,KR7003550001_t,origin_cache_bid1_present,3762,3762
development_holdout,KR7003550001_t,origin_cache_bid1_finite,3762,3762
development_holdout,KR7003550001_t,origin_cache_bid1_finite_positive,3762,3762
development_holdout,KR7003550001_t,origin_cache_bid1_nonpositive,0,3762
development_holdout,KR7003550001_t,origin_workbook_bid1_present,3762,3762
development_holdout,KR7003550001_t,origin_crossed,0,3762
development_holdout,KR7003550001_t,origin_locked_positive,0,3762
development_holdout,KR7003550001_t,endpoint_cache_row_exists,3762,3762
development_holdout,KR7003550001_t,endpoint_workbook_row_exists,3762,3762
development_holdout,KR7003550001_t,endpoint_cache_ask1_present,3663,3762
development_holdout,KR7003550001_t,endpoint_cache_ask1_finite,3663,3762
development_holdout,KR7003550001_t,endpoint_cache_ask1_finite_positive,3663,3762
development_holdout,KR7003550001_t,endpoint_cache_ask1_nonpositive,0,3762
development_holdout,KR7003550001_t,endpoint_workbook_ask1_present,3663,3762
development_holdout,KR7003550001_t,endpoint_cache_bid1_present,3663,3762
development_holdout,KR7003550001_t,endpoint_cache_bid1_finite,3663,3762
development_holdout,KR7003550001_t,endpoint_cache_bid1_finite_positive,3663,3762
development_holdout,KR7003550001_t,endpoint_cache_bid1_nonpositive,0,3762
development_holdout,KR7003550001_t,endpoint_workbook_bid1_present,3663,3762
development_holdout,KR7003550001_t,endpoint_crossed,0,3762
development_holdout,KR7003550001_t,endpoint_locked_positive,0,3762
development_holdout,KR7003550001_t,missing_cache_quote_any_endpoint,99,3762
development_holdout,KR7003550001_t,historical_missing_cache_endpoint,99,3762
development_holdout,KR7003550001_t,historical_missing_equal_filled_flat,99,3762
development_holdout,KR7003550001_t,origin_workbook_cache_status=matched_exact,3761,3762
development_holdout,KR7003550001_t,origin_workbook_cache_status=matched_tolerance,1,3762
development_holdout,KR7003550001_t,origin_ask1_fill_method=original,3762,3762
development_holdout,KR7003550001_t,origin_bid1_fill_method=original,3762,3762
development_holdout,KR7003550001_t,endpoint_workbook_cache_status=matched_exact,3761,3762
development_holdout,KR7003550001_t,endpoint_workbook_cache_status=matched_tolerance,1,3762
development_holdout,KR7003550001_t,endpoint_ask1_fill_method=original,3663,3762
development_holdout,KR7003550001_t,endpoint_ask1_fill_method=forward_fill,99,3762
development_holdout,KR7003550001_t,endpoint_bid1_fill_method=original,3663,3762
development_holdout,KR7003550001_t,endpoint_bid1_fill_method=forward_fill,99,3762
development_holdout,KR7003550001_t,historical_missing_endpoint_kind=none,3663,3762
development_holdout,KR7003550001_t,historical_missing_endpoint_kind=future,99,3762
development_holdout,KR7004020004_t,origin_cache_row_exists,3762,3762
development_holdout,KR7004020004_t,origin_workbook_row_exists,3762,3762
development_holdout,KR7004020004_t,origin_cache_ask1_present,3762,3762
development_holdout,KR7004020004_t,origin_cache_ask1_finite,3762,3762
development_holdout,KR7004020004_t,origin_cache_ask1_finite_positive,3762,3762
development_holdout,KR7004020004_t,origin_cache_ask1_nonpositive,0,3762
development_holdout,KR7004020004_t,origin_workbook_ask1_present,3762,3762
development_holdout,KR7004020004_t,origin_cache_bid1_present,3762,3762
development_holdout,KR7004020004_t,origin_cache_bid1_finite,3762,3762
development_holdout,KR7004020004_t,origin_cache_bid1_finite_positive,3762,3762
development_holdout,KR7004020004_t,origin_cache_bid1_nonpositive,0,3762
development_holdout,KR7004020004_t,origin_workbook_bid1_present,3762,3762
development_holdout,KR7004020004_t,origin_crossed,0,3762
development_holdout,KR7004020004_t,origin_locked_positive,0,3762
development_holdout,KR7004020004_t,endpoint_cache_row_exists,3762,3762
development_holdout,KR7004020004_t,endpoint_workbook_row_exists,3762,3762
development_holdout,KR7004020004_t,endpoint_cache_ask1_present,3663,3762
development_holdout,KR7004020004_t,endpoint_cache_ask1_finite,3663,3762
development_holdout,KR7004020004_t,endpoint_cache_ask1_finite_positive,3663,3762
development_holdout,KR7004020004_t,endpoint_cache_ask1_nonpositive,0,3762
development_holdout,KR7004020004_t,endpoint_workbook_ask1_present,3663,3762
development_holdout,KR7004020004_t,endpoint_cache_bid1_present,3663,3762
development_holdout,KR7004020004_t,endpoint_cache_bid1_finite,3663,3762
development_holdout,KR7004020004_t,endpoint_cache_bid1_finite_positive,3663,3762
development_holdout,KR7004020004_t,endpoint_cache_bid1_nonpositive,0,3762
development_holdout,KR7004020004_t,endpoint_workbook_bid1_present,3663,3762
development_holdout,KR7004020004_t,endpoint_crossed,0,3762
development_holdout,KR7004020004_t,endpoint_locked_positive,0,3762
development_holdout,KR7004020004_t,missing_cache_quote_any_endpoint,99,3762
development_holdout,KR7004020004_t,historical_missing_cache_endpoint,99,3762
development_holdout,KR7004020004_t,historical_missing_equal_filled_flat,99,3762
development_holdout,KR7004020004_t,origin_workbook_cache_status=matched_exact,3759,3762
development_holdout,KR7004020004_t,origin_workbook_cache_status=matched_tolerance,3,3762
development_holdout,KR7004020004_t,origin_ask1_fill_method=original,3762,3762
development_holdout,KR7004020004_t,origin_bid1_fill_method=original,3762,3762
development_holdout,KR7004020004_t,endpoint_workbook_cache_status=matched_exact,3759,3762
development_holdout,KR7004020004_t,endpoint_workbook_cache_status=matched_tolerance,3,3762
development_holdout,KR7004020004_t,endpoint_ask1_fill_method=original,3663,3762
development_holdout,KR7004020004_t,endpoint_ask1_fill_method=forward_fill,99,3762
development_holdout,KR7004020004_t,endpoint_bid1_fill_method=original,3663,3762
development_holdout,KR7004020004_t,endpoint_bid1_fill_method=forward_fill,99,3762
development_holdout,KR7004020004_t,historical_missing_endpoint_kind=none,3663,3762
development_holdout,KR7004020004_t,historical_missing_endpoint_kind=future,99,3762
development_holdout,KR7004170007_t,origin_cache_row_exists,3762,3762
development_holdout,KR7004170007_t,origin_workbook_row_exists,3762,3762
development_holdout,KR7004170007_t,origin_cache_ask1_present,3761,3762
development_holdout,KR7004170007_t,origin_cache_ask1_finite,3761,3762
development_holdout,KR7004170007_t,origin_cache_ask1_finite_positive,3761,3762
development_holdout,KR7004170007_t,origin_cache_ask1_nonpositive,0,3762
development_holdout,KR7004170007_t,origin_workbook_ask1_present,3761,3762
development_holdout,KR7004170007_t,origin_cache_bid1_present,3761,3762
development_holdout,KR7004170007_t,origin_cache_bid1_finite,3761,3762
development_holdout,KR7004170007_t,origin_cache_bid1_finite_positive,3761,3762
development_holdout,KR7004170007_t,origin_cache_bid1_nonpositive,0,3762
development_holdout,KR7004170007_t,origin_workbook_bid1_present,3761,3762
development_holdout,KR7004170007_t,origin_crossed,0,3762
development_holdout,KR7004170007_t,origin_locked_positive,0,3762
development_holdout,KR7004170007_t,endpoint_cache_row_exists,3762,3762
development_holdout,KR7004170007_t,endpoint_workbook_row_exists,3762,3762
development_holdout,KR7004170007_t,endpoint_cache_ask1_present,3662,3762
development_holdout,KR7004170007_t,endpoint_cache_ask1_finite,3662,3762
development_holdout,KR7004170007_t,endpoint_cache_ask1_finite_positive,3662,3762
development_holdout,KR7004170007_t,endpoint_cache_ask1_nonpositive,0,3762
development_holdout,KR7004170007_t,endpoint_workbook_ask1_present,3662,3762
development_holdout,KR7004170007_t,endpoint_cache_bid1_present,3662,3762
development_holdout,KR7004170007_t,endpoint_cache_bid1_finite,3662,3762
development_holdout,KR7004170007_t,endpoint_cache_bid1_finite_positive,3662,3762
development_holdout,KR7004170007_t,endpoint_cache_bid1_nonpositive,0,3762
development_holdout,KR7004170007_t,endpoint_workbook_bid1_present,3662,3762
development_holdout,KR7004170007_t,endpoint_crossed,0,3762
development_holdout,KR7004170007_t,endpoint_locked_positive,0,3762
development_holdout,KR7004170007_t,missing_cache_quote_any_endpoint,101,3762
development_holdout,KR7004170007_t,historical_missing_cache_endpoint,101,3762
development_holdout,KR7004170007_t,historical_missing_equal_filled_flat,100,3762
development_holdout,KR7004170007_t,origin_workbook_cache_status=matched_exact,3762,3762
development_holdout,KR7004170007_t,origin_ask1_fill_method=original,3761,3762
development_holdout,KR7004170007_t,origin_ask1_fill_method=forward_fill,1,3762
development_holdout,KR7004170007_t,origin_bid1_fill_method=original,3761,3762
development_holdout,KR7004170007_t,origin_bid1_fill_method=forward_fill,1,3762
development_holdout,KR7004170007_t,endpoint_workbook_cache_status=matched_exact,3762,3762
development_holdout,KR7004170007_t,endpoint_ask1_fill_method=original,3662,3762
development_holdout,KR7004170007_t,endpoint_ask1_fill_method=forward_fill,100,3762
development_holdout,KR7004170007_t,endpoint_bid1_fill_method=original,3662,3762
development_holdout,KR7004170007_t,endpoint_bid1_fill_method=forward_fill,100,3762
development_holdout,KR7004170007_t,historical_missing_endpoint_kind=none,3661,3762
development_holdout,KR7004170007_t,historical_missing_endpoint_kind=future,100,3762
development_holdout,KR7004170007_t,historical_missing_endpoint_kind=current,1,3762
development_holdout,KR7005300009_t,origin_cache_row_exists,3762,3762
development_holdout,KR7005300009_t,origin_workbook_row_exists,3762,3762
development_holdout,KR7005300009_t,origin_cache_ask1_present,3266,3762
development_holdout,KR7005300009_t,origin_cache_ask1_finite,3266,3762
development_holdout,KR7005300009_t,origin_cache_ask1_finite_positive,3266,3762
development_holdout,KR7005300009_t,origin_cache_ask1_nonpositive,0,3762
development_holdout,KR7005300009_t,origin_workbook_ask1_present,3266,3762
development_holdout,KR7005300009_t,origin_cache_bid1_present,3266,3762
development_holdout,KR7005300009_t,origin_cache_bid1_finite,3266,3762
development_holdout,KR7005300009_t,origin_cache_bid1_finite_positive,3266,3762
development_holdout,KR7005300009_t,origin_cache_bid1_nonpositive,0,3762
development_holdout,KR7005300009_t,origin_workbook_bid1_present,3266,3762
development_holdout,KR7005300009_t,origin_crossed,0,3762
development_holdout,KR7005300009_t,origin_locked_positive,0,3762
development_holdout,KR7005300009_t,endpoint_cache_row_exists,3762,3762
development_holdout,KR7005300009_t,endpoint_workbook_row_exists,3762,3762
development_holdout,KR7005300009_t,endpoint_cache_ask1_present,3167,3762
development_holdout,KR7005300009_t,endpoint_cache_ask1_finite,3167,3762
development_holdout,KR7005300009_t,endpoint_cache_ask1_finite_positive,3167,3762
development_holdout,KR7005300009_t,endpoint_cache_ask1_nonpositive,0,3762
development_holdout,KR7005300009_t,endpoint_workbook_ask1_present,3167,3762
development_holdout,KR7005300009_t,endpoint_cache_bid1_present,3167,3762
development_holdout,KR7005300009_t,endpoint_cache_bid1_finite,3167,3762
development_holdout,KR7005300009_t,endpoint_cache_bid1_finite_positive,3167,3762
development_holdout,KR7005300009_t,endpoint_cache_bid1_nonpositive,0,3762
development_holdout,KR7005300009_t,endpoint_workbook_bid1_present,3167,3762
development_holdout,KR7005300009_t,endpoint_crossed,0,3762
development_holdout,KR7005300009_t,endpoint_locked_positive,0,3762
development_holdout,KR7005300009_t,missing_cache_quote_any_endpoint,947,3762
development_holdout,KR7005300009_t,historical_missing_cache_endpoint,947,3762
development_holdout,KR7005300009_t,historical_missing_equal_filled_flat,658,3762
development_holdout,KR7005300009_t,origin_workbook_cache_status=matched_exact,3761,3762
development_holdout,KR7005300009_t,origin_workbook_cache_status=matched_tolerance,1,3762
development_holdout,KR7005300009_t,origin_ask1_fill_method=original,3266,3762
development_holdout,KR7005300009_t,origin_ask1_fill_method=forward_fill,496,3762
development_holdout,KR7005300009_t,origin_bid1_fill_method=original,3266,3762
development_holdout,KR7005300009_t,origin_bid1_fill_method=forward_fill,496,3762
development_holdout,KR7005300009_t,endpoint_workbook_cache_status=matched_exact,3761,3762
development_holdout,KR7005300009_t,endpoint_workbook_cache_status=matched_tolerance,1,3762
development_holdout,KR7005300009_t,endpoint_ask1_fill_method=original,3167,3762
development_holdout,KR7005300009_t,endpoint_ask1_fill_method=forward_fill,595,3762
development_holdout,KR7005300009_t,endpoint_bid1_fill_method=original,3167,3762
development_holdout,KR7005300009_t,endpoint_bid1_fill_method=forward_fill,595,3762
development_holdout,KR7005300009_t,historical_missing_endpoint_kind=none,2815,3762
development_holdout,KR7005300009_t,historical_missing_endpoint_kind=future,451,3762
development_holdout,KR7005300009_t,historical_missing_endpoint_kind=current,352,3762
development_holdout,KR7005300009_t,historical_missing_endpoint_kind=both,144,3762
development_holdout,KR7005380001_t,origin_cache_row_exists,3762,3762
development_holdout,KR7005380001_t,origin_workbook_row_exists,3762,3762
development_holdout,KR7005380001_t,origin_cache_ask1_present,3762,3762
development_holdout,KR7005380001_t,origin_cache_ask1_finite,3762,3762
development_holdout,KR7005380001_t,origin_cache_ask1_finite_positive,3762,3762
development_holdout,KR7005380001_t,origin_cache_ask1_nonpositive,0,3762
development_holdout,KR7005380001_t,origin_workbook_ask1_present,3762,3762
development_holdout,KR7005380001_t,origin_cache_bid1_present,3762,3762
development_holdout,KR7005380001_t,origin_cache_bid1_finite,3762,3762
development_holdout,KR7005380001_t,origin_cache_bid1_finite_positive,3762,3762
development_holdout,KR7005380001_t,origin_cache_bid1_nonpositive,0,3762
development_holdout,KR7005380001_t,origin_workbook_bid1_present,3762,3762
development_holdout,KR7005380001_t,origin_crossed,0,3762
development_holdout,KR7005380001_t,origin_locked_positive,0,3762
development_holdout,KR7005380001_t,endpoint_cache_row_exists,3762,3762
development_holdout,KR7005380001_t,endpoint_workbook_row_exists,3762,3762
development_holdout,KR7005380001_t,endpoint_cache_ask1_present,3663,3762
development_holdout,KR7005380001_t,endpoint_cache_ask1_finite,3663,3762
development_holdout,KR7005380001_t,endpoint_cache_ask1_finite_positive,3663,3762
development_holdout,KR7005380001_t,endpoint_cache_ask1_nonpositive,0,3762
development_holdout,KR7005380001_t,endpoint_workbook_ask1_present,3663,3762
development_holdout,KR7005380001_t,endpoint_cache_bid1_present,3663,3762
development_holdout,KR7005380001_t,endpoint_cache_bid1_finite,3663,3762
development_holdout,KR7005380001_t,endpoint_cache_bid1_finite_positive,3663,3762
development_holdout,KR7005380001_t,endpoint_cache_bid1_nonpositive,0,3762
development_holdout,KR7005380001_t,endpoint_workbook_bid1_present,3663,3762
development_holdout,KR7005380001_t,endpoint_crossed,0,3762
development_holdout,KR7005380001_t,endpoint_locked_positive,0,3762
development_holdout,KR7005380001_t,missing_cache_quote_any_endpoint,99,3762
development_holdout,KR7005380001_t,historical_missing_cache_endpoint,99,3762
development_holdout,KR7005380001_t,historical_missing_equal_filled_flat,99,3762
development_holdout,KR7005380001_t,origin_workbook_cache_status=matched_exact,3762,3762
development_holdout,KR7005380001_t,origin_ask1_fill_method=original,3762,3762
development_holdout,KR7005380001_t,origin_bid1_fill_method=original,3762,3762
development_holdout,KR7005380001_t,endpoint_workbook_cache_status=matched_exact,3762,3762
development_holdout,KR7005380001_t,endpoint_ask1_fill_method=original,3663,3762
development_holdout,KR7005380001_t,endpoint_ask1_fill_method=forward_fill,99,3762
development_holdout,KR7005380001_t,endpoint_bid1_fill_method=original,3663,3762
development_holdout,KR7005380001_t,endpoint_bid1_fill_method=forward_fill,99,3762
development_holdout,KR7005380001_t,historical_missing_endpoint_kind=none,3663,3762
development_holdout,KR7005380001_t,historical_missing_endpoint_kind=future,99,3762
development_holdout,KR7005440003_t,origin_cache_row_exists,3762,3762
development_holdout,KR7005440003_t,origin_workbook_row_exists,3762,3762
development_holdout,KR7005440003_t,origin_cache_ask1_present,3753,3762
development_holdout,KR7005440003_t,origin_cache_ask1_finite,3753,3762
development_holdout,KR7005440003_t,origin_cache_ask1_finite_positive,3753,3762
development_holdout,KR7005440003_t,origin_cache_ask1_nonpositive,0,3762
development_holdout,KR7005440003_t,origin_workbook_ask1_present,3753,3762
development_holdout,KR7005440003_t,origin_cache_bid1_present,3753,3762
development_holdout,KR7005440003_t,origin_cache_bid1_finite,3753,3762
development_holdout,KR7005440003_t,origin_cache_bid1_finite_positive,3753,3762
development_holdout,KR7005440003_t,origin_cache_bid1_nonpositive,0,3762
development_holdout,KR7005440003_t,origin_workbook_bid1_present,3753,3762
development_holdout,KR7005440003_t,origin_crossed,0,3762
development_holdout,KR7005440003_t,origin_locked_positive,0,3762
development_holdout,KR7005440003_t,endpoint_cache_row_exists,3762,3762
development_holdout,KR7005440003_t,endpoint_workbook_row_exists,3762,3762
development_holdout,KR7005440003_t,endpoint_cache_ask1_present,3654,3762
development_holdout,KR7005440003_t,endpoint_cache_ask1_finite,3654,3762
development_holdout,KR7005440003_t,endpoint_cache_ask1_finite_positive,3654,3762
development_holdout,KR7005440003_t,endpoint_cache_ask1_nonpositive,0,3762
development_holdout,KR7005440003_t,endpoint_workbook_ask1_present,3654,3762
development_holdout,KR7005440003_t,endpoint_cache_bid1_present,3654,3762
development_holdout,KR7005440003_t,endpoint_cache_bid1_finite,3654,3762
development_holdout,KR7005440003_t,endpoint_cache_bid1_finite_positive,3654,3762
development_holdout,KR7005440003_t,endpoint_cache_bid1_nonpositive,0,3762
development_holdout,KR7005440003_t,endpoint_workbook_bid1_present,3654,3762
development_holdout,KR7005440003_t,endpoint_crossed,0,3762
development_holdout,KR7005440003_t,endpoint_locked_positive,0,3762
development_holdout,KR7005440003_t,missing_cache_quote_any_endpoint,117,3762
development_holdout,KR7005440003_t,historical_missing_cache_endpoint,117,3762
development_holdout,KR7005440003_t,historical_missing_equal_filled_flat,110,3762
development_holdout,KR7005440003_t,origin_workbook_cache_status=matched_exact,3762,3762
development_holdout,KR7005440003_t,origin_ask1_fill_method=original,3753,3762
development_holdout,KR7005440003_t,origin_ask1_fill_method=forward_fill,9,3762
development_holdout,KR7005440003_t,origin_bid1_fill_method=original,3753,3762
development_holdout,KR7005440003_t,origin_bid1_fill_method=forward_fill,9,3762
development_holdout,KR7005440003_t,endpoint_workbook_cache_status=matched_exact,3762,3762
development_holdout,KR7005440003_t,endpoint_ask1_fill_method=original,3654,3762
development_holdout,KR7005440003_t,endpoint_ask1_fill_method=forward_fill,108,3762
development_holdout,KR7005440003_t,endpoint_bid1_fill_method=original,3654,3762
development_holdout,KR7005440003_t,endpoint_bid1_fill_method=forward_fill,108,3762
development_holdout,KR7005440003_t,historical_missing_endpoint_kind=none,3645,3762
development_holdout,KR7005440003_t,historical_missing_endpoint_kind=future,108,3762
development_holdout,KR7005440003_t,historical_missing_endpoint_kind=current,9,3762
development_holdout,KR7005490008_t,origin_cache_row_exists,3762,3762
development_holdout,KR7005490008_t,origin_workbook_row_exists,3762,3762
development_holdout,KR7005490008_t,origin_cache_ask1_present,3762,3762
development_holdout,KR7005490008_t,origin_cache_ask1_finite,3762,3762
development_holdout,KR7005490008_t,origin_cache_ask1_finite_positive,3762,3762
development_holdout,KR7005490008_t,origin_cache_ask1_nonpositive,0,3762
development_holdout,KR7005490008_t,origin_workbook_ask1_present,3762,3762
development_holdout,KR7005490008_t,origin_cache_bid1_present,3762,3762
development_holdout,KR7005490008_t,origin_cache_bid1_finite,3762,3762
development_holdout,KR7005490008_t,origin_cache_bid1_finite_positive,3762,3762
development_holdout,KR7005490008_t,origin_cache_bid1_nonpositive,0,3762
development_holdout,KR7005490008_t,origin_workbook_bid1_present,3762,3762
development_holdout,KR7005490008_t,origin_crossed,0,3762
development_holdout,KR7005490008_t,origin_locked_positive,0,3762
development_holdout,KR7005490008_t,endpoint_cache_row_exists,3762,3762
development_holdout,KR7005490008_t,endpoint_workbook_row_exists,3762,3762
development_holdout,KR7005490008_t,endpoint_cache_ask1_present,3663,3762
development_holdout,KR7005490008_t,endpoint_cache_ask1_finite,3663,3762
development_holdout,KR7005490008_t,endpoint_cache_ask1_finite_positive,3663,3762
development_holdout,KR7005490008_t,endpoint_cache_ask1_nonpositive,0,3762
development_holdout,KR7005490008_t,endpoint_workbook_ask1_present,3663,3762
development_holdout,KR7005490008_t,endpoint_cache_bid1_present,3663,3762
development_holdout,KR7005490008_t,endpoint_cache_bid1_finite,3663,3762
development_holdout,KR7005490008_t,endpoint_cache_bid1_finite_positive,3663,3762
development_holdout,KR7005490008_t,endpoint_cache_bid1_nonpositive,0,3762
development_holdout,KR7005490008_t,endpoint_workbook_bid1_present,3663,3762
development_holdout,KR7005490008_t,endpoint_crossed,0,3762
development_holdout,KR7005490008_t,endpoint_locked_positive,0,3762
development_holdout,KR7005490008_t,missing_cache_quote_any_endpoint,99,3762
development_holdout,KR7005490008_t,historical_missing_cache_endpoint,99,3762
development_holdout,KR7005490008_t,historical_missing_equal_filled_flat,99,3762
development_holdout,KR7005490008_t,origin_workbook_cache_status=matched_exact,3762,3762
development_holdout,KR7005490008_t,origin_ask1_fill_method=original,3762,3762
development_holdout,KR7005490008_t,origin_bid1_fill_method=original,3762,3762
development_holdout,KR7005490008_t,endpoint_workbook_cache_status=matched_exact,3762,3762
development_holdout,KR7005490008_t,endpoint_ask1_fill_method=original,3663,3762
development_holdout,KR7005490008_t,endpoint_ask1_fill_method=forward_fill,99,3762
development_holdout,KR7005490008_t,endpoint_bid1_fill_method=original,3663,3762
development_holdout,KR7005490008_t,endpoint_bid1_fill_method=forward_fill,99,3762
development_holdout,KR7005490008_t,historical_missing_endpoint_kind=none,3663,3762
development_holdout,KR7005490008_t,historical_missing_endpoint_kind=future,99,3762
development_holdout,KR7005830005_t,origin_cache_row_exists,3762,3762
development_holdout,KR7005830005_t,origin_workbook_row_exists,3762,3762
development_holdout,KR7005830005_t,origin_cache_ask1_present,3754,3762
development_holdout,KR7005830005_t,origin_cache_ask1_finite,3754,3762
development_holdout,KR7005830005_t,origin_cache_ask1_finite_positive,3753,3762
development_holdout,KR7005830005_t,origin_cache_ask1_nonpositive,1,3762
development_holdout,KR7005830005_t,origin_workbook_ask1_present,3754,3762
development_holdout,KR7005830005_t,origin_cache_bid1_present,3754,3762
development_holdout,KR7005830005_t,origin_cache_bid1_finite,3754,3762
development_holdout,KR7005830005_t,origin_cache_bid1_finite_positive,3753,3762
development_holdout,KR7005830005_t,origin_cache_bid1_nonpositive,1,3762
development_holdout,KR7005830005_t,origin_workbook_bid1_present,3754,3762
development_holdout,KR7005830005_t,origin_crossed,0,3762
development_holdout,KR7005830005_t,origin_locked_positive,0,3762
development_holdout,KR7005830005_t,endpoint_cache_row_exists,3762,3762
development_holdout,KR7005830005_t,endpoint_workbook_row_exists,3762,3762
development_holdout,KR7005830005_t,endpoint_cache_ask1_present,3655,3762
development_holdout,KR7005830005_t,endpoint_cache_ask1_finite,3655,3762
development_holdout,KR7005830005_t,endpoint_cache_ask1_finite_positive,3654,3762
development_holdout,KR7005830005_t,endpoint_cache_ask1_nonpositive,1,3762
development_holdout,KR7005830005_t,endpoint_workbook_ask1_present,3655,3762
development_holdout,KR7005830005_t,endpoint_cache_bid1_present,3655,3762
development_holdout,KR7005830005_t,endpoint_cache_bid1_finite,3655,3762
development_holdout,KR7005830005_t,endpoint_cache_bid1_finite_positive,3654,3762
development_holdout,KR7005830005_t,endpoint_cache_bid1_nonpositive,1,3762
development_holdout,KR7005830005_t,endpoint_workbook_bid1_present,3655,3762
development_holdout,KR7005830005_t,endpoint_crossed,0,3762
development_holdout,KR7005830005_t,endpoint_locked_positive,0,3762
development_holdout,KR7005830005_t,missing_cache_quote_any_endpoint,115,3762
development_holdout,KR7005830005_t,historical_missing_cache_endpoint,115,3762
development_holdout,KR7005830005_t,historical_missing_equal_filled_flat,110,3762
development_holdout,KR7005830005_t,origin_workbook_cache_status=matched_exact,3762,3762
development_holdout,KR7005830005_t,origin_ask1_fill_method=original,3754,3762
development_holdout,KR7005830005_t,origin_ask1_fill_method=forward_fill,8,3762
development_holdout,KR7005830005_t,origin_bid1_fill_method=original,3754,3762
development_holdout,KR7005830005_t,origin_bid1_fill_method=forward_fill,8,3762
development_holdout,KR7005830005_t,endpoint_workbook_cache_status=matched_exact,3762,3762
development_holdout,KR7005830005_t,endpoint_ask1_fill_method=original,3655,3762
development_holdout,KR7005830005_t,endpoint_ask1_fill_method=forward_fill,107,3762
development_holdout,KR7005830005_t,endpoint_bid1_fill_method=original,3655,3762
development_holdout,KR7005830005_t,endpoint_bid1_fill_method=forward_fill,107,3762
development_holdout,KR7005830005_t,historical_missing_endpoint_kind=none,3647,3762
development_holdout,KR7005830005_t,historical_missing_endpoint_kind=future,107,3762
development_holdout,KR7005830005_t,historical_missing_endpoint_kind=current,8,3762
development_holdout,KR7005930003_t,origin_cache_row_exists,3762,3762
development_holdout,KR7005930003_t,origin_workbook_row_exists,3762,3762
development_holdout,KR7005930003_t,origin_cache_ask1_present,3762,3762
development_holdout,KR7005930003_t,origin_cache_ask1_finite,3762,3762
development_holdout,KR7005930003_t,origin_cache_ask1_finite_positive,3762,3762
development_holdout,KR7005930003_t,origin_cache_ask1_nonpositive,0,3762
development_holdout,KR7005930003_t,origin_workbook_ask1_present,3762,3762
development_holdout,KR7005930003_t,origin_cache_bid1_present,3762,3762
development_holdout,KR7005930003_t,origin_cache_bid1_finite,3762,3762
development_holdout,KR7005930003_t,origin_cache_bid1_finite_positive,3762,3762
development_holdout,KR7005930003_t,origin_cache_bid1_nonpositive,0,3762
development_holdout,KR7005930003_t,origin_workbook_bid1_present,3762,3762
development_holdout,KR7005930003_t,origin_crossed,0,3762
development_holdout,KR7005930003_t,origin_locked_positive,0,3762
development_holdout,KR7005930003_t,endpoint_cache_row_exists,3762,3762
development_holdout,KR7005930003_t,endpoint_workbook_row_exists,3762,3762
development_holdout,KR7005930003_t,endpoint_cache_ask1_present,3663,3762
development_holdout,KR7005930003_t,endpoint_cache_ask1_finite,3663,3762
development_holdout,KR7005930003_t,endpoint_cache_ask1_finite_positive,3663,3762
development_holdout,KR7005930003_t,endpoint_cache_ask1_nonpositive,0,3762
development_holdout,KR7005930003_t,endpoint_workbook_ask1_present,3663,3762
development_holdout,KR7005930003_t,endpoint_cache_bid1_present,3663,3762
development_holdout,KR7005930003_t,endpoint_cache_bid1_finite,3663,3762
development_holdout,KR7005930003_t,endpoint_cache_bid1_finite_positive,3663,3762
development_holdout,KR7005930003_t,endpoint_cache_bid1_nonpositive,0,3762
development_holdout,KR7005930003_t,endpoint_workbook_bid1_present,3663,3762
development_holdout,KR7005930003_t,endpoint_crossed,0,3762
development_holdout,KR7005930003_t,endpoint_locked_positive,0,3762
development_holdout,KR7005930003_t,missing_cache_quote_any_endpoint,99,3762
development_holdout,KR7005930003_t,historical_missing_cache_endpoint,99,3762
development_holdout,KR7005930003_t,historical_missing_equal_filled_flat,99,3762
development_holdout,KR7005930003_t,origin_workbook_cache_status=matched_exact,3762,3762
development_holdout,KR7005930003_t,origin_ask1_fill_method=original,3762,3762
development_holdout,KR7005930003_t,origin_bid1_fill_method=original,3762,3762
development_holdout,KR7005930003_t,endpoint_workbook_cache_status=matched_exact,3762,3762
development_holdout,KR7005930003_t,endpoint_ask1_fill_method=original,3663,3762
development_holdout,KR7005930003_t,endpoint_ask1_fill_method=forward_fill,99,3762
development_holdout,KR7005930003_t,endpoint_bid1_fill_method=original,3663,3762
development_holdout,KR7005930003_t,endpoint_bid1_fill_method=forward_fill,99,3762
development_holdout,KR7005930003_t,historical_missing_endpoint_kind=none,3663,3762
development_holdout,KR7005930003_t,historical_missing_endpoint_kind=future,99,3762
development_holdout,KR7006400006_t,origin_cache_row_exists,3762,3762
development_holdout,KR7006400006_t,origin_workbook_row_exists,3762,3762
development_holdout,KR7006400006_t,origin_cache_ask1_present,3761,3762
development_holdout,KR7006400006_t,origin_cache_ask1_finite,3761,3762
development_holdout,KR7006400006_t,origin_cache_ask1_finite_positive,3761,3762
development_holdout,KR7006400006_t,origin_cache_ask1_nonpositive,0,3762
development_holdout,KR7006400006_t,origin_workbook_ask1_present,3761,3762
development_holdout,KR7006400006_t,origin_cache_bid1_present,3761,3762
development_holdout,KR7006400006_t,origin_cache_bid1_finite,3761,3762
development_holdout,KR7006400006_t,origin_cache_bid1_finite_positive,3761,3762
development_holdout,KR7006400006_t,origin_cache_bid1_nonpositive,0,3762
development_holdout,KR7006400006_t,origin_workbook_bid1_present,3761,3762
development_holdout,KR7006400006_t,origin_crossed,0,3762
development_holdout,KR7006400006_t,origin_locked_positive,0,3762
development_holdout,KR7006400006_t,endpoint_cache_row_exists,3762,3762
development_holdout,KR7006400006_t,endpoint_workbook_row_exists,3762,3762
development_holdout,KR7006400006_t,endpoint_cache_ask1_present,3662,3762
development_holdout,KR7006400006_t,endpoint_cache_ask1_finite,3662,3762
development_holdout,KR7006400006_t,endpoint_cache_ask1_finite_positive,3662,3762
development_holdout,KR7006400006_t,endpoint_cache_ask1_nonpositive,0,3762
development_holdout,KR7006400006_t,endpoint_workbook_ask1_present,3662,3762
development_holdout,KR7006400006_t,endpoint_cache_bid1_present,3662,3762
development_holdout,KR7006400006_t,endpoint_cache_bid1_finite,3662,3762
development_holdout,KR7006400006_t,endpoint_cache_bid1_finite_positive,3662,3762
development_holdout,KR7006400006_t,endpoint_cache_bid1_nonpositive,0,3762
development_holdout,KR7006400006_t,endpoint_workbook_bid1_present,3662,3762
development_holdout,KR7006400006_t,endpoint_crossed,0,3762
development_holdout,KR7006400006_t,endpoint_locked_positive,0,3762
development_holdout,KR7006400006_t,missing_cache_quote_any_endpoint,101,3762
development_holdout,KR7006400006_t,historical_missing_cache_endpoint,101,3762
development_holdout,KR7006400006_t,historical_missing_equal_filled_flat,100,3762
development_holdout,KR7006400006_t,origin_workbook_cache_status=matched_exact,3762,3762
development_holdout,KR7006400006_t,origin_ask1_fill_method=original,3761,3762
development_holdout,KR7006400006_t,origin_ask1_fill_method=forward_fill,1,3762
development_holdout,KR7006400006_t,origin_bid1_fill_method=original,3761,3762
development_holdout,KR7006400006_t,origin_bid1_fill_method=forward_fill,1,3762
development_holdout,KR7006400006_t,endpoint_workbook_cache_status=matched_exact,3762,3762
development_holdout,KR7006400006_t,endpoint_ask1_fill_method=original,3662,3762
development_holdout,KR7006400006_t,endpoint_ask1_fill_method=forward_fill,100,3762
development_holdout,KR7006400006_t,endpoint_bid1_fill_method=original,3662,3762
development_holdout,KR7006400006_t,endpoint_bid1_fill_method=forward_fill,100,3762
development_holdout,KR7006400006_t,historical_missing_endpoint_kind=none,3661,3762
development_holdout,KR7006400006_t,historical_missing_endpoint_kind=future,100,3762
development_holdout,KR7006400006_t,historical_missing_endpoint_kind=current,1,3762
development_holdout,KR7006800007_t,origin_cache_row_exists,3762,3762
development_holdout,KR7006800007_t,origin_workbook_row_exists,3762,3762
development_holdout,KR7006800007_t,origin_cache_ask1_present,3762,3762
development_holdout,KR7006800007_t,origin_cache_ask1_finite,3762,3762
development_holdout,KR7006800007_t,origin_cache_ask1_finite_positive,3762,3762
development_holdout,KR7006800007_t,origin_cache_ask1_nonpositive,0,3762
development_holdout,KR7006800007_t,origin_workbook_ask1_present,3762,3762
development_holdout,KR7006800007_t,origin_cache_bid1_present,3762,3762
development_holdout,KR7006800007_t,origin_cache_bid1_finite,3762,3762
development_holdout,KR7006800007_t,origin_cache_bid1_finite_positive,3762,3762
development_holdout,KR7006800007_t,origin_cache_bid1_nonpositive,0,3762
development_holdout,KR7006800007_t,origin_workbook_bid1_present,3762,3762
development_holdout,KR7006800007_t,origin_crossed,0,3762
development_holdout,KR7006800007_t,origin_locked_positive,0,3762
development_holdout,KR7006800007_t,endpoint_cache_row_exists,3762,3762
development_holdout,KR7006800007_t,endpoint_workbook_row_exists,3762,3762
development_holdout,KR7006800007_t,endpoint_cache_ask1_present,3663,3762
development_holdout,KR7006800007_t,endpoint_cache_ask1_finite,3663,3762
development_holdout,KR7006800007_t,endpoint_cache_ask1_finite_positive,3663,3762
development_holdout,KR7006800007_t,endpoint_cache_ask1_nonpositive,0,3762
development_holdout,KR7006800007_t,endpoint_workbook_ask1_present,3663,3762
development_holdout,KR7006800007_t,endpoint_cache_bid1_present,3663,3762
development_holdout,KR7006800007_t,endpoint_cache_bid1_finite,3663,3762
development_holdout,KR7006800007_t,endpoint_cache_bid1_finite_positive,3663,3762
development_holdout,KR7006800007_t,endpoint_cache_bid1_nonpositive,0,3762
development_holdout,KR7006800007_t,endpoint_workbook_bid1_present,3663,3762
development_holdout,KR7006800007_t,endpoint_crossed,0,3762
development_holdout,KR7006800007_t,endpoint_locked_positive,0,3762
development_holdout,KR7006800007_t,missing_cache_quote_any_endpoint,99,3762
development_holdout,KR7006800007_t,historical_missing_cache_endpoint,99,3762
development_holdout,KR7006800007_t,historical_missing_equal_filled_flat,99,3762
development_holdout,KR7006800007_t,origin_workbook_cache_status=matched_exact,3762,3762
development_holdout,KR7006800007_t,origin_ask1_fill_method=original,3762,3762
development_holdout,KR7006800007_t,origin_bid1_fill_method=original,3762,3762
development_holdout,KR7006800007_t,endpoint_workbook_cache_status=matched_exact,3762,3762
development_holdout,KR7006800007_t,endpoint_ask1_fill_method=original,3663,3762
development_holdout,KR7006800007_t,endpoint_ask1_fill_method=forward_fill,99,3762
development_holdout,KR7006800007_t,endpoint_bid1_fill_method=original,3663,3762
development_holdout,KR7006800007_t,endpoint_bid1_fill_method=forward_fill,99,3762
development_holdout,KR7006800007_t,historical_missing_endpoint_kind=none,3663,3762
development_holdout,KR7006800007_t,historical_missing_endpoint_kind=future,99,3762
development_holdout,KR7007070006_t,origin_cache_row_exists,3762,3762
development_holdout,KR7007070006_t,origin_workbook_row_exists,3762,3762
development_holdout,KR7007070006_t,origin_cache_ask1_present,3759,3762
development_holdout,KR7007070006_t,origin_cache_ask1_finite,3759,3762
development_holdout,KR7007070006_t,origin_cache_ask1_finite_positive,3759,3762
development_holdout,KR7007070006_t,origin_cache_ask1_nonpositive,0,3762
development_holdout,KR7007070006_t,origin_workbook_ask1_present,3759,3762
development_holdout,KR7007070006_t,origin_cache_bid1_present,3759,3762
development_holdout,KR7007070006_t,origin_cache_bid1_finite,3759,3762
development_holdout,KR7007070006_t,origin_cache_bid1_finite_positive,3759,3762
development_holdout,KR7007070006_t,origin_cache_bid1_nonpositive,0,3762
development_holdout,KR7007070006_t,origin_workbook_bid1_present,3759,3762
development_holdout,KR7007070006_t,origin_crossed,0,3762
development_holdout,KR7007070006_t,origin_locked_positive,0,3762
development_holdout,KR7007070006_t,endpoint_cache_row_exists,3762,3762
development_holdout,KR7007070006_t,endpoint_workbook_row_exists,3762,3762
development_holdout,KR7007070006_t,endpoint_cache_ask1_present,3660,3762
development_holdout,KR7007070006_t,endpoint_cache_ask1_finite,3660,3762
development_holdout,KR7007070006_t,endpoint_cache_ask1_finite_positive,3660,3762
development_holdout,KR7007070006_t,endpoint_cache_ask1_nonpositive,0,3762
development_holdout,KR7007070006_t,endpoint_workbook_ask1_present,3660,3762
development_holdout,KR7007070006_t,endpoint_cache_bid1_present,3660,3762
development_holdout,KR7007070006_t,endpoint_cache_bid1_finite,3660,3762
development_holdout,KR7007070006_t,endpoint_cache_bid1_finite_positive,3660,3762
development_holdout,KR7007070006_t,endpoint_cache_bid1_nonpositive,0,3762
development_holdout,KR7007070006_t,endpoint_workbook_bid1_present,3660,3762
development_holdout,KR7007070006_t,endpoint_crossed,0,3762
development_holdout,KR7007070006_t,endpoint_locked_positive,0,3762
development_holdout,KR7007070006_t,missing_cache_quote_any_endpoint,105,3762
development_holdout,KR7007070006_t,historical_missing_cache_endpoint,105,3762
development_holdout,KR7007070006_t,historical_missing_equal_filled_flat,103,3762
development_holdout,KR7007070006_t,origin_workbook_cache_status=matched_exact,3761,3762
development_holdout,KR7007070006_t,origin_workbook_cache_status=matched_tolerance,1,3762
development_holdout,KR7007070006_t,origin_ask1_fill_method=original,3759,3762
development_holdout,KR7007070006_t,origin_ask1_fill_method=forward_fill,3,3762
development_holdout,KR7007070006_t,origin_bid1_fill_method=original,3759,3762
development_holdout,KR7007070006_t,origin_bid1_fill_method=forward_fill,3,3762
development_holdout,KR7007070006_t,endpoint_workbook_cache_status=matched_exact,3761,3762
development_holdout,KR7007070006_t,endpoint_workbook_cache_status=matched_tolerance,1,3762
development_holdout,KR7007070006_t,endpoint_ask1_fill_method=original,3660,3762
development_holdout,KR7007070006_t,endpoint_ask1_fill_method=forward_fill,102,3762
development_holdout,KR7007070006_t,endpoint_bid1_fill_method=original,3660,3762
development_holdout,KR7007070006_t,endpoint_bid1_fill_method=forward_fill,102,3762
development_holdout,KR7007070006_t,historical_missing_endpoint_kind=none,3657,3762
development_holdout,KR7007070006_t,historical_missing_endpoint_kind=future,102,3762
development_holdout,KR7007070006_t,historical_missing_endpoint_kind=current,3,3762
development_holdout,KR7008770000_t,origin_cache_row_exists,3762,3762
development_holdout,KR7008770000_t,origin_workbook_row_exists,3762,3762
development_holdout,KR7008770000_t,origin_cache_ask1_present,3759,3762
development_holdout,KR7008770000_t,origin_cache_ask1_finite,3759,3762
development_holdout,KR7008770000_t,origin_cache_ask1_finite_positive,3758,3762
development_holdout,KR7008770000_t,origin_cache_ask1_nonpositive,1,3762
development_holdout,KR7008770000_t,origin_workbook_ask1_present,3759,3762
development_holdout,KR7008770000_t,origin_cache_bid1_present,3759,3762
development_holdout,KR7008770000_t,origin_cache_bid1_finite,3759,3762
development_holdout,KR7008770000_t,origin_cache_bid1_finite_positive,3758,3762
development_holdout,KR7008770000_t,origin_cache_bid1_nonpositive,1,3762
development_holdout,KR7008770000_t,origin_workbook_bid1_present,3759,3762
development_holdout,KR7008770000_t,origin_crossed,0,3762
development_holdout,KR7008770000_t,origin_locked_positive,0,3762
development_holdout,KR7008770000_t,endpoint_cache_row_exists,3762,3762
development_holdout,KR7008770000_t,endpoint_workbook_row_exists,3762,3762
development_holdout,KR7008770000_t,endpoint_cache_ask1_present,3660,3762
development_holdout,KR7008770000_t,endpoint_cache_ask1_finite,3660,3762
development_holdout,KR7008770000_t,endpoint_cache_ask1_finite_positive,3659,3762
development_holdout,KR7008770000_t,endpoint_cache_ask1_nonpositive,1,3762
development_holdout,KR7008770000_t,endpoint_workbook_ask1_present,3660,3762
development_holdout,KR7008770000_t,endpoint_cache_bid1_present,3660,3762
development_holdout,KR7008770000_t,endpoint_cache_bid1_finite,3660,3762
development_holdout,KR7008770000_t,endpoint_cache_bid1_finite_positive,3659,3762
development_holdout,KR7008770000_t,endpoint_cache_bid1_nonpositive,1,3762
development_holdout,KR7008770000_t,endpoint_workbook_bid1_present,3660,3762
development_holdout,KR7008770000_t,endpoint_crossed,0,3762
development_holdout,KR7008770000_t,endpoint_locked_positive,0,3762
development_holdout,KR7008770000_t,missing_cache_quote_any_endpoint,105,3762
development_holdout,KR7008770000_t,historical_missing_cache_endpoint,105,3762
development_holdout,KR7008770000_t,historical_missing_equal_filled_flat,103,3762
development_holdout,KR7008770000_t,origin_workbook_cache_status=matched_exact,3760,3762
development_holdout,KR7008770000_t,origin_workbook_cache_status=matched_tolerance,2,3762
development_holdout,KR7008770000_t,origin_ask1_fill_method=original,3759,3762
development_holdout,KR7008770000_t,origin_ask1_fill_method=forward_fill,3,3762
development_holdout,KR7008770000_t,origin_bid1_fill_method=original,3759,3762
development_holdout,KR7008770000_t,origin_bid1_fill_method=forward_fill,3,3762
development_holdout,KR7008770000_t,endpoint_workbook_cache_status=matched_exact,3762,3762
development_holdout,KR7008770000_t,endpoint_ask1_fill_method=original,3660,3762
development_holdout,KR7008770000_t,endpoint_ask1_fill_method=forward_fill,102,3762
development_holdout,KR7008770000_t,endpoint_bid1_fill_method=original,3660,3762
development_holdout,KR7008770000_t,endpoint_bid1_fill_method=forward_fill,102,3762
development_holdout,KR7008770000_t,historical_missing_endpoint_kind=none,3657,3762
development_holdout,KR7008770000_t,historical_missing_endpoint_kind=future,102,3762
development_holdout,KR7008770000_t,historical_missing_endpoint_kind=current,3,3762
development_holdout,KR7009150004_t,origin_cache_row_exists,3762,3762
development_holdout,KR7009150004_t,origin_workbook_row_exists,3762,3762
development_holdout,KR7009150004_t,origin_cache_ask1_present,3762,3762
development_holdout,KR7009150004_t,origin_cache_ask1_finite,3762,3762
development_holdout,KR7009150004_t,origin_cache_ask1_finite_positive,3762,3762
development_holdout,KR7009150004_t,origin_cache_ask1_nonpositive,0,3762
development_holdout,KR7009150004_t,origin_workbook_ask1_present,3762,3762
development_holdout,KR7009150004_t,origin_cache_bid1_present,3762,3762
development_holdout,KR7009150004_t,origin_cache_bid1_finite,3762,3762
development_holdout,KR7009150004_t,origin_cache_bid1_finite_positive,3762,3762
development_holdout,KR7009150004_t,origin_cache_bid1_nonpositive,0,3762
development_holdout,KR7009150004_t,origin_workbook_bid1_present,3762,3762
development_holdout,KR7009150004_t,origin_crossed,0,3762
development_holdout,KR7009150004_t,origin_locked_positive,0,3762
development_holdout,KR7009150004_t,endpoint_cache_row_exists,3762,3762
development_holdout,KR7009150004_t,endpoint_workbook_row_exists,3762,3762
development_holdout,KR7009150004_t,endpoint_cache_ask1_present,3663,3762
development_holdout,KR7009150004_t,endpoint_cache_ask1_finite,3663,3762
development_holdout,KR7009150004_t,endpoint_cache_ask1_finite_positive,3663,3762
development_holdout,KR7009150004_t,endpoint_cache_ask1_nonpositive,0,3762
development_holdout,KR7009150004_t,endpoint_workbook_ask1_present,3663,3762
development_holdout,KR7009150004_t,endpoint_cache_bid1_present,3663,3762
development_holdout,KR7009150004_t,endpoint_cache_bid1_finite,3663,3762
development_holdout,KR7009150004_t,endpoint_cache_bid1_finite_positive,3663,3762
development_holdout,KR7009150004_t,endpoint_cache_bid1_nonpositive,0,3762
development_holdout,KR7009150004_t,endpoint_workbook_bid1_present,3663,3762
development_holdout,KR7009150004_t,endpoint_crossed,0,3762
development_holdout,KR7009150004_t,endpoint_locked_positive,0,3762
development_holdout,KR7009150004_t,missing_cache_quote_any_endpoint,99,3762
development_holdout,KR7009150004_t,historical_missing_cache_endpoint,99,3762
development_holdout,KR7009150004_t,historical_missing_equal_filled_flat,99,3762
development_holdout,KR7009150004_t,origin_workbook_cache_status=matched_exact,3761,3762
development_holdout,KR7009150004_t,origin_workbook_cache_status=matched_tolerance,1,3762
development_holdout,KR7009150004_t,origin_ask1_fill_method=original,3762,3762
development_holdout,KR7009150004_t,origin_bid1_fill_method=original,3762,3762
development_holdout,KR7009150004_t,endpoint_workbook_cache_status=matched_exact,3761,3762
development_holdout,KR7009150004_t,endpoint_workbook_cache_status=matched_tolerance,1,3762
development_holdout,KR7009150004_t,endpoint_ask1_fill_method=original,3663,3762
development_holdout,KR7009150004_t,endpoint_ask1_fill_method=forward_fill,99,3762
development_holdout,KR7009150004_t,endpoint_bid1_fill_method=original,3663,3762
development_holdout,KR7009150004_t,endpoint_bid1_fill_method=forward_fill,99,3762
development_holdout,KR7009150004_t,historical_missing_endpoint_kind=none,3663,3762
development_holdout,KR7009150004_t,historical_missing_endpoint_kind=future,99,3762
train,KR7000030007_t,origin_cache_row_exists,13110,13110
train,KR7000030007_t,origin_workbook_row_exists,13110,13110
train,KR7000030007_t,origin_cache_ask1_present,12740,13110
train,KR7000030007_t,origin_cache_ask1_finite,12740,13110
train,KR7000030007_t,origin_cache_ask1_finite_positive,12740,13110
train,KR7000030007_t,origin_cache_ask1_nonpositive,0,13110
train,KR7000030007_t,origin_workbook_ask1_present,12740,13110
train,KR7000030007_t,origin_cache_bid1_present,12740,13110
train,KR7000030007_t,origin_cache_bid1_finite,12740,13110
train,KR7000030007_t,origin_cache_bid1_finite_positive,12740,13110
train,KR7000030007_t,origin_cache_bid1_nonpositive,0,13110
train,KR7000030007_t,origin_workbook_bid1_present,12740,13110
train,KR7000030007_t,origin_crossed,0,13110
train,KR7000030007_t,origin_locked_positive,260,13110
train,KR7000030007_t,endpoint_cache_row_exists,13106,13110
train,KR7000030007_t,endpoint_workbook_row_exists,13106,13110
train,KR7000030007_t,endpoint_cache_ask1_present,12485,13110
train,KR7000030007_t,endpoint_cache_ask1_finite,12485,13110
train,KR7000030007_t,endpoint_cache_ask1_finite_positive,12448,13110
train,KR7000030007_t,endpoint_cache_ask1_nonpositive,37,13110
train,KR7000030007_t,endpoint_workbook_ask1_present,12485,13110
train,KR7000030007_t,endpoint_cache_bid1_present,12485,13110
train,KR7000030007_t,endpoint_cache_bid1_finite,12485,13110
train,KR7000030007_t,endpoint_cache_bid1_finite_positive,12431,13110
train,KR7000030007_t,endpoint_cache_bid1_nonpositive,54,13110
train,KR7000030007_t,endpoint_workbook_bid1_present,12485,13110
train,KR7000030007_t,endpoint_crossed,29,13110
train,KR7000030007_t,endpoint_locked_positive,260,13110
train,KR7000030007_t,missing_cache_quote_any_endpoint,901,13110
train,KR7000030007_t,historical_missing_cache_endpoint,901,13110
train,KR7000030007_t,historical_missing_equal_filled_flat,691,13110
train,KR7000030007_t,origin_workbook_cache_status=matched_exact,13108,13110
train,KR7000030007_t,origin_workbook_cache_status=matched_tolerance,2,13110
train,KR7000030007_t,origin_ask1_fill_method=original,12740,13110
train,KR7000030007_t,origin_ask1_fill_method=forward_fill,276,13110
train,KR7000030007_t,origin_ask1_fill_method=zero_fill,94,13110
train,KR7000030007_t,origin_bid1_fill_method=original,12740,13110
train,KR7000030007_t,origin_bid1_fill_method=forward_fill,276,13110
train,KR7000030007_t,origin_bid1_fill_method=zero_fill,94,13110
train,KR7000030007_t,endpoint_workbook_cache_status=matched_exact,13104,13110
train,KR7000030007_t,endpoint_workbook_cache_status=absent_in_both,4,13110
train,KR7000030007_t,endpoint_workbook_cache_status=matched_tolerance,2,13110
train,KR7000030007_t,endpoint_ask1_fill_method=original,12485,13110
train,KR7000030007_t,endpoint_ask1_fill_method=forward_fill,534,13110
train,KR7000030007_t,endpoint_ask1_fill_method=zero_fill,91,13110
train,KR7000030007_t,endpoint_bid1_fill_method=original,12485,13110
train,KR7000030007_t,endpoint_bid1_fill_method=forward_fill,534,13110
train,KR7000030007_t,endpoint_bid1_fill_method=zero_fill,91,13110
train,KR7000030007_t,historical_missing_endpoint_kind=none,12209,13110
train,KR7000030007_t,historical_missing_endpoint_kind=future,531,13110
train,KR7000030007_t,historical_missing_endpoint_kind=current,276,13110
train,KR7000030007_t,historical_missing_endpoint_kind=both,94,13110
train,KR7000100008_t,origin_cache_row_exists,13065,13110
train,KR7000100008_t,origin_workbook_row_exists,13065,13110
train,KR7000100008_t,origin_cache_ask1_present,12597,13110
train,KR7000100008_t,origin_cache_ask1_finite,12597,13110
train,KR7000100008_t,origin_cache_ask1_finite_positive,12593,13110
train,KR7000100008_t,origin_cache_ask1_nonpositive,4,13110
train,KR7000100008_t,origin_workbook_ask1_present,12597,13110
train,KR7000100008_t,origin_cache_bid1_present,12597,13110
train,KR7000100008_t,origin_cache_bid1_finite,12597,13110
train,KR7000100008_t,origin_cache_bid1_finite_positive,12592,13110
train,KR7000100008_t,origin_cache_bid1_nonpositive,5,13110
train,KR7000100008_t,origin_workbook_bid1_present,12597,13110
train,KR7000100008_t,origin_crossed,1,13110
train,KR7000100008_t,origin_locked_positive,168,13110
train,KR7000100008_t,endpoint_cache_row_exists,12976,13110
train,KR7000100008_t,endpoint_workbook_row_exists,12976,13110
train,KR7000100008_t,endpoint_cache_ask1_present,12286,13110
train,KR7000100008_t,endpoint_cache_ask1_finite,12286,13110
train,KR7000100008_t,endpoint_cache_ask1_finite_positive,12270,13110
train,KR7000100008_t,endpoint_cache_ask1_nonpositive,16,13110
train,KR7000100008_t,endpoint_workbook_ask1_present,12286,13110
train,KR7000100008_t,endpoint_cache_bid1_present,12286,13110
train,KR7000100008_t,endpoint_cache_bid1_finite,12286,13110
train,KR7000100008_t,endpoint_cache_bid1_finite_positive,12261,13110
train,KR7000100008_t,endpoint_cache_bid1_nonpositive,25,13110
train,KR7000100008_t,endpoint_workbook_bid1_present,12286,13110
train,KR7000100008_t,endpoint_crossed,8,13110
train,KR7000100008_t,endpoint_locked_positive,168,13110
train,KR7000100008_t,missing_cache_quote_any_endpoint,1138,13110
train,KR7000100008_t,historical_missing_cache_endpoint,1138,13110
train,KR7000100008_t,historical_missing_equal_filled_flat,885,13110
train,KR7000100008_t,origin_workbook_cache_status=matched_exact,13065,13110
train,KR7000100008_t,origin_workbook_cache_status=absent_in_both,45,13110
train,KR7000100008_t,origin_ask1_fill_method=original,12597,13110
train,KR7000100008_t,origin_ask1_fill_method=forward_fill,423,13110
train,KR7000100008_t,origin_ask1_fill_method=zero_fill,90,13110
train,KR7000100008_t,origin_bid1_fill_method=original,12597,13110
train,KR7000100008_t,origin_bid1_fill_method=forward_fill,423,13110
train,KR7000100008_t,origin_bid1_fill_method=zero_fill,90,13110
train,KR7000100008_t,endpoint_workbook_cache_status=matched_exact,12976,13110
train,KR7000100008_t,endpoint_workbook_cache_status=absent_in_both,134,13110
train,KR7000100008_t,endpoint_ask1_fill_method=original,12286,13110
train,KR7000100008_t,endpoint_ask1_fill_method=forward_fill,737,13110
train,KR7000100008_t,endpoint_ask1_fill_method=zero_fill,87,13110
train,KR7000100008_t,endpoint_bid1_fill_method=original,12286,13110
train,KR7000100008_t,endpoint_bid1_fill_method=forward_fill,737,13110
train,KR7000100008_t,endpoint_bid1_fill_method=zero_fill,87,13110
train,KR7000100008_t,historical_missing_endpoint_kind=none,11972,13110
train,KR7000100008_t,historical_missing_endpoint_kind=future,625,13110
train,KR7000100008_t,historical_missing_endpoint_kind=current,314,13110
train,KR7000100008_t,historical_missing_endpoint_kind=both,199,13110
train,KR7000120006_t,origin_cache_row_exists,13055,13110
train,KR7000120006_t,origin_workbook_row_exists,13055,13110
train,KR7000120006_t,origin_cache_ask1_present,12541,13110
train,KR7000120006_t,origin_cache_ask1_finite,12541,13110
train,KR7000120006_t,origin_cache_ask1_finite_positive,12539,13110
train,KR7000120006_t,origin_cache_ask1_nonpositive,2,13110
train,KR7000120006_t,origin_workbook_ask1_present,12541,13110
train,KR7000120006_t,origin_cache_bid1_present,12541,13110
train,KR7000120006_t,origin_cache_bid1_finite,12541,13110
train,KR7000120006_t,origin_cache_bid1_finite_positive,12537,13110
train,KR7000120006_t,origin_cache_bid1_nonpositive,4,13110
train,KR7000120006_t,origin_workbook_bid1_present,12541,13110
train,KR7000120006_t,origin_crossed,2,13110
train,KR7000120006_t,origin_locked_positive,138,13110
train,KR7000120006_t,endpoint_cache_row_exists,12953,13110
train,KR7000120006_t,endpoint_workbook_row_exists,12953,13110
train,KR7000120006_t,endpoint_cache_ask1_present,12216,13110
train,KR7000120006_t,endpoint_cache_ask1_finite,12216,13110
train,KR7000120006_t,endpoint_cache_ask1_finite_positive,12208,13110
train,KR7000120006_t,endpoint_cache_ask1_nonpositive,8,13110
train,KR7000120006_t,endpoint_workbook_ask1_present,12216,13110
train,KR7000120006_t,endpoint_cache_bid1_present,12216,13110
train,KR7000120006_t,endpoint_cache_bid1_finite,12216,13110
train,KR7000120006_t,endpoint_cache_bid1_finite_positive,12200,13110
train,KR7000120006_t,endpoint_cache_bid1_nonpositive,16,13110
train,KR7000120006_t,endpoint_workbook_bid1_present,12216,13110
train,KR7000120006_t,endpoint_crossed,3,13110
train,KR7000120006_t,endpoint_locked_positive,138,13110
train,KR7000120006_t,missing_cache_quote_any_endpoint,1241,13110
train,KR7000120006_t,historical_missing_cache_endpoint,1241,13110
train,KR7000120006_t,historical_missing_equal_filled_flat,990,13110
train,KR7000120006_t,origin_workbook_cache_status=matched_exact,13055,13110
train,KR7000120006_t,origin_workbook_cache_status=absent_in_both,55,13110
train,KR7000120006_t,origin_ask1_fill_method=original,12541,13110
train,KR7000120006_t,origin_ask1_fill_method=forward_fill,475,13110
train,KR7000120006_t,origin_ask1_fill_method=zero_fill,94,13110
train,KR7000120006_t,origin_bid1_fill_method=original,12541,13110
train,KR7000120006_t,origin_bid1_fill_method=forward_fill,475,13110
train,KR7000120006_t,origin_bid1_fill_method=zero_fill,94,13110
train,KR7000120006_t,endpoint_workbook_cache_status=matched_exact,12953,13110
train,KR7000120006_t,endpoint_workbook_cache_status=absent_in_both,157,13110
train,KR7000120006_t,endpoint_ask1_fill_method=original,12216,13110
train,KR7000120006_t,endpoint_ask1_fill_method=forward_fill,803,13110
train,KR7000120006_t,endpoint_ask1_fill_method=zero_fill,91,13110
train,KR7000120006_t,endpoint_bid1_fill_method=original,12216,13110
train,KR7000120006_t,endpoint_bid1_fill_method=forward_fill,803,13110
train,KR7000120006_t,endpoint_bid1_fill_method=zero_fill,91,13110
train,KR7000120006_t,historical_missing_endpoint_kind=none,11869,13110
train,KR7000120006_t,historical_missing_endpoint_kind=future,672,13110
train,KR7000120006_t,historical_missing_endpoint_kind=current,347,13110
train,KR7000120006_t,historical_missing_endpoint_kind=both,222,13110
train,KR7000150003_t,origin_cache_row_exists,13084,13110
train,KR7000150003_t,origin_workbook_row_exists,13084,13110
train,KR7000150003_t,origin_cache_ask1_present,12607,13110
train,KR7000150003_t,origin_cache_ask1_finite,12607,13110
train,KR7000150003_t,origin_cache_ask1_finite_positive,12603,13110
train,KR7000150003_t,origin_cache_ask1_nonpositive,4,13110
train,KR7000150003_t,origin_workbook_ask1_present,12607,13110
train,KR7000150003_t,origin_cache_bid1_present,12607,13110
train,KR7000150003_t,origin_cache_bid1_finite,12607,13110
train,KR7000150003_t,origin_cache_bid1_finite_positive,12604,13110
train,KR7000150003_t,origin_cache_bid1_nonpositive,3,13110
train,KR7000150003_t,origin_workbook_bid1_present,12607,13110
train,KR7000150003_t,origin_crossed,4,13110
train,KR7000150003_t,origin_locked_positive,200,13110
train,KR7000150003_t,endpoint_cache_row_exists,13023,13110
train,KR7000150003_t,endpoint_workbook_row_exists,13023,13110
train,KR7000150003_t,endpoint_cache_ask1_present,12307,13110
train,KR7000150003_t,endpoint_cache_ask1_finite,12307,13110
train,KR7000150003_t,endpoint_cache_ask1_finite_positive,12286,13110
train,KR7000150003_t,endpoint_cache_ask1_nonpositive,21,13110
train,KR7000150003_t,endpoint_workbook_ask1_present,12307,13110
train,KR7000150003_t,endpoint_cache_bid1_present,12307,13110
train,KR7000150003_t,endpoint_cache_bid1_finite,12307,13110
train,KR7000150003_t,endpoint_cache_bid1_finite_positive,12278,13110
train,KR7000150003_t,endpoint_cache_bid1_nonpositive,29,13110
train,KR7000150003_t,endpoint_workbook_bid1_present,12307,13110
train,KR7000150003_t,endpoint_crossed,15,13110
train,KR7000150003_t,endpoint_locked_positive,200,13110
train,KR7000150003_t,missing_cache_quote_any_endpoint,1148,13110
train,KR7000150003_t,historical_missing_cache_endpoint,1148,13110
train,KR7000150003_t,historical_missing_equal_filled_flat,898,13110
train,KR7000150003_t,origin_workbook_cache_status=matched_exact,13081,13110
train,KR7000150003_t,origin_workbook_cache_status=absent_in_both,26,13110
train,KR7000150003_t,origin_workbook_cache_status=matched_tolerance,3,13110
train,KR7000150003_t,origin_ask1_fill_method=original,12607,13110
train,KR7000150003_t,origin_ask1_fill_method=forward_fill,414,13110
train,KR7000150003_t,origin_ask1_fill_method=zero_fill,89,13110
train,KR7000150003_t,origin_bid1_fill_method=original,12607,13110
train,KR7000150003_t,origin_bid1_fill_method=forward_fill,414,13110
train,KR7000150003_t,origin_bid1_fill_method=zero_fill,89,13110
train,KR7000150003_t,endpoint_workbook_cache_status=matched_exact,13020,13110
train,KR7000150003_t,endpoint_workbook_cache_status=absent_in_both,87,13110
train,KR7000150003_t,endpoint_workbook_cache_status=matched_tolerance,3,13110
train,KR7000150003_t,endpoint_ask1_fill_method=original,12307,13110
train,KR7000150003_t,endpoint_ask1_fill_method=forward_fill,717,13110
train,KR7000150003_t,endpoint_ask1_fill_method=zero_fill,86,13110
train,KR7000150003_t,endpoint_bid1_fill_method=original,12307,13110
train,KR7000150003_t,endpoint_bid1_fill_method=forward_fill,717,13110
train,KR7000150003_t,endpoint_bid1_fill_method=zero_fill,86,13110
train,KR7000150003_t,historical_missing_endpoint_kind=none,11962,13110
train,KR7000150003_t,historical_missing_endpoint_kind=future,645,13110
train,KR7000150003_t,historical_missing_endpoint_kind=current,345,13110
train,KR7000150003_t,historical_missing_endpoint_kind=both,158,13110
train,KR7000270009_t,origin_cache_row_exists,13110,13110
train,KR7000270009_t,origin_workbook_row_exists,13110,13110
train,KR7000270009_t,origin_cache_ask1_present,12750,13110
train,KR7000270009_t,origin_cache_ask1_finite,12750,13110
train,KR7000270009_t,origin_cache_ask1_finite_positive,12750,13110
train,KR7000270009_t,origin_cache_ask1_nonpositive,0,13110
train,KR7000270009_t,origin_workbook_ask1_present,12750,13110
train,KR7000270009_t,origin_cache_bid1_present,12750,13110
train,KR7000270009_t,origin_cache_bid1_finite,12750,13110
train,KR7000270009_t,origin_cache_bid1_finite_positive,12749,13110
train,KR7000270009_t,origin_cache_bid1_nonpositive,1,13110
train,KR7000270009_t,origin_workbook_bid1_present,12750,13110
train,KR7000270009_t,origin_crossed,0,13110
train,KR7000270009_t,origin_locked_positive,264,13110
train,KR7000270009_t,endpoint_cache_row_exists,13107,13110
train,KR7000270009_t,endpoint_workbook_row_exists,13107,13110
train,KR7000270009_t,endpoint_cache_ask1_present,12523,13110
train,KR7000270009_t,endpoint_cache_ask1_finite,12523,13110
train,KR7000270009_t,endpoint_cache_ask1_finite_positive,12471,13110
train,KR7000270009_t,endpoint_cache_ask1_nonpositive,52,13110
train,KR7000270009_t,endpoint_workbook_ask1_present,12523,13110
train,KR7000270009_t,endpoint_cache_bid1_present,12523,13110
train,KR7000270009_t,endpoint_cache_bid1_finite,12523,13110
train,KR7000270009_t,endpoint_cache_bid1_finite_positive,12452,13110
train,KR7000270009_t,endpoint_cache_bid1_nonpositive,71,13110
train,KR7000270009_t,endpoint_workbook_bid1_present,12523,13110
train,KR7000270009_t,endpoint_crossed,41,13110
train,KR7000270009_t,endpoint_locked_positive,264,13110
train,KR7000270009_t,missing_cache_quote_any_endpoint,856,13110
train,KR7000270009_t,historical_missing_cache_endpoint,856,13110
train,KR7000270009_t,historical_missing_equal_filled_flat,640,13110
train,KR7000270009_t,origin_workbook_cache_status=matched_exact,13099,13110
train,KR7000270009_t,origin_workbook_cache_status=matched_tolerance,11,13110
train,KR7000270009_t,origin_ask1_fill_method=original,12750,13110
train,KR7000270009_t,origin_ask1_fill_method=forward_fill,271,13110
train,KR7000270009_t,origin_ask1_fill_method=zero_fill,89,13110
train,KR7000270009_t,origin_bid1_fill_method=original,12750,13110
train,KR7000270009_t,origin_bid1_fill_method=forward_fill,271,13110
train,KR7000270009_t,origin_bid1_fill_method=zero_fill,89,13110
train,KR7000270009_t,endpoint_workbook_cache_status=matched_exact,13096,13110
train,KR7000270009_t,endpoint_workbook_cache_status=matched_tolerance,11,13110
train,KR7000270009_t,endpoint_workbook_cache_status=absent_in_both,3,13110
train,KR7000270009_t,endpoint_ask1_fill_method=original,12523,13110
train,KR7000270009_t,endpoint_ask1_fill_method=forward_fill,501,13110
train,KR7000270009_t,endpoint_ask1_fill_method=zero_fill,86,13110
train,KR7000270009_t,endpoint_bid1_fill_method=original,12523,13110
train,KR7000270009_t,endpoint_bid1_fill_method=forward_fill,501,13110
train,KR7000270009_t,endpoint_bid1_fill_method=zero_fill,86,13110
train,KR7000270009_t,historical_missing_endpoint_kind=none,12254,13110
train,KR7000270009_t,historical_missing_endpoint_kind=future,496,13110
train,KR7000270009_t,historical_missing_endpoint_kind=current,269,13110
train,KR7000270009_t,historical_missing_endpoint_kind=both,91,13110
train,KR7000660001_t,origin_cache_row_exists,13110,13110
train,KR7000660001_t,origin_workbook_row_exists,13110,13110
train,KR7000660001_t,origin_cache_ask1_present,12752,13110
train,KR7000660001_t,origin_cache_ask1_finite,12752,13110
train,KR7000660001_t,origin_cache_ask1_finite_positive,12751,13110
train,KR7000660001_t,origin_cache_ask1_nonpositive,1,13110
train,KR7000660001_t,origin_workbook_ask1_present,12752,13110
train,KR7000660001_t,origin_cache_bid1_present,12752,13110
train,KR7000660001_t,origin_cache_bid1_finite,12752,13110
train,KR7000660001_t,origin_cache_bid1_finite_positive,12752,13110
train,KR7000660001_t,origin_cache_bid1_nonpositive,0,13110
train,KR7000660001_t,origin_workbook_bid1_present,12752,13110
train,KR7000660001_t,origin_crossed,1,13110
train,KR7000660001_t,origin_locked_positive,265,13110
train,KR7000660001_t,endpoint_cache_row_exists,13110,13110
train,KR7000660001_t,endpoint_workbook_row_exists,13110,13110
train,KR7000660001_t,endpoint_cache_ask1_present,12594,13110
train,KR7000660001_t,endpoint_cache_ask1_finite,12594,13110
train,KR7000660001_t,endpoint_cache_ask1_finite_positive,12504,13110
train,KR7000660001_t,endpoint_cache_ask1_nonpositive,90,13110
train,KR7000660001_t,endpoint_workbook_ask1_present,12594,13110
train,KR7000660001_t,endpoint_cache_bid1_present,12594,13110
train,KR7000660001_t,endpoint_cache_bid1_finite,12594,13110
train,KR7000660001_t,endpoint_cache_bid1_finite_positive,12491,13110
train,KR7000660001_t,endpoint_cache_bid1_nonpositive,103,13110
train,KR7000660001_t,endpoint_workbook_bid1_present,12594,13110
train,KR7000660001_t,endpoint_crossed,78,13110
train,KR7000660001_t,endpoint_locked_positive,265,13110
train,KR7000660001_t,missing_cache_quote_any_endpoint,785,13110
train,KR7000660001_t,historical_missing_cache_endpoint,785,13110
train,KR7000660001_t,historical_missing_equal_filled_flat,566,13110
train,KR7000660001_t,origin_workbook_cache_status=matched_exact,13102,13110
train,KR7000660001_t,origin_workbook_cache_status=matched_tolerance,8,13110
train,KR7000660001_t,origin_ask1_fill_method=original,12752,13110
train,KR7000660001_t,origin_ask1_fill_method=forward_fill,269,13110
train,KR7000660001_t,origin_ask1_fill_method=zero_fill,89,13110
train,KR7000660001_t,origin_bid1_fill_method=original,12752,13110
train,KR7000660001_t,origin_bid1_fill_method=forward_fill,269,13110
train,KR7000660001_t,origin_bid1_fill_method=zero_fill,89,13110
train,KR7000660001_t,endpoint_workbook_cache_status=matched_exact,13103,13110
train,KR7000660001_t,endpoint_workbook_cache_status=matched_tolerance,7,13110
train,KR7000660001_t,endpoint_ask1_fill_method=original,12594,13110
train,KR7000660001_t,endpoint_ask1_fill_method=forward_fill,430,13110
train,KR7000660001_t,endpoint_ask1_fill_method=zero_fill,86,13110
train,KR7000660001_t,endpoint_bid1_fill_method=original,12594,13110
train,KR7000660001_t,endpoint_bid1_fill_method=forward_fill,430,13110
train,KR7000660001_t,endpoint_bid1_fill_method=zero_fill,86,13110
train,KR7000660001_t,historical_missing_endpoint_kind=none,12325,13110
train,KR7000660001_t,historical_missing_endpoint_kind=future,427,13110
train,KR7000660001_t,historical_missing_endpoint_kind=current,269,13110
train,KR7000660001_t,historical_missing_endpoint_kind=both,89,13110
train,KR7000720003_t,origin_cache_row_exists,13110,13110
train,KR7000720003_t,origin_workbook_row_exists,13110,13110
train,KR7000720003_t,origin_cache_ask1_present,12746,13110
train,KR7000720003_t,origin_cache_ask1_finite,12746,13110
train,KR7000720003_t,origin_cache_ask1_finite_positive,12743,13110
train,KR7000720003_t,origin_cache_ask1_nonpositive,3,13110
train,KR7000720003_t,origin_workbook_ask1_present,12746,13110
train,KR7000720003_t,origin_cache_bid1_present,12746,13110
train,KR7000720003_t,origin_cache_bid1_finite,12746,13110
train,KR7000720003_t,origin_cache_bid1_finite_positive,12744,13110
train,KR7000720003_t,origin_cache_bid1_nonpositive,2,13110
train,KR7000720003_t,origin_workbook_bid1_present,12746,13110
train,KR7000720003_t,origin_crossed,3,13110
train,KR7000720003_t,origin_locked_positive,257,13110
train,KR7000720003_t,endpoint_cache_row_exists,13109,13110
train,KR7000720003_t,endpoint_workbook_row_exists,13109,13110
train,KR7000720003_t,endpoint_cache_ask1_present,12514,13110
train,KR7000720003_t,endpoint_cache_ask1_finite,12514,13110
train,KR7000720003_t,endpoint_cache_ask1_finite_positive,12455,13110
train,KR7000720003_t,endpoint_cache_ask1_nonpositive,59,13110
train,KR7000720003_t,endpoint_workbook_ask1_present,12514,13110
train,KR7000720003_t,endpoint_cache_bid1_present,12514,13110
train,KR7000720003_t,endpoint_cache_bid1_finite,12514,13110
train,KR7000720003_t,endpoint_cache_bid1_finite_positive,12443,13110
train,KR7000720003_t,endpoint_cache_bid1_nonpositive,71,13110
train,KR7000720003_t,endpoint_workbook_bid1_present,12514,13110
train,KR7000720003_t,endpoint_crossed,40,13110
train,KR7000720003_t,endpoint_locked_positive,257,13110
train,KR7000720003_t,missing_cache_quote_any_endpoint,867,13110
train,KR7000720003_t,historical_missing_cache_endpoint,867,13110
train,KR7000720003_t,historical_missing_equal_filled_flat,651,13110
train,KR7000720003_t,origin_workbook_cache_status=matched_exact,13107,13110
train,KR7000720003_t,origin_workbook_cache_status=matched_tolerance,3,13110
train,KR7000720003_t,origin_ask1_fill_method=original,12746,13110
train,KR7000720003_t,origin_ask1_fill_method=forward_fill,276,13110
train,KR7000720003_t,origin_ask1_fill_method=zero_fill,88,13110
train,KR7000720003_t,origin_bid1_fill_method=original,12746,13110
train,KR7000720003_t,origin_bid1_fill_method=forward_fill,276,13110
train,KR7000720003_t,origin_bid1_fill_method=zero_fill,88,13110
train,KR7000720003_t,endpoint_workbook_cache_status=matched_exact,13106,13110
train,KR7000720003_t,endpoint_workbook_cache_status=matched_tolerance,3,13110
train,KR7000720003_t,endpoint_workbook_cache_status=absent_in_both,1,13110
train,KR7000720003_t,endpoint_ask1_fill_method=original,12514,13110
train,KR7000720003_t,endpoint_ask1_fill_method=forward_fill,510,13110
train,KR7000720003_t,endpoint_ask1_fill_method=zero_fill,86,13110
train,KR7000720003_t,endpoint_bid1_fill_method=original,12514,13110
train,KR7000720003_t,endpoint_bid1_fill_method=forward_fill,510,13110
train,KR7000720003_t,endpoint_bid1_fill_method=zero_fill,86,13110
train,KR7000720003_t,historical_missing_endpoint_kind=none,12243,13110
train,KR7000720003_t,historical_missing_endpoint_kind=future,503,13110
train,KR7000720003_t,historical_missing_endpoint_kind=current,271,13110
train,KR7000720003_t,historical_missing_endpoint_kind=both,93,13110
train,KR7000810002_t,origin_cache_row_exists,13046,13110
train,KR7000810002_t,origin_workbook_row_exists,13046,13110
train,KR7000810002_t,origin_cache_ask1_present,12604,13110
train,KR7000810002_t,origin_cache_ask1_finite,12604,13110
train,KR7000810002_t,origin_cache_ask1_finite_positive,12596,13110
train,KR7000810002_t,origin_cache_ask1_nonpositive,8,13110
train,KR7000810002_t,origin_workbook_ask1_present,12604,13110
train,KR7000810002_t,origin_cache_bid1_present,12604,13110
train,KR7000810002_t,origin_cache_bid1_finite,12604,13110
train,KR7000810002_t,origin_cache_bid1_finite_positive,12599,13110
train,KR7000810002_t,origin_cache_bid1_nonpositive,5,13110
train,KR7000810002_t,origin_workbook_bid1_present,12604,13110
train,KR7000810002_t,origin_crossed,5,13110
train,KR7000810002_t,origin_locked_positive,128,13110
train,KR7000810002_t,endpoint_cache_row_exists,12920,13110
train,KR7000810002_t,endpoint_workbook_row_exists,12920,13110
train,KR7000810002_t,endpoint_cache_ask1_present,12281,13110
train,KR7000810002_t,endpoint_cache_ask1_finite,12281,13110
train,KR7000810002_t,endpoint_cache_ask1_finite_positive,12262,13110
train,KR7000810002_t,endpoint_cache_ask1_nonpositive,19,13110
train,KR7000810002_t,endpoint_workbook_ask1_present,12281,13110
train,KR7000810002_t,endpoint_cache_bid1_present,12281,13110
train,KR7000810002_t,endpoint_cache_bid1_finite,12281,13110
train,KR7000810002_t,endpoint_cache_bid1_finite_positive,12267,13110
train,KR7000810002_t,endpoint_cache_bid1_nonpositive,14,13110
train,KR7000810002_t,endpoint_workbook_bid1_present,12281,13110
train,KR7000810002_t,endpoint_crossed,11,13110
train,KR7000810002_t,endpoint_locked_positive,128,13110
train,KR7000810002_t,missing_cache_quote_any_endpoint,1106,13110
train,KR7000810002_t,historical_missing_cache_endpoint,1106,13110
train,KR7000810002_t,historical_missing_equal_filled_flat,882,13110
train,KR7000810002_t,origin_workbook_cache_status=matched_exact,13046,13110
train,KR7000810002_t,origin_workbook_cache_status=absent_in_both,64,13110
train,KR7000810002_t,origin_ask1_fill_method=original,12604,13110
train,KR7000810002_t,origin_ask1_fill_method=forward_fill,412,13110
train,KR7000810002_t,origin_ask1_fill_method=zero_fill,94,13110
train,KR7000810002_t,origin_bid1_fill_method=original,12604,13110
train,KR7000810002_t,origin_bid1_fill_method=forward_fill,412,13110
train,KR7000810002_t,origin_bid1_fill_method=zero_fill,94,13110
train,KR7000810002_t,endpoint_workbook_cache_status=matched_exact,12920,13110
train,KR7000810002_t,endpoint_workbook_cache_status=absent_in_both,190,13110
train,KR7000810002_t,endpoint_ask1_fill_method=original,12281,13110
train,KR7000810002_t,endpoint_ask1_fill_method=forward_fill,738,13110
train,KR7000810002_t,endpoint_ask1_fill_method=zero_fill,91,13110
train,KR7000810002_t,endpoint_bid1_fill_method=original,12281,13110
train,KR7000810002_t,endpoint_bid1_fill_method=forward_fill,738,13110
train,KR7000810002_t,endpoint_bid1_fill_method=zero_fill,91,13110
train,KR7000810002_t,historical_missing_endpoint_kind=none,12004,13110
train,KR7000810002_t,historical_missing_endpoint_kind=future,600,13110
train,KR7000810002_t,historical_missing_endpoint_kind=current,277,13110
train,KR7000810002_t,historical_missing_endpoint_kind=both,229,13110
train,KR7001040005_t,origin_cache_row_exists,13100,13110
train,KR7001040005_t,origin_workbook_row_exists,13100,13110
train,KR7001040005_t,origin_cache_ask1_present,12699,13110
train,KR7001040005_t,origin_cache_ask1_finite,12699,13110
train,KR7001040005_t,origin_cache_ask1_finite_positive,12697,13110
train,KR7001040005_t,origin_cache_ask1_nonpositive,2,13110
train,KR7001040005_t,origin_workbook_ask1_present,12699,13110
train,KR7001040005_t,origin_cache_bid1_present,12699,13110
train,KR7001040005_t,origin_cache_bid1_finite,12699,13110
train,KR7001040005_t,origin_cache_bid1_finite_positive,12694,13110
train,KR7001040005_t,origin_cache_bid1_nonpositive,5,13110
train,KR7001040005_t,origin_workbook_bid1_present,12699,13110
train,KR7001040005_t,origin_crossed,1,13110
train,KR7001040005_t,origin_locked_positive,220,13110
train,KR7001040005_t,endpoint_cache_row_exists,13062,13110
train,KR7001040005_t,endpoint_workbook_row_exists,13062,13110
train,KR7001040005_t,endpoint_cache_ask1_present,12398,13110
train,KR7001040005_t,endpoint_cache_ask1_finite,12398,13110
train,KR7001040005_t,endpoint_cache_ask1_finite_positive,12375,13110
train,KR7001040005_t,endpoint_cache_ask1_nonpositive,23,13110
train,KR7001040005_t,endpoint_workbook_ask1_present,12398,13110
train,KR7001040005_t,endpoint_cache_bid1_present,12398,13110
train,KR7001040005_t,endpoint_cache_bid1_finite,12398,13110
train,KR7001040005_t,endpoint_cache_bid1_finite_positive,12369,13110
train,KR7001040005_t,endpoint_cache_bid1_nonpositive,29,13110
train,KR7001040005_t,endpoint_workbook_bid1_present,12398,13110
train,KR7001040005_t,endpoint_crossed,14,13110
train,KR7001040005_t,endpoint_locked_positive,220,13110
train,KR7001040005_t,missing_cache_quote_any_endpoint,994,13110
train,KR7001040005_t,historical_missing_cache_endpoint,994,13110
train,KR7001040005_t,historical_missing_equal_filled_flat,775,13110
train,KR7001040005_t,origin_workbook_cache_status=matched_exact,13100,13110
train,KR7001040005_t,origin_workbook_cache_status=absent_in_both,10,13110
train,KR7001040005_t,origin_ask1_fill_method=original,12699,13110
train,KR7001040005_t,origin_ask1_fill_method=forward_fill,321,13110
train,KR7001040005_t,origin_ask1_fill_method=zero_fill,90,13110
train,KR7001040005_t,origin_bid1_fill_method=original,12699,13110
train,KR7001040005_t,origin_bid1_fill_method=forward_fill,321,13110
train,KR7001040005_t,origin_bid1_fill_method=zero_fill,90,13110
train,KR7001040005_t,endpoint_workbook_cache_status=matched_exact,13062,13110
train,KR7001040005_t,endpoint_workbook_cache_status=absent_in_both,48,13110
train,KR7001040005_t,endpoint_ask1_fill_method=original,12398,13110
train,KR7001040005_t,endpoint_ask1_fill_method=forward_fill,625,13110
train,KR7001040005_t,endpoint_ask1_fill_method=zero_fill,87,13110
train,KR7001040005_t,endpoint_bid1_fill_method=original,12398,13110
train,KR7001040005_t,endpoint_bid1_fill_method=forward_fill,625,13110
train,KR7001040005_t,endpoint_bid1_fill_method=zero_fill,87,13110
train,KR7001040005_t,historical_missing_endpoint_kind=none,12116,13110
train,KR7001040005_t,historical_missing_endpoint_kind=future,583,13110
train,KR7001040005_t,historical_missing_endpoint_kind=current,282,13110
train,KR7001040005_t,historical_missing_endpoint_kind=both,129,13110
train,KR7001450006_t,origin_cache_row_exists,13032,13110
train,KR7001450006_t,origin_workbook_row_exists,13032,13110
train,KR7001450006_t,origin_cache_ask1_present,12572,13110
train,KR7001450006_t,origin_cache_ask1_finite,12572,13110
train,KR7001450006_t,origin_cache_ask1_finite_positive,12561,13110
train,KR7001450006_t,origin_cache_ask1_nonpositive,11,13110
train,KR7001450006_t,origin_workbook_ask1_present,12572,13110
train,KR7001450006_t,origin_cache_bid1_present,12572,13110
train,KR7001450006_t,origin_cache_bid1_finite,12572,13110
train,KR7001450006_t,origin_cache_bid1_finite_positive,12558,13110
train,KR7001450006_t,origin_cache_bid1_nonpositive,14,13110
train,KR7001450006_t,origin_workbook_bid1_present,12572,13110
train,KR7001450006_t,origin_crossed,4,13110
train,KR7001450006_t,origin_locked_positive,99,13110
train,KR7001450006_t,endpoint_cache_row_exists,12915,13110
train,KR7001450006_t,endpoint_workbook_row_exists,12915,13110
train,KR7001450006_t,endpoint_cache_ask1_present,12246,13110
train,KR7001450006_t,endpoint_cache_ask1_finite,12246,13110
train,KR7001450006_t,endpoint_cache_ask1_finite_positive,12227,13110
train,KR7001450006_t,endpoint_cache_ask1_nonpositive,19,13110
train,KR7001450006_t,endpoint_workbook_ask1_present,12246,13110
train,KR7001450006_t,endpoint_cache_bid1_present,12246,13110
train,KR7001450006_t,endpoint_cache_bid1_finite,12246,13110
train,KR7001450006_t,endpoint_cache_bid1_finite_positive,12226,13110
train,KR7001450006_t,endpoint_cache_bid1_nonpositive,20,13110
train,KR7001450006_t,endpoint_workbook_bid1_present,12246,13110
train,KR7001450006_t,endpoint_crossed,10,13110
train,KR7001450006_t,endpoint_locked_positive,99,13110
train,KR7001450006_t,missing_cache_quote_any_endpoint,1160,13110
train,KR7001450006_t,historical_missing_cache_endpoint,1160,13110
train,KR7001450006_t,historical_missing_equal_filled_flat,897,13110
train,KR7001450006_t,origin_workbook_cache_status=matched_exact,13031,13110
train,KR7001450006_t,origin_workbook_cache_status=absent_in_both,78,13110
train,KR7001450006_t,origin_workbook_cache_status=matched_tolerance,1,13110
train,KR7001450006_t,origin_ask1_fill_method=original,12572,13110
train,KR7001450006_t,origin_ask1_fill_method=forward_fill,444,13110
train,KR7001450006_t,origin_ask1_fill_method=zero_fill,94,13110
train,KR7001450006_t,origin_bid1_fill_method=original,12572,13110
train,KR7001450006_t,origin_bid1_fill_method=forward_fill,444,13110
train,KR7001450006_t,origin_bid1_fill_method=zero_fill,94,13110
train,KR7001450006_t,endpoint_workbook_cache_status=matched_exact,12914,13110
train,KR7001450006_t,endpoint_workbook_cache_status=absent_in_both,195,13110
train,KR7001450006_t,endpoint_workbook_cache_status=matched_tolerance,1,13110
train,KR7001450006_t,endpoint_ask1_fill_method=original,12246,13110
train,KR7001450006_t,endpoint_ask1_fill_method=forward_fill,773,13110
train,KR7001450006_t,endpoint_ask1_fill_method=zero_fill,91,13110
train,KR7001450006_t,endpoint_bid1_fill_method=original,12246,13110
train,KR7001450006_t,endpoint_bid1_fill_method=forward_fill,773,13110
train,KR7001450006_t,endpoint_bid1_fill_method=zero_fill,91,13110
train,KR7001450006_t,historical_missing_endpoint_kind=none,11950,13110
train,KR7001450006_t,historical_missing_endpoint_kind=future,622,13110
train,KR7001450006_t,historical_missing_endpoint_kind=current,296,13110
train,KR7001450006_t,historical_missing_endpoint_kind=both,242,13110
train,KR7002380004_t,origin_cache_row_exists,13074,13110
train,KR7002380004_t,origin_workbook_row_exists,13074,13110
train,KR7002380004_t,origin_cache_ask1_present,12614,13110
train,KR7002380004_t,origin_cache_ask1_finite,12614,13110
train,KR7002380004_t,origin_cache_ask1_finite_positive,12610,13110
train,KR7002380004_t,origin_cache_ask1_nonpositive,4,13110
train,KR7002380004_t,origin_workbook_ask1_present,12614,13110
train,KR7002380004_t,origin_cache_bid1_present,12614,13110
train,KR7002380004_t,origin_cache_bid1_finite,12614,13110
train,KR7002380004_t,origin_cache_bid1_finite_positive,12610,13110
train,KR7002380004_t,origin_cache_bid1_nonpositive,4,13110
train,KR7002380004_t,origin_workbook_bid1_present,12614,13110
train,KR7002380004_t,origin_crossed,4,13110
train,KR7002380004_t,origin_locked_positive,162,13110
train,KR7002380004_t,endpoint_cache_row_exists,12993,13110
train,KR7002380004_t,endpoint_workbook_row_exists,12993,13110
train,KR7002380004_t,endpoint_cache_ask1_present,12296,13110
train,KR7002380004_t,endpoint_cache_ask1_finite,12296,13110
train,KR7002380004_t,endpoint_cache_ask1_finite_positive,12277,13110
train,KR7002380004_t,endpoint_cache_ask1_nonpositive,19,13110
train,KR7002380004_t,endpoint_workbook_ask1_present,12296,13110
train,KR7002380004_t,endpoint_cache_bid1_present,12296,13110
train,KR7002380004_t,endpoint_cache_bid1_finite,12296,13110
train,KR7002380004_t,endpoint_cache_bid1_finite_positive,12278,13110
train,KR7002380004_t,endpoint_cache_bid1_nonpositive,18,13110
train,KR7002380004_t,endpoint_workbook_bid1_present,12296,13110
train,KR7002380004_t,endpoint_crossed,10,13110
train,KR7002380004_t,endpoint_locked_positive,162,13110
train,KR7002380004_t,missing_cache_quote_any_endpoint,1124,13110
train,KR7002380004_t,historical_missing_cache_endpoint,1124,13110
train,KR7002380004_t,historical_missing_equal_filled_flat,875,13110
train,KR7002380004_t,origin_workbook_cache_status=matched_exact,13073,13110
train,KR7002380004_t,origin_workbook_cache_status=absent_in_both,36,13110
train,KR7002380004_t,origin_workbook_cache_status=matched_tolerance,1,13110
train,KR7002380004_t,origin_ask1_fill_method=original,12614,13110
train,KR7002380004_t,origin_ask1_fill_method=forward_fill,402,13110
train,KR7002380004_t,origin_ask1_fill_method=zero_fill,94,13110
train,KR7002380004_t,origin_bid1_fill_method=original,12614,13110
train,KR7002380004_t,origin_bid1_fill_method=forward_fill,402,13110
train,KR7002380004_t,origin_bid1_fill_method=zero_fill,94,13110
train,KR7002380004_t,endpoint_workbook_cache_status=matched_exact,12992,13110
train,KR7002380004_t,endpoint_workbook_cache_status=absent_in_both,117,13110
train,KR7002380004_t,endpoint_workbook_cache_status=matched_tolerance,1,13110
train,KR7002380004_t,endpoint_ask1_fill_method=original,12296,13110
train,KR7002380004_t,endpoint_ask1_fill_method=forward_fill,723,13110
train,KR7002380004_t,endpoint_ask1_fill_method=zero_fill,91,13110
train,KR7002380004_t,endpoint_bid1_fill_method=original,12296,13110
train,KR7002380004_t,endpoint_bid1_fill_method=forward_fill,723,13110
train,KR7002380004_t,endpoint_bid1_fill_method=zero_fill,91,13110
train,KR7002380004_t,historical_missing_endpoint_kind=none,11986,13110
train,KR7002380004_t,historical_missing_endpoint_kind=future,628,13110
train,KR7002380004_t,historical_missing_endpoint_kind=current,310,13110
train,KR7002380004_t,historical_missing_endpoint_kind=both,186,13110
train,KR7002550002_t,origin_cache_row_exists,13029,13110
train,KR7002550002_t,origin_workbook_row_exists,13029,13110
train,KR7002550002_t,origin_cache_ask1_present,12579,13110
train,KR7002550002_t,origin_cache_ask1_finite,12579,13110
train,KR7002550002_t,origin_cache_ask1_finite_positive,12577,13110
train,KR7002550002_t,origin_cache_ask1_nonpositive,2,13110
train,KR7002550002_t,origin_workbook_ask1_present,12579,13110
train,KR7002550002_t,origin_cache_bid1_present,12579,13110
train,KR7002550002_t,origin_cache_bid1_finite,12579,13110
train,KR7002550002_t,origin_cache_bid1_finite_positive,12576,13110
train,KR7002550002_t,origin_cache_bid1_nonpositive,3,13110
train,KR7002550002_t,origin_workbook_bid1_present,12579,13110
train,KR7002550002_t,origin_crossed,2,13110
train,KR7002550002_t,origin_locked_positive,118,13110
train,KR7002550002_t,endpoint_cache_row_exists,12911,13110
train,KR7002550002_t,endpoint_workbook_row_exists,12911,13110
train,KR7002550002_t,endpoint_cache_ask1_present,12254,13110
train,KR7002550002_t,endpoint_cache_ask1_finite,12254,13110
train,KR7002550002_t,endpoint_cache_ask1_finite_positive,12247,13110
train,KR7002550002_t,endpoint_cache_ask1_nonpositive,7,13110
train,KR7002550002_t,endpoint_workbook_ask1_present,12254,13110
train,KR7002550002_t,endpoint_cache_bid1_present,12254,13110
train,KR7002550002_t,endpoint_cache_bid1_finite,12254,13110
train,KR7002550002_t,endpoint_cache_bid1_finite_positive,12241,13110
train,KR7002550002_t,endpoint_cache_bid1_nonpositive,13,13110
train,KR7002550002_t,endpoint_workbook_bid1_present,12254,13110
train,KR7002550002_t,endpoint_crossed,5,13110
train,KR7002550002_t,endpoint_locked_positive,118,13110
train,KR7002550002_t,missing_cache_quote_any_endpoint,1148,13110
train,KR7002550002_t,historical_missing_cache_endpoint,1148,13110
train,KR7002550002_t,historical_missing_equal_filled_flat,897,13110
train,KR7002550002_t,origin_workbook_cache_status=matched_exact,13029,13110
train,KR7002550002_t,origin_workbook_cache_status=absent_in_both,81,13110
train,KR7002550002_t,origin_ask1_fill_method=original,12579,13110
train,KR7002550002_t,origin_ask1_fill_method=forward_fill,437,13110
train,KR7002550002_t,origin_ask1_fill_method=zero_fill,94,13110
train,KR7002550002_t,origin_bid1_fill_method=original,12579,13110
train,KR7002550002_t,origin_bid1_fill_method=forward_fill,437,13110
train,KR7002550002_t,origin_bid1_fill_method=zero_fill,94,13110
train,KR7002550002_t,endpoint_workbook_cache_status=matched_exact,12911,13110
train,KR7002550002_t,endpoint_workbook_cache_status=absent_in_both,199,13110
train,KR7002550002_t,endpoint_ask1_fill_method=original,12254,13110
train,KR7002550002_t,endpoint_ask1_fill_method=forward_fill,765,13110
train,KR7002550002_t,endpoint_ask1_fill_method=zero_fill,91,13110
train,KR7002550002_t,endpoint_bid1_fill_method=original,12254,13110
train,KR7002550002_t,endpoint_bid1_fill_method=forward_fill,765,13110
train,KR7002550002_t,endpoint_bid1_fill_method=zero_fill,91,13110
train,KR7002550002_t,historical_missing_endpoint_kind=none,11962,13110
train,KR7002550002_t,historical_missing_endpoint_kind=future,617,13110
train,KR7002550002_t,historical_missing_endpoint_kind=current,292,13110
train,KR7002550002_t,historical_missing_endpoint_kind=both,239,13110
train,KR7002790004_t,origin_cache_row_exists,13102,13110
train,KR7002790004_t,origin_workbook_row_exists,13102,13110
train,KR7002790004_t,origin_cache_ask1_present,12708,13110
train,KR7002790004_t,origin_cache_ask1_finite,12708,13110
train,KR7002790004_t,origin_cache_ask1_finite_positive,12702,13110
train,KR7002790004_t,origin_cache_ask1_nonpositive,6,13110
train,KR7002790004_t,origin_workbook_ask1_present,12708,13110
train,KR7002790004_t,origin_cache_bid1_present,12708,13110
train,KR7002790004_t,origin_cache_bid1_finite,12708,13110
train,KR7002790004_t,origin_cache_bid1_finite_positive,12703,13110
train,KR7002790004_t,origin_cache_bid1_nonpositive,5,13110
train,KR7002790004_t,origin_workbook_bid1_present,12708,13110
train,KR7002790004_t,origin_crossed,6,13110
train,KR7002790004_t,origin_locked_positive,213,13110
train,KR7002790004_t,endpoint_cache_row_exists,13057,13110
train,KR7002790004_t,endpoint_workbook_row_exists,13057,13110
train,KR7002790004_t,endpoint_cache_ask1_present,12414,13110
train,KR7002790004_t,endpoint_cache_ask1_finite,12414,13110
train,KR7002790004_t,endpoint_cache_ask1_finite_positive,12387,13110
train,KR7002790004_t,endpoint_cache_ask1_nonpositive,27,13110
train,KR7002790004_t,endpoint_workbook_ask1_present,12414,13110
train,KR7002790004_t,endpoint_cache_bid1_present,12414,13110
train,KR7002790004_t,endpoint_cache_bid1_finite,12414,13110
train,KR7002790004_t,endpoint_cache_bid1_finite_positive,12377,13110
train,KR7002790004_t,endpoint_cache_bid1_nonpositive,37,13110
train,KR7002790004_t,endpoint_workbook_bid1_present,12414,13110
train,KR7002790004_t,endpoint_crossed,18,13110
train,KR7002790004_t,endpoint_locked_positive,213,13110
train,KR7002790004_t,missing_cache_quote_any_endpoint,969,13110
train,KR7002790004_t,historical_missing_cache_endpoint,969,13110
train,KR7002790004_t,historical_missing_equal_filled_flat,770,13110
train,KR7002790004_t,origin_workbook_cache_status=matched_exact,13102,13110
train,KR7002790004_t,origin_workbook_cache_status=absent_in_both,8,13110
train,KR7002790004_t,origin_ask1_fill_method=original,12708,13110
train,KR7002790004_t,origin_ask1_fill_method=forward_fill,313,13110
train,KR7002790004_t,origin_ask1_fill_method=zero_fill,89,13110
train,KR7002790004_t,origin_bid1_fill_method=original,12708,13110
train,KR7002790004_t,origin_bid1_fill_method=forward_fill,313,13110
train,KR7002790004_t,origin_bid1_fill_method=zero_fill,89,13110
train,KR7002790004_t,endpoint_workbook_cache_status=matched_exact,13057,13110
train,KR7002790004_t,endpoint_workbook_cache_status=absent_in_both,53,13110
train,KR7002790004_t,endpoint_ask1_fill_method=original,12414,13110
train,KR7002790004_t,endpoint_ask1_fill_method=forward_fill,610,13110
train,KR7002790004_t,endpoint_ask1_fill_method=zero_fill,86,13110
train,KR7002790004_t,endpoint_bid1_fill_method=original,12414,13110
train,KR7002790004_t,endpoint_bid1_fill_method=forward_fill,610,13110
train,KR7002790004_t,endpoint_bid1_fill_method=zero_fill,86,13110
train,KR7002790004_t,historical_missing_endpoint_kind=none,12141,13110
train,KR7002790004_t,historical_missing_endpoint_kind=future,567,13110
train,KR7002790004_t,historical_missing_endpoint_kind=current,273,13110
train,KR7002790004_t,historical_missing_endpoint_kind=both,129,13110
train,KR7003550001_t,origin_cache_row_exists,13093,13110
train,KR7003550001_t,origin_workbook_row_exists,13093,13110
train,KR7003550001_t,origin_cache_ask1_present,12686,13110
train,KR7003550001_t,origin_cache_ask1_finite,12686,13110
train,KR7003550001_t,origin_cache_ask1_finite_positive,12683,13110
train,KR7003550001_t,origin_cache_ask1_nonpositive,3,13110
train,KR7003550001_t,origin_workbook_ask1_present,12686,13110
train,KR7003550001_t,origin_cache_bid1_present,12686,13110
train,KR7003550001_t,origin_cache_bid1_finite,12686,13110
train,KR7003550001_t,origin_cache_bid1_finite_positive,12678,13110
train,KR7003550001_t,origin_cache_bid1_nonpositive,8,13110
train,KR7003550001_t,origin_workbook_bid1_present,12686,13110
train,KR7003550001_t,origin_crossed,0,13110
train,KR7003550001_t,origin_locked_positive,200,13110
train,KR7003550001_t,endpoint_cache_row_exists,13045,13110
train,KR7003550001_t,endpoint_workbook_row_exists,13045,13110
train,KR7003550001_t,endpoint_cache_ask1_present,12379,13110
train,KR7003550001_t,endpoint_cache_ask1_finite,12379,13110
train,KR7003550001_t,endpoint_cache_ask1_finite_positive,12359,13110
train,KR7003550001_t,endpoint_cache_ask1_nonpositive,20,13110
train,KR7003550001_t,endpoint_workbook_ask1_present,12379,13110
train,KR7003550001_t,endpoint_cache_bid1_present,12379,13110
train,KR7003550001_t,endpoint_cache_bid1_finite,12379,13110
train,KR7003550001_t,endpoint_cache_bid1_finite_positive,12349,13110
train,KR7003550001_t,endpoint_cache_bid1_nonpositive,30,13110
train,KR7003550001_t,endpoint_workbook_bid1_present,12379,13110
train,KR7003550001_t,endpoint_crossed,9,13110
train,KR7003550001_t,endpoint_locked_positive,200,13110
train,KR7003550001_t,missing_cache_quote_any_endpoint,1008,13110
train,KR7003550001_t,historical_missing_cache_endpoint,1008,13110
train,KR7003550001_t,historical_missing_equal_filled_flat,774,13110
train,KR7003550001_t,origin_workbook_cache_status=matched_exact,13090,13110
train,KR7003550001_t,origin_workbook_cache_status=absent_in_both,17,13110
train,KR7003550001_t,origin_workbook_cache_status=matched_tolerance,3,13110
train,KR7003550001_t,origin_ask1_fill_method=original,12686,13110
train,KR7003550001_t,origin_ask1_fill_method=forward_fill,330,13110
train,KR7003550001_t,origin_ask1_fill_method=zero_fill,94,13110
train,KR7003550001_t,origin_bid1_fill_method=original,12686,13110
train,KR7003550001_t,origin_bid1_fill_method=forward_fill,330,13110
train,KR7003550001_t,origin_bid1_fill_method=zero_fill,94,13110
train,KR7003550001_t,endpoint_workbook_cache_status=matched_exact,13042,13110
train,KR7003550001_t,endpoint_workbook_cache_status=absent_in_both,65,13110
train,KR7003550001_t,endpoint_workbook_cache_status=matched_tolerance,3,13110
train,KR7003550001_t,endpoint_ask1_fill_method=original,12379,13110
train,KR7003550001_t,endpoint_ask1_fill_method=forward_fill,640,13110
train,KR7003550001_t,endpoint_ask1_fill_method=zero_fill,91,13110
train,KR7003550001_t,endpoint_bid1_fill_method=original,12379,13110
train,KR7003550001_t,endpoint_bid1_fill_method=forward_fill,640,13110
train,KR7003550001_t,endpoint_bid1_fill_method=zero_fill,91,13110
train,KR7003550001_t,historical_missing_endpoint_kind=none,12102,13110
train,KR7003550001_t,historical_missing_endpoint_kind=future,584,13110
train,KR7003550001_t,historical_missing_endpoint_kind=current,277,13110
train,KR7003550001_t,historical_missing_endpoint_kind=both,147,13110
train,KR7004020004_t,origin_cache_row_exists,13110,13110
train,KR7004020004_t,origin_workbook_row_exists,13110,13110
train,KR7004020004_t,origin_cache_ask1_present,12749,13110
train,KR7004020004_t,origin_cache_ask1_finite,12749,13110
train,KR7004020004_t,origin_cache_ask1_finite_positive,12749,13110
train,KR7004020004_t,origin_cache_ask1_nonpositive,0,13110
train,KR7004020004_t,origin_workbook_ask1_present,12749,13110
train,KR7004020004_t,origin_cache_bid1_present,12749,13110
train,KR7004020004_t,origin_cache_bid1_finite,12749,13110
train,KR7004020004_t,origin_cache_bid1_finite_positive,12748,13110
train,KR7004020004_t,origin_cache_bid1_nonpositive,1,13110
train,KR7004020004_t,origin_workbook_bid1_present,12749,13110
train,KR7004020004_t,origin_crossed,0,13110
train,KR7004020004_t,origin_locked_positive,265,13110
train,KR7004020004_t,endpoint_cache_row_exists,13108,13110
train,KR7004020004_t,endpoint_workbook_row_exists,13108,13110
train,KR7004020004_t,endpoint_cache_ask1_present,12511,13110
train,KR7004020004_t,endpoint_cache_ask1_finite,12511,13110
train,KR7004020004_t,endpoint_cache_ask1_finite_positive,12463,13110
train,KR7004020004_t,endpoint_cache_ask1_nonpositive,48,13110
train,KR7004020004_t,endpoint_workbook_ask1_present,12511,13110
train,KR7004020004_t,endpoint_cache_bid1_present,12511,13110
train,KR7004020004_t,endpoint_cache_bid1_finite,12511,13110
train,KR7004020004_t,endpoint_cache_bid1_finite_positive,12445,13110
train,KR7004020004_t,endpoint_cache_bid1_nonpositive,66,13110
train,KR7004020004_t,endpoint_workbook_bid1_present,12511,13110
train,KR7004020004_t,endpoint_crossed,35,13110
train,KR7004020004_t,endpoint_locked_positive,265,13110
train,KR7004020004_t,missing_cache_quote_any_endpoint,869,13110
train,KR7004020004_t,historical_missing_cache_endpoint,869,13110
train,KR7004020004_t,historical_missing_equal_filled_flat,662,13110
train,KR7004020004_t,origin_workbook_cache_status=matched_exact,13104,13110
train,KR7004020004_t,origin_workbook_cache_status=matched_tolerance,6,13110
train,KR7004020004_t,origin_ask1_fill_method=original,12749,13110
train,KR7004020004_t,origin_ask1_fill_method=forward_fill,272,13110
train,KR7004020004_t,origin_ask1_fill_method=zero_fill,89,13110
train,KR7004020004_t,origin_bid1_fill_method=original,12749,13110
train,KR7004020004_t,origin_bid1_fill_method=forward_fill,272,13110
train,KR7004020004_t,origin_bid1_fill_method=zero_fill,89,13110
train,KR7004020004_t,endpoint_workbook_cache_status=matched_exact,13102,13110
train,KR7004020004_t,endpoint_workbook_cache_status=matched_tolerance,6,13110
train,KR7004020004_t,endpoint_workbook_cache_status=absent_in_both,2,13110
train,KR7004020004_t,endpoint_ask1_fill_method=original,12511,13110
train,KR7004020004_t,endpoint_ask1_fill_method=forward_fill,513,13110
train,KR7004020004_t,endpoint_ask1_fill_method=zero_fill,86,13110
train,KR7004020004_t,endpoint_bid1_fill_method=original,12511,13110
train,KR7004020004_t,endpoint_bid1_fill_method=forward_fill,513,13110
train,KR7004020004_t,endpoint_bid1_fill_method=zero_fill,86,13110
train,KR7004020004_t,historical_missing_endpoint_kind=none,12241,13110
train,KR7004020004_t,historical_missing_endpoint_kind=future,508,13110
train,KR7004020004_t,historical_missing_endpoint_kind=current,270,13110
train,KR7004020004_t,historical_missing_endpoint_kind=both,91,13110
train,KR7004170007_t,origin_cache_row_exists,13092,13110
train,KR7004170007_t,origin_workbook_row_exists,13092,13110
train,KR7004170007_t,origin_cache_ask1_present,12644,13110
train,KR7004170007_t,origin_cache_ask1_finite,12644,13110
train,KR7004170007_t,origin_cache_ask1_finite_positive,12640,13110
train,KR7004170007_t,origin_cache_ask1_nonpositive,4,13110
train,KR7004170007_t,origin_workbook_ask1_present,12644,13110
train,KR7004170007_t,origin_cache_bid1_present,12644,13110
train,KR7004170007_t,origin_cache_bid1_finite,12644,13110
train,KR7004170007_t,origin_cache_bid1_finite_positive,12643,13110
train,KR7004170007_t,origin_cache_bid1_nonpositive,1,13110
train,KR7004170007_t,origin_workbook_bid1_present,12644,13110
train,KR7004170007_t,origin_crossed,4,13110
train,KR7004170007_t,origin_locked_positive,216,13110
train,KR7004170007_t,endpoint_cache_row_exists,13047,13110
train,KR7004170007_t,endpoint_workbook_row_exists,13047,13110
train,KR7004170007_t,endpoint_cache_ask1_present,12343,13110
train,KR7004170007_t,endpoint_cache_ask1_finite,12343,13110
train,KR7004170007_t,endpoint_cache_ask1_finite_positive,12321,13110
train,KR7004170007_t,endpoint_cache_ask1_nonpositive,22,13110
train,KR7004170007_t,endpoint_workbook_ask1_present,12343,13110
train,KR7004170007_t,endpoint_cache_bid1_present,12343,13110
train,KR7004170007_t,endpoint_cache_bid1_finite,12343,13110
train,KR7004170007_t,endpoint_cache_bid1_finite_positive,12318,13110
train,KR7004170007_t,endpoint_cache_bid1_nonpositive,25,13110
train,KR7004170007_t,endpoint_workbook_bid1_present,12343,13110
train,KR7004170007_t,endpoint_crossed,16,13110
train,KR7004170007_t,endpoint_locked_positive,216,13110
train,KR7004170007_t,missing_cache_quote_any_endpoint,1096,13110
train,KR7004170007_t,historical_missing_cache_endpoint,1096,13110
train,KR7004170007_t,historical_missing_equal_filled_flat,866,13110
train,KR7004170007_t,origin_workbook_cache_status=matched_exact,13092,13110
train,KR7004170007_t,origin_workbook_cache_status=absent_in_both,18,13110
train,KR7004170007_t,origin_ask1_fill_method=original,12644,13110
train,KR7004170007_t,origin_ask1_fill_method=forward_fill,377,13110
train,KR7004170007_t,origin_ask1_fill_method=zero_fill,89,13110
train,KR7004170007_t,origin_bid1_fill_method=original,12644,13110
train,KR7004170007_t,origin_bid1_fill_method=forward_fill,377,13110
train,KR7004170007_t,origin_bid1_fill_method=zero_fill,89,13110
train,KR7004170007_t,endpoint_workbook_cache_status=matched_exact,13047,13110
train,KR7004170007_t,endpoint_workbook_cache_status=absent_in_both,63,13110
train,KR7004170007_t,endpoint_ask1_fill_method=original,12343,13110
train,KR7004170007_t,endpoint_ask1_fill_method=forward_fill,681,13110
train,KR7004170007_t,endpoint_ask1_fill_method=zero_fill,86,13110
train,KR7004170007_t,endpoint_bid1_fill_method=original,12343,13110
train,KR7004170007_t,endpoint_bid1_fill_method=forward_fill,681,13110
train,KR7004170007_t,endpoint_bid1_fill_method=zero_fill,86,13110
train,KR7004170007_t,historical_missing_endpoint_kind=none,12014,13110
train,KR7004170007_t,historical_missing_endpoint_kind=future,630,13110
train,KR7004170007_t,historical_missing_endpoint_kind=current,329,13110
train,KR7004170007_t,historical_missing_endpoint_kind=both,137,13110
train,KR7005300009_t,origin_cache_row_exists,13017,13110
train,KR7005300009_t,origin_workbook_row_exists,13017,13110
train,KR7005300009_t,origin_cache_ask1_present,11792,13110
train,KR7005300009_t,origin_cache_ask1_finite,11792,13110
train,KR7005300009_t,origin_cache_ask1_finite_positive,11787,13110
train,KR7005300009_t,origin_cache_ask1_nonpositive,5,13110
train,KR7005300009_t,origin_workbook_ask1_present,11792,13110
train,KR7005300009_t,origin_cache_bid1_present,11792,13110
train,KR7005300009_t,origin_cache_bid1_finite,11792,13110
train,KR7005300009_t,origin_cache_bid1_finite_positive,11788,13110
train,KR7005300009_t,origin_cache_bid1_nonpositive,4,13110
train,KR7005300009_t,origin_workbook_bid1_present,11792,13110
train,KR7005300009_t,origin_crossed,4,13110
train,KR7005300009_t,origin_locked_positive,86,13110
train,KR7005300009_t,endpoint_cache_row_exists,12890,13110
train,KR7005300009_t,endpoint_workbook_row_exists,12890,13110
train,KR7005300009_t,endpoint_cache_ask1_present,11460,13110
train,KR7005300009_t,endpoint_cache_ask1_finite,11460,13110
train,KR7005300009_t,endpoint_cache_ask1_finite_positive,11453,13110
train,KR7005300009_t,endpoint_cache_ask1_nonpositive,7,13110
train,KR7005300009_t,endpoint_workbook_ask1_present,11460,13110
train,KR7005300009_t,endpoint_cache_bid1_present,11460,13110
train,KR7005300009_t,endpoint_cache_bid1_finite,11460,13110
train,KR7005300009_t,endpoint_cache_bid1_finite_positive,11452,13110
train,KR7005300009_t,endpoint_cache_bid1_nonpositive,8,13110
train,KR7005300009_t,endpoint_workbook_bid1_present,11460,13110
train,KR7005300009_t,endpoint_crossed,6,13110
train,KR7005300009_t,endpoint_locked_positive,86,13110
train,KR7005300009_t,missing_cache_quote_any_endpoint,2548,13110
train,KR7005300009_t,historical_missing_cache_endpoint,2548,13110
train,KR7005300009_t,historical_missing_equal_filled_flat,1730,13110
train,KR7005300009_t,origin_workbook_cache_status=matched_exact,13017,13110
train,KR7005300009_t,origin_workbook_cache_status=absent_in_both,93,13110
train,KR7005300009_t,origin_ask1_fill_method=original,11792,13110
train,KR7005300009_t,origin_ask1_fill_method=forward_fill,1224,13110
train,KR7005300009_t,origin_ask1_fill_method=zero_fill,94,13110
train,KR7005300009_t,origin_bid1_fill_method=original,11792,13110
train,KR7005300009_t,origin_bid1_fill_method=forward_fill,1224,13110
train,KR7005300009_t,origin_bid1_fill_method=zero_fill,94,13110
train,KR7005300009_t,endpoint_workbook_cache_status=matched_exact,12890,13110
train,KR7005300009_t,endpoint_workbook_cache_status=absent_in_both,220,13110
train,KR7005300009_t,endpoint_ask1_fill_method=original,11460,13110
train,KR7005300009_t,endpoint_ask1_fill_method=forward_fill,1559,13110
train,KR7005300009_t,endpoint_ask1_fill_method=zero_fill,91,13110
train,KR7005300009_t,endpoint_bid1_fill_method=original,11460,13110
train,KR7005300009_t,endpoint_bid1_fill_method=forward_fill,1559,13110
train,KR7005300009_t,endpoint_bid1_fill_method=zero_fill,91,13110
train,KR7005300009_t,historical_missing_endpoint_kind=none,10562,13110
train,KR7005300009_t,historical_missing_endpoint_kind=future,1230,13110
train,KR7005300009_t,historical_missing_endpoint_kind=current,898,13110
train,KR7005300009_t,historical_missing_endpoint_kind=both,420,13110
train,KR7005380001_t,origin_cache_row_exists,13110,13110
train,KR7005380001_t,origin_workbook_row_exists,13110,13110
train,KR7005380001_t,origin_cache_ask1_present,12750,13110
train,KR7005380001_t,origin_cache_ask1_finite,12750,13110
train,KR7005380001_t,origin_cache_ask1_finite_positive,12750,13110
train,KR7005380001_t,origin_cache_ask1_nonpositive,0,13110
train,KR7005380001_t,origin_workbook_ask1_present,12750,13110
train,KR7005380001_t,origin_cache_bid1_present,12750,13110
train,KR7005380001_t,origin_cache_bid1_finite,12750,13110
train,KR7005380001_t,origin_cache_bid1_finite_positive,12749,13110
train,KR7005380001_t,origin_cache_bid1_nonpositive,1,13110
train,KR7005380001_t,origin_workbook_bid1_present,12750,13110
train,KR7005380001_t,origin_crossed,0,13110
train,KR7005380001_t,origin_locked_positive,265,13110
train,KR7005380001_t,endpoint_cache_row_exists,13108,13110
train,KR7005380001_t,endpoint_workbook_row_exists,13108,13110
train,KR7005380001_t,endpoint_cache_ask1_present,12513,13110
train,KR7005380001_t,endpoint_cache_ask1_finite,12513,13110
train,KR7005380001_t,endpoint_cache_ask1_finite_positive,12465,13110
train,KR7005380001_t,endpoint_cache_ask1_nonpositive,48,13110
train,KR7005380001_t,endpoint_workbook_ask1_present,12513,13110
train,KR7005380001_t,endpoint_cache_bid1_present,12513,13110
train,KR7005380001_t,endpoint_cache_bid1_finite,12513,13110
train,KR7005380001_t,endpoint_cache_bid1_finite_positive,12448,13110
train,KR7005380001_t,endpoint_cache_bid1_nonpositive,65,13110
train,KR7005380001_t,endpoint_workbook_bid1_present,12513,13110
train,KR7005380001_t,endpoint_crossed,37,13110
train,KR7005380001_t,endpoint_locked_positive,265,13110
train,KR7005380001_t,missing_cache_quote_any_endpoint,866,13110
train,KR7005380001_t,historical_missing_cache_endpoint,866,13110
train,KR7005380001_t,historical_missing_equal_filled_flat,718,13110
train,KR7005380001_t,origin_workbook_cache_status=matched_exact,13109,13110
train,KR7005380001_t,origin_workbook_cache_status=matched_tolerance,1,13110
train,KR7005380001_t,origin_ask1_fill_method=original,12750,13110
train,KR7005380001_t,origin_ask1_fill_method=forward_fill,271,13110
train,KR7005380001_t,origin_ask1_fill_method=zero_fill,89,13110
train,KR7005380001_t,origin_bid1_fill_method=original,12750,13110
train,KR7005380001_t,origin_bid1_fill_method=forward_fill,271,13110
train,KR7005380001_t,origin_bid1_fill_method=zero_fill,89,13110
train,KR7005380001_t,endpoint_workbook_cache_status=matched_exact,13108,13110
train,KR7005380001_t,endpoint_workbook_cache_status=absent_in_both,2,13110
train,KR7005380001_t,endpoint_ask1_fill_method=original,12513,13110
train,KR7005380001_t,endpoint_ask1_fill_method=forward_fill,511,13110
train,KR7005380001_t,endpoint_ask1_fill_method=zero_fill,86,13110
train,KR7005380001_t,endpoint_bid1_fill_method=original,12513,13110
train,KR7005380001_t,endpoint_bid1_fill_method=forward_fill,511,13110
train,KR7005380001_t,endpoint_bid1_fill_method=zero_fill,86,13110
train,KR7005380001_t,historical_missing_endpoint_kind=none,12244,13110
train,KR7005380001_t,historical_missing_endpoint_kind=future,506,13110
train,KR7005380001_t,historical_missing_endpoint_kind=current,269,13110
train,KR7005380001_t,historical_missing_endpoint_kind=both,91,13110
train,KR7005440003_t,origin_cache_row_exists,13094,13110
train,KR7005440003_t,origin_workbook_row_exists,13094,13110
train,KR7005440003_t,origin_cache_ask1_present,12644,13110
train,KR7005440003_t,origin_cache_ask1_finite,12644,13110
train,KR7005440003_t,origin_cache_ask1_finite_positive,12639,13110
train,KR7005440003_t,origin_cache_ask1_nonpositive,5,13110
train,KR7005440003_t,origin_workbook_ask1_present,12644,13110
train,KR7005440003_t,origin_cache_bid1_present,12644,13110
train,KR7005440003_t,origin_cache_bid1_finite,12644,13110
train,KR7005440003_t,origin_cache_bid1_finite_positive,12638,13110
train,KR7005440003_t,origin_cache_bid1_nonpositive,6,13110
train,KR7005440003_t,origin_workbook_bid1_present,12644,13110
train,KR7005440003_t,origin_crossed,4,13110
train,KR7005440003_t,origin_locked_positive,202,13110
train,KR7005440003_t,endpoint_cache_row_exists,13042,13110
train,KR7005440003_t,endpoint_workbook_row_exists,13042,13110
train,KR7005440003_t,endpoint_cache_ask1_present,12339,13110
train,KR7005440003_t,endpoint_cache_ask1_finite,12339,13110
train,KR7005440003_t,endpoint_cache_ask1_finite_positive,12317,13110
train,KR7005440003_t,endpoint_cache_ask1_nonpositive,22,13110
train,KR7005440003_t,endpoint_workbook_ask1_present,12339,13110
train,KR7005440003_t,endpoint_cache_bid1_present,12339,13110
train,KR7005440003_t,endpoint_cache_bid1_finite,12339,13110
train,KR7005440003_t,endpoint_cache_bid1_finite_positive,12308,13110
train,KR7005440003_t,endpoint_cache_bid1_nonpositive,31,13110
train,KR7005440003_t,endpoint_workbook_bid1_present,12339,13110
train,KR7005440003_t,endpoint_crossed,12,13110
train,KR7005440003_t,endpoint_locked_positive,202,13110
train,KR7005440003_t,missing_cache_quote_any_endpoint,1093,13110
train,KR7005440003_t,historical_missing_cache_endpoint,1093,13110
train,KR7005440003_t,historical_missing_equal_filled_flat,855,13110
train,KR7005440003_t,origin_workbook_cache_status=matched_exact,13094,13110
train,KR7005440003_t,origin_workbook_cache_status=absent_in_both,16,13110
train,KR7005440003_t,origin_ask1_fill_method=original,12644,13110
train,KR7005440003_t,origin_ask1_fill_method=forward_fill,372,13110
train,KR7005440003_t,origin_ask1_fill_method=zero_fill,94,13110
train,KR7005440003_t,origin_bid1_fill_method=original,12644,13110
train,KR7005440003_t,origin_bid1_fill_method=forward_fill,372,13110
train,KR7005440003_t,origin_bid1_fill_method=zero_fill,94,13110
train,KR7005440003_t,endpoint_workbook_cache_status=matched_exact,13042,13110
train,KR7005440003_t,endpoint_workbook_cache_status=absent_in_both,68,13110
train,KR7005440003_t,endpoint_ask1_fill_method=original,12339,13110
train,KR7005440003_t,endpoint_ask1_fill_method=forward_fill,680,13110
train,KR7005440003_t,endpoint_ask1_fill_method=zero_fill,91,13110
train,KR7005440003_t,endpoint_bid1_fill_method=original,12339,13110
train,KR7005440003_t,endpoint_bid1_fill_method=forward_fill,680,13110
train,KR7005440003_t,endpoint_bid1_fill_method=zero_fill,91,13110
train,KR7005440003_t,historical_missing_endpoint_kind=none,12017,13110
train,KR7005440003_t,historical_missing_endpoint_kind=future,627,13110
train,KR7005440003_t,historical_missing_endpoint_kind=current,322,13110
train,KR7005440003_t,historical_missing_endpoint_kind=both,144,13110
train,KR7005490008_t,origin_cache_row_exists,13110,13110
train,KR7005490008_t,origin_workbook_row_exists,13110,13110
train,KR7005490008_t,origin_cache_ask1_present,12749,13110
train,KR7005490008_t,origin_cache_ask1_finite,12749,13110
train,KR7005490008_t,origin_cache_ask1_finite_positive,12749,13110
train,KR7005490008_t,origin_cache_ask1_nonpositive,0,13110
train,KR7005490008_t,origin_workbook_ask1_present,12749,13110
train,KR7005490008_t,origin_cache_bid1_present,12749,13110
train,KR7005490008_t,origin_cache_bid1_finite,12749,13110
train,KR7005490008_t,origin_cache_bid1_finite_positive,12748,13110
train,KR7005490008_t,origin_cache_bid1_nonpositive,1,13110
train,KR7005490008_t,origin_workbook_bid1_present,12749,13110
train,KR7005490008_t,origin_crossed,0,13110
train,KR7005490008_t,origin_locked_positive,264,13110
train,KR7005490008_t,endpoint_cache_row_exists,13110,13110
train,KR7005490008_t,endpoint_workbook_row_exists,13110,13110
train,KR7005490008_t,endpoint_cache_ask1_present,12525,13110
train,KR7005490008_t,endpoint_cache_ask1_finite,12525,13110
train,KR7005490008_t,endpoint_cache_ask1_finite_positive,12465,13110
train,KR7005490008_t,endpoint_cache_ask1_nonpositive,60,13110
train,KR7005490008_t,endpoint_workbook_ask1_present,12525,13110
train,KR7005490008_t,endpoint_cache_bid1_present,12525,13110
train,KR7005490008_t,endpoint_cache_bid1_finite,12525,13110
train,KR7005490008_t,endpoint_cache_bid1_finite_positive,12448,13110
train,KR7005490008_t,endpoint_cache_bid1_nonpositive,77,13110
train,KR7005490008_t,endpoint_workbook_bid1_present,12525,13110
train,KR7005490008_t,endpoint_crossed,38,13110
train,KR7005490008_t,endpoint_locked_positive,264,13110
train,KR7005490008_t,missing_cache_quote_any_endpoint,854,13110
train,KR7005490008_t,historical_missing_cache_endpoint,854,13110
train,KR7005490008_t,historical_missing_equal_filled_flat,685,13110
train,KR7005490008_t,origin_workbook_cache_status=matched_exact,13110,13110
train,KR7005490008_t,origin_ask1_fill_method=original,12749,13110
train,KR7005490008_t,origin_ask1_fill_method=forward_fill,271,13110
train,KR7005490008_t,origin_ask1_fill_method=zero_fill,90,13110
train,KR7005490008_t,origin_bid1_fill_method=original,12749,13110
train,KR7005490008_t,origin_bid1_fill_method=forward_fill,271,13110
train,KR7005490008_t,origin_bid1_fill_method=zero_fill,90,13110
train,KR7005490008_t,endpoint_workbook_cache_status=matched_exact,13110,13110
train,KR7005490008_t,endpoint_ask1_fill_method=original,12525,13110
train,KR7005490008_t,endpoint_ask1_fill_method=forward_fill,498,13110
train,KR7005490008_t,endpoint_ask1_fill_method=zero_fill,87,13110
train,KR7005490008_t,endpoint_bid1_fill_method=original,12525,13110
train,KR7005490008_t,endpoint_bid1_fill_method=forward_fill,498,13110
train,KR7005490008_t,endpoint_bid1_fill_method=zero_fill,87,13110
train,KR7005490008_t,historical_missing_endpoint_kind=none,12256,13110
train,KR7005490008_t,historical_missing_endpoint_kind=future,493,13110
train,KR7005490008_t,historical_missing_endpoint_kind=current,269,13110
train,KR7005490008_t,historical_missing_endpoint_kind=both,92,13110
train,KR7005830005_t,origin_cache_row_exists,13051,13110
train,KR7005830005_t,origin_workbook_row_exists,13051,13110
train,KR7005830005_t,origin_cache_ask1_present,12609,13110
train,KR7005830005_t,origin_cache_ask1_finite,12609,13110
train,KR7005830005_t,origin_cache_ask1_finite_positive,12603,13110
train,KR7005830005_t,origin_cache_ask1_nonpositive,6,13110
train,KR7005830005_t,origin_workbook_ask1_present,12609,13110
train,KR7005830005_t,origin_cache_bid1_present,12609,13110
train,KR7005830005_t,origin_cache_bid1_finite,12609,13110
train,KR7005830005_t,origin_cache_bid1_finite_positive,12600,13110
train,KR7005830005_t,origin_cache_bid1_nonpositive,9,13110
train,KR7005830005_t,origin_workbook_bid1_present,12609,13110
train,KR7005830005_t,origin_crossed,2,13110
train,KR7005830005_t,origin_locked_positive,131,13110
train,KR7005830005_t,endpoint_cache_row_exists,12929,13110
train,KR7005830005_t,endpoint_workbook_row_exists,12929,13110
train,KR7005830005_t,endpoint_cache_ask1_present,12293,13110
train,KR7005830005_t,endpoint_cache_ask1_finite,12293,13110
train,KR7005830005_t,endpoint_cache_ask1_finite_positive,12275,13110
train,KR7005830005_t,endpoint_cache_ask1_nonpositive,18,13110
train,KR7005830005_t,endpoint_workbook_ask1_present,12293,13110
train,KR7005830005_t,endpoint_cache_bid1_present,12293,13110
train,KR7005830005_t,endpoint_cache_bid1_finite,12293,13110
train,KR7005830005_t,endpoint_cache_bid1_finite_positive,12270,13110
train,KR7005830005_t,endpoint_cache_bid1_nonpositive,23,13110
train,KR7005830005_t,endpoint_workbook_bid1_present,12293,13110
train,KR7005830005_t,endpoint_crossed,10,13110
train,KR7005830005_t,endpoint_locked_positive,131,13110
train,KR7005830005_t,missing_cache_quote_any_endpoint,1107,13110
train,KR7005830005_t,historical_missing_cache_endpoint,1107,13110
train,KR7005830005_t,historical_missing_equal_filled_flat,861,13110
train,KR7005830005_t,origin_workbook_cache_status=matched_exact,13049,13110
train,KR7005830005_t,origin_workbook_cache_status=absent_in_both,59,13110
train,KR7005830005_t,origin_workbook_cache_status=matched_tolerance,2,13110
train,KR7005830005_t,origin_ask1_fill_method=original,12609,13110
train,KR7005830005_t,origin_ask1_fill_method=forward_fill,407,13110
train,KR7005830005_t,origin_ask1_fill_method=zero_fill,94,13110
train,KR7005830005_t,origin_bid1_fill_method=original,12609,13110
train,KR7005830005_t,origin_bid1_fill_method=forward_fill,407,13110
train,KR7005830005_t,origin_bid1_fill_method=zero_fill,94,13110
train,KR7005830005_t,endpoint_workbook_cache_status=matched_exact,12927,13110
train,KR7005830005_t,endpoint_workbook_cache_status=absent_in_both,181,13110
train,KR7005830005_t,endpoint_workbook_cache_status=matched_tolerance,2,13110
train,KR7005830005_t,endpoint_ask1_fill_method=original,12293,13110
train,KR7005830005_t,endpoint_ask1_fill_method=forward_fill,726,13110
train,KR7005830005_t,endpoint_ask1_fill_method=zero_fill,91,13110
train,KR7005830005_t,endpoint_bid1_fill_method=original,12293,13110
train,KR7005830005_t,endpoint_bid1_fill_method=forward_fill,726,13110
train,KR7005830005_t,endpoint_bid1_fill_method=zero_fill,91,13110
train,KR7005830005_t,historical_missing_endpoint_kind=none,12003,13110
train,KR7005830005_t,historical_missing_endpoint_kind=future,606,13110
train,KR7005830005_t,historical_missing_endpoint_kind=current,290,13110
train,KR7005830005_t,historical_missing_endpoint_kind=both,211,13110
train,KR7005930003_t,origin_cache_row_exists,13110,13110
train,KR7005930003_t,origin_workbook_row_exists,13110,13110
train,KR7005930003_t,origin_cache_ask1_present,12743,13110
train,KR7005930003_t,origin_cache_ask1_finite,12743,13110
train,KR7005930003_t,origin_cache_ask1_finite_positive,12737,13110
train,KR7005930003_t,origin_cache_ask1_nonpositive,6,13110
train,KR7005930003_t,origin_workbook_ask1_present,12743,13110
train,KR7005930003_t,origin_cache_bid1_present,12743,13110
train,KR7005930003_t,origin_cache_bid1_finite,12743,13110
train,KR7005930003_t,origin_cache_bid1_finite_positive,12735,13110
train,KR7005930003_t,origin_cache_bid1_nonpositive,8,13110
train,KR7005930003_t,origin_workbook_bid1_present,12743,13110
train,KR7005930003_t,origin_crossed,0,13110
train,KR7005930003_t,origin_locked_positive,251,13110
train,KR7005930003_t,endpoint_cache_row_exists,13104,13110
train,KR7005930003_t,endpoint_workbook_row_exists,13104,13110
train,KR7005930003_t,endpoint_cache_ask1_present,12487,13110
train,KR7005930003_t,endpoint_cache_ask1_finite,12487,13110
train,KR7005930003_t,endpoint_cache_ask1_finite_positive,12429,13110
train,KR7005930003_t,endpoint_cache_ask1_nonpositive,58,13110
train,KR7005930003_t,endpoint_workbook_ask1_present,12487,13110
train,KR7005930003_t,endpoint_cache_bid1_present,12487,13110
train,KR7005930003_t,endpoint_cache_bid1_finite,12487,13110
train,KR7005930003_t,endpoint_cache_bid1_finite_positive,12430,13110
train,KR7005930003_t,endpoint_cache_bid1_nonpositive,57,13110
train,KR7005930003_t,endpoint_workbook_bid1_present,12487,13110
train,KR7005930003_t,endpoint_crossed,33,13110
train,KR7005930003_t,endpoint_locked_positive,251,13110
train,KR7005930003_t,missing_cache_quote_any_endpoint,892,13110
train,KR7005930003_t,historical_missing_cache_endpoint,892,13110
train,KR7005930003_t,historical_missing_equal_filled_flat,665,13110
train,KR7005930003_t,origin_workbook_cache_status=matched_exact,13106,13110
train,KR7005930003_t,origin_workbook_cache_status=matched_tolerance,4,13110
train,KR7005930003_t,origin_ask1_fill_method=original,12743,13110
train,KR7005930003_t,origin_ask1_fill_method=forward_fill,273,13110
train,KR7005930003_t,origin_ask1_fill_method=zero_fill,94,13110
train,KR7005930003_t,origin_bid1_fill_method=original,12743,13110
train,KR7005930003_t,origin_bid1_fill_method=forward_fill,273,13110
train,KR7005930003_t,origin_bid1_fill_method=zero_fill,94,13110
train,KR7005930003_t,endpoint_workbook_cache_status=matched_exact,13100,13110
train,KR7005930003_t,endpoint_workbook_cache_status=absent_in_both,6,13110
train,KR7005930003_t,endpoint_workbook_cache_status=matched_tolerance,4,13110
train,KR7005930003_t,endpoint_ask1_fill_method=original,12487,13110
train,KR7005930003_t,endpoint_ask1_fill_method=forward_fill,532,13110
train,KR7005930003_t,endpoint_ask1_fill_method=zero_fill,91,13110
train,KR7005930003_t,endpoint_bid1_fill_method=original,12487,13110
train,KR7005930003_t,endpoint_bid1_fill_method=forward_fill,532,13110
train,KR7005930003_t,endpoint_bid1_fill_method=zero_fill,91,13110
train,KR7005930003_t,historical_missing_endpoint_kind=none,12218,13110
train,KR7005930003_t,historical_missing_endpoint_kind=future,525,13110
train,KR7005930003_t,historical_missing_endpoint_kind=current,269,13110
train,KR7005930003_t,historical_missing_endpoint_kind=both,98,13110
train,KR7006400006_t,origin_cache_row_exists,13110,13110
train,KR7006400006_t,origin_workbook_row_exists,13110,13110
train,KR7006400006_t,origin_cache_ask1_present,12751,13110
train,KR7006400006_t,origin_cache_ask1_finite,12751,13110
train,KR7006400006_t,origin_cache_ask1_finite_positive,12748,13110
train,KR7006400006_t,origin_cache_ask1_nonpositive,3,13110
train,KR7006400006_t,origin_workbook_ask1_present,12751,13110
train,KR7006400006_t,origin_cache_bid1_present,12751,13110
train,KR7006400006_t,origin_cache_bid1_finite,12751,13110
train,KR7006400006_t,origin_cache_bid1_finite_positive,12751,13110
train,KR7006400006_t,origin_cache_bid1_nonpositive,0,13110
train,KR7006400006_t,origin_workbook_bid1_present,12751,13110
train,KR7006400006_t,origin_crossed,3,13110
train,KR7006400006_t,origin_locked_positive,264,13110
train,KR7006400006_t,endpoint_cache_row_exists,13110,13110
train,KR7006400006_t,endpoint_workbook_row_exists,13110,13110
train,KR7006400006_t,endpoint_cache_ask1_present,12521,13110
train,KR7006400006_t,endpoint_cache_ask1_finite,12521,13110
train,KR7006400006_t,endpoint_cache_ask1_finite_positive,12473,13110
train,KR7006400006_t,endpoint_cache_ask1_nonpositive,48,13110
train,KR7006400006_t,endpoint_workbook_ask1_present,12521,13110
train,KR7006400006_t,endpoint_cache_bid1_present,12521,13110
train,KR7006400006_t,endpoint_cache_bid1_finite,12521,13110
train,KR7006400006_t,endpoint_cache_bid1_finite_positive,12446,13110
train,KR7006400006_t,endpoint_cache_bid1_nonpositive,75,13110
train,KR7006400006_t,endpoint_workbook_bid1_present,12521,13110
train,KR7006400006_t,endpoint_crossed,36,13110
train,KR7006400006_t,endpoint_locked_positive,264,13110
train,KR7006400006_t,missing_cache_quote_any_endpoint,860,13110
train,KR7006400006_t,historical_missing_cache_endpoint,860,13110
train,KR7006400006_t,historical_missing_equal_filled_flat,703,13110
train,KR7006400006_t,origin_workbook_cache_status=matched_exact,13109,13110
train,KR7006400006_t,origin_workbook_cache_status=matched_tolerance,1,13110
train,KR7006400006_t,origin_ask1_fill_method=original,12751,13110
train,KR7006400006_t,origin_ask1_fill_method=forward_fill,276,13110
train,KR7006400006_t,origin_ask1_fill_method=zero_fill,83,13110
train,KR7006400006_t,origin_bid1_fill_method=original,12751,13110
train,KR7006400006_t,origin_bid1_fill_method=forward_fill,276,13110
train,KR7006400006_t,origin_bid1_fill_method=zero_fill,83,13110
train,KR7006400006_t,endpoint_workbook_cache_status=matched_exact,13109,13110
train,KR7006400006_t,endpoint_workbook_cache_status=matched_tolerance,1,13110
train,KR7006400006_t,endpoint_ask1_fill_method=original,12521,13110
train,KR7006400006_t,endpoint_ask1_fill_method=forward_fill,508,13110
train,KR7006400006_t,endpoint_ask1_fill_method=zero_fill,81,13110
train,KR7006400006_t,endpoint_bid1_fill_method=original,12521,13110
train,KR7006400006_t,endpoint_bid1_fill_method=forward_fill,508,13110
train,KR7006400006_t,endpoint_bid1_fill_method=zero_fill,81,13110
train,KR7006400006_t,historical_missing_endpoint_kind=none,12250,13110
train,KR7006400006_t,historical_missing_endpoint_kind=future,501,13110
train,KR7006400006_t,historical_missing_endpoint_kind=current,271,13110
train,KR7006400006_t,historical_missing_endpoint_kind=both,88,13110
train,KR7006800007_t,origin_cache_row_exists,13110,13110
train,KR7006800007_t,origin_workbook_row_exists,13110,13110
train,KR7006800007_t,origin_cache_ask1_present,12723,13110
train,KR7006800007_t,origin_cache_ask1_finite,12723,13110
train,KR7006800007_t,origin_cache_ask1_finite_positive,12723,13110
train,KR7006800007_t,origin_cache_ask1_nonpositive,0,13110
train,KR7006800007_t,origin_workbook_ask1_present,12723,13110
train,KR7006800007_t,origin_cache_bid1_present,12723,13110
train,KR7006800007_t,origin_cache_bid1_finite,12723,13110
train,KR7006800007_t,origin_cache_bid1_finite_positive,12723,13110
train,KR7006800007_t,origin_cache_bid1_nonpositive,0,13110
train,KR7006800007_t,origin_workbook_bid1_present,12723,13110
train,KR7006800007_t,origin_crossed,0,13110
train,KR7006800007_t,origin_locked_positive,265,13110
train,KR7006800007_t,endpoint_cache_row_exists,13108,13110
train,KR7006800007_t,endpoint_workbook_row_exists,13108,13110
train,KR7006800007_t,endpoint_cache_ask1_present,12508,13110
train,KR7006800007_t,endpoint_cache_ask1_finite,12508,13110
train,KR7006800007_t,endpoint_cache_ask1_finite_positive,12451,13110
train,KR7006800007_t,endpoint_cache_ask1_nonpositive,57,13110
train,KR7006800007_t,endpoint_workbook_ask1_present,12508,13110
train,KR7006800007_t,endpoint_cache_bid1_present,12508,13110
train,KR7006800007_t,endpoint_cache_bid1_finite,12508,13110
train,KR7006800007_t,endpoint_cache_bid1_finite_positive,12432,13110
train,KR7006800007_t,endpoint_cache_bid1_nonpositive,76,13110
train,KR7006800007_t,endpoint_workbook_bid1_present,12508,13110
train,KR7006800007_t,endpoint_crossed,47,13110
train,KR7006800007_t,endpoint_locked_positive,265,13110
train,KR7006800007_t,missing_cache_quote_any_endpoint,894,13110
train,KR7006800007_t,historical_missing_cache_endpoint,894,13110
train,KR7006800007_t,historical_missing_equal_filled_flat,700,13110
train,KR7006800007_t,origin_workbook_cache_status=matched_exact,13108,13110
train,KR7006800007_t,origin_workbook_cache_status=matched_tolerance,2,13110
train,KR7006800007_t,origin_ask1_fill_method=original,12723,13110
train,KR7006800007_t,origin_ask1_fill_method=forward_fill,293,13110
train,KR7006800007_t,origin_ask1_fill_method=zero_fill,94,13110
train,KR7006800007_t,origin_bid1_fill_method=original,12723,13110
train,KR7006800007_t,origin_bid1_fill_method=forward_fill,293,13110
train,KR7006800007_t,origin_bid1_fill_method=zero_fill,94,13110
train,KR7006800007_t,endpoint_workbook_cache_status=matched_exact,13106,13110
train,KR7006800007_t,endpoint_workbook_cache_status=matched_tolerance,2,13110
train,KR7006800007_t,endpoint_workbook_cache_status=absent_in_both,2,13110
train,KR7006800007_t,endpoint_ask1_fill_method=original,12508,13110
train,KR7006800007_t,endpoint_ask1_fill_method=forward_fill,511,13110
train,KR7006800007_t,endpoint_ask1_fill_method=zero_fill,91,13110
train,KR7006800007_t,endpoint_bid1_fill_method=original,12508,13110
train,KR7006800007_t,endpoint_bid1_fill_method=forward_fill,511,13110
train,KR7006800007_t,endpoint_bid1_fill_method=zero_fill,91,13110
train,KR7006800007_t,historical_missing_endpoint_kind=none,12216,13110
train,KR7006800007_t,historical_missing_endpoint_kind=future,507,13110
train,KR7006800007_t,historical_missing_endpoint_kind=current,292,13110
train,KR7006800007_t,historical_missing_endpoint_kind=both,95,13110
train,KR7007070006_t,origin_cache_row_exists,13106,13110
train,KR7007070006_t,origin_workbook_row_exists,13106,13110
train,KR7007070006_t,origin_cache_ask1_present,12736,13110
train,KR7007070006_t,origin_cache_ask1_finite,12736,13110
train,KR7007070006_t,origin_cache_ask1_finite_positive,12733,13110
train,KR7007070006_t,origin_cache_ask1_nonpositive,3,13110
train,KR7007070006_t,origin_workbook_ask1_present,12736,13110
train,KR7007070006_t,origin_cache_bid1_present,12736,13110
train,KR7007070006_t,origin_cache_bid1_finite,12736,13110
train,KR7007070006_t,origin_cache_bid1_finite_positive,12735,13110
train,KR7007070006_t,origin_cache_bid1_nonpositive,1,13110
train,KR7007070006_t,origin_workbook_bid1_present,12736,13110
train,KR7007070006_t,origin_crossed,2,13110
train,KR7007070006_t,origin_locked_positive,252,13110
train,KR7007070006_t,endpoint_cache_row_exists,13088,13110
train,KR7007070006_t,endpoint_workbook_row_exists,13088,13110
train,KR7007070006_t,endpoint_cache_ask1_present,12455,13110
train,KR7007070006_t,endpoint_cache_ask1_finite,12455,13110
train,KR7007070006_t,endpoint_cache_ask1_finite_positive,12422,13110
train,KR7007070006_t,endpoint_cache_ask1_nonpositive,33,13110
train,KR7007070006_t,endpoint_workbook_ask1_present,12455,13110
train,KR7007070006_t,endpoint_cache_bid1_present,12455,13110
train,KR7007070006_t,endpoint_cache_bid1_finite,12455,13110
train,KR7007070006_t,endpoint_cache_bid1_finite_positive,12411,13110
train,KR7007070006_t,endpoint_cache_bid1_nonpositive,44,13110
train,KR7007070006_t,endpoint_workbook_bid1_present,12455,13110
train,KR7007070006_t,endpoint_crossed,15,13110
train,KR7007070006_t,endpoint_locked_positive,252,13110
train,KR7007070006_t,missing_cache_quote_any_endpoint,926,13110
train,KR7007070006_t,historical_missing_cache_endpoint,926,13110
train,KR7007070006_t,historical_missing_equal_filled_flat,713,13110
train,KR7007070006_t,origin_workbook_cache_status=matched_exact,13103,13110
train,KR7007070006_t,origin_workbook_cache_status=absent_in_both,4,13110
train,KR7007070006_t,origin_workbook_cache_status=matched_tolerance,3,13110
train,KR7007070006_t,origin_ask1_fill_method=original,12736,13110
train,KR7007070006_t,origin_ask1_fill_method=forward_fill,279,13110
train,KR7007070006_t,origin_ask1_fill_method=zero_fill,95,13110
train,KR7007070006_t,origin_bid1_fill_method=original,12736,13110
train,KR7007070006_t,origin_bid1_fill_method=forward_fill,279,13110
train,KR7007070006_t,origin_bid1_fill_method=zero_fill,95,13110
train,KR7007070006_t,endpoint_workbook_cache_status=matched_exact,13086,13110
train,KR7007070006_t,endpoint_workbook_cache_status=absent_in_both,22,13110
train,KR7007070006_t,endpoint_workbook_cache_status=matched_tolerance,2,13110
train,KR7007070006_t,endpoint_ask1_fill_method=original,12455,13110
train,KR7007070006_t,endpoint_ask1_fill_method=forward_fill,564,13110
train,KR7007070006_t,endpoint_ask1_fill_method=zero_fill,91,13110
train,KR7007070006_t,endpoint_bid1_fill_method=original,12455,13110
train,KR7007070006_t,endpoint_bid1_fill_method=forward_fill,564,13110
train,KR7007070006_t,endpoint_bid1_fill_method=zero_fill,91,13110
train,KR7007070006_t,historical_missing_endpoint_kind=none,12184,13110
train,KR7007070006_t,historical_missing_endpoint_kind=future,552,13110
train,KR7007070006_t,historical_missing_endpoint_kind=current,271,13110
train,KR7007070006_t,historical_missing_endpoint_kind=both,103,13110
train,KR7008770000_t,origin_cache_row_exists,13110,13110
train,KR7008770000_t,origin_workbook_row_exists,13110,13110
train,KR7008770000_t,origin_cache_ask1_present,12741,13110
train,KR7008770000_t,origin_cache_ask1_finite,12741,13110
train,KR7008770000_t,origin_cache_ask1_finite_positive,12741,13110
train,KR7008770000_t,origin_cache_ask1_nonpositive,0,13110
train,KR7008770000_t,origin_workbook_ask1_present,12741,13110
train,KR7008770000_t,origin_cache_bid1_present,12741,13110
train,KR7008770000_t,origin_cache_bid1_finite,12741,13110
train,KR7008770000_t,origin_cache_bid1_finite_positive,12740,13110
train,KR7008770000_t,origin_cache_bid1_nonpositive,1,13110
train,KR7008770000_t,origin_workbook_bid1_present,12741,13110
train,KR7008770000_t,origin_crossed,0,13110
train,KR7008770000_t,origin_locked_positive,262,13110
train,KR7008770000_t,endpoint_cache_row_exists,13110,13110
train,KR7008770000_t,endpoint_workbook_row_exists,13110,13110
train,KR7008770000_t,endpoint_cache_ask1_present,12513,13110
train,KR7008770000_t,endpoint_cache_ask1_finite,12513,13110
train,KR7008770000_t,endpoint_cache_ask1_finite_positive,12450,13110
train,KR7008770000_t,endpoint_cache_ask1_nonpositive,63,13110
train,KR7008770000_t,endpoint_workbook_ask1_present,12513,13110
train,KR7008770000_t,endpoint_cache_bid1_present,12513,13110
train,KR7008770000_t,endpoint_cache_bid1_finite,12513,13110
train,KR7008770000_t,endpoint_cache_bid1_finite_positive,12447,13110
train,KR7008770000_t,endpoint_cache_bid1_nonpositive,66,13110
train,KR7008770000_t,endpoint_workbook_bid1_present,12513,13110
train,KR7008770000_t,endpoint_crossed,45,13110
train,KR7008770000_t,endpoint_locked_positive,262,13110
train,KR7008770000_t,missing_cache_quote_any_endpoint,872,13110
train,KR7008770000_t,historical_missing_cache_endpoint,872,13110
train,KR7008770000_t,historical_missing_equal_filled_flat,692,13110
train,KR7008770000_t,origin_workbook_cache_status=matched_exact,13104,13110
train,KR7008770000_t,origin_workbook_cache_status=matched_tolerance,6,13110
train,KR7008770000_t,origin_ask1_fill_method=original,12741,13110
train,KR7008770000_t,origin_ask1_fill_method=forward_fill,275,13110
train,KR7008770000_t,origin_ask1_fill_method=zero_fill,94,13110
train,KR7008770000_t,origin_bid1_fill_method=original,12741,13110
train,KR7008770000_t,origin_bid1_fill_method=forward_fill,275,13110
train,KR7008770000_t,origin_bid1_fill_method=zero_fill,94,13110
train,KR7008770000_t,endpoint_workbook_cache_status=matched_exact,13104,13110
train,KR7008770000_t,endpoint_workbook_cache_status=matched_tolerance,6,13110
train,KR7008770000_t,endpoint_ask1_fill_method=original,12513,13110
train,KR7008770000_t,endpoint_ask1_fill_method=forward_fill,506,13110
train,KR7008770000_t,endpoint_ask1_fill_method=zero_fill,91,13110
train,KR7008770000_t,endpoint_bid1_fill_method=original,12513,13110
train,KR7008770000_t,endpoint_bid1_fill_method=forward_fill,506,13110
train,KR7008770000_t,endpoint_bid1_fill_method=zero_fill,91,13110
train,KR7008770000_t,historical_missing_endpoint_kind=none,12238,13110
train,KR7008770000_t,historical_missing_endpoint_kind=future,503,13110
train,KR7008770000_t,historical_missing_endpoint_kind=current,275,13110
train,KR7008770000_t,historical_missing_endpoint_kind=both,94,13110
train,KR7009150004_t,origin_cache_row_exists,13088,13110
train,KR7009150004_t,origin_workbook_row_exists,13088,13110
train,KR7009150004_t,origin_cache_ask1_present,12729,13110
train,KR7009150004_t,origin_cache_ask1_finite,12729,13110
train,KR7009150004_t,origin_cache_ask1_finite_positive,12729,13110
train,KR7009150004_t,origin_cache_ask1_nonpositive,0,13110
train,KR7009150004_t,origin_workbook_ask1_present,12729,13110
train,KR7009150004_t,origin_cache_bid1_present,12729,13110
train,KR7009150004_t,origin_cache_bid1_finite,12729,13110
train,KR7009150004_t,origin_cache_bid1_finite_positive,12727,13110
train,KR7009150004_t,origin_cache_bid1_nonpositive,2,13110
train,KR7009150004_t,origin_workbook_bid1_present,12729,13110
train,KR7009150004_t,origin_crossed,0,13110
train,KR7009150004_t,origin_locked_positive,263,13110
train,KR7009150004_t,endpoint_cache_row_exists,13085,13110
train,KR7009150004_t,endpoint_workbook_row_exists,13085,13110
train,KR7009150004_t,endpoint_cache_ask1_present,12505,13110
train,KR7009150004_t,endpoint_cache_ask1_finite,12505,13110
train,KR7009150004_t,endpoint_cache_ask1_finite_positive,12449,13110
train,KR7009150004_t,endpoint_cache_ask1_nonpositive,56,13110
train,KR7009150004_t,endpoint_workbook_ask1_present,12505,13110
train,KR7009150004_t,endpoint_cache_bid1_present,12505,13110
train,KR7009150004_t,endpoint_cache_bid1_finite,12505,13110
train,KR7009150004_t,endpoint_cache_bid1_finite_positive,12425,13110
train,KR7009150004_t,endpoint_cache_bid1_nonpositive,80,13110
train,KR7009150004_t,endpoint_workbook_bid1_present,12505,13110
train,KR7009150004_t,endpoint_crossed,36,13110
train,KR7009150004_t,endpoint_locked_positive,263,13110
train,KR7009150004_t,missing_cache_quote_any_endpoint,873,13110
train,KR7009150004_t,historical_missing_cache_endpoint,873,13110
train,KR7009150004_t,historical_missing_equal_filled_flat,683,13110
train,KR7009150004_t,origin_workbook_cache_status=matched_exact,13082,13110
train,KR7009150004_t,origin_workbook_cache_status=absent_in_both,22,13110
train,KR7009150004_t,origin_workbook_cache_status=matched_tolerance,6,13110
train,KR7009150004_t,origin_ask1_fill_method=original,12729,13110
train,KR7009150004_t,origin_ask1_fill_method=forward_fill,293,13110
train,KR7009150004_t,origin_ask1_fill_method=zero_fill,88,13110
train,KR7009150004_t,origin_bid1_fill_method=original,12729,13110
train,KR7009150004_t,origin_bid1_fill_method=forward_fill,293,13110
train,KR7009150004_t,origin_bid1_fill_method=zero_fill,88,13110
train,KR7009150004_t,endpoint_workbook_cache_status=matched_exact,13079,13110
train,KR7009150004_t,endpoint_workbook_cache_status=absent_in_both,25,13110
train,KR7009150004_t,endpoint_workbook_cache_status=matched_tolerance,6,13110
train,KR7009150004_t,endpoint_ask1_fill_method=original,12505,13110
train,KR7009150004_t,endpoint_ask1_fill_method=forward_fill,519,13110
train,KR7009150004_t,endpoint_ask1_fill_method=zero_fill,86,13110
train,KR7009150004_t,endpoint_bid1_fill_method=original,12505,13110
train,KR7009150004_t,endpoint_bid1_fill_method=forward_fill,519,13110
train,KR7009150004_t,endpoint_bid1_fill_method=zero_fill,86,13110
train,KR7009150004_t,historical_missing_endpoint_kind=none,12237,13110
train,KR7009150004_t,historical_missing_endpoint_kind=future,492,13110
train,KR7009150004_t,historical_missing_endpoint_kind=current,268,13110
train,KR7009150004_t,historical_missing_endpoint_kind=both,113,13110
validation,KR7000030007_t,origin_cache_row_exists,1862,1862
validation,KR7000030007_t,origin_workbook_row_exists,1862,1862
validation,KR7000030007_t,origin_cache_ask1_present,1855,1862
validation,KR7000030007_t,origin_cache_ask1_finite,1855,1862
validation,KR7000030007_t,origin_cache_ask1_finite_positive,1855,1862
validation,KR7000030007_t,origin_cache_ask1_nonpositive,0,1862
validation,KR7000030007_t,origin_workbook_ask1_present,1855,1862
validation,KR7000030007_t,origin_cache_bid1_present,1855,1862
validation,KR7000030007_t,origin_cache_bid1_finite,1855,1862
validation,KR7000030007_t,origin_cache_bid1_finite_positive,1855,1862
validation,KR7000030007_t,origin_cache_bid1_nonpositive,0,1862
validation,KR7000030007_t,origin_workbook_bid1_present,1855,1862
validation,KR7000030007_t,origin_crossed,0,1862
validation,KR7000030007_t,origin_locked_positive,0,1862
validation,KR7000030007_t,endpoint_cache_row_exists,1862,1862
validation,KR7000030007_t,endpoint_workbook_row_exists,1862,1862
validation,KR7000030007_t,endpoint_cache_ask1_present,1807,1862
validation,KR7000030007_t,endpoint_cache_ask1_finite,1807,1862
validation,KR7000030007_t,endpoint_cache_ask1_finite_positive,1807,1862
validation,KR7000030007_t,endpoint_cache_ask1_nonpositive,0,1862
validation,KR7000030007_t,endpoint_workbook_ask1_present,1807,1862
validation,KR7000030007_t,endpoint_cache_bid1_present,1807,1862
validation,KR7000030007_t,endpoint_cache_bid1_finite,1807,1862
validation,KR7000030007_t,endpoint_cache_bid1_finite_positive,1807,1862
validation,KR7000030007_t,endpoint_cache_bid1_nonpositive,0,1862
validation,KR7000030007_t,endpoint_workbook_bid1_present,1807,1862
validation,KR7000030007_t,endpoint_crossed,0,1862
validation,KR7000030007_t,endpoint_locked_positive,0,1862
validation,KR7000030007_t,missing_cache_quote_any_endpoint,57,1862
validation,KR7000030007_t,historical_missing_cache_endpoint,57,1862
validation,KR7000030007_t,historical_missing_equal_filled_flat,56,1862
validation,KR7000030007_t,origin_workbook_cache_status=matched_exact,1862,1862
validation,KR7000030007_t,origin_ask1_fill_method=original,1855,1862
validation,KR7000030007_t,origin_ask1_fill_method=zero_fill,6,1862
validation,KR7000030007_t,origin_ask1_fill_method=forward_fill,1,1862
validation,KR7000030007_t,origin_bid1_fill_method=original,1855,1862
validation,KR7000030007_t,origin_bid1_fill_method=zero_fill,6,1862
validation,KR7000030007_t,origin_bid1_fill_method=forward_fill,1,1862
validation,KR7000030007_t,endpoint_workbook_cache_status=matched_exact,1862,1862
validation,KR7000030007_t,endpoint_ask1_fill_method=original,1807,1862
validation,KR7000030007_t,endpoint_ask1_fill_method=forward_fill,50,1862
validation,KR7000030007_t,endpoint_ask1_fill_method=zero_fill,5,1862
validation,KR7000030007_t,endpoint_bid1_fill_method=original,1807,1862
validation,KR7000030007_t,endpoint_bid1_fill_method=forward_fill,50,1862
validation,KR7000030007_t,endpoint_bid1_fill_method=zero_fill,5,1862
validation,KR7000030007_t,historical_missing_endpoint_kind=none,1805,1862
validation,KR7000030007_t,historical_missing_endpoint_kind=future,50,1862
validation,KR7000030007_t,historical_missing_endpoint_kind=both,5,1862
validation,KR7000030007_t,historical_missing_endpoint_kind=current,2,1862
validation,KR7000100008_t,origin_cache_row_exists,1862,1862
validation,KR7000100008_t,origin_workbook_row_exists,1862,1862
validation,KR7000100008_t,origin_cache_ask1_present,1844,1862
validation,KR7000100008_t,origin_cache_ask1_finite,1844,1862
validation,KR7000100008_t,origin_cache_ask1_finite_positive,1844,1862
validation,KR7000100008_t,origin_cache_ask1_nonpositive,0,1862
validation,KR7000100008_t,origin_workbook_ask1_present,1844,1862
validation,KR7000100008_t,origin_cache_bid1_present,1844,1862
validation,KR7000100008_t,origin_cache_bid1_finite,1844,1862
validation,KR7000100008_t,origin_cache_bid1_finite_positive,1844,1862
validation,KR7000100008_t,origin_cache_bid1_nonpositive,0,1862
validation,KR7000100008_t,origin_workbook_bid1_present,1844,1862
validation,KR7000100008_t,origin_crossed,0,1862
validation,KR7000100008_t,origin_locked_positive,0,1862
validation,KR7000100008_t,endpoint_cache_row_exists,1862,1862
validation,KR7000100008_t,endpoint_workbook_row_exists,1862,1862
validation,KR7000100008_t,endpoint_cache_ask1_present,1796,1862
validation,KR7000100008_t,endpoint_cache_ask1_finite,1796,1862
validation,KR7000100008_t,endpoint_cache_ask1_finite_positive,1796,1862
validation,KR7000100008_t,endpoint_cache_ask1_nonpositive,0,1862
validation,KR7000100008_t,endpoint_workbook_ask1_present,1796,1862
validation,KR7000100008_t,endpoint_cache_bid1_present,1796,1862
validation,KR7000100008_t,endpoint_cache_bid1_finite,1796,1862
validation,KR7000100008_t,endpoint_cache_bid1_finite_positive,1796,1862
validation,KR7000100008_t,endpoint_cache_bid1_nonpositive,0,1862
validation,KR7000100008_t,endpoint_workbook_bid1_present,1796,1862
validation,KR7000100008_t,endpoint_crossed,0,1862
validation,KR7000100008_t,endpoint_locked_positive,0,1862
validation,KR7000100008_t,missing_cache_quote_any_endpoint,79,1862
validation,KR7000100008_t,historical_missing_cache_endpoint,79,1862
validation,KR7000100008_t,historical_missing_equal_filled_flat,68,1862
validation,KR7000100008_t,origin_workbook_cache_status=matched_exact,1862,1862
validation,KR7000100008_t,origin_ask1_fill_method=original,1844,1862
validation,KR7000100008_t,origin_ask1_fill_method=forward_fill,12,1862
validation,KR7000100008_t,origin_ask1_fill_method=zero_fill,6,1862
validation,KR7000100008_t,origin_bid1_fill_method=original,1844,1862
validation,KR7000100008_t,origin_bid1_fill_method=forward_fill,12,1862
validation,KR7000100008_t,origin_bid1_fill_method=zero_fill,6,1862
validation,KR7000100008_t,endpoint_workbook_cache_status=matched_exact,1862,1862
validation,KR7000100008_t,endpoint_ask1_fill_method=original,1796,1862
validation,KR7000100008_t,endpoint_ask1_fill_method=forward_fill,61,1862
validation,KR7000100008_t,endpoint_ask1_fill_method=zero_fill,5,1862
validation,KR7000100008_t,endpoint_bid1_fill_method=original,1796,1862
validation,KR7000100008_t,endpoint_bid1_fill_method=forward_fill,61,1862
validation,KR7000100008_t,endpoint_bid1_fill_method=zero_fill,5,1862
validation,KR7000100008_t,historical_missing_endpoint_kind=none,1783,1862
validation,KR7000100008_t,historical_missing_endpoint_kind=future,61,1862
validation,KR7000100008_t,historical_missing_endpoint_kind=current,13,1862
validation,KR7000100008_t,historical_missing_endpoint_kind=both,5,1862
validation,KR7000120006_t,origin_cache_row_exists,1862,1862
validation,KR7000120006_t,origin_workbook_row_exists,1862,1862
validation,KR7000120006_t,origin_cache_ask1_present,1848,1862
validation,KR7000120006_t,origin_cache_ask1_finite,1848,1862
validation,KR7000120006_t,origin_cache_ask1_finite_positive,1848,1862
validation,KR7000120006_t,origin_cache_ask1_nonpositive,0,1862
validation,KR7000120006_t,origin_workbook_ask1_present,1848,1862
validation,KR7000120006_t,origin_cache_bid1_present,1848,1862
validation,KR7000120006_t,origin_cache_bid1_finite,1848,1862
validation,KR7000120006_t,origin_cache_bid1_finite_positive,1848,1862
validation,KR7000120006_t,origin_cache_bid1_nonpositive,0,1862
validation,KR7000120006_t,origin_workbook_bid1_present,1848,1862
validation,KR7000120006_t,origin_crossed,0,1862
validation,KR7000120006_t,origin_locked_positive,0,1862
validation,KR7000120006_t,endpoint_cache_row_exists,1862,1862
validation,KR7000120006_t,endpoint_workbook_row_exists,1862,1862
validation,KR7000120006_t,endpoint_cache_ask1_present,1800,1862
validation,KR7000120006_t,endpoint_cache_ask1_finite,1800,1862
validation,KR7000120006_t,endpoint_cache_ask1_finite_positive,1800,1862
validation,KR7000120006_t,endpoint_cache_ask1_nonpositive,0,1862
validation,KR7000120006_t,endpoint_workbook_ask1_present,1800,1862
validation,KR7000120006_t,endpoint_cache_bid1_present,1800,1862
validation,KR7000120006_t,endpoint_cache_bid1_finite,1800,1862
validation,KR7000120006_t,endpoint_cache_bid1_finite_positive,1800,1862
validation,KR7000120006_t,endpoint_cache_bid1_nonpositive,0,1862
validation,KR7000120006_t,endpoint_workbook_bid1_present,1800,1862
validation,KR7000120006_t,endpoint_crossed,0,1862
validation,KR7000120006_t,endpoint_locked_positive,0,1862
validation,KR7000120006_t,missing_cache_quote_any_endpoint,71,1862
validation,KR7000120006_t,historical_missing_cache_endpoint,71,1862
validation,KR7000120006_t,historical_missing_equal_filled_flat,65,1862
validation,KR7000120006_t,origin_workbook_cache_status=matched_exact,1862,1862
validation,KR7000120006_t,origin_ask1_fill_method=original,1848,1862
validation,KR7000120006_t,origin_ask1_fill_method=forward_fill,8,1862
validation,KR7000120006_t,origin_ask1_fill_method=zero_fill,6,1862
validation,KR7000120006_t,origin_bid1_fill_method=original,1848,1862
validation,KR7000120006_t,origin_bid1_fill_method=forward_fill,8,1862
validation,KR7000120006_t,origin_bid1_fill_method=zero_fill,6,1862
validation,KR7000120006_t,endpoint_workbook_cache_status=matched_exact,1862,1862
validation,KR7000120006_t,endpoint_ask1_fill_method=original,1800,1862
validation,KR7000120006_t,endpoint_ask1_fill_method=forward_fill,57,1862
validation,KR7000120006_t,endpoint_ask1_fill_method=zero_fill,5,1862
validation,KR7000120006_t,endpoint_bid1_fill_method=original,1800,1862
validation,KR7000120006_t,endpoint_bid1_fill_method=forward_fill,57,1862
validation,KR7000120006_t,endpoint_bid1_fill_method=zero_fill,5,1862
validation,KR7000120006_t,historical_missing_endpoint_kind=none,1791,1862
validation,KR7000120006_t,historical_missing_endpoint_kind=future,57,1862
validation,KR7000120006_t,historical_missing_endpoint_kind=current,9,1862
validation,KR7000120006_t,historical_missing_endpoint_kind=both,5,1862
validation,KR7000150003_t,origin_cache_row_exists,1862,1862
validation,KR7000150003_t,origin_workbook_row_exists,1862,1862
validation,KR7000150003_t,origin_cache_ask1_present,1848,1862
validation,KR7000150003_t,origin_cache_ask1_finite,1848,1862
validation,KR7000150003_t,origin_cache_ask1_finite_positive,1848,1862
validation,KR7000150003_t,origin_cache_ask1_nonpositive,0,1862
validation,KR7000150003_t,origin_workbook_ask1_present,1848,1862
validation,KR7000150003_t,origin_cache_bid1_present,1848,1862
validation,KR7000150003_t,origin_cache_bid1_finite,1848,1862
validation,KR7000150003_t,origin_cache_bid1_finite_positive,1848,1862
validation,KR7000150003_t,origin_cache_bid1_nonpositive,0,1862
validation,KR7000150003_t,origin_workbook_bid1_present,1848,1862
validation,KR7000150003_t,origin_crossed,0,1862
validation,KR7000150003_t,origin_locked_positive,0,1862
validation,KR7000150003_t,endpoint_cache_row_exists,1862,1862
validation,KR7000150003_t,endpoint_workbook_row_exists,1862,1862
validation,KR7000150003_t,endpoint_cache_ask1_present,1800,1862
validation,KR7000150003_t,endpoint_cache_ask1_finite,1800,1862
validation,KR7000150003_t,endpoint_cache_ask1_finite_positive,1800,1862
validation,KR7000150003_t,endpoint_cache_ask1_nonpositive,0,1862
validation,KR7000150003_t,endpoint_workbook_ask1_present,1800,1862
validation,KR7000150003_t,endpoint_cache_bid1_present,1800,1862
validation,KR7000150003_t,endpoint_cache_bid1_finite,1800,1862
validation,KR7000150003_t,endpoint_cache_bid1_finite_positive,1800,1862
validation,KR7000150003_t,endpoint_cache_bid1_nonpositive,0,1862
validation,KR7000150003_t,endpoint_workbook_bid1_present,1800,1862
validation,KR7000150003_t,endpoint_crossed,0,1862
validation,KR7000150003_t,endpoint_locked_positive,0,1862
validation,KR7000150003_t,missing_cache_quote_any_endpoint,71,1862
validation,KR7000150003_t,historical_missing_cache_endpoint,71,1862
validation,KR7000150003_t,historical_missing_equal_filled_flat,66,1862
validation,KR7000150003_t,origin_workbook_cache_status=matched_exact,1862,1862
validation,KR7000150003_t,origin_ask1_fill_method=original,1848,1862
validation,KR7000150003_t,origin_ask1_fill_method=forward_fill,8,1862
validation,KR7000150003_t,origin_ask1_fill_method=zero_fill,6,1862
validation,KR7000150003_t,origin_bid1_fill_method=original,1848,1862
validation,KR7000150003_t,origin_bid1_fill_method=forward_fill,8,1862
validation,KR7000150003_t,origin_bid1_fill_method=zero_fill,6,1862
validation,KR7000150003_t,endpoint_workbook_cache_status=matched_exact,1862,1862
validation,KR7000150003_t,endpoint_ask1_fill_method=original,1800,1862
validation,KR7000150003_t,endpoint_ask1_fill_method=forward_fill,57,1862
validation,KR7000150003_t,endpoint_ask1_fill_method=zero_fill,5,1862
validation,KR7000150003_t,endpoint_bid1_fill_method=original,1800,1862
validation,KR7000150003_t,endpoint_bid1_fill_method=forward_fill,57,1862
validation,KR7000150003_t,endpoint_bid1_fill_method=zero_fill,5,1862
validation,KR7000150003_t,historical_missing_endpoint_kind=none,1791,1862
validation,KR7000150003_t,historical_missing_endpoint_kind=future,57,1862
validation,KR7000150003_t,historical_missing_endpoint_kind=current,9,1862
validation,KR7000150003_t,historical_missing_endpoint_kind=both,5,1862
validation,KR7000270009_t,origin_cache_row_exists,1862,1862
validation,KR7000270009_t,origin_workbook_row_exists,1862,1862
validation,KR7000270009_t,origin_cache_ask1_present,1856,1862
validation,KR7000270009_t,origin_cache_ask1_finite,1856,1862
validation,KR7000270009_t,origin_cache_ask1_finite_positive,1856,1862
validation,KR7000270009_t,origin_cache_ask1_nonpositive,0,1862
validation,KR7000270009_t,origin_workbook_ask1_present,1856,1862
validation,KR7000270009_t,origin_cache_bid1_present,1856,1862
validation,KR7000270009_t,origin_cache_bid1_finite,1856,1862
validation,KR7000270009_t,origin_cache_bid1_finite_positive,1856,1862
validation,KR7000270009_t,origin_cache_bid1_nonpositive,0,1862
validation,KR7000270009_t,origin_workbook_bid1_present,1856,1862
validation,KR7000270009_t,origin_crossed,0,1862
validation,KR7000270009_t,origin_locked_positive,0,1862
validation,KR7000270009_t,endpoint_cache_row_exists,1862,1862
validation,KR7000270009_t,endpoint_workbook_row_exists,1862,1862
validation,KR7000270009_t,endpoint_cache_ask1_present,1808,1862
validation,KR7000270009_t,endpoint_cache_ask1_finite,1808,1862
validation,KR7000270009_t,endpoint_cache_ask1_finite_positive,1808,1862
validation,KR7000270009_t,endpoint_cache_ask1_nonpositive,0,1862
validation,KR7000270009_t,endpoint_workbook_ask1_present,1808,1862
validation,KR7000270009_t,endpoint_cache_bid1_present,1808,1862
validation,KR7000270009_t,endpoint_cache_bid1_finite,1808,1862
validation,KR7000270009_t,endpoint_cache_bid1_finite_positive,1808,1862
validation,KR7000270009_t,endpoint_cache_bid1_nonpositive,0,1862
validation,KR7000270009_t,endpoint_workbook_bid1_present,1808,1862
validation,KR7000270009_t,endpoint_crossed,0,1862
validation,KR7000270009_t,endpoint_locked_positive,0,1862
validation,KR7000270009_t,missing_cache_quote_any_endpoint,55,1862
validation,KR7000270009_t,historical_missing_cache_endpoint,55,1862
validation,KR7000270009_t,historical_missing_equal_filled_flat,54,1862
validation,KR7000270009_t,origin_workbook_cache_status=matched_exact,1862,1862
validation,KR7000270009_t,origin_ask1_fill_method=original,1856,1862
validation,KR7000270009_t,origin_ask1_fill_method=zero_fill,6,1862
validation,KR7000270009_t,origin_bid1_fill_method=original,1856,1862
validation,KR7000270009_t,origin_bid1_fill_method=zero_fill,6,1862
validation,KR7000270009_t,endpoint_workbook_cache_status=matched_exact,1862,1862
validation,KR7000270009_t,endpoint_ask1_fill_method=original,1808,1862
validation,KR7000270009_t,endpoint_ask1_fill_method=forward_fill,49,1862
validation,KR7000270009_t,endpoint_ask1_fill_method=zero_fill,5,1862
validation,KR7000270009_t,endpoint_bid1_fill_method=original,1808,1862
validation,KR7000270009_t,endpoint_bid1_fill_method=forward_fill,49,1862
validation,KR7000270009_t,endpoint_bid1_fill_method=zero_fill,5,1862
validation,KR7000270009_t,historical_missing_endpoint_kind=none,1807,1862
validation,KR7000270009_t,historical_missing_endpoint_kind=future,49,1862
validation,KR7000270009_t,historical_missing_endpoint_kind=both,5,1862
validation,KR7000270009_t,historical_missing_endpoint_kind=current,1,1862
validation,KR7000660001_t,origin_cache_row_exists,1862,1862
validation,KR7000660001_t,origin_workbook_row_exists,1862,1862
validation,KR7000660001_t,origin_cache_ask1_present,1857,1862
validation,KR7000660001_t,origin_cache_ask1_finite,1857,1862
validation,KR7000660001_t,origin_cache_ask1_finite_positive,1856,1862
validation,KR7000660001_t,origin_cache_ask1_nonpositive,1,1862
validation,KR7000660001_t,origin_workbook_ask1_present,1857,1862
validation,KR7000660001_t,origin_cache_bid1_present,1857,1862
validation,KR7000660001_t,origin_cache_bid1_finite,1857,1862
validation,KR7000660001_t,origin_cache_bid1_finite_positive,1857,1862
validation,KR7000660001_t,origin_cache_bid1_nonpositive,0,1862
validation,KR7000660001_t,origin_workbook_bid1_present,1857,1862
validation,KR7000660001_t,origin_crossed,1,1862
validation,KR7000660001_t,origin_locked_positive,0,1862
validation,KR7000660001_t,endpoint_cache_row_exists,1862,1862
validation,KR7000660001_t,endpoint_workbook_row_exists,1862,1862
validation,KR7000660001_t,endpoint_cache_ask1_present,1809,1862
validation,KR7000660001_t,endpoint_cache_ask1_finite,1809,1862
validation,KR7000660001_t,endpoint_cache_ask1_finite_positive,1808,1862
validation,KR7000660001_t,endpoint_cache_ask1_nonpositive,1,1862
validation,KR7000660001_t,endpoint_workbook_ask1_present,1809,1862
validation,KR7000660001_t,endpoint_cache_bid1_present,1809,1862
validation,KR7000660001_t,endpoint_cache_bid1_finite,1809,1862
validation,KR7000660001_t,endpoint_cache_bid1_finite_positive,1809,1862
validation,KR7000660001_t,endpoint_cache_bid1_nonpositive,0,1862
validation,KR7000660001_t,endpoint_workbook_bid1_present,1809,1862
validation,KR7000660001_t,endpoint_crossed,1,1862
validation,KR7000660001_t,endpoint_locked_positive,0,1862
validation,KR7000660001_t,missing_cache_quote_any_endpoint,55,1862
validation,KR7000660001_t,historical_missing_cache_endpoint,55,1862
validation,KR7000660001_t,historical_missing_equal_filled_flat,53,1862
validation,KR7000660001_t,origin_workbook_cache_status=matched_exact,1862,1862
validation,KR7000660001_t,origin_ask1_fill_method=original,1857,1862
validation,KR7000660001_t,origin_ask1_fill_method=forward_fill,3,1862
validation,KR7000660001_t,origin_ask1_fill_method=zero_fill,2,1862
validation,KR7000660001_t,origin_bid1_fill_method=original,1857,1862
validation,KR7000660001_t,origin_bid1_fill_method=forward_fill,3,1862
validation,KR7000660001_t,origin_bid1_fill_method=zero_fill,2,1862
validation,KR7000660001_t,endpoint_workbook_cache_status=matched_exact,1862,1862
validation,KR7000660001_t,endpoint_ask1_fill_method=original,1809,1862
validation,KR7000660001_t,endpoint_ask1_fill_method=forward_fill,52,1862
validation,KR7000660001_t,endpoint_ask1_fill_method=zero_fill,1,1862
validation,KR7000660001_t,endpoint_bid1_fill_method=original,1809,1862
validation,KR7000660001_t,endpoint_bid1_fill_method=forward_fill,52,1862
validation,KR7000660001_t,endpoint_bid1_fill_method=zero_fill,1,1862
validation,KR7000660001_t,historical_missing_endpoint_kind=none,1807,1862
validation,KR7000660001_t,historical_missing_endpoint_kind=future,50,1862
validation,KR7000660001_t,historical_missing_endpoint_kind=both,3,1862
validation,KR7000660001_t,historical_missing_endpoint_kind=current,2,1862
validation,KR7000720003_t,origin_cache_row_exists,1862,1862
validation,KR7000720003_t,origin_workbook_row_exists,1862,1862
validation,KR7000720003_t,origin_cache_ask1_present,1856,1862
validation,KR7000720003_t,origin_cache_ask1_finite,1856,1862
validation,KR7000720003_t,origin_cache_ask1_finite_positive,1856,1862
validation,KR7000720003_t,origin_cache_ask1_nonpositive,0,1862
validation,KR7000720003_t,origin_workbook_ask1_present,1856,1862
validation,KR7000720003_t,origin_cache_bid1_present,1856,1862
validation,KR7000720003_t,origin_cache_bid1_finite,1856,1862
validation,KR7000720003_t,origin_cache_bid1_finite_positive,1856,1862
validation,KR7000720003_t,origin_cache_bid1_nonpositive,0,1862
validation,KR7000720003_t,origin_workbook_bid1_present,1856,1862
validation,KR7000720003_t,origin_crossed,0,1862
validation,KR7000720003_t,origin_locked_positive,0,1862
validation,KR7000720003_t,endpoint_cache_row_exists,1862,1862
validation,KR7000720003_t,endpoint_workbook_row_exists,1862,1862
validation,KR7000720003_t,endpoint_cache_ask1_present,1808,1862
validation,KR7000720003_t,endpoint_cache_ask1_finite,1808,1862
validation,KR7000720003_t,endpoint_cache_ask1_finite_positive,1808,1862
validation,KR7000720003_t,endpoint_cache_ask1_nonpositive,0,1862
validation,KR7000720003_t,endpoint_workbook_ask1_present,1808,1862
validation,KR7000720003_t,endpoint_cache_bid1_present,1808,1862
validation,KR7000720003_t,endpoint_cache_bid1_finite,1808,1862
validation,KR7000720003_t,endpoint_cache_bid1_finite_positive,1808,1862
validation,KR7000720003_t,endpoint_cache_bid1_nonpositive,0,1862
validation,KR7000720003_t,endpoint_workbook_bid1_present,1808,1862
validation,KR7000720003_t,endpoint_crossed,0,1862
validation,KR7000720003_t,endpoint_locked_positive,0,1862
validation,KR7000720003_t,missing_cache_quote_any_endpoint,55,1862
validation,KR7000720003_t,historical_missing_cache_endpoint,55,1862
validation,KR7000720003_t,historical_missing_equal_filled_flat,54,1862
validation,KR7000720003_t,origin_workbook_cache_status=matched_exact,1862,1862
validation,KR7000720003_t,origin_ask1_fill_method=original,1856,1862
validation,KR7000720003_t,origin_ask1_fill_method=zero_fill,6,1862
validation,KR7000720003_t,origin_bid1_fill_method=original,1856,1862
validation,KR7000720003_t,origin_bid1_fill_method=zero_fill,6,1862
validation,KR7000720003_t,endpoint_workbook_cache_status=matched_exact,1862,1862
validation,KR7000720003_t,endpoint_ask1_fill_method=original,1808,1862
validation,KR7000720003_t,endpoint_ask1_fill_method=forward_fill,49,1862
validation,KR7000720003_t,endpoint_ask1_fill_method=zero_fill,5,1862
validation,KR7000720003_t,endpoint_bid1_fill_method=original,1808,1862
validation,KR7000720003_t,endpoint_bid1_fill_method=forward_fill,49,1862
validation,KR7000720003_t,endpoint_bid1_fill_method=zero_fill,5,1862
validation,KR7000720003_t,historical_missing_endpoint_kind=none,1807,1862
validation,KR7000720003_t,historical_missing_endpoint_kind=future,49,1862
validation,KR7000720003_t,historical_missing_endpoint_kind=both,5,1862
validation,KR7000720003_t,historical_missing_endpoint_kind=current,1,1862
validation,KR7000810002_t,origin_cache_row_exists,1862,1862
validation,KR7000810002_t,origin_workbook_row_exists,1862,1862
validation,KR7000810002_t,origin_cache_ask1_present,1856,1862
validation,KR7000810002_t,origin_cache_ask1_finite,1856,1862
validation,KR7000810002_t,origin_cache_ask1_finite_positive,1856,1862
validation,KR7000810002_t,origin_cache_ask1_nonpositive,0,1862
validation,KR7000810002_t,origin_workbook_ask1_present,1856,1862
validation,KR7000810002_t,origin_cache_bid1_present,1856,1862
validation,KR7000810002_t,origin_cache_bid1_finite,1856,1862
validation,KR7000810002_t,origin_cache_bid1_finite_positive,1856,1862
validation,KR7000810002_t,origin_cache_bid1_nonpositive,0,1862
validation,KR7000810002_t,origin_workbook_bid1_present,1856,1862
validation,KR7000810002_t,origin_crossed,0,1862
validation,KR7000810002_t,origin_locked_positive,0,1862
validation,KR7000810002_t,endpoint_cache_row_exists,1862,1862
validation,KR7000810002_t,endpoint_workbook_row_exists,1862,1862
validation,KR7000810002_t,endpoint_cache_ask1_present,1808,1862
validation,KR7000810002_t,endpoint_cache_ask1_finite,1808,1862
validation,KR7000810002_t,endpoint_cache_ask1_finite_positive,1808,1862
validation,KR7000810002_t,endpoint_cache_ask1_nonpositive,0,1862
validation,KR7000810002_t,endpoint_workbook_ask1_present,1808,1862
validation,KR7000810002_t,endpoint_cache_bid1_present,1808,1862
validation,KR7000810002_t,endpoint_cache_bid1_finite,1808,1862
validation,KR7000810002_t,endpoint_cache_bid1_finite_positive,1808,1862
validation,KR7000810002_t,endpoint_cache_bid1_nonpositive,0,1862
validation,KR7000810002_t,endpoint_workbook_bid1_present,1808,1862
validation,KR7000810002_t,endpoint_crossed,0,1862
validation,KR7000810002_t,endpoint_locked_positive,0,1862
validation,KR7000810002_t,missing_cache_quote_any_endpoint,55,1862
validation,KR7000810002_t,historical_missing_cache_endpoint,55,1862
validation,KR7000810002_t,historical_missing_equal_filled_flat,54,1862
validation,KR7000810002_t,origin_workbook_cache_status=matched_exact,1862,1862
validation,KR7000810002_t,origin_ask1_fill_method=original,1856,1862
validation,KR7000810002_t,origin_ask1_fill_method=zero_fill,6,1862
validation,KR7000810002_t,origin_bid1_fill_method=original,1856,1862
validation,KR7000810002_t,origin_bid1_fill_method=zero_fill,6,1862
validation,KR7000810002_t,endpoint_workbook_cache_status=matched_exact,1862,1862
validation,KR7000810002_t,endpoint_ask1_fill_method=original,1808,1862
validation,KR7000810002_t,endpoint_ask1_fill_method=forward_fill,49,1862
validation,KR7000810002_t,endpoint_ask1_fill_method=zero_fill,5,1862
validation,KR7000810002_t,endpoint_bid1_fill_method=original,1808,1862
validation,KR7000810002_t,endpoint_bid1_fill_method=forward_fill,49,1862
validation,KR7000810002_t,endpoint_bid1_fill_method=zero_fill,5,1862
validation,KR7000810002_t,historical_missing_endpoint_kind=none,1807,1862
validation,KR7000810002_t,historical_missing_endpoint_kind=future,49,1862
validation,KR7000810002_t,historical_missing_endpoint_kind=both,5,1862
validation,KR7000810002_t,historical_missing_endpoint_kind=current,1,1862
validation,KR7001040005_t,origin_cache_row_exists,1862,1862
validation,KR7001040005_t,origin_workbook_row_exists,1862,1862
validation,KR7001040005_t,origin_cache_ask1_present,1853,1862
validation,KR7001040005_t,origin_cache_ask1_finite,1853,1862
validation,KR7001040005_t,origin_cache_ask1_finite_positive,1853,1862
validation,KR7001040005_t,origin_cache_ask1_nonpositive,0,1862
validation,KR7001040005_t,origin_workbook_ask1_present,1853,1862
validation,KR7001040005_t,origin_cache_bid1_present,1853,1862
validation,KR7001040005_t,origin_cache_bid1_finite,1853,1862
validation,KR7001040005_t,origin_cache_bid1_finite_positive,1853,1862
validation,KR7001040005_t,origin_cache_bid1_nonpositive,0,1862
validation,KR7001040005_t,origin_workbook_bid1_present,1853,1862
validation,KR7001040005_t,origin_crossed,0,1862
validation,KR7001040005_t,origin_locked_positive,0,1862
validation,KR7001040005_t,endpoint_cache_row_exists,1862,1862
validation,KR7001040005_t,endpoint_workbook_row_exists,1862,1862
validation,KR7001040005_t,endpoint_cache_ask1_present,1805,1862
validation,KR7001040005_t,endpoint_cache_ask1_finite,1805,1862
validation,KR7001040005_t,endpoint_cache_ask1_finite_positive,1805,1862
validation,KR7001040005_t,endpoint_cache_ask1_nonpositive,0,1862
validation,KR7001040005_t,endpoint_workbook_ask1_present,1805,1862
validation,KR7001040005_t,endpoint_cache_bid1_present,1805,1862
validation,KR7001040005_t,endpoint_cache_bid1_finite,1805,1862
validation,KR7001040005_t,endpoint_cache_bid1_finite_positive,1805,1862
validation,KR7001040005_t,endpoint_cache_bid1_nonpositive,0,1862
validation,KR7001040005_t,endpoint_workbook_bid1_present,1805,1862
validation,KR7001040005_t,endpoint_crossed,0,1862
validation,KR7001040005_t,endpoint_locked_positive,0,1862
validation,KR7001040005_t,missing_cache_quote_any_endpoint,61,1862
validation,KR7001040005_t,historical_missing_cache_endpoint,61,1862
validation,KR7001040005_t,historical_missing_equal_filled_flat,57,1862
validation,KR7001040005_t,origin_workbook_cache_status=matched_exact,1862,1862
validation,KR7001040005_t,origin_ask1_fill_method=original,1853,1862
validation,KR7001040005_t,origin_ask1_fill_method=zero_fill,6,1862
validation,KR7001040005_t,origin_ask1_fill_method=forward_fill,3,1862
validation,KR7001040005_t,origin_bid1_fill_method=original,1853,1862
validation,KR7001040005_t,origin_bid1_fill_method=zero_fill,6,1862
validation,KR7001040005_t,origin_bid1_fill_method=forward_fill,3,1862
validation,KR7001040005_t,endpoint_workbook_cache_status=matched_exact,1862,1862
validation,KR7001040005_t,endpoint_ask1_fill_method=original,1805,1862
validation,KR7001040005_t,endpoint_ask1_fill_method=forward_fill,52,1862
validation,KR7001040005_t,endpoint_ask1_fill_method=zero_fill,5,1862
validation,KR7001040005_t,endpoint_bid1_fill_method=original,1805,1862
validation,KR7001040005_t,endpoint_bid1_fill_method=forward_fill,52,1862
validation,KR7001040005_t,endpoint_bid1_fill_method=zero_fill,5,1862
validation,KR7001040005_t,historical_missing_endpoint_kind=none,1801,1862
validation,KR7001040005_t,historical_missing_endpoint_kind=future,52,1862
validation,KR7001040005_t,historical_missing_endpoint_kind=both,5,1862
validation,KR7001040005_t,historical_missing_endpoint_kind=current,4,1862
validation,KR7001450006_t,origin_cache_row_exists,1862,1862
validation,KR7001450006_t,origin_workbook_row_exists,1862,1862
validation,KR7001450006_t,origin_cache_ask1_present,1855,1862
validation,KR7001450006_t,origin_cache_ask1_finite,1855,1862
validation,KR7001450006_t,origin_cache_ask1_finite_positive,1855,1862
validation,KR7001450006_t,origin_cache_ask1_nonpositive,0,1862
validation,KR7001450006_t,origin_workbook_ask1_present,1855,1862
validation,KR7001450006_t,origin_cache_bid1_present,1855,1862
validation,KR7001450006_t,origin_cache_bid1_finite,1855,1862
validation,KR7001450006_t,origin_cache_bid1_finite_positive,1855,1862
validation,KR7001450006_t,origin_cache_bid1_nonpositive,0,1862
validation,KR7001450006_t,origin_workbook_bid1_present,1855,1862
validation,KR7001450006_t,origin_crossed,0,1862
validation,KR7001450006_t,origin_locked_positive,0,1862
validation,KR7001450006_t,endpoint_cache_row_exists,1862,1862
validation,KR7001450006_t,endpoint_workbook_row_exists,1862,1862
validation,KR7001450006_t,endpoint_cache_ask1_present,1807,1862
validation,KR7001450006_t,endpoint_cache_ask1_finite,1807,1862
validation,KR7001450006_t,endpoint_cache_ask1_finite_positive,1807,1862
validation,KR7001450006_t,endpoint_cache_ask1_nonpositive,0,1862
validation,KR7001450006_t,endpoint_workbook_ask1_present,1807,1862
validation,KR7001450006_t,endpoint_cache_bid1_present,1807,1862
validation,KR7001450006_t,endpoint_cache_bid1_finite,1807,1862
validation,KR7001450006_t,endpoint_cache_bid1_finite_positive,1807,1862
validation,KR7001450006_t,endpoint_cache_bid1_nonpositive,0,1862
validation,KR7001450006_t,endpoint_workbook_bid1_present,1807,1862
validation,KR7001450006_t,endpoint_crossed,0,1862
validation,KR7001450006_t,endpoint_locked_positive,0,1862
validation,KR7001450006_t,missing_cache_quote_any_endpoint,57,1862
validation,KR7001450006_t,historical_missing_cache_endpoint,57,1862
validation,KR7001450006_t,historical_missing_equal_filled_flat,55,1862
validation,KR7001450006_t,origin_workbook_cache_status=matched_exact,1861,1862
validation,KR7001450006_t,origin_workbook_cache_status=matched_tolerance,1,1862
validation,KR7001450006_t,origin_ask1_fill_method=original,1855,1862
validation,KR7001450006_t,origin_ask1_fill_method=zero_fill,6,1862
validation,KR7001450006_t,origin_ask1_fill_method=forward_fill,1,1862
validation,KR7001450006_t,origin_bid1_fill_method=original,1855,1862
validation,KR7001450006_t,origin_bid1_fill_method=zero_fill,6,1862
validation,KR7001450006_t,origin_bid1_fill_method=forward_fill,1,1862
validation,KR7001450006_t,endpoint_workbook_cache_status=matched_exact,1861,1862
validation,KR7001450006_t,endpoint_workbook_cache_status=matched_tolerance,1,1862
validation,KR7001450006_t,endpoint_ask1_fill_method=original,1807,1862
validation,KR7001450006_t,endpoint_ask1_fill_method=forward_fill,50,1862
validation,KR7001450006_t,endpoint_ask1_fill_method=zero_fill,5,1862
validation,KR7001450006_t,endpoint_bid1_fill_method=original,1807,1862
validation,KR7001450006_t,endpoint_bid1_fill_method=forward_fill,50,1862
validation,KR7001450006_t,endpoint_bid1_fill_method=zero_fill,5,1862
validation,KR7001450006_t,historical_missing_endpoint_kind=none,1805,1862
validation,KR7001450006_t,historical_missing_endpoint_kind=future,50,1862
validation,KR7001450006_t,historical_missing_endpoint_kind=both,5,1862
validation,KR7001450006_t,historical_missing_endpoint_kind=current,2,1862
validation,KR7002380004_t,origin_cache_row_exists,1862,1862
validation,KR7002380004_t,origin_workbook_row_exists,1862,1862
validation,KR7002380004_t,origin_cache_ask1_present,1855,1862
validation,KR7002380004_t,origin_cache_ask1_finite,1855,1862
validation,KR7002380004_t,origin_cache_ask1_finite_positive,1854,1862
validation,KR7002380004_t,origin_cache_ask1_nonpositive,1,1862
validation,KR7002380004_t,origin_workbook_ask1_present,1855,1862
validation,KR7002380004_t,origin_cache_bid1_present,1855,1862
validation,KR7002380004_t,origin_cache_bid1_finite,1855,1862
validation,KR7002380004_t,origin_cache_bid1_finite_positive,1855,1862
validation,KR7002380004_t,origin_cache_bid1_nonpositive,0,1862
validation,KR7002380004_t,origin_workbook_bid1_present,1855,1862
validation,KR7002380004_t,origin_crossed,1,1862
validation,KR7002380004_t,origin_locked_positive,0,1862
validation,KR7002380004_t,endpoint_cache_row_exists,1862,1862
validation,KR7002380004_t,endpoint_workbook_row_exists,1862,1862
validation,KR7002380004_t,endpoint_cache_ask1_present,1807,1862
validation,KR7002380004_t,endpoint_cache_ask1_finite,1807,1862
validation,KR7002380004_t,endpoint_cache_ask1_finite_positive,1806,1862
validation,KR7002380004_t,endpoint_cache_ask1_nonpositive,1,1862
validation,KR7002380004_t,endpoint_workbook_ask1_present,1807,1862
validation,KR7002380004_t,endpoint_cache_bid1_present,1807,1862
validation,KR7002380004_t,endpoint_cache_bid1_finite,1807,1862
validation,KR7002380004_t,endpoint_cache_bid1_finite_positive,1807,1862
validation,KR7002380004_t,endpoint_cache_bid1_nonpositive,0,1862
validation,KR7002380004_t,endpoint_workbook_bid1_present,1807,1862
validation,KR7002380004_t,endpoint_crossed,1,1862
validation,KR7002380004_t,endpoint_locked_positive,0,1862
validation,KR7002380004_t,missing_cache_quote_any_endpoint,59,1862
validation,KR7002380004_t,historical_missing_cache_endpoint,59,1862
validation,KR7002380004_t,historical_missing_equal_filled_flat,56,1862
validation,KR7002380004_t,origin_workbook_cache_status=matched_exact,1862,1862
validation,KR7002380004_t,origin_ask1_fill_method=original,1855,1862
validation,KR7002380004_t,origin_ask1_fill_method=forward_fill,6,1862
validation,KR7002380004_t,origin_ask1_fill_method=zero_fill,1,1862
validation,KR7002380004_t,origin_bid1_fill_method=original,1855,1862
validation,KR7002380004_t,origin_bid1_fill_method=forward_fill,6,1862
validation,KR7002380004_t,origin_bid1_fill_method=zero_fill,1,1862
validation,KR7002380004_t,endpoint_workbook_cache_status=matched_exact,1862,1862
validation,KR7002380004_t,endpoint_ask1_fill_method=original,1807,1862
validation,KR7002380004_t,endpoint_ask1_fill_method=forward_fill,55,1862
validation,KR7002380004_t,endpoint_bid1_fill_method=original,1807,1862
validation,KR7002380004_t,endpoint_bid1_fill_method=forward_fill,55,1862
validation,KR7002380004_t,historical_missing_endpoint_kind=none,1803,1862
validation,KR7002380004_t,historical_missing_endpoint_kind=future,52,1862
validation,KR7002380004_t,historical_missing_endpoint_kind=current,4,1862
validation,KR7002380004_t,historical_missing_endpoint_kind=both,3,1862
validation,KR7002550002_t,origin_cache_row_exists,1862,1862
validation,KR7002550002_t,origin_workbook_row_exists,1862,1862
validation,KR7002550002_t,origin_cache_ask1_present,1853,1862
validation,KR7002550002_t,origin_cache_ask1_finite,1853,1862
validation,KR7002550002_t,origin_cache_ask1_finite_positive,1853,1862
validation,KR7002550002_t,origin_cache_ask1_nonpositive,0,1862
validation,KR7002550002_t,origin_workbook_ask1_present,1853,1862
validation,KR7002550002_t,origin_cache_bid1_present,1853,1862
validation,KR7002550002_t,origin_cache_bid1_finite,1853,1862
validation,KR7002550002_t,origin_cache_bid1_finite_positive,1853,1862
validation,KR7002550002_t,origin_cache_bid1_nonpositive,0,1862
validation,KR7002550002_t,origin_workbook_bid1_present,1853,1862
validation,KR7002550002_t,origin_crossed,0,1862
validation,KR7002550002_t,origin_locked_positive,0,1862
validation,KR7002550002_t,endpoint_cache_row_exists,1862,1862
validation,KR7002550002_t,endpoint_workbook_row_exists,1862,1862
validation,KR7002550002_t,endpoint_cache_ask1_present,1805,1862
validation,KR7002550002_t,endpoint_cache_ask1_finite,1805,1862
validation,KR7002550002_t,endpoint_cache_ask1_finite_positive,1805,1862
validation,KR7002550002_t,endpoint_cache_ask1_nonpositive,0,1862
validation,KR7002550002_t,endpoint_workbook_ask1_present,1805,1862
validation,KR7002550002_t,endpoint_cache_bid1_present,1805,1862
validation,KR7002550002_t,endpoint_cache_bid1_finite,1805,1862
validation,KR7002550002_t,endpoint_cache_bid1_finite_positive,1805,1862
validation,KR7002550002_t,endpoint_cache_bid1_nonpositive,0,1862
validation,KR7002550002_t,endpoint_workbook_bid1_present,1805,1862
validation,KR7002550002_t,endpoint_crossed,0,1862
validation,KR7002550002_t,endpoint_locked_positive,0,1862
validation,KR7002550002_t,missing_cache_quote_any_endpoint,61,1862
validation,KR7002550002_t,historical_missing_cache_endpoint,61,1862
validation,KR7002550002_t,historical_missing_equal_filled_flat,58,1862
validation,KR7002550002_t,origin_workbook_cache_status=matched_exact,1862,1862
validation,KR7002550002_t,origin_ask1_fill_method=original,1853,1862
validation,KR7002550002_t,origin_ask1_fill_method=zero_fill,6,1862
validation,KR7002550002_t,origin_ask1_fill_method=forward_fill,3,1862
validation,KR7002550002_t,origin_bid1_fill_method=original,1853,1862
validation,KR7002550002_t,origin_bid1_fill_method=zero_fill,6,1862
validation,KR7002550002_t,origin_bid1_fill_method=forward_fill,3,1862
validation,KR7002550002_t,endpoint_workbook_cache_status=matched_exact,1862,1862
validation,KR7002550002_t,endpoint_ask1_fill_method=original,1805,1862
validation,KR7002550002_t,endpoint_ask1_fill_method=forward_fill,52,1862
validation,KR7002550002_t,endpoint_ask1_fill_method=zero_fill,5,1862
validation,KR7002550002_t,endpoint_bid1_fill_method=original,1805,1862
validation,KR7002550002_t,endpoint_bid1_fill_method=forward_fill,52,1862
validation,KR7002550002_t,endpoint_bid1_fill_method=zero_fill,5,1862
validation,KR7002550002_t,historical_missing_endpoint_kind=none,1801,1862
validation,KR7002550002_t,historical_missing_endpoint_kind=future,52,1862
validation,KR7002550002_t,historical_missing_endpoint_kind=both,5,1862
validation,KR7002550002_t,historical_missing_endpoint_kind=current,4,1862
validation,KR7002790004_t,origin_cache_row_exists,1862,1862
validation,KR7002790004_t,origin_workbook_row_exists,1862,1862
validation,KR7002790004_t,origin_cache_ask1_present,1855,1862
validation,KR7002790004_t,origin_cache_ask1_finite,1855,1862
validation,KR7002790004_t,origin_cache_ask1_finite_positive,1855,1862
validation,KR7002790004_t,origin_cache_ask1_nonpositive,0,1862
validation,KR7002790004_t,origin_workbook_ask1_present,1855,1862
validation,KR7002790004_t,origin_cache_bid1_present,1855,1862
validation,KR7002790004_t,origin_cache_bid1_finite,1855,1862
validation,KR7002790004_t,origin_cache_bid1_finite_positive,1855,1862
validation,KR7002790004_t,origin_cache_bid1_nonpositive,0,1862
validation,KR7002790004_t,origin_workbook_bid1_present,1855,1862
validation,KR7002790004_t,origin_crossed,0,1862
validation,KR7002790004_t,origin_locked_positive,0,1862
validation,KR7002790004_t,endpoint_cache_row_exists,1862,1862
validation,KR7002790004_t,endpoint_workbook_row_exists,1862,1862
validation,KR7002790004_t,endpoint_cache_ask1_present,1807,1862
validation,KR7002790004_t,endpoint_cache_ask1_finite,1807,1862
validation,KR7002790004_t,endpoint_cache_ask1_finite_positive,1807,1862
validation,KR7002790004_t,endpoint_cache_ask1_nonpositive,0,1862
validation,KR7002790004_t,endpoint_workbook_ask1_present,1807,1862
validation,KR7002790004_t,endpoint_cache_bid1_present,1807,1862
validation,KR7002790004_t,endpoint_cache_bid1_finite,1807,1862
validation,KR7002790004_t,endpoint_cache_bid1_finite_positive,1807,1862
validation,KR7002790004_t,endpoint_cache_bid1_nonpositive,0,1862
validation,KR7002790004_t,endpoint_workbook_bid1_present,1807,1862
validation,KR7002790004_t,endpoint_crossed,0,1862
validation,KR7002790004_t,endpoint_locked_positive,0,1862
validation,KR7002790004_t,missing_cache_quote_any_endpoint,57,1862
validation,KR7002790004_t,historical_missing_cache_endpoint,57,1862
validation,KR7002790004_t,historical_missing_equal_filled_flat,55,1862
validation,KR7002790004_t,origin_workbook_cache_status=matched_exact,1862,1862
validation,KR7002790004_t,origin_ask1_fill_method=original,1855,1862
validation,KR7002790004_t,origin_ask1_fill_method=zero_fill,6,1862
validation,KR7002790004_t,origin_ask1_fill_method=forward_fill,1,1862
validation,KR7002790004_t,origin_bid1_fill_method=original,1855,1862
validation,KR7002790004_t,origin_bid1_fill_method=zero_fill,6,1862
validation,KR7002790004_t,origin_bid1_fill_method=forward_fill,1,1862
validation,KR7002790004_t,endpoint_workbook_cache_status=matched_exact,1862,1862
validation,KR7002790004_t,endpoint_ask1_fill_method=original,1807,1862
validation,KR7002790004_t,endpoint_ask1_fill_method=forward_fill,50,1862
validation,KR7002790004_t,endpoint_ask1_fill_method=zero_fill,5,1862
validation,KR7002790004_t,endpoint_bid1_fill_method=original,1807,1862
validation,KR7002790004_t,endpoint_bid1_fill_method=forward_fill,50,1862
validation,KR7002790004_t,endpoint_bid1_fill_method=zero_fill,5,1862
validation,KR7002790004_t,historical_missing_endpoint_kind=none,1805,1862
validation,KR7002790004_t,historical_missing_endpoint_kind=future,50,1862
validation,KR7002790004_t,historical_missing_endpoint_kind=both,5,1862
validation,KR7002790004_t,historical_missing_endpoint_kind=current,2,1862
validation,KR7003550001_t,origin_cache_row_exists,1862,1862
validation,KR7003550001_t,origin_workbook_row_exists,1862,1862
validation,KR7003550001_t,origin_cache_ask1_present,1856,1862
validation,KR7003550001_t,origin_cache_ask1_finite,1856,1862
validation,KR7003550001_t,origin_cache_ask1_finite_positive,1856,1862
validation,KR7003550001_t,origin_cache_ask1_nonpositive,0,1862
validation,KR7003550001_t,origin_workbook_ask1_present,1856,1862
validation,KR7003550001_t,origin_cache_bid1_present,1856,1862
validation,KR7003550001_t,origin_cache_bid1_finite,1856,1862
validation,KR7003550001_t,origin_cache_bid1_finite_positive,1856,1862
validation,KR7003550001_t,origin_cache_bid1_nonpositive,0,1862
validation,KR7003550001_t,origin_workbook_bid1_present,1856,1862
validation,KR7003550001_t,origin_crossed,0,1862
validation,KR7003550001_t,origin_locked_positive,0,1862
validation,KR7003550001_t,endpoint_cache_row_exists,1862,1862
validation,KR7003550001_t,endpoint_workbook_row_exists,1862,1862
validation,KR7003550001_t,endpoint_cache_ask1_present,1808,1862
validation,KR7003550001_t,endpoint_cache_ask1_finite,1808,1862
validation,KR7003550001_t,endpoint_cache_ask1_finite_positive,1808,1862
validation,KR7003550001_t,endpoint_cache_ask1_nonpositive,0,1862
validation,KR7003550001_t,endpoint_workbook_ask1_present,1808,1862
validation,KR7003550001_t,endpoint_cache_bid1_present,1808,1862
validation,KR7003550001_t,endpoint_cache_bid1_finite,1808,1862
validation,KR7003550001_t,endpoint_cache_bid1_finite_positive,1808,1862
validation,KR7003550001_t,endpoint_cache_bid1_nonpositive,0,1862
validation,KR7003550001_t,endpoint_workbook_bid1_present,1808,1862
validation,KR7003550001_t,endpoint_crossed,0,1862
validation,KR7003550001_t,endpoint_locked_positive,0,1862
validation,KR7003550001_t,missing_cache_quote_any_endpoint,55,1862
validation,KR7003550001_t,historical_missing_cache_endpoint,55,1862
validation,KR7003550001_t,historical_missing_equal_filled_flat,54,1862
validation,KR7003550001_t,origin_workbook_cache_status=matched_exact,1861,1862
validation,KR7003550001_t,origin_workbook_cache_status=matched_tolerance,1,1862
validation,KR7003550001_t,origin_ask1_fill_method=original,1856,1862
validation,KR7003550001_t,origin_ask1_fill_method=zero_fill,6,1862
validation,KR7003550001_t,origin_bid1_fill_method=original,1856,1862
validation,KR7003550001_t,origin_bid1_fill_method=zero_fill,6,1862
validation,KR7003550001_t,endpoint_workbook_cache_status=matched_exact,1861,1862
validation,KR7003550001_t,endpoint_workbook_cache_status=matched_tolerance,1,1862
validation,KR7003550001_t,endpoint_ask1_fill_method=original,1808,1862
validation,KR7003550001_t,endpoint_ask1_fill_method=forward_fill,49,1862
validation,KR7003550001_t,endpoint_ask1_fill_method=zero_fill,5,1862
validation,KR7003550001_t,endpoint_bid1_fill_method=original,1808,1862
validation,KR7003550001_t,endpoint_bid1_fill_method=forward_fill,49,1862
validation,KR7003550001_t,endpoint_bid1_fill_method=zero_fill,5,1862
validation,KR7003550001_t,historical_missing_endpoint_kind=none,1807,1862
validation,KR7003550001_t,historical_missing_endpoint_kind=future,49,1862
validation,KR7003550001_t,historical_missing_endpoint_kind=both,5,1862
validation,KR7003550001_t,historical_missing_endpoint_kind=current,1,1862
validation,KR7004020004_t,origin_cache_row_exists,1862,1862
validation,KR7004020004_t,origin_workbook_row_exists,1862,1862
validation,KR7004020004_t,origin_cache_ask1_present,1856,1862
validation,KR7004020004_t,origin_cache_ask1_finite,1856,1862
validation,KR7004020004_t,origin_cache_ask1_finite_positive,1856,1862
validation,KR7004020004_t,origin_cache_ask1_nonpositive,0,1862
validation,KR7004020004_t,origin_workbook_ask1_present,1856,1862
validation,KR7004020004_t,origin_cache_bid1_present,1856,1862
validation,KR7004020004_t,origin_cache_bid1_finite,1856,1862
validation,KR7004020004_t,origin_cache_bid1_finite_positive,1856,1862
validation,KR7004020004_t,origin_cache_bid1_nonpositive,0,1862
validation,KR7004020004_t,origin_workbook_bid1_present,1856,1862
validation,KR7004020004_t,origin_crossed,0,1862
validation,KR7004020004_t,origin_locked_positive,0,1862
validation,KR7004020004_t,endpoint_cache_row_exists,1862,1862
validation,KR7004020004_t,endpoint_workbook_row_exists,1862,1862
validation,KR7004020004_t,endpoint_cache_ask1_present,1808,1862
validation,KR7004020004_t,endpoint_cache_ask1_finite,1808,1862
validation,KR7004020004_t,endpoint_cache_ask1_finite_positive,1808,1862
validation,KR7004020004_t,endpoint_cache_ask1_nonpositive,0,1862
validation,KR7004020004_t,endpoint_workbook_ask1_present,1808,1862
validation,KR7004020004_t,endpoint_cache_bid1_present,1808,1862
validation,KR7004020004_t,endpoint_cache_bid1_finite,1808,1862
validation,KR7004020004_t,endpoint_cache_bid1_finite_positive,1808,1862
validation,KR7004020004_t,endpoint_cache_bid1_nonpositive,0,1862
validation,KR7004020004_t,endpoint_workbook_bid1_present,1808,1862
validation,KR7004020004_t,endpoint_crossed,0,1862
validation,KR7004020004_t,endpoint_locked_positive,0,1862
validation,KR7004020004_t,missing_cache_quote_any_endpoint,55,1862
validation,KR7004020004_t,historical_missing_cache_endpoint,55,1862
validation,KR7004020004_t,historical_missing_equal_filled_flat,54,1862
validation,KR7004020004_t,origin_workbook_cache_status=matched_exact,1862,1862
validation,KR7004020004_t,origin_ask1_fill_method=original,1856,1862
validation,KR7004020004_t,origin_ask1_fill_method=zero_fill,6,1862
validation,KR7004020004_t,origin_bid1_fill_method=original,1856,1862
validation,KR7004020004_t,origin_bid1_fill_method=zero_fill,6,1862
validation,KR7004020004_t,endpoint_workbook_cache_status=matched_exact,1862,1862
validation,KR7004020004_t,endpoint_ask1_fill_method=original,1808,1862
validation,KR7004020004_t,endpoint_ask1_fill_method=forward_fill,49,1862
validation,KR7004020004_t,endpoint_ask1_fill_method=zero_fill,5,1862
validation,KR7004020004_t,endpoint_bid1_fill_method=original,1808,1862
validation,KR7004020004_t,endpoint_bid1_fill_method=forward_fill,49,1862
validation,KR7004020004_t,endpoint_bid1_fill_method=zero_fill,5,1862
validation,KR7004020004_t,historical_missing_endpoint_kind=none,1807,1862
validation,KR7004020004_t,historical_missing_endpoint_kind=future,49,1862
validation,KR7004020004_t,historical_missing_endpoint_kind=both,5,1862
validation,KR7004020004_t,historical_missing_endpoint_kind=current,1,1862
validation,KR7004170007_t,origin_cache_row_exists,1862,1862
validation,KR7004170007_t,origin_workbook_row_exists,1862,1862
validation,KR7004170007_t,origin_cache_ask1_present,1841,1862
validation,KR7004170007_t,origin_cache_ask1_finite,1841,1862
validation,KR7004170007_t,origin_cache_ask1_finite_positive,1841,1862
validation,KR7004170007_t,origin_cache_ask1_nonpositive,0,1862
validation,KR7004170007_t,origin_workbook_ask1_present,1841,1862
validation,KR7004170007_t,origin_cache_bid1_present,1841,1862
validation,KR7004170007_t,origin_cache_bid1_finite,1841,1862
validation,KR7004170007_t,origin_cache_bid1_finite_positive,1841,1862
validation,KR7004170007_t,origin_cache_bid1_nonpositive,0,1862
validation,KR7004170007_t,origin_workbook_bid1_present,1841,1862
validation,KR7004170007_t,origin_crossed,0,1862
validation,KR7004170007_t,origin_locked_positive,0,1862
validation,KR7004170007_t,endpoint_cache_row_exists,1862,1862
validation,KR7004170007_t,endpoint_workbook_row_exists,1862,1862
validation,KR7004170007_t,endpoint_cache_ask1_present,1793,1862
validation,KR7004170007_t,endpoint_cache_ask1_finite,1793,1862
validation,KR7004170007_t,endpoint_cache_ask1_finite_positive,1793,1862
validation,KR7004170007_t,endpoint_cache_ask1_nonpositive,0,1862
validation,KR7004170007_t,endpoint_workbook_ask1_present,1793,1862
validation,KR7004170007_t,endpoint_cache_bid1_present,1793,1862
validation,KR7004170007_t,endpoint_cache_bid1_finite,1793,1862
validation,KR7004170007_t,endpoint_cache_bid1_finite_positive,1793,1862
validation,KR7004170007_t,endpoint_cache_bid1_nonpositive,0,1862
validation,KR7004170007_t,endpoint_workbook_bid1_present,1793,1862
validation,KR7004170007_t,endpoint_crossed,0,1862
validation,KR7004170007_t,endpoint_locked_positive,0,1862
validation,KR7004170007_t,missing_cache_quote_any_endpoint,82,1862
validation,KR7004170007_t,historical_missing_cache_endpoint,82,1862
validation,KR7004170007_t,historical_missing_equal_filled_flat,75,1862
validation,KR7004170007_t,origin_workbook_cache_status=matched_exact,1862,1862
validation,KR7004170007_t,origin_ask1_fill_method=original,1841,1862
validation,KR7004170007_t,origin_ask1_fill_method=forward_fill,15,1862
validation,KR7004170007_t,origin_ask1_fill_method=zero_fill,6,1862
validation,KR7004170007_t,origin_bid1_fill_method=original,1841,1862
validation,KR7004170007_t,origin_bid1_fill_method=forward_fill,15,1862
validation,KR7004170007_t,origin_bid1_fill_method=zero_fill,6,1862
validation,KR7004170007_t,endpoint_workbook_cache_status=matched_exact,1862,1862
validation,KR7004170007_t,endpoint_ask1_fill_method=original,1793,1862
validation,KR7004170007_t,endpoint_ask1_fill_method=forward_fill,64,1862
validation,KR7004170007_t,endpoint_ask1_fill_method=zero_fill,5,1862
validation,KR7004170007_t,endpoint_bid1_fill_method=original,1793,1862
validation,KR7004170007_t,endpoint_bid1_fill_method=forward_fill,64,1862
validation,KR7004170007_t,endpoint_bid1_fill_method=zero_fill,5,1862
validation,KR7004170007_t,historical_missing_endpoint_kind=none,1780,1862
validation,KR7004170007_t,historical_missing_endpoint_kind=future,61,1862
validation,KR7004170007_t,historical_missing_endpoint_kind=current,13,1862
validation,KR7004170007_t,historical_missing_endpoint_kind=both,8,1862
validation,KR7005300009_t,origin_cache_row_exists,1862,1862
validation,KR7005300009_t,origin_workbook_row_exists,1862,1862
validation,KR7005300009_t,origin_cache_ask1_present,1687,1862
validation,KR7005300009_t,origin_cache_ask1_finite,1687,1862
validation,KR7005300009_t,origin_cache_ask1_finite_positive,1687,1862
validation,KR7005300009_t,origin_cache_ask1_nonpositive,0,1862
validation,KR7005300009_t,origin_workbook_ask1_present,1687,1862
validation,KR7005300009_t,origin_cache_bid1_present,1687,1862
validation,KR7005300009_t,origin_cache_bid1_finite,1687,1862
validation,KR7005300009_t,origin_cache_bid1_finite_positive,1687,1862
validation,KR7005300009_t,origin_cache_bid1_nonpositive,0,1862
validation,KR7005300009_t,origin_workbook_bid1_present,1687,1862
validation,KR7005300009_t,origin_crossed,0,1862
validation,KR7005300009_t,origin_locked_positive,0,1862
validation,KR7005300009_t,endpoint_cache_row_exists,1862,1862
validation,KR7005300009_t,endpoint_workbook_row_exists,1862,1862
validation,KR7005300009_t,endpoint_cache_ask1_present,1640,1862
validation,KR7005300009_t,endpoint_cache_ask1_finite,1640,1862
validation,KR7005300009_t,endpoint_cache_ask1_finite_positive,1640,1862
validation,KR7005300009_t,endpoint_cache_ask1_nonpositive,0,1862
validation,KR7005300009_t,endpoint_workbook_ask1_present,1640,1862
validation,KR7005300009_t,endpoint_cache_bid1_present,1640,1862
validation,KR7005300009_t,endpoint_cache_bid1_finite,1640,1862
validation,KR7005300009_t,endpoint_cache_bid1_finite_positive,1640,1862
validation,KR7005300009_t,endpoint_cache_bid1_nonpositive,0,1862
validation,KR7005300009_t,endpoint_workbook_bid1_present,1640,1862
validation,KR7005300009_t,endpoint_crossed,0,1862
validation,KR7005300009_t,endpoint_locked_positive,0,1862
validation,KR7005300009_t,missing_cache_quote_any_endpoint,356,1862
validation,KR7005300009_t,historical_missing_cache_endpoint,356,1862
validation,KR7005300009_t,historical_missing_equal_filled_flat,245,1862
validation,KR7005300009_t,origin_workbook_cache_status=matched_exact,1862,1862
validation,KR7005300009_t,origin_ask1_fill_method=original,1687,1862
validation,KR7005300009_t,origin_ask1_fill_method=forward_fill,166,1862
validation,KR7005300009_t,origin_ask1_fill_method=zero_fill,9,1862
validation,KR7005300009_t,origin_bid1_fill_method=original,1687,1862
validation,KR7005300009_t,origin_bid1_fill_method=forward_fill,166,1862
validation,KR7005300009_t,origin_bid1_fill_method=zero_fill,9,1862
validation,KR7005300009_t,endpoint_workbook_cache_status=matched_exact,1862,1862
validation,KR7005300009_t,endpoint_ask1_fill_method=original,1640,1862
validation,KR7005300009_t,endpoint_ask1_fill_method=forward_fill,215,1862
validation,KR7005300009_t,endpoint_ask1_fill_method=zero_fill,7,1862
validation,KR7005300009_t,endpoint_bid1_fill_method=original,1640,1862
validation,KR7005300009_t,endpoint_bid1_fill_method=forward_fill,215,1862
validation,KR7005300009_t,endpoint_bid1_fill_method=zero_fill,7,1862
validation,KR7005300009_t,historical_missing_endpoint_kind=none,1506,1862
validation,KR7005300009_t,historical_missing_endpoint_kind=future,181,1862
validation,KR7005300009_t,historical_missing_endpoint_kind=current,134,1862
validation,KR7005300009_t,historical_missing_endpoint_kind=both,41,1862
validation,KR7005380001_t,origin_cache_row_exists,1862,1862
validation,KR7005380001_t,origin_workbook_row_exists,1862,1862
validation,KR7005380001_t,origin_cache_ask1_present,1856,1862
validation,KR7005380001_t,origin_cache_ask1_finite,1856,1862
validation,KR7005380001_t,origin_cache_ask1_finite_positive,1856,1862
validation,KR7005380001_t,origin_cache_ask1_nonpositive,0,1862
validation,KR7005380001_t,origin_workbook_ask1_present,1856,1862
validation,KR7005380001_t,origin_cache_bid1_present,1856,1862
validation,KR7005380001_t,origin_cache_bid1_finite,1856,1862
validation,KR7005380001_t,origin_cache_bid1_finite_positive,1856,1862
validation,KR7005380001_t,origin_cache_bid1_nonpositive,0,1862
validation,KR7005380001_t,origin_workbook_bid1_present,1856,1862
validation,KR7005380001_t,origin_crossed,0,1862
validation,KR7005380001_t,origin_locked_positive,0,1862
validation,KR7005380001_t,endpoint_cache_row_exists,1862,1862
validation,KR7005380001_t,endpoint_workbook_row_exists,1862,1862
validation,KR7005380001_t,endpoint_cache_ask1_present,1808,1862
validation,KR7005380001_t,endpoint_cache_ask1_finite,1808,1862
validation,KR7005380001_t,endpoint_cache_ask1_finite_positive,1808,1862
validation,KR7005380001_t,endpoint_cache_ask1_nonpositive,0,1862
validation,KR7005380001_t,endpoint_workbook_ask1_present,1808,1862
validation,KR7005380001_t,endpoint_cache_bid1_present,1808,1862
validation,KR7005380001_t,endpoint_cache_bid1_finite,1808,1862
validation,KR7005380001_t,endpoint_cache_bid1_finite_positive,1808,1862
validation,KR7005380001_t,endpoint_cache_bid1_nonpositive,0,1862
validation,KR7005380001_t,endpoint_workbook_bid1_present,1808,1862
validation,KR7005380001_t,endpoint_crossed,0,1862
validation,KR7005380001_t,endpoint_locked_positive,0,1862
validation,KR7005380001_t,missing_cache_quote_any_endpoint,55,1862
validation,KR7005380001_t,historical_missing_cache_endpoint,55,1862
validation,KR7005380001_t,historical_missing_equal_filled_flat,54,1862
validation,KR7005380001_t,origin_workbook_cache_status=matched_exact,1862,1862
validation,KR7005380001_t,origin_ask1_fill_method=original,1856,1862
validation,KR7005380001_t,origin_ask1_fill_method=zero_fill,6,1862
validation,KR7005380001_t,origin_bid1_fill_method=original,1856,1862
validation,KR7005380001_t,origin_bid1_fill_method=zero_fill,6,1862
validation,KR7005380001_t,endpoint_workbook_cache_status=matched_exact,1862,1862
validation,KR7005380001_t,endpoint_ask1_fill_method=original,1808,1862
validation,KR7005380001_t,endpoint_ask1_fill_method=forward_fill,49,1862
validation,KR7005380001_t,endpoint_ask1_fill_method=zero_fill,5,1862
validation,KR7005380001_t,endpoint_bid1_fill_method=original,1808,1862
validation,KR7005380001_t,endpoint_bid1_fill_method=forward_fill,49,1862
validation,KR7005380001_t,endpoint_bid1_fill_method=zero_fill,5,1862
validation,KR7005380001_t,historical_missing_endpoint_kind=none,1807,1862
validation,KR7005380001_t,historical_missing_endpoint_kind=future,49,1862
validation,KR7005380001_t,historical_missing_endpoint_kind=both,5,1862
validation,KR7005380001_t,historical_missing_endpoint_kind=current,1,1862
validation,KR7005440003_t,origin_cache_row_exists,1862,1862
validation,KR7005440003_t,origin_workbook_row_exists,1862,1862
validation,KR7005440003_t,origin_cache_ask1_present,1819,1862
validation,KR7005440003_t,origin_cache_ask1_finite,1819,1862
validation,KR7005440003_t,origin_cache_ask1_finite_positive,1819,1862
validation,KR7005440003_t,origin_cache_ask1_nonpositive,0,1862
validation,KR7005440003_t,origin_workbook_ask1_present,1819,1862
validation,KR7005440003_t,origin_cache_bid1_present,1819,1862
validation,KR7005440003_t,origin_cache_bid1_finite,1819,1862
validation,KR7005440003_t,origin_cache_bid1_finite_positive,1819,1862
validation,KR7005440003_t,origin_cache_bid1_nonpositive,0,1862
validation,KR7005440003_t,origin_workbook_bid1_present,1819,1862
validation,KR7005440003_t,origin_crossed,0,1862
validation,KR7005440003_t,origin_locked_positive,0,1862
validation,KR7005440003_t,endpoint_cache_row_exists,1862,1862
validation,KR7005440003_t,endpoint_workbook_row_exists,1862,1862
validation,KR7005440003_t,endpoint_cache_ask1_present,1771,1862
validation,KR7005440003_t,endpoint_cache_ask1_finite,1771,1862
validation,KR7005440003_t,endpoint_cache_ask1_finite_positive,1771,1862
validation,KR7005440003_t,endpoint_cache_ask1_nonpositive,0,1862
validation,KR7005440003_t,endpoint_workbook_ask1_present,1771,1862
validation,KR7005440003_t,endpoint_cache_bid1_present,1771,1862
validation,KR7005440003_t,endpoint_cache_bid1_finite,1771,1862
validation,KR7005440003_t,endpoint_cache_bid1_finite_positive,1771,1862
validation,KR7005440003_t,endpoint_cache_bid1_nonpositive,0,1862
validation,KR7005440003_t,endpoint_workbook_bid1_present,1771,1862
validation,KR7005440003_t,endpoint_crossed,0,1862
validation,KR7005440003_t,endpoint_locked_positive,0,1862
validation,KR7005440003_t,missing_cache_quote_any_endpoint,125,1862
validation,KR7005440003_t,historical_missing_cache_endpoint,125,1862
validation,KR7005440003_t,historical_missing_equal_filled_flat,114,1862
validation,KR7005440003_t,origin_workbook_cache_status=matched_exact,1862,1862
validation,KR7005440003_t,origin_ask1_fill_method=original,1819,1862
validation,KR7005440003_t,origin_ask1_fill_method=forward_fill,37,1862
validation,KR7005440003_t,origin_ask1_fill_method=zero_fill,6,1862
validation,KR7005440003_t,origin_bid1_fill_method=original,1819,1862
validation,KR7005440003_t,origin_bid1_fill_method=forward_fill,37,1862
validation,KR7005440003_t,origin_bid1_fill_method=zero_fill,6,1862
validation,KR7005440003_t,endpoint_workbook_cache_status=matched_exact,1862,1862
validation,KR7005440003_t,endpoint_ask1_fill_method=original,1771,1862
validation,KR7005440003_t,endpoint_ask1_fill_method=forward_fill,86,1862
validation,KR7005440003_t,endpoint_ask1_fill_method=zero_fill,5,1862
validation,KR7005440003_t,endpoint_bid1_fill_method=original,1771,1862
validation,KR7005440003_t,endpoint_bid1_fill_method=forward_fill,86,1862
validation,KR7005440003_t,endpoint_bid1_fill_method=zero_fill,5,1862
validation,KR7005440003_t,historical_missing_endpoint_kind=none,1737,1862
validation,KR7005440003_t,historical_missing_endpoint_kind=future,82,1862
validation,KR7005440003_t,historical_missing_endpoint_kind=current,34,1862
validation,KR7005440003_t,historical_missing_endpoint_kind=both,9,1862
validation,KR7005490008_t,origin_cache_row_exists,1862,1862
validation,KR7005490008_t,origin_workbook_row_exists,1862,1862
validation,KR7005490008_t,origin_cache_ask1_present,1856,1862
validation,KR7005490008_t,origin_cache_ask1_finite,1856,1862
validation,KR7005490008_t,origin_cache_ask1_finite_positive,1856,1862
validation,KR7005490008_t,origin_cache_ask1_nonpositive,0,1862
validation,KR7005490008_t,origin_workbook_ask1_present,1856,1862
validation,KR7005490008_t,origin_cache_bid1_present,1856,1862
validation,KR7005490008_t,origin_cache_bid1_finite,1856,1862
validation,KR7005490008_t,origin_cache_bid1_finite_positive,1856,1862
validation,KR7005490008_t,origin_cache_bid1_nonpositive,0,1862
validation,KR7005490008_t,origin_workbook_bid1_present,1856,1862
validation,KR7005490008_t,origin_crossed,0,1862
validation,KR7005490008_t,origin_locked_positive,0,1862
validation,KR7005490008_t,endpoint_cache_row_exists,1862,1862
validation,KR7005490008_t,endpoint_workbook_row_exists,1862,1862
validation,KR7005490008_t,endpoint_cache_ask1_present,1808,1862
validation,KR7005490008_t,endpoint_cache_ask1_finite,1808,1862
validation,KR7005490008_t,endpoint_cache_ask1_finite_positive,1808,1862
validation,KR7005490008_t,endpoint_cache_ask1_nonpositive,0,1862
validation,KR7005490008_t,endpoint_workbook_ask1_present,1808,1862
validation,KR7005490008_t,endpoint_cache_bid1_present,1808,1862
validation,KR7005490008_t,endpoint_cache_bid1_finite,1808,1862
validation,KR7005490008_t,endpoint_cache_bid1_finite_positive,1808,1862
validation,KR7005490008_t,endpoint_cache_bid1_nonpositive,0,1862
validation,KR7005490008_t,endpoint_workbook_bid1_present,1808,1862
validation,KR7005490008_t,endpoint_crossed,0,1862
validation,KR7005490008_t,endpoint_locked_positive,0,1862
validation,KR7005490008_t,missing_cache_quote_any_endpoint,55,1862
validation,KR7005490008_t,historical_missing_cache_endpoint,55,1862
validation,KR7005490008_t,historical_missing_equal_filled_flat,54,1862
validation,KR7005490008_t,origin_workbook_cache_status=matched_exact,1862,1862
validation,KR7005490008_t,origin_ask1_fill_method=original,1856,1862
validation,KR7005490008_t,origin_ask1_fill_method=zero_fill,6,1862
validation,KR7005490008_t,origin_bid1_fill_method=original,1856,1862
validation,KR7005490008_t,origin_bid1_fill_method=zero_fill,6,1862
validation,KR7005490008_t,endpoint_workbook_cache_status=matched_exact,1862,1862
validation,KR7005490008_t,endpoint_ask1_fill_method=original,1808,1862
validation,KR7005490008_t,endpoint_ask1_fill_method=forward_fill,49,1862
validation,KR7005490008_t,endpoint_ask1_fill_method=zero_fill,5,1862
validation,KR7005490008_t,endpoint_bid1_fill_method=original,1808,1862
validation,KR7005490008_t,endpoint_bid1_fill_method=forward_fill,49,1862
validation,KR7005490008_t,endpoint_bid1_fill_method=zero_fill,5,1862
validation,KR7005490008_t,historical_missing_endpoint_kind=none,1807,1862
validation,KR7005490008_t,historical_missing_endpoint_kind=future,49,1862
validation,KR7005490008_t,historical_missing_endpoint_kind=both,5,1862
validation,KR7005490008_t,historical_missing_endpoint_kind=current,1,1862
validation,KR7005830005_t,origin_cache_row_exists,1862,1862
validation,KR7005830005_t,origin_workbook_row_exists,1862,1862
validation,KR7005830005_t,origin_cache_ask1_present,1851,1862
validation,KR7005830005_t,origin_cache_ask1_finite,1851,1862
validation,KR7005830005_t,origin_cache_ask1_finite_positive,1851,1862
validation,KR7005830005_t,origin_cache_ask1_nonpositive,0,1862
validation,KR7005830005_t,origin_workbook_ask1_present,1851,1862
validation,KR7005830005_t,origin_cache_bid1_present,1851,1862
validation,KR7005830005_t,origin_cache_bid1_finite,1851,1862
validation,KR7005830005_t,origin_cache_bid1_finite_positive,1851,1862
validation,KR7005830005_t,origin_cache_bid1_nonpositive,0,1862
validation,KR7005830005_t,origin_workbook_bid1_present,1851,1862
validation,KR7005830005_t,origin_crossed,0,1862
validation,KR7005830005_t,origin_locked_positive,0,1862
validation,KR7005830005_t,endpoint_cache_row_exists,1862,1862
validation,KR7005830005_t,endpoint_workbook_row_exists,1862,1862
validation,KR7005830005_t,endpoint_cache_ask1_present,1803,1862
validation,KR7005830005_t,endpoint_cache_ask1_finite,1803,1862
validation,KR7005830005_t,endpoint_cache_ask1_finite_positive,1803,1862
validation,KR7005830005_t,endpoint_cache_ask1_nonpositive,0,1862
validation,KR7005830005_t,endpoint_workbook_ask1_present,1803,1862
validation,KR7005830005_t,endpoint_cache_bid1_present,1803,1862
validation,KR7005830005_t,endpoint_cache_bid1_finite,1803,1862
validation,KR7005830005_t,endpoint_cache_bid1_finite_positive,1803,1862
validation,KR7005830005_t,endpoint_cache_bid1_nonpositive,0,1862
validation,KR7005830005_t,endpoint_workbook_bid1_present,1803,1862
validation,KR7005830005_t,endpoint_crossed,0,1862
validation,KR7005830005_t,endpoint_locked_positive,0,1862
validation,KR7005830005_t,missing_cache_quote_any_endpoint,65,1862
validation,KR7005830005_t,historical_missing_cache_endpoint,65,1862
validation,KR7005830005_t,historical_missing_equal_filled_flat,59,1862
validation,KR7005830005_t,origin_workbook_cache_status=matched_exact,1862,1862
validation,KR7005830005_t,origin_ask1_fill_method=original,1851,1862
validation,KR7005830005_t,origin_ask1_fill_method=zero_fill,6,1862
validation,KR7005830005_t,origin_ask1_fill_method=forward_fill,5,1862
validation,KR7005830005_t,origin_bid1_fill_method=original,1851,1862
validation,KR7005830005_t,origin_bid1_fill_method=zero_fill,6,1862
validation,KR7005830005_t,origin_bid1_fill_method=forward_fill,5,1862
validation,KR7005830005_t,endpoint_workbook_cache_status=matched_exact,1862,1862
validation,KR7005830005_t,endpoint_ask1_fill_method=original,1803,1862
validation,KR7005830005_t,endpoint_ask1_fill_method=forward_fill,54,1862
validation,KR7005830005_t,endpoint_ask1_fill_method=zero_fill,5,1862
validation,KR7005830005_t,endpoint_bid1_fill_method=original,1803,1862
validation,KR7005830005_t,endpoint_bid1_fill_method=forward_fill,54,1862
validation,KR7005830005_t,endpoint_bid1_fill_method=zero_fill,5,1862
validation,KR7005830005_t,historical_missing_endpoint_kind=none,1797,1862
validation,KR7005830005_t,historical_missing_endpoint_kind=future,54,1862
validation,KR7005830005_t,historical_missing_endpoint_kind=current,6,1862
validation,KR7005830005_t,historical_missing_endpoint_kind=both,5,1862
validation,KR7005930003_t,origin_cache_row_exists,1862,1862
validation,KR7005930003_t,origin_workbook_row_exists,1862,1862
validation,KR7005930003_t,origin_cache_ask1_present,1857,1862
validation,KR7005930003_t,origin_cache_ask1_finite,1857,1862
validation,KR7005930003_t,origin_cache_ask1_finite_positive,1857,1862
validation,KR7005930003_t,origin_cache_ask1_nonpositive,0,1862
validation,KR7005930003_t,origin_workbook_ask1_present,1857,1862
validation,KR7005930003_t,origin_cache_bid1_present,1857,1862
validation,KR7005930003_t,origin_cache_bid1_finite,1857,1862
validation,KR7005930003_t,origin_cache_bid1_finite_positive,1856,1862
validation,KR7005930003_t,origin_cache_bid1_nonpositive,1,1862
validation,KR7005930003_t,origin_workbook_bid1_present,1857,1862
validation,KR7005930003_t,origin_crossed,0,1862
validation,KR7005930003_t,origin_locked_positive,0,1862
validation,KR7005930003_t,endpoint_cache_row_exists,1862,1862
validation,KR7005930003_t,endpoint_workbook_row_exists,1862,1862
validation,KR7005930003_t,endpoint_cache_ask1_present,1808,1862
validation,KR7005930003_t,endpoint_cache_ask1_finite,1808,1862
validation,KR7005930003_t,endpoint_cache_ask1_finite_positive,1808,1862
validation,KR7005930003_t,endpoint_cache_ask1_nonpositive,0,1862
validation,KR7005930003_t,endpoint_workbook_ask1_present,1808,1862
validation,KR7005930003_t,endpoint_cache_bid1_present,1808,1862
validation,KR7005930003_t,endpoint_cache_bid1_finite,1808,1862
validation,KR7005930003_t,endpoint_cache_bid1_finite_positive,1808,1862
validation,KR7005930003_t,endpoint_cache_bid1_nonpositive,0,1862
validation,KR7005930003_t,endpoint_workbook_bid1_present,1808,1862
validation,KR7005930003_t,endpoint_crossed,0,1862
validation,KR7005930003_t,endpoint_locked_positive,0,1862
validation,KR7005930003_t,missing_cache_quote_any_endpoint,55,1862
validation,KR7005930003_t,historical_missing_cache_endpoint,55,1862
validation,KR7005930003_t,historical_missing_equal_filled_flat,54,1862
validation,KR7005930003_t,origin_workbook_cache_status=matched_exact,1862,1862
validation,KR7005930003_t,origin_ask1_fill_method=original,1857,1862
validation,KR7005930003_t,origin_ask1_fill_method=forward_fill,5,1862
validation,KR7005930003_t,origin_bid1_fill_method=original,1857,1862
validation,KR7005930003_t,origin_bid1_fill_method=forward_fill,5,1862
validation,KR7005930003_t,endpoint_workbook_cache_status=matched_exact,1862,1862
validation,KR7005930003_t,endpoint_ask1_fill_method=original,1808,1862
validation,KR7005930003_t,endpoint_ask1_fill_method=forward_fill,54,1862
validation,KR7005930003_t,endpoint_bid1_fill_method=original,1808,1862
validation,KR7005930003_t,endpoint_bid1_fill_method=forward_fill,54,1862
validation,KR7005930003_t,historical_missing_endpoint_kind=none,1807,1862
validation,KR7005930003_t,historical_missing_endpoint_kind=future,50,1862
validation,KR7005930003_t,historical_missing_endpoint_kind=both,4,1862
validation,KR7005930003_t,historical_missing_endpoint_kind=current,1,1862
validation,KR7006400006_t,origin_cache_row_exists,1862,1862
validation,KR7006400006_t,origin_workbook_row_exists,1862,1862
validation,KR7006400006_t,origin_cache_ask1_present,1856,1862
validation,KR7006400006_t,origin_cache_ask1_finite,1856,1862
validation,KR7006400006_t,origin_cache_ask1_finite_positive,1856,1862
validation,KR7006400006_t,origin_cache_ask1_nonpositive,0,1862
validation,KR7006400006_t,origin_workbook_ask1_present,1856,1862
validation,KR7006400006_t,origin_cache_bid1_present,1856,1862
validation,KR7006400006_t,origin_cache_bid1_finite,1856,1862
validation,KR7006400006_t,origin_cache_bid1_finite_positive,1856,1862
validation,KR7006400006_t,origin_cache_bid1_nonpositive,0,1862
validation,KR7006400006_t,origin_workbook_bid1_present,1856,1862
validation,KR7006400006_t,origin_crossed,0,1862
validation,KR7006400006_t,origin_locked_positive,0,1862
validation,KR7006400006_t,endpoint_cache_row_exists,1862,1862
validation,KR7006400006_t,endpoint_workbook_row_exists,1862,1862
validation,KR7006400006_t,endpoint_cache_ask1_present,1808,1862
validation,KR7006400006_t,endpoint_cache_ask1_finite,1808,1862
validation,KR7006400006_t,endpoint_cache_ask1_finite_positive,1808,1862
validation,KR7006400006_t,endpoint_cache_ask1_nonpositive,0,1862
validation,KR7006400006_t,endpoint_workbook_ask1_present,1808,1862
validation,KR7006400006_t,endpoint_cache_bid1_present,1808,1862
validation,KR7006400006_t,endpoint_cache_bid1_finite,1808,1862
validation,KR7006400006_t,endpoint_cache_bid1_finite_positive,1808,1862
validation,KR7006400006_t,endpoint_cache_bid1_nonpositive,0,1862
validation,KR7006400006_t,endpoint_workbook_bid1_present,1808,1862
validation,KR7006400006_t,endpoint_crossed,0,1862
validation,KR7006400006_t,endpoint_locked_positive,0,1862
validation,KR7006400006_t,missing_cache_quote_any_endpoint,55,1862
validation,KR7006400006_t,historical_missing_cache_endpoint,55,1862
validation,KR7006400006_t,historical_missing_equal_filled_flat,54,1862
validation,KR7006400006_t,origin_workbook_cache_status=matched_exact,1862,1862
validation,KR7006400006_t,origin_ask1_fill_method=original,1856,1862
validation,KR7006400006_t,origin_ask1_fill_method=zero_fill,6,1862
validation,KR7006400006_t,origin_bid1_fill_method=original,1856,1862
validation,KR7006400006_t,origin_bid1_fill_method=zero_fill,6,1862
validation,KR7006400006_t,endpoint_workbook_cache_status=matched_exact,1862,1862
validation,KR7006400006_t,endpoint_ask1_fill_method=original,1808,1862
validation,KR7006400006_t,endpoint_ask1_fill_method=forward_fill,49,1862
validation,KR7006400006_t,endpoint_ask1_fill_method=zero_fill,5,1862
validation,KR7006400006_t,endpoint_bid1_fill_method=original,1808,1862
validation,KR7006400006_t,endpoint_bid1_fill_method=forward_fill,49,1862
validation,KR7006400006_t,endpoint_bid1_fill_method=zero_fill,5,1862
validation,KR7006400006_t,historical_missing_endpoint_kind=none,1807,1862
validation,KR7006400006_t,historical_missing_endpoint_kind=future,49,1862
validation,KR7006400006_t,historical_missing_endpoint_kind=both,5,1862
validation,KR7006400006_t,historical_missing_endpoint_kind=current,1,1862
validation,KR7006800007_t,origin_cache_row_exists,1862,1862
validation,KR7006800007_t,origin_workbook_row_exists,1862,1862
validation,KR7006800007_t,origin_cache_ask1_present,1852,1862
validation,KR7006800007_t,origin_cache_ask1_finite,1852,1862
validation,KR7006800007_t,origin_cache_ask1_finite_positive,1852,1862
validation,KR7006800007_t,origin_cache_ask1_nonpositive,0,1862
validation,KR7006800007_t,origin_workbook_ask1_present,1852,1862
validation,KR7006800007_t,origin_cache_bid1_present,1852,1862
validation,KR7006800007_t,origin_cache_bid1_finite,1852,1862
validation,KR7006800007_t,origin_cache_bid1_finite_positive,1851,1862
validation,KR7006800007_t,origin_cache_bid1_nonpositive,1,1862
validation,KR7006800007_t,origin_workbook_bid1_present,1852,1862
validation,KR7006800007_t,origin_crossed,0,1862
validation,KR7006800007_t,origin_locked_positive,0,1862
validation,KR7006800007_t,endpoint_cache_row_exists,1862,1862
validation,KR7006800007_t,endpoint_workbook_row_exists,1862,1862
validation,KR7006800007_t,endpoint_cache_ask1_present,1803,1862
validation,KR7006800007_t,endpoint_cache_ask1_finite,1803,1862
validation,KR7006800007_t,endpoint_cache_ask1_finite_positive,1803,1862
validation,KR7006800007_t,endpoint_cache_ask1_nonpositive,0,1862
validation,KR7006800007_t,endpoint_workbook_ask1_present,1803,1862
validation,KR7006800007_t,endpoint_cache_bid1_present,1803,1862
validation,KR7006800007_t,endpoint_cache_bid1_finite,1803,1862
validation,KR7006800007_t,endpoint_cache_bid1_finite_positive,1803,1862
validation,KR7006800007_t,endpoint_cache_bid1_nonpositive,0,1862
validation,KR7006800007_t,endpoint_workbook_bid1_present,1803,1862
validation,KR7006800007_t,endpoint_crossed,0,1862
validation,KR7006800007_t,endpoint_locked_positive,0,1862
validation,KR7006800007_t,missing_cache_quote_any_endpoint,65,1862
validation,KR7006800007_t,historical_missing_cache_endpoint,65,1862
validation,KR7006800007_t,historical_missing_equal_filled_flat,60,1862
validation,KR7006800007_t,origin_workbook_cache_status=matched_exact,1862,1862
validation,KR7006800007_t,origin_ask1_fill_method=original,1852,1862
validation,KR7006800007_t,origin_ask1_fill_method=forward_fill,10,1862
validation,KR7006800007_t,origin_bid1_fill_method=original,1852,1862
validation,KR7006800007_t,origin_bid1_fill_method=forward_fill,10,1862
validation,KR7006800007_t,endpoint_workbook_cache_status=matched_exact,1862,1862
validation,KR7006800007_t,endpoint_ask1_fill_method=original,1803,1862
validation,KR7006800007_t,endpoint_ask1_fill_method=forward_fill,59,1862
validation,KR7006800007_t,endpoint_bid1_fill_method=original,1803,1862
validation,KR7006800007_t,endpoint_bid1_fill_method=forward_fill,59,1862
validation,KR7006800007_t,historical_missing_endpoint_kind=none,1797,1862
validation,KR7006800007_t,historical_missing_endpoint_kind=future,55,1862
validation,KR7006800007_t,historical_missing_endpoint_kind=current,6,1862
validation,KR7006800007_t,historical_missing_endpoint_kind=both,4,1862
validation,KR7007070006_t,origin_cache_row_exists,1862,1862
validation,KR7007070006_t,origin_workbook_row_exists,1862,1862
validation,KR7007070006_t,origin_cache_ask1_present,1849,1862
validation,KR7007070006_t,origin_cache_ask1_finite,1849,1862
validation,KR7007070006_t,origin_cache_ask1_finite_positive,1849,1862
validation,KR7007070006_t,origin_cache_ask1_nonpositive,0,1862
validation,KR7007070006_t,origin_workbook_ask1_present,1849,1862
validation,KR7007070006_t,origin_cache_bid1_present,1849,1862
validation,KR7007070006_t,origin_cache_bid1_finite,1849,1862
validation,KR7007070006_t,origin_cache_bid1_finite_positive,1849,1862
validation,KR7007070006_t,origin_cache_bid1_nonpositive,0,1862
validation,KR7007070006_t,origin_workbook_bid1_present,1849,1862
validation,KR7007070006_t,origin_crossed,0,1862
validation,KR7007070006_t,origin_locked_positive,0,1862
validation,KR7007070006_t,endpoint_cache_row_exists,1862,1862
validation,KR7007070006_t,endpoint_workbook_row_exists,1862,1862
validation,KR7007070006_t,endpoint_cache_ask1_present,1801,1862
validation,KR7007070006_t,endpoint_cache_ask1_finite,1801,1862
validation,KR7007070006_t,endpoint_cache_ask1_finite_positive,1801,1862
validation,KR7007070006_t,endpoint_cache_ask1_nonpositive,0,1862
validation,KR7007070006_t,endpoint_workbook_ask1_present,1801,1862
validation,KR7007070006_t,endpoint_cache_bid1_present,1801,1862
validation,KR7007070006_t,endpoint_cache_bid1_finite,1801,1862
validation,KR7007070006_t,endpoint_cache_bid1_finite_positive,1801,1862
validation,KR7007070006_t,endpoint_cache_bid1_nonpositive,0,1862
validation,KR7007070006_t,endpoint_workbook_bid1_present,1801,1862
validation,KR7007070006_t,endpoint_crossed,0,1862
validation,KR7007070006_t,endpoint_locked_positive,0,1862
validation,KR7007070006_t,missing_cache_quote_any_endpoint,66,1862
validation,KR7007070006_t,historical_missing_cache_endpoint,66,1862
validation,KR7007070006_t,historical_missing_equal_filled_flat,62,1862
validation,KR7007070006_t,origin_workbook_cache_status=matched_exact,1862,1862
validation,KR7007070006_t,origin_ask1_fill_method=original,1849,1862
validation,KR7007070006_t,origin_ask1_fill_method=forward_fill,7,1862
validation,KR7007070006_t,origin_ask1_fill_method=zero_fill,6,1862
validation,KR7007070006_t,origin_bid1_fill_method=original,1849,1862
validation,KR7007070006_t,origin_bid1_fill_method=forward_fill,7,1862
validation,KR7007070006_t,origin_bid1_fill_method=zero_fill,6,1862
validation,KR7007070006_t,endpoint_workbook_cache_status=matched_exact,1862,1862
validation,KR7007070006_t,endpoint_ask1_fill_method=original,1801,1862
validation,KR7007070006_t,endpoint_ask1_fill_method=forward_fill,56,1862
validation,KR7007070006_t,endpoint_ask1_fill_method=zero_fill,5,1862
validation,KR7007070006_t,endpoint_bid1_fill_method=original,1801,1862
validation,KR7007070006_t,endpoint_bid1_fill_method=forward_fill,56,1862
validation,KR7007070006_t,endpoint_bid1_fill_method=zero_fill,5,1862
validation,KR7007070006_t,historical_missing_endpoint_kind=none,1796,1862
validation,KR7007070006_t,historical_missing_endpoint_kind=future,53,1862
validation,KR7007070006_t,historical_missing_endpoint_kind=both,8,1862
validation,KR7007070006_t,historical_missing_endpoint_kind=current,5,1862
validation,KR7008770000_t,origin_cache_row_exists,1862,1862
validation,KR7008770000_t,origin_workbook_row_exists,1862,1862
validation,KR7008770000_t,origin_cache_ask1_present,1855,1862
validation,KR7008770000_t,origin_cache_ask1_finite,1855,1862
validation,KR7008770000_t,origin_cache_ask1_finite_positive,1855,1862
validation,KR7008770000_t,origin_cache_ask1_nonpositive,0,1862
validation,KR7008770000_t,origin_workbook_ask1_present,1855,1862
validation,KR7008770000_t,origin_cache_bid1_present,1855,1862
validation,KR7008770000_t,origin_cache_bid1_finite,1855,1862
validation,KR7008770000_t,origin_cache_bid1_finite_positive,1855,1862
validation,KR7008770000_t,origin_cache_bid1_nonpositive,0,1862
validation,KR7008770000_t,origin_workbook_bid1_present,1855,1862
validation,KR7008770000_t,origin_crossed,0,1862
validation,KR7008770000_t,origin_locked_positive,0,1862
validation,KR7008770000_t,endpoint_cache_row_exists,1862,1862
validation,KR7008770000_t,endpoint_workbook_row_exists,1862,1862
validation,KR7008770000_t,endpoint_cache_ask1_present,1807,1862
validation,KR7008770000_t,endpoint_cache_ask1_finite,1807,1862
validation,KR7008770000_t,endpoint_cache_ask1_finite_positive,1807,1862
validation,KR7008770000_t,endpoint_cache_ask1_nonpositive,0,1862
validation,KR7008770000_t,endpoint_workbook_ask1_present,1807,1862
validation,KR7008770000_t,endpoint_cache_bid1_present,1807,1862
validation,KR7008770000_t,endpoint_cache_bid1_finite,1807,1862
validation,KR7008770000_t,endpoint_cache_bid1_finite_positive,1807,1862
validation,KR7008770000_t,endpoint_cache_bid1_nonpositive,0,1862
validation,KR7008770000_t,endpoint_workbook_bid1_present,1807,1862
validation,KR7008770000_t,endpoint_crossed,0,1862
validation,KR7008770000_t,endpoint_locked_positive,0,1862
validation,KR7008770000_t,missing_cache_quote_any_endpoint,57,1862
validation,KR7008770000_t,historical_missing_cache_endpoint,57,1862
validation,KR7008770000_t,historical_missing_equal_filled_flat,55,1862
validation,KR7008770000_t,origin_workbook_cache_status=matched_exact,1861,1862
validation,KR7008770000_t,origin_workbook_cache_status=matched_tolerance,1,1862
validation,KR7008770000_t,origin_ask1_fill_method=original,1855,1862
validation,KR7008770000_t,origin_ask1_fill_method=zero_fill,6,1862
validation,KR7008770000_t,origin_ask1_fill_method=forward_fill,1,1862
validation,KR7008770000_t,origin_bid1_fill_method=original,1855,1862
validation,KR7008770000_t,origin_bid1_fill_method=zero_fill,6,1862
validation,KR7008770000_t,origin_bid1_fill_method=forward_fill,1,1862
validation,KR7008770000_t,endpoint_workbook_cache_status=matched_exact,1861,1862
validation,KR7008770000_t,endpoint_workbook_cache_status=matched_tolerance,1,1862
validation,KR7008770000_t,endpoint_ask1_fill_method=original,1807,1862
validation,KR7008770000_t,endpoint_ask1_fill_method=forward_fill,50,1862
validation,KR7008770000_t,endpoint_ask1_fill_method=zero_fill,5,1862
validation,KR7008770000_t,endpoint_bid1_fill_method=original,1807,1862
validation,KR7008770000_t,endpoint_bid1_fill_method=forward_fill,50,1862
validation,KR7008770000_t,endpoint_bid1_fill_method=zero_fill,5,1862
validation,KR7008770000_t,historical_missing_endpoint_kind=none,1805,1862
validation,KR7008770000_t,historical_missing_endpoint_kind=future,50,1862
validation,KR7008770000_t,historical_missing_endpoint_kind=both,5,1862
validation,KR7008770000_t,historical_missing_endpoint_kind=current,2,1862
validation,KR7009150004_t,origin_cache_row_exists,1862,1862
validation,KR7009150004_t,origin_workbook_row_exists,1862,1862
validation,KR7009150004_t,origin_cache_ask1_present,1856,1862
validation,KR7009150004_t,origin_cache_ask1_finite,1856,1862
validation,KR7009150004_t,origin_cache_ask1_finite_positive,1856,1862
validation,KR7009150004_t,origin_cache_ask1_nonpositive,0,1862
validation,KR7009150004_t,origin_workbook_ask1_present,1856,1862
validation,KR7009150004_t,origin_cache_bid1_present,1856,1862
validation,KR7009150004_t,origin_cache_bid1_finite,1856,1862
validation,KR7009150004_t,origin_cache_bid1_finite_positive,1856,1862
validation,KR7009150004_t,origin_cache_bid1_nonpositive,0,1862
validation,KR7009150004_t,origin_workbook_bid1_present,1856,1862
validation,KR7009150004_t,origin_crossed,0,1862
validation,KR7009150004_t,origin_locked_positive,0,1862
validation,KR7009150004_t,endpoint_cache_row_exists,1862,1862
validation,KR7009150004_t,endpoint_workbook_row_exists,1862,1862
validation,KR7009150004_t,endpoint_cache_ask1_present,1808,1862
validation,KR7009150004_t,endpoint_cache_ask1_finite,1808,1862
validation,KR7009150004_t,endpoint_cache_ask1_finite_positive,1808,1862
validation,KR7009150004_t,endpoint_cache_ask1_nonpositive,0,1862
validation,KR7009150004_t,endpoint_workbook_ask1_present,1808,1862
validation,KR7009150004_t,endpoint_cache_bid1_present,1808,1862
validation,KR7009150004_t,endpoint_cache_bid1_finite,1808,1862
validation,KR7009150004_t,endpoint_cache_bid1_finite_positive,1808,1862
validation,KR7009150004_t,endpoint_cache_bid1_nonpositive,0,1862
validation,KR7009150004_t,endpoint_workbook_bid1_present,1808,1862
validation,KR7009150004_t,endpoint_crossed,0,1862
validation,KR7009150004_t,endpoint_locked_positive,0,1862
validation,KR7009150004_t,missing_cache_quote_any_endpoint,55,1862
validation,KR7009150004_t,historical_missing_cache_endpoint,55,1862
validation,KR7009150004_t,historical_missing_equal_filled_flat,54,1862
validation,KR7009150004_t,origin_workbook_cache_status=matched_exact,1860,1862
validation,KR7009150004_t,origin_workbook_cache_status=matched_tolerance,2,1862
validation,KR7009150004_t,origin_ask1_fill_method=original,1856,1862
validation,KR7009150004_t,origin_ask1_fill_method=zero_fill,6,1862
validation,KR7009150004_t,origin_bid1_fill_method=original,1856,1862
validation,KR7009150004_t,origin_bid1_fill_method=zero_fill,6,1862
validation,KR7009150004_t,endpoint_workbook_cache_status=matched_exact,1860,1862
validation,KR7009150004_t,endpoint_workbook_cache_status=matched_tolerance,2,1862
validation,KR7009150004_t,endpoint_ask1_fill_method=original,1808,1862
validation,KR7009150004_t,endpoint_ask1_fill_method=forward_fill,49,1862
validation,KR7009150004_t,endpoint_ask1_fill_method=zero_fill,5,1862
validation,KR7009150004_t,endpoint_bid1_fill_method=original,1808,1862
validation,KR7009150004_t,endpoint_bid1_fill_method=forward_fill,49,1862
validation,KR7009150004_t,endpoint_bid1_fill_method=zero_fill,5,1862
validation,KR7009150004_t,historical_missing_endpoint_kind=none,1807,1862
validation,KR7009150004_t,historical_missing_endpoint_kind=future,49,1862
validation,KR7009150004_t,historical_missing_endpoint_kind=both,5,1862
validation,KR7009150004_t,historical_missing_endpoint_kind=current,1,1862
