namespace,selected,panel,model,seed,fold,protocol_hash,canonical_protocol_hash,input_hash,mask_hash,split_hash,core_source_digest,source_sha,source_digest,config_hash,source_job,prediction_sha256,split,population,date,rows,loss_sum,row_key_label_digest
new_p3_training,True,tuned,UA,7,R1,3cfd389bbd05ec9201a41c0892e29bf8199198d1b216b9a8061370d4240aa583,bd1488a2d411295d7a2118c50ddcc0b158786123613af1676062e2270d1637d1,9cb89005693b1b70c102178849b740fde00b50c9ba5f3b5530d0e5749ea59837,eca954c21da074c545cb7858315ea39fee0a6f54b19e06474b4f2f91f1666847,c2f062c20887415a67df5838227a908b8620c7cc30f0498135bf17ea1ad33c5f,6031dc4ee08b61c58b35b1efd7d764739d5c7c54dc7cbe9e9a72a1e4a7098596,e2212c40566e21c680a98186ebd8e984aa80d4fd,4d4ad03b827958468b1a231e360c7ad1aa68035c25af068059838ceae6dfa6d6,0da5ee1686ead23df1f904ead1e98b7c0a817ac118d50e0e14715b5517b5194c,R1_UA_7,c5766ea75a44af8bb445fbdd53708cf3a834693420af2774e4ac126a78c898b5,development_holdout,P0,2017-02-06,1026,934.7553407545585,ab9b5dd39d9d8048a1ba03f6fe1e251112bc5875a214172c37f308a2825bc846
new_p3_training,True,tuned,UA,7,R1,3cfd389bbd05ec9201a41c0892e29bf8199198d1b216b9a8061370d4240aa583,bd1488a2d411295d7a2118c50ddcc0b158786123613af1676062e2270d1637d1,9cb89005693b1b70c102178849b740fde00b50c9ba5f3b5530d0e5749ea59837,eca954c21da074c545cb7858315ea39fee0a6f54b19e06474b4f2f91f1666847,c2f062c20887415a67df5838227a908b8620c7cc30f0498135bf17ea1ad33c5f,6031dc4ee08b61c58b35b1efd7d764739d5c7c54dc7cbe9e9a72a1e4a7098596,e2212c40566e21c680a98186ebd8e984aa80d4fd,4d4ad03b827958468b1a231e360c7ad1aa68035c25af068059838ceae6dfa6d6,0da5ee1686ead23df1f904ead1e98b7c0a817ac118d50e0e14715b5517b5194c,R1_UA_7,c5766ea75a44af8bb445fbdd53708cf3a834693420af2774e4ac126a78c898b5,development_holdout,P0,2017-02-07,1026,934.246055819852,a2aca6131441b47c914bbd15dc21744d6314c96cbc70d7293a1eb70d143e3263
new_p3_training,True,tuned,UA,7,R1,3cfd389bbd05ec9201a41c0892e29bf8199198d1b216b9a8061370d4240aa583,bd1488a2d411295d7a2118c50ddcc0b158786123613af1676062e2270d1637d1,9cb89005693b1b70c102178849b740fde00b50c9ba5f3b5530d0e5749ea59837,eca954c21da074c545cb7858315ea39fee0a6f54b19e06474b4f2f91f1666847,c2f062c20887415a67df5838227a908b8620c7cc30f0498135bf17ea1ad33c5f,6031dc4ee08b61c58b35b1efd7d764739d5c7c54dc7cbe9e9a72a1e4a7098596,e2212c40566e21c680a98186ebd8e984aa80d4fd,4d4ad03b827958468b1a231e360c7ad1aa68035c25af068059838ceae6dfa6d6,0da5ee1686ead23df1f904ead1e98b7c0a817ac118d50e0e14715b5517b5194c,R1_UA_7,c5766ea75a44af8bb445fbdd53708cf3a834693420af2774e4ac126a78c898b5,development_holdout,P0,2017-02-08,1026,991.4795675540572,c33dce0fa5bc0c3a7656bf1c3d692ff03ca4bf74bd0498fa5a371868700a2578
new_p3_training,True,tuned,UA,7,R1,3cfd389bbd05ec9201a41c0892e29bf8199198d1b216b9a8061370d4240aa583,bd1488a2d411295d7a2118c50ddcc0b158786123613af1676062e2270d1637d1,9cb89005693b1b70c102178849b740fde00b50c9ba5f3b5530d0e5749ea59837,eca954c21da074c545cb7858315ea39fee0a6f54b19e06474b4f2f91f1666847,c2f062c20887415a67df5838227a908b8620c7cc30f0498135bf17ea1ad33c5f,6031dc4ee08b61c58b35b1efd7d764739d5c7c54dc7cbe9e9a72a1e4a7098596,e2212c40566e21c680a98186ebd8e984aa80d4fd,4d4ad03b827958468b1a231e360c7ad1aa68035c25af068059838ceae6dfa6d6,0da5ee1686ead23df1f904ead1e98b7c0a817ac118d50e0e14715b5517b5194c,R1_UA_7,c5766ea75a44af8bb445fbdd53708cf3a834693420af2774e4ac126a78c898b5,development_holdout,P0,2017-02-09,1026,953.6645511565504,1e385afe0008fdba921ff5790cc8ae1ff2200c6ccec77942e15584b8a4a2b544
new_p3_training,True,tuned,UA,7,R1,3cfd389bbd05ec9201a41c0892e29bf8199198d1b216b9a8061370d4240aa583,bd1488a2d411295d7a2118c50ddcc0b158786123613af1676062e2270d1637d1,9cb89005693b1b70c102178849b740fde00b50c9ba5f3b5530d0e5749ea59837,eca954c21da074c545cb7858315ea39fee0a6f54b19e06474b4f2f91f1666847,c2f062c20887415a67df5838227a908b8620c7cc30f0498135bf17ea1ad33c5f,6031dc4ee08b61c58b35b1efd7d764739d5c7c54dc7cbe9e9a72a1e4a7098596,e2212c40566e21c680a98186ebd8e984aa80d4fd,4d4ad03b827958468b1a231e360c7ad1aa68035c25af068059838ceae6dfa6d6,0da5ee1686ead23df1f904ead1e98b7c0a817ac118d50e0e14715b5517b5194c,R1_UA_7,c5766ea75a44af8bb445fbdd53708cf3a834693420af2774e4ac126a78c898b5,development_holdout,P0,2017-02-10,1026,901.1098230277539,5c0768331e557c42fcc376a909e9ec39a67fb25358612e1ac882e44a527f318c
new_p3_training,True,tuned,UA,7,R1,3cfd389bbd05ec9201a41c0892e29bf8199198d1b216b9a8061370d4240aa583,bd1488a2d411295d7a2118c50ddcc0b158786123613af1676062e2270d1637d1,9cb89005693b1b70c102178849b740fde00b50c9ba5f3b5530d0e5749ea59837,eca954c21da074c545cb7858315ea39fee0a6f54b19e06474b4f2f91f1666847,c2f062c20887415a67df5838227a908b8620c7cc30f0498135bf17ea1ad33c5f,6031dc4ee08b61c58b35b1efd7d764739d5c7c54dc7cbe9e9a72a1e4a7098596,e2212c40566e21c680a98186ebd8e984aa80d4fd,4d4ad03b827958468b1a231e360c7ad1aa68035c25af068059838ceae6dfa6d6,0da5ee1686ead23df1f904ead1e98b7c0a817ac118d50e0e14715b5517b5194c,R1_UA_7,c5766ea75a44af8bb445fbdd53708cf3a834693420af2774e4ac126a78c898b5,development_holdout,P0,2017-02-13,1026,853.9488261118217,c19f93da29ca0e9ea7b082a19a927415f356343f59ec28d9df4922209c5b798c
new_p3_training,True,tuned,UA,7,R1,3cfd389bbd05ec9201a41c0892e29bf8199198d1b216b9a8061370d4240aa583,bd1488a2d411295d7a2118c50ddcc0b158786123613af1676062e2270d1637d1,9cb89005693b1b70c102178849b740fde00b50c9ba5f3b5530d0e5749ea59837,eca954c21da074c545cb7858315ea39fee0a6f54b19e06474b4f2f91f1666847,c2f062c20887415a67df5838227a908b8620c7cc30f0498135bf17ea1ad33c5f,6031dc4ee08b61c58b35b1efd7d764739d5c7c54dc7cbe9e9a72a1e4a7098596,e2212c40566e21c680a98186ebd8e984aa80d4fd,4d4ad03b827958468b1a231e360c7ad1aa68035c25af068059838ceae6dfa6d6,0da5ee1686ead23df1f904ead1e98b7c0a817ac118d50e0e14715b5517b5194c,R1_UA_7,c5766ea75a44af8bb445fbdd53708cf3a834693420af2774e4ac126a78c898b5,development_holdout,P0,2017-02-14,1026,881.4720780013661,caa4683bcff66a5566327c08988080176baec547eee72c2b6fede5b5ab9a9dbc
new_p3_training,True,tuned,UA,7,R1,3cfd389bbd05ec9201a41c0892e29bf8199198d1b216b9a8061370d4240aa583,bd1488a2d411295d7a2118c50ddcc0b158786123613af1676062e2270d1637d1,9cb89005693b1b70c102178849b740fde00b50c9ba5f3b5530d0e5749ea59837,eca954c21da074c545cb7858315ea39fee0a6f54b19e06474b4f2f91f1666847,c2f062c20887415a67df5838227a908b8620c7cc30f0498135bf17ea1ad33c5f,6031dc4ee08b61c58b35b1efd7d764739d5c7c54dc7cbe9e9a72a1e4a7098596,e2212c40566e21c680a98186ebd8e984aa80d4fd,4d4ad03b827958468b1a231e360c7ad1aa68035c25af068059838ceae6dfa6d6,0da5ee1686ead23df1f904ead1e98b7c0a817ac118d50e0e14715b5517b5194c,R1_UA_7,c5766ea75a44af8bb445fbdd53708cf3a834693420af2774e4ac126a78c898b5,development_holdout,P0,2017-02-15,1026,988.7285254434805,50879da21fe2898beb4e3bb17bcf9d1528b60ba3eecf10a8e19ba3ef47fd8fa8
new_p3_training,True,tuned,UA,7,R1,3cfd389bbd05ec9201a41c0892e29bf8199198d1b216b9a8061370d4240aa583,bd1488a2d411295d7a2118c50ddcc0b158786123613af1676062e2270d1637d1,9cb89005693b1b70c102178849b740fde00b50c9ba5f3b5530d0e5749ea59837,eca954c21da074c545cb7858315ea39fee0a6f54b19e06474b4f2f91f1666847,c2f062c20887415a67df5838227a908b8620c7cc30f0498135bf17ea1ad33c5f,6031dc4ee08b61c58b35b1efd7d764739d5c7c54dc7cbe9e9a72a1e4a7098596,e2212c40566e21c680a98186ebd8e984aa80d4fd,4d4ad03b827958468b1a231e360c7ad1aa68035c25af068059838ceae6dfa6d6,0da5ee1686ead23df1f904ead1e98b7c0a817ac118d50e0e14715b5517b5194c,R1_UA_7,c5766ea75a44af8bb445fbdd53708cf3a834693420af2774e4ac126a78c898b5,development_holdout,P0,2017-02-16,1026,960.5759443491738,2f29a0a6cc38da1d08bd99d8a19cd73c174fb3ad75e2d2d9591b3102fb0ff2d2
new_p3_training,True,tuned,UA,7,R1,3cfd389bbd05ec9201a41c0892e29bf8199198d1b216b9a8061370d4240aa583,bd1488a2d411295d7a2118c50ddcc0b158786123613af1676062e2270d1637d1,9cb89005693b1b70c102178849b740fde00b50c9ba5f3b5530d0e5749ea59837,eca954c21da074c545cb7858315ea39fee0a6f54b19e06474b4f2f91f1666847,c2f062c20887415a67df5838227a908b8620c7cc30f0498135bf17ea1ad33c5f,6031dc4ee08b61c58b35b1efd7d764739d5c7c54dc7cbe9e9a72a1e4a7098596,e2212c40566e21c680a98186ebd8e984aa80d4fd,4d4ad03b827958468b1a231e360c7ad1aa68035c25af068059838ceae6dfa6d6,0da5ee1686ead23df1f904ead1e98b7c0a817ac118d50e0e14715b5517b5194c,R1_UA_7,c5766ea75a44af8bb445fbdd53708cf3a834693420af2774e4ac126a78c898b5,development_holdout,P0,2017-02-17,1026,905.2980754063269,785b8ff7c2a2aaf479db4085f0c47e19f58df4bf21c6fbdfd11c9f095943f156
new_p3_training,True,tuned,UA,7,R1,3cfd389bbd05ec9201a41c0892e29bf8199198d1b216b9a8061370d4240aa583,bd1488a2d411295d7a2118c50ddcc0b158786123613af1676062e2270d1637d1,9cb89005693b1b70c102178849b740fde00b50c9ba5f3b5530d0e5749ea59837,eca954c21da074c545cb7858315ea39fee0a6f54b19e06474b4f2f91f1666847,c2f062c20887415a67df5838227a908b8620c7cc30f0498135bf17ea1ad33c5f,6031dc4ee08b61c58b35b1efd7d764739d5c7c54dc7cbe9e9a72a1e4a7098596,e2212c40566e21c680a98186ebd8e984aa80d4fd,4d4ad03b827958468b1a231e360c7ad1aa68035c25af068059838ceae6dfa6d6,0da5ee1686ead23df1f904ead1e98b7c0a817ac118d50e0e14715b5517b5194c,R1_UA_7,c5766ea75a44af8bb445fbdd53708cf3a834693420af2774e4ac126a78c898b5,development_holdout,P0,2017-02-20,1026,870.7541491421003,8ace5308c6adcc830ba990d65ec46e780295ba8f8c64b37c546c4dadb73547fa
new_p3_training,True,tuned,UA,7,R1,3cfd389bbd05ec9201a41c0892e29bf8199198d1b216b9a8061370d4240aa583,bd1488a2d411295d7a2118c50ddcc0b158786123613af1676062e2270d1637d1,9cb89005693b1b70c102178849b740fde00b50c9ba5f3b5530d0e5749ea59837,eca954c21da074c545cb7858315ea39fee0a6f54b19e06474b4f2f91f1666847,c2f062c20887415a67df5838227a908b8620c7cc30f0498135bf17ea1ad33c5f,6031dc4ee08b61c58b35b1efd7d764739d5c7c54dc7cbe9e9a72a1e4a7098596,e2212c40566e21c680a98186ebd8e984aa80d4fd,4d4ad03b827958468b1a231e360c7ad1aa68035c25af068059838ceae6dfa6d6,0da5ee1686ead23df1f904ead1e98b7c0a817ac118d50e0e14715b5517b5194c,R1_UA_7,c5766ea75a44af8bb445fbdd53708cf3a834693420af2774e4ac126a78c898b5,development_holdout,P0,2017-02-21,1026,945.1882325730875,dfc66c5595dd1b50b507866095d124fb44a3c56b215aa9068e24232d0d3d6c5b
new_p3_training,True,tuned,UA,7,R1,3cfd389bbd05ec9201a41c0892e29bf8199198d1b216b9a8061370d4240aa583,bd1488a2d411295d7a2118c50ddcc0b158786123613af1676062e2270d1637d1,9cb89005693b1b70c102178849b740fde00b50c9ba5f3b5530d0e5749ea59837,eca954c21da074c545cb7858315ea39fee0a6f54b19e06474b4f2f91f1666847,c2f062c20887415a67df5838227a908b8620c7cc30f0498135bf17ea1ad33c5f,6031dc4ee08b61c58b35b1efd7d764739d5c7c54dc7cbe9e9a72a1e4a7098596,e2212c40566e21c680a98186ebd8e984aa80d4fd,4d4ad03b827958468b1a231e360c7ad1aa68035c25af068059838ceae6dfa6d6,0da5ee1686ead23df1f904ead1e98b7c0a817ac118d50e0e14715b5517b5194c,R1_UA_7,c5766ea75a44af8bb445fbdd53708cf3a834693420af2774e4ac126a78c898b5,development_holdout,P0,2017-02-22,1026,903.3548215346298,5a53b97f40b7c1857e65b1480649ef3337e0b5606ae81c4dba2e1c210bf5c241
new_p3_training,True,tuned,UA,7,R1,3cfd389bbd05ec9201a41c0892e29bf8199198d1b216b9a8061370d4240aa583,bd1488a2d411295d7a2118c50ddcc0b158786123613af1676062e2270d1637d1,9cb89005693b1b70c102178849b740fde00b50c9ba5f3b5530d0e5749ea59837,eca954c21da074c545cb7858315ea39fee0a6f54b19e06474b4f2f91f1666847,c2f062c20887415a67df5838227a908b8620c7cc30f0498135bf17ea1ad33c5f,6031dc4ee08b61c58b35b1efd7d764739d5c7c54dc7cbe9e9a72a1e4a7098596,e2212c40566e21c680a98186ebd8e984aa80d4fd,4d4ad03b827958468b1a231e360c7ad1aa68035c25af068059838ceae6dfa6d6,0da5ee1686ead23df1f904ead1e98b7c0a817ac118d50e0e14715b5517b5194c,R1_UA_7,c5766ea75a44af8bb445fbdd53708cf3a834693420af2774e4ac126a78c898b5,development_holdout,P0,2017-02-23,1026,940.8476562643391,6e3697b4bb799f14e7b34045c58f978097a701ab1d92bebc87b1325d6392d01d
new_p3_training,True,tuned,UA,7,R1,3cfd389bbd05ec9201a41c0892e29bf8199198d1b216b9a8061370d4240aa583,bd1488a2d411295d7a2118c50ddcc0b158786123613af1676062e2270d1637d1,9cb89005693b1b70c102178849b740fde00b50c9ba5f3b5530d0e5749ea59837,eca954c21da074c545cb7858315ea39fee0a6f54b19e06474b4f2f91f1666847,c2f062c20887415a67df5838227a908b8620c7cc30f0498135bf17ea1ad33c5f,6031dc4ee08b61c58b35b1efd7d764739d5c7c54dc7cbe9e9a72a1e4a7098596,e2212c40566e21c680a98186ebd8e984aa80d4fd,4d4ad03b827958468b1a231e360c7ad1aa68035c25af068059838ceae6dfa6d6,0da5ee1686ead23df1f904ead1e98b7c0a817ac118d50e0e14715b5517b5194c,R1_UA_7,c5766ea75a44af8bb445fbdd53708cf3a834693420af2774e4ac126a78c898b5,development_holdout,P0,2017-02-24,1026,978.6400112227168,d728f4cc424bdd91fdb542c6d95cfe3998c21b0e75af0a6ff5cf70699ecd44f7
new_p3_training,True,tuned,UA,7,R1,3cfd389bbd05ec9201a41c0892e29bf8199198d1b216b9a8061370d4240aa583,bd1488a2d411295d7a2118c50ddcc0b158786123613af1676062e2270d1637d1,9cb89005693b1b70c102178849b740fde00b50c9ba5f3b5530d0e5749ea59837,eca954c21da074c545cb7858315ea39fee0a6f54b19e06474b4f2f91f1666847,c2f062c20887415a67df5838227a908b8620c7cc30f0498135bf17ea1ad33c5f,6031dc4ee08b61c58b35b1efd7d764739d5c7c54dc7cbe9e9a72a1e4a7098596,e2212c40566e21c680a98186ebd8e984aa80d4fd,4d4ad03b827958468b1a231e360c7ad1aa68035c25af068059838ceae6dfa6d6,0da5ee1686ead23df1f904ead1e98b7c0a817ac118d50e0e14715b5517b5194c,R1_UA_7,c5766ea75a44af8bb445fbdd53708cf3a834693420af2774e4ac126a78c898b5,development_holdout,P0,2017-02-27,1026,931.3949398630338,ff56613a96a1f125409a2b0dca3e57b4c25f0dbf08750116e7562d0196d3f4a0
new_p3_training,True,tuned,UA,7,R1,3cfd389bbd05ec9201a41c0892e29bf8199198d1b216b9a8061370d4240aa583,bd1488a2d411295d7a2118c50ddcc0b158786123613af1676062e2270d1637d1,9cb89005693b1b70c102178849b740fde00b50c9ba5f3b5530d0e5749ea59837,eca954c21da074c545cb7858315ea39fee0a6f54b19e06474b4f2f91f1666847,c2f062c20887415a67df5838227a908b8620c7cc30f0498135bf17ea1ad33c5f,6031dc4ee08b61c58b35b1efd7d764739d5c7c54dc7cbe9e9a72a1e4a7098596,e2212c40566e21c680a98186ebd8e984aa80d4fd,4d4ad03b827958468b1a231e360c7ad1aa68035c25af068059838ceae6dfa6d6,0da5ee1686ead23df1f904ead1e98b7c0a817ac118d50e0e14715b5517b5194c,R1_UA_7,c5766ea75a44af8bb445fbdd53708cf3a834693420af2774e4ac126a78c898b5,development_holdout,P0,2017-02-28,1026,866.2425687681229,a2ea44b425605be9e605774ce1a55efbe7f9f35108c03c8ada1a81628e7ba429
new_p3_training,True,tuned,UA,7,R1,3cfd389bbd05ec9201a41c0892e29bf8199198d1b216b9a8061370d4240aa583,bd1488a2d411295d7a2118c50ddcc0b158786123613af1676062e2270d1637d1,9cb89005693b1b70c102178849b740fde00b50c9ba5f3b5530d0e5749ea59837,eca954c21da074c545cb7858315ea39fee0a6f54b19e06474b4f2f91f1666847,c2f062c20887415a67df5838227a908b8620c7cc30f0498135bf17ea1ad33c5f,6031dc4ee08b61c58b35b1efd7d764739d5c7c54dc7cbe9e9a72a1e4a7098596,e2212c40566e21c680a98186ebd8e984aa80d4fd,4d4ad03b827958468b1a231e360c7ad1aa68035c25af068059838ceae6dfa6d6,0da5ee1686ead23df1f904ead1e98b7c0a817ac118d50e0e14715b5517b5194c,R1_UA_7,c5766ea75a44af8bb445fbdd53708cf3a834693420af2774e4ac126a78c898b5,development_holdout,P0,2017-03-02,1026,965.8508282668115,24bc48d96dc85568dd78be883d33c2f3e079fdc7772ecd2ce3b1215d141082b2
new_p3_training,True,tuned,UA,7,R1,3cfd389bbd05ec9201a41c0892e29bf8199198d1b216b9a8061370d4240aa583,bd1488a2d411295d7a2118c50ddcc0b158786123613af1676062e2270d1637d1,9cb89005693b1b70c102178849b740fde00b50c9ba5f3b5530d0e5749ea59837,eca954c21da074c545cb7858315ea39fee0a6f54b19e06474b4f2f91f1666847,c2f062c20887415a67df5838227a908b8620c7cc30f0498135bf17ea1ad33c5f,6031dc4ee08b61c58b35b1efd7d764739d5c7c54dc7cbe9e9a72a1e4a7098596,e2212c40566e21c680a98186ebd8e984aa80d4fd,4d4ad03b827958468b1a231e360c7ad1aa68035c25af068059838ceae6dfa6d6,0da5ee1686ead23df1f904ead1e98b7c0a817ac118d50e0e14715b5517b5194c,R1_UA_7,c5766ea75a44af8bb445fbdd53708cf3a834693420af2774e4ac126a78c898b5,development_holdout,P0,2017-03-03,1026,1019.2961300443994,22939c89fd4b6ea42f6529cacac55ffe6e65b2ae17f29f3167873e59c4099c33
new_p3_training,True,tuned,UA,7,R1,3cfd389bbd05ec9201a41c0892e29bf8199198d1b216b9a8061370d4240aa583,bd1488a2d411295d7a2118c50ddcc0b158786123613af1676062e2270d1637d1,9cb89005693b1b70c102178849b740fde00b50c9ba5f3b5530d0e5749ea59837,eca954c21da074c545cb7858315ea39fee0a6f54b19e06474b4f2f91f1666847,c2f062c20887415a67df5838227a908b8620c7cc30f0498135bf17ea1ad33c5f,6031dc4ee08b61c58b35b1efd7d764739d5c7c54dc7cbe9e9a72a1e4a7098596,e2212c40566e21c680a98186ebd8e984aa80d4fd,4d4ad03b827958468b1a231e360c7ad1aa68035c25af068059838ceae6dfa6d6,0da5ee1686ead23df1f904ead1e98b7c0a817ac118d50e0e14715b5517b5194c,R1_UA_7,c5766ea75a44af8bb445fbdd53708cf3a834693420af2774e4ac126a78c898b5,development_holdout,P0,2017-03-06,1026,984.2837119238774,d20b50e2739d0f6a492e35c9edf7093653ae290b3114c3a57386e9c06d9df54a
new_p3_training,True,tuned,UA,7,R1,3cfd389bbd05ec9201a41c0892e29bf8199198d1b216b9a8061370d4240aa583,bd1488a2d411295d7a2118c50ddcc0b158786123613af1676062e2270d1637d1,9cb89005693b1b70c102178849b740fde00b50c9ba5f3b5530d0e5749ea59837,eca954c21da074c545cb7858315ea39fee0a6f54b19e06474b4f2f91f1666847,c2f062c20887415a67df5838227a908b8620c7cc30f0498135bf17ea1ad33c5f,6031dc4ee08b61c58b35b1efd7d764739d5c7c54dc7cbe9e9a72a1e4a7098596,e2212c40566e21c680a98186ebd8e984aa80d4fd,4d4ad03b827958468b1a231e360c7ad1aa68035c25af068059838ceae6dfa6d6,0da5ee1686ead23df1f904ead1e98b7c0a817ac118d50e0e14715b5517b5194c,R1_UA_7,c5766ea75a44af8bb445fbdd53708cf3a834693420af2774e4ac126a78c898b5,development_holdout,P0,2017-03-07,1026,898.4133900776704,008b051ab20e3383a144b791e574b090e54ec5a57c3b00c784b9dde76029de49
new_p3_training,True,tuned,UA,7,R1,3cfd389bbd05ec9201a41c0892e29bf8199198d1b216b9a8061370d4240aa583,bd1488a2d411295d7a2118c50ddcc0b158786123613af1676062e2270d1637d1,9cb89005693b1b70c102178849b740fde00b50c9ba5f3b5530d0e5749ea59837,eca954c21da074c545cb7858315ea39fee0a6f54b19e06474b4f2f91f1666847,c2f062c20887415a67df5838227a908b8620c7cc30f0498135bf17ea1ad33c5f,6031dc4ee08b61c58b35b1efd7d764739d5c7c54dc7cbe9e9a72a1e4a7098596,e2212c40566e21c680a98186ebd8e984aa80d4fd,4d4ad03b827958468b1a231e360c7ad1aa68035c25af068059838ceae6dfa6d6,0da5ee1686ead23df1f904ead1e98b7c0a817ac118d50e0e14715b5517b5194c,R1_UA_7,c5766ea75a44af8bb445fbdd53708cf3a834693420af2774e4ac126a78c898b5,development_holdout,P0,2017-03-08,1026,958.2599296182796,88818c1f316e68002d1cbc8a487b17c48ab0455002479dba1290a4ccc2b776ae
new_p3_training,True,tuned,UA,7,R1,3cfd389bbd05ec9201a41c0892e29bf8199198d1b216b9a8061370d4240aa583,bd1488a2d411295d7a2118c50ddcc0b158786123613af1676062e2270d1637d1,9cb89005693b1b70c102178849b740fde00b50c9ba5f3b5530d0e5749ea59837,eca954c21da074c545cb7858315ea39fee0a6f54b19e06474b4f2f91f1666847,c2f062c20887415a67df5838227a908b8620c7cc30f0498135bf17ea1ad33c5f,6031dc4ee08b61c58b35b1efd7d764739d5c7c54dc7cbe9e9a72a1e4a7098596,e2212c40566e21c680a98186ebd8e984aa80d4fd,4d4ad03b827958468b1a231e360c7ad1aa68035c25af068059838ceae6dfa6d6,0da5ee1686ead23df1f904ead1e98b7c0a817ac118d50e0e14715b5517b5194c,R1_UA_7,c5766ea75a44af8bb445fbdd53708cf3a834693420af2774e4ac126a78c898b5,development_holdout,P0,2017-03-09,1026,938.4056516905653,c574c80a23f2e388cdce17df2ca307cfb30cb4b266dc3370ec1d4b55790effb3
new_p3_training,True,tuned,UA,7,R1,3cfd389bbd05ec9201a41c0892e29bf8199198d1b216b9a8061370d4240aa583,bd1488a2d411295d7a2118c50ddcc0b158786123613af1676062e2270d1637d1,9cb89005693b1b70c102178849b740fde00b50c9ba5f3b5530d0e5749ea59837,eca954c21da074c545cb7858315ea39fee0a6f54b19e06474b4f2f91f1666847,c2f062c20887415a67df5838227a908b8620c7cc30f0498135bf17ea1ad33c5f,6031dc4ee08b61c58b35b1efd7d764739d5c7c54dc7cbe9e9a72a1e4a7098596,e2212c40566e21c680a98186ebd8e984aa80d4fd,4d4ad03b827958468b1a231e360c7ad1aa68035c25af068059838ceae6dfa6d6,0da5ee1686ead23df1f904ead1e98b7c0a817ac118d50e0e14715b5517b5194c,R1_UA_7,c5766ea75a44af8bb445fbdd53708cf3a834693420af2774e4ac126a78c898b5,development_holdout,P0,2017-03-10,1026,1035.2553010180882,c1f2eea5b13bd2709d1ab340e228d15b953844a43f4e83c83a5772c39e915d9b
new_p3_training,True,tuned,UA,7,R1,3cfd389bbd05ec9201a41c0892e29bf8199198d1b216b9a8061370d4240aa583,bd1488a2d411295d7a2118c50ddcc0b158786123613af1676062e2270d1637d1,9cb89005693b1b70c102178849b740fde00b50c9ba5f3b5530d0e5749ea59837,eca954c21da074c545cb7858315ea39fee0a6f54b19e06474b4f2f91f1666847,c2f062c20887415a67df5838227a908b8620c7cc30f0498135bf17ea1ad33c5f,6031dc4ee08b61c58b35b1efd7d764739d5c7c54dc7cbe9e9a72a1e4a7098596,e2212c40566e21c680a98186ebd8e984aa80d4fd,4d4ad03b827958468b1a231e360c7ad1aa68035c25af068059838ceae6dfa6d6,0da5ee1686ead23df1f904ead1e98b7c0a817ac118d50e0e14715b5517b5194c,R1_UA_7,c5766ea75a44af8bb445fbdd53708cf3a834693420af2774e4ac126a78c898b5,development_holdout,P0,2017-03-13,1026,949.7798586427291,e80f8d8ac7f36b07fd8905cdbb134a9455f2509941b326c54e932ab7ed89d43c
new_p3_training,True,tuned,UA,7,R1,3cfd389bbd05ec9201a41c0892e29bf8199198d1b216b9a8061370d4240aa583,bd1488a2d411295d7a2118c50ddcc0b158786123613af1676062e2270d1637d1,9cb89005693b1b70c102178849b740fde00b50c9ba5f3b5530d0e5749ea59837,eca954c21da074c545cb7858315ea39fee0a6f54b19e06474b4f2f91f1666847,c2f062c20887415a67df5838227a908b8620c7cc30f0498135bf17ea1ad33c5f,6031dc4ee08b61c58b35b1efd7d764739d5c7c54dc7cbe9e9a72a1e4a7098596,e2212c40566e21c680a98186ebd8e984aa80d4fd,4d4ad03b827958468b1a231e360c7ad1aa68035c25af068059838ceae6dfa6d6,0da5ee1686ead23df1f904ead1e98b7c0a817ac118d50e0e14715b5517b5194c,R1_UA_7,c5766ea75a44af8bb445fbdd53708cf3a834693420af2774e4ac126a78c898b5,development_holdout,P0,2017-03-14,1026,964.5857851653716,4fc4b295dc8a9c6a9d1027edb9e67bd699809e8599c87f3d868c3bf41481cc80
new_p3_training,True,tuned,UA,7,R1,3cfd389bbd05ec9201a41c0892e29bf8199198d1b216b9a8061370d4240aa583,bd1488a2d411295d7a2118c50ddcc0b158786123613af1676062e2270d1637d1,9cb89005693b1b70c102178849b740fde00b50c9ba5f3b5530d0e5749ea59837,eca954c21da074c545cb7858315ea39fee0a6f54b19e06474b4f2f91f1666847,c2f062c20887415a67df5838227a908b8620c7cc30f0498135bf17ea1ad33c5f,6031dc4ee08b61c58b35b1efd7d764739d5c7c54dc7cbe9e9a72a1e4a7098596,e2212c40566e21c680a98186ebd8e984aa80d4fd,4d4ad03b827958468b1a231e360c7ad1aa68035c25af068059838ceae6dfa6d6,0da5ee1686ead23df1f904ead1e98b7c0a817ac118d50e0e14715b5517b5194c,R1_UA_7,c5766ea75a44af8bb445fbdd53708cf3a834693420af2774e4ac126a78c898b5,development_holdout,P0,2017-03-15,1026,958.2903412887067,27095532083c28d15deaaa7f22cfa9762fba4ef4a804e5608fb69ef4fb7871c9
new_p3_training,True,tuned,UA,7,R1,3cfd389bbd05ec9201a41c0892e29bf8199198d1b216b9a8061370d4240aa583,bd1488a2d411295d7a2118c50ddcc0b158786123613af1676062e2270d1637d1,9cb89005693b1b70c102178849b740fde00b50c9ba5f3b5530d0e5749ea59837,eca954c21da074c545cb7858315ea39fee0a6f54b19e06474b4f2f91f1666847,c2f062c20887415a67df5838227a908b8620c7cc30f0498135bf17ea1ad33c5f,6031dc4ee08b61c58b35b1efd7d764739d5c7c54dc7cbe9e9a72a1e4a7098596,e2212c40566e21c680a98186ebd8e984aa80d4fd,4d4ad03b827958468b1a231e360c7ad1aa68035c25af068059838ceae6dfa6d6,0da5ee1686ead23df1f904ead1e98b7c0a817ac118d50e0e14715b5517b5194c,R1_UA_7,c5766ea75a44af8bb445fbdd53708cf3a834693420af2774e4ac126a78c898b5,development_holdout,P0,2017-03-16,1026,979.1646035111621,730ba20125fa8ce45c8e61feea8a0d5f7939aa87b2853b1bb6755b63371eb491
new_p3_training,True,tuned,UA,7,R1,3cfd389bbd05ec9201a41c0892e29bf8199198d1b216b9a8061370d4240aa583,bd1488a2d411295d7a2118c50ddcc0b158786123613af1676062e2270d1637d1,9cb89005693b1b70c102178849b740fde00b50c9ba5f3b5530d0e5749ea59837,eca954c21da074c545cb7858315ea39fee0a6f54b19e06474b4f2f91f1666847,c2f062c20887415a67df5838227a908b8620c7cc30f0498135bf17ea1ad33c5f,6031dc4ee08b61c58b35b1efd7d764739d5c7c54dc7cbe9e9a72a1e4a7098596,e2212c40566e21c680a98186ebd8e984aa80d4fd,4d4ad03b827958468b1a231e360c7ad1aa68035c25af068059838ceae6dfa6d6,0da5ee1686ead23df1f904ead1e98b7c0a817ac118d50e0e14715b5517b5194c,R1_UA_7,c5766ea75a44af8bb445fbdd53708cf3a834693420af2774e4ac126a78c898b5,development_holdout,P0,2017-03-17,1026,970.4828913200847,d7d7fe0782a0d90671be0d275648448b2c356a95a459a05566a13c2a764e2c7d
new_p3_training,True,tuned,UA,7,R1,3cfd389bbd05ec9201a41c0892e29bf8199198d1b216b9a8061370d4240aa583,bd1488a2d411295d7a2118c50ddcc0b158786123613af1676062e2270d1637d1,9cb89005693b1b70c102178849b740fde00b50c9ba5f3b5530d0e5749ea59837,eca954c21da074c545cb7858315ea39fee0a6f54b19e06474b4f2f91f1666847,c2f062c20887415a67df5838227a908b8620c7cc30f0498135bf17ea1ad33c5f,6031dc4ee08b61c58b35b1efd7d764739d5c7c54dc7cbe9e9a72a1e4a7098596,e2212c40566e21c680a98186ebd8e984aa80d4fd,4d4ad03b827958468b1a231e360c7ad1aa68035c25af068059838ceae6dfa6d6,0da5ee1686ead23df1f904ead1e98b7c0a817ac118d50e0e14715b5517b5194c,R1_UA_7,c5766ea75a44af8bb445fbdd53708cf3a834693420af2774e4ac126a78c898b5,development_holdout,P0,2017-03-20,1026,910.9172194461707,99818ce7b0cbca567dfeef67708f213ad6c0948cd378d2ad3bc497c54fc2b7fc
new_p3_training,True,tuned,UA,7,R1,3cfd389bbd05ec9201a41c0892e29bf8199198d1b216b9a8061370d4240aa583,bd1488a2d411295d7a2118c50ddcc0b158786123613af1676062e2270d1637d1,9cb89005693b1b70c102178849b740fde00b50c9ba5f3b5530d0e5749ea59837,eca954c21da074c545cb7858315ea39fee0a6f54b19e06474b4f2f91f1666847,c2f062c20887415a67df5838227a908b8620c7cc30f0498135bf17ea1ad33c5f,6031dc4ee08b61c58b35b1efd7d764739d5c7c54dc7cbe9e9a72a1e4a7098596,e2212c40566e21c680a98186ebd8e984aa80d4fd,4d4ad03b827958468b1a231e360c7ad1aa68035c25af068059838ceae6dfa6d6,0da5ee1686ead23df1f904ead1e98b7c0a817ac118d50e0e14715b5517b5194c,R1_UA_7,c5766ea75a44af8bb445fbdd53708cf3a834693420af2774e4ac126a78c898b5,development_holdout,P0,2017-03-21,1026,969.2112759578622,836e43906d97bb10eefe13acdefb7dafb46b941786a157d6be4f9bd9070d65ca
new_p3_training,True,tuned,UA,7,R1,3cfd389bbd05ec9201a41c0892e29bf8199198d1b216b9a8061370d4240aa583,bd1488a2d411295d7a2118c50ddcc0b158786123613af1676062e2270d1637d1,9cb89005693b1b70c102178849b740fde00b50c9ba5f3b5530d0e5749ea59837,eca954c21da074c545cb7858315ea39fee0a6f54b19e06474b4f2f91f1666847,c2f062c20887415a67df5838227a908b8620c7cc30f0498135bf17ea1ad33c5f,6031dc4ee08b61c58b35b1efd7d764739d5c7c54dc7cbe9e9a72a1e4a7098596,e2212c40566e21c680a98186ebd8e984aa80d4fd,4d4ad03b827958468b1a231e360c7ad1aa68035c25af068059838ceae6dfa6d6,0da5ee1686ead23df1f904ead1e98b7c0a817ac118d50e0e14715b5517b5194c,R1_UA_7,c5766ea75a44af8bb445fbdd53708cf3a834693420af2774e4ac126a78c898b5,development_holdout,P0,2017-03-22,1026,954.0354733952893,cdbde8a256d2f616e6aa48f79b243bd5c32d2000cc69e92d7cc8c0f6910471da
new_p3_training,True,tuned,UA,7,R1,3cfd389bbd05ec9201a41c0892e29bf8199198d1b216b9a8061370d4240aa583,bd1488a2d411295d7a2118c50ddcc0b158786123613af1676062e2270d1637d1,9cb89005693b1b70c102178849b740fde00b50c9ba5f3b5530d0e5749ea59837,eca954c21da074c545cb7858315ea39fee0a6f54b19e06474b4f2f91f1666847,c2f062c20887415a67df5838227a908b8620c7cc30f0498135bf17ea1ad33c5f,6031dc4ee08b61c58b35b1efd7d764739d5c7c54dc7cbe9e9a72a1e4a7098596,e2212c40566e21c680a98186ebd8e984aa80d4fd,4d4ad03b827958468b1a231e360c7ad1aa68035c25af068059838ceae6dfa6d6,0da5ee1686ead23df1f904ead1e98b7c0a817ac118d50e0e14715b5517b5194c,R1_UA_7,c5766ea75a44af8bb445fbdd53708cf3a834693420af2774e4ac126a78c898b5,development_holdout,P0,2017-03-23,1026,964.0361933721797,ac2875ddde3ed56efe24d220d38d470cb91abe459625a23067302832e02c2864
new_p3_training,True,tuned,UA,7,R1,3cfd389bbd05ec9201a41c0892e29bf8199198d1b216b9a8061370d4240aa583,bd1488a2d411295d7a2118c50ddcc0b158786123613af1676062e2270d1637d1,9cb89005693b1b70c102178849b740fde00b50c9ba5f3b5530d0e5749ea59837,eca954c21da074c545cb7858315ea39fee0a6f54b19e06474b4f2f91f1666847,c2f062c20887415a67df5838227a908b8620c7cc30f0498135bf17ea1ad33c5f,6031dc4ee08b61c58b35b1efd7d764739d5c7c54dc7cbe9e9a72a1e4a7098596,e2212c40566e21c680a98186ebd8e984aa80d4fd,4d4ad03b827958468b1a231e360c7ad1aa68035c25af068059838ceae6dfa6d6,0da5ee1686ead23df1f904ead1e98b7c0a817ac118d50e0e14715b5517b5194c,R1_UA_7,c5766ea75a44af8bb445fbdd53708cf3a834693420af2774e4ac126a78c898b5,development_holdout,P1,2017-02-06,993,911.4562708399524,1b511763e8cc5aae153d8fb8acba3f8b7911ddfe8b229309091a5ef7d72e340f
new_p3_training,True,tuned,UA,7,R1,3cfd389bbd05ec9201a41c0892e29bf8199198d1b216b9a8061370d4240aa583,bd1488a2d411295d7a2118c50ddcc0b158786123613af1676062e2270d1637d1,9cb89005693b1b70c102178849b740fde00b50c9ba5f3b5530d0e5749ea59837,eca954c21da074c545cb7858315ea39fee0a6f54b19e06474b4f2f91f1666847,c2f062c20887415a67df5838227a908b8620c7cc30f0498135bf17ea1ad33c5f,6031dc4ee08b61c58b35b1efd7d764739d5c7c54dc7cbe9e9a72a1e4a7098596,e2212c40566e21c680a98186ebd8e984aa80d4fd,4d4ad03b827958468b1a231e360c7ad1aa68035c25af068059838ceae6dfa6d6,0da5ee1686ead23df1f904ead1e98b7c0a817ac118d50e0e14715b5517b5194c,R1_UA_7,c5766ea75a44af8bb445fbdd53708cf3a834693420af2774e4ac126a78c898b5,development_holdout,P1,2017-02-07,995,908.6239171366518,2ff8ab76273a2f3d2e577172febebbe91fdc4f4e339a32a4034739b01287e406
new_p3_training,True,tuned,UA,7,R1,3cfd389bbd05ec9201a41c0892e29bf8199198d1b216b9a8061370d4240aa583,bd1488a2d411295d7a2118c50ddcc0b158786123613af1676062e2270d1637d1,9cb89005693b1b70c102178849b740fde00b50c9ba5f3b5530d0e5749ea59837,eca954c21da074c545cb7858315ea39fee0a6f54b19e06474b4f2f91f1666847,c2f062c20887415a67df5838227a908b8620c7cc30f0498135bf17ea1ad33c5f,6031dc4ee08b61c58b35b1efd7d764739d5c7c54dc7cbe9e9a72a1e4a7098596,e2212c40566e21c680a98186ebd8e984aa80d4fd,4d4ad03b827958468b1a231e360c7ad1aa68035c25af068059838ceae6dfa6d6,0da5ee1686ead23df1f904ead1e98b7c0a817ac118d50e0e14715b5517b5194c,R1_UA_7,c5766ea75a44af8bb445fbdd53708cf3a834693420af2774e4ac126a78c898b5,development_holdout,P1,2017-02-08,990,958.2109797022451,6ba43cafb9464859a73a0a627e083d6eb5cea21412550793f5a68eb558d16fce
new_p3_training,True,tuned,UA,7,R1,3cfd389bbd05ec9201a41c0892e29bf8199198d1b216b9a8061370d4240aa583,bd1488a2d411295d7a2118c50ddcc0b158786123613af1676062e2270d1637d1,9cb89005693b1b70c102178849b740fde00b50c9ba5f3b5530d0e5749ea59837,eca954c21da074c545cb7858315ea39fee0a6f54b19e06474b4f2f91f1666847,c2f062c20887415a67df5838227a908b8620c7cc30f0498135bf17ea1ad33c5f,6031dc4ee08b61c58b35b1efd7d764739d5c7c54dc7cbe9e9a72a1e4a7098596,e2212c40566e21c680a98186ebd8e984aa80d4fd,4d4ad03b827958468b1a231e360c7ad1aa68035c25af068059838ceae6dfa6d6,0da5ee1686ead23df1f904ead1e98b7c0a817ac118d50e0e14715b5517b5194c,R1_UA_7,c5766ea75a44af8bb445fbdd53708cf3a834693420af2774e4ac126a78c898b5,development_holdout,P1,2017-02-09,979,907.6475263006068,04f1f5b8b59aab065896f85cfddd89f2d79feb0c7c75c2b77a1f86a9bd97e69f
new_p3_training,True,tuned,UA,7,R1,3cfd389bbd05ec9201a41c0892e29bf8199198d1b216b9a8061370d4240aa583,bd1488a2d411295d7a2118c50ddcc0b158786123613af1676062e2270d1637d1,9cb89005693b1b70c102178849b740fde00b50c9ba5f3b5530d0e5749ea59837,eca954c21da074c545cb7858315ea39fee0a6f54b19e06474b4f2f91f1666847,c2f062c20887415a67df5838227a908b8620c7cc30f0498135bf17ea1ad33c5f,6031dc4ee08b61c58b35b1efd7d764739d5c7c54dc7cbe9e9a72a1e4a7098596,e2212c40566e21c680a98186ebd8e984aa80d4fd,4d4ad03b827958468b1a231e360c7ad1aa68035c25af068059838ceae6dfa6d6,0da5ee1686ead23df1f904ead1e98b7c0a817ac118d50e0e14715b5517b5194c,R1_UA_7,c5766ea75a44af8bb445fbdd53708cf3a834693420af2774e4ac126a78c898b5,development_holdout,P1,2017-02-10,977,858.3191132319591,9b227dda92390bdc47a80ccdb86ab19d36e39554733562c5c826f314599f5815
new_p3_training,True,tuned,UA,7,R1,3cfd389bbd05ec9201a41c0892e29bf8199198d1b216b9a8061370d4240aa583,bd1488a2d411295d7a2118c50ddcc0b158786123613af1676062e2270d1637d1,9cb89005693b1b70c102178849b740fde00b50c9ba5f3b5530d0e5749ea59837,eca954c21da074c545cb7858315ea39fee0a6f54b19e06474b4f2f91f1666847,c2f062c20887415a67df5838227a908b8620c7cc30f0498135bf17ea1ad33c5f,6031dc4ee08b61c58b35b1efd7d764739d5c7c54dc7cbe9e9a72a1e4a7098596,e2212c40566e21c680a98186ebd8e984aa80d4fd,4d4ad03b827958468b1a231e360c7ad1aa68035c25af068059838ceae6dfa6d6,0da5ee1686ead23df1f904ead1e98b7c0a817ac118d50e0e14715b5517b5194c,R1_UA_7,c5766ea75a44af8bb445fbdd53708cf3a834693420af2774e4ac126a78c898b5,development_holdout,P1,2017-02-13,992,825.5956399204133,0e7b9f60456d028baea7f7cedb7dc8de990c53ded7853435e8b8dec5ed870a44
new_p3_training,True,tuned,UA,7,R1,3cfd389bbd05ec9201a41c0892e29bf8199198d1b216b9a8061370d4240aa583,bd1488a2d411295d7a2118c50ddcc0b158786123613af1676062e2270d1637d1,9cb89005693b1b70c102178849b740fde00b50c9ba5f3b5530d0e5749ea59837,eca954c21da074c545cb7858315ea39fee0a6f54b19e06474b4f2f91f1666847,c2f062c20887415a67df5838227a908b8620c7cc30f0498135bf17ea1ad33c5f,6031dc4ee08b61c58b35b1efd7d764739d5c7c54dc7cbe9e9a72a1e4a7098596,e2212c40566e21c680a98186ebd8e984aa80d4fd,4d4ad03b827958468b1a231e360c7ad1aa68035c25af068059838ceae6dfa6d6,0da5ee1686ead23df1f904ead1e98b7c0a817ac118d50e0e14715b5517b5194c,R1_UA_7,c5766ea75a44af8bb445fbdd53708cf3a834693420af2774e4ac126a78c898b5,development_holdout,P1,2017-02-14,990,849.8448110143283,835cf8bd994ce4cf85a95c763ded3b315cd2ee2caf1966910c7084e4735f2507
new_p3_training,True,tuned,UA,7,R1,3cfd389bbd05ec9201a41c0892e29bf8199198d1b216b9a8061370d4240aa583,bd1488a2d411295d7a2118c50ddcc0b158786123613af1676062e2270d1637d1,9cb89005693b1b70c102178849b740fde00b50c9ba5f3b5530d0e5749ea59837,eca954c21da074c545cb7858315ea39fee0a6f54b19e06474b4f2f91f1666847,c2f062c20887415a67df5838227a908b8620c7cc30f0498135bf17ea1ad33c5f,6031dc4ee08b61c58b35b1efd7d764739d5c7c54dc7cbe9e9a72a1e4a7098596,e2212c40566e21c680a98186ebd8e984aa80d4fd,4d4ad03b827958468b1a231e360c7ad1aa68035c25af068059838ceae6dfa6d6,0da5ee1686ead23df1f904ead1e98b7c0a817ac118d50e0e14715b5517b5194c,R1_UA_7,c5766ea75a44af8bb445fbdd53708cf3a834693420af2774e4ac126a78c898b5,development_holdout,P1,2017-02-15,990,951.5548578015694,9acb38c9aebcbed80568501ecd01206008682826230bd022044ce18ddc7508a6
new_p3_training,True,tuned,UA,7,R1,3cfd389bbd05ec9201a41c0892e29bf8199198d1b216b9a8061370d4240aa583,bd1488a2d411295d7a2118c50ddcc0b158786123613af1676062e2270d1637d1,9cb89005693b1b70c102178849b740fde00b50c9ba5f3b5530d0e5749ea59837,eca954c21da074c545cb7858315ea39fee0a6f54b19e06474b4f2f91f1666847,c2f062c20887415a67df5838227a908b8620c7cc30f0498135bf17ea1ad33c5f,6031dc4ee08b61c58b35b1efd7d764739d5c7c54dc7cbe9e9a72a1e4a7098596,e2212c40566e21c680a98186ebd8e984aa80d4fd,4d4ad03b827958468b1a231e360c7ad1aa68035c25af068059838ceae6dfa6d6,0da5ee1686ead23df1f904ead1e98b7c0a817ac118d50e0e14715b5517b5194c,R1_UA_7,c5766ea75a44af8bb445fbdd53708cf3a834693420af2774e4ac126a78c898b5,development_holdout,P1,2017-02-16,986,929.1645619021465,e797dbf7ab1fde10eb057e4d5ac50b67e6fed72a5d680319cbb2b5b19dbeae63
new_p3_training,True,tuned,UA,7,R1,3cfd389bbd05ec9201a41c0892e29bf8199198d1b216b9a8061370d4240aa583,bd1488a2d411295d7a2118c50ddcc0b158786123613af1676062e2270d1637d1,9cb89005693b1b70c102178849b740fde00b50c9ba5f3b5530d0e5749ea59837,eca954c21da074c545cb7858315ea39fee0a6f54b19e06474b4f2f91f1666847,c2f062c20887415a67df5838227a908b8620c7cc30f0498135bf17ea1ad33c5f,6031dc4ee08b61c58b35b1efd7d764739d5c7c54dc7cbe9e9a72a1e4a7098596,e2212c40566e21c680a98186ebd8e984aa80d4fd,4d4ad03b827958468b1a231e360c7ad1aa68035c25af068059838ceae6dfa6d6,0da5ee1686ead23df1f904ead1e98b7c0a817ac118d50e0e14715b5517b5194c,R1_UA_7,c5766ea75a44af8bb445fbdd53708cf3a834693420af2774e4ac126a78c898b5,development_holdout,P1,2017-02-17,991,877.2701557244225,fa8e53717dd09b652a65e151abb34b130de70f7c8e8984f4913f8ee735c357e9
new_p3_training,True,tuned,UA,7,R1,3cfd389bbd05ec9201a41c0892e29bf8199198d1b216b9a8061370d4240aa583,bd1488a2d411295d7a2118c50ddcc0b158786123613af1676062e2270d1637d1,9cb89005693b1b70c102178849b740fde00b50c9ba5f3b5530d0e5749ea59837,eca954c21da074c545cb7858315ea39fee0a6f54b19e06474b4f2f91f1666847,c2f062c20887415a67df5838227a908b8620c7cc30f0498135bf17ea1ad33c5f,6031dc4ee08b61c58b35b1efd7d764739d5c7c54dc7cbe9e9a72a1e4a7098596,e2212c40566e21c680a98186ebd8e984aa80d4fd,4d4ad03b827958468b1a231e360c7ad1aa68035c25af068059838ceae6dfa6d6,0da5ee1686ead23df1f904ead1e98b7c0a817ac118d50e0e14715b5517b5194c,R1_UA_7,c5766ea75a44af8bb445fbdd53708cf3a834693420af2774e4ac126a78c898b5,development_holdout,P1,2017-02-20,976,832.9689676015139,ab941e6dc011a12c179deb51985aae32c493e662d5fad49fb24a9858a54141a6
new_p3_training,True,tuned,UA,7,R1,3cfd389bbd05ec9201a41c0892e29bf8199198d1b216b9a8061370d4240aa583,bd1488a2d411295d7a2118c50ddcc0b158786123613af1676062e2270d1637d1,9cb89005693b1b70c102178849b740fde00b50c9ba5f3b5530d0e5749ea59837,eca954c21da074c545cb7858315ea39fee0a6f54b19e06474b4f2f91f1666847,c2f062c20887415a67df5838227a908b8620c7cc30f0498135bf17ea1ad33c5f,6031dc4ee08b61c58b35b1efd7d764739d5c7c54dc7cbe9e9a72a1e4a7098596,e2212c40566e21c680a98186ebd8e984aa80d4fd,4d4ad03b827958468b1a231e360c7ad1aa68035c25af068059838ceae6dfa6d6,0da5ee1686ead23df1f904ead1e98b7c0a817ac118d50e0e14715b5517b5194c,R1_UA_7,c5766ea75a44af8bb445fbdd53708cf3a834693420af2774e4ac126a78c898b5,development_holdout,P1,2017-02-21,983,899.6831147484445,3ec26711b7c813ac3a8e57ca848ca793b035e2181c725867fc0eef421e545eb7
new_p3_training,True,tuned,UA,7,R1,3cfd389bbd05ec9201a41c0892e29bf8199198d1b216b9a8061370d4240aa583,bd1488a2d411295d7a2118c50ddcc0b158786123613af1676062e2270d1637d1,9cb89005693b1b70c102178849b740fde00b50c9ba5f3b5530d0e5749ea59837,eca954c21da074c545cb7858315ea39fee0a6f54b19e06474b4f2f91f1666847,c2f062c20887415a67df5838227a908b8620c7cc30f0498135bf17ea1ad33c5f,6031dc4ee08b61c58b35b1efd7d764739d5c7c54dc7cbe9e9a72a1e4a7098596,e2212c40566e21c680a98186ebd8e984aa80d4fd,4d4ad03b827958468b1a231e360c7ad1aa68035c25af068059838ceae6dfa6d6,0da5ee1686ead23df1f904ead1e98b7c0a817ac118d50e0e14715b5517b5194c,R1_UA_7,c5766ea75a44af8bb445fbdd53708cf3a834693420af2774e4ac126a78c898b5,development_holdout,P1,2017-02-22,982,868.7691662878001,7855d2059c6bb9c15bf6cafc6bff1c643418583585bca1050e440686681b7391
new_p3_training,True,tuned,UA,7,R1,3cfd389bbd05ec9201a41c0892e29bf8199198d1b216b9a8061370d4240aa583,bd1488a2d411295d7a2118c50ddcc0b158786123613af1676062e2270d1637d1,9cb89005693b1b70c102178849b740fde00b50c9ba5f3b5530d0e5749ea59837,eca954c21da074c545cb7858315ea39fee0a6f54b19e06474b4f2f91f1666847,c2f062c20887415a67df5838227a908b8620c7cc30f0498135bf17ea1ad33c5f,6031dc4ee08b61c58b35b1efd7d764739d5c7c54dc7cbe9e9a72a1e4a7098596,e2212c40566e21c680a98186ebd8e984aa80d4fd,4d4ad03b827958468b1a231e360c7ad1aa68035c25af068059838ceae6dfa6d6,0da5ee1686ead23df1f904ead1e98b7c0a817ac118d50e0e14715b5517b5194c,R1_UA_7,c5766ea75a44af8bb445fbdd53708cf3a834693420af2774e4ac126a78c898b5,development_holdout,P1,2017-02-23,989,908.8816451546425,7efa4c408452c1782ff71f791156ee5fcd1f262a963e7b9d3c8bdb49bb730817
new_p3_training,True,tuned,UA,7,R1,3cfd389bbd05ec9201a41c0892e29bf8199198d1b216b9a8061370d4240aa583,bd1488a2d411295d7a2118c50ddcc0b158786123613af1676062e2270d1637d1,9cb89005693b1b70c102178849b740fde00b50c9ba5f3b5530d0e5749ea59837,eca954c21da074c545cb7858315ea39fee0a6f54b19e06474b4f2f91f1666847,c2f062c20887415a67df5838227a908b8620c7cc30f0498135bf17ea1ad33c5f,6031dc4ee08b61c58b35b1efd7d764739d5c7c54dc7cbe9e9a72a1e4a7098596,e2212c40566e21c680a98186ebd8e984aa80d4fd,4d4ad03b827958468b1a231e360c7ad1aa68035c25af068059838ceae6dfa6d6,0da5ee1686ead23df1f904ead1e98b7c0a817ac118d50e0e14715b5517b5194c,R1_UA_7,c5766ea75a44af8bb445fbdd53708cf3a834693420af2774e4ac126a78c898b5,development_holdout,P1,2017-02-24,992,942.9895680352422,a2cee71302f6e4427084a7146d06560ac347d266bcfaae67c8bdc61d989b94aa
new_p3_training,True,tuned,UA,7,R1,3cfd389bbd05ec9201a41c0892e29bf8199198d1b216b9a8061370d4240aa583,bd1488a2d411295d7a2118c50ddcc0b158786123613af1676062e2270d1637d1,9cb89005693b1b70c102178849b740fde00b50c9ba5f3b5530d0e5749ea59837,eca954c21da074c545cb7858315ea39fee0a6f54b19e06474b4f2f91f1666847,c2f062c20887415a67df5838227a908b8620c7cc30f0498135bf17ea1ad33c5f,6031dc4ee08b61c58b35b1efd7d764739d5c7c54dc7cbe9e9a72a1e4a7098596,e2212c40566e21c680a98186ebd8e984aa80d4fd,4d4ad03b827958468b1a231e360c7ad1aa68035c25af068059838ceae6dfa6d6,0da5ee1686ead23df1f904ead1e98b7c0a817ac118d50e0e14715b5517b5194c,R1_UA_7,c5766ea75a44af8bb445fbdd53708cf3a834693420af2774e4ac126a78c898b5,development_holdout,P1,2017-02-27,983,893.0533072031269,c3358520f183ea456e87a6490775a1e9eaaff33e794cd9dd62fcea432b8eac48
new_p3_training,True,tuned,UA,7,R1,3cfd389bbd05ec9201a41c0892e29bf8199198d1b216b9a8061370d4240aa583,bd1488a2d411295d7a2118c50ddcc0b158786123613af1676062e2270d1637d1,9cb89005693b1b70c102178849b740fde00b50c9ba5f3b5530d0e5749ea59837,eca954c21da074c545cb7858315ea39fee0a6f54b19e06474b4f2f91f1666847,c2f062c20887415a67df5838227a908b8620c7cc30f0498135bf17ea1ad33c5f,6031dc4ee08b61c58b35b1efd7d764739d5c7c54dc7cbe9e9a72a1e4a7098596,e2212c40566e21c680a98186ebd8e984aa80d4fd,4d4ad03b827958468b1a231e360c7ad1aa68035c25af068059838ceae6dfa6d6,0da5ee1686ead23df1f904ead1e98b7c0a817ac118d50e0e14715b5517b5194c,R1_UA_7,c5766ea75a44af8bb445fbdd53708cf3a834693420af2774e4ac126a78c898b5,development_holdout,P1,2017-02-28,999,849.719857749784,15540acfbf1b577157c2ddf0622c2890b52827df774f5029cabf74844fef713c
new_p3_training,True,tuned,UA,7,R1,3cfd389bbd05ec9201a41c0892e29bf8199198d1b216b9a8061370d4240aa583,bd1488a2d411295d7a2118c50ddcc0b158786123613af1676062e2270d1637d1,9cb89005693b1b70c102178849b740fde00b50c9ba5f3b5530d0e5749ea59837,eca954c21da074c545cb7858315ea39fee0a6f54b19e06474b4f2f91f1666847,c2f062c20887415a67df5838227a908b8620c7cc30f0498135bf17ea1ad33c5f,6031dc4ee08b61c58b35b1efd7d764739d5c7c54dc7cbe9e9a72a1e4a7098596,e2212c40566e21c680a98186ebd8e984aa80d4fd,4d4ad03b827958468b1a231e360c7ad1aa68035c25af068059838ceae6dfa6d6,0da5ee1686ead23df1f904ead1e98b7c0a817ac118d50e0e14715b5517b5194c,R1_UA_7,c5766ea75a44af8bb445fbdd53708cf3a834693420af2774e4ac126a78c898b5,development_holdout,P1,2017-03-02,999,948.7769978939964,ac947b48b14b33b71a6f3792c1e28092ee0b4d12bbfe05817dbbfe0ac9ed6718
new_p3_training,True,tuned,UA,7,R1,3cfd389bbd05ec9201a41c0892e29bf8199198d1b216b9a8061370d4240aa583,bd1488a2d411295d7a2118c50ddcc0b158786123613af1676062e2270d1637d1,9cb89005693b1b70c102178849b740fde00b50c9ba5f3b5530d0e5749ea59837,eca954c21da074c545cb7858315ea39fee0a6f54b19e06474b4f2f91f1666847,c2f062c20887415a67df5838227a908b8620c7cc30f0498135bf17ea1ad33c5f,6031dc4ee08b61c58b35b1efd7d764739d5c7c54dc7cbe9e9a72a1e4a7098596,e2212c40566e21c680a98186ebd8e984aa80d4fd,4d4ad03b827958468b1a231e360c7ad1aa68035c25af068059838ceae6dfa6d6,0da5ee1686ead23df1f904ead1e98b7c0a817ac118d50e0e14715b5517b5194c,R1_UA_7,c5766ea75a44af8bb445fbdd53708cf3a834693420af2774e4ac126a78c898b5,development_holdout,P1,2017-03-03,991,985.7021589436871,d080b2f7ebffa1867faff26102735f7f04c2f4dbc9f7e828eb1b96d06c3f8bb1
new_p3_training,True,tuned,UA,7,R1,3cfd389bbd05ec9201a41c0892e29bf8199198d1b216b9a8061370d4240aa583,bd1488a2d411295d7a2118c50ddcc0b158786123613af1676062e2270d1637d1,9cb89005693b1b70c102178849b740fde00b50c9ba5f3b5530d0e5749ea59837,eca954c21da074c545cb7858315ea39fee0a6f54b19e06474b4f2f91f1666847,c2f062c20887415a67df5838227a908b8620c7cc30f0498135bf17ea1ad33c5f,6031dc4ee08b61c58b35b1efd7d764739d5c7c54dc7cbe9e9a72a1e4a7098596,e2212c40566e21c680a98186ebd8e984aa80d4fd,4d4ad03b827958468b1a231e360c7ad1aa68035c25af068059838ceae6dfa6d6,0da5ee1686ead23df1f904ead1e98b7c0a817ac118d50e0e14715b5517b5194c,R1_UA_7,c5766ea75a44af8bb445fbdd53708cf3a834693420af2774e4ac126a78c898b5,development_holdout,P1,2017-03-06,991,953.9037428998354,0ec015e03b062c054b1098a43ee9765abf7994291128b49373dc0c002da3340a
new_p3_training,True,tuned,UA,7,R1,3cfd389bbd05ec9201a41c0892e29bf8199198d1b216b9a8061370d4240aa583,bd1488a2d411295d7a2118c50ddcc0b158786123613af1676062e2270d1637d1,9cb89005693b1b70c102178849b740fde00b50c9ba5f3b5530d0e5749ea59837,eca954c21da074c545cb7858315ea39fee0a6f54b19e06474b4f2f91f1666847,c2f062c20887415a67df5838227a908b8620c7cc30f0498135bf17ea1ad33c5f,6031dc4ee08b61c58b35b1efd7d764739d5c7c54dc7cbe9e9a72a1e4a7098596,e2212c40566e21c680a98186ebd8e984aa80d4fd,4d4ad03b827958468b1a231e360c7ad1aa68035c25af068059838ceae6dfa6d6,0da5ee1686ead23df1f904ead1e98b7c0a817ac118d50e0e14715b5517b5194c,R1_UA_7,c5766ea75a44af8bb445fbdd53708cf3a834693420af2774e4ac126a78c898b5,development_holdout,P1,2017-03-07,992,865.9661221631527,3707fabde40dbc1e75661aa29e7b548ec7af579b9f6d61ae67589556b0557192
new_p3_training,True,tuned,UA,7,R1,3cfd389bbd05ec9201a41c0892e29bf8199198d1b216b9a8061370d4240aa583,bd1488a2d411295d7a2118c50ddcc0b158786123613af1676062e2270d1637d1,9cb89005693b1b70c102178849b740fde00b50c9ba5f3b5530d0e5749ea59837,eca954c21da074c545cb7858315ea39fee0a6f54b19e06474b4f2f91f1666847,c2f062c20887415a67df5838227a908b8620c7cc30f0498135bf17ea1ad33c5f,6031dc4ee08b61c58b35b1efd7d764739d5c7c54dc7cbe9e9a72a1e4a7098596,e2212c40566e21c680a98186ebd8e984aa80d4fd,4d4ad03b827958468b1a231e360c7ad1aa68035c25af068059838ceae6dfa6d6,0da5ee1686ead23df1f904ead1e98b7c0a817ac118d50e0e14715b5517b5194c,R1_UA_7,c5766ea75a44af8bb445fbdd53708cf3a834693420af2774e4ac126a78c898b5,development_holdout,P1,2017-03-08,991,928.0400696159157,3f6eb1bcabb6295df873f46aaa8ce7412f270f410fa221cfd718a2999d0cd8c0
new_p3_training,True,tuned,UA,7,R1,3cfd389bbd05ec9201a41c0892e29bf8199198d1b216b9a8061370d4240aa583,bd1488a2d411295d7a2118c50ddcc0b158786123613af1676062e2270d1637d1,9cb89005693b1b70c102178849b740fde00b50c9ba5f3b5530d0e5749ea59837,eca954c21da074c545cb7858315ea39fee0a6f54b19e06474b4f2f91f1666847,c2f062c20887415a67df5838227a908b8620c7cc30f0498135bf17ea1ad33c5f,6031dc4ee08b61c58b35b1efd7d764739d5c7c54dc7cbe9e9a72a1e4a7098596,e2212c40566e21c680a98186ebd8e984aa80d4fd,4d4ad03b827958468b1a231e360c7ad1aa68035c25af068059838ceae6dfa6d6,0da5ee1686ead23df1f904ead1e98b7c0a817ac118d50e0e14715b5517b5194c,R1_UA_7,c5766ea75a44af8bb445fbdd53708cf3a834693420af2774e4ac126a78c898b5,development_holdout,P1,2017-03-09,993,909.9099955370496,b05fa6831c49c9d6bdb8ae546d8a79dbe869079b20e06710a46979c2cb83dc77
new_p3_training,True,tuned,UA,7,R1,3cfd389bbd05ec9201a41c0892e29bf8199198d1b216b9a8061370d4240aa583,bd1488a2d411295d7a2118c50ddcc0b158786123613af1676062e2270d1637d1,9cb89005693b1b70c102178849b740fde00b50c9ba5f3b5530d0e5749ea59837,eca954c21da074c545cb7858315ea39fee0a6f54b19e06474b4f2f91f1666847,c2f062c20887415a67df5838227a908b8620c7cc30f0498135bf17ea1ad33c5f,6031dc4ee08b61c58b35b1efd7d764739d5c7c54dc7cbe9e9a72a1e4a7098596,e2212c40566e21c680a98186ebd8e984aa80d4fd,4d4ad03b827958468b1a231e360c7ad1aa68035c25af068059838ceae6dfa6d6,0da5ee1686ead23df1f904ead1e98b7c0a817ac118d50e0e14715b5517b5194c,R1_UA_7,c5766ea75a44af8bb445fbdd53708cf3a834693420af2774e4ac126a78c898b5,development_holdout,P1,2017-03-10,988,997.4672754958924,66a40fbb7cf57fceaef1004969177d4456120457e8d6e4f7835265efdfef0108
new_p3_training,True,tuned,UA,7,R1,3cfd389bbd05ec9201a41c0892e29bf8199198d1b216b9a8061370d4240aa583,bd1488a2d411295d7a2118c50ddcc0b158786123613af1676062e2270d1637d1,9cb89005693b1b70c102178849b740fde00b50c9ba5f3b5530d0e5749ea59837,eca954c21da074c545cb7858315ea39fee0a6f54b19e06474b4f2f91f1666847,c2f062c20887415a67df5838227a908b8620c7cc30f0498135bf17ea1ad33c5f,6031dc4ee08b61c58b35b1efd7d764739d5c7c54dc7cbe9e9a72a1e4a7098596,e2212c40566e21c680a98186ebd8e984aa80d4fd,4d4ad03b827958468b1a231e360c7ad1aa68035c25af068059838ceae6dfa6d6,0da5ee1686ead23df1f904ead1e98b7c0a817ac118d50e0e14715b5517b5194c,R1_UA_7,c5766ea75a44af8bb445fbdd53708cf3a834693420af2774e4ac126a78c898b5,development_holdout,P1,2017-03-13,977,896.1360293831003,8d39946214dcf2111ebc286f394631f094275cef118d4fc712bb49ef5ec3281e
new_p3_training,True,tuned,UA,7,R1,3cfd389bbd05ec9201a41c0892e29bf8199198d1b216b9a8061370d4240aa583,bd1488a2d411295d7a2118c50ddcc0b158786123613af1676062e2270d1637d1,9cb89005693b1b70c102178849b740fde00b50c9ba5f3b5530d0e5749ea59837,eca954c21da074c545cb7858315ea39fee0a6f54b19e06474b4f2f91f1666847,c2f062c20887415a67df5838227a908b8620c7cc30f0498135bf17ea1ad33c5f,6031dc4ee08b61c58b35b1efd7d764739d5c7c54dc7cbe9e9a72a1e4a7098596,e2212c40566e21c680a98186ebd8e984aa80d4fd,4d4ad03b827958468b1a231e360c7ad1aa68035c25af068059838ceae6dfa6d6,0da5ee1686ead23df1f904ead1e98b7c0a817ac118d50e0e14715b5517b5194c,R1_UA_7,c5766ea75a44af8bb445fbdd53708cf3a834693420af2774e4ac126a78c898b5,development_holdout,P1,2017-03-14,967,894.5718309621682,a9c5f656b9b974f5a9b5ea77b17e0cfeec3d1a9928e8f9af07ae4446cbaba0bd
new_p3_training,True,tuned,UA,7,R1,3cfd389bbd05ec9201a41c0892e29bf8199198d1b216b9a8061370d4240aa583,bd1488a2d411295d7a2118c50ddcc0b158786123613af1676062e2270d1637d1,9cb89005693b1b70c102178849b740fde00b50c9ba5f3b5530d0e5749ea59837,eca954c21da074c545cb7858315ea39fee0a6f54b19e06474b4f2f91f1666847,c2f062c20887415a67df5838227a908b8620c7cc30f0498135bf17ea1ad33c5f,6031dc4ee08b61c58b35b1efd7d764739d5c7c54dc7cbe9e9a72a1e4a7098596,e2212c40566e21c680a98186ebd8e984aa80d4fd,4d4ad03b827958468b1a231e360c7ad1aa68035c25af068059838ceae6dfa6d6,0da5ee1686ead23df1f904ead1e98b7c0a817ac118d50e0e14715b5517b5194c,R1_UA_7,c5766ea75a44af8bb445fbdd53708cf3a834693420af2774e4ac126a78c898b5,development_holdout,P1,2017-03-15,992,925.373786005667,5b0b00a1439bab0b566f85d2591f3ac64eca38d6aec86aceab66bdae8e038f11
new_p3_training,True,tuned,UA,7,R1,3cfd389bbd05ec9201a41c0892e29bf8199198d1b216b9a8061370d4240aa583,bd1488a2d411295d7a2118c50ddcc0b158786123613af1676062e2270d1637d1,9cb89005693b1b70c102178849b740fde00b50c9ba5f3b5530d0e5749ea59837,eca954c21da074c545cb7858315ea39fee0a6f54b19e06474b4f2f91f1666847,c2f062c20887415a67df5838227a908b8620c7cc30f0498135bf17ea1ad33c5f,6031dc4ee08b61c58b35b1efd7d764739d5c7c54dc7cbe9e9a72a1e4a7098596,e2212c40566e21c680a98186ebd8e984aa80d4fd,4d4ad03b827958468b1a231e360c7ad1aa68035c25af068059838ceae6dfa6d6,0da5ee1686ead23df1f904ead1e98b7c0a817ac118d50e0e14715b5517b5194c,R1_UA_7,c5766ea75a44af8bb445fbdd53708cf3a834693420af2774e4ac126a78c898b5,development_holdout,P1,2017-03-16,978,933.9252355879769,1a9a64b68599f891805d9c0af09b705a8bec762e7c1c5963fae3b79c35383581
new_p3_training,True,tuned,UA,7,R1,3cfd389bbd05ec9201a41c0892e29bf8199198d1b216b9a8061370d4240aa583,bd1488a2d411295d7a2118c50ddcc0b158786123613af1676062e2270d1637d1,9cb89005693b1b70c102178849b740fde00b50c9ba5f3b5530d0e5749ea59837,eca954c21da074c545cb7858315ea39fee0a6f54b19e06474b4f2f91f1666847,c2f062c20887415a67df5838227a908b8620c7cc30f0498135bf17ea1ad33c5f,6031dc4ee08b61c58b35b1efd7d764739d5c7c54dc7cbe9e9a72a1e4a7098596,e2212c40566e21c680a98186ebd8e984aa80d4fd,4d4ad03b827958468b1a231e360c7ad1aa68035c25af068059838ceae6dfa6d6,0da5ee1686ead23df1f904ead1e98b7c0a817ac118d50e0e14715b5517b5194c,R1_UA_7,c5766ea75a44af8bb445fbdd53708cf3a834693420af2774e4ac126a78c898b5,development_holdout,P1,2017-03-17,983,931.1677984009467,82559c63cbd3eef1f822960ba8a7df5fc2d74c68b993a5fd09518c536f6fe569
new_p3_training,True,tuned,UA,7,R1,3cfd389bbd05ec9201a41c0892e29bf8199198d1b216b9a8061370d4240aa583,bd1488a2d411295d7a2118c50ddcc0b158786123613af1676062e2270d1637d1,9cb89005693b1b70c102178849b740fde00b50c9ba5f3b5530d0e5749ea59837,eca954c21da074c545cb7858315ea39fee0a6f54b19e06474b4f2f91f1666847,c2f062c20887415a67df5838227a908b8620c7cc30f0498135bf17ea1ad33c5f,6031dc4ee08b61c58b35b1efd7d764739d5c7c54dc7cbe9e9a72a1e4a7098596,e2212c40566e21c680a98186ebd8e984aa80d4fd,4d4ad03b827958468b1a231e360c7ad1aa68035c25af068059838ceae6dfa6d6,0da5ee1686ead23df1f904ead1e98b7c0a817ac118d50e0e14715b5517b5194c,R1_UA_7,c5766ea75a44af8bb445fbdd53708cf3a834693420af2774e4ac126a78c898b5,development_holdout,P1,2017-03-20,976,865.2850363531164,5b21549dfa1d40e266549df84bf102eb71107e8e345b9e2eb383cece738cfc09
new_p3_training,True,tuned,UA,7,R1,3cfd389bbd05ec9201a41c0892e29bf8199198d1b216b9a8061370d4240aa583,bd1488a2d411295d7a2118c50ddcc0b158786123613af1676062e2270d1637d1,9cb89005693b1b70c102178849b740fde00b50c9ba5f3b5530d0e5749ea59837,eca954c21da074c545cb7858315ea39fee0a6f54b19e06474b4f2f91f1666847,c2f062c20887415a67df5838227a908b8620c7cc30f0498135bf17ea1ad33c5f,6031dc4ee08b61c58b35b1efd7d764739d5c7c54dc7cbe9e9a72a1e4a7098596,e2212c40566e21c680a98186ebd8e984aa80d4fd,4d4ad03b827958468b1a231e360c7ad1aa68035c25af068059838ceae6dfa6d6,0da5ee1686ead23df1f904ead1e98b7c0a817ac118d50e0e14715b5517b5194c,R1_UA_7,c5766ea75a44af8bb445fbdd53708cf3a834693420af2774e4ac126a78c898b5,development_holdout,P1,2017-03-21,987,938.1321098972342,0fac8d0ce2c83c2a3c9a64e2ac68834885c7da3c04304136d4669dbbc6fc06a7
new_p3_training,True,tuned,UA,7,R1,3cfd389bbd05ec9201a41c0892e29bf8199198d1b216b9a8061370d4240aa583,bd1488a2d411295d7a2118c50ddcc0b158786123613af1676062e2270d1637d1,9cb89005693b1b70c102178849b740fde00b50c9ba5f3b5530d0e5749ea59837,eca954c21da074c545cb7858315ea39fee0a6f54b19e06474b4f2f91f1666847,c2f062c20887415a67df5838227a908b8620c7cc30f0498135bf17ea1ad33c5f,6031dc4ee08b61c58b35b1efd7d764739d5c7c54dc7cbe9e9a72a1e4a7098596,e2212c40566e21c680a98186ebd8e984aa80d4fd,4d4ad03b827958468b1a231e360c7ad1aa68035c25af068059838ceae6dfa6d6,0da5ee1686ead23df1f904ead1e98b7c0a817ac118d50e0e14715b5517b5194c,R1_UA_7,c5766ea75a44af8bb445fbdd53708cf3a834693420af2774e4ac126a78c898b5,development_holdout,P1,2017-03-22,982,913.6787175782579,dfbe4d9fb2d6f402e2d17a46a905601352a4e7d35cff573b7174467160d133a7
new_p3_training,True,tuned,UA,7,R1,3cfd389bbd05ec9201a41c0892e29bf8199198d1b216b9a8061370d4240aa583,bd1488a2d411295d7a2118c50ddcc0b158786123613af1676062e2270d1637d1,9cb89005693b1b70c102178849b740fde00b50c9ba5f3b5530d0e5749ea59837,eca954c21da074c545cb7858315ea39fee0a6f54b19e06474b4f2f91f1666847,c2f062c20887415a67df5838227a908b8620c7cc30f0498135bf17ea1ad33c5f,6031dc4ee08b61c58b35b1efd7d764739d5c7c54dc7cbe9e9a72a1e4a7098596,e2212c40566e21c680a98186ebd8e984aa80d4fd,4d4ad03b827958468b1a231e360c7ad1aa68035c25af068059838ceae6dfa6d6,0da5ee1686ead23df1f904ead1e98b7c0a817ac118d50e0e14715b5517b5194c,R1_UA_7,c5766ea75a44af8bb445fbdd53708cf3a834693420af2774e4ac126a78c898b5,development_holdout,P1,2017-03-23,983,924.5339616658815,1f792c8e0ca1c27bc76c3aaa9ec97735818e4746a27fdf4a1bb7e5460974a587
new_p3_training,True,tuned,UA,7,R1,3cfd389bbd05ec9201a41c0892e29bf8199198d1b216b9a8061370d4240aa583,bd1488a2d411295d7a2118c50ddcc0b158786123613af1676062e2270d1637d1,9cb89005693b1b70c102178849b740fde00b50c9ba5f3b5530d0e5749ea59837,eca954c21da074c545cb7858315ea39fee0a6f54b19e06474b4f2f91f1666847,c2f062c20887415a67df5838227a908b8620c7cc30f0498135bf17ea1ad33c5f,6031dc4ee08b61c58b35b1efd7d764739d5c7c54dc7cbe9e9a72a1e4a7098596,e2212c40566e21c680a98186ebd8e984aa80d4fd,4d4ad03b827958468b1a231e360c7ad1aa68035c25af068059838ceae6dfa6d6,0da5ee1686ead23df1f904ead1e98b7c0a817ac118d50e0e14715b5517b5194c,R1_UA_7,c5766ea75a44af8bb445fbdd53708cf3a834693420af2774e4ac126a78c898b5,development_holdout,P2,2017-02-06,891,814.1508947338123,585b640d56ba14b63ff6a63b5755b7e71b09cb9d7eac5d8ab9e7ab8d9611e136
new_p3_training,True,tuned,UA,7,R1,3cfd389bbd05ec9201a41c0892e29bf8199198d1b216b9a8061370d4240aa583,bd1488a2d411295d7a2118c50ddcc0b158786123613af1676062e2270d1637d1,9cb89005693b1b70c102178849b740fde00b50c9ba5f3b5530d0e5749ea59837,eca954c21da074c545cb7858315ea39fee0a6f54b19e06474b4f2f91f1666847,c2f062c20887415a67df5838227a908b8620c7cc30f0498135bf17ea1ad33c5f,6031dc4ee08b61c58b35b1efd7d764739d5c7c54dc7cbe9e9a72a1e4a7098596,e2212c40566e21c680a98186ebd8e984aa80d4fd,4d4ad03b827958468b1a231e360c7ad1aa68035c25af068059838ceae6dfa6d6,0da5ee1686ead23df1f904ead1e98b7c0a817ac118d50e0e14715b5517b5194c,R1_UA_7,c5766ea75a44af8bb445fbdd53708cf3a834693420af2774e4ac126a78c898b5,development_holdout,P2,2017-02-07,891,815.591396974945,7c06baa49f4f4dabca414627f9fb76740f9b0c059e3c04b94030019fe7f20696
new_p3_training,True,tuned,UA,7,R1,3cfd389bbd05ec9201a41c0892e29bf8199198d1b216b9a8061370d4240aa583,bd1488a2d411295d7a2118c50ddcc0b158786123613af1676062e2270d1637d1,9cb89005693b1b70c102178849b740fde00b50c9ba5f3b5530d0e5749ea59837,eca954c21da074c545cb7858315ea39fee0a6f54b19e06474b4f2f91f1666847,c2f062c20887415a67df5838227a908b8620c7cc30f0498135bf17ea1ad33c5f,6031dc4ee08b61c58b35b1efd7d764739d5c7c54dc7cbe9e9a72a1e4a7098596,e2212c40566e21c680a98186ebd8e984aa80d4fd,4d4ad03b827958468b1a231e360c7ad1aa68035c25af068059838ceae6dfa6d6,0da5ee1686ead23df1f904ead1e98b7c0a817ac118d50e0e14715b5517b5194c,R1_UA_7,c5766ea75a44af8bb445fbdd53708cf3a834693420af2774e4ac126a78c898b5,development_holdout,P2,2017-02-08,891,870.0660209361264,d0f68d2132f7ffba9e09d03a3f90447211876544b0348d88c02a69b0faf4f475
new_p3_training,True,tuned,UA,7,R1,3cfd389bbd05ec9201a41c0892e29bf8199198d1b216b9a8061370d4240aa583,bd1488a2d411295d7a2118c50ddcc0b158786123613af1676062e2270d1637d1,9cb89005693b1b70c102178849b740fde00b50c9ba5f3b5530d0e5749ea59837,eca954c21da074c545cb7858315ea39fee0a6f54b19e06474b4f2f91f1666847,c2f062c20887415a67df5838227a908b8620c7cc30f0498135bf17ea1ad33c5f,6031dc4ee08b61c58b35b1efd7d764739d5c7c54dc7cbe9e9a72a1e4a7098596,e2212c40566e21c680a98186ebd8e984aa80d4fd,4d4ad03b827958468b1a231e360c7ad1aa68035c25af068059838ceae6dfa6d6,0da5ee1686ead23df1f904ead1e98b7c0a817ac118d50e0e14715b5517b5194c,R1_UA_7,c5766ea75a44af8bb445fbdd53708cf3a834693420af2774e4ac126a78c898b5,development_holdout,P2,2017-02-09,891,825.6485554956982,2a0ab589e84a4bf11bd1602453818457d0b66538c5d1f09e8ca0d3b2231daf9e
new_p3_training,True,tuned,UA,7,R1,3cfd389bbd05ec9201a41c0892e29bf8199198d1b216b9a8061370d4240aa583,bd1488a2d411295d7a2118c50ddcc0b158786123613af1676062e2270d1637d1,9cb89005693b1b70c102178849b740fde00b50c9ba5f3b5530d0e5749ea59837,eca954c21da074c545cb7858315ea39fee0a6f54b19e06474b4f2f91f1666847,c2f062c20887415a67df5838227a908b8620c7cc30f0498135bf17ea1ad33c5f,6031dc4ee08b61c58b35b1efd7d764739d5c7c54dc7cbe9e9a72a1e4a7098596,e2212c40566e21c680a98186ebd8e984aa80d4fd,4d4ad03b827958468b1a231e360c7ad1aa68035c25af068059838ceae6dfa6d6,0da5ee1686ead23df1f904ead1e98b7c0a817ac118d50e0e14715b5517b5194c,R1_UA_7,c5766ea75a44af8bb445fbdd53708cf3a834693420af2774e4ac126a78c898b5,development_holdout,P2,2017-02-10,891,787.2337797416419,c9715bad00f7a06300734e645a0bc5a8523f608690c2c2cde799be5df38f4c40
new_p3_training,True,tuned,UA,7,R1,3cfd389bbd05ec9201a41c0892e29bf8199198d1b216b9a8061370d4240aa583,bd1488a2d411295d7a2118c50ddcc0b158786123613af1676062e2270d1637d1,9cb89005693b1b70c102178849b740fde00b50c9ba5f3b5530d0e5749ea59837,eca954c21da074c545cb7858315ea39fee0a6f54b19e06474b4f2f91f1666847,c2f062c20887415a67df5838227a908b8620c7cc30f0498135bf17ea1ad33c5f,6031dc4ee08b61c58b35b1efd7d764739d5c7c54dc7cbe9e9a72a1e4a7098596,e2212c40566e21c680a98186ebd8e984aa80d4fd,4d4ad03b827958468b1a231e360c7ad1aa68035c25af068059838ceae6dfa6d6,0da5ee1686ead23df1f904ead1e98b7c0a817ac118d50e0e14715b5517b5194c,R1_UA_7,c5766ea75a44af8bb445fbdd53708cf3a834693420af2774e4ac126a78c898b5,development_holdout,P2,2017-02-13,891,739.3188765695303,206ca7872936562c655c7b9a437a864aa32646368e7ea16325c096350c91dfe5
new_p3_training,True,tuned,UA,7,R1,3cfd389bbd05ec9201a41c0892e29bf8199198d1b216b9a8061370d4240aa583,bd1488a2d411295d7a2118c50ddcc0b158786123613af1676062e2270d1637d1,9cb89005693b1b70c102178849b740fde00b50c9ba5f3b5530d0e5749ea59837,eca954c21da074c545cb7858315ea39fee0a6f54b19e06474b4f2f91f1666847,c2f062c20887415a67df5838227a908b8620c7cc30f0498135bf17ea1ad33c5f,6031dc4ee08b61c58b35b1efd7d764739d5c7c54dc7cbe9e9a72a1e4a7098596,e2212c40566e21c680a98186ebd8e984aa80d4fd,4d4ad03b827958468b1a231e360c7ad1aa68035c25af068059838ceae6dfa6d6,0da5ee1686ead23df1f904ead1e98b7c0a817ac118d50e0e14715b5517b5194c,R1_UA_7,c5766ea75a44af8bb445fbdd53708cf3a834693420af2774e4ac126a78c898b5,development_holdout,P2,2017-02-14,891,776.3479618261966,b26235271a182e33db53ef47f6491ae84c014038dfddefe2dbfda76732bb369e
new_p3_training,True,tuned,UA,7,R1,3cfd389bbd05ec9201a41c0892e29bf8199198d1b216b9a8061370d4240aa583,bd1488a2d411295d7a2118c50ddcc0b158786123613af1676062e2270d1637d1,9cb89005693b1b70c102178849b740fde00b50c9ba5f3b5530d0e5749ea59837,eca954c21da074c545cb7858315ea39fee0a6f54b19e06474b4f2f91f1666847,c2f062c20887415a67df5838227a908b8620c7cc30f0498135bf17ea1ad33c5f,6031dc4ee08b61c58b35b1efd7d764739d5c7c54dc7cbe9e9a72a1e4a7098596,e2212c40566e21c680a98186ebd8e984aa80d4fd,4d4ad03b827958468b1a231e360c7ad1aa68035c25af068059838ceae6dfa6d6,0da5ee1686ead23df1f904ead1e98b7c0a817ac118d50e0e14715b5517b5194c,R1_UA_7,c5766ea75a44af8bb445fbdd53708cf3a834693420af2774e4ac126a78c898b5,development_holdout,P2,2017-02-15,891,841.7244442678129,f02689c1dbd6097fc046eb854b64d10471dc4fed292f682cc30f94c468f3e42b
new_p3_training,True,tuned,UA,7,R1,3cfd389bbd05ec9201a41c0892e29bf8199198d1b216b9a8061370d4240aa583,bd1488a2d411295d7a2118c50ddcc0b158786123613af1676062e2270d1637d1,9cb89005693b1b70c102178849b740fde00b50c9ba5f3b5530d0e5749ea59837,eca954c21da074c545cb7858315ea39fee0a6f54b19e06474b4f2f91f1666847,c2f062c20887415a67df5838227a908b8620c7cc30f0498135bf17ea1ad33c5f,6031dc4ee08b61c58b35b1efd7d764739d5c7c54dc7cbe9e9a72a1e4a7098596,e2212c40566e21c680a98186ebd8e984aa80d4fd,4d4ad03b827958468b1a231e360c7ad1aa68035c25af068059838ceae6dfa6d6,0da5ee1686ead23df1f904ead1e98b7c0a817ac118d50e0e14715b5517b5194c,R1_UA_7,c5766ea75a44af8bb445fbdd53708cf3a834693420af2774e4ac126a78c898b5,development_holdout,P2,2017-02-16,891,847.3514817121654,2299da7fdd6def5f0004c792894c99f1dab8aff61318ffca8daa9f0d29621c7a
new_p3_training,True,tuned,UA,7,R1,3cfd389bbd05ec9201a41c0892e29bf8199198d1b216b9a8061370d4240aa583,bd1488a2d411295d7a2118c50ddcc0b158786123613af1676062e2270d1637d1,9cb89005693b1b70c102178849b740fde00b50c9ba5f3b5530d0e5749ea59837,eca954c21da074c545cb7858315ea39fee0a6f54b19e06474b4f2f91f1666847,c2f062c20887415a67df5838227a908b8620c7cc30f0498135bf17ea1ad33c5f,6031dc4ee08b61c58b35b1efd7d764739d5c7c54dc7cbe9e9a72a1e4a7098596,e2212c40566e21c680a98186ebd8e984aa80d4fd,4d4ad03b827958468b1a231e360c7ad1aa68035c25af068059838ceae6dfa6d6,0da5ee1686ead23df1f904ead1e98b7c0a817ac118d50e0e14715b5517b5194c,R1_UA_7,c5766ea75a44af8bb445fbdd53708cf3a834693420af2774e4ac126a78c898b5,development_holdout,P2,2017-02-17,891,791.5537623725827,64369efeb4e553fee80e28548226833b7bc2017cd8d4ac8cc8442e86cd336247
new_p3_training,True,tuned,UA,7,R1,3cfd389bbd05ec9201a41c0892e29bf8199198d1b216b9a8061370d4240aa583,bd1488a2d411295d7a2118c50ddcc0b158786123613af1676062e2270d1637d1,9cb89005693b1b70c102178849b740fde00b50c9ba5f3b5530d0e5749ea59837,eca954c21da074c545cb7858315ea39fee0a6f54b19e06474b4f2f91f1666847,c2f062c20887415a67df5838227a908b8620c7cc30f0498135bf17ea1ad33c5f,6031dc4ee08b61c58b35b1efd7d764739d5c7c54dc7cbe9e9a72a1e4a7098596,e2212c40566e21c680a98186ebd8e984aa80d4fd,4d4ad03b827958468b1a231e360c7ad1aa68035c25af068059838ceae6dfa6d6,0da5ee1686ead23df1f904ead1e98b7c0a817ac118d50e0e14715b5517b5194c,R1_UA_7,c5766ea75a44af8bb445fbdd53708cf3a834693420af2774e4ac126a78c898b5,development_holdout,P2,2017-02-20,891,763.983455571293,f38ce59bcfaa77410570ae8c28de2671864232938734f2f7cf40dbd0a7d4eb4f
new_p3_training,True,tuned,UA,7,R1,3cfd389bbd05ec9201a41c0892e29bf8199198d1b216b9a8061370d4240aa583,bd1488a2d411295d7a2118c50ddcc0b158786123613af1676062e2270d1637d1,9cb89005693b1b70c102178849b740fde00b50c9ba5f3b5530d0e5749ea59837,eca954c21da074c545cb7858315ea39fee0a6f54b19e06474b4f2f91f1666847,c2f062c20887415a67df5838227a908b8620c7cc30f0498135bf17ea1ad33c5f,6031dc4ee08b61c58b35b1efd7d764739d5c7c54dc7cbe9e9a72a1e4a7098596,e2212c40566e21c680a98186ebd8e984aa80d4fd,4d4ad03b827958468b1a231e360c7ad1aa68035c25af068059838ceae6dfa6d6,0da5ee1686ead23df1f904ead1e98b7c0a817ac118d50e0e14715b5517b5194c,R1_UA_7,c5766ea75a44af8bb445fbdd53708cf3a834693420af2774e4ac126a78c898b5,development_holdout,P2,2017-02-21,891,822.4533118398662,d27073d9de5169944525070d2f0ccd8b8dd5ceb7aadb042e9a40838be6862094
new_p3_training,True,tuned,UA,7,R1,3cfd389bbd05ec9201a41c0892e29bf8199198d1b216b9a8061370d4240aa583,bd1488a2d411295d7a2118c50ddcc0b158786123613af1676062e2270d1637d1,9cb89005693b1b70c102178849b740fde00b50c9ba5f3b5530d0e5749ea59837,eca954c21da074c545cb7858315ea39fee0a6f54b19e06474b4f2f91f1666847,c2f062c20887415a67df5838227a908b8620c7cc30f0498135bf17ea1ad33c5f,6031dc4ee08b61c58b35b1efd7d764739d5c7c54dc7cbe9e9a72a1e4a7098596,e2212c40566e21c680a98186ebd8e984aa80d4fd,4d4ad03b827958468b1a231e360c7ad1aa68035c25af068059838ceae6dfa6d6,0da5ee1686ead23df1f904ead1e98b7c0a817ac118d50e0e14715b5517b5194c,R1_UA_7,c5766ea75a44af8bb445fbdd53708cf3a834693420af2774e4ac126a78c898b5,development_holdout,P2,2017-02-22,891,790.6952394015362,7447397e1160717edc4074a9dae7483b54060b5d5d667b18c14b0fe74fe827f0
new_p3_training,True,tuned,UA,7,R1,3cfd389bbd05ec9201a41c0892e29bf8199198d1b216b9a8061370d4240aa583,bd1488a2d411295d7a2118c50ddcc0b158786123613af1676062e2270d1637d1,9cb89005693b1b70c102178849b740fde00b50c9ba5f3b5530d0e5749ea59837,eca954c21da074c545cb7858315ea39fee0a6f54b19e06474b4f2f91f1666847,c2f062c20887415a67df5838227a908b8620c7cc30f0498135bf17ea1ad33c5f,6031dc4ee08b61c58b35b1efd7d764739d5c7c54dc7cbe9e9a72a1e4a7098596,e2212c40566e21c680a98186ebd8e984aa80d4fd,4d4ad03b827958468b1a231e360c7ad1aa68035c25af068059838ceae6dfa6d6,0da5ee1686ead23df1f904ead1e98b7c0a817ac118d50e0e14715b5517b5194c,R1_UA_7,c5766ea75a44af8bb445fbdd53708cf3a834693420af2774e4ac126a78c898b5,development_holdout,P2,2017-02-23,891,827.8662081573079,d7f302b33c1080513c2200d59380189c56b220369799c9adc196cfe120632804
new_p3_training,True,tuned,UA,7,R1,3cfd389bbd05ec9201a41c0892e29bf8199198d1b216b9a8061370d4240aa583,bd1488a2d411295d7a2118c50ddcc0b158786123613af1676062e2270d1637d1,9cb89005693b1b70c102178849b740fde00b50c9ba5f3b5530d0e5749ea59837,eca954c21da074c545cb7858315ea39fee0a6f54b19e06474b4f2f91f1666847,c2f062c20887415a67df5838227a908b8620c7cc30f0498135bf17ea1ad33c5f,6031dc4ee08b61c58b35b1efd7d764739d5c7c54dc7cbe9e9a72a1e4a7098596,e2212c40566e21c680a98186ebd8e984aa80d4fd,4d4ad03b827958468b1a231e360c7ad1aa68035c25af068059838ceae6dfa6d6,0da5ee1686ead23df1f904ead1e98b7c0a817ac118d50e0e14715b5517b5194c,R1_UA_7,c5766ea75a44af8bb445fbdd53708cf3a834693420af2774e4ac126a78c898b5,development_holdout,P2,2017-02-24,891,854.6628951271766,de9ff4240f15258de1372f3adea703de965fcfbab1c473b68dad620fbfa758a9
new_p3_training,True,tuned,UA,7,R1,3cfd389bbd05ec9201a41c0892e29bf8199198d1b216b9a8061370d4240aa583,bd1488a2d411295d7a2118c50ddcc0b158786123613af1676062e2270d1637d1,9cb89005693b1b70c102178849b740fde00b50c9ba5f3b5530d0e5749ea59837,eca954c21da074c545cb7858315ea39fee0a6f54b19e06474b4f2f91f1666847,c2f062c20887415a67df5838227a908b8620c7cc30f0498135bf17ea1ad33c5f,6031dc4ee08b61c58b35b1efd7d764739d5c7c54dc7cbe9e9a72a1e4a7098596,e2212c40566e21c680a98186ebd8e984aa80d4fd,4d4ad03b827958468b1a231e360c7ad1aa68035c25af068059838ceae6dfa6d6,0da5ee1686ead23df1f904ead1e98b7c0a817ac118d50e0e14715b5517b5194c,R1_UA_7,c5766ea75a44af8bb445fbdd53708cf3a834693420af2774e4ac126a78c898b5,development_holdout,P2,2017-02-27,891,812.9161600090691,58889cfc01322803acce31f0d2a18289a941b7bd8ec5fc386be06fe9196edddd
new_p3_training,True,tuned,UA,7,R1,3cfd389bbd05ec9201a41c0892e29bf8199198d1b216b9a8061370d4240aa583,bd1488a2d411295d7a2118c50ddcc0b158786123613af1676062e2270d1637d1,9cb89005693b1b70c102178849b740fde00b50c9ba5f3b5530d0e5749ea59837,eca954c21da074c545cb7858315ea39fee0a6f54b19e06474b4f2f91f1666847,c2f062c20887415a67df5838227a908b8620c7cc30f0498135bf17ea1ad33c5f,6031dc4ee08b61c58b35b1efd7d764739d5c7c54dc7cbe9e9a72a1e4a7098596,e2212c40566e21c680a98186ebd8e984aa80d4fd,4d4ad03b827958468b1a231e360c7ad1aa68035c25af068059838ceae6dfa6d6,0da5ee1686ead23df1f904ead1e98b7c0a817ac118d50e0e14715b5517b5194c,R1_UA_7,c5766ea75a44af8bb445fbdd53708cf3a834693420af2774e4ac126a78c898b5,development_holdout,P2,2017-02-28,891,755.2183496910579,1e8f3d719f329e6ddc3f91f181c0471e186ddaf5a0c15256a6f51b38d59050fb
new_p3_training,True,tuned,UA,7,R1,3cfd389bbd05ec9201a41c0892e29bf8199198d1b216b9a8061370d4240aa583,bd1488a2d411295d7a2118c50ddcc0b158786123613af1676062e2270d1637d1,9cb89005693b1b70c102178849b740fde00b50c9ba5f3b5530d0e5749ea59837,eca954c21da074c545cb7858315ea39fee0a6f54b19e06474b4f2f91f1666847,c2f062c20887415a67df5838227a908b8620c7cc30f0498135bf17ea1ad33c5f,6031dc4ee08b61c58b35b1efd7d764739d5c7c54dc7cbe9e9a72a1e4a7098596,e2212c40566e21c680a98186ebd8e984aa80d4fd,4d4ad03b827958468b1a231e360c7ad1aa68035c25af068059838ceae6dfa6d6,0da5ee1686ead23df1f904ead1e98b7c0a817ac118d50e0e14715b5517b5194c,R1_UA_7,c5766ea75a44af8bb445fbdd53708cf3a834693420af2774e4ac126a78c898b5,development_holdout,P2,2017-03-02,891,848.2606530848475,4b47daa6c87bc0b3d9c6a2e72085480d739bcf0ddaf1493365ca4a6955507972
new_p3_training,True,tuned,UA,7,R1,3cfd389bbd05ec9201a41c0892e29bf8199198d1b216b9a8061370d4240aa583,bd1488a2d411295d7a2118c50ddcc0b158786123613af1676062e2270d1637d1,9cb89005693b1b70c102178849b740fde00b50c9ba5f3b5530d0e5749ea59837,eca954c21da074c545cb7858315ea39fee0a6f54b19e06474b4f2f91f1666847,c2f062c20887415a67df5838227a908b8620c7cc30f0498135bf17ea1ad33c5f,6031dc4ee08b61c58b35b1efd7d764739d5c7c54dc7cbe9e9a72a1e4a7098596,e2212c40566e21c680a98186ebd8e984aa80d4fd,4d4ad03b827958468b1a231e360c7ad1aa68035c25af068059838ceae6dfa6d6,0da5ee1686ead23df1f904ead1e98b7c0a817ac118d50e0e14715b5517b5194c,R1_UA_7,c5766ea75a44af8bb445fbdd53708cf3a834693420af2774e4ac126a78c898b5,development_holdout,P2,2017-03-03,891,901.491852260976,9e341cd8b64bd93f9d92da818dd647b064aebe8abdcce91e309b60ec8b6df72d
new_p3_training,True,tuned,UA,7,R1,3cfd389bbd05ec9201a41c0892e29bf8199198d1b216b9a8061370d4240aa583,bd1488a2d411295d7a2118c50ddcc0b158786123613af1676062e2270d1637d1,9cb89005693b1b70c102178849b740fde00b50c9ba5f3b5530d0e5749ea59837,eca954c21da074c545cb7858315ea39fee0a6f54b19e06474b4f2f91f1666847,c2f062c20887415a67df5838227a908b8620c7cc30f0498135bf17ea1ad33c5f,6031dc4ee08b61c58b35b1efd7d764739d5c7c54dc7cbe9e9a72a1e4a7098596,e2212c40566e21c680a98186ebd8e984aa80d4fd,4d4ad03b827958468b1a231e360c7ad1aa68035c25af068059838ceae6dfa6d6,0da5ee1686ead23df1f904ead1e98b7c0a817ac118d50e0e14715b5517b5194c,R1_UA_7,c5766ea75a44af8bb445fbdd53708cf3a834693420af2774e4ac126a78c898b5,development_holdout,P2,2017-03-06,891,872.3662202656715,f55abb44c50319b12cb8a1cbb8b45571d4ad74c721438b94b0c6350c7f3c1066
new_p3_training,True,tuned,UA,7,R1,3cfd389bbd05ec9201a41c0892e29bf8199198d1b216b9a8061370d4240aa583,bd1488a2d411295d7a2118c50ddcc0b158786123613af1676062e2270d1637d1,9cb89005693b1b70c102178849b740fde00b50c9ba5f3b5530d0e5749ea59837,eca954c21da074c545cb7858315ea39fee0a6f54b19e06474b4f2f91f1666847,c2f062c20887415a67df5838227a908b8620c7cc30f0498135bf17ea1ad33c5f,6031dc4ee08b61c58b35b1efd7d764739d5c7c54dc7cbe9e9a72a1e4a7098596,e2212c40566e21c680a98186ebd8e984aa80d4fd,4d4ad03b827958468b1a231e360c7ad1aa68035c25af068059838ceae6dfa6d6,0da5ee1686ead23df1f904ead1e98b7c0a817ac118d50e0e14715b5517b5194c,R1_UA_7,c5766ea75a44af8bb445fbdd53708cf3a834693420af2774e4ac126a78c898b5,development_holdout,P2,2017-03-07,891,774.3033597821043,15d6f27cf1ad15f2d96b520cf5fb906cb0f8de5bef2f89ddc1e7c3fe09c81c5e
new_p3_training,True,tuned,UA,7,R1,3cfd389bbd05ec9201a41c0892e29bf8199198d1b216b9a8061370d4240aa583,bd1488a2d411295d7a2118c50ddcc0b158786123613af1676062e2270d1637d1,9cb89005693b1b70c102178849b740fde00b50c9ba5f3b5530d0e5749ea59837,eca954c21da074c545cb7858315ea39fee0a6f54b19e06474b4f2f91f1666847,c2f062c20887415a67df5838227a908b8620c7cc30f0498135bf17ea1ad33c5f,6031dc4ee08b61c58b35b1efd7d764739d5c7c54dc7cbe9e9a72a1e4a7098596,e2212c40566e21c680a98186ebd8e984aa80d4fd,4d4ad03b827958468b1a231e360c7ad1aa68035c25af068059838ceae6dfa6d6,0da5ee1686ead23df1f904ead1e98b7c0a817ac118d50e0e14715b5517b5194c,R1_UA_7,c5766ea75a44af8bb445fbdd53708cf3a834693420af2774e4ac126a78c898b5,development_holdout,P2,2017-03-08,891,830.8493734481754,6243f681f21f6ef373952c124e468f3d6f77ae3313eb7f718f3142d768fff5ac
new_p3_training,True,tuned,UA,7,R1,3cfd389bbd05ec9201a41c0892e29bf8199198d1b216b9a8061370d4240aa583,bd1488a2d411295d7a2118c50ddcc0b158786123613af1676062e2270d1637d1,9cb89005693b1b70c102178849b740fde00b50c9ba5f3b5530d0e5749ea59837,eca954c21da074c545cb7858315ea39fee0a6f54b19e06474b4f2f91f1666847,c2f062c20887415a67df5838227a908b8620c7cc30f0498135bf17ea1ad33c5f,6031dc4ee08b61c58b35b1efd7d764739d5c7c54dc7cbe9e9a72a1e4a7098596,e2212c40566e21c680a98186ebd8e984aa80d4fd,4d4ad03b827958468b1a231e360c7ad1aa68035c25af068059838ceae6dfa6d6,0da5ee1686ead23df1f904ead1e98b7c0a817ac118d50e0e14715b5517b5194c,R1_UA_7,c5766ea75a44af8bb445fbdd53708cf3a834693420af2774e4ac126a78c898b5,development_holdout,P2,2017-03-09,891,816.6149547927978,74a52ec3172439362e4250252c0deee5bce3689ccfef3ca2e70eb0e4c735c359
new_p3_training,True,tuned,UA,7,R1,3cfd389bbd05ec9201a41c0892e29bf8199198d1b216b9a8061370d4240aa583,bd1488a2d411295d7a2118c50ddcc0b158786123613af1676062e2270d1637d1,9cb89005693b1b70c102178849b740fde00b50c9ba5f3b5530d0e5749ea59837,eca954c21da074c545cb7858315ea39fee0a6f54b19e06474b4f2f91f1666847,c2f062c20887415a67df5838227a908b8620c7cc30f0498135bf17ea1ad33c5f,6031dc4ee08b61c58b35b1efd7d764739d5c7c54dc7cbe9e9a72a1e4a7098596,e2212c40566e21c680a98186ebd8e984aa80d4fd,4d4ad03b827958468b1a231e360c7ad1aa68035c25af068059838ceae6dfa6d6,0da5ee1686ead23df1f904ead1e98b7c0a817ac118d50e0e14715b5517b5194c,R1_UA_7,c5766ea75a44af8bb445fbdd53708cf3a834693420af2774e4ac126a78c898b5,development_holdout,P2,2017-03-10,891,900.3048696258637,5fca68a9d355db3c0132402daa9644b5300ab9fa1a2b937e549c1984bee06996
new_p3_training,True,tuned,UA,7,R1,3cfd389bbd05ec9201a41c0892e29bf8199198d1b216b9a8061370d4240aa583,bd1488a2d411295d7a2118c50ddcc0b158786123613af1676062e2270d1637d1,9cb89005693b1b70c102178849b740fde00b50c9ba5f3b5530d0e5749ea59837,eca954c21da074c545cb7858315ea39fee0a6f54b19e06474b4f2f91f1666847,c2f062c20887415a67df5838227a908b8620c7cc30f0498135bf17ea1ad33c5f,6031dc4ee08b61c58b35b1efd7d764739d5c7c54dc7cbe9e9a72a1e4a7098596,e2212c40566e21c680a98186ebd8e984aa80d4fd,4d4ad03b827958468b1a231e360c7ad1aa68035c25af068059838ceae6dfa6d6,0da5ee1686ead23df1f904ead1e98b7c0a817ac118d50e0e14715b5517b5194c,R1_UA_7,c5766ea75a44af8bb445fbdd53708cf3a834693420af2774e4ac126a78c898b5,development_holdout,P2,2017-03-13,891,825.3476757441446,162626e2e103e53d859b0fab551439962bf1e55d13f50e806ff4149a04619fa4
new_p3_training,True,tuned,UA,7,R1,3cfd389bbd05ec9201a41c0892e29bf8199198d1b216b9a8061370d4240aa583,bd1488a2d411295d7a2118c50ddcc0b158786123613af1676062e2270d1637d1,9cb89005693b1b70c102178849b740fde00b50c9ba5f3b5530d0e5749ea59837,eca954c21da074c545cb7858315ea39fee0a6f54b19e06474b4f2f91f1666847,c2f062c20887415a67df5838227a908b8620c7cc30f0498135bf17ea1ad33c5f,6031dc4ee08b61c58b35b1efd7d764739d5c7c54dc7cbe9e9a72a1e4a7098596,e2212c40566e21c680a98186ebd8e984aa80d4fd,4d4ad03b827958468b1a231e360c7ad1aa68035c25af068059838ceae6dfa6d6,0da5ee1686ead23df1f904ead1e98b7c0a817ac118d50e0e14715b5517b5194c,R1_UA_7,c5766ea75a44af8bb445fbdd53708cf3a834693420af2774e4ac126a78c898b5,development_holdout,P2,2017-03-14,891,821.6705294884222,40000005a11e5ffa70001ec9e7c63097e7fccc2804fb4d3c664eb0027dbbfb2b
new_p3_training,True,tuned,UA,7,R1,3cfd389bbd05ec9201a41c0892e29bf8199198d1b216b9a8061370d4240aa583,bd1488a2d411295d7a2118c50ddcc0b158786123613af1676062e2270d1637d1,9cb89005693b1b70c102178849b740fde00b50c9ba5f3b5530d0e5749ea59837,eca954c21da074c545cb7858315ea39fee0a6f54b19e06474b4f2f91f1666847,c2f062c20887415a67df5838227a908b8620c7cc30f0498135bf17ea1ad33c5f,6031dc4ee08b61c58b35b1efd7d764739d5c7c54dc7cbe9e9a72a1e4a7098596,e2212c40566e21c680a98186ebd8e984aa80d4fd,4d4ad03b827958468b1a231e360c7ad1aa68035c25af068059838ceae6dfa6d6,0da5ee1686ead23df1f904ead1e98b7c0a817ac118d50e0e14715b5517b5194c,R1_UA_7,c5766ea75a44af8bb445fbdd53708cf3a834693420af2774e4ac126a78c898b5,development_holdout,P2,2017-03-15,891,830.6952986304572,db54532f5c3bedfa02d3d99c66fc7b3ce349570c63bd06c262936c7a3bf9706c
new_p3_training,True,tuned,UA,7,R1,3cfd389bbd05ec9201a41c0892e29bf8199198d1b216b9a8061370d4240aa583,bd1488a2d411295d7a2118c50ddcc0b158786123613af1676062e2270d1637d1,9cb89005693b1b70c102178849b740fde00b50c9ba5f3b5530d0e5749ea59837,eca954c21da074c545cb7858315ea39fee0a6f54b19e06474b4f2f91f1666847,c2f062c20887415a67df5838227a908b8620c7cc30f0498135bf17ea1ad33c5f,6031dc4ee08b61c58b35b1efd7d764739d5c7c54dc7cbe9e9a72a1e4a7098596,e2212c40566e21c680a98186ebd8e984aa80d4fd,4d4ad03b827958468b1a231e360c7ad1aa68035c25af068059838ceae6dfa6d6,0da5ee1686ead23df1f904ead1e98b7c0a817ac118d50e0e14715b5517b5194c,R1_UA_7,c5766ea75a44af8bb445fbdd53708cf3a834693420af2774e4ac126a78c898b5,development_holdout,P2,2017-03-16,891,850.4600302416311,d671c54a2b34f500d075ddf6bbe2138c654ee91409d466d8ae3c6b7c28210ed2
new_p3_training,True,tuned,UA,7,R1,3cfd389bbd05ec9201a41c0892e29bf8199198d1b216b9a8061370d4240aa583,bd1488a2d411295d7a2118c50ddcc0b158786123613af1676062e2270d1637d1,9cb89005693b1b70c102178849b740fde00b50c9ba5f3b5530d0e5749ea59837,eca954c21da074c545cb7858315ea39fee0a6f54b19e06474b4f2f91f1666847,c2f062c20887415a67df5838227a908b8620c7cc30f0498135bf17ea1ad33c5f,6031dc4ee08b61c58b35b1efd7d764739d5c7c54dc7cbe9e9a72a1e4a7098596,e2212c40566e21c680a98186ebd8e984aa80d4fd,4d4ad03b827958468b1a231e360c7ad1aa68035c25af068059838ceae6dfa6d6,0da5ee1686ead23df1f904ead1e98b7c0a817ac118d50e0e14715b5517b5194c,R1_UA_7,c5766ea75a44af8bb445fbdd53708cf3a834693420af2774e4ac126a78c898b5,development_holdout,P2,2017-03-17,891,850.5297446455938,46f65d48adc78f8074d9088cc4c503e0eae3a0e9b997c99d4d8781952a185c69
new_p3_training,True,tuned,UA,7,R1,3cfd389bbd05ec9201a41c0892e29bf8199198d1b216b9a8061370d4240aa583,bd1488a2d411295d7a2118c50ddcc0b158786123613af1676062e2270d1637d1,9cb89005693b1b70c102178849b740fde00b50c9ba5f3b5530d0e5749ea59837,eca954c21da074c545cb7858315ea39fee0a6f54b19e06474b4f2f91f1666847,c2f062c20887415a67df5838227a908b8620c7cc30f0498135bf17ea1ad33c5f,6031dc4ee08b61c58b35b1efd7d764739d5c7c54dc7cbe9e9a72a1e4a7098596,e2212c40566e21c680a98186ebd8e984aa80d4fd,4d4ad03b827958468b1a231e360c7ad1aa68035c25af068059838ceae6dfa6d6,0da5ee1686ead23df1f904ead1e98b7c0a817ac118d50e0e14715b5517b5194c,R1_UA_7,c5766ea75a44af8bb445fbdd53708cf3a834693420af2774e4ac126a78c898b5,development_holdout,P2,2017-03-20,891,781.2157464606379,9d1f1c97e9bb482447cdf25f2aadd083f4a98686d6754923e5057e89f0f4cbfc
new_p3_training,True,tuned,UA,7,R1,3cfd389bbd05ec9201a41c0892e29bf8199198d1b216b9a8061370d4240aa583,bd1488a2d411295d7a2118c50ddcc0b158786123613af1676062e2270d1637d1,9cb89005693b1b70c102178849b740fde00b50c9ba5f3b5530d0e5749ea59837,eca954c21da074c545cb7858315ea39fee0a6f54b19e06474b4f2f91f1666847,c2f062c20887415a67df5838227a908b8620c7cc30f0498135bf17ea1ad33c5f,6031dc4ee08b61c58b35b1efd7d764739d5c7c54dc7cbe9e9a72a1e4a7098596,e2212c40566e21c680a98186ebd8e984aa80d4fd,4d4ad03b827958468b1a231e360c7ad1aa68035c25af068059838ceae6dfa6d6,0da5ee1686ead23df1f904ead1e98b7c0a817ac118d50e0e14715b5517b5194c,R1_UA_7,c5766ea75a44af8bb445fbdd53708cf3a834693420af2774e4ac126a78c898b5,development_holdout,P2,2017-03-21,891,854.1385080609359,731b83d09a470eaa54997ca138eec148d880888003689653948e5c6030b23959
new_p3_training,True,tuned,UA,7,R1,3cfd389bbd05ec9201a41c0892e29bf8199198d1b216b9a8061370d4240aa583,bd1488a2d411295d7a2118c50ddcc0b158786123613af1676062e2270d1637d1,9cb89005693b1b70c102178849b740fde00b50c9ba5f3b5530d0e5749ea59837,eca954c21da074c545cb7858315ea39fee0a6f54b19e06474b4f2f91f1666847,c2f062c20887415a67df5838227a908b8620c7cc30f0498135bf17ea1ad33c5f,6031dc4ee08b61c58b35b1efd7d764739d5c7c54dc7cbe9e9a72a1e4a7098596,e2212c40566e21c680a98186ebd8e984aa80d4fd,4d4ad03b827958468b1a231e360c7ad1aa68035c25af068059838ceae6dfa6d6,0da5ee1686ead23df1f904ead1e98b7c0a817ac118d50e0e14715b5517b5194c,R1_UA_7,c5766ea75a44af8bb445fbdd53708cf3a834693420af2774e4ac126a78c898b5,development_holdout,P2,2017-03-22,891,835.2826379791463,bcaa11198be804175a996d9cac5cd5497b84aff79459e9e6475c88585392bcc4
new_p3_training,True,tuned,UA,7,R1,3cfd389bbd05ec9201a41c0892e29bf8199198d1b216b9a8061370d4240aa583,bd1488a2d411295d7a2118c50ddcc0b158786123613af1676062e2270d1637d1,9cb89005693b1b70c102178849b740fde00b50c9ba5f3b5530d0e5749ea59837,eca954c21da074c545cb7858315ea39fee0a6f54b19e06474b4f2f91f1666847,c2f062c20887415a67df5838227a908b8620c7cc30f0498135bf17ea1ad33c5f,6031dc4ee08b61c58b35b1efd7d764739d5c7c54dc7cbe9e9a72a1e4a7098596,e2212c40566e21c680a98186ebd8e984aa80d4fd,4d4ad03b827958468b1a231e360c7ad1aa68035c25af068059838ceae6dfa6d6,0da5ee1686ead23df1f904ead1e98b7c0a817ac118d50e0e14715b5517b5194c,R1_UA_7,c5766ea75a44af8bb445fbdd53708cf3a834693420af2774e4ac126a78c898b5,development_holdout,P2,2017-03-23,891,849.2699807842625,8e5596f348c07c7213a5c50155e38e12ddd7644e8aac6f83de0764aabd552545
new_p3_training,True,tuned,UA,7,R1,3cfd389bbd05ec9201a41c0892e29bf8199198d1b216b9a8061370d4240aa583,bd1488a2d411295d7a2118c50ddcc0b158786123613af1676062e2270d1637d1,9cb89005693b1b70c102178849b740fde00b50c9ba5f3b5530d0e5749ea59837,eca954c21da074c545cb7858315ea39fee0a6f54b19e06474b4f2f91f1666847,c2f062c20887415a67df5838227a908b8620c7cc30f0498135bf17ea1ad33c5f,6031dc4ee08b61c58b35b1efd7d764739d5c7c54dc7cbe9e9a72a1e4a7098596,e2212c40566e21c680a98186ebd8e984aa80d4fd,4d4ad03b827958468b1a231e360c7ad1aa68035c25af068059838ceae6dfa6d6,0da5ee1686ead23df1f904ead1e98b7c0a817ac118d50e0e14715b5517b5194c,R1_UA_7,c5766ea75a44af8bb445fbdd53708cf3a834693420af2774e4ac126a78c898b5,development_holdout,P3,2017-02-06,885,808.195138839754,57d90263f0bedc8d18813a7789c083ad7c46c4460902fcbd2fe33c1828b495ca
new_p3_training,True,tuned,UA,7,R1,3cfd389bbd05ec9201a41c0892e29bf8199198d1b216b9a8061370d4240aa583,bd1488a2d411295d7a2118c50ddcc0b158786123613af1676062e2270d1637d1,9cb89005693b1b70c102178849b740fde00b50c9ba5f3b5530d0e5749ea59837,eca954c21da074c545cb7858315ea39fee0a6f54b19e06474b4f2f91f1666847,c2f062c20887415a67df5838227a908b8620c7cc30f0498135bf17ea1ad33c5f,6031dc4ee08b61c58b35b1efd7d764739d5c7c54dc7cbe9e9a72a1e4a7098596,e2212c40566e21c680a98186ebd8e984aa80d4fd,4d4ad03b827958468b1a231e360c7ad1aa68035c25af068059838ceae6dfa6d6,0da5ee1686ead23df1f904ead1e98b7c0a817ac118d50e0e14715b5517b5194c,R1_UA_7,c5766ea75a44af8bb445fbdd53708cf3a834693420af2774e4ac126a78c898b5,development_holdout,P3,2017-02-07,887,809.6090014820945,beec5e2ef56f2f1e443db027c22ff9de3deed119649f874e30ec245d2a5fdabf
new_p3_training,True,tuned,UA,7,R1,3cfd389bbd05ec9201a41c0892e29bf8199198d1b216b9a8061370d4240aa583,bd1488a2d411295d7a2118c50ddcc0b158786123613af1676062e2270d1637d1,9cb89005693b1b70c102178849b740fde00b50c9ba5f3b5530d0e5749ea59837,eca954c21da074c545cb7858315ea39fee0a6f54b19e06474b4f2f91f1666847,c2f062c20887415a67df5838227a908b8620c7cc30f0498135bf17ea1ad33c5f,6031dc4ee08b61c58b35b1efd7d764739d5c7c54dc7cbe9e9a72a1e4a7098596,e2212c40566e21c680a98186ebd8e984aa80d4fd,4d4ad03b827958468b1a231e360c7ad1aa68035c25af068059838ceae6dfa6d6,0da5ee1686ead23df1f904ead1e98b7c0a817ac118d50e0e14715b5517b5194c,R1_UA_7,c5766ea75a44af8bb445fbdd53708cf3a834693420af2774e4ac126a78c898b5,development_holdout,P3,2017-02-08,883,856.6773804556178,5a2f59640e529b7b9a46022c36632f9f467b36fe4e8dc7b7166f63e740f9e425
new_p3_training,True,tuned,UA,7,R1,3cfd389bbd05ec9201a41c0892e29bf8199198d1b216b9a8061370d4240aa583,bd1488a2d411295d7a2118c50ddcc0b158786123613af1676062e2270d1637d1,9cb89005693b1b70c102178849b740fde00b50c9ba5f3b5530d0e5749ea59837,eca954c21da074c545cb7858315ea39fee0a6f54b19e06474b4f2f91f1666847,c2f062c20887415a67df5838227a908b8620c7cc30f0498135bf17ea1ad33c5f,6031dc4ee08b61c58b35b1efd7d764739d5c7c54dc7cbe9e9a72a1e4a7098596,e2212c40566e21c680a98186ebd8e984aa80d4fd,4d4ad03b827958468b1a231e360c7ad1aa68035c25af068059838ceae6dfa6d6,0da5ee1686ead23df1f904ead1e98b7c0a817ac118d50e0e14715b5517b5194c,R1_UA_7,c5766ea75a44af8bb445fbdd53708cf3a834693420af2774e4ac126a78c898b5,development_holdout,P3,2017-02-09,871,798.8566595937486,dbce2af40c0c1991ff897caa003f525ae68e96fb97de81afbc4feac44e5288a0
new_p3_training,True,tuned,UA,7,R1,3cfd389bbd05ec9201a41c0892e29bf8199198d1b216b9a8061370d4240aa583,bd1488a2d411295d7a2118c50ddcc0b158786123613af1676062e2270d1637d1,9cb89005693b1b70c102178849b740fde00b50c9ba5f3b5530d0e5749ea59837,eca954c21da074c545cb7858315ea39fee0a6f54b19e06474b4f2f91f1666847,c2f062c20887415a67df5838227a908b8620c7cc30f0498135bf17ea1ad33c5f,6031dc4ee08b61c58b35b1efd7d764739d5c7c54dc7cbe9e9a72a1e4a7098596,e2212c40566e21c680a98186ebd8e984aa80d4fd,4d4ad03b827958468b1a231e360c7ad1aa68035c25af068059838ceae6dfa6d6,0da5ee1686ead23df1f904ead1e98b7c0a817ac118d50e0e14715b5517b5194c,R1_UA_7,c5766ea75a44af8bb445fbdd53708cf3a834693420af2774e4ac126a78c898b5,development_holdout,P3,2017-02-10,871,765.3673664300085,a8112948408a5fb4195c31d5040f7a9681f070690de6bc7160040534c50b00ff
new_p3_training,True,tuned,UA,7,R1,3cfd389bbd05ec9201a41c0892e29bf8199198d1b216b9a8061370d4240aa583,bd1488a2d411295d7a2118c50ddcc0b158786123613af1676062e2270d1637d1,9cb89005693b1b70c102178849b740fde00b50c9ba5f3b5530d0e5749ea59837,eca954c21da074c545cb7858315ea39fee0a6f54b19e06474b4f2f91f1666847,c2f062c20887415a67df5838227a908b8620c7cc30f0498135bf17ea1ad33c5f,6031dc4ee08b61c58b35b1efd7d764739d5c7c54dc7cbe9e9a72a1e4a7098596,e2212c40566e21c680a98186ebd8e984aa80d4fd,4d4ad03b827958468b1a231e360c7ad1aa68035c25af068059838ceae6dfa6d6,0da5ee1686ead23df1f904ead1e98b7c0a817ac118d50e0e14715b5517b5194c,R1_UA_7,c5766ea75a44af8bb445fbdd53708cf3a834693420af2774e4ac126a78c898b5,development_holdout,P3,2017-02-13,885,729.588026683172,ac70320801ebd3d6fe524e6e2719e7c9fb45bc32d8a28628ee6762e4cebe4faa
new_p3_training,True,tuned,UA,7,R1,3cfd389bbd05ec9201a41c0892e29bf8199198d1b216b9a8061370d4240aa583,bd1488a2d411295d7a2118c50ddcc0b158786123613af1676062e2270d1637d1,9cb89005693b1b70c102178849b740fde00b50c9ba5f3b5530d0e5749ea59837,eca954c21da074c545cb7858315ea39fee0a6f54b19e06474b4f2f91f1666847,c2f062c20887415a67df5838227a908b8620c7cc30f0498135bf17ea1ad33c5f,6031dc4ee08b61c58b35b1efd7d764739d5c7c54dc7cbe9e9a72a1e4a7098596,e2212c40566e21c680a98186ebd8e984aa80d4fd,4d4ad03b827958468b1a231e360c7ad1aa68035c25af068059838ceae6dfa6d6,0da5ee1686ead23df1f904ead1e98b7c0a817ac118d50e0e14715b5517b5194c,R1_UA_7,c5766ea75a44af8bb445fbdd53708cf3a834693420af2774e4ac126a78c898b5,development_holdout,P3,2017-02-14,884,766.3909806176409,f56205cc0bf29a0862e97a61b596f12799c86969309a8cecc6e5b613a6b032ba
new_p3_training,True,tuned,UA,7,R1,3cfd389bbd05ec9201a41c0892e29bf8199198d1b216b9a8061370d4240aa583,bd1488a2d411295d7a2118c50ddcc0b158786123613af1676062e2270d1637d1,9cb89005693b1b70c102178849b740fde00b50c9ba5f3b5530d0e5749ea59837,eca954c21da074c545cb7858315ea39fee0a6f54b19e06474b4f2f91f1666847,c2f062c20887415a67df5838227a908b8620c7cc30f0498135bf17ea1ad33c5f,6031dc4ee08b61c58b35b1efd7d764739d5c7c54dc7cbe9e9a72a1e4a7098596,e2212c40566e21c680a98186ebd8e984aa80d4fd,4d4ad03b827958468b1a231e360c7ad1aa68035c25af068059838ceae6dfa6d6,0da5ee1686ead23df1f904ead1e98b7c0a817ac118d50e0e14715b5517b5194c,R1_UA_7,c5766ea75a44af8bb445fbdd53708cf3a834693420af2774e4ac126a78c898b5,development_holdout,P3,2017-02-15,884,833.2594960975096,d931ce45df82392fcb7bebfb504ebb2ef3404c84548c065846d30c48e8d8d1dc
new_p3_training,True,tuned,UA,7,R1,3cfd389bbd05ec9201a41c0892e29bf8199198d1b216b9a8061370d4240aa583,bd1488a2d411295d7a2118c50ddcc0b158786123613af1676062e2270d1637d1,9cb89005693b1b70c102178849b740fde00b50c9ba5f3b5530d0e5749ea59837,eca954c21da074c545cb7858315ea39fee0a6f54b19e06474b4f2f91f1666847,c2f062c20887415a67df5838227a908b8620c7cc30f0498135bf17ea1ad33c5f,6031dc4ee08b61c58b35b1efd7d764739d5c7c54dc7cbe9e9a72a1e4a7098596,e2212c40566e21c680a98186ebd8e984aa80d4fd,4d4ad03b827958468b1a231e360c7ad1aa68035c25af068059838ceae6dfa6d6,0da5ee1686ead23df1f904ead1e98b7c0a817ac118d50e0e14715b5517b5194c,R1_UA_7,c5766ea75a44af8bb445fbdd53708cf3a834693420af2774e4ac126a78c898b5,development_holdout,P3,2017-02-16,878,834.2305422642846,cdf13c204b9b66f841cb6a1c74cb8b9aec7cca235a13d6402935d93ad72033e9
new_p3_training,True,tuned,UA,7,R1,3cfd389bbd05ec9201a41c0892e29bf8199198d1b216b9a8061370d4240aa583,bd1488a2d411295d7a2118c50ddcc0b158786123613af1676062e2270d1637d1,9cb89005693b1b70c102178849b740fde00b50c9ba5f3b5530d0e5749ea59837,eca954c21da074c545cb7858315ea39fee0a6f54b19e06474b4f2f91f1666847,c2f062c20887415a67df5838227a908b8620c7cc30f0498135bf17ea1ad33c5f,6031dc4ee08b61c58b35b1efd7d764739d5c7c54dc7cbe9e9a72a1e4a7098596,e2212c40566e21c680a98186ebd8e984aa80d4fd,4d4ad03b827958468b1a231e360c7ad1aa68035c25af068059838ceae6dfa6d6,0da5ee1686ead23df1f904ead1e98b7c0a817ac118d50e0e14715b5517b5194c,R1_UA_7,c5766ea75a44af8bb445fbdd53708cf3a834693420af2774e4ac126a78c898b5,development_holdout,P3,2017-02-17,883,781.0053791416847,888b82cf6070c3b92d68d72bbdaf2aa28e832d1632f067665dab9773e9665754
new_p3_training,True,tuned,UA,7,R1,3cfd389bbd05ec9201a41c0892e29bf8199198d1b216b9a8061370d4240aa583,bd1488a2d411295d7a2118c50ddcc0b158786123613af1676062e2270d1637d1,9cb89005693b1b70c102178849b740fde00b50c9ba5f3b5530d0e5749ea59837,eca954c21da074c545cb7858315ea39fee0a6f54b19e06474b4f2f91f1666847,c2f062c20887415a67df5838227a908b8620c7cc30f0498135bf17ea1ad33c5f,6031dc4ee08b61c58b35b1efd7d764739d5c7c54dc7cbe9e9a72a1e4a7098596,e2212c40566e21c680a98186ebd8e984aa80d4fd,4d4ad03b827958468b1a231e360c7ad1aa68035c25af068059838ceae6dfa6d6,0da5ee1686ead23df1f904ead1e98b7c0a817ac118d50e0e14715b5517b5194c,R1_UA_7,c5766ea75a44af8bb445fbdd53708cf3a834693420af2774e4ac126a78c898b5,development_holdout,P3,2017-02-20,868,744.4433056039941,e81313473e9915d7021debe4500f9ed51937803785c21fb8ee4ed7f104d01fca
new_p3_training,True,tuned,UA,7,R1,3cfd389bbd05ec9201a41c0892e29bf8199198d1b216b9a8061370d4240aa583,bd1488a2d411295d7a2118c50ddcc0b158786123613af1676062e2270d1637d1,9cb89005693b1b70c102178849b740fde00b50c9ba5f3b5530d0e5749ea59837,eca954c21da074c545cb7858315ea39fee0a6f54b19e06474b4f2f91f1666847,c2f062c20887415a67df5838227a908b8620c7cc30f0498135bf17ea1ad33c5f,6031dc4ee08b61c58b35b1efd7d764739d5c7c54dc7cbe9e9a72a1e4a7098596,e2212c40566e21c680a98186ebd8e984aa80d4fd,4d4ad03b827958468b1a231e360c7ad1aa68035c25af068059838ceae6dfa6d6,0da5ee1686ead23df1f904ead1e98b7c0a817ac118d50e0e14715b5517b5194c,R1_UA_7,c5766ea75a44af8bb445fbdd53708cf3a834693420af2774e4ac126a78c898b5,development_holdout,P3,2017-02-21,876,799.6051650142791,8ef6f26220661b0b05b55352c7845980f6ca126c13243d353e930060d7338657
new_p3_training,True,tuned,UA,7,R1,3cfd389bbd05ec9201a41c0892e29bf8199198d1b216b9a8061370d4240aa583,bd1488a2d411295d7a2118c50ddcc0b158786123613af1676062e2270d1637d1,9cb89005693b1b70c102178849b740fde00b50c9ba5f3b5530d0e5749ea59837,eca954c21da074c545cb7858315ea39fee0a6f54b19e06474b4f2f91f1666847,c2f062c20887415a67df5838227a908b8620c7cc30f0498135bf17ea1ad33c5f,6031dc4ee08b61c58b35b1efd7d764739d5c7c54dc7cbe9e9a72a1e4a7098596,e2212c40566e21c680a98186ebd8e984aa80d4fd,4d4ad03b827958468b1a231e360c7ad1aa68035c25af068059838ceae6dfa6d6,0da5ee1686ead23df1f904ead1e98b7c0a817ac118d50e0e14715b5517b5194c,R1_UA_7,c5766ea75a44af8bb445fbdd53708cf3a834693420af2774e4ac126a78c898b5,development_holdout,P3,2017-02-22,875,771.9947298679772,74d8b77608df56ee9a3958370714b31cbcad7745479c198ed7e6aca5f7f0b781
new_p3_training,True,tuned,UA,7,R1,3cfd389bbd05ec9201a41c0892e29bf8199198d1b216b9a8061370d4240aa583,bd1488a2d411295d7a2118c50ddcc0b158786123613af1676062e2270d1637d1,9cb89005693b1b70c102178849b740fde00b50c9ba5f3b5530d0e5749ea59837,eca954c21da074c545cb7858315ea39fee0a6f54b19e06474b4f2f91f1666847,c2f062c20887415a67df5838227a908b8620c7cc30f0498135bf17ea1ad33c5f,6031dc4ee08b61c58b35b1efd7d764739d5c7c54dc7cbe9e9a72a1e4a7098596,e2212c40566e21c680a98186ebd8e984aa80d4fd,4d4ad03b827958468b1a231e360c7ad1aa68035c25af068059838ceae6dfa6d6,0da5ee1686ead23df1f904ead1e98b7c0a817ac118d50e0e14715b5517b5194c,R1_UA_7,c5766ea75a44af8bb445fbdd53708cf3a834693420af2774e4ac126a78c898b5,development_holdout,P3,2017-02-23,882,814.6201825807791,699a5fc097a0747d2f2c23d3cea7cd8c07160c593fcf7e4570e49bc7e84e301f
new_p3_training,True,tuned,UA,7,R1,3cfd389bbd05ec9201a41c0892e29bf8199198d1b216b9a8061370d4240aa583,bd1488a2d411295d7a2118c50ddcc0b158786123613af1676062e2270d1637d1,9cb89005693b1b70c102178849b740fde00b50c9ba5f3b5530d0e5749ea59837,eca954c21da074c545cb7858315ea39fee0a6f54b19e06474b4f2f91f1666847,c2f062c20887415a67df5838227a908b8620c7cc30f0498135bf17ea1ad33c5f,6031dc4ee08b61c58b35b1efd7d764739d5c7c54dc7cbe9e9a72a1e4a7098596,e2212c40566e21c680a98186ebd8e984aa80d4fd,4d4ad03b827958468b1a231e360c7ad1aa68035c25af068059838ceae6dfa6d6,0da5ee1686ead23df1f904ead1e98b7c0a817ac118d50e0e14715b5517b5194c,R1_UA_7,c5766ea75a44af8bb445fbdd53708cf3a834693420af2774e4ac126a78c898b5,development_holdout,P3,2017-02-24,885,844.1499833658329,67914f9d0219e17353f51ddce4a64c82101e06be6e00d9f5da7de6503230bb9b
new_p3_training,True,tuned,UA,7,R1,3cfd389bbd05ec9201a41c0892e29bf8199198d1b216b9a8061370d4240aa583,bd1488a2d411295d7a2118c50ddcc0b158786123613af1676062e2270d1637d1,9cb89005693b1b70c102178849b740fde00b50c9ba5f3b5530d0e5749ea59837,eca954c21da074c545cb7858315ea39fee0a6f54b19e06474b4f2f91f1666847,c2f062c20887415a67df5838227a908b8620c7cc30f0498135bf17ea1ad33c5f,6031dc4ee08b61c58b35b1efd7d764739d5c7c54dc7cbe9e9a72a1e4a7098596,e2212c40566e21c680a98186ebd8e984aa80d4fd,4d4ad03b827958468b1a231e360c7ad1aa68035c25af068059838ceae6dfa6d6,0da5ee1686ead23df1f904ead1e98b7c0a817ac118d50e0e14715b5517b5194c,R1_UA_7,c5766ea75a44af8bb445fbdd53708cf3a834693420af2774e4ac126a78c898b5,development_holdout,P3,2017-02-27,875,792.8071171104946,01c4ae484a3925c8e3b2f6e006dfbd736c74a207ecd74bdacb09700c7c7e0f85
new_p3_training,True,tuned,UA,7,R1,3cfd389bbd05ec9201a41c0892e29bf8199198d1b216b9a8061370d4240aa583,bd1488a2d411295d7a2118c50ddcc0b158786123613af1676062e2270d1637d1,9cb89005693b1b70c102178849b740fde00b50c9ba5f3b5530d0e5749ea59837,eca954c21da074c545cb7858315ea39fee0a6f54b19e06474b4f2f91f1666847,c2f062c20887415a67df5838227a908b8620c7cc30f0498135bf17ea1ad33c5f,6031dc4ee08b61c58b35b1efd7d764739d5c7c54dc7cbe9e9a72a1e4a7098596,e2212c40566e21c680a98186ebd8e984aa80d4fd,4d4ad03b827958468b1a231e360c7ad1aa68035c25af068059838ceae6dfa6d6,0da5ee1686ead23df1f904ead1e98b7c0a817ac118d50e0e14715b5517b5194c,R1_UA_7,c5766ea75a44af8bb445fbdd53708cf3a834693420af2774e4ac126a78c898b5,development_holdout,P3,2017-02-28,891,755.2183496910579,1e8f3d719f329e6ddc3f91f181c0471e186ddaf5a0c15256a6f51b38d59050fb
new_p3_training,True,tuned,UA,7,R1,3cfd389bbd05ec9201a41c0892e29bf8199198d1b216b9a8061370d4240aa583,bd1488a2d411295d7a2118c50ddcc0b158786123613af1676062e2270d1637d1,9cb89005693b1b70c102178849b740fde00b50c9ba5f3b5530d0e5749ea59837,eca954c21da074c545cb7858315ea39fee0a6f54b19e06474b4f2f91f1666847,c2f062c20887415a67df5838227a908b8620c7cc30f0498135bf17ea1ad33c5f,6031dc4ee08b61c58b35b1efd7d764739d5c7c54dc7cbe9e9a72a1e4a7098596,e2212c40566e21c680a98186ebd8e984aa80d4fd,4d4ad03b827958468b1a231e360c7ad1aa68035c25af068059838ceae6dfa6d6,0da5ee1686ead23df1f904ead1e98b7c0a817ac118d50e0e14715b5517b5194c,R1_UA_7,c5766ea75a44af8bb445fbdd53708cf3a834693420af2774e4ac126a78c898b5,development_holdout,P3,2017-03-02,891,848.2606530848475,4b47daa6c87bc0b3d9c6a2e72085480d739bcf0ddaf1493365ca4a6955507972
new_p3_training,True,tuned,UA,7,R1,3cfd389bbd05ec9201a41c0892e29bf8199198d1b216b9a8061370d4240aa583,bd1488a2d411295d7a2118c50ddcc0b158786123613af1676062e2270d1637d1,9cb89005693b1b70c102178849b740fde00b50c9ba5f3b5530d0e5749ea59837,eca954c21da074c545cb7858315ea39fee0a6f54b19e06474b4f2f91f1666847,c2f062c20887415a67df5838227a908b8620c7cc30f0498135bf17ea1ad33c5f,6031dc4ee08b61c58b35b1efd7d764739d5c7c54dc7cbe9e9a72a1e4a7098596,e2212c40566e21c680a98186ebd8e984aa80d4fd,4d4ad03b827958468b1a231e360c7ad1aa68035c25af068059838ceae6dfa6d6,0da5ee1686ead23df1f904ead1e98b7c0a817ac118d50e0e14715b5517b5194c,R1_UA_7,c5766ea75a44af8bb445fbdd53708cf3a834693420af2774e4ac126a78c898b5,development_holdout,P3,2017-03-03,883,889.2319034835282,82b062c2c40bb0732baa76ea16f47a2f59c5f73b10c48114f986c8541f8a8369
new_p3_training,True,tuned,UA,7,R1,3cfd389bbd05ec9201a41c0892e29bf8199198d1b216b9a8061370d4240aa583,bd1488a2d411295d7a2118c50ddcc0b158786123613af1676062e2270d1637d1,9cb89005693b1b70c102178849b740fde00b50c9ba5f3b5530d0e5749ea59837,eca954c21da074c545cb7858315ea39fee0a6f54b19e06474b4f2f91f1666847,c2f062c20887415a67df5838227a908b8620c7cc30f0498135bf17ea1ad33c5f,6031dc4ee08b61c58b35b1efd7d764739d5c7c54dc7cbe9e9a72a1e4a7098596,e2212c40566e21c680a98186ebd8e984aa80d4fd,4d4ad03b827958468b1a231e360c7ad1aa68035c25af068059838ceae6dfa6d6,0da5ee1686ead23df1f904ead1e98b7c0a817ac118d50e0e14715b5517b5194c,R1_UA_7,c5766ea75a44af8bb445fbdd53708cf3a834693420af2774e4ac126a78c898b5,development_holdout,P3,2017-03-06,883,861.5540245052853,015cca9980f7852f28ce117f63cc30b120cb08b74b3e8d116b8cae0f0d8391a6
new_p3_training,True,tuned,UA,7,R1,3cfd389bbd05ec9201a41c0892e29bf8199198d1b216b9a8061370d4240aa583,bd1488a2d411295d7a2118c50ddcc0b158786123613af1676062e2270d1637d1,9cb89005693b1b70c102178849b740fde00b50c9ba5f3b5530d0e5749ea59837,eca954c21da074c545cb7858315ea39fee0a6f54b19e06474b4f2f91f1666847,c2f062c20887415a67df5838227a908b8620c7cc30f0498135bf17ea1ad33c5f,6031dc4ee08b61c58b35b1efd7d764739d5c7c54dc7cbe9e9a72a1e4a7098596,e2212c40566e21c680a98186ebd8e984aa80d4fd,4d4ad03b827958468b1a231e360c7ad1aa68035c25af068059838ceae6dfa6d6,0da5ee1686ead23df1f904ead1e98b7c0a817ac118d50e0e14715b5517b5194c,R1_UA_7,c5766ea75a44af8bb445fbdd53708cf3a834693420af2774e4ac126a78c898b5,development_holdout,P3,2017-03-07,884,762.0462948831383,6dda40a44b6e6999161dd861caf69340f2f46b56edef011e5e9f3883f31ac75b
new_p3_training,True,tuned,UA,7,R1,3cfd389bbd05ec9201a41c0892e29bf8199198d1b216b9a8061370d4240aa583,bd1488a2d411295d7a2118c50ddcc0b158786123613af1676062e2270d1637d1,9cb89005693b1b70c102178849b740fde00b50c9ba5f3b5530d0e5749ea59837,eca954c21da074c545cb7858315ea39fee0a6f54b19e06474b4f2f91f1666847,c2f062c20887415a67df5838227a908b8620c7cc30f0498135bf17ea1ad33c5f,6031dc4ee08b61c58b35b1efd7d764739d5c7c54dc7cbe9e9a72a1e4a7098596,e2212c40566e21c680a98186ebd8e984aa80d4fd,4d4ad03b827958468b1a231e360c7ad1aa68035c25af068059838ceae6dfa6d6,0da5ee1686ead23df1f904ead1e98b7c0a817ac118d50e0e14715b5517b5194c,R1_UA_7,c5766ea75a44af8bb445fbdd53708cf3a834693420af2774e4ac126a78c898b5,development_holdout,P3,2017-03-08,883,819.7954233883355,f79126850afdf902f2a790e02f30c727b611d59184fce5f49d8f6e9e72462e3c
new_p3_training,True,tuned,UA,7,R1,3cfd389bbd05ec9201a41c0892e29bf8199198d1b216b9a8061370d4240aa583,bd1488a2d411295d7a2118c50ddcc0b158786123613af1676062e2270d1637d1,9cb89005693b1b70c102178849b740fde00b50c9ba5f3b5530d0e5749ea59837,eca954c21da074c545cb7858315ea39fee0a6f54b19e06474b4f2f91f1666847,c2f062c20887415a67df5838227a908b8620c7cc30f0498135bf17ea1ad33c5f,6031dc4ee08b61c58b35b1efd7d764739d5c7c54dc7cbe9e9a72a1e4a7098596,e2212c40566e21c680a98186ebd8e984aa80d4fd,4d4ad03b827958468b1a231e360c7ad1aa68035c25af068059838ceae6dfa6d6,0da5ee1686ead23df1f904ead1e98b7c0a817ac118d50e0e14715b5517b5194c,R1_UA_7,c5766ea75a44af8bb445fbdd53708cf3a834693420af2774e4ac126a78c898b5,development_holdout,P3,2017-03-09,885,807.3433115153617,2da23ce745017a1eea89de190a70a2de6673a2b285aa1249a98e7b3b9116d182
new_p3_training,True,tuned,UA,7,R1,3cfd389bbd05ec9201a41c0892e29bf8199198d1b216b9a8061370d4240aa583,bd1488a2d411295d7a2118c50ddcc0b158786123613af1676062e2270d1637d1,9cb89005693b1b70c102178849b740fde00b50c9ba5f3b5530d0e5749ea59837,eca954c21da074c545cb7858315ea39fee0a6f54b19e06474b4f2f91f1666847,c2f062c20887415a67df5838227a908b8620c7cc30f0498135bf17ea1ad33c5f,6031dc4ee08b61c58b35b1efd7d764739d5c7c54dc7cbe9e9a72a1e4a7098596,e2212c40566e21c680a98186ebd8e984aa80d4fd,4d4ad03b827958468b1a231e360c7ad1aa68035c25af068059838ceae6dfa6d6,0da5ee1686ead23df1f904ead1e98b7c0a817ac118d50e0e14715b5517b5194c,R1_UA_7,c5766ea75a44af8bb445fbdd53708cf3a834693420af2774e4ac126a78c898b5,development_holdout,P3,2017-03-10,881,889.1651522926037,24e1ab9012d73ac62b3cb11d979870ef6ef370b1d468596af5cec7aa3a7bd54b
new_p3_training,True,tuned,UA,7,R1,3cfd389bbd05ec9201a41c0892e29bf8199198d1b216b9a8061370d4240aa583,bd1488a2d411295d7a2118c50ddcc0b158786123613af1676062e2270d1637d1,9cb89005693b1b70c102178849b740fde00b50c9ba5f3b5530d0e5749ea59837,eca954c21da074c545cb7858315ea39fee0a6f54b19e06474b4f2f91f1666847,c2f062c20887415a67df5838227a908b8620c7cc30f0498135bf17ea1ad33c5f,6031dc4ee08b61c58b35b1efd7d764739d5c7c54dc7cbe9e9a72a1e4a7098596,e2212c40566e21c680a98186ebd8e984aa80d4fd,4d4ad03b827958468b1a231e360c7ad1aa68035c25af068059838ceae6dfa6d6,0da5ee1686ead23df1f904ead1e98b7c0a817ac118d50e0e14715b5517b5194c,R1_UA_7,c5766ea75a44af8bb445fbdd53708cf3a834693420af2774e4ac126a78c898b5,development_holdout,P3,2017-03-13,871,796.8559402479557,ee3d3b730be129e1ace3e7ec12597ac56810a36496e21334e988c6fac389cce2
new_p3_training,True,tuned,UA,7,R1,3cfd389bbd05ec9201a41c0892e29bf8199198d1b216b9a8061370d4240aa583,bd1488a2d411295d7a2118c50ddcc0b158786123613af1676062e2270d1637d1,9cb89005693b1b70c102178849b740fde00b50c9ba5f3b5530d0e5749ea59837,eca954c21da074c545cb7858315ea39fee0a6f54b19e06474b4f2f91f1666847,c2f062c20887415a67df5838227a908b8620c7cc30f0498135bf17ea1ad33c5f,6031dc4ee08b61c58b35b1efd7d764739d5c7c54dc7cbe9e9a72a1e4a7098596,e2212c40566e21c680a98186ebd8e984aa80d4fd,4d4ad03b827958468b1a231e360c7ad1aa68035c25af068059838ceae6dfa6d6,0da5ee1686ead23df1f904ead1e98b7c0a817ac118d50e0e14715b5517b5194c,R1_UA_7,c5766ea75a44af8bb445fbdd53708cf3a834693420af2774e4ac126a78c898b5,development_holdout,P3,2017-03-14,861,778.0286944847087,632dac22dd04d21bccf422c09a006f23d871b5ea5272810c65aa5547cf3543ac
new_p3_training,True,tuned,UA,7,R1,3cfd389bbd05ec9201a41c0892e29bf8199198d1b216b9a8061370d4240aa583,bd1488a2d411295d7a2118c50ddcc0b158786123613af1676062e2270d1637d1,9cb89005693b1b70c102178849b740fde00b50c9ba5f3b5530d0e5749ea59837,eca954c21da074c545cb7858315ea39fee0a6f54b19e06474b4f2f91f1666847,c2f062c20887415a67df5838227a908b8620c7cc30f0498135bf17ea1ad33c5f,6031dc4ee08b61c58b35b1efd7d764739d5c7c54dc7cbe9e9a72a1e4a7098596,e2212c40566e21c680a98186ebd8e984aa80d4fd,4d4ad03b827958468b1a231e360c7ad1aa68035c25af068059838ceae6dfa6d6,0da5ee1686ead23df1f904ead1e98b7c0a817ac118d50e0e14715b5517b5194c,R1_UA_7,c5766ea75a44af8bb445fbdd53708cf3a834693420af2774e4ac126a78c898b5,development_holdout,P3,2017-03-15,884,817.6621982608335,1b36091f7ea3f01605b14b1d703a2049be292ce77c41a8cd1dc377eb2267f761
new_p3_training,True,tuned,UA,7,R1,3cfd389bbd05ec9201a41c0892e29bf8199198d1b216b9a8061370d4240aa583,bd1488a2d411295d7a2118c50ddcc0b158786123613af1676062e2270d1637d1,9cb89005693b1b70c102178849b740fde00b50c9ba5f3b5530d0e5749ea59837,eca954c21da074c545cb7858315ea39fee0a6f54b19e06474b4f2f91f1666847,c2f062c20887415a67df5838227a908b8620c7cc30f0498135bf17ea1ad33c5f,6031dc4ee08b61c58b35b1efd7d764739d5c7c54dc7cbe9e9a72a1e4a7098596,e2212c40566e21c680a98186ebd8e984aa80d4fd,4d4ad03b827958468b1a231e360c7ad1aa68035c25af068059838ceae6dfa6d6,0da5ee1686ead23df1f904ead1e98b7c0a817ac118d50e0e14715b5517b5194c,R1_UA_7,c5766ea75a44af8bb445fbdd53708cf3a834693420af2774e4ac126a78c898b5,development_holdout,P3,2017-03-16,873,826.1343262206524,1e1a3441357e1f1a70d438e46dc3fcd5ca717124f9684cd7f502ef38eabb1272
new_p3_training,True,tuned,UA,7,R1,3cfd389bbd05ec9201a41c0892e29bf8199198d1b216b9a8061370d4240aa583,bd1488a2d411295d7a2118c50ddcc0b158786123613af1676062e2270d1637d1,9cb89005693b1b70c102178849b740fde00b50c9ba5f3b5530d0e5749ea59837,eca954c21da074c545cb7858315ea39fee0a6f54b19e06474b4f2f91f1666847,c2f062c20887415a67df5838227a908b8620c7cc30f0498135bf17ea1ad33c5f,6031dc4ee08b61c58b35b1efd7d764739d5c7c54dc7cbe9e9a72a1e4a7098596,e2212c40566e21c680a98186ebd8e984aa80d4fd,4d4ad03b827958468b1a231e360c7ad1aa68035c25af068059838ceae6dfa6d6,0da5ee1686ead23df1f904ead1e98b7c0a817ac118d50e0e14715b5517b5194c,R1_UA_7,c5766ea75a44af8bb445fbdd53708cf3a834693420af2774e4ac126a78c898b5,development_holdout,P3,2017-03-17,876,830.0213806042525,6c407c552e3edaeb7fd053d59559d5185e3ebaec46075876f9a3a6870c167eec
new_p3_training,True,tuned,UA,7,R1,3cfd389bbd05ec9201a41c0892e29bf8199198d1b216b9a8061370d4240aa583,bd1488a2d411295d7a2118c50ddcc0b158786123613af1676062e2270d1637d1,9cb89005693b1b70c102178849b740fde00b50c9ba5f3b5530d0e5749ea59837,eca954c21da074c545cb7858315ea39fee0a6f54b19e06474b4f2f91f1666847,c2f062c20887415a67df5838227a908b8620c7cc30f0498135bf17ea1ad33c5f,6031dc4ee08b61c58b35b1efd7d764739d5c7c54dc7cbe9e9a72a1e4a7098596,e2212c40566e21c680a98186ebd8e984aa80d4fd,4d4ad03b827958468b1a231e360c7ad1aa68035c25af068059838ceae6dfa6d6,0da5ee1686ead23df1f904ead1e98b7c0a817ac118d50e0e14715b5517b5194c,R1_UA_7,c5766ea75a44af8bb445fbdd53708cf3a834693420af2774e4ac126a78c898b5,development_holdout,P3,2017-03-20,871,757.6552890329293,eb592329444237093ebe1d563d71dfa8255d40aae77e6ad8a9fcb85e8b52b2b1
new_p3_training,True,tuned,UA,7,R1,3cfd389bbd05ec9201a41c0892e29bf8199198d1b216b9a8061370d4240aa583,bd1488a2d411295d7a2118c50ddcc0b158786123613af1676062e2270d1637d1,9cb89005693b1b70c102178849b740fde00b50c9ba5f3b5530d0e5749ea59837,eca954c21da074c545cb7858315ea39fee0a6f54b19e06474b4f2f91f1666847,c2f062c20887415a67df5838227a908b8620c7cc30f0498135bf17ea1ad33c5f,6031dc4ee08b61c58b35b1efd7d764739d5c7c54dc7cbe9e9a72a1e4a7098596,e2212c40566e21c680a98186ebd8e984aa80d4fd,4d4ad03b827958468b1a231e360c7ad1aa68035c25af068059838ceae6dfa6d6,0da5ee1686ead23df1f904ead1e98b7c0a817ac118d50e0e14715b5517b5194c,R1_UA_7,c5766ea75a44af8bb445fbdd53708cf3a834693420af2774e4ac126a78c898b5,development_holdout,P3,2017-03-21,879,841.7496954733286,fa70aae8e6b6b6d53ec2e951658a490881eef123c45e105ec8beab9af7778faf
new_p3_training,True,tuned,UA,7,R1,3cfd389bbd05ec9201a41c0892e29bf8199198d1b216b9a8061370d4240aa583,bd1488a2d411295d7a2118c50ddcc0b158786123613af1676062e2270d1637d1,9cb89005693b1b70c102178849b740fde00b50c9ba5f3b5530d0e5749ea59837,eca954c21da074c545cb7858315ea39fee0a6f54b19e06474b4f2f91f1666847,c2f062c20887415a67df5838227a908b8620c7cc30f0498135bf17ea1ad33c5f,6031dc4ee08b61c58b35b1efd7d764739d5c7c54dc7cbe9e9a72a1e4a7098596,e2212c40566e21c680a98186ebd8e984aa80d4fd,4d4ad03b827958468b1a231e360c7ad1aa68035c25af068059838ceae6dfa6d6,0da5ee1686ead23df1f904ead1e98b7c0a817ac118d50e0e14715b5517b5194c,R1_UA_7,c5766ea75a44af8bb445fbdd53708cf3a834693420af2774e4ac126a78c898b5,development_holdout,P3,2017-03-22,875,812.7743163013504,232aa4a72164afd6433ae3f54e472d79b8d7c088c9821738af4e917803afa623
new_p3_training,True,tuned,UA,7,R1,3cfd389bbd05ec9201a41c0892e29bf8199198d1b216b9a8061370d4240aa583,bd1488a2d411295d7a2118c50ddcc0b158786123613af1676062e2270d1637d1,9cb89005693b1b70c102178849b740fde00b50c9ba5f3b5530d0e5749ea59837,eca954c21da074c545cb7858315ea39fee0a6f54b19e06474b4f2f91f1666847,c2f062c20887415a67df5838227a908b8620c7cc30f0498135bf17ea1ad33c5f,6031dc4ee08b61c58b35b1efd7d764739d5c7c54dc7cbe9e9a72a1e4a7098596,e2212c40566e21c680a98186ebd8e984aa80d4fd,4d4ad03b827958468b1a231e360c7ad1aa68035c25af068059838ceae6dfa6d6,0da5ee1686ead23df1f904ead1e98b7c0a817ac118d50e0e14715b5517b5194c,R1_UA_7,c5766ea75a44af8bb445fbdd53708cf3a834693420af2774e4ac126a78c898b5,development_holdout,P3,2017-03-23,878,834.2280424671601,b08e4af620aa9de1d82cfbb135a334d2f5155066dac07de72b3b3940d32cf77f
new_p3_training,True,tuned,UA,7,R1,3cfd389bbd05ec9201a41c0892e29bf8199198d1b216b9a8061370d4240aa583,bd1488a2d411295d7a2118c50ddcc0b158786123613af1676062e2270d1637d1,9cb89005693b1b70c102178849b740fde00b50c9ba5f3b5530d0e5749ea59837,eca954c21da074c545cb7858315ea39fee0a6f54b19e06474b4f2f91f1666847,c2f062c20887415a67df5838227a908b8620c7cc30f0498135bf17ea1ad33c5f,6031dc4ee08b61c58b35b1efd7d764739d5c7c54dc7cbe9e9a72a1e4a7098596,e2212c40566e21c680a98186ebd8e984aa80d4fd,4d4ad03b827958468b1a231e360c7ad1aa68035c25af068059838ceae6dfa6d6,0da5ee1686ead23df1f904ead1e98b7c0a817ac118d50e0e14715b5517b5194c,R1_UA_7,c5766ea75a44af8bb445fbdd53708cf3a834693420af2774e4ac126a78c898b5,validation,P0,2016-11-24,1026,990.928935071059,a01f3922ea05c5a81d65620c86ee93df4c62b51a862af47b451a033c4ec5c699
new_p3_training,True,tuned,UA,7,R1,3cfd389bbd05ec9201a41c0892e29bf8199198d1b216b9a8061370d4240aa583,bd1488a2d411295d7a2118c50ddcc0b158786123613af1676062e2270d1637d1,9cb89005693b1b70c102178849b740fde00b50c9ba5f3b5530d0e5749ea59837,eca954c21da074c545cb7858315ea39fee0a6f54b19e06474b4f2f91f1666847,c2f062c20887415a67df5838227a908b8620c7cc30f0498135bf17ea1ad33c5f,6031dc4ee08b61c58b35b1efd7d764739d5c7c54dc7cbe9e9a72a1e4a7098596,e2212c40566e21c680a98186ebd8e984aa80d4fd,4d4ad03b827958468b1a231e360c7ad1aa68035c25af068059838ceae6dfa6d6,0da5ee1686ead23df1f904ead1e98b7c0a817ac118d50e0e14715b5517b5194c,R1_UA_7,c5766ea75a44af8bb445fbdd53708cf3a834693420af2774e4ac126a78c898b5,validation,P0,2016-11-25,1026,956.9206243163637,2fc375c4842c86a3072bf7a8ddd1892fac7bae2cb44972f96507d1829d93848f
new_p3_training,True,tuned,UA,7,R1,3cfd389bbd05ec9201a41c0892e29bf8199198d1b216b9a8061370d4240aa583,bd1488a2d411295d7a2118c50ddcc0b158786123613af1676062e2270d1637d1,9cb89005693b1b70c102178849b740fde00b50c9ba5f3b5530d0e5749ea59837,eca954c21da074c545cb7858315ea39fee0a6f54b19e06474b4f2f91f1666847,c2f062c20887415a67df5838227a908b8620c7cc30f0498135bf17ea1ad33c5f,6031dc4ee08b61c58b35b1efd7d764739d5c7c54dc7cbe9e9a72a1e4a7098596,e2212c40566e21c680a98186ebd8e984aa80d4fd,4d4ad03b827958468b1a231e360c7ad1aa68035c25af068059838ceae6dfa6d6,0da5ee1686ead23df1f904ead1e98b7c0a817ac118d50e0e14715b5517b5194c,R1_UA_7,c5766ea75a44af8bb445fbdd53708cf3a834693420af2774e4ac126a78c898b5,validation,P0,2016-11-28,1026,934.7386060034605,5fbc6428693ef9e459a8ce92bc8561407116dc3d7ba0addc7860a5da6af3724f
new_p3_training,True,tuned,UA,7,R1,3cfd389bbd05ec9201a41c0892e29bf8199198d1b216b9a8061370d4240aa583,bd1488a2d411295d7a2118c50ddcc0b158786123613af1676062e2270d1637d1,9cb89005693b1b70c102178849b740fde00b50c9ba5f3b5530d0e5749ea59837,eca954c21da074c545cb7858315ea39fee0a6f54b19e06474b4f2f91f1666847,c2f062c20887415a67df5838227a908b8620c7cc30f0498135bf17ea1ad33c5f,6031dc4ee08b61c58b35b1efd7d764739d5c7c54dc7cbe9e9a72a1e4a7098596,e2212c40566e21c680a98186ebd8e984aa80d4fd,4d4ad03b827958468b1a231e360c7ad1aa68035c25af068059838ceae6dfa6d6,0da5ee1686ead23df1f904ead1e98b7c0a817ac118d50e0e14715b5517b5194c,R1_UA_7,c5766ea75a44af8bb445fbdd53708cf3a834693420af2774e4ac126a78c898b5,validation,P0,2016-11-29,1026,951.3411560118798,5bdd4cd3f4cab7b588b654e260dcf908517c98daa606fde9c4268f70779bcd29
new_p3_training,True,tuned,UA,7,R1,3cfd389bbd05ec9201a41c0892e29bf8199198d1b216b9a8061370d4240aa583,bd1488a2d411295d7a2118c50ddcc0b158786123613af1676062e2270d1637d1,9cb89005693b1b70c102178849b740fde00b50c9ba5f3b5530d0e5749ea59837,eca954c21da074c545cb7858315ea39fee0a6f54b19e06474b4f2f91f1666847,c2f062c20887415a67df5838227a908b8620c7cc30f0498135bf17ea1ad33c5f,6031dc4ee08b61c58b35b1efd7d764739d5c7c54dc7cbe9e9a72a1e4a7098596,e2212c40566e21c680a98186ebd8e984aa80d4fd,4d4ad03b827958468b1a231e360c7ad1aa68035c25af068059838ceae6dfa6d6,0da5ee1686ead23df1f904ead1e98b7c0a817ac118d50e0e14715b5517b5194c,R1_UA_7,c5766ea75a44af8bb445fbdd53708cf3a834693420af2774e4ac126a78c898b5,validation,P0,2016-11-30,1026,939.6967458530133,39036a1176b79f6cedf3e04c4644cde7cc94e79f67318ccafc0efa73803240f2
new_p3_training,True,tuned,UA,7,R1,3cfd389bbd05ec9201a41c0892e29bf8199198d1b216b9a8061370d4240aa583,bd1488a2d411295d7a2118c50ddcc0b158786123613af1676062e2270d1637d1,9cb89005693b1b70c102178849b740fde00b50c9ba5f3b5530d0e5749ea59837,eca954c21da074c545cb7858315ea39fee0a6f54b19e06474b4f2f91f1666847,c2f062c20887415a67df5838227a908b8620c7cc30f0498135bf17ea1ad33c5f,6031dc4ee08b61c58b35b1efd7d764739d5c7c54dc7cbe9e9a72a1e4a7098596,e2212c40566e21c680a98186ebd8e984aa80d4fd,4d4ad03b827958468b1a231e360c7ad1aa68035c25af068059838ceae6dfa6d6,0da5ee1686ead23df1f904ead1e98b7c0a817ac118d50e0e14715b5517b5194c,R1_UA_7,c5766ea75a44af8bb445fbdd53708cf3a834693420af2774e4ac126a78c898b5,validation,P0,2016-12-01,1026,965.1140840597322,7a7084da406639c46542a2358f6319986a90ba604411f8fd00d68cdeb4293e25
new_p3_training,True,tuned,UA,7,R1,3cfd389bbd05ec9201a41c0892e29bf8199198d1b216b9a8061370d4240aa583,bd1488a2d411295d7a2118c50ddcc0b158786123613af1676062e2270d1637d1,9cb89005693b1b70c102178849b740fde00b50c9ba5f3b5530d0e5749ea59837,eca954c21da074c545cb7858315ea39fee0a6f54b19e06474b4f2f91f1666847,c2f062c20887415a67df5838227a908b8620c7cc30f0498135bf17ea1ad33c5f,6031dc4ee08b61c58b35b1efd7d764739d5c7c54dc7cbe9e9a72a1e4a7098596,e2212c40566e21c680a98186ebd8e984aa80d4fd,4d4ad03b827958468b1a231e360c7ad1aa68035c25af068059838ceae6dfa6d6,0da5ee1686ead23df1f904ead1e98b7c0a817ac118d50e0e14715b5517b5194c,R1_UA_7,c5766ea75a44af8bb445fbdd53708cf3a834693420af2774e4ac126a78c898b5,validation,P0,2016-12-02,1026,976.5959011346147,9c7144810fb0d32097795e61a0aa102be70506ce3462aadf4c1b8ca57bd41a66
new_p3_training,True,tuned,UA,7,R1,3cfd389bbd05ec9201a41c0892e29bf8199198d1b216b9a8061370d4240aa583,bd1488a2d411295d7a2118c50ddcc0b158786123613af1676062e2270d1637d1,9cb89005693b1b70c102178849b740fde00b50c9ba5f3b5530d0e5749ea59837,eca954c21da074c545cb7858315ea39fee0a6f54b19e06474b4f2f91f1666847,c2f062c20887415a67df5838227a908b8620c7cc30f0498135bf17ea1ad33c5f,6031dc4ee08b61c58b35b1efd7d764739d5c7c54dc7cbe9e9a72a1e4a7098596,e2212c40566e21c680a98186ebd8e984aa80d4fd,4d4ad03b827958468b1a231e360c7ad1aa68035c25af068059838ceae6dfa6d6,0da5ee1686ead23df1f904ead1e98b7c0a817ac118d50e0e14715b5517b5194c,R1_UA_7,c5766ea75a44af8bb445fbdd53708cf3a834693420af2774e4ac126a78c898b5,validation,P0,2016-12-05,1026,912.394590983623,3c345965682593ca6f90f582c29776c5ce3a24b68557cf5bccc12d9efedcf4bc
new_p3_training,True,tuned,UA,7,R1,3cfd389bbd05ec9201a41c0892e29bf8199198d1b216b9a8061370d4240aa583,bd1488a2d411295d7a2118c50ddcc0b158786123613af1676062e2270d1637d1,9cb89005693b1b70c102178849b740fde00b50c9ba5f3b5530d0e5749ea59837,eca954c21da074c545cb7858315ea39fee0a6f54b19e06474b4f2f91f1666847,c2f062c20887415a67df5838227a908b8620c7cc30f0498135bf17ea1ad33c5f,6031dc4ee08b61c58b35b1efd7d764739d5c7c54dc7cbe9e9a72a1e4a7098596,e2212c40566e21c680a98186ebd8e984aa80d4fd,4d4ad03b827958468b1a231e360c7ad1aa68035c25af068059838ceae6dfa6d6,0da5ee1686ead23df1f904ead1e98b7c0a817ac118d50e0e14715b5517b5194c,R1_UA_7,c5766ea75a44af8bb445fbdd53708cf3a834693420af2774e4ac126a78c898b5,validation,P0,2016-12-06,1026,955.0489530187587,5c3fce8f356409f54769bc294a7e073ab46f3776e607aa88d9ae63c72570c20b
new_p3_training,True,tuned,UA,7,R1,3cfd389bbd05ec9201a41c0892e29bf8199198d1b216b9a8061370d4240aa583,bd1488a2d411295d7a2118c50ddcc0b158786123613af1676062e2270d1637d1,9cb89005693b1b70c102178849b740fde00b50c9ba5f3b5530d0e5749ea59837,eca954c21da074c545cb7858315ea39fee0a6f54b19e06474b4f2f91f1666847,c2f062c20887415a67df5838227a908b8620c7cc30f0498135bf17ea1ad33c5f,6031dc4ee08b61c58b35b1efd7d764739d5c7c54dc7cbe9e9a72a1e4a7098596,e2212c40566e21c680a98186ebd8e984aa80d4fd,4d4ad03b827958468b1a231e360c7ad1aa68035c25af068059838ceae6dfa6d6,0da5ee1686ead23df1f904ead1e98b7c0a817ac118d50e0e14715b5517b5194c,R1_UA_7,c5766ea75a44af8bb445fbdd53708cf3a834693420af2774e4ac126a78c898b5,validation,P0,2016-12-07,1026,958.4829249490867,6278bc6829ede40a1ac528d2b34ab2c8f7589298ac104b249f3f2f0b8166dae7
new_p3_training,True,tuned,UA,7,R1,3cfd389bbd05ec9201a41c0892e29bf8199198d1b216b9a8061370d4240aa583,bd1488a2d411295d7a2118c50ddcc0b158786123613af1676062e2270d1637d1,9cb89005693b1b70c102178849b740fde00b50c9ba5f3b5530d0e5749ea59837,eca954c21da074c545cb7858315ea39fee0a6f54b19e06474b4f2f91f1666847,c2f062c20887415a67df5838227a908b8620c7cc30f0498135bf17ea1ad33c5f,6031dc4ee08b61c58b35b1efd7d764739d5c7c54dc7cbe9e9a72a1e4a7098596,e2212c40566e21c680a98186ebd8e984aa80d4fd,4d4ad03b827958468b1a231e360c7ad1aa68035c25af068059838ceae6dfa6d6,0da5ee1686ead23df1f904ead1e98b7c0a817ac118d50e0e14715b5517b5194c,R1_UA_7,c5766ea75a44af8bb445fbdd53708cf3a834693420af2774e4ac126a78c898b5,validation,P0,2016-12-08,1026,984.997847009982,88ecc4db73cad5fc702414d8c05558c11bb84e22f27ed42e94c4836a7f848221
new_p3_training,True,tuned,UA,7,R1,3cfd389bbd05ec9201a41c0892e29bf8199198d1b216b9a8061370d4240aa583,bd1488a2d411295d7a2118c50ddcc0b158786123613af1676062e2270d1637d1,9cb89005693b1b70c102178849b740fde00b50c9ba5f3b5530d0e5749ea59837,eca954c21da074c545cb7858315ea39fee0a6f54b19e06474b4f2f91f1666847,c2f062c20887415a67df5838227a908b8620c7cc30f0498135bf17ea1ad33c5f,6031dc4ee08b61c58b35b1efd7d764739d5c7c54dc7cbe9e9a72a1e4a7098596,e2212c40566e21c680a98186ebd8e984aa80d4fd,4d4ad03b827958468b1a231e360c7ad1aa68035c25af068059838ceae6dfa6d6,0da5ee1686ead23df1f904ead1e98b7c0a817ac118d50e0e14715b5517b5194c,R1_UA_7,c5766ea75a44af8bb445fbdd53708cf3a834693420af2774e4ac126a78c898b5,validation,P0,2016-12-09,1026,958.0616836414949,8ad4b2c2f94aca34f81d72c06d847f969254a204a241594f8b0bccca9cb97904
new_p3_training,True,tuned,UA,7,R1,3cfd389bbd05ec9201a41c0892e29bf8199198d1b216b9a8061370d4240aa583,bd1488a2d411295d7a2118c50ddcc0b158786123613af1676062e2270d1637d1,9cb89005693b1b70c102178849b740fde00b50c9ba5f3b5530d0e5749ea59837,eca954c21da074c545cb7858315ea39fee0a6f54b19e06474b4f2f91f1666847,c2f062c20887415a67df5838227a908b8620c7cc30f0498135bf17ea1ad33c5f,6031dc4ee08b61c58b35b1efd7d764739d5c7c54dc7cbe9e9a72a1e4a7098596,e2212c40566e21c680a98186ebd8e984aa80d4fd,4d4ad03b827958468b1a231e360c7ad1aa68035c25af068059838ceae6dfa6d6,0da5ee1686ead23df1f904ead1e98b7c0a817ac118d50e0e14715b5517b5194c,R1_UA_7,c5766ea75a44af8bb445fbdd53708cf3a834693420af2774e4ac126a78c898b5,validation,P0,2016-12-12,1026,914.1548564753361,9e20fb0dfa0870e74c339e00d1829c4186f67e559296ceeff45dd0e44c22ac79
new_p3_training,True,tuned,UA,7,R1,3cfd389bbd05ec9201a41c0892e29bf8199198d1b216b9a8061370d4240aa583,bd1488a2d411295d7a2118c50ddcc0b158786123613af1676062e2270d1637d1,9cb89005693b1b70c102178849b740fde00b50c9ba5f3b5530d0e5749ea59837,eca954c21da074c545cb7858315ea39fee0a6f54b19e06474b4f2f91f1666847,c2f062c20887415a67df5838227a908b8620c7cc30f0498135bf17ea1ad33c5f,6031dc4ee08b61c58b35b1efd7d764739d5c7c54dc7cbe9e9a72a1e4a7098596,e2212c40566e21c680a98186ebd8e984aa80d4fd,4d4ad03b827958468b1a231e360c7ad1aa68035c25af068059838ceae6dfa6d6,0da5ee1686ead23df1f904ead1e98b7c0a817ac118d50e0e14715b5517b5194c,R1_UA_7,c5766ea75a44af8bb445fbdd53708cf3a834693420af2774e4ac126a78c898b5,validation,P0,2016-12-13,1026,926.6009751111947,05173e5c19a72d17c6535ff22ede21075901bc935760460772579435c880d6e4
new_p3_training,True,tuned,UA,7,R1,3cfd389bbd05ec9201a41c0892e29bf8199198d1b216b9a8061370d4240aa583,bd1488a2d411295d7a2118c50ddcc0b158786123613af1676062e2270d1637d1,9cb89005693b1b70c102178849b740fde00b50c9ba5f3b5530d0e5749ea59837,eca954c21da074c545cb7858315ea39fee0a6f54b19e06474b4f2f91f1666847,c2f062c20887415a67df5838227a908b8620c7cc30f0498135bf17ea1ad33c5f,6031dc4ee08b61c58b35b1efd7d764739d5c7c54dc7cbe9e9a72a1e4a7098596,e2212c40566e21c680a98186ebd8e984aa80d4fd,4d4ad03b827958468b1a231e360c7ad1aa68035c25af068059838ceae6dfa6d6,0da5ee1686ead23df1f904ead1e98b7c0a817ac118d50e0e14715b5517b5194c,R1_UA_7,c5766ea75a44af8bb445fbdd53708cf3a834693420af2774e4ac126a78c898b5,validation,P0,2016-12-14,1026,934.385038755504,92bb904055a9ef04b0489d8aeca1498d8ec0fbbfac78a6a6d8a88f104eeb6229
new_p3_training,True,tuned,UA,7,R1,3cfd389bbd05ec9201a41c0892e29bf8199198d1b216b9a8061370d4240aa583,bd1488a2d411295d7a2118c50ddcc0b158786123613af1676062e2270d1637d1,9cb89005693b1b70c102178849b740fde00b50c9ba5f3b5530d0e5749ea59837,eca954c21da074c545cb7858315ea39fee0a6f54b19e06474b4f2f91f1666847,c2f062c20887415a67df5838227a908b8620c7cc30f0498135bf17ea1ad33c5f,6031dc4ee08b61c58b35b1efd7d764739d5c7c54dc7cbe9e9a72a1e4a7098596,e2212c40566e21c680a98186ebd8e984aa80d4fd,4d4ad03b827958468b1a231e360c7ad1aa68035c25af068059838ceae6dfa6d6,0da5ee1686ead23df1f904ead1e98b7c0a817ac118d50e0e14715b5517b5194c,R1_UA_7,c5766ea75a44af8bb445fbdd53708cf3a834693420af2774e4ac126a78c898b5,validation,P0,2016-12-15,1026,947.0020417631815,f5036c964f66db78c7cb4f069372b5d379b9f9c18e939dee3c5af1675d2aeaed
new_p3_training,True,tuned,UA,7,R1,3cfd389bbd05ec9201a41c0892e29bf8199198d1b216b9a8061370d4240aa583,bd1488a2d411295d7a2118c50ddcc0b158786123613af1676062e2270d1637d1,9cb89005693b1b70c102178849b740fde00b50c9ba5f3b5530d0e5749ea59837,eca954c21da074c545cb7858315ea39fee0a6f54b19e06474b4f2f91f1666847,c2f062c20887415a67df5838227a908b8620c7cc30f0498135bf17ea1ad33c5f,6031dc4ee08b61c58b35b1efd7d764739d5c7c54dc7cbe9e9a72a1e4a7098596,e2212c40566e21c680a98186ebd8e984aa80d4fd,4d4ad03b827958468b1a231e360c7ad1aa68035c25af068059838ceae6dfa6d6,0da5ee1686ead23df1f904ead1e98b7c0a817ac118d50e0e14715b5517b5194c,R1_UA_7,c5766ea75a44af8bb445fbdd53708cf3a834693420af2774e4ac126a78c898b5,validation,P0,2016-12-16,1026,910.136644302209,bdb7a66c8e2366465bd55739933a2f40633c0de0cf332f1690d03652b1ea1c6d
new_p3_training,True,tuned,UA,7,R1,3cfd389bbd05ec9201a41c0892e29bf8199198d1b216b9a8061370d4240aa583,bd1488a2d411295d7a2118c50ddcc0b158786123613af1676062e2270d1637d1,9cb89005693b1b70c102178849b740fde00b50c9ba5f3b5530d0e5749ea59837,eca954c21da074c545cb7858315ea39fee0a6f54b19e06474b4f2f91f1666847,c2f062c20887415a67df5838227a908b8620c7cc30f0498135bf17ea1ad33c5f,6031dc4ee08b61c58b35b1efd7d764739d5c7c54dc7cbe9e9a72a1e4a7098596,e2212c40566e21c680a98186ebd8e984aa80d4fd,4d4ad03b827958468b1a231e360c7ad1aa68035c25af068059838ceae6dfa6d6,0da5ee1686ead23df1f904ead1e98b7c0a817ac118d50e0e14715b5517b5194c,R1_UA_7,c5766ea75a44af8bb445fbdd53708cf3a834693420af2774e4ac126a78c898b5,validation,P0,2016-12-19,1026,923.7274243233744,992a1cbaa4e9817cb8635275a0f14fe3eb82ca6de7c4219756909dcc31973d72
new_p3_training,True,tuned,UA,7,R1,3cfd389bbd05ec9201a41c0892e29bf8199198d1b216b9a8061370d4240aa583,bd1488a2d411295d7a2118c50ddcc0b158786123613af1676062e2270d1637d1,9cb89005693b1b70c102178849b740fde00b50c9ba5f3b5530d0e5749ea59837,eca954c21da074c545cb7858315ea39fee0a6f54b19e06474b4f2f91f1666847,c2f062c20887415a67df5838227a908b8620c7cc30f0498135bf17ea1ad33c5f,6031dc4ee08b61c58b35b1efd7d764739d5c7c54dc7cbe9e9a72a1e4a7098596,e2212c40566e21c680a98186ebd8e984aa80d4fd,4d4ad03b827958468b1a231e360c7ad1aa68035c25af068059838ceae6dfa6d6,0da5ee1686ead23df1f904ead1e98b7c0a817ac118d50e0e14715b5517b5194c,R1_UA_7,c5766ea75a44af8bb445fbdd53708cf3a834693420af2774e4ac126a78c898b5,validation,P0,2016-12-20,1026,898.7400053911941,67cee2f28c1f3557cf030c3edde496f899ded4e03be592910546d6d7bbf131db
new_p3_training,True,tuned,UA,7,R1,3cfd389bbd05ec9201a41c0892e29bf8199198d1b216b9a8061370d4240aa583,bd1488a2d411295d7a2118c50ddcc0b158786123613af1676062e2270d1637d1,9cb89005693b1b70c102178849b740fde00b50c9ba5f3b5530d0e5749ea59837,eca954c21da074c545cb7858315ea39fee0a6f54b19e06474b4f2f91f1666847,c2f062c20887415a67df5838227a908b8620c7cc30f0498135bf17ea1ad33c5f,6031dc4ee08b61c58b35b1efd7d764739d5c7c54dc7cbe9e9a72a1e4a7098596,e2212c40566e21c680a98186ebd8e984aa80d4fd,4d4ad03b827958468b1a231e360c7ad1aa68035c25af068059838ceae6dfa6d6,0da5ee1686ead23df1f904ead1e98b7c0a817ac118d50e0e14715b5517b5194c,R1_UA_7,c5766ea75a44af8bb445fbdd53708cf3a834693420af2774e4ac126a78c898b5,validation,P0,2016-12-21,1026,927.664563033525,1b969e437d835a0c015cafc14ff42a83de933e3f899030be61ef480a3c971b80
new_p3_training,True,tuned,UA,7,R1,3cfd389bbd05ec9201a41c0892e29bf8199198d1b216b9a8061370d4240aa583,bd1488a2d411295d7a2118c50ddcc0b158786123613af1676062e2270d1637d1,9cb89005693b1b70c102178849b740fde00b50c9ba5f3b5530d0e5749ea59837,eca954c21da074c545cb7858315ea39fee0a6f54b19e06474b4f2f91f1666847,c2f062c20887415a67df5838227a908b8620c7cc30f0498135bf17ea1ad33c5f,6031dc4ee08b61c58b35b1efd7d764739d5c7c54dc7cbe9e9a72a1e4a7098596,e2212c40566e21c680a98186ebd8e984aa80d4fd,4d4ad03b827958468b1a231e360c7ad1aa68035c25af068059838ceae6dfa6d6,0da5ee1686ead23df1f904ead1e98b7c0a817ac118d50e0e14715b5517b5194c,R1_UA_7,c5766ea75a44af8bb445fbdd53708cf3a834693420af2774e4ac126a78c898b5,validation,P0,2016-12-22,1026,931.9780261333096,0ff4496169b193d2d0fb579c6667a83d4787ec594d58db6a176fd1bf53b442d5
new_p3_training,True,tuned,UA,7,R1,3cfd389bbd05ec9201a41c0892e29bf8199198d1b216b9a8061370d4240aa583,bd1488a2d411295d7a2118c50ddcc0b158786123613af1676062e2270d1637d1,9cb89005693b1b70c102178849b740fde00b50c9ba5f3b5530d0e5749ea59837,eca954c21da074c545cb7858315ea39fee0a6f54b19e06474b4f2f91f1666847,c2f062c20887415a67df5838227a908b8620c7cc30f0498135bf17ea1ad33c5f,6031dc4ee08b61c58b35b1efd7d764739d5c7c54dc7cbe9e9a72a1e4a7098596,e2212c40566e21c680a98186ebd8e984aa80d4fd,4d4ad03b827958468b1a231e360c7ad1aa68035c25af068059838ceae6dfa6d6,0da5ee1686ead23df1f904ead1e98b7c0a817ac118d50e0e14715b5517b5194c,R1_UA_7,c5766ea75a44af8bb445fbdd53708cf3a834693420af2774e4ac126a78c898b5,validation,P0,2016-12-23,1026,852.0702154746155,d5f23999f159c7db326a5f394f852f29e0d86a34a7c3737e9cb6d202ada95334
new_p3_training,True,tuned,UA,7,R1,3cfd389bbd05ec9201a41c0892e29bf8199198d1b216b9a8061370d4240aa583,bd1488a2d411295d7a2118c50ddcc0b158786123613af1676062e2270d1637d1,9cb89005693b1b70c102178849b740fde00b50c9ba5f3b5530d0e5749ea59837,eca954c21da074c545cb7858315ea39fee0a6f54b19e06474b4f2f91f1666847,c2f062c20887415a67df5838227a908b8620c7cc30f0498135bf17ea1ad33c5f,6031dc4ee08b61c58b35b1efd7d764739d5c7c54dc7cbe9e9a72a1e4a7098596,e2212c40566e21c680a98186ebd8e984aa80d4fd,4d4ad03b827958468b1a231e360c7ad1aa68035c25af068059838ceae6dfa6d6,0da5ee1686ead23df1f904ead1e98b7c0a817ac118d50e0e14715b5517b5194c,R1_UA_7,c5766ea75a44af8bb445fbdd53708cf3a834693420af2774e4ac126a78c898b5,validation,P0,2016-12-26,1026,900.6545243990705,0b51a1571077ecbcf34d6d97224a1d05b4e51a5a57712ae4bffa408989d83303
new_p3_training,True,tuned,UA,7,R1,3cfd389bbd05ec9201a41c0892e29bf8199198d1b216b9a8061370d4240aa583,bd1488a2d411295d7a2118c50ddcc0b158786123613af1676062e2270d1637d1,9cb89005693b1b70c102178849b740fde00b50c9ba5f3b5530d0e5749ea59837,eca954c21da074c545cb7858315ea39fee0a6f54b19e06474b4f2f91f1666847,c2f062c20887415a67df5838227a908b8620c7cc30f0498135bf17ea1ad33c5f,6031dc4ee08b61c58b35b1efd7d764739d5c7c54dc7cbe9e9a72a1e4a7098596,e2212c40566e21c680a98186ebd8e984aa80d4fd,4d4ad03b827958468b1a231e360c7ad1aa68035c25af068059838ceae6dfa6d6,0da5ee1686ead23df1f904ead1e98b7c0a817ac118d50e0e14715b5517b5194c,R1_UA_7,c5766ea75a44af8bb445fbdd53708cf3a834693420af2774e4ac126a78c898b5,validation,P0,2016-12-27,1026,886.2623668928845,fce9fb83c79b030f3779a8cf5db6dc71f7c5002558f7d0eafcaabe52b4377c13
new_p3_training,True,tuned,UA,7,R1,3cfd389bbd05ec9201a41c0892e29bf8199198d1b216b9a8061370d4240aa583,bd1488a2d411295d7a2118c50ddcc0b158786123613af1676062e2270d1637d1,9cb89005693b1b70c102178849b740fde00b50c9ba5f3b5530d0e5749ea59837,eca954c21da074c545cb7858315ea39fee0a6f54b19e06474b4f2f91f1666847,c2f062c20887415a67df5838227a908b8620c7cc30f0498135bf17ea1ad33c5f,6031dc4ee08b61c58b35b1efd7d764739d5c7c54dc7cbe9e9a72a1e4a7098596,e2212c40566e21c680a98186ebd8e984aa80d4fd,4d4ad03b827958468b1a231e360c7ad1aa68035c25af068059838ceae6dfa6d6,0da5ee1686ead23df1f904ead1e98b7c0a817ac118d50e0e14715b5517b5194c,R1_UA_7,c5766ea75a44af8bb445fbdd53708cf3a834693420af2774e4ac126a78c898b5,validation,P0,2016-12-28,1026,886.6934922436948,e4006aeed80ac3a310129588120eb6ffa099b3d84850f4ce38d86e663ead5371
new_p3_training,True,tuned,UA,7,R1,3cfd389bbd05ec9201a41c0892e29bf8199198d1b216b9a8061370d4240aa583,bd1488a2d411295d7a2118c50ddcc0b158786123613af1676062e2270d1637d1,9cb89005693b1b70c102178849b740fde00b50c9ba5f3b5530d0e5749ea59837,eca954c21da074c545cb7858315ea39fee0a6f54b19e06474b4f2f91f1666847,c2f062c20887415a67df5838227a908b8620c7cc30f0498135bf17ea1ad33c5f,6031dc4ee08b61c58b35b1efd7d764739d5c7c54dc7cbe9e9a72a1e4a7098596,e2212c40566e21c680a98186ebd8e984aa80d4fd,4d4ad03b827958468b1a231e360c7ad1aa68035c25af068059838ceae6dfa6d6,0da5ee1686ead23df1f904ead1e98b7c0a817ac118d50e0e14715b5517b5194c,R1_UA_7,c5766ea75a44af8bb445fbdd53708cf3a834693420af2774e4ac126a78c898b5,validation,P0,2016-12-29,1026,920.0208916848608,fb0dc922923d17ab35ff33ce95697502ca589e51aed66612e234a0f01017625f
new_p3_training,True,tuned,UA,7,R1,3cfd389bbd05ec9201a41c0892e29bf8199198d1b216b9a8061370d4240aa583,bd1488a2d411295d7a2118c50ddcc0b158786123613af1676062e2270d1637d1,9cb89005693b1b70c102178849b740fde00b50c9ba5f3b5530d0e5749ea59837,eca954c21da074c545cb7858315ea39fee0a6f54b19e06474b4f2f91f1666847,c2f062c20887415a67df5838227a908b8620c7cc30f0498135bf17ea1ad33c5f,6031dc4ee08b61c58b35b1efd7d764739d5c7c54dc7cbe9e9a72a1e4a7098596,e2212c40566e21c680a98186ebd8e984aa80d4fd,4d4ad03b827958468b1a231e360c7ad1aa68035c25af068059838ceae6dfa6d6,0da5ee1686ead23df1f904ead1e98b7c0a817ac118d50e0e14715b5517b5194c,R1_UA_7,c5766ea75a44af8bb445fbdd53708cf3a834693420af2774e4ac126a78c898b5,validation,P0,2017-01-02,1026,869.7277968804044,a77c1b341aa8cc00c2744296fd294159b85d4ed86d48cb9eb5fc8fb90b9f782a
new_p3_training,True,tuned,UA,7,R1,3cfd389bbd05ec9201a41c0892e29bf8199198d1b216b9a8061370d4240aa583,bd1488a2d411295d7a2118c50ddcc0b158786123613af1676062e2270d1637d1,9cb89005693b1b70c102178849b740fde00b50c9ba5f3b5530d0e5749ea59837,eca954c21da074c545cb7858315ea39fee0a6f54b19e06474b4f2f91f1666847,c2f062c20887415a67df5838227a908b8620c7cc30f0498135bf17ea1ad33c5f,6031dc4ee08b61c58b35b1efd7d764739d5c7c54dc7cbe9e9a72a1e4a7098596,e2212c40566e21c680a98186ebd8e984aa80d4fd,4d4ad03b827958468b1a231e360c7ad1aa68035c25af068059838ceae6dfa6d6,0da5ee1686ead23df1f904ead1e98b7c0a817ac118d50e0e14715b5517b5194c,R1_UA_7,c5766ea75a44af8bb445fbdd53708cf3a834693420af2774e4ac126a78c898b5,validation,P0,2017-01-03,1026,915.9371415757171,0bafc85e6c77f43a7d861c283517fd7087711b32383e1db59ee7baaceef1db66
new_p3_training,True,tuned,UA,7,R1,3cfd389bbd05ec9201a41c0892e29bf8199198d1b216b9a8061370d4240aa583,bd1488a2d411295d7a2118c50ddcc0b158786123613af1676062e2270d1637d1,9cb89005693b1b70c102178849b740fde00b50c9ba5f3b5530d0e5749ea59837,eca954c21da074c545cb7858315ea39fee0a6f54b19e06474b4f2f91f1666847,c2f062c20887415a67df5838227a908b8620c7cc30f0498135bf17ea1ad33c5f,6031dc4ee08b61c58b35b1efd7d764739d5c7c54dc7cbe9e9a72a1e4a7098596,e2212c40566e21c680a98186ebd8e984aa80d4fd,4d4ad03b827958468b1a231e360c7ad1aa68035c25af068059838ceae6dfa6d6,0da5ee1686ead23df1f904ead1e98b7c0a817ac118d50e0e14715b5517b5194c,R1_UA_7,c5766ea75a44af8bb445fbdd53708cf3a834693420af2774e4ac126a78c898b5,validation,P0,2017-01-04,1026,919.6777228951619,6f58696af23b100e48f8ade6a9c037c2d3f3142301f940c6a72eb2b17b8de298
new_p3_training,True,tuned,UA,7,R1,3cfd389bbd05ec9201a41c0892e29bf8199198d1b216b9a8061370d4240aa583,bd1488a2d411295d7a2118c50ddcc0b158786123613af1676062e2270d1637d1,9cb89005693b1b70c102178849b740fde00b50c9ba5f3b5530d0e5749ea59837,eca954c21da074c545cb7858315ea39fee0a6f54b19e06474b4f2f91f1666847,c2f062c20887415a67df5838227a908b8620c7cc30f0498135bf17ea1ad33c5f,6031dc4ee08b61c58b35b1efd7d764739d5c7c54dc7cbe9e9a72a1e4a7098596,e2212c40566e21c680a98186ebd8e984aa80d4fd,4d4ad03b827958468b1a231e360c7ad1aa68035c25af068059838ceae6dfa6d6,0da5ee1686ead23df1f904ead1e98b7c0a817ac118d50e0e14715b5517b5194c,R1_UA_7,c5766ea75a44af8bb445fbdd53708cf3a834693420af2774e4ac126a78c898b5,validation,P0,2017-01-05,1026,922.1229814184585,e10ea6831518d0a692934017de453caf4b06e768eeb4d5bcabc648c70e919b0c
new_p3_training,True,tuned,UA,7,R1,3cfd389bbd05ec9201a41c0892e29bf8199198d1b216b9a8061370d4240aa583,bd1488a2d411295d7a2118c50ddcc0b158786123613af1676062e2270d1637d1,9cb89005693b1b70c102178849b740fde00b50c9ba5f3b5530d0e5749ea59837,eca954c21da074c545cb7858315ea39fee0a6f54b19e06474b4f2f91f1666847,c2f062c20887415a67df5838227a908b8620c7cc30f0498135bf17ea1ad33c5f,6031dc4ee08b61c58b35b1efd7d764739d5c7c54dc7cbe9e9a72a1e4a7098596,e2212c40566e21c680a98186ebd8e984aa80d4fd,4d4ad03b827958468b1a231e360c7ad1aa68035c25af068059838ceae6dfa6d6,0da5ee1686ead23df1f904ead1e98b7c0a817ac118d50e0e14715b5517b5194c,R1_UA_7,c5766ea75a44af8bb445fbdd53708cf3a834693420af2774e4ac126a78c898b5,validation,P0,2017-01-06,1026,859.8213904295656,d7b3c062b02cb1a77c85badf4907e604e78ad67281a76669691695b2e83f27cc
new_p3_training,True,tuned,UA,7,R1,3cfd389bbd05ec9201a41c0892e29bf8199198d1b216b9a8061370d4240aa583,bd1488a2d411295d7a2118c50ddcc0b158786123613af1676062e2270d1637d1,9cb89005693b1b70c102178849b740fde00b50c9ba5f3b5530d0e5749ea59837,eca954c21da074c545cb7858315ea39fee0a6f54b19e06474b4f2f91f1666847,c2f062c20887415a67df5838227a908b8620c7cc30f0498135bf17ea1ad33c5f,6031dc4ee08b61c58b35b1efd7d764739d5c7c54dc7cbe9e9a72a1e4a7098596,e2212c40566e21c680a98186ebd8e984aa80d4fd,4d4ad03b827958468b1a231e360c7ad1aa68035c25af068059838ceae6dfa6d6,0da5ee1686ead23df1f904ead1e98b7c0a817ac118d50e0e14715b5517b5194c,R1_UA_7,c5766ea75a44af8bb445fbdd53708cf3a834693420af2774e4ac126a78c898b5,validation,P0,2017-01-09,1026,887.2533103491297,6d1319c0a1bb8cb2148017aed76fcfeb629a14a3378f0bf9340bfa5cc552bbe6
new_p3_training,True,tuned,UA,7,R1,3cfd389bbd05ec9201a41c0892e29bf8199198d1b216b9a8061370d4240aa583,bd1488a2d411295d7a2118c50ddcc0b158786123613af1676062e2270d1637d1,9cb89005693b1b70c102178849b740fde00b50c9ba5f3b5530d0e5749ea59837,eca954c21da074c545cb7858315ea39fee0a6f54b19e06474b4f2f91f1666847,c2f062c20887415a67df5838227a908b8620c7cc30f0498135bf17ea1ad33c5f,6031dc4ee08b61c58b35b1efd7d764739d5c7c54dc7cbe9e9a72a1e4a7098596,e2212c40566e21c680a98186ebd8e984aa80d4fd,4d4ad03b827958468b1a231e360c7ad1aa68035c25af068059838ceae6dfa6d6,0da5ee1686ead23df1f904ead1e98b7c0a817ac118d50e0e14715b5517b5194c,R1_UA_7,c5766ea75a44af8bb445fbdd53708cf3a834693420af2774e4ac126a78c898b5,validation,P0,2017-01-10,1026,894.4084130102883,38c981f6b96d850fbb0172b208b8f4166a48933dbeac0f970e4bce048cbea12b
new_p3_training,True,tuned,UA,7,R1,3cfd389bbd05ec9201a41c0892e29bf8199198d1b216b9a8061370d4240aa583,bd1488a2d411295d7a2118c50ddcc0b158786123613af1676062e2270d1637d1,9cb89005693b1b70c102178849b740fde00b50c9ba5f3b5530d0e5749ea59837,eca954c21da074c545cb7858315ea39fee0a6f54b19e06474b4f2f91f1666847,c2f062c20887415a67df5838227a908b8620c7cc30f0498135bf17ea1ad33c5f,6031dc4ee08b61c58b35b1efd7d764739d5c7c54dc7cbe9e9a72a1e4a7098596,e2212c40566e21c680a98186ebd8e984aa80d4fd,4d4ad03b827958468b1a231e360c7ad1aa68035c25af068059838ceae6dfa6d6,0da5ee1686ead23df1f904ead1e98b7c0a817ac118d50e0e14715b5517b5194c,R1_UA_7,c5766ea75a44af8bb445fbdd53708cf3a834693420af2774e4ac126a78c898b5,validation,P0,2017-01-11,1026,958.9148728530276,28b32f28a192ce24b48cfaabfe1aee360b501d94bdf3715cfee70eedb609d1d8
new_p3_training,True,tuned,UA,7,R1,3cfd389bbd05ec9201a41c0892e29bf8199198d1b216b9a8061370d4240aa583,bd1488a2d411295d7a2118c50ddcc0b158786123613af1676062e2270d1637d1,9cb89005693b1b70c102178849b740fde00b50c9ba5f3b5530d0e5749ea59837,eca954c21da074c545cb7858315ea39fee0a6f54b19e06474b4f2f91f1666847,c2f062c20887415a67df5838227a908b8620c7cc30f0498135bf17ea1ad33c5f,6031dc4ee08b61c58b35b1efd7d764739d5c7c54dc7cbe9e9a72a1e4a7098596,e2212c40566e21c680a98186ebd8e984aa80d4fd,4d4ad03b827958468b1a231e360c7ad1aa68035c25af068059838ceae6dfa6d6,0da5ee1686ead23df1f904ead1e98b7c0a817ac118d50e0e14715b5517b5194c,R1_UA_7,c5766ea75a44af8bb445fbdd53708cf3a834693420af2774e4ac126a78c898b5,validation,P0,2017-01-12,1026,929.9216777212738,9f8848833c9b72499e1126f6ab5f8a83a3002b43c60a9339c70dec6ef8a941b4
new_p3_training,True,tuned,UA,7,R1,3cfd389bbd05ec9201a41c0892e29bf8199198d1b216b9a8061370d4240aa583,bd1488a2d411295d7a2118c50ddcc0b158786123613af1676062e2270d1637d1,9cb89005693b1b70c102178849b740fde00b50c9ba5f3b5530d0e5749ea59837,eca954c21da074c545cb7858315ea39fee0a6f54b19e06474b4f2f91f1666847,c2f062c20887415a67df5838227a908b8620c7cc30f0498135bf17ea1ad33c5f,6031dc4ee08b61c58b35b1efd7d764739d5c7c54dc7cbe9e9a72a1e4a7098596,e2212c40566e21c680a98186ebd8e984aa80d4fd,4d4ad03b827958468b1a231e360c7ad1aa68035c25af068059838ceae6dfa6d6,0da5ee1686ead23df1f904ead1e98b7c0a817ac118d50e0e14715b5517b5194c,R1_UA_7,c5766ea75a44af8bb445fbdd53708cf3a834693420af2774e4ac126a78c898b5,validation,P0,2017-01-13,1026,918.714869119631,5ffc4144c922ac2bcc97c65219a14330bd2ba160bf297257e29d23155c3dd183
new_p3_training,True,tuned,UA,7,R1,3cfd389bbd05ec9201a41c0892e29bf8199198d1b216b9a8061370d4240aa583,bd1488a2d411295d7a2118c50ddcc0b158786123613af1676062e2270d1637d1,9cb89005693b1b70c102178849b740fde00b50c9ba5f3b5530d0e5749ea59837,eca954c21da074c545cb7858315ea39fee0a6f54b19e06474b4f2f91f1666847,c2f062c20887415a67df5838227a908b8620c7cc30f0498135bf17ea1ad33c5f,6031dc4ee08b61c58b35b1efd7d764739d5c7c54dc7cbe9e9a72a1e4a7098596,e2212c40566e21c680a98186ebd8e984aa80d4fd,4d4ad03b827958468b1a231e360c7ad1aa68035c25af068059838ceae6dfa6d6,0da5ee1686ead23df1f904ead1e98b7c0a817ac118d50e0e14715b5517b5194c,R1_UA_7,c5766ea75a44af8bb445fbdd53708cf3a834693420af2774e4ac126a78c898b5,validation,P0,2017-01-16,1026,935.6165061954042,e0c063f43bda4efaa1e6a19ed21a9b6e9d87573713fcf3f7ac091c42d2ba0dae
new_p3_training,True,tuned,UA,7,R1,3cfd389bbd05ec9201a41c0892e29bf8199198d1b216b9a8061370d4240aa583,bd1488a2d411295d7a2118c50ddcc0b158786123613af1676062e2270d1637d1,9cb89005693b1b70c102178849b740fde00b50c9ba5f3b5530d0e5749ea59837,eca954c21da074c545cb7858315ea39fee0a6f54b19e06474b4f2f91f1666847,c2f062c20887415a67df5838227a908b8620c7cc30f0498135bf17ea1ad33c5f,6031dc4ee08b61c58b35b1efd7d764739d5c7c54dc7cbe9e9a72a1e4a7098596,e2212c40566e21c680a98186ebd8e984aa80d4fd,4d4ad03b827958468b1a231e360c7ad1aa68035c25af068059838ceae6dfa6d6,0da5ee1686ead23df1f904ead1e98b7c0a817ac118d50e0e14715b5517b5194c,R1_UA_7,c5766ea75a44af8bb445fbdd53708cf3a834693420af2774e4ac126a78c898b5,validation,P0,2017-01-17,1026,935.4164064467795,6801985e0fa645315cea4f8811707aa56f178bd3244116480e2c4e81f51b82ef
new_p3_training,True,tuned,UA,7,R1,3cfd389bbd05ec9201a41c0892e29bf8199198d1b216b9a8061370d4240aa583,bd1488a2d411295d7a2118c50ddcc0b158786123613af1676062e2270d1637d1,9cb89005693b1b70c102178849b740fde00b50c9ba5f3b5530d0e5749ea59837,eca954c21da074c545cb7858315ea39fee0a6f54b19e06474b4f2f91f1666847,c2f062c20887415a67df5838227a908b8620c7cc30f0498135bf17ea1ad33c5f,6031dc4ee08b61c58b35b1efd7d764739d5c7c54dc7cbe9e9a72a1e4a7098596,e2212c40566e21c680a98186ebd8e984aa80d4fd,4d4ad03b827958468b1a231e360c7ad1aa68035c25af068059838ceae6dfa6d6,0da5ee1686ead23df1f904ead1e98b7c0a817ac118d50e0e14715b5517b5194c,R1_UA_7,c5766ea75a44af8bb445fbdd53708cf3a834693420af2774e4ac126a78c898b5,validation,P0,2017-01-18,1026,940.3420320818625,31b46452739e813c453d86882159994d9abcff32bab1d5c3ed5c13917dc3fb4a
new_p3_training,True,tuned,UA,7,R1,3cfd389bbd05ec9201a41c0892e29bf8199198d1b216b9a8061370d4240aa583,bd1488a2d411295d7a2118c50ddcc0b158786123613af1676062e2270d1637d1,9cb89005693b1b70c102178849b740fde00b50c9ba5f3b5530d0e5749ea59837,eca954c21da074c545cb7858315ea39fee0a6f54b19e06474b4f2f91f1666847,c2f062c20887415a67df5838227a908b8620c7cc30f0498135bf17ea1ad33c5f,6031dc4ee08b61c58b35b1efd7d764739d5c7c54dc7cbe9e9a72a1e4a7098596,e2212c40566e21c680a98186ebd8e984aa80d4fd,4d4ad03b827958468b1a231e360c7ad1aa68035c25af068059838ceae6dfa6d6,0da5ee1686ead23df1f904ead1e98b7c0a817ac118d50e0e14715b5517b5194c,R1_UA_7,c5766ea75a44af8bb445fbdd53708cf3a834693420af2774e4ac126a78c898b5,validation,P0,2017-01-19,1026,1007.8541886628223,58e06dd8c83ca0fa09b099e39e574937af9c49c038c0d2edc9fa591facd6813b
new_p3_training,True,tuned,UA,7,R1,3cfd389bbd05ec9201a41c0892e29bf8199198d1b216b9a8061370d4240aa583,bd1488a2d411295d7a2118c50ddcc0b158786123613af1676062e2270d1637d1,9cb89005693b1b70c102178849b740fde00b50c9ba5f3b5530d0e5749ea59837,eca954c21da074c545cb7858315ea39fee0a6f54b19e06474b4f2f91f1666847,c2f062c20887415a67df5838227a908b8620c7cc30f0498135bf17ea1ad33c5f,6031dc4ee08b61c58b35b1efd7d764739d5c7c54dc7cbe9e9a72a1e4a7098596,e2212c40566e21c680a98186ebd8e984aa80d4fd,4d4ad03b827958468b1a231e360c7ad1aa68035c25af068059838ceae6dfa6d6,0da5ee1686ead23df1f904ead1e98b7c0a817ac118d50e0e14715b5517b5194c,R1_UA_7,c5766ea75a44af8bb445fbdd53708cf3a834693420af2774e4ac126a78c898b5,validation,P0,2017-01-20,1026,910.6584238685606,26c0b5fb08709271fad8d080402d9737891ec3cf0b19405be383e966a37ec89a
new_p3_training,True,tuned,UA,7,R1,3cfd389bbd05ec9201a41c0892e29bf8199198d1b216b9a8061370d4240aa583,bd1488a2d411295d7a2118c50ddcc0b158786123613af1676062e2270d1637d1,9cb89005693b1b70c102178849b740fde00b50c9ba5f3b5530d0e5749ea59837,eca954c21da074c545cb7858315ea39fee0a6f54b19e06474b4f2f91f1666847,c2f062c20887415a67df5838227a908b8620c7cc30f0498135bf17ea1ad33c5f,6031dc4ee08b61c58b35b1efd7d764739d5c7c54dc7cbe9e9a72a1e4a7098596,e2212c40566e21c680a98186ebd8e984aa80d4fd,4d4ad03b827958468b1a231e360c7ad1aa68035c25af068059838ceae6dfa6d6,0da5ee1686ead23df1f904ead1e98b7c0a817ac118d50e0e14715b5517b5194c,R1_UA_7,c5766ea75a44af8bb445fbdd53708cf3a834693420af2774e4ac126a78c898b5,validation,P0,2017-01-23,1026,922.5491662157337,673ff933ca378167a898f21e8cb0c03d988e1ab2f9e7fb1c1a07eba5ed993aa7
new_p3_training,True,tuned,UA,7,R1,3cfd389bbd05ec9201a41c0892e29bf8199198d1b216b9a8061370d4240aa583,bd1488a2d411295d7a2118c50ddcc0b158786123613af1676062e2270d1637d1,9cb89005693b1b70c102178849b740fde00b50c9ba5f3b5530d0e5749ea59837,eca954c21da074c545cb7858315ea39fee0a6f54b19e06474b4f2f91f1666847,c2f062c20887415a67df5838227a908b8620c7cc30f0498135bf17ea1ad33c5f,6031dc4ee08b61c58b35b1efd7d764739d5c7c54dc7cbe9e9a72a1e4a7098596,e2212c40566e21c680a98186ebd8e984aa80d4fd,4d4ad03b827958468b1a231e360c7ad1aa68035c25af068059838ceae6dfa6d6,0da5ee1686ead23df1f904ead1e98b7c0a817ac118d50e0e14715b5517b5194c,R1_UA_7,c5766ea75a44af8bb445fbdd53708cf3a834693420af2774e4ac126a78c898b5,validation,P0,2017-01-24,1026,902.5211150299211,e173545170bcc7f4cff2c98a815136bd5fdae57189c70e7739d80c6e2418610f
new_p3_training,True,tuned,UA,7,R1,3cfd389bbd05ec9201a41c0892e29bf8199198d1b216b9a8061370d4240aa583,bd1488a2d411295d7a2118c50ddcc0b158786123613af1676062e2270d1637d1,9cb89005693b1b70c102178849b740fde00b50c9ba5f3b5530d0e5749ea59837,eca954c21da074c545cb7858315ea39fee0a6f54b19e06474b4f2f91f1666847,c2f062c20887415a67df5838227a908b8620c7cc30f0498135bf17ea1ad33c5f,6031dc4ee08b61c58b35b1efd7d764739d5c7c54dc7cbe9e9a72a1e4a7098596,e2212c40566e21c680a98186ebd8e984aa80d4fd,4d4ad03b827958468b1a231e360c7ad1aa68035c25af068059838ceae6dfa6d6,0da5ee1686ead23df1f904ead1e98b7c0a817ac118d50e0e14715b5517b5194c,R1_UA_7,c5766ea75a44af8bb445fbdd53708cf3a834693420af2774e4ac126a78c898b5,validation,P0,2017-01-25,1026,926.3086592792802,78933ec9aa86e9262fdfd38d4758e616bdcd48511df0cd5c0065637b731bcc21
new_p3_training,True,tuned,UA,7,R1,3cfd389bbd05ec9201a41c0892e29bf8199198d1b216b9a8061370d4240aa583,bd1488a2d411295d7a2118c50ddcc0b158786123613af1676062e2270d1637d1,9cb89005693b1b70c102178849b740fde00b50c9ba5f3b5530d0e5749ea59837,eca954c21da074c545cb7858315ea39fee0a6f54b19e06474b4f2f91f1666847,c2f062c20887415a67df5838227a908b8620c7cc30f0498135bf17ea1ad33c5f,6031dc4ee08b61c58b35b1efd7d764739d5c7c54dc7cbe9e9a72a1e4a7098596,e2212c40566e21c680a98186ebd8e984aa80d4fd,4d4ad03b827958468b1a231e360c7ad1aa68035c25af068059838ceae6dfa6d6,0da5ee1686ead23df1f904ead1e98b7c0a817ac118d50e0e14715b5517b5194c,R1_UA_7,c5766ea75a44af8bb445fbdd53708cf3a834693420af2774e4ac126a78c898b5,validation,P0,2017-01-26,1026,954.2057369606406,4815c8bb06617c4ae3f5ad93fcd61db535585d7d0fab149cf4a9976e0f13747a
new_p3_training,True,tuned,UA,7,R1,3cfd389bbd05ec9201a41c0892e29bf8199198d1b216b9a8061370d4240aa583,bd1488a2d411295d7a2118c50ddcc0b158786123613af1676062e2270d1637d1,9cb89005693b1b70c102178849b740fde00b50c9ba5f3b5530d0e5749ea59837,eca954c21da074c545cb7858315ea39fee0a6f54b19e06474b4f2f91f1666847,c2f062c20887415a67df5838227a908b8620c7cc30f0498135bf17ea1ad33c5f,6031dc4ee08b61c58b35b1efd7d764739d5c7c54dc7cbe9e9a72a1e4a7098596,e2212c40566e21c680a98186ebd8e984aa80d4fd,4d4ad03b827958468b1a231e360c7ad1aa68035c25af068059838ceae6dfa6d6,0da5ee1686ead23df1f904ead1e98b7c0a817ac118d50e0e14715b5517b5194c,R1_UA_7,c5766ea75a44af8bb445fbdd53708cf3a834693420af2774e4ac126a78c898b5,validation,P0,2017-01-31,1026,938.6085004054344,df7c1d0d3a32b53288c0e6435c2b6e86df4b74fa09ddfe2b7fd9dc0d5e1dd0a9
new_p3_training,True,tuned,UA,7,R1,3cfd389bbd05ec9201a41c0892e29bf8199198d1b216b9a8061370d4240aa583,bd1488a2d411295d7a2118c50ddcc0b158786123613af1676062e2270d1637d1,9cb89005693b1b70c102178849b740fde00b50c9ba5f3b5530d0e5749ea59837,eca954c21da074c545cb7858315ea39fee0a6f54b19e06474b4f2f91f1666847,c2f062c20887415a67df5838227a908b8620c7cc30f0498135bf17ea1ad33c5f,6031dc4ee08b61c58b35b1efd7d764739d5c7c54dc7cbe9e9a72a1e4a7098596,e2212c40566e21c680a98186ebd8e984aa80d4fd,4d4ad03b827958468b1a231e360c7ad1aa68035c25af068059838ceae6dfa6d6,0da5ee1686ead23df1f904ead1e98b7c0a817ac118d50e0e14715b5517b5194c,R1_UA_7,c5766ea75a44af8bb445fbdd53708cf3a834693420af2774e4ac126a78c898b5,validation,P0,2017-02-01,1026,917.9974978196974,03b7918bc3296dfb66b271178ce1baca81e28010e438e70a5cfa7ee42291ebab
new_p3_training,True,tuned,UA,7,R1,3cfd389bbd05ec9201a41c0892e29bf8199198d1b216b9a8061370d4240aa583,bd1488a2d411295d7a2118c50ddcc0b158786123613af1676062e2270d1637d1,9cb89005693b1b70c102178849b740fde00b50c9ba5f3b5530d0e5749ea59837,eca954c21da074c545cb7858315ea39fee0a6f54b19e06474b4f2f91f1666847,c2f062c20887415a67df5838227a908b8620c7cc30f0498135bf17ea1ad33c5f,6031dc4ee08b61c58b35b1efd7d764739d5c7c54dc7cbe9e9a72a1e4a7098596,e2212c40566e21c680a98186ebd8e984aa80d4fd,4d4ad03b827958468b1a231e360c7ad1aa68035c25af068059838ceae6dfa6d6,0da5ee1686ead23df1f904ead1e98b7c0a817ac118d50e0e14715b5517b5194c,R1_UA_7,c5766ea75a44af8bb445fbdd53708cf3a834693420af2774e4ac126a78c898b5,validation,P0,2017-02-02,1026,962.6120648076292,c4f8357a87170ba630278ed2970031440d14f95461784891358d2ead66833b32
new_p3_training,True,tuned,UA,7,R1,3cfd389bbd05ec9201a41c0892e29bf8199198d1b216b9a8061370d4240aa583,bd1488a2d411295d7a2118c50ddcc0b158786123613af1676062e2270d1637d1,9cb89005693b1b70c102178849b740fde00b50c9ba5f3b5530d0e5749ea59837,eca954c21da074c545cb7858315ea39fee0a6f54b19e06474b4f2f91f1666847,c2f062c20887415a67df5838227a908b8620c7cc30f0498135bf17ea1ad33c5f,6031dc4ee08b61c58b35b1efd7d764739d5c7c54dc7cbe9e9a72a1e4a7098596,e2212c40566e21c680a98186ebd8e984aa80d4fd,4d4ad03b827958468b1a231e360c7ad1aa68035c25af068059838ceae6dfa6d6,0da5ee1686ead23df1f904ead1e98b7c0a817ac118d50e0e14715b5517b5194c,R1_UA_7,c5766ea75a44af8bb445fbdd53708cf3a834693420af2774e4ac126a78c898b5,validation,P0,2017-02-03,1026,937.3559213566322,1ca141055387554412c172be1be3f109bd4aab865a934584a0b807b1181e3d75
new_p3_training,True,tuned,UA,7,R1,3cfd389bbd05ec9201a41c0892e29bf8199198d1b216b9a8061370d4240aa583,bd1488a2d411295d7a2118c50ddcc0b158786123613af1676062e2270d1637d1,9cb89005693b1b70c102178849b740fde00b50c9ba5f3b5530d0e5749ea59837,eca954c21da074c545cb7858315ea39fee0a6f54b19e06474b4f2f91f1666847,c2f062c20887415a67df5838227a908b8620c7cc30f0498135bf17ea1ad33c5f,6031dc4ee08b61c58b35b1efd7d764739d5c7c54dc7cbe9e9a72a1e4a7098596,e2212c40566e21c680a98186ebd8e984aa80d4fd,4d4ad03b827958468b1a231e360c7ad1aa68035c25af068059838ceae6dfa6d6,0da5ee1686ead23df1f904ead1e98b7c0a817ac118d50e0e14715b5517b5194c,R1_UA_7,c5766ea75a44af8bb445fbdd53708cf3a834693420af2774e4ac126a78c898b5,validation,P1,2016-11-24,979,937.068692287811,a2ccbd36b3a80d4e208c04a0a2f1809474dc506dd1b107d1f774595c523f8ee0
new_p3_training,True,tuned,UA,7,R1,3cfd389bbd05ec9201a41c0892e29bf8199198d1b216b9a8061370d4240aa583,bd1488a2d411295d7a2118c50ddcc0b158786123613af1676062e2270d1637d1,9cb89005693b1b70c102178849b740fde00b50c9ba5f3b5530d0e5749ea59837,eca954c21da074c545cb7858315ea39fee0a6f54b19e06474b4f2f91f1666847,c2f062c20887415a67df5838227a908b8620c7cc30f0498135bf17ea1ad33c5f,6031dc4ee08b61c58b35b1efd7d764739d5c7c54dc7cbe9e9a72a1e4a7098596,e2212c40566e21c680a98186ebd8e984aa80d4fd,4d4ad03b827958468b1a231e360c7ad1aa68035c25af068059838ceae6dfa6d6,0da5ee1686ead23df1f904ead1e98b7c0a817ac118d50e0e14715b5517b5194c,R1_UA_7,c5766ea75a44af8bb445fbdd53708cf3a834693420af2774e4ac126a78c898b5,validation,P1,2016-11-25,969,898.8624924407577,f63df6aab4dee1f0cde8d55ed508cfc9c5b50051f2ad0f339c42492cf05bff7f
new_p3_training,True,tuned,UA,7,R1,3cfd389bbd05ec9201a41c0892e29bf8199198d1b216b9a8061370d4240aa583,bd1488a2d411295d7a2118c50ddcc0b158786123613af1676062e2270d1637d1,9cb89005693b1b70c102178849b740fde00b50c9ba5f3b5530d0e5749ea59837,eca954c21da074c545cb7858315ea39fee0a6f54b19e06474b4f2f91f1666847,c2f062c20887415a67df5838227a908b8620c7cc30f0498135bf17ea1ad33c5f,6031dc4ee08b61c58b35b1efd7d764739d5c7c54dc7cbe9e9a72a1e4a7098596,e2212c40566e21c680a98186ebd8e984aa80d4fd,4d4ad03b827958468b1a231e360c7ad1aa68035c25af068059838ceae6dfa6d6,0da5ee1686ead23df1f904ead1e98b7c0a817ac118d50e0e14715b5517b5194c,R1_UA_7,c5766ea75a44af8bb445fbdd53708cf3a834693420af2774e4ac126a78c898b5,validation,P1,2016-11-28,995,906.9661243597836,65d15ea490c9d839b86ede17cd6c49168691fab8c0b9981de152f32c8540e4e1
new_p3_training,True,tuned,UA,7,R1,3cfd389bbd05ec9201a41c0892e29bf8199198d1b216b9a8061370d4240aa583,bd1488a2d411295d7a2118c50ddcc0b158786123613af1676062e2270d1637d1,9cb89005693b1b70c102178849b740fde00b50c9ba5f3b5530d0e5749ea59837,eca954c21da074c545cb7858315ea39fee0a6f54b19e06474b4f2f91f1666847,c2f062c20887415a67df5838227a908b8620c7cc30f0498135bf17ea1ad33c5f,6031dc4ee08b61c58b35b1efd7d764739d5c7c54dc7cbe9e9a72a1e4a7098596,e2212c40566e21c680a98186ebd8e984aa80d4fd,4d4ad03b827958468b1a231e360c7ad1aa68035c25af068059838ceae6dfa6d6,0da5ee1686ead23df1f904ead1e98b7c0a817ac118d50e0e14715b5517b5194c,R1_UA_7,c5766ea75a44af8bb445fbdd53708cf3a834693420af2774e4ac126a78c898b5,validation,P1,2016-11-29,983,901.2435055417218,8962701135c22c50d84306d1826e749fa596399bc12c5f2a94c330039d14aadd
new_p3_training,True,tuned,UA,7,R1,3cfd389bbd05ec9201a41c0892e29bf8199198d1b216b9a8061370d4240aa583,bd1488a2d411295d7a2118c50ddcc0b158786123613af1676062e2270d1637d1,9cb89005693b1b70c102178849b740fde00b50c9ba5f3b5530d0e5749ea59837,eca954c21da074c545cb7858315ea39fee0a6f54b19e06474b4f2f91f1666847,c2f062c20887415a67df5838227a908b8620c7cc30f0498135bf17ea1ad33c5f,6031dc4ee08b61c58b35b1efd7d764739d5c7c54dc7cbe9e9a72a1e4a7098596,e2212c40566e21c680a98186ebd8e984aa80d4fd,4d4ad03b827958468b1a231e360c7ad1aa68035c25af068059838ceae6dfa6d6,0da5ee1686ead23df1f904ead1e98b7c0a817ac118d50e0e14715b5517b5194c,R1_UA_7,c5766ea75a44af8bb445fbdd53708cf3a834693420af2774e4ac126a78c898b5,validation,P1,2016-11-30,986,898.5653765476575,56c9736a8300d151fdcaf9d3f264406b16bd842a1c7927bd6e017e3ca29fd7ce
new_p3_training,True,tuned,UA,7,R1,3cfd389bbd05ec9201a41c0892e29bf8199198d1b216b9a8061370d4240aa583,bd1488a2d411295d7a2118c50ddcc0b158786123613af1676062e2270d1637d1,9cb89005693b1b70c102178849b740fde00b50c9ba5f3b5530d0e5749ea59837,eca954c21da074c545cb7858315ea39fee0a6f54b19e06474b4f2f91f1666847,c2f062c20887415a67df5838227a908b8620c7cc30f0498135bf17ea1ad33c5f,6031dc4ee08b61c58b35b1efd7d764739d5c7c54dc7cbe9e9a72a1e4a7098596,e2212c40566e21c680a98186ebd8e984aa80d4fd,4d4ad03b827958468b1a231e360c7ad1aa68035c25af068059838ceae6dfa6d6,0da5ee1686ead23df1f904ead1e98b7c0a817ac118d50e0e14715b5517b5194c,R1_UA_7,c5766ea75a44af8bb445fbdd53708cf3a834693420af2774e4ac126a78c898b5,validation,P1,2016-12-01,995,935.4759480059689,afba35877768e7497900cdb0b35ea3010b325b92860a6eaea626b0ec34cdb1b3
new_p3_training,True,tuned,UA,7,R1,3cfd389bbd05ec9201a41c0892e29bf8199198d1b216b9a8061370d4240aa583,bd1488a2d411295d7a2118c50ddcc0b158786123613af1676062e2270d1637d1,9cb89005693b1b70c102178849b740fde00b50c9ba5f3b5530d0e5749ea59837,eca954c21da074c545cb7858315ea39fee0a6f54b19e06474b4f2f91f1666847,c2f062c20887415a67df5838227a908b8620c7cc30f0498135bf17ea1ad33c5f,6031dc4ee08b61c58b35b1efd7d764739d5c7c54dc7cbe9e9a72a1e4a7098596,e2212c40566e21c680a98186ebd8e984aa80d4fd,4d4ad03b827958468b1a231e360c7ad1aa68035c25af068059838ceae6dfa6d6,0da5ee1686ead23df1f904ead1e98b7c0a817ac118d50e0e14715b5517b5194c,R1_UA_7,c5766ea75a44af8bb445fbdd53708cf3a834693420af2774e4ac126a78c898b5,validation,P1,2016-12-02,995,948.4169880328525,6bb786812759d0a1f24e19462737ae2cad04fdeddab542e7671c272b7f75e953
new_p3_training,True,tuned,UA,7,R1,3cfd389bbd05ec9201a41c0892e29bf8199198d1b216b9a8061370d4240aa583,bd1488a2d411295d7a2118c50ddcc0b158786123613af1676062e2270d1637d1,9cb89005693b1b70c102178849b740fde00b50c9ba5f3b5530d0e5749ea59837,eca954c21da074c545cb7858315ea39fee0a6f54b19e06474b4f2f91f1666847,c2f062c20887415a67df5838227a908b8620c7cc30f0498135bf17ea1ad33c5f,6031dc4ee08b61c58b35b1efd7d764739d5c7c54dc7cbe9e9a72a1e4a7098596,e2212c40566e21c680a98186ebd8e984aa80d4fd,4d4ad03b827958468b1a231e360c7ad1aa68035c25af068059838ceae6dfa6d6,0da5ee1686ead23df1f904ead1e98b7c0a817ac118d50e0e14715b5517b5194c,R1_UA_7,c5766ea75a44af8bb445fbdd53708cf3a834693420af2774e4ac126a78c898b5,validation,P1,2016-12-05,981,876.1878575666499,a473450f1309cbbeb87b14e25696ed1e29faacbf9b165ae0a95df1c72f79200e
new_p3_training,True,tuned,UA,7,R1,3cfd389bbd05ec9201a41c0892e29bf8199198d1b216b9a8061370d4240aa583,bd1488a2d411295d7a2118c50ddcc0b158786123613af1676062e2270d1637d1,9cb89005693b1b70c102178849b740fde00b50c9ba5f3b5530d0e5749ea59837,eca954c21da074c545cb7858315ea39fee0a6f54b19e06474b4f2f91f1666847,c2f062c20887415a67df5838227a908b8620c7cc30f0498135bf17ea1ad33c5f,6031dc4ee08b61c58b35b1efd7d764739d5c7c54dc7cbe9e9a72a1e4a7098596,e2212c40566e21c680a98186ebd8e984aa80d4fd,4d4ad03b827958468b1a231e360c7ad1aa68035c25af068059838ceae6dfa6d6,0da5ee1686ead23df1f904ead1e98b7c0a817ac118d50e0e14715b5517b5194c,R1_UA_7,c5766ea75a44af8bb445fbdd53708cf3a834693420af2774e4ac126a78c898b5,validation,P1,2016-12-06,980,923.006727627863,46a048b4b020c2e7511306f1a7d9556e695ebdecaaaa5e873c6a228b780a6c05
new_p3_training,True,tuned,UA,7,R1,3cfd389bbd05ec9201a41c0892e29bf8199198d1b216b9a8061370d4240aa583,bd1488a2d411295d7a2118c50ddcc0b158786123613af1676062e2270d1637d1,9cb89005693b1b70c102178849b740fde00b50c9ba5f3b5530d0e5749ea59837,eca954c21da074c545cb7858315ea39fee0a6f54b19e06474b4f2f91f1666847,c2f062c20887415a67df5838227a908b8620c7cc30f0498135bf17ea1ad33c5f,6031dc4ee08b61c58b35b1efd7d764739d5c7c54dc7cbe9e9a72a1e4a7098596,e2212c40566e21c680a98186ebd8e984aa80d4fd,4d4ad03b827958468b1a231e360c7ad1aa68035c25af068059838ceae6dfa6d6,0da5ee1686ead23df1f904ead1e98b7c0a817ac118d50e0e14715b5517b5194c,R1_UA_7,c5766ea75a44af8bb445fbdd53708cf3a834693420af2774e4ac126a78c898b5,validation,P1,2016-12-07,995,931.7487146350234,ec95f417382bca52ed02d856135bb02cfdb46fb776c5263d1e8535439c5373e8
new_p3_training,True,tuned,UA,7,R1,3cfd389bbd05ec9201a41c0892e29bf8199198d1b216b9a8061370d4240aa583,bd1488a2d411295d7a2118c50ddcc0b158786123613af1676062e2270d1637d1,9cb89005693b1b70c102178849b740fde00b50c9ba5f3b5530d0e5749ea59837,eca954c21da074c545cb7858315ea39fee0a6f54b19e06474b4f2f91f1666847,c2f062c20887415a67df5838227a908b8620c7cc30f0498135bf17ea1ad33c5f,6031dc4ee08b61c58b35b1efd7d764739d5c7c54dc7cbe9e9a72a1e4a7098596,e2212c40566e21c680a98186ebd8e984aa80d4fd,4d4ad03b827958468b1a231e360c7ad1aa68035c25af068059838ceae6dfa6d6,0da5ee1686ead23df1f904ead1e98b7c0a817ac118d50e0e14715b5517b5194c,R1_UA_7,c5766ea75a44af8bb445fbdd53708cf3a834693420af2774e4ac126a78c898b5,validation,P1,2016-12-08,992,949.8421686834579,bb16ab325a0dd769dfd820a7e1a70d57af996bee60f83135f0b46b4ad98d21ff
new_p3_training,True,tuned,UA,7,R1,3cfd389bbd05ec9201a41c0892e29bf8199198d1b216b9a8061370d4240aa583,bd1488a2d411295d7a2118c50ddcc0b158786123613af1676062e2270d1637d1,9cb89005693b1b70c102178849b740fde00b50c9ba5f3b5530d0e5749ea59837,eca954c21da074c545cb7858315ea39fee0a6f54b19e06474b4f2f91f1666847,c2f062c20887415a67df5838227a908b8620c7cc30f0498135bf17ea1ad33c5f,6031dc4ee08b61c58b35b1efd7d764739d5c7c54dc7cbe9e9a72a1e4a7098596,e2212c40566e21c680a98186ebd8e984aa80d4fd,4d4ad03b827958468b1a231e360c7ad1aa68035c25af068059838ceae6dfa6d6,0da5ee1686ead23df1f904ead1e98b7c0a817ac118d50e0e14715b5517b5194c,R1_UA_7,c5766ea75a44af8bb445fbdd53708cf3a834693420af2774e4ac126a78c898b5,validation,P1,2016-12-09,976,905.7539212627461,0199dd3fbf730715c9b9a5b918cdd778c553c0166e1afcd454d1500d28b3932f
new_p3_training,True,tuned,UA,7,R1,3cfd389bbd05ec9201a41c0892e29bf8199198d1b216b9a8061370d4240aa583,bd1488a2d411295d7a2118c50ddcc0b158786123613af1676062e2270d1637d1,9cb89005693b1b70c102178849b740fde00b50c9ba5f3b5530d0e5749ea59837,eca954c21da074c545cb7858315ea39fee0a6f54b19e06474b4f2f91f1666847,c2f062c20887415a67df5838227a908b8620c7cc30f0498135bf17ea1ad33c5f,6031dc4ee08b61c58b35b1efd7d764739d5c7c54dc7cbe9e9a72a1e4a7098596,e2212c40566e21c680a98186ebd8e984aa80d4fd,4d4ad03b827958468b1a231e360c7ad1aa68035c25af068059838ceae6dfa6d6,0da5ee1686ead23df1f904ead1e98b7c0a817ac118d50e0e14715b5517b5194c,R1_UA_7,c5766ea75a44af8bb445fbdd53708cf3a834693420af2774e4ac126a78c898b5,validation,P1,2016-12-12,981,871.7319749380111,9306bb8c2fcfa78ae05fe8c0270409921472174b583b987ad4d9b9a8d9297dae
new_p3_training,True,tuned,UA,7,R1,3cfd389bbd05ec9201a41c0892e29bf8199198d1b216b9a8061370d4240aa583,bd1488a2d411295d7a2118c50ddcc0b158786123613af1676062e2270d1637d1,9cb89005693b1b70c102178849b740fde00b50c9ba5f3b5530d0e5749ea59837,eca954c21da074c545cb7858315ea39fee0a6f54b19e06474b4f2f91f1666847,c2f062c20887415a67df5838227a908b8620c7cc30f0498135bf17ea1ad33c5f,6031dc4ee08b61c58b35b1efd7d764739d5c7c54dc7cbe9e9a72a1e4a7098596,e2212c40566e21c680a98186ebd8e984aa80d4fd,4d4ad03b827958468b1a231e360c7ad1aa68035c25af068059838ceae6dfa6d6,0da5ee1686ead23df1f904ead1e98b7c0a817ac118d50e0e14715b5517b5194c,R1_UA_7,c5766ea75a44af8bb445fbdd53708cf3a834693420af2774e4ac126a78c898b5,validation,P1,2016-12-13,995,900.9726846268684,85e3391b9b5a2b4d2ce326cced3e4ec5ec63ff53f5f8f48fc21d51314e715587
new_p3_training,True,tuned,UA,7,R1,3cfd389bbd05ec9201a41c0892e29bf8199198d1b216b9a8061370d4240aa583,bd1488a2d411295d7a2118c50ddcc0b158786123613af1676062e2270d1637d1,9cb89005693b1b70c102178849b740fde00b50c9ba5f3b5530d0e5749ea59837,eca954c21da074c545cb7858315ea39fee0a6f54b19e06474b4f2f91f1666847,c2f062c20887415a67df5838227a908b8620c7cc30f0498135bf17ea1ad33c5f,6031dc4ee08b61c58b35b1efd7d764739d5c7c54dc7cbe9e9a72a1e4a7098596,e2212c40566e21c680a98186ebd8e984aa80d4fd,4d4ad03b827958468b1a231e360c7ad1aa68035c25af068059838ceae6dfa6d6,0da5ee1686ead23df1f904ead1e98b7c0a817ac118d50e0e14715b5517b5194c,R1_UA_7,c5766ea75a44af8bb445fbdd53708cf3a834693420af2774e4ac126a78c898b5,validation,P1,2016-12-14,997,915.7962530418922,1dcf9c10c8247641da258f3c857656681642eea4f33bbe97370c0961303d5dec
new_p3_training,True,tuned,UA,7,R1,3cfd389bbd05ec9201a41c0892e29bf8199198d1b216b9a8061370d4240aa583,bd1488a2d411295d7a2118c50ddcc0b158786123613af1676062e2270d1637d1,9cb89005693b1b70c102178849b740fde00b50c9ba5f3b5530d0e5749ea59837,eca954c21da074c545cb7858315ea39fee0a6f54b19e06474b4f2f91f1666847,c2f062c20887415a67df5838227a908b8620c7cc30f0498135bf17ea1ad33c5f,6031dc4ee08b61c58b35b1efd7d764739d5c7c54dc7cbe9e9a72a1e4a7098596,e2212c40566e21c680a98186ebd8e984aa80d4fd,4d4ad03b827958468b1a231e360c7ad1aa68035c25af068059838ceae6dfa6d6,0da5ee1686ead23df1f904ead1e98b7c0a817ac118d50e0e14715b5517b5194c,R1_UA_7,c5766ea75a44af8bb445fbdd53708cf3a834693420af2774e4ac126a78c898b5,validation,P1,2016-12-15,989,913.5176899198227,244aad5ebb621c2e7449dbbd44c336ed578c01205733fbc01deba4ef9ddc0c98
new_p3_training,True,tuned,UA,7,R1,3cfd389bbd05ec9201a41c0892e29bf8199198d1b216b9a8061370d4240aa583,bd1488a2d411295d7a2118c50ddcc0b158786123613af1676062e2270d1637d1,9cb89005693b1b70c102178849b740fde00b50c9ba5f3b5530d0e5749ea59837,eca954c21da074c545cb7858315ea39fee0a6f54b19e06474b4f2f91f1666847,c2f062c20887415a67df5838227a908b8620c7cc30f0498135bf17ea1ad33c5f,6031dc4ee08b61c58b35b1efd7d764739d5c7c54dc7cbe9e9a72a1e4a7098596,e2212c40566e21c680a98186ebd8e984aa80d4fd,4d4ad03b827958468b1a231e360c7ad1aa68035c25af068059838ceae6dfa6d6,0da5ee1686ead23df1f904ead1e98b7c0a817ac118d50e0e14715b5517b5194c,R1_UA_7,c5766ea75a44af8bb445fbdd53708cf3a834693420af2774e4ac126a78c898b5,validation,P1,2016-12-16,995,890.2749822442908,95c4a0524b7da8fe407dc0b82616e678d596dc0d6b76de71385486cd93a00e30
new_p3_training,True,tuned,UA,7,R1,3cfd389bbd05ec9201a41c0892e29bf8199198d1b216b9a8061370d4240aa583,bd1488a2d411295d7a2118c50ddcc0b158786123613af1676062e2270d1637d1,9cb89005693b1b70c102178849b740fde00b50c9ba5f3b5530d0e5749ea59837,eca954c21da074c545cb7858315ea39fee0a6f54b19e06474b4f2f91f1666847,c2f062c20887415a67df5838227a908b8620c7cc30f0498135bf17ea1ad33c5f,6031dc4ee08b61c58b35b1efd7d764739d5c7c54dc7cbe9e9a72a1e4a7098596,e2212c40566e21c680a98186ebd8e984aa80d4fd,4d4ad03b827958468b1a231e360c7ad1aa68035c25af068059838ceae6dfa6d6,0da5ee1686ead23df1f904ead1e98b7c0a817ac118d50e0e14715b5517b5194c,R1_UA_7,c5766ea75a44af8bb445fbdd53708cf3a834693420af2774e4ac126a78c898b5,validation,P1,2016-12-19,981,889.7641777228612,a96290f9ba3fa9382f2f2578588b34f4af548940e7992d9ec142336f9e980beb
new_p3_training,True,tuned,UA,7,R1,3cfd389bbd05ec9201a41c0892e29bf8199198d1b216b9a8061370d4240aa583,bd1488a2d411295d7a2118c50ddcc0b158786123613af1676062e2270d1637d1,9cb89005693b1b70c102178849b740fde00b50c9ba5f3b5530d0e5749ea59837,eca954c21da074c545cb7858315ea39fee0a6f54b19e06474b4f2f91f1666847,c2f062c20887415a67df5838227a908b8620c7cc30f0498135bf17ea1ad33c5f,6031dc4ee08b61c58b35b1efd7d764739d5c7c54dc7cbe9e9a72a1e4a7098596,e2212c40566e21c680a98186ebd8e984aa80d4fd,4d4ad03b827958468b1a231e360c7ad1aa68035c25af068059838ceae6dfa6d6,0da5ee1686ead23df1f904ead1e98b7c0a817ac118d50e0e14715b5517b5194c,R1_UA_7,c5766ea75a44af8bb445fbdd53708cf3a834693420af2774e4ac126a78c898b5,validation,P1,2016-12-20,999,880.9155324986818,4db341da37b9e337fca0afd921e6c18389824978c9c67c9a8deae60fd753097d
new_p3_training,True,tuned,UA,7,R1,3cfd389bbd05ec9201a41c0892e29bf8199198d1b216b9a8061370d4240aa583,bd1488a2d411295d7a2118c50ddcc0b158786123613af1676062e2270d1637d1,9cb89005693b1b70c102178849b740fde00b50c9ba5f3b5530d0e5749ea59837,eca954c21da074c545cb7858315ea39fee0a6f54b19e06474b4f2f91f1666847,c2f062c20887415a67df5838227a908b8620c7cc30f0498135bf17ea1ad33c5f,6031dc4ee08b61c58b35b1efd7d764739d5c7c54dc7cbe9e9a72a1e4a7098596,e2212c40566e21c680a98186ebd8e984aa80d4fd,4d4ad03b827958468b1a231e360c7ad1aa68035c25af068059838ceae6dfa6d6,0da5ee1686ead23df1f904ead1e98b7c0a817ac118d50e0e14715b5517b5194c,R1_UA_7,c5766ea75a44af8bb445fbdd53708cf3a834693420af2774e4ac126a78c898b5,validation,P1,2016-12-21,995,908.2237223100916,beba7b9c96c97b3676c3a5a98b6a55a8ba9623b3a2eb918c7086dfefef0ca42a
new_p3_training,True,tuned,UA,7,R1,3cfd389bbd05ec9201a41c0892e29bf8199198d1b216b9a8061370d4240aa583,bd1488a2d411295d7a2118c50ddcc0b158786123613af1676062e2270d1637d1,9cb89005693b1b70c102178849b740fde00b50c9ba5f3b5530d0e5749ea59837,eca954c21da074c545cb7858315ea39fee0a6f54b19e06474b4f2f91f1666847,c2f062c20887415a67df5838227a908b8620c7cc30f0498135bf17ea1ad33c5f,6031dc4ee08b61c58b35b1efd7d764739d5c7c54dc7cbe9e9a72a1e4a7098596,e2212c40566e21c680a98186ebd8e984aa80d4fd,4d4ad03b827958468b1a231e360c7ad1aa68035c25af068059838ceae6dfa6d6,0da5ee1686ead23df1f904ead1e98b7c0a817ac118d50e0e14715b5517b5194c,R1_UA_7,c5766ea75a44af8bb445fbdd53708cf3a834693420af2774e4ac126a78c898b5,validation,P1,2016-12-22,995,913.3578745422208,ce3ed0cc99e55c2018656a3fb39445d6119ff2fad7fd6716f5b49831d98e8f98
new_p3_training,True,tuned,UA,7,R1,3cfd389bbd05ec9201a41c0892e29bf8199198d1b216b9a8061370d4240aa583,bd1488a2d411295d7a2118c50ddcc0b158786123613af1676062e2270d1637d1,9cb89005693b1b70c102178849b740fde00b50c9ba5f3b5530d0e5749ea59837,eca954c21da074c545cb7858315ea39fee0a6f54b19e06474b4f2f91f1666847,c2f062c20887415a67df5838227a908b8620c7cc30f0498135bf17ea1ad33c5f,6031dc4ee08b61c58b35b1efd7d764739d5c7c54dc7cbe9e9a72a1e4a7098596,e2212c40566e21c680a98186ebd8e984aa80d4fd,4d4ad03b827958468b1a231e360c7ad1aa68035c25af068059838ceae6dfa6d6,0da5ee1686ead23df1f904ead1e98b7c0a817ac118d50e0e14715b5517b5194c,R1_UA_7,c5766ea75a44af8bb445fbdd53708cf3a834693420af2774e4ac126a78c898b5,validation,P1,2016-12-23,977,813.0420846505066,e8aab4aa274aaed9bc2dde2bf70bf3ade27c9eb5d6cf8aeb6566c3c7748e798f
new_p3_training,True,tuned,UA,7,R1,3cfd389bbd05ec9201a41c0892e29bf8199198d1b216b9a8061370d4240aa583,bd1488a2d411295d7a2118c50ddcc0b158786123613af1676062e2270d1637d1,9cb89005693b1b70c102178849b740fde00b50c9ba5f3b5530d0e5749ea59837,eca954c21da074c545cb7858315ea39fee0a6f54b19e06474b4f2f91f1666847,c2f062c20887415a67df5838227a908b8620c7cc30f0498135bf17ea1ad33c5f,6031dc4ee08b61c58b35b1efd7d764739d5c7c54dc7cbe9e9a72a1e4a7098596,e2212c40566e21c680a98186ebd8e984aa80d4fd,4d4ad03b827958468b1a231e360c7ad1aa68035c25af068059838ceae6dfa6d6,0da5ee1686ead23df1f904ead1e98b7c0a817ac118d50e0e14715b5517b5194c,R1_UA_7,c5766ea75a44af8bb445fbdd53708cf3a834693420af2774e4ac126a78c898b5,validation,P1,2016-12-26,983,866.0213971457554,20e656b66c8e3b8522dc0972771eda3a441ac1925c70d6b0befb5dd267857c8c
new_p3_training,True,tuned,UA,7,R1,3cfd389bbd05ec9201a41c0892e29bf8199198d1b216b9a8061370d4240aa583,bd1488a2d411295d7a2118c50ddcc0b158786123613af1676062e2270d1637d1,9cb89005693b1b70c102178849b740fde00b50c9ba5f3b5530d0e5749ea59837,eca954c21da074c545cb7858315ea39fee0a6f54b19e06474b4f2f91f1666847,c2f062c20887415a67df5838227a908b8620c7cc30f0498135bf17ea1ad33c5f,6031dc4ee08b61c58b35b1efd7d764739d5c7c54dc7cbe9e9a72a1e4a7098596,e2212c40566e21c680a98186ebd8e984aa80d4fd,4d4ad03b827958468b1a231e360c7ad1aa68035c25af068059838ceae6dfa6d6,0da5ee1686ead23df1f904ead1e98b7c0a817ac118d50e0e14715b5517b5194c,R1_UA_7,c5766ea75a44af8bb445fbdd53708cf3a834693420af2774e4ac126a78c898b5,validation,P1,2016-12-27,995,865.0800540314312,b0dc6aeea827583a6632d14eceb454c86374ec64d7ad50d8ad63c16c9e901e13
new_p3_training,True,tuned,UA,7,R1,3cfd389bbd05ec9201a41c0892e29bf8199198d1b216b9a8061370d4240aa583,bd1488a2d411295d7a2118c50ddcc0b158786123613af1676062e2270d1637d1,9cb89005693b1b70c102178849b740fde00b50c9ba5f3b5530d0e5749ea59837,eca954c21da074c545cb7858315ea39fee0a6f54b19e06474b4f2f91f1666847,c2f062c20887415a67df5838227a908b8620c7cc30f0498135bf17ea1ad33c5f,6031dc4ee08b61c58b35b1efd7d764739d5c7c54dc7cbe9e9a72a1e4a7098596,e2212c40566e21c680a98186ebd8e984aa80d4fd,4d4ad03b827958468b1a231e360c7ad1aa68035c25af068059838ceae6dfa6d6,0da5ee1686ead23df1f904ead1e98b7c0a817ac118d50e0e14715b5517b5194c,R1_UA_7,c5766ea75a44af8bb445fbdd53708cf3a834693420af2774e4ac126a78c898b5,validation,P1,2016-12-28,988,860.9888294433221,5a3779fb24b0608ba55dcc82f8ed0f9a8eecd0b3024b3631aedaeb65b5d7bf47
new_p3_training,True,tuned,UA,7,R1,3cfd389bbd05ec9201a41c0892e29bf8199198d1b216b9a8061370d4240aa583,bd1488a2d411295d7a2118c50ddcc0b158786123613af1676062e2270d1637d1,9cb89005693b1b70c102178849b740fde00b50c9ba5f3b5530d0e5749ea59837,eca954c21da074c545cb7858315ea39fee0a6f54b19e06474b4f2f91f1666847,c2f062c20887415a67df5838227a908b8620c7cc30f0498135bf17ea1ad33c5f,6031dc4ee08b61c58b35b1efd7d764739d5c7c54dc7cbe9e9a72a1e4a7098596,e2212c40566e21c680a98186ebd8e984aa80d4fd,4d4ad03b827958468b1a231e360c7ad1aa68035c25af068059838ceae6dfa6d6,0da5ee1686ead23df1f904ead1e98b7c0a817ac118d50e0e14715b5517b5194c,R1_UA_7,c5766ea75a44af8bb445fbdd53708cf3a834693420af2774e4ac126a78c898b5,validation,P1,2016-12-29,979,871.9570842151775,da2a20f84e7b646e820f46881b9d08a0bfdc6e3d89404cdc5f5b64d1df0bb49f
new_p3_training,True,tuned,UA,7,R1,3cfd389bbd05ec9201a41c0892e29bf8199198d1b216b9a8061370d4240aa583,bd1488a2d411295d7a2118c50ddcc0b158786123613af1676062e2270d1637d1,9cb89005693b1b70c102178849b740fde00b50c9ba5f3b5530d0e5749ea59837,eca954c21da074c545cb7858315ea39fee0a6f54b19e06474b4f2f91f1666847,c2f062c20887415a67df5838227a908b8620c7cc30f0498135bf17ea1ad33c5f,6031dc4ee08b61c58b35b1efd7d764739d5c7c54dc7cbe9e9a72a1e4a7098596,e2212c40566e21c680a98186ebd8e984aa80d4fd,4d4ad03b827958468b1a231e360c7ad1aa68035c25af068059838ceae6dfa6d6,0da5ee1686ead23df1f904ead1e98b7c0a817ac118d50e0e14715b5517b5194c,R1_UA_7,c5766ea75a44af8bb445fbdd53708cf3a834693420af2774e4ac126a78c898b5,validation,P1,2017-01-02,831,799.4063198495113,c8b0f58a415f59986f52cbaa1eb5172a5f4f5bb18143d530821dd62047737f44
new_p3_training,True,tuned,UA,7,R1,3cfd389bbd05ec9201a41c0892e29bf8199198d1b216b9a8061370d4240aa583,bd1488a2d411295d7a2118c50ddcc0b158786123613af1676062e2270d1637d1,9cb89005693b1b70c102178849b740fde00b50c9ba5f3b5530d0e5749ea59837,eca954c21da074c545cb7858315ea39fee0a6f54b19e06474b4f2f91f1666847,c2f062c20887415a67df5838227a908b8620c7cc30f0498135bf17ea1ad33c5f,6031dc4ee08b61c58b35b1efd7d764739d5c7c54dc7cbe9e9a72a1e4a7098596,e2212c40566e21c680a98186ebd8e984aa80d4fd,4d4ad03b827958468b1a231e360c7ad1aa68035c25af068059838ceae6dfa6d6,0da5ee1686ead23df1f904ead1e98b7c0a817ac118d50e0e14715b5517b5194c,R1_UA_7,c5766ea75a44af8bb445fbdd53708cf3a834693420af2774e4ac126a78c898b5,validation,P1,2017-01-03,993,892.7716670018923,8c0ef13f935c564c3c722871154f7662f007b7de72609488c7c04fbf11f05acd
new_p3_training,True,tuned,UA,7,R1,3cfd389bbd05ec9201a41c0892e29bf8199198d1b216b9a8061370d4240aa583,bd1488a2d411295d7a2118c50ddcc0b158786123613af1676062e2270d1637d1,9cb89005693b1b70c102178849b740fde00b50c9ba5f3b5530d0e5749ea59837,eca954c21da074c545cb7858315ea39fee0a6f54b19e06474b4f2f91f1666847,c2f062c20887415a67df5838227a908b8620c7cc30f0498135bf17ea1ad33c5f,6031dc4ee08b61c58b35b1efd7d764739d5c7c54dc7cbe9e9a72a1e4a7098596,e2212c40566e21c680a98186ebd8e984aa80d4fd,4d4ad03b827958468b1a231e360c7ad1aa68035c25af068059838ceae6dfa6d6,0da5ee1686ead23df1f904ead1e98b7c0a817ac118d50e0e14715b5517b5194c,R1_UA_7,c5766ea75a44af8bb445fbdd53708cf3a834693420af2774e4ac126a78c898b5,validation,P1,2017-01-04,993,896.247896241126,96af114ef693f854819473ec220bf77c14c9661f91decefd1caf07d0c2b3442e
new_p3_training,True,tuned,UA,7,R1,3cfd389bbd05ec9201a41c0892e29bf8199198d1b216b9a8061370d4240aa583,bd1488a2d411295d7a2118c50ddcc0b158786123613af1676062e2270d1637d1,9cb89005693b1b70c102178849b740fde00b50c9ba5f3b5530d0e5749ea59837,eca954c21da074c545cb7858315ea39fee0a6f54b19e06474b4f2f91f1666847,c2f062c20887415a67df5838227a908b8620c7cc30f0498135bf17ea1ad33c5f,6031dc4ee08b61c58b35b1efd7d764739d5c7c54dc7cbe9e9a72a1e4a7098596,e2212c40566e21c680a98186ebd8e984aa80d4fd,4d4ad03b827958468b1a231e360c7ad1aa68035c25af068059838ceae6dfa6d6,0da5ee1686ead23df1f904ead1e98b7c0a817ac118d50e0e14715b5517b5194c,R1_UA_7,c5766ea75a44af8bb445fbdd53708cf3a834693420af2774e4ac126a78c898b5,validation,P1,2017-01-05,981,877.535695719711,7106295ca26e82d713f85e0cfdb428d65c35d28597ae9eaeddb87da9b2373d94
new_p3_training,True,tuned,UA,7,R1,3cfd389bbd05ec9201a41c0892e29bf8199198d1b216b9a8061370d4240aa583,bd1488a2d411295d7a2118c50ddcc0b158786123613af1676062e2270d1637d1,9cb89005693b1b70c102178849b740fde00b50c9ba5f3b5530d0e5749ea59837,eca954c21da074c545cb7858315ea39fee0a6f54b19e06474b4f2f91f1666847,c2f062c20887415a67df5838227a908b8620c7cc30f0498135bf17ea1ad33c5f,6031dc4ee08b61c58b35b1efd7d764739d5c7c54dc7cbe9e9a72a1e4a7098596,e2212c40566e21c680a98186ebd8e984aa80d4fd,4d4ad03b827958468b1a231e360c7ad1aa68035c25af068059838ceae6dfa6d6,0da5ee1686ead23df1f904ead1e98b7c0a817ac118d50e0e14715b5517b5194c,R1_UA_7,c5766ea75a44af8bb445fbdd53708cf3a834693420af2774e4ac126a78c898b5,validation,P1,2017-01-06,976,817.6153484948343,491291ad957976ccc76f053af10e90b51539e2f601cdd219b94923a9d7990516
new_p3_training,True,tuned,UA,7,R1,3cfd389bbd05ec9201a41c0892e29bf8199198d1b216b9a8061370d4240aa583,bd1488a2d411295d7a2118c50ddcc0b158786123613af1676062e2270d1637d1,9cb89005693b1b70c102178849b740fde00b50c9ba5f3b5530d0e5749ea59837,eca954c21da074c545cb7858315ea39fee0a6f54b19e06474b4f2f91f1666847,c2f062c20887415a67df5838227a908b8620c7cc30f0498135bf17ea1ad33c5f,6031dc4ee08b61c58b35b1efd7d764739d5c7c54dc7cbe9e9a72a1e4a7098596,e2212c40566e21c680a98186ebd8e984aa80d4fd,4d4ad03b827958468b1a231e360c7ad1aa68035c25af068059838ceae6dfa6d6,0da5ee1686ead23df1f904ead1e98b7c0a817ac118d50e0e14715b5517b5194c,R1_UA_7,c5766ea75a44af8bb445fbdd53708cf3a834693420af2774e4ac126a78c898b5,validation,P1,2017-01-09,996,867.2443808585647,d429feab00b77bf1ade72318d388225872b2b05c5a568c4dfe812923064f5f06
new_p3_training,True,tuned,UA,7,R1,3cfd389bbd05ec9201a41c0892e29bf8199198d1b216b9a8061370d4240aa583,bd1488a2d411295d7a2118c50ddcc0b158786123613af1676062e2270d1637d1,9cb89005693b1b70c102178849b740fde00b50c9ba5f3b5530d0e5749ea59837,eca954c21da074c545cb7858315ea39fee0a6f54b19e06474b4f2f91f1666847,c2f062c20887415a67df5838227a908b8620c7cc30f0498135bf17ea1ad33c5f,6031dc4ee08b61c58b35b1efd7d764739d5c7c54dc7cbe9e9a72a1e4a7098596,e2212c40566e21c680a98186ebd8e984aa80d4fd,4d4ad03b827958468b1a231e360c7ad1aa68035c25af068059838ceae6dfa6d6,0da5ee1686ead23df1f904ead1e98b7c0a817ac118d50e0e14715b5517b5194c,R1_UA_7,c5766ea75a44af8bb445fbdd53708cf3a834693420af2774e4ac126a78c898b5,validation,P1,2017-01-10,992,869.6552628859724,94a1c7dc2c8a0097b2c18a7f0af8fe554cf80e81f487952a3c77eea395bad9b5
new_p3_training,True,tuned,UA,7,R1,3cfd389bbd05ec9201a41c0892e29bf8199198d1b216b9a8061370d4240aa583,bd1488a2d411295d7a2118c50ddcc0b158786123613af1676062e2270d1637d1,9cb89005693b1b70c102178849b740fde00b50c9ba5f3b5530d0e5749ea59837,eca954c21da074c545cb7858315ea39fee0a6f54b19e06474b4f2f91f1666847,c2f062c20887415a67df5838227a908b8620c7cc30f0498135bf17ea1ad33c5f,6031dc4ee08b61c58b35b1efd7d764739d5c7c54dc7cbe9e9a72a1e4a7098596,e2212c40566e21c680a98186ebd8e984aa80d4fd,4d4ad03b827958468b1a231e360c7ad1aa68035c25af068059838ceae6dfa6d6,0da5ee1686ead23df1f904ead1e98b7c0a817ac118d50e0e14715b5517b5194c,R1_UA_7,c5766ea75a44af8bb445fbdd53708cf3a834693420af2774e4ac126a78c898b5,validation,P1,2017-01-11,997,938.794646022891,c53dc396275b7336a62b2c6ac206c1cb42956d8da3e1ffd5c5e08901ac975885
new_p3_training,True,tuned,UA,7,R1,3cfd389bbd05ec9201a41c0892e29bf8199198d1b216b9a8061370d4240aa583,bd1488a2d411295d7a2118c50ddcc0b158786123613af1676062e2270d1637d1,9cb89005693b1b70c102178849b740fde00b50c9ba5f3b5530d0e5749ea59837,eca954c21da074c545cb7858315ea39fee0a6f54b19e06474b4f2f91f1666847,c2f062c20887415a67df5838227a908b8620c7cc30f0498135bf17ea1ad33c5f,6031dc4ee08b61c58b35b1efd7d764739d5c7c54dc7cbe9e9a72a1e4a7098596,e2212c40566e21c680a98186ebd8e984aa80d4fd,4d4ad03b827958468b1a231e360c7ad1aa68035c25af068059838ceae6dfa6d6,0da5ee1686ead23df1f904ead1e98b7c0a817ac118d50e0e14715b5517b5194c,R1_UA_7,c5766ea75a44af8bb445fbdd53708cf3a834693420af2774e4ac126a78c898b5,validation,P1,2017-01-12,982,891.6735577932304,685a5f5249747007aa2648bcfd67f304f760b9ad2a05b367e7dbe29ce7e10302
new_p3_training,True,tuned,UA,7,R1,3cfd389bbd05ec9201a41c0892e29bf8199198d1b216b9a8061370d4240aa583,bd1488a2d411295d7a2118c50ddcc0b158786123613af1676062e2270d1637d1,9cb89005693b1b70c102178849b740fde00b50c9ba5f3b5530d0e5749ea59837,eca954c21da074c545cb7858315ea39fee0a6f54b19e06474b4f2f91f1666847,c2f062c20887415a67df5838227a908b8620c7cc30f0498135bf17ea1ad33c5f,6031dc4ee08b61c58b35b1efd7d764739d5c7c54dc7cbe9e9a72a1e4a7098596,e2212c40566e21c680a98186ebd8e984aa80d4fd,4d4ad03b827958468b1a231e360c7ad1aa68035c25af068059838ceae6dfa6d6,0da5ee1686ead23df1f904ead1e98b7c0a817ac118d50e0e14715b5517b5194c,R1_UA_7,c5766ea75a44af8bb445fbdd53708cf3a834693420af2774e4ac126a78c898b5,validation,P1,2017-01-13,991,888.9042385791407,e30fa284ec89f28fa024dc657735b2acdd12343fd47bf36e6d2c99a840e1b4bd
new_p3_training,True,tuned,UA,7,R1,3cfd389bbd05ec9201a41c0892e29bf8199198d1b216b9a8061370d4240aa583,bd1488a2d411295d7a2118c50ddcc0b158786123613af1676062e2270d1637d1,9cb89005693b1b70c102178849b740fde00b50c9ba5f3b5530d0e5749ea59837,eca954c21da074c545cb7858315ea39fee0a6f54b19e06474b4f2f91f1666847,c2f062c20887415a67df5838227a908b8620c7cc30f0498135bf17ea1ad33c5f,6031dc4ee08b61c58b35b1efd7d764739d5c7c54dc7cbe9e9a72a1e4a7098596,e2212c40566e21c680a98186ebd8e984aa80d4fd,4d4ad03b827958468b1a231e360c7ad1aa68035c25af068059838ceae6dfa6d6,0da5ee1686ead23df1f904ead1e98b7c0a817ac118d50e0e14715b5517b5194c,R1_UA_7,c5766ea75a44af8bb445fbdd53708cf3a834693420af2774e4ac126a78c898b5,validation,P1,2017-01-16,995,911.429040985766,6d1d41fe833b5d75989c1e4a0946f8eb26f99a9d525b534c2ce4a601037c9f1d
new_p3_training,True,tuned,UA,7,R1,3cfd389bbd05ec9201a41c0892e29bf8199198d1b216b9a8061370d4240aa583,bd1488a2d411295d7a2118c50ddcc0b158786123613af1676062e2270d1637d1,9cb89005693b1b70c102178849b740fde00b50c9ba5f3b5530d0e5749ea59837,eca954c21da074c545cb7858315ea39fee0a6f54b19e06474b4f2f91f1666847,c2f062c20887415a67df5838227a908b8620c7cc30f0498135bf17ea1ad33c5f,6031dc4ee08b61c58b35b1efd7d764739d5c7c54dc7cbe9e9a72a1e4a7098596,e2212c40566e21c680a98186ebd8e984aa80d4fd,4d4ad03b827958468b1a231e360c7ad1aa68035c25af068059838ceae6dfa6d6,0da5ee1686ead23df1f904ead1e98b7c0a817ac118d50e0e14715b5517b5194c,R1_UA_7,c5766ea75a44af8bb445fbdd53708cf3a834693420af2774e4ac126a78c898b5,validation,P1,2017-01-17,993,906.7164042562597,7df9f5adf4f0d35cb1e4dae07de47e8f74f434c0d3d350b88e3ccac5f8e2700f
new_p3_training,True,tuned,UA,7,R1,3cfd389bbd05ec9201a41c0892e29bf8199198d1b216b9a8061370d4240aa583,bd1488a2d411295d7a2118c50ddcc0b158786123613af1676062e2270d1637d1,9cb89005693b1b70c102178849b740fde00b50c9ba5f3b5530d0e5749ea59837,eca954c21da074c545cb7858315ea39fee0a6f54b19e06474b4f2f91f1666847,c2f062c20887415a67df5838227a908b8620c7cc30f0498135bf17ea1ad33c5f,6031dc4ee08b61c58b35b1efd7d764739d5c7c54dc7cbe9e9a72a1e4a7098596,e2212c40566e21c680a98186ebd8e984aa80d4fd,4d4ad03b827958468b1a231e360c7ad1aa68035c25af068059838ceae6dfa6d6,0da5ee1686ead23df1f904ead1e98b7c0a817ac118d50e0e14715b5517b5194c,R1_UA_7,c5766ea75a44af8bb445fbdd53708cf3a834693420af2774e4ac126a78c898b5,validation,P1,2017-01-18,990,914.1243698348528,57b7cf3dadb7f4dbb23a8be773a35e1725611022fefe9ab037def31a5f233284
new_p3_training,True,tuned,UA,7,R1,3cfd389bbd05ec9201a41c0892e29bf8199198d1b216b9a8061370d4240aa583,bd1488a2d411295d7a2118c50ddcc0b158786123613af1676062e2270d1637d1,9cb89005693b1b70c102178849b740fde00b50c9ba5f3b5530d0e5749ea59837,eca954c21da074c545cb7858315ea39fee0a6f54b19e06474b4f2f91f1666847,c2f062c20887415a67df5838227a908b8620c7cc30f0498135bf17ea1ad33c5f,6031dc4ee08b61c58b35b1efd7d764739d5c7c54dc7cbe9e9a72a1e4a7098596,e2212c40566e21c680a98186ebd8e984aa80d4fd,4d4ad03b827958468b1a231e360c7ad1aa68035c25af068059838ceae6dfa6d6,0da5ee1686ead23df1f904ead1e98b7c0a817ac118d50e0e14715b5517b5194c,R1_UA_7,c5766ea75a44af8bb445fbdd53708cf3a834693420af2774e4ac126a78c898b5,validation,P1,2017-01-19,991,980.6418688635778,4b9152479bc053a5fb2fbf040d97b180a90500ac9e00621323c096fe96b70b4f
new_p3_training,True,tuned,UA,7,R1,3cfd389bbd05ec9201a41c0892e29bf8199198d1b216b9a8061370d4240aa583,bd1488a2d411295d7a2118c50ddcc0b158786123613af1676062e2270d1637d1,9cb89005693b1b70c102178849b740fde00b50c9ba5f3b5530d0e5749ea59837,eca954c21da074c545cb7858315ea39fee0a6f54b19e06474b4f2f91f1666847,c2f062c20887415a67df5838227a908b8620c7cc30f0498135bf17ea1ad33c5f,6031dc4ee08b61c58b35b1efd7d764739d5c7c54dc7cbe9e9a72a1e4a7098596,e2212c40566e21c680a98186ebd8e984aa80d4fd,4d4ad03b827958468b1a231e360c7ad1aa68035c25af068059838ceae6dfa6d6,0da5ee1686ead23df1f904ead1e98b7c0a817ac118d50e0e14715b5517b5194c,R1_UA_7,c5766ea75a44af8bb445fbdd53708cf3a834693420af2774e4ac126a78c898b5,validation,P1,2017-01-20,992,881.5663868134445,4af4228c9ccfb9fc0c31f20a627a1d86e90be19538ef122850ad513938109cf6
new_p3_training,True,tuned,UA,7,R1,3cfd389bbd05ec9201a41c0892e29bf8199198d1b216b9a8061370d4240aa583,bd1488a2d411295d7a2118c50ddcc0b158786123613af1676062e2270d1637d1,9cb89005693b1b70c102178849b740fde00b50c9ba5f3b5530d0e5749ea59837,eca954c21da074c545cb7858315ea39fee0a6f54b19e06474b4f2f91f1666847,c2f062c20887415a67df5838227a908b8620c7cc30f0498135bf17ea1ad33c5f,6031dc4ee08b61c58b35b1efd7d764739d5c7c54dc7cbe9e9a72a1e4a7098596,e2212c40566e21c680a98186ebd8e984aa80d4fd,4d4ad03b827958468b1a231e360c7ad1aa68035c25af068059838ceae6dfa6d6,0da5ee1686ead23df1f904ead1e98b7c0a817ac118d50e0e14715b5517b5194c,R1_UA_7,c5766ea75a44af8bb445fbdd53708cf3a834693420af2774e4ac126a78c898b5,validation,P1,2017-01-23,984,884.6223687250962,7be79897266d6419be596a9c3ad81809de916556389108eb1c5bfe229dc9e08f
new_p3_training,True,tuned,UA,7,R1,3cfd389bbd05ec9201a41c0892e29bf8199198d1b216b9a8061370d4240aa583,bd1488a2d411295d7a2118c50ddcc0b158786123613af1676062e2270d1637d1,9cb89005693b1b70c102178849b740fde00b50c9ba5f3b5530d0e5749ea59837,eca954c21da074c545cb7858315ea39fee0a6f54b19e06474b4f2f91f1666847,c2f062c20887415a67df5838227a908b8620c7cc30f0498135bf17ea1ad33c5f,6031dc4ee08b61c58b35b1efd7d764739d5c7c54dc7cbe9e9a72a1e4a7098596,e2212c40566e21c680a98186ebd8e984aa80d4fd,4d4ad03b827958468b1a231e360c7ad1aa68035c25af068059838ceae6dfa6d6,0da5ee1686ead23df1f904ead1e98b7c0a817ac118d50e0e14715b5517b5194c,R1_UA_7,c5766ea75a44af8bb445fbdd53708cf3a834693420af2774e4ac126a78c898b5,validation,P1,2017-01-24,983,860.7229602294176,065b611d3393a0342cadb354aec069d81311f102284a5b89acd8760f44f1ffee
new_p3_training,True,tuned,UA,7,R1,3cfd389bbd05ec9201a41c0892e29bf8199198d1b216b9a8061370d4240aa583,bd1488a2d411295d7a2118c50ddcc0b158786123613af1676062e2270d1637d1,9cb89005693b1b70c102178849b740fde00b50c9ba5f3b5530d0e5749ea59837,eca954c21da074c545cb7858315ea39fee0a6f54b19e06474b4f2f91f1666847,c2f062c20887415a67df5838227a908b8620c7cc30f0498135bf17ea1ad33c5f,6031dc4ee08b61c58b35b1efd7d764739d5c7c54dc7cbe9e9a72a1e4a7098596,e2212c40566e21c680a98186ebd8e984aa80d4fd,4d4ad03b827958468b1a231e360c7ad1aa68035c25af068059838ceae6dfa6d6,0da5ee1686ead23df1f904ead1e98b7c0a817ac118d50e0e14715b5517b5194c,R1_UA_7,c5766ea75a44af8bb445fbdd53708cf3a834693420af2774e4ac126a78c898b5,validation,P1,2017-01-25,989,897.4364782469962,072dce01a7886d3d7b6dee676fb41ff77cc32d36c7d7ee6c64b90beb24ece2f2
new_p3_training,True,tuned,UA,7,R1,3cfd389bbd05ec9201a41c0892e29bf8199198d1b216b9a8061370d4240aa583,bd1488a2d411295d7a2118c50ddcc0b158786123613af1676062e2270d1637d1,9cb89005693b1b70c102178849b740fde00b50c9ba5f3b5530d0e5749ea59837,eca954c21da074c545cb7858315ea39fee0a6f54b19e06474b4f2f91f1666847,c2f062c20887415a67df5838227a908b8620c7cc30f0498135bf17ea1ad33c5f,6031dc4ee08b61c58b35b1efd7d764739d5c7c54dc7cbe9e9a72a1e4a7098596,e2212c40566e21c680a98186ebd8e984aa80d4fd,4d4ad03b827958468b1a231e360c7ad1aa68035c25af068059838ceae6dfa6d6,0da5ee1686ead23df1f904ead1e98b7c0a817ac118d50e0e14715b5517b5194c,R1_UA_7,c5766ea75a44af8bb445fbdd53708cf3a834693420af2774e4ac126a78c898b5,validation,P1,2017-01-26,982,912.6016793400945,2aa7a0e4f35d06f2b06a773a591437e17e6c0d67d85cea9d14187faaf3e704ec
new_p3_training,True,tuned,UA,7,R1,3cfd389bbd05ec9201a41c0892e29bf8199198d1b216b9a8061370d4240aa583,bd1488a2d411295d7a2118c50ddcc0b158786123613af1676062e2270d1637d1,9cb89005693b1b70c102178849b740fde00b50c9ba5f3b5530d0e5749ea59837,eca954c21da074c545cb7858315ea39fee0a6f54b19e06474b4f2f91f1666847,c2f062c20887415a67df5838227a908b8620c7cc30f0498135bf17ea1ad33c5f,6031dc4ee08b61c58b35b1efd7d764739d5c7c54dc7cbe9e9a72a1e4a7098596,e2212c40566e21c680a98186ebd8e984aa80d4fd,4d4ad03b827958468b1a231e360c7ad1aa68035c25af068059838ceae6dfa6d6,0da5ee1686ead23df1f904ead1e98b7c0a817ac118d50e0e14715b5517b5194c,R1_UA_7,c5766ea75a44af8bb445fbdd53708cf3a834693420af2774e4ac126a78c898b5,validation,P1,2017-01-31,991,904.4994353090151,8555b8e3197d8ad4f7a770bdb3895054b583ec015c73e716bc31e29c1a672735
new_p3_training,True,tuned,UA,7,R1,3cfd389bbd05ec9201a41c0892e29bf8199198d1b216b9a8061370d4240aa583,bd1488a2d411295d7a2118c50ddcc0b158786123613af1676062e2270d1637d1,9cb89005693b1b70c102178849b740fde00b50c9ba5f3b5530d0e5749ea59837,eca954c21da074c545cb7858315ea39fee0a6f54b19e06474b4f2f91f1666847,c2f062c20887415a67df5838227a908b8620c7cc30f0498135bf17ea1ad33c5f,6031dc4ee08b61c58b35b1efd7d764739d5c7c54dc7cbe9e9a72a1e4a7098596,e2212c40566e21c680a98186ebd8e984aa80d4fd,4d4ad03b827958468b1a231e360c7ad1aa68035c25af068059838ceae6dfa6d6,0da5ee1686ead23df1f904ead1e98b7c0a817ac118d50e0e14715b5517b5194c,R1_UA_7,c5766ea75a44af8bb445fbdd53708cf3a834693420af2774e4ac126a78c898b5,validation,P1,2017-02-01,997,897.9404306819422,96cb6f38a50a1938cbc5ef597d2852502b2cc8b49f654865bdff28298975b98f
new_p3_training,True,tuned,UA,7,R1,3cfd389bbd05ec9201a41c0892e29bf8199198d1b216b9a8061370d4240aa583,bd1488a2d411295d7a2118c50ddcc0b158786123613af1676062e2270d1637d1,9cb89005693b1b70c102178849b740fde00b50c9ba5f3b5530d0e5749ea59837,eca954c21da074c545cb7858315ea39fee0a6f54b19e06474b4f2f91f1666847,c2f062c20887415a67df5838227a908b8620c7cc30f0498135bf17ea1ad33c5f,6031dc4ee08b61c58b35b1efd7d764739d5c7c54dc7cbe9e9a72a1e4a7098596,e2212c40566e21c680a98186ebd8e984aa80d4fd,4d4ad03b827958468b1a231e360c7ad1aa68035c25af068059838ceae6dfa6d6,0da5ee1686ead23df1f904ead1e98b7c0a817ac118d50e0e14715b5517b5194c,R1_UA_7,c5766ea75a44af8bb445fbdd53708cf3a834693420af2774e4ac126a78c898b5,validation,P1,2017-02-02,995,938.4809674217495,1f13a2d9e3d7b89973d88817f97e54198b8bc9d8e5da5fd9f6ab756089f96e2e
new_p3_training,True,tuned,UA,7,R1,3cfd389bbd05ec9201a41c0892e29bf8199198d1b216b9a8061370d4240aa583,bd1488a2d411295d7a2118c50ddcc0b158786123613af1676062e2270d1637d1,9cb89005693b1b70c102178849b740fde00b50c9ba5f3b5530d0e5749ea59837,eca954c21da074c545cb7858315ea39fee0a6f54b19e06474b4f2f91f1666847,c2f062c20887415a67df5838227a908b8620c7cc30f0498135bf17ea1ad33c5f,6031dc4ee08b61c58b35b1efd7d764739d5c7c54dc7cbe9e9a72a1e4a7098596,e2212c40566e21c680a98186ebd8e984aa80d4fd,4d4ad03b827958468b1a231e360c7ad1aa68035c25af068059838ceae6dfa6d6,0da5ee1686ead23df1f904ead1e98b7c0a817ac118d50e0e14715b5517b5194c,R1_UA_7,c5766ea75a44af8bb445fbdd53708cf3a834693420af2774e4ac126a78c898b5,validation,P1,2017-02-03,991,908.8867354253721,4a413fdb99facaf607bd8d274f65636c5317e28e8815a1b4c61fc7222e2ce2c4
new_p3_training,True,tuned,UA,7,R1,3cfd389bbd05ec9201a41c0892e29bf8199198d1b216b9a8061370d4240aa583,bd1488a2d411295d7a2118c50ddcc0b158786123613af1676062e2270d1637d1,9cb89005693b1b70c102178849b740fde00b50c9ba5f3b5530d0e5749ea59837,eca954c21da074c545cb7858315ea39fee0a6f54b19e06474b4f2f91f1666847,c2f062c20887415a67df5838227a908b8620c7cc30f0498135bf17ea1ad33c5f,6031dc4ee08b61c58b35b1efd7d764739d5c7c54dc7cbe9e9a72a1e4a7098596,e2212c40566e21c680a98186ebd8e984aa80d4fd,4d4ad03b827958468b1a231e360c7ad1aa68035c25af068059838ceae6dfa6d6,0da5ee1686ead23df1f904ead1e98b7c0a817ac118d50e0e14715b5517b5194c,R1_UA_7,c5766ea75a44af8bb445fbdd53708cf3a834693420af2774e4ac126a78c898b5,validation,P2,2016-11-24,891,850.7451611589751,1e6b27c0f08be688d3e0501039c7aa7f042924a4646fe11855972f680c5b1c95
new_p3_training,True,tuned,UA,7,R1,3cfd389bbd05ec9201a41c0892e29bf8199198d1b216b9a8061370d4240aa583,bd1488a2d411295d7a2118c50ddcc0b158786123613af1676062e2270d1637d1,9cb89005693b1b70c102178849b740fde00b50c9ba5f3b5530d0e5749ea59837,eca954c21da074c545cb7858315ea39fee0a6f54b19e06474b4f2f91f1666847,c2f062c20887415a67df5838227a908b8620c7cc30f0498135bf17ea1ad33c5f,6031dc4ee08b61c58b35b1efd7d764739d5c7c54dc7cbe9e9a72a1e4a7098596,e2212c40566e21c680a98186ebd8e984aa80d4fd,4d4ad03b827958468b1a231e360c7ad1aa68035c25af068059838ceae6dfa6d6,0da5ee1686ead23df1f904ead1e98b7c0a817ac118d50e0e14715b5517b5194c,R1_UA_7,c5766ea75a44af8bb445fbdd53708cf3a834693420af2774e4ac126a78c898b5,validation,P2,2016-11-25,891,823.8976483166912,e7150cdd0f35f540b8b6b165284018640419c400b26e10d8e378f4256ce67bf4
new_p3_training,True,tuned,UA,7,R1,3cfd389bbd05ec9201a41c0892e29bf8199198d1b216b9a8061370d4240aa583,bd1488a2d411295d7a2118c50ddcc0b158786123613af1676062e2270d1637d1,9cb89005693b1b70c102178849b740fde00b50c9ba5f3b5530d0e5749ea59837,eca954c21da074c545cb7858315ea39fee0a6f54b19e06474b4f2f91f1666847,c2f062c20887415a67df5838227a908b8620c7cc30f0498135bf17ea1ad33c5f,6031dc4ee08b61c58b35b1efd7d764739d5c7c54dc7cbe9e9a72a1e4a7098596,e2212c40566e21c680a98186ebd8e984aa80d4fd,4d4ad03b827958468b1a231e360c7ad1aa68035c25af068059838ceae6dfa6d6,0da5ee1686ead23df1f904ead1e98b7c0a817ac118d50e0e14715b5517b5194c,R1_UA_7,c5766ea75a44af8bb445fbdd53708cf3a834693420af2774e4ac126a78c898b5,validation,P2,2016-11-28,891,821.3811004439649,bd2a67de22a7d56da725e458f0c488decfab5c48a058550f34c3416be389a370
new_p3_training,True,tuned,UA,7,R1,3cfd389bbd05ec9201a41c0892e29bf8199198d1b216b9a8061370d4240aa583,bd1488a2d411295d7a2118c50ddcc0b158786123613af1676062e2270d1637d1,9cb89005693b1b70c102178849b740fde00b50c9ba5f3b5530d0e5749ea59837,eca954c21da074c545cb7858315ea39fee0a6f54b19e06474b4f2f91f1666847,c2f062c20887415a67df5838227a908b8620c7cc30f0498135bf17ea1ad33c5f,6031dc4ee08b61c58b35b1efd7d764739d5c7c54dc7cbe9e9a72a1e4a7098596,e2212c40566e21c680a98186ebd8e984aa80d4fd,4d4ad03b827958468b1a231e360c7ad1aa68035c25af068059838ceae6dfa6d6,0da5ee1686ead23df1f904ead1e98b7c0a817ac118d50e0e14715b5517b5194c,R1_UA_7,c5766ea75a44af8bb445fbdd53708cf3a834693420af2774e4ac126a78c898b5,validation,P2,2016-11-29,891,817.8505792921824,4838bae96d276ee4d462a0cb87024b3cd601e528e5f673b18254066619a177c1
new_p3_training,True,tuned,UA,7,R1,3cfd389bbd05ec9201a41c0892e29bf8199198d1b216b9a8061370d4240aa583,bd1488a2d411295d7a2118c50ddcc0b158786123613af1676062e2270d1637d1,9cb89005693b1b70c102178849b740fde00b50c9ba5f3b5530d0e5749ea59837,eca954c21da074c545cb7858315ea39fee0a6f54b19e06474b4f2f91f1666847,c2f062c20887415a67df5838227a908b8620c7cc30f0498135bf17ea1ad33c5f,6031dc4ee08b61c58b35b1efd7d764739d5c7c54dc7cbe9e9a72a1e4a7098596,e2212c40566e21c680a98186ebd8e984aa80d4fd,4d4ad03b827958468b1a231e360c7ad1aa68035c25af068059838ceae6dfa6d6,0da5ee1686ead23df1f904ead1e98b7c0a817ac118d50e0e14715b5517b5194c,R1_UA_7,c5766ea75a44af8bb445fbdd53708cf3a834693420af2774e4ac126a78c898b5,validation,P2,2016-11-30,891,820.3263310781265,541f92aae8f1ed581527123e11218f7c013e9ea5ac724c287580c7632ea6d302
new_p3_training,True,tuned,UA,7,R1,3cfd389bbd05ec9201a41c0892e29bf8199198d1b216b9a8061370d4240aa583,bd1488a2d411295d7a2118c50ddcc0b158786123613af1676062e2270d1637d1,9cb89005693b1b70c102178849b740fde00b50c9ba5f3b5530d0e5749ea59837,eca954c21da074c545cb7858315ea39fee0a6f54b19e06474b4f2f91f1666847,c2f062c20887415a67df5838227a908b8620c7cc30f0498135bf17ea1ad33c5f,6031dc4ee08b61c58b35b1efd7d764739d5c7c54dc7cbe9e9a72a1e4a7098596,e2212c40566e21c680a98186ebd8e984aa80d4fd,4d4ad03b827958468b1a231e360c7ad1aa68035c25af068059838ceae6dfa6d6,0da5ee1686ead23df1f904ead1e98b7c0a817ac118d50e0e14715b5517b5194c,R1_UA_7,c5766ea75a44af8bb445fbdd53708cf3a834693420af2774e4ac126a78c898b5,validation,P2,2016-12-01,891,836.0584474345987,83dacffd00b59c3772c60c2f1a4c452c93139146775af388e188270cdcb86e62
new_p3_training,True,tuned,UA,7,R1,3cfd389bbd05ec9201a41c0892e29bf8199198d1b216b9a8061370d4240aa583,bd1488a2d411295d7a2118c50ddcc0b158786123613af1676062e2270d1637d1,9cb89005693b1b70c102178849b740fde00b50c9ba5f3b5530d0e5749ea59837,eca954c21da074c545cb7858315ea39fee0a6f54b19e06474b4f2f91f1666847,c2f062c20887415a67df5838227a908b8620c7cc30f0498135bf17ea1ad33c5f,6031dc4ee08b61c58b35b1efd7d764739d5c7c54dc7cbe9e9a72a1e4a7098596,e2212c40566e21c680a98186ebd8e984aa80d4fd,4d4ad03b827958468b1a231e360c7ad1aa68035c25af068059838ceae6dfa6d6,0da5ee1686ead23df1f904ead1e98b7c0a817ac118d50e0e14715b5517b5194c,R1_UA_7,c5766ea75a44af8bb445fbdd53708cf3a834693420af2774e4ac126a78c898b5,validation,P2,2016-12-02,891,842.7777841036576,37511117aeec23e1e1d1c4bb575c4ecb467ba10e3bd0c5c695adb98e68e194a4
new_p3_training,True,tuned,UA,7,R1,3cfd389bbd05ec9201a41c0892e29bf8199198d1b216b9a8061370d4240aa583,bd1488a2d411295d7a2118c50ddcc0b158786123613af1676062e2270d1637d1,9cb89005693b1b70c102178849b740fde00b50c9ba5f3b5530d0e5749ea59837,eca954c21da074c545cb7858315ea39fee0a6f54b19e06474b4f2f91f1666847,c2f062c20887415a67df5838227a908b8620c7cc30f0498135bf17ea1ad33c5f,6031dc4ee08b61c58b35b1efd7d764739d5c7c54dc7cbe9e9a72a1e4a7098596,e2212c40566e21c680a98186ebd8e984aa80d4fd,4d4ad03b827958468b1a231e360c7ad1aa68035c25af068059838ceae6dfa6d6,0da5ee1686ead23df1f904ead1e98b7c0a817ac118d50e0e14715b5517b5194c,R1_UA_7,c5766ea75a44af8bb445fbdd53708cf3a834693420af2774e4ac126a78c898b5,validation,P2,2016-12-05,891,805.8628619727065,9e14a4cac4f9940471bcd84f434944fdd6528a70d8ab58f4da36098e549bbd3e
new_p3_training,True,tuned,UA,7,R1,3cfd389bbd05ec9201a41c0892e29bf8199198d1b216b9a8061370d4240aa583,bd1488a2d411295d7a2118c50ddcc0b158786123613af1676062e2270d1637d1,9cb89005693b1b70c102178849b740fde00b50c9ba5f3b5530d0e5749ea59837,eca954c21da074c545cb7858315ea39fee0a6f54b19e06474b4f2f91f1666847,c2f062c20887415a67df5838227a908b8620c7cc30f0498135bf17ea1ad33c5f,6031dc4ee08b61c58b35b1efd7d764739d5c7c54dc7cbe9e9a72a1e4a7098596,e2212c40566e21c680a98186ebd8e984aa80d4fd,4d4ad03b827958468b1a231e360c7ad1aa68035c25af068059838ceae6dfa6d6,0da5ee1686ead23df1f904ead1e98b7c0a817ac118d50e0e14715b5517b5194c,R1_UA_7,c5766ea75a44af8bb445fbdd53708cf3a834693420af2774e4ac126a78c898b5,validation,P2,2016-12-06,891,827.4201070902582,f507b2afa3c9bc23eb7ef88202c2ba805a0284a032bd197837d0b71fdec0a27f
new_p3_training,True,tuned,UA,7,R1,3cfd389bbd05ec9201a41c0892e29bf8199198d1b216b9a8061370d4240aa583,bd1488a2d411295d7a2118c50ddcc0b158786123613af1676062e2270d1637d1,9cb89005693b1b70c102178849b740fde00b50c9ba5f3b5530d0e5749ea59837,eca954c21da074c545cb7858315ea39fee0a6f54b19e06474b4f2f91f1666847,c2f062c20887415a67df5838227a908b8620c7cc30f0498135bf17ea1ad33c5f,6031dc4ee08b61c58b35b1efd7d764739d5c7c54dc7cbe9e9a72a1e4a7098596,e2212c40566e21c680a98186ebd8e984aa80d4fd,4d4ad03b827958468b1a231e360c7ad1aa68035c25af068059838ceae6dfa6d6,0da5ee1686ead23df1f904ead1e98b7c0a817ac118d50e0e14715b5517b5194c,R1_UA_7,c5766ea75a44af8bb445fbdd53708cf3a834693420af2774e4ac126a78c898b5,validation,P2,2016-12-07,891,830.1043372513248,31f99e8bab28bfa15e09403f649160d840fa4b162087a964a8b4d00879803098
new_p3_training,True,tuned,UA,7,R1,3cfd389bbd05ec9201a41c0892e29bf8199198d1b216b9a8061370d4240aa583,bd1488a2d411295d7a2118c50ddcc0b158786123613af1676062e2270d1637d1,9cb89005693b1b70c102178849b740fde00b50c9ba5f3b5530d0e5749ea59837,eca954c21da074c545cb7858315ea39fee0a6f54b19e06474b4f2f91f1666847,c2f062c20887415a67df5838227a908b8620c7cc30f0498135bf17ea1ad33c5f,6031dc4ee08b61c58b35b1efd7d764739d5c7c54dc7cbe9e9a72a1e4a7098596,e2212c40566e21c680a98186ebd8e984aa80d4fd,4d4ad03b827958468b1a231e360c7ad1aa68035c25af068059838ceae6dfa6d6,0da5ee1686ead23df1f904ead1e98b7c0a817ac118d50e0e14715b5517b5194c,R1_UA_7,c5766ea75a44af8bb445fbdd53708cf3a834693420af2774e4ac126a78c898b5,validation,P2,2016-12-08,891,868.1999733591977,9829d824eaaa2044e103e550ff6b170c5a4fbf933a6618a0f8b69a663c971257
new_p3_training,True,tuned,UA,7,R1,3cfd389bbd05ec9201a41c0892e29bf8199198d1b216b9a8061370d4240aa583,bd1488a2d411295d7a2118c50ddcc0b158786123613af1676062e2270d1637d1,9cb89005693b1b70c102178849b740fde00b50c9ba5f3b5530d0e5749ea59837,eca954c21da074c545cb7858315ea39fee0a6f54b19e06474b4f2f91f1666847,c2f062c20887415a67df5838227a908b8620c7cc30f0498135bf17ea1ad33c5f,6031dc4ee08b61c58b35b1efd7d764739d5c7c54dc7cbe9e9a72a1e4a7098596,e2212c40566e21c680a98186ebd8e984aa80d4fd,4d4ad03b827958468b1a231e360c7ad1aa68035c25af068059838ceae6dfa6d6,0da5ee1686ead23df1f904ead1e98b7c0a817ac118d50e0e14715b5517b5194c,R1_UA_7,c5766ea75a44af8bb445fbdd53708cf3a834693420af2774e4ac126a78c898b5,validation,P2,2016-12-09,891,840.2193088678687,3b012d266e3de9a892549abfa9323a261da5718e5c376d5c896667b26fb0f59b
new_p3_training,True,tuned,UA,7,R1,3cfd389bbd05ec9201a41c0892e29bf8199198d1b216b9a8061370d4240aa583,bd1488a2d411295d7a2118c50ddcc0b158786123613af1676062e2270d1637d1,9cb89005693b1b70c102178849b740fde00b50c9ba5f3b5530d0e5749ea59837,eca954c21da074c545cb7858315ea39fee0a6f54b19e06474b4f2f91f1666847,c2f062c20887415a67df5838227a908b8620c7cc30f0498135bf17ea1ad33c5f,6031dc4ee08b61c58b35b1efd7d764739d5c7c54dc7cbe9e9a72a1e4a7098596,e2212c40566e21c680a98186ebd8e984aa80d4fd,4d4ad03b827958468b1a231e360c7ad1aa68035c25af068059838ceae6dfa6d6,0da5ee1686ead23df1f904ead1e98b7c0a817ac118d50e0e14715b5517b5194c,R1_UA_7,c5766ea75a44af8bb445fbdd53708cf3a834693420af2774e4ac126a78c898b5,validation,P2,2016-12-12,891,795.9082541949751,29350347d2b99412665bbaa5a3430bb5a0e5a33ffd9db9dbfaa130214f4c2303
new_p3_training,True,tuned,UA,7,R1,3cfd389bbd05ec9201a41c0892e29bf8199198d1b216b9a8061370d4240aa583,bd1488a2d411295d7a2118c50ddcc0b158786123613af1676062e2270d1637d1,9cb89005693b1b70c102178849b740fde00b50c9ba5f3b5530d0e5749ea59837,eca954c21da074c545cb7858315ea39fee0a6f54b19e06474b4f2f91f1666847,c2f062c20887415a67df5838227a908b8620c7cc30f0498135bf17ea1ad33c5f,6031dc4ee08b61c58b35b1efd7d764739d5c7c54dc7cbe9e9a72a1e4a7098596,e2212c40566e21c680a98186ebd8e984aa80d4fd,4d4ad03b827958468b1a231e360c7ad1aa68035c25af068059838ceae6dfa6d6,0da5ee1686ead23df1f904ead1e98b7c0a817ac118d50e0e14715b5517b5194c,R1_UA_7,c5766ea75a44af8bb445fbdd53708cf3a834693420af2774e4ac126a78c898b5,validation,P2,2016-12-13,891,803.3101018593313,b53e5a486afccd5bb6eceed64652d751b0b0c17a1fa0c9b591956ae299633fd8
new_p3_training,True,tuned,UA,7,R1,3cfd389bbd05ec9201a41c0892e29bf8199198d1b216b9a8061370d4240aa583,bd1488a2d411295d7a2118c50ddcc0b158786123613af1676062e2270d1637d1,9cb89005693b1b70c102178849b740fde00b50c9ba5f3b5530d0e5749ea59837,eca954c21da074c545cb7858315ea39fee0a6f54b19e06474b4f2f91f1666847,c2f062c20887415a67df5838227a908b8620c7cc30f0498135bf17ea1ad33c5f,6031dc4ee08b61c58b35b1efd7d764739d5c7c54dc7cbe9e9a72a1e4a7098596,e2212c40566e21c680a98186ebd8e984aa80d4fd,4d4ad03b827958468b1a231e360c7ad1aa68035c25af068059838ceae6dfa6d6,0da5ee1686ead23df1f904ead1e98b7c0a817ac118d50e0e14715b5517b5194c,R1_UA_7,c5766ea75a44af8bb445fbdd53708cf3a834693420af2774e4ac126a78c898b5,validation,P2,2016-12-14,891,817.8822009401943,3d40b46004545fdca68d18514b7785e5cb0e3dd586ea4c8e795a2c72af585771
new_p3_training,True,tuned,UA,7,R1,3cfd389bbd05ec9201a41c0892e29bf8199198d1b216b9a8061370d4240aa583,bd1488a2d411295d7a2118c50ddcc0b158786123613af1676062e2270d1637d1,9cb89005693b1b70c102178849b740fde00b50c9ba5f3b5530d0e5749ea59837,eca954c21da074c545cb7858315ea39fee0a6f54b19e06474b4f2f91f1666847,c2f062c20887415a67df5838227a908b8620c7cc30f0498135bf17ea1ad33c5f,6031dc4ee08b61c58b35b1efd7d764739d5c7c54dc7cbe9e9a72a1e4a7098596,e2212c40566e21c680a98186ebd8e984aa80d4fd,4d4ad03b827958468b1a231e360c7ad1aa68035c25af068059838ceae6dfa6d6,0da5ee1686ead23df1f904ead1e98b7c0a817ac118d50e0e14715b5517b5194c,R1_UA_7,c5766ea75a44af8bb445fbdd53708cf3a834693420af2774e4ac126a78c898b5,validation,P2,2016-12-15,891,823.0345356501839,6d88cbfdd6b1da19cebd90ef105b952a8d3733300e52d00fa32d0a26e4fb292c
new_p3_training,True,tuned,UA,7,R1,3cfd389bbd05ec9201a41c0892e29bf8199198d1b216b9a8061370d4240aa583,bd1488a2d411295d7a2118c50ddcc0b158786123613af1676062e2270d1637d1,9cb89005693b1b70c102178849b740fde00b50c9ba5f3b5530d0e5749ea59837,eca954c21da074c545cb7858315ea39fee0a6f54b19e06474b4f2f91f1666847,c2f062c20887415a67df5838227a908b8620c7cc30f0498135bf17ea1ad33c5f,6031dc4ee08b61c58b35b1efd7d764739d5c7c54dc7cbe9e9a72a1e4a7098596,e2212c40566e21c680a98186ebd8e984aa80d4fd,4d4ad03b827958468b1a231e360c7ad1aa68035c25af068059838ceae6dfa6d6,0da5ee1686ead23df1f904ead1e98b7c0a817ac118d50e0e14715b5517b5194c,R1_UA_7,c5766ea75a44af8bb445fbdd53708cf3a834693420af2774e4ac126a78c898b5,validation,P2,2016-12-16,891,793.427991748639,0e1ab835228af8f43798d3d81d29c0487bc6c298a8f518bb4263a66d80b494d6
new_p3_training,True,tuned,UA,7,R1,3cfd389bbd05ec9201a41c0892e29bf8199198d1b216b9a8061370d4240aa583,bd1488a2d411295d7a2118c50ddcc0b158786123613af1676062e2270d1637d1,9cb89005693b1b70c102178849b740fde00b50c9ba5f3b5530d0e5749ea59837,eca954c21da074c545cb7858315ea39fee0a6f54b19e06474b4f2f91f1666847,c2f062c20887415a67df5838227a908b8620c7cc30f0498135bf17ea1ad33c5f,6031dc4ee08b61c58b35b1efd7d764739d5c7c54dc7cbe9e9a72a1e4a7098596,e2212c40566e21c680a98186ebd8e984aa80d4fd,4d4ad03b827958468b1a231e360c7ad1aa68035c25af068059838ceae6dfa6d6,0da5ee1686ead23df1f904ead1e98b7c0a817ac118d50e0e14715b5517b5194c,R1_UA_7,c5766ea75a44af8bb445fbdd53708cf3a834693420af2774e4ac126a78c898b5,validation,P2,2016-12-19,891,799.5138699761809,6946062e325509c57398da11e9d70ccece2cc6dde7cee6821d325546c99d2a05
new_p3_training,True,tuned,UA,7,R1,3cfd389bbd05ec9201a41c0892e29bf8199198d1b216b9a8061370d4240aa583,bd1488a2d411295d7a2118c50ddcc0b158786123613af1676062e2270d1637d1,9cb89005693b1b70c102178849b740fde00b50c9ba5f3b5530d0e5749ea59837,eca954c21da074c545cb7858315ea39fee0a6f54b19e06474b4f2f91f1666847,c2f062c20887415a67df5838227a908b8620c7cc30f0498135bf17ea1ad33c5f,6031dc4ee08b61c58b35b1efd7d764739d5c7c54dc7cbe9e9a72a1e4a7098596,e2212c40566e21c680a98186ebd8e984aa80d4fd,4d4ad03b827958468b1a231e360c7ad1aa68035c25af068059838ceae6dfa6d6,0da5ee1686ead23df1f904ead1e98b7c0a817ac118d50e0e14715b5517b5194c,R1_UA_7,c5766ea75a44af8bb445fbdd53708cf3a834693420af2774e4ac126a78c898b5,validation,P2,2016-12-20,891,778.3347531615807,3ca31c6179ed02fb24c56f6ab5373f1ae34c77d30a4b3e9ebf1acec9edd6606d
new_p3_training,True,tuned,UA,7,R1,3cfd389bbd05ec9201a41c0892e29bf8199198d1b216b9a8061370d4240aa583,bd1488a2d411295d7a2118c50ddcc0b158786123613af1676062e2270d1637d1,9cb89005693b1b70c102178849b740fde00b50c9ba5f3b5530d0e5749ea59837,eca954c21da074c545cb7858315ea39fee0a6f54b19e06474b4f2f91f1666847,c2f062c20887415a67df5838227a908b8620c7cc30f0498135bf17ea1ad33c5f,6031dc4ee08b61c58b35b1efd7d764739d5c7c54dc7cbe9e9a72a1e4a7098596,e2212c40566e21c680a98186ebd8e984aa80d4fd,4d4ad03b827958468b1a231e360c7ad1aa68035c25af068059838ceae6dfa6d6,0da5ee1686ead23df1f904ead1e98b7c0a817ac118d50e0e14715b5517b5194c,R1_UA_7,c5766ea75a44af8bb445fbdd53708cf3a834693420af2774e4ac126a78c898b5,validation,P2,2016-12-21,891,813.2369164654108,cdb6ef54b8bdcb63cfb22c13fc9f1bd8a3cf4b6c8a67b792fe6ed2400548183d
new_p3_training,True,tuned,UA,7,R1,3cfd389bbd05ec9201a41c0892e29bf8199198d1b216b9a8061370d4240aa583,bd1488a2d411295d7a2118c50ddcc0b158786123613af1676062e2270d1637d1,9cb89005693b1b70c102178849b740fde00b50c9ba5f3b5530d0e5749ea59837,eca954c21da074c545cb7858315ea39fee0a6f54b19e06474b4f2f91f1666847,c2f062c20887415a67df5838227a908b8620c7cc30f0498135bf17ea1ad33c5f,6031dc4ee08b61c58b35b1efd7d764739d5c7c54dc7cbe9e9a72a1e4a7098596,e2212c40566e21c680a98186ebd8e984aa80d4fd,4d4ad03b827958468b1a231e360c7ad1aa68035c25af068059838ceae6dfa6d6,0da5ee1686ead23df1f904ead1e98b7c0a817ac118d50e0e14715b5517b5194c,R1_UA_7,c5766ea75a44af8bb445fbdd53708cf3a834693420af2774e4ac126a78c898b5,validation,P2,2016-12-22,891,808.4791870315624,6609c6a2d8277986cbfc454941bf28b68e2ac31b51ccc65aac415e28182954ef
new_p3_training,True,tuned,UA,7,R1,3cfd389bbd05ec9201a41c0892e29bf8199198d1b216b9a8061370d4240aa583,bd1488a2d411295d7a2118c50ddcc0b158786123613af1676062e2270d1637d1,9cb89005693b1b70c102178849b740fde00b50c9ba5f3b5530d0e5749ea59837,eca954c21da074c545cb7858315ea39fee0a6f54b19e06474b4f2f91f1666847,c2f062c20887415a67df5838227a908b8620c7cc30f0498135bf17ea1ad33c5f,6031dc4ee08b61c58b35b1efd7d764739d5c7c54dc7cbe9e9a72a1e4a7098596,e2212c40566e21c680a98186ebd8e984aa80d4fd,4d4ad03b827958468b1a231e360c7ad1aa68035c25af068059838ceae6dfa6d6,0da5ee1686ead23df1f904ead1e98b7c0a817ac118d50e0e14715b5517b5194c,R1_UA_7,c5766ea75a44af8bb445fbdd53708cf3a834693420af2774e4ac126a78c898b5,validation,P2,2016-12-23,891,732.0316607680641,e1899a0ae82cf0565901b696ddba16a3e9eb81698b6f93a3e140a4328cd45904
new_p3_training,True,tuned,UA,7,R1,3cfd389bbd05ec9201a41c0892e29bf8199198d1b216b9a8061370d4240aa583,bd1488a2d411295d7a2118c50ddcc0b158786123613af1676062e2270d1637d1,9cb89005693b1b70c102178849b740fde00b50c9ba5f3b5530d0e5749ea59837,eca954c21da074c545cb7858315ea39fee0a6f54b19e06474b4f2f91f1666847,c2f062c20887415a67df5838227a908b8620c7cc30f0498135bf17ea1ad33c5f,6031dc4ee08b61c58b35b1efd7d764739d5c7c54dc7cbe9e9a72a1e4a7098596,e2212c40566e21c680a98186ebd8e984aa80d4fd,4d4ad03b827958468b1a231e360c7ad1aa68035c25af068059838ceae6dfa6d6,0da5ee1686ead23df1f904ead1e98b7c0a817ac118d50e0e14715b5517b5194c,R1_UA_7,c5766ea75a44af8bb445fbdd53708cf3a834693420af2774e4ac126a78c898b5,validation,P2,2016-12-26,891,779.8731416793153,75f82946fb1aca3d079db6b9431c30d8c0cb086c6223aab8c38a4db0ea7fc3ac
new_p3_training,True,tuned,UA,7,R1,3cfd389bbd05ec9201a41c0892e29bf8199198d1b216b9a8061370d4240aa583,bd1488a2d411295d7a2118c50ddcc0b158786123613af1676062e2270d1637d1,9cb89005693b1b70c102178849b740fde00b50c9ba5f3b5530d0e5749ea59837,eca954c21da074c545cb7858315ea39fee0a6f54b19e06474b4f2f91f1666847,c2f062c20887415a67df5838227a908b8620c7cc30f0498135bf17ea1ad33c5f,6031dc4ee08b61c58b35b1efd7d764739d5c7c54dc7cbe9e9a72a1e4a7098596,e2212c40566e21c680a98186ebd8e984aa80d4fd,4d4ad03b827958468b1a231e360c7ad1aa68035c25af068059838ceae6dfa6d6,0da5ee1686ead23df1f904ead1e98b7c0a817ac118d50e0e14715b5517b5194c,R1_UA_7,c5766ea75a44af8bb445fbdd53708cf3a834693420af2774e4ac126a78c898b5,validation,P2,2016-12-27,891,770.5006637025422,2953e6d87e33d174203ae421e24084ff82ce471b269539172e3db28655449f95
new_p3_training,True,tuned,UA,7,R1,3cfd389bbd05ec9201a41c0892e29bf8199198d1b216b9a8061370d4240aa583,bd1488a2d411295d7a2118c50ddcc0b158786123613af1676062e2270d1637d1,9cb89005693b1b70c102178849b740fde00b50c9ba5f3b5530d0e5749ea59837,eca954c21da074c545cb7858315ea39fee0a6f54b19e06474b4f2f91f1666847,c2f062c20887415a67df5838227a908b8620c7cc30f0498135bf17ea1ad33c5f,6031dc4ee08b61c58b35b1efd7d764739d5c7c54dc7cbe9e9a72a1e4a7098596,e2212c40566e21c680a98186ebd8e984aa80d4fd,4d4ad03b827958468b1a231e360c7ad1aa68035c25af068059838ceae6dfa6d6,0da5ee1686ead23df1f904ead1e98b7c0a817ac118d50e0e14715b5517b5194c,R1_UA_7,c5766ea75a44af8bb445fbdd53708cf3a834693420af2774e4ac126a78c898b5,validation,P2,2016-12-28,891,765.7056302629325,cc47e205ad0568dc227d0dea277f0edf39c98960c0c35c9afc9b7443ddcaa943
new_p3_training,True,tuned,UA,7,R1,3cfd389bbd05ec9201a41c0892e29bf8199198d1b216b9a8061370d4240aa583,bd1488a2d411295d7a2118c50ddcc0b158786123613af1676062e2270d1637d1,9cb89005693b1b70c102178849b740fde00b50c9ba5f3b5530d0e5749ea59837,eca954c21da074c545cb7858315ea39fee0a6f54b19e06474b4f2f91f1666847,c2f062c20887415a67df5838227a908b8620c7cc30f0498135bf17ea1ad33c5f,6031dc4ee08b61c58b35b1efd7d764739d5c7c54dc7cbe9e9a72a1e4a7098596,e2212c40566e21c680a98186ebd8e984aa80d4fd,4d4ad03b827958468b1a231e360c7ad1aa68035c25af068059838ceae6dfa6d6,0da5ee1686ead23df1f904ead1e98b7c0a817ac118d50e0e14715b5517b5194c,R1_UA_7,c5766ea75a44af8bb445fbdd53708cf3a834693420af2774e4ac126a78c898b5,validation,P2,2016-12-29,891,806.4231540624387,c237907a28836b584ffc63d82c5f89541368fb5550aac30b40c006f4fad57e9b
new_p3_training,True,tuned,UA,7,R1,3cfd389bbd05ec9201a41c0892e29bf8199198d1b216b9a8061370d4240aa583,bd1488a2d411295d7a2118c50ddcc0b158786123613af1676062e2270d1637d1,9cb89005693b1b70c102178849b740fde00b50c9ba5f3b5530d0e5749ea59837,eca954c21da074c545cb7858315ea39fee0a6f54b19e06474b4f2f91f1666847,c2f062c20887415a67df5838227a908b8620c7cc30f0498135bf17ea1ad33c5f,6031dc4ee08b61c58b35b1efd7d764739d5c7c54dc7cbe9e9a72a1e4a7098596,e2212c40566e21c680a98186ebd8e984aa80d4fd,4d4ad03b827958468b1a231e360c7ad1aa68035c25af068059838ceae6dfa6d6,0da5ee1686ead23df1f904ead1e98b7c0a817ac118d50e0e14715b5517b5194c,R1_UA_7,c5766ea75a44af8bb445fbdd53708cf3a834693420af2774e4ac126a78c898b5,validation,P2,2017-01-02,891,777.5343923514889,f483fbb330e79e7a71e9dff10dd34d4409b7cbc9b9e125e386c0c480bd6760bf
new_p3_training,True,tuned,UA,7,R1,3cfd389bbd05ec9201a41c0892e29bf8199198d1b216b9a8061370d4240aa583,bd1488a2d411295d7a2118c50ddcc0b158786123613af1676062e2270d1637d1,9cb89005693b1b70c102178849b740fde00b50c9ba5f3b5530d0e5749ea59837,eca954c21da074c545cb7858315ea39fee0a6f54b19e06474b4f2f91f1666847,c2f062c20887415a67df5838227a908b8620c7cc30f0498135bf17ea1ad33c5f,6031dc4ee08b61c58b35b1efd7d764739d5c7c54dc7cbe9e9a72a1e4a7098596,e2212c40566e21c680a98186ebd8e984aa80d4fd,4d4ad03b827958468b1a231e360c7ad1aa68035c25af068059838ceae6dfa6d6,0da5ee1686ead23df1f904ead1e98b7c0a817ac118d50e0e14715b5517b5194c,R1_UA_7,c5766ea75a44af8bb445fbdd53708cf3a834693420af2774e4ac126a78c898b5,validation,P2,2017-01-03,891,797.0261728160108,6113030b1440a7bf3fc799dec27ea12195c609156888b8b1bc3ecd28db634b5a
new_p3_training,True,tuned,UA,7,R1,3cfd389bbd05ec9201a41c0892e29bf8199198d1b216b9a8061370d4240aa583,bd1488a2d411295d7a2118c50ddcc0b158786123613af1676062e2270d1637d1,9cb89005693b1b70c102178849b740fde00b50c9ba5f3b5530d0e5749ea59837,eca954c21da074c545cb7858315ea39fee0a6f54b19e06474b4f2f91f1666847,c2f062c20887415a67df5838227a908b8620c7cc30f0498135bf17ea1ad33c5f,6031dc4ee08b61c58b35b1efd7d764739d5c7c54dc7cbe9e9a72a1e4a7098596,e2212c40566e21c680a98186ebd8e984aa80d4fd,4d4ad03b827958468b1a231e360c7ad1aa68035c25af068059838ceae6dfa6d6,0da5ee1686ead23df1f904ead1e98b7c0a817ac118d50e0e14715b5517b5194c,R1_UA_7,c5766ea75a44af8bb445fbdd53708cf3a834693420af2774e4ac126a78c898b5,validation,P2,2017-01-04,891,801.2152113332501,70ae0446de18aa9cde7672cbabcd0a1dc5a8832f1c03560acd0e2a2f9664aab3
new_p3_training,True,tuned,UA,7,R1,3cfd389bbd05ec9201a41c0892e29bf8199198d1b216b9a8061370d4240aa583,bd1488a2d411295d7a2118c50ddcc0b158786123613af1676062e2270d1637d1,9cb89005693b1b70c102178849b740fde00b50c9ba5f3b5530d0e5749ea59837,eca954c21da074c545cb7858315ea39fee0a6f54b19e06474b4f2f91f1666847,c2f062c20887415a67df5838227a908b8620c7cc30f0498135bf17ea1ad33c5f,6031dc4ee08b61c58b35b1efd7d764739d5c7c54dc7cbe9e9a72a1e4a7098596,e2212c40566e21c680a98186ebd8e984aa80d4fd,4d4ad03b827958468b1a231e360c7ad1aa68035c25af068059838ceae6dfa6d6,0da5ee1686ead23df1f904ead1e98b7c0a817ac118d50e0e14715b5517b5194c,R1_UA_7,c5766ea75a44af8bb445fbdd53708cf3a834693420af2774e4ac126a78c898b5,validation,P2,2017-01-05,891,802.4508901639899,607a9bda025ba02e821d6252c6c20c80746913062e71bcfa323212065a4c00eb
new_p3_training,True,tuned,UA,7,R1,3cfd389bbd05ec9201a41c0892e29bf8199198d1b216b9a8061370d4240aa583,bd1488a2d411295d7a2118c50ddcc0b158786123613af1676062e2270d1637d1,9cb89005693b1b70c102178849b740fde00b50c9ba5f3b5530d0e5749ea59837,eca954c21da074c545cb7858315ea39fee0a6f54b19e06474b4f2f91f1666847,c2f062c20887415a67df5838227a908b8620c7cc30f0498135bf17ea1ad33c5f,6031dc4ee08b61c58b35b1efd7d764739d5c7c54dc7cbe9e9a72a1e4a7098596,e2212c40566e21c680a98186ebd8e984aa80d4fd,4d4ad03b827958468b1a231e360c7ad1aa68035c25af068059838ceae6dfa6d6,0da5ee1686ead23df1f904ead1e98b7c0a817ac118d50e0e14715b5517b5194c,R1_UA_7,c5766ea75a44af8bb445fbdd53708cf3a834693420af2774e4ac126a78c898b5,validation,P2,2017-01-06,891,761.1868954262333,b61dfd1440a99171d5cfff2c62de26c6d48f685bab7b64ff391c259b524bda67
new_p3_training,True,tuned,UA,7,R1,3cfd389bbd05ec9201a41c0892e29bf8199198d1b216b9a8061370d4240aa583,bd1488a2d411295d7a2118c50ddcc0b158786123613af1676062e2270d1637d1,9cb89005693b1b70c102178849b740fde00b50c9ba5f3b5530d0e5749ea59837,eca954c21da074c545cb7858315ea39fee0a6f54b19e06474b4f2f91f1666847,c2f062c20887415a67df5838227a908b8620c7cc30f0498135bf17ea1ad33c5f,6031dc4ee08b61c58b35b1efd7d764739d5c7c54dc7cbe9e9a72a1e4a7098596,e2212c40566e21c680a98186ebd8e984aa80d4fd,4d4ad03b827958468b1a231e360c7ad1aa68035c25af068059838ceae6dfa6d6,0da5ee1686ead23df1f904ead1e98b7c0a817ac118d50e0e14715b5517b5194c,R1_UA_7,c5766ea75a44af8bb445fbdd53708cf3a834693420af2774e4ac126a78c898b5,validation,P2,2017-01-09,891,787.3192337226701,43cfc072d1cdbe68b0170458dd47312652c7bf90adab11c0269c45c213256c7f
new_p3_training,True,tuned,UA,7,R1,3cfd389bbd05ec9201a41c0892e29bf8199198d1b216b9a8061370d4240aa583,bd1488a2d411295d7a2118c50ddcc0b158786123613af1676062e2270d1637d1,9cb89005693b1b70c102178849b740fde00b50c9ba5f3b5530d0e5749ea59837,eca954c21da074c545cb7858315ea39fee0a6f54b19e06474b4f2f91f1666847,c2f062c20887415a67df5838227a908b8620c7cc30f0498135bf17ea1ad33c5f,6031dc4ee08b61c58b35b1efd7d764739d5c7c54dc7cbe9e9a72a1e4a7098596,e2212c40566e21c680a98186ebd8e984aa80d4fd,4d4ad03b827958468b1a231e360c7ad1aa68035c25af068059838ceae6dfa6d6,0da5ee1686ead23df1f904ead1e98b7c0a817ac118d50e0e14715b5517b5194c,R1_UA_7,c5766ea75a44af8bb445fbdd53708cf3a834693420af2774e4ac126a78c898b5,validation,P2,2017-01-10,891,782.3699788089166,88b0757a3c3a19d7d60587d4d7a0531a3ce43cb8236d324b515d61a982d09540
new_p3_training,True,tuned,UA,7,R1,3cfd389bbd05ec9201a41c0892e29bf8199198d1b216b9a8061370d4240aa583,bd1488a2d411295d7a2118c50ddcc0b158786123613af1676062e2270d1637d1,9cb89005693b1b70c102178849b740fde00b50c9ba5f3b5530d0e5749ea59837,eca954c21da074c545cb7858315ea39fee0a6f54b19e06474b4f2f91f1666847,c2f062c20887415a67df5838227a908b8620c7cc30f0498135bf17ea1ad33c5f,6031dc4ee08b61c58b35b1efd7d764739d5c7c54dc7cbe9e9a72a1e4a7098596,e2212c40566e21c680a98186ebd8e984aa80d4fd,4d4ad03b827958468b1a231e360c7ad1aa68035c25af068059838ceae6dfa6d6,0da5ee1686ead23df1f904ead1e98b7c0a817ac118d50e0e14715b5517b5194c,R1_UA_7,c5766ea75a44af8bb445fbdd53708cf3a834693420af2774e4ac126a78c898b5,validation,P2,2017-01-11,891,844.6536405779522,7a80250d8262c7b46d6e4b4346dac7b869c870451baaf0429743712ebf9de08d
new_p3_training,True,tuned,UA,7,R1,3cfd389bbd05ec9201a41c0892e29bf8199198d1b216b9a8061370d4240aa583,bd1488a2d411295d7a2118c50ddcc0b158786123613af1676062e2270d1637d1,9cb89005693b1b70c102178849b740fde00b50c9ba5f3b5530d0e5749ea59837,eca954c21da074c545cb7858315ea39fee0a6f54b19e06474b4f2f91f1666847,c2f062c20887415a67df5838227a908b8620c7cc30f0498135bf17ea1ad33c5f,6031dc4ee08b61c58b35b1efd7d764739d5c7c54dc7cbe9e9a72a1e4a7098596,e2212c40566e21c680a98186ebd8e984aa80d4fd,4d4ad03b827958468b1a231e360c7ad1aa68035c25af068059838ceae6dfa6d6,0da5ee1686ead23df1f904ead1e98b7c0a817ac118d50e0e14715b5517b5194c,R1_UA_7,c5766ea75a44af8bb445fbdd53708cf3a834693420af2774e4ac126a78c898b5,validation,P2,2017-01-12,891,816.0461314617143,0317d9d1bce2756529db5126140f96fae82cc4f88f5477151b146b8b54840d21
new_p3_training,True,tuned,UA,7,R1,3cfd389bbd05ec9201a41c0892e29bf8199198d1b216b9a8061370d4240aa583,bd1488a2d411295d7a2118c50ddcc0b158786123613af1676062e2270d1637d1,9cb89005693b1b70c102178849b740fde00b50c9ba5f3b5530d0e5749ea59837,eca954c21da074c545cb7858315ea39fee0a6f54b19e06474b4f2f91f1666847,c2f062c20887415a67df5838227a908b8620c7cc30f0498135bf17ea1ad33c5f,6031dc4ee08b61c58b35b1efd7d764739d5c7c54dc7cbe9e9a72a1e4a7098596,e2212c40566e21c680a98186ebd8e984aa80d4fd,4d4ad03b827958468b1a231e360c7ad1aa68035c25af068059838ceae6dfa6d6,0da5ee1686ead23df1f904ead1e98b7c0a817ac118d50e0e14715b5517b5194c,R1_UA_7,c5766ea75a44af8bb445fbdd53708cf3a834693420af2774e4ac126a78c898b5,validation,P2,2017-01-13,891,807.6410100901488,b773610d18a35980504d2d943990f322c0c2081d7ed3c13a1d0036f50744eebc
new_p3_training,True,tuned,UA,7,R1,3cfd389bbd05ec9201a41c0892e29bf8199198d1b216b9a8061370d4240aa583,bd1488a2d411295d7a2118c50ddcc0b158786123613af1676062e2270d1637d1,9cb89005693b1b70c102178849b740fde00b50c9ba5f3b5530d0e5749ea59837,eca954c21da074c545cb7858315ea39fee0a6f54b19e06474b4f2f91f1666847,c2f062c20887415a67df5838227a908b8620c7cc30f0498135bf17ea1ad33c5f,6031dc4ee08b61c58b35b1efd7d764739d5c7c54dc7cbe9e9a72a1e4a7098596,e2212c40566e21c680a98186ebd8e984aa80d4fd,4d4ad03b827958468b1a231e360c7ad1aa68035c25af068059838ceae6dfa6d6,0da5ee1686ead23df1f904ead1e98b7c0a817ac118d50e0e14715b5517b5194c,R1_UA_7,c5766ea75a44af8bb445fbdd53708cf3a834693420af2774e4ac126a78c898b5,validation,P2,2017-01-16,891,820.3135841127623,ce4345fee4c2b20bfe5fbdef50501928c90ffb11870d04ad9822f8664cb6b462
new_p3_training,True,tuned,UA,7,R1,3cfd389bbd05ec9201a41c0892e29bf8199198d1b216b9a8061370d4240aa583,bd1488a2d411295d7a2118c50ddcc0b158786123613af1676062e2270d1637d1,9cb89005693b1b70c102178849b740fde00b50c9ba5f3b5530d0e5749ea59837,eca954c21da074c545cb7858315ea39fee0a6f54b19e06474b4f2f91f1666847,c2f062c20887415a67df5838227a908b8620c7cc30f0498135bf17ea1ad33c5f,6031dc4ee08b61c58b35b1efd7d764739d5c7c54dc7cbe9e9a72a1e4a7098596,e2212c40566e21c680a98186ebd8e984aa80d4fd,4d4ad03b827958468b1a231e360c7ad1aa68035c25af068059838ceae6dfa6d6,0da5ee1686ead23df1f904ead1e98b7c0a817ac118d50e0e14715b5517b5194c,R1_UA_7,c5766ea75a44af8bb445fbdd53708cf3a834693420af2774e4ac126a78c898b5,validation,P2,2017-01-17,891,805.7334607711181,12c76717e88e9955af717bca6c019ae55fada4488bf69af756b8697f8266be52
new_p3_training,True,tuned,UA,7,R1,3cfd389bbd05ec9201a41c0892e29bf8199198d1b216b9a8061370d4240aa583,bd1488a2d411295d7a2118c50ddcc0b158786123613af1676062e2270d1637d1,9cb89005693b1b70c102178849b740fde00b50c9ba5f3b5530d0e5749ea59837,eca954c21da074c545cb7858315ea39fee0a6f54b19e06474b4f2f91f1666847,c2f062c20887415a67df5838227a908b8620c7cc30f0498135bf17ea1ad33c5f,6031dc4ee08b61c58b35b1efd7d764739d5c7c54dc7cbe9e9a72a1e4a7098596,e2212c40566e21c680a98186ebd8e984aa80d4fd,4d4ad03b827958468b1a231e360c7ad1aa68035c25af068059838ceae6dfa6d6,0da5ee1686ead23df1f904ead1e98b7c0a817ac118d50e0e14715b5517b5194c,R1_UA_7,c5766ea75a44af8bb445fbdd53708cf3a834693420af2774e4ac126a78c898b5,validation,P2,2017-01-18,891,828.6310640006446,0bd63bfc88ff2a8c6d81d2f7e6eccb4a6056b71a24ed6e8d0a8a77c48c086ce7
new_p3_training,True,tuned,UA,7,R1,3cfd389bbd05ec9201a41c0892e29bf8199198d1b216b9a8061370d4240aa583,bd1488a2d411295d7a2118c50ddcc0b158786123613af1676062e2270d1637d1,9cb89005693b1b70c102178849b740fde00b50c9ba5f3b5530d0e5749ea59837,eca954c21da074c545cb7858315ea39fee0a6f54b19e06474b4f2f91f1666847,c2f062c20887415a67df5838227a908b8620c7cc30f0498135bf17ea1ad33c5f,6031dc4ee08b61c58b35b1efd7d764739d5c7c54dc7cbe9e9a72a1e4a7098596,e2212c40566e21c680a98186ebd8e984aa80d4fd,4d4ad03b827958468b1a231e360c7ad1aa68035c25af068059838ceae6dfa6d6,0da5ee1686ead23df1f904ead1e98b7c0a817ac118d50e0e14715b5517b5194c,R1_UA_7,c5766ea75a44af8bb445fbdd53708cf3a834693420af2774e4ac126a78c898b5,validation,P2,2017-01-19,891,867.7203445126258,a08e8fd706759362850b0ac4278c54857d322497464b7beb1b77fb8845613ae0
new_p3_training,True,tuned,UA,7,R1,3cfd389bbd05ec9201a41c0892e29bf8199198d1b216b9a8061370d4240aa583,bd1488a2d411295d7a2118c50ddcc0b158786123613af1676062e2270d1637d1,9cb89005693b1b70c102178849b740fde00b50c9ba5f3b5530d0e5749ea59837,eca954c21da074c545cb7858315ea39fee0a6f54b19e06474b4f2f91f1666847,c2f062c20887415a67df5838227a908b8620c7cc30f0498135bf17ea1ad33c5f,6031dc4ee08b61c58b35b1efd7d764739d5c7c54dc7cbe9e9a72a1e4a7098596,e2212c40566e21c680a98186ebd8e984aa80d4fd,4d4ad03b827958468b1a231e360c7ad1aa68035c25af068059838ceae6dfa6d6,0da5ee1686ead23df1f904ead1e98b7c0a817ac118d50e0e14715b5517b5194c,R1_UA_7,c5766ea75a44af8bb445fbdd53708cf3a834693420af2774e4ac126a78c898b5,validation,P2,2017-01-20,891,794.2055967350016,593ca35592cb498cc065e8540e2c88699e68bcb60baa15cf5ecbe9160c3d3480
new_p3_training,True,tuned,UA,7,R1,3cfd389bbd05ec9201a41c0892e29bf8199198d1b216b9a8061370d4240aa583,bd1488a2d411295d7a2118c50ddcc0b158786123613af1676062e2270d1637d1,9cb89005693b1b70c102178849b740fde00b50c9ba5f3b5530d0e5749ea59837,eca954c21da074c545cb7858315ea39fee0a6f54b19e06474b4f2f91f1666847,c2f062c20887415a67df5838227a908b8620c7cc30f0498135bf17ea1ad33c5f,6031dc4ee08b61c58b35b1efd7d764739d5c7c54dc7cbe9e9a72a1e4a7098596,e2212c40566e21c680a98186ebd8e984aa80d4fd,4d4ad03b827958468b1a231e360c7ad1aa68035c25af068059838ceae6dfa6d6,0da5ee1686ead23df1f904ead1e98b7c0a817ac118d50e0e14715b5517b5194c,R1_UA_7,c5766ea75a44af8bb445fbdd53708cf3a834693420af2774e4ac126a78c898b5,validation,P2,2017-01-23,891,801.518358049213,7cc8b19a43c63415fd922d9f396dd29b0d968480ea5d6c6a496ad5e285616df1
new_p3_training,True,tuned,UA,7,R1,3cfd389bbd05ec9201a41c0892e29bf8199198d1b216b9a8061370d4240aa583,bd1488a2d411295d7a2118c50ddcc0b158786123613af1676062e2270d1637d1,9cb89005693b1b70c102178849b740fde00b50c9ba5f3b5530d0e5749ea59837,eca954c21da074c545cb7858315ea39fee0a6f54b19e06474b4f2f91f1666847,c2f062c20887415a67df5838227a908b8620c7cc30f0498135bf17ea1ad33c5f,6031dc4ee08b61c58b35b1efd7d764739d5c7c54dc7cbe9e9a72a1e4a7098596,e2212c40566e21c680a98186ebd8e984aa80d4fd,4d4ad03b827958468b1a231e360c7ad1aa68035c25af068059838ceae6dfa6d6,0da5ee1686ead23df1f904ead1e98b7c0a817ac118d50e0e14715b5517b5194c,R1_UA_7,c5766ea75a44af8bb445fbdd53708cf3a834693420af2774e4ac126a78c898b5,validation,P2,2017-01-24,891,788.0778250320303,d2697739c93e74ae1e03466f1abab8531e99140440a2a7ba7fd0d8ce1266e576
new_p3_training,True,tuned,UA,7,R1,3cfd389bbd05ec9201a41c0892e29bf8199198d1b216b9a8061370d4240aa583,bd1488a2d411295d7a2118c50ddcc0b158786123613af1676062e2270d1637d1,9cb89005693b1b70c102178849b740fde00b50c9ba5f3b5530d0e5749ea59837,eca954c21da074c545cb7858315ea39fee0a6f54b19e06474b4f2f91f1666847,c2f062c20887415a67df5838227a908b8620c7cc30f0498135bf17ea1ad33c5f,6031dc4ee08b61c58b35b1efd7d764739d5c7c54dc7cbe9e9a72a1e4a7098596,e2212c40566e21c680a98186ebd8e984aa80d4fd,4d4ad03b827958468b1a231e360c7ad1aa68035c25af068059838ceae6dfa6d6,0da5ee1686ead23df1f904ead1e98b7c0a817ac118d50e0e14715b5517b5194c,R1_UA_7,c5766ea75a44af8bb445fbdd53708cf3a834693420af2774e4ac126a78c898b5,validation,P2,2017-01-25,891,796.079878849836,aa013d845e89ccd8e6e22819c312350ad251765ba497bd4196204958b720a5dc
new_p3_training,True,tuned,UA,7,R1,3cfd389bbd05ec9201a41c0892e29bf8199198d1b216b9a8061370d4240aa583,bd1488a2d411295d7a2118c50ddcc0b158786123613af1676062e2270d1637d1,9cb89005693b1b70c102178849b740fde00b50c9ba5f3b5530d0e5749ea59837,eca954c21da074c545cb7858315ea39fee0a6f54b19e06474b4f2f91f1666847,c2f062c20887415a67df5838227a908b8620c7cc30f0498135bf17ea1ad33c5f,6031dc4ee08b61c58b35b1efd7d764739d5c7c54dc7cbe9e9a72a1e4a7098596,e2212c40566e21c680a98186ebd8e984aa80d4fd,4d4ad03b827958468b1a231e360c7ad1aa68035c25af068059838ceae6dfa6d6,0da5ee1686ead23df1f904ead1e98b7c0a817ac118d50e0e14715b5517b5194c,R1_UA_7,c5766ea75a44af8bb445fbdd53708cf3a834693420af2774e4ac126a78c898b5,validation,P2,2017-01-26,891,835.9302208966985,3e1cdb6137a609724a13cf02d4f9fcfedfefd035950526aba941c7ce4a72905b
new_p3_training,True,tuned,UA,7,R1,3cfd389bbd05ec9201a41c0892e29bf8199198d1b216b9a8061370d4240aa583,bd1488a2d411295d7a2118c50ddcc0b158786123613af1676062e2270d1637d1,9cb89005693b1b70c102178849b740fde00b50c9ba5f3b5530d0e5749ea59837,eca954c21da074c545cb7858315ea39fee0a6f54b19e06474b4f2f91f1666847,c2f062c20887415a67df5838227a908b8620c7cc30f0498135bf17ea1ad33c5f,6031dc4ee08b61c58b35b1efd7d764739d5c7c54dc7cbe9e9a72a1e4a7098596,e2212c40566e21c680a98186ebd8e984aa80d4fd,4d4ad03b827958468b1a231e360c7ad1aa68035c25af068059838ceae6dfa6d6,0da5ee1686ead23df1f904ead1e98b7c0a817ac118d50e0e14715b5517b5194c,R1_UA_7,c5766ea75a44af8bb445fbdd53708cf3a834693420af2774e4ac126a78c898b5,validation,P2,2017-01-31,891,827.3420962361429,5b8eb00caae5fa9801af74c59012090a2017583e071898a6c1aa323b6c775a6a
new_p3_training,True,tuned,UA,7,R1,3cfd389bbd05ec9201a41c0892e29bf8199198d1b216b9a8061370d4240aa583,bd1488a2d411295d7a2118c50ddcc0b158786123613af1676062e2270d1637d1,9cb89005693b1b70c102178849b740fde00b50c9ba5f3b5530d0e5749ea59837,eca954c21da074c545cb7858315ea39fee0a6f54b19e06474b4f2f91f1666847,c2f062c20887415a67df5838227a908b8620c7cc30f0498135bf17ea1ad33c5f,6031dc4ee08b61c58b35b1efd7d764739d5c7c54dc7cbe9e9a72a1e4a7098596,e2212c40566e21c680a98186ebd8e984aa80d4fd,4d4ad03b827958468b1a231e360c7ad1aa68035c25af068059838ceae6dfa6d6,0da5ee1686ead23df1f904ead1e98b7c0a817ac118d50e0e14715b5517b5194c,R1_UA_7,c5766ea75a44af8bb445fbdd53708cf3a834693420af2774e4ac126a78c898b5,validation,P2,2017-02-01,891,793.9598239625454,7042097105348c0d97e040a7123b18ca85642a6f688d2699725a1360d7c2fb9c
new_p3_training,True,tuned,UA,7,R1,3cfd389bbd05ec9201a41c0892e29bf8199198d1b216b9a8061370d4240aa583,bd1488a2d411295d7a2118c50ddcc0b158786123613af1676062e2270d1637d1,9cb89005693b1b70c102178849b740fde00b50c9ba5f3b5530d0e5749ea59837,eca954c21da074c545cb7858315ea39fee0a6f54b19e06474b4f2f91f1666847,c2f062c20887415a67df5838227a908b8620c7cc30f0498135bf17ea1ad33c5f,6031dc4ee08b61c58b35b1efd7d764739d5c7c54dc7cbe9e9a72a1e4a7098596,e2212c40566e21c680a98186ebd8e984aa80d4fd,4d4ad03b827958468b1a231e360c7ad1aa68035c25af068059838ceae6dfa6d6,0da5ee1686ead23df1f904ead1e98b7c0a817ac118d50e0e14715b5517b5194c,R1_UA_7,c5766ea75a44af8bb445fbdd53708cf3a834693420af2774e4ac126a78c898b5,validation,P2,2017-02-02,891,829.1094690434857,b2b850c91105f32860ec3ad6e095c02bb9f414c0ae1756ca51f5d91bb9d69d49
new_p3_training,True,tuned,UA,7,R1,3cfd389bbd05ec9201a41c0892e29bf8199198d1b216b9a8061370d4240aa583,bd1488a2d411295d7a2118c50ddcc0b158786123613af1676062e2270d1637d1,9cb89005693b1b70c102178849b740fde00b50c9ba5f3b5530d0e5749ea59837,eca954c21da074c545cb7858315ea39fee0a6f54b19e06474b4f2f91f1666847,c2f062c20887415a67df5838227a908b8620c7cc30f0498135bf17ea1ad33c5f,6031dc4ee08b61c58b35b1efd7d764739d5c7c54dc7cbe9e9a72a1e4a7098596,e2212c40566e21c680a98186ebd8e984aa80d4fd,4d4ad03b827958468b1a231e360c7ad1aa68035c25af068059838ceae6dfa6d6,0da5ee1686ead23df1f904ead1e98b7c0a817ac118d50e0e14715b5517b5194c,R1_UA_7,c5766ea75a44af8bb445fbdd53708cf3a834693420af2774e4ac126a78c898b5,validation,P2,2017-02-03,891,812.1023094921215,a61cb175027330115aac1905464f2d450e9c3ed65098b49abb41ff558e4ee49a
new_p3_training,True,tuned,UA,7,R1,3cfd389bbd05ec9201a41c0892e29bf8199198d1b216b9a8061370d4240aa583,bd1488a2d411295d7a2118c50ddcc0b158786123613af1676062e2270d1637d1,9cb89005693b1b70c102178849b740fde00b50c9ba5f3b5530d0e5749ea59837,eca954c21da074c545cb7858315ea39fee0a6f54b19e06474b4f2f91f1666847,c2f062c20887415a67df5838227a908b8620c7cc30f0498135bf17ea1ad33c5f,6031dc4ee08b61c58b35b1efd7d764739d5c7c54dc7cbe9e9a72a1e4a7098596,e2212c40566e21c680a98186ebd8e984aa80d4fd,4d4ad03b827958468b1a231e360c7ad1aa68035c25af068059838ceae6dfa6d6,0da5ee1686ead23df1f904ead1e98b7c0a817ac118d50e0e14715b5517b5194c,R1_UA_7,c5766ea75a44af8bb445fbdd53708cf3a834693420af2774e4ac126a78c898b5,validation,P3,2016-11-24,874,829.1788086186605,71bf47504bcdd8eb19f5587ac2eeac4c406aec6febc1dd5656c51780afdb6909
new_p3_training,True,tuned,UA,7,R1,3cfd389bbd05ec9201a41c0892e29bf8199198d1b216b9a8061370d4240aa583,bd1488a2d411295d7a2118c50ddcc0b158786123613af1676062e2270d1637d1,9cb89005693b1b70c102178849b740fde00b50c9ba5f3b5530d0e5749ea59837,eca954c21da074c545cb7858315ea39fee0a6f54b19e06474b4f2f91f1666847,c2f062c20887415a67df5838227a908b8620c7cc30f0498135bf17ea1ad33c5f,6031dc4ee08b61c58b35b1efd7d764739d5c7c54dc7cbe9e9a72a1e4a7098596,e2212c40566e21c680a98186ebd8e984aa80d4fd,4d4ad03b827958468b1a231e360c7ad1aa68035c25af068059838ceae6dfa6d6,0da5ee1686ead23df1f904ead1e98b7c0a817ac118d50e0e14715b5517b5194c,R1_UA_7,c5766ea75a44af8bb445fbdd53708cf3a834693420af2774e4ac126a78c898b5,validation,P3,2016-11-25,863,789.8583413525996,f3c0559f9396d579beab1582805ff36d192b3a02d72c98b0af27ffa072cd9aa3
new_p3_training,True,tuned,UA,7,R1,3cfd389bbd05ec9201a41c0892e29bf8199198d1b216b9a8061370d4240aa583,bd1488a2d411295d7a2118c50ddcc0b158786123613af1676062e2270d1637d1,9cb89005693b1b70c102178849b740fde00b50c9ba5f3b5530d0e5749ea59837,eca954c21da074c545cb7858315ea39fee0a6f54b19e06474b4f2f91f1666847,c2f062c20887415a67df5838227a908b8620c7cc30f0498135bf17ea1ad33c5f,6031dc4ee08b61c58b35b1efd7d764739d5c7c54dc7cbe9e9a72a1e4a7098596,e2212c40566e21c680a98186ebd8e984aa80d4fd,4d4ad03b827958468b1a231e360c7ad1aa68035c25af068059838ceae6dfa6d6,0da5ee1686ead23df1f904ead1e98b7c0a817ac118d50e0e14715b5517b5194c,R1_UA_7,c5766ea75a44af8bb445fbdd53708cf3a834693420af2774e4ac126a78c898b5,validation,P3,2016-11-28,887,815.2917038593189,5a6ffbb69663c97d8a33067be8ff4e9137074b053c2f0753802623c79bb2d382
new_p3_training,True,tuned,UA,7,R1,3cfd389bbd05ec9201a41c0892e29bf8199198d1b216b9a8061370d4240aa583,bd1488a2d411295d7a2118c50ddcc0b158786123613af1676062e2270d1637d1,9cb89005693b1b70c102178849b740fde00b50c9ba5f3b5530d0e5749ea59837,eca954c21da074c545cb7858315ea39fee0a6f54b19e06474b4f2f91f1666847,c2f062c20887415a67df5838227a908b8620c7cc30f0498135bf17ea1ad33c5f,6031dc4ee08b61c58b35b1efd7d764739d5c7c54dc7cbe9e9a72a1e4a7098596,e2212c40566e21c680a98186ebd8e984aa80d4fd,4d4ad03b827958468b1a231e360c7ad1aa68035c25af068059838ceae6dfa6d6,0da5ee1686ead23df1f904ead1e98b7c0a817ac118d50e0e14715b5517b5194c,R1_UA_7,c5766ea75a44af8bb445fbdd53708cf3a834693420af2774e4ac126a78c898b5,validation,P3,2016-11-29,876,794.8890349702831,3e9b1ac28a53257bea86da9026a40547a6104742ef38c6ab4996aa617a969eef
new_p3_training,True,tuned,UA,7,R1,3cfd389bbd05ec9201a41c0892e29bf8199198d1b216b9a8061370d4240aa583,bd1488a2d411295d7a2118c50ddcc0b158786123613af1676062e2270d1637d1,9cb89005693b1b70c102178849b740fde00b50c9ba5f3b5530d0e5749ea59837,eca954c21da074c545cb7858315ea39fee0a6f54b19e06474b4f2f91f1666847,c2f062c20887415a67df5838227a908b8620c7cc30f0498135bf17ea1ad33c5f,6031dc4ee08b61c58b35b1efd7d764739d5c7c54dc7cbe9e9a72a1e4a7098596,e2212c40566e21c680a98186ebd8e984aa80d4fd,4d4ad03b827958468b1a231e360c7ad1aa68035c25af068059838ceae6dfa6d6,0da5ee1686ead23df1f904ead1e98b7c0a817ac118d50e0e14715b5517b5194c,R1_UA_7,c5766ea75a44af8bb445fbdd53708cf3a834693420af2774e4ac126a78c898b5,validation,P3,2016-11-30,879,802.2481168405238,acb67a8b3e312b3c391ab492929b221566390859934855bc1358b37ad95210f4
new_p3_training,True,tuned,UA,7,R1,3cfd389bbd05ec9201a41c0892e29bf8199198d1b216b9a8061370d4240aa583,bd1488a2d411295d7a2118c50ddcc0b158786123613af1676062e2270d1637d1,9cb89005693b1b70c102178849b740fde00b50c9ba5f3b5530d0e5749ea59837,eca954c21da074c545cb7858315ea39fee0a6f54b19e06474b4f2f91f1666847,c2f062c20887415a67df5838227a908b8620c7cc30f0498135bf17ea1ad33c5f,6031dc4ee08b61c58b35b1efd7d764739d5c7c54dc7cbe9e9a72a1e4a7098596,e2212c40566e21c680a98186ebd8e984aa80d4fd,4d4ad03b827958468b1a231e360c7ad1aa68035c25af068059838ceae6dfa6d6,0da5ee1686ead23df1f904ead1e98b7c0a817ac118d50e0e14715b5517b5194c,R1_UA_7,c5766ea75a44af8bb445fbdd53708cf3a834693420af2774e4ac126a78c898b5,validation,P3,2016-12-01,887,830.4369882138678,132d88e90e15d0eb120185f8562259215a91f14bd41c05744e4cf3587d65cfa2
new_p3_training,True,tuned,UA,7,R1,3cfd389bbd05ec9201a41c0892e29bf8199198d1b216b9a8061370d4240aa583,bd1488a2d411295d7a2118c50ddcc0b158786123613af1676062e2270d1637d1,9cb89005693b1b70c102178849b740fde00b50c9ba5f3b5530d0e5749ea59837,eca954c21da074c545cb7858315ea39fee0a6f54b19e06474b4f2f91f1666847,c2f062c20887415a67df5838227a908b8620c7cc30f0498135bf17ea1ad33c5f,6031dc4ee08b61c58b35b1efd7d764739d5c7c54dc7cbe9e9a72a1e4a7098596,e2212c40566e21c680a98186ebd8e984aa80d4fd,4d4ad03b827958468b1a231e360c7ad1aa68035c25af068059838ceae6dfa6d6,0da5ee1686ead23df1f904ead1e98b7c0a817ac118d50e0e14715b5517b5194c,R1_UA_7,c5766ea75a44af8bb445fbdd53708cf3a834693420af2774e4ac126a78c898b5,validation,P3,2016-12-02,888,838.9398544513396,084769e248e08b6a3ebe4fa8730fa18078de54beef5bc3a30dc54bc77f1d898f
new_p3_training,True,tuned,UA,7,R1,3cfd389bbd05ec9201a41c0892e29bf8199198d1b216b9a8061370d4240aa583,bd1488a2d411295d7a2118c50ddcc0b158786123613af1676062e2270d1637d1,9cb89005693b1b70c102178849b740fde00b50c9ba5f3b5530d0e5749ea59837,eca954c21da074c545cb7858315ea39fee0a6f54b19e06474b4f2f91f1666847,c2f062c20887415a67df5838227a908b8620c7cc30f0498135bf17ea1ad33c5f,6031dc4ee08b61c58b35b1efd7d764739d5c7c54dc7cbe9e9a72a1e4a7098596,e2212c40566e21c680a98186ebd8e984aa80d4fd,4d4ad03b827958468b1a231e360c7ad1aa68035c25af068059838ceae6dfa6d6,0da5ee1686ead23df1f904ead1e98b7c0a817ac118d50e0e14715b5517b5194c,R1_UA_7,c5766ea75a44af8bb445fbdd53708cf3a834693420af2774e4ac126a78c898b5,validation,P3,2016-12-05,875,792.5091150001798,e87391beddf1137d615cad57799e5ed31d8f23eef7851465e616d23efe0d57e2
new_p3_training,True,tuned,UA,7,R1,3cfd389bbd05ec9201a41c0892e29bf8199198d1b216b9a8061370d4240aa583,bd1488a2d411295d7a2118c50ddcc0b158786123613af1676062e2270d1637d1,9cb89005693b1b70c102178849b740fde00b50c9ba5f3b5530d0e5749ea59837,eca954c21da074c545cb7858315ea39fee0a6f54b19e06474b4f2f91f1666847,c2f062c20887415a67df5838227a908b8620c7cc30f0498135bf17ea1ad33c5f,6031dc4ee08b61c58b35b1efd7d764739d5c7c54dc7cbe9e9a72a1e4a7098596,e2212c40566e21c680a98186ebd8e984aa80d4fd,4d4ad03b827958468b1a231e360c7ad1aa68035c25af068059838ceae6dfa6d6,0da5ee1686ead23df1f904ead1e98b7c0a817ac118d50e0e14715b5517b5194c,R1_UA_7,c5766ea75a44af8bb445fbdd53708cf3a834693420af2774e4ac126a78c898b5,validation,P3,2016-12-06,872,816.8057839933598,a3ad3ab1af8c715516fcafeee12141afdcb69b4a1035f2a6e112920fe5e8957a
new_p3_training,True,tuned,UA,7,R1,3cfd389bbd05ec9201a41c0892e29bf8199198d1b216b9a8061370d4240aa583,bd1488a2d411295d7a2118c50ddcc0b158786123613af1676062e2270d1637d1,9cb89005693b1b70c102178849b740fde00b50c9ba5f3b5530d0e5749ea59837,eca954c21da074c545cb7858315ea39fee0a6f54b19e06474b4f2f91f1666847,c2f062c20887415a67df5838227a908b8620c7cc30f0498135bf17ea1ad33c5f,6031dc4ee08b61c58b35b1efd7d764739d5c7c54dc7cbe9e9a72a1e4a7098596,e2212c40566e21c680a98186ebd8e984aa80d4fd,4d4ad03b827958468b1a231e360c7ad1aa68035c25af068059838ceae6dfa6d6,0da5ee1686ead23df1f904ead1e98b7c0a817ac118d50e0e14715b5517b5194c,R1_UA_7,c5766ea75a44af8bb445fbdd53708cf3a834693420af2774e4ac126a78c898b5,validation,P3,2016-12-07,887,824.487070028501,a4990989d5a449be5a78533df4c2f1824f5c213b2d79372f7a6447c1a58d11af
new_p3_training,True,tuned,UA,7,R1,3cfd389bbd05ec9201a41c0892e29bf8199198d1b216b9a8061370d4240aa583,bd1488a2d411295d7a2118c50ddcc0b158786123613af1676062e2270d1637d1,9cb89005693b1b70c102178849b740fde00b50c9ba5f3b5530d0e5749ea59837,eca954c21da074c545cb7858315ea39fee0a6f54b19e06474b4f2f91f1666847,c2f062c20887415a67df5838227a908b8620c7cc30f0498135bf17ea1ad33c5f,6031dc4ee08b61c58b35b1efd7d764739d5c7c54dc7cbe9e9a72a1e4a7098596,e2212c40566e21c680a98186ebd8e984aa80d4fd,4d4ad03b827958468b1a231e360c7ad1aa68035c25af068059838ceae6dfa6d6,0da5ee1686ead23df1f904ead1e98b7c0a817ac118d50e0e14715b5517b5194c,R1_UA_7,c5766ea75a44af8bb445fbdd53708cf3a834693420af2774e4ac126a78c898b5,validation,P3,2016-12-08,884,855.2687998339163,36f2ec717b7f9f00e526bc85beabfb15f6e6fd89c5e63e7a1499a6a87cd09ae0
new_p3_training,True,tuned,UA,7,R1,3cfd389bbd05ec9201a41c0892e29bf8199198d1b216b9a8061370d4240aa583,bd1488a2d411295d7a2118c50ddcc0b158786123613af1676062e2270d1637d1,9cb89005693b1b70c102178849b740fde00b50c9ba5f3b5530d0e5749ea59837,eca954c21da074c545cb7858315ea39fee0a6f54b19e06474b4f2f91f1666847,c2f062c20887415a67df5838227a908b8620c7cc30f0498135bf17ea1ad33c5f,6031dc4ee08b61c58b35b1efd7d764739d5c7c54dc7cbe9e9a72a1e4a7098596,e2212c40566e21c680a98186ebd8e984aa80d4fd,4d4ad03b827958468b1a231e360c7ad1aa68035c25af068059838ceae6dfa6d6,0da5ee1686ead23df1f904ead1e98b7c0a817ac118d50e0e14715b5517b5194c,R1_UA_7,c5766ea75a44af8bb445fbdd53708cf3a834693420af2774e4ac126a78c898b5,validation,P3,2016-12-09,870,810.6000892283355,67761998909237ecad06b107612cebd6ed5d15837df7a58f188f8c6a43686029
new_p3_training,True,tuned,UA,7,R1,3cfd389bbd05ec9201a41c0892e29bf8199198d1b216b9a8061370d4240aa583,bd1488a2d411295d7a2118c50ddcc0b158786123613af1676062e2270d1637d1,9cb89005693b1b70c102178849b740fde00b50c9ba5f3b5530d0e5749ea59837,eca954c21da074c545cb7858315ea39fee0a6f54b19e06474b4f2f91f1666847,c2f062c20887415a67df5838227a908b8620c7cc30f0498135bf17ea1ad33c5f,6031dc4ee08b61c58b35b1efd7d764739d5c7c54dc7cbe9e9a72a1e4a7098596,e2212c40566e21c680a98186ebd8e984aa80d4fd,4d4ad03b827958468b1a231e360c7ad1aa68035c25af068059838ceae6dfa6d6,0da5ee1686ead23df1f904ead1e98b7c0a817ac118d50e0e14715b5517b5194c,R1_UA_7,c5766ea75a44af8bb445fbdd53708cf3a834693420af2774e4ac126a78c898b5,validation,P3,2016-12-12,873,771.8231101240076,f0869296f02abb86f1058396104b20f8400bac8cdd84bdbe24091f3cb3dda782
new_p3_training,True,tuned,UA,7,R1,3cfd389bbd05ec9201a41c0892e29bf8199198d1b216b9a8061370d4240aa583,bd1488a2d411295d7a2118c50ddcc0b158786123613af1676062e2270d1637d1,9cb89005693b1b70c102178849b740fde00b50c9ba5f3b5530d0e5749ea59837,eca954c21da074c545cb7858315ea39fee0a6f54b19e06474b4f2f91f1666847,c2f062c20887415a67df5838227a908b8620c7cc30f0498135bf17ea1ad33c5f,6031dc4ee08b61c58b35b1efd7d764739d5c7c54dc7cbe9e9a72a1e4a7098596,e2212c40566e21c680a98186ebd8e984aa80d4fd,4d4ad03b827958468b1a231e360c7ad1aa68035c25af068059838ceae6dfa6d6,0da5ee1686ead23df1f904ead1e98b7c0a817ac118d50e0e14715b5517b5194c,R1_UA_7,c5766ea75a44af8bb445fbdd53708cf3a834693420af2774e4ac126a78c898b5,validation,P3,2016-12-13,888,800.5375926518986,3671a1074547612dbc11979e81375feeb10775861aa7f94a4829e27c137429a9
new_p3_training,True,tuned,UA,7,R1,3cfd389bbd05ec9201a41c0892e29bf8199198d1b216b9a8061370d4240aa583,bd1488a2d411295d7a2118c50ddcc0b158786123613af1676062e2270d1637d1,9cb89005693b1b70c102178849b740fde00b50c9ba5f3b5530d0e5749ea59837,eca954c21da074c545cb7858315ea39fee0a6f54b19e06474b4f2f91f1666847,c2f062c20887415a67df5838227a908b8620c7cc30f0498135bf17ea1ad33c5f,6031dc4ee08b61c58b35b1efd7d764739d5c7c54dc7cbe9e9a72a1e4a7098596,e2212c40566e21c680a98186ebd8e984aa80d4fd,4d4ad03b827958468b1a231e360c7ad1aa68035c25af068059838ceae6dfa6d6,0da5ee1686ead23df1f904ead1e98b7c0a817ac118d50e0e14715b5517b5194c,R1_UA_7,c5766ea75a44af8bb445fbdd53708cf3a834693420af2774e4ac126a78c898b5,validation,P3,2016-12-14,889,815.0783412607452,896f150d1eb1d475e6929eaac85181646a421a3a6d1e4f43209abc4b9e7536a1
new_p3_training,True,tuned,UA,7,R1,3cfd389bbd05ec9201a41c0892e29bf8199198d1b216b9a8061370d4240aa583,bd1488a2d411295d7a2118c50ddcc0b158786123613af1676062e2270d1637d1,9cb89005693b1b70c102178849b740fde00b50c9ba5f3b5530d0e5749ea59837,eca954c21da074c545cb7858315ea39fee0a6f54b19e06474b4f2f91f1666847,c2f062c20887415a67df5838227a908b8620c7cc30f0498135bf17ea1ad33c5f,6031dc4ee08b61c58b35b1efd7d764739d5c7c54dc7cbe9e9a72a1e4a7098596,e2212c40566e21c680a98186ebd8e984aa80d4fd,4d4ad03b827958468b1a231e360c7ad1aa68035c25af068059838ceae6dfa6d6,0da5ee1686ead23df1f904ead1e98b7c0a817ac118d50e0e14715b5517b5194c,R1_UA_7,c5766ea75a44af8bb445fbdd53708cf3a834693420af2774e4ac126a78c898b5,validation,P3,2016-12-15,883,813.6523781661888,356739c0d05082d56ef991940ec3c9ae10198a159c95e8cd4e204518db91bde0
new_p3_training,True,tuned,UA,7,R1,3cfd389bbd05ec9201a41c0892e29bf8199198d1b216b9a8061370d4240aa583,bd1488a2d411295d7a2118c50ddcc0b158786123613af1676062e2270d1637d1,9cb89005693b1b70c102178849b740fde00b50c9ba5f3b5530d0e5749ea59837,eca954c21da074c545cb7858315ea39fee0a6f54b19e06474b4f2f91f1666847,c2f062c20887415a67df5838227a908b8620c7cc30f0498135bf17ea1ad33c5f,6031dc4ee08b61c58b35b1efd7d764739d5c7c54dc7cbe9e9a72a1e4a7098596,e2212c40566e21c680a98186ebd8e984aa80d4fd,4d4ad03b827958468b1a231e360c7ad1aa68035c25af068059838ceae6dfa6d6,0da5ee1686ead23df1f904ead1e98b7c0a817ac118d50e0e14715b5517b5194c,R1_UA_7,c5766ea75a44af8bb445fbdd53708cf3a834693420af2774e4ac126a78c898b5,validation,P3,2016-12-16,887,790.2411424859822,dc7ee53b4d0e4ab6803dd4fb9272dcda508fa96e8326f3123c38f50b739ff1c6
new_p3_training,True,tuned,UA,7,R1,3cfd389bbd05ec9201a41c0892e29bf8199198d1b216b9a8061370d4240aa583,bd1488a2d411295d7a2118c50ddcc0b158786123613af1676062e2270d1637d1,9cb89005693b1b70c102178849b740fde00b50c9ba5f3b5530d0e5749ea59837,eca954c21da074c545cb7858315ea39fee0a6f54b19e06474b4f2f91f1666847,c2f062c20887415a67df5838227a908b8620c7cc30f0498135bf17ea1ad33c5f,6031dc4ee08b61c58b35b1efd7d764739d5c7c54dc7cbe9e9a72a1e4a7098596,e2212c40566e21c680a98186ebd8e984aa80d4fd,4d4ad03b827958468b1a231e360c7ad1aa68035c25af068059838ceae6dfa6d6,0da5ee1686ead23df1f904ead1e98b7c0a817ac118d50e0e14715b5517b5194c,R1_UA_7,c5766ea75a44af8bb445fbdd53708cf3a834693420af2774e4ac126a78c898b5,validation,P3,2016-12-19,874,785.8264639864689,694d098c8c0a5d554e3670b72c779ee0e81bb1fe9fae6c87ede5f4ed09a2b6a4
new_p3_training,True,tuned,UA,7,R1,3cfd389bbd05ec9201a41c0892e29bf8199198d1b216b9a8061370d4240aa583,bd1488a2d411295d7a2118c50ddcc0b158786123613af1676062e2270d1637d1,9cb89005693b1b70c102178849b740fde00b50c9ba5f3b5530d0e5749ea59837,eca954c21da074c545cb7858315ea39fee0a6f54b19e06474b4f2f91f1666847,c2f062c20887415a67df5838227a908b8620c7cc30f0498135bf17ea1ad33c5f,6031dc4ee08b61c58b35b1efd7d764739d5c7c54dc7cbe9e9a72a1e4a7098596,e2212c40566e21c680a98186ebd8e984aa80d4fd,4d4ad03b827958468b1a231e360c7ad1aa68035c25af068059838ceae6dfa6d6,0da5ee1686ead23df1f904ead1e98b7c0a817ac118d50e0e14715b5517b5194c,R1_UA_7,c5766ea75a44af8bb445fbdd53708cf3a834693420af2774e4ac126a78c898b5,validation,P3,2016-12-20,891,778.3347531615807,3ca31c6179ed02fb24c56f6ab5373f1ae34c77d30a4b3e9ebf1acec9edd6606d
new_p3_training,True,tuned,UA,7,R1,3cfd389bbd05ec9201a41c0892e29bf8199198d1b216b9a8061370d4240aa583,bd1488a2d411295d7a2118c50ddcc0b158786123613af1676062e2270d1637d1,9cb89005693b1b70c102178849b740fde00b50c9ba5f3b5530d0e5749ea59837,eca954c21da074c545cb7858315ea39fee0a6f54b19e06474b4f2f91f1666847,c2f062c20887415a67df5838227a908b8620c7cc30f0498135bf17ea1ad33c5f,6031dc4ee08b61c58b35b1efd7d764739d5c7c54dc7cbe9e9a72a1e4a7098596,e2212c40566e21c680a98186ebd8e984aa80d4fd,4d4ad03b827958468b1a231e360c7ad1aa68035c25af068059838ceae6dfa6d6,0da5ee1686ead23df1f904ead1e98b7c0a817ac118d50e0e14715b5517b5194c,R1_UA_7,c5766ea75a44af8bb445fbdd53708cf3a834693420af2774e4ac126a78c898b5,validation,P3,2016-12-21,889,811.9090593240844,e68abc3f3fd2a12096c5698e08461accd104e18949ff05a764145a97fffed60e
new_p3_training,True,tuned,UA,7,R1,3cfd389bbd05ec9201a41c0892e29bf8199198d1b216b9a8061370d4240aa583,bd1488a2d411295d7a2118c50ddcc0b158786123613af1676062e2270d1637d1,9cb89005693b1b70c102178849b740fde00b50c9ba5f3b5530d0e5749ea59837,eca954c21da074c545cb7858315ea39fee0a6f54b19e06474b4f2f91f1666847,c2f062c20887415a67df5838227a908b8620c7cc30f0498135bf17ea1ad33c5f,6031dc4ee08b61c58b35b1efd7d764739d5c7c54dc7cbe9e9a72a1e4a7098596,e2212c40566e21c680a98186ebd8e984aa80d4fd,4d4ad03b827958468b1a231e360c7ad1aa68035c25af068059838ceae6dfa6d6,0da5ee1686ead23df1f904ead1e98b7c0a817ac118d50e0e14715b5517b5194c,R1_UA_7,c5766ea75a44af8bb445fbdd53708cf3a834693420af2774e4ac126a78c898b5,validation,P3,2016-12-22,887,805.757493462967,54373e205e4ca52a06560e34abda7fa604c31a06fcd2a2c788a4544bbe3b3ffe
new_p3_training,True,tuned,UA,7,R1,3cfd389bbd05ec9201a41c0892e29bf8199198d1b216b9a8061370d4240aa583,bd1488a2d411295d7a2118c50ddcc0b158786123613af1676062e2270d1637d1,9cb89005693b1b70c102178849b740fde00b50c9ba5f3b5530d0e5749ea59837,eca954c21da074c545cb7858315ea39fee0a6f54b19e06474b4f2f91f1666847,c2f062c20887415a67df5838227a908b8620c7cc30f0498135bf17ea1ad33c5f,6031dc4ee08b61c58b35b1efd7d764739d5c7c54dc7cbe9e9a72a1e4a7098596,e2212c40566e21c680a98186ebd8e984aa80d4fd,4d4ad03b827958468b1a231e360c7ad1aa68035c25af068059838ceae6dfa6d6,0da5ee1686ead23df1f904ead1e98b7c0a817ac118d50e0e14715b5517b5194c,R1_UA_7,c5766ea75a44af8bb445fbdd53708cf3a834693420af2774e4ac126a78c898b5,validation,P3,2016-12-23,872,712.7461249687897,05e1f006e38b6497d7eb211b06af2ab14e9f99cb56cd0a94fd64171d6c49fa8d
new_p3_training,True,tuned,UA,7,R1,3cfd389bbd05ec9201a41c0892e29bf8199198d1b216b9a8061370d4240aa583,bd1488a2d411295d7a2118c50ddcc0b158786123613af1676062e2270d1637d1,9cb89005693b1b70c102178849b740fde00b50c9ba5f3b5530d0e5749ea59837,eca954c21da074c545cb7858315ea39fee0a6f54b19e06474b4f2f91f1666847,c2f062c20887415a67df5838227a908b8620c7cc30f0498135bf17ea1ad33c5f,6031dc4ee08b61c58b35b1efd7d764739d5c7c54dc7cbe9e9a72a1e4a7098596,e2212c40566e21c680a98186ebd8e984aa80d4fd,4d4ad03b827958468b1a231e360c7ad1aa68035c25af068059838ceae6dfa6d6,0da5ee1686ead23df1f904ead1e98b7c0a817ac118d50e0e14715b5517b5194c,R1_UA_7,c5766ea75a44af8bb445fbdd53708cf3a834693420af2774e4ac126a78c898b5,validation,P3,2016-12-26,875,763.500968589072,a17db47960ae97e114f1d833a079c98173b27635ba490c47ddba353cf7fa69f7
new_p3_training,True,tuned,UA,7,R1,3cfd389bbd05ec9201a41c0892e29bf8199198d1b216b9a8061370d4240aa583,bd1488a2d411295d7a2118c50ddcc0b158786123613af1676062e2270d1637d1,9cb89005693b1b70c102178849b740fde00b50c9ba5f3b5530d0e5749ea59837,eca954c21da074c545cb7858315ea39fee0a6f54b19e06474b4f2f91f1666847,c2f062c20887415a67df5838227a908b8620c7cc30f0498135bf17ea1ad33c5f,6031dc4ee08b61c58b35b1efd7d764739d5c7c54dc7cbe9e9a72a1e4a7098596,e2212c40566e21c680a98186ebd8e984aa80d4fd,4d4ad03b827958468b1a231e360c7ad1aa68035c25af068059838ceae6dfa6d6,0da5ee1686ead23df1f904ead1e98b7c0a817ac118d50e0e14715b5517b5194c,R1_UA_7,c5766ea75a44af8bb445fbdd53708cf3a834693420af2774e4ac126a78c898b5,validation,P3,2016-12-27,887,765.321519238558,b6a96983569626ba3b73450ceeadaab5270ccd7ec8e999712a19bc0e02585960
new_p3_training,True,tuned,UA,7,R1,3cfd389bbd05ec9201a41c0892e29bf8199198d1b216b9a8061370d4240aa583,bd1488a2d411295d7a2118c50ddcc0b158786123613af1676062e2270d1637d1,9cb89005693b1b70c102178849b740fde00b50c9ba5f3b5530d0e5749ea59837,eca954c21da074c545cb7858315ea39fee0a6f54b19e06474b4f2f91f1666847,c2f062c20887415a67df5838227a908b8620c7cc30f0498135bf17ea1ad33c5f,6031dc4ee08b61c58b35b1efd7d764739d5c7c54dc7cbe9e9a72a1e4a7098596,e2212c40566e21c680a98186ebd8e984aa80d4fd,4d4ad03b827958468b1a231e360c7ad1aa68035c25af068059838ceae6dfa6d6,0da5ee1686ead23df1f904ead1e98b7c0a817ac118d50e0e14715b5517b5194c,R1_UA_7,c5766ea75a44af8bb445fbdd53708cf3a834693420af2774e4ac126a78c898b5,validation,P3,2016-12-28,880,758.1349776732694,ee5fc04eb135190e57544d09e938da02fdb3385d51fd93e8b0670135554c1c41
new_p3_training,True,tuned,UA,7,R1,3cfd389bbd05ec9201a41c0892e29bf8199198d1b216b9a8061370d4240aa583,bd1488a2d411295d7a2118c50ddcc0b158786123613af1676062e2270d1637d1,9cb89005693b1b70c102178849b740fde00b50c9ba5f3b5530d0e5749ea59837,eca954c21da074c545cb7858315ea39fee0a6f54b19e06474b4f2f91f1666847,c2f062c20887415a67df5838227a908b8620c7cc30f0498135bf17ea1ad33c5f,6031dc4ee08b61c58b35b1efd7d764739d5c7c54dc7cbe9e9a72a1e4a7098596,e2212c40566e21c680a98186ebd8e984aa80d4fd,4d4ad03b827958468b1a231e360c7ad1aa68035c25af068059838ceae6dfa6d6,0da5ee1686ead23df1f904ead1e98b7c0a817ac118d50e0e14715b5517b5194c,R1_UA_7,c5766ea75a44af8bb445fbdd53708cf3a834693420af2774e4ac126a78c898b5,validation,P3,2016-12-29,872,780.3816512751569,b61ed794476299f3d3737796dc60792361cb136c8315242972a0e1c694d893c1
new_p3_training,True,tuned,UA,7,R1,3cfd389bbd05ec9201a41c0892e29bf8199198d1b216b9a8061370d4240aa583,bd1488a2d411295d7a2118c50ddcc0b158786123613af1676062e2270d1637d1,9cb89005693b1b70c102178849b740fde00b50c9ba5f3b5530d0e5749ea59837,eca954c21da074c545cb7858315ea39fee0a6f54b19e06474b4f2f91f1666847,c2f062c20887415a67df5838227a908b8620c7cc30f0498135bf17ea1ad33c5f,6031dc4ee08b61c58b35b1efd7d764739d5c7c54dc7cbe9e9a72a1e4a7098596,e2212c40566e21c680a98186ebd8e984aa80d4fd,4d4ad03b827958468b1a231e360c7ad1aa68035c25af068059838ceae6dfa6d6,0da5ee1686ead23df1f904ead1e98b7c0a817ac118d50e0e14715b5517b5194c,R1_UA_7,c5766ea75a44af8bb445fbdd53708cf3a834693420af2774e4ac126a78c898b5,validation,P3,2017-01-02,750,729.9833810182596,ddfd24d8d0a2ec762c83f91b760f29fe002fb12ec4cd41a3de7965dbb571b8d4
new_p3_training,True,tuned,UA,7,R1,3cfd389bbd05ec9201a41c0892e29bf8199198d1b216b9a8061370d4240aa583,bd1488a2d411295d7a2118c50ddcc0b158786123613af1676062e2270d1637d1,9cb89005693b1b70c102178849b740fde00b50c9ba5f3b5530d0e5749ea59837,eca954c21da074c545cb7858315ea39fee0a6f54b19e06474b4f2f91f1666847,c2f062c20887415a67df5838227a908b8620c7cc30f0498135bf17ea1ad33c5f,6031dc4ee08b61c58b35b1efd7d764739d5c7c54dc7cbe9e9a72a1e4a7098596,e2212c40566e21c680a98186ebd8e984aa80d4fd,4d4ad03b827958468b1a231e360c7ad1aa68035c25af068059838ceae6dfa6d6,0da5ee1686ead23df1f904ead1e98b7c0a817ac118d50e0e14715b5517b5194c,R1_UA_7,c5766ea75a44af8bb445fbdd53708cf3a834693420af2774e4ac126a78c898b5,validation,P3,2017-01-03,885,790.9514734268391,aad7b4be590410b2e62e483ec90a6f65c10215c46f0dea89c49ad4ff2dd0aee2
new_p3_training,True,tuned,UA,7,R1,3cfd389bbd05ec9201a41c0892e29bf8199198d1b216b9a8061370d4240aa583,bd1488a2d411295d7a2118c50ddcc0b158786123613af1676062e2270d1637d1,9cb89005693b1b70c102178849b740fde00b50c9ba5f3b5530d0e5749ea59837,eca954c21da074c545cb7858315ea39fee0a6f54b19e06474b4f2f91f1666847,c2f062c20887415a67df5838227a908b8620c7cc30f0498135bf17ea1ad33c5f,6031dc4ee08b61c58b35b1efd7d764739d5c7c54dc7cbe9e9a72a1e4a7098596,e2212c40566e21c680a98186ebd8e984aa80d4fd,4d4ad03b827958468b1a231e360c7ad1aa68035c25af068059838ceae6dfa6d6,0da5ee1686ead23df1f904ead1e98b7c0a817ac118d50e0e14715b5517b5194c,R1_UA_7,c5766ea75a44af8bb445fbdd53708cf3a834693420af2774e4ac126a78c898b5,validation,P3,2017-01-04,885,794.1222710455825,5bff1f046c6145d04f9de7a774b531f23e87fe1e8e82f7bf3d17c1c27ae760c4
new_p3_training,True,tuned,UA,7,R1,3cfd389bbd05ec9201a41c0892e29bf8199198d1b216b9a8061370d4240aa583,bd1488a2d411295d7a2118c50ddcc0b158786123613af1676062e2270d1637d1,9cb89005693b1b70c102178849b740fde00b50c9ba5f3b5530d0e5749ea59837,eca954c21da074c545cb7858315ea39fee0a6f54b19e06474b4f2f91f1666847,c2f062c20887415a67df5838227a908b8620c7cc30f0498135bf17ea1ad33c5f,6031dc4ee08b61c58b35b1efd7d764739d5c7c54dc7cbe9e9a72a1e4a7098596,e2212c40566e21c680a98186ebd8e984aa80d4fd,4d4ad03b827958468b1a231e360c7ad1aa68035c25af068059838ceae6dfa6d6,0da5ee1686ead23df1f904ead1e98b7c0a817ac118d50e0e14715b5517b5194c,R1_UA_7,c5766ea75a44af8bb445fbdd53708cf3a834693420af2774e4ac126a78c898b5,validation,P3,2017-01-05,875,782.4827290637645,5c7c2c01d5098653fe6b97ac9eddc65e3ddcf8d1f3a84689ebebab0d4d26278d
new_p3_training,True,tuned,UA,7,R1,3cfd389bbd05ec9201a41c0892e29bf8199198d1b216b9a8061370d4240aa583,bd1488a2d411295d7a2118c50ddcc0b158786123613af1676062e2270d1637d1,9cb89005693b1b70c102178849b740fde00b50c9ba5f3b5530d0e5749ea59837,eca954c21da074c545cb7858315ea39fee0a6f54b19e06474b4f2f91f1666847,c2f062c20887415a67df5838227a908b8620c7cc30f0498135bf17ea1ad33c5f,6031dc4ee08b61c58b35b1efd7d764739d5c7c54dc7cbe9e9a72a1e4a7098596,e2212c40566e21c680a98186ebd8e984aa80d4fd,4d4ad03b827958468b1a231e360c7ad1aa68035c25af068059838ceae6dfa6d6,0da5ee1686ead23df1f904ead1e98b7c0a817ac118d50e0e14715b5517b5194c,R1_UA_7,c5766ea75a44af8bb445fbdd53708cf3a834693420af2774e4ac126a78c898b5,validation,P3,2017-01-06,868,732.6000767634282,1e662151505febbe9b6fd63950638de4ff891ff83e05966d85d24dcdcc49c00d
new_p3_training,True,tuned,UA,7,R1,3cfd389bbd05ec9201a41c0892e29bf8199198d1b216b9a8061370d4240aa583,bd1488a2d411295d7a2118c50ddcc0b158786123613af1676062e2270d1637d1,9cb89005693b1b70c102178849b740fde00b50c9ba5f3b5530d0e5749ea59837,eca954c21da074c545cb7858315ea39fee0a6f54b19e06474b4f2f91f1666847,c2f062c20887415a67df5838227a908b8620c7cc30f0498135bf17ea1ad33c5f,6031dc4ee08b61c58b35b1efd7d764739d5c7c54dc7cbe9e9a72a1e4a7098596,e2212c40566e21c680a98186ebd8e984aa80d4fd,4d4ad03b827958468b1a231e360c7ad1aa68035c25af068059838ceae6dfa6d6,0da5ee1686ead23df1f904ead1e98b7c0a817ac118d50e0e14715b5517b5194c,R1_UA_7,c5766ea75a44af8bb445fbdd53708cf3a834693420af2774e4ac126a78c898b5,validation,P3,2017-01-09,888,781.7617495336365,37cb43dbd2df23a9ae471018dc49ea781548315885412a9a692df23b0fee93a0
new_p3_training,True,tuned,UA,7,R1,3cfd389bbd05ec9201a41c0892e29bf8199198d1b216b9a8061370d4240aa583,bd1488a2d411295d7a2118c50ddcc0b158786123613af1676062e2270d1637d1,9cb89005693b1b70c102178849b740fde00b50c9ba5f3b5530d0e5749ea59837,eca954c21da074c545cb7858315ea39fee0a6f54b19e06474b4f2f91f1666847,c2f062c20887415a67df5838227a908b8620c7cc30f0498135bf17ea1ad33c5f,6031dc4ee08b61c58b35b1efd7d764739d5c7c54dc7cbe9e9a72a1e4a7098596,e2212c40566e21c680a98186ebd8e984aa80d4fd,4d4ad03b827958468b1a231e360c7ad1aa68035c25af068059838ceae6dfa6d6,0da5ee1686ead23df1f904ead1e98b7c0a817ac118d50e0e14715b5517b5194c,R1_UA_7,c5766ea75a44af8bb445fbdd53708cf3a834693420af2774e4ac126a78c898b5,validation,P3,2017-01-10,884,772.3205974463683,5481b6c874491dde2e8c4e5321a43c4a20bfa21959945d91ca6a9ef49f0505fa
new_p3_training,True,tuned,UA,7,R1,3cfd389bbd05ec9201a41c0892e29bf8199198d1b216b9a8061370d4240aa583,bd1488a2d411295d7a2118c50ddcc0b158786123613af1676062e2270d1637d1,9cb89005693b1b70c102178849b740fde00b50c9ba5f3b5530d0e5749ea59837,eca954c21da074c545cb7858315ea39fee0a6f54b19e06474b4f2f91f1666847,c2f062c20887415a67df5838227a908b8620c7cc30f0498135bf17ea1ad33c5f,6031dc4ee08b61c58b35b1efd7d764739d5c7c54dc7cbe9e9a72a1e4a7098596,e2212c40566e21c680a98186ebd8e984aa80d4fd,4d4ad03b827958468b1a231e360c7ad1aa68035c25af068059838ceae6dfa6d6,0da5ee1686ead23df1f904ead1e98b7c0a817ac118d50e0e14715b5517b5194c,R1_UA_7,c5766ea75a44af8bb445fbdd53708cf3a834693420af2774e4ac126a78c898b5,validation,P3,2017-01-11,889,840.8618429762571,5b3a525792074d8a655cb33208bf59e03fe78b807a8e2b2860218a984456452d
new_p3_training,True,tuned,UA,7,R1,3cfd389bbd05ec9201a41c0892e29bf8199198d1b216b9a8061370d4240aa583,bd1488a2d411295d7a2118c50ddcc0b158786123613af1676062e2270d1637d1,9cb89005693b1b70c102178849b740fde00b50c9ba5f3b5530d0e5749ea59837,eca954c21da074c545cb7858315ea39fee0a6f54b19e06474b4f2f91f1666847,c2f062c20887415a67df5838227a908b8620c7cc30f0498135bf17ea1ad33c5f,6031dc4ee08b61c58b35b1efd7d764739d5c7c54dc7cbe9e9a72a1e4a7098596,e2212c40566e21c680a98186ebd8e984aa80d4fd,4d4ad03b827958468b1a231e360c7ad1aa68035c25af068059838ceae6dfa6d6,0da5ee1686ead23df1f904ead1e98b7c0a817ac118d50e0e14715b5517b5194c,R1_UA_7,c5766ea75a44af8bb445fbdd53708cf3a834693420af2774e4ac126a78c898b5,validation,P3,2017-01-12,877,798.8828530718274,4b7b66d194ed50e7f59819dd8cc13c00d1ba03b33ef3ff760aa3f4c90d6962db
new_p3_training,True,tuned,UA,7,R1,3cfd389bbd05ec9201a41c0892e29bf8199198d1b216b9a8061370d4240aa583,bd1488a2d411295d7a2118c50ddcc0b158786123613af1676062e2270d1637d1,9cb89005693b1b70c102178849b740fde00b50c9ba5f3b5530d0e5749ea59837,eca954c21da074c545cb7858315ea39fee0a6f54b19e06474b4f2f91f1666847,c2f062c20887415a67df5838227a908b8620c7cc30f0498135bf17ea1ad33c5f,6031dc4ee08b61c58b35b1efd7d764739d5c7c54dc7cbe9e9a72a1e4a7098596,e2212c40566e21c680a98186ebd8e984aa80d4fd,4d4ad03b827958468b1a231e360c7ad1aa68035c25af068059838ceae6dfa6d6,0da5ee1686ead23df1f904ead1e98b7c0a817ac118d50e0e14715b5517b5194c,R1_UA_7,c5766ea75a44af8bb445fbdd53708cf3a834693420af2774e4ac126a78c898b5,validation,P3,2017-01-13,884,798.9091716248458,d851cbeecfdcb0bfc604b7cae9ee2b139eb124f6a27c0256bd25522a7115b009
new_p3_training,True,tuned,UA,7,R1,3cfd389bbd05ec9201a41c0892e29bf8199198d1b216b9a8061370d4240aa583,bd1488a2d411295d7a2118c50ddcc0b158786123613af1676062e2270d1637d1,9cb89005693b1b70c102178849b740fde00b50c9ba5f3b5530d0e5749ea59837,eca954c21da074c545cb7858315ea39fee0a6f54b19e06474b4f2f91f1666847,c2f062c20887415a67df5838227a908b8620c7cc30f0498135bf17ea1ad33c5f,6031dc4ee08b61c58b35b1efd7d764739d5c7c54dc7cbe9e9a72a1e4a7098596,e2212c40566e21c680a98186ebd8e984aa80d4fd,4d4ad03b827958468b1a231e360c7ad1aa68035c25af068059838ceae6dfa6d6,0da5ee1686ead23df1f904ead1e98b7c0a817ac118d50e0e14715b5517b5194c,R1_UA_7,c5766ea75a44af8bb445fbdd53708cf3a834693420af2774e4ac126a78c898b5,validation,P3,2017-01-16,887,814.5726088107192,9f5454ad95f79aaff56892c345d7ecc7c01af950f192c8b41cd2cf457e75aff7
new_p3_training,True,tuned,UA,7,R1,3cfd389bbd05ec9201a41c0892e29bf8199198d1b216b9a8061370d4240aa583,bd1488a2d411295d7a2118c50ddcc0b158786123613af1676062e2270d1637d1,9cb89005693b1b70c102178849b740fde00b50c9ba5f3b5530d0e5749ea59837,eca954c21da074c545cb7858315ea39fee0a6f54b19e06474b4f2f91f1666847,c2f062c20887415a67df5838227a908b8620c7cc30f0498135bf17ea1ad33c5f,6031dc4ee08b61c58b35b1efd7d764739d5c7c54dc7cbe9e9a72a1e4a7098596,e2212c40566e21c680a98186ebd8e984aa80d4fd,4d4ad03b827958468b1a231e360c7ad1aa68035c25af068059838ceae6dfa6d6,0da5ee1686ead23df1f904ead1e98b7c0a817ac118d50e0e14715b5517b5194c,R1_UA_7,c5766ea75a44af8bb445fbdd53708cf3a834693420af2774e4ac126a78c898b5,validation,P3,2017-01-17,885,797.1914663000774,8c354aeb9a77bd39a0f713ef82d70b0f0f7bc2e9a73717cd9e53fd51d5bbe27c
new_p3_training,True,tuned,UA,7,R1,3cfd389bbd05ec9201a41c0892e29bf8199198d1b216b9a8061370d4240aa583,bd1488a2d411295d7a2118c50ddcc0b158786123613af1676062e2270d1637d1,9cb89005693b1b70c102178849b740fde00b50c9ba5f3b5530d0e5749ea59837,eca954c21da074c545cb7858315ea39fee0a6f54b19e06474b4f2f91f1666847,c2f062c20887415a67df5838227a908b8620c7cc30f0498135bf17ea1ad33c5f,6031dc4ee08b61c58b35b1efd7d764739d5c7c54dc7cbe9e9a72a1e4a7098596,e2212c40566e21c680a98186ebd8e984aa80d4fd,4d4ad03b827958468b1a231e360c7ad1aa68035c25af068059838ceae6dfa6d6,0da5ee1686ead23df1f904ead1e98b7c0a817ac118d50e0e14715b5517b5194c,R1_UA_7,c5766ea75a44af8bb445fbdd53708cf3a834693420af2774e4ac126a78c898b5,validation,P3,2017-01-18,884,822.7804779392052,80ee84e905656b6f3066366066d4f83b7e6eb8a6d14aabfc55e73cdf7b01a368
new_p3_training,True,tuned,UA,7,R1,3cfd389bbd05ec9201a41c0892e29bf8199198d1b216b9a8061370d4240aa583,bd1488a2d411295d7a2118c50ddcc0b158786123613af1676062e2270d1637d1,9cb89005693b1b70c102178849b740fde00b50c9ba5f3b5530d0e5749ea59837,eca954c21da074c545cb7858315ea39fee0a6f54b19e06474b4f2f91f1666847,c2f062c20887415a67df5838227a908b8620c7cc30f0498135bf17ea1ad33c5f,6031dc4ee08b61c58b35b1efd7d764739d5c7c54dc7cbe9e9a72a1e4a7098596,e2212c40566e21c680a98186ebd8e984aa80d4fd,4d4ad03b827958468b1a231e360c7ad1aa68035c25af068059838ceae6dfa6d6,0da5ee1686ead23df1f904ead1e98b7c0a817ac118d50e0e14715b5517b5194c,R1_UA_7,c5766ea75a44af8bb445fbdd53708cf3a834693420af2774e4ac126a78c898b5,validation,P3,2017-01-19,883,858.8849526229424,0cc46e287cc200597fd26e91f39650a5b257f22565d2638507b902e52db12908
new_p3_training,True,tuned,UA,7,R1,3cfd389bbd05ec9201a41c0892e29bf8199198d1b216b9a8061370d4240aa583,bd1488a2d411295d7a2118c50ddcc0b158786123613af1676062e2270d1637d1,9cb89005693b1b70c102178849b740fde00b50c9ba5f3b5530d0e5749ea59837,eca954c21da074c545cb7858315ea39fee0a6f54b19e06474b4f2f91f1666847,c2f062c20887415a67df5838227a908b8620c7cc30f0498135bf17ea1ad33c5f,6031dc4ee08b61c58b35b1efd7d764739d5c7c54dc7cbe9e9a72a1e4a7098596,e2212c40566e21c680a98186ebd8e984aa80d4fd,4d4ad03b827958468b1a231e360c7ad1aa68035c25af068059838ceae6dfa6d6,0da5ee1686ead23df1f904ead1e98b7c0a817ac118d50e0e14715b5517b5194c,R1_UA_7,c5766ea75a44af8bb445fbdd53708cf3a834693420af2774e4ac126a78c898b5,validation,P3,2017-01-20,885,784.9712780450898,59b001cd69cf4f6b8beea73091b250f24c8c626361e5ea28e252a5edf3415847
new_p3_training,True,tuned,UA,7,R1,3cfd389bbd05ec9201a41c0892e29bf8199198d1b216b9a8061370d4240aa583,bd1488a2d411295d7a2118c50ddcc0b158786123613af1676062e2270d1637d1,9cb89005693b1b70c102178849b740fde00b50c9ba5f3b5530d0e5749ea59837,eca954c21da074c545cb7858315ea39fee0a6f54b19e06474b4f2f91f1666847,c2f062c20887415a67df5838227a908b8620c7cc30f0498135bf17ea1ad33c5f,6031dc4ee08b61c58b35b1efd7d764739d5c7c54dc7cbe9e9a72a1e4a7098596,e2212c40566e21c680a98186ebd8e984aa80d4fd,4d4ad03b827958468b1a231e360c7ad1aa68035c25af068059838ceae6dfa6d6,0da5ee1686ead23df1f904ead1e98b7c0a817ac118d50e0e14715b5517b5194c,R1_UA_7,c5766ea75a44af8bb445fbdd53708cf3a834693420af2774e4ac126a78c898b5,validation,P3,2017-01-23,878,786.2591562522116,3d33593a9eb451e68afb261f73140cf422b3c0778ec504fd052d3e53e02f581b
new_p3_training,True,tuned,UA,7,R1,3cfd389bbd05ec9201a41c0892e29bf8199198d1b216b9a8061370d4240aa583,bd1488a2d411295d7a2118c50ddcc0b158786123613af1676062e2270d1637d1,9cb89005693b1b70c102178849b740fde00b50c9ba5f3b5530d0e5749ea59837,eca954c21da074c545cb7858315ea39fee0a6f54b19e06474b4f2f91f1666847,c2f062c20887415a67df5838227a908b8620c7cc30f0498135bf17ea1ad33c5f,6031dc4ee08b61c58b35b1efd7d764739d5c7c54dc7cbe9e9a72a1e4a7098596,e2212c40566e21c680a98186ebd8e984aa80d4fd,4d4ad03b827958468b1a231e360c7ad1aa68035c25af068059838ceae6dfa6d6,0da5ee1686ead23df1f904ead1e98b7c0a817ac118d50e0e14715b5517b5194c,R1_UA_7,c5766ea75a44af8bb445fbdd53708cf3a834693420af2774e4ac126a78c898b5,validation,P3,2017-01-24,875,762.7294135888424,40cea533d9fb9a4b087cc55201b0f8d046dd4361c844ced71c2aa304eacad34a
new_p3_training,True,tuned,UA,7,R1,3cfd389bbd05ec9201a41c0892e29bf8199198d1b216b9a8061370d4240aa583,bd1488a2d411295d7a2118c50ddcc0b158786123613af1676062e2270d1637d1,9cb89005693b1b70c102178849b740fde00b50c9ba5f3b5530d0e5749ea59837,eca954c21da074c545cb7858315ea39fee0a6f54b19e06474b4f2f91f1666847,c2f062c20887415a67df5838227a908b8620c7cc30f0498135bf17ea1ad33c5f,6031dc4ee08b61c58b35b1efd7d764739d5c7c54dc7cbe9e9a72a1e4a7098596,e2212c40566e21c680a98186ebd8e984aa80d4fd,4d4ad03b827958468b1a231e360c7ad1aa68035c25af068059838ceae6dfa6d6,0da5ee1686ead23df1f904ead1e98b7c0a817ac118d50e0e14715b5517b5194c,R1_UA_7,c5766ea75a44af8bb445fbdd53708cf3a834693420af2774e4ac126a78c898b5,validation,P3,2017-01-25,881,784.8121162951254,d5d11e4dc8e674204624edbd6185b1494c1233d9e49e1a791fdc48a476134efe
new_p3_training,True,tuned,UA,7,R1,3cfd389bbd05ec9201a41c0892e29bf8199198d1b216b9a8061370d4240aa583,bd1488a2d411295d7a2118c50ddcc0b158786123613af1676062e2270d1637d1,9cb89005693b1b70c102178849b740fde00b50c9ba5f3b5530d0e5749ea59837,eca954c21da074c545cb7858315ea39fee0a6f54b19e06474b4f2f91f1666847,c2f062c20887415a67df5838227a908b8620c7cc30f0498135bf17ea1ad33c5f,6031dc4ee08b61c58b35b1efd7d764739d5c7c54dc7cbe9e9a72a1e4a7098596,e2212c40566e21c680a98186ebd8e984aa80d4fd,4d4ad03b827958468b1a231e360c7ad1aa68035c25af068059838ceae6dfa6d6,0da5ee1686ead23df1f904ead1e98b7c0a817ac118d50e0e14715b5517b5194c,R1_UA_7,c5766ea75a44af8bb445fbdd53708cf3a834693420af2774e4ac126a78c898b5,validation,P3,2017-01-26,874,813.8250213758919,502db8df3ae244469ca1dacb518523809293adee64d5c1b447394c22bf9e1308
new_p3_training,True,tuned,UA,7,R1,3cfd389bbd05ec9201a41c0892e29bf8199198d1b216b9a8061370d4240aa583,bd1488a2d411295d7a2118c50ddcc0b158786123613af1676062e2270d1637d1,9cb89005693b1b70c102178849b740fde00b50c9ba5f3b5530d0e5749ea59837,eca954c21da074c545cb7858315ea39fee0a6f54b19e06474b4f2f91f1666847,c2f062c20887415a67df5838227a908b8620c7cc30f0498135bf17ea1ad33c5f,6031dc4ee08b61c58b35b1efd7d764739d5c7c54dc7cbe9e9a72a1e4a7098596,e2212c40566e21c680a98186ebd8e984aa80d4fd,4d4ad03b827958468b1a231e360c7ad1aa68035c25af068059838ceae6dfa6d6,0da5ee1686ead23df1f904ead1e98b7c0a817ac118d50e0e14715b5517b5194c,R1_UA_7,c5766ea75a44af8bb445fbdd53708cf3a834693420af2774e4ac126a78c898b5,validation,P3,2017-01-31,885,815.6546078038534,71f3ba65ae4062b3a8d13202290d489ddeafaec53f7c1765905b2be1e90d0f1b
new_p3_training,True,tuned,UA,7,R1,3cfd389bbd05ec9201a41c0892e29bf8199198d1b216b9a8061370d4240aa583,bd1488a2d411295d7a2118c50ddcc0b158786123613af1676062e2270d1637d1,9cb89005693b1b70c102178849b740fde00b50c9ba5f3b5530d0e5749ea59837,eca954c21da074c545cb7858315ea39fee0a6f54b19e06474b4f2f91f1666847,c2f062c20887415a67df5838227a908b8620c7cc30f0498135bf17ea1ad33c5f,6031dc4ee08b61c58b35b1efd7d764739d5c7c54dc7cbe9e9a72a1e4a7098596,e2212c40566e21c680a98186ebd8e984aa80d4fd,4d4ad03b827958468b1a231e360c7ad1aa68035c25af068059838ceae6dfa6d6,0da5ee1686ead23df1f904ead1e98b7c0a817ac118d50e0e14715b5517b5194c,R1_UA_7,c5766ea75a44af8bb445fbdd53708cf3a834693420af2774e4ac126a78c898b5,validation,P3,2017-02-01,889,790.4941890437258,d278f2f40610d4d0a49da9f250467410ac725ed5a8e4be1022966af9d99c43d4
new_p3_training,True,tuned,UA,7,R1,3cfd389bbd05ec9201a41c0892e29bf8199198d1b216b9a8061370d4240aa583,bd1488a2d411295d7a2118c50ddcc0b158786123613af1676062e2270d1637d1,9cb89005693b1b70c102178849b740fde00b50c9ba5f3b5530d0e5749ea59837,eca954c21da074c545cb7858315ea39fee0a6f54b19e06474b4f2f91f1666847,c2f062c20887415a67df5838227a908b8620c7cc30f0498135bf17ea1ad33c5f,6031dc4ee08b61c58b35b1efd7d764739d5c7c54dc7cbe9e9a72a1e4a7098596,e2212c40566e21c680a98186ebd8e984aa80d4fd,4d4ad03b827958468b1a231e360c7ad1aa68035c25af068059838ceae6dfa6d6,0da5ee1686ead23df1f904ead1e98b7c0a817ac118d50e0e14715b5517b5194c,R1_UA_7,c5766ea75a44af8bb445fbdd53708cf3a834693420af2774e4ac126a78c898b5,validation,P3,2017-02-02,887,822.9981507464072,234d224b718416a94813ee82fd7c534bafee7932d08bf2a0aa2085eb89ad613d
new_p3_training,True,tuned,UA,7,R1,3cfd389bbd05ec9201a41c0892e29bf8199198d1b216b9a8061370d4240aa583,bd1488a2d411295d7a2118c50ddcc0b158786123613af1676062e2270d1637d1,9cb89005693b1b70c102178849b740fde00b50c9ba5f3b5530d0e5749ea59837,eca954c21da074c545cb7858315ea39fee0a6f54b19e06474b4f2f91f1666847,c2f062c20887415a67df5838227a908b8620c7cc30f0498135bf17ea1ad33c5f,6031dc4ee08b61c58b35b1efd7d764739d5c7c54dc7cbe9e9a72a1e4a7098596,e2212c40566e21c680a98186ebd8e984aa80d4fd,4d4ad03b827958468b1a231e360c7ad1aa68035c25af068059838ceae6dfa6d6,0da5ee1686ead23df1f904ead1e98b7c0a817ac118d50e0e14715b5517b5194c,R1_UA_7,c5766ea75a44af8bb445fbdd53708cf3a834693420af2774e4ac126a78c898b5,validation,P3,2017-02-03,883,801.0721866900824,08151cca6111612a12f5d9d499aa1d3237916b749d4faefa7ffccacdc3687ba4
