namespace,selected,panel,model,seed,fold,protocol_hash,canonical_protocol_hash,input_hash,mask_hash,split_hash,core_source_digest,source_sha,source_digest,config_hash,source_job,prediction_sha256,split,population,rows,nll,accuracy,macro_f1,mcc,brier,equal_asset_nll,down,flat,up,max_probability_sum_error,row_key_label_digest,owner,source_result_sha,metric_source
new_p3_training,True,tuned,UA,123,R1,3cfd389bbd05ec9201a41c0892e29bf8199198d1b216b9a8061370d4240aa583,bd1488a2d411295d7a2118c50ddcc0b158786123613af1676062e2270d1637d1,9cb89005693b1b70c102178849b740fde00b50c9ba5f3b5530d0e5749ea59837,eca954c21da074c545cb7858315ea39fee0a6f54b19e06474b4f2f91f1666847,c2f062c20887415a67df5838227a908b8620c7cc30f0498135bf17ea1ad33c5f,6031dc4ee08b61c58b35b1efd7d764739d5c7c54dc7cbe9e9a72a1e4a7098596,e2212c40566e21c680a98186ebd8e984aa80d4fd,4d4ad03b827958468b1a231e360c7ad1aa68035c25af068059838ceae6dfa6d6,22070aab46ef0198c5b716350b27664faf5177e3b94bf9a734d3ac21dfe46984,R1_UA_123,894afa506e031a11a67d12377f60ba62d7b4a9667bd438e66fa5402c949d1ad8,development_holdout,P0,33858,0.9180660850610228,0.548408057179987,0.4812684527413675,0.25166223354358885,0.5504555850333758,0.9180660850610226,8620,16714,8524,1.1175870895385742e-07,5288775b226929d44957c863ed5f68aaa56928b9cf074b47cdc4fa79116c4507,rtx3090,14e9fdbcf9439e3e6cd736ba1599f421aba531ea,runs/exports/compatible/R1_UA_123__811c8cd8e079f9a5/metrics.csv
new_p3_training,True,tuned,UA,123,R1,3cfd389bbd05ec9201a41c0892e29bf8199198d1b216b9a8061370d4240aa583,bd1488a2d411295d7a2118c50ddcc0b158786123613af1676062e2270d1637d1,9cb89005693b1b70c102178849b740fde00b50c9ba5f3b5530d0e5749ea59837,eca954c21da074c545cb7858315ea39fee0a6f54b19e06474b4f2f91f1666847,c2f062c20887415a67df5838227a908b8620c7cc30f0498135bf17ea1ad33c5f,6031dc4ee08b61c58b35b1efd7d764739d5c7c54dc7cbe9e9a72a1e4a7098596,e2212c40566e21c680a98186ebd8e984aa80d4fd,4d4ad03b827958468b1a231e360c7ad1aa68035c25af068059838ceae6dfa6d6,22070aab46ef0198c5b716350b27664faf5177e3b94bf9a734d3ac21dfe46984,R1_UA_123,894afa506e031a11a67d12377f60ba62d7b4a9667bd438e66fa5402c949d1ad8,development_holdout,P1,32557,0.9208950856832393,0.5447983536566637,0.4821966093889398,0.25554202121517244,0.5530591117873671,0.9212975744218073,8546,15550,8461,1.1175870895385742e-07,9b3d6fe8c1fd76aedc68d8119e1fa659045291fd6455a6a46b85c9876a93b7a3,rtx3090,14e9fdbcf9439e3e6cd736ba1599f421aba531ea,runs/exports/compatible/R1_UA_123__811c8cd8e079f9a5/metrics.csv
new_p3_training,True,tuned,UA,123,R1,3cfd389bbd05ec9201a41c0892e29bf8199198d1b216b9a8061370d4240aa583,bd1488a2d411295d7a2118c50ddcc0b158786123613af1676062e2270d1637d1,9cb89005693b1b70c102178849b740fde00b50c9ba5f3b5530d0e5749ea59837,eca954c21da074c545cb7858315ea39fee0a6f54b19e06474b4f2f91f1666847,c2f062c20887415a67df5838227a908b8620c7cc30f0498135bf17ea1ad33c5f,6031dc4ee08b61c58b35b1efd7d764739d5c7c54dc7cbe9e9a72a1e4a7098596,e2212c40566e21c680a98186ebd8e984aa80d4fd,4d4ad03b827958468b1a231e360c7ad1aa68035c25af068059838ceae6dfa6d6,22070aab46ef0198c5b716350b27664faf5177e3b94bf9a734d3ac21dfe46984,R1_UA_123,894afa506e031a11a67d12377f60ba62d7b4a9667bd438e66fa5402c949d1ad8,development_holdout,P2,29403,0.9235092309298166,0.5432098765432098,0.47829093585115573,0.2461937143167289,0.5538280762621838,0.9235092309298167,7559,14328,7516,1.1175870895385742e-07,4f40da9e935c4419f64f78055c885f816bb0011d87842690994b2751e63d9509,rtx3090,14e9fdbcf9439e3e6cd736ba1599f421aba531ea,runs/exports/compatible/R1_UA_123__811c8cd8e079f9a5/metrics.csv
new_p3_training,True,tuned,UA,123,R1,3cfd389bbd05ec9201a41c0892e29bf8199198d1b216b9a8061370d4240aa583,bd1488a2d411295d7a2118c50ddcc0b158786123613af1676062e2270d1637d1,9cb89005693b1b70c102178849b740fde00b50c9ba5f3b5530d0e5749ea59837,eca954c21da074c545cb7858315ea39fee0a6f54b19e06474b4f2f91f1666847,c2f062c20887415a67df5838227a908b8620c7cc30f0498135bf17ea1ad33c5f,6031dc4ee08b61c58b35b1efd7d764739d5c7c54dc7cbe9e9a72a1e4a7098596,e2212c40566e21c680a98186ebd8e984aa80d4fd,4d4ad03b827958468b1a231e360c7ad1aa68035c25af068059838ceae6dfa6d6,22070aab46ef0198c5b716350b27664faf5177e3b94bf9a734d3ac21dfe46984,R1_UA_123,894afa506e031a11a67d12377f60ba62d7b4a9667bd438e66fa5402c949d1ad8,development_holdout,P3,29021,0.9194988702181253,0.5451914131146411,0.4798409235297491,0.25013799240193796,0.5517246781408619,0.9198987742517873,7486,14080,7455,1.1175870895385742e-07,8a8da97089168b3cf6b79daba370771d4d31b619a8e33559a0aeb4a32eaf1f33,rtx3090,14e9fdbcf9439e3e6cd736ba1599f421aba531ea,runs/exports/compatible/R1_UA_123__811c8cd8e079f9a5/metrics.csv
new_p3_training,True,tuned,UA,123,R1,3cfd389bbd05ec9201a41c0892e29bf8199198d1b216b9a8061370d4240aa583,bd1488a2d411295d7a2118c50ddcc0b158786123613af1676062e2270d1637d1,9cb89005693b1b70c102178849b740fde00b50c9ba5f3b5530d0e5749ea59837,eca954c21da074c545cb7858315ea39fee0a6f54b19e06474b4f2f91f1666847,c2f062c20887415a67df5838227a908b8620c7cc30f0498135bf17ea1ad33c5f,6031dc4ee08b61c58b35b1efd7d764739d5c7c54dc7cbe9e9a72a1e4a7098596,e2212c40566e21c680a98186ebd8e984aa80d4fd,4d4ad03b827958468b1a231e360c7ad1aa68035c25af068059838ceae6dfa6d6,22070aab46ef0198c5b716350b27664faf5177e3b94bf9a734d3ac21dfe46984,R1_UA_123,894afa506e031a11a67d12377f60ba62d7b4a9667bd438e66fa5402c949d1ad8,validation,P0,50274,0.9048027172597943,0.5622588216573179,0.4831141367569749,0.25791743512667104,0.5413997178864496,0.9048027172597943,12432,25906,11936,1.1175870917590203e-07,8554f7e47896ce912ee25183274a79552172e9c9a53366da0ed794a57786efe0,rtx3090,14e9fdbcf9439e3e6cd736ba1599f421aba531ea,runs/exports/compatible/R1_UA_123__811c8cd8e079f9a5/metrics.csv
new_p3_training,True,tuned,UA,123,R1,3cfd389bbd05ec9201a41c0892e29bf8199198d1b216b9a8061370d4240aa583,bd1488a2d411295d7a2118c50ddcc0b158786123613af1676062e2270d1637d1,9cb89005693b1b70c102178849b740fde00b50c9ba5f3b5530d0e5749ea59837,eca954c21da074c545cb7858315ea39fee0a6f54b19e06474b4f2f91f1666847,c2f062c20887415a67df5838227a908b8620c7cc30f0498135bf17ea1ad33c5f,6031dc4ee08b61c58b35b1efd7d764739d5c7c54dc7cbe9e9a72a1e4a7098596,e2212c40566e21c680a98186ebd8e984aa80d4fd,4d4ad03b827958468b1a231e360c7ad1aa68035c25af068059838ceae6dfa6d6,22070aab46ef0198c5b716350b27664faf5177e3b94bf9a734d3ac21dfe46984,R1_UA_123,894afa506e031a11a67d12377f60ba62d7b4a9667bd438e66fa5402c949d1ad8,validation,P1,48280,0.9090749775892218,0.557870753935377,0.48402106134079576,0.26144346147946873,0.5447264042274111,0.9093811050659094,12341,24081,11858,1.1175870917590203e-07,1bd74161030549bc2f24efe5491eb0d1f7727b652e5253a429e01c853cb585db,rtx3090,14e9fdbcf9439e3e6cd736ba1599f421aba531ea,runs/exports/compatible/R1_UA_123__811c8cd8e079f9a5/metrics.csv
new_p3_training,True,tuned,UA,123,R1,3cfd389bbd05ec9201a41c0892e29bf8199198d1b216b9a8061370d4240aa583,bd1488a2d411295d7a2118c50ddcc0b158786123613af1676062e2270d1637d1,9cb89005693b1b70c102178849b740fde00b50c9ba5f3b5530d0e5749ea59837,eca954c21da074c545cb7858315ea39fee0a6f54b19e06474b4f2f91f1666847,c2f062c20887415a67df5838227a908b8620c7cc30f0498135bf17ea1ad33c5f,6031dc4ee08b61c58b35b1efd7d764739d5c7c54dc7cbe9e9a72a1e4a7098596,e2212c40566e21c680a98186ebd8e984aa80d4fd,4d4ad03b827958468b1a231e360c7ad1aa68035c25af068059838ceae6dfa6d6,22070aab46ef0198c5b716350b27664faf5177e3b94bf9a734d3ac21dfe46984,R1_UA_123,894afa506e031a11a67d12377f60ba62d7b4a9667bd438e66fa5402c949d1ad8,validation,P2,43659,0.9087755460113734,0.5583957488719393,0.48124573198366266,0.2541273190031242,0.5442871475878017,0.9087755460113733,10937,22231,10491,1.1175870895385742e-07,4e484a6acb6ed7305a5ec5513d99f3999c0f2ce27a7b70f8609ef03a2f0fd7ca,rtx3090,14e9fdbcf9439e3e6cd736ba1599f421aba531ea,runs/exports/compatible/R1_UA_123__811c8cd8e079f9a5/metrics.csv
new_p3_training,True,tuned,UA,123,R1,3cfd389bbd05ec9201a41c0892e29bf8199198d1b216b9a8061370d4240aa583,bd1488a2d411295d7a2118c50ddcc0b158786123613af1676062e2270d1637d1,9cb89005693b1b70c102178849b740fde00b50c9ba5f3b5530d0e5749ea59837,eca954c21da074c545cb7858315ea39fee0a6f54b19e06474b4f2f91f1666847,c2f062c20887415a67df5838227a908b8620c7cc30f0498135bf17ea1ad33c5f,6031dc4ee08b61c58b35b1efd7d764739d5c7c54dc7cbe9e9a72a1e4a7098596,e2212c40566e21c680a98186ebd8e984aa80d4fd,4d4ad03b827958468b1a231e360c7ad1aa68035c25af068059838ceae6dfa6d6,22070aab46ef0198c5b716350b27664faf5177e3b94bf9a734d3ac21dfe46984,R1_UA_123,894afa506e031a11a67d12377f60ba62d7b4a9667bd438e66fa5402c949d1ad8,validation,P3,43050,0.9061634827054394,0.5589547038327526,0.48221395372618653,0.2566308119743597,0.543080807236669,0.9065932240951201,10846,21790,10414,1.1175870895385742e-07,6d52c9fbf6be5e14713acbbe54cf789ce18ead615a69e1425ccdf2f2677c4d4b,rtx3090,14e9fdbcf9439e3e6cd736ba1599f421aba531ea,runs/exports/compatible/R1_UA_123__811c8cd8e079f9a5/metrics.csv
new_p3_training,True,tuned,UA,42,R1,3cfd389bbd05ec9201a41c0892e29bf8199198d1b216b9a8061370d4240aa583,bd1488a2d411295d7a2118c50ddcc0b158786123613af1676062e2270d1637d1,9cb89005693b1b70c102178849b740fde00b50c9ba5f3b5530d0e5749ea59837,eca954c21da074c545cb7858315ea39fee0a6f54b19e06474b4f2f91f1666847,c2f062c20887415a67df5838227a908b8620c7cc30f0498135bf17ea1ad33c5f,6031dc4ee08b61c58b35b1efd7d764739d5c7c54dc7cbe9e9a72a1e4a7098596,e2212c40566e21c680a98186ebd8e984aa80d4fd,4d4ad03b827958468b1a231e360c7ad1aa68035c25af068059838ceae6dfa6d6,90427d9f1f9f987bf83463916d78b5a29bee9b91513323c2d8d0c865f9a34a75,R1_UA_42,b7fc23760aad3bef6f3a43445b4d2ee10187916180776c5ebe51ef062d911b42,development_holdout,P0,33858,0.9198771748925891,0.5458385019788529,0.4773788441387669,0.2456370079831992,0.5516352792163779,0.9198771748925892,8620,16714,8524,1.1920928988384816e-07,5288775b226929d44957c863ed5f68aaa56928b9cf074b47cdc4fa79116c4507,rtx3090,14e9fdbcf9439e3e6cd736ba1599f421aba531ea,runs/exports/compatible/R1_UA_42__16b6b39278b4270d/metrics.csv
new_p3_training,True,tuned,UA,42,R1,3cfd389bbd05ec9201a41c0892e29bf8199198d1b216b9a8061370d4240aa583,bd1488a2d411295d7a2118c50ddcc0b158786123613af1676062e2270d1637d1,9cb89005693b1b70c102178849b740fde00b50c9ba5f3b5530d0e5749ea59837,eca954c21da074c545cb7858315ea39fee0a6f54b19e06474b4f2f91f1666847,c2f062c20887415a67df5838227a908b8620c7cc30f0498135bf17ea1ad33c5f,6031dc4ee08b61c58b35b1efd7d764739d5c7c54dc7cbe9e9a72a1e4a7098596,e2212c40566e21c680a98186ebd8e984aa80d4fd,4d4ad03b827958468b1a231e360c7ad1aa68035c25af068059838ceae6dfa6d6,90427d9f1f9f987bf83463916d78b5a29bee9b91513323c2d8d0c865f9a34a75,R1_UA_42,b7fc23760aad3bef6f3a43445b4d2ee10187916180776c5ebe51ef062d911b42,development_holdout,P1,32557,0.921896424351999,0.542248978714255,0.4781391921421833,0.24977106918715894,0.5538732282238131,0.9223443744085473,8546,15550,8461,1.1920928988384816e-07,9b3d6fe8c1fd76aedc68d8119e1fa659045291fd6455a6a46b85c9876a93b7a3,rtx3090,14e9fdbcf9439e3e6cd736ba1599f421aba531ea,runs/exports/compatible/R1_UA_42__16b6b39278b4270d/metrics.csv
new_p3_training,True,tuned,UA,42,R1,3cfd389bbd05ec9201a41c0892e29bf8199198d1b216b9a8061370d4240aa583,bd1488a2d411295d7a2118c50ddcc0b158786123613af1676062e2270d1637d1,9cb89005693b1b70c102178849b740fde00b50c9ba5f3b5530d0e5749ea59837,eca954c21da074c545cb7858315ea39fee0a6f54b19e06474b4f2f91f1666847,c2f062c20887415a67df5838227a908b8620c7cc30f0498135bf17ea1ad33c5f,6031dc4ee08b61c58b35b1efd7d764739d5c7c54dc7cbe9e9a72a1e4a7098596,e2212c40566e21c680a98186ebd8e984aa80d4fd,4d4ad03b827958468b1a231e360c7ad1aa68035c25af068059838ceae6dfa6d6,90427d9f1f9f987bf83463916d78b5a29bee9b91513323c2d8d0c865f9a34a75,R1_UA_42,b7fc23760aad3bef6f3a43445b4d2ee10187916180776c5ebe51ef062d911b42,development_holdout,P2,29403,0.9245775743962965,0.5404550556065708,0.4734727894013735,0.23984113808443874,0.554877109790077,0.9245775743962966,7559,14328,7516,1.1920928988384816e-07,4f40da9e935c4419f64f78055c885f816bb0011d87842690994b2751e63d9509,rtx3090,14e9fdbcf9439e3e6cd736ba1599f421aba531ea,runs/exports/compatible/R1_UA_42__16b6b39278b4270d/metrics.csv
new_p3_training,True,tuned,UA,42,R1,3cfd389bbd05ec9201a41c0892e29bf8199198d1b216b9a8061370d4240aa583,bd1488a2d411295d7a2118c50ddcc0b158786123613af1676062e2270d1637d1,9cb89005693b1b70c102178849b740fde00b50c9ba5f3b5530d0e5749ea59837,eca954c21da074c545cb7858315ea39fee0a6f54b19e06474b4f2f91f1666847,c2f062c20887415a67df5838227a908b8620c7cc30f0498135bf17ea1ad33c5f,6031dc4ee08b61c58b35b1efd7d764739d5c7c54dc7cbe9e9a72a1e4a7098596,e2212c40566e21c680a98186ebd8e984aa80d4fd,4d4ad03b827958468b1a231e360c7ad1aa68035c25af068059838ceae6dfa6d6,90427d9f1f9f987bf83463916d78b5a29bee9b91513323c2d8d0c865f9a34a75,R1_UA_42,b7fc23760aad3bef6f3a43445b4d2ee10187916180776c5ebe51ef062d911b42,development_holdout,P3,29021,0.919979309280672,0.5424003307949415,0.47474555446901817,0.2437048737383442,0.5524952456930512,0.9204312802500405,7486,14080,7455,1.1920928988384816e-07,8a8da97089168b3cf6b79daba370771d4d31b619a8e33559a0aeb4a32eaf1f33,rtx3090,14e9fdbcf9439e3e6cd736ba1599f421aba531ea,runs/exports/compatible/R1_UA_42__16b6b39278b4270d/metrics.csv
new_p3_training,True,tuned,UA,42,R1,3cfd389bbd05ec9201a41c0892e29bf8199198d1b216b9a8061370d4240aa583,bd1488a2d411295d7a2118c50ddcc0b158786123613af1676062e2270d1637d1,9cb89005693b1b70c102178849b740fde00b50c9ba5f3b5530d0e5749ea59837,eca954c21da074c545cb7858315ea39fee0a6f54b19e06474b4f2f91f1666847,c2f062c20887415a67df5838227a908b8620c7cc30f0498135bf17ea1ad33c5f,6031dc4ee08b61c58b35b1efd7d764739d5c7c54dc7cbe9e9a72a1e4a7098596,e2212c40566e21c680a98186ebd8e984aa80d4fd,4d4ad03b827958468b1a231e360c7ad1aa68035c25af068059838ceae6dfa6d6,90427d9f1f9f987bf83463916d78b5a29bee9b91513323c2d8d0c865f9a34a75,R1_UA_42,b7fc23760aad3bef6f3a43445b4d2ee10187916180776c5ebe51ef062d911b42,validation,P0,50274,0.9057361139646568,0.5609659068305685,0.4813223376966131,0.2546345817494609,0.5415431347908135,0.9057361139646567,12432,25906,11936,1.1175870917590203e-07,8554f7e47896ce912ee25183274a79552172e9c9a53366da0ed794a57786efe0,rtx3090,14e9fdbcf9439e3e6cd736ba1599f421aba531ea,runs/exports/compatible/R1_UA_42__16b6b39278b4270d/metrics.csv
new_p3_training,True,tuned,UA,42,R1,3cfd389bbd05ec9201a41c0892e29bf8199198d1b216b9a8061370d4240aa583,bd1488a2d411295d7a2118c50ddcc0b158786123613af1676062e2270d1637d1,9cb89005693b1b70c102178849b740fde00b50c9ba5f3b5530d0e5749ea59837,eca954c21da074c545cb7858315ea39fee0a6f54b19e06474b4f2f91f1666847,c2f062c20887415a67df5838227a908b8620c7cc30f0498135bf17ea1ad33c5f,6031dc4ee08b61c58b35b1efd7d764739d5c7c54dc7cbe9e9a72a1e4a7098596,e2212c40566e21c680a98186ebd8e984aa80d4fd,4d4ad03b827958468b1a231e360c7ad1aa68035c25af068059838ceae6dfa6d6,90427d9f1f9f987bf83463916d78b5a29bee9b91513323c2d8d0c865f9a34a75,R1_UA_42,b7fc23760aad3bef6f3a43445b4d2ee10187916180776c5ebe51ef062d911b42,validation,P1,48280,0.9098827718789193,0.5568558409279205,0.4823332419272825,0.25863944704682834,0.5450192491980619,0.9101822012281557,12341,24081,11858,1.1175870917590203e-07,1bd74161030549bc2f24efe5491eb0d1f7727b652e5253a429e01c853cb585db,rtx3090,14e9fdbcf9439e3e6cd736ba1599f421aba531ea,runs/exports/compatible/R1_UA_42__16b6b39278b4270d/metrics.csv
new_p3_training,True,tuned,UA,42,R1,3cfd389bbd05ec9201a41c0892e29bf8199198d1b216b9a8061370d4240aa583,bd1488a2d411295d7a2118c50ddcc0b158786123613af1676062e2270d1637d1,9cb89005693b1b70c102178849b740fde00b50c9ba5f3b5530d0e5749ea59837,eca954c21da074c545cb7858315ea39fee0a6f54b19e06474b4f2f91f1666847,c2f062c20887415a67df5838227a908b8620c7cc30f0498135bf17ea1ad33c5f,6031dc4ee08b61c58b35b1efd7d764739d5c7c54dc7cbe9e9a72a1e4a7098596,e2212c40566e21c680a98186ebd8e984aa80d4fd,4d4ad03b827958468b1a231e360c7ad1aa68035c25af068059838ceae6dfa6d6,90427d9f1f9f987bf83463916d78b5a29bee9b91513323c2d8d0c865f9a34a75,R1_UA_42,b7fc23760aad3bef6f3a43445b4d2ee10187916180776c5ebe51ef062d911b42,validation,P2,43659,0.9086971371562101,0.5568840330745093,0.4781777727456961,0.25034897651156873,0.5442081716283741,0.9086971371562101,10937,22231,10491,1.1175870917590203e-07,4e484a6acb6ed7305a5ec5513d99f3999c0f2ce27a7b70f8609ef03a2f0fd7ca,rtx3090,14e9fdbcf9439e3e6cd736ba1599f421aba531ea,runs/exports/compatible/R1_UA_42__16b6b39278b4270d/metrics.csv
new_p3_training,True,tuned,UA,42,R1,3cfd389bbd05ec9201a41c0892e29bf8199198d1b216b9a8061370d4240aa583,bd1488a2d411295d7a2118c50ddcc0b158786123613af1676062e2270d1637d1,9cb89005693b1b70c102178849b740fde00b50c9ba5f3b5530d0e5749ea59837,eca954c21da074c545cb7858315ea39fee0a6f54b19e06474b4f2f91f1666847,c2f062c20887415a67df5838227a908b8620c7cc30f0498135bf17ea1ad33c5f,6031dc4ee08b61c58b35b1efd7d764739d5c7c54dc7cbe9e9a72a1e4a7098596,e2212c40566e21c680a98186ebd8e984aa80d4fd,4d4ad03b827958468b1a231e360c7ad1aa68035c25af068059838ceae6dfa6d6,90427d9f1f9f987bf83463916d78b5a29bee9b91513323c2d8d0c865f9a34a75,R1_UA_42,b7fc23760aad3bef6f3a43445b4d2ee10187916180776c5ebe51ef062d911b42,validation,P3,43050,0.9061664881728742,0.5575842044134727,0.47911575734152284,0.25299539985062697,0.543198137849532,0.9065931317615424,10846,21790,10414,1.1175870917590203e-07,6d52c9fbf6be5e14713acbbe54cf789ce18ead615a69e1425ccdf2f2677c4d4b,rtx3090,14e9fdbcf9439e3e6cd736ba1599f421aba531ea,runs/exports/compatible/R1_UA_42__16b6b39278b4270d/metrics.csv
new_p3_training,True,tuned,UA,7,R1,3cfd389bbd05ec9201a41c0892e29bf8199198d1b216b9a8061370d4240aa583,bd1488a2d411295d7a2118c50ddcc0b158786123613af1676062e2270d1637d1,9cb89005693b1b70c102178849b740fde00b50c9ba5f3b5530d0e5749ea59837,eca954c21da074c545cb7858315ea39fee0a6f54b19e06474b4f2f91f1666847,c2f062c20887415a67df5838227a908b8620c7cc30f0498135bf17ea1ad33c5f,6031dc4ee08b61c58b35b1efd7d764739d5c7c54dc7cbe9e9a72a1e4a7098596,e2212c40566e21c680a98186ebd8e984aa80d4fd,4d4ad03b827958468b1a231e360c7ad1aa68035c25af068059838ceae6dfa6d6,0da5ee1686ead23df1f904ead1e98b7c0a817ac118d50e0e14715b5517b5194c,R1_UA_7,c5766ea75a44af8bb445fbdd53708cf3a834693420af2774e4ac126a78c898b5,development_holdout,P0,33858,0.9203724304959602,0.5461633882686514,0.4833620722989475,0.252043909357327,0.5518989658040794,0.9203724304959601,8620,16714,8524,1.1920928955078125e-07,5288775b226929d44957c863ed5f68aaa56928b9cf074b47cdc4fa79116c4507,rtx3090,14e9fdbcf9439e3e6cd736ba1599f421aba531ea,runs/exports/compatible/R1_UA_7__9b3afe5ceee09616/metrics.csv
new_p3_training,True,tuned,UA,7,R1,3cfd389bbd05ec9201a41c0892e29bf8199198d1b216b9a8061370d4240aa583,bd1488a2d411295d7a2118c50ddcc0b158786123613af1676062e2270d1637d1,9cb89005693b1b70c102178849b740fde00b50c9ba5f3b5530d0e5749ea59837,eca954c21da074c545cb7858315ea39fee0a6f54b19e06474b4f2f91f1666847,c2f062c20887415a67df5838227a908b8620c7cc30f0498135bf17ea1ad33c5f,6031dc4ee08b61c58b35b1efd7d764739d5c7c54dc7cbe9e9a72a1e4a7098596,e2212c40566e21c680a98186ebd8e984aa80d4fd,4d4ad03b827958468b1a231e360c7ad1aa68035c25af068059838ceae6dfa6d6,0da5ee1686ead23df1f904ead1e98b7c0a817ac118d50e0e14715b5517b5194c,R1_UA_7,c5766ea75a44af8bb445fbdd53708cf3a834693420af2774e4ac126a78c898b5,development_holdout,P1,32557,0.9210407693810465,0.5442147618023774,0.4853360831559663,0.25763103729789794,0.5532552803104025,0.9216329598309524,8546,15550,8461,1.1920928955078125e-07,9b3d6fe8c1fd76aedc68d8119e1fa659045291fd6455a6a46b85c9876a93b7a3,rtx3090,14e9fdbcf9439e3e6cd736ba1599f421aba531ea,runs/exports/compatible/R1_UA_7__9b3afe5ceee09616/metrics.csv
new_p3_training,True,tuned,UA,7,R1,3cfd389bbd05ec9201a41c0892e29bf8199198d1b216b9a8061370d4240aa583,bd1488a2d411295d7a2118c50ddcc0b158786123613af1676062e2270d1637d1,9cb89005693b1b70c102178849b740fde00b50c9ba5f3b5530d0e5749ea59837,eca954c21da074c545cb7858315ea39fee0a6f54b19e06474b4f2f91f1666847,c2f062c20887415a67df5838227a908b8620c7cc30f0498135bf17ea1ad33c5f,6031dc4ee08b61c58b35b1efd7d764739d5c7c54dc7cbe9e9a72a1e4a7098596,e2212c40566e21c680a98186ebd8e984aa80d4fd,4d4ad03b827958468b1a231e360c7ad1aa68035c25af068059838ceae6dfa6d6,0da5ee1686ead23df1f904ead1e98b7c0a817ac118d50e0e14715b5517b5194c,R1_UA_7,c5766ea75a44af8bb445fbdd53708cf3a834693420af2774e4ac126a78c898b5,development_holdout,P2,29403,0.9243813294467738,0.5423936333027242,0.4811962188219055,0.248283587425088,0.554325751971225,0.9243813294467738,7559,14328,7516,1.1920928955078125e-07,4f40da9e935c4419f64f78055c885f816bb0011d87842690994b2751e63d9509,rtx3090,14e9fdbcf9439e3e6cd736ba1599f421aba531ea,runs/exports/compatible/R1_UA_7__9b3afe5ceee09616/metrics.csv
new_p3_training,True,tuned,UA,7,R1,3cfd389bbd05ec9201a41c0892e29bf8199198d1b216b9a8061370d4240aa583,bd1488a2d411295d7a2118c50ddcc0b158786123613af1676062e2270d1637d1,9cb89005693b1b70c102178849b740fde00b50c9ba5f3b5530d0e5749ea59837,eca954c21da074c545cb7858315ea39fee0a6f54b19e06474b4f2f91f1666847,c2f062c20887415a67df5838227a908b8620c7cc30f0498135bf17ea1ad33c5f,6031dc4ee08b61c58b35b1efd7d764739d5c7c54dc7cbe9e9a72a1e4a7098596,e2212c40566e21c680a98186ebd8e984aa80d4fd,4d4ad03b827958468b1a231e360c7ad1aa68035c25af068059838ceae6dfa6d6,0da5ee1686ead23df1f904ead1e98b7c0a817ac118d50e0e14715b5517b5194c,R1_UA_7,c5766ea75a44af8bb445fbdd53708cf3a834693420af2774e4ac126a78c898b5,development_holdout,P3,29021,0.9192834654590194,0.5448468350504807,0.4830497625793193,0.2526957532154174,0.5517467872190495,0.9199060567933616,7486,14080,7455,1.1920928955078125e-07,8a8da97089168b3cf6b79daba370771d4d31b619a8e33559a0aeb4a32eaf1f33,rtx3090,14e9fdbcf9439e3e6cd736ba1599f421aba531ea,runs/exports/compatible/R1_UA_7__9b3afe5ceee09616/metrics.csv
new_p3_training,True,tuned,UA,7,R1,3cfd389bbd05ec9201a41c0892e29bf8199198d1b216b9a8061370d4240aa583,bd1488a2d411295d7a2118c50ddcc0b158786123613af1676062e2270d1637d1,9cb89005693b1b70c102178849b740fde00b50c9ba5f3b5530d0e5749ea59837,eca954c21da074c545cb7858315ea39fee0a6f54b19e06474b4f2f91f1666847,c2f062c20887415a67df5838227a908b8620c7cc30f0498135bf17ea1ad33c5f,6031dc4ee08b61c58b35b1efd7d764739d5c7c54dc7cbe9e9a72a1e4a7098596,e2212c40566e21c680a98186ebd8e984aa80d4fd,4d4ad03b827958468b1a231e360c7ad1aa68035c25af068059838ceae6dfa6d6,0da5ee1686ead23df1f904ead1e98b7c0a817ac118d50e0e14715b5517b5194c,R1_UA_7,c5766ea75a44af8bb445fbdd53708cf3a834693420af2774e4ac126a78c898b5,validation,P0,50274,0.9052981563714858,0.5592552810597924,0.48599837181478467,0.2576761515244065,0.5417947650643079,0.9052981563714859,12432,25906,11936,1.1920928932873665e-07,8554f7e47896ce912ee25183274a79552172e9c9a53366da0ed794a57786efe0,rtx3090,14e9fdbcf9439e3e6cd736ba1599f421aba531ea,runs/exports/compatible/R1_UA_7__9b3afe5ceee09616/metrics.csv
new_p3_training,True,tuned,UA,7,R1,3cfd389bbd05ec9201a41c0892e29bf8199198d1b216b9a8061370d4240aa583,bd1488a2d411295d7a2118c50ddcc0b158786123613af1676062e2270d1637d1,9cb89005693b1b70c102178849b740fde00b50c9ba5f3b5530d0e5749ea59837,eca954c21da074c545cb7858315ea39fee0a6f54b19e06474b4f2f91f1666847,c2f062c20887415a67df5838227a908b8620c7cc30f0498135bf17ea1ad33c5f,6031dc4ee08b61c58b35b1efd7d764739d5c7c54dc7cbe9e9a72a1e4a7098596,e2212c40566e21c680a98186ebd8e984aa80d4fd,4d4ad03b827958468b1a231e360c7ad1aa68035c25af068059838ceae6dfa6d6,0da5ee1686ead23df1f904ead1e98b7c0a817ac118d50e0e14715b5517b5194c,R1_UA_7,c5766ea75a44af8bb445fbdd53708cf3a834693420af2774e4ac126a78c898b5,validation,P1,48280,0.9095754142067872,0.5559859154929577,0.48756817356942506,0.26207085678096864,0.5451797557588101,0.9099024855944305,12341,24081,11858,1.1920928932873665e-07,1bd74161030549bc2f24efe5491eb0d1f7727b652e5253a429e01c853cb585db,rtx3090,14e9fdbcf9439e3e6cd736ba1599f421aba531ea,runs/exports/compatible/R1_UA_7__9b3afe5ceee09616/metrics.csv
new_p3_training,True,tuned,UA,7,R1,3cfd389bbd05ec9201a41c0892e29bf8199198d1b216b9a8061370d4240aa583,bd1488a2d411295d7a2118c50ddcc0b158786123613af1676062e2270d1637d1,9cb89005693b1b70c102178849b740fde00b50c9ba5f3b5530d0e5749ea59837,eca954c21da074c545cb7858315ea39fee0a6f54b19e06474b4f2f91f1666847,c2f062c20887415a67df5838227a908b8620c7cc30f0498135bf17ea1ad33c5f,6031dc4ee08b61c58b35b1efd7d764739d5c7c54dc7cbe9e9a72a1e4a7098596,e2212c40566e21c680a98186ebd8e984aa80d4fd,4d4ad03b827958468b1a231e360c7ad1aa68035c25af068059838ceae6dfa6d6,0da5ee1686ead23df1f904ead1e98b7c0a817ac118d50e0e14715b5517b5194c,R1_UA_7,c5766ea75a44af8bb445fbdd53708cf3a834693420af2774e4ac126a78c898b5,validation,P2,43659,0.9081901392684097,0.5564717469479374,0.4847832322701981,0.2551091626263324,0.5438691031381463,0.90819013926841,10937,22231,10491,1.1920928932873665e-07,4e484a6acb6ed7305a5ec5513d99f3999c0f2ce27a7b70f8609ef03a2f0fd7ca,rtx3090,14e9fdbcf9439e3e6cd736ba1599f421aba531ea,runs/exports/compatible/R1_UA_7__9b3afe5ceee09616/metrics.csv
new_p3_training,True,tuned,UA,7,R1,3cfd389bbd05ec9201a41c0892e29bf8199198d1b216b9a8061370d4240aa583,bd1488a2d411295d7a2118c50ddcc0b158786123613af1676062e2270d1637d1,9cb89005693b1b70c102178849b740fde00b50c9ba5f3b5530d0e5749ea59837,eca954c21da074c545cb7858315ea39fee0a6f54b19e06474b4f2f91f1666847,c2f062c20887415a67df5838227a908b8620c7cc30f0498135bf17ea1ad33c5f,6031dc4ee08b61c58b35b1efd7d764739d5c7c54dc7cbe9e9a72a1e4a7098596,e2212c40566e21c680a98186ebd8e984aa80d4fd,4d4ad03b827958468b1a231e360c7ad1aa68035c25af068059838ceae6dfa6d6,0da5ee1686ead23df1f904ead1e98b7c0a817ac118d50e0e14715b5517b5194c,R1_UA_7,c5766ea75a44af8bb445fbdd53708cf3a834693420af2774e4ac126a78c898b5,validation,P3,43050,0.906687132502779,0.5573054587688734,0.485893133852215,0.2577629402560968,0.5434524199312243,0.9071518442012017,10846,21790,10414,1.1920928932873665e-07,6d52c9fbf6be5e14713acbbe54cf789ce18ead615a69e1425ccdf2f2677c4d4b,rtx3090,14e9fdbcf9439e3e6cd736ba1599f421aba531ea,runs/exports/compatible/R1_UA_7__9b3afe5ceee09616/metrics.csv
new_p3_training,True,tuned,UC,123,R1,3cfd389bbd05ec9201a41c0892e29bf8199198d1b216b9a8061370d4240aa583,bd1488a2d411295d7a2118c50ddcc0b158786123613af1676062e2270d1637d1,9cb89005693b1b70c102178849b740fde00b50c9ba5f3b5530d0e5749ea59837,eca954c21da074c545cb7858315ea39fee0a6f54b19e06474b4f2f91f1666847,c2f062c20887415a67df5838227a908b8620c7cc30f0498135bf17ea1ad33c5f,6031dc4ee08b61c58b35b1efd7d764739d5c7c54dc7cbe9e9a72a1e4a7098596,e2212c40566e21c680a98186ebd8e984aa80d4fd,4d4ad03b827958468b1a231e360c7ad1aa68035c25af068059838ceae6dfa6d6,6ad329bed26c8e1bf40705cc1a60e16c9b7b70e1b467e33b1e1f81bb66411208,R1_UC_123,80600b46f8c66eb955ab6d473d36385a046521559f5e24c5d66079d913e2d867,development_holdout,P0,33858,0.9205171504583457,0.5446866324059306,0.47037966711232476,0.23963131108087027,0.5519666147214624,0.9205171504583459,8620,16714,8524,1.1920928977282585e-07,5288775b226929d44957c863ed5f68aaa56928b9cf074b47cdc4fa79116c4507,rtx3090,14e9fdbcf9439e3e6cd736ba1599f421aba531ea,runs/exports/compatible/R1_UC_123__19c9bf35446d357c/metrics.csv
new_p3_training,True,tuned,UC,123,R1,3cfd389bbd05ec9201a41c0892e29bf8199198d1b216b9a8061370d4240aa583,bd1488a2d411295d7a2118c50ddcc0b158786123613af1676062e2270d1637d1,9cb89005693b1b70c102178849b740fde00b50c9ba5f3b5530d0e5749ea59837,eca954c21da074c545cb7858315ea39fee0a6f54b19e06474b4f2f91f1666847,c2f062c20887415a67df5838227a908b8620c7cc30f0498135bf17ea1ad33c5f,6031dc4ee08b61c58b35b1efd7d764739d5c7c54dc7cbe9e9a72a1e4a7098596,e2212c40566e21c680a98186ebd8e984aa80d4fd,4d4ad03b827958468b1a231e360c7ad1aa68035c25af068059838ceae6dfa6d6,6ad329bed26c8e1bf40705cc1a60e16c9b7b70e1b467e33b1e1f81bb66411208,R1_UC_123,80600b46f8c66eb955ab6d473d36385a046521559f5e24c5d66079d913e2d867,development_holdout,P1,32557,0.9225791298876019,0.5420032558282397,0.47187645682729124,0.24602130438866646,0.5541026438227394,0.9230343471546932,8546,15550,8461,1.1920928977282585e-07,9b3d6fe8c1fd76aedc68d8119e1fa659045291fd6455a6a46b85c9876a93b7a3,rtx3090,14e9fdbcf9439e3e6cd736ba1599f421aba531ea,runs/exports/compatible/R1_UC_123__19c9bf35446d357c/metrics.csv
new_p3_training,True,tuned,UC,123,R1,3cfd389bbd05ec9201a41c0892e29bf8199198d1b216b9a8061370d4240aa583,bd1488a2d411295d7a2118c50ddcc0b158786123613af1676062e2270d1637d1,9cb89005693b1b70c102178849b740fde00b50c9ba5f3b5530d0e5749ea59837,eca954c21da074c545cb7858315ea39fee0a6f54b19e06474b4f2f91f1666847,c2f062c20887415a67df5838227a908b8620c7cc30f0498135bf17ea1ad33c5f,6031dc4ee08b61c58b35b1efd7d764739d5c7c54dc7cbe9e9a72a1e4a7098596,e2212c40566e21c680a98186ebd8e984aa80d4fd,4d4ad03b827958468b1a231e360c7ad1aa68035c25af068059838ceae6dfa6d6,6ad329bed26c8e1bf40705cc1a60e16c9b7b70e1b467e33b1e1f81bb66411208,R1_UC_123,80600b46f8c66eb955ab6d473d36385a046521559f5e24c5d66079d913e2d867,development_holdout,P2,29403,0.9252359383703526,0.5420195218175016,0.46810626176105335,0.23793861108943684,0.5548661445921682,0.9252359383703527,7559,14328,7516,1.1920928977282585e-07,4f40da9e935c4419f64f78055c885f816bb0011d87842690994b2751e63d9509,rtx3090,14e9fdbcf9439e3e6cd736ba1599f421aba531ea,runs/exports/compatible/R1_UC_123__19c9bf35446d357c/metrics.csv
new_p3_training,True,tuned,UC,123,R1,3cfd389bbd05ec9201a41c0892e29bf8199198d1b216b9a8061370d4240aa583,bd1488a2d411295d7a2118c50ddcc0b158786123613af1676062e2270d1637d1,9cb89005693b1b70c102178849b740fde00b50c9ba5f3b5530d0e5749ea59837,eca954c21da074c545cb7858315ea39fee0a6f54b19e06474b4f2f91f1666847,c2f062c20887415a67df5838227a908b8620c7cc30f0498135bf17ea1ad33c5f,6031dc4ee08b61c58b35b1efd7d764739d5c7c54dc7cbe9e9a72a1e4a7098596,e2212c40566e21c680a98186ebd8e984aa80d4fd,4d4ad03b827958468b1a231e360c7ad1aa68035c25af068059838ceae6dfa6d6,6ad329bed26c8e1bf40705cc1a60e16c9b7b70e1b467e33b1e1f81bb66411208,R1_UC_123,80600b46f8c66eb955ab6d473d36385a046521559f5e24c5d66079d913e2d867,development_holdout,P3,29021,0.9211506583788294,0.5441921367285758,0.4696103180340132,0.24250464929227303,0.5527391611616947,0.921602138334291,7486,14080,7455,1.1920928977282585e-07,8a8da97089168b3cf6b79daba370771d4d31b619a8e33559a0aeb4a32eaf1f33,rtx3090,14e9fdbcf9439e3e6cd736ba1599f421aba531ea,runs/exports/compatible/R1_UC_123__19c9bf35446d357c/metrics.csv
new_p3_training,True,tuned,UC,123,R1,3cfd389bbd05ec9201a41c0892e29bf8199198d1b216b9a8061370d4240aa583,bd1488a2d411295d7a2118c50ddcc0b158786123613af1676062e2270d1637d1,9cb89005693b1b70c102178849b740fde00b50c9ba5f3b5530d0e5749ea59837,eca954c21da074c545cb7858315ea39fee0a6f54b19e06474b4f2f91f1666847,c2f062c20887415a67df5838227a908b8620c7cc30f0498135bf17ea1ad33c5f,6031dc4ee08b61c58b35b1efd7d764739d5c7c54dc7cbe9e9a72a1e4a7098596,e2212c40566e21c680a98186ebd8e984aa80d4fd,4d4ad03b827958468b1a231e360c7ad1aa68035c25af068059838ceae6dfa6d6,6ad329bed26c8e1bf40705cc1a60e16c9b7b70e1b467e33b1e1f81bb66411208,R1_UC_123,80600b46f8c66eb955ab6d473d36385a046521559f5e24c5d66079d913e2d867,validation,P0,50274,0.9124483738250836,0.5576242192783546,0.47951654001140503,0.2493253280769746,0.545016524615732,0.9124483738250833,12432,25906,11936,1.1920928999487046e-07,8554f7e47896ce912ee25183274a79552172e9c9a53366da0ed794a57786efe0,rtx3090,14e9fdbcf9439e3e6cd736ba1599f421aba531ea,runs/exports/compatible/R1_UC_123__19c9bf35446d357c/metrics.csv
new_p3_training,True,tuned,UC,123,R1,3cfd389bbd05ec9201a41c0892e29bf8199198d1b216b9a8061370d4240aa583,bd1488a2d411295d7a2118c50ddcc0b158786123613af1676062e2270d1637d1,9cb89005693b1b70c102178849b740fde00b50c9ba5f3b5530d0e5749ea59837,eca954c21da074c545cb7858315ea39fee0a6f54b19e06474b4f2f91f1666847,c2f062c20887415a67df5838227a908b8620c7cc30f0498135bf17ea1ad33c5f,6031dc4ee08b61c58b35b1efd7d764739d5c7c54dc7cbe9e9a72a1e4a7098596,e2212c40566e21c680a98186ebd8e984aa80d4fd,4d4ad03b827958468b1a231e360c7ad1aa68035c25af068059838ceae6dfa6d6,6ad329bed26c8e1bf40705cc1a60e16c9b7b70e1b467e33b1e1f81bb66411208,R1_UC_123,80600b46f8c66eb955ab6d473d36385a046521559f5e24c5d66079d913e2d867,validation,P1,48280,0.9097544116211451,0.556980115990058,0.4829661987228888,0.25859510733425367,0.544988572472635,0.9100592394036549,12341,24081,11858,1.1920928999487046e-07,1bd74161030549bc2f24efe5491eb0d1f7727b652e5253a429e01c853cb585db,rtx3090,14e9fdbcf9439e3e6cd736ba1599f421aba531ea,runs/exports/compatible/R1_UC_123__19c9bf35446d357c/metrics.csv
new_p3_training,True,tuned,UC,123,R1,3cfd389bbd05ec9201a41c0892e29bf8199198d1b216b9a8061370d4240aa583,bd1488a2d411295d7a2118c50ddcc0b158786123613af1676062e2270d1637d1,9cb89005693b1b70c102178849b740fde00b50c9ba5f3b5530d0e5749ea59837,eca954c21da074c545cb7858315ea39fee0a6f54b19e06474b4f2f91f1666847,c2f062c20887415a67df5838227a908b8620c7cc30f0498135bf17ea1ad33c5f,6031dc4ee08b61c58b35b1efd7d764739d5c7c54dc7cbe9e9a72a1e4a7098596,e2212c40566e21c680a98186ebd8e984aa80d4fd,4d4ad03b827958468b1a231e360c7ad1aa68035c25af068059838ceae6dfa6d6,6ad329bed26c8e1bf40705cc1a60e16c9b7b70e1b467e33b1e1f81bb66411208,R1_UC_123,80600b46f8c66eb955ab6d473d36385a046521559f5e24c5d66079d913e2d867,validation,P2,43659,0.9150891404636371,0.5561968895302228,0.4782094670299544,0.2488839064709751,0.5470219511047286,0.9150891404636373,10937,22231,10491,1.1920928999487046e-07,4e484a6acb6ed7305a5ec5513d99f3999c0f2ce27a7b70f8609ef03a2f0fd7ca,rtx3090,14e9fdbcf9439e3e6cd736ba1599f421aba531ea,runs/exports/compatible/R1_UC_123__19c9bf35446d357c/metrics.csv
new_p3_training,True,tuned,UC,123,R1,3cfd389bbd05ec9201a41c0892e29bf8199198d1b216b9a8061370d4240aa583,bd1488a2d411295d7a2118c50ddcc0b158786123613af1676062e2270d1637d1,9cb89005693b1b70c102178849b740fde00b50c9ba5f3b5530d0e5749ea59837,eca954c21da074c545cb7858315ea39fee0a6f54b19e06474b4f2f91f1666847,c2f062c20887415a67df5838227a908b8620c7cc30f0498135bf17ea1ad33c5f,6031dc4ee08b61c58b35b1efd7d764739d5c7c54dc7cbe9e9a72a1e4a7098596,e2212c40566e21c680a98186ebd8e984aa80d4fd,4d4ad03b827958468b1a231e360c7ad1aa68035c25af068059838ceae6dfa6d6,6ad329bed26c8e1bf40705cc1a60e16c9b7b70e1b467e33b1e1f81bb66411208,R1_UC_123,80600b46f8c66eb955ab6d473d36385a046521559f5e24c5d66079d913e2d867,validation,P3,43050,0.9068572801416124,0.5594425087108014,0.4810036920475432,0.2555246151536687,0.5431990770207582,0.9072867109755117,10846,21790,10414,1.1920928999487046e-07,6d52c9fbf6be5e14713acbbe54cf789ce18ead615a69e1425ccdf2f2677c4d4b,rtx3090,14e9fdbcf9439e3e6cd736ba1599f421aba531ea,runs/exports/compatible/R1_UC_123__19c9bf35446d357c/metrics.csv
new_p3_training,True,tuned,UC,42,R1,3cfd389bbd05ec9201a41c0892e29bf8199198d1b216b9a8061370d4240aa583,bd1488a2d411295d7a2118c50ddcc0b158786123613af1676062e2270d1637d1,9cb89005693b1b70c102178849b740fde00b50c9ba5f3b5530d0e5749ea59837,eca954c21da074c545cb7858315ea39fee0a6f54b19e06474b4f2f91f1666847,c2f062c20887415a67df5838227a908b8620c7cc30f0498135bf17ea1ad33c5f,6031dc4ee08b61c58b35b1efd7d764739d5c7c54dc7cbe9e9a72a1e4a7098596,e2212c40566e21c680a98186ebd8e984aa80d4fd,4d4ad03b827958468b1a231e360c7ad1aa68035c25af068059838ceae6dfa6d6,546281c9046caf91bbc5e4209a7fb7fb9354a34999401bbe3292cdc95a07da4a,R1_UC_42,4368a676f44cecbe880fcc1ebaf0652b25e960dce6cc62f2f38a550a82671749,development_holdout,P0,33858,0.9192551475634974,0.5473447929588281,0.48354833814701675,0.25196859272186883,0.5512332609234321,0.9192551475634972,8620,16714,8524,1.1920928910669204e-07,5288775b226929d44957c863ed5f68aaa56928b9cf074b47cdc4fa79116c4507,rtx3090,14e9fdbcf9439e3e6cd736ba1599f421aba531ea,runs/exports/compatible/R1_UC_42__61eae199176986b9/metrics.csv
new_p3_training,True,tuned,UC,42,R1,3cfd389bbd05ec9201a41c0892e29bf8199198d1b216b9a8061370d4240aa583,bd1488a2d411295d7a2118c50ddcc0b158786123613af1676062e2270d1637d1,9cb89005693b1b70c102178849b740fde00b50c9ba5f3b5530d0e5749ea59837,eca954c21da074c545cb7858315ea39fee0a6f54b19e06474b4f2f91f1666847,c2f062c20887415a67df5838227a908b8620c7cc30f0498135bf17ea1ad33c5f,6031dc4ee08b61c58b35b1efd7d764739d5c7c54dc7cbe9e9a72a1e4a7098596,e2212c40566e21c680a98186ebd8e984aa80d4fd,4d4ad03b827958468b1a231e360c7ad1aa68035c25af068059838ceae6dfa6d6,546281c9046caf91bbc5e4209a7fb7fb9354a34999401bbe3292cdc95a07da4a,R1_UC_42,4368a676f44cecbe880fcc1ebaf0652b25e960dce6cc62f2f38a550a82671749,development_holdout,P1,32557,0.9191387330843842,0.5460576834474921,0.4859647695508511,0.2588834950887217,0.5520951637201672,0.9197439346649112,8546,15550,8461,1.1920928910669204e-07,9b3d6fe8c1fd76aedc68d8119e1fa659045291fd6455a6a46b85c9876a93b7a3,rtx3090,14e9fdbcf9439e3e6cd736ba1599f421aba531ea,runs/exports/compatible/R1_UC_42__61eae199176986b9/metrics.csv
new_p3_training,True,tuned,UC,42,R1,3cfd389bbd05ec9201a41c0892e29bf8199198d1b216b9a8061370d4240aa583,bd1488a2d411295d7a2118c50ddcc0b158786123613af1676062e2270d1637d1,9cb89005693b1b70c102178849b740fde00b50c9ba5f3b5530d0e5749ea59837,eca954c21da074c545cb7858315ea39fee0a6f54b19e06474b4f2f91f1666847,c2f062c20887415a67df5838227a908b8620c7cc30f0498135bf17ea1ad33c5f,6031dc4ee08b61c58b35b1efd7d764739d5c7c54dc7cbe9e9a72a1e4a7098596,e2212c40566e21c680a98186ebd8e984aa80d4fd,4d4ad03b827958468b1a231e360c7ad1aa68035c25af068059838ceae6dfa6d6,546281c9046caf91bbc5e4209a7fb7fb9354a34999401bbe3292cdc95a07da4a,R1_UC_42,4368a676f44cecbe880fcc1ebaf0652b25e960dce6cc62f2f38a550a82671749,development_holdout,P2,29403,0.9231753593872247,0.544094140053736,0.48094776243366827,0.2486817210067456,0.553641855311729,0.9231753593872246,7559,14328,7516,1.1920928910669204e-07,4f40da9e935c4419f64f78055c885f816bb0011d87842690994b2751e63d9509,rtx3090,14e9fdbcf9439e3e6cd736ba1599f421aba531ea,runs/exports/compatible/R1_UC_42__61eae199176986b9/metrics.csv
new_p3_training,True,tuned,UC,42,R1,3cfd389bbd05ec9201a41c0892e29bf8199198d1b216b9a8061370d4240aa583,bd1488a2d411295d7a2118c50ddcc0b158786123613af1676062e2270d1637d1,9cb89005693b1b70c102178849b740fde00b50c9ba5f3b5530d0e5749ea59837,eca954c21da074c545cb7858315ea39fee0a6f54b19e06474b4f2f91f1666847,c2f062c20887415a67df5838227a908b8620c7cc30f0498135bf17ea1ad33c5f,6031dc4ee08b61c58b35b1efd7d764739d5c7c54dc7cbe9e9a72a1e4a7098596,e2212c40566e21c680a98186ebd8e984aa80d4fd,4d4ad03b827958468b1a231e360c7ad1aa68035c25af068059838ceae6dfa6d6,546281c9046caf91bbc5e4209a7fb7fb9354a34999401bbe3292cdc95a07da4a,R1_UC_42,4368a676f44cecbe880fcc1ebaf0652b25e960dce6cc62f2f38a550a82671749,development_holdout,P3,29021,0.9182063609155228,0.5465008097584507,0.4826949537354945,0.2531654055762337,0.5511379707342182,0.9188213536920018,7486,14080,7455,1.1920928910669204e-07,8a8da97089168b3cf6b79daba370771d4d31b619a8e33559a0aeb4a32eaf1f33,rtx3090,14e9fdbcf9439e3e6cd736ba1599f421aba531ea,runs/exports/compatible/R1_UC_42__61eae199176986b9/metrics.csv
new_p3_training,True,tuned,UC,42,R1,3cfd389bbd05ec9201a41c0892e29bf8199198d1b216b9a8061370d4240aa583,bd1488a2d411295d7a2118c50ddcc0b158786123613af1676062e2270d1637d1,9cb89005693b1b70c102178849b740fde00b50c9ba5f3b5530d0e5749ea59837,eca954c21da074c545cb7858315ea39fee0a6f54b19e06474b4f2f91f1666847,c2f062c20887415a67df5838227a908b8620c7cc30f0498135bf17ea1ad33c5f,6031dc4ee08b61c58b35b1efd7d764739d5c7c54dc7cbe9e9a72a1e4a7098596,e2212c40566e21c680a98186ebd8e984aa80d4fd,4d4ad03b827958468b1a231e360c7ad1aa68035c25af068059838ceae6dfa6d6,546281c9046caf91bbc5e4209a7fb7fb9354a34999401bbe3292cdc95a07da4a,R1_UC_42,4368a676f44cecbe880fcc1ebaf0652b25e960dce6cc62f2f38a550a82671749,validation,P0,50274,0.9098762146241307,0.5567689063929665,0.4884990691067639,0.25711087183272713,0.5447829547919572,0.9098762146241307,12432,25906,11936,1.1920928988384816e-07,8554f7e47896ce912ee25183274a79552172e9c9a53366da0ed794a57786efe0,rtx3090,14e9fdbcf9439e3e6cd736ba1599f421aba531ea,runs/exports/compatible/R1_UC_42__61eae199176986b9/metrics.csv
new_p3_training,True,tuned,UC,42,R1,3cfd389bbd05ec9201a41c0892e29bf8199198d1b216b9a8061370d4240aa583,bd1488a2d411295d7a2118c50ddcc0b158786123613af1676062e2270d1637d1,9cb89005693b1b70c102178849b740fde00b50c9ba5f3b5530d0e5749ea59837,eca954c21da074c545cb7858315ea39fee0a6f54b19e06474b4f2f91f1666847,c2f062c20887415a67df5838227a908b8620c7cc30f0498135bf17ea1ad33c5f,6031dc4ee08b61c58b35b1efd7d764739d5c7c54dc7cbe9e9a72a1e4a7098596,e2212c40566e21c680a98186ebd8e984aa80d4fd,4d4ad03b827958468b1a231e360c7ad1aa68035c25af068059838ceae6dfa6d6,546281c9046caf91bbc5e4209a7fb7fb9354a34999401bbe3292cdc95a07da4a,R1_UC_42,4368a676f44cecbe880fcc1ebaf0652b25e960dce6cc62f2f38a550a82671749,validation,P1,48280,0.908517572026474,0.5573322286661143,0.49283647734819563,0.26662647051364596,0.5447071837679286,0.9088275926306036,12341,24081,11858,1.1920928988384816e-07,1bd74161030549bc2f24efe5491eb0d1f7727b652e5253a429e01c853cb585db,rtx3090,14e9fdbcf9439e3e6cd736ba1599f421aba531ea,runs/exports/compatible/R1_UC_42__61eae199176986b9/metrics.csv
new_p3_training,True,tuned,UC,42,R1,3cfd389bbd05ec9201a41c0892e29bf8199198d1b216b9a8061370d4240aa583,bd1488a2d411295d7a2118c50ddcc0b158786123613af1676062e2270d1637d1,9cb89005693b1b70c102178849b740fde00b50c9ba5f3b5530d0e5749ea59837,eca954c21da074c545cb7858315ea39fee0a6f54b19e06474b4f2f91f1666847,c2f062c20887415a67df5838227a908b8620c7cc30f0498135bf17ea1ad33c5f,6031dc4ee08b61c58b35b1efd7d764739d5c7c54dc7cbe9e9a72a1e4a7098596,e2212c40566e21c680a98186ebd8e984aa80d4fd,4d4ad03b827958468b1a231e360c7ad1aa68035c25af068059838ceae6dfa6d6,546281c9046caf91bbc5e4209a7fb7fb9354a34999401bbe3292cdc95a07da4a,R1_UC_42,4368a676f44cecbe880fcc1ebaf0652b25e960dce6cc62f2f38a550a82671749,validation,P2,43659,0.9119084677185829,0.5551890789986028,0.48793500031854853,0.2560133648600696,0.5462737848246351,0.9119084677185829,10937,22231,10491,1.1920928988384816e-07,4e484a6acb6ed7305a5ec5513d99f3999c0f2ce27a7b70f8609ef03a2f0fd7ca,rtx3090,14e9fdbcf9439e3e6cd736ba1599f421aba531ea,runs/exports/compatible/R1_UC_42__61eae199176986b9/metrics.csv
new_p3_training,True,tuned,UC,42,R1,3cfd389bbd05ec9201a41c0892e29bf8199198d1b216b9a8061370d4240aa583,bd1488a2d411295d7a2118c50ddcc0b158786123613af1676062e2270d1637d1,9cb89005693b1b70c102178849b740fde00b50c9ba5f3b5530d0e5749ea59837,eca954c21da074c545cb7858315ea39fee0a6f54b19e06474b4f2f91f1666847,c2f062c20887415a67df5838227a908b8620c7cc30f0498135bf17ea1ad33c5f,6031dc4ee08b61c58b35b1efd7d764739d5c7c54dc7cbe9e9a72a1e4a7098596,e2212c40566e21c680a98186ebd8e984aa80d4fd,4d4ad03b827958468b1a231e360c7ad1aa68035c25af068059838ceae6dfa6d6,546281c9046caf91bbc5e4209a7fb7fb9354a34999401bbe3292cdc95a07da4a,R1_UC_42,4368a676f44cecbe880fcc1ebaf0652b25e960dce6cc62f2f38a550a82671749,validation,P3,43050,0.9061141912891254,0.558815331010453,0.4911358052899251,0.26269992429555195,0.5432413409438897,0.9065542118571523,10846,21790,10414,1.1920928988384816e-07,6d52c9fbf6be5e14713acbbe54cf789ce18ead615a69e1425ccdf2f2677c4d4b,rtx3090,14e9fdbcf9439e3e6cd736ba1599f421aba531ea,runs/exports/compatible/R1_UC_42__61eae199176986b9/metrics.csv
new_p3_training,True,tuned,UC,7,R1,3cfd389bbd05ec9201a41c0892e29bf8199198d1b216b9a8061370d4240aa583,bd1488a2d411295d7a2118c50ddcc0b158786123613af1676062e2270d1637d1,9cb89005693b1b70c102178849b740fde00b50c9ba5f3b5530d0e5749ea59837,eca954c21da074c545cb7858315ea39fee0a6f54b19e06474b4f2f91f1666847,c2f062c20887415a67df5838227a908b8620c7cc30f0498135bf17ea1ad33c5f,6031dc4ee08b61c58b35b1efd7d764739d5c7c54dc7cbe9e9a72a1e4a7098596,e2212c40566e21c680a98186ebd8e984aa80d4fd,4d4ad03b827958468b1a231e360c7ad1aa68035c25af068059838ceae6dfa6d6,c5db0e1ac214c643e67ba410b60db9e4656cfa0846d964512fa3c78d988a54c5,R1_UC_7,7a018d5fb6c0450bf9fddad344125c31f876c7af45eb4042b7762deb1a950677,development_holdout,P0,33858,0.9230688699064791,0.5452182645165101,0.46744730013654984,0.23721484079449243,0.5532129676348676,0.9230688699064792,8620,16714,8524,1.1175870917590203e-07,5288775b226929d44957c863ed5f68aaa56928b9cf074b47cdc4fa79116c4507,rtx3090,14e9fdbcf9439e3e6cd736ba1599f421aba531ea,runs/exports/compatible/R1_UC_7__1df886eef947427c/metrics.csv
new_p3_training,True,tuned,UC,7,R1,3cfd389bbd05ec9201a41c0892e29bf8199198d1b216b9a8061370d4240aa583,bd1488a2d411295d7a2118c50ddcc0b158786123613af1676062e2270d1637d1,9cb89005693b1b70c102178849b740fde00b50c9ba5f3b5530d0e5749ea59837,eca954c21da074c545cb7858315ea39fee0a6f54b19e06474b4f2f91f1666847,c2f062c20887415a67df5838227a908b8620c7cc30f0498135bf17ea1ad33c5f,6031dc4ee08b61c58b35b1efd7d764739d5c7c54dc7cbe9e9a72a1e4a7098596,e2212c40566e21c680a98186ebd8e984aa80d4fd,4d4ad03b827958468b1a231e360c7ad1aa68035c25af068059838ceae6dfa6d6,c5db0e1ac214c643e67ba410b60db9e4656cfa0846d964512fa3c78d988a54c5,R1_UC_7,7a018d5fb6c0450bf9fddad344125c31f876c7af45eb4042b7762deb1a950677,development_holdout,P1,32557,0.9247693119085837,0.5420954019104954,0.468369210970423,0.24354108750352665,0.5552946322770645,0.9253451004030986,8546,15550,8461,1.1175870917590203e-07,9b3d6fe8c1fd76aedc68d8119e1fa659045291fd6455a6a46b85c9876a93b7a3,rtx3090,14e9fdbcf9439e3e6cd736ba1599f421aba531ea,runs/exports/compatible/R1_UC_7__1df886eef947427c/metrics.csv
new_p3_training,True,tuned,UC,7,R1,3cfd389bbd05ec9201a41c0892e29bf8199198d1b216b9a8061370d4240aa583,bd1488a2d411295d7a2118c50ddcc0b158786123613af1676062e2270d1637d1,9cb89005693b1b70c102178849b740fde00b50c9ba5f3b5530d0e5749ea59837,eca954c21da074c545cb7858315ea39fee0a6f54b19e06474b4f2f91f1666847,c2f062c20887415a67df5838227a908b8620c7cc30f0498135bf17ea1ad33c5f,6031dc4ee08b61c58b35b1efd7d764739d5c7c54dc7cbe9e9a72a1e4a7098596,e2212c40566e21c680a98186ebd8e984aa80d4fd,4d4ad03b827958468b1a231e360c7ad1aa68035c25af068059838ceae6dfa6d6,c5db0e1ac214c643e67ba410b60db9e4656cfa0846d964512fa3c78d988a54c5,R1_UC_7,7a018d5fb6c0450bf9fddad344125c31f876c7af45eb4042b7762deb1a950677,development_holdout,P2,29403,0.9283520455425471,0.5403870353365303,0.4626393794091483,0.23210757699773166,0.5565536863997027,0.9283520455425472,7559,14328,7516,1.1175870917590203e-07,4f40da9e935c4419f64f78055c885f816bb0011d87842690994b2751e63d9509,rtx3090,14e9fdbcf9439e3e6cd736ba1599f421aba531ea,runs/exports/compatible/R1_UC_7__1df886eef947427c/metrics.csv
new_p3_training,True,tuned,UC,7,R1,3cfd389bbd05ec9201a41c0892e29bf8199198d1b216b9a8061370d4240aa583,bd1488a2d411295d7a2118c50ddcc0b158786123613af1676062e2270d1637d1,9cb89005693b1b70c102178849b740fde00b50c9ba5f3b5530d0e5749ea59837,eca954c21da074c545cb7858315ea39fee0a6f54b19e06474b4f2f91f1666847,c2f062c20887415a67df5838227a908b8620c7cc30f0498135bf17ea1ad33c5f,6031dc4ee08b61c58b35b1efd7d764739d5c7c54dc7cbe9e9a72a1e4a7098596,e2212c40566e21c680a98186ebd8e984aa80d4fd,4d4ad03b827958468b1a231e360c7ad1aa68035c25af068059838ceae6dfa6d6,c5db0e1ac214c643e67ba410b60db9e4656cfa0846d964512fa3c78d988a54c5,R1_UC_7,7a018d5fb6c0450bf9fddad344125c31f876c7af45eb4042b7762deb1a950677,development_holdout,P3,29021,0.9235928164905668,0.5426415354398539,0.4638424451534589,0.23686108321913968,0.5541251090143596,0.9241871734856756,7486,14080,7455,1.1175870917590203e-07,8a8da97089168b3cf6b79daba370771d4d31b619a8e33559a0aeb4a32eaf1f33,rtx3090,14e9fdbcf9439e3e6cd736ba1599f421aba531ea,runs/exports/compatible/R1_UC_7__1df886eef947427c/metrics.csv
new_p3_training,True,tuned,UC,7,R1,3cfd389bbd05ec9201a41c0892e29bf8199198d1b216b9a8061370d4240aa583,bd1488a2d411295d7a2118c50ddcc0b158786123613af1676062e2270d1637d1,9cb89005693b1b70c102178849b740fde00b50c9ba5f3b5530d0e5749ea59837,eca954c21da074c545cb7858315ea39fee0a6f54b19e06474b4f2f91f1666847,c2f062c20887415a67df5838227a908b8620c7cc30f0498135bf17ea1ad33c5f,6031dc4ee08b61c58b35b1efd7d764739d5c7c54dc7cbe9e9a72a1e4a7098596,e2212c40566e21c680a98186ebd8e984aa80d4fd,4d4ad03b827958468b1a231e360c7ad1aa68035c25af068059838ceae6dfa6d6,c5db0e1ac214c643e67ba410b60db9e4656cfa0846d964512fa3c78d988a54c5,R1_UC_7,7a018d5fb6c0450bf9fddad344125c31f876c7af45eb4042b7762deb1a950677,validation,P0,50274,0.9100981764008385,0.5583204041850658,0.47671014499407094,0.24656121256131386,0.5446018970236549,0.9100981764008382,12432,25906,11936,1.1920928955078125e-07,8554f7e47896ce912ee25183274a79552172e9c9a53366da0ed794a57786efe0,rtx3090,14e9fdbcf9439e3e6cd736ba1599f421aba531ea,runs/exports/compatible/R1_UC_7__1df886eef947427c/metrics.csv
new_p3_training,True,tuned,UC,7,R1,3cfd389bbd05ec9201a41c0892e29bf8199198d1b216b9a8061370d4240aa583,bd1488a2d411295d7a2118c50ddcc0b158786123613af1676062e2270d1637d1,9cb89005693b1b70c102178849b740fde00b50c9ba5f3b5530d0e5749ea59837,eca954c21da074c545cb7858315ea39fee0a6f54b19e06474b4f2f91f1666847,c2f062c20887415a67df5838227a908b8620c7cc30f0498135bf17ea1ad33c5f,6031dc4ee08b61c58b35b1efd7d764739d5c7c54dc7cbe9e9a72a1e4a7098596,e2212c40566e21c680a98186ebd8e984aa80d4fd,4d4ad03b827958468b1a231e360c7ad1aa68035c25af068059838ceae6dfa6d6,c5db0e1ac214c643e67ba410b60db9e4656cfa0846d964512fa3c78d988a54c5,R1_UC_7,7a018d5fb6c0450bf9fddad344125c31f876c7af45eb4042b7762deb1a950677,validation,P1,48280,0.911151684955489,0.557062966031483,0.47964598554945104,0.2555752156311813,0.5460679624266767,0.9114801631594418,12341,24081,11858,1.1920928955078125e-07,1bd74161030549bc2f24efe5491eb0d1f7727b652e5253a429e01c853cb585db,rtx3090,14e9fdbcf9439e3e6cd736ba1599f421aba531ea,runs/exports/compatible/R1_UC_7__1df886eef947427c/metrics.csv
new_p3_training,True,tuned,UC,7,R1,3cfd389bbd05ec9201a41c0892e29bf8199198d1b216b9a8061370d4240aa583,bd1488a2d411295d7a2118c50ddcc0b158786123613af1676062e2270d1637d1,9cb89005693b1b70c102178849b740fde00b50c9ba5f3b5530d0e5749ea59837,eca954c21da074c545cb7858315ea39fee0a6f54b19e06474b4f2f91f1666847,c2f062c20887415a67df5838227a908b8620c7cc30f0498135bf17ea1ad33c5f,6031dc4ee08b61c58b35b1efd7d764739d5c7c54dc7cbe9e9a72a1e4a7098596,e2212c40566e21c680a98186ebd8e984aa80d4fd,4d4ad03b827958468b1a231e360c7ad1aa68035c25af068059838ceae6dfa6d6,c5db0e1ac214c643e67ba410b60db9e4656cfa0846d964512fa3c78d988a54c5,R1_UC_7,7a018d5fb6c0450bf9fddad344125c31f876c7af45eb4042b7762deb1a950677,validation,P2,43659,0.9139391299924784,0.5551661742137932,0.4740544323807773,0.24374998259206243,0.5472515135513263,0.9139391299924784,10937,22231,10491,1.1920928932873665e-07,4e484a6acb6ed7305a5ec5513d99f3999c0f2ce27a7b70f8609ef03a2f0fd7ca,rtx3090,14e9fdbcf9439e3e6cd736ba1599f421aba531ea,runs/exports/compatible/R1_UC_7__1df886eef947427c/metrics.csv
new_p3_training,True,tuned,UC,7,R1,3cfd389bbd05ec9201a41c0892e29bf8199198d1b216b9a8061370d4240aa583,bd1488a2d411295d7a2118c50ddcc0b158786123613af1676062e2270d1637d1,9cb89005693b1b70c102178849b740fde00b50c9ba5f3b5530d0e5749ea59837,eca954c21da074c545cb7858315ea39fee0a6f54b19e06474b4f2f91f1666847,c2f062c20887415a67df5838227a908b8620c7cc30f0498135bf17ea1ad33c5f,6031dc4ee08b61c58b35b1efd7d764739d5c7c54dc7cbe9e9a72a1e4a7098596,e2212c40566e21c680a98186ebd8e984aa80d4fd,4d4ad03b827958468b1a231e360c7ad1aa68035c25af068059838ceae6dfa6d6,c5db0e1ac214c643e67ba410b60db9e4656cfa0846d964512fa3c78d988a54c5,R1_UC_7,7a018d5fb6c0450bf9fddad344125c31f876c7af45eb4042b7762deb1a950677,validation,P3,43050,0.9088812049800561,0.5587224157955866,0.47685367319582056,0.251035202793763,0.5445545056294191,0.9093390197751462,10846,21790,10414,1.1920928932873665e-07,6d52c9fbf6be5e14713acbbe54cf789ce18ead615a69e1425ccdf2f2677c4d4b,rtx3090,14e9fdbcf9439e3e6cd736ba1599f421aba531ea,runs/exports/compatible/R1_UC_7__1df886eef947427c/metrics.csv
new_p3_training,True,tuned,UA,123,R2,3cfd389bbd05ec9201a41c0892e29bf8199198d1b216b9a8061370d4240aa583,bd1488a2d411295d7a2118c50ddcc0b158786123613af1676062e2270d1637d1,9cb89005693b1b70c102178849b740fde00b50c9ba5f3b5530d0e5749ea59837,eca954c21da074c545cb7858315ea39fee0a6f54b19e06474b4f2f91f1666847,8b90aa08a2480ce64e3784f1560ad81adcdab8870ccac0c6e424e34745f74c1e,6031dc4ee08b61c58b35b1efd7d764739d5c7c54dc7cbe9e9a72a1e4a7098596,e2212c40566e21c680a98186ebd8e984aa80d4fd,4d4ad03b827958468b1a231e360c7ad1aa68035c25af068059838ceae6dfa6d6,faa602535c85fdae7a5f7afc3836dfaae451c49b473c0c9c5ea740c08cac9344,R2_UA_123_selected,9c3cfcc55135670b30b7e3c513f98b7c991232369adedd2f0f17a5cd4dd93da5,development_holdout,P0,33858,0.90713650351351,0.5582727863429617,0.48844923800252776,0.2609791970050538,0.5423331302294956,0.9071365035135099,8325,17432,8101,1.1920928977282585e-07,70db5a685a08071948b98d0a418408f89bf6cd484e9dd2e26f5804ddd0f1b62c,rtx3090,14e9fdbcf9439e3e6cd736ba1599f421aba531ea,runs/exports/compatible/analyze_R2_UA_123_selected__1213a6249a0422c5/metrics.csv
new_p3_training,True,tuned,UA,123,R2,3cfd389bbd05ec9201a41c0892e29bf8199198d1b216b9a8061370d4240aa583,bd1488a2d411295d7a2118c50ddcc0b158786123613af1676062e2270d1637d1,9cb89005693b1b70c102178849b740fde00b50c9ba5f3b5530d0e5749ea59837,eca954c21da074c545cb7858315ea39fee0a6f54b19e06474b4f2f91f1666847,8b90aa08a2480ce64e3784f1560ad81adcdab8870ccac0c6e424e34745f74c1e,6031dc4ee08b61c58b35b1efd7d764739d5c7c54dc7cbe9e9a72a1e4a7098596,e2212c40566e21c680a98186ebd8e984aa80d4fd,4d4ad03b827958468b1a231e360c7ad1aa68035c25af068059838ceae6dfa6d6,faa602535c85fdae7a5f7afc3836dfaae451c49b473c0c9c5ea740c08cac9344,R2_UA_123_selected,9c3cfcc55135670b30b7e3c513f98b7c991232369adedd2f0f17a5cd4dd93da5,development_holdout,P1,32561,0.9077431464875988,0.5567396578729155,0.4910290105389962,0.2668146690729185,0.5433567020864095,0.9077235921054628,8261,16258,8042,1.1920928977282585e-07,d9303d486daeae9cc749c769c795a108f93c675ac28174151a636cf620c04373,rtx3090,14e9fdbcf9439e3e6cd736ba1599f421aba531ea,runs/exports/compatible/analyze_R2_UA_123_selected__1213a6249a0422c5/metrics.csv
new_p3_training,True,tuned,UA,123,R2,3cfd389bbd05ec9201a41c0892e29bf8199198d1b216b9a8061370d4240aa583,bd1488a2d411295d7a2118c50ddcc0b158786123613af1676062e2270d1637d1,9cb89005693b1b70c102178849b740fde00b50c9ba5f3b5530d0e5749ea59837,eca954c21da074c545cb7858315ea39fee0a6f54b19e06474b4f2f91f1666847,8b90aa08a2480ce64e3784f1560ad81adcdab8870ccac0c6e424e34745f74c1e,6031dc4ee08b61c58b35b1efd7d764739d5c7c54dc7cbe9e9a72a1e4a7098596,e2212c40566e21c680a98186ebd8e984aa80d4fd,4d4ad03b827958468b1a231e360c7ad1aa68035c25af068059838ceae6dfa6d6,faa602535c85fdae7a5f7afc3836dfaae451c49b473c0c9c5ea740c08cac9344,R2_UA_123_selected,9c3cfcc55135670b30b7e3c513f98b7c991232369adedd2f0f17a5cd4dd93da5,development_holdout,P2,29403,0.908054058898797,0.5553514947454341,0.48644806367673094,0.2563084502494813,0.5430137800392657,0.9080540588987971,7280,15057,7066,1.1920928955078125e-07,4b94c438f97717c8ed62640318ae0af1259fcd69aa21daf1db73d8adb873ceb3,rtx3090,14e9fdbcf9439e3e6cd736ba1599f421aba531ea,runs/exports/compatible/analyze_R2_UA_123_selected__1213a6249a0422c5/metrics.csv
new_p3_training,True,tuned,UA,123,R2,3cfd389bbd05ec9201a41c0892e29bf8199198d1b216b9a8061370d4240aa583,bd1488a2d411295d7a2118c50ddcc0b158786123613af1676062e2270d1637d1,9cb89005693b1b70c102178849b740fde00b50c9ba5f3b5530d0e5749ea59837,eca954c21da074c545cb7858315ea39fee0a6f54b19e06474b4f2f91f1666847,8b90aa08a2480ce64e3784f1560ad81adcdab8870ccac0c6e424e34745f74c1e,6031dc4ee08b61c58b35b1efd7d764739d5c7c54dc7cbe9e9a72a1e4a7098596,e2212c40566e21c680a98186ebd8e984aa80d4fd,4d4ad03b827958468b1a231e360c7ad1aa68035c25af068059838ceae6dfa6d6,faa602535c85fdae7a5f7afc3836dfaae451c49b473c0c9c5ea740c08cac9344,R2_UA_123_selected,9c3cfcc55135670b30b7e3c513f98b7c991232369adedd2f0f17a5cd4dd93da5,development_holdout,P3,29027,0.902856730851613,0.5585833878802494,0.4891383335474173,0.26184673513229395,0.5401868604730485,0.9029586323519655,7218,14800,7009,1.1920928955078125e-07,77070f04c903d6eb125a7699bbfe1728867dae1d1700d33b77fbde588247df6e,rtx3090,14e9fdbcf9439e3e6cd736ba1599f421aba531ea,runs/exports/compatible/analyze_R2_UA_123_selected__1213a6249a0422c5/metrics.csv
new_p3_training,True,tuned,UA,123,R2,3cfd389bbd05ec9201a41c0892e29bf8199198d1b216b9a8061370d4240aa583,bd1488a2d411295d7a2118c50ddcc0b158786123613af1676062e2270d1637d1,9cb89005693b1b70c102178849b740fde00b50c9ba5f3b5530d0e5749ea59837,eca954c21da074c545cb7858315ea39fee0a6f54b19e06474b4f2f91f1666847,8b90aa08a2480ce64e3784f1560ad81adcdab8870ccac0c6e424e34745f74c1e,6031dc4ee08b61c58b35b1efd7d764739d5c7c54dc7cbe9e9a72a1e4a7098596,e2212c40566e21c680a98186ebd8e984aa80d4fd,4d4ad03b827958468b1a231e360c7ad1aa68035c25af068059838ceae6dfa6d6,faa602535c85fdae7a5f7afc3836dfaae451c49b473c0c9c5ea740c08cac9344,R2_UA_123_selected,9c3cfcc55135670b30b7e3c513f98b7c991232369adedd2f0f17a5cd4dd93da5,validation,P0,50274,0.9180382569484536,0.5484544695071011,0.4800942037426523,0.25172899383750597,0.5503952609462495,0.9180382569484538,12799,24976,12499,1.1920928966180355e-07,351db49e9397c5aaf1d2ff78be53be487f53d95db418517d0737b61bf998661a,rtx3090,14e9fdbcf9439e3e6cd736ba1599f421aba531ea,runs/exports/compatible/analyze_R2_UA_123_selected__1213a6249a0422c5/metrics.csv
new_p3_training,True,tuned,UA,123,R2,3cfd389bbd05ec9201a41c0892e29bf8199198d1b216b9a8061370d4240aa583,bd1488a2d411295d7a2118c50ddcc0b158786123613af1676062e2270d1637d1,9cb89005693b1b70c102178849b740fde00b50c9ba5f3b5530d0e5749ea59837,eca954c21da074c545cb7858315ea39fee0a6f54b19e06474b4f2f91f1666847,8b90aa08a2480ce64e3784f1560ad81adcdab8870ccac0c6e424e34745f74c1e,6031dc4ee08b61c58b35b1efd7d764739d5c7c54dc7cbe9e9a72a1e4a7098596,e2212c40566e21c680a98186ebd8e984aa80d4fd,4d4ad03b827958468b1a231e360c7ad1aa68035c25af068059838ceae6dfa6d6,faa602535c85fdae7a5f7afc3836dfaae451c49b473c0c9c5ea740c08cac9344,R2_UA_123_selected,9c3cfcc55135670b30b7e3c513f98b7c991232369adedd2f0f17a5cd4dd93da5,validation,P1,48400,0.9198620143416217,0.5456198347107438,0.4814484074146816,0.25618673741857034,0.5523850367889426,0.9204069488240274,12696,23291,12413,1.1920928966180355e-07,cc97ad4e897fce10b6b08cef548c9540c1fda18271692a3277337d89bfe87a6a,rtx3090,14e9fdbcf9439e3e6cd736ba1599f421aba531ea,runs/exports/compatible/analyze_R2_UA_123_selected__1213a6249a0422c5/metrics.csv
new_p3_training,True,tuned,UA,123,R2,3cfd389bbd05ec9201a41c0892e29bf8199198d1b216b9a8061370d4240aa583,bd1488a2d411295d7a2118c50ddcc0b158786123613af1676062e2270d1637d1,9cb89005693b1b70c102178849b740fde00b50c9ba5f3b5530d0e5749ea59837,eca954c21da074c545cb7858315ea39fee0a6f54b19e06474b4f2f91f1666847,8b90aa08a2480ce64e3784f1560ad81adcdab8870ccac0c6e424e34745f74c1e,6031dc4ee08b61c58b35b1efd7d764739d5c7c54dc7cbe9e9a72a1e4a7098596,e2212c40566e21c680a98186ebd8e984aa80d4fd,4d4ad03b827958468b1a231e360c7ad1aa68035c25af068059838ceae6dfa6d6,faa602535c85fdae7a5f7afc3836dfaae451c49b473c0c9c5ea740c08cac9344,R2_UA_123_selected,9c3cfcc55135670b30b7e3c513f98b7c991232369adedd2f0f17a5cd4dd93da5,validation,P2,43659,0.9205909056403385,0.5450880688975928,0.4792058322514406,0.2488433678791619,0.5519823671479308,0.9205909056403385,11264,21415,10980,1.1920928966180355e-07,e194637cc71b37d4be4236a10ea9794b4a5c1496d39046931e082af60d40c108,rtx3090,14e9fdbcf9439e3e6cd736ba1599f421aba531ea,runs/exports/compatible/analyze_R2_UA_123_selected__1213a6249a0422c5/metrics.csv
new_p3_training,True,tuned,UA,123,R2,3cfd389bbd05ec9201a41c0892e29bf8199198d1b216b9a8061370d4240aa583,bd1488a2d411295d7a2118c50ddcc0b158786123613af1676062e2270d1637d1,9cb89005693b1b70c102178849b740fde00b50c9ba5f3b5530d0e5749ea59837,eca954c21da074c545cb7858315ea39fee0a6f54b19e06474b4f2f91f1666847,8b90aa08a2480ce64e3784f1560ad81adcdab8870ccac0c6e424e34745f74c1e,6031dc4ee08b61c58b35b1efd7d764739d5c7c54dc7cbe9e9a72a1e4a7098596,e2212c40566e21c680a98186ebd8e984aa80d4fd,4d4ad03b827958468b1a231e360c7ad1aa68035c25af068059838ceae6dfa6d6,faa602535c85fdae7a5f7afc3836dfaae451c49b473c0c9c5ea740c08cac9344,R2_UA_123_selected,9c3cfcc55135670b30b7e3c513f98b7c991232369adedd2f0f17a5cd4dd93da5,validation,P3,43147,0.9160599087166745,0.5471527568544743,0.4807100653832513,0.25259301295159686,0.5496476346013882,0.9167115123488054,11162,21089,10896,1.1920928966180355e-07,2e30f2ac6038409f7b01c61bb1e9e2c4b4577584a710c4b40e45c6cafc4c5198,rtx3090,14e9fdbcf9439e3e6cd736ba1599f421aba531ea,runs/exports/compatible/analyze_R2_UA_123_selected__1213a6249a0422c5/metrics.csv
new_p3_training,True,tuned,UA,42,R2,3cfd389bbd05ec9201a41c0892e29bf8199198d1b216b9a8061370d4240aa583,bd1488a2d411295d7a2118c50ddcc0b158786123613af1676062e2270d1637d1,9cb89005693b1b70c102178849b740fde00b50c9ba5f3b5530d0e5749ea59837,eca954c21da074c545cb7858315ea39fee0a6f54b19e06474b4f2f91f1666847,8b90aa08a2480ce64e3784f1560ad81adcdab8870ccac0c6e424e34745f74c1e,6031dc4ee08b61c58b35b1efd7d764739d5c7c54dc7cbe9e9a72a1e4a7098596,e2212c40566e21c680a98186ebd8e984aa80d4fd,4d4ad03b827958468b1a231e360c7ad1aa68035c25af068059838ceae6dfa6d6,29dcb40895986983af5f832ed41375b9b4852d6afae85fb4f7030f572ef2ca8c,R2_UA_42_selected,d5ba4cebc83e2179f3459d96ce017593092e4e4caa733db3ace0e093a8857606,development_holdout,P0,33858,0.9075318496847752,0.5555555555555556,0.4896283718052121,0.25996527364075245,0.5427140196670233,0.9075318496847752,8325,17432,8101,1.1920928955078125e-07,70db5a685a08071948b98d0a418408f89bf6cd484e9dd2e26f5804ddd0f1b62c,rtx3090,14e9fdbcf9439e3e6cd736ba1599f421aba531ea,runs/exports/compatible/analyze_R2_UA_42_selected__112a2c22fa9a661d/metrics.csv
new_p3_training,True,tuned,UA,42,R2,3cfd389bbd05ec9201a41c0892e29bf8199198d1b216b9a8061370d4240aa583,bd1488a2d411295d7a2118c50ddcc0b158786123613af1676062e2270d1637d1,9cb89005693b1b70c102178849b740fde00b50c9ba5f3b5530d0e5749ea59837,eca954c21da074c545cb7858315ea39fee0a6f54b19e06474b4f2f91f1666847,8b90aa08a2480ce64e3784f1560ad81adcdab8870ccac0c6e424e34745f74c1e,6031dc4ee08b61c58b35b1efd7d764739d5c7c54dc7cbe9e9a72a1e4a7098596,e2212c40566e21c680a98186ebd8e984aa80d4fd,4d4ad03b827958468b1a231e360c7ad1aa68035c25af068059838ceae6dfa6d6,29dcb40895986983af5f832ed41375b9b4852d6afae85fb4f7030f572ef2ca8c,R2_UA_42_selected,d5ba4cebc83e2179f3459d96ce017593092e4e4caa733db3ace0e093a8857606,development_holdout,P1,32561,0.9079686489950983,0.5543441540493228,0.49234311491665567,0.26574698634621524,0.5436199004590548,0.9079274986800739,8261,16258,8042,1.1920928955078125e-07,d9303d486daeae9cc749c769c795a108f93c675ac28174151a636cf620c04373,rtx3090,14e9fdbcf9439e3e6cd736ba1599f421aba531ea,runs/exports/compatible/analyze_R2_UA_42_selected__112a2c22fa9a661d/metrics.csv
new_p3_training,True,tuned,UA,42,R2,3cfd389bbd05ec9201a41c0892e29bf8199198d1b216b9a8061370d4240aa583,bd1488a2d411295d7a2118c50ddcc0b158786123613af1676062e2270d1637d1,9cb89005693b1b70c102178849b740fde00b50c9ba5f3b5530d0e5749ea59837,eca954c21da074c545cb7858315ea39fee0a6f54b19e06474b4f2f91f1666847,8b90aa08a2480ce64e3784f1560ad81adcdab8870ccac0c6e424e34745f74c1e,6031dc4ee08b61c58b35b1efd7d764739d5c7c54dc7cbe9e9a72a1e4a7098596,e2212c40566e21c680a98186ebd8e984aa80d4fd,4d4ad03b827958468b1a231e360c7ad1aa68035c25af068059838ceae6dfa6d6,29dcb40895986983af5f832ed41375b9b4852d6afae85fb4f7030f572ef2ca8c,R2_UA_42_selected,d5ba4cebc83e2179f3459d96ce017593092e4e4caa733db3ace0e093a8857606,development_holdout,P2,29403,0.9096140426714054,0.5532428663741795,0.48857913506518286,0.25664169823837873,0.5439816702048268,0.9096140426714056,7280,15057,7066,1.1920928955078125e-07,4b94c438f97717c8ed62640318ae0af1259fcd69aa21daf1db73d8adb873ceb3,rtx3090,14e9fdbcf9439e3e6cd736ba1599f421aba531ea,runs/exports/compatible/analyze_R2_UA_42_selected__112a2c22fa9a661d/metrics.csv
new_p3_training,True,tuned,UA,42,R2,3cfd389bbd05ec9201a41c0892e29bf8199198d1b216b9a8061370d4240aa583,bd1488a2d411295d7a2118c50ddcc0b158786123613af1676062e2270d1637d1,9cb89005693b1b70c102178849b740fde00b50c9ba5f3b5530d0e5749ea59837,eca954c21da074c545cb7858315ea39fee0a6f54b19e06474b4f2f91f1666847,8b90aa08a2480ce64e3784f1560ad81adcdab8870ccac0c6e424e34745f74c1e,6031dc4ee08b61c58b35b1efd7d764739d5c7c54dc7cbe9e9a72a1e4a7098596,e2212c40566e21c680a98186ebd8e984aa80d4fd,4d4ad03b827958468b1a231e360c7ad1aa68035c25af068059838ceae6dfa6d6,29dcb40895986983af5f832ed41375b9b4852d6afae85fb4f7030f572ef2ca8c,R2_UA_42_selected,d5ba4cebc83e2179f3459d96ce017593092e4e4caa733db3ace0e093a8857606,development_holdout,P3,29027,0.9044785565813471,0.5563440934302546,0.49113150506322817,0.2618061296540888,0.5412017953148074,0.9045431481684644,7218,14800,7009,1.1920928955078125e-07,77070f04c903d6eb125a7699bbfe1728867dae1d1700d33b77fbde588247df6e,rtx3090,14e9fdbcf9439e3e6cd736ba1599f421aba531ea,runs/exports/compatible/analyze_R2_UA_42_selected__112a2c22fa9a661d/metrics.csv
new_p3_training,True,tuned,UA,42,R2,3cfd389bbd05ec9201a41c0892e29bf8199198d1b216b9a8061370d4240aa583,bd1488a2d411295d7a2118c50ddcc0b158786123613af1676062e2270d1637d1,9cb89005693b1b70c102178849b740fde00b50c9ba5f3b5530d0e5749ea59837,eca954c21da074c545cb7858315ea39fee0a6f54b19e06474b4f2f91f1666847,8b90aa08a2480ce64e3784f1560ad81adcdab8870ccac0c6e424e34745f74c1e,6031dc4ee08b61c58b35b1efd7d764739d5c7c54dc7cbe9e9a72a1e4a7098596,e2212c40566e21c680a98186ebd8e984aa80d4fd,4d4ad03b827958468b1a231e360c7ad1aa68035c25af068059838ceae6dfa6d6,29dcb40895986983af5f832ed41375b9b4852d6afae85fb4f7030f572ef2ca8c,R2_UA_42_selected,d5ba4cebc83e2179f3459d96ce017593092e4e4caa733db3ace0e093a8857606,validation,P0,50274,0.9169893000280968,0.5492103274058161,0.4837550776073556,0.25449773269193326,0.5498537662248153,0.916989300028097,12799,24976,12499,1.1920928955078125e-07,351db49e9397c5aaf1d2ff78be53be487f53d95db418517d0737b61bf998661a,rtx3090,14e9fdbcf9439e3e6cd736ba1599f421aba531ea,runs/exports/compatible/analyze_R2_UA_42_selected__112a2c22fa9a661d/metrics.csv
new_p3_training,True,tuned,UA,42,R2,3cfd389bbd05ec9201a41c0892e29bf8199198d1b216b9a8061370d4240aa583,bd1488a2d411295d7a2118c50ddcc0b158786123613af1676062e2270d1637d1,9cb89005693b1b70c102178849b740fde00b50c9ba5f3b5530d0e5749ea59837,eca954c21da074c545cb7858315ea39fee0a6f54b19e06474b4f2f91f1666847,8b90aa08a2480ce64e3784f1560ad81adcdab8870ccac0c6e424e34745f74c1e,6031dc4ee08b61c58b35b1efd7d764739d5c7c54dc7cbe9e9a72a1e4a7098596,e2212c40566e21c680a98186ebd8e984aa80d4fd,4d4ad03b827958468b1a231e360c7ad1aa68035c25af068059838ceae6dfa6d6,29dcb40895986983af5f832ed41375b9b4852d6afae85fb4f7030f572ef2ca8c,R2_UA_42_selected,d5ba4cebc83e2179f3459d96ce017593092e4e4caa733db3ace0e093a8857606,validation,P1,48400,0.9186961341135369,0.5470867768595041,0.4855385093187879,0.2597033410917447,0.5517021807262339,0.9191819379808527,12696,23291,12413,1.1920928955078125e-07,cc97ad4e897fce10b6b08cef548c9540c1fda18271692a3277337d89bfe87a6a,rtx3090,14e9fdbcf9439e3e6cd736ba1599f421aba531ea,runs/exports/compatible/analyze_R2_UA_42_selected__112a2c22fa9a661d/metrics.csv
new_p3_training,True,tuned,UA,42,R2,3cfd389bbd05ec9201a41c0892e29bf8199198d1b216b9a8061370d4240aa583,bd1488a2d411295d7a2118c50ddcc0b158786123613af1676062e2270d1637d1,9cb89005693b1b70c102178849b740fde00b50c9ba5f3b5530d0e5749ea59837,eca954c21da074c545cb7858315ea39fee0a6f54b19e06474b4f2f91f1666847,8b90aa08a2480ce64e3784f1560ad81adcdab8870ccac0c6e424e34745f74c1e,6031dc4ee08b61c58b35b1efd7d764739d5c7c54dc7cbe9e9a72a1e4a7098596,e2212c40566e21c680a98186ebd8e984aa80d4fd,4d4ad03b827958468b1a231e360c7ad1aa68035c25af068059838ceae6dfa6d6,29dcb40895986983af5f832ed41375b9b4852d6afae85fb4f7030f572ef2ca8c,R2_UA_42_selected,d5ba4cebc83e2179f3459d96ce017593092e4e4caa733db3ace0e093a8857606,validation,P2,43659,0.9203350516434473,0.5458897363659269,0.48263152711170404,0.2516628062123147,0.5518839255126183,0.9203350516434473,11264,21415,10980,1.1920928955078125e-07,e194637cc71b37d4be4236a10ea9794b4a5c1496d39046931e082af60d40c108,rtx3090,14e9fdbcf9439e3e6cd736ba1599f421aba531ea,runs/exports/compatible/analyze_R2_UA_42_selected__112a2c22fa9a661d/metrics.csv
new_p3_training,True,tuned,UA,42,R2,3cfd389bbd05ec9201a41c0892e29bf8199198d1b216b9a8061370d4240aa583,bd1488a2d411295d7a2118c50ddcc0b158786123613af1676062e2270d1637d1,9cb89005693b1b70c102178849b740fde00b50c9ba5f3b5530d0e5749ea59837,eca954c21da074c545cb7858315ea39fee0a6f54b19e06474b4f2f91f1666847,8b90aa08a2480ce64e3784f1560ad81adcdab8870ccac0c6e424e34745f74c1e,6031dc4ee08b61c58b35b1efd7d764739d5c7c54dc7cbe9e9a72a1e4a7098596,e2212c40566e21c680a98186ebd8e984aa80d4fd,4d4ad03b827958468b1a231e360c7ad1aa68035c25af068059838ceae6dfa6d6,29dcb40895986983af5f832ed41375b9b4852d6afae85fb4f7030f572ef2ca8c,R2_UA_42_selected,d5ba4cebc83e2179f3459d96ce017593092e4e4caa733db3ace0e093a8857606,validation,P3,43147,0.9159345450184647,0.5480102904025772,0.4841461387832944,0.2554101289132174,0.5495946312612949,0.9165109585680918,11162,21089,10896,1.1920928955078125e-07,2e30f2ac6038409f7b01c61bb1e9e2c4b4577584a710c4b40e45c6cafc4c5198,rtx3090,14e9fdbcf9439e3e6cd736ba1599f421aba531ea,runs/exports/compatible/analyze_R2_UA_42_selected__112a2c22fa9a661d/metrics.csv
new_p3_training,True,tuned,UA,7,R2,3cfd389bbd05ec9201a41c0892e29bf8199198d1b216b9a8061370d4240aa583,bd1488a2d411295d7a2118c50ddcc0b158786123613af1676062e2270d1637d1,9cb89005693b1b70c102178849b740fde00b50c9ba5f3b5530d0e5749ea59837,eca954c21da074c545cb7858315ea39fee0a6f54b19e06474b4f2f91f1666847,8b90aa08a2480ce64e3784f1560ad81adcdab8870ccac0c6e424e34745f74c1e,6031dc4ee08b61c58b35b1efd7d764739d5c7c54dc7cbe9e9a72a1e4a7098596,e2212c40566e21c680a98186ebd8e984aa80d4fd,4d4ad03b827958468b1a231e360c7ad1aa68035c25af068059838ceae6dfa6d6,6200eb6d40c3e41c0eb2ae4474c780641a1f60aa698d19676a126717f7954744,R2_UA_7_selected,850c1b3a8797b962437d8e9677f209b906ee05c4a3082ef8a82fe0a0b465f45a,development_holdout,P0,33858,0.9080306249640117,0.5581546458739441,0.49038929537089154,0.2634369132048345,0.5426986518585343,0.9080306249640117,8325,17432,8101,1.1920928932873665e-07,70db5a685a08071948b98d0a418408f89bf6cd484e9dd2e26f5804ddd0f1b62c,rtx3090,14e9fdbcf9439e3e6cd736ba1599f421aba531ea,runs/exports/compatible/analyze_R2_UA_7_selected__11dbc20f8d6adbf4/metrics.csv
new_p3_training,True,tuned,UA,7,R2,3cfd389bbd05ec9201a41c0892e29bf8199198d1b216b9a8061370d4240aa583,bd1488a2d411295d7a2118c50ddcc0b158786123613af1676062e2270d1637d1,9cb89005693b1b70c102178849b740fde00b50c9ba5f3b5530d0e5749ea59837,eca954c21da074c545cb7858315ea39fee0a6f54b19e06474b4f2f91f1666847,8b90aa08a2480ce64e3784f1560ad81adcdab8870ccac0c6e424e34745f74c1e,6031dc4ee08b61c58b35b1efd7d764739d5c7c54dc7cbe9e9a72a1e4a7098596,e2212c40566e21c680a98186ebd8e984aa80d4fd,4d4ad03b827958468b1a231e360c7ad1aa68035c25af068059838ceae6dfa6d6,6200eb6d40c3e41c0eb2ae4474c780641a1f60aa698d19676a126717f7954744,R2_UA_7_selected,850c1b3a8797b962437d8e9677f209b906ee05c4a3082ef8a82fe0a0b465f45a,development_holdout,P1,32561,0.9081568510669988,0.5572617548601088,0.49337032785139195,0.26984683047771924,0.5434800985622797,0.9081733690379522,8261,16258,8042,1.1920928932873665e-07,d9303d486daeae9cc749c769c795a108f93c675ac28174151a636cf620c04373,rtx3090,14e9fdbcf9439e3e6cd736ba1599f421aba531ea,runs/exports/compatible/analyze_R2_UA_7_selected__11dbc20f8d6adbf4/metrics.csv
new_p3_training,True,tuned,UA,7,R2,3cfd389bbd05ec9201a41c0892e29bf8199198d1b216b9a8061370d4240aa583,bd1488a2d411295d7a2118c50ddcc0b158786123613af1676062e2270d1637d1,9cb89005693b1b70c102178849b740fde00b50c9ba5f3b5530d0e5749ea59837,eca954c21da074c545cb7858315ea39fee0a6f54b19e06474b4f2f91f1666847,8b90aa08a2480ce64e3784f1560ad81adcdab8870ccac0c6e424e34745f74c1e,6031dc4ee08b61c58b35b1efd7d764739d5c7c54dc7cbe9e9a72a1e4a7098596,e2212c40566e21c680a98186ebd8e984aa80d4fd,4d4ad03b827958468b1a231e360c7ad1aa68035c25af068059838ceae6dfa6d6,6200eb6d40c3e41c0eb2ae4474c780641a1f60aa698d19676a126717f7954744,R2_UA_7_selected,850c1b3a8797b962437d8e9677f209b906ee05c4a3082ef8a82fe0a0b465f45a,development_holdout,P2,29403,0.9107213704516764,0.5559296670407782,0.48912754276726905,0.25975836922744183,0.5443236195041058,0.9107213704516764,7280,15057,7066,1.1920928932873665e-07,4b94c438f97717c8ed62640318ae0af1259fcd69aa21daf1db73d8adb873ceb3,rtx3090,14e9fdbcf9439e3e6cd736ba1599f421aba531ea,runs/exports/compatible/analyze_R2_UA_7_selected__11dbc20f8d6adbf4/metrics.csv
new_p3_training,True,tuned,UA,7,R2,3cfd389bbd05ec9201a41c0892e29bf8199198d1b216b9a8061370d4240aa583,bd1488a2d411295d7a2118c50ddcc0b158786123613af1676062e2270d1637d1,9cb89005693b1b70c102178849b740fde00b50c9ba5f3b5530d0e5749ea59837,eca954c21da074c545cb7858315ea39fee0a6f54b19e06474b4f2f91f1666847,8b90aa08a2480ce64e3784f1560ad81adcdab8870ccac0c6e424e34745f74c1e,6031dc4ee08b61c58b35b1efd7d764739d5c7c54dc7cbe9e9a72a1e4a7098596,e2212c40566e21c680a98186ebd8e984aa80d4fd,4d4ad03b827958468b1a231e360c7ad1aa68035c25af068059838ceae6dfa6d6,6200eb6d40c3e41c0eb2ae4474c780641a1f60aa698d19676a126717f7954744,R2_UA_7_selected,850c1b3a8797b962437d8e9677f209b906ee05c4a3082ef8a82fe0a0b465f45a,development_holdout,P3,29027,0.9051727415136547,0.559272401557171,0.49189530634794876,0.26535510189018485,0.5413587671449034,0.9052736325211115,7218,14800,7009,1.1920928932873665e-07,77070f04c903d6eb125a7699bbfe1728867dae1d1700d33b77fbde588247df6e,rtx3090,14e9fdbcf9439e3e6cd736ba1599f421aba531ea,runs/exports/compatible/analyze_R2_UA_7_selected__11dbc20f8d6adbf4/metrics.csv
new_p3_training,True,tuned,UA,7,R2,3cfd389bbd05ec9201a41c0892e29bf8199198d1b216b9a8061370d4240aa583,bd1488a2d411295d7a2118c50ddcc0b158786123613af1676062e2270d1637d1,9cb89005693b1b70c102178849b740fde00b50c9ba5f3b5530d0e5749ea59837,eca954c21da074c545cb7858315ea39fee0a6f54b19e06474b4f2f91f1666847,8b90aa08a2480ce64e3784f1560ad81adcdab8870ccac0c6e424e34745f74c1e,6031dc4ee08b61c58b35b1efd7d764739d5c7c54dc7cbe9e9a72a1e4a7098596,e2212c40566e21c680a98186ebd8e984aa80d4fd,4d4ad03b827958468b1a231e360c7ad1aa68035c25af068059838ceae6dfa6d6,6200eb6d40c3e41c0eb2ae4474c780641a1f60aa698d19676a126717f7954744,R2_UA_7_selected,850c1b3a8797b962437d8e9677f209b906ee05c4a3082ef8a82fe0a0b465f45a,validation,P0,50274,0.9178249515511316,0.5490909814218085,0.48334570361968804,0.2554764025396572,0.5500899979228094,0.9178249515511318,12799,24976,12499,1.1920928977282585e-07,351db49e9397c5aaf1d2ff78be53be487f53d95db418517d0737b61bf998661a,rtx3090,14e9fdbcf9439e3e6cd736ba1599f421aba531ea,runs/exports/compatible/analyze_R2_UA_7_selected__11dbc20f8d6adbf4/metrics.csv
new_p3_training,True,tuned,UA,7,R2,3cfd389bbd05ec9201a41c0892e29bf8199198d1b216b9a8061370d4240aa583,bd1488a2d411295d7a2118c50ddcc0b158786123613af1676062e2270d1637d1,9cb89005693b1b70c102178849b740fde00b50c9ba5f3b5530d0e5749ea59837,eca954c21da074c545cb7858315ea39fee0a6f54b19e06474b4f2f91f1666847,8b90aa08a2480ce64e3784f1560ad81adcdab8870ccac0c6e424e34745f74c1e,6031dc4ee08b61c58b35b1efd7d764739d5c7c54dc7cbe9e9a72a1e4a7098596,e2212c40566e21c680a98186ebd8e984aa80d4fd,4d4ad03b827958468b1a231e360c7ad1aa68035c25af068059838ceae6dfa6d6,6200eb6d40c3e41c0eb2ae4474c780641a1f60aa698d19676a126717f7954744,R2_UA_7_selected,850c1b3a8797b962437d8e9677f209b906ee05c4a3082ef8a82fe0a0b465f45a,validation,P1,48400,0.9191838271894638,0.5469834710743802,0.4852433257358036,0.26055699533727256,0.5518005350704208,0.9197681809160054,12696,23291,12413,1.1920928977282585e-07,cc97ad4e897fce10b6b08cef548c9540c1fda18271692a3277337d89bfe87a6a,rtx3090,14e9fdbcf9439e3e6cd736ba1599f421aba531ea,runs/exports/compatible/analyze_R2_UA_7_selected__11dbc20f8d6adbf4/metrics.csv
new_p3_training,True,tuned,UA,7,R2,3cfd389bbd05ec9201a41c0892e29bf8199198d1b216b9a8061370d4240aa583,bd1488a2d411295d7a2118c50ddcc0b158786123613af1676062e2270d1637d1,9cb89005693b1b70c102178849b740fde00b50c9ba5f3b5530d0e5749ea59837,eca954c21da074c545cb7858315ea39fee0a6f54b19e06474b4f2f91f1666847,8b90aa08a2480ce64e3784f1560ad81adcdab8870ccac0c6e424e34745f74c1e,6031dc4ee08b61c58b35b1efd7d764739d5c7c54dc7cbe9e9a72a1e4a7098596,e2212c40566e21c680a98186ebd8e984aa80d4fd,4d4ad03b827958468b1a231e360c7ad1aa68035c25af068059838ceae6dfa6d6,6200eb6d40c3e41c0eb2ae4474c780641a1f60aa698d19676a126717f7954744,R2_UA_7_selected,850c1b3a8797b962437d8e9677f209b906ee05c4a3082ef8a82fe0a0b465f45a,validation,P2,43659,0.9220818699181242,0.5462104033532605,0.48295176486948604,0.2531826643499701,0.5526766656941813,0.9220818699181242,11264,21415,10980,1.1920928977282585e-07,e194637cc71b37d4be4236a10ea9794b4a5c1496d39046931e082af60d40c108,rtx3090,14e9fdbcf9439e3e6cd736ba1599f421aba531ea,runs/exports/compatible/analyze_R2_UA_7_selected__11dbc20f8d6adbf4/metrics.csv
new_p3_training,True,tuned,UA,7,R2,3cfd389bbd05ec9201a41c0892e29bf8199198d1b216b9a8061370d4240aa583,bd1488a2d411295d7a2118c50ddcc0b158786123613af1676062e2270d1637d1,9cb89005693b1b70c102178849b740fde00b50c9ba5f3b5530d0e5749ea59837,eca954c21da074c545cb7858315ea39fee0a6f54b19e06474b4f2f91f1666847,8b90aa08a2480ce64e3784f1560ad81adcdab8870ccac0c6e424e34745f74c1e,6031dc4ee08b61c58b35b1efd7d764739d5c7c54dc7cbe9e9a72a1e4a7098596,e2212c40566e21c680a98186ebd8e984aa80d4fd,4d4ad03b827958468b1a231e360c7ad1aa68035c25af068059838ceae6dfa6d6,6200eb6d40c3e41c0eb2ae4474c780641a1f60aa698d19676a126717f7954744,R2_UA_7_selected,850c1b3a8797b962437d8e9677f209b906ee05c4a3082ef8a82fe0a0b465f45a,validation,P3,43147,0.9173531743829586,0.5485201752149628,0.48471244983055545,0.2571727622984057,0.550241255393336,0.9180203590133651,11162,21089,10896,1.1920928977282585e-07,2e30f2ac6038409f7b01c61bb1e9e2c4b4577584a710c4b40e45c6cafc4c5198,rtx3090,14e9fdbcf9439e3e6cd736ba1599f421aba531ea,runs/exports/compatible/analyze_R2_UA_7_selected__11dbc20f8d6adbf4/metrics.csv
new_p3_training,True,tuned,UC,123,R2,3cfd389bbd05ec9201a41c0892e29bf8199198d1b216b9a8061370d4240aa583,bd1488a2d411295d7a2118c50ddcc0b158786123613af1676062e2270d1637d1,9cb89005693b1b70c102178849b740fde00b50c9ba5f3b5530d0e5749ea59837,eca954c21da074c545cb7858315ea39fee0a6f54b19e06474b4f2f91f1666847,8b90aa08a2480ce64e3784f1560ad81adcdab8870ccac0c6e424e34745f74c1e,6031dc4ee08b61c58b35b1efd7d764739d5c7c54dc7cbe9e9a72a1e4a7098596,e2212c40566e21c680a98186ebd8e984aa80d4fd,4d4ad03b827958468b1a231e360c7ad1aa68035c25af068059838ceae6dfa6d6,96aedfbf9f819a88d783aa57f54d05675da9f05ce0b4d291fef37724d3c13dba,R2_UC_123_selected,386acd34b91692cd1b13711ced5d395e9dee1f7ecab1cfd85710e91ae680a214,development_holdout,P0,33858,0.9072195945815981,0.5568551007147499,0.49443627064019563,0.263027677533827,0.541990268893449,0.907219594581598,8325,17432,8101,1.1920928955078125e-07,70db5a685a08071948b98d0a418408f89bf6cd484e9dd2e26f5804ddd0f1b62c,rtx3090,14e9fdbcf9439e3e6cd736ba1599f421aba531ea,runs/exports/compatible/analyze_R2_UC_123_selected__a28268ab89d0d732/metrics.csv
new_p3_training,True,tuned,UC,123,R2,3cfd389bbd05ec9201a41c0892e29bf8199198d1b216b9a8061370d4240aa583,bd1488a2d411295d7a2118c50ddcc0b158786123613af1676062e2270d1637d1,9cb89005693b1b70c102178849b740fde00b50c9ba5f3b5530d0e5749ea59837,eca954c21da074c545cb7858315ea39fee0a6f54b19e06474b4f2f91f1666847,8b90aa08a2480ce64e3784f1560ad81adcdab8870ccac0c6e424e34745f74c1e,6031dc4ee08b61c58b35b1efd7d764739d5c7c54dc7cbe9e9a72a1e4a7098596,e2212c40566e21c680a98186ebd8e984aa80d4fd,4d4ad03b827958468b1a231e360c7ad1aa68035c25af068059838ceae6dfa6d6,96aedfbf9f819a88d783aa57f54d05675da9f05ce0b4d291fef37724d3c13dba,R2_UC_123_selected,386acd34b91692cd1b13711ced5d395e9dee1f7ecab1cfd85710e91ae680a214,development_holdout,P1,32561,0.9059549963081902,0.557077485335217,0.4982328243963765,0.27075938623131957,0.5418538776247459,0.9058985940528286,8261,16258,8042,1.1920928955078125e-07,d9303d486daeae9cc749c769c795a108f93c675ac28174151a636cf620c04373,rtx3090,14e9fdbcf9439e3e6cd736ba1599f421aba531ea,runs/exports/compatible/analyze_R2_UC_123_selected__a28268ab89d0d732/metrics.csv
new_p3_training,True,tuned,UC,123,R2,3cfd389bbd05ec9201a41c0892e29bf8199198d1b216b9a8061370d4240aa583,bd1488a2d411295d7a2118c50ddcc0b158786123613af1676062e2270d1637d1,9cb89005693b1b70c102178849b740fde00b50c9ba5f3b5530d0e5749ea59837,eca954c21da074c545cb7858315ea39fee0a6f54b19e06474b4f2f91f1666847,8b90aa08a2480ce64e3784f1560ad81adcdab8870ccac0c6e424e34745f74c1e,6031dc4ee08b61c58b35b1efd7d764739d5c7c54dc7cbe9e9a72a1e4a7098596,e2212c40566e21c680a98186ebd8e984aa80d4fd,4d4ad03b827958468b1a231e360c7ad1aa68035c25af068059838ceae6dfa6d6,96aedfbf9f819a88d783aa57f54d05675da9f05ce0b4d291fef37724d3c13dba,R2_UC_123_selected,386acd34b91692cd1b13711ced5d395e9dee1f7ecab1cfd85710e91ae680a214,development_holdout,P2,29403,0.9075780404972805,0.5562697683909805,0.4926037212361813,0.2609525699904852,0.5422987635229204,0.9075780404972804,7280,15057,7066,1.1920928955078125e-07,4b94c438f97717c8ed62640318ae0af1259fcd69aa21daf1db73d8adb873ceb3,rtx3090,14e9fdbcf9439e3e6cd736ba1599f421aba531ea,runs/exports/compatible/analyze_R2_UC_123_selected__a28268ab89d0d732/metrics.csv
new_p3_training,True,tuned,UC,123,R2,3cfd389bbd05ec9201a41c0892e29bf8199198d1b216b9a8061370d4240aa583,bd1488a2d411295d7a2118c50ddcc0b158786123613af1676062e2270d1637d1,9cb89005693b1b70c102178849b740fde00b50c9ba5f3b5530d0e5749ea59837,eca954c21da074c545cb7858315ea39fee0a6f54b19e06474b4f2f91f1666847,8b90aa08a2480ce64e3784f1560ad81adcdab8870ccac0c6e424e34745f74c1e,6031dc4ee08b61c58b35b1efd7d764739d5c7c54dc7cbe9e9a72a1e4a7098596,e2212c40566e21c680a98186ebd8e984aa80d4fd,4d4ad03b827958468b1a231e360c7ad1aa68035c25af068059838ceae6dfa6d6,96aedfbf9f819a88d783aa57f54d05675da9f05ce0b4d291fef37724d3c13dba,R2_UC_123_selected,386acd34b91692cd1b13711ced5d395e9dee1f7ecab1cfd85710e91ae680a214,development_holdout,P3,29027,0.9025516495986229,0.5589967960864023,0.49498498909399863,0.26568789352199684,0.5396555730443031,0.902541844530072,7218,14800,7009,1.1920928955078125e-07,77070f04c903d6eb125a7699bbfe1728867dae1d1700d33b77fbde588247df6e,rtx3090,14e9fdbcf9439e3e6cd736ba1599f421aba531ea,runs/exports/compatible/analyze_R2_UC_123_selected__a28268ab89d0d732/metrics.csv
new_p3_training,True,tuned,UC,123,R2,3cfd389bbd05ec9201a41c0892e29bf8199198d1b216b9a8061370d4240aa583,bd1488a2d411295d7a2118c50ddcc0b158786123613af1676062e2270d1637d1,9cb89005693b1b70c102178849b740fde00b50c9ba5f3b5530d0e5749ea59837,eca954c21da074c545cb7858315ea39fee0a6f54b19e06474b4f2f91f1666847,8b90aa08a2480ce64e3784f1560ad81adcdab8870ccac0c6e424e34745f74c1e,6031dc4ee08b61c58b35b1efd7d764739d5c7c54dc7cbe9e9a72a1e4a7098596,e2212c40566e21c680a98186ebd8e984aa80d4fd,4d4ad03b827958468b1a231e360c7ad1aa68035c25af068059838ceae6dfa6d6,96aedfbf9f819a88d783aa57f54d05675da9f05ce0b4d291fef37724d3c13dba,R2_UC_123_selected,386acd34b91692cd1b13711ced5d395e9dee1f7ecab1cfd85710e91ae680a214,validation,P0,50274,0.9163160192351665,0.5484942515017703,0.4883187399983863,0.2569718679444085,0.549141984425873,0.9163160192351666,12799,24976,12499,1.1548399925231934e-07,351db49e9397c5aaf1d2ff78be53be487f53d95db418517d0737b61bf998661a,rtx3090,14e9fdbcf9439e3e6cd736ba1599f421aba531ea,runs/exports/compatible/analyze_R2_UC_123_selected__a28268ab89d0d732/metrics.csv
new_p3_training,True,tuned,UC,123,R2,3cfd389bbd05ec9201a41c0892e29bf8199198d1b216b9a8061370d4240aa583,bd1488a2d411295d7a2118c50ddcc0b158786123613af1676062e2270d1637d1,9cb89005693b1b70c102178849b740fde00b50c9ba5f3b5530d0e5749ea59837,eca954c21da074c545cb7858315ea39fee0a6f54b19e06474b4f2f91f1666847,8b90aa08a2480ce64e3784f1560ad81adcdab8870ccac0c6e424e34745f74c1e,6031dc4ee08b61c58b35b1efd7d764739d5c7c54dc7cbe9e9a72a1e4a7098596,e2212c40566e21c680a98186ebd8e984aa80d4fd,4d4ad03b827958468b1a231e360c7ad1aa68035c25af068059838ceae6dfa6d6,96aedfbf9f819a88d783aa57f54d05675da9f05ce0b4d291fef37724d3c13dba,R2_UC_123_selected,386acd34b91692cd1b13711ced5d395e9dee1f7ecab1cfd85710e91ae680a214,validation,P1,48400,0.9155635163358764,0.5480165289256198,0.4912687756493724,0.26401059258182225,0.5494944985734339,0.9160996563853949,12696,23291,12413,1.1548399925231934e-07,cc97ad4e897fce10b6b08cef548c9540c1fda18271692a3277337d89bfe87a6a,rtx3090,14e9fdbcf9439e3e6cd736ba1599f421aba531ea,runs/exports/compatible/analyze_R2_UC_123_selected__a28268ab89d0d732/metrics.csv
new_p3_training,True,tuned,UC,123,R2,3cfd389bbd05ec9201a41c0892e29bf8199198d1b216b9a8061370d4240aa583,bd1488a2d411295d7a2118c50ddcc0b158786123613af1676062e2270d1637d1,9cb89005693b1b70c102178849b740fde00b50c9ba5f3b5530d0e5749ea59837,eca954c21da074c545cb7858315ea39fee0a6f54b19e06474b4f2f91f1666847,8b90aa08a2480ce64e3784f1560ad81adcdab8870ccac0c6e424e34745f74c1e,6031dc4ee08b61c58b35b1efd7d764739d5c7c54dc7cbe9e9a72a1e4a7098596,e2212c40566e21c680a98186ebd8e984aa80d4fd,4d4ad03b827958468b1a231e360c7ad1aa68035c25af068059838ceae6dfa6d6,96aedfbf9f819a88d783aa57f54d05675da9f05ce0b4d291fef37724d3c13dba,R2_UC_123_selected,386acd34b91692cd1b13711ced5d395e9dee1f7ecab1cfd85710e91ae680a214,validation,P2,43659,0.9181875796130136,0.5468746421127374,0.4867625073368332,0.2559400296692632,0.5505495166613499,0.9181875796130136,11264,21415,10980,1.1548399925231934e-07,e194637cc71b37d4be4236a10ea9794b4a5c1496d39046931e082af60d40c108,rtx3090,14e9fdbcf9439e3e6cd736ba1599f421aba531ea,runs/exports/compatible/analyze_R2_UC_123_selected__a28268ab89d0d732/metrics.csv
new_p3_training,True,tuned,UC,123,R2,3cfd389bbd05ec9201a41c0892e29bf8199198d1b216b9a8061370d4240aa583,bd1488a2d411295d7a2118c50ddcc0b158786123613af1676062e2270d1637d1,9cb89005693b1b70c102178849b740fde00b50c9ba5f3b5530d0e5749ea59837,eca954c21da074c545cb7858315ea39fee0a6f54b19e06474b4f2f91f1666847,8b90aa08a2480ce64e3784f1560ad81adcdab8870ccac0c6e424e34745f74c1e,6031dc4ee08b61c58b35b1efd7d764739d5c7c54dc7cbe9e9a72a1e4a7098596,e2212c40566e21c680a98186ebd8e984aa80d4fd,4d4ad03b827958468b1a231e360c7ad1aa68035c25af068059838ceae6dfa6d6,96aedfbf9f819a88d783aa57f54d05675da9f05ce0b4d291fef37724d3c13dba,R2_UC_123_selected,386acd34b91692cd1b13711ced5d395e9dee1f7ecab1cfd85710e91ae680a214,validation,P3,43147,0.9136014794242565,0.5490300600273483,0.488358985933286,0.25969600446259544,0.5482233464112107,0.9142246327123428,11162,21089,10896,1.1548399925231934e-07,2e30f2ac6038409f7b01c61bb1e9e2c4b4577584a710c4b40e45c6cafc4c5198,rtx3090,14e9fdbcf9439e3e6cd736ba1599f421aba531ea,runs/exports/compatible/analyze_R2_UC_123_selected__a28268ab89d0d732/metrics.csv
new_p3_training,True,tuned,UC,42,R2,3cfd389bbd05ec9201a41c0892e29bf8199198d1b216b9a8061370d4240aa583,bd1488a2d411295d7a2118c50ddcc0b158786123613af1676062e2270d1637d1,9cb89005693b1b70c102178849b740fde00b50c9ba5f3b5530d0e5749ea59837,eca954c21da074c545cb7858315ea39fee0a6f54b19e06474b4f2f91f1666847,8b90aa08a2480ce64e3784f1560ad81adcdab8870ccac0c6e424e34745f74c1e,6031dc4ee08b61c58b35b1efd7d764739d5c7c54dc7cbe9e9a72a1e4a7098596,e2212c40566e21c680a98186ebd8e984aa80d4fd,4d4ad03b827958468b1a231e360c7ad1aa68035c25af068059838ceae6dfa6d6,95172e48ad63ed4b4cab317602ba29e11661bde859289f93e6ae3c99e1b753a2,R2_UC_42_selected,79fd19f757ee8a8e2e12f7ca93ed990244fe623980ed645cf236042db0223858,development_holdout,P0,33858,0.9047733156485851,0.5588339535707957,0.48523874207308965,0.25728050142409453,0.5407113710993601,0.9047733156485852,8325,17432,8101,1.1920928977282585e-07,70db5a685a08071948b98d0a418408f89bf6cd484e9dd2e26f5804ddd0f1b62c,rtx3090,14e9fdbcf9439e3e6cd736ba1599f421aba531ea,runs/exports/compatible/analyze_R2_UC_42_selected__e6ad53ed2a29d873/metrics.csv
new_p3_training,True,tuned,UC,42,R2,3cfd389bbd05ec9201a41c0892e29bf8199198d1b216b9a8061370d4240aa583,bd1488a2d411295d7a2118c50ddcc0b158786123613af1676062e2270d1637d1,9cb89005693b1b70c102178849b740fde00b50c9ba5f3b5530d0e5749ea59837,eca954c21da074c545cb7858315ea39fee0a6f54b19e06474b4f2f91f1666847,8b90aa08a2480ce64e3784f1560ad81adcdab8870ccac0c6e424e34745f74c1e,6031dc4ee08b61c58b35b1efd7d764739d5c7c54dc7cbe9e9a72a1e4a7098596,e2212c40566e21c680a98186ebd8e984aa80d4fd,4d4ad03b827958468b1a231e360c7ad1aa68035c25af068059838ceae6dfa6d6,95172e48ad63ed4b4cab317602ba29e11661bde859289f93e6ae3c99e1b753a2,R2_UC_42_selected,79fd19f757ee8a8e2e12f7ca93ed990244fe623980ed645cf236042db0223858,development_holdout,P1,32561,0.9047123750003906,0.5580909677221215,0.488462050441552,0.26498477639863655,0.5412311727855511,0.9045949875745802,8261,16258,8042,1.1920928977282585e-07,d9303d486daeae9cc749c769c795a108f93c675ac28174151a636cf620c04373,rtx3090,14e9fdbcf9439e3e6cd736ba1599f421aba531ea,runs/exports/compatible/analyze_R2_UC_42_selected__e6ad53ed2a29d873/metrics.csv
new_p3_training,True,tuned,UC,42,R2,3cfd389bbd05ec9201a41c0892e29bf8199198d1b216b9a8061370d4240aa583,bd1488a2d411295d7a2118c50ddcc0b158786123613af1676062e2270d1637d1,9cb89005693b1b70c102178849b740fde00b50c9ba5f3b5530d0e5749ea59837,eca954c21da074c545cb7858315ea39fee0a6f54b19e06474b4f2f91f1666847,8b90aa08a2480ce64e3784f1560ad81adcdab8870ccac0c6e424e34745f74c1e,6031dc4ee08b61c58b35b1efd7d764739d5c7c54dc7cbe9e9a72a1e4a7098596,e2212c40566e21c680a98186ebd8e984aa80d4fd,4d4ad03b827958468b1a231e360c7ad1aa68035c25af068059838ceae6dfa6d6,95172e48ad63ed4b4cab317602ba29e11661bde859289f93e6ae3c99e1b753a2,R2_UC_42_selected,79fd19f757ee8a8e2e12f7ca93ed990244fe623980ed645cf236042db0223858,development_holdout,P2,29403,0.9059765651109485,0.5566778900112234,0.48182410140286686,0.25265952713903683,0.541536413753506,0.9059765651109483,7280,15057,7066,1.1920928977282585e-07,4b94c438f97717c8ed62640318ae0af1259fcd69aa21daf1db73d8adb873ceb3,rtx3090,14e9fdbcf9439e3e6cd736ba1599f421aba531ea,runs/exports/compatible/analyze_R2_UC_42_selected__e6ad53ed2a29d873/metrics.csv
new_p3_training,True,tuned,UC,42,R2,3cfd389bbd05ec9201a41c0892e29bf8199198d1b216b9a8061370d4240aa583,bd1488a2d411295d7a2118c50ddcc0b158786123613af1676062e2270d1637d1,9cb89005693b1b70c102178849b740fde00b50c9ba5f3b5530d0e5749ea59837,eca954c21da074c545cb7858315ea39fee0a6f54b19e06474b4f2f91f1666847,8b90aa08a2480ce64e3784f1560ad81adcdab8870ccac0c6e424e34745f74c1e,6031dc4ee08b61c58b35b1efd7d764739d5c7c54dc7cbe9e9a72a1e4a7098596,e2212c40566e21c680a98186ebd8e984aa80d4fd,4d4ad03b827958468b1a231e360c7ad1aa68035c25af068059838ceae6dfa6d6,95172e48ad63ed4b4cab317602ba29e11661bde859289f93e6ae3c99e1b753a2,R2_UC_42_selected,79fd19f757ee8a8e2e12f7ca93ed990244fe623980ed645cf236042db0223858,development_holdout,P3,29027,0.9015369380059989,0.5594791056602474,0.48427254451073787,0.25786472037556846,0.5390857665248294,0.9014564315385505,7218,14800,7009,1.1920928977282585e-07,77070f04c903d6eb125a7699bbfe1728867dae1d1700d33b77fbde588247df6e,rtx3090,14e9fdbcf9439e3e6cd736ba1599f421aba531ea,runs/exports/compatible/analyze_R2_UC_42_selected__e6ad53ed2a29d873/metrics.csv
new_p3_training,True,tuned,UC,42,R2,3cfd389bbd05ec9201a41c0892e29bf8199198d1b216b9a8061370d4240aa583,bd1488a2d411295d7a2118c50ddcc0b158786123613af1676062e2270d1637d1,9cb89005693b1b70c102178849b740fde00b50c9ba5f3b5530d0e5749ea59837,eca954c21da074c545cb7858315ea39fee0a6f54b19e06474b4f2f91f1666847,8b90aa08a2480ce64e3784f1560ad81adcdab8870ccac0c6e424e34745f74c1e,6031dc4ee08b61c58b35b1efd7d764739d5c7c54dc7cbe9e9a72a1e4a7098596,e2212c40566e21c680a98186ebd8e984aa80d4fd,4d4ad03b827958468b1a231e360c7ad1aa68035c25af068059838ceae6dfa6d6,95172e48ad63ed4b4cab317602ba29e11661bde859289f93e6ae3c99e1b753a2,R2_UC_42_selected,79fd19f757ee8a8e2e12f7ca93ed990244fe623980ed645cf236042db0223858,validation,P0,50274,0.9152827283563323,0.5503043322592195,0.48130027846623324,0.2539699942279403,0.5488287202377258,0.9152827283563322,12799,24976,12499,1.1920928977282585e-07,351db49e9397c5aaf1d2ff78be53be487f53d95db418517d0737b61bf998661a,rtx3090,14e9fdbcf9439e3e6cd736ba1599f421aba531ea,runs/exports/compatible/analyze_R2_UC_42_selected__e6ad53ed2a29d873/metrics.csv
new_p3_training,True,tuned,UC,42,R2,3cfd389bbd05ec9201a41c0892e29bf8199198d1b216b9a8061370d4240aa583,bd1488a2d411295d7a2118c50ddcc0b158786123613af1676062e2270d1637d1,9cb89005693b1b70c102178849b740fde00b50c9ba5f3b5530d0e5749ea59837,eca954c21da074c545cb7858315ea39fee0a6f54b19e06474b4f2f91f1666847,8b90aa08a2480ce64e3784f1560ad81adcdab8870ccac0c6e424e34745f74c1e,6031dc4ee08b61c58b35b1efd7d764739d5c7c54dc7cbe9e9a72a1e4a7098596,e2212c40566e21c680a98186ebd8e984aa80d4fd,4d4ad03b827958468b1a231e360c7ad1aa68035c25af068059838ceae6dfa6d6,95172e48ad63ed4b4cab317602ba29e11661bde859289f93e6ae3c99e1b753a2,R2_UC_42_selected,79fd19f757ee8a8e2e12f7ca93ed990244fe623980ed645cf236042db0223858,validation,P1,48400,0.9155628693389047,0.5491528925619835,0.4838308484964673,0.26109889540109127,0.5496906353256459,0.9161078071235855,12696,23291,12413,1.1920928977282585e-07,cc97ad4e897fce10b6b08cef548c9540c1fda18271692a3277337d89bfe87a6a,rtx3090,14e9fdbcf9439e3e6cd736ba1599f421aba531ea,runs/exports/compatible/analyze_R2_UC_42_selected__e6ad53ed2a29d873/metrics.csv
new_p3_training,True,tuned,UC,42,R2,3cfd389bbd05ec9201a41c0892e29bf8199198d1b216b9a8061370d4240aa583,bd1488a2d411295d7a2118c50ddcc0b158786123613af1676062e2270d1637d1,9cb89005693b1b70c102178849b740fde00b50c9ba5f3b5530d0e5749ea59837,eca954c21da074c545cb7858315ea39fee0a6f54b19e06474b4f2f91f1666847,8b90aa08a2480ce64e3784f1560ad81adcdab8870ccac0c6e424e34745f74c1e,6031dc4ee08b61c58b35b1efd7d764739d5c7c54dc7cbe9e9a72a1e4a7098596,e2212c40566e21c680a98186ebd8e984aa80d4fd,4d4ad03b827958468b1a231e360c7ad1aa68035c25af068059838ceae6dfa6d6,95172e48ad63ed4b4cab317602ba29e11661bde859289f93e6ae3c99e1b753a2,R2_UC_42_selected,79fd19f757ee8a8e2e12f7ca93ed990244fe623980ed645cf236042db0223858,validation,P2,43659,0.9183506449310351,0.5476075952266428,0.4787725566492991,0.2513543240099541,0.5507651960573952,0.9183506449310351,11264,21415,10980,1.1920928977282585e-07,e194637cc71b37d4be4236a10ea9794b4a5c1496d39046931e082af60d40c108,rtx3090,14e9fdbcf9439e3e6cd736ba1599f421aba531ea,runs/exports/compatible/analyze_R2_UC_42_selected__e6ad53ed2a29d873/metrics.csv
new_p3_training,True,tuned,UC,42,R2,3cfd389bbd05ec9201a41c0892e29bf8199198d1b216b9a8061370d4240aa583,bd1488a2d411295d7a2118c50ddcc0b158786123613af1676062e2270d1637d1,9cb89005693b1b70c102178849b740fde00b50c9ba5f3b5530d0e5749ea59837,eca954c21da074c545cb7858315ea39fee0a6f54b19e06474b4f2f91f1666847,8b90aa08a2480ce64e3784f1560ad81adcdab8870ccac0c6e424e34745f74c1e,6031dc4ee08b61c58b35b1efd7d764739d5c7c54dc7cbe9e9a72a1e4a7098596,e2212c40566e21c680a98186ebd8e984aa80d4fd,4d4ad03b827958468b1a231e360c7ad1aa68035c25af068059838ceae6dfa6d6,95172e48ad63ed4b4cab317602ba29e11661bde859289f93e6ae3c99e1b753a2,R2_UC_42_selected,79fd19f757ee8a8e2e12f7ca93ed990244fe623980ed645cf236042db0223858,validation,P3,43147,0.9141811500099556,0.5497948872459267,0.4803473274839636,0.25537113885149904,0.5485300605400515,0.9148101333581017,11162,21089,10896,1.1920928977282585e-07,2e30f2ac6038409f7b01c61bb1e9e2c4b4577584a710c4b40e45c6cafc4c5198,rtx3090,14e9fdbcf9439e3e6cd736ba1599f421aba531ea,runs/exports/compatible/analyze_R2_UC_42_selected__e6ad53ed2a29d873/metrics.csv
new_p3_training,True,tuned,UC,7,R2,3cfd389bbd05ec9201a41c0892e29bf8199198d1b216b9a8061370d4240aa583,bd1488a2d411295d7a2118c50ddcc0b158786123613af1676062e2270d1637d1,9cb89005693b1b70c102178849b740fde00b50c9ba5f3b5530d0e5749ea59837,eca954c21da074c545cb7858315ea39fee0a6f54b19e06474b4f2f91f1666847,8b90aa08a2480ce64e3784f1560ad81adcdab8870ccac0c6e424e34745f74c1e,6031dc4ee08b61c58b35b1efd7d764739d5c7c54dc7cbe9e9a72a1e4a7098596,e2212c40566e21c680a98186ebd8e984aa80d4fd,4d4ad03b827958468b1a231e360c7ad1aa68035c25af068059838ceae6dfa6d6,4eed5150accaf36b5df284edb25b8372418bc9a656e61b99228c4ed8de5d5737,R2_UC_7_selected,95b861671e199f500614b7816f6b86febe1bf98d6b9b3ad3096a3bebca3d9b76,development_holdout,P0,33858,0.9073841312095885,0.5573276625908204,0.49289614895456385,0.26253449337735657,0.5422840944884042,0.9073841312095884,8325,17432,8101,1.1920928955078125e-07,70db5a685a08071948b98d0a418408f89bf6cd484e9dd2e26f5804ddd0f1b62c,rtx3090,14e9fdbcf9439e3e6cd736ba1599f421aba531ea,runs/exports/compatible/analyze_R2_UC_7_selected__18ca681a4f982a67/metrics.csv
new_p3_training,True,tuned,UC,7,R2,3cfd389bbd05ec9201a41c0892e29bf8199198d1b216b9a8061370d4240aa583,bd1488a2d411295d7a2118c50ddcc0b158786123613af1676062e2270d1637d1,9cb89005693b1b70c102178849b740fde00b50c9ba5f3b5530d0e5749ea59837,eca954c21da074c545cb7858315ea39fee0a6f54b19e06474b4f2f91f1666847,8b90aa08a2480ce64e3784f1560ad81adcdab8870ccac0c6e424e34745f74c1e,6031dc4ee08b61c58b35b1efd7d764739d5c7c54dc7cbe9e9a72a1e4a7098596,e2212c40566e21c680a98186ebd8e984aa80d4fd,4d4ad03b827958468b1a231e360c7ad1aa68035c25af068059838ceae6dfa6d6,4eed5150accaf36b5df284edb25b8372418bc9a656e61b99228c4ed8de5d5737,R2_UC_7_selected,95b861671e199f500614b7816f6b86febe1bf98d6b9b3ad3096a3bebca3d9b76,development_holdout,P1,32561,0.905768156336074,0.5575074475599644,0.49661183809873827,0.2703598576416826,0.5419419159657596,0.9055850669704332,8261,16258,8042,1.1920928955078125e-07,d9303d486daeae9cc749c769c795a108f93c675ac28174151a636cf620c04373,rtx3090,14e9fdbcf9439e3e6cd736ba1599f421aba531ea,runs/exports/compatible/analyze_R2_UC_7_selected__18ca681a4f982a67/metrics.csv
new_p3_training,True,tuned,UC,7,R2,3cfd389bbd05ec9201a41c0892e29bf8199198d1b216b9a8061370d4240aa583,bd1488a2d411295d7a2118c50ddcc0b158786123613af1676062e2270d1637d1,9cb89005693b1b70c102178849b740fde00b50c9ba5f3b5530d0e5749ea59837,eca954c21da074c545cb7858315ea39fee0a6f54b19e06474b4f2f91f1666847,8b90aa08a2480ce64e3784f1560ad81adcdab8870ccac0c6e424e34745f74c1e,6031dc4ee08b61c58b35b1efd7d764739d5c7c54dc7cbe9e9a72a1e4a7098596,e2212c40566e21c680a98186ebd8e984aa80d4fd,4d4ad03b827958468b1a231e360c7ad1aa68035c25af068059838ceae6dfa6d6,4eed5150accaf36b5df284edb25b8372418bc9a656e61b99228c4ed8de5d5737,R2_UC_7_selected,95b861671e199f500614b7816f6b86febe1bf98d6b9b3ad3096a3bebca3d9b76,development_holdout,P2,29403,0.907514980084351,0.5583103764921947,0.49286816177895587,0.2629356334722726,0.5423305764599725,0.9075149800843509,7280,15057,7066,1.1920928955078125e-07,4b94c438f97717c8ed62640318ae0af1259fcd69aa21daf1db73d8adb873ceb3,rtx3090,14e9fdbcf9439e3e6cd736ba1599f421aba531ea,runs/exports/compatible/analyze_R2_UC_7_selected__18ca681a4f982a67/metrics.csv
new_p3_training,True,tuned,UC,7,R2,3cfd389bbd05ec9201a41c0892e29bf8199198d1b216b9a8061370d4240aa583,bd1488a2d411295d7a2118c50ddcc0b158786123613af1676062e2270d1637d1,9cb89005693b1b70c102178849b740fde00b50c9ba5f3b5530d0e5749ea59837,eca954c21da074c545cb7858315ea39fee0a6f54b19e06474b4f2f91f1666847,8b90aa08a2480ce64e3784f1560ad81adcdab8870ccac0c6e424e34745f74c1e,6031dc4ee08b61c58b35b1efd7d764739d5c7c54dc7cbe9e9a72a1e4a7098596,e2212c40566e21c680a98186ebd8e984aa80d4fd,4d4ad03b827958468b1a231e360c7ad1aa68035c25af068059838ceae6dfa6d6,4eed5150accaf36b5df284edb25b8372418bc9a656e61b99228c4ed8de5d5737,R2_UC_7_selected,95b861671e199f500614b7816f6b86febe1bf98d6b9b3ad3096a3bebca3d9b76,development_holdout,P3,29027,0.9024098163649212,0.5610293864333207,0.4951725598214751,0.2677085928403673,0.5396643271074197,0.9022560909515688,7218,14800,7009,1.1920928955078125e-07,77070f04c903d6eb125a7699bbfe1728867dae1d1700d33b77fbde588247df6e,rtx3090,14e9fdbcf9439e3e6cd736ba1599f421aba531ea,runs/exports/compatible/analyze_R2_UC_7_selected__18ca681a4f982a67/metrics.csv
new_p3_training,True,tuned,UC,7,R2,3cfd389bbd05ec9201a41c0892e29bf8199198d1b216b9a8061370d4240aa583,bd1488a2d411295d7a2118c50ddcc0b158786123613af1676062e2270d1637d1,9cb89005693b1b70c102178849b740fde00b50c9ba5f3b5530d0e5749ea59837,eca954c21da074c545cb7858315ea39fee0a6f54b19e06474b4f2f91f1666847,8b90aa08a2480ce64e3784f1560ad81adcdab8870ccac0c6e424e34745f74c1e,6031dc4ee08b61c58b35b1efd7d764739d5c7c54dc7cbe9e9a72a1e4a7098596,e2212c40566e21c680a98186ebd8e984aa80d4fd,4d4ad03b827958468b1a231e360c7ad1aa68035c25af068059838ceae6dfa6d6,4eed5150accaf36b5df284edb25b8372418bc9a656e61b99228c4ed8de5d5737,R2_UC_7_selected,95b861671e199f500614b7816f6b86febe1bf98d6b9b3ad3096a3bebca3d9b76,validation,P0,50274,0.9167871484085026,0.5468035167283287,0.48587616154070656,0.2543082814750592,0.5497088343339129,0.9167871484085027,12799,24976,12499,1.1920928977282585e-07,351db49e9397c5aaf1d2ff78be53be487f53d95db418517d0737b61bf998661a,rtx3090,14e9fdbcf9439e3e6cd736ba1599f421aba531ea,runs/exports/compatible/analyze_R2_UC_7_selected__18ca681a4f982a67/metrics.csv
new_p3_training,True,tuned,UC,7,R2,3cfd389bbd05ec9201a41c0892e29bf8199198d1b216b9a8061370d4240aa583,bd1488a2d411295d7a2118c50ddcc0b158786123613af1676062e2270d1637d1,9cb89005693b1b70c102178849b740fde00b50c9ba5f3b5530d0e5749ea59837,eca954c21da074c545cb7858315ea39fee0a6f54b19e06474b4f2f91f1666847,8b90aa08a2480ce64e3784f1560ad81adcdab8870ccac0c6e424e34745f74c1e,6031dc4ee08b61c58b35b1efd7d764739d5c7c54dc7cbe9e9a72a1e4a7098596,e2212c40566e21c680a98186ebd8e984aa80d4fd,4d4ad03b827958468b1a231e360c7ad1aa68035c25af068059838ceae6dfa6d6,4eed5150accaf36b5df284edb25b8372418bc9a656e61b99228c4ed8de5d5737,R2_UC_7_selected,95b861671e199f500614b7816f6b86febe1bf98d6b9b3ad3096a3bebca3d9b76,validation,P1,48400,0.9159817638317063,0.5464669421487603,0.4889036389608368,0.2615270472036589,0.549995003169829,0.9165295671514456,12696,23291,12413,1.1920928977282585e-07,cc97ad4e897fce10b6b08cef548c9540c1fda18271692a3277337d89bfe87a6a,rtx3090,14e9fdbcf9439e3e6cd736ba1599f421aba531ea,runs/exports/compatible/analyze_R2_UC_7_selected__18ca681a4f982a67/metrics.csv
new_p3_training,True,tuned,UC,7,R2,3cfd389bbd05ec9201a41c0892e29bf8199198d1b216b9a8061370d4240aa583,bd1488a2d411295d7a2118c50ddcc0b158786123613af1676062e2270d1637d1,9cb89005693b1b70c102178849b740fde00b50c9ba5f3b5530d0e5749ea59837,eca954c21da074c545cb7858315ea39fee0a6f54b19e06474b4f2f91f1666847,8b90aa08a2480ce64e3784f1560ad81adcdab8870ccac0c6e424e34745f74c1e,6031dc4ee08b61c58b35b1efd7d764739d5c7c54dc7cbe9e9a72a1e4a7098596,e2212c40566e21c680a98186ebd8e984aa80d4fd,4d4ad03b827958468b1a231e360c7ad1aa68035c25af068059838ceae6dfa6d6,4eed5150accaf36b5df284edb25b8372418bc9a656e61b99228c4ed8de5d5737,R2_UC_7_selected,95b861671e199f500614b7816f6b86febe1bf98d6b9b3ad3096a3bebca3d9b76,validation,P2,43659,0.9188757269190317,0.5458668315811173,0.48481503115414865,0.25414308984594647,0.5510775548722618,0.9188757269190319,11264,21415,10980,1.1920928977282585e-07,e194637cc71b37d4be4236a10ea9794b4a5c1496d39046931e082af60d40c108,rtx3090,14e9fdbcf9439e3e6cd736ba1599f421aba531ea,runs/exports/compatible/analyze_R2_UC_7_selected__18ca681a4f982a67/metrics.csv
new_p3_training,True,tuned,UC,7,R2,3cfd389bbd05ec9201a41c0892e29bf8199198d1b216b9a8061370d4240aa583,bd1488a2d411295d7a2118c50ddcc0b158786123613af1676062e2270d1637d1,9cb89005693b1b70c102178849b740fde00b50c9ba5f3b5530d0e5749ea59837,eca954c21da074c545cb7858315ea39fee0a6f54b19e06474b4f2f91f1666847,8b90aa08a2480ce64e3784f1560ad81adcdab8870ccac0c6e424e34745f74c1e,6031dc4ee08b61c58b35b1efd7d764739d5c7c54dc7cbe9e9a72a1e4a7098596,e2212c40566e21c680a98186ebd8e984aa80d4fd,4d4ad03b827958468b1a231e360c7ad1aa68035c25af068059838ceae6dfa6d6,4eed5150accaf36b5df284edb25b8372418bc9a656e61b99228c4ed8de5d5737,R2_UC_7_selected,95b861671e199f500614b7816f6b86febe1bf98d6b9b3ad3096a3bebca3d9b76,validation,P3,43147,0.9144454946752778,0.5478712309082903,0.4862809532693575,0.2576767057486394,0.5488509380794115,0.9150668163198823,11162,21089,10896,1.1920928977282585e-07,2e30f2ac6038409f7b01c61bb1e9e2c4b4577584a710c4b40e45c6cafc4c5198,rtx3090,14e9fdbcf9439e3e6cd736ba1599f421aba531ea,runs/exports/compatible/analyze_R2_UC_7_selected__18ca681a4f982a67/metrics.csv
new_p3_training,True,tuned,UA,123,R3,3cfd389bbd05ec9201a41c0892e29bf8199198d1b216b9a8061370d4240aa583,bd1488a2d411295d7a2118c50ddcc0b158786123613af1676062e2270d1637d1,9cb89005693b1b70c102178849b740fde00b50c9ba5f3b5530d0e5749ea59837,eca954c21da074c545cb7858315ea39fee0a6f54b19e06474b4f2f91f1666847,c40aaf80f5be3be16016d797963cb563e35b93083df451f9827f99cfadc3c898,6031dc4ee08b61c58b35b1efd7d764739d5c7c54dc7cbe9e9a72a1e4a7098596,e2212c40566e21c680a98186ebd8e984aa80d4fd,4d4ad03b827958468b1a231e360c7ad1aa68035c25af068059838ceae6dfa6d6,15dc2a739fd24113c54001401a8454dc873236f3e6bfa96d6ad42dea3150a7b9,R3_UA_123_selected,bd995b31a70a596f6956f11e4ac48b7115ada3639820bcf154f9af847317801b,development_holdout,P0,33858,0.9434956827445926,0.5363577293401854,0.4769695646211258,0.24278028352565414,0.5657965235426199,0.9434956827445925,8855,16319,8684,1.1920928966180355e-07,3b5a039342a119a0473afefb0f6e1dfbc9afa0fa416203e4f2ee1e684113a26e,rtx3090,14e9fdbcf9439e3e6cd736ba1599f421aba531ea,runs/exports/compatible/analyze_R3_UA_123_selected__ae2adc8912c8de92/metrics.csv
new_p3_training,True,tuned,UA,123,R3,3cfd389bbd05ec9201a41c0892e29bf8199198d1b216b9a8061370d4240aa583,bd1488a2d411295d7a2118c50ddcc0b158786123613af1676062e2270d1637d1,9cb89005693b1b70c102178849b740fde00b50c9ba5f3b5530d0e5749ea59837,eca954c21da074c545cb7858315ea39fee0a6f54b19e06474b4f2f91f1666847,c40aaf80f5be3be16016d797963cb563e35b93083df451f9827f99cfadc3c898,6031dc4ee08b61c58b35b1efd7d764739d5c7c54dc7cbe9e9a72a1e4a7098596,e2212c40566e21c680a98186ebd8e984aa80d4fd,4d4ad03b827958468b1a231e360c7ad1aa68035c25af068059838ceae6dfa6d6,15dc2a739fd24113c54001401a8454dc873236f3e6bfa96d6ad42dea3150a7b9,R3_UA_123_selected,bd995b31a70a596f6956f11e4ac48b7115ada3639820bcf154f9af847317801b,development_holdout,P1,32038,0.9399141699825871,0.5372994568949373,0.48160056380230665,0.2548709818077526,0.564834553563154,0.9413307294021932,8689,14807,8542,1.1920928966180355e-07,c15ee161f2a2ba6372f22252c56d96e82feda1956f5be311873865a9371fe890,rtx3090,14e9fdbcf9439e3e6cd736ba1599f421aba531ea,runs/exports/compatible/analyze_R3_UA_123_selected__ae2adc8912c8de92/metrics.csv
new_p3_training,True,tuned,UA,123,R3,3cfd389bbd05ec9201a41c0892e29bf8199198d1b216b9a8061370d4240aa583,bd1488a2d411295d7a2118c50ddcc0b158786123613af1676062e2270d1637d1,9cb89005693b1b70c102178849b740fde00b50c9ba5f3b5530d0e5749ea59837,eca954c21da074c545cb7858315ea39fee0a6f54b19e06474b4f2f91f1666847,c40aaf80f5be3be16016d797963cb563e35b93083df451f9827f99cfadc3c898,6031dc4ee08b61c58b35b1efd7d764739d5c7c54dc7cbe9e9a72a1e4a7098596,e2212c40566e21c680a98186ebd8e984aa80d4fd,4d4ad03b827958468b1a231e360c7ad1aa68035c25af068059838ceae6dfa6d6,15dc2a739fd24113c54001401a8454dc873236f3e6bfa96d6ad42dea3150a7b9,R3_UA_123_selected,bd995b31a70a596f6956f11e4ac48b7115ada3639820bcf154f9af847317801b,development_holdout,P2,29403,0.9472188048161266,0.5346733326531307,0.4764045477581476,0.24151976498358071,0.5681828384734331,0.9472188048161266,7734,14046,7623,1.1920928966180355e-07,162ca98a58d310271f2279c08752fe9105cc24fa70393bb77bf79db85e6db31c,rtx3090,14e9fdbcf9439e3e6cd736ba1599f421aba531ea,runs/exports/compatible/analyze_R3_UA_123_selected__ae2adc8912c8de92/metrics.csv
new_p3_training,True,tuned,UA,123,R3,3cfd389bbd05ec9201a41c0892e29bf8199198d1b216b9a8061370d4240aa583,bd1488a2d411295d7a2118c50ddcc0b158786123613af1676062e2270d1637d1,9cb89005693b1b70c102178849b740fde00b50c9ba5f3b5530d0e5749ea59837,eca954c21da074c545cb7858315ea39fee0a6f54b19e06474b4f2f91f1666847,c40aaf80f5be3be16016d797963cb563e35b93083df451f9827f99cfadc3c898,6031dc4ee08b61c58b35b1efd7d764739d5c7c54dc7cbe9e9a72a1e4a7098596,e2212c40566e21c680a98186ebd8e984aa80d4fd,4d4ad03b827958468b1a231e360c7ad1aa68035c25af068059838ceae6dfa6d6,15dc2a739fd24113c54001401a8454dc873236f3e6bfa96d6ad42dea3150a7b9,R3_UA_123_selected,bd995b31a70a596f6956f11e4ac48b7115ada3639820bcf154f9af847317801b,development_holdout,P3,28540,0.9376913151837816,0.5401541695865452,0.4811288761013621,0.252539413672163,0.563171528659712,0.9392176781684158,7575,13475,7490,1.1920928966180355e-07,e91390053ed14110a94b2fb9d722e1c89c582c7766551be1f756d4b39ebbcadb,rtx3090,14e9fdbcf9439e3e6cd736ba1599f421aba531ea,runs/exports/compatible/analyze_R3_UA_123_selected__ae2adc8912c8de92/metrics.csv
new_p3_training,True,tuned,UA,123,R3,3cfd389bbd05ec9201a41c0892e29bf8199198d1b216b9a8061370d4240aa583,bd1488a2d411295d7a2118c50ddcc0b158786123613af1676062e2270d1637d1,9cb89005693b1b70c102178849b740fde00b50c9ba5f3b5530d0e5749ea59837,eca954c21da074c545cb7858315ea39fee0a6f54b19e06474b4f2f91f1666847,c40aaf80f5be3be16016d797963cb563e35b93083df451f9827f99cfadc3c898,6031dc4ee08b61c58b35b1efd7d764739d5c7c54dc7cbe9e9a72a1e4a7098596,e2212c40566e21c680a98186ebd8e984aa80d4fd,4d4ad03b827958468b1a231e360c7ad1aa68035c25af068059838ceae6dfa6d6,15dc2a739fd24113c54001401a8454dc873236f3e6bfa96d6ad42dea3150a7b9,R3_UA_123_selected,bd995b31a70a596f6956f11e4ac48b7115ada3639820bcf154f9af847317801b,validation,P0,50274,0.9131214243470741,0.553964275768787,0.48165313976168206,0.25323523098287526,0.5463262032174389,0.9131214243470741,12678,25349,12247,1.1920928932873665e-07,e6ffae846de203e716f5b60657dd3c3afb7d3390870a57a815ab55b686b3f526,rtx3090,14e9fdbcf9439e3e6cd736ba1599f421aba531ea,runs/exports/compatible/analyze_R3_UA_123_selected__ae2adc8912c8de92/metrics.csv
new_p3_training,True,tuned,UA,123,R3,3cfd389bbd05ec9201a41c0892e29bf8199198d1b216b9a8061370d4240aa583,bd1488a2d411295d7a2118c50ddcc0b158786123613af1676062e2270d1637d1,9cb89005693b1b70c102178849b740fde00b50c9ba5f3b5530d0e5749ea59837,eca954c21da074c545cb7858315ea39fee0a6f54b19e06474b4f2f91f1666847,c40aaf80f5be3be16016d797963cb563e35b93083df451f9827f99cfadc3c898,6031dc4ee08b61c58b35b1efd7d764739d5c7c54dc7cbe9e9a72a1e4a7098596,e2212c40566e21c680a98186ebd8e984aa80d4fd,4d4ad03b827958468b1a231e360c7ad1aa68035c25af068059838ceae6dfa6d6,15dc2a739fd24113c54001401a8454dc873236f3e6bfa96d6ad42dea3150a7b9,R3_UA_123_selected,bd995b31a70a596f6956f11e4ac48b7115ada3639820bcf154f9af847317801b,validation,P1,48331,0.9143171107312348,0.5513645486333824,0.4835124316421788,0.2588009809944426,0.5480226846473879,0.9144009386224897,12578,23596,12157,1.1920928932873665e-07,52ffe49bb0941073b0ffc3a87504ad691263fbdb77ce6465a992afc825a341f1,rtx3090,14e9fdbcf9439e3e6cd736ba1599f421aba531ea,runs/exports/compatible/analyze_R3_UA_123_selected__ae2adc8912c8de92/metrics.csv
new_p3_training,True,tuned,UA,123,R3,3cfd389bbd05ec9201a41c0892e29bf8199198d1b216b9a8061370d4240aa583,bd1488a2d411295d7a2118c50ddcc0b158786123613af1676062e2270d1637d1,9cb89005693b1b70c102178849b740fde00b50c9ba5f3b5530d0e5749ea59837,eca954c21da074c545cb7858315ea39fee0a6f54b19e06474b4f2f91f1666847,c40aaf80f5be3be16016d797963cb563e35b93083df451f9827f99cfadc3c898,6031dc4ee08b61c58b35b1efd7d764739d5c7c54dc7cbe9e9a72a1e4a7098596,e2212c40566e21c680a98186ebd8e984aa80d4fd,4d4ad03b827958468b1a231e360c7ad1aa68035c25af068059838ceae6dfa6d6,15dc2a739fd24113c54001401a8454dc873236f3e6bfa96d6ad42dea3150a7b9,R3_UA_123_selected,bd995b31a70a596f6956f11e4ac48b7115ada3639820bcf154f9af847317801b,validation,P2,43659,0.9169367139167227,0.5498064545683593,0.47821918511817946,0.24782346236897715,0.5488211553873157,0.9169367139167227,11118,21829,10712,1.1920928932873665e-07,acfbe6fddc0dcd7e153fdf12d599e984cdc3aafeda60265c358c1c265613e39c,rtx3090,14e9fdbcf9439e3e6cd736ba1599f421aba531ea,runs/exports/compatible/analyze_R3_UA_123_selected__ae2adc8912c8de92/metrics.csv
new_p3_training,True,tuned,UA,123,R3,3cfd389bbd05ec9201a41c0892e29bf8199198d1b216b9a8061370d4240aa583,bd1488a2d411295d7a2118c50ddcc0b158786123613af1676062e2270d1637d1,9cb89005693b1b70c102178849b740fde00b50c9ba5f3b5530d0e5749ea59837,eca954c21da074c545cb7858315ea39fee0a6f54b19e06474b4f2f91f1666847,c40aaf80f5be3be16016d797963cb563e35b93083df451f9827f99cfadc3c898,6031dc4ee08b61c58b35b1efd7d764739d5c7c54dc7cbe9e9a72a1e4a7098596,e2212c40566e21c680a98186ebd8e984aa80d4fd,4d4ad03b827958468b1a231e360c7ad1aa68035c25af068059838ceae6dfa6d6,15dc2a739fd24113c54001401a8454dc873236f3e6bfa96d6ad42dea3150a7b9,R3_UA_123_selected,bd995b31a70a596f6956f11e4ac48b7115ada3639820bcf154f9af847317801b,validation,P3,43085,0.9116553269131633,0.5526285250087037,0.4805608387560321,0.2532400878722007,0.5461216066890469,0.9118245576667939,11020,21441,10624,1.1920928932873665e-07,d36315d44e40b39380b3635d00220393a45e106e5cf35568c394eba40972f962,rtx3090,14e9fdbcf9439e3e6cd736ba1599f421aba531ea,runs/exports/compatible/analyze_R3_UA_123_selected__ae2adc8912c8de92/metrics.csv
new_p3_training,True,tuned,UA,42,R3,3cfd389bbd05ec9201a41c0892e29bf8199198d1b216b9a8061370d4240aa583,bd1488a2d411295d7a2118c50ddcc0b158786123613af1676062e2270d1637d1,9cb89005693b1b70c102178849b740fde00b50c9ba5f3b5530d0e5749ea59837,eca954c21da074c545cb7858315ea39fee0a6f54b19e06474b4f2f91f1666847,c40aaf80f5be3be16016d797963cb563e35b93083df451f9827f99cfadc3c898,6031dc4ee08b61c58b35b1efd7d764739d5c7c54dc7cbe9e9a72a1e4a7098596,e2212c40566e21c680a98186ebd8e984aa80d4fd,4d4ad03b827958468b1a231e360c7ad1aa68035c25af068059838ceae6dfa6d6,3bff87da5576071831a2b7a70fcb851eafd1ea169dde24087d1fc2e323bd4ace,R3_UA_42_selected,012ae9a8c5fdfd3b029817893c159ce055acdbfd6bcbef62811616dfef0a4fc1,development_holdout,P0,33858,0.9440599715756364,0.5342016657806131,0.4777573526804275,0.24200899330517728,0.5662766166695042,0.9440599715756365,8855,16319,8684,1.1920928932873665e-07,3b5a039342a119a0473afefb0f6e1dfbc9afa0fa416203e4f2ee1e684113a26e,rtx3090,14e9fdbcf9439e3e6cd736ba1599f421aba531ea,runs/exports/compatible/analyze_R3_UA_42_selected__224ed0f90f7889c5/metrics.csv
new_p3_training,True,tuned,UA,42,R3,3cfd389bbd05ec9201a41c0892e29bf8199198d1b216b9a8061370d4240aa583,bd1488a2d411295d7a2118c50ddcc0b158786123613af1676062e2270d1637d1,9cb89005693b1b70c102178849b740fde00b50c9ba5f3b5530d0e5749ea59837,eca954c21da074c545cb7858315ea39fee0a6f54b19e06474b4f2f91f1666847,c40aaf80f5be3be16016d797963cb563e35b93083df451f9827f99cfadc3c898,6031dc4ee08b61c58b35b1efd7d764739d5c7c54dc7cbe9e9a72a1e4a7098596,e2212c40566e21c680a98186ebd8e984aa80d4fd,4d4ad03b827958468b1a231e360c7ad1aa68035c25af068059838ceae6dfa6d6,3bff87da5576071831a2b7a70fcb851eafd1ea169dde24087d1fc2e323bd4ace,R3_UA_42_selected,012ae9a8c5fdfd3b029817893c159ce055acdbfd6bcbef62811616dfef0a4fc1,development_holdout,P1,32038,0.9409922956162224,0.5358636619014919,0.48288738172788825,0.25438942266830267,0.5652670719978667,0.942564184840766,8689,14807,8542,1.1920928932873665e-07,c15ee161f2a2ba6372f22252c56d96e82feda1956f5be311873865a9371fe890,rtx3090,14e9fdbcf9439e3e6cd736ba1599f421aba531ea,runs/exports/compatible/analyze_R3_UA_42_selected__224ed0f90f7889c5/metrics.csv
new_p3_training,True,tuned,UA,42,R3,3cfd389bbd05ec9201a41c0892e29bf8199198d1b216b9a8061370d4240aa583,bd1488a2d411295d7a2118c50ddcc0b158786123613af1676062e2270d1637d1,9cb89005693b1b70c102178849b740fde00b50c9ba5f3b5530d0e5749ea59837,eca954c21da074c545cb7858315ea39fee0a6f54b19e06474b4f2f91f1666847,c40aaf80f5be3be16016d797963cb563e35b93083df451f9827f99cfadc3c898,6031dc4ee08b61c58b35b1efd7d764739d5c7c54dc7cbe9e9a72a1e4a7098596,e2212c40566e21c680a98186ebd8e984aa80d4fd,4d4ad03b827958468b1a231e360c7ad1aa68035c25af068059838ceae6dfa6d6,3bff87da5576071831a2b7a70fcb851eafd1ea169dde24087d1fc2e323bd4ace,R3_UA_42_selected,012ae9a8c5fdfd3b029817893c159ce055acdbfd6bcbef62811616dfef0a4fc1,development_holdout,P2,29403,0.947201649842472,0.5327687650919974,0.4773436893306798,0.2409232669031585,0.5683400530332048,0.9472016498424717,7734,14046,7623,1.1920928932873665e-07,162ca98a58d310271f2279c08752fe9105cc24fa70393bb77bf79db85e6db31c,rtx3090,14e9fdbcf9439e3e6cd736ba1599f421aba531ea,runs/exports/compatible/analyze_R3_UA_42_selected__224ed0f90f7889c5/metrics.csv
new_p3_training,True,tuned,UA,42,R3,3cfd389bbd05ec9201a41c0892e29bf8199198d1b216b9a8061370d4240aa583,bd1488a2d411295d7a2118c50ddcc0b158786123613af1676062e2270d1637d1,9cb89005693b1b70c102178849b740fde00b50c9ba5f3b5530d0e5749ea59837,eca954c21da074c545cb7858315ea39fee0a6f54b19e06474b4f2f91f1666847,c40aaf80f5be3be16016d797963cb563e35b93083df451f9827f99cfadc3c898,6031dc4ee08b61c58b35b1efd7d764739d5c7c54dc7cbe9e9a72a1e4a7098596,e2212c40566e21c680a98186ebd8e984aa80d4fd,4d4ad03b827958468b1a231e360c7ad1aa68035c25af068059838ceae6dfa6d6,3bff87da5576071831a2b7a70fcb851eafd1ea169dde24087d1fc2e323bd4ace,R3_UA_42_selected,012ae9a8c5fdfd3b029817893c159ce055acdbfd6bcbef62811616dfef0a4fc1,development_holdout,P3,28540,0.9383915574530832,0.5384022424667134,0.48223591537102256,0.2517592323887919,0.5634141862489858,0.9400135739600357,7575,13475,7490,1.1920928932873665e-07,e91390053ed14110a94b2fb9d722e1c89c582c7766551be1f756d4b39ebbcadb,rtx3090,14e9fdbcf9439e3e6cd736ba1599f421aba531ea,runs/exports/compatible/analyze_R3_UA_42_selected__224ed0f90f7889c5/metrics.csv
new_p3_training,True,tuned,UA,42,R3,3cfd389bbd05ec9201a41c0892e29bf8199198d1b216b9a8061370d4240aa583,bd1488a2d411295d7a2118c50ddcc0b158786123613af1676062e2270d1637d1,9cb89005693b1b70c102178849b740fde00b50c9ba5f3b5530d0e5749ea59837,eca954c21da074c545cb7858315ea39fee0a6f54b19e06474b4f2f91f1666847,c40aaf80f5be3be16016d797963cb563e35b93083df451f9827f99cfadc3c898,6031dc4ee08b61c58b35b1efd7d764739d5c7c54dc7cbe9e9a72a1e4a7098596,e2212c40566e21c680a98186ebd8e984aa80d4fd,4d4ad03b827958468b1a231e360c7ad1aa68035c25af068059838ceae6dfa6d6,3bff87da5576071831a2b7a70fcb851eafd1ea169dde24087d1fc2e323bd4ace,R3_UA_42_selected,012ae9a8c5fdfd3b029817893c159ce055acdbfd6bcbef62811616dfef0a4fc1,validation,P0,50274,0.9134923913185768,0.5538250387874448,0.4839952661660473,0.25537167651462045,0.5467029601255959,0.9134923913185768,12678,25349,12247,1.1920928977282585e-07,e6ffae846de203e716f5b60657dd3c3afb7d3390870a57a815ab55b686b3f526,rtx3090,14e9fdbcf9439e3e6cd736ba1599f421aba531ea,runs/exports/compatible/analyze_R3_UA_42_selected__224ed0f90f7889c5/metrics.csv
new_p3_training,True,tuned,UA,42,R3,3cfd389bbd05ec9201a41c0892e29bf8199198d1b216b9a8061370d4240aa583,bd1488a2d411295d7a2118c50ddcc0b158786123613af1676062e2270d1637d1,9cb89005693b1b70c102178849b740fde00b50c9ba5f3b5530d0e5749ea59837,eca954c21da074c545cb7858315ea39fee0a6f54b19e06474b4f2f91f1666847,c40aaf80f5be3be16016d797963cb563e35b93083df451f9827f99cfadc3c898,6031dc4ee08b61c58b35b1efd7d764739d5c7c54dc7cbe9e9a72a1e4a7098596,e2212c40566e21c680a98186ebd8e984aa80d4fd,4d4ad03b827958468b1a231e360c7ad1aa68035c25af068059838ceae6dfa6d6,3bff87da5576071831a2b7a70fcb851eafd1ea169dde24087d1fc2e323bd4ace,R3_UA_42_selected,012ae9a8c5fdfd3b029817893c159ce055acdbfd6bcbef62811616dfef0a4fc1,validation,P1,48331,0.9152471749817358,0.5516749084438559,0.48617575738088975,0.26124524434480406,0.5484451921364529,0.9152588299178129,12578,23596,12157,1.1920928977282585e-07,52ffe49bb0941073b0ffc3a87504ad691263fbdb77ce6465a992afc825a341f1,rtx3090,14e9fdbcf9439e3e6cd736ba1599f421aba531ea,runs/exports/compatible/analyze_R3_UA_42_selected__224ed0f90f7889c5/metrics.csv
new_p3_training,True,tuned,UA,42,R3,3cfd389bbd05ec9201a41c0892e29bf8199198d1b216b9a8061370d4240aa583,bd1488a2d411295d7a2118c50ddcc0b158786123613af1676062e2270d1637d1,9cb89005693b1b70c102178849b740fde00b50c9ba5f3b5530d0e5749ea59837,eca954c21da074c545cb7858315ea39fee0a6f54b19e06474b4f2f91f1666847,c40aaf80f5be3be16016d797963cb563e35b93083df451f9827f99cfadc3c898,6031dc4ee08b61c58b35b1efd7d764739d5c7c54dc7cbe9e9a72a1e4a7098596,e2212c40566e21c680a98186ebd8e984aa80d4fd,4d4ad03b827958468b1a231e360c7ad1aa68035c25af068059838ceae6dfa6d6,3bff87da5576071831a2b7a70fcb851eafd1ea169dde24087d1fc2e323bd4ace,R3_UA_42_selected,012ae9a8c5fdfd3b029817893c159ce055acdbfd6bcbef62811616dfef0a4fc1,validation,P2,43659,0.9165276235972871,0.5495545019354543,0.4806318133425434,0.24974157068584385,0.5488001434361048,0.916527623597287,11118,21829,10712,1.1920928932873665e-07,acfbe6fddc0dcd7e153fdf12d599e984cdc3aafeda60265c358c1c265613e39c,rtx3090,14e9fdbcf9439e3e6cd736ba1599f421aba531ea,runs/exports/compatible/analyze_R3_UA_42_selected__224ed0f90f7889c5/metrics.csv
new_p3_training,True,tuned,UA,42,R3,3cfd389bbd05ec9201a41c0892e29bf8199198d1b216b9a8061370d4240aa583,bd1488a2d411295d7a2118c50ddcc0b158786123613af1676062e2270d1637d1,9cb89005693b1b70c102178849b740fde00b50c9ba5f3b5530d0e5749ea59837,eca954c21da074c545cb7858315ea39fee0a6f54b19e06474b4f2f91f1666847,c40aaf80f5be3be16016d797963cb563e35b93083df451f9827f99cfadc3c898,6031dc4ee08b61c58b35b1efd7d764739d5c7c54dc7cbe9e9a72a1e4a7098596,e2212c40566e21c680a98186ebd8e984aa80d4fd,4d4ad03b827958468b1a231e360c7ad1aa68035c25af068059838ceae6dfa6d6,3bff87da5576071831a2b7a70fcb851eafd1ea169dde24087d1fc2e323bd4ace,R3_UA_42_selected,012ae9a8c5fdfd3b029817893c159ce055acdbfd6bcbef62811616dfef0a4fc1,validation,P3,43085,0.9120265007427606,0.5522571660670768,0.4829551007887962,0.25488731303468104,0.5463619428324898,0.9121144709373381,11020,21441,10624,1.1920928932873665e-07,d36315d44e40b39380b3635d00220393a45e106e5cf35568c394eba40972f962,rtx3090,14e9fdbcf9439e3e6cd736ba1599f421aba531ea,runs/exports/compatible/analyze_R3_UA_42_selected__224ed0f90f7889c5/metrics.csv
new_p3_training,True,tuned,UA,7,R3,3cfd389bbd05ec9201a41c0892e29bf8199198d1b216b9a8061370d4240aa583,bd1488a2d411295d7a2118c50ddcc0b158786123613af1676062e2270d1637d1,9cb89005693b1b70c102178849b740fde00b50c9ba5f3b5530d0e5749ea59837,eca954c21da074c545cb7858315ea39fee0a6f54b19e06474b4f2f91f1666847,c40aaf80f5be3be16016d797963cb563e35b93083df451f9827f99cfadc3c898,6031dc4ee08b61c58b35b1efd7d764739d5c7c54dc7cbe9e9a72a1e4a7098596,e2212c40566e21c680a98186ebd8e984aa80d4fd,4d4ad03b827958468b1a231e360c7ad1aa68035c25af068059838ceae6dfa6d6,1c2a0b828a698273b3c8b45532398e4bfe29534a6c2e0bef6cf2c84f8baa5f93,R3_UA_7_selected,c2c650cc7db4b5356eb4c2ba25eaf9860387a614992303a321be65940bb34284,development_holdout,P0,33858,0.9436523960158074,0.5346742276566838,0.48176713860351356,0.24403336605301582,0.5663045633523162,0.9436523960158074,8855,16319,8684,1.1920928955078125e-07,3b5a039342a119a0473afefb0f6e1dfbc9afa0fa416203e4f2ee1e684113a26e,rtx3090,14e9fdbcf9439e3e6cd736ba1599f421aba531ea,runs/exports/compatible/analyze_R3_UA_7_selected__b0ae003c785c8cef/metrics.csv
new_p3_training,True,tuned,UA,7,R3,3cfd389bbd05ec9201a41c0892e29bf8199198d1b216b9a8061370d4240aa583,bd1488a2d411295d7a2118c50ddcc0b158786123613af1676062e2270d1637d1,9cb89005693b1b70c102178849b740fde00b50c9ba5f3b5530d0e5749ea59837,eca954c21da074c545cb7858315ea39fee0a6f54b19e06474b4f2f91f1666847,c40aaf80f5be3be16016d797963cb563e35b93083df451f9827f99cfadc3c898,6031dc4ee08b61c58b35b1efd7d764739d5c7c54dc7cbe9e9a72a1e4a7098596,e2212c40566e21c680a98186ebd8e984aa80d4fd,4d4ad03b827958468b1a231e360c7ad1aa68035c25af068059838ceae6dfa6d6,1c2a0b828a698273b3c8b45532398e4bfe29534a6c2e0bef6cf2c84f8baa5f93,R3_UA_7_selected,c2c650cc7db4b5356eb4c2ba25eaf9860387a614992303a321be65940bb34284,development_holdout,P1,32038,0.9393014248003259,0.536394281790374,0.4868677859416584,0.2561262852843663,0.5647966063544221,0.9407156834170364,8689,14807,8542,1.1920928955078125e-07,c15ee161f2a2ba6372f22252c56d96e82feda1956f5be311873865a9371fe890,rtx3090,14e9fdbcf9439e3e6cd736ba1599f421aba531ea,runs/exports/compatible/analyze_R3_UA_7_selected__b0ae003c785c8cef/metrics.csv
new_p3_training,True,tuned,UA,7,R3,3cfd389bbd05ec9201a41c0892e29bf8199198d1b216b9a8061370d4240aa583,bd1488a2d411295d7a2118c50ddcc0b158786123613af1676062e2270d1637d1,9cb89005693b1b70c102178849b740fde00b50c9ba5f3b5530d0e5749ea59837,eca954c21da074c545cb7858315ea39fee0a6f54b19e06474b4f2f91f1666847,c40aaf80f5be3be16016d797963cb563e35b93083df451f9827f99cfadc3c898,6031dc4ee08b61c58b35b1efd7d764739d5c7c54dc7cbe9e9a72a1e4a7098596,e2212c40566e21c680a98186ebd8e984aa80d4fd,4d4ad03b827958468b1a231e360c7ad1aa68035c25af068059838ceae6dfa6d6,1c2a0b828a698273b3c8b45532398e4bfe29534a6c2e0bef6cf2c84f8baa5f93,R3_UA_7_selected,c2c650cc7db4b5356eb4c2ba25eaf9860387a614992303a321be65940bb34284,development_holdout,P2,29403,0.9466488208553568,0.5342312008978676,0.48187661356527595,0.24447176548190946,0.5681632050958463,0.9466488208553568,7734,14046,7623,1.1920928955078125e-07,162ca98a58d310271f2279c08752fe9105cc24fa70393bb77bf79db85e6db31c,rtx3090,14e9fdbcf9439e3e6cd736ba1599f421aba531ea,runs/exports/compatible/analyze_R3_UA_7_selected__b0ae003c785c8cef/metrics.csv
new_p3_training,True,tuned,UA,7,R3,3cfd389bbd05ec9201a41c0892e29bf8199198d1b216b9a8061370d4240aa583,bd1488a2d411295d7a2118c50ddcc0b158786123613af1676062e2270d1637d1,9cb89005693b1b70c102178849b740fde00b50c9ba5f3b5530d0e5749ea59837,eca954c21da074c545cb7858315ea39fee0a6f54b19e06474b4f2f91f1666847,c40aaf80f5be3be16016d797963cb563e35b93083df451f9827f99cfadc3c898,6031dc4ee08b61c58b35b1efd7d764739d5c7c54dc7cbe9e9a72a1e4a7098596,e2212c40566e21c680a98186ebd8e984aa80d4fd,4d4ad03b827958468b1a231e360c7ad1aa68035c25af068059838ceae6dfa6d6,1c2a0b828a698273b3c8b45532398e4bfe29534a6c2e0bef6cf2c84f8baa5f93,R3_UA_7_selected,c2c650cc7db4b5356eb4c2ba25eaf9860387a614992303a321be65940bb34284,development_holdout,P3,28540,0.9369804278563727,0.5395234758234058,0.48645170514984176,0.2546796470396607,0.5630941341522125,0.9384837603949376,7575,13475,7490,1.1920928955078125e-07,e91390053ed14110a94b2fb9d722e1c89c582c7766551be1f756d4b39ebbcadb,rtx3090,14e9fdbcf9439e3e6cd736ba1599f421aba531ea,runs/exports/compatible/analyze_R3_UA_7_selected__b0ae003c785c8cef/metrics.csv
new_p3_training,True,tuned,UA,7,R3,3cfd389bbd05ec9201a41c0892e29bf8199198d1b216b9a8061370d4240aa583,bd1488a2d411295d7a2118c50ddcc0b158786123613af1676062e2270d1637d1,9cb89005693b1b70c102178849b740fde00b50c9ba5f3b5530d0e5749ea59837,eca954c21da074c545cb7858315ea39fee0a6f54b19e06474b4f2f91f1666847,c40aaf80f5be3be16016d797963cb563e35b93083df451f9827f99cfadc3c898,6031dc4ee08b61c58b35b1efd7d764739d5c7c54dc7cbe9e9a72a1e4a7098596,e2212c40566e21c680a98186ebd8e984aa80d4fd,4d4ad03b827958468b1a231e360c7ad1aa68035c25af068059838ceae6dfa6d6,1c2a0b828a698273b3c8b45532398e4bfe29534a6c2e0bef6cf2c84f8baa5f93,R3_UA_7_selected,c2c650cc7db4b5356eb4c2ba25eaf9860387a614992303a321be65940bb34284,validation,P0,50274,0.9144424411766119,0.5536062378167641,0.48573132989899276,0.255757779397679,0.5471641671794684,0.9144424411766118,12678,25349,12247,1.1920928966180355e-07,e6ffae846de203e716f5b60657dd3c3afb7d3390870a57a815ab55b686b3f526,rtx3090,14e9fdbcf9439e3e6cd736ba1599f421aba531ea,runs/exports/compatible/analyze_R3_UA_7_selected__b0ae003c785c8cef/metrics.csv
new_p3_training,True,tuned,UA,7,R3,3cfd389bbd05ec9201a41c0892e29bf8199198d1b216b9a8061370d4240aa583,bd1488a2d411295d7a2118c50ddcc0b158786123613af1676062e2270d1637d1,9cb89005693b1b70c102178849b740fde00b50c9ba5f3b5530d0e5749ea59837,eca954c21da074c545cb7858315ea39fee0a6f54b19e06474b4f2f91f1666847,c40aaf80f5be3be16016d797963cb563e35b93083df451f9827f99cfadc3c898,6031dc4ee08b61c58b35b1efd7d764739d5c7c54dc7cbe9e9a72a1e4a7098596,e2212c40566e21c680a98186ebd8e984aa80d4fd,4d4ad03b827958468b1a231e360c7ad1aa68035c25af068059838ceae6dfa6d6,1c2a0b828a698273b3c8b45532398e4bfe29534a6c2e0bef6cf2c84f8baa5f93,R3_UA_7_selected,c2c650cc7db4b5356eb4c2ba25eaf9860387a614992303a321be65940bb34284,validation,P1,48331,0.9151227701738991,0.5513438579793507,0.48774490348131816,0.26124949485594495,0.5484601104342398,0.9151937623487084,12578,23596,12157,1.1920928966180355e-07,52ffe49bb0941073b0ffc3a87504ad691263fbdb77ce6465a992afc825a341f1,rtx3090,14e9fdbcf9439e3e6cd736ba1599f421aba531ea,runs/exports/compatible/analyze_R3_UA_7_selected__b0ae003c785c8cef/metrics.csv
new_p3_training,True,tuned,UA,7,R3,3cfd389bbd05ec9201a41c0892e29bf8199198d1b216b9a8061370d4240aa583,bd1488a2d411295d7a2118c50ddcc0b158786123613af1676062e2270d1637d1,9cb89005693b1b70c102178849b740fde00b50c9ba5f3b5530d0e5749ea59837,eca954c21da074c545cb7858315ea39fee0a6f54b19e06474b4f2f91f1666847,c40aaf80f5be3be16016d797963cb563e35b93083df451f9827f99cfadc3c898,6031dc4ee08b61c58b35b1efd7d764739d5c7c54dc7cbe9e9a72a1e4a7098596,e2212c40566e21c680a98186ebd8e984aa80d4fd,4d4ad03b827958468b1a231e360c7ad1aa68035c25af068059838ceae6dfa6d6,1c2a0b828a698273b3c8b45532398e4bfe29534a6c2e0bef6cf2c84f8baa5f93,R3_UA_7_selected,c2c650cc7db4b5356eb4c2ba25eaf9860387a614992303a321be65940bb34284,validation,P2,43659,0.9183323437529478,0.549119311024073,0.48196083070717616,0.24982139833987166,0.5497260772078103,0.918332343752948,11118,21829,10712,1.1920928966180355e-07,acfbe6fddc0dcd7e153fdf12d599e984cdc3aafeda60265c358c1c265613e39c,rtx3090,14e9fdbcf9439e3e6cd736ba1599f421aba531ea,runs/exports/compatible/analyze_R3_UA_7_selected__b0ae003c785c8cef/metrics.csv
new_p3_training,True,tuned,UA,7,R3,3cfd389bbd05ec9201a41c0892e29bf8199198d1b216b9a8061370d4240aa583,bd1488a2d411295d7a2118c50ddcc0b158786123613af1676062e2270d1637d1,9cb89005693b1b70c102178849b740fde00b50c9ba5f3b5530d0e5749ea59837,eca954c21da074c545cb7858315ea39fee0a6f54b19e06474b4f2f91f1666847,c40aaf80f5be3be16016d797963cb563e35b93083df451f9827f99cfadc3c898,6031dc4ee08b61c58b35b1efd7d764739d5c7c54dc7cbe9e9a72a1e4a7098596,e2212c40566e21c680a98186ebd8e984aa80d4fd,4d4ad03b827958468b1a231e360c7ad1aa68035c25af068059838ceae6dfa6d6,1c2a0b828a698273b3c8b45532398e4bfe29534a6c2e0bef6cf2c84f8baa5f93,R3_UA_7_selected,c2c650cc7db4b5356eb4c2ba25eaf9860387a614992303a321be65940bb34284,validation,P3,43085,0.9128802744579398,0.5520482766624115,0.48432672175400054,0.25518081554266964,0.546929866604257,0.9130314749293097,11020,21441,10624,1.1920928966180355e-07,d36315d44e40b39380b3635d00220393a45e106e5cf35568c394eba40972f962,rtx3090,14e9fdbcf9439e3e6cd736ba1599f421aba531ea,runs/exports/compatible/analyze_R3_UA_7_selected__b0ae003c785c8cef/metrics.csv
new_p3_training,True,tuned,UC,123,R3,3cfd389bbd05ec9201a41c0892e29bf8199198d1b216b9a8061370d4240aa583,bd1488a2d411295d7a2118c50ddcc0b158786123613af1676062e2270d1637d1,9cb89005693b1b70c102178849b740fde00b50c9ba5f3b5530d0e5749ea59837,eca954c21da074c545cb7858315ea39fee0a6f54b19e06474b4f2f91f1666847,c40aaf80f5be3be16016d797963cb563e35b93083df451f9827f99cfadc3c898,6031dc4ee08b61c58b35b1efd7d764739d5c7c54dc7cbe9e9a72a1e4a7098596,e2212c40566e21c680a98186ebd8e984aa80d4fd,4d4ad03b827958468b1a231e360c7ad1aa68035c25af068059838ceae6dfa6d6,84f6ca69daadf04be6928767627ac1ca0eb72facd2864d83a1c7567e6ba60ea3,R3_UC_123_selected,dadbfccabccdfd0f88f40a0f73e6518a25d23a325fed7d652875782615cd480b,development_holdout,P0,33858,0.9466534274102224,0.5340539901943411,0.4728398841343305,0.23939837733851219,0.5677477358094166,0.9466534274102225,8855,16319,8684,1.1920928955078125e-07,3b5a039342a119a0473afefb0f6e1dfbc9afa0fa416203e4f2ee1e684113a26e,rtx3090,14e9fdbcf9439e3e6cd736ba1599f421aba531ea,runs/exports/compatible/analyze_R3_UC_123_selected__f95fef24fe82655b/metrics.csv
new_p3_training,True,tuned,UC,123,R3,3cfd389bbd05ec9201a41c0892e29bf8199198d1b216b9a8061370d4240aa583,bd1488a2d411295d7a2118c50ddcc0b158786123613af1676062e2270d1637d1,9cb89005693b1b70c102178849b740fde00b50c9ba5f3b5530d0e5749ea59837,eca954c21da074c545cb7858315ea39fee0a6f54b19e06474b4f2f91f1666847,c40aaf80f5be3be16016d797963cb563e35b93083df451f9827f99cfadc3c898,6031dc4ee08b61c58b35b1efd7d764739d5c7c54dc7cbe9e9a72a1e4a7098596,e2212c40566e21c680a98186ebd8e984aa80d4fd,4d4ad03b827958468b1a231e360c7ad1aa68035c25af068059838ceae6dfa6d6,84f6ca69daadf04be6928767627ac1ca0eb72facd2864d83a1c7567e6ba60ea3,R3_UC_123_selected,dadbfccabccdfd0f88f40a0f73e6518a25d23a325fed7d652875782615cd480b,development_holdout,P1,32038,0.9407679712047669,0.537486734502778,0.4792349520307153,0.2551651571748231,0.5652377320767377,0.942504331881103,8689,14807,8542,1.1920928955078125e-07,c15ee161f2a2ba6372f22252c56d96e82feda1956f5be311873865a9371fe890,rtx3090,14e9fdbcf9439e3e6cd736ba1599f421aba531ea,runs/exports/compatible/analyze_R3_UC_123_selected__f95fef24fe82655b/metrics.csv
new_p3_training,True,tuned,UC,123,R3,3cfd389bbd05ec9201a41c0892e29bf8199198d1b216b9a8061370d4240aa583,bd1488a2d411295d7a2118c50ddcc0b158786123613af1676062e2270d1637d1,9cb89005693b1b70c102178849b740fde00b50c9ba5f3b5530d0e5749ea59837,eca954c21da074c545cb7858315ea39fee0a6f54b19e06474b4f2f91f1666847,c40aaf80f5be3be16016d797963cb563e35b93083df451f9827f99cfadc3c898,6031dc4ee08b61c58b35b1efd7d764739d5c7c54dc7cbe9e9a72a1e4a7098596,e2212c40566e21c680a98186ebd8e984aa80d4fd,4d4ad03b827958468b1a231e360c7ad1aa68035c25af068059838ceae6dfa6d6,84f6ca69daadf04be6928767627ac1ca0eb72facd2864d83a1c7567e6ba60ea3,R3_UC_123_selected,dadbfccabccdfd0f88f40a0f73e6518a25d23a325fed7d652875782615cd480b,development_holdout,P2,29403,0.9500437071350383,0.5322586130666939,0.4694801285920038,0.23709402337018196,0.569720638706519,0.9500437071350382,7734,14046,7623,1.1920928955078125e-07,162ca98a58d310271f2279c08752fe9105cc24fa70393bb77bf79db85e6db31c,rtx3090,14e9fdbcf9439e3e6cd736ba1599f421aba531ea,runs/exports/compatible/analyze_R3_UC_123_selected__f95fef24fe82655b/metrics.csv
new_p3_training,True,tuned,UC,123,R3,3cfd389bbd05ec9201a41c0892e29bf8199198d1b216b9a8061370d4240aa583,bd1488a2d411295d7a2118c50ddcc0b158786123613af1676062e2270d1637d1,9cb89005693b1b70c102178849b740fde00b50c9ba5f3b5530d0e5749ea59837,eca954c21da074c545cb7858315ea39fee0a6f54b19e06474b4f2f91f1666847,c40aaf80f5be3be16016d797963cb563e35b93083df451f9827f99cfadc3c898,6031dc4ee08b61c58b35b1efd7d764739d5c7c54dc7cbe9e9a72a1e4a7098596,e2212c40566e21c680a98186ebd8e984aa80d4fd,4d4ad03b827958468b1a231e360c7ad1aa68035c25af068059838ceae6dfa6d6,84f6ca69daadf04be6928767627ac1ca0eb72facd2864d83a1c7567e6ba60ea3,R3_UC_123_selected,dadbfccabccdfd0f88f40a0f73e6518a25d23a325fed7d652875782615cd480b,development_holdout,P3,28540,0.9393437558128677,0.5390679747722494,0.47510185269131494,0.25013812292096416,0.5639266794948934,0.9411782998757763,7575,13475,7490,1.1920928955078125e-07,e91390053ed14110a94b2fb9d722e1c89c582c7766551be1f756d4b39ebbcadb,rtx3090,14e9fdbcf9439e3e6cd736ba1599f421aba531ea,runs/exports/compatible/analyze_R3_UC_123_selected__f95fef24fe82655b/metrics.csv
new_p3_training,True,tuned,UC,123,R3,3cfd389bbd05ec9201a41c0892e29bf8199198d1b216b9a8061370d4240aa583,bd1488a2d411295d7a2118c50ddcc0b158786123613af1676062e2270d1637d1,9cb89005693b1b70c102178849b740fde00b50c9ba5f3b5530d0e5749ea59837,eca954c21da074c545cb7858315ea39fee0a6f54b19e06474b4f2f91f1666847,c40aaf80f5be3be16016d797963cb563e35b93083df451f9827f99cfadc3c898,6031dc4ee08b61c58b35b1efd7d764739d5c7c54dc7cbe9e9a72a1e4a7098596,e2212c40566e21c680a98186ebd8e984aa80d4fd,4d4ad03b827958468b1a231e360c7ad1aa68035c25af068059838ceae6dfa6d6,84f6ca69daadf04be6928767627ac1ca0eb72facd2864d83a1c7567e6ba60ea3,R3_UC_123_selected,dadbfccabccdfd0f88f40a0f73e6518a25d23a325fed7d652875782615cd480b,validation,P0,50274,0.9128799498493797,0.5526116879500338,0.48123038034169413,0.2537833693353512,0.5463712265659452,0.9128799498493796,12678,25349,12247,1.1920928977282585e-07,e6ffae846de203e716f5b60657dd3c3afb7d3390870a57a815ab55b686b3f526,rtx3090,14e9fdbcf9439e3e6cd736ba1599f421aba531ea,runs/exports/compatible/analyze_R3_UC_123_selected__f95fef24fe82655b/metrics.csv
new_p3_training,True,tuned,UC,123,R3,3cfd389bbd05ec9201a41c0892e29bf8199198d1b216b9a8061370d4240aa583,bd1488a2d411295d7a2118c50ddcc0b158786123613af1676062e2270d1637d1,9cb89005693b1b70c102178849b740fde00b50c9ba5f3b5530d0e5749ea59837,eca954c21da074c545cb7858315ea39fee0a6f54b19e06474b4f2f91f1666847,c40aaf80f5be3be16016d797963cb563e35b93083df451f9827f99cfadc3c898,6031dc4ee08b61c58b35b1efd7d764739d5c7c54dc7cbe9e9a72a1e4a7098596,e2212c40566e21c680a98186ebd8e984aa80d4fd,4d4ad03b827958468b1a231e360c7ad1aa68035c25af068059838ceae6dfa6d6,84f6ca69daadf04be6928767627ac1ca0eb72facd2864d83a1c7567e6ba60ea3,R3_UC_123_selected,dadbfccabccdfd0f88f40a0f73e6518a25d23a325fed7d652875782615cd480b,validation,P1,48331,0.9128371758186337,0.5522335561027084,0.48467540801931447,0.2622884443274109,0.5469936187498116,0.9128811690211395,12578,23596,12157,1.1920928955078125e-07,52ffe49bb0941073b0ffc3a87504ad691263fbdb77ce6465a992afc825a341f1,rtx3090,14e9fdbcf9439e3e6cd736ba1599f421aba531ea,runs/exports/compatible/analyze_R3_UC_123_selected__f95fef24fe82655b/metrics.csv
new_p3_training,True,tuned,UC,123,R3,3cfd389bbd05ec9201a41c0892e29bf8199198d1b216b9a8061370d4240aa583,bd1488a2d411295d7a2118c50ddcc0b158786123613af1676062e2270d1637d1,9cb89005693b1b70c102178849b740fde00b50c9ba5f3b5530d0e5749ea59837,eca954c21da074c545cb7858315ea39fee0a6f54b19e06474b4f2f91f1666847,c40aaf80f5be3be16016d797963cb563e35b93083df451f9827f99cfadc3c898,6031dc4ee08b61c58b35b1efd7d764739d5c7c54dc7cbe9e9a72a1e4a7098596,e2212c40566e21c680a98186ebd8e984aa80d4fd,4d4ad03b827958468b1a231e360c7ad1aa68035c25af068059838ceae6dfa6d6,84f6ca69daadf04be6928767627ac1ca0eb72facd2864d83a1c7567e6ba60ea3,R3_UC_123_selected,dadbfccabccdfd0f88f40a0f73e6518a25d23a325fed7d652875782615cd480b,validation,P2,43659,0.9148895523957261,0.5504706933278362,0.4778681839368426,0.25047132773430464,0.5477004702465885,0.914889552395726,11118,21829,10712,1.1920928977282585e-07,acfbe6fddc0dcd7e153fdf12d599e984cdc3aafeda60265c358c1c265613e39c,rtx3090,14e9fdbcf9439e3e6cd736ba1599f421aba531ea,runs/exports/compatible/analyze_R3_UC_123_selected__f95fef24fe82655b/metrics.csv
new_p3_training,True,tuned,UC,123,R3,3cfd389bbd05ec9201a41c0892e29bf8199198d1b216b9a8061370d4240aa583,bd1488a2d411295d7a2118c50ddcc0b158786123613af1676062e2270d1637d1,9cb89005693b1b70c102178849b740fde00b50c9ba5f3b5530d0e5749ea59837,eca954c21da074c545cb7858315ea39fee0a6f54b19e06474b4f2f91f1666847,c40aaf80f5be3be16016d797963cb563e35b93083df451f9827f99cfadc3c898,6031dc4ee08b61c58b35b1efd7d764739d5c7c54dc7cbe9e9a72a1e4a7098596,e2212c40566e21c680a98186ebd8e984aa80d4fd,4d4ad03b827958468b1a231e360c7ad1aa68035c25af068059838ceae6dfa6d6,84f6ca69daadf04be6928767627ac1ca0eb72facd2864d83a1c7567e6ba60ea3,R3_UC_123_selected,dadbfccabccdfd0f88f40a0f73e6518a25d23a325fed7d652875782615cd480b,validation,P3,43085,0.9102440838471266,0.5531159336195892,0.4802164721559707,0.2555905511076302,0.5452219264394411,0.9103234617461192,11020,21441,10624,1.1920928955078125e-07,d36315d44e40b39380b3635d00220393a45e106e5cf35568c394eba40972f962,rtx3090,14e9fdbcf9439e3e6cd736ba1599f421aba531ea,runs/exports/compatible/analyze_R3_UC_123_selected__f95fef24fe82655b/metrics.csv
new_p3_training,True,tuned,UC,42,R3,3cfd389bbd05ec9201a41c0892e29bf8199198d1b216b9a8061370d4240aa583,bd1488a2d411295d7a2118c50ddcc0b158786123613af1676062e2270d1637d1,9cb89005693b1b70c102178849b740fde00b50c9ba5f3b5530d0e5749ea59837,eca954c21da074c545cb7858315ea39fee0a6f54b19e06474b4f2f91f1666847,c40aaf80f5be3be16016d797963cb563e35b93083df451f9827f99cfadc3c898,6031dc4ee08b61c58b35b1efd7d764739d5c7c54dc7cbe9e9a72a1e4a7098596,e2212c40566e21c680a98186ebd8e984aa80d4fd,4d4ad03b827958468b1a231e360c7ad1aa68035c25af068059838ceae6dfa6d6,b9b7c57b616dc641038795f5319694f1c7edefaa9977558d1e981aec2689e223,R3_UC_42_selected,b2f775e0d366cc9ff57518622cad0ac40516534cbc0c2acda91a9d8e24723750,development_holdout,P0,33858,0.9457057873012172,0.5327839801524012,0.4720386750107566,0.23770971738207475,0.567379118680364,0.9457057873012173,8855,16319,8684,1.1920928966180355e-07,3b5a039342a119a0473afefb0f6e1dfbc9afa0fa416203e4f2ee1e684113a26e,rtx3090,14e9fdbcf9439e3e6cd736ba1599f421aba531ea,runs/exports/compatible/analyze_R3_UC_42_selected__80fb4675cc800b36/metrics.csv
new_p3_training,True,tuned,UC,42,R3,3cfd389bbd05ec9201a41c0892e29bf8199198d1b216b9a8061370d4240aa583,bd1488a2d411295d7a2118c50ddcc0b158786123613af1676062e2270d1637d1,9cb89005693b1b70c102178849b740fde00b50c9ba5f3b5530d0e5749ea59837,eca954c21da074c545cb7858315ea39fee0a6f54b19e06474b4f2f91f1666847,c40aaf80f5be3be16016d797963cb563e35b93083df451f9827f99cfadc3c898,6031dc4ee08b61c58b35b1efd7d764739d5c7c54dc7cbe9e9a72a1e4a7098596,e2212c40566e21c680a98186ebd8e984aa80d4fd,4d4ad03b827958468b1a231e360c7ad1aa68035c25af068059838ceae6dfa6d6,b9b7c57b616dc641038795f5319694f1c7edefaa9977558d1e981aec2689e223,R3_UC_42_selected,b2f775e0d366cc9ff57518622cad0ac40516534cbc0c2acda91a9d8e24723750,development_holdout,P1,32038,0.93959896533169,0.5359885136400524,0.47831520085137263,0.2530258562592801,0.5647580871738247,0.9412070927703937,8689,14807,8542,1.1920928966180355e-07,c15ee161f2a2ba6372f22252c56d96e82feda1956f5be311873865a9371fe890,rtx3090,14e9fdbcf9439e3e6cd736ba1599f421aba531ea,runs/exports/compatible/analyze_R3_UC_42_selected__80fb4675cc800b36/metrics.csv
new_p3_training,True,tuned,UC,42,R3,3cfd389bbd05ec9201a41c0892e29bf8199198d1b216b9a8061370d4240aa583,bd1488a2d411295d7a2118c50ddcc0b158786123613af1676062e2270d1637d1,9cb89005693b1b70c102178849b740fde00b50c9ba5f3b5530d0e5749ea59837,eca954c21da074c545cb7858315ea39fee0a6f54b19e06474b4f2f91f1666847,c40aaf80f5be3be16016d797963cb563e35b93083df451f9827f99cfadc3c898,6031dc4ee08b61c58b35b1efd7d764739d5c7c54dc7cbe9e9a72a1e4a7098596,e2212c40566e21c680a98186ebd8e984aa80d4fd,4d4ad03b827958468b1a231e360c7ad1aa68035c25af068059838ceae6dfa6d6,b9b7c57b616dc641038795f5319694f1c7edefaa9977558d1e981aec2689e223,R3_UC_42_selected,b2f775e0d366cc9ff57518622cad0ac40516534cbc0c2acda91a9d8e24723750,development_holdout,P2,29403,0.9490927435245717,0.5314083596911879,0.47116560509803834,0.23599863401136503,0.5692214526139198,0.9490927435245717,7734,14046,7623,1.1920928966180355e-07,162ca98a58d310271f2279c08752fe9105cc24fa70393bb77bf79db85e6db31c,rtx3090,14e9fdbcf9439e3e6cd736ba1599f421aba531ea,runs/exports/compatible/analyze_R3_UC_42_selected__80fb4675cc800b36/metrics.csv
new_p3_training,True,tuned,UC,42,R3,3cfd389bbd05ec9201a41c0892e29bf8199198d1b216b9a8061370d4240aa583,bd1488a2d411295d7a2118c50ddcc0b158786123613af1676062e2270d1637d1,9cb89005693b1b70c102178849b740fde00b50c9ba5f3b5530d0e5749ea59837,eca954c21da074c545cb7858315ea39fee0a6f54b19e06474b4f2f91f1666847,c40aaf80f5be3be16016d797963cb563e35b93083df451f9827f99cfadc3c898,6031dc4ee08b61c58b35b1efd7d764739d5c7c54dc7cbe9e9a72a1e4a7098596,e2212c40566e21c680a98186ebd8e984aa80d4fd,4d4ad03b827958468b1a231e360c7ad1aa68035c25af068059838ceae6dfa6d6,b9b7c57b616dc641038795f5319694f1c7edefaa9977558d1e981aec2689e223,R3_UC_42_selected,b2f775e0d366cc9ff57518622cad0ac40516534cbc0c2acda91a9d8e24723750,development_holdout,P3,28540,0.9381627456186661,0.5383321653819201,0.4769645090097341,0.24912204133541144,0.563323775370564,0.9398795290821996,7575,13475,7490,1.1920928966180355e-07,e91390053ed14110a94b2fb9d722e1c89c582c7766551be1f756d4b39ebbcadb,rtx3090,14e9fdbcf9439e3e6cd736ba1599f421aba531ea,runs/exports/compatible/analyze_R3_UC_42_selected__80fb4675cc800b36/metrics.csv
new_p3_training,True,tuned,UC,42,R3,3cfd389bbd05ec9201a41c0892e29bf8199198d1b216b9a8061370d4240aa583,bd1488a2d411295d7a2118c50ddcc0b158786123613af1676062e2270d1637d1,9cb89005693b1b70c102178849b740fde00b50c9ba5f3b5530d0e5749ea59837,eca954c21da074c545cb7858315ea39fee0a6f54b19e06474b4f2f91f1666847,c40aaf80f5be3be16016d797963cb563e35b93083df451f9827f99cfadc3c898,6031dc4ee08b61c58b35b1efd7d764739d5c7c54dc7cbe9e9a72a1e4a7098596,e2212c40566e21c680a98186ebd8e984aa80d4fd,4d4ad03b827958468b1a231e360c7ad1aa68035c25af068059838ceae6dfa6d6,b9b7c57b616dc641038795f5319694f1c7edefaa9977558d1e981aec2689e223,R3_UC_42_selected,b2f775e0d366cc9ff57518622cad0ac40516534cbc0c2acda91a9d8e24723750,validation,P0,50274,0.9131616577424158,0.5522337590006763,0.4801648152488897,0.2527654279782922,0.54647372238263,0.9131616577424156,12678,25349,12247,1.1920928977282585e-07,e6ffae846de203e716f5b60657dd3c3afb7d3390870a57a815ab55b686b3f526,rtx3090,14e9fdbcf9439e3e6cd736ba1599f421aba531ea,runs/exports/compatible/analyze_R3_UC_42_selected__80fb4675cc800b36/metrics.csv
new_p3_training,True,tuned,UC,42,R3,3cfd389bbd05ec9201a41c0892e29bf8199198d1b216b9a8061370d4240aa583,bd1488a2d411295d7a2118c50ddcc0b158786123613af1676062e2270d1637d1,9cb89005693b1b70c102178849b740fde00b50c9ba5f3b5530d0e5749ea59837,eca954c21da074c545cb7858315ea39fee0a6f54b19e06474b4f2f91f1666847,c40aaf80f5be3be16016d797963cb563e35b93083df451f9827f99cfadc3c898,6031dc4ee08b61c58b35b1efd7d764739d5c7c54dc7cbe9e9a72a1e4a7098596,e2212c40566e21c680a98186ebd8e984aa80d4fd,4d4ad03b827958468b1a231e360c7ad1aa68035c25af068059838ceae6dfa6d6,b9b7c57b616dc641038795f5319694f1c7edefaa9977558d1e981aec2689e223,R3_UC_42_selected,b2f775e0d366cc9ff57518622cad0ac40516534cbc0c2acda91a9d8e24723750,validation,P1,48331,0.9129373938595017,0.5516128364817612,0.4834617647812805,0.2609662070125404,0.5470512195072447,0.912972075130353,12578,23596,12157,1.1920928977282585e-07,52ffe49bb0941073b0ffc3a87504ad691263fbdb77ce6465a992afc825a341f1,rtx3090,14e9fdbcf9439e3e6cd736ba1599f421aba531ea,runs/exports/compatible/analyze_R3_UC_42_selected__80fb4675cc800b36/metrics.csv
new_p3_training,True,tuned,UC,42,R3,3cfd389bbd05ec9201a41c0892e29bf8199198d1b216b9a8061370d4240aa583,bd1488a2d411295d7a2118c50ddcc0b158786123613af1676062e2270d1637d1,9cb89005693b1b70c102178849b740fde00b50c9ba5f3b5530d0e5749ea59837,eca954c21da074c545cb7858315ea39fee0a6f54b19e06474b4f2f91f1666847,c40aaf80f5be3be16016d797963cb563e35b93083df451f9827f99cfadc3c898,6031dc4ee08b61c58b35b1efd7d764739d5c7c54dc7cbe9e9a72a1e4a7098596,e2212c40566e21c680a98186ebd8e984aa80d4fd,4d4ad03b827958468b1a231e360c7ad1aa68035c25af068059838ceae6dfa6d6,b9b7c57b616dc641038795f5319694f1c7edefaa9977558d1e981aec2689e223,R3_UC_42_selected,b2f775e0d366cc9ff57518622cad0ac40516534cbc0c2acda91a9d8e24723750,validation,P2,43659,0.9150224120171059,0.5496690258595021,0.4775816732835924,0.24867019807959598,0.5477785167395143,0.915022412017106,11118,21829,10712,1.1920928977282585e-07,acfbe6fddc0dcd7e153fdf12d599e984cdc3aafeda60265c358c1c265613e39c,rtx3090,14e9fdbcf9439e3e6cd736ba1599f421aba531ea,runs/exports/compatible/analyze_R3_UC_42_selected__80fb4675cc800b36/metrics.csv
new_p3_training,True,tuned,UC,42,R3,3cfd389bbd05ec9201a41c0892e29bf8199198d1b216b9a8061370d4240aa583,bd1488a2d411295d7a2118c50ddcc0b158786123613af1676062e2270d1637d1,9cb89005693b1b70c102178849b740fde00b50c9ba5f3b5530d0e5749ea59837,eca954c21da074c545cb7858315ea39fee0a6f54b19e06474b4f2f91f1666847,c40aaf80f5be3be16016d797963cb563e35b93083df451f9827f99cfadc3c898,6031dc4ee08b61c58b35b1efd7d764739d5c7c54dc7cbe9e9a72a1e4a7098596,e2212c40566e21c680a98186ebd8e984aa80d4fd,4d4ad03b827958468b1a231e360c7ad1aa68035c25af068059838ceae6dfa6d6,b9b7c57b616dc641038795f5319694f1c7edefaa9977558d1e981aec2689e223,R3_UC_42_selected,b2f775e0d366cc9ff57518622cad0ac40516534cbc0c2acda91a9d8e24723750,validation,P3,43085,0.9102160702700327,0.5522803760009284,0.47991781786640947,0.2537379578586007,0.5452664914220628,0.910298462696163,11020,21441,10624,1.1920928977282585e-07,d36315d44e40b39380b3635d00220393a45e106e5cf35568c394eba40972f962,rtx3090,14e9fdbcf9439e3e6cd736ba1599f421aba531ea,runs/exports/compatible/analyze_R3_UC_42_selected__80fb4675cc800b36/metrics.csv
new_p3_training,True,tuned,UC,7,R3,3cfd389bbd05ec9201a41c0892e29bf8199198d1b216b9a8061370d4240aa583,bd1488a2d411295d7a2118c50ddcc0b158786123613af1676062e2270d1637d1,9cb89005693b1b70c102178849b740fde00b50c9ba5f3b5530d0e5749ea59837,eca954c21da074c545cb7858315ea39fee0a6f54b19e06474b4f2f91f1666847,c40aaf80f5be3be16016d797963cb563e35b93083df451f9827f99cfadc3c898,6031dc4ee08b61c58b35b1efd7d764739d5c7c54dc7cbe9e9a72a1e4a7098596,e2212c40566e21c680a98186ebd8e984aa80d4fd,4d4ad03b827958468b1a231e360c7ad1aa68035c25af068059838ceae6dfa6d6,afaa1bd6b8868091d540ca4a733370fb1de4cac545672c0eaff852dbcf94c87c,R3_UC_7_selected,fe0afc586659217410f93291bc4deccf039650ae630e1ae77472b74e5e88c57c,development_holdout,P0,33858,0.9445348032468228,0.5356193514088251,0.47458644574622433,0.23912242266836312,0.5664371101715492,0.9445348032468227,8855,16319,8684,1.1920928977282585e-07,3b5a039342a119a0473afefb0f6e1dfbc9afa0fa416203e4f2ee1e684113a26e,rtx3090,14e9fdbcf9439e3e6cd736ba1599f421aba531ea,runs/exports/compatible/analyze_R3_UC_7_selected__a05aff1e5e5e5da7/metrics.csv
new_p3_training,True,tuned,UC,7,R3,3cfd389bbd05ec9201a41c0892e29bf8199198d1b216b9a8061370d4240aa583,bd1488a2d411295d7a2118c50ddcc0b158786123613af1676062e2270d1637d1,9cb89005693b1b70c102178849b740fde00b50c9ba5f3b5530d0e5749ea59837,eca954c21da074c545cb7858315ea39fee0a6f54b19e06474b4f2f91f1666847,c40aaf80f5be3be16016d797963cb563e35b93083df451f9827f99cfadc3c898,6031dc4ee08b61c58b35b1efd7d764739d5c7c54dc7cbe9e9a72a1e4a7098596,e2212c40566e21c680a98186ebd8e984aa80d4fd,4d4ad03b827958468b1a231e360c7ad1aa68035c25af068059838ceae6dfa6d6,afaa1bd6b8868091d540ca4a733370fb1de4cac545672c0eaff852dbcf94c87c,R3_UC_7_selected,fe0afc586659217410f93291bc4deccf039650ae630e1ae77472b74e5e88c57c,development_holdout,P1,32038,0.939052747457074,0.5387040389537424,0.4808682624173173,0.25510645916913494,0.5644174097953987,0.9406359809632255,8689,14807,8542,1.1920928977282585e-07,c15ee161f2a2ba6372f22252c56d96e82feda1956f5be311873865a9371fe890,rtx3090,14e9fdbcf9439e3e6cd736ba1599f421aba531ea,runs/exports/compatible/analyze_R3_UC_7_selected__a05aff1e5e5e5da7/metrics.csv
new_p3_training,True,tuned,UC,7,R3,3cfd389bbd05ec9201a41c0892e29bf8199198d1b216b9a8061370d4240aa583,bd1488a2d411295d7a2118c50ddcc0b158786123613af1676062e2270d1637d1,9cb89005693b1b70c102178849b740fde00b50c9ba5f3b5530d0e5749ea59837,eca954c21da074c545cb7858315ea39fee0a6f54b19e06474b4f2f91f1666847,c40aaf80f5be3be16016d797963cb563e35b93083df451f9827f99cfadc3c898,6031dc4ee08b61c58b35b1efd7d764739d5c7c54dc7cbe9e9a72a1e4a7098596,e2212c40566e21c680a98186ebd8e984aa80d4fd,4d4ad03b827958468b1a231e360c7ad1aa68035c25af068059838ceae6dfa6d6,afaa1bd6b8868091d540ca4a733370fb1de4cac545672c0eaff852dbcf94c87c,R3_UC_7_selected,fe0afc586659217410f93291bc4deccf039650ae630e1ae77472b74e5e88c57c,development_holdout,P2,29403,0.9480385911901178,0.5333469373873414,0.47165291534705744,0.23634015744099368,0.5685936294852326,0.9480385911901178,7734,14046,7623,1.1920928977282585e-07,162ca98a58d310271f2279c08752fe9105cc24fa70393bb77bf79db85e6db31c,rtx3090,14e9fdbcf9439e3e6cd736ba1599f421aba531ea,runs/exports/compatible/analyze_R3_UC_7_selected__a05aff1e5e5e5da7/metrics.csv
new_p3_training,True,tuned,UC,7,R3,3cfd389bbd05ec9201a41c0892e29bf8199198d1b216b9a8061370d4240aa583,bd1488a2d411295d7a2118c50ddcc0b158786123613af1676062e2270d1637d1,9cb89005693b1b70c102178849b740fde00b50c9ba5f3b5530d0e5749ea59837,eca954c21da074c545cb7858315ea39fee0a6f54b19e06474b4f2f91f1666847,c40aaf80f5be3be16016d797963cb563e35b93083df451f9827f99cfadc3c898,6031dc4ee08b61c58b35b1efd7d764739d5c7c54dc7cbe9e9a72a1e4a7098596,e2212c40566e21c680a98186ebd8e984aa80d4fd,4d4ad03b827958468b1a231e360c7ad1aa68035c25af068059838ceae6dfa6d6,afaa1bd6b8868091d540ca4a733370fb1de4cac545672c0eaff852dbcf94c87c,R3_UC_7_selected,fe0afc586659217410f93291bc4deccf039650ae630e1ae77472b74e5e88c57c,development_holdout,P3,28540,0.9371568530412476,0.5406096706377015,0.4776631989141313,0.25041051493318495,0.5628244294021822,0.9389291375269965,7575,13475,7490,1.1920928977282585e-07,e91390053ed14110a94b2fb9d722e1c89c582c7766551be1f756d4b39ebbcadb,rtx3090,14e9fdbcf9439e3e6cd736ba1599f421aba531ea,runs/exports/compatible/analyze_R3_UC_7_selected__a05aff1e5e5e5da7/metrics.csv
new_p3_training,True,tuned,UC,7,R3,3cfd389bbd05ec9201a41c0892e29bf8199198d1b216b9a8061370d4240aa583,bd1488a2d411295d7a2118c50ddcc0b158786123613af1676062e2270d1637d1,9cb89005693b1b70c102178849b740fde00b50c9ba5f3b5530d0e5749ea59837,eca954c21da074c545cb7858315ea39fee0a6f54b19e06474b4f2f91f1666847,c40aaf80f5be3be16016d797963cb563e35b93083df451f9827f99cfadc3c898,6031dc4ee08b61c58b35b1efd7d764739d5c7c54dc7cbe9e9a72a1e4a7098596,e2212c40566e21c680a98186ebd8e984aa80d4fd,4d4ad03b827958468b1a231e360c7ad1aa68035c25af068059838ceae6dfa6d6,afaa1bd6b8868091d540ca4a733370fb1de4cac545672c0eaff852dbcf94c87c,R3_UC_7_selected,fe0afc586659217410f93291bc4deccf039650ae630e1ae77472b74e5e88c57c,validation,P0,50274,0.9124928278506138,0.553765365795441,0.48132884250252417,0.25212333680882315,0.5457960190380167,0.9124928278506138,12678,25349,12247,1.1920928977282585e-07,e6ffae846de203e716f5b60657dd3c3afb7d3390870a57a815ab55b686b3f526,rtx3090,14e9fdbcf9439e3e6cd736ba1599f421aba531ea,runs/exports/compatible/analyze_R3_UC_7_selected__a05aff1e5e5e5da7/metrics.csv
new_p3_training,True,tuned,UC,7,R3,3cfd389bbd05ec9201a41c0892e29bf8199198d1b216b9a8061370d4240aa583,bd1488a2d411295d7a2118c50ddcc0b158786123613af1676062e2270d1637d1,9cb89005693b1b70c102178849b740fde00b50c9ba5f3b5530d0e5749ea59837,eca954c21da074c545cb7858315ea39fee0a6f54b19e06474b4f2f91f1666847,c40aaf80f5be3be16016d797963cb563e35b93083df451f9827f99cfadc3c898,6031dc4ee08b61c58b35b1efd7d764739d5c7c54dc7cbe9e9a72a1e4a7098596,e2212c40566e21c680a98186ebd8e984aa80d4fd,4d4ad03b827958468b1a231e360c7ad1aa68035c25af068059838ceae6dfa6d6,afaa1bd6b8868091d540ca4a733370fb1de4cac545672c0eaff852dbcf94c87c,R3_UC_7_selected,fe0afc586659217410f93291bc4deccf039650ae630e1ae77472b74e5e88c57c,validation,P1,48331,0.9125013561703544,0.5521507934865821,0.48387017292894835,0.2593067675171977,0.5467015189335587,0.9125581300491759,12578,23596,12157,1.1920928977282585e-07,52ffe49bb0941073b0ffc3a87504ad691263fbdb77ce6465a992afc825a341f1,rtx3090,14e9fdbcf9439e3e6cd736ba1599f421aba531ea,runs/exports/compatible/analyze_R3_UC_7_selected__a05aff1e5e5e5da7/metrics.csv
new_p3_training,True,tuned,UC,7,R3,3cfd389bbd05ec9201a41c0892e29bf8199198d1b216b9a8061370d4240aa583,bd1488a2d411295d7a2118c50ddcc0b158786123613af1676062e2270d1637d1,9cb89005693b1b70c102178849b740fde00b50c9ba5f3b5530d0e5749ea59837,eca954c21da074c545cb7858315ea39fee0a6f54b19e06474b4f2f91f1666847,c40aaf80f5be3be16016d797963cb563e35b93083df451f9827f99cfadc3c898,6031dc4ee08b61c58b35b1efd7d764739d5c7c54dc7cbe9e9a72a1e4a7098596,e2212c40566e21c680a98186ebd8e984aa80d4fd,4d4ad03b827958468b1a231e360c7ad1aa68035c25af068059838ceae6dfa6d6,afaa1bd6b8868091d540ca4a733370fb1de4cac545672c0eaff852dbcf94c87c,R3_UC_7_selected,fe0afc586659217410f93291bc4deccf039650ae630e1ae77472b74e5e88c57c,validation,P2,43659,0.9152440266848594,0.5501958359101217,0.47706942642244127,0.2469422983449666,0.5476992736036205,0.9152440266848595,11118,21829,10712,1.1920928977282585e-07,acfbe6fddc0dcd7e153fdf12d599e984cdc3aafeda60265c358c1c265613e39c,rtx3090,14e9fdbcf9439e3e6cd736ba1599f421aba531ea,runs/exports/compatible/analyze_R3_UC_7_selected__a05aff1e5e5e5da7/metrics.csv
new_p3_training,True,tuned,UC,7,R3,3cfd389bbd05ec9201a41c0892e29bf8199198d1b216b9a8061370d4240aa583,bd1488a2d411295d7a2118c50ddcc0b158786123613af1676062e2270d1637d1,9cb89005693b1b70c102178849b740fde00b50c9ba5f3b5530d0e5749ea59837,eca954c21da074c545cb7858315ea39fee0a6f54b19e06474b4f2f91f1666847,c40aaf80f5be3be16016d797963cb563e35b93083df451f9827f99cfadc3c898,6031dc4ee08b61c58b35b1efd7d764739d5c7c54dc7cbe9e9a72a1e4a7098596,e2212c40566e21c680a98186ebd8e984aa80d4fd,4d4ad03b827958468b1a231e360c7ad1aa68035c25af068059838ceae6dfa6d6,afaa1bd6b8868091d540ca4a733370fb1de4cac545672c0eaff852dbcf94c87c,R3_UC_7_selected,fe0afc586659217410f93291bc4deccf039650ae630e1ae77472b74e5e88c57c,validation,P3,43085,0.9101136527542119,0.5527909945456655,0.47923336019603635,0.2520847884436834,0.5450798950402431,0.9102114431085266,11020,21441,10624,1.1920928977282585e-07,d36315d44e40b39380b3635d00220393a45e106e5cf35568c394eba40972f962,rtx3090,14e9fdbcf9439e3e6cd736ba1599f421aba531ea,runs/exports/compatible/analyze_R3_UC_7_selected__a05aff1e5e5e5da7/metrics.csv
new_p3_training,True,tuned,SHARED_QUERY,123,main,3cfd389bbd05ec9201a41c0892e29bf8199198d1b216b9a8061370d4240aa583,bd1488a2d411295d7a2118c50ddcc0b158786123613af1676062e2270d1637d1,9cb89005693b1b70c102178849b740fde00b50c9ba5f3b5530d0e5749ea59837,eca954c21da074c545cb7858315ea39fee0a6f54b19e06474b4f2f91f1666847,490eeb15970ef077ee050323b551cd9c3c5534c257f1febddca9af74ed1cf0a4,6031dc4ee08b61c58b35b1efd7d764739d5c7c54dc7cbe9e9a72a1e4a7098596,e2212c40566e21c680a98186ebd8e984aa80d4fd,4d4ad03b827958468b1a231e360c7ad1aa68035c25af068059838ceae6dfa6d6,7a69fb21427492956ac16a4f0657ee843cdef3db07eff5a24421b9f9b4267e2c,main_SHARED_QUERY_123_selected,a033d1483c42c3a34229a4670ecefb6eaee35f3bbd13ee3cc8b179343d3df733,development_holdout,P0,101574,0.9234114685012107,0.5477779746785595,0.48313491001200287,0.2515112704316249,0.5531134519807118,0.9234114685012107,25800,50465,25309,1.1920928977282585e-07,0dc85d22e8e0f74c7b6ec962eed4c96d1cb3a8bab46491e011387f6965f98c1d,rtx3090,14e9fdbcf9439e3e6cd736ba1599f421aba531ea,runs/exports/compatible/analyze_SHARED_QUERY_123__ff6a3b91f9038476/metrics.csv
new_p3_training,True,tuned,SHARED_QUERY,123,main,3cfd389bbd05ec9201a41c0892e29bf8199198d1b216b9a8061370d4240aa583,bd1488a2d411295d7a2118c50ddcc0b158786123613af1676062e2270d1637d1,9cb89005693b1b70c102178849b740fde00b50c9ba5f3b5530d0e5749ea59837,eca954c21da074c545cb7858315ea39fee0a6f54b19e06474b4f2f91f1666847,490eeb15970ef077ee050323b551cd9c3c5534c257f1febddca9af74ed1cf0a4,6031dc4ee08b61c58b35b1efd7d764739d5c7c54dc7cbe9e9a72a1e4a7098596,e2212c40566e21c680a98186ebd8e984aa80d4fd,4d4ad03b827958468b1a231e360c7ad1aa68035c25af068059838ceae6dfa6d6,7a69fb21427492956ac16a4f0657ee843cdef3db07eff5a24421b9f9b4267e2c,main_SHARED_QUERY_123_selected,a033d1483c42c3a34229a4670ecefb6eaee35f3bbd13ee3cc8b179343d3df733,development_holdout,P1,97156,0.9235577661986303,0.5463275556836428,0.4857029218822511,0.2586018904439831,0.5540359487450328,0.9232228975900829,25496,46615,25045,1.1920928977282585e-07,89132b9c6cb5437496dfcec2344f48c9652f89696c548da1ecffc1fa7e8b8292,rtx3090,14e9fdbcf9439e3e6cd736ba1599f421aba531ea,runs/exports/compatible/analyze_SHARED_QUERY_123__ff6a3b91f9038476/metrics.csv
new_p3_training,True,tuned,SHARED_QUERY,123,main,3cfd389bbd05ec9201a41c0892e29bf8199198d1b216b9a8061370d4240aa583,bd1488a2d411295d7a2118c50ddcc0b158786123613af1676062e2270d1637d1,9cb89005693b1b70c102178849b740fde00b50c9ba5f3b5530d0e5749ea59837,eca954c21da074c545cb7858315ea39fee0a6f54b19e06474b4f2f91f1666847,490eeb15970ef077ee050323b551cd9c3c5534c257f1febddca9af74ed1cf0a4,6031dc4ee08b61c58b35b1efd7d764739d5c7c54dc7cbe9e9a72a1e4a7098596,e2212c40566e21c680a98186ebd8e984aa80d4fd,4d4ad03b827958468b1a231e360c7ad1aa68035c25af068059838ceae6dfa6d6,7a69fb21427492956ac16a4f0657ee843cdef3db07eff5a24421b9f9b4267e2c,main_SHARED_QUERY_123_selected,a033d1483c42c3a34229a4670ecefb6eaee35f3bbd13ee3cc8b179343d3df733,development_holdout,P2,88209,0.92710079230602,0.5444455781156118,0.48116467589238326,0.2476928574561652,0.5554687638370004,0.9271007923060202,22573,43431,22205,1.1920928977282585e-07,e3f7c57ec943bebd2c72fd9a14e72d054ffbcce05445b0fd82869e8aa7261d38,rtx3090,14e9fdbcf9439e3e6cd736ba1599f421aba531ea,runs/exports/compatible/analyze_SHARED_QUERY_123__ff6a3b91f9038476/metrics.csv
new_p3_training,True,tuned,SHARED_QUERY,123,main,3cfd389bbd05ec9201a41c0892e29bf8199198d1b216b9a8061370d4240aa583,bd1488a2d411295d7a2118c50ddcc0b158786123613af1676062e2270d1637d1,9cb89005693b1b70c102178849b740fde00b50c9ba5f3b5530d0e5749ea59837,eca954c21da074c545cb7858315ea39fee0a6f54b19e06474b4f2f91f1666847,490eeb15970ef077ee050323b551cd9c3c5534c257f1febddca9af74ed1cf0a4,6031dc4ee08b61c58b35b1efd7d764739d5c7c54dc7cbe9e9a72a1e4a7098596,e2212c40566e21c680a98186ebd8e984aa80d4fd,4d4ad03b827958468b1a231e360c7ad1aa68035c25af068059838ceae6dfa6d6,7a69fb21427492956ac16a4f0657ee843cdef3db07eff5a24421b9f9b4267e2c,main_SHARED_QUERY_123_selected,a033d1483c42c3a34229a4670ecefb6eaee35f3bbd13ee3cc8b179343d3df733,development_holdout,P3,86588,0.9209583788299847,0.5479743151475955,0.4839782792012432,0.25433059095606403,0.5521202430590146,0.9206425719734086,22279,42355,21954,1.1920928977282585e-07,1d87bc17ac0a3399488e5c5ec324165d9032588c37226cf41709e2dd0df6d17d,rtx3090,14e9fdbcf9439e3e6cd736ba1599f421aba531ea,runs/exports/compatible/analyze_SHARED_QUERY_123__ff6a3b91f9038476/metrics.csv
new_p3_training,True,tuned,SHARED_QUERY,123,main,3cfd389bbd05ec9201a41c0892e29bf8199198d1b216b9a8061370d4240aa583,bd1488a2d411295d7a2118c50ddcc0b158786123613af1676062e2270d1637d1,9cb89005693b1b70c102178849b740fde00b50c9ba5f3b5530d0e5749ea59837,eca954c21da074c545cb7858315ea39fee0a6f54b19e06474b4f2f91f1666847,490eeb15970ef077ee050323b551cd9c3c5534c257f1febddca9af74ed1cf0a4,6031dc4ee08b61c58b35b1efd7d764739d5c7c54dc7cbe9e9a72a1e4a7098596,e2212c40566e21c680a98186ebd8e984aa80d4fd,4d4ad03b827958468b1a231e360c7ad1aa68035c25af068059838ceae6dfa6d6,7a69fb21427492956ac16a4f0657ee843cdef3db07eff5a24421b9f9b4267e2c,main_SHARED_QUERY_123_selected,a033d1483c42c3a34229a4670ecefb6eaee35f3bbd13ee3cc8b179343d3df733,validation,P0,50274,0.9058357599006356,0.561443290766599,0.486262416011865,0.2589288835178744,0.5419706161612593,0.9058357599006355,12432,25906,11936,1.1920928955078125e-07,8554f7e47896ce912ee25183274a79552172e9c9a53366da0ed794a57786efe0,rtx3090,14e9fdbcf9439e3e6cd736ba1599f421aba531ea,runs/exports/compatible/analyze_SHARED_QUERY_123__ff6a3b91f9038476/metrics.csv
new_p3_training,True,tuned,SHARED_QUERY,123,main,3cfd389bbd05ec9201a41c0892e29bf8199198d1b216b9a8061370d4240aa583,bd1488a2d411295d7a2118c50ddcc0b158786123613af1676062e2270d1637d1,9cb89005693b1b70c102178849b740fde00b50c9ba5f3b5530d0e5749ea59837,eca954c21da074c545cb7858315ea39fee0a6f54b19e06474b4f2f91f1666847,490eeb15970ef077ee050323b551cd9c3c5534c257f1febddca9af74ed1cf0a4,6031dc4ee08b61c58b35b1efd7d764739d5c7c54dc7cbe9e9a72a1e4a7098596,e2212c40566e21c680a98186ebd8e984aa80d4fd,4d4ad03b827958468b1a231e360c7ad1aa68035c25af068059838ceae6dfa6d6,7a69fb21427492956ac16a4f0657ee843cdef3db07eff5a24421b9f9b4267e2c,main_SHARED_QUERY_123_selected,a033d1483c42c3a34229a4670ecefb6eaee35f3bbd13ee3cc8b179343d3df733,validation,P1,48280,0.9087817023954408,0.5583264291632146,0.4879929134295948,0.26395602344136065,0.5444695240111195,0.9090783000531693,12341,24081,11858,1.1920928955078125e-07,1bd74161030549bc2f24efe5491eb0d1f7727b652e5253a429e01c853cb585db,rtx3090,14e9fdbcf9439e3e6cd736ba1599f421aba531ea,runs/exports/compatible/analyze_SHARED_QUERY_123__ff6a3b91f9038476/metrics.csv
new_p3_training,True,tuned,SHARED_QUERY,123,main,3cfd389bbd05ec9201a41c0892e29bf8199198d1b216b9a8061370d4240aa583,bd1488a2d411295d7a2118c50ddcc0b158786123613af1676062e2270d1637d1,9cb89005693b1b70c102178849b740fde00b50c9ba5f3b5530d0e5749ea59837,eca954c21da074c545cb7858315ea39fee0a6f54b19e06474b4f2f91f1666847,490eeb15970ef077ee050323b551cd9c3c5534c257f1febddca9af74ed1cf0a4,6031dc4ee08b61c58b35b1efd7d764739d5c7c54dc7cbe9e9a72a1e4a7098596,e2212c40566e21c680a98186ebd8e984aa80d4fd,4d4ad03b827958468b1a231e360c7ad1aa68035c25af068059838ceae6dfa6d6,7a69fb21427492956ac16a4f0657ee843cdef3db07eff5a24421b9f9b4267e2c,main_SHARED_QUERY_123_selected,a033d1483c42c3a34229a4670ecefb6eaee35f3bbd13ee3cc8b179343d3df733,validation,P2,43659,0.9091709327174238,0.558464463226368,0.4848712593514149,0.2562720163050747,0.544531775859583,0.9091709327174238,10937,22231,10491,1.1175870906487972e-07,4e484a6acb6ed7305a5ec5513d99f3999c0f2ce27a7b70f8609ef03a2f0fd7ca,rtx3090,14e9fdbcf9439e3e6cd736ba1599f421aba531ea,runs/exports/compatible/analyze_SHARED_QUERY_123__ff6a3b91f9038476/metrics.csv
new_p3_training,True,tuned,SHARED_QUERY,123,main,3cfd389bbd05ec9201a41c0892e29bf8199198d1b216b9a8061370d4240aa583,bd1488a2d411295d7a2118c50ddcc0b158786123613af1676062e2270d1637d1,9cb89005693b1b70c102178849b740fde00b50c9ba5f3b5530d0e5749ea59837,eca954c21da074c545cb7858315ea39fee0a6f54b19e06474b4f2f91f1666847,490eeb15970ef077ee050323b551cd9c3c5534c257f1febddca9af74ed1cf0a4,6031dc4ee08b61c58b35b1efd7d764739d5c7c54dc7cbe9e9a72a1e4a7098596,e2212c40566e21c680a98186ebd8e984aa80d4fd,4d4ad03b827958468b1a231e360c7ad1aa68035c25af068059838ceae6dfa6d6,7a69fb21427492956ac16a4f0657ee843cdef3db07eff5a24421b9f9b4267e2c,main_SHARED_QUERY_123_selected,a033d1483c42c3a34229a4670ecefb6eaee35f3bbd13ee3cc8b179343d3df733,validation,P3,43050,0.9057386135906377,0.5595818815331011,0.4861993771490379,0.25950235887688144,0.5428132290851518,0.9061610558465818,10846,21790,10414,1.1175870906487972e-07,6d52c9fbf6be5e14713acbbe54cf789ce18ead615a69e1425ccdf2f2677c4d4b,rtx3090,14e9fdbcf9439e3e6cd736ba1599f421aba531ea,runs/exports/compatible/analyze_SHARED_QUERY_123__ff6a3b91f9038476/metrics.csv
new_p3_training,True,tuned,SHARED_QUERY,42,main,3cfd389bbd05ec9201a41c0892e29bf8199198d1b216b9a8061370d4240aa583,bd1488a2d411295d7a2118c50ddcc0b158786123613af1676062e2270d1637d1,9cb89005693b1b70c102178849b740fde00b50c9ba5f3b5530d0e5749ea59837,eca954c21da074c545cb7858315ea39fee0a6f54b19e06474b4f2f91f1666847,490eeb15970ef077ee050323b551cd9c3c5534c257f1febddca9af74ed1cf0a4,6031dc4ee08b61c58b35b1efd7d764739d5c7c54dc7cbe9e9a72a1e4a7098596,e2212c40566e21c680a98186ebd8e984aa80d4fd,4d4ad03b827958468b1a231e360c7ad1aa68035c25af068059838ceae6dfa6d6,d429de798a427a6522a7bcf3d28ce3829114190cb2a37c2a651369c28d7a1193,selected_SHARED_QUERY_42,e7b7b3307a3b3c534703051317729c61fcae31b9e684d61e545339a84c735672,development_holdout,P0,101574,0.9230345523721029,0.5474727784669305,0.48030075594439925,0.24934873604309107,0.5529115893938089,0.9230345523721027,25800,50465,25309,1.1920928955078125e-07,0dc85d22e8e0f74c7b6ec962eed4c96d1cb3a8bab46491e011387f6965f98c1d,rtx3090,14e9fdbcf9439e3e6cd736ba1599f421aba531ea,runs/exports/compatible/analyze_SHARED_QUERY_42__fd87fabe411e094c/metrics.csv
new_p3_training,True,tuned,SHARED_QUERY,42,main,3cfd389bbd05ec9201a41c0892e29bf8199198d1b216b9a8061370d4240aa583,bd1488a2d411295d7a2118c50ddcc0b158786123613af1676062e2270d1637d1,9cb89005693b1b70c102178849b740fde00b50c9ba5f3b5530d0e5749ea59837,eca954c21da074c545cb7858315ea39fee0a6f54b19e06474b4f2f91f1666847,490eeb15970ef077ee050323b551cd9c3c5534c257f1febddca9af74ed1cf0a4,6031dc4ee08b61c58b35b1efd7d764739d5c7c54dc7cbe9e9a72a1e4a7098596,e2212c40566e21c680a98186ebd8e984aa80d4fd,4d4ad03b827958468b1a231e360c7ad1aa68035c25af068059838ceae6dfa6d6,d429de798a427a6522a7bcf3d28ce3829114190cb2a37c2a651369c28d7a1193,selected_SHARED_QUERY_42,e7b7b3307a3b3c534703051317729c61fcae31b9e684d61e545339a84c735672,development_holdout,P1,97156,0.9224969687549008,0.546306970233439,0.48303659124053483,0.257206895318128,0.5534909314455098,0.9222522379236168,25496,46615,25045,1.1920928955078125e-07,89132b9c6cb5437496dfcec2344f48c9652f89696c548da1ecffc1fa7e8b8292,rtx3090,14e9fdbcf9439e3e6cd736ba1599f421aba531ea,runs/exports/compatible/analyze_SHARED_QUERY_42__fd87fabe411e094c/metrics.csv
new_p3_training,True,tuned,SHARED_QUERY,42,main,3cfd389bbd05ec9201a41c0892e29bf8199198d1b216b9a8061370d4240aa583,bd1488a2d411295d7a2118c50ddcc0b158786123613af1676062e2270d1637d1,9cb89005693b1b70c102178849b740fde00b50c9ba5f3b5530d0e5749ea59837,eca954c21da074c545cb7858315ea39fee0a6f54b19e06474b4f2f91f1666847,490eeb15970ef077ee050323b551cd9c3c5534c257f1febddca9af74ed1cf0a4,6031dc4ee08b61c58b35b1efd7d764739d5c7c54dc7cbe9e9a72a1e4a7098596,e2212c40566e21c680a98186ebd8e984aa80d4fd,4d4ad03b827958468b1a231e360c7ad1aa68035c25af068059838ceae6dfa6d6,d429de798a427a6522a7bcf3d28ce3829114190cb2a37c2a651369c28d7a1193,selected_SHARED_QUERY_42,e7b7b3307a3b3c534703051317729c61fcae31b9e684d61e545339a84c735672,development_holdout,P2,88209,0.9267151936236142,0.5441394869004297,0.4775397019276164,0.24519851011113694,0.5553290913632727,0.9267151936236144,22573,43431,22205,1.1920928955078125e-07,e3f7c57ec943bebd2c72fd9a14e72d054ffbcce05445b0fd82869e8aa7261d38,rtx3090,14e9fdbcf9439e3e6cd736ba1599f421aba531ea,runs/exports/compatible/analyze_SHARED_QUERY_42__fd87fabe411e094c/metrics.csv
new_p3_training,True,tuned,SHARED_QUERY,42,main,3cfd389bbd05ec9201a41c0892e29bf8199198d1b216b9a8061370d4240aa583,bd1488a2d411295d7a2118c50ddcc0b158786123613af1676062e2270d1637d1,9cb89005693b1b70c102178849b740fde00b50c9ba5f3b5530d0e5749ea59837,eca954c21da074c545cb7858315ea39fee0a6f54b19e06474b4f2f91f1666847,490eeb15970ef077ee050323b551cd9c3c5534c257f1febddca9af74ed1cf0a4,6031dc4ee08b61c58b35b1efd7d764739d5c7c54dc7cbe9e9a72a1e4a7098596,e2212c40566e21c680a98186ebd8e984aa80d4fd,4d4ad03b827958468b1a231e360c7ad1aa68035c25af068059838ceae6dfa6d6,d429de798a427a6522a7bcf3d28ce3829114190cb2a37c2a651369c28d7a1193,selected_SHARED_QUERY_42,e7b7b3307a3b3c534703051317729c61fcae31b9e684d61e545339a84c735672,development_holdout,P3,86588,0.9200313550416547,0.5476740425925071,0.48027912524703237,0.2519615137159375,0.5517471753373157,0.919804574396899,22279,42355,21954,1.1920928955078125e-07,1d87bc17ac0a3399488e5c5ec324165d9032588c37226cf41709e2dd0df6d17d,rtx3090,14e9fdbcf9439e3e6cd736ba1599f421aba531ea,runs/exports/compatible/analyze_SHARED_QUERY_42__fd87fabe411e094c/metrics.csv
new_p3_training,True,tuned,SHARED_QUERY,42,main,3cfd389bbd05ec9201a41c0892e29bf8199198d1b216b9a8061370d4240aa583,bd1488a2d411295d7a2118c50ddcc0b158786123613af1676062e2270d1637d1,9cb89005693b1b70c102178849b740fde00b50c9ba5f3b5530d0e5749ea59837,eca954c21da074c545cb7858315ea39fee0a6f54b19e06474b4f2f91f1666847,490eeb15970ef077ee050323b551cd9c3c5534c257f1febddca9af74ed1cf0a4,6031dc4ee08b61c58b35b1efd7d764739d5c7c54dc7cbe9e9a72a1e4a7098596,e2212c40566e21c680a98186ebd8e984aa80d4fd,4d4ad03b827958468b1a231e360c7ad1aa68035c25af068059838ceae6dfa6d6,d429de798a427a6522a7bcf3d28ce3829114190cb2a37c2a651369c28d7a1193,selected_SHARED_QUERY_42,e7b7b3307a3b3c534703051317729c61fcae31b9e684d61e545339a84c735672,validation,P0,50274,0.905042295717747,0.5607272148625532,0.4836430867056181,0.25597509948526426,0.5410746763301137,0.9050422957177469,12432,25906,11936,1.1920928955078125e-07,8554f7e47896ce912ee25183274a79552172e9c9a53366da0ed794a57786efe0,rtx3090,14e9fdbcf9439e3e6cd736ba1599f421aba531ea,runs/exports/compatible/analyze_SHARED_QUERY_42__fd87fabe411e094c/metrics.csv
new_p3_training,True,tuned,SHARED_QUERY,42,main,3cfd389bbd05ec9201a41c0892e29bf8199198d1b216b9a8061370d4240aa583,bd1488a2d411295d7a2118c50ddcc0b158786123613af1676062e2270d1637d1,9cb89005693b1b70c102178849b740fde00b50c9ba5f3b5530d0e5749ea59837,eca954c21da074c545cb7858315ea39fee0a6f54b19e06474b4f2f91f1666847,490eeb15970ef077ee050323b551cd9c3c5534c257f1febddca9af74ed1cf0a4,6031dc4ee08b61c58b35b1efd7d764739d5c7c54dc7cbe9e9a72a1e4a7098596,e2212c40566e21c680a98186ebd8e984aa80d4fd,4d4ad03b827958468b1a231e360c7ad1aa68035c25af068059838ceae6dfa6d6,d429de798a427a6522a7bcf3d28ce3829114190cb2a37c2a651369c28d7a1193,selected_SHARED_QUERY_42,e7b7b3307a3b3c534703051317729c61fcae31b9e684d61e545339a84c735672,validation,P1,48280,0.908706007716088,0.5574357912178957,0.4853090437236321,0.2609770097621518,0.5442769895742551,0.9089935097241761,12341,24081,11858,1.1920928955078125e-07,1bd74161030549bc2f24efe5491eb0d1f7727b652e5253a429e01c853cb585db,rtx3090,14e9fdbcf9439e3e6cd736ba1599f421aba531ea,runs/exports/compatible/analyze_SHARED_QUERY_42__fd87fabe411e094c/metrics.csv
new_p3_training,True,tuned,SHARED_QUERY,42,main,3cfd389bbd05ec9201a41c0892e29bf8199198d1b216b9a8061370d4240aa583,bd1488a2d411295d7a2118c50ddcc0b158786123613af1676062e2270d1637d1,9cb89005693b1b70c102178849b740fde00b50c9ba5f3b5530d0e5749ea59837,eca954c21da074c545cb7858315ea39fee0a6f54b19e06474b4f2f91f1666847,490eeb15970ef077ee050323b551cd9c3c5534c257f1febddca9af74ed1cf0a4,6031dc4ee08b61c58b35b1efd7d764739d5c7c54dc7cbe9e9a72a1e4a7098596,e2212c40566e21c680a98186ebd8e984aa80d4fd,4d4ad03b827958468b1a231e360c7ad1aa68035c25af068059838ceae6dfa6d6,d429de798a427a6522a7bcf3d28ce3829114190cb2a37c2a651369c28d7a1193,selected_SHARED_QUERY_42,e7b7b3307a3b3c534703051317729c61fcae31b9e684d61e545339a84c735672,validation,P2,43659,0.9082981235858322,0.557250509631462,0.4804618021938249,0.2521729025648105,0.543665247407679,0.908298123585832,10937,22231,10491,1.1920928955078125e-07,4e484a6acb6ed7305a5ec5513d99f3999c0f2ce27a7b70f8609ef03a2f0fd7ca,rtx3090,14e9fdbcf9439e3e6cd736ba1599f421aba531ea,runs/exports/compatible/analyze_SHARED_QUERY_42__fd87fabe411e094c/metrics.csv
new_p3_training,True,tuned,SHARED_QUERY,42,main,3cfd389bbd05ec9201a41c0892e29bf8199198d1b216b9a8061370d4240aa583,bd1488a2d411295d7a2118c50ddcc0b158786123613af1676062e2270d1637d1,9cb89005693b1b70c102178849b740fde00b50c9ba5f3b5530d0e5749ea59837,eca954c21da074c545cb7858315ea39fee0a6f54b19e06474b4f2f91f1666847,490eeb15970ef077ee050323b551cd9c3c5534c257f1febddca9af74ed1cf0a4,6031dc4ee08b61c58b35b1efd7d764739d5c7c54dc7cbe9e9a72a1e4a7098596,e2212c40566e21c680a98186ebd8e984aa80d4fd,4d4ad03b827958468b1a231e360c7ad1aa68035c25af068059838ceae6dfa6d6,d429de798a427a6522a7bcf3d28ce3829114190cb2a37c2a651369c28d7a1193,selected_SHARED_QUERY_42,e7b7b3307a3b3c534703051317729c61fcae31b9e684d61e545339a84c735672,validation,P3,43050,0.9058103377754188,0.5580487804878049,0.48159538501135146,0.2549686476341639,0.5427904527077205,0.9062299317724367,10846,21790,10414,1.1920928955078125e-07,6d52c9fbf6be5e14713acbbe54cf789ce18ead615a69e1425ccdf2f2677c4d4b,rtx3090,14e9fdbcf9439e3e6cd736ba1599f421aba531ea,runs/exports/compatible/analyze_SHARED_QUERY_42__fd87fabe411e094c/metrics.csv
new_p3_training,True,tuned,SHARED_QUERY,7,main,3cfd389bbd05ec9201a41c0892e29bf8199198d1b216b9a8061370d4240aa583,bd1488a2d411295d7a2118c50ddcc0b158786123613af1676062e2270d1637d1,9cb89005693b1b70c102178849b740fde00b50c9ba5f3b5530d0e5749ea59837,eca954c21da074c545cb7858315ea39fee0a6f54b19e06474b4f2f91f1666847,490eeb15970ef077ee050323b551cd9c3c5534c257f1febddca9af74ed1cf0a4,6031dc4ee08b61c58b35b1efd7d764739d5c7c54dc7cbe9e9a72a1e4a7098596,e2212c40566e21c680a98186ebd8e984aa80d4fd,4d4ad03b827958468b1a231e360c7ad1aa68035c25af068059838ceae6dfa6d6,7582bd17d2c075f3046980287e3874d97abf508c8c9379f7828fe6d21b65631b,main_SHARED_QUERY_7_selected,05de7cb5bca9d5144139d37cfa828cf18a91d7d4663364cfafeb5836b5f3906b,development_holdout,P0,101574,0.9243176194603114,0.5471872723334712,0.4822659332845724,0.2508644771083087,0.5535085684103246,0.9243176194603113,25800,50465,25309,1.1920928966180355e-07,0dc85d22e8e0f74c7b6ec962eed4c96d1cb3a8bab46491e011387f6965f98c1d,rtx3090,14e9fdbcf9439e3e6cd736ba1599f421aba531ea,runs/exports/compatible/analyze_SHARED_QUERY_7__777ab9c0a43b6d6f/metrics.csv
new_p3_training,True,tuned,SHARED_QUERY,7,main,3cfd389bbd05ec9201a41c0892e29bf8199198d1b216b9a8061370d4240aa583,bd1488a2d411295d7a2118c50ddcc0b158786123613af1676062e2270d1637d1,9cb89005693b1b70c102178849b740fde00b50c9ba5f3b5530d0e5749ea59837,eca954c21da074c545cb7858315ea39fee0a6f54b19e06474b4f2f91f1666847,490eeb15970ef077ee050323b551cd9c3c5534c257f1febddca9af74ed1cf0a4,6031dc4ee08b61c58b35b1efd7d764739d5c7c54dc7cbe9e9a72a1e4a7098596,e2212c40566e21c680a98186ebd8e984aa80d4fd,4d4ad03b827958468b1a231e360c7ad1aa68035c25af068059838ceae6dfa6d6,7582bd17d2c075f3046980287e3874d97abf508c8c9379f7828fe6d21b65631b,main_SHARED_QUERY_7_selected,05de7cb5bca9d5144139d37cfa828cf18a91d7d4663364cfafeb5836b5f3906b,development_holdout,P1,97156,0.9231230937046149,0.5462143357075219,0.4852378942786381,0.2586093723511418,0.5539245632609813,0.922904251363609,25496,46615,25045,1.1920928966180355e-07,89132b9c6cb5437496dfcec2344f48c9652f89696c548da1ecffc1fa7e8b8292,rtx3090,14e9fdbcf9439e3e6cd736ba1599f421aba531ea,runs/exports/compatible/analyze_SHARED_QUERY_7__777ab9c0a43b6d6f/metrics.csv
new_p3_training,True,tuned,SHARED_QUERY,7,main,3cfd389bbd05ec9201a41c0892e29bf8199198d1b216b9a8061370d4240aa583,bd1488a2d411295d7a2118c50ddcc0b158786123613af1676062e2270d1637d1,9cb89005693b1b70c102178849b740fde00b50c9ba5f3b5530d0e5749ea59837,eca954c21da074c545cb7858315ea39fee0a6f54b19e06474b4f2f91f1666847,490eeb15970ef077ee050323b551cd9c3c5534c257f1febddca9af74ed1cf0a4,6031dc4ee08b61c58b35b1efd7d764739d5c7c54dc7cbe9e9a72a1e4a7098596,e2212c40566e21c680a98186ebd8e984aa80d4fd,4d4ad03b827958468b1a231e360c7ad1aa68035c25af068059838ceae6dfa6d6,7582bd17d2c075f3046980287e3874d97abf508c8c9379f7828fe6d21b65631b,main_SHARED_QUERY_7_selected,05de7cb5bca9d5144139d37cfa828cf18a91d7d4663364cfafeb5836b5f3906b,development_holdout,P2,88209,0.9282763295998316,0.5437993855502273,0.47965203093639713,0.24703994228008305,0.5560123995703652,0.9282763295998315,22573,43431,22205,1.1920928955078125e-07,e3f7c57ec943bebd2c72fd9a14e72d054ffbcce05445b0fd82869e8aa7261d38,rtx3090,14e9fdbcf9439e3e6cd736ba1599f421aba531ea,runs/exports/compatible/analyze_SHARED_QUERY_7__777ab9c0a43b6d6f/metrics.csv
new_p3_training,True,tuned,SHARED_QUERY,7,main,3cfd389bbd05ec9201a41c0892e29bf8199198d1b216b9a8061370d4240aa583,bd1488a2d411295d7a2118c50ddcc0b158786123613af1676062e2270d1637d1,9cb89005693b1b70c102178849b740fde00b50c9ba5f3b5530d0e5749ea59837,eca954c21da074c545cb7858315ea39fee0a6f54b19e06474b4f2f91f1666847,490eeb15970ef077ee050323b551cd9c3c5534c257f1febddca9af74ed1cf0a4,6031dc4ee08b61c58b35b1efd7d764739d5c7c54dc7cbe9e9a72a1e4a7098596,e2212c40566e21c680a98186ebd8e984aa80d4fd,4d4ad03b827958468b1a231e360c7ad1aa68035c25af068059838ceae6dfa6d6,7582bd17d2c075f3046980287e3874d97abf508c8c9379f7828fe6d21b65631b,main_SHARED_QUERY_7_selected,05de7cb5bca9d5144139d37cfa828cf18a91d7d4663364cfafeb5836b5f3906b,development_holdout,P3,86588,0.9208062996947078,0.5477779830923454,0.4828646119810267,0.25431742828783044,0.5521830970922748,0.9206028062174221,22279,42355,21954,1.1920928955078125e-07,1d87bc17ac0a3399488e5c5ec324165d9032588c37226cf41709e2dd0df6d17d,rtx3090,14e9fdbcf9439e3e6cd736ba1599f421aba531ea,runs/exports/compatible/analyze_SHARED_QUERY_7__777ab9c0a43b6d6f/metrics.csv
new_p3_training,True,tuned,SHARED_QUERY,7,main,3cfd389bbd05ec9201a41c0892e29bf8199198d1b216b9a8061370d4240aa583,bd1488a2d411295d7a2118c50ddcc0b158786123613af1676062e2270d1637d1,9cb89005693b1b70c102178849b740fde00b50c9ba5f3b5530d0e5749ea59837,eca954c21da074c545cb7858315ea39fee0a6f54b19e06474b4f2f91f1666847,490eeb15970ef077ee050323b551cd9c3c5534c257f1febddca9af74ed1cf0a4,6031dc4ee08b61c58b35b1efd7d764739d5c7c54dc7cbe9e9a72a1e4a7098596,e2212c40566e21c680a98186ebd8e984aa80d4fd,4d4ad03b827958468b1a231e360c7ad1aa68035c25af068059838ceae6dfa6d6,7582bd17d2c075f3046980287e3874d97abf508c8c9379f7828fe6d21b65631b,main_SHARED_QUERY_7_selected,05de7cb5bca9d5144139d37cfa828cf18a91d7d4663364cfafeb5836b5f3906b,validation,P0,50274,0.9042984477849964,0.561244380793253,0.48509534690864237,0.2578153499215158,0.5407964689714927,0.9042984477849964,12432,25906,11936,1.1920928955078125e-07,8554f7e47896ce912ee25183274a79552172e9c9a53366da0ed794a57786efe0,rtx3090,14e9fdbcf9439e3e6cd736ba1599f421aba531ea,runs/exports/compatible/analyze_SHARED_QUERY_7__777ab9c0a43b6d6f/metrics.csv
new_p3_training,True,tuned,SHARED_QUERY,7,main,3cfd389bbd05ec9201a41c0892e29bf8199198d1b216b9a8061370d4240aa583,bd1488a2d411295d7a2118c50ddcc0b158786123613af1676062e2270d1637d1,9cb89005693b1b70c102178849b740fde00b50c9ba5f3b5530d0e5749ea59837,eca954c21da074c545cb7858315ea39fee0a6f54b19e06474b4f2f91f1666847,490eeb15970ef077ee050323b551cd9c3c5534c257f1febddca9af74ed1cf0a4,6031dc4ee08b61c58b35b1efd7d764739d5c7c54dc7cbe9e9a72a1e4a7098596,e2212c40566e21c680a98186ebd8e984aa80d4fd,4d4ad03b827958468b1a231e360c7ad1aa68035c25af068059838ceae6dfa6d6,7582bd17d2c075f3046980287e3874d97abf508c8c9379f7828fe6d21b65631b,main_SHARED_QUERY_7_selected,05de7cb5bca9d5144139d37cfa828cf18a91d7d4663364cfafeb5836b5f3906b,validation,P1,48280,0.908775701301239,0.5575807787903894,0.48641893382935475,0.2620865418720747,0.5444570381952845,0.9091358670809088,12341,24081,11858,1.1920928955078125e-07,1bd74161030549bc2f24efe5491eb0d1f7727b652e5253a429e01c853cb585db,rtx3090,14e9fdbcf9439e3e6cd736ba1599f421aba531ea,runs/exports/compatible/analyze_SHARED_QUERY_7__777ab9c0a43b6d6f/metrics.csv
new_p3_training,True,tuned,SHARED_QUERY,7,main,3cfd389bbd05ec9201a41c0892e29bf8199198d1b216b9a8061370d4240aa583,bd1488a2d411295d7a2118c50ddcc0b158786123613af1676062e2270d1637d1,9cb89005693b1b70c102178849b740fde00b50c9ba5f3b5530d0e5749ea59837,eca954c21da074c545cb7858315ea39fee0a6f54b19e06474b4f2f91f1666847,490eeb15970ef077ee050323b551cd9c3c5534c257f1febddca9af74ed1cf0a4,6031dc4ee08b61c58b35b1efd7d764739d5c7c54dc7cbe9e9a72a1e4a7098596,e2212c40566e21c680a98186ebd8e984aa80d4fd,4d4ad03b827958468b1a231e360c7ad1aa68035c25af068059838ceae6dfa6d6,7582bd17d2c075f3046980287e3874d97abf508c8c9379f7828fe6d21b65631b,main_SHARED_QUERY_7_selected,05de7cb5bca9d5144139d37cfa828cf18a91d7d4663364cfafeb5836b5f3906b,validation,P2,43659,0.9079960060705852,0.5576398909732243,0.48226342320855414,0.25423273108283373,0.5436652333484819,0.9079960060705852,10937,22231,10491,1.1920928932873665e-07,4e484a6acb6ed7305a5ec5513d99f3999c0f2ce27a7b70f8609ef03a2f0fd7ca,rtx3090,14e9fdbcf9439e3e6cd736ba1599f421aba531ea,runs/exports/compatible/analyze_SHARED_QUERY_7__777ab9c0a43b6d6f/metrics.csv
new_p3_training,True,tuned,SHARED_QUERY,7,main,3cfd389bbd05ec9201a41c0892e29bf8199198d1b216b9a8061370d4240aa583,bd1488a2d411295d7a2118c50ddcc0b158786123613af1676062e2270d1637d1,9cb89005693b1b70c102178849b740fde00b50c9ba5f3b5530d0e5749ea59837,eca954c21da074c545cb7858315ea39fee0a6f54b19e06474b4f2f91f1666847,490eeb15970ef077ee050323b551cd9c3c5534c257f1febddca9af74ed1cf0a4,6031dc4ee08b61c58b35b1efd7d764739d5c7c54dc7cbe9e9a72a1e4a7098596,e2212c40566e21c680a98186ebd8e984aa80d4fd,4d4ad03b827958468b1a231e360c7ad1aa68035c25af068059838ceae6dfa6d6,7582bd17d2c075f3046980287e3874d97abf508c8c9379f7828fe6d21b65631b,main_SHARED_QUERY_7_selected,05de7cb5bca9d5144139d37cfa828cf18a91d7d4663364cfafeb5836b5f3906b,validation,P3,43050,0.906194628660433,0.5585598141695702,0.483412331746732,0.25712794514063786,0.5431082752961992,0.9066928829994493,10846,21790,10414,1.1920928932873665e-07,6d52c9fbf6be5e14713acbbe54cf789ce18ead615a69e1425ccdf2f2677c4d4b,rtx3090,14e9fdbcf9439e3e6cd736ba1599f421aba531ea,runs/exports/compatible/analyze_SHARED_QUERY_7__777ab9c0a43b6d6f/metrics.csv
new_p3_training,True,tuned,UA,123,main,3cfd389bbd05ec9201a41c0892e29bf8199198d1b216b9a8061370d4240aa583,bd1488a2d411295d7a2118c50ddcc0b158786123613af1676062e2270d1637d1,9cb89005693b1b70c102178849b740fde00b50c9ba5f3b5530d0e5749ea59837,eca954c21da074c545cb7858315ea39fee0a6f54b19e06474b4f2f91f1666847,490eeb15970ef077ee050323b551cd9c3c5534c257f1febddca9af74ed1cf0a4,6031dc4ee08b61c58b35b1efd7d764739d5c7c54dc7cbe9e9a72a1e4a7098596,e2212c40566e21c680a98186ebd8e984aa80d4fd,4d4ad03b827958468b1a231e360c7ad1aa68035c25af068059838ceae6dfa6d6,22070aab46ef0198c5b716350b27664faf5177e3b94bf9a734d3ac21dfe46984,main_UA_123_selected,8af6e29415c1955048b4ffa729ce44b61722302058a35af6fb955823dddde974,development_holdout,P0,101574,0.9230745326186846,0.5472364975288951,0.4807083069904246,0.2496514437034735,0.5529700627233268,0.9230745326186847,25800,50465,25309,1.1920928977282585e-07,0dc85d22e8e0f74c7b6ec962eed4c96d1cb3a8bab46491e011387f6965f98c1d,rtx3090,14e9fdbcf9439e3e6cd736ba1599f421aba531ea,runs/exports/compatible/analyze_UA_123__81018442ca2f4d7a/metrics.csv
new_p3_training,True,tuned,UA,123,main,3cfd389bbd05ec9201a41c0892e29bf8199198d1b216b9a8061370d4240aa583,bd1488a2d411295d7a2118c50ddcc0b158786123613af1676062e2270d1637d1,9cb89005693b1b70c102178849b740fde00b50c9ba5f3b5530d0e5749ea59837,eca954c21da074c545cb7858315ea39fee0a6f54b19e06474b4f2f91f1666847,490eeb15970ef077ee050323b551cd9c3c5534c257f1febddca9af74ed1cf0a4,6031dc4ee08b61c58b35b1efd7d764739d5c7c54dc7cbe9e9a72a1e4a7098596,e2212c40566e21c680a98186ebd8e984aa80d4fd,4d4ad03b827958468b1a231e360c7ad1aa68035c25af068059838ceae6dfa6d6,22070aab46ef0198c5b716350b27664faf5177e3b94bf9a734d3ac21dfe46984,main_UA_123_selected,8af6e29415c1955048b4ffa729ce44b61722302058a35af6fb955823dddde974,development_holdout,P1,97156,0.9238562457661945,0.545699699452427,0.4833374822549082,0.2568730282374394,0.5541774534932905,0.9235410779295918,25496,46615,25045,1.1920928977282585e-07,89132b9c6cb5437496dfcec2344f48c9652f89696c548da1ecffc1fa7e8b8292,rtx3090,14e9fdbcf9439e3e6cd736ba1599f421aba531ea,runs/exports/compatible/analyze_UA_123__81018442ca2f4d7a/metrics.csv
new_p3_training,True,tuned,UA,123,main,3cfd389bbd05ec9201a41c0892e29bf8199198d1b216b9a8061370d4240aa583,bd1488a2d411295d7a2118c50ddcc0b158786123613af1676062e2270d1637d1,9cb89005693b1b70c102178849b740fde00b50c9ba5f3b5530d0e5749ea59837,eca954c21da074c545cb7858315ea39fee0a6f54b19e06474b4f2f91f1666847,490eeb15970ef077ee050323b551cd9c3c5534c257f1febddca9af74ed1cf0a4,6031dc4ee08b61c58b35b1efd7d764739d5c7c54dc7cbe9e9a72a1e4a7098596,e2212c40566e21c680a98186ebd8e984aa80d4fd,4d4ad03b827958468b1a231e360c7ad1aa68035c25af068059838ceae6dfa6d6,22070aab46ef0198c5b716350b27664faf5177e3b94bf9a734d3ac21dfe46984,main_UA_123_selected,8af6e29415c1955048b4ffa729ce44b61722302058a35af6fb955823dddde974,development_holdout,P2,88209,0.9267859596381189,0.5438560691085944,0.47895509596803576,0.2458465074593703,0.5553026163057136,0.926785959638119,22573,43431,22205,1.1920928977282585e-07,e3f7c57ec943bebd2c72fd9a14e72d054ffbcce05445b0fd82869e8aa7261d38,rtx3090,14e9fdbcf9439e3e6cd736ba1599f421aba531ea,runs/exports/compatible/analyze_UA_123__81018442ca2f4d7a/metrics.csv
new_p3_training,True,tuned,UA,123,main,3cfd389bbd05ec9201a41c0892e29bf8199198d1b216b9a8061370d4240aa583,bd1488a2d411295d7a2118c50ddcc0b158786123613af1676062e2270d1637d1,9cb89005693b1b70c102178849b740fde00b50c9ba5f3b5530d0e5749ea59837,eca954c21da074c545cb7858315ea39fee0a6f54b19e06474b4f2f91f1666847,490eeb15970ef077ee050323b551cd9c3c5534c257f1febddca9af74ed1cf0a4,6031dc4ee08b61c58b35b1efd7d764739d5c7c54dc7cbe9e9a72a1e4a7098596,e2212c40566e21c680a98186ebd8e984aa80d4fd,4d4ad03b827958468b1a231e360c7ad1aa68035c25af068059838ceae6dfa6d6,22070aab46ef0198c5b716350b27664faf5177e3b94bf9a734d3ac21dfe46984,main_UA_123_selected,8af6e29415c1955048b4ffa729ce44b61722302058a35af6fb955823dddde974,development_holdout,P3,86588,0.9210550480589319,0.5473737700374186,0.4818762689760258,0.2525867781265323,0.5521211023712778,0.9207677782593549,22279,42355,21954,1.1920928977282585e-07,1d87bc17ac0a3399488e5c5ec324165d9032588c37226cf41709e2dd0df6d17d,rtx3090,14e9fdbcf9439e3e6cd736ba1599f421aba531ea,runs/exports/compatible/analyze_UA_123__81018442ca2f4d7a/metrics.csv
new_p3_training,True,tuned,UA,123,main,3cfd389bbd05ec9201a41c0892e29bf8199198d1b216b9a8061370d4240aa583,bd1488a2d411295d7a2118c50ddcc0b158786123613af1676062e2270d1637d1,9cb89005693b1b70c102178849b740fde00b50c9ba5f3b5530d0e5749ea59837,eca954c21da074c545cb7858315ea39fee0a6f54b19e06474b4f2f91f1666847,490eeb15970ef077ee050323b551cd9c3c5534c257f1febddca9af74ed1cf0a4,6031dc4ee08b61c58b35b1efd7d764739d5c7c54dc7cbe9e9a72a1e4a7098596,e2212c40566e21c680a98186ebd8e984aa80d4fd,4d4ad03b827958468b1a231e360c7ad1aa68035c25af068059838ceae6dfa6d6,22070aab46ef0198c5b716350b27664faf5177e3b94bf9a734d3ac21dfe46984,main_UA_123_selected,8af6e29415c1955048b4ffa729ce44b61722302058a35af6fb955823dddde974,validation,P0,50274,0.9048027172597943,0.5622588216573179,0.4831141367569749,0.25791743512667104,0.5413997178864496,0.9048027172597943,12432,25906,11936,1.1175870906487972e-07,8554f7e47896ce912ee25183274a79552172e9c9a53366da0ed794a57786efe0,rtx3090,14e9fdbcf9439e3e6cd736ba1599f421aba531ea,runs/exports/compatible/analyze_UA_123__81018442ca2f4d7a/metrics.csv
new_p3_training,True,tuned,UA,123,main,3cfd389bbd05ec9201a41c0892e29bf8199198d1b216b9a8061370d4240aa583,bd1488a2d411295d7a2118c50ddcc0b158786123613af1676062e2270d1637d1,9cb89005693b1b70c102178849b740fde00b50c9ba5f3b5530d0e5749ea59837,eca954c21da074c545cb7858315ea39fee0a6f54b19e06474b4f2f91f1666847,490eeb15970ef077ee050323b551cd9c3c5534c257f1febddca9af74ed1cf0a4,6031dc4ee08b61c58b35b1efd7d764739d5c7c54dc7cbe9e9a72a1e4a7098596,e2212c40566e21c680a98186ebd8e984aa80d4fd,4d4ad03b827958468b1a231e360c7ad1aa68035c25af068059838ceae6dfa6d6,22070aab46ef0198c5b716350b27664faf5177e3b94bf9a734d3ac21dfe46984,main_UA_123_selected,8af6e29415c1955048b4ffa729ce44b61722302058a35af6fb955823dddde974,validation,P1,48280,0.9090749775892218,0.557870753935377,0.48402106134079576,0.26144346147946873,0.5447264042274111,0.9093811050659094,12341,24081,11858,1.1175870906487972e-07,1bd74161030549bc2f24efe5491eb0d1f7727b652e5253a429e01c853cb585db,rtx3090,14e9fdbcf9439e3e6cd736ba1599f421aba531ea,runs/exports/compatible/analyze_UA_123__81018442ca2f4d7a/metrics.csv
new_p3_training,True,tuned,UA,123,main,3cfd389bbd05ec9201a41c0892e29bf8199198d1b216b9a8061370d4240aa583,bd1488a2d411295d7a2118c50ddcc0b158786123613af1676062e2270d1637d1,9cb89005693b1b70c102178849b740fde00b50c9ba5f3b5530d0e5749ea59837,eca954c21da074c545cb7858315ea39fee0a6f54b19e06474b4f2f91f1666847,490eeb15970ef077ee050323b551cd9c3c5534c257f1febddca9af74ed1cf0a4,6031dc4ee08b61c58b35b1efd7d764739d5c7c54dc7cbe9e9a72a1e4a7098596,e2212c40566e21c680a98186ebd8e984aa80d4fd,4d4ad03b827958468b1a231e360c7ad1aa68035c25af068059838ceae6dfa6d6,22070aab46ef0198c5b716350b27664faf5177e3b94bf9a734d3ac21dfe46984,main_UA_123_selected,8af6e29415c1955048b4ffa729ce44b61722302058a35af6fb955823dddde974,validation,P2,43659,0.9087755460113734,0.5583957488719393,0.48124573198366266,0.2541273190031242,0.5442871475878017,0.9087755460113733,10937,22231,10491,1.1175870895385742e-07,4e484a6acb6ed7305a5ec5513d99f3999c0f2ce27a7b70f8609ef03a2f0fd7ca,rtx3090,14e9fdbcf9439e3e6cd736ba1599f421aba531ea,runs/exports/compatible/analyze_UA_123__81018442ca2f4d7a/metrics.csv
new_p3_training,True,tuned,UA,123,main,3cfd389bbd05ec9201a41c0892e29bf8199198d1b216b9a8061370d4240aa583,bd1488a2d411295d7a2118c50ddcc0b158786123613af1676062e2270d1637d1,9cb89005693b1b70c102178849b740fde00b50c9ba5f3b5530d0e5749ea59837,eca954c21da074c545cb7858315ea39fee0a6f54b19e06474b4f2f91f1666847,490eeb15970ef077ee050323b551cd9c3c5534c257f1febddca9af74ed1cf0a4,6031dc4ee08b61c58b35b1efd7d764739d5c7c54dc7cbe9e9a72a1e4a7098596,e2212c40566e21c680a98186ebd8e984aa80d4fd,4d4ad03b827958468b1a231e360c7ad1aa68035c25af068059838ceae6dfa6d6,22070aab46ef0198c5b716350b27664faf5177e3b94bf9a734d3ac21dfe46984,main_UA_123_selected,8af6e29415c1955048b4ffa729ce44b61722302058a35af6fb955823dddde974,validation,P3,43050,0.9061634827054394,0.5589547038327526,0.48221395372618653,0.2566308119743597,0.543080807236669,0.9065932240951201,10846,21790,10414,1.1175870895385742e-07,6d52c9fbf6be5e14713acbbe54cf789ce18ead615a69e1425ccdf2f2677c4d4b,rtx3090,14e9fdbcf9439e3e6cd736ba1599f421aba531ea,runs/exports/compatible/analyze_UA_123__81018442ca2f4d7a/metrics.csv
new_p3_training,True,tuned,UA,42,main,3cfd389bbd05ec9201a41c0892e29bf8199198d1b216b9a8061370d4240aa583,bd1488a2d411295d7a2118c50ddcc0b158786123613af1676062e2270d1637d1,9cb89005693b1b70c102178849b740fde00b50c9ba5f3b5530d0e5749ea59837,eca954c21da074c545cb7858315ea39fee0a6f54b19e06474b4f2f91f1666847,490eeb15970ef077ee050323b551cd9c3c5534c257f1febddca9af74ed1cf0a4,6031dc4ee08b61c58b35b1efd7d764739d5c7c54dc7cbe9e9a72a1e4a7098596,e2212c40566e21c680a98186ebd8e984aa80d4fd,4d4ad03b827958468b1a231e360c7ad1aa68035c25af068059838ceae6dfa6d6,90427d9f1f9f987bf83463916d78b5a29bee9b91513323c2d8d0c865f9a34a75,selected_UA_42,be98abf5f5346d9ea3a35fb947271dacee59804a5074005b8d6e07771ab9a9ff,development_holdout,P0,101574,0.9235239550075535,0.5465670348711285,0.48008227472452364,0.2480825160742897,0.5531196731099518,0.9235239550075535,25800,50465,25309,1.1920928966180355e-07,0dc85d22e8e0f74c7b6ec962eed4c96d1cb3a8bab46491e011387f6965f98c1d,rtx3090,14e9fdbcf9439e3e6cd736ba1599f421aba531ea,runs/exports/compatible/analyze_UA_42__981f1d11b94aa2db/metrics.csv
new_p3_training,True,tuned,UA,42,main,3cfd389bbd05ec9201a41c0892e29bf8199198d1b216b9a8061370d4240aa583,bd1488a2d411295d7a2118c50ddcc0b158786123613af1676062e2270d1637d1,9cb89005693b1b70c102178849b740fde00b50c9ba5f3b5530d0e5749ea59837,eca954c21da074c545cb7858315ea39fee0a6f54b19e06474b4f2f91f1666847,490eeb15970ef077ee050323b551cd9c3c5534c257f1febddca9af74ed1cf0a4,6031dc4ee08b61c58b35b1efd7d764739d5c7c54dc7cbe9e9a72a1e4a7098596,e2212c40566e21c680a98186ebd8e984aa80d4fd,4d4ad03b827958468b1a231e360c7ad1aa68035c25af068059838ceae6dfa6d6,90427d9f1f9f987bf83463916d78b5a29bee9b91513323c2d8d0c865f9a34a75,selected_UA_42,be98abf5f5346d9ea3a35fb947271dacee59804a5074005b8d6e07771ab9a9ff,development_holdout,P1,97156,0.923577212761857,0.5451130141216188,0.4826451365926819,0.2554369963308901,0.5540609481369647,0.9233238887416788,25496,46615,25045,1.1920928966180355e-07,89132b9c6cb5437496dfcec2344f48c9652f89696c548da1ecffc1fa7e8b8292,rtx3090,14e9fdbcf9439e3e6cd736ba1599f421aba531ea,runs/exports/compatible/analyze_UA_42__981f1d11b94aa2db/metrics.csv
new_p3_training,True,tuned,UA,42,main,3cfd389bbd05ec9201a41c0892e29bf8199198d1b216b9a8061370d4240aa583,bd1488a2d411295d7a2118c50ddcc0b158786123613af1676062e2270d1637d1,9cb89005693b1b70c102178849b740fde00b50c9ba5f3b5530d0e5749ea59837,eca954c21da074c545cb7858315ea39fee0a6f54b19e06474b4f2f91f1666847,490eeb15970ef077ee050323b551cd9c3c5534c257f1febddca9af74ed1cf0a4,6031dc4ee08b61c58b35b1efd7d764739d5c7c54dc7cbe9e9a72a1e4a7098596,e2212c40566e21c680a98186ebd8e984aa80d4fd,4d4ad03b827958468b1a231e360c7ad1aa68035c25af068059838ceae6dfa6d6,90427d9f1f9f987bf83463916d78b5a29bee9b91513323c2d8d0c865f9a34a75,selected_UA_42,be98abf5f5346d9ea3a35fb947271dacee59804a5074005b8d6e07771ab9a9ff,development_holdout,P2,88209,0.9271196189381212,0.5429491321747214,0.47753423318794336,0.2438444506821895,0.5555709228676285,0.927119618938121,22573,43431,22205,1.1920928966180355e-07,e3f7c57ec943bebd2c72fd9a14e72d054ffbcce05445b0fd82869e8aa7261d38,rtx3090,14e9fdbcf9439e3e6cd736ba1599f421aba531ea,runs/exports/compatible/analyze_UA_42__981f1d11b94aa2db/metrics.csv
new_p3_training,True,tuned,UA,42,main,3cfd389bbd05ec9201a41c0892e29bf8199198d1b216b9a8061370d4240aa583,bd1488a2d411295d7a2118c50ddcc0b158786123613af1676062e2270d1637d1,9cb89005693b1b70c102178849b740fde00b50c9ba5f3b5530d0e5749ea59837,eca954c21da074c545cb7858315ea39fee0a6f54b19e06474b4f2f91f1666847,490eeb15970ef077ee050323b551cd9c3c5534c257f1febddca9af74ed1cf0a4,6031dc4ee08b61c58b35b1efd7d764739d5c7c54dc7cbe9e9a72a1e4a7098596,e2212c40566e21c680a98186ebd8e984aa80d4fd,4d4ad03b827958468b1a231e360c7ad1aa68035c25af068059838ceae6dfa6d6,90427d9f1f9f987bf83463916d78b5a29bee9b91513323c2d8d0c865f9a34a75,selected_UA_42,be98abf5f5346d9ea3a35fb947271dacee59804a5074005b8d6e07771ab9a9ff,development_holdout,P3,86588,0.9207398912292273,0.5465768928719915,0.4803809894698408,0.2507015995302427,0.5521180807919458,0.9205033180088549,22279,42355,21954,1.1920928966180355e-07,1d87bc17ac0a3399488e5c5ec324165d9032588c37226cf41709e2dd0df6d17d,rtx3090,14e9fdbcf9439e3e6cd736ba1599f421aba531ea,runs/exports/compatible/analyze_UA_42__981f1d11b94aa2db/metrics.csv
new_p3_training,True,tuned,UA,42,main,3cfd389bbd05ec9201a41c0892e29bf8199198d1b216b9a8061370d4240aa583,bd1488a2d411295d7a2118c50ddcc0b158786123613af1676062e2270d1637d1,9cb89005693b1b70c102178849b740fde00b50c9ba5f3b5530d0e5749ea59837,eca954c21da074c545cb7858315ea39fee0a6f54b19e06474b4f2f91f1666847,490eeb15970ef077ee050323b551cd9c3c5534c257f1febddca9af74ed1cf0a4,6031dc4ee08b61c58b35b1efd7d764739d5c7c54dc7cbe9e9a72a1e4a7098596,e2212c40566e21c680a98186ebd8e984aa80d4fd,4d4ad03b827958468b1a231e360c7ad1aa68035c25af068059838ceae6dfa6d6,90427d9f1f9f987bf83463916d78b5a29bee9b91513323c2d8d0c865f9a34a75,selected_UA_42,be98abf5f5346d9ea3a35fb947271dacee59804a5074005b8d6e07771ab9a9ff,validation,P0,50274,0.9057361139646567,0.5609659068305685,0.4813223376966131,0.2546345817494609,0.5415431347908135,0.9057361139646567,12432,25906,11936,1.1175870917590203e-07,8554f7e47896ce912ee25183274a79552172e9c9a53366da0ed794a57786efe0,rtx3090,14e9fdbcf9439e3e6cd736ba1599f421aba531ea,runs/exports/compatible/analyze_UA_42__981f1d11b94aa2db/metrics.csv
new_p3_training,True,tuned,UA,42,main,3cfd389bbd05ec9201a41c0892e29bf8199198d1b216b9a8061370d4240aa583,bd1488a2d411295d7a2118c50ddcc0b158786123613af1676062e2270d1637d1,9cb89005693b1b70c102178849b740fde00b50c9ba5f3b5530d0e5749ea59837,eca954c21da074c545cb7858315ea39fee0a6f54b19e06474b4f2f91f1666847,490eeb15970ef077ee050323b551cd9c3c5534c257f1febddca9af74ed1cf0a4,6031dc4ee08b61c58b35b1efd7d764739d5c7c54dc7cbe9e9a72a1e4a7098596,e2212c40566e21c680a98186ebd8e984aa80d4fd,4d4ad03b827958468b1a231e360c7ad1aa68035c25af068059838ceae6dfa6d6,90427d9f1f9f987bf83463916d78b5a29bee9b91513323c2d8d0c865f9a34a75,selected_UA_42,be98abf5f5346d9ea3a35fb947271dacee59804a5074005b8d6e07771ab9a9ff,validation,P1,48280,0.9098827718789193,0.5568558409279205,0.4823332419272825,0.25863944704682834,0.5450192491980619,0.9101822012281557,12341,24081,11858,1.1175870917590203e-07,1bd74161030549bc2f24efe5491eb0d1f7727b652e5253a429e01c853cb585db,rtx3090,14e9fdbcf9439e3e6cd736ba1599f421aba531ea,runs/exports/compatible/analyze_UA_42__981f1d11b94aa2db/metrics.csv
new_p3_training,True,tuned,UA,42,main,3cfd389bbd05ec9201a41c0892e29bf8199198d1b216b9a8061370d4240aa583,bd1488a2d411295d7a2118c50ddcc0b158786123613af1676062e2270d1637d1,9cb89005693b1b70c102178849b740fde00b50c9ba5f3b5530d0e5749ea59837,eca954c21da074c545cb7858315ea39fee0a6f54b19e06474b4f2f91f1666847,490eeb15970ef077ee050323b551cd9c3c5534c257f1febddca9af74ed1cf0a4,6031dc4ee08b61c58b35b1efd7d764739d5c7c54dc7cbe9e9a72a1e4a7098596,e2212c40566e21c680a98186ebd8e984aa80d4fd,4d4ad03b827958468b1a231e360c7ad1aa68035c25af068059838ceae6dfa6d6,90427d9f1f9f987bf83463916d78b5a29bee9b91513323c2d8d0c865f9a34a75,selected_UA_42,be98abf5f5346d9ea3a35fb947271dacee59804a5074005b8d6e07771ab9a9ff,validation,P2,43659,0.9086971371562101,0.5568840330745093,0.4781777727456961,0.25034897651156873,0.5442081716283741,0.9086971371562101,10937,22231,10491,1.1175870917590203e-07,4e484a6acb6ed7305a5ec5513d99f3999c0f2ce27a7b70f8609ef03a2f0fd7ca,rtx3090,14e9fdbcf9439e3e6cd736ba1599f421aba531ea,runs/exports/compatible/analyze_UA_42__981f1d11b94aa2db/metrics.csv
new_p3_training,True,tuned,UA,42,main,3cfd389bbd05ec9201a41c0892e29bf8199198d1b216b9a8061370d4240aa583,bd1488a2d411295d7a2118c50ddcc0b158786123613af1676062e2270d1637d1,9cb89005693b1b70c102178849b740fde00b50c9ba5f3b5530d0e5749ea59837,eca954c21da074c545cb7858315ea39fee0a6f54b19e06474b4f2f91f1666847,490eeb15970ef077ee050323b551cd9c3c5534c257f1febddca9af74ed1cf0a4,6031dc4ee08b61c58b35b1efd7d764739d5c7c54dc7cbe9e9a72a1e4a7098596,e2212c40566e21c680a98186ebd8e984aa80d4fd,4d4ad03b827958468b1a231e360c7ad1aa68035c25af068059838ceae6dfa6d6,90427d9f1f9f987bf83463916d78b5a29bee9b91513323c2d8d0c865f9a34a75,selected_UA_42,be98abf5f5346d9ea3a35fb947271dacee59804a5074005b8d6e07771ab9a9ff,validation,P3,43050,0.9061664881728742,0.5575842044134727,0.47911575734152284,0.25299539985062697,0.543198137849532,0.9065931317615424,10846,21790,10414,1.1175870917590203e-07,6d52c9fbf6be5e14713acbbe54cf789ce18ead615a69e1425ccdf2f2677c4d4b,rtx3090,14e9fdbcf9439e3e6cd736ba1599f421aba531ea,runs/exports/compatible/analyze_UA_42__981f1d11b94aa2db/metrics.csv
new_p3_training,True,tuned,UA,7,main,3cfd389bbd05ec9201a41c0892e29bf8199198d1b216b9a8061370d4240aa583,bd1488a2d411295d7a2118c50ddcc0b158786123613af1676062e2270d1637d1,9cb89005693b1b70c102178849b740fde00b50c9ba5f3b5530d0e5749ea59837,eca954c21da074c545cb7858315ea39fee0a6f54b19e06474b4f2f91f1666847,490eeb15970ef077ee050323b551cd9c3c5534c257f1febddca9af74ed1cf0a4,6031dc4ee08b61c58b35b1efd7d764739d5c7c54dc7cbe9e9a72a1e4a7098596,e2212c40566e21c680a98186ebd8e984aa80d4fd,4d4ad03b827958468b1a231e360c7ad1aa68035c25af068059838ceae6dfa6d6,0da5ee1686ead23df1f904ead1e98b7c0a817ac118d50e0e14715b5517b5194c,main_UA_7_selected,8608d8dbf03e51ae6f9b7834fb7baa1c34fd8195e4b5ea1a3f9b183667605c92,development_holdout,P0,101574,0.9249887737847199,0.5458778821351921,0.4839217924195614,0.25174194066852845,0.5542637481331049,0.9249887737847199,25800,50465,25309,1.1920928977282585e-07,0dc85d22e8e0f74c7b6ec962eed4c96d1cb3a8bab46491e011387f6965f98c1d,rtx3090,14e9fdbcf9439e3e6cd736ba1599f421aba531ea,runs/exports/compatible/analyze_UA_7__d03e946c5374e6d7/metrics.csv
new_p3_training,True,tuned,UA,7,main,3cfd389bbd05ec9201a41c0892e29bf8199198d1b216b9a8061370d4240aa583,bd1488a2d411295d7a2118c50ddcc0b158786123613af1676062e2270d1637d1,9cb89005693b1b70c102178849b740fde00b50c9ba5f3b5530d0e5749ea59837,eca954c21da074c545cb7858315ea39fee0a6f54b19e06474b4f2f91f1666847,490eeb15970ef077ee050323b551cd9c3c5534c257f1febddca9af74ed1cf0a4,6031dc4ee08b61c58b35b1efd7d764739d5c7c54dc7cbe9e9a72a1e4a7098596,e2212c40566e21c680a98186ebd8e984aa80d4fd,4d4ad03b827958468b1a231e360c7ad1aa68035c25af068059838ceae6dfa6d6,0da5ee1686ead23df1f904ead1e98b7c0a817ac118d50e0e14715b5517b5194c,main_UA_7_selected,8608d8dbf03e51ae6f9b7834fb7baa1c34fd8195e4b5ea1a3f9b183667605c92,development_holdout,P1,97156,0.923674002169935,0.5455247231256948,0.4872727199328373,0.25985463376695533,0.5543529970260879,0.9234323177704438,25496,46615,25045,1.1920928977282585e-07,89132b9c6cb5437496dfcec2344f48c9652f89696c548da1ecffc1fa7e8b8292,rtx3090,14e9fdbcf9439e3e6cd736ba1599f421aba531ea,runs/exports/compatible/analyze_UA_7__d03e946c5374e6d7/metrics.csv
new_p3_training,True,tuned,UA,7,main,3cfd389bbd05ec9201a41c0892e29bf8199198d1b216b9a8061370d4240aa583,bd1488a2d411295d7a2118c50ddcc0b158786123613af1676062e2270d1637d1,9cb89005693b1b70c102178849b740fde00b50c9ba5f3b5530d0e5749ea59837,eca954c21da074c545cb7858315ea39fee0a6f54b19e06474b4f2f91f1666847,490eeb15970ef077ee050323b551cd9c3c5534c257f1febddca9af74ed1cf0a4,6031dc4ee08b61c58b35b1efd7d764739d5c7c54dc7cbe9e9a72a1e4a7098596,e2212c40566e21c680a98186ebd8e984aa80d4fd,4d4ad03b827958468b1a231e360c7ad1aa68035c25af068059838ceae6dfa6d6,0da5ee1686ead23df1f904ead1e98b7c0a817ac118d50e0e14715b5517b5194c,main_UA_7_selected,8608d8dbf03e51ae6f9b7834fb7baa1c34fd8195e4b5ea1a3f9b183667605c92,development_holdout,P2,88209,0.9280012684942657,0.5433005702365972,0.48233155217786566,0.2485997701020845,0.5560283295643694,0.9280012684942656,22573,43431,22205,1.1920928977282585e-07,e3f7c57ec943bebd2c72fd9a14e72d054ffbcce05445b0fd82869e8aa7261d38,rtx3090,14e9fdbcf9439e3e6cd736ba1599f421aba531ea,runs/exports/compatible/analyze_UA_7__d03e946c5374e6d7/metrics.csv
new_p3_training,True,tuned,UA,7,main,3cfd389bbd05ec9201a41c0892e29bf8199198d1b216b9a8061370d4240aa583,bd1488a2d411295d7a2118c50ddcc0b158786123613af1676062e2270d1637d1,9cb89005693b1b70c102178849b740fde00b50c9ba5f3b5530d0e5749ea59837,eca954c21da074c545cb7858315ea39fee0a6f54b19e06474b4f2f91f1666847,490eeb15970ef077ee050323b551cd9c3c5534c257f1febddca9af74ed1cf0a4,6031dc4ee08b61c58b35b1efd7d764739d5c7c54dc7cbe9e9a72a1e4a7098596,e2212c40566e21c680a98186ebd8e984aa80d4fd,4d4ad03b827958468b1a231e360c7ad1aa68035c25af068059838ceae6dfa6d6,0da5ee1686ead23df1f904ead1e98b7c0a817ac118d50e0e14715b5517b5194c,main_UA_7_selected,8608d8dbf03e51ae6f9b7834fb7baa1c34fd8195e4b5ea1a3f9b183667605c92,development_holdout,P3,86588,0.9211138032827583,0.5471312422044625,0.4854600971539796,0.2554973488832953,0.5524078347453775,0.9209047018287234,22279,42355,21954,1.1920928977282585e-07,1d87bc17ac0a3399488e5c5ec324165d9032588c37226cf41709e2dd0df6d17d,rtx3090,14e9fdbcf9439e3e6cd736ba1599f421aba531ea,runs/exports/compatible/analyze_UA_7__d03e946c5374e6d7/metrics.csv
new_p3_training,True,tuned,UA,7,main,3cfd389bbd05ec9201a41c0892e29bf8199198d1b216b9a8061370d4240aa583,bd1488a2d411295d7a2118c50ddcc0b158786123613af1676062e2270d1637d1,9cb89005693b1b70c102178849b740fde00b50c9ba5f3b5530d0e5749ea59837,eca954c21da074c545cb7858315ea39fee0a6f54b19e06474b4f2f91f1666847,490eeb15970ef077ee050323b551cd9c3c5534c257f1febddca9af74ed1cf0a4,6031dc4ee08b61c58b35b1efd7d764739d5c7c54dc7cbe9e9a72a1e4a7098596,e2212c40566e21c680a98186ebd8e984aa80d4fd,4d4ad03b827958468b1a231e360c7ad1aa68035c25af068059838ceae6dfa6d6,0da5ee1686ead23df1f904ead1e98b7c0a817ac118d50e0e14715b5517b5194c,main_UA_7_selected,8608d8dbf03e51ae6f9b7834fb7baa1c34fd8195e4b5ea1a3f9b183667605c92,validation,P0,50274,0.9052981563714858,0.5592552810597924,0.48599837181478467,0.2576761515244065,0.5417947650643079,0.9052981563714859,12432,25906,11936,1.1920928932873665e-07,8554f7e47896ce912ee25183274a79552172e9c9a53366da0ed794a57786efe0,rtx3090,14e9fdbcf9439e3e6cd736ba1599f421aba531ea,runs/exports/compatible/analyze_UA_7__d03e946c5374e6d7/metrics.csv
new_p3_training,True,tuned,UA,7,main,3cfd389bbd05ec9201a41c0892e29bf8199198d1b216b9a8061370d4240aa583,bd1488a2d411295d7a2118c50ddcc0b158786123613af1676062e2270d1637d1,9cb89005693b1b70c102178849b740fde00b50c9ba5f3b5530d0e5749ea59837,eca954c21da074c545cb7858315ea39fee0a6f54b19e06474b4f2f91f1666847,490eeb15970ef077ee050323b551cd9c3c5534c257f1febddca9af74ed1cf0a4,6031dc4ee08b61c58b35b1efd7d764739d5c7c54dc7cbe9e9a72a1e4a7098596,e2212c40566e21c680a98186ebd8e984aa80d4fd,4d4ad03b827958468b1a231e360c7ad1aa68035c25af068059838ceae6dfa6d6,0da5ee1686ead23df1f904ead1e98b7c0a817ac118d50e0e14715b5517b5194c,main_UA_7_selected,8608d8dbf03e51ae6f9b7834fb7baa1c34fd8195e4b5ea1a3f9b183667605c92,validation,P1,48280,0.9095754142067872,0.5559859154929577,0.48756817356942506,0.26207085678096864,0.54517975575881,0.9099024855944305,12341,24081,11858,1.1920928932873665e-07,1bd74161030549bc2f24efe5491eb0d1f7727b652e5253a429e01c853cb585db,rtx3090,14e9fdbcf9439e3e6cd736ba1599f421aba531ea,runs/exports/compatible/analyze_UA_7__d03e946c5374e6d7/metrics.csv
new_p3_training,True,tuned,UA,7,main,3cfd389bbd05ec9201a41c0892e29bf8199198d1b216b9a8061370d4240aa583,bd1488a2d411295d7a2118c50ddcc0b158786123613af1676062e2270d1637d1,9cb89005693b1b70c102178849b740fde00b50c9ba5f3b5530d0e5749ea59837,eca954c21da074c545cb7858315ea39fee0a6f54b19e06474b4f2f91f1666847,490eeb15970ef077ee050323b551cd9c3c5534c257f1febddca9af74ed1cf0a4,6031dc4ee08b61c58b35b1efd7d764739d5c7c54dc7cbe9e9a72a1e4a7098596,e2212c40566e21c680a98186ebd8e984aa80d4fd,4d4ad03b827958468b1a231e360c7ad1aa68035c25af068059838ceae6dfa6d6,0da5ee1686ead23df1f904ead1e98b7c0a817ac118d50e0e14715b5517b5194c,main_UA_7_selected,8608d8dbf03e51ae6f9b7834fb7baa1c34fd8195e4b5ea1a3f9b183667605c92,validation,P2,43659,0.9081901392684097,0.5564717469479374,0.4847832322701981,0.2551091626263324,0.5438691031381463,0.90819013926841,10937,22231,10491,1.1920928932873665e-07,4e484a6acb6ed7305a5ec5513d99f3999c0f2ce27a7b70f8609ef03a2f0fd7ca,rtx3090,14e9fdbcf9439e3e6cd736ba1599f421aba531ea,runs/exports/compatible/analyze_UA_7__d03e946c5374e6d7/metrics.csv
new_p3_training,True,tuned,UA,7,main,3cfd389bbd05ec9201a41c0892e29bf8199198d1b216b9a8061370d4240aa583,bd1488a2d411295d7a2118c50ddcc0b158786123613af1676062e2270d1637d1,9cb89005693b1b70c102178849b740fde00b50c9ba5f3b5530d0e5749ea59837,eca954c21da074c545cb7858315ea39fee0a6f54b19e06474b4f2f91f1666847,490eeb15970ef077ee050323b551cd9c3c5534c257f1febddca9af74ed1cf0a4,6031dc4ee08b61c58b35b1efd7d764739d5c7c54dc7cbe9e9a72a1e4a7098596,e2212c40566e21c680a98186ebd8e984aa80d4fd,4d4ad03b827958468b1a231e360c7ad1aa68035c25af068059838ceae6dfa6d6,0da5ee1686ead23df1f904ead1e98b7c0a817ac118d50e0e14715b5517b5194c,main_UA_7_selected,8608d8dbf03e51ae6f9b7834fb7baa1c34fd8195e4b5ea1a3f9b183667605c92,validation,P3,43050,0.906687132502779,0.5573054587688734,0.485893133852215,0.2577629402560968,0.5434524199312243,0.9071518442012017,10846,21790,10414,1.1920928932873665e-07,6d52c9fbf6be5e14713acbbe54cf789ce18ead615a69e1425ccdf2f2677c4d4b,rtx3090,14e9fdbcf9439e3e6cd736ba1599f421aba531ea,runs/exports/compatible/analyze_UA_7__d03e946c5374e6d7/metrics.csv
new_p3_training,True,tuned,UC,123,main,3cfd389bbd05ec9201a41c0892e29bf8199198d1b216b9a8061370d4240aa583,bd1488a2d411295d7a2118c50ddcc0b158786123613af1676062e2270d1637d1,9cb89005693b1b70c102178849b740fde00b50c9ba5f3b5530d0e5749ea59837,eca954c21da074c545cb7858315ea39fee0a6f54b19e06474b4f2f91f1666847,490eeb15970ef077ee050323b551cd9c3c5534c257f1febddca9af74ed1cf0a4,6031dc4ee08b61c58b35b1efd7d764739d5c7c54dc7cbe9e9a72a1e4a7098596,e2212c40566e21c680a98186ebd8e984aa80d4fd,4d4ad03b827958468b1a231e360c7ad1aa68035c25af068059838ceae6dfa6d6,6ad329bed26c8e1bf40705cc1a60e16c9b7b70e1b467e33b1e1f81bb66411208,main_UC_123_selected,d4cf67f601e1e31ff04464f83ab624f1ea84badb9365350905abbfd36417cd63,development_holdout,P0,101574,0.9257741906488138,0.5460550928387186,0.4724783575808613,0.24112917088184432,0.5541863715185315,0.9257741906488137,25800,50465,25309,1.1920928977282585e-07,0dc85d22e8e0f74c7b6ec962eed4c96d1cb3a8bab46491e011387f6965f98c1d,rtx3090,14e9fdbcf9439e3e6cd736ba1599f421aba531ea,runs/exports/compatible/analyze_UC_123__ff72629fde8fd43d/metrics.csv
new_p3_training,True,tuned,UC,123,main,3cfd389bbd05ec9201a41c0892e29bf8199198d1b216b9a8061370d4240aa583,bd1488a2d411295d7a2118c50ddcc0b158786123613af1676062e2270d1637d1,9cb89005693b1b70c102178849b740fde00b50c9ba5f3b5530d0e5749ea59837,eca954c21da074c545cb7858315ea39fee0a6f54b19e06474b4f2f91f1666847,490eeb15970ef077ee050323b551cd9c3c5534c257f1febddca9af74ed1cf0a4,6031dc4ee08b61c58b35b1efd7d764739d5c7c54dc7cbe9e9a72a1e4a7098596,e2212c40566e21c680a98186ebd8e984aa80d4fd,4d4ad03b827958468b1a231e360c7ad1aa68035c25af068059838ceae6dfa6d6,6ad329bed26c8e1bf40705cc1a60e16c9b7b70e1b467e33b1e1f81bb66411208,main_UC_123_selected,d4cf67f601e1e31ff04464f83ab624f1ea84badb9365350905abbfd36417cd63,development_holdout,P1,97156,0.9257525159754172,0.5455864794763061,0.47576906805652225,0.25128821863657136,0.5549938460540786,0.9254244002164237,25496,46615,25045,1.1920928977282585e-07,89132b9c6cb5437496dfcec2344f48c9652f89696c548da1ecffc1fa7e8b8292,rtx3090,14e9fdbcf9439e3e6cd736ba1599f421aba531ea,runs/exports/compatible/analyze_UC_123__ff72629fde8fd43d/metrics.csv
new_p3_training,True,tuned,UC,123,main,3cfd389bbd05ec9201a41c0892e29bf8199198d1b216b9a8061370d4240aa583,bd1488a2d411295d7a2118c50ddcc0b158786123613af1676062e2270d1637d1,9cb89005693b1b70c102178849b740fde00b50c9ba5f3b5530d0e5749ea59837,eca954c21da074c545cb7858315ea39fee0a6f54b19e06474b4f2f91f1666847,490eeb15970ef077ee050323b551cd9c3c5534c257f1febddca9af74ed1cf0a4,6031dc4ee08b61c58b35b1efd7d764739d5c7c54dc7cbe9e9a72a1e4a7098596,e2212c40566e21c680a98186ebd8e984aa80d4fd,4d4ad03b827958468b1a231e360c7ad1aa68035c25af068059838ceae6dfa6d6,6ad329bed26c8e1bf40705cc1a60e16c9b7b70e1b467e33b1e1f81bb66411208,main_UC_123_selected,d4cf67f601e1e31ff04464f83ab624f1ea84badb9365350905abbfd36417cd63,development_holdout,P2,88209,0.9296146222749492,0.5439127526669614,0.46990065965038835,0.23867144723378544,0.5565390101530214,0.9296146222749493,22573,43431,22205,1.1920928977282585e-07,e3f7c57ec943bebd2c72fd9a14e72d054ffbcce05445b0fd82869e8aa7261d38,rtx3090,14e9fdbcf9439e3e6cd736ba1599f421aba531ea,runs/exports/compatible/analyze_UC_123__ff72629fde8fd43d/metrics.csv
new_p3_training,True,tuned,UC,123,main,3cfd389bbd05ec9201a41c0892e29bf8199198d1b216b9a8061370d4240aa583,bd1488a2d411295d7a2118c50ddcc0b158786123613af1676062e2270d1637d1,9cb89005693b1b70c102178849b740fde00b50c9ba5f3b5530d0e5749ea59837,eca954c21da074c545cb7858315ea39fee0a6f54b19e06474b4f2f91f1666847,490eeb15970ef077ee050323b551cd9c3c5534c257f1febddca9af74ed1cf0a4,6031dc4ee08b61c58b35b1efd7d764739d5c7c54dc7cbe9e9a72a1e4a7098596,e2212c40566e21c680a98186ebd8e984aa80d4fd,4d4ad03b827958468b1a231e360c7ad1aa68035c25af068059838ceae6dfa6d6,6ad329bed26c8e1bf40705cc1a60e16c9b7b70e1b467e33b1e1f81bb66411208,main_UC_123_selected,d4cf67f601e1e31ff04464f83ab624f1ea84badb9365350905abbfd36417cd63,development_holdout,P3,86588,0.9233270719010255,0.5480320598697279,0.4730650970228735,0.24686303375242255,0.5530934447763605,0.9230031378728918,22279,42355,21954,1.1920928977282585e-07,1d87bc17ac0a3399488e5c5ec324165d9032588c37226cf41709e2dd0df6d17d,rtx3090,14e9fdbcf9439e3e6cd736ba1599f421aba531ea,runs/exports/compatible/analyze_UC_123__ff72629fde8fd43d/metrics.csv
new_p3_training,True,tuned,UC,123,main,3cfd389bbd05ec9201a41c0892e29bf8199198d1b216b9a8061370d4240aa583,bd1488a2d411295d7a2118c50ddcc0b158786123613af1676062e2270d1637d1,9cb89005693b1b70c102178849b740fde00b50c9ba5f3b5530d0e5749ea59837,eca954c21da074c545cb7858315ea39fee0a6f54b19e06474b4f2f91f1666847,490eeb15970ef077ee050323b551cd9c3c5534c257f1febddca9af74ed1cf0a4,6031dc4ee08b61c58b35b1efd7d764739d5c7c54dc7cbe9e9a72a1e4a7098596,e2212c40566e21c680a98186ebd8e984aa80d4fd,4d4ad03b827958468b1a231e360c7ad1aa68035c25af068059838ceae6dfa6d6,6ad329bed26c8e1bf40705cc1a60e16c9b7b70e1b467e33b1e1f81bb66411208,main_UC_123_selected,d4cf67f601e1e31ff04464f83ab624f1ea84badb9365350905abbfd36417cd63,validation,P0,50274,0.9124483738250836,0.5576242192783546,0.47951654001140503,0.2493253280769746,0.545016524615732,0.9124483738250833,12432,25906,11936,1.1920928966180355e-07,8554f7e47896ce912ee25183274a79552172e9c9a53366da0ed794a57786efe0,rtx3090,14e9fdbcf9439e3e6cd736ba1599f421aba531ea,runs/exports/compatible/analyze_UC_123__ff72629fde8fd43d/metrics.csv
new_p3_training,True,tuned,UC,123,main,3cfd389bbd05ec9201a41c0892e29bf8199198d1b216b9a8061370d4240aa583,bd1488a2d411295d7a2118c50ddcc0b158786123613af1676062e2270d1637d1,9cb89005693b1b70c102178849b740fde00b50c9ba5f3b5530d0e5749ea59837,eca954c21da074c545cb7858315ea39fee0a6f54b19e06474b4f2f91f1666847,490eeb15970ef077ee050323b551cd9c3c5534c257f1febddca9af74ed1cf0a4,6031dc4ee08b61c58b35b1efd7d764739d5c7c54dc7cbe9e9a72a1e4a7098596,e2212c40566e21c680a98186ebd8e984aa80d4fd,4d4ad03b827958468b1a231e360c7ad1aa68035c25af068059838ceae6dfa6d6,6ad329bed26c8e1bf40705cc1a60e16c9b7b70e1b467e33b1e1f81bb66411208,main_UC_123_selected,d4cf67f601e1e31ff04464f83ab624f1ea84badb9365350905abbfd36417cd63,validation,P1,48280,0.9097544116211451,0.556980115990058,0.4829661987228888,0.25859510733425367,0.544988572472635,0.9100592394036549,12341,24081,11858,1.1920928966180355e-07,1bd74161030549bc2f24efe5491eb0d1f7727b652e5253a429e01c853cb585db,rtx3090,14e9fdbcf9439e3e6cd736ba1599f421aba531ea,runs/exports/compatible/analyze_UC_123__ff72629fde8fd43d/metrics.csv
new_p3_training,True,tuned,UC,123,main,3cfd389bbd05ec9201a41c0892e29bf8199198d1b216b9a8061370d4240aa583,bd1488a2d411295d7a2118c50ddcc0b158786123613af1676062e2270d1637d1,9cb89005693b1b70c102178849b740fde00b50c9ba5f3b5530d0e5749ea59837,eca954c21da074c545cb7858315ea39fee0a6f54b19e06474b4f2f91f1666847,490eeb15970ef077ee050323b551cd9c3c5534c257f1febddca9af74ed1cf0a4,6031dc4ee08b61c58b35b1efd7d764739d5c7c54dc7cbe9e9a72a1e4a7098596,e2212c40566e21c680a98186ebd8e984aa80d4fd,4d4ad03b827958468b1a231e360c7ad1aa68035c25af068059838ceae6dfa6d6,6ad329bed26c8e1bf40705cc1a60e16c9b7b70e1b467e33b1e1f81bb66411208,main_UC_123_selected,d4cf67f601e1e31ff04464f83ab624f1ea84badb9365350905abbfd36417cd63,validation,P2,43659,0.9150891404636372,0.5561968895302228,0.4782094670299544,0.2488839064709751,0.5470219511047286,0.9150891404636373,10937,22231,10491,1.1920928966180355e-07,4e484a6acb6ed7305a5ec5513d99f3999c0f2ce27a7b70f8609ef03a2f0fd7ca,rtx3090,14e9fdbcf9439e3e6cd736ba1599f421aba531ea,runs/exports/compatible/analyze_UC_123__ff72629fde8fd43d/metrics.csv
new_p3_training,True,tuned,UC,123,main,3cfd389bbd05ec9201a41c0892e29bf8199198d1b216b9a8061370d4240aa583,bd1488a2d411295d7a2118c50ddcc0b158786123613af1676062e2270d1637d1,9cb89005693b1b70c102178849b740fde00b50c9ba5f3b5530d0e5749ea59837,eca954c21da074c545cb7858315ea39fee0a6f54b19e06474b4f2f91f1666847,490eeb15970ef077ee050323b551cd9c3c5534c257f1febddca9af74ed1cf0a4,6031dc4ee08b61c58b35b1efd7d764739d5c7c54dc7cbe9e9a72a1e4a7098596,e2212c40566e21c680a98186ebd8e984aa80d4fd,4d4ad03b827958468b1a231e360c7ad1aa68035c25af068059838ceae6dfa6d6,6ad329bed26c8e1bf40705cc1a60e16c9b7b70e1b467e33b1e1f81bb66411208,main_UC_123_selected,d4cf67f601e1e31ff04464f83ab624f1ea84badb9365350905abbfd36417cd63,validation,P3,43050,0.9068572801416124,0.5594425087108014,0.4810036920475432,0.2555246151536687,0.5431990770207582,0.9072867109755117,10846,21790,10414,1.1920928966180355e-07,6d52c9fbf6be5e14713acbbe54cf789ce18ead615a69e1425ccdf2f2677c4d4b,rtx3090,14e9fdbcf9439e3e6cd736ba1599f421aba531ea,runs/exports/compatible/analyze_UC_123__ff72629fde8fd43d/metrics.csv
new_p3_training,True,tuned,UC,42,main,3cfd389bbd05ec9201a41c0892e29bf8199198d1b216b9a8061370d4240aa583,bd1488a2d411295d7a2118c50ddcc0b158786123613af1676062e2270d1637d1,9cb89005693b1b70c102178849b740fde00b50c9ba5f3b5530d0e5749ea59837,eca954c21da074c545cb7858315ea39fee0a6f54b19e06474b4f2f91f1666847,490eeb15970ef077ee050323b551cd9c3c5534c257f1febddca9af74ed1cf0a4,6031dc4ee08b61c58b35b1efd7d764739d5c7c54dc7cbe9e9a72a1e4a7098596,e2212c40566e21c680a98186ebd8e984aa80d4fd,4d4ad03b827958468b1a231e360c7ad1aa68035c25af068059838ceae6dfa6d6,546281c9046caf91bbc5e4209a7fb7fb9354a34999401bbe3292cdc95a07da4a,selected_UC_42,98d063785840dd8136cb46a9efcd6e6f9c728f088e69c6ba1915d1e2744fe71d,development_holdout,P0,101574,0.9242848646369014,0.5461633882686514,0.482503612663024,0.24932737920510253,0.5535959488218603,0.9242848646369014,25800,50465,25309,1.1920928955078125e-07,0dc85d22e8e0f74c7b6ec962eed4c96d1cb3a8bab46491e011387f6965f98c1d,rtx3090,14e9fdbcf9439e3e6cd736ba1599f421aba531ea,runs/exports/compatible/analyze_UC_42__3dfe8c5447c8f608/metrics.csv
new_p3_training,True,tuned,UC,42,main,3cfd389bbd05ec9201a41c0892e29bf8199198d1b216b9a8061370d4240aa583,bd1488a2d411295d7a2118c50ddcc0b158786123613af1676062e2270d1637d1,9cb89005693b1b70c102178849b740fde00b50c9ba5f3b5530d0e5749ea59837,eca954c21da074c545cb7858315ea39fee0a6f54b19e06474b4f2f91f1666847,490eeb15970ef077ee050323b551cd9c3c5534c257f1febddca9af74ed1cf0a4,6031dc4ee08b61c58b35b1efd7d764739d5c7c54dc7cbe9e9a72a1e4a7098596,e2212c40566e21c680a98186ebd8e984aa80d4fd,4d4ad03b827958468b1a231e360c7ad1aa68035c25af068059838ceae6dfa6d6,546281c9046caf91bbc5e4209a7fb7fb9354a34999401bbe3292cdc95a07da4a,selected_UC_42,98d063785840dd8136cb46a9efcd6e6f9c728f088e69c6ba1915d1e2744fe71d,development_holdout,P1,97156,0.9221178415367005,0.5468627773889415,0.4865948891210971,0.2594992579849663,0.5531566520612269,0.9218433121180302,25496,46615,25045,1.1920928932873665e-07,89132b9c6cb5437496dfcec2344f48c9652f89696c548da1ecffc1fa7e8b8292,rtx3090,14e9fdbcf9439e3e6cd736ba1599f421aba531ea,runs/exports/compatible/analyze_UC_42__3dfe8c5447c8f608/metrics.csv
new_p3_training,True,tuned,UC,42,main,3cfd389bbd05ec9201a41c0892e29bf8199198d1b216b9a8061370d4240aa583,bd1488a2d411295d7a2118c50ddcc0b158786123613af1676062e2270d1637d1,9cb89005693b1b70c102178849b740fde00b50c9ba5f3b5530d0e5749ea59837,eca954c21da074c545cb7858315ea39fee0a6f54b19e06474b4f2f91f1666847,490eeb15970ef077ee050323b551cd9c3c5534c257f1febddca9af74ed1cf0a4,6031dc4ee08b61c58b35b1efd7d764739d5c7c54dc7cbe9e9a72a1e4a7098596,e2212c40566e21c680a98186ebd8e984aa80d4fd,4d4ad03b827958468b1a231e360c7ad1aa68035c25af068059838ceae6dfa6d6,546281c9046caf91bbc5e4209a7fb7fb9354a34999401bbe3292cdc95a07da4a,selected_UC_42,98d063785840dd8136cb46a9efcd6e6f9c728f088e69c6ba1915d1e2744fe71d,development_holdout,P2,88209,0.9274991074520733,0.5438900792436145,0.4803716117923275,0.24634345013474515,0.5554914078246541,0.9274991074520733,22573,43431,22205,1.1920928932873665e-07,e3f7c57ec943bebd2c72fd9a14e72d054ffbcce05445b0fd82869e8aa7261d38,rtx3090,14e9fdbcf9439e3e6cd736ba1599f421aba531ea,runs/exports/compatible/analyze_UC_42__3dfe8c5447c8f608/metrics.csv
new_p3_training,True,tuned,UC,42,main,3cfd389bbd05ec9201a41c0892e29bf8199198d1b216b9a8061370d4240aa583,bd1488a2d411295d7a2118c50ddcc0b158786123613af1676062e2270d1637d1,9cb89005693b1b70c102178849b740fde00b50c9ba5f3b5530d0e5749ea59837,eca954c21da074c545cb7858315ea39fee0a6f54b19e06474b4f2f91f1666847,490eeb15970ef077ee050323b551cd9c3c5534c257f1febddca9af74ed1cf0a4,6031dc4ee08b61c58b35b1efd7d764739d5c7c54dc7cbe9e9a72a1e4a7098596,e2212c40566e21c680a98186ebd8e984aa80d4fd,4d4ad03b827958468b1a231e360c7ad1aa68035c25af068059838ceae6dfa6d6,546281c9046caf91bbc5e4209a7fb7fb9354a34999401bbe3292cdc95a07da4a,selected_UC_42,98d063785840dd8136cb46a9efcd6e6f9c728f088e69c6ba1915d1e2744fe71d,development_holdout,P3,86588,0.9203191558667091,0.5482976855915369,0.483827477175236,0.2542973892112182,0.5516754440995162,0.9200512313301039,22279,42355,21954,1.1920928932873665e-07,1d87bc17ac0a3399488e5c5ec324165d9032588c37226cf41709e2dd0df6d17d,rtx3090,14e9fdbcf9439e3e6cd736ba1599f421aba531ea,runs/exports/compatible/analyze_UC_42__3dfe8c5447c8f608/metrics.csv
new_p3_training,True,tuned,UC,42,main,3cfd389bbd05ec9201a41c0892e29bf8199198d1b216b9a8061370d4240aa583,bd1488a2d411295d7a2118c50ddcc0b158786123613af1676062e2270d1637d1,9cb89005693b1b70c102178849b740fde00b50c9ba5f3b5530d0e5749ea59837,eca954c21da074c545cb7858315ea39fee0a6f54b19e06474b4f2f91f1666847,490eeb15970ef077ee050323b551cd9c3c5534c257f1febddca9af74ed1cf0a4,6031dc4ee08b61c58b35b1efd7d764739d5c7c54dc7cbe9e9a72a1e4a7098596,e2212c40566e21c680a98186ebd8e984aa80d4fd,4d4ad03b827958468b1a231e360c7ad1aa68035c25af068059838ceae6dfa6d6,546281c9046caf91bbc5e4209a7fb7fb9354a34999401bbe3292cdc95a07da4a,selected_UC_42,98d063785840dd8136cb46a9efcd6e6f9c728f088e69c6ba1915d1e2744fe71d,validation,P0,50274,0.9098762146241307,0.5567689063929665,0.4884990691067639,0.25711087183272713,0.5447829547919572,0.9098762146241307,12432,25906,11936,1.1920928977282585e-07,8554f7e47896ce912ee25183274a79552172e9c9a53366da0ed794a57786efe0,rtx3090,14e9fdbcf9439e3e6cd736ba1599f421aba531ea,runs/exports/compatible/analyze_UC_42__3dfe8c5447c8f608/metrics.csv
new_p3_training,True,tuned,UC,42,main,3cfd389bbd05ec9201a41c0892e29bf8199198d1b216b9a8061370d4240aa583,bd1488a2d411295d7a2118c50ddcc0b158786123613af1676062e2270d1637d1,9cb89005693b1b70c102178849b740fde00b50c9ba5f3b5530d0e5749ea59837,eca954c21da074c545cb7858315ea39fee0a6f54b19e06474b4f2f91f1666847,490eeb15970ef077ee050323b551cd9c3c5534c257f1febddca9af74ed1cf0a4,6031dc4ee08b61c58b35b1efd7d764739d5c7c54dc7cbe9e9a72a1e4a7098596,e2212c40566e21c680a98186ebd8e984aa80d4fd,4d4ad03b827958468b1a231e360c7ad1aa68035c25af068059838ceae6dfa6d6,546281c9046caf91bbc5e4209a7fb7fb9354a34999401bbe3292cdc95a07da4a,selected_UC_42,98d063785840dd8136cb46a9efcd6e6f9c728f088e69c6ba1915d1e2744fe71d,validation,P1,48280,0.908517572026474,0.5573322286661143,0.49283647734819563,0.26662647051364596,0.5447071837679286,0.9088275926306036,12341,24081,11858,1.1920928977282585e-07,1bd74161030549bc2f24efe5491eb0d1f7727b652e5253a429e01c853cb585db,rtx3090,14e9fdbcf9439e3e6cd736ba1599f421aba531ea,runs/exports/compatible/analyze_UC_42__3dfe8c5447c8f608/metrics.csv
new_p3_training,True,tuned,UC,42,main,3cfd389bbd05ec9201a41c0892e29bf8199198d1b216b9a8061370d4240aa583,bd1488a2d411295d7a2118c50ddcc0b158786123613af1676062e2270d1637d1,9cb89005693b1b70c102178849b740fde00b50c9ba5f3b5530d0e5749ea59837,eca954c21da074c545cb7858315ea39fee0a6f54b19e06474b4f2f91f1666847,490eeb15970ef077ee050323b551cd9c3c5534c257f1febddca9af74ed1cf0a4,6031dc4ee08b61c58b35b1efd7d764739d5c7c54dc7cbe9e9a72a1e4a7098596,e2212c40566e21c680a98186ebd8e984aa80d4fd,4d4ad03b827958468b1a231e360c7ad1aa68035c25af068059838ceae6dfa6d6,546281c9046caf91bbc5e4209a7fb7fb9354a34999401bbe3292cdc95a07da4a,selected_UC_42,98d063785840dd8136cb46a9efcd6e6f9c728f088e69c6ba1915d1e2744fe71d,validation,P2,43659,0.9119084677185829,0.5551890789986028,0.48793500031854853,0.2560133648600696,0.5462737848246351,0.9119084677185829,10937,22231,10491,1.1920928977282585e-07,4e484a6acb6ed7305a5ec5513d99f3999c0f2ce27a7b70f8609ef03a2f0fd7ca,rtx3090,14e9fdbcf9439e3e6cd736ba1599f421aba531ea,runs/exports/compatible/analyze_UC_42__3dfe8c5447c8f608/metrics.csv
new_p3_training,True,tuned,UC,42,main,3cfd389bbd05ec9201a41c0892e29bf8199198d1b216b9a8061370d4240aa583,bd1488a2d411295d7a2118c50ddcc0b158786123613af1676062e2270d1637d1,9cb89005693b1b70c102178849b740fde00b50c9ba5f3b5530d0e5749ea59837,eca954c21da074c545cb7858315ea39fee0a6f54b19e06474b4f2f91f1666847,490eeb15970ef077ee050323b551cd9c3c5534c257f1febddca9af74ed1cf0a4,6031dc4ee08b61c58b35b1efd7d764739d5c7c54dc7cbe9e9a72a1e4a7098596,e2212c40566e21c680a98186ebd8e984aa80d4fd,4d4ad03b827958468b1a231e360c7ad1aa68035c25af068059838ceae6dfa6d6,546281c9046caf91bbc5e4209a7fb7fb9354a34999401bbe3292cdc95a07da4a,selected_UC_42,98d063785840dd8136cb46a9efcd6e6f9c728f088e69c6ba1915d1e2744fe71d,validation,P3,43050,0.9061141912891254,0.558815331010453,0.4911358052899251,0.26269992429555195,0.5432413409438897,0.9065542118571523,10846,21790,10414,1.1920928977282585e-07,6d52c9fbf6be5e14713acbbe54cf789ce18ead615a69e1425ccdf2f2677c4d4b,rtx3090,14e9fdbcf9439e3e6cd736ba1599f421aba531ea,runs/exports/compatible/analyze_UC_42__3dfe8c5447c8f608/metrics.csv
new_p3_training,True,tuned,UC,7,main,3cfd389bbd05ec9201a41c0892e29bf8199198d1b216b9a8061370d4240aa583,bd1488a2d411295d7a2118c50ddcc0b158786123613af1676062e2270d1637d1,9cb89005693b1b70c102178849b740fde00b50c9ba5f3b5530d0e5749ea59837,eca954c21da074c545cb7858315ea39fee0a6f54b19e06474b4f2f91f1666847,490eeb15970ef077ee050323b551cd9c3c5534c257f1febddca9af74ed1cf0a4,6031dc4ee08b61c58b35b1efd7d764739d5c7c54dc7cbe9e9a72a1e4a7098596,e2212c40566e21c680a98186ebd8e984aa80d4fd,4d4ad03b827958468b1a231e360c7ad1aa68035c25af068059838ceae6dfa6d6,c5db0e1ac214c643e67ba410b60db9e4656cfa0846d964512fa3c78d988a54c5,main_UC_7_selected,18da8566b251c231ef735e833a8bd8bb7cccfddfa7b724f59b0d298b96768b14,development_holdout,P0,101574,0.9267378969570095,0.5467048654183158,0.4703007169898175,0.23940335400150622,0.5548393323788314,0.9267378969570096,25800,50465,25309,1.1920928932873665e-07,0dc85d22e8e0f74c7b6ec962eed4c96d1cb3a8bab46491e011387f6965f98c1d,rtx3090,14e9fdbcf9439e3e6cd736ba1599f421aba531ea,runs/exports/compatible/analyze_UC_7__70c55c06c2b5623c/metrics.csv
new_p3_training,True,tuned,UC,7,main,3cfd389bbd05ec9201a41c0892e29bf8199198d1b216b9a8061370d4240aa583,bd1488a2d411295d7a2118c50ddcc0b158786123613af1676062e2270d1637d1,9cb89005693b1b70c102178849b740fde00b50c9ba5f3b5530d0e5749ea59837,eca954c21da074c545cb7858315ea39fee0a6f54b19e06474b4f2f91f1666847,490eeb15970ef077ee050323b551cd9c3c5534c257f1febddca9af74ed1cf0a4,6031dc4ee08b61c58b35b1efd7d764739d5c7c54dc7cbe9e9a72a1e4a7098596,e2212c40566e21c680a98186ebd8e984aa80d4fd,4d4ad03b827958468b1a231e360c7ad1aa68035c25af068059838ceae6dfa6d6,c5db0e1ac214c643e67ba410b60db9e4656cfa0846d964512fa3c78d988a54c5,main_UC_7_selected,18da8566b251c231ef735e833a8bd8bb7cccfddfa7b724f59b0d298b96768b14,development_holdout,P1,97156,0.9266951799576365,0.5455864794763061,0.47296021368210567,0.24915613728690195,0.5557663321193098,0.9264117392551292,25496,46615,25045,1.1920928932873665e-07,89132b9c6cb5437496dfcec2344f48c9652f89696c548da1ecffc1fa7e8b8292,rtx3090,14e9fdbcf9439e3e6cd736ba1599f421aba531ea,runs/exports/compatible/analyze_UC_7__70c55c06c2b5623c/metrics.csv
new_p3_training,True,tuned,UC,7,main,3cfd389bbd05ec9201a41c0892e29bf8199198d1b216b9a8061370d4240aa583,bd1488a2d411295d7a2118c50ddcc0b158786123613af1676062e2270d1637d1,9cb89005693b1b70c102178849b740fde00b50c9ba5f3b5530d0e5749ea59837,eca954c21da074c545cb7858315ea39fee0a6f54b19e06474b4f2f91f1666847,490eeb15970ef077ee050323b551cd9c3c5534c257f1febddca9af74ed1cf0a4,6031dc4ee08b61c58b35b1efd7d764739d5c7c54dc7cbe9e9a72a1e4a7098596,e2212c40566e21c680a98186ebd8e984aa80d4fd,4d4ad03b827958468b1a231e360c7ad1aa68035c25af068059838ceae6dfa6d6,c5db0e1ac214c643e67ba410b60db9e4656cfa0846d964512fa3c78d988a54c5,main_UC_7_selected,18da8566b251c231ef735e833a8bd8bb7cccfddfa7b724f59b0d298b96768b14,development_holdout,P2,88209,0.9310922746890015,0.5433912639299845,0.46672099403404327,0.23523134272232638,0.557531186094992,0.9310922746890015,22573,43431,22205,1.1920928932873665e-07,e3f7c57ec943bebd2c72fd9a14e72d054ffbcce05445b0fd82869e8aa7261d38,rtx3090,14e9fdbcf9439e3e6cd736ba1599f421aba531ea,runs/exports/compatible/analyze_UC_7__70c55c06c2b5623c/metrics.csv
new_p3_training,True,tuned,UC,7,main,3cfd389bbd05ec9201a41c0892e29bf8199198d1b216b9a8061370d4240aa583,bd1488a2d411295d7a2118c50ddcc0b158786123613af1676062e2270d1637d1,9cb89005693b1b70c102178849b740fde00b50c9ba5f3b5530d0e5749ea59837,eca954c21da074c545cb7858315ea39fee0a6f54b19e06474b4f2f91f1666847,490eeb15970ef077ee050323b551cd9c3c5534c257f1febddca9af74ed1cf0a4,6031dc4ee08b61c58b35b1efd7d764739d5c7c54dc7cbe9e9a72a1e4a7098596,e2212c40566e21c680a98186ebd8e984aa80d4fd,4d4ad03b827958468b1a231e360c7ad1aa68035c25af068059838ceae6dfa6d6,c5db0e1ac214c643e67ba410b60db9e4656cfa0846d964512fa3c78d988a54c5,main_UC_7_selected,18da8566b251c231ef735e833a8bd8bb7cccfddfa7b724f59b0d298b96768b14,development_holdout,P3,86588,0.924464181557894,0.5475701020926688,0.4696261593231939,0.24366934898641085,0.5539713839361896,0.9241965222316998,22279,42355,21954,1.1920928932873665e-07,1d87bc17ac0a3399488e5c5ec324165d9032588c37226cf41709e2dd0df6d17d,rtx3090,14e9fdbcf9439e3e6cd736ba1599f421aba531ea,runs/exports/compatible/analyze_UC_7__70c55c06c2b5623c/metrics.csv
new_p3_training,True,tuned,UC,7,main,3cfd389bbd05ec9201a41c0892e29bf8199198d1b216b9a8061370d4240aa583,bd1488a2d411295d7a2118c50ddcc0b158786123613af1676062e2270d1637d1,9cb89005693b1b70c102178849b740fde00b50c9ba5f3b5530d0e5749ea59837,eca954c21da074c545cb7858315ea39fee0a6f54b19e06474b4f2f91f1666847,490eeb15970ef077ee050323b551cd9c3c5534c257f1febddca9af74ed1cf0a4,6031dc4ee08b61c58b35b1efd7d764739d5c7c54dc7cbe9e9a72a1e4a7098596,e2212c40566e21c680a98186ebd8e984aa80d4fd,4d4ad03b827958468b1a231e360c7ad1aa68035c25af068059838ceae6dfa6d6,c5db0e1ac214c643e67ba410b60db9e4656cfa0846d964512fa3c78d988a54c5,main_UC_7_selected,18da8566b251c231ef735e833a8bd8bb7cccfddfa7b724f59b0d298b96768b14,validation,P0,50274,0.9100981764008385,0.5583204041850658,0.47671014499407094,0.24656121256131386,0.5446018970236549,0.9100981764008382,12432,25906,11936,1.1920928955078125e-07,8554f7e47896ce912ee25183274a79552172e9c9a53366da0ed794a57786efe0,rtx3090,14e9fdbcf9439e3e6cd736ba1599f421aba531ea,runs/exports/compatible/analyze_UC_7__70c55c06c2b5623c/metrics.csv
new_p3_training,True,tuned,UC,7,main,3cfd389bbd05ec9201a41c0892e29bf8199198d1b216b9a8061370d4240aa583,bd1488a2d411295d7a2118c50ddcc0b158786123613af1676062e2270d1637d1,9cb89005693b1b70c102178849b740fde00b50c9ba5f3b5530d0e5749ea59837,eca954c21da074c545cb7858315ea39fee0a6f54b19e06474b4f2f91f1666847,490eeb15970ef077ee050323b551cd9c3c5534c257f1febddca9af74ed1cf0a4,6031dc4ee08b61c58b35b1efd7d764739d5c7c54dc7cbe9e9a72a1e4a7098596,e2212c40566e21c680a98186ebd8e984aa80d4fd,4d4ad03b827958468b1a231e360c7ad1aa68035c25af068059838ceae6dfa6d6,c5db0e1ac214c643e67ba410b60db9e4656cfa0846d964512fa3c78d988a54c5,main_UC_7_selected,18da8566b251c231ef735e833a8bd8bb7cccfddfa7b724f59b0d298b96768b14,validation,P1,48280,0.911151684955489,0.557062966031483,0.47964598554945104,0.2555752156311813,0.5460679624266767,0.9114801631594418,12341,24081,11858,1.1920928955078125e-07,1bd74161030549bc2f24efe5491eb0d1f7727b652e5253a429e01c853cb585db,rtx3090,14e9fdbcf9439e3e6cd736ba1599f421aba531ea,runs/exports/compatible/analyze_UC_7__70c55c06c2b5623c/metrics.csv
new_p3_training,True,tuned,UC,7,main,3cfd389bbd05ec9201a41c0892e29bf8199198d1b216b9a8061370d4240aa583,bd1488a2d411295d7a2118c50ddcc0b158786123613af1676062e2270d1637d1,9cb89005693b1b70c102178849b740fde00b50c9ba5f3b5530d0e5749ea59837,eca954c21da074c545cb7858315ea39fee0a6f54b19e06474b4f2f91f1666847,490eeb15970ef077ee050323b551cd9c3c5534c257f1febddca9af74ed1cf0a4,6031dc4ee08b61c58b35b1efd7d764739d5c7c54dc7cbe9e9a72a1e4a7098596,e2212c40566e21c680a98186ebd8e984aa80d4fd,4d4ad03b827958468b1a231e360c7ad1aa68035c25af068059838ceae6dfa6d6,c5db0e1ac214c643e67ba410b60db9e4656cfa0846d964512fa3c78d988a54c5,main_UC_7_selected,18da8566b251c231ef735e833a8bd8bb7cccfddfa7b724f59b0d298b96768b14,validation,P2,43659,0.9139391299924784,0.5551661742137932,0.4740544323807773,0.24374998259206243,0.5472515135513264,0.9139391299924784,10937,22231,10491,1.1920928932873665e-07,4e484a6acb6ed7305a5ec5513d99f3999c0f2ce27a7b70f8609ef03a2f0fd7ca,rtx3090,14e9fdbcf9439e3e6cd736ba1599f421aba531ea,runs/exports/compatible/analyze_UC_7__70c55c06c2b5623c/metrics.csv
new_p3_training,True,tuned,UC,7,main,3cfd389bbd05ec9201a41c0892e29bf8199198d1b216b9a8061370d4240aa583,bd1488a2d411295d7a2118c50ddcc0b158786123613af1676062e2270d1637d1,9cb89005693b1b70c102178849b740fde00b50c9ba5f3b5530d0e5749ea59837,eca954c21da074c545cb7858315ea39fee0a6f54b19e06474b4f2f91f1666847,490eeb15970ef077ee050323b551cd9c3c5534c257f1febddca9af74ed1cf0a4,6031dc4ee08b61c58b35b1efd7d764739d5c7c54dc7cbe9e9a72a1e4a7098596,e2212c40566e21c680a98186ebd8e984aa80d4fd,4d4ad03b827958468b1a231e360c7ad1aa68035c25af068059838ceae6dfa6d6,c5db0e1ac214c643e67ba410b60db9e4656cfa0846d964512fa3c78d988a54c5,main_UC_7_selected,18da8566b251c231ef735e833a8bd8bb7cccfddfa7b724f59b0d298b96768b14,validation,P3,43050,0.9088812049800561,0.5587224157955866,0.47685367319582056,0.251035202793763,0.5445545056294191,0.9093390197751462,10846,21790,10414,1.1920928932873665e-07,6d52c9fbf6be5e14713acbbe54cf789ce18ead615a69e1425ccdf2f2677c4d4b,rtx3090,14e9fdbcf9439e3e6cd736ba1599f421aba531ea,runs/exports/compatible/analyze_UC_7__70c55c06c2b5623c/metrics.csv
new_p3_training,True,tuned,UM_V2_DEPTH,123,R1,3cfd389bbd05ec9201a41c0892e29bf8199198d1b216b9a8061370d4240aa583,bd1488a2d411295d7a2118c50ddcc0b158786123613af1676062e2270d1637d1,9cb89005693b1b70c102178849b740fde00b50c9ba5f3b5530d0e5749ea59837,eca954c21da074c545cb7858315ea39fee0a6f54b19e06474b4f2f91f1666847,c2f062c20887415a67df5838227a908b8620c7cc30f0498135bf17ea1ad33c5f,6031dc4ee08b61c58b35b1efd7d764739d5c7c54dc7cbe9e9a72a1e4a7098596,675a3086cd6c4f2abd63c7d3acd419ca12dbc861,b9974a8f8c017bb8dcd4b62d614209421269020760d78e9d860a074b8cc9561f,525cc6fe57918bf23b5be3acf4e4927a14fe0231ef41dc49203d8a74b6e52939,R1_UM_V2_DEPTH_123,02ce65aff65041c2b847972314d18744780c3d197427ec4e6ff665dcdb22a08c,development_holdout,P0,33858,0.922361364509909,0.5455726859235631,0.4718369260576181,0.24084819808121488,0.5527935638435063,0.9223613645099088,8620,16714,8524,1.1920928977282585e-07,5288775b226929d44957c863ed5f68aaa56928b9cf074b47cdc4fa79116c4507,a5000,09b744a319e63ece4f1a7f13b00e341a17c2f53d,compatible/R1_UM_V2_DEPTH_123__d7fbb44db49668a3/metrics.csv
new_p3_training,True,tuned,UM_V2_DEPTH,123,R1,3cfd389bbd05ec9201a41c0892e29bf8199198d1b216b9a8061370d4240aa583,bd1488a2d411295d7a2118c50ddcc0b158786123613af1676062e2270d1637d1,9cb89005693b1b70c102178849b740fde00b50c9ba5f3b5530d0e5749ea59837,eca954c21da074c545cb7858315ea39fee0a6f54b19e06474b4f2f91f1666847,c2f062c20887415a67df5838227a908b8620c7cc30f0498135bf17ea1ad33c5f,6031dc4ee08b61c58b35b1efd7d764739d5c7c54dc7cbe9e9a72a1e4a7098596,675a3086cd6c4f2abd63c7d3acd419ca12dbc861,b9974a8f8c017bb8dcd4b62d614209421269020760d78e9d860a074b8cc9561f,525cc6fe57918bf23b5be3acf4e4927a14fe0231ef41dc49203d8a74b6e52939,R1_UM_V2_DEPTH_123,02ce65aff65041c2b847972314d18744780c3d197427ec4e6ff665dcdb22a08c,development_holdout,P1,32557,0.9231159194814524,0.5429247166507971,0.47321451746903004,0.24729636184656284,0.5545050263943865,0.9237508087834485,8546,15550,8461,1.1920928977282585e-07,9b3d6fe8c1fd76aedc68d8119e1fa659045291fd6455a6a46b85c9876a93b7a3,a5000,09b744a319e63ece4f1a7f13b00e341a17c2f53d,compatible/R1_UM_V2_DEPTH_123__d7fbb44db49668a3/metrics.csv
new_p3_training,True,tuned,UM_V2_DEPTH,123,R1,3cfd389bbd05ec9201a41c0892e29bf8199198d1b216b9a8061370d4240aa583,bd1488a2d411295d7a2118c50ddcc0b158786123613af1676062e2270d1637d1,9cb89005693b1b70c102178849b740fde00b50c9ba5f3b5530d0e5749ea59837,eca954c21da074c545cb7858315ea39fee0a6f54b19e06474b4f2f91f1666847,c2f062c20887415a67df5838227a908b8620c7cc30f0498135bf17ea1ad33c5f,6031dc4ee08b61c58b35b1efd7d764739d5c7c54dc7cbe9e9a72a1e4a7098596,675a3086cd6c4f2abd63c7d3acd419ca12dbc861,b9974a8f8c017bb8dcd4b62d614209421269020760d78e9d860a074b8cc9561f,525cc6fe57918bf23b5be3acf4e4927a14fe0231ef41dc49203d8a74b6e52939,R1_UM_V2_DEPTH_123,02ce65aff65041c2b847972314d18744780c3d197427ec4e6ff665dcdb22a08c,development_holdout,P2,29403,0.9272569672041947,0.5414073393871374,0.46789397660174686,0.2364362727625597,0.5560254909742215,0.9272569672041947,7559,14328,7516,1.1920928977282585e-07,4f40da9e935c4419f64f78055c885f816bb0011d87842690994b2751e63d9509,a5000,09b744a319e63ece4f1a7f13b00e341a17c2f53d,compatible/R1_UM_V2_DEPTH_123__d7fbb44db49668a3/metrics.csv
new_p3_training,True,tuned,UM_V2_DEPTH,123,R1,3cfd389bbd05ec9201a41c0892e29bf8199198d1b216b9a8061370d4240aa583,bd1488a2d411295d7a2118c50ddcc0b158786123613af1676062e2270d1637d1,9cb89005693b1b70c102178849b740fde00b50c9ba5f3b5530d0e5749ea59837,eca954c21da074c545cb7858315ea39fee0a6f54b19e06474b4f2f91f1666847,c2f062c20887415a67df5838227a908b8620c7cc30f0498135bf17ea1ad33c5f,6031dc4ee08b61c58b35b1efd7d764739d5c7c54dc7cbe9e9a72a1e4a7098596,675a3086cd6c4f2abd63c7d3acd419ca12dbc861,b9974a8f8c017bb8dcd4b62d614209421269020760d78e9d860a074b8cc9561f,525cc6fe57918bf23b5be3acf4e4927a14fe0231ef41dc49203d8a74b6e52939,R1_UM_V2_DEPTH_123,02ce65aff65041c2b847972314d18744780c3d197427ec4e6ff665dcdb22a08c,development_holdout,P3,29021,0.9219008816827561,0.5439853898900796,0.4694649790022294,0.24157738907400164,0.5533758505252414,0.922563370386179,7486,14080,7455,1.1920928977282585e-07,8a8da97089168b3cf6b79daba370771d4d31b619a8e33559a0aeb4a32eaf1f33,a5000,09b744a319e63ece4f1a7f13b00e341a17c2f53d,compatible/R1_UM_V2_DEPTH_123__d7fbb44db49668a3/metrics.csv
new_p3_training,True,tuned,UM_V2_DEPTH,123,R1,3cfd389bbd05ec9201a41c0892e29bf8199198d1b216b9a8061370d4240aa583,bd1488a2d411295d7a2118c50ddcc0b158786123613af1676062e2270d1637d1,9cb89005693b1b70c102178849b740fde00b50c9ba5f3b5530d0e5749ea59837,eca954c21da074c545cb7858315ea39fee0a6f54b19e06474b4f2f91f1666847,c2f062c20887415a67df5838227a908b8620c7cc30f0498135bf17ea1ad33c5f,6031dc4ee08b61c58b35b1efd7d764739d5c7c54dc7cbe9e9a72a1e4a7098596,675a3086cd6c4f2abd63c7d3acd419ca12dbc861,b9974a8f8c017bb8dcd4b62d614209421269020760d78e9d860a074b8cc9561f,525cc6fe57918bf23b5be3acf4e4927a14fe0231ef41dc49203d8a74b6e52939,R1_UM_V2_DEPTH_123,02ce65aff65041c2b847972314d18744780c3d197427ec4e6ff665dcdb22a08c,validation,P0,50274,0.9152638687225647,0.5561125034809246,0.47660207694737095,0.2465524121423568,0.5456806656019699,0.9152638687225647,12432,25906,11936,1.1920928966180355e-07,8554f7e47896ce912ee25183274a79552172e9c9a53366da0ed794a57786efe0,a5000,09b744a319e63ece4f1a7f13b00e341a17c2f53d,compatible/R1_UM_V2_DEPTH_123__d7fbb44db49668a3/metrics.csv
new_p3_training,True,tuned,UM_V2_DEPTH,123,R1,3cfd389bbd05ec9201a41c0892e29bf8199198d1b216b9a8061370d4240aa583,bd1488a2d411295d7a2118c50ddcc0b158786123613af1676062e2270d1637d1,9cb89005693b1b70c102178849b740fde00b50c9ba5f3b5530d0e5749ea59837,eca954c21da074c545cb7858315ea39fee0a6f54b19e06474b4f2f91f1666847,c2f062c20887415a67df5838227a908b8620c7cc30f0498135bf17ea1ad33c5f,6031dc4ee08b61c58b35b1efd7d764739d5c7c54dc7cbe9e9a72a1e4a7098596,675a3086cd6c4f2abd63c7d3acd419ca12dbc861,b9974a8f8c017bb8dcd4b62d614209421269020760d78e9d860a074b8cc9561f,525cc6fe57918bf23b5be3acf4e4927a14fe0231ef41dc49203d8a74b6e52939,R1_UM_V2_DEPTH_123,02ce65aff65041c2b847972314d18744780c3d197427ec4e6ff665dcdb22a08c,validation,P1,48280,0.9105444358661234,0.55503314001657,0.4797502077908451,0.25513811085126553,0.5454072079792329,0.9108718120528202,12341,24081,11858,1.1920928966180355e-07,1bd74161030549bc2f24efe5491eb0d1f7727b652e5253a429e01c853cb585db,a5000,09b744a319e63ece4f1a7f13b00e341a17c2f53d,compatible/R1_UM_V2_DEPTH_123__d7fbb44db49668a3/metrics.csv
new_p3_training,True,tuned,UM_V2_DEPTH,123,R1,3cfd389bbd05ec9201a41c0892e29bf8199198d1b216b9a8061370d4240aa583,bd1488a2d411295d7a2118c50ddcc0b158786123613af1676062e2270d1637d1,9cb89005693b1b70c102178849b740fde00b50c9ba5f3b5530d0e5749ea59837,eca954c21da074c545cb7858315ea39fee0a6f54b19e06474b4f2f91f1666847,c2f062c20887415a67df5838227a908b8620c7cc30f0498135bf17ea1ad33c5f,6031dc4ee08b61c58b35b1efd7d764739d5c7c54dc7cbe9e9a72a1e4a7098596,675a3086cd6c4f2abd63c7d3acd419ca12dbc861,b9974a8f8c017bb8dcd4b62d614209421269020760d78e9d860a074b8cc9561f,525cc6fe57918bf23b5be3acf4e4927a14fe0231ef41dc49203d8a74b6e52939,R1_UM_V2_DEPTH_123,02ce65aff65041c2b847972314d18744780c3d197427ec4e6ff665dcdb22a08c,validation,P2,43659,0.9177150611974215,0.5533566962138391,0.47463305626426844,0.24407247480591585,0.5478808571785687,0.9177150611974215,10937,22231,10491,1.1920928932873665e-07,4e484a6acb6ed7305a5ec5513d99f3999c0f2ce27a7b70f8609ef03a2f0fd7ca,a5000,09b744a319e63ece4f1a7f13b00e341a17c2f53d,compatible/R1_UM_V2_DEPTH_123__d7fbb44db49668a3/metrics.csv
new_p3_training,True,tuned,UM_V2_DEPTH,123,R1,3cfd389bbd05ec9201a41c0892e29bf8199198d1b216b9a8061370d4240aa583,bd1488a2d411295d7a2118c50ddcc0b158786123613af1676062e2270d1637d1,9cb89005693b1b70c102178849b740fde00b50c9ba5f3b5530d0e5749ea59837,eca954c21da074c545cb7858315ea39fee0a6f54b19e06474b4f2f91f1666847,c2f062c20887415a67df5838227a908b8620c7cc30f0498135bf17ea1ad33c5f,6031dc4ee08b61c58b35b1efd7d764739d5c7c54dc7cbe9e9a72a1e4a7098596,675a3086cd6c4f2abd63c7d3acd419ca12dbc861,b9974a8f8c017bb8dcd4b62d614209421269020760d78e9d860a074b8cc9561f,525cc6fe57918bf23b5be3acf4e4927a14fe0231ef41dc49203d8a74b6e52939,R1_UM_V2_DEPTH_123,02ce65aff65041c2b847972314d18744780c3d197427ec4e6ff665dcdb22a08c,validation,P3,43050,0.9076351304707779,0.556910569105691,0.47756822586462794,0.2511062738585827,0.5437027096910303,0.9081093363147209,10846,21790,10414,1.1920928932873665e-07,6d52c9fbf6be5e14713acbbe54cf789ce18ead615a69e1425ccdf2f2677c4d4b,a5000,09b744a319e63ece4f1a7f13b00e341a17c2f53d,compatible/R1_UM_V2_DEPTH_123__d7fbb44db49668a3/metrics.csv
new_p3_training,True,tuned,UM_V2_DEPTH,42,R1,3cfd389bbd05ec9201a41c0892e29bf8199198d1b216b9a8061370d4240aa583,bd1488a2d411295d7a2118c50ddcc0b158786123613af1676062e2270d1637d1,9cb89005693b1b70c102178849b740fde00b50c9ba5f3b5530d0e5749ea59837,eca954c21da074c545cb7858315ea39fee0a6f54b19e06474b4f2f91f1666847,c2f062c20887415a67df5838227a908b8620c7cc30f0498135bf17ea1ad33c5f,6031dc4ee08b61c58b35b1efd7d764739d5c7c54dc7cbe9e9a72a1e4a7098596,675a3086cd6c4f2abd63c7d3acd419ca12dbc861,b9974a8f8c017bb8dcd4b62d614209421269020760d78e9d860a074b8cc9561f,123bb9811fcaf6ce1ce89745b90b119032fb49944ec32126995cac1dde0156ae,R1_UM_V2_DEPTH_42,0914838acaf7a55d6ace4b8c5f5cfb1ebe08be21861f1eb213e3778297c76a3f,development_holdout,P0,33858,0.9231638488548717,0.5440368598263335,0.4630397349840172,0.23580406654478894,0.5532659660150946,0.9231638488548719,8620,16714,8524,1.1920928955078125e-07,5288775b226929d44957c863ed5f68aaa56928b9cf074b47cdc4fa79116c4507,a5000,09b744a319e63ece4f1a7f13b00e341a17c2f53d,compatible/R1_UM_V2_DEPTH_42__321267c3af0fa785/metrics.csv
new_p3_training,True,tuned,UM_V2_DEPTH,42,R1,3cfd389bbd05ec9201a41c0892e29bf8199198d1b216b9a8061370d4240aa583,bd1488a2d411295d7a2118c50ddcc0b158786123613af1676062e2270d1637d1,9cb89005693b1b70c102178849b740fde00b50c9ba5f3b5530d0e5749ea59837,eca954c21da074c545cb7858315ea39fee0a6f54b19e06474b4f2f91f1666847,c2f062c20887415a67df5838227a908b8620c7cc30f0498135bf17ea1ad33c5f,6031dc4ee08b61c58b35b1efd7d764739d5c7c54dc7cbe9e9a72a1e4a7098596,675a3086cd6c4f2abd63c7d3acd419ca12dbc861,b9974a8f8c017bb8dcd4b62d614209421269020760d78e9d860a074b8cc9561f,123bb9811fcaf6ce1ce89745b90b119032fb49944ec32126995cac1dde0156ae,R1_UM_V2_DEPTH_42,0914838acaf7a55d6ace4b8c5f5cfb1ebe08be21861f1eb213e3778297c76a3f,development_holdout,P1,32557,0.9258043777269425,0.5402831956261326,0.4637027102722724,0.2411679388087014,0.5559071883185751,0.9262761137014683,8546,15550,8461,1.1920928932873665e-07,9b3d6fe8c1fd76aedc68d8119e1fa659045291fd6455a6a46b85c9876a93b7a3,a5000,09b744a319e63ece4f1a7f13b00e341a17c2f53d,compatible/R1_UM_V2_DEPTH_42__321267c3af0fa785/metrics.csv
new_p3_training,True,tuned,UM_V2_DEPTH,42,R1,3cfd389bbd05ec9201a41c0892e29bf8199198d1b216b9a8061370d4240aa583,bd1488a2d411295d7a2118c50ddcc0b158786123613af1676062e2270d1637d1,9cb89005693b1b70c102178849b740fde00b50c9ba5f3b5530d0e5749ea59837,eca954c21da074c545cb7858315ea39fee0a6f54b19e06474b4f2f91f1666847,c2f062c20887415a67df5838227a908b8620c7cc30f0498135bf17ea1ad33c5f,6031dc4ee08b61c58b35b1efd7d764739d5c7c54dc7cbe9e9a72a1e4a7098596,675a3086cd6c4f2abd63c7d3acd419ca12dbc861,b9974a8f8c017bb8dcd4b62d614209421269020760d78e9d860a074b8cc9561f,123bb9811fcaf6ce1ce89745b90b119032fb49944ec32126995cac1dde0156ae,R1_UM_V2_DEPTH_42,0914838acaf7a55d6ace4b8c5f5cfb1ebe08be21861f1eb213e3778297c76a3f,development_holdout,P2,29403,0.9285071465735398,0.5398088630411862,0.46025887478687144,0.23144741678720265,0.5567518763565834,0.9285071465735398,7559,14328,7516,1.1920928955078125e-07,4f40da9e935c4419f64f78055c885f816bb0011d87842690994b2751e63d9509,a5000,09b744a319e63ece4f1a7f13b00e341a17c2f53d,compatible/R1_UM_V2_DEPTH_42__321267c3af0fa785/metrics.csv
new_p3_training,True,tuned,UM_V2_DEPTH,42,R1,3cfd389bbd05ec9201a41c0892e29bf8199198d1b216b9a8061370d4240aa583,bd1488a2d411295d7a2118c50ddcc0b158786123613af1676062e2270d1637d1,9cb89005693b1b70c102178849b740fde00b50c9ba5f3b5530d0e5749ea59837,eca954c21da074c545cb7858315ea39fee0a6f54b19e06474b4f2f91f1666847,c2f062c20887415a67df5838227a908b8620c7cc30f0498135bf17ea1ad33c5f,6031dc4ee08b61c58b35b1efd7d764739d5c7c54dc7cbe9e9a72a1e4a7098596,675a3086cd6c4f2abd63c7d3acd419ca12dbc861,b9974a8f8c017bb8dcd4b62d614209421269020760d78e9d860a074b8cc9561f,123bb9811fcaf6ce1ce89745b90b119032fb49944ec32126995cac1dde0156ae,R1_UM_V2_DEPTH_42,0914838acaf7a55d6ace4b8c5f5cfb1ebe08be21861f1eb213e3778297c76a3f,development_holdout,P3,29021,0.924199241465961,0.5418490058922849,0.4614919847019819,0.23590744886465834,0.5545442714784656,0.9246761997918492,7486,14080,7455,1.1920928932873665e-07,8a8da97089168b3cf6b79daba370771d4d31b619a8e33559a0aeb4a32eaf1f33,a5000,09b744a319e63ece4f1a7f13b00e341a17c2f53d,compatible/R1_UM_V2_DEPTH_42__321267c3af0fa785/metrics.csv
new_p3_training,True,tuned,UM_V2_DEPTH,42,R1,3cfd389bbd05ec9201a41c0892e29bf8199198d1b216b9a8061370d4240aa583,bd1488a2d411295d7a2118c50ddcc0b158786123613af1676062e2270d1637d1,9cb89005693b1b70c102178849b740fde00b50c9ba5f3b5530d0e5749ea59837,eca954c21da074c545cb7858315ea39fee0a6f54b19e06474b4f2f91f1666847,c2f062c20887415a67df5838227a908b8620c7cc30f0498135bf17ea1ad33c5f,6031dc4ee08b61c58b35b1efd7d764739d5c7c54dc7cbe9e9a72a1e4a7098596,675a3086cd6c4f2abd63c7d3acd419ca12dbc861,b9974a8f8c017bb8dcd4b62d614209421269020760d78e9d860a074b8cc9561f,123bb9811fcaf6ce1ce89745b90b119032fb49944ec32126995cac1dde0156ae,R1_UM_V2_DEPTH_42,0914838acaf7a55d6ace4b8c5f5cfb1ebe08be21861f1eb213e3778297c76a3f,validation,P0,50274,0.9115446361195624,0.5566694514062935,0.46996707776958263,0.24509339556551893,0.544977087530866,0.9115446361195624,12432,25906,11936,1.1920928955078125e-07,8554f7e47896ce912ee25183274a79552172e9c9a53366da0ed794a57786efe0,a5000,09b744a319e63ece4f1a7f13b00e341a17c2f53d,compatible/R1_UM_V2_DEPTH_42__321267c3af0fa785/metrics.csv
new_p3_training,True,tuned,UM_V2_DEPTH,42,R1,3cfd389bbd05ec9201a41c0892e29bf8199198d1b216b9a8061370d4240aa583,bd1488a2d411295d7a2118c50ddcc0b158786123613af1676062e2270d1637d1,9cb89005693b1b70c102178849b740fde00b50c9ba5f3b5530d0e5749ea59837,eca954c21da074c545cb7858315ea39fee0a6f54b19e06474b4f2f91f1666847,c2f062c20887415a67df5838227a908b8620c7cc30f0498135bf17ea1ad33c5f,6031dc4ee08b61c58b35b1efd7d764739d5c7c54dc7cbe9e9a72a1e4a7098596,675a3086cd6c4f2abd63c7d3acd419ca12dbc861,b9974a8f8c017bb8dcd4b62d614209421269020760d78e9d860a074b8cc9561f,123bb9811fcaf6ce1ce89745b90b119032fb49944ec32126995cac1dde0156ae,R1_UM_V2_DEPTH_42,0914838acaf7a55d6ace4b8c5f5cfb1ebe08be21861f1eb213e3778297c76a3f,validation,P1,48280,0.9120998596276861,0.555281690140845,0.4729174104920304,0.25373262240399347,0.5463463214201151,0.9123960158057004,12341,24081,11858,1.1920928955078125e-07,1bd74161030549bc2f24efe5491eb0d1f7727b652e5253a429e01c853cb585db,a5000,09b744a319e63ece4f1a7f13b00e341a17c2f53d,compatible/R1_UM_V2_DEPTH_42__321267c3af0fa785/metrics.csv
new_p3_training,True,tuned,UM_V2_DEPTH,42,R1,3cfd389bbd05ec9201a41c0892e29bf8199198d1b216b9a8061370d4240aa583,bd1488a2d411295d7a2118c50ddcc0b158786123613af1676062e2270d1637d1,9cb89005693b1b70c102178849b740fde00b50c9ba5f3b5530d0e5749ea59837,eca954c21da074c545cb7858315ea39fee0a6f54b19e06474b4f2f91f1666847,c2f062c20887415a67df5838227a908b8620c7cc30f0498135bf17ea1ad33c5f,6031dc4ee08b61c58b35b1efd7d764739d5c7c54dc7cbe9e9a72a1e4a7098596,675a3086cd6c4f2abd63c7d3acd419ca12dbc861,b9974a8f8c017bb8dcd4b62d614209421269020760d78e9d860a074b8cc9561f,123bb9811fcaf6ce1ce89745b90b119032fb49944ec32126995cac1dde0156ae,R1_UM_V2_DEPTH_42,0914838acaf7a55d6ace4b8c5f5cfb1ebe08be21861f1eb213e3778297c76a3f,validation,P2,43659,0.9145465205085832,0.5537231727707919,0.4689883224869802,0.2423378762075969,0.5474224221523597,0.9145465205085832,10937,22231,10491,1.1920928955078125e-07,4e484a6acb6ed7305a5ec5513d99f3999c0f2ce27a7b70f8609ef03a2f0fd7ca,a5000,09b744a319e63ece4f1a7f13b00e341a17c2f53d,compatible/R1_UM_V2_DEPTH_42__321267c3af0fa785/metrics.csv
new_p3_training,True,tuned,UM_V2_DEPTH,42,R1,3cfd389bbd05ec9201a41c0892e29bf8199198d1b216b9a8061370d4240aa583,bd1488a2d411295d7a2118c50ddcc0b158786123613af1676062e2270d1637d1,9cb89005693b1b70c102178849b740fde00b50c9ba5f3b5530d0e5749ea59837,eca954c21da074c545cb7858315ea39fee0a6f54b19e06474b4f2f91f1666847,c2f062c20887415a67df5838227a908b8620c7cc30f0498135bf17ea1ad33c5f,6031dc4ee08b61c58b35b1efd7d764739d5c7c54dc7cbe9e9a72a1e4a7098596,675a3086cd6c4f2abd63c7d3acd419ca12dbc861,b9974a8f8c017bb8dcd4b62d614209421269020760d78e9d860a074b8cc9561f,123bb9811fcaf6ce1ce89745b90b119032fb49944ec32126995cac1dde0156ae,R1_UM_V2_DEPTH_42,0914838acaf7a55d6ace4b8c5f5cfb1ebe08be21861f1eb213e3778297c76a3f,validation,P3,43050,0.9088314200021372,0.5570731707317074,0.47182240011527316,0.24920892380339263,0.544456653237594,0.9092551239064578,10846,21790,10414,1.1920928955078125e-07,6d52c9fbf6be5e14713acbbe54cf789ce18ead615a69e1425ccdf2f2677c4d4b,a5000,09b744a319e63ece4f1a7f13b00e341a17c2f53d,compatible/R1_UM_V2_DEPTH_42__321267c3af0fa785/metrics.csv
new_p3_training,True,tuned,UM_V2_DEPTH,7,R1,3cfd389bbd05ec9201a41c0892e29bf8199198d1b216b9a8061370d4240aa583,bd1488a2d411295d7a2118c50ddcc0b158786123613af1676062e2270d1637d1,9cb89005693b1b70c102178849b740fde00b50c9ba5f3b5530d0e5749ea59837,eca954c21da074c545cb7858315ea39fee0a6f54b19e06474b4f2f91f1666847,c2f062c20887415a67df5838227a908b8620c7cc30f0498135bf17ea1ad33c5f,6031dc4ee08b61c58b35b1efd7d764739d5c7c54dc7cbe9e9a72a1e4a7098596,675a3086cd6c4f2abd63c7d3acd419ca12dbc861,b9974a8f8c017bb8dcd4b62d614209421269020760d78e9d860a074b8cc9561f,a54de0a0556bcacdeff3fc717119b73c28b6fa0f45ab4183f3eb52e5899b5665,R1_UM_V2_DEPTH_7,8d1f5ffb9f26054666b5b725a8b6680ec582c6fb02c6a120e48e21625b9db4c8,development_holdout,P0,33858,0.9204967900564714,0.5452182645165101,0.47422556650443054,0.2441434301658213,0.5519656086099639,0.9204967900564717,8620,16714,8524,1.1175870917590203e-07,5288775b226929d44957c863ed5f68aaa56928b9cf074b47cdc4fa79116c4507,a5000,09b744a319e63ece4f1a7f13b00e341a17c2f53d,compatible/R1_UM_V2_DEPTH_7__0d2902a9958661bd/metrics.csv
new_p3_training,True,tuned,UM_V2_DEPTH,7,R1,3cfd389bbd05ec9201a41c0892e29bf8199198d1b216b9a8061370d4240aa583,bd1488a2d411295d7a2118c50ddcc0b158786123613af1676062e2270d1637d1,9cb89005693b1b70c102178849b740fde00b50c9ba5f3b5530d0e5749ea59837,eca954c21da074c545cb7858315ea39fee0a6f54b19e06474b4f2f91f1666847,c2f062c20887415a67df5838227a908b8620c7cc30f0498135bf17ea1ad33c5f,6031dc4ee08b61c58b35b1efd7d764739d5c7c54dc7cbe9e9a72a1e4a7098596,675a3086cd6c4f2abd63c7d3acd419ca12dbc861,b9974a8f8c017bb8dcd4b62d614209421269020760d78e9d860a074b8cc9561f,a54de0a0556bcacdeff3fc717119b73c28b6fa0f45ab4183f3eb52e5899b5665,R1_UM_V2_DEPTH_7,8d1f5ffb9f26054666b5b725a8b6680ec582c6fb02c6a120e48e21625b9db4c8,development_holdout,P1,32557,0.9212035587901988,0.5429554320115489,0.4759491401445195,0.2504926683425247,0.5533605738454666,0.9217734942888463,8546,15550,8461,1.1175870917590203e-07,9b3d6fe8c1fd76aedc68d8119e1fa659045291fd6455a6a46b85c9876a93b7a3,a5000,09b744a319e63ece4f1a7f13b00e341a17c2f53d,compatible/R1_UM_V2_DEPTH_7__0d2902a9958661bd/metrics.csv
new_p3_training,True,tuned,UM_V2_DEPTH,7,R1,3cfd389bbd05ec9201a41c0892e29bf8199198d1b216b9a8061370d4240aa583,bd1488a2d411295d7a2118c50ddcc0b158786123613af1676062e2270d1637d1,9cb89005693b1b70c102178849b740fde00b50c9ba5f3b5530d0e5749ea59837,eca954c21da074c545cb7858315ea39fee0a6f54b19e06474b4f2f91f1666847,c2f062c20887415a67df5838227a908b8620c7cc30f0498135bf17ea1ad33c5f,6031dc4ee08b61c58b35b1efd7d764739d5c7c54dc7cbe9e9a72a1e4a7098596,675a3086cd6c4f2abd63c7d3acd419ca12dbc861,b9974a8f8c017bb8dcd4b62d614209421269020760d78e9d860a074b8cc9561f,a54de0a0556bcacdeff3fc717119b73c28b6fa0f45ab4183f3eb52e5899b5665,R1_UM_V2_DEPTH_7,8d1f5ffb9f26054666b5b725a8b6680ec582c6fb02c6a120e48e21625b9db4c8,development_holdout,P2,29403,0.9245268702363529,0.5421215522225623,0.47105976059232874,0.24125333533541213,0.5544277656787655,0.9245268702363529,7559,14328,7516,1.1175870917590203e-07,4f40da9e935c4419f64f78055c885f816bb0011d87842690994b2751e63d9509,a5000,09b744a319e63ece4f1a7f13b00e341a17c2f53d,compatible/R1_UM_V2_DEPTH_7__0d2902a9958661bd/metrics.csv
new_p3_training,True,tuned,UM_V2_DEPTH,7,R1,3cfd389bbd05ec9201a41c0892e29bf8199198d1b216b9a8061370d4240aa583,bd1488a2d411295d7a2118c50ddcc0b158786123613af1676062e2270d1637d1,9cb89005693b1b70c102178849b740fde00b50c9ba5f3b5530d0e5749ea59837,eca954c21da074c545cb7858315ea39fee0a6f54b19e06474b4f2f91f1666847,c2f062c20887415a67df5838227a908b8620c7cc30f0498135bf17ea1ad33c5f,6031dc4ee08b61c58b35b1efd7d764739d5c7c54dc7cbe9e9a72a1e4a7098596,675a3086cd6c4f2abd63c7d3acd419ca12dbc861,b9974a8f8c017bb8dcd4b62d614209421269020760d78e9d860a074b8cc9561f,a54de0a0556bcacdeff3fc717119b73c28b6fa0f45ab4183f3eb52e5899b5665,R1_UM_V2_DEPTH_7,8d1f5ffb9f26054666b5b725a8b6680ec582c6fb02c6a120e48e21625b9db4c8,development_holdout,P3,29021,0.9196998753970429,0.5442265945349919,0.4725078819449185,0.24549321347316727,0.5520145033930685,0.920274067671688,7486,14080,7455,1.1175870917590203e-07,8a8da97089168b3cf6b79daba370771d4d31b619a8e33559a0aeb4a32eaf1f33,a5000,09b744a319e63ece4f1a7f13b00e341a17c2f53d,compatible/R1_UM_V2_DEPTH_7__0d2902a9958661bd/metrics.csv
new_p3_training,True,tuned,UM_V2_DEPTH,7,R1,3cfd389bbd05ec9201a41c0892e29bf8199198d1b216b9a8061370d4240aa583,bd1488a2d411295d7a2118c50ddcc0b158786123613af1676062e2270d1637d1,9cb89005693b1b70c102178849b740fde00b50c9ba5f3b5530d0e5749ea59837,eca954c21da074c545cb7858315ea39fee0a6f54b19e06474b4f2f91f1666847,c2f062c20887415a67df5838227a908b8620c7cc30f0498135bf17ea1ad33c5f,6031dc4ee08b61c58b35b1efd7d764739d5c7c54dc7cbe9e9a72a1e4a7098596,675a3086cd6c4f2abd63c7d3acd419ca12dbc861,b9974a8f8c017bb8dcd4b62d614209421269020760d78e9d860a074b8cc9561f,a54de0a0556bcacdeff3fc717119b73c28b6fa0f45ab4183f3eb52e5899b5665,R1_UM_V2_DEPTH_7,8d1f5ffb9f26054666b5b725a8b6680ec582c6fb02c6a120e48e21625b9db4c8,validation,P0,50274,0.9088870394158562,0.5556152285475594,0.4787495965556759,0.24984218582607173,0.5440904930706367,0.9088870394158564,12432,25906,11936,1.1920928932873665e-07,8554f7e47896ce912ee25183274a79552172e9c9a53366da0ed794a57786efe0,a5000,09b744a319e63ece4f1a7f13b00e341a17c2f53d,compatible/R1_UM_V2_DEPTH_7__0d2902a9958661bd/metrics.csv
new_p3_training,True,tuned,UM_V2_DEPTH,7,R1,3cfd389bbd05ec9201a41c0892e29bf8199198d1b216b9a8061370d4240aa583,bd1488a2d411295d7a2118c50ddcc0b158786123613af1676062e2270d1637d1,9cb89005693b1b70c102178849b740fde00b50c9ba5f3b5530d0e5749ea59837,eca954c21da074c545cb7858315ea39fee0a6f54b19e06474b4f2f91f1666847,c2f062c20887415a67df5838227a908b8620c7cc30f0498135bf17ea1ad33c5f,6031dc4ee08b61c58b35b1efd7d764739d5c7c54dc7cbe9e9a72a1e4a7098596,675a3086cd6c4f2abd63c7d3acd419ca12dbc861,b9974a8f8c017bb8dcd4b62d614209421269020760d78e9d860a074b8cc9561f,a54de0a0556bcacdeff3fc717119b73c28b6fa0f45ab4183f3eb52e5899b5665,R1_UM_V2_DEPTH_7,8d1f5ffb9f26054666b5b725a8b6680ec582c6fb02c6a120e48e21625b9db4c8,validation,P1,48280,0.9092154485289479,0.5548053024026512,0.48200364877127716,0.2581571201446352,0.5449517508109707,0.9095438634877944,12341,24081,11858,1.1920928932873665e-07,1bd74161030549bc2f24efe5491eb0d1f7727b652e5253a429e01c853cb585db,a5000,09b744a319e63ece4f1a7f13b00e341a17c2f53d,compatible/R1_UM_V2_DEPTH_7__0d2902a9958661bd/metrics.csv
new_p3_training,True,tuned,UM_V2_DEPTH,7,R1,3cfd389bbd05ec9201a41c0892e29bf8199198d1b216b9a8061370d4240aa583,bd1488a2d411295d7a2118c50ddcc0b158786123613af1676062e2270d1637d1,9cb89005693b1b70c102178849b740fde00b50c9ba5f3b5530d0e5749ea59837,eca954c21da074c545cb7858315ea39fee0a6f54b19e06474b4f2f91f1666847,c2f062c20887415a67df5838227a908b8620c7cc30f0498135bf17ea1ad33c5f,6031dc4ee08b61c58b35b1efd7d764739d5c7c54dc7cbe9e9a72a1e4a7098596,675a3086cd6c4f2abd63c7d3acd419ca12dbc861,b9974a8f8c017bb8dcd4b62d614209421269020760d78e9d860a074b8cc9561f,a54de0a0556bcacdeff3fc717119b73c28b6fa0f45ab4183f3eb52e5899b5665,R1_UM_V2_DEPTH_7,8d1f5ffb9f26054666b5b725a8b6680ec582c6fb02c6a120e48e21625b9db4c8,validation,P2,43659,0.9116238551468555,0.5527153622391717,0.47565691734365023,0.24662911011518376,0.5461880803894235,0.9116238551468556,10937,22231,10491,1.1920928932873665e-07,4e484a6acb6ed7305a5ec5513d99f3999c0f2ce27a7b70f8609ef03a2f0fd7ca,a5000,09b744a319e63ece4f1a7f13b00e341a17c2f53d,compatible/R1_UM_V2_DEPTH_7__0d2902a9958661bd/metrics.csv
new_p3_training,True,tuned,UM_V2_DEPTH,7,R1,3cfd389bbd05ec9201a41c0892e29bf8199198d1b216b9a8061370d4240aa583,bd1488a2d411295d7a2118c50ddcc0b158786123613af1676062e2270d1637d1,9cb89005693b1b70c102178849b740fde00b50c9ba5f3b5530d0e5749ea59837,eca954c21da074c545cb7858315ea39fee0a6f54b19e06474b4f2f91f1666847,c2f062c20887415a67df5838227a908b8620c7cc30f0498135bf17ea1ad33c5f,6031dc4ee08b61c58b35b1efd7d764739d5c7c54dc7cbe9e9a72a1e4a7098596,675a3086cd6c4f2abd63c7d3acd419ca12dbc861,b9974a8f8c017bb8dcd4b62d614209421269020760d78e9d860a074b8cc9561f,a54de0a0556bcacdeff3fc717119b73c28b6fa0f45ab4183f3eb52e5899b5665,R1_UM_V2_DEPTH_7,8d1f5ffb9f26054666b5b725a8b6680ec582c6fb02c6a120e48e21625b9db4c8,validation,P3,43050,0.9068971939121221,0.5558188153310104,0.4783003884476993,0.2527168252863443,0.5436216234810687,0.9073526293163204,10846,21790,10414,1.1920928932873665e-07,6d52c9fbf6be5e14713acbbe54cf789ce18ead615a69e1425ccdf2f2677c4d4b,a5000,09b744a319e63ece4f1a7f13b00e341a17c2f53d,compatible/R1_UM_V2_DEPTH_7__0d2902a9958661bd/metrics.csv
new_p3_training,True,tuned,GRU_U1,123,main,3cfd389bbd05ec9201a41c0892e29bf8199198d1b216b9a8061370d4240aa583,bd1488a2d411295d7a2118c50ddcc0b158786123613af1676062e2270d1637d1,9cb89005693b1b70c102178849b740fde00b50c9ba5f3b5530d0e5749ea59837,eca954c21da074c545cb7858315ea39fee0a6f54b19e06474b4f2f91f1666847,490eeb15970ef077ee050323b551cd9c3c5534c257f1febddca9af74ed1cf0a4,6031dc4ee08b61c58b35b1efd7d764739d5c7c54dc7cbe9e9a72a1e4a7098596,675a3086cd6c4f2abd63c7d3acd419ca12dbc861,b9974a8f8c017bb8dcd4b62d614209421269020760d78e9d860a074b8cc9561f,33d49c332ff8da8f9ff2002a7c44f23c5fe7f0ee4104a729632e9f9c52a94ca2,main_GRU_U1_123_selected,6221604e4f63e6d1ca86063bb899ae2a4a084ce911f766f0df8b3960a98aaf24,development_holdout,P0,101574,0.9235169758006926,0.5462027684249906,0.4791872082562855,0.24711712620425969,0.5534279284880285,0.9235169758006927,25800,50465,25309,1.1920928977282585e-07,0dc85d22e8e0f74c7b6ec962eed4c96d1cb3a8bab46491e011387f6965f98c1d,a5000,09b744a319e63ece4f1a7f13b00e341a17c2f53d,compatible/analyze_GRU_U1_123__2adb83d4c75af437/metrics.csv
new_p3_training,True,tuned,GRU_U1,123,main,3cfd389bbd05ec9201a41c0892e29bf8199198d1b216b9a8061370d4240aa583,bd1488a2d411295d7a2118c50ddcc0b158786123613af1676062e2270d1637d1,9cb89005693b1b70c102178849b740fde00b50c9ba5f3b5530d0e5749ea59837,eca954c21da074c545cb7858315ea39fee0a6f54b19e06474b4f2f91f1666847,490eeb15970ef077ee050323b551cd9c3c5534c257f1febddca9af74ed1cf0a4,6031dc4ee08b61c58b35b1efd7d764739d5c7c54dc7cbe9e9a72a1e4a7098596,675a3086cd6c4f2abd63c7d3acd419ca12dbc861,b9974a8f8c017bb8dcd4b62d614209421269020760d78e9d860a074b8cc9561f,33d49c332ff8da8f9ff2002a7c44f23c5fe7f0ee4104a729632e9f9c52a94ca2,main_GRU_U1_123_selected,6221604e4f63e6d1ca86063bb899ae2a4a084ce911f766f0df8b3960a98aaf24,development_holdout,P1,97156,0.9193486523448893,0.548221417102392,0.4844108282263286,0.2599491554184515,0.5516152700587693,0.91903167250844,25496,46615,25045,1.1920928977282585e-07,89132b9c6cb5437496dfcec2344f48c9652f89696c548da1ecffc1fa7e8b8292,a5000,09b744a319e63ece4f1a7f13b00e341a17c2f53d,compatible/analyze_GRU_U1_123__2adb83d4c75af437/metrics.csv
new_p3_training,True,tuned,GRU_U1,123,main,3cfd389bbd05ec9201a41c0892e29bf8199198d1b216b9a8061370d4240aa583,bd1488a2d411295d7a2118c50ddcc0b158786123613af1676062e2270d1637d1,9cb89005693b1b70c102178849b740fde00b50c9ba5f3b5530d0e5749ea59837,eca954c21da074c545cb7858315ea39fee0a6f54b19e06474b4f2f91f1666847,490eeb15970ef077ee050323b551cd9c3c5534c257f1febddca9af74ed1cf0a4,6031dc4ee08b61c58b35b1efd7d764739d5c7c54dc7cbe9e9a72a1e4a7098596,675a3086cd6c4f2abd63c7d3acd419ca12dbc861,b9974a8f8c017bb8dcd4b62d614209421269020760d78e9d860a074b8cc9561f,33d49c332ff8da8f9ff2002a7c44f23c5fe7f0ee4104a729632e9f9c52a94ca2,main_GRU_U1_123_selected,6221604e4f63e6d1ca86063bb899ae2a4a084ce911f766f0df8b3960a98aaf24,development_holdout,P2,88209,0.9234507031162844,0.5467922774320081,0.4765188530282916,0.24741732251260168,0.553284412916095,0.9234507031162844,22573,43431,22205,1.1920928977282585e-07,e3f7c57ec943bebd2c72fd9a14e72d054ffbcce05445b0fd82869e8aa7261d38,a5000,09b744a319e63ece4f1a7f13b00e341a17c2f53d,compatible/analyze_GRU_U1_123__2adb83d4c75af437/metrics.csv
new_p3_training,True,tuned,GRU_U1,123,main,3cfd389bbd05ec9201a41c0892e29bf8199198d1b216b9a8061370d4240aa583,bd1488a2d411295d7a2118c50ddcc0b158786123613af1676062e2270d1637d1,9cb89005693b1b70c102178849b740fde00b50c9ba5f3b5530d0e5749ea59837,eca954c21da074c545cb7858315ea39fee0a6f54b19e06474b4f2f91f1666847,490eeb15970ef077ee050323b551cd9c3c5534c257f1febddca9af74ed1cf0a4,6031dc4ee08b61c58b35b1efd7d764739d5c7c54dc7cbe9e9a72a1e4a7098596,675a3086cd6c4f2abd63c7d3acd419ca12dbc861,b9974a8f8c017bb8dcd4b62d614209421269020760d78e9d860a074b8cc9561f,33d49c332ff8da8f9ff2002a7c44f23c5fe7f0ee4104a729632e9f9c52a94ca2,main_GRU_U1_123_selected,6221604e4f63e6d1ca86063bb899ae2a4a084ce911f766f0df8b3960a98aaf24,development_holdout,P3,86588,0.917540818139556,0.5500762230332148,0.4794436789309438,0.2541999804129065,0.5501262432920834,0.9172045046298789,22279,42355,21954,1.1920928977282585e-07,1d87bc17ac0a3399488e5c5ec324165d9032588c37226cf41709e2dd0df6d17d,a5000,09b744a319e63ece4f1a7f13b00e341a17c2f53d,compatible/analyze_GRU_U1_123__2adb83d4c75af437/metrics.csv
new_p3_training,True,tuned,GRU_U1,123,main,3cfd389bbd05ec9201a41c0892e29bf8199198d1b216b9a8061370d4240aa583,bd1488a2d411295d7a2118c50ddcc0b158786123613af1676062e2270d1637d1,9cb89005693b1b70c102178849b740fde00b50c9ba5f3b5530d0e5749ea59837,eca954c21da074c545cb7858315ea39fee0a6f54b19e06474b4f2f91f1666847,490eeb15970ef077ee050323b551cd9c3c5534c257f1febddca9af74ed1cf0a4,6031dc4ee08b61c58b35b1efd7d764739d5c7c54dc7cbe9e9a72a1e4a7098596,675a3086cd6c4f2abd63c7d3acd419ca12dbc861,b9974a8f8c017bb8dcd4b62d614209421269020760d78e9d860a074b8cc9561f,33d49c332ff8da8f9ff2002a7c44f23c5fe7f0ee4104a729632e9f9c52a94ca2,main_GRU_U1_123_selected,6221604e4f63e6d1ca86063bb899ae2a4a084ce911f766f0df8b3960a98aaf24,validation,P0,50274,0.908421923757764,0.5561522854755937,0.48342341446897524,0.2528263835371086,0.5440331394095448,0.9084219237577641,12432,25906,11936,1.1920928977282585e-07,8554f7e47896ce912ee25183274a79552172e9c9a53366da0ed794a57786efe0,a5000,09b744a319e63ece4f1a7f13b00e341a17c2f53d,compatible/analyze_GRU_U1_123__2adb83d4c75af437/metrics.csv
new_p3_training,True,tuned,GRU_U1,123,main,3cfd389bbd05ec9201a41c0892e29bf8199198d1b216b9a8061370d4240aa583,bd1488a2d411295d7a2118c50ddcc0b158786123613af1676062e2270d1637d1,9cb89005693b1b70c102178849b740fde00b50c9ba5f3b5530d0e5749ea59837,eca954c21da074c545cb7858315ea39fee0a6f54b19e06474b4f2f91f1666847,490eeb15970ef077ee050323b551cd9c3c5534c257f1febddca9af74ed1cf0a4,6031dc4ee08b61c58b35b1efd7d764739d5c7c54dc7cbe9e9a72a1e4a7098596,675a3086cd6c4f2abd63c7d3acd419ca12dbc861,b9974a8f8c017bb8dcd4b62d614209421269020760d78e9d860a074b8cc9561f,33d49c332ff8da8f9ff2002a7c44f23c5fe7f0ee4104a729632e9f9c52a94ca2,main_GRU_U1_123_selected,6221604e4f63e6d1ca86063bb899ae2a4a084ce911f766f0df8b3960a98aaf24,validation,P1,48280,0.9044287922598284,0.5585128417564209,0.48894799639787506,0.2655932317490702,0.5421145867889529,0.9047371352840109,12341,24081,11858,1.1920928977282585e-07,1bd74161030549bc2f24efe5491eb0d1f7727b652e5253a429e01c853cb585db,a5000,09b744a319e63ece4f1a7f13b00e341a17c2f53d,compatible/analyze_GRU_U1_123__2adb83d4c75af437/metrics.csv
new_p3_training,True,tuned,GRU_U1,123,main,3cfd389bbd05ec9201a41c0892e29bf8199198d1b216b9a8061370d4240aa583,bd1488a2d411295d7a2118c50ddcc0b158786123613af1676062e2270d1637d1,9cb89005693b1b70c102178849b740fde00b50c9ba5f3b5530d0e5749ea59837,eca954c21da074c545cb7858315ea39fee0a6f54b19e06474b4f2f91f1666847,490eeb15970ef077ee050323b551cd9c3c5534c257f1febddca9af74ed1cf0a4,6031dc4ee08b61c58b35b1efd7d764739d5c7c54dc7cbe9e9a72a1e4a7098596,675a3086cd6c4f2abd63c7d3acd419ca12dbc861,b9974a8f8c017bb8dcd4b62d614209421269020760d78e9d860a074b8cc9561f,33d49c332ff8da8f9ff2002a7c44f23c5fe7f0ee4104a729632e9f9c52a94ca2,main_GRU_U1_123_selected,6221604e4f63e6d1ca86063bb899ae2a4a084ce911f766f0df8b3960a98aaf24,validation,P2,43659,0.9076504157259773,0.557204700061843,0.48067967200090495,0.2541697417350202,0.5435698011443227,0.9076504157259772,10937,22231,10491,1.1920928977282585e-07,4e484a6acb6ed7305a5ec5513d99f3999c0f2ce27a7b70f8609ef03a2f0fd7ca,a5000,09b744a319e63ece4f1a7f13b00e341a17c2f53d,compatible/analyze_GRU_U1_123__2adb83d4c75af437/metrics.csv
new_p3_training,True,tuned,GRU_U1,123,main,3cfd389bbd05ec9201a41c0892e29bf8199198d1b216b9a8061370d4240aa583,bd1488a2d411295d7a2118c50ddcc0b158786123613af1676062e2270d1637d1,9cb89005693b1b70c102178849b740fde00b50c9ba5f3b5530d0e5749ea59837,eca954c21da074c545cb7858315ea39fee0a6f54b19e06474b4f2f91f1666847,490eeb15970ef077ee050323b551cd9c3c5534c257f1febddca9af74ed1cf0a4,6031dc4ee08b61c58b35b1efd7d764739d5c7c54dc7cbe9e9a72a1e4a7098596,675a3086cd6c4f2abd63c7d3acd419ca12dbc861,b9974a8f8c017bb8dcd4b62d614209421269020760d78e9d860a074b8cc9561f,33d49c332ff8da8f9ff2002a7c44f23c5fe7f0ee4104a729632e9f9c52a94ca2,main_GRU_U1_123_selected,6221604e4f63e6d1ca86063bb899ae2a4a084ce911f766f0df8b3960a98aaf24,validation,P3,43050,0.9021974371941978,0.5604645760743322,0.48354621514246726,0.2606691419266551,0.5405077321751469,0.902636991197168,10846,21790,10414,1.1920928977282585e-07,6d52c9fbf6be5e14713acbbe54cf789ce18ead615a69e1425ccdf2f2677c4d4b,a5000,09b744a319e63ece4f1a7f13b00e341a17c2f53d,compatible/analyze_GRU_U1_123__2adb83d4c75af437/metrics.csv
new_p3_training,True,tuned,GRU_U1,42,main,3cfd389bbd05ec9201a41c0892e29bf8199198d1b216b9a8061370d4240aa583,bd1488a2d411295d7a2118c50ddcc0b158786123613af1676062e2270d1637d1,9cb89005693b1b70c102178849b740fde00b50c9ba5f3b5530d0e5749ea59837,eca954c21da074c545cb7858315ea39fee0a6f54b19e06474b4f2f91f1666847,490eeb15970ef077ee050323b551cd9c3c5534c257f1febddca9af74ed1cf0a4,6031dc4ee08b61c58b35b1efd7d764739d5c7c54dc7cbe9e9a72a1e4a7098596,675a3086cd6c4f2abd63c7d3acd419ca12dbc861,b9974a8f8c017bb8dcd4b62d614209421269020760d78e9d860a074b8cc9561f,3f14aeb855451110c3cef59bce1c2e6bf053e1b1389aa33cf0efa55b62c5efcc,selected_GRU_U1_42,504044d00fa7c63bc28f99a36b76c7872cf20dc7c60d6d15ecc79ca4db4e8d34,development_holdout,P0,101574,0.9267870573435047,0.5437513536928742,0.47775912348603916,0.2437834788590385,0.5553030805970113,0.926787057343505,25800,50465,25309,1.1920928988384816e-07,0dc85d22e8e0f74c7b6ec962eed4c96d1cb3a8bab46491e011387f6965f98c1d,a5000,09b744a319e63ece4f1a7f13b00e341a17c2f53d,compatible/analyze_GRU_U1_42__b0697eda58cd2b10/metrics.csv
new_p3_training,True,tuned,GRU_U1,42,main,3cfd389bbd05ec9201a41c0892e29bf8199198d1b216b9a8061370d4240aa583,bd1488a2d411295d7a2118c50ddcc0b158786123613af1676062e2270d1637d1,9cb89005693b1b70c102178849b740fde00b50c9ba5f3b5530d0e5749ea59837,eca954c21da074c545cb7858315ea39fee0a6f54b19e06474b4f2f91f1666847,490eeb15970ef077ee050323b551cd9c3c5534c257f1febddca9af74ed1cf0a4,6031dc4ee08b61c58b35b1efd7d764739d5c7c54dc7cbe9e9a72a1e4a7098596,675a3086cd6c4f2abd63c7d3acd419ca12dbc861,b9974a8f8c017bb8dcd4b62d614209421269020760d78e9d860a074b8cc9561f,3f14aeb855451110c3cef59bce1c2e6bf053e1b1389aa33cf0efa55b62c5efcc,selected_GRU_U1_42,504044d00fa7c63bc28f99a36b76c7872cf20dc7c60d6d15ecc79ca4db4e8d34,development_holdout,P1,97156,0.9219579485078844,0.5466569228869035,0.4835387699078564,0.25770388789086807,0.5529629017008946,0.9216237075286051,25496,46615,25045,1.1920928988384816e-07,89132b9c6cb5437496dfcec2344f48c9652f89696c548da1ecffc1fa7e8b8292,a5000,09b744a319e63ece4f1a7f13b00e341a17c2f53d,compatible/analyze_GRU_U1_42__b0697eda58cd2b10/metrics.csv
new_p3_training,True,tuned,GRU_U1,42,main,3cfd389bbd05ec9201a41c0892e29bf8199198d1b216b9a8061370d4240aa583,bd1488a2d411295d7a2118c50ddcc0b158786123613af1676062e2270d1637d1,9cb89005693b1b70c102178849b740fde00b50c9ba5f3b5530d0e5749ea59837,eca954c21da074c545cb7858315ea39fee0a6f54b19e06474b4f2f91f1666847,490eeb15970ef077ee050323b551cd9c3c5534c257f1febddca9af74ed1cf0a4,6031dc4ee08b61c58b35b1efd7d764739d5c7c54dc7cbe9e9a72a1e4a7098596,675a3086cd6c4f2abd63c7d3acd419ca12dbc861,b9974a8f8c017bb8dcd4b62d614209421269020760d78e9d860a074b8cc9561f,3f14aeb855451110c3cef59bce1c2e6bf053e1b1389aa33cf0efa55b62c5efcc,selected_GRU_U1_42,504044d00fa7c63bc28f99a36b76c7872cf20dc7c60d6d15ecc79ca4db4e8d34,development_holdout,P2,88209,0.9264857301896943,0.5453185049144645,0.47565269359080503,0.2453065681607303,0.5548280009654835,0.9264857301896944,22573,43431,22205,1.1920928988384816e-07,e3f7c57ec943bebd2c72fd9a14e72d054ffbcce05445b0fd82869e8aa7261d38,a5000,09b744a319e63ece4f1a7f13b00e341a17c2f53d,compatible/analyze_GRU_U1_42__b0697eda58cd2b10/metrics.csv
new_p3_training,True,tuned,GRU_U1,42,main,3cfd389bbd05ec9201a41c0892e29bf8199198d1b216b9a8061370d4240aa583,bd1488a2d411295d7a2118c50ddcc0b158786123613af1676062e2270d1637d1,9cb89005693b1b70c102178849b740fde00b50c9ba5f3b5530d0e5749ea59837,eca954c21da074c545cb7858315ea39fee0a6f54b19e06474b4f2f91f1666847,490eeb15970ef077ee050323b551cd9c3c5534c257f1febddca9af74ed1cf0a4,6031dc4ee08b61c58b35b1efd7d764739d5c7c54dc7cbe9e9a72a1e4a7098596,675a3086cd6c4f2abd63c7d3acd419ca12dbc861,b9974a8f8c017bb8dcd4b62d614209421269020760d78e9d860a074b8cc9561f,3f14aeb855451110c3cef59bce1c2e6bf053e1b1389aa33cf0efa55b62c5efcc,selected_GRU_U1_42,504044d00fa7c63bc28f99a36b76c7872cf20dc7c60d6d15ecc79ca4db4e8d34,development_holdout,P3,86588,0.9198590790364222,0.5491407585346699,0.4789195028769204,0.25279697596934103,0.5512753145151066,0.9194936176080049,22279,42355,21954,1.1920928988384816e-07,1d87bc17ac0a3399488e5c5ec324165d9032588c37226cf41709e2dd0df6d17d,a5000,09b744a319e63ece4f1a7f13b00e341a17c2f53d,compatible/analyze_GRU_U1_42__b0697eda58cd2b10/metrics.csv
new_p3_training,True,tuned,GRU_U1,42,main,3cfd389bbd05ec9201a41c0892e29bf8199198d1b216b9a8061370d4240aa583,bd1488a2d411295d7a2118c50ddcc0b158786123613af1676062e2270d1637d1,9cb89005693b1b70c102178849b740fde00b50c9ba5f3b5530d0e5749ea59837,eca954c21da074c545cb7858315ea39fee0a6f54b19e06474b4f2f91f1666847,490eeb15970ef077ee050323b551cd9c3c5534c257f1febddca9af74ed1cf0a4,6031dc4ee08b61c58b35b1efd7d764739d5c7c54dc7cbe9e9a72a1e4a7098596,675a3086cd6c4f2abd63c7d3acd419ca12dbc861,b9974a8f8c017bb8dcd4b62d614209421269020760d78e9d860a074b8cc9561f,3f14aeb855451110c3cef59bce1c2e6bf053e1b1389aa33cf0efa55b62c5efcc,selected_GRU_U1_42,504044d00fa7c63bc28f99a36b76c7872cf20dc7c60d6d15ecc79ca4db4e8d34,validation,P0,50274,0.9121922406116183,0.5543024227234754,0.48507180789741283,0.25198658947571584,0.5464583205854124,0.9121922406116183,12432,25906,11936,1.1920928955078125e-07,8554f7e47896ce912ee25183274a79552172e9c9a53366da0ed794a57786efe0,a5000,09b744a319e63ece4f1a7f13b00e341a17c2f53d,compatible/analyze_GRU_U1_42__b0697eda58cd2b10/metrics.csv
new_p3_training,True,tuned,GRU_U1,42,main,3cfd389bbd05ec9201a41c0892e29bf8199198d1b216b9a8061370d4240aa583,bd1488a2d411295d7a2118c50ddcc0b158786123613af1676062e2270d1637d1,9cb89005693b1b70c102178849b740fde00b50c9ba5f3b5530d0e5749ea59837,eca954c21da074c545cb7858315ea39fee0a6f54b19e06474b4f2f91f1666847,490eeb15970ef077ee050323b551cd9c3c5534c257f1febddca9af74ed1cf0a4,6031dc4ee08b61c58b35b1efd7d764739d5c7c54dc7cbe9e9a72a1e4a7098596,675a3086cd6c4f2abd63c7d3acd419ca12dbc861,b9974a8f8c017bb8dcd4b62d614209421269020760d78e9d860a074b8cc9561f,3f14aeb855451110c3cef59bce1c2e6bf053e1b1389aa33cf0efa55b62c5efcc,selected_GRU_U1_42,504044d00fa7c63bc28f99a36b76c7872cf20dc7c60d6d15ecc79ca4db4e8d34,validation,P1,48280,0.9065489730410213,0.5578914664457332,0.4914332985508285,0.2660819390975399,0.5435205793927999,0.9068945088948893,12341,24081,11858,1.1920928955078125e-07,1bd74161030549bc2f24efe5491eb0d1f7727b652e5253a429e01c853cb585db,a5000,09b744a319e63ece4f1a7f13b00e341a17c2f53d,compatible/analyze_GRU_U1_42__b0697eda58cd2b10/metrics.csv
new_p3_training,True,tuned,GRU_U1,42,main,3cfd389bbd05ec9201a41c0892e29bf8199198d1b216b9a8061370d4240aa583,bd1488a2d411295d7a2118c50ddcc0b158786123613af1676062e2270d1637d1,9cb89005693b1b70c102178849b740fde00b50c9ba5f3b5530d0e5749ea59837,eca954c21da074c545cb7858315ea39fee0a6f54b19e06474b4f2f91f1666847,490eeb15970ef077ee050323b551cd9c3c5534c257f1febddca9af74ed1cf0a4,6031dc4ee08b61c58b35b1efd7d764739d5c7c54dc7cbe9e9a72a1e4a7098596,675a3086cd6c4f2abd63c7d3acd419ca12dbc861,b9974a8f8c017bb8dcd4b62d614209421269020760d78e9d860a074b8cc9561f,3f14aeb855451110c3cef59bce1c2e6bf053e1b1389aa33cf0efa55b62c5efcc,selected_GRU_U1_42,504044d00fa7c63bc28f99a36b76c7872cf20dc7c60d6d15ecc79ca4db4e8d34,validation,P2,43659,0.9109588276658138,0.5564717469479374,0.48333185605646994,0.2546002649539498,0.5454617307567798,0.9109588276658139,10937,22231,10491,1.1920928955078125e-07,4e484a6acb6ed7305a5ec5513d99f3999c0f2ce27a7b70f8609ef03a2f0fd7ca,a5000,09b744a319e63ece4f1a7f13b00e341a17c2f53d,compatible/analyze_GRU_U1_42__b0697eda58cd2b10/metrics.csv
new_p3_training,True,tuned,GRU_U1,42,main,3cfd389bbd05ec9201a41c0892e29bf8199198d1b216b9a8061370d4240aa583,bd1488a2d411295d7a2118c50ddcc0b158786123613af1676062e2270d1637d1,9cb89005693b1b70c102178849b740fde00b50c9ba5f3b5530d0e5749ea59837,eca954c21da074c545cb7858315ea39fee0a6f54b19e06474b4f2f91f1666847,490eeb15970ef077ee050323b551cd9c3c5534c257f1febddca9af74ed1cf0a4,6031dc4ee08b61c58b35b1efd7d764739d5c7c54dc7cbe9e9a72a1e4a7098596,675a3086cd6c4f2abd63c7d3acd419ca12dbc861,b9974a8f8c017bb8dcd4b62d614209421269020760d78e9d860a074b8cc9561f,3f14aeb855451110c3cef59bce1c2e6bf053e1b1389aa33cf0efa55b62c5efcc,selected_GRU_U1_42,504044d00fa7c63bc28f99a36b76c7872cf20dc7c60d6d15ecc79ca4db4e8d34,validation,P3,43050,0.9039634840198628,0.5601858304297329,0.4865265383621708,0.2615895677843461,0.5416549239834585,0.9044422384258622,10846,21790,10414,1.1920928955078125e-07,6d52c9fbf6be5e14713acbbe54cf789ce18ead615a69e1425ccdf2f2677c4d4b,a5000,09b744a319e63ece4f1a7f13b00e341a17c2f53d,compatible/analyze_GRU_U1_42__b0697eda58cd2b10/metrics.csv
new_p3_training,True,tuned,GRU_U1,7,main,3cfd389bbd05ec9201a41c0892e29bf8199198d1b216b9a8061370d4240aa583,bd1488a2d411295d7a2118c50ddcc0b158786123613af1676062e2270d1637d1,9cb89005693b1b70c102178849b740fde00b50c9ba5f3b5530d0e5749ea59837,eca954c21da074c545cb7858315ea39fee0a6f54b19e06474b4f2f91f1666847,490eeb15970ef077ee050323b551cd9c3c5534c257f1febddca9af74ed1cf0a4,6031dc4ee08b61c58b35b1efd7d764739d5c7c54dc7cbe9e9a72a1e4a7098596,675a3086cd6c4f2abd63c7d3acd419ca12dbc861,b9974a8f8c017bb8dcd4b62d614209421269020760d78e9d860a074b8cc9561f,c8d004eb9c6be01438d453239ac40dd78a8025020dcb7923070cafdd9309a40e,main_GRU_U1_7_selected,6059684aae9cec05eeffe5c85403cc64a339b48c967caffe9aed87d93a1f4cf2,development_holdout,P0,101574,0.9241239295933943,0.5451099690865773,0.4814033702219225,0.24774317058792686,0.5537814040170409,0.9241239295933944,25800,50465,25309,1.1920928977282585e-07,0dc85d22e8e0f74c7b6ec962eed4c96d1cb3a8bab46491e011387f6965f98c1d,a5000,09b744a319e63ece4f1a7f13b00e341a17c2f53d,compatible/analyze_GRU_U1_7__007cd406a4a63032/metrics.csv
new_p3_training,True,tuned,GRU_U1,7,main,3cfd389bbd05ec9201a41c0892e29bf8199198d1b216b9a8061370d4240aa583,bd1488a2d411295d7a2118c50ddcc0b158786123613af1676062e2270d1637d1,9cb89005693b1b70c102178849b740fde00b50c9ba5f3b5530d0e5749ea59837,eca954c21da074c545cb7858315ea39fee0a6f54b19e06474b4f2f91f1666847,490eeb15970ef077ee050323b551cd9c3c5534c257f1febddca9af74ed1cf0a4,6031dc4ee08b61c58b35b1efd7d764739d5c7c54dc7cbe9e9a72a1e4a7098596,675a3086cd6c4f2abd63c7d3acd419ca12dbc861,b9974a8f8c017bb8dcd4b62d614209421269020760d78e9d860a074b8cc9561f,c8d004eb9c6be01438d453239ac40dd78a8025020dcb7923070cafdd9309a40e,main_GRU_U1_7_selected,6059684aae9cec05eeffe5c85403cc64a339b48c967caffe9aed87d93a1f4cf2,development_holdout,P1,97156,0.9196392822936453,0.5475729754209725,0.48686536628521715,0.2606335526041773,0.5517573080800436,0.9192916745875919,25496,46615,25045,1.1920928977282585e-07,89132b9c6cb5437496dfcec2344f48c9652f89696c548da1ecffc1fa7e8b8292,a5000,09b744a319e63ece4f1a7f13b00e341a17c2f53d,compatible/analyze_GRU_U1_7__007cd406a4a63032/metrics.csv
new_p3_training,True,tuned,GRU_U1,7,main,3cfd389bbd05ec9201a41c0892e29bf8199198d1b216b9a8061370d4240aa583,bd1488a2d411295d7a2118c50ddcc0b158786123613af1676062e2270d1637d1,9cb89005693b1b70c102178849b740fde00b50c9ba5f3b5530d0e5749ea59837,eca954c21da074c545cb7858315ea39fee0a6f54b19e06474b4f2f91f1666847,490eeb15970ef077ee050323b551cd9c3c5534c257f1febddca9af74ed1cf0a4,6031dc4ee08b61c58b35b1efd7d764739d5c7c54dc7cbe9e9a72a1e4a7098596,675a3086cd6c4f2abd63c7d3acd419ca12dbc861,b9974a8f8c017bb8dcd4b62d614209421269020760d78e9d860a074b8cc9561f,c8d004eb9c6be01438d453239ac40dd78a8025020dcb7923070cafdd9309a40e,main_GRU_U1_7_selected,6059684aae9cec05eeffe5c85403cc64a339b48c967caffe9aed87d93a1f4cf2,development_holdout,P2,88209,0.9248749780193259,0.5452958314911177,0.47883951396041696,0.24724685542675368,0.5540329040766192,0.9248749780193263,22573,43431,22205,1.1920928977282585e-07,e3f7c57ec943bebd2c72fd9a14e72d054ffbcce05445b0fd82869e8aa7261d38,a5000,09b744a319e63ece4f1a7f13b00e341a17c2f53d,compatible/analyze_GRU_U1_7__007cd406a4a63032/metrics.csv
new_p3_training,True,tuned,GRU_U1,7,main,3cfd389bbd05ec9201a41c0892e29bf8199198d1b216b9a8061370d4240aa583,bd1488a2d411295d7a2118c50ddcc0b158786123613af1676062e2270d1637d1,9cb89005693b1b70c102178849b740fde00b50c9ba5f3b5530d0e5749ea59837,eca954c21da074c545cb7858315ea39fee0a6f54b19e06474b4f2f91f1666847,490eeb15970ef077ee050323b551cd9c3c5534c257f1febddca9af74ed1cf0a4,6031dc4ee08b61c58b35b1efd7d764739d5c7c54dc7cbe9e9a72a1e4a7098596,675a3086cd6c4f2abd63c7d3acd419ca12dbc861,b9974a8f8c017bb8dcd4b62d614209421269020760d78e9d860a074b8cc9561f,c8d004eb9c6be01438d453239ac40dd78a8025020dcb7923070cafdd9309a40e,main_GRU_U1_7_selected,6059684aae9cec05eeffe5c85403cc64a339b48c967caffe9aed87d93a1f4cf2,development_holdout,P3,86588,0.9181496787804645,0.5490714648681111,0.4820377373661849,0.2545177419661634,0.5504751227132213,0.9177836869088846,22279,42355,21954,1.1920928977282585e-07,1d87bc17ac0a3399488e5c5ec324165d9032588c37226cf41709e2dd0df6d17d,a5000,09b744a319e63ece4f1a7f13b00e341a17c2f53d,compatible/analyze_GRU_U1_7__007cd406a4a63032/metrics.csv
new_p3_training,True,tuned,GRU_U1,7,main,3cfd389bbd05ec9201a41c0892e29bf8199198d1b216b9a8061370d4240aa583,bd1488a2d411295d7a2118c50ddcc0b158786123613af1676062e2270d1637d1,9cb89005693b1b70c102178849b740fde00b50c9ba5f3b5530d0e5749ea59837,eca954c21da074c545cb7858315ea39fee0a6f54b19e06474b4f2f91f1666847,490eeb15970ef077ee050323b551cd9c3c5534c257f1febddca9af74ed1cf0a4,6031dc4ee08b61c58b35b1efd7d764739d5c7c54dc7cbe9e9a72a1e4a7098596,675a3086cd6c4f2abd63c7d3acd419ca12dbc861,b9974a8f8c017bb8dcd4b62d614209421269020760d78e9d860a074b8cc9561f,c8d004eb9c6be01438d453239ac40dd78a8025020dcb7923070cafdd9309a40e,main_GRU_U1_7_selected,6059684aae9cec05eeffe5c85403cc64a339b48c967caffe9aed87d93a1f4cf2,validation,P0,50274,0.9096457685820544,0.5561323944782591,0.48904455394316154,0.25697729725450985,0.5447507736278452,0.9096457685820544,12432,25906,11936,1.1175870917590203e-07,8554f7e47896ce912ee25183274a79552172e9c9a53366da0ed794a57786efe0,a5000,09b744a319e63ece4f1a7f13b00e341a17c2f53d,compatible/analyze_GRU_U1_7__007cd406a4a63032/metrics.csv
new_p3_training,True,tuned,GRU_U1,7,main,3cfd389bbd05ec9201a41c0892e29bf8199198d1b216b9a8061370d4240aa583,bd1488a2d411295d7a2118c50ddcc0b158786123613af1676062e2270d1637d1,9cb89005693b1b70c102178849b740fde00b50c9ba5f3b5530d0e5749ea59837,eca954c21da074c545cb7858315ea39fee0a6f54b19e06474b4f2f91f1666847,490eeb15970ef077ee050323b551cd9c3c5534c257f1febddca9af74ed1cf0a4,6031dc4ee08b61c58b35b1efd7d764739d5c7c54dc7cbe9e9a72a1e4a7098596,675a3086cd6c4f2abd63c7d3acd419ca12dbc861,b9974a8f8c017bb8dcd4b62d614209421269020760d78e9d860a074b8cc9561f,c8d004eb9c6be01438d453239ac40dd78a8025020dcb7923070cafdd9309a40e,main_GRU_U1_7_selected,6059684aae9cec05eeffe5c85403cc64a339b48c967caffe9aed87d93a1f4cf2,validation,P1,48280,0.9046548096588866,0.5592170671085336,0.49498739537157904,0.26999611233907844,0.5422391626054607,0.9049799007089943,12341,24081,11858,1.1175870917590203e-07,1bd74161030549bc2f24efe5491eb0d1f7727b652e5253a429e01c853cb585db,a5000,09b744a319e63ece4f1a7f13b00e341a17c2f53d,compatible/analyze_GRU_U1_7__007cd406a4a63032/metrics.csv
new_p3_training,True,tuned,GRU_U1,7,main,3cfd389bbd05ec9201a41c0892e29bf8199198d1b216b9a8061370d4240aa583,bd1488a2d411295d7a2118c50ddcc0b158786123613af1676062e2270d1637d1,9cb89005693b1b70c102178849b740fde00b50c9ba5f3b5530d0e5749ea59837,eca954c21da074c545cb7858315ea39fee0a6f54b19e06474b4f2f91f1666847,490eeb15970ef077ee050323b551cd9c3c5534c257f1febddca9af74ed1cf0a4,6031dc4ee08b61c58b35b1efd7d764739d5c7c54dc7cbe9e9a72a1e4a7098596,675a3086cd6c4f2abd63c7d3acd419ca12dbc861,b9974a8f8c017bb8dcd4b62d614209421269020760d78e9d860a074b8cc9561f,c8d004eb9c6be01438d453239ac40dd78a8025020dcb7923070cafdd9309a40e,main_GRU_U1_7_selected,6059684aae9cec05eeffe5c85403cc64a339b48c967caffe9aed87d93a1f4cf2,validation,P2,43659,0.9091978228410793,0.5580063675301771,0.48802741153499934,0.259288256006342,0.5443318454519378,0.9091978228410794,10937,22231,10491,1.1175870917590203e-07,4e484a6acb6ed7305a5ec5513d99f3999c0f2ce27a7b70f8609ef03a2f0fd7ca,a5000,09b744a319e63ece4f1a7f13b00e341a17c2f53d,compatible/analyze_GRU_U1_7__007cd406a4a63032/metrics.csv
new_p3_training,True,tuned,GRU_U1,7,main,3cfd389bbd05ec9201a41c0892e29bf8199198d1b216b9a8061370d4240aa583,bd1488a2d411295d7a2118c50ddcc0b158786123613af1676062e2270d1637d1,9cb89005693b1b70c102178849b740fde00b50c9ba5f3b5530d0e5749ea59837,eca954c21da074c545cb7858315ea39fee0a6f54b19e06474b4f2f91f1666847,490eeb15970ef077ee050323b551cd9c3c5534c257f1febddca9af74ed1cf0a4,6031dc4ee08b61c58b35b1efd7d764739d5c7c54dc7cbe9e9a72a1e4a7098596,675a3086cd6c4f2abd63c7d3acd419ca12dbc861,b9974a8f8c017bb8dcd4b62d614209421269020760d78e9d860a074b8cc9561f,c8d004eb9c6be01438d453239ac40dd78a8025020dcb7923070cafdd9309a40e,main_GRU_U1_7_selected,6059684aae9cec05eeffe5c85403cc64a339b48c967caffe9aed87d93a1f4cf2,validation,P3,43050,0.9025463757156384,0.5615331010452962,0.4910012953801756,0.26588984259190546,0.5406664678317868,0.903009969418911,10846,21790,10414,1.1175870917590203e-07,6d52c9fbf6be5e14713acbbe54cf789ce18ead615a69e1425ccdf2f2677c4d4b,a5000,09b744a319e63ece4f1a7f13b00e341a17c2f53d,compatible/analyze_GRU_U1_7__007cd406a4a63032/metrics.csv
new_p3_training,True,tuned,UM_V2_DEPTH,123,R2,3cfd389bbd05ec9201a41c0892e29bf8199198d1b216b9a8061370d4240aa583,bd1488a2d411295d7a2118c50ddcc0b158786123613af1676062e2270d1637d1,9cb89005693b1b70c102178849b740fde00b50c9ba5f3b5530d0e5749ea59837,eca954c21da074c545cb7858315ea39fee0a6f54b19e06474b4f2f91f1666847,8b90aa08a2480ce64e3784f1560ad81adcdab8870ccac0c6e424e34745f74c1e,6031dc4ee08b61c58b35b1efd7d764739d5c7c54dc7cbe9e9a72a1e4a7098596,675a3086cd6c4f2abd63c7d3acd419ca12dbc861,b9974a8f8c017bb8dcd4b62d614209421269020760d78e9d860a074b8cc9561f,38f22f0bfb6730def3b05f56dfc266e7bf5fdaba5c8e496cda893d24fc526799,R2_UM_V2_DEPTH_123_selected,9e480e580d0a5ba4fdb764b56b33519c2712fca7749f6fab1b18dd2f9062d168,development_holdout,P0,33858,0.9053952373620058,0.5575934786461102,0.4859651000479292,0.25629348305977045,0.541217835216561,0.9053952373620057,8325,17432,8101,1.1920928977282585e-07,70db5a685a08071948b98d0a418408f89bf6cd484e9dd2e26f5804ddd0f1b62c,a5000,09b744a319e63ece4f1a7f13b00e341a17c2f53d,compatible/analyze_R2_UM_V2_DEPTH_123_selected__f97530d9776134f6/metrics.csv
new_p3_training,True,tuned,UM_V2_DEPTH,123,R2,3cfd389bbd05ec9201a41c0892e29bf8199198d1b216b9a8061370d4240aa583,bd1488a2d411295d7a2118c50ddcc0b158786123613af1676062e2270d1637d1,9cb89005693b1b70c102178849b740fde00b50c9ba5f3b5530d0e5749ea59837,eca954c21da074c545cb7858315ea39fee0a6f54b19e06474b4f2f91f1666847,8b90aa08a2480ce64e3784f1560ad81adcdab8870ccac0c6e424e34745f74c1e,6031dc4ee08b61c58b35b1efd7d764739d5c7c54dc7cbe9e9a72a1e4a7098596,675a3086cd6c4f2abd63c7d3acd419ca12dbc861,b9974a8f8c017bb8dcd4b62d614209421269020760d78e9d860a074b8cc9561f,38f22f0bfb6730def3b05f56dfc266e7bf5fdaba5c8e496cda893d24fc526799,R2_UM_V2_DEPTH_123_selected,9e480e580d0a5ba4fdb764b56b33519c2712fca7749f6fab1b18dd2f9062d168,development_holdout,P1,32561,0.9048002657139003,0.5569546389852892,0.4892869393407018,0.2639326319536426,0.5414830481695939,0.9046329575930581,8261,16258,8042,1.1920928977282585e-07,d9303d486daeae9cc749c769c795a108f93c675ac28174151a636cf620c04373,a5000,09b744a319e63ece4f1a7f13b00e341a17c2f53d,compatible/analyze_R2_UM_V2_DEPTH_123_selected__f97530d9776134f6/metrics.csv
new_p3_training,True,tuned,UM_V2_DEPTH,123,R2,3cfd389bbd05ec9201a41c0892e29bf8199198d1b216b9a8061370d4240aa583,bd1488a2d411295d7a2118c50ddcc0b158786123613af1676062e2270d1637d1,9cb89005693b1b70c102178849b740fde00b50c9ba5f3b5530d0e5749ea59837,eca954c21da074c545cb7858315ea39fee0a6f54b19e06474b4f2f91f1666847,8b90aa08a2480ce64e3784f1560ad81adcdab8870ccac0c6e424e34745f74c1e,6031dc4ee08b61c58b35b1efd7d764739d5c7c54dc7cbe9e9a72a1e4a7098596,675a3086cd6c4f2abd63c7d3acd419ca12dbc861,b9974a8f8c017bb8dcd4b62d614209421269020760d78e9d860a074b8cc9561f,38f22f0bfb6730def3b05f56dfc266e7bf5fdaba5c8e496cda893d24fc526799,R2_UM_V2_DEPTH_123_selected,9e480e580d0a5ba4fdb764b56b33519c2712fca7749f6fab1b18dd2f9062d168,development_holdout,P2,29403,0.9069505502108428,0.5548413427201306,0.4819312055378459,0.2508245257343017,0.5422159111442881,0.9069505502108428,7280,15057,7066,1.1920928977282585e-07,4b94c438f97717c8ed62640318ae0af1259fcd69aa21daf1db73d8adb873ceb3,a5000,09b744a319e63ece4f1a7f13b00e341a17c2f53d,compatible/analyze_R2_UM_V2_DEPTH_123_selected__f97530d9776134f6/metrics.csv
new_p3_training,True,tuned,UM_V2_DEPTH,123,R2,3cfd389bbd05ec9201a41c0892e29bf8199198d1b216b9a8061370d4240aa583,bd1488a2d411295d7a2118c50ddcc0b158786123613af1676062e2270d1637d1,9cb89005693b1b70c102178849b740fde00b50c9ba5f3b5530d0e5749ea59837,eca954c21da074c545cb7858315ea39fee0a6f54b19e06474b4f2f91f1666847,8b90aa08a2480ce64e3784f1560ad81adcdab8870ccac0c6e424e34745f74c1e,6031dc4ee08b61c58b35b1efd7d764739d5c7c54dc7cbe9e9a72a1e4a7098596,675a3086cd6c4f2abd63c7d3acd419ca12dbc861,b9974a8f8c017bb8dcd4b62d614209421269020760d78e9d860a074b8cc9561f,38f22f0bfb6730def3b05f56dfc266e7bf5fdaba5c8e496cda893d24fc526799,R2_UM_V2_DEPTH_123_selected,9e480e580d0a5ba4fdb764b56b33519c2712fca7749f6fab1b18dd2f9062d168,development_holdout,P3,29027,0.9020247666089156,0.5578254728356358,0.484525109734862,0.2562284908151014,0.5395652032892054,0.9019064477936112,7218,14800,7009,1.1920928977282585e-07,77070f04c903d6eb125a7699bbfe1728867dae1d1700d33b77fbde588247df6e,a5000,09b744a319e63ece4f1a7f13b00e341a17c2f53d,compatible/analyze_R2_UM_V2_DEPTH_123_selected__f97530d9776134f6/metrics.csv
new_p3_training,True,tuned,UM_V2_DEPTH,123,R2,3cfd389bbd05ec9201a41c0892e29bf8199198d1b216b9a8061370d4240aa583,bd1488a2d411295d7a2118c50ddcc0b158786123613af1676062e2270d1637d1,9cb89005693b1b70c102178849b740fde00b50c9ba5f3b5530d0e5749ea59837,eca954c21da074c545cb7858315ea39fee0a6f54b19e06474b4f2f91f1666847,8b90aa08a2480ce64e3784f1560ad81adcdab8870ccac0c6e424e34745f74c1e,6031dc4ee08b61c58b35b1efd7d764739d5c7c54dc7cbe9e9a72a1e4a7098596,675a3086cd6c4f2abd63c7d3acd419ca12dbc861,b9974a8f8c017bb8dcd4b62d614209421269020760d78e9d860a074b8cc9561f,38f22f0bfb6730def3b05f56dfc266e7bf5fdaba5c8e496cda893d24fc526799,R2_UM_V2_DEPTH_123_selected,9e480e580d0a5ba4fdb764b56b33519c2712fca7749f6fab1b18dd2f9062d168,validation,P0,50274,0.9150706704237774,0.5488920714484624,0.48501710293957806,0.25448834950071014,0.5487690363272446,0.9150706704237775,12799,24976,12499,1.1920928977282585e-07,351db49e9397c5aaf1d2ff78be53be487f53d95db418517d0737b61bf998661a,a5000,09b744a319e63ece4f1a7f13b00e341a17c2f53d,compatible/analyze_R2_UM_V2_DEPTH_123_selected__f97530d9776134f6/metrics.csv
new_p3_training,True,tuned,UM_V2_DEPTH,123,R2,3cfd389bbd05ec9201a41c0892e29bf8199198d1b216b9a8061370d4240aa583,bd1488a2d411295d7a2118c50ddcc0b158786123613af1676062e2270d1637d1,9cb89005693b1b70c102178849b740fde00b50c9ba5f3b5530d0e5749ea59837,eca954c21da074c545cb7858315ea39fee0a6f54b19e06474b4f2f91f1666847,8b90aa08a2480ce64e3784f1560ad81adcdab8870ccac0c6e424e34745f74c1e,6031dc4ee08b61c58b35b1efd7d764739d5c7c54dc7cbe9e9a72a1e4a7098596,675a3086cd6c4f2abd63c7d3acd419ca12dbc861,b9974a8f8c017bb8dcd4b62d614209421269020760d78e9d860a074b8cc9561f,38f22f0bfb6730def3b05f56dfc266e7bf5fdaba5c8e496cda893d24fc526799,R2_UM_V2_DEPTH_123_selected,9e480e580d0a5ba4fdb764b56b33519c2712fca7749f6fab1b18dd2f9062d168,validation,P1,48400,0.9154171115059453,0.547396694214876,0.48729958292384695,0.2605372278451669,0.5497764190422156,0.9159928128276564,12696,23291,12413,1.1920928977282585e-07,cc97ad4e897fce10b6b08cef548c9540c1fda18271692a3277337d89bfe87a6a,a5000,09b744a319e63ece4f1a7f13b00e341a17c2f53d,compatible/analyze_R2_UM_V2_DEPTH_123_selected__f97530d9776134f6/metrics.csv
new_p3_training,True,tuned,UM_V2_DEPTH,123,R2,3cfd389bbd05ec9201a41c0892e29bf8199198d1b216b9a8061370d4240aa583,bd1488a2d411295d7a2118c50ddcc0b158786123613af1676062e2270d1637d1,9cb89005693b1b70c102178849b740fde00b50c9ba5f3b5530d0e5749ea59837,eca954c21da074c545cb7858315ea39fee0a6f54b19e06474b4f2f91f1666847,8b90aa08a2480ce64e3784f1560ad81adcdab8870ccac0c6e424e34745f74c1e,6031dc4ee08b61c58b35b1efd7d764739d5c7c54dc7cbe9e9a72a1e4a7098596,675a3086cd6c4f2abd63c7d3acd419ca12dbc861,b9974a8f8c017bb8dcd4b62d614209421269020760d78e9d860a074b8cc9561f,38f22f0bfb6730def3b05f56dfc266e7bf5fdaba5c8e496cda893d24fc526799,R2_UM_V2_DEPTH_123_selected,9e480e580d0a5ba4fdb764b56b33519c2712fca7749f6fab1b18dd2f9062d168,validation,P2,43659,0.9182502603909898,0.5457523076570696,0.4821879698639932,0.25111952699163376,0.5507389039412774,0.9182502603909897,11264,21415,10980,1.1920928977282585e-07,e194637cc71b37d4be4236a10ea9794b4a5c1496d39046931e082af60d40c108,a5000,09b744a319e63ece4f1a7f13b00e341a17c2f53d,compatible/analyze_R2_UM_V2_DEPTH_123_selected__f97530d9776134f6/metrics.csv
new_p3_training,True,tuned,UM_V2_DEPTH,123,R2,3cfd389bbd05ec9201a41c0892e29bf8199198d1b216b9a8061370d4240aa583,bd1488a2d411295d7a2118c50ddcc0b158786123613af1676062e2270d1637d1,9cb89005693b1b70c102178849b740fde00b50c9ba5f3b5530d0e5749ea59837,eca954c21da074c545cb7858315ea39fee0a6f54b19e06474b4f2f91f1666847,8b90aa08a2480ce64e3784f1560ad81adcdab8870ccac0c6e424e34745f74c1e,6031dc4ee08b61c58b35b1efd7d764739d5c7c54dc7cbe9e9a72a1e4a7098596,675a3086cd6c4f2abd63c7d3acd419ca12dbc861,b9974a8f8c017bb8dcd4b62d614209421269020760d78e9d860a074b8cc9561f,38f22f0bfb6730def3b05f56dfc266e7bf5fdaba5c8e496cda893d24fc526799,R2_UM_V2_DEPTH_123_selected,9e480e580d0a5ba4fdb764b56b33519c2712fca7749f6fab1b18dd2f9062d168,validation,P3,43147,0.9138889246012549,0.547987113820196,0.48382029069819366,0.2550766171682852,0.5484816213260381,0.9145328028553628,11162,21089,10896,1.1920928977282585e-07,2e30f2ac6038409f7b01c61bb1e9e2c4b4577584a710c4b40e45c6cafc4c5198,a5000,09b744a319e63ece4f1a7f13b00e341a17c2f53d,compatible/analyze_R2_UM_V2_DEPTH_123_selected__f97530d9776134f6/metrics.csv
new_p3_training,True,tuned,UM_V2_DEPTH,42,R2,3cfd389bbd05ec9201a41c0892e29bf8199198d1b216b9a8061370d4240aa583,bd1488a2d411295d7a2118c50ddcc0b158786123613af1676062e2270d1637d1,9cb89005693b1b70c102178849b740fde00b50c9ba5f3b5530d0e5749ea59837,eca954c21da074c545cb7858315ea39fee0a6f54b19e06474b4f2f91f1666847,8b90aa08a2480ce64e3784f1560ad81adcdab8870ccac0c6e424e34745f74c1e,6031dc4ee08b61c58b35b1efd7d764739d5c7c54dc7cbe9e9a72a1e4a7098596,675a3086cd6c4f2abd63c7d3acd419ca12dbc861,b9974a8f8c017bb8dcd4b62d614209421269020760d78e9d860a074b8cc9561f,6eedcaa8a78d6e6ab723c8eee61e1fd91969585877f7000a655d3a55ce51b943,R2_UM_V2_DEPTH_42_selected,4b0d55554b1a3e77ba25c72fb9812b2cd4b7a14a8be8d2c048eb8069830d5fc6,development_holdout,P0,33858,0.9060610342632294,0.5572981274735661,0.4866450825958472,0.25590136410909226,0.5417680684931774,0.9060610342632294,8325,17432,8101,1.1920928955078125e-07,70db5a685a08071948b98d0a418408f89bf6cd484e9dd2e26f5804ddd0f1b62c,a5000,09b744a319e63ece4f1a7f13b00e341a17c2f53d,compatible/analyze_R2_UM_V2_DEPTH_42_selected__53bc7e899405c600/metrics.csv
new_p3_training,True,tuned,UM_V2_DEPTH,42,R2,3cfd389bbd05ec9201a41c0892e29bf8199198d1b216b9a8061370d4240aa583,bd1488a2d411295d7a2118c50ddcc0b158786123613af1676062e2270d1637d1,9cb89005693b1b70c102178849b740fde00b50c9ba5f3b5530d0e5749ea59837,eca954c21da074c545cb7858315ea39fee0a6f54b19e06474b4f2f91f1666847,8b90aa08a2480ce64e3784f1560ad81adcdab8870ccac0c6e424e34745f74c1e,6031dc4ee08b61c58b35b1efd7d764739d5c7c54dc7cbe9e9a72a1e4a7098596,675a3086cd6c4f2abd63c7d3acd419ca12dbc861,b9974a8f8c017bb8dcd4b62d614209421269020760d78e9d860a074b8cc9561f,6eedcaa8a78d6e6ab723c8eee61e1fd91969585877f7000a655d3a55ce51b943,R2_UM_V2_DEPTH_42_selected,4b0d55554b1a3e77ba25c72fb9812b2cd4b7a14a8be8d2c048eb8069830d5fc6,development_holdout,P1,32561,0.9050406179516072,0.5569546389852892,0.4899536088095037,0.26389254650942223,0.5417620864432918,0.904926302828775,8261,16258,8042,1.1920928955078125e-07,d9303d486daeae9cc749c769c795a108f93c675ac28174151a636cf620c04373,a5000,09b744a319e63ece4f1a7f13b00e341a17c2f53d,compatible/analyze_R2_UM_V2_DEPTH_42_selected__53bc7e899405c600/metrics.csv
new_p3_training,True,tuned,UM_V2_DEPTH,42,R2,3cfd389bbd05ec9201a41c0892e29bf8199198d1b216b9a8061370d4240aa583,bd1488a2d411295d7a2118c50ddcc0b158786123613af1676062e2270d1637d1,9cb89005693b1b70c102178849b740fde00b50c9ba5f3b5530d0e5749ea59837,eca954c21da074c545cb7858315ea39fee0a6f54b19e06474b4f2f91f1666847,8b90aa08a2480ce64e3784f1560ad81adcdab8870ccac0c6e424e34745f74c1e,6031dc4ee08b61c58b35b1efd7d764739d5c7c54dc7cbe9e9a72a1e4a7098596,675a3086cd6c4f2abd63c7d3acd419ca12dbc861,b9974a8f8c017bb8dcd4b62d614209421269020760d78e9d860a074b8cc9561f,6eedcaa8a78d6e6ab723c8eee61e1fd91969585877f7000a655d3a55ce51b943,R2_UM_V2_DEPTH_42_selected,4b0d55554b1a3e77ba25c72fb9812b2cd4b7a14a8be8d2c048eb8069830d5fc6,development_holdout,P2,29403,0.9075604855498391,0.5553174846104139,0.48237280477333594,0.2510738398225569,0.5426590238785761,0.9075604855498389,7280,15057,7066,1.1920928955078125e-07,4b94c438f97717c8ed62640318ae0af1259fcd69aa21daf1db73d8adb873ceb3,a5000,09b744a319e63ece4f1a7f13b00e341a17c2f53d,compatible/analyze_R2_UM_V2_DEPTH_42_selected__53bc7e899405c600/metrics.csv
new_p3_training,True,tuned,UM_V2_DEPTH,42,R2,3cfd389bbd05ec9201a41c0892e29bf8199198d1b216b9a8061370d4240aa583,bd1488a2d411295d7a2118c50ddcc0b158786123613af1676062e2270d1637d1,9cb89005693b1b70c102178849b740fde00b50c9ba5f3b5530d0e5749ea59837,eca954c21da074c545cb7858315ea39fee0a6f54b19e06474b4f2f91f1666847,8b90aa08a2480ce64e3784f1560ad81adcdab8870ccac0c6e424e34745f74c1e,6031dc4ee08b61c58b35b1efd7d764739d5c7c54dc7cbe9e9a72a1e4a7098596,675a3086cd6c4f2abd63c7d3acd419ca12dbc861,b9974a8f8c017bb8dcd4b62d614209421269020760d78e9d860a074b8cc9561f,6eedcaa8a78d6e6ab723c8eee61e1fd91969585877f7000a655d3a55ce51b943,R2_UM_V2_DEPTH_42_selected,4b0d55554b1a3e77ba25c72fb9812b2cd4b7a14a8be8d2c048eb8069830d5fc6,development_holdout,P3,29027,0.9025120912068448,0.5578254728356358,0.4843853699713883,0.25572614057241577,0.5399707831979098,0.9024334891834735,7218,14800,7009,1.1920928955078125e-07,77070f04c903d6eb125a7699bbfe1728867dae1d1700d33b77fbde588247df6e,a5000,09b744a319e63ece4f1a7f13b00e341a17c2f53d,compatible/analyze_R2_UM_V2_DEPTH_42_selected__53bc7e899405c600/metrics.csv
new_p3_training,True,tuned,UM_V2_DEPTH,42,R2,3cfd389bbd05ec9201a41c0892e29bf8199198d1b216b9a8061370d4240aa583,bd1488a2d411295d7a2118c50ddcc0b158786123613af1676062e2270d1637d1,9cb89005693b1b70c102178849b740fde00b50c9ba5f3b5530d0e5749ea59837,eca954c21da074c545cb7858315ea39fee0a6f54b19e06474b4f2f91f1666847,8b90aa08a2480ce64e3784f1560ad81adcdab8870ccac0c6e424e34745f74c1e,6031dc4ee08b61c58b35b1efd7d764739d5c7c54dc7cbe9e9a72a1e4a7098596,675a3086cd6c4f2abd63c7d3acd419ca12dbc861,b9974a8f8c017bb8dcd4b62d614209421269020760d78e9d860a074b8cc9561f,6eedcaa8a78d6e6ab723c8eee61e1fd91969585877f7000a655d3a55ce51b943,R2_UM_V2_DEPTH_42_selected,4b0d55554b1a3e77ba25c72fb9812b2cd4b7a14a8be8d2c048eb8069830d5fc6,validation,P0,50274,0.9155540390662416,0.548812507459124,0.4844443280314749,0.2538039133345761,0.5492270767530444,0.9155540390662417,12799,24976,12499,1.1920928932873665e-07,351db49e9397c5aaf1d2ff78be53be487f53d95db418517d0737b61bf998661a,a5000,09b744a319e63ece4f1a7f13b00e341a17c2f53d,compatible/analyze_R2_UM_V2_DEPTH_42_selected__53bc7e899405c600/metrics.csv
new_p3_training,True,tuned,UM_V2_DEPTH,42,R2,3cfd389bbd05ec9201a41c0892e29bf8199198d1b216b9a8061370d4240aa583,bd1488a2d411295d7a2118c50ddcc0b158786123613af1676062e2270d1637d1,9cb89005693b1b70c102178849b740fde00b50c9ba5f3b5530d0e5749ea59837,eca954c21da074c545cb7858315ea39fee0a6f54b19e06474b4f2f91f1666847,8b90aa08a2480ce64e3784f1560ad81adcdab8870ccac0c6e424e34745f74c1e,6031dc4ee08b61c58b35b1efd7d764739d5c7c54dc7cbe9e9a72a1e4a7098596,675a3086cd6c4f2abd63c7d3acd419ca12dbc861,b9974a8f8c017bb8dcd4b62d614209421269020760d78e9d860a074b8cc9561f,6eedcaa8a78d6e6ab723c8eee61e1fd91969585877f7000a655d3a55ce51b943,R2_UM_V2_DEPTH_42_selected,4b0d55554b1a3e77ba25c72fb9812b2cd4b7a14a8be8d2c048eb8069830d5fc6,validation,P1,48400,0.9153251832503777,0.5476859504132231,0.4869644081719359,0.2604891912788778,0.5498560786106369,0.9159184941073258,12696,23291,12413,1.1920928932873665e-07,cc97ad4e897fce10b6b08cef548c9540c1fda18271692a3277337d89bfe87a6a,a5000,09b744a319e63ece4f1a7f13b00e341a17c2f53d,compatible/analyze_R2_UM_V2_DEPTH_42_selected__53bc7e899405c600/metrics.csv
new_p3_training,True,tuned,UM_V2_DEPTH,42,R2,3cfd389bbd05ec9201a41c0892e29bf8199198d1b216b9a8061370d4240aa583,bd1488a2d411295d7a2118c50ddcc0b158786123613af1676062e2270d1637d1,9cb89005693b1b70c102178849b740fde00b50c9ba5f3b5530d0e5749ea59837,eca954c21da074c545cb7858315ea39fee0a6f54b19e06474b4f2f91f1666847,8b90aa08a2480ce64e3784f1560ad81adcdab8870ccac0c6e424e34745f74c1e,6031dc4ee08b61c58b35b1efd7d764739d5c7c54dc7cbe9e9a72a1e4a7098596,675a3086cd6c4f2abd63c7d3acd419ca12dbc861,b9974a8f8c017bb8dcd4b62d614209421269020760d78e9d860a074b8cc9561f,6eedcaa8a78d6e6ab723c8eee61e1fd91969585877f7000a655d3a55ce51b943,R2_UM_V2_DEPTH_42_selected,4b0d55554b1a3e77ba25c72fb9812b2cd4b7a14a8be8d2c048eb8069830d5fc6,validation,P2,43659,0.9185228367365317,0.5461645937836414,0.48140916500024605,0.25095291695042815,0.5510426248714458,0.9185228367365317,11264,21415,10980,1.1920928932873665e-07,e194637cc71b37d4be4236a10ea9794b4a5c1496d39046931e082af60d40c108,a5000,09b744a319e63ece4f1a7f13b00e341a17c2f53d,compatible/analyze_R2_UM_V2_DEPTH_42_selected__53bc7e899405c600/metrics.csv
new_p3_training,True,tuned,UM_V2_DEPTH,42,R2,3cfd389bbd05ec9201a41c0892e29bf8199198d1b216b9a8061370d4240aa583,bd1488a2d411295d7a2118c50ddcc0b158786123613af1676062e2270d1637d1,9cb89005693b1b70c102178849b740fde00b50c9ba5f3b5530d0e5749ea59837,eca954c21da074c545cb7858315ea39fee0a6f54b19e06474b4f2f91f1666847,8b90aa08a2480ce64e3784f1560ad81adcdab8870ccac0c6e424e34745f74c1e,6031dc4ee08b61c58b35b1efd7d764739d5c7c54dc7cbe9e9a72a1e4a7098596,675a3086cd6c4f2abd63c7d3acd419ca12dbc861,b9974a8f8c017bb8dcd4b62d614209421269020760d78e9d860a074b8cc9561f,6eedcaa8a78d6e6ab723c8eee61e1fd91969585877f7000a655d3a55ce51b943,R2_UM_V2_DEPTH_42_selected,4b0d55554b1a3e77ba25c72fb9812b2cd4b7a14a8be8d2c048eb8069830d5fc6,validation,P3,43147,0.9139249257341917,0.5483347625559135,0.482964950470303,0.254842620996481,0.5486849716139005,0.9145876912338683,11162,21089,10896,1.1920928932873665e-07,2e30f2ac6038409f7b01c61bb1e9e2c4b4577584a710c4b40e45c6cafc4c5198,a5000,09b744a319e63ece4f1a7f13b00e341a17c2f53d,compatible/analyze_R2_UM_V2_DEPTH_42_selected__53bc7e899405c600/metrics.csv
new_p3_training,True,tuned,UM_V2_DEPTH,7,R2,3cfd389bbd05ec9201a41c0892e29bf8199198d1b216b9a8061370d4240aa583,bd1488a2d411295d7a2118c50ddcc0b158786123613af1676062e2270d1637d1,9cb89005693b1b70c102178849b740fde00b50c9ba5f3b5530d0e5749ea59837,eca954c21da074c545cb7858315ea39fee0a6f54b19e06474b4f2f91f1666847,8b90aa08a2480ce64e3784f1560ad81adcdab8870ccac0c6e424e34745f74c1e,6031dc4ee08b61c58b35b1efd7d764739d5c7c54dc7cbe9e9a72a1e4a7098596,675a3086cd6c4f2abd63c7d3acd419ca12dbc861,b9974a8f8c017bb8dcd4b62d614209421269020760d78e9d860a074b8cc9561f,aa748e7e398bb4d14b9afc8d4cf7a5ca8d485890223bfcd717e4bb6e950dd4ea,R2_UM_V2_DEPTH_7_selected,e754fc7f5325bb6c9ba805544db3621477b6e7fcee6cbc5a27b57e36d7002a61,development_holdout,P0,33858,0.905832750366427,0.5573867328253294,0.4858424403112134,0.25471347677395195,0.5415370815202204,0.9058327503664269,8325,17432,8101,1.1920928966180355e-07,70db5a685a08071948b98d0a418408f89bf6cd484e9dd2e26f5804ddd0f1b62c,a5000,09b744a319e63ece4f1a7f13b00e341a17c2f53d,compatible/analyze_R2_UM_V2_DEPTH_7_selected__d89a9245538b3bce/metrics.csv
new_p3_training,True,tuned,UM_V2_DEPTH,7,R2,3cfd389bbd05ec9201a41c0892e29bf8199198d1b216b9a8061370d4240aa583,bd1488a2d411295d7a2118c50ddcc0b158786123613af1676062e2270d1637d1,9cb89005693b1b70c102178849b740fde00b50c9ba5f3b5530d0e5749ea59837,eca954c21da074c545cb7858315ea39fee0a6f54b19e06474b4f2f91f1666847,8b90aa08a2480ce64e3784f1560ad81adcdab8870ccac0c6e424e34745f74c1e,6031dc4ee08b61c58b35b1efd7d764739d5c7c54dc7cbe9e9a72a1e4a7098596,675a3086cd6c4f2abd63c7d3acd419ca12dbc861,b9974a8f8c017bb8dcd4b62d614209421269020760d78e9d860a074b8cc9561f,aa748e7e398bb4d14b9afc8d4cf7a5ca8d485890223bfcd717e4bb6e950dd4ea,R2_UM_V2_DEPTH_7_selected,e754fc7f5325bb6c9ba805544db3621477b6e7fcee6cbc5a27b57e36d7002a61,development_holdout,P1,32561,0.9049005525369909,0.5567396578729155,0.4890470953845319,0.26247443859360825,0.541668658430632,0.9047372679911265,8261,16258,8042,1.1920928966180355e-07,d9303d486daeae9cc749c769c795a108f93c675ac28174151a636cf620c04373,a5000,09b744a319e63ece4f1a7f13b00e341a17c2f53d,compatible/analyze_R2_UM_V2_DEPTH_7_selected__d89a9245538b3bce/metrics.csv
new_p3_training,True,tuned,UM_V2_DEPTH,7,R2,3cfd389bbd05ec9201a41c0892e29bf8199198d1b216b9a8061370d4240aa583,bd1488a2d411295d7a2118c50ddcc0b158786123613af1676062e2270d1637d1,9cb89005693b1b70c102178849b740fde00b50c9ba5f3b5530d0e5749ea59837,eca954c21da074c545cb7858315ea39fee0a6f54b19e06474b4f2f91f1666847,8b90aa08a2480ce64e3784f1560ad81adcdab8870ccac0c6e424e34745f74c1e,6031dc4ee08b61c58b35b1efd7d764739d5c7c54dc7cbe9e9a72a1e4a7098596,675a3086cd6c4f2abd63c7d3acd419ca12dbc861,b9974a8f8c017bb8dcd4b62d614209421269020760d78e9d860a074b8cc9561f,aa748e7e398bb4d14b9afc8d4cf7a5ca8d485890223bfcd717e4bb6e950dd4ea,R2_UM_V2_DEPTH_7_selected,e754fc7f5325bb6c9ba805544db3621477b6e7fcee6cbc5a27b57e36d7002a61,development_holdout,P2,29403,0.9073778323613415,0.554467231234908,0.480855615053527,0.24862381237045256,0.5425241840471443,0.9073778323613415,7280,15057,7066,1.1920928966180355e-07,4b94c438f97717c8ed62640318ae0af1259fcd69aa21daf1db73d8adb873ceb3,a5000,09b744a319e63ece4f1a7f13b00e341a17c2f53d,compatible/analyze_R2_UM_V2_DEPTH_7_selected__d89a9245538b3bce/metrics.csv
new_p3_training,True,tuned,UM_V2_DEPTH,7,R2,3cfd389bbd05ec9201a41c0892e29bf8199198d1b216b9a8061370d4240aa583,bd1488a2d411295d7a2118c50ddcc0b158786123613af1676062e2270d1637d1,9cb89005693b1b70c102178849b740fde00b50c9ba5f3b5530d0e5749ea59837,eca954c21da074c545cb7858315ea39fee0a6f54b19e06474b4f2f91f1666847,8b90aa08a2480ce64e3784f1560ad81adcdab8870ccac0c6e424e34745f74c1e,6031dc4ee08b61c58b35b1efd7d764739d5c7c54dc7cbe9e9a72a1e4a7098596,675a3086cd6c4f2abd63c7d3acd419ca12dbc861,b9974a8f8c017bb8dcd4b62d614209421269020760d78e9d860a074b8cc9561f,aa748e7e398bb4d14b9afc8d4cf7a5ca8d485890223bfcd717e4bb6e950dd4ea,R2_UM_V2_DEPTH_7_selected,e754fc7f5325bb6c9ba805544db3621477b6e7fcee6cbc5a27b57e36d7002a61,development_holdout,P3,29027,0.9021585319379147,0.5571709098425603,0.48310104876534515,0.2536297202032547,0.5398045028768885,0.902042555611532,7218,14800,7009,1.1920928966180355e-07,77070f04c903d6eb125a7699bbfe1728867dae1d1700d33b77fbde588247df6e,a5000,09b744a319e63ece4f1a7f13b00e341a17c2f53d,compatible/analyze_R2_UM_V2_DEPTH_7_selected__d89a9245538b3bce/metrics.csv
new_p3_training,True,tuned,UM_V2_DEPTH,7,R2,3cfd389bbd05ec9201a41c0892e29bf8199198d1b216b9a8061370d4240aa583,bd1488a2d411295d7a2118c50ddcc0b158786123613af1676062e2270d1637d1,9cb89005693b1b70c102178849b740fde00b50c9ba5f3b5530d0e5749ea59837,eca954c21da074c545cb7858315ea39fee0a6f54b19e06474b4f2f91f1666847,8b90aa08a2480ce64e3784f1560ad81adcdab8870ccac0c6e424e34745f74c1e,6031dc4ee08b61c58b35b1efd7d764739d5c7c54dc7cbe9e9a72a1e4a7098596,675a3086cd6c4f2abd63c7d3acd419ca12dbc861,b9974a8f8c017bb8dcd4b62d614209421269020760d78e9d860a074b8cc9561f,aa748e7e398bb4d14b9afc8d4cf7a5ca8d485890223bfcd717e4bb6e950dd4ea,R2_UM_V2_DEPTH_7_selected,e754fc7f5325bb6c9ba805544db3621477b6e7fcee6cbc5a27b57e36d7002a61,validation,P0,50274,0.9166465410528417,0.5485738154911087,0.48348871226339857,0.25236482606671945,0.5494855750244724,0.9166465410528416,12799,24976,12499,1.1920928932873665e-07,351db49e9397c5aaf1d2ff78be53be487f53d95db418517d0737b61bf998661a,a5000,09b744a319e63ece4f1a7f13b00e341a17c2f53d,compatible/analyze_R2_UM_V2_DEPTH_7_selected__d89a9245538b3bce/metrics.csv
new_p3_training,True,tuned,UM_V2_DEPTH,7,R2,3cfd389bbd05ec9201a41c0892e29bf8199198d1b216b9a8061370d4240aa583,bd1488a2d411295d7a2118c50ddcc0b158786123613af1676062e2270d1637d1,9cb89005693b1b70c102178849b740fde00b50c9ba5f3b5530d0e5749ea59837,eca954c21da074c545cb7858315ea39fee0a6f54b19e06474b4f2f91f1666847,8b90aa08a2480ce64e3784f1560ad81adcdab8870ccac0c6e424e34745f74c1e,6031dc4ee08b61c58b35b1efd7d764739d5c7c54dc7cbe9e9a72a1e4a7098596,675a3086cd6c4f2abd63c7d3acd419ca12dbc861,b9974a8f8c017bb8dcd4b62d614209421269020760d78e9d860a074b8cc9561f,aa748e7e398bb4d14b9afc8d4cf7a5ca8d485890223bfcd717e4bb6e950dd4ea,R2_UM_V2_DEPTH_7_selected,e754fc7f5325bb6c9ba805544db3621477b6e7fcee6cbc5a27b57e36d7002a61,validation,P1,48400,0.9166557054448446,0.5470661157024793,0.4856874172368824,0.2586400055125161,0.5503649753209588,0.9172914353743761,12696,23291,12413,1.1920928932873665e-07,cc97ad4e897fce10b6b08cef548c9540c1fda18271692a3277337d89bfe87a6a,a5000,09b744a319e63ece4f1a7f13b00e341a17c2f53d,compatible/analyze_R2_UM_V2_DEPTH_7_selected__d89a9245538b3bce/metrics.csv
new_p3_training,True,tuned,UM_V2_DEPTH,7,R2,3cfd389bbd05ec9201a41c0892e29bf8199198d1b216b9a8061370d4240aa583,bd1488a2d411295d7a2118c50ddcc0b158786123613af1676062e2270d1637d1,9cb89005693b1b70c102178849b740fde00b50c9ba5f3b5530d0e5749ea59837,eca954c21da074c545cb7858315ea39fee0a6f54b19e06474b4f2f91f1666847,8b90aa08a2480ce64e3784f1560ad81adcdab8870ccac0c6e424e34745f74c1e,6031dc4ee08b61c58b35b1efd7d764739d5c7c54dc7cbe9e9a72a1e4a7098596,675a3086cd6c4f2abd63c7d3acd419ca12dbc861,b9974a8f8c017bb8dcd4b62d614209421269020760d78e9d860a074b8cc9561f,aa748e7e398bb4d14b9afc8d4cf7a5ca8d485890223bfcd717e4bb6e950dd4ea,R2_UM_V2_DEPTH_7_selected,e754fc7f5325bb6c9ba805544db3621477b6e7fcee6cbc5a27b57e36d7002a61,validation,P2,43659,0.919554053772678,0.5457752124418791,0.48060817581754683,0.2495272714896146,0.5512889173853738,0.9195540537726781,11264,21415,10980,1.1920928932873665e-07,e194637cc71b37d4be4236a10ea9794b4a5c1496d39046931e082af60d40c108,a5000,09b744a319e63ece4f1a7f13b00e341a17c2f53d,compatible/analyze_R2_UM_V2_DEPTH_7_selected__d89a9245538b3bce/metrics.csv
new_p3_training,True,tuned,UM_V2_DEPTH,7,R2,3cfd389bbd05ec9201a41c0892e29bf8199198d1b216b9a8061370d4240aa583,bd1488a2d411295d7a2118c50ddcc0b158786123613af1676062e2270d1637d1,9cb89005693b1b70c102178849b740fde00b50c9ba5f3b5530d0e5749ea59837,eca954c21da074c545cb7858315ea39fee0a6f54b19e06474b4f2f91f1666847,8b90aa08a2480ce64e3784f1560ad81adcdab8870ccac0c6e424e34745f74c1e,6031dc4ee08b61c58b35b1efd7d764739d5c7c54dc7cbe9e9a72a1e4a7098596,675a3086cd6c4f2abd63c7d3acd419ca12dbc861,b9974a8f8c017bb8dcd4b62d614209421269020760d78e9d860a074b8cc9561f,aa748e7e398bb4d14b9afc8d4cf7a5ca8d485890223bfcd717e4bb6e950dd4ea,R2_UM_V2_DEPTH_7_selected,e754fc7f5325bb6c9ba805544db3621477b6e7fcee6cbc5a27b57e36d7002a61,validation,P3,43147,0.9148018071703082,0.5480334669849584,0.4821453854013446,0.2535543743566456,0.548900441085108,0.9155336250651596,11162,21089,10896,1.1920928932873665e-07,2e30f2ac6038409f7b01c61bb1e9e2c4b4577584a710c4b40e45c6cafc4c5198,a5000,09b744a319e63ece4f1a7f13b00e341a17c2f53d,compatible/analyze_R2_UM_V2_DEPTH_7_selected__d89a9245538b3bce/metrics.csv
new_p3_training,True,tuned,UM_V2_DEPTH,123,R3,3cfd389bbd05ec9201a41c0892e29bf8199198d1b216b9a8061370d4240aa583,bd1488a2d411295d7a2118c50ddcc0b158786123613af1676062e2270d1637d1,9cb89005693b1b70c102178849b740fde00b50c9ba5f3b5530d0e5749ea59837,eca954c21da074c545cb7858315ea39fee0a6f54b19e06474b4f2f91f1666847,c40aaf80f5be3be16016d797963cb563e35b93083df451f9827f99cfadc3c898,6031dc4ee08b61c58b35b1efd7d764739d5c7c54dc7cbe9e9a72a1e4a7098596,675a3086cd6c4f2abd63c7d3acd419ca12dbc861,b9974a8f8c017bb8dcd4b62d614209421269020760d78e9d860a074b8cc9561f,c5673559072bb1451ca95a24e42afd26d53cdcf66112acbb125da494524f7cad,R3_UM_V2_DEPTH_123_selected,c3dda1179f63b35684f587ac2793ac66a15e4173fb38b392d2b28e58a940f748,development_holdout,P0,33858,0.9483511398476169,0.5313958296414437,0.4737124498772795,0.23770854024180577,0.5689549960734798,0.948351139847617,8855,16319,8684,1.1920928977282585e-07,3b5a039342a119a0473afefb0f6e1dfbc9afa0fa416203e4f2ee1e684113a26e,a5000,09b744a319e63ece4f1a7f13b00e341a17c2f53d,compatible/analyze_R3_UM_V2_DEPTH_123_selected__b16075ea524df28f/metrics.csv
new_p3_training,True,tuned,UM_V2_DEPTH,123,R3,3cfd389bbd05ec9201a41c0892e29bf8199198d1b216b9a8061370d4240aa583,bd1488a2d411295d7a2118c50ddcc0b158786123613af1676062e2270d1637d1,9cb89005693b1b70c102178849b740fde00b50c9ba5f3b5530d0e5749ea59837,eca954c21da074c545cb7858315ea39fee0a6f54b19e06474b4f2f91f1666847,c40aaf80f5be3be16016d797963cb563e35b93083df451f9827f99cfadc3c898,6031dc4ee08b61c58b35b1efd7d764739d5c7c54dc7cbe9e9a72a1e4a7098596,675a3086cd6c4f2abd63c7d3acd419ca12dbc861,b9974a8f8c017bb8dcd4b62d614209421269020760d78e9d860a074b8cc9561f,c5673559072bb1451ca95a24e42afd26d53cdcf66112acbb125da494524f7cad,R3_UM_V2_DEPTH_123_selected,c3dda1179f63b35684f587ac2793ac66a15e4173fb38b392d2b28e58a940f748,development_holdout,P1,32038,0.9419001866206808,0.5348024221237281,0.4801170990779326,0.25274690361283525,0.5660343621354539,0.9434404777718485,8689,14807,8542,1.1920928977282585e-07,c15ee161f2a2ba6372f22252c56d96e82feda1956f5be311873865a9371fe890,a5000,09b744a319e63ece4f1a7f13b00e341a17c2f53d,compatible/analyze_R3_UM_V2_DEPTH_123_selected__b16075ea524df28f/metrics.csv
new_p3_training,True,tuned,UM_V2_DEPTH,123,R3,3cfd389bbd05ec9201a41c0892e29bf8199198d1b216b9a8061370d4240aa583,bd1488a2d411295d7a2118c50ddcc0b158786123613af1676062e2270d1637d1,9cb89005693b1b70c102178849b740fde00b50c9ba5f3b5530d0e5749ea59837,eca954c21da074c545cb7858315ea39fee0a6f54b19e06474b4f2f91f1666847,c40aaf80f5be3be16016d797963cb563e35b93083df451f9827f99cfadc3c898,6031dc4ee08b61c58b35b1efd7d764739d5c7c54dc7cbe9e9a72a1e4a7098596,675a3086cd6c4f2abd63c7d3acd419ca12dbc861,b9974a8f8c017bb8dcd4b62d614209421269020760d78e9d860a074b8cc9561f,c5673559072bb1451ca95a24e42afd26d53cdcf66112acbb125da494524f7cad,R3_UM_V2_DEPTH_123_selected,c3dda1179f63b35684f587ac2793ac66a15e4173fb38b392d2b28e58a940f748,development_holdout,P2,29403,0.9502636129309846,0.5313743495561677,0.4733006667541748,0.2376686031908292,0.5699485532826589,0.9502636129309846,7734,14046,7623,1.1920928977282585e-07,162ca98a58d310271f2279c08752fe9105cc24fa70393bb77bf79db85e6db31c,a5000,09b744a319e63ece4f1a7f13b00e341a17c2f53d,compatible/analyze_R3_UM_V2_DEPTH_123_selected__b16075ea524df28f/metrics.csv
new_p3_training,True,tuned,UM_V2_DEPTH,123,R3,3cfd389bbd05ec9201a41c0892e29bf8199198d1b216b9a8061370d4240aa583,bd1488a2d411295d7a2118c50ddcc0b158786123613af1676062e2270d1637d1,9cb89005693b1b70c102178849b740fde00b50c9ba5f3b5530d0e5749ea59837,eca954c21da074c545cb7858315ea39fee0a6f54b19e06474b4f2f91f1666847,c40aaf80f5be3be16016d797963cb563e35b93083df451f9827f99cfadc3c898,6031dc4ee08b61c58b35b1efd7d764739d5c7c54dc7cbe9e9a72a1e4a7098596,675a3086cd6c4f2abd63c7d3acd419ca12dbc861,b9974a8f8c017bb8dcd4b62d614209421269020760d78e9d860a074b8cc9561f,c5673559072bb1451ca95a24e42afd26d53cdcf66112acbb125da494524f7cad,R3_UM_V2_DEPTH_123_selected,c3dda1179f63b35684f587ac2793ac66a15e4173fb38b392d2b28e58a940f748,development_holdout,P3,28540,0.9399841716960236,0.5371758934828311,0.47836392463943317,0.24898310472326268,0.5644678938398268,0.9415582850771032,7575,13475,7490,1.1920928977282585e-07,e91390053ed14110a94b2fb9d722e1c89c582c7766551be1f756d4b39ebbcadb,a5000,09b744a319e63ece4f1a7f13b00e341a17c2f53d,compatible/analyze_R3_UM_V2_DEPTH_123_selected__b16075ea524df28f/metrics.csv
new_p3_training,True,tuned,UM_V2_DEPTH,123,R3,3cfd389bbd05ec9201a41c0892e29bf8199198d1b216b9a8061370d4240aa583,bd1488a2d411295d7a2118c50ddcc0b158786123613af1676062e2270d1637d1,9cb89005693b1b70c102178849b740fde00b50c9ba5f3b5530d0e5749ea59837,eca954c21da074c545cb7858315ea39fee0a6f54b19e06474b4f2f91f1666847,c40aaf80f5be3be16016d797963cb563e35b93083df451f9827f99cfadc3c898,6031dc4ee08b61c58b35b1efd7d764739d5c7c54dc7cbe9e9a72a1e4a7098596,675a3086cd6c4f2abd63c7d3acd419ca12dbc861,b9974a8f8c017bb8dcd4b62d614209421269020760d78e9d860a074b8cc9561f,c5673559072bb1451ca95a24e42afd26d53cdcf66112acbb125da494524f7cad,R3_UM_V2_DEPTH_123_selected,c3dda1179f63b35684f587ac2793ac66a15e4173fb38b392d2b28e58a940f748,validation,P0,50274,0.9132683240095827,0.5494291283764968,0.4803123264791575,0.2503022458534009,0.5469581556842827,0.9132683240095827,12678,25349,12247,1.1920928977282585e-07,e6ffae846de203e716f5b60657dd3c3afb7d3390870a57a815ab55b686b3f526,a5000,09b744a319e63ece4f1a7f13b00e341a17c2f53d,compatible/analyze_R3_UM_V2_DEPTH_123_selected__b16075ea524df28f/metrics.csv
new_p3_training,True,tuned,UM_V2_DEPTH,123,R3,3cfd389bbd05ec9201a41c0892e29bf8199198d1b216b9a8061370d4240aa583,bd1488a2d411295d7a2118c50ddcc0b158786123613af1676062e2270d1637d1,9cb89005693b1b70c102178849b740fde00b50c9ba5f3b5530d0e5749ea59837,eca954c21da074c545cb7858315ea39fee0a6f54b19e06474b4f2f91f1666847,c40aaf80f5be3be16016d797963cb563e35b93083df451f9827f99cfadc3c898,6031dc4ee08b61c58b35b1efd7d764739d5c7c54dc7cbe9e9a72a1e4a7098596,675a3086cd6c4f2abd63c7d3acd419ca12dbc861,b9974a8f8c017bb8dcd4b62d614209421269020760d78e9d860a074b8cc9561f,c5673559072bb1451ca95a24e42afd26d53cdcf66112acbb125da494524f7cad,R3_UM_V2_DEPTH_123_selected,c3dda1179f63b35684f587ac2793ac66a15e4173fb38b392d2b28e58a940f748,validation,P1,48331,0.9129051271994388,0.5488816701495934,0.4835506234449349,0.2581965016536489,0.5473827882798826,0.9128743035711554,12578,23596,12157,1.1920928977282585e-07,52ffe49bb0941073b0ffc3a87504ad691263fbdb77ce6465a992afc825a341f1,a5000,09b744a319e63ece4f1a7f13b00e341a17c2f53d,compatible/analyze_R3_UM_V2_DEPTH_123_selected__b16075ea524df28f/metrics.csv
new_p3_training,True,tuned,UM_V2_DEPTH,123,R3,3cfd389bbd05ec9201a41c0892e29bf8199198d1b216b9a8061370d4240aa583,bd1488a2d411295d7a2118c50ddcc0b158786123613af1676062e2270d1637d1,9cb89005693b1b70c102178849b740fde00b50c9ba5f3b5530d0e5749ea59837,eca954c21da074c545cb7858315ea39fee0a6f54b19e06474b4f2f91f1666847,c40aaf80f5be3be16016d797963cb563e35b93083df451f9827f99cfadc3c898,6031dc4ee08b61c58b35b1efd7d764739d5c7c54dc7cbe9e9a72a1e4a7098596,675a3086cd6c4f2abd63c7d3acd419ca12dbc861,b9974a8f8c017bb8dcd4b62d614209421269020760d78e9d860a074b8cc9561f,c5673559072bb1451ca95a24e42afd26d53cdcf66112acbb125da494524f7cad,R3_UM_V2_DEPTH_123_selected,c3dda1179f63b35684f587ac2793ac66a15e4173fb38b392d2b28e58a940f748,validation,P2,43659,0.9151575204138306,0.5471724043152615,0.4770389029104111,0.24613545630249717,0.5481995717885411,0.9151575204138308,11118,21829,10712,1.1920928977282585e-07,acfbe6fddc0dcd7e153fdf12d599e984cdc3aafeda60265c358c1c265613e39c,a5000,09b744a319e63ece4f1a7f13b00e341a17c2f53d,compatible/analyze_R3_UM_V2_DEPTH_123_selected__b16075ea524df28f/metrics.csv
new_p3_training,True,tuned,UM_V2_DEPTH,123,R3,3cfd389bbd05ec9201a41c0892e29bf8199198d1b216b9a8061370d4240aa583,bd1488a2d411295d7a2118c50ddcc0b158786123613af1676062e2270d1637d1,9cb89005693b1b70c102178849b740fde00b50c9ba5f3b5530d0e5749ea59837,eca954c21da074c545cb7858315ea39fee0a6f54b19e06474b4f2f91f1666847,c40aaf80f5be3be16016d797963cb563e35b93083df451f9827f99cfadc3c898,6031dc4ee08b61c58b35b1efd7d764739d5c7c54dc7cbe9e9a72a1e4a7098596,675a3086cd6c4f2abd63c7d3acd419ca12dbc861,b9974a8f8c017bb8dcd4b62d614209421269020760d78e9d860a074b8cc9561f,c5673559072bb1451ca95a24e42afd26d53cdcf66112acbb125da494524f7cad,R3_UM_V2_DEPTH_123_selected,c3dda1179f63b35684f587ac2793ac66a15e4173fb38b392d2b28e58a940f748,validation,P3,43085,0.9105457888621501,0.5495648137402809,0.4791288082261298,0.2507676772411588,0.5457633523063908,0.9105641148772309,11020,21441,10624,1.1920928977282585e-07,d36315d44e40b39380b3635d00220393a45e106e5cf35568c394eba40972f962,a5000,09b744a319e63ece4f1a7f13b00e341a17c2f53d,compatible/analyze_R3_UM_V2_DEPTH_123_selected__b16075ea524df28f/metrics.csv
new_p3_training,True,tuned,UM_V2_DEPTH,42,R3,3cfd389bbd05ec9201a41c0892e29bf8199198d1b216b9a8061370d4240aa583,bd1488a2d411295d7a2118c50ddcc0b158786123613af1676062e2270d1637d1,9cb89005693b1b70c102178849b740fde00b50c9ba5f3b5530d0e5749ea59837,eca954c21da074c545cb7858315ea39fee0a6f54b19e06474b4f2f91f1666847,c40aaf80f5be3be16016d797963cb563e35b93083df451f9827f99cfadc3c898,6031dc4ee08b61c58b35b1efd7d764739d5c7c54dc7cbe9e9a72a1e4a7098596,675a3086cd6c4f2abd63c7d3acd419ca12dbc861,b9974a8f8c017bb8dcd4b62d614209421269020760d78e9d860a074b8cc9561f,0382a18dc8f64a3457573593584b08432a0ff643edfe20a924dda261813a903f,R3_UM_V2_DEPTH_42_selected,9004c5ca7a36a74dfaa3fed9d3bcefbb42a9559cfce275515c6b0d576b0dee4d,development_holdout,P0,33858,0.9463690025181047,0.5316025754622246,0.4718547906084854,0.23468464201633993,0.5679836254103439,0.9463690025181047,8855,16319,8684,1.1920928955078125e-07,3b5a039342a119a0473afefb0f6e1dfbc9afa0fa416203e4f2ee1e684113a26e,a5000,09b744a319e63ece4f1a7f13b00e341a17c2f53d,compatible/analyze_R3_UM_V2_DEPTH_42_selected__4ecadfdf4f86dab4/metrics.csv
new_p3_training,True,tuned,UM_V2_DEPTH,42,R3,3cfd389bbd05ec9201a41c0892e29bf8199198d1b216b9a8061370d4240aa583,bd1488a2d411295d7a2118c50ddcc0b158786123613af1676062e2270d1637d1,9cb89005693b1b70c102178849b740fde00b50c9ba5f3b5530d0e5749ea59837,eca954c21da074c545cb7858315ea39fee0a6f54b19e06474b4f2f91f1666847,c40aaf80f5be3be16016d797963cb563e35b93083df451f9827f99cfadc3c898,6031dc4ee08b61c58b35b1efd7d764739d5c7c54dc7cbe9e9a72a1e4a7098596,675a3086cd6c4f2abd63c7d3acd419ca12dbc861,b9974a8f8c017bb8dcd4b62d614209421269020760d78e9d860a074b8cc9561f,0382a18dc8f64a3457573593584b08432a0ff643edfe20a924dda261813a903f,R3_UM_V2_DEPTH_42_selected,9004c5ca7a36a74dfaa3fed9d3bcefbb42a9559cfce275515c6b0d576b0dee4d,development_holdout,P1,32038,0.9400827568264283,0.5346775703851676,0.4779899599190765,0.2500139225975425,0.5653007215294333,0.9417020879941487,8689,14807,8542,1.1920928955078125e-07,c15ee161f2a2ba6372f22252c56d96e82feda1956f5be311873865a9371fe890,a5000,09b744a319e63ece4f1a7f13b00e341a17c2f53d,compatible/analyze_R3_UM_V2_DEPTH_42_selected__4ecadfdf4f86dab4/metrics.csv
new_p3_training,True,tuned,UM_V2_DEPTH,42,R3,3cfd389bbd05ec9201a41c0892e29bf8199198d1b216b9a8061370d4240aa583,bd1488a2d411295d7a2118c50ddcc0b158786123613af1676062e2270d1637d1,9cb89005693b1b70c102178849b740fde00b50c9ba5f3b5530d0e5749ea59837,eca954c21da074c545cb7858315ea39fee0a6f54b19e06474b4f2f91f1666847,c40aaf80f5be3be16016d797963cb563e35b93083df451f9827f99cfadc3c898,6031dc4ee08b61c58b35b1efd7d764739d5c7c54dc7cbe9e9a72a1e4a7098596,675a3086cd6c4f2abd63c7d3acd419ca12dbc861,b9974a8f8c017bb8dcd4b62d614209421269020760d78e9d860a074b8cc9561f,0382a18dc8f64a3457573593584b08432a0ff643edfe20a924dda261813a903f,R3_UM_V2_DEPTH_42_selected,9004c5ca7a36a74dfaa3fed9d3bcefbb42a9559cfce275515c6b0d576b0dee4d,development_holdout,P2,29403,0.9484235346657957,0.5303200353705404,0.469897270903805,0.23300775771572524,0.5691575315163833,0.9484235346657955,7734,14046,7623,1.043081285789782e-07,162ca98a58d310271f2279c08752fe9105cc24fa70393bb77bf79db85e6db31c,a5000,09b744a319e63ece4f1a7f13b00e341a17c2f53d,compatible/analyze_R3_UM_V2_DEPTH_42_selected__4ecadfdf4f86dab4/metrics.csv
new_p3_training,True,tuned,UM_V2_DEPTH,42,R3,3cfd389bbd05ec9201a41c0892e29bf8199198d1b216b9a8061370d4240aa583,bd1488a2d411295d7a2118c50ddcc0b158786123613af1676062e2270d1637d1,9cb89005693b1b70c102178849b740fde00b50c9ba5f3b5530d0e5749ea59837,eca954c21da074c545cb7858315ea39fee0a6f54b19e06474b4f2f91f1666847,c40aaf80f5be3be16016d797963cb563e35b93083df451f9827f99cfadc3c898,6031dc4ee08b61c58b35b1efd7d764739d5c7c54dc7cbe9e9a72a1e4a7098596,675a3086cd6c4f2abd63c7d3acd419ca12dbc861,b9974a8f8c017bb8dcd4b62d614209421269020760d78e9d860a074b8cc9561f,0382a18dc8f64a3457573593584b08432a0ff643edfe20a924dda261813a903f,R3_UM_V2_DEPTH_42_selected,9004c5ca7a36a74dfaa3fed9d3bcefbb42a9559cfce275515c6b0d576b0dee4d,development_holdout,P3,28540,0.9379333685494727,0.5362648913805186,0.47490356208114887,0.24480292790867397,0.5635827306076496,0.9396458443139495,7575,13475,7490,1.043081285789782e-07,e91390053ed14110a94b2fb9d722e1c89c582c7766551be1f756d4b39ebbcadb,a5000,09b744a319e63ece4f1a7f13b00e341a17c2f53d,compatible/analyze_R3_UM_V2_DEPTH_42_selected__4ecadfdf4f86dab4/metrics.csv
new_p3_training,True,tuned,UM_V2_DEPTH,42,R3,3cfd389bbd05ec9201a41c0892e29bf8199198d1b216b9a8061370d4240aa583,bd1488a2d411295d7a2118c50ddcc0b158786123613af1676062e2270d1637d1,9cb89005693b1b70c102178849b740fde00b50c9ba5f3b5530d0e5749ea59837,eca954c21da074c545cb7858315ea39fee0a6f54b19e06474b4f2f91f1666847,c40aaf80f5be3be16016d797963cb563e35b93083df451f9827f99cfadc3c898,6031dc4ee08b61c58b35b1efd7d764739d5c7c54dc7cbe9e9a72a1e4a7098596,675a3086cd6c4f2abd63c7d3acd419ca12dbc861,b9974a8f8c017bb8dcd4b62d614209421269020760d78e9d860a074b8cc9561f,0382a18dc8f64a3457573593584b08432a0ff643edfe20a924dda261813a903f,R3_UM_V2_DEPTH_42_selected,9004c5ca7a36a74dfaa3fed9d3bcefbb42a9559cfce275515c6b0d576b0dee4d,validation,P0,50274,0.9132827380796905,0.5536261288140988,0.4821552636513296,0.253734941415648,0.5466094537847582,0.9132827380796905,12678,25349,12247,1.1920928955078125e-07,e6ffae846de203e716f5b60657dd3c3afb7d3390870a57a815ab55b686b3f526,a5000,09b744a319e63ece4f1a7f13b00e341a17c2f53d,compatible/analyze_R3_UM_V2_DEPTH_42_selected__4ecadfdf4f86dab4/metrics.csv
new_p3_training,True,tuned,UM_V2_DEPTH,42,R3,3cfd389bbd05ec9201a41c0892e29bf8199198d1b216b9a8061370d4240aa583,bd1488a2d411295d7a2118c50ddcc0b158786123613af1676062e2270d1637d1,9cb89005693b1b70c102178849b740fde00b50c9ba5f3b5530d0e5749ea59837,eca954c21da074c545cb7858315ea39fee0a6f54b19e06474b4f2f91f1666847,c40aaf80f5be3be16016d797963cb563e35b93083df451f9827f99cfadc3c898,6031dc4ee08b61c58b35b1efd7d764739d5c7c54dc7cbe9e9a72a1e4a7098596,675a3086cd6c4f2abd63c7d3acd419ca12dbc861,b9974a8f8c017bb8dcd4b62d614209421269020760d78e9d860a074b8cc9561f,0382a18dc8f64a3457573593584b08432a0ff643edfe20a924dda261813a903f,R3_UM_V2_DEPTH_42_selected,9004c5ca7a36a74dfaa3fed9d3bcefbb42a9559cfce275515c6b0d576b0dee4d,validation,P1,48331,0.9128030097514217,0.5524404626430242,0.4849570008121713,0.2612316514220494,0.5471323632587439,0.9128569961814199,12578,23596,12157,1.1920928955078125e-07,52ffe49bb0941073b0ffc3a87504ad691263fbdb77ce6465a992afc825a341f1,a5000,09b744a319e63ece4f1a7f13b00e341a17c2f53d,compatible/analyze_R3_UM_V2_DEPTH_42_selected__4ecadfdf4f86dab4/metrics.csv
new_p3_training,True,tuned,UM_V2_DEPTH,42,R3,3cfd389bbd05ec9201a41c0892e29bf8199198d1b216b9a8061370d4240aa583,bd1488a2d411295d7a2118c50ddcc0b158786123613af1676062e2270d1637d1,9cb89005693b1b70c102178849b740fde00b50c9ba5f3b5530d0e5749ea59837,eca954c21da074c545cb7858315ea39fee0a6f54b19e06474b4f2f91f1666847,c40aaf80f5be3be16016d797963cb563e35b93083df451f9827f99cfadc3c898,6031dc4ee08b61c58b35b1efd7d764739d5c7c54dc7cbe9e9a72a1e4a7098596,675a3086cd6c4f2abd63c7d3acd419ca12dbc861,b9974a8f8c017bb8dcd4b62d614209421269020760d78e9d860a074b8cc9561f,0382a18dc8f64a3457573593584b08432a0ff643edfe20a924dda261813a903f,R3_UM_V2_DEPTH_42_selected,9004c5ca7a36a74dfaa3fed9d3bcefbb42a9559cfce275515c6b0d576b0dee4d,validation,P2,43659,0.915672062154508,0.5506081220366935,0.47832283129709063,0.2489141651945011,0.5482031431833992,0.9156720621545079,11118,21829,10712,1.1920928955078125e-07,acfbe6fddc0dcd7e153fdf12d599e984cdc3aafeda60265c358c1c265613e39c,a5000,09b744a319e63ece4f1a7f13b00e341a17c2f53d,compatible/analyze_R3_UM_V2_DEPTH_42_selected__4ecadfdf4f86dab4/metrics.csv
new_p3_training,True,tuned,UM_V2_DEPTH,42,R3,3cfd389bbd05ec9201a41c0892e29bf8199198d1b216b9a8061370d4240aa583,bd1488a2d411295d7a2118c50ddcc0b158786123613af1676062e2270d1637d1,9cb89005693b1b70c102178849b740fde00b50c9ba5f3b5530d0e5749ea59837,eca954c21da074c545cb7858315ea39fee0a6f54b19e06474b4f2f91f1666847,c40aaf80f5be3be16016d797963cb563e35b93083df451f9827f99cfadc3c898,6031dc4ee08b61c58b35b1efd7d764739d5c7c54dc7cbe9e9a72a1e4a7098596,675a3086cd6c4f2abd63c7d3acd419ca12dbc861,b9974a8f8c017bb8dcd4b62d614209421269020760d78e9d860a074b8cc9561f,0382a18dc8f64a3457573593584b08432a0ff643edfe20a924dda261813a903f,R3_UM_V2_DEPTH_42_selected,9004c5ca7a36a74dfaa3fed9d3bcefbb42a9559cfce275515c6b0d576b0dee4d,validation,P3,43085,0.9105314373966258,0.5532319832888476,0.48049197118729664,0.2540111356315427,0.545542160159354,0.9106359463496196,11020,21441,10624,1.1920928955078125e-07,d36315d44e40b39380b3635d00220393a45e106e5cf35568c394eba40972f962,a5000,09b744a319e63ece4f1a7f13b00e341a17c2f53d,compatible/analyze_R3_UM_V2_DEPTH_42_selected__4ecadfdf4f86dab4/metrics.csv
new_p3_training,True,tuned,UM_V2_DEPTH,7,R3,3cfd389bbd05ec9201a41c0892e29bf8199198d1b216b9a8061370d4240aa583,bd1488a2d411295d7a2118c50ddcc0b158786123613af1676062e2270d1637d1,9cb89005693b1b70c102178849b740fde00b50c9ba5f3b5530d0e5749ea59837,eca954c21da074c545cb7858315ea39fee0a6f54b19e06474b4f2f91f1666847,c40aaf80f5be3be16016d797963cb563e35b93083df451f9827f99cfadc3c898,6031dc4ee08b61c58b35b1efd7d764739d5c7c54dc7cbe9e9a72a1e4a7098596,675a3086cd6c4f2abd63c7d3acd419ca12dbc861,b9974a8f8c017bb8dcd4b62d614209421269020760d78e9d860a074b8cc9561f,47d9225d2f3225f3a8518cbbfa6e509f736126cf22656e0b7e523cf429d010a4,R3_UM_V2_DEPTH_7_selected,977e7e4228cfd1a87b166afc965384eca4149c88775bcb6b4f4db9172dc117cc,development_holdout,P0,33858,0.944769646269885,0.5332565420284718,0.4659576552886,0.2314070220340825,0.5674294771465745,0.9447696462698851,8855,16319,8684,1.0803341865539551e-07,3b5a039342a119a0473afefb0f6e1dfbc9afa0fa416203e4f2ee1e684113a26e,a5000,09b744a319e63ece4f1a7f13b00e341a17c2f53d,compatible/analyze_R3_UM_V2_DEPTH_7_selected__335a14a6c140443f/metrics.csv
new_p3_training,True,tuned,UM_V2_DEPTH,7,R3,3cfd389bbd05ec9201a41c0892e29bf8199198d1b216b9a8061370d4240aa583,bd1488a2d411295d7a2118c50ddcc0b158786123613af1676062e2270d1637d1,9cb89005693b1b70c102178849b740fde00b50c9ba5f3b5530d0e5749ea59837,eca954c21da074c545cb7858315ea39fee0a6f54b19e06474b4f2f91f1666847,c40aaf80f5be3be16016d797963cb563e35b93083df451f9827f99cfadc3c898,6031dc4ee08b61c58b35b1efd7d764739d5c7c54dc7cbe9e9a72a1e4a7098596,675a3086cd6c4f2abd63c7d3acd419ca12dbc861,b9974a8f8c017bb8dcd4b62d614209421269020760d78e9d860a074b8cc9561f,47d9225d2f3225f3a8518cbbfa6e509f736126cf22656e0b7e523cf429d010a4,R3_UM_V2_DEPTH_7_selected,977e7e4228cfd1a87b166afc965384eca4149c88775bcb6b4f4db9172dc117cc,development_holdout,P1,32038,0.9408799048939699,0.5353954678818903,0.4716515317587122,0.2472372623953445,0.565778174548023,0.942412339715352,8689,14807,8542,1.0803341865539551e-07,c15ee161f2a2ba6372f22252c56d96e82feda1956f5be311873865a9371fe890,a5000,09b744a319e63ece4f1a7f13b00e341a17c2f53d,compatible/analyze_R3_UM_V2_DEPTH_7_selected__335a14a6c140443f/metrics.csv
new_p3_training,True,tuned,UM_V2_DEPTH,7,R3,3cfd389bbd05ec9201a41c0892e29bf8199198d1b216b9a8061370d4240aa583,bd1488a2d411295d7a2118c50ddcc0b158786123613af1676062e2270d1637d1,9cb89005693b1b70c102178849b740fde00b50c9ba5f3b5530d0e5749ea59837,eca954c21da074c545cb7858315ea39fee0a6f54b19e06474b4f2f91f1666847,c40aaf80f5be3be16016d797963cb563e35b93083df451f9827f99cfadc3c898,6031dc4ee08b61c58b35b1efd7d764739d5c7c54dc7cbe9e9a72a1e4a7098596,675a3086cd6c4f2abd63c7d3acd419ca12dbc861,b9974a8f8c017bb8dcd4b62d614209421269020760d78e9d860a074b8cc9561f,47d9225d2f3225f3a8518cbbfa6e509f736126cf22656e0b7e523cf429d010a4,R3_UM_V2_DEPTH_7_selected,977e7e4228cfd1a87b166afc965384eca4149c88775bcb6b4f4db9172dc117cc,development_holdout,P2,29403,0.9472644175507353,0.5322246029316736,0.4637803350820868,0.23029710332219955,0.5688750845025657,0.9472644175507353,7734,14046,7623,1.0803341865539551e-07,162ca98a58d310271f2279c08752fe9105cc24fa70393bb77bf79db85e6db31c,a5000,09b744a319e63ece4f1a7f13b00e341a17c2f53d,compatible/analyze_R3_UM_V2_DEPTH_7_selected__335a14a6c140443f/metrics.csv
new_p3_training,True,tuned,UM_V2_DEPTH,7,R3,3cfd389bbd05ec9201a41c0892e29bf8199198d1b216b9a8061370d4240aa583,bd1488a2d411295d7a2118c50ddcc0b158786123613af1676062e2270d1637d1,9cb89005693b1b70c102178849b740fde00b50c9ba5f3b5530d0e5749ea59837,eca954c21da074c545cb7858315ea39fee0a6f54b19e06474b4f2f91f1666847,c40aaf80f5be3be16016d797963cb563e35b93083df451f9827f99cfadc3c898,6031dc4ee08b61c58b35b1efd7d764739d5c7c54dc7cbe9e9a72a1e4a7098596,675a3086cd6c4f2abd63c7d3acd419ca12dbc861,b9974a8f8c017bb8dcd4b62d614209421269020760d78e9d860a074b8cc9561f,47d9225d2f3225f3a8518cbbfa6e509f736126cf22656e0b7e523cf429d010a4,R3_UM_V2_DEPTH_7_selected,977e7e4228cfd1a87b166afc965384eca4149c88775bcb6b4f4db9172dc117cc,development_holdout,P3,28540,0.9384925780225603,0.5377014716187807,0.46859463368108817,0.2423403025485578,0.5639658119183296,0.940111340264044,7575,13475,7490,1.0803341865539551e-07,e91390053ed14110a94b2fb9d722e1c89c582c7766551be1f756d4b39ebbcadb,a5000,09b744a319e63ece4f1a7f13b00e341a17c2f53d,compatible/analyze_R3_UM_V2_DEPTH_7_selected__335a14a6c140443f/metrics.csv
new_p3_training,True,tuned,UM_V2_DEPTH,7,R3,3cfd389bbd05ec9201a41c0892e29bf8199198d1b216b9a8061370d4240aa583,bd1488a2d411295d7a2118c50ddcc0b158786123613af1676062e2270d1637d1,9cb89005693b1b70c102178849b740fde00b50c9ba5f3b5530d0e5749ea59837,eca954c21da074c545cb7858315ea39fee0a6f54b19e06474b4f2f91f1666847,c40aaf80f5be3be16016d797963cb563e35b93083df451f9827f99cfadc3c898,6031dc4ee08b61c58b35b1efd7d764739d5c7c54dc7cbe9e9a72a1e4a7098596,675a3086cd6c4f2abd63c7d3acd419ca12dbc861,b9974a8f8c017bb8dcd4b62d614209421269020760d78e9d860a074b8cc9561f,47d9225d2f3225f3a8518cbbfa6e509f736126cf22656e0b7e523cf429d010a4,R3_UM_V2_DEPTH_7_selected,977e7e4228cfd1a87b166afc965384eca4149c88775bcb6b4f4db9172dc117cc,validation,P0,50274,0.9120117255609334,0.5517762660619804,0.4703446785291192,0.2428807198788332,0.5461207218658621,0.9120117255609336,12678,25349,12247,1.1920928977282585e-07,e6ffae846de203e716f5b60657dd3c3afb7d3390870a57a815ab55b686b3f526,a5000,09b744a319e63ece4f1a7f13b00e341a17c2f53d,compatible/analyze_R3_UM_V2_DEPTH_7_selected__335a14a6c140443f/metrics.csv
new_p3_training,True,tuned,UM_V2_DEPTH,7,R3,3cfd389bbd05ec9201a41c0892e29bf8199198d1b216b9a8061370d4240aa583,bd1488a2d411295d7a2118c50ddcc0b158786123613af1676062e2270d1637d1,9cb89005693b1b70c102178849b740fde00b50c9ba5f3b5530d0e5749ea59837,eca954c21da074c545cb7858315ea39fee0a6f54b19e06474b4f2f91f1666847,c40aaf80f5be3be16016d797963cb563e35b93083df451f9827f99cfadc3c898,6031dc4ee08b61c58b35b1efd7d764739d5c7c54dc7cbe9e9a72a1e4a7098596,675a3086cd6c4f2abd63c7d3acd419ca12dbc861,b9974a8f8c017bb8dcd4b62d614209421269020760d78e9d860a074b8cc9561f,47d9225d2f3225f3a8518cbbfa6e509f736126cf22656e0b7e523cf429d010a4,R3_UM_V2_DEPTH_7_selected,977e7e4228cfd1a87b166afc965384eca4149c88775bcb6b4f4db9172dc117cc,validation,P1,48331,0.9129714469183116,0.5498541308890774,0.47265667703906716,0.2507299519042104,0.5474022025135067,0.912982209684709,12578,23596,12157,1.1920928977282585e-07,52ffe49bb0941073b0ffc3a87504ad691263fbdb77ce6465a992afc825a341f1,a5000,09b744a319e63ece4f1a7f13b00e341a17c2f53d,compatible/analyze_R3_UM_V2_DEPTH_7_selected__335a14a6c140443f/metrics.csv
new_p3_training,True,tuned,UM_V2_DEPTH,7,R3,3cfd389bbd05ec9201a41c0892e29bf8199198d1b216b9a8061370d4240aa583,bd1488a2d411295d7a2118c50ddcc0b158786123613af1676062e2270d1637d1,9cb89005693b1b70c102178849b740fde00b50c9ba5f3b5530d0e5749ea59837,eca954c21da074c545cb7858315ea39fee0a6f54b19e06474b4f2f91f1666847,c40aaf80f5be3be16016d797963cb563e35b93083df451f9827f99cfadc3c898,6031dc4ee08b61c58b35b1efd7d764739d5c7c54dc7cbe9e9a72a1e4a7098596,675a3086cd6c4f2abd63c7d3acd419ca12dbc861,b9974a8f8c017bb8dcd4b62d614209421269020760d78e9d860a074b8cc9561f,47d9225d2f3225f3a8518cbbfa6e509f736126cf22656e0b7e523cf429d010a4,R3_UM_V2_DEPTH_7_selected,977e7e4228cfd1a87b166afc965384eca4149c88775bcb6b4f4db9172dc117cc,validation,P2,43659,0.9147615695243915,0.5478595478595478,0.4647051280831714,0.23632529577926847,0.5479372951376194,0.9147615695243916,11118,21829,10712,1.1920928977282585e-07,acfbe6fddc0dcd7e153fdf12d599e984cdc3aafeda60265c358c1c265613e39c,a5000,09b744a319e63ece4f1a7f13b00e341a17c2f53d,compatible/analyze_R3_UM_V2_DEPTH_7_selected__335a14a6c140443f/metrics.csv
new_p3_training,True,tuned,UM_V2_DEPTH,7,R3,3cfd389bbd05ec9201a41c0892e29bf8199198d1b216b9a8061370d4240aa583,bd1488a2d411295d7a2118c50ddcc0b158786123613af1676062e2270d1637d1,9cb89005693b1b70c102178849b740fde00b50c9ba5f3b5530d0e5749ea59837,eca954c21da074c545cb7858315ea39fee0a6f54b19e06474b4f2f91f1666847,c40aaf80f5be3be16016d797963cb563e35b93083df451f9827f99cfadc3c898,6031dc4ee08b61c58b35b1efd7d764739d5c7c54dc7cbe9e9a72a1e4a7098596,675a3086cd6c4f2abd63c7d3acd419ca12dbc861,b9974a8f8c017bb8dcd4b62d614209421269020760d78e9d860a074b8cc9561f,47d9225d2f3225f3a8518cbbfa6e509f736126cf22656e0b7e523cf429d010a4,R3_UM_V2_DEPTH_7_selected,977e7e4228cfd1a87b166afc965384eca4149c88775bcb6b4f4db9172dc117cc,validation,P3,43085,0.9104232235268949,0.5502379018219798,0.4666216194999025,0.24148233943136238,0.5456421011287745,0.9104886200347164,11020,21441,10624,1.1920928977282585e-07,d36315d44e40b39380b3635d00220393a45e106e5cf35568c394eba40972f962,a5000,09b744a319e63ece4f1a7f13b00e341a17c2f53d,compatible/analyze_R3_UM_V2_DEPTH_7_selected__335a14a6c140443f/metrics.csv
new_p3_training,True,tuned,U1,123,main,3cfd389bbd05ec9201a41c0892e29bf8199198d1b216b9a8061370d4240aa583,bd1488a2d411295d7a2118c50ddcc0b158786123613af1676062e2270d1637d1,9cb89005693b1b70c102178849b740fde00b50c9ba5f3b5530d0e5749ea59837,eca954c21da074c545cb7858315ea39fee0a6f54b19e06474b4f2f91f1666847,490eeb15970ef077ee050323b551cd9c3c5534c257f1febddca9af74ed1cf0a4,6031dc4ee08b61c58b35b1efd7d764739d5c7c54dc7cbe9e9a72a1e4a7098596,675a3086cd6c4f2abd63c7d3acd419ca12dbc861,b9974a8f8c017bb8dcd4b62d614209421269020760d78e9d860a074b8cc9561f,b08b19c64260bcf7c42d19661850dbdf879d8195c0422f72cb0ca558b6130c90,main_U1_123_selected,f764a4b71a4c2eab493c0f619d0cd4c2f80c8880763e0a5be658f4b673f7ed0c,development_holdout,P0,101574,0.9270785657815972,0.5451395042038317,0.47778869604249713,0.24563836920682464,0.5548545365208035,0.9270785657815971,25800,50465,25309,1.1548399903027473e-07,0dc85d22e8e0f74c7b6ec962eed4c96d1cb3a8bab46491e011387f6965f98c1d,a5000,09b744a319e63ece4f1a7f13b00e341a17c2f53d,compatible/analyze_U1_123__84ead72696a197eb/metrics.csv
new_p3_training,True,tuned,U1,123,main,3cfd389bbd05ec9201a41c0892e29bf8199198d1b216b9a8061370d4240aa583,bd1488a2d411295d7a2118c50ddcc0b158786123613af1676062e2270d1637d1,9cb89005693b1b70c102178849b740fde00b50c9ba5f3b5530d0e5749ea59837,eca954c21da074c545cb7858315ea39fee0a6f54b19e06474b4f2f91f1666847,490eeb15970ef077ee050323b551cd9c3c5534c257f1febddca9af74ed1cf0a4,6031dc4ee08b61c58b35b1efd7d764739d5c7c54dc7cbe9e9a72a1e4a7098596,675a3086cd6c4f2abd63c7d3acd419ca12dbc861,b9974a8f8c017bb8dcd4b62d614209421269020760d78e9d860a074b8cc9561f,b08b19c64260bcf7c42d19661850dbdf879d8195c0422f72cb0ca558b6130c90,main_U1_123_selected,f764a4b71a4c2eab493c0f619d0cd4c2f80c8880763e0a5be658f4b673f7ed0c,development_holdout,P1,97156,0.92593588924044,0.5450100868705998,0.48119408299471794,0.25494196251105733,0.5550612542681357,0.9256268107009936,25496,46615,25045,1.1548399903027473e-07,89132b9c6cb5437496dfcec2344f48c9652f89696c548da1ecffc1fa7e8b8292,a5000,09b744a319e63ece4f1a7f13b00e341a17c2f53d,compatible/analyze_U1_123__84ead72696a197eb/metrics.csv
new_p3_training,True,tuned,U1,123,main,3cfd389bbd05ec9201a41c0892e29bf8199198d1b216b9a8061370d4240aa583,bd1488a2d411295d7a2118c50ddcc0b158786123613af1676062e2270d1637d1,9cb89005693b1b70c102178849b740fde00b50c9ba5f3b5530d0e5749ea59837,eca954c21da074c545cb7858315ea39fee0a6f54b19e06474b4f2f91f1666847,490eeb15970ef077ee050323b551cd9c3c5534c257f1febddca9af74ed1cf0a4,6031dc4ee08b61c58b35b1efd7d764739d5c7c54dc7cbe9e9a72a1e4a7098596,675a3086cd6c4f2abd63c7d3acd419ca12dbc861,b9974a8f8c017bb8dcd4b62d614209421269020760d78e9d860a074b8cc9561f,b08b19c64260bcf7c42d19661850dbdf879d8195c0422f72cb0ca558b6130c90,main_U1_123_selected,f764a4b71a4c2eab493c0f619d0cd4c2f80c8880763e0a5be658f4b673f7ed0c,development_holdout,P2,88209,0.9306295999593427,0.5421442256459091,0.4754545143610869,0.241689618718311,0.557060521207305,0.9306295999593426,22573,43431,22205,1.1548399903027473e-07,e3f7c57ec943bebd2c72fd9a14e72d054ffbcce05445b0fd82869e8aa7261d38,a5000,09b744a319e63ece4f1a7f13b00e341a17c2f53d,compatible/analyze_U1_123__84ead72696a197eb/metrics.csv
new_p3_training,True,tuned,U1,123,main,3cfd389bbd05ec9201a41c0892e29bf8199198d1b216b9a8061370d4240aa583,bd1488a2d411295d7a2118c50ddcc0b158786123613af1676062e2270d1637d1,9cb89005693b1b70c102178849b740fde00b50c9ba5f3b5530d0e5749ea59837,eca954c21da074c545cb7858315ea39fee0a6f54b19e06474b4f2f91f1666847,490eeb15970ef077ee050323b551cd9c3c5534c257f1febddca9af74ed1cf0a4,6031dc4ee08b61c58b35b1efd7d764739d5c7c54dc7cbe9e9a72a1e4a7098596,675a3086cd6c4f2abd63c7d3acd419ca12dbc861,b9974a8f8c017bb8dcd4b62d614209421269020760d78e9d860a074b8cc9561f,b08b19c64260bcf7c42d19661850dbdf879d8195c0422f72cb0ca558b6130c90,main_U1_123_selected,f764a4b71a4c2eab493c0f619d0cd4c2f80c8880763e0a5be658f4b673f7ed0c,development_holdout,P3,86588,0.9237643112646671,0.5463459139834619,0.4786100323276273,0.2493847672630011,0.5533800885009927,0.923460497975986,22279,42355,21954,1.1548399903027473e-07,1d87bc17ac0a3399488e5c5ec324165d9032588c37226cf41709e2dd0df6d17d,a5000,09b744a319e63ece4f1a7f13b00e341a17c2f53d,compatible/analyze_U1_123__84ead72696a197eb/metrics.csv
new_p3_training,True,tuned,U1,123,main,3cfd389bbd05ec9201a41c0892e29bf8199198d1b216b9a8061370d4240aa583,bd1488a2d411295d7a2118c50ddcc0b158786123613af1676062e2270d1637d1,9cb89005693b1b70c102178849b740fde00b50c9ba5f3b5530d0e5749ea59837,eca954c21da074c545cb7858315ea39fee0a6f54b19e06474b4f2f91f1666847,490eeb15970ef077ee050323b551cd9c3c5534c257f1febddca9af74ed1cf0a4,6031dc4ee08b61c58b35b1efd7d764739d5c7c54dc7cbe9e9a72a1e4a7098596,675a3086cd6c4f2abd63c7d3acd419ca12dbc861,b9974a8f8c017bb8dcd4b62d614209421269020760d78e9d860a074b8cc9561f,b08b19c64260bcf7c42d19661850dbdf879d8195c0422f72cb0ca558b6130c90,main_U1_123_selected,f764a4b71a4c2eab493c0f619d0cd4c2f80c8880763e0a5be658f4b673f7ed0c,validation,P0,50274,0.9148026854141188,0.5542427497314716,0.4814937656070493,0.2504598896202023,0.5465849589093055,0.914802685414119,12432,25906,11936,1.1175870917590203e-07,8554f7e47896ce912ee25183274a79552172e9c9a53366da0ed794a57786efe0,a5000,09b744a319e63ece4f1a7f13b00e341a17c2f53d,compatible/analyze_U1_123__84ead72696a197eb/metrics.csv
new_p3_training,True,tuned,U1,123,main,3cfd389bbd05ec9201a41c0892e29bf8199198d1b216b9a8061370d4240aa583,bd1488a2d411295d7a2118c50ddcc0b158786123613af1676062e2270d1637d1,9cb89005693b1b70c102178849b740fde00b50c9ba5f3b5530d0e5749ea59837,eca954c21da074c545cb7858315ea39fee0a6f54b19e06474b4f2f91f1666847,490eeb15970ef077ee050323b551cd9c3c5534c257f1febddca9af74ed1cf0a4,6031dc4ee08b61c58b35b1efd7d764739d5c7c54dc7cbe9e9a72a1e4a7098596,675a3086cd6c4f2abd63c7d3acd419ca12dbc861,b9974a8f8c017bb8dcd4b62d614209421269020760d78e9d860a074b8cc9561f,b08b19c64260bcf7c42d19661850dbdf879d8195c0422f72cb0ca558b6130c90,main_U1_123_selected,f764a4b71a4c2eab493c0f619d0cd4c2f80c8880763e0a5be658f4b673f7ed0c,validation,P1,48280,0.9114682324326664,0.554059652029826,0.4852216246001551,0.259195570484977,0.5461175646326031,0.9117917599723244,12341,24081,11858,1.1175870917590203e-07,1bd74161030549bc2f24efe5491eb0d1f7727b652e5253a429e01c853cb585db,a5000,09b744a319e63ece4f1a7f13b00e341a17c2f53d,compatible/analyze_U1_123__84ead72696a197eb/metrics.csv
new_p3_training,True,tuned,U1,123,main,3cfd389bbd05ec9201a41c0892e29bf8199198d1b216b9a8061370d4240aa583,bd1488a2d411295d7a2118c50ddcc0b158786123613af1676062e2270d1637d1,9cb89005693b1b70c102178849b740fde00b50c9ba5f3b5530d0e5749ea59837,eca954c21da074c545cb7858315ea39fee0a6f54b19e06474b4f2f91f1666847,490eeb15970ef077ee050323b551cd9c3c5534c257f1febddca9af74ed1cf0a4,6031dc4ee08b61c58b35b1efd7d764739d5c7c54dc7cbe9e9a72a1e4a7098596,675a3086cd6c4f2abd63c7d3acd419ca12dbc861,b9974a8f8c017bb8dcd4b62d614209421269020760d78e9d860a074b8cc9561f,b08b19c64260bcf7c42d19661850dbdf879d8195c0422f72cb0ca558b6130c90,main_U1_123_selected,f764a4b71a4c2eab493c0f619d0cd4c2f80c8880763e0a5be658f4b673f7ed0c,validation,P2,43659,0.9171890002410142,0.5518220756315995,0.48024721818673594,0.2481530479819408,0.5483722887151639,0.917189000241014,10937,22231,10491,1.1175870917590203e-07,4e484a6acb6ed7305a5ec5513d99f3999c0f2ce27a7b70f8609ef03a2f0fd7ca,a5000,09b744a319e63ece4f1a7f13b00e341a17c2f53d,compatible/analyze_U1_123__84ead72696a197eb/metrics.csv
new_p3_training,True,tuned,U1,123,main,3cfd389bbd05ec9201a41c0892e29bf8199198d1b216b9a8061370d4240aa583,bd1488a2d411295d7a2118c50ddcc0b158786123613af1676062e2270d1637d1,9cb89005693b1b70c102178849b740fde00b50c9ba5f3b5530d0e5749ea59837,eca954c21da074c545cb7858315ea39fee0a6f54b19e06474b4f2f91f1666847,490eeb15970ef077ee050323b551cd9c3c5534c257f1febddca9af74ed1cf0a4,6031dc4ee08b61c58b35b1efd7d764739d5c7c54dc7cbe9e9a72a1e4a7098596,675a3086cd6c4f2abd63c7d3acd419ca12dbc861,b9974a8f8c017bb8dcd4b62d614209421269020760d78e9d860a074b8cc9561f,b08b19c64260bcf7c42d19661850dbdf879d8195c0422f72cb0ca558b6130c90,main_U1_123_selected,f764a4b71a4c2eab493c0f619d0cd4c2f80c8880763e0a5be658f4b673f7ed0c,validation,P3,43050,0.9087406939938727,0.5553542392566783,0.48324227093250105,0.254723083376396,0.5444157881497086,0.9091919347054215,10846,21790,10414,1.1175870917590203e-07,6d52c9fbf6be5e14713acbbe54cf789ce18ead615a69e1425ccdf2f2677c4d4b,a5000,09b744a319e63ece4f1a7f13b00e341a17c2f53d,compatible/analyze_U1_123__84ead72696a197eb/metrics.csv
new_p3_training,True,tuned,U1,42,main,3cfd389bbd05ec9201a41c0892e29bf8199198d1b216b9a8061370d4240aa583,bd1488a2d411295d7a2118c50ddcc0b158786123613af1676062e2270d1637d1,9cb89005693b1b70c102178849b740fde00b50c9ba5f3b5530d0e5749ea59837,eca954c21da074c545cb7858315ea39fee0a6f54b19e06474b4f2f91f1666847,490eeb15970ef077ee050323b551cd9c3c5534c257f1febddca9af74ed1cf0a4,6031dc4ee08b61c58b35b1efd7d764739d5c7c54dc7cbe9e9a72a1e4a7098596,675a3086cd6c4f2abd63c7d3acd419ca12dbc861,b9974a8f8c017bb8dcd4b62d614209421269020760d78e9d860a074b8cc9561f,aba8f75da0cd273114064799f381f0e75ec21b4cdf75875abb87ca3175ab4937,selected_U1_42,bb17647aa60ec27c69fdce73b43efda817678f3998dd87bfa535c7c7c164c6a6,development_holdout,P0,101574,0.9276531743610867,0.5453364049855278,0.4802514824141861,0.24692362495861359,0.5553046271011532,0.9276531743610866,25800,50465,25309,1.1920928955078125e-07,0dc85d22e8e0f74c7b6ec962eed4c96d1cb3a8bab46491e011387f6965f98c1d,a5000,09b744a319e63ece4f1a7f13b00e341a17c2f53d,compatible/analyze_U1_42__372073d847eb5731/metrics.csv
new_p3_training,True,tuned,U1,42,main,3cfd389bbd05ec9201a41c0892e29bf8199198d1b216b9a8061370d4240aa583,bd1488a2d411295d7a2118c50ddcc0b158786123613af1676062e2270d1637d1,9cb89005693b1b70c102178849b740fde00b50c9ba5f3b5530d0e5749ea59837,eca954c21da074c545cb7858315ea39fee0a6f54b19e06474b4f2f91f1666847,490eeb15970ef077ee050323b551cd9c3c5534c257f1febddca9af74ed1cf0a4,6031dc4ee08b61c58b35b1efd7d764739d5c7c54dc7cbe9e9a72a1e4a7098596,675a3086cd6c4f2abd63c7d3acd419ca12dbc861,b9974a8f8c017bb8dcd4b62d614209421269020760d78e9d860a074b8cc9561f,aba8f75da0cd273114064799f381f0e75ec21b4cdf75875abb87ca3175ab4937,selected_U1_42,bb17647aa60ec27c69fdce73b43efda817678f3998dd87bfa535c7c7c164c6a6,development_holdout,P1,97156,0.926269091149963,0.5455556013010004,0.4839272466031632,0.2565568625855201,0.5553132191738576,0.9260035931911756,25496,46615,25045,1.1920928955078125e-07,89132b9c6cb5437496dfcec2344f48c9652f89696c548da1ecffc1fa7e8b8292,a5000,09b744a319e63ece4f1a7f13b00e341a17c2f53d,compatible/analyze_U1_42__372073d847eb5731/metrics.csv
new_p3_training,True,tuned,U1,42,main,3cfd389bbd05ec9201a41c0892e29bf8199198d1b216b9a8061370d4240aa583,bd1488a2d411295d7a2118c50ddcc0b158786123613af1676062e2270d1637d1,9cb89005693b1b70c102178849b740fde00b50c9ba5f3b5530d0e5749ea59837,eca954c21da074c545cb7858315ea39fee0a6f54b19e06474b4f2f91f1666847,490eeb15970ef077ee050323b551cd9c3c5534c257f1febddca9af74ed1cf0a4,6031dc4ee08b61c58b35b1efd7d764739d5c7c54dc7cbe9e9a72a1e4a7098596,675a3086cd6c4f2abd63c7d3acd419ca12dbc861,b9974a8f8c017bb8dcd4b62d614209421269020760d78e9d860a074b8cc9561f,aba8f75da0cd273114064799f381f0e75ec21b4cdf75875abb87ca3175ab4937,selected_U1_42,bb17647aa60ec27c69fdce73b43efda817678f3998dd87bfa535c7c7c164c6a6,development_holdout,P2,88209,0.9310260908953573,0.5429831423097417,0.47844491083094676,0.2440424166954004,0.5573692349937225,0.931026090895357,22573,43431,22205,1.1920928955078125e-07,e3f7c57ec943bebd2c72fd9a14e72d054ffbcce05445b0fd82869e8aa7261d38,a5000,09b744a319e63ece4f1a7f13b00e341a17c2f53d,compatible/analyze_U1_42__372073d847eb5731/metrics.csv
new_p3_training,True,tuned,U1,42,main,3cfd389bbd05ec9201a41c0892e29bf8199198d1b216b9a8061370d4240aa583,bd1488a2d411295d7a2118c50ddcc0b158786123613af1676062e2270d1637d1,9cb89005693b1b70c102178849b740fde00b50c9ba5f3b5530d0e5749ea59837,eca954c21da074c545cb7858315ea39fee0a6f54b19e06474b4f2f91f1666847,490eeb15970ef077ee050323b551cd9c3c5534c257f1febddca9af74ed1cf0a4,6031dc4ee08b61c58b35b1efd7d764739d5c7c54dc7cbe9e9a72a1e4a7098596,675a3086cd6c4f2abd63c7d3acd419ca12dbc861,b9974a8f8c017bb8dcd4b62d614209421269020760d78e9d860a074b8cc9561f,aba8f75da0cd273114064799f381f0e75ec21b4cdf75875abb87ca3175ab4937,selected_U1_42,bb17647aa60ec27c69fdce73b43efda817678f3998dd87bfa535c7c7c164c6a6,development_holdout,P3,86588,0.9240603904380248,0.5474199658151245,0.48182299054438643,0.2520429019826654,0.553633538041568,0.9238070776102069,22279,42355,21954,1.1920928955078125e-07,1d87bc17ac0a3399488e5c5ec324165d9032588c37226cf41709e2dd0df6d17d,a5000,09b744a319e63ece4f1a7f13b00e341a17c2f53d,compatible/analyze_U1_42__372073d847eb5731/metrics.csv
new_p3_training,True,tuned,U1,42,main,3cfd389bbd05ec9201a41c0892e29bf8199198d1b216b9a8061370d4240aa583,bd1488a2d411295d7a2118c50ddcc0b158786123613af1676062e2270d1637d1,9cb89005693b1b70c102178849b740fde00b50c9ba5f3b5530d0e5749ea59837,eca954c21da074c545cb7858315ea39fee0a6f54b19e06474b4f2f91f1666847,490eeb15970ef077ee050323b551cd9c3c5534c257f1febddca9af74ed1cf0a4,6031dc4ee08b61c58b35b1efd7d764739d5c7c54dc7cbe9e9a72a1e4a7098596,675a3086cd6c4f2abd63c7d3acd419ca12dbc861,b9974a8f8c017bb8dcd4b62d614209421269020760d78e9d860a074b8cc9561f,aba8f75da0cd273114064799f381f0e75ec21b4cdf75875abb87ca3175ab4937,selected_U1_42,bb17647aa60ec27c69fdce73b43efda817678f3998dd87bfa535c7c7c164c6a6,validation,P0,50274,0.9117872352396803,0.5563710864462744,0.4854714507514804,0.2546370956301758,0.54537899419113,0.9117872352396803,12432,25906,11936,1.1920928977282585e-07,8554f7e47896ce912ee25183274a79552172e9c9a53366da0ed794a57786efe0,a5000,09b744a319e63ece4f1a7f13b00e341a17c2f53d,compatible/analyze_U1_42__372073d847eb5731/metrics.csv
new_p3_training,True,tuned,U1,42,main,3cfd389bbd05ec9201a41c0892e29bf8199198d1b216b9a8061370d4240aa583,bd1488a2d411295d7a2118c50ddcc0b158786123613af1676062e2270d1637d1,9cb89005693b1b70c102178849b740fde00b50c9ba5f3b5530d0e5749ea59837,eca954c21da074c545cb7858315ea39fee0a6f54b19e06474b4f2f91f1666847,490eeb15970ef077ee050323b551cd9c3c5534c257f1febddca9af74ed1cf0a4,6031dc4ee08b61c58b35b1efd7d764739d5c7c54dc7cbe9e9a72a1e4a7098596,675a3086cd6c4f2abd63c7d3acd419ca12dbc861,b9974a8f8c017bb8dcd4b62d614209421269020760d78e9d860a074b8cc9561f,aba8f75da0cd273114064799f381f0e75ec21b4cdf75875abb87ca3175ab4937,selected_U1_42,bb17647aa60ec27c69fdce73b43efda817678f3998dd87bfa535c7c7c164c6a6,validation,P1,48280,0.912526597216452,0.5550124275062137,0.48849613948192233,0.261606186415051,0.5467058855723768,0.9128555700475681,12341,24081,11858,1.1920928977282585e-07,1bd74161030549bc2f24efe5491eb0d1f7727b652e5253a429e01c853cb585db,a5000,09b744a319e63ece4f1a7f13b00e341a17c2f53d,compatible/analyze_U1_42__372073d847eb5731/metrics.csv
new_p3_training,True,tuned,U1,42,main,3cfd389bbd05ec9201a41c0892e29bf8199198d1b216b9a8061370d4240aa583,bd1488a2d411295d7a2118c50ddcc0b158786123613af1676062e2270d1637d1,9cb89005693b1b70c102178849b740fde00b50c9ba5f3b5530d0e5749ea59837,eca954c21da074c545cb7858315ea39fee0a6f54b19e06474b4f2f91f1666847,490eeb15970ef077ee050323b551cd9c3c5534c257f1febddca9af74ed1cf0a4,6031dc4ee08b61c58b35b1efd7d764739d5c7c54dc7cbe9e9a72a1e4a7098596,675a3086cd6c4f2abd63c7d3acd419ca12dbc861,b9974a8f8c017bb8dcd4b62d614209421269020760d78e9d860a074b8cc9561f,aba8f75da0cd273114064799f381f0e75ec21b4cdf75875abb87ca3175ab4937,selected_U1_42,bb17647aa60ec27c69fdce73b43efda817678f3998dd87bfa535c7c7c164c6a6,validation,P2,43659,0.914157304737705,0.5535399344923154,0.4835767921965551,0.2516597918529727,0.5472523636256766,0.9141573047377051,10937,22231,10491,1.1920928977282585e-07,4e484a6acb6ed7305a5ec5513d99f3999c0f2ce27a7b70f8609ef03a2f0fd7ca,a5000,09b744a319e63ece4f1a7f13b00e341a17c2f53d,compatible/analyze_U1_42__372073d847eb5731/metrics.csv
new_p3_training,True,tuned,U1,42,main,3cfd389bbd05ec9201a41c0892e29bf8199198d1b216b9a8061370d4240aa583,bd1488a2d411295d7a2118c50ddcc0b158786123613af1676062e2270d1637d1,9cb89005693b1b70c102178849b740fde00b50c9ba5f3b5530d0e5749ea59837,eca954c21da074c545cb7858315ea39fee0a6f54b19e06474b4f2f91f1666847,490eeb15970ef077ee050323b551cd9c3c5534c257f1febddca9af74ed1cf0a4,6031dc4ee08b61c58b35b1efd7d764739d5c7c54dc7cbe9e9a72a1e4a7098596,675a3086cd6c4f2abd63c7d3acd419ca12dbc861,b9974a8f8c017bb8dcd4b62d614209421269020760d78e9d860a074b8cc9561f,aba8f75da0cd273114064799f381f0e75ec21b4cdf75875abb87ca3175ab4937,selected_U1_42,bb17647aa60ec27c69fdce73b43efda817678f3998dd87bfa535c7c7c164c6a6,validation,P3,43050,0.9097044820457606,0.5558885017421603,0.48589681241419774,0.25652648109459864,0.5450955793410618,0.9101578547743445,10846,21790,10414,1.1920928977282585e-07,6d52c9fbf6be5e14713acbbe54cf789ce18ead615a69e1425ccdf2f2677c4d4b,a5000,09b744a319e63ece4f1a7f13b00e341a17c2f53d,compatible/analyze_U1_42__372073d847eb5731/metrics.csv
new_p3_training,True,tuned,U1,7,main,3cfd389bbd05ec9201a41c0892e29bf8199198d1b216b9a8061370d4240aa583,bd1488a2d411295d7a2118c50ddcc0b158786123613af1676062e2270d1637d1,9cb89005693b1b70c102178849b740fde00b50c9ba5f3b5530d0e5749ea59837,eca954c21da074c545cb7858315ea39fee0a6f54b19e06474b4f2f91f1666847,490eeb15970ef077ee050323b551cd9c3c5534c257f1febddca9af74ed1cf0a4,6031dc4ee08b61c58b35b1efd7d764739d5c7c54dc7cbe9e9a72a1e4a7098596,675a3086cd6c4f2abd63c7d3acd419ca12dbc861,b9974a8f8c017bb8dcd4b62d614209421269020760d78e9d860a074b8cc9561f,1d4f3f4743ec31257550324ed4868166bc8cc515371cb945c5eaf1b65e545102,main_U1_7_selected,34dd8dc0cb685fd36e0cc24032815d3693cc51831cfe48e8898ea733bd196574,development_holdout,P0,101574,0.9288516242582053,0.5440959300608423,0.47699137077994985,0.24546524356007526,0.5561399512023592,0.9288516242582053,25800,50465,25309,1.1920928955078125e-07,0dc85d22e8e0f74c7b6ec962eed4c96d1cb3a8bab46491e011387f6965f98c1d,a5000,09b744a319e63ece4f1a7f13b00e341a17c2f53d,compatible/analyze_U1_7__2407071cd0d3a07d/metrics.csv
new_p3_training,True,tuned,U1,7,main,3cfd389bbd05ec9201a41c0892e29bf8199198d1b216b9a8061370d4240aa583,bd1488a2d411295d7a2118c50ddcc0b158786123613af1676062e2270d1637d1,9cb89005693b1b70c102178849b740fde00b50c9ba5f3b5530d0e5749ea59837,eca954c21da074c545cb7858315ea39fee0a6f54b19e06474b4f2f91f1666847,490eeb15970ef077ee050323b551cd9c3c5534c257f1febddca9af74ed1cf0a4,6031dc4ee08b61c58b35b1efd7d764739d5c7c54dc7cbe9e9a72a1e4a7098596,675a3086cd6c4f2abd63c7d3acd419ca12dbc861,b9974a8f8c017bb8dcd4b62d614209421269020760d78e9d860a074b8cc9561f,1d4f3f4743ec31257550324ed4868166bc8cc515371cb945c5eaf1b65e545102,main_U1_7_selected,34dd8dc0cb685fd36e0cc24032815d3693cc51831cfe48e8898ea733bd196574,development_holdout,P1,97156,0.9270367041513843,0.5443410597389765,0.48067087173406,0.2550444282366828,0.5559622371739046,0.9268747831305314,25496,46615,25045,1.1920928955078125e-07,89132b9c6cb5437496dfcec2344f48c9652f89696c548da1ecffc1fa7e8b8292,a5000,09b744a319e63ece4f1a7f13b00e341a17c2f53d,compatible/analyze_U1_7__2407071cd0d3a07d/metrics.csv
new_p3_training,True,tuned,U1,7,main,3cfd389bbd05ec9201a41c0892e29bf8199198d1b216b9a8061370d4240aa583,bd1488a2d411295d7a2118c50ddcc0b158786123613af1676062e2270d1637d1,9cb89005693b1b70c102178849b740fde00b50c9ba5f3b5530d0e5749ea59837,eca954c21da074c545cb7858315ea39fee0a6f54b19e06474b4f2f91f1666847,490eeb15970ef077ee050323b551cd9c3c5534c257f1febddca9af74ed1cf0a4,6031dc4ee08b61c58b35b1efd7d764739d5c7c54dc7cbe9e9a72a1e4a7098596,675a3086cd6c4f2abd63c7d3acd419ca12dbc861,b9974a8f8c017bb8dcd4b62d614209421269020760d78e9d860a074b8cc9561f,1d4f3f4743ec31257550324ed4868166bc8cc515371cb945c5eaf1b65e545102,main_U1_7_selected,34dd8dc0cb685fd36e0cc24032815d3693cc51831cfe48e8898ea733bd196574,development_holdout,P2,88209,0.9325487303087121,0.5409085240735072,0.4746659806062991,0.2411829479703863,0.5583612855440171,0.9325487303087121,22573,43431,22205,1.1175870895385742e-07,e3f7c57ec943bebd2c72fd9a14e72d054ffbcce05445b0fd82869e8aa7261d38,a5000,09b744a319e63ece4f1a7f13b00e341a17c2f53d,compatible/analyze_U1_7__2407071cd0d3a07d/metrics.csv
new_p3_training,True,tuned,U1,7,main,3cfd389bbd05ec9201a41c0892e29bf8199198d1b216b9a8061370d4240aa583,bd1488a2d411295d7a2118c50ddcc0b158786123613af1676062e2270d1637d1,9cb89005693b1b70c102178849b740fde00b50c9ba5f3b5530d0e5749ea59837,eca954c21da074c545cb7858315ea39fee0a6f54b19e06474b4f2f91f1666847,490eeb15970ef077ee050323b551cd9c3c5534c257f1febddca9af74ed1cf0a4,6031dc4ee08b61c58b35b1efd7d764739d5c7c54dc7cbe9e9a72a1e4a7098596,675a3086cd6c4f2abd63c7d3acd419ca12dbc861,b9974a8f8c017bb8dcd4b62d614209421269020760d78e9d860a074b8cc9561f,1d4f3f4743ec31257550324ed4868166bc8cc515371cb945c5eaf1b65e545102,main_U1_7_selected,34dd8dc0cb685fd36e0cc24032815d3693cc51831cfe48e8898ea733bd196574,development_holdout,P3,86588,0.9251777800963806,0.5455721347068878,0.47820275732522705,0.2494157254275442,0.5544562634515533,0.9250419321663486,22279,42355,21954,1.1175870895385742e-07,1d87bc17ac0a3399488e5c5ec324165d9032588c37226cf41709e2dd0df6d17d,a5000,09b744a319e63ece4f1a7f13b00e341a17c2f53d,compatible/analyze_U1_7__2407071cd0d3a07d/metrics.csv
new_p3_training,True,tuned,U1,7,main,3cfd389bbd05ec9201a41c0892e29bf8199198d1b216b9a8061370d4240aa583,bd1488a2d411295d7a2118c50ddcc0b158786123613af1676062e2270d1637d1,9cb89005693b1b70c102178849b740fde00b50c9ba5f3b5530d0e5749ea59837,eca954c21da074c545cb7858315ea39fee0a6f54b19e06474b4f2f91f1666847,490eeb15970ef077ee050323b551cd9c3c5534c257f1febddca9af74ed1cf0a4,6031dc4ee08b61c58b35b1efd7d764739d5c7c54dc7cbe9e9a72a1e4a7098596,675a3086cd6c4f2abd63c7d3acd419ca12dbc861,b9974a8f8c017bb8dcd4b62d614209421269020760d78e9d860a074b8cc9561f,1d4f3f4743ec31257550324ed4868166bc8cc515371cb945c5eaf1b65e545102,main_U1_7_selected,34dd8dc0cb685fd36e0cc24032815d3693cc51831cfe48e8898ea733bd196574,validation,P0,50274,0.912448550360479,0.5536261288140988,0.48194722398399065,0.2517645775809302,0.5462890932512632,0.9124485503604789,12432,25906,11936,1.1920928977282585e-07,8554f7e47896ce912ee25183274a79552172e9c9a53366da0ed794a57786efe0,a5000,09b744a319e63ece4f1a7f13b00e341a17c2f53d,compatible/analyze_U1_7__2407071cd0d3a07d/metrics.csv
new_p3_training,True,tuned,U1,7,main,3cfd389bbd05ec9201a41c0892e29bf8199198d1b216b9a8061370d4240aa583,bd1488a2d411295d7a2118c50ddcc0b158786123613af1676062e2270d1637d1,9cb89005693b1b70c102178849b740fde00b50c9ba5f3b5530d0e5749ea59837,eca954c21da074c545cb7858315ea39fee0a6f54b19e06474b4f2f91f1666847,490eeb15970ef077ee050323b551cd9c3c5534c257f1febddca9af74ed1cf0a4,6031dc4ee08b61c58b35b1efd7d764739d5c7c54dc7cbe9e9a72a1e4a7098596,675a3086cd6c4f2abd63c7d3acd419ca12dbc861,b9974a8f8c017bb8dcd4b62d614209421269020760d78e9d860a074b8cc9561f,1d4f3f4743ec31257550324ed4868166bc8cc515371cb945c5eaf1b65e545102,main_U1_7_selected,34dd8dc0cb685fd36e0cc24032815d3693cc51831cfe48e8898ea733bd196574,validation,P1,48280,0.9129867534213463,0.5537489643744822,0.4858258476971902,0.26058029431477087,0.5472707198493417,0.9133869865496335,12341,24081,11858,1.1920928977282585e-07,1bd74161030549bc2f24efe5491eb0d1f7727b652e5253a429e01c853cb585db,a5000,09b744a319e63ece4f1a7f13b00e341a17c2f53d,compatible/analyze_U1_7__2407071cd0d3a07d/metrics.csv
new_p3_training,True,tuned,U1,7,main,3cfd389bbd05ec9201a41c0892e29bf8199198d1b216b9a8061370d4240aa583,bd1488a2d411295d7a2118c50ddcc0b158786123613af1676062e2270d1637d1,9cb89005693b1b70c102178849b740fde00b50c9ba5f3b5530d0e5749ea59837,eca954c21da074c545cb7858315ea39fee0a6f54b19e06474b4f2f91f1666847,490eeb15970ef077ee050323b551cd9c3c5534c257f1febddca9af74ed1cf0a4,6031dc4ee08b61c58b35b1efd7d764739d5c7c54dc7cbe9e9a72a1e4a7098596,675a3086cd6c4f2abd63c7d3acd419ca12dbc861,b9974a8f8c017bb8dcd4b62d614209421269020760d78e9d860a074b8cc9561f,1d4f3f4743ec31257550324ed4868166bc8cc515371cb945c5eaf1b65e545102,main_U1_7_selected,34dd8dc0cb685fd36e0cc24032815d3693cc51831cfe48e8898ea733bd196574,validation,P2,43659,0.9154428164856797,0.5512494560113608,0.48106993554288774,0.24958288495873157,0.5483379577750848,0.9154428164856797,10937,22231,10491,1.1920928977282585e-07,4e484a6acb6ed7305a5ec5513d99f3999c0f2ce27a7b70f8609ef03a2f0fd7ca,a5000,09b744a319e63ece4f1a7f13b00e341a17c2f53d,compatible/analyze_U1_7__2407071cd0d3a07d/metrics.csv
new_p3_training,True,tuned,U1,7,main,3cfd389bbd05ec9201a41c0892e29bf8199198d1b216b9a8061370d4240aa583,bd1488a2d411295d7a2118c50ddcc0b158786123613af1676062e2270d1637d1,9cb89005693b1b70c102178849b740fde00b50c9ba5f3b5530d0e5749ea59837,eca954c21da074c545cb7858315ea39fee0a6f54b19e06474b4f2f91f1666847,490eeb15970ef077ee050323b551cd9c3c5534c257f1febddca9af74ed1cf0a4,6031dc4ee08b61c58b35b1efd7d764739d5c7c54dc7cbe9e9a72a1e4a7098596,675a3086cd6c4f2abd63c7d3acd419ca12dbc861,b9974a8f8c017bb8dcd4b62d614209421269020760d78e9d860a074b8cc9561f,1d4f3f4743ec31257550324ed4868166bc8cc515371cb945c5eaf1b65e545102,main_U1_7_selected,34dd8dc0cb685fd36e0cc24032815d3693cc51831cfe48e8898ea733bd196574,validation,P3,43050,0.9109062745648451,0.555191637630662,0.48433662004607775,0.2565649090198855,0.5458921002767397,0.9114367268807985,10846,21790,10414,1.1920928977282585e-07,6d52c9fbf6be5e14713acbbe54cf789ce18ead615a69e1425ccdf2f2677c4d4b,a5000,09b744a319e63ece4f1a7f13b00e341a17c2f53d,compatible/analyze_U1_7__2407071cd0d3a07d/metrics.csv
new_p3_training,True,tuned,UM_V2_DEPTH,123,main,3cfd389bbd05ec9201a41c0892e29bf8199198d1b216b9a8061370d4240aa583,bd1488a2d411295d7a2118c50ddcc0b158786123613af1676062e2270d1637d1,9cb89005693b1b70c102178849b740fde00b50c9ba5f3b5530d0e5749ea59837,eca954c21da074c545cb7858315ea39fee0a6f54b19e06474b4f2f91f1666847,490eeb15970ef077ee050323b551cd9c3c5534c257f1febddca9af74ed1cf0a4,6031dc4ee08b61c58b35b1efd7d764739d5c7c54dc7cbe9e9a72a1e4a7098596,675a3086cd6c4f2abd63c7d3acd419ca12dbc861,b9974a8f8c017bb8dcd4b62d614209421269020760d78e9d860a074b8cc9561f,525cc6fe57918bf23b5be3acf4e4927a14fe0231ef41dc49203d8a74b6e52939,main_UM_V2_DEPTH_123_selected,689ad6a0e09be021ba073bd4d38164387a484a252e18f128dfb4a07676489083,development_holdout,P0,101574,0.9270218870227966,0.5459074172524465,0.47117101886296386,0.23966795296510948,0.5547093144587032,0.9270218870227965,25800,50465,25309,1.1920928977282585e-07,0dc85d22e8e0f74c7b6ec962eed4c96d1cb3a8bab46491e011387f6965f98c1d,a5000,09b744a319e63ece4f1a7f13b00e341a17c2f53d,compatible/analyze_UM_V2_DEPTH_123__79a6fd3dbdd9ae7e/metrics.csv
new_p3_training,True,tuned,UM_V2_DEPTH,123,main,3cfd389bbd05ec9201a41c0892e29bf8199198d1b216b9a8061370d4240aa583,bd1488a2d411295d7a2118c50ddcc0b158786123613af1676062e2270d1637d1,9cb89005693b1b70c102178849b740fde00b50c9ba5f3b5530d0e5749ea59837,eca954c21da074c545cb7858315ea39fee0a6f54b19e06474b4f2f91f1666847,490eeb15970ef077ee050323b551cd9c3c5534c257f1febddca9af74ed1cf0a4,6031dc4ee08b61c58b35b1efd7d764739d5c7c54dc7cbe9e9a72a1e4a7098596,675a3086cd6c4f2abd63c7d3acd419ca12dbc861,b9974a8f8c017bb8dcd4b62d614209421269020760d78e9d860a074b8cc9561f,525cc6fe57918bf23b5be3acf4e4927a14fe0231ef41dc49203d8a74b6e52939,main_UM_V2_DEPTH_123_selected,689ad6a0e09be021ba073bd4d38164387a484a252e18f128dfb4a07676489083,development_holdout,P1,97156,0.9258453591680764,0.5449997941454979,0.4740594496732113,0.24939034542566998,0.5552001735728146,0.9255451344133062,25496,46615,25045,1.1920928977282585e-07,89132b9c6cb5437496dfcec2344f48c9652f89696c548da1ecffc1fa7e8b8292,a5000,09b744a319e63ece4f1a7f13b00e341a17c2f53d,compatible/analyze_UM_V2_DEPTH_123__79a6fd3dbdd9ae7e/metrics.csv
new_p3_training,True,tuned,UM_V2_DEPTH,123,main,3cfd389bbd05ec9201a41c0892e29bf8199198d1b216b9a8061370d4240aa583,bd1488a2d411295d7a2118c50ddcc0b158786123613af1676062e2270d1637d1,9cb89005693b1b70c102178849b740fde00b50c9ba5f3b5530d0e5749ea59837,eca954c21da074c545cb7858315ea39fee0a6f54b19e06474b4f2f91f1666847,490eeb15970ef077ee050323b551cd9c3c5534c257f1febddca9af74ed1cf0a4,6031dc4ee08b61c58b35b1efd7d764739d5c7c54dc7cbe9e9a72a1e4a7098596,675a3086cd6c4f2abd63c7d3acd419ca12dbc861,b9974a8f8c017bb8dcd4b62d614209421269020760d78e9d860a074b8cc9561f,525cc6fe57918bf23b5be3acf4e4927a14fe0231ef41dc49203d8a74b6e52939,main_UM_V2_DEPTH_123_selected,689ad6a0e09be021ba073bd4d38164387a484a252e18f128dfb4a07676489083,development_holdout,P2,88209,0.9307232008867106,0.5427110612295798,0.46736597840720756,0.23530637003957516,0.5571494576420687,0.9307232008867108,22573,43431,22205,1.1920928977282585e-07,e3f7c57ec943bebd2c72fd9a14e72d054ffbcce05445b0fd82869e8aa7261d38,a5000,09b744a319e63ece4f1a7f13b00e341a17c2f53d,compatible/analyze_UM_V2_DEPTH_123__79a6fd3dbdd9ae7e/metrics.csv
new_p3_training,True,tuned,UM_V2_DEPTH,123,main,3cfd389bbd05ec9201a41c0892e29bf8199198d1b216b9a8061370d4240aa583,bd1488a2d411295d7a2118c50ddcc0b158786123613af1676062e2270d1637d1,9cb89005693b1b70c102178849b740fde00b50c9ba5f3b5530d0e5749ea59837,eca954c21da074c545cb7858315ea39fee0a6f54b19e06474b4f2f91f1666847,490eeb15970ef077ee050323b551cd9c3c5534c257f1febddca9af74ed1cf0a4,6031dc4ee08b61c58b35b1efd7d764739d5c7c54dc7cbe9e9a72a1e4a7098596,675a3086cd6c4f2abd63c7d3acd419ca12dbc861,b9974a8f8c017bb8dcd4b62d614209421269020760d78e9d860a074b8cc9561f,525cc6fe57918bf23b5be3acf4e4927a14fe0231ef41dc49203d8a74b6e52939,main_UM_V2_DEPTH_123_selected,689ad6a0e09be021ba073bd4d38164387a484a252e18f128dfb4a07676489083,development_holdout,P3,86588,0.9235532506130064,0.5465537949831385,0.4701424866938065,0.24311788502708673,0.5534677161950448,0.92327120709463,22279,42355,21954,1.1920928977282585e-07,1d87bc17ac0a3399488e5c5ec324165d9032588c37226cf41709e2dd0df6d17d,a5000,09b744a319e63ece4f1a7f13b00e341a17c2f53d,compatible/analyze_UM_V2_DEPTH_123__79a6fd3dbdd9ae7e/metrics.csv
new_p3_training,True,tuned,UM_V2_DEPTH,123,main,3cfd389bbd05ec9201a41c0892e29bf8199198d1b216b9a8061370d4240aa583,bd1488a2d411295d7a2118c50ddcc0b158786123613af1676062e2270d1637d1,9cb89005693b1b70c102178849b740fde00b50c9ba5f3b5530d0e5749ea59837,eca954c21da074c545cb7858315ea39fee0a6f54b19e06474b4f2f91f1666847,490eeb15970ef077ee050323b551cd9c3c5534c257f1febddca9af74ed1cf0a4,6031dc4ee08b61c58b35b1efd7d764739d5c7c54dc7cbe9e9a72a1e4a7098596,675a3086cd6c4f2abd63c7d3acd419ca12dbc861,b9974a8f8c017bb8dcd4b62d614209421269020760d78e9d860a074b8cc9561f,525cc6fe57918bf23b5be3acf4e4927a14fe0231ef41dc49203d8a74b6e52939,main_UM_V2_DEPTH_123_selected,689ad6a0e09be021ba073bd4d38164387a484a252e18f128dfb4a07676489083,validation,P0,50274,0.9152638687225647,0.5561125034809246,0.47660207694737095,0.2465524121423568,0.5456806656019699,0.9152638687225647,12432,25906,11936,1.1920928955078125e-07,8554f7e47896ce912ee25183274a79552172e9c9a53366da0ed794a57786efe0,a5000,09b744a319e63ece4f1a7f13b00e341a17c2f53d,compatible/analyze_UM_V2_DEPTH_123__79a6fd3dbdd9ae7e/metrics.csv
new_p3_training,True,tuned,UM_V2_DEPTH,123,main,3cfd389bbd05ec9201a41c0892e29bf8199198d1b216b9a8061370d4240aa583,bd1488a2d411295d7a2118c50ddcc0b158786123613af1676062e2270d1637d1,9cb89005693b1b70c102178849b740fde00b50c9ba5f3b5530d0e5749ea59837,eca954c21da074c545cb7858315ea39fee0a6f54b19e06474b4f2f91f1666847,490eeb15970ef077ee050323b551cd9c3c5534c257f1febddca9af74ed1cf0a4,6031dc4ee08b61c58b35b1efd7d764739d5c7c54dc7cbe9e9a72a1e4a7098596,675a3086cd6c4f2abd63c7d3acd419ca12dbc861,b9974a8f8c017bb8dcd4b62d614209421269020760d78e9d860a074b8cc9561f,525cc6fe57918bf23b5be3acf4e4927a14fe0231ef41dc49203d8a74b6e52939,main_UM_V2_DEPTH_123_selected,689ad6a0e09be021ba073bd4d38164387a484a252e18f128dfb4a07676489083,validation,P1,48280,0.9105444358661234,0.55503314001657,0.4797502077908451,0.25513811085126553,0.5454072079792329,0.9108718120528202,12341,24081,11858,1.1920928955078125e-07,1bd74161030549bc2f24efe5491eb0d1f7727b652e5253a429e01c853cb585db,a5000,09b744a319e63ece4f1a7f13b00e341a17c2f53d,compatible/analyze_UM_V2_DEPTH_123__79a6fd3dbdd9ae7e/metrics.csv
new_p3_training,True,tuned,UM_V2_DEPTH,123,main,3cfd389bbd05ec9201a41c0892e29bf8199198d1b216b9a8061370d4240aa583,bd1488a2d411295d7a2118c50ddcc0b158786123613af1676062e2270d1637d1,9cb89005693b1b70c102178849b740fde00b50c9ba5f3b5530d0e5749ea59837,eca954c21da074c545cb7858315ea39fee0a6f54b19e06474b4f2f91f1666847,490eeb15970ef077ee050323b551cd9c3c5534c257f1febddca9af74ed1cf0a4,6031dc4ee08b61c58b35b1efd7d764739d5c7c54dc7cbe9e9a72a1e4a7098596,675a3086cd6c4f2abd63c7d3acd419ca12dbc861,b9974a8f8c017bb8dcd4b62d614209421269020760d78e9d860a074b8cc9561f,525cc6fe57918bf23b5be3acf4e4927a14fe0231ef41dc49203d8a74b6e52939,main_UM_V2_DEPTH_123_selected,689ad6a0e09be021ba073bd4d38164387a484a252e18f128dfb4a07676489083,validation,P2,43659,0.9177150611974215,0.5533566962138391,0.47463305626426844,0.24407247480591585,0.5478808571785687,0.9177150611974215,10937,22231,10491,1.1920928955078125e-07,4e484a6acb6ed7305a5ec5513d99f3999c0f2ce27a7b70f8609ef03a2f0fd7ca,a5000,09b744a319e63ece4f1a7f13b00e341a17c2f53d,compatible/analyze_UM_V2_DEPTH_123__79a6fd3dbdd9ae7e/metrics.csv
new_p3_training,True,tuned,UM_V2_DEPTH,123,main,3cfd389bbd05ec9201a41c0892e29bf8199198d1b216b9a8061370d4240aa583,bd1488a2d411295d7a2118c50ddcc0b158786123613af1676062e2270d1637d1,9cb89005693b1b70c102178849b740fde00b50c9ba5f3b5530d0e5749ea59837,eca954c21da074c545cb7858315ea39fee0a6f54b19e06474b4f2f91f1666847,490eeb15970ef077ee050323b551cd9c3c5534c257f1febddca9af74ed1cf0a4,6031dc4ee08b61c58b35b1efd7d764739d5c7c54dc7cbe9e9a72a1e4a7098596,675a3086cd6c4f2abd63c7d3acd419ca12dbc861,b9974a8f8c017bb8dcd4b62d614209421269020760d78e9d860a074b8cc9561f,525cc6fe57918bf23b5be3acf4e4927a14fe0231ef41dc49203d8a74b6e52939,main_UM_V2_DEPTH_123_selected,689ad6a0e09be021ba073bd4d38164387a484a252e18f128dfb4a07676489083,validation,P3,43050,0.9076351304707779,0.556910569105691,0.47756822586462794,0.2511062738585827,0.5437027096910303,0.9081093363147209,10846,21790,10414,1.1920928955078125e-07,6d52c9fbf6be5e14713acbbe54cf789ce18ead615a69e1425ccdf2f2677c4d4b,a5000,09b744a319e63ece4f1a7f13b00e341a17c2f53d,compatible/analyze_UM_V2_DEPTH_123__79a6fd3dbdd9ae7e/metrics.csv
new_p3_training,True,tuned,UM_V2_DEPTH,42,main,3cfd389bbd05ec9201a41c0892e29bf8199198d1b216b9a8061370d4240aa583,bd1488a2d411295d7a2118c50ddcc0b158786123613af1676062e2270d1637d1,9cb89005693b1b70c102178849b740fde00b50c9ba5f3b5530d0e5749ea59837,eca954c21da074c545cb7858315ea39fee0a6f54b19e06474b4f2f91f1666847,490eeb15970ef077ee050323b551cd9c3c5534c257f1febddca9af74ed1cf0a4,6031dc4ee08b61c58b35b1efd7d764739d5c7c54dc7cbe9e9a72a1e4a7098596,675a3086cd6c4f2abd63c7d3acd419ca12dbc861,b9974a8f8c017bb8dcd4b62d614209421269020760d78e9d860a074b8cc9561f,123bb9811fcaf6ce1ce89745b90b119032fb49944ec32126995cac1dde0156ae,selected_UM_V2_DEPTH_42,ef07727c635cccaba76a5388c3aa86d05ffcba029a1b16376f445bde26ab752f,development_holdout,P0,101574,0.9265874105693878,0.547295567763404,0.46602359689072154,0.24004472025565,0.554541025516142,0.9265874105693876,25800,50465,25309,1.1920928977282585e-07,0dc85d22e8e0f74c7b6ec962eed4c96d1cb3a8bab46491e011387f6965f98c1d,a5000,09b744a319e63ece4f1a7f13b00e341a17c2f53d,compatible/analyze_UM_V2_DEPTH_42__c661ad6d504f0109/metrics.csv
new_p3_training,True,tuned,UM_V2_DEPTH,42,main,3cfd389bbd05ec9201a41c0892e29bf8199198d1b216b9a8061370d4240aa583,bd1488a2d411295d7a2118c50ddcc0b158786123613af1676062e2270d1637d1,9cb89005693b1b70c102178849b740fde00b50c9ba5f3b5530d0e5749ea59837,eca954c21da074c545cb7858315ea39fee0a6f54b19e06474b4f2f91f1666847,490eeb15970ef077ee050323b551cd9c3c5534c257f1febddca9af74ed1cf0a4,6031dc4ee08b61c58b35b1efd7d764739d5c7c54dc7cbe9e9a72a1e4a7098596,675a3086cd6c4f2abd63c7d3acd419ca12dbc861,b9974a8f8c017bb8dcd4b62d614209421269020760d78e9d860a074b8cc9561f,123bb9811fcaf6ce1ce89745b90b119032fb49944ec32126995cac1dde0156ae,selected_UM_V2_DEPTH_42,ef07727c635cccaba76a5388c3aa86d05ffcba029a1b16376f445bde26ab752f,development_holdout,P1,97156,0.9274014827841495,0.545699699452427,0.46848557816391917,0.24934866148655993,0.5558922201313133,0.9270552186153986,25496,46615,25045,1.1920928977282585e-07,89132b9c6cb5437496dfcec2344f48c9652f89696c548da1ecffc1fa7e8b8292,a5000,09b744a319e63ece4f1a7f13b00e341a17c2f53d,compatible/analyze_UM_V2_DEPTH_42__c661ad6d504f0109/metrics.csv
new_p3_training,True,tuned,UM_V2_DEPTH,42,main,3cfd389bbd05ec9201a41c0892e29bf8199198d1b216b9a8061370d4240aa583,bd1488a2d411295d7a2118c50ddcc0b158786123613af1676062e2270d1637d1,9cb89005693b1b70c102178849b740fde00b50c9ba5f3b5530d0e5749ea59837,eca954c21da074c545cb7858315ea39fee0a6f54b19e06474b4f2f91f1666847,490eeb15970ef077ee050323b551cd9c3c5534c257f1febddca9af74ed1cf0a4,6031dc4ee08b61c58b35b1efd7d764739d5c7c54dc7cbe9e9a72a1e4a7098596,675a3086cd6c4f2abd63c7d3acd419ca12dbc861,b9974a8f8c017bb8dcd4b62d614209421269020760d78e9d860a074b8cc9561f,123bb9811fcaf6ce1ce89745b90b119032fb49944ec32126995cac1dde0156ae,selected_UM_V2_DEPTH_42,ef07727c635cccaba76a5388c3aa86d05ffcba029a1b16376f445bde26ab752f,development_holdout,P2,88209,0.9305623438329481,0.5443322109988776,0.46385330951590004,0.23620629260302495,0.5571173277552657,0.9305623438329484,22573,43431,22205,1.1920928977282585e-07,e3f7c57ec943bebd2c72fd9a14e72d054ffbcce05445b0fd82869e8aa7261d38,a5000,09b744a319e63ece4f1a7f13b00e341a17c2f53d,compatible/analyze_UM_V2_DEPTH_42__c661ad6d504f0109/metrics.csv
new_p3_training,True,tuned,UM_V2_DEPTH,42,main,3cfd389bbd05ec9201a41c0892e29bf8199198d1b216b9a8061370d4240aa583,bd1488a2d411295d7a2118c50ddcc0b158786123613af1676062e2270d1637d1,9cb89005693b1b70c102178849b740fde00b50c9ba5f3b5530d0e5749ea59837,eca954c21da074c545cb7858315ea39fee0a6f54b19e06474b4f2f91f1666847,490eeb15970ef077ee050323b551cd9c3c5534c257f1febddca9af74ed1cf0a4,6031dc4ee08b61c58b35b1efd7d764739d5c7c54dc7cbe9e9a72a1e4a7098596,675a3086cd6c4f2abd63c7d3acd419ca12dbc861,b9974a8f8c017bb8dcd4b62d614209421269020760d78e9d860a074b8cc9561f,123bb9811fcaf6ce1ce89745b90b119032fb49944ec32126995cac1dde0156ae,selected_UM_V2_DEPTH_42,ef07727c635cccaba76a5388c3aa86d05ffcba029a1b16376f445bde26ab752f,development_holdout,P3,86588,0.9246009677474425,0.5481129024807133,0.4666693592083287,0.24418246783906059,0.5538639923501474,0.9242654369335332,22279,42355,21954,1.1920928977282585e-07,1d87bc17ac0a3399488e5c5ec324165d9032588c37226cf41709e2dd0df6d17d,a5000,09b744a319e63ece4f1a7f13b00e341a17c2f53d,compatible/analyze_UM_V2_DEPTH_42__c661ad6d504f0109/metrics.csv
new_p3_training,True,tuned,UM_V2_DEPTH,42,main,3cfd389bbd05ec9201a41c0892e29bf8199198d1b216b9a8061370d4240aa583,bd1488a2d411295d7a2118c50ddcc0b158786123613af1676062e2270d1637d1,9cb89005693b1b70c102178849b740fde00b50c9ba5f3b5530d0e5749ea59837,eca954c21da074c545cb7858315ea39fee0a6f54b19e06474b4f2f91f1666847,490eeb15970ef077ee050323b551cd9c3c5534c257f1febddca9af74ed1cf0a4,6031dc4ee08b61c58b35b1efd7d764739d5c7c54dc7cbe9e9a72a1e4a7098596,675a3086cd6c4f2abd63c7d3acd419ca12dbc861,b9974a8f8c017bb8dcd4b62d614209421269020760d78e9d860a074b8cc9561f,123bb9811fcaf6ce1ce89745b90b119032fb49944ec32126995cac1dde0156ae,selected_UM_V2_DEPTH_42,ef07727c635cccaba76a5388c3aa86d05ffcba029a1b16376f445bde26ab752f,validation,P0,50274,0.9115446361195624,0.5566694514062935,0.46996707776958263,0.24509339556551893,0.544977087530866,0.9115446361195624,12432,25906,11936,1.1920928955078125e-07,8554f7e47896ce912ee25183274a79552172e9c9a53366da0ed794a57786efe0,a5000,09b744a319e63ece4f1a7f13b00e341a17c2f53d,compatible/analyze_UM_V2_DEPTH_42__c661ad6d504f0109/metrics.csv
new_p3_training,True,tuned,UM_V2_DEPTH,42,main,3cfd389bbd05ec9201a41c0892e29bf8199198d1b216b9a8061370d4240aa583,bd1488a2d411295d7a2118c50ddcc0b158786123613af1676062e2270d1637d1,9cb89005693b1b70c102178849b740fde00b50c9ba5f3b5530d0e5749ea59837,eca954c21da074c545cb7858315ea39fee0a6f54b19e06474b4f2f91f1666847,490eeb15970ef077ee050323b551cd9c3c5534c257f1febddca9af74ed1cf0a4,6031dc4ee08b61c58b35b1efd7d764739d5c7c54dc7cbe9e9a72a1e4a7098596,675a3086cd6c4f2abd63c7d3acd419ca12dbc861,b9974a8f8c017bb8dcd4b62d614209421269020760d78e9d860a074b8cc9561f,123bb9811fcaf6ce1ce89745b90b119032fb49944ec32126995cac1dde0156ae,selected_UM_V2_DEPTH_42,ef07727c635cccaba76a5388c3aa86d05ffcba029a1b16376f445bde26ab752f,validation,P1,48280,0.9120998596276861,0.555281690140845,0.4729174104920304,0.25373262240399347,0.5463463214201151,0.9123960158057004,12341,24081,11858,1.1920928955078125e-07,1bd74161030549bc2f24efe5491eb0d1f7727b652e5253a429e01c853cb585db,a5000,09b744a319e63ece4f1a7f13b00e341a17c2f53d,compatible/analyze_UM_V2_DEPTH_42__c661ad6d504f0109/metrics.csv
new_p3_training,True,tuned,UM_V2_DEPTH,42,main,3cfd389bbd05ec9201a41c0892e29bf8199198d1b216b9a8061370d4240aa583,bd1488a2d411295d7a2118c50ddcc0b158786123613af1676062e2270d1637d1,9cb89005693b1b70c102178849b740fde00b50c9ba5f3b5530d0e5749ea59837,eca954c21da074c545cb7858315ea39fee0a6f54b19e06474b4f2f91f1666847,490eeb15970ef077ee050323b551cd9c3c5534c257f1febddca9af74ed1cf0a4,6031dc4ee08b61c58b35b1efd7d764739d5c7c54dc7cbe9e9a72a1e4a7098596,675a3086cd6c4f2abd63c7d3acd419ca12dbc861,b9974a8f8c017bb8dcd4b62d614209421269020760d78e9d860a074b8cc9561f,123bb9811fcaf6ce1ce89745b90b119032fb49944ec32126995cac1dde0156ae,selected_UM_V2_DEPTH_42,ef07727c635cccaba76a5388c3aa86d05ffcba029a1b16376f445bde26ab752f,validation,P2,43659,0.9145465205085832,0.5537231727707919,0.4689883224869802,0.2423378762075969,0.5474224221523596,0.9145465205085832,10937,22231,10491,1.1920928955078125e-07,4e484a6acb6ed7305a5ec5513d99f3999c0f2ce27a7b70f8609ef03a2f0fd7ca,a5000,09b744a319e63ece4f1a7f13b00e341a17c2f53d,compatible/analyze_UM_V2_DEPTH_42__c661ad6d504f0109/metrics.csv
new_p3_training,True,tuned,UM_V2_DEPTH,42,main,3cfd389bbd05ec9201a41c0892e29bf8199198d1b216b9a8061370d4240aa583,bd1488a2d411295d7a2118c50ddcc0b158786123613af1676062e2270d1637d1,9cb89005693b1b70c102178849b740fde00b50c9ba5f3b5530d0e5749ea59837,eca954c21da074c545cb7858315ea39fee0a6f54b19e06474b4f2f91f1666847,490eeb15970ef077ee050323b551cd9c3c5534c257f1febddca9af74ed1cf0a4,6031dc4ee08b61c58b35b1efd7d764739d5c7c54dc7cbe9e9a72a1e4a7098596,675a3086cd6c4f2abd63c7d3acd419ca12dbc861,b9974a8f8c017bb8dcd4b62d614209421269020760d78e9d860a074b8cc9561f,123bb9811fcaf6ce1ce89745b90b119032fb49944ec32126995cac1dde0156ae,selected_UM_V2_DEPTH_42,ef07727c635cccaba76a5388c3aa86d05ffcba029a1b16376f445bde26ab752f,validation,P3,43050,0.9088314200021372,0.5570731707317074,0.47182240011527316,0.24920892380339263,0.544456653237594,0.9092551239064578,10846,21790,10414,1.1920928955078125e-07,6d52c9fbf6be5e14713acbbe54cf789ce18ead615a69e1425ccdf2f2677c4d4b,a5000,09b744a319e63ece4f1a7f13b00e341a17c2f53d,compatible/analyze_UM_V2_DEPTH_42__c661ad6d504f0109/metrics.csv
new_p3_training,True,tuned,UM_V2_DEPTH,7,main,3cfd389bbd05ec9201a41c0892e29bf8199198d1b216b9a8061370d4240aa583,bd1488a2d411295d7a2118c50ddcc0b158786123613af1676062e2270d1637d1,9cb89005693b1b70c102178849b740fde00b50c9ba5f3b5530d0e5749ea59837,eca954c21da074c545cb7858315ea39fee0a6f54b19e06474b4f2f91f1666847,490eeb15970ef077ee050323b551cd9c3c5534c257f1febddca9af74ed1cf0a4,6031dc4ee08b61c58b35b1efd7d764739d5c7c54dc7cbe9e9a72a1e4a7098596,675a3086cd6c4f2abd63c7d3acd419ca12dbc861,b9974a8f8c017bb8dcd4b62d614209421269020760d78e9d860a074b8cc9561f,a54de0a0556bcacdeff3fc717119b73c28b6fa0f45ab4183f3eb52e5899b5665,main_UM_V2_DEPTH_7_selected,19f20fdd8d2191b57dce075e9ffa5fbcfedbfc91b56a23576df1bd13fc4f3159,development_holdout,P0,101574,0.9249170205318155,0.5463307539330932,0.47463588468985646,0.2443738729376976,0.5539407574626396,0.9249170205318156,25800,50465,25309,1.1920928932873665e-07,0dc85d22e8e0f74c7b6ec962eed4c96d1cb3a8bab46491e011387f6965f98c1d,a5000,09b744a319e63ece4f1a7f13b00e341a17c2f53d,compatible/analyze_UM_V2_DEPTH_7__025b951727a33c6b/metrics.csv
new_p3_training,True,tuned,UM_V2_DEPTH,7,main,3cfd389bbd05ec9201a41c0892e29bf8199198d1b216b9a8061370d4240aa583,bd1488a2d411295d7a2118c50ddcc0b158786123613af1676062e2270d1637d1,9cb89005693b1b70c102178849b740fde00b50c9ba5f3b5530d0e5749ea59837,eca954c21da074c545cb7858315ea39fee0a6f54b19e06474b4f2f91f1666847,490eeb15970ef077ee050323b551cd9c3c5534c257f1febddca9af74ed1cf0a4,6031dc4ee08b61c58b35b1efd7d764739d5c7c54dc7cbe9e9a72a1e4a7098596,675a3086cd6c4f2abd63c7d3acd419ca12dbc861,b9974a8f8c017bb8dcd4b62d614209421269020760d78e9d860a074b8cc9561f,a54de0a0556bcacdeff3fc717119b73c28b6fa0f45ab4183f3eb52e5899b5665,main_UM_V2_DEPTH_7_selected,19f20fdd8d2191b57dce075e9ffa5fbcfedbfc91b56a23576df1bd13fc4f3159,development_holdout,P1,97156,0.9236240213358413,0.5460496521058915,0.4781224815054706,0.2543293390503191,0.5540270663973363,0.9232996745503391,25496,46615,25045,1.1920928932873665e-07,89132b9c6cb5437496dfcec2344f48c9652f89696c548da1ecffc1fa7e8b8292,a5000,09b744a319e63ece4f1a7f13b00e341a17c2f53d,compatible/analyze_UM_V2_DEPTH_7__025b951727a33c6b/metrics.csv
new_p3_training,True,tuned,UM_V2_DEPTH,7,main,3cfd389bbd05ec9201a41c0892e29bf8199198d1b216b9a8061370d4240aa583,bd1488a2d411295d7a2118c50ddcc0b158786123613af1676062e2270d1637d1,9cb89005693b1b70c102178849b740fde00b50c9ba5f3b5530d0e5749ea59837,eca954c21da074c545cb7858315ea39fee0a6f54b19e06474b4f2f91f1666847,490eeb15970ef077ee050323b551cd9c3c5534c257f1febddca9af74ed1cf0a4,6031dc4ee08b61c58b35b1efd7d764739d5c7c54dc7cbe9e9a72a1e4a7098596,675a3086cd6c4f2abd63c7d3acd419ca12dbc861,b9974a8f8c017bb8dcd4b62d614209421269020760d78e9d860a074b8cc9561f,a54de0a0556bcacdeff3fc717119b73c28b6fa0f45ab4183f3eb52e5899b5665,main_UM_V2_DEPTH_7_selected,19f20fdd8d2191b57dce075e9ffa5fbcfedbfc91b56a23576df1bd13fc4f3159,development_holdout,P2,88209,0.9280293183838983,0.5438674058202678,0.4711886005983817,0.24101685578105722,0.5558340901536892,0.9280293183838985,22573,43431,22205,1.1920928932873665e-07,e3f7c57ec943bebd2c72fd9a14e72d054ffbcce05445b0fd82869e8aa7261d38,a5000,09b744a319e63ece4f1a7f13b00e341a17c2f53d,compatible/analyze_UM_V2_DEPTH_7__025b951727a33c6b/metrics.csv
new_p3_training,True,tuned,UM_V2_DEPTH,7,main,3cfd389bbd05ec9201a41c0892e29bf8199198d1b216b9a8061370d4240aa583,bd1488a2d411295d7a2118c50ddcc0b158786123613af1676062e2270d1637d1,9cb89005693b1b70c102178849b740fde00b50c9ba5f3b5530d0e5749ea59837,eca954c21da074c545cb7858315ea39fee0a6f54b19e06474b4f2f91f1666847,490eeb15970ef077ee050323b551cd9c3c5534c257f1febddca9af74ed1cf0a4,6031dc4ee08b61c58b35b1efd7d764739d5c7c54dc7cbe9e9a72a1e4a7098596,675a3086cd6c4f2abd63c7d3acd419ca12dbc861,b9974a8f8c017bb8dcd4b62d614209421269020760d78e9d860a074b8cc9561f,a54de0a0556bcacdeff3fc717119b73c28b6fa0f45ab4183f3eb52e5899b5665,main_UM_V2_DEPTH_7_selected,19f20fdd8d2191b57dce075e9ffa5fbcfedbfc91b56a23576df1bd13fc4f3159,development_holdout,P3,86588,0.9214145281520703,0.5475585531482422,0.47417596742143236,0.248411204737845,0.5523448255405885,0.9211007371291388,22279,42355,21954,1.1920928932873665e-07,1d87bc17ac0a3399488e5c5ec324165d9032588c37226cf41709e2dd0df6d17d,a5000,09b744a319e63ece4f1a7f13b00e341a17c2f53d,compatible/analyze_UM_V2_DEPTH_7__025b951727a33c6b/metrics.csv
new_p3_training,True,tuned,UM_V2_DEPTH,7,main,3cfd389bbd05ec9201a41c0892e29bf8199198d1b216b9a8061370d4240aa583,bd1488a2d411295d7a2118c50ddcc0b158786123613af1676062e2270d1637d1,9cb89005693b1b70c102178849b740fde00b50c9ba5f3b5530d0e5749ea59837,eca954c21da074c545cb7858315ea39fee0a6f54b19e06474b4f2f91f1666847,490eeb15970ef077ee050323b551cd9c3c5534c257f1febddca9af74ed1cf0a4,6031dc4ee08b61c58b35b1efd7d764739d5c7c54dc7cbe9e9a72a1e4a7098596,675a3086cd6c4f2abd63c7d3acd419ca12dbc861,b9974a8f8c017bb8dcd4b62d614209421269020760d78e9d860a074b8cc9561f,a54de0a0556bcacdeff3fc717119b73c28b6fa0f45ab4183f3eb52e5899b5665,main_UM_V2_DEPTH_7_selected,19f20fdd8d2191b57dce075e9ffa5fbcfedbfc91b56a23576df1bd13fc4f3159,validation,P0,50274,0.9088870394158562,0.5556152285475594,0.4787495965556759,0.24984218582607173,0.5440904930706367,0.9088870394158564,12432,25906,11936,1.1920928932873665e-07,8554f7e47896ce912ee25183274a79552172e9c9a53366da0ed794a57786efe0,a5000,09b744a319e63ece4f1a7f13b00e341a17c2f53d,compatible/analyze_UM_V2_DEPTH_7__025b951727a33c6b/metrics.csv
new_p3_training,True,tuned,UM_V2_DEPTH,7,main,3cfd389bbd05ec9201a41c0892e29bf8199198d1b216b9a8061370d4240aa583,bd1488a2d411295d7a2118c50ddcc0b158786123613af1676062e2270d1637d1,9cb89005693b1b70c102178849b740fde00b50c9ba5f3b5530d0e5749ea59837,eca954c21da074c545cb7858315ea39fee0a6f54b19e06474b4f2f91f1666847,490eeb15970ef077ee050323b551cd9c3c5534c257f1febddca9af74ed1cf0a4,6031dc4ee08b61c58b35b1efd7d764739d5c7c54dc7cbe9e9a72a1e4a7098596,675a3086cd6c4f2abd63c7d3acd419ca12dbc861,b9974a8f8c017bb8dcd4b62d614209421269020760d78e9d860a074b8cc9561f,a54de0a0556bcacdeff3fc717119b73c28b6fa0f45ab4183f3eb52e5899b5665,main_UM_V2_DEPTH_7_selected,19f20fdd8d2191b57dce075e9ffa5fbcfedbfc91b56a23576df1bd13fc4f3159,validation,P1,48280,0.9092154485289481,0.5548053024026512,0.48200364877127716,0.2581571201446352,0.5449517508109707,0.9095438634877944,12341,24081,11858,1.1920928932873665e-07,1bd74161030549bc2f24efe5491eb0d1f7727b652e5253a429e01c853cb585db,a5000,09b744a319e63ece4f1a7f13b00e341a17c2f53d,compatible/analyze_UM_V2_DEPTH_7__025b951727a33c6b/metrics.csv
new_p3_training,True,tuned,UM_V2_DEPTH,7,main,3cfd389bbd05ec9201a41c0892e29bf8199198d1b216b9a8061370d4240aa583,bd1488a2d411295d7a2118c50ddcc0b158786123613af1676062e2270d1637d1,9cb89005693b1b70c102178849b740fde00b50c9ba5f3b5530d0e5749ea59837,eca954c21da074c545cb7858315ea39fee0a6f54b19e06474b4f2f91f1666847,490eeb15970ef077ee050323b551cd9c3c5534c257f1febddca9af74ed1cf0a4,6031dc4ee08b61c58b35b1efd7d764739d5c7c54dc7cbe9e9a72a1e4a7098596,675a3086cd6c4f2abd63c7d3acd419ca12dbc861,b9974a8f8c017bb8dcd4b62d614209421269020760d78e9d860a074b8cc9561f,a54de0a0556bcacdeff3fc717119b73c28b6fa0f45ab4183f3eb52e5899b5665,main_UM_V2_DEPTH_7_selected,19f20fdd8d2191b57dce075e9ffa5fbcfedbfc91b56a23576df1bd13fc4f3159,validation,P2,43659,0.9116238551468555,0.5527153622391717,0.47565691734365023,0.24662911011518376,0.5461880803894235,0.9116238551468556,10937,22231,10491,1.1920928932873665e-07,4e484a6acb6ed7305a5ec5513d99f3999c0f2ce27a7b70f8609ef03a2f0fd7ca,a5000,09b744a319e63ece4f1a7f13b00e341a17c2f53d,compatible/analyze_UM_V2_DEPTH_7__025b951727a33c6b/metrics.csv
new_p3_training,True,tuned,UM_V2_DEPTH,7,main,3cfd389bbd05ec9201a41c0892e29bf8199198d1b216b9a8061370d4240aa583,bd1488a2d411295d7a2118c50ddcc0b158786123613af1676062e2270d1637d1,9cb89005693b1b70c102178849b740fde00b50c9ba5f3b5530d0e5749ea59837,eca954c21da074c545cb7858315ea39fee0a6f54b19e06474b4f2f91f1666847,490eeb15970ef077ee050323b551cd9c3c5534c257f1febddca9af74ed1cf0a4,6031dc4ee08b61c58b35b1efd7d764739d5c7c54dc7cbe9e9a72a1e4a7098596,675a3086cd6c4f2abd63c7d3acd419ca12dbc861,b9974a8f8c017bb8dcd4b62d614209421269020760d78e9d860a074b8cc9561f,a54de0a0556bcacdeff3fc717119b73c28b6fa0f45ab4183f3eb52e5899b5665,main_UM_V2_DEPTH_7_selected,19f20fdd8d2191b57dce075e9ffa5fbcfedbfc91b56a23576df1bd13fc4f3159,validation,P3,43050,0.9068971939121221,0.5558188153310104,0.4783003884476993,0.2527168252863443,0.5436216234810687,0.9073526293163204,10846,21790,10414,1.1920928932873665e-07,6d52c9fbf6be5e14713acbbe54cf789ce18ead615a69e1425ccdf2f2677c4d4b,a5000,09b744a319e63ece4f1a7f13b00e341a17c2f53d,compatible/analyze_UM_V2_DEPTH_7__025b951727a33c6b/metrics.csv
new_p3_training,True,tuned,UX,123,main,3cfd389bbd05ec9201a41c0892e29bf8199198d1b216b9a8061370d4240aa583,bd1488a2d411295d7a2118c50ddcc0b158786123613af1676062e2270d1637d1,9cb89005693b1b70c102178849b740fde00b50c9ba5f3b5530d0e5749ea59837,eca954c21da074c545cb7858315ea39fee0a6f54b19e06474b4f2f91f1666847,490eeb15970ef077ee050323b551cd9c3c5534c257f1febddca9af74ed1cf0a4,6031dc4ee08b61c58b35b1efd7d764739d5c7c54dc7cbe9e9a72a1e4a7098596,675a3086cd6c4f2abd63c7d3acd419ca12dbc861,b9974a8f8c017bb8dcd4b62d614209421269020760d78e9d860a074b8cc9561f,42b54323624e9f9a7366508fea495a4c49671e2f80a6183601da000a164b0ab1,main_UX_123_selected,aba7b10877b0a6a2eabe98fd5ec0eddfeaaaf3ffc272e3053e7a5f5b4c07ca6e,development_holdout,P0,101574,0.929107287903141,0.5434756925984996,0.4733091865033007,0.24019471736933093,0.5556816735029516,0.9291072879031409,25800,50465,25309,1.1920928955078125e-07,0dc85d22e8e0f74c7b6ec962eed4c96d1cb3a8bab46491e011387f6965f98c1d,a5000,09b744a319e63ece4f1a7f13b00e341a17c2f53d,compatible/analyze_UX_123__dfc4ff1598b37286/metrics.csv
new_p3_training,True,tuned,UX,123,main,3cfd389bbd05ec9201a41c0892e29bf8199198d1b216b9a8061370d4240aa583,bd1488a2d411295d7a2118c50ddcc0b158786123613af1676062e2270d1637d1,9cb89005693b1b70c102178849b740fde00b50c9ba5f3b5530d0e5749ea59837,eca954c21da074c545cb7858315ea39fee0a6f54b19e06474b4f2f91f1666847,490eeb15970ef077ee050323b551cd9c3c5534c257f1febddca9af74ed1cf0a4,6031dc4ee08b61c58b35b1efd7d764739d5c7c54dc7cbe9e9a72a1e4a7098596,675a3086cd6c4f2abd63c7d3acd419ca12dbc861,b9974a8f8c017bb8dcd4b62d614209421269020760d78e9d860a074b8cc9561f,42b54323624e9f9a7366508fea495a4c49671e2f80a6183601da000a164b0ab1,main_UX_123_selected,aba7b10877b0a6a2eabe98fd5ec0eddfeaaaf3ffc272e3053e7a5f5b4c07ca6e,development_holdout,P1,97156,0.9256150054566055,0.5432603236032773,0.4766810524816094,0.2498810282923093,0.5553051685501456,0.9252846564758064,25496,46615,25045,1.1920928955078125e-07,89132b9c6cb5437496dfcec2344f48c9652f89696c548da1ecffc1fa7e8b8292,a5000,09b744a319e63ece4f1a7f13b00e341a17c2f53d,compatible/analyze_UX_123__dfc4ff1598b37286/metrics.csv
new_p3_training,True,tuned,UX,123,main,3cfd389bbd05ec9201a41c0892e29bf8199198d1b216b9a8061370d4240aa583,bd1488a2d411295d7a2118c50ddcc0b158786123613af1676062e2270d1637d1,9cb89005693b1b70c102178849b740fde00b50c9ba5f3b5530d0e5749ea59837,eca954c21da074c545cb7858315ea39fee0a6f54b19e06474b4f2f91f1666847,490eeb15970ef077ee050323b551cd9c3c5534c257f1febddca9af74ed1cf0a4,6031dc4ee08b61c58b35b1efd7d764739d5c7c54dc7cbe9e9a72a1e4a7098596,675a3086cd6c4f2abd63c7d3acd419ca12dbc861,b9974a8f8c017bb8dcd4b62d614209421269020760d78e9d860a074b8cc9561f,42b54323624e9f9a7366508fea495a4c49671e2f80a6183601da000a164b0ab1,main_UX_123_selected,aba7b10877b0a6a2eabe98fd5ec0eddfeaaaf3ffc272e3053e7a5f5b4c07ca6e,development_holdout,P2,88209,0.9321484092791376,0.5399222301579204,0.4692693312760234,0.2351824447833292,0.557735836096222,0.9321484092791374,22573,43431,22205,1.1920928955078125e-07,e3f7c57ec943bebd2c72fd9a14e72d054ffbcce05445b0fd82869e8aa7261d38,a5000,09b744a319e63ece4f1a7f13b00e341a17c2f53d,compatible/analyze_UX_123__dfc4ff1598b37286/metrics.csv
new_p3_training,True,tuned,UX,123,main,3cfd389bbd05ec9201a41c0892e29bf8199198d1b216b9a8061370d4240aa583,bd1488a2d411295d7a2118c50ddcc0b158786123613af1676062e2270d1637d1,9cb89005693b1b70c102178849b740fde00b50c9ba5f3b5530d0e5749ea59837,eca954c21da074c545cb7858315ea39fee0a6f54b19e06474b4f2f91f1666847,490eeb15970ef077ee050323b551cd9c3c5534c257f1febddca9af74ed1cf0a4,6031dc4ee08b61c58b35b1efd7d764739d5c7c54dc7cbe9e9a72a1e4a7098596,675a3086cd6c4f2abd63c7d3acd419ca12dbc861,b9974a8f8c017bb8dcd4b62d614209421269020760d78e9d860a074b8cc9561f,42b54323624e9f9a7366508fea495a4c49671e2f80a6183601da000a164b0ab1,main_UX_123_selected,aba7b10877b0a6a2eabe98fd5ec0eddfeaaaf3ffc272e3053e7a5f5b4c07ca6e,development_holdout,P3,86588,0.9236713737959938,0.5440707719314455,0.4723632704815059,0.24298165015730272,0.553813924565966,0.9233444129141757,22279,42355,21954,1.1920928955078125e-07,1d87bc17ac0a3399488e5c5ec324165d9032588c37226cf41709e2dd0df6d17d,a5000,09b744a319e63ece4f1a7f13b00e341a17c2f53d,compatible/analyze_UX_123__dfc4ff1598b37286/metrics.csv
new_p3_training,True,tuned,UX,123,main,3cfd389bbd05ec9201a41c0892e29bf8199198d1b216b9a8061370d4240aa583,bd1488a2d411295d7a2118c50ddcc0b158786123613af1676062e2270d1637d1,9cb89005693b1b70c102178849b740fde00b50c9ba5f3b5530d0e5749ea59837,eca954c21da074c545cb7858315ea39fee0a6f54b19e06474b4f2f91f1666847,490eeb15970ef077ee050323b551cd9c3c5534c257f1febddca9af74ed1cf0a4,6031dc4ee08b61c58b35b1efd7d764739d5c7c54dc7cbe9e9a72a1e4a7098596,675a3086cd6c4f2abd63c7d3acd419ca12dbc861,b9974a8f8c017bb8dcd4b62d614209421269020760d78e9d860a074b8cc9561f,42b54323624e9f9a7366508fea495a4c49671e2f80a6183601da000a164b0ab1,main_UX_123_selected,aba7b10877b0a6a2eabe98fd5ec0eddfeaaaf3ffc272e3053e7a5f5b4c07ca6e,validation,P0,50274,0.9424788158889232,0.5584397501690734,0.4792629198357227,0.2505129699801928,0.5471204512902798,0.9424788158889233,12432,25906,11936,1.1920928988384816e-07,8554f7e47896ce912ee25183274a79552172e9c9a53366da0ed794a57786efe0,a5000,09b744a319e63ece4f1a7f13b00e341a17c2f53d,compatible/analyze_UX_123__dfc4ff1598b37286/metrics.csv
new_p3_training,True,tuned,UX,123,main,3cfd389bbd05ec9201a41c0892e29bf8199198d1b216b9a8061370d4240aa583,bd1488a2d411295d7a2118c50ddcc0b158786123613af1676062e2270d1637d1,9cb89005693b1b70c102178849b740fde00b50c9ba5f3b5530d0e5749ea59837,eca954c21da074c545cb7858315ea39fee0a6f54b19e06474b4f2f91f1666847,490eeb15970ef077ee050323b551cd9c3c5534c257f1febddca9af74ed1cf0a4,6031dc4ee08b61c58b35b1efd7d764739d5c7c54dc7cbe9e9a72a1e4a7098596,675a3086cd6c4f2abd63c7d3acd419ca12dbc861,b9974a8f8c017bb8dcd4b62d614209421269020760d78e9d860a074b8cc9561f,42b54323624e9f9a7366508fea495a4c49671e2f80a6183601da000a164b0ab1,main_UX_123_selected,aba7b10877b0a6a2eabe98fd5ec0eddfeaaaf3ffc272e3053e7a5f5b4c07ca6e,validation,P1,48280,0.9102886646671746,0.5576014913007457,0.48258930492838875,0.259507384944369,0.5452835242004912,0.9106562172276438,12341,24081,11858,1.1920928988384816e-07,1bd74161030549bc2f24efe5491eb0d1f7727b652e5253a429e01c853cb585db,a5000,09b744a319e63ece4f1a7f13b00e341a17c2f53d,compatible/analyze_UX_123__dfc4ff1598b37286/metrics.csv
new_p3_training,True,tuned,UX,123,main,3cfd389bbd05ec9201a41c0892e29bf8199198d1b216b9a8061370d4240aa583,bd1488a2d411295d7a2118c50ddcc0b158786123613af1676062e2270d1637d1,9cb89005693b1b70c102178849b740fde00b50c9ba5f3b5530d0e5749ea59837,eca954c21da074c545cb7858315ea39fee0a6f54b19e06474b4f2f91f1666847,490eeb15970ef077ee050323b551cd9c3c5534c257f1febddca9af74ed1cf0a4,6031dc4ee08b61c58b35b1efd7d764739d5c7c54dc7cbe9e9a72a1e4a7098596,675a3086cd6c4f2abd63c7d3acd419ca12dbc861,b9974a8f8c017bb8dcd4b62d614209421269020760d78e9d860a074b8cc9561f,42b54323624e9f9a7366508fea495a4c49671e2f80a6183601da000a164b0ab1,main_UX_123_selected,aba7b10877b0a6a2eabe98fd5ec0eddfeaaaf3ffc272e3053e7a5f5b4c07ca6e,validation,P2,43659,0.9436199855760148,0.5558762225428893,0.47681879229556756,0.24828317467462951,0.549114688597865,0.9436199855760146,10937,22231,10491,1.1920928977282585e-07,4e484a6acb6ed7305a5ec5513d99f3999c0f2ce27a7b70f8609ef03a2f0fd7ca,a5000,09b744a319e63ece4f1a7f13b00e341a17c2f53d,compatible/analyze_UX_123__dfc4ff1598b37286/metrics.csv
new_p3_training,True,tuned,UX,123,main,3cfd389bbd05ec9201a41c0892e29bf8199198d1b216b9a8061370d4240aa583,bd1488a2d411295d7a2118c50ddcc0b158786123613af1676062e2270d1637d1,9cb89005693b1b70c102178849b740fde00b50c9ba5f3b5530d0e5749ea59837,eca954c21da074c545cb7858315ea39fee0a6f54b19e06474b4f2f91f1666847,490eeb15970ef077ee050323b551cd9c3c5534c257f1febddca9af74ed1cf0a4,6031dc4ee08b61c58b35b1efd7d764739d5c7c54dc7cbe9e9a72a1e4a7098596,675a3086cd6c4f2abd63c7d3acd419ca12dbc861,b9974a8f8c017bb8dcd4b62d614209421269020760d78e9d860a074b8cc9561f,42b54323624e9f9a7366508fea495a4c49671e2f80a6183601da000a164b0ab1,main_UX_123_selected,aba7b10877b0a6a2eabe98fd5ec0eddfeaaaf3ffc272e3053e7a5f5b4c07ca6e,validation,P3,43050,0.9078592134417888,0.559465737514518,0.4798257776071628,0.25541903321879955,0.543801494298834,0.9083573968233097,10846,21790,10414,1.1920928977282585e-07,6d52c9fbf6be5e14713acbbe54cf789ce18ead615a69e1425ccdf2f2677c4d4b,a5000,09b744a319e63ece4f1a7f13b00e341a17c2f53d,compatible/analyze_UX_123__dfc4ff1598b37286/metrics.csv
new_p3_training,True,tuned,UX,42,main,3cfd389bbd05ec9201a41c0892e29bf8199198d1b216b9a8061370d4240aa583,bd1488a2d411295d7a2118c50ddcc0b158786123613af1676062e2270d1637d1,9cb89005693b1b70c102178849b740fde00b50c9ba5f3b5530d0e5749ea59837,eca954c21da074c545cb7858315ea39fee0a6f54b19e06474b4f2f91f1666847,490eeb15970ef077ee050323b551cd9c3c5534c257f1febddca9af74ed1cf0a4,6031dc4ee08b61c58b35b1efd7d764739d5c7c54dc7cbe9e9a72a1e4a7098596,675a3086cd6c4f2abd63c7d3acd419ca12dbc861,b9974a8f8c017bb8dcd4b62d614209421269020760d78e9d860a074b8cc9561f,3131542d9f3171811b323e9b1e2e488c3b6109355f38f6c39b2b9a10d712a53a,selected_UX_42,4f2034b628ab11b3710a49a566a80586c31eab2fbcabb2278613a147c8f03c82,development_holdout,P0,101574,0.9275814287366954,0.5440467048654183,0.47345650204036654,0.2406350692139182,0.5553274661608876,0.9275814287366956,25800,50465,25309,1.1920928977282585e-07,0dc85d22e8e0f74c7b6ec962eed4c96d1cb3a8bab46491e011387f6965f98c1d,a5000,09b744a319e63ece4f1a7f13b00e341a17c2f53d,compatible/analyze_UX_42__14564daca410fbf2/metrics.csv
new_p3_training,True,tuned,UX,42,main,3cfd389bbd05ec9201a41c0892e29bf8199198d1b216b9a8061370d4240aa583,bd1488a2d411295d7a2118c50ddcc0b158786123613af1676062e2270d1637d1,9cb89005693b1b70c102178849b740fde00b50c9ba5f3b5530d0e5749ea59837,eca954c21da074c545cb7858315ea39fee0a6f54b19e06474b4f2f91f1666847,490eeb15970ef077ee050323b551cd9c3c5534c257f1febddca9af74ed1cf0a4,6031dc4ee08b61c58b35b1efd7d764739d5c7c54dc7cbe9e9a72a1e4a7098596,675a3086cd6c4f2abd63c7d3acd419ca12dbc861,b9974a8f8c017bb8dcd4b62d614209421269020760d78e9d860a074b8cc9561f,3131542d9f3171811b323e9b1e2e488c3b6109355f38f6c39b2b9a10d712a53a,selected_UX_42,4f2034b628ab11b3710a49a566a80586c31eab2fbcabb2278613a147c8f03c82,development_holdout,P1,97156,0.9254812345692396,0.5438264234838815,0.47685880892712,0.2504868542717799,0.5552369060035882,0.9251734877990724,25496,46615,25045,1.1920928977282585e-07,89132b9c6cb5437496dfcec2344f48c9652f89696c548da1ecffc1fa7e8b8292,a5000,09b744a319e63ece4f1a7f13b00e341a17c2f53d,compatible/analyze_UX_42__14564daca410fbf2/metrics.csv
new_p3_training,True,tuned,UX,42,main,3cfd389bbd05ec9201a41c0892e29bf8199198d1b216b9a8061370d4240aa583,bd1488a2d411295d7a2118c50ddcc0b158786123613af1676062e2270d1637d1,9cb89005693b1b70c102178849b740fde00b50c9ba5f3b5530d0e5749ea59837,eca954c21da074c545cb7858315ea39fee0a6f54b19e06474b4f2f91f1666847,490eeb15970ef077ee050323b551cd9c3c5534c257f1febddca9af74ed1cf0a4,6031dc4ee08b61c58b35b1efd7d764739d5c7c54dc7cbe9e9a72a1e4a7098596,675a3086cd6c4f2abd63c7d3acd419ca12dbc861,b9974a8f8c017bb8dcd4b62d614209421269020760d78e9d860a074b8cc9561f,3131542d9f3171811b323e9b1e2e488c3b6109355f38f6c39b2b9a10d712a53a,selected_UX_42,4f2034b628ab11b3710a49a566a80586c31eab2fbcabb2278613a147c8f03c82,development_holdout,P2,88209,0.9304073715139376,0.5410445646135882,0.46967562864669654,0.23650788296689812,0.5572047004528391,0.9304073715139376,22573,43431,22205,1.1920928977282585e-07,e3f7c57ec943bebd2c72fd9a14e72d054ffbcce05445b0fd82869e8aa7261d38,a5000,09b744a319e63ece4f1a7f13b00e341a17c2f53d,compatible/analyze_UX_42__14564daca410fbf2/metrics.csv
new_p3_training,True,tuned,UX,42,main,3cfd389bbd05ec9201a41c0892e29bf8199198d1b216b9a8061370d4240aa583,bd1488a2d411295d7a2118c50ddcc0b158786123613af1676062e2270d1637d1,9cb89005693b1b70c102178849b740fde00b50c9ba5f3b5530d0e5749ea59837,eca954c21da074c545cb7858315ea39fee0a6f54b19e06474b4f2f91f1666847,490eeb15970ef077ee050323b551cd9c3c5534c257f1febddca9af74ed1cf0a4,6031dc4ee08b61c58b35b1efd7d764739d5c7c54dc7cbe9e9a72a1e4a7098596,675a3086cd6c4f2abd63c7d3acd419ca12dbc861,b9974a8f8c017bb8dcd4b62d614209421269020760d78e9d860a074b8cc9561f,3131542d9f3171811b323e9b1e2e488c3b6109355f38f6c39b2b9a10d712a53a,selected_UX_42,4f2034b628ab11b3710a49a566a80586c31eab2fbcabb2278613a147c8f03c82,development_holdout,P3,86588,0.9233164196971156,0.5449715895967109,0.4726365873737965,0.24410485905605958,0.5536297892215957,0.923003657295668,22279,42355,21954,1.1920928977282585e-07,1d87bc17ac0a3399488e5c5ec324165d9032588c37226cf41709e2dd0df6d17d,a5000,09b744a319e63ece4f1a7f13b00e341a17c2f53d,compatible/analyze_UX_42__14564daca410fbf2/metrics.csv
new_p3_training,True,tuned,UX,42,main,3cfd389bbd05ec9201a41c0892e29bf8199198d1b216b9a8061370d4240aa583,bd1488a2d411295d7a2118c50ddcc0b158786123613af1676062e2270d1637d1,9cb89005693b1b70c102178849b740fde00b50c9ba5f3b5530d0e5749ea59837,eca954c21da074c545cb7858315ea39fee0a6f54b19e06474b4f2f91f1666847,490eeb15970ef077ee050323b551cd9c3c5534c257f1febddca9af74ed1cf0a4,6031dc4ee08b61c58b35b1efd7d764739d5c7c54dc7cbe9e9a72a1e4a7098596,675a3086cd6c4f2abd63c7d3acd419ca12dbc861,b9974a8f8c017bb8dcd4b62d614209421269020760d78e9d860a074b8cc9561f,3131542d9f3171811b323e9b1e2e488c3b6109355f38f6c39b2b9a10d712a53a,selected_UX_42,4f2034b628ab11b3710a49a566a80586c31eab2fbcabb2278613a147c8f03c82,validation,P0,50274,0.9269896928834632,0.5581413852090544,0.47598135978060546,0.2474167855282255,0.5462480682250339,0.9269896928834633,12432,25906,11936,1.1920928955078125e-07,8554f7e47896ce912ee25183274a79552172e9c9a53366da0ed794a57786efe0,a5000,09b744a319e63ece4f1a7f13b00e341a17c2f53d,compatible/analyze_UX_42__14564daca410fbf2/metrics.csv
new_p3_training,True,tuned,UX,42,main,3cfd389bbd05ec9201a41c0892e29bf8199198d1b216b9a8061370d4240aa583,bd1488a2d411295d7a2118c50ddcc0b158786123613af1676062e2270d1637d1,9cb89005693b1b70c102178849b740fde00b50c9ba5f3b5530d0e5749ea59837,eca954c21da074c545cb7858315ea39fee0a6f54b19e06474b4f2f91f1666847,490eeb15970ef077ee050323b551cd9c3c5534c257f1febddca9af74ed1cf0a4,6031dc4ee08b61c58b35b1efd7d764739d5c7c54dc7cbe9e9a72a1e4a7098596,675a3086cd6c4f2abd63c7d3acd419ca12dbc861,b9974a8f8c017bb8dcd4b62d614209421269020760d78e9d860a074b8cc9561f,3131542d9f3171811b323e9b1e2e488c3b6109355f38f6c39b2b9a10d712a53a,selected_UX_42,4f2034b628ab11b3710a49a566a80586c31eab2fbcabb2278613a147c8f03c82,validation,P1,48280,0.9097344970230378,0.5570422535211268,0.47920815194356664,0.2565294444449976,0.5450383357785287,0.9100420411872743,12341,24081,11858,1.1920928955078125e-07,1bd74161030549bc2f24efe5491eb0d1f7727b652e5253a429e01c853cb585db,a5000,09b744a319e63ece4f1a7f13b00e341a17c2f53d,compatible/analyze_UX_42__14564daca410fbf2/metrics.csv
new_p3_training,True,tuned,UX,42,main,3cfd389bbd05ec9201a41c0892e29bf8199198d1b216b9a8061370d4240aa583,bd1488a2d411295d7a2118c50ddcc0b158786123613af1676062e2270d1637d1,9cb89005693b1b70c102178849b740fde00b50c9ba5f3b5530d0e5749ea59837,eca954c21da074c545cb7858315ea39fee0a6f54b19e06474b4f2f91f1666847,490eeb15970ef077ee050323b551cd9c3c5534c257f1febddca9af74ed1cf0a4,6031dc4ee08b61c58b35b1efd7d764739d5c7c54dc7cbe9e9a72a1e4a7098596,675a3086cd6c4f2abd63c7d3acd419ca12dbc861,b9974a8f8c017bb8dcd4b62d614209421269020760d78e9d860a074b8cc9561f,3131542d9f3171811b323e9b1e2e488c3b6109355f38f6c39b2b9a10d712a53a,selected_UX_42,4f2034b628ab11b3710a49a566a80586c31eab2fbcabb2278613a147c8f03c82,validation,P2,43659,0.9287977280917885,0.5554639364163174,0.47302968871649514,0.24496128428562755,0.5482363179992756,0.9287977280917882,10937,22231,10491,1.1920928955078125e-07,4e484a6acb6ed7305a5ec5513d99f3999c0f2ce27a7b70f8609ef03a2f0fd7ca,a5000,09b744a319e63ece4f1a7f13b00e341a17c2f53d,compatible/analyze_UX_42__14564daca410fbf2/metrics.csv
new_p3_training,True,tuned,UX,42,main,3cfd389bbd05ec9201a41c0892e29bf8199198d1b216b9a8061370d4240aa583,bd1488a2d411295d7a2118c50ddcc0b158786123613af1676062e2270d1637d1,9cb89005693b1b70c102178849b740fde00b50c9ba5f3b5530d0e5749ea59837,eca954c21da074c545cb7858315ea39fee0a6f54b19e06474b4f2f91f1666847,490eeb15970ef077ee050323b551cd9c3c5534c257f1febddca9af74ed1cf0a4,6031dc4ee08b61c58b35b1efd7d764739d5c7c54dc7cbe9e9a72a1e4a7098596,675a3086cd6c4f2abd63c7d3acd419ca12dbc861,b9974a8f8c017bb8dcd4b62d614209421269020760d78e9d860a074b8cc9561f,3131542d9f3171811b323e9b1e2e488c3b6109355f38f6c39b2b9a10d712a53a,selected_UX_42,4f2034b628ab11b3710a49a566a80586c31eab2fbcabb2278613a147c8f03c82,validation,P3,43050,0.9072005465188121,0.5587688734030197,0.47589977309675563,0.25189209893040987,0.5435709236356696,0.9076163232047092,10846,21790,10414,1.1920928955078125e-07,6d52c9fbf6be5e14713acbbe54cf789ce18ead615a69e1425ccdf2f2677c4d4b,a5000,09b744a319e63ece4f1a7f13b00e341a17c2f53d,compatible/analyze_UX_42__14564daca410fbf2/metrics.csv
new_p3_training,True,tuned,UX,7,main,3cfd389bbd05ec9201a41c0892e29bf8199198d1b216b9a8061370d4240aa583,bd1488a2d411295d7a2118c50ddcc0b158786123613af1676062e2270d1637d1,9cb89005693b1b70c102178849b740fde00b50c9ba5f3b5530d0e5749ea59837,eca954c21da074c545cb7858315ea39fee0a6f54b19e06474b4f2f91f1666847,490eeb15970ef077ee050323b551cd9c3c5534c257f1febddca9af74ed1cf0a4,6031dc4ee08b61c58b35b1efd7d764739d5c7c54dc7cbe9e9a72a1e4a7098596,675a3086cd6c4f2abd63c7d3acd419ca12dbc861,b9974a8f8c017bb8dcd4b62d614209421269020760d78e9d860a074b8cc9561f,82c057f0a1c4f94e87d33e8c1766429ce4b8081e90245c78954e254174018664,main_UX_7_selected,ddb9800d1459fc9c29d95bc55749c1253b11dc76524fe09af2b8385a702e64e9,development_holdout,P0,101574,0.9291817453382317,0.545228109555595,0.4652318663266876,0.23482846609501132,0.5559913999947748,0.9291817453382316,25800,50465,25309,1.1920928977282585e-07,0dc85d22e8e0f74c7b6ec962eed4c96d1cb3a8bab46491e011387f6965f98c1d,a5000,09b744a319e63ece4f1a7f13b00e341a17c2f53d,compatible/analyze_UX_7__77b149334517f48e/metrics.csv
new_p3_training,True,tuned,UX,7,main,3cfd389bbd05ec9201a41c0892e29bf8199198d1b216b9a8061370d4240aa583,bd1488a2d411295d7a2118c50ddcc0b158786123613af1676062e2270d1637d1,9cb89005693b1b70c102178849b740fde00b50c9ba5f3b5530d0e5749ea59837,eca954c21da074c545cb7858315ea39fee0a6f54b19e06474b4f2f91f1666847,490eeb15970ef077ee050323b551cd9c3c5534c257f1febddca9af74ed1cf0a4,6031dc4ee08b61c58b35b1efd7d764739d5c7c54dc7cbe9e9a72a1e4a7098596,675a3086cd6c4f2abd63c7d3acd419ca12dbc861,b9974a8f8c017bb8dcd4b62d614209421269020760d78e9d860a074b8cc9561f,82c057f0a1c4f94e87d33e8c1766429ce4b8081e90245c78954e254174018664,main_UX_7_selected,ddb9800d1459fc9c29d95bc55749c1253b11dc76524fe09af2b8385a702e64e9,development_holdout,P1,97156,0.9286185966612305,0.5437440816830664,0.46767863964567685,0.2444864240732833,0.5570170154527854,0.9283231999070857,25496,46615,25045,1.1920928977282585e-07,89132b9c6cb5437496dfcec2344f48c9652f89696c548da1ecffc1fa7e8b8292,a5000,09b744a319e63ece4f1a7f13b00e341a17c2f53d,compatible/analyze_UX_7__77b149334517f48e/metrics.csv
new_p3_training,True,tuned,UX,7,main,3cfd389bbd05ec9201a41c0892e29bf8199198d1b216b9a8061370d4240aa583,bd1488a2d411295d7a2118c50ddcc0b158786123613af1676062e2270d1637d1,9cb89005693b1b70c102178849b740fde00b50c9ba5f3b5530d0e5749ea59837,eca954c21da074c545cb7858315ea39fee0a6f54b19e06474b4f2f91f1666847,490eeb15970ef077ee050323b551cd9c3c5534c257f1febddca9af74ed1cf0a4,6031dc4ee08b61c58b35b1efd7d764739d5c7c54dc7cbe9e9a72a1e4a7098596,675a3086cd6c4f2abd63c7d3acd419ca12dbc861,b9974a8f8c017bb8dcd4b62d614209421269020760d78e9d860a074b8cc9561f,82c057f0a1c4f94e87d33e8c1766429ce4b8081e90245c78954e254174018664,main_UX_7_selected,ddb9800d1459fc9c29d95bc55749c1253b11dc76524fe09af2b8385a702e64e9,development_holdout,P2,88209,0.9338157966682776,0.5407724835334263,0.4601360217926845,0.2287480274740658,0.5590583566562882,0.9338157966682776,22573,43431,22205,1.1920928977282585e-07,e3f7c57ec943bebd2c72fd9a14e72d054ffbcce05445b0fd82869e8aa7261d38,a5000,09b744a319e63ece4f1a7f13b00e341a17c2f53d,compatible/analyze_UX_7__77b149334517f48e/metrics.csv
new_p3_training,True,tuned,UX,7,main,3cfd389bbd05ec9201a41c0892e29bf8199198d1b216b9a8061370d4240aa583,bd1488a2d411295d7a2118c50ddcc0b158786123613af1676062e2270d1637d1,9cb89005693b1b70c102178849b740fde00b50c9ba5f3b5530d0e5749ea59837,eca954c21da074c545cb7858315ea39fee0a6f54b19e06474b4f2f91f1666847,490eeb15970ef077ee050323b551cd9c3c5534c257f1febddca9af74ed1cf0a4,6031dc4ee08b61c58b35b1efd7d764739d5c7c54dc7cbe9e9a72a1e4a7098596,675a3086cd6c4f2abd63c7d3acd419ca12dbc861,b9974a8f8c017bb8dcd4b62d614209421269020760d78e9d860a074b8cc9561f,82c057f0a1c4f94e87d33e8c1766429ce4b8081e90245c78954e254174018664,main_UX_7_selected,ddb9800d1459fc9c29d95bc55749c1253b11dc76524fe09af2b8385a702e64e9,development_holdout,P3,86588,0.9266315967350134,0.5449946874855638,0.46302770668225385,0.23739412744729232,0.5554312498580933,0.9263568850077311,22279,42355,21954,1.1920928977282585e-07,1d87bc17ac0a3399488e5c5ec324165d9032588c37226cf41709e2dd0df6d17d,a5000,09b744a319e63ece4f1a7f13b00e341a17c2f53d,compatible/analyze_UX_7__77b149334517f48e/metrics.csv
new_p3_training,True,tuned,UX,7,main,3cfd389bbd05ec9201a41c0892e29bf8199198d1b216b9a8061370d4240aa583,bd1488a2d411295d7a2118c50ddcc0b158786123613af1676062e2270d1637d1,9cb89005693b1b70c102178849b740fde00b50c9ba5f3b5530d0e5749ea59837,eca954c21da074c545cb7858315ea39fee0a6f54b19e06474b4f2f91f1666847,490eeb15970ef077ee050323b551cd9c3c5534c257f1febddca9af74ed1cf0a4,6031dc4ee08b61c58b35b1efd7d764739d5c7c54dc7cbe9e9a72a1e4a7098596,675a3086cd6c4f2abd63c7d3acd419ca12dbc861,b9974a8f8c017bb8dcd4b62d614209421269020760d78e9d860a074b8cc9561f,82c057f0a1c4f94e87d33e8c1766429ce4b8081e90245c78954e254174018664,main_UX_7_selected,ddb9800d1459fc9c29d95bc55749c1253b11dc76524fe09af2b8385a702e64e9,validation,P0,50274,0.9260056857693479,0.5597923379878267,0.4704948367209359,0.24420507848200107,0.5471677161407097,0.9260056857693478,12432,25906,11936,1.1920928977282585e-07,8554f7e47896ce912ee25183274a79552172e9c9a53366da0ed794a57786efe0,a5000,09b744a319e63ece4f1a7f13b00e341a17c2f53d,compatible/analyze_UX_7__77b149334517f48e/metrics.csv
new_p3_training,True,tuned,UX,7,main,3cfd389bbd05ec9201a41c0892e29bf8199198d1b216b9a8061370d4240aa583,bd1488a2d411295d7a2118c50ddcc0b158786123613af1676062e2270d1637d1,9cb89005693b1b70c102178849b740fde00b50c9ba5f3b5530d0e5749ea59837,eca954c21da074c545cb7858315ea39fee0a6f54b19e06474b4f2f91f1666847,490eeb15970ef077ee050323b551cd9c3c5534c257f1febddca9af74ed1cf0a4,6031dc4ee08b61c58b35b1efd7d764739d5c7c54dc7cbe9e9a72a1e4a7098596,675a3086cd6c4f2abd63c7d3acd419ca12dbc861,b9974a8f8c017bb8dcd4b62d614209421269020760d78e9d860a074b8cc9561f,82c057f0a1c4f94e87d33e8c1766429ce4b8081e90245c78954e254174018664,main_UX_7_selected,ddb9800d1459fc9c29d95bc55749c1253b11dc76524fe09af2b8385a702e64e9,validation,P1,48280,0.9126725305776301,0.5577671913835957,0.472965165744962,0.25301647969246954,0.5465941723853083,0.9130218641788275,12341,24081,11858,1.1920928977282585e-07,1bd74161030549bc2f24efe5491eb0d1f7727b652e5253a429e01c853cb585db,a5000,09b744a319e63ece4f1a7f13b00e341a17c2f53d,compatible/analyze_UX_7__77b149334517f48e/metrics.csv
new_p3_training,True,tuned,UX,7,main,3cfd389bbd05ec9201a41c0892e29bf8199198d1b216b9a8061370d4240aa583,bd1488a2d411295d7a2118c50ddcc0b158786123613af1676062e2270d1637d1,9cb89005693b1b70c102178849b740fde00b50c9ba5f3b5530d0e5749ea59837,eca954c21da074c545cb7858315ea39fee0a6f54b19e06474b4f2f91f1666847,490eeb15970ef077ee050323b551cd9c3c5534c257f1febddca9af74ed1cf0a4,6031dc4ee08b61c58b35b1efd7d764739d5c7c54dc7cbe9e9a72a1e4a7098596,675a3086cd6c4f2abd63c7d3acd419ca12dbc861,b9974a8f8c017bb8dcd4b62d614209421269020760d78e9d860a074b8cc9561f,82c057f0a1c4f94e87d33e8c1766429ce4b8081e90245c78954e254174018664,main_UX_7_selected,ddb9800d1459fc9c29d95bc55749c1253b11dc76524fe09af2b8385a702e64e9,validation,P2,43659,0.9295354289957916,0.5555097459859365,0.46621069046529945,0.23956344292585566,0.5502372889561135,0.9295354289957916,10937,22231,10491,1.1920928977282585e-07,4e484a6acb6ed7305a5ec5513d99f3999c0f2ce27a7b70f8609ef03a2f0fd7ca,a5000,09b744a319e63ece4f1a7f13b00e341a17c2f53d,compatible/analyze_UX_7__77b149334517f48e/metrics.csv
new_p3_training,True,tuned,UX,7,main,3cfd389bbd05ec9201a41c0892e29bf8199198d1b216b9a8061370d4240aa583,bd1488a2d411295d7a2118c50ddcc0b158786123613af1676062e2270d1637d1,9cb89005693b1b70c102178849b740fde00b50c9ba5f3b5530d0e5749ea59837,eca954c21da074c545cb7858315ea39fee0a6f54b19e06474b4f2f91f1666847,490eeb15970ef077ee050323b551cd9c3c5534c257f1febddca9af74ed1cf0a4,6031dc4ee08b61c58b35b1efd7d764739d5c7c54dc7cbe9e9a72a1e4a7098596,675a3086cd6c4f2abd63c7d3acd419ca12dbc861,b9974a8f8c017bb8dcd4b62d614209421269020760d78e9d860a074b8cc9561f,82c057f0a1c4f94e87d33e8c1766429ce4b8081e90245c78954e254174018664,main_UX_7_selected,ddb9800d1459fc9c29d95bc55749c1253b11dc76524fe09af2b8385a702e64e9,validation,P3,43050,0.9104014748168572,0.5590011614401859,0.4689475068459827,0.2471360431016384,0.5451833833070164,0.9108751674244553,10846,21790,10414,1.1920928977282585e-07,6d52c9fbf6be5e14713acbbe54cf789ce18ead615a69e1425ccdf2f2677c4d4b,a5000,09b744a319e63ece4f1a7f13b00e341a17c2f53d,compatible/analyze_UX_7__77b149334517f48e/metrics.csv
new_p3_training,True,fixed_0001,U1,123,main,3cfd389bbd05ec9201a41c0892e29bf8199198d1b216b9a8061370d4240aa583,bd1488a2d411295d7a2118c50ddcc0b158786123613af1676062e2270d1637d1,9cb89005693b1b70c102178849b740fde00b50c9ba5f3b5530d0e5749ea59837,eca954c21da074c545cb7858315ea39fee0a6f54b19e06474b4f2f91f1666847,490eeb15970ef077ee050323b551cd9c3c5534c257f1febddca9af74ed1cf0a4,6031dc4ee08b61c58b35b1efd7d764739d5c7c54dc7cbe9e9a72a1e4a7098596,675a3086cd6c4f2abd63c7d3acd419ca12dbc861,b9974a8f8c017bb8dcd4b62d614209421269020760d78e9d860a074b8cc9561f,3c875f35e1c63138c1c5120a13bc425868062f70898062eef147d9ba19c8f72c,fixed_U1_123,a51939bc0f34ce60b3525c034a97b994aace34180d9a55e839026792fa3cb24e,development_holdout,P0,101574,0.929276897253297,0.5434953826766692,0.48135537650430044,0.24677984192357796,0.5561554046818383,0.9292768972532968,25800,50465,25309,1.1920928977282585e-07,0dc85d22e8e0f74c7b6ec962eed4c96d1cb3a8bab46491e011387f6965f98c1d,a5000,09b744a319e63ece4f1a7f13b00e341a17c2f53d,compatible/fixed_U1_123__043e7e9b8c124012/metrics.csv
new_p3_training,True,fixed_0001,U1,123,main,3cfd389bbd05ec9201a41c0892e29bf8199198d1b216b9a8061370d4240aa583,bd1488a2d411295d7a2118c50ddcc0b158786123613af1676062e2270d1637d1,9cb89005693b1b70c102178849b740fde00b50c9ba5f3b5530d0e5749ea59837,eca954c21da074c545cb7858315ea39fee0a6f54b19e06474b4f2f91f1666847,490eeb15970ef077ee050323b551cd9c3c5534c257f1febddca9af74ed1cf0a4,6031dc4ee08b61c58b35b1efd7d764739d5c7c54dc7cbe9e9a72a1e4a7098596,675a3086cd6c4f2abd63c7d3acd419ca12dbc861,b9974a8f8c017bb8dcd4b62d614209421269020760d78e9d860a074b8cc9561f,3c875f35e1c63138c1c5120a13bc425868062f70898062eef147d9ba19c8f72c,fixed_U1_123,a51939bc0f34ce60b3525c034a97b994aace34180d9a55e839026792fa3cb24e,development_holdout,P1,97156,0.9277609965772142,0.543682325332455,0.4848929845398953,0.25570533146272356,0.5561954890745806,0.9275222500323008,25496,46615,25045,1.1920928977282585e-07,89132b9c6cb5437496dfcec2344f48c9652f89696c548da1ecffc1fa7e8b8292,a5000,09b744a319e63ece4f1a7f13b00e341a17c2f53d,compatible/fixed_U1_123__043e7e9b8c124012/metrics.csv
new_p3_training,True,fixed_0001,U1,123,main,3cfd389bbd05ec9201a41c0892e29bf8199198d1b216b9a8061370d4240aa583,bd1488a2d411295d7a2118c50ddcc0b158786123613af1676062e2270d1637d1,9cb89005693b1b70c102178849b740fde00b50c9ba5f3b5530d0e5749ea59837,eca954c21da074c545cb7858315ea39fee0a6f54b19e06474b4f2f91f1666847,490eeb15970ef077ee050323b551cd9c3c5534c257f1febddca9af74ed1cf0a4,6031dc4ee08b61c58b35b1efd7d764739d5c7c54dc7cbe9e9a72a1e4a7098596,675a3086cd6c4f2abd63c7d3acd419ca12dbc861,b9974a8f8c017bb8dcd4b62d614209421269020760d78e9d860a074b8cc9561f,3c875f35e1c63138c1c5120a13bc425868062f70898062eef147d9ba19c8f72c,fixed_U1_123,a51939bc0f34ce60b3525c034a97b994aace34180d9a55e839026792fa3cb24e,development_holdout,P2,88209,0.9331258571580575,0.5407384733984061,0.4796222580261436,0.24348095572136474,0.5585479479080391,0.9331258571580576,22573,43431,22205,1.1920928977282585e-07,e3f7c57ec943bebd2c72fd9a14e72d054ffbcce05445b0fd82869e8aa7261d38,a5000,09b744a319e63ece4f1a7f13b00e341a17c2f53d,compatible/fixed_U1_123__043e7e9b8c124012/metrics.csv
new_p3_training,True,fixed_0001,U1,123,main,3cfd389bbd05ec9201a41c0892e29bf8199198d1b216b9a8061370d4240aa583,bd1488a2d411295d7a2118c50ddcc0b158786123613af1676062e2270d1637d1,9cb89005693b1b70c102178849b740fde00b50c9ba5f3b5530d0e5749ea59837,eca954c21da074c545cb7858315ea39fee0a6f54b19e06474b4f2f91f1666847,490eeb15970ef077ee050323b551cd9c3c5534c257f1febddca9af74ed1cf0a4,6031dc4ee08b61c58b35b1efd7d764739d5c7c54dc7cbe9e9a72a1e4a7098596,675a3086cd6c4f2abd63c7d3acd419ca12dbc861,b9974a8f8c017bb8dcd4b62d614209421269020760d78e9d860a074b8cc9561f,3c875f35e1c63138c1c5120a13bc425868062f70898062eef147d9ba19c8f72c,fixed_U1_123,a51939bc0f34ce60b3525c034a97b994aace34180d9a55e839026792fa3cb24e,development_holdout,P3,86588,0.9258126806474618,0.545214117429667,0.4829216215622923,0.2512191355636492,0.5546568639912224,0.9255959422073696,22279,42355,21954,1.1920928977282585e-07,1d87bc17ac0a3399488e5c5ec324165d9032588c37226cf41709e2dd0df6d17d,a5000,09b744a319e63ece4f1a7f13b00e341a17c2f53d,compatible/fixed_U1_123__043e7e9b8c124012/metrics.csv
new_p3_training,True,fixed_0001,U1,123,main,3cfd389bbd05ec9201a41c0892e29bf8199198d1b216b9a8061370d4240aa583,bd1488a2d411295d7a2118c50ddcc0b158786123613af1676062e2270d1637d1,9cb89005693b1b70c102178849b740fde00b50c9ba5f3b5530d0e5749ea59837,eca954c21da074c545cb7858315ea39fee0a6f54b19e06474b4f2f91f1666847,490eeb15970ef077ee050323b551cd9c3c5534c257f1febddca9af74ed1cf0a4,6031dc4ee08b61c58b35b1efd7d764739d5c7c54dc7cbe9e9a72a1e4a7098596,675a3086cd6c4f2abd63c7d3acd419ca12dbc861,b9974a8f8c017bb8dcd4b62d614209421269020760d78e9d860a074b8cc9561f,3c875f35e1c63138c1c5120a13bc425868062f70898062eef147d9ba19c8f72c,fixed_U1_123,a51939bc0f34ce60b3525c034a97b994aace34180d9a55e839026792fa3cb24e,validation,P0,50274,0.914668888302739,0.5527111429367069,0.48498021860262625,0.25211193139893745,0.5474262348094905,0.914668888302739,12432,25906,11936,1.1920928977282585e-07,8554f7e47896ce912ee25183274a79552172e9c9a53366da0ed794a57786efe0,a5000,09b744a319e63ece4f1a7f13b00e341a17c2f53d,compatible/fixed_U1_123__043e7e9b8c124012/metrics.csv
new_p3_training,True,fixed_0001,U1,123,main,3cfd389bbd05ec9201a41c0892e29bf8199198d1b216b9a8061370d4240aa583,bd1488a2d411295d7a2118c50ddcc0b158786123613af1676062e2270d1637d1,9cb89005693b1b70c102178849b740fde00b50c9ba5f3b5530d0e5749ea59837,eca954c21da074c545cb7858315ea39fee0a6f54b19e06474b4f2f91f1666847,490eeb15970ef077ee050323b551cd9c3c5534c257f1febddca9af74ed1cf0a4,6031dc4ee08b61c58b35b1efd7d764739d5c7c54dc7cbe9e9a72a1e4a7098596,675a3086cd6c4f2abd63c7d3acd419ca12dbc861,b9974a8f8c017bb8dcd4b62d614209421269020760d78e9d860a074b8cc9561f,3c875f35e1c63138c1c5120a13bc425868062f70898062eef147d9ba19c8f72c,fixed_U1_123,a51939bc0f34ce60b3525c034a97b994aace34180d9a55e839026792fa3cb24e,validation,P1,48280,0.9136214613115046,0.5527340513670257,0.48880666348090546,0.26047209654069525,0.5475606033578967,0.9139538816471033,12341,24081,11858,1.1920928977282585e-07,1bd74161030549bc2f24efe5491eb0d1f7727b652e5253a429e01c853cb585db,a5000,09b744a319e63ece4f1a7f13b00e341a17c2f53d,compatible/fixed_U1_123__043e7e9b8c124012/metrics.csv
new_p3_training,True,fixed_0001,U1,123,main,3cfd389bbd05ec9201a41c0892e29bf8199198d1b216b9a8061370d4240aa583,bd1488a2d411295d7a2118c50ddcc0b158786123613af1676062e2270d1637d1,9cb89005693b1b70c102178849b740fde00b50c9ba5f3b5530d0e5749ea59837,eca954c21da074c545cb7858315ea39fee0a6f54b19e06474b4f2f91f1666847,490eeb15970ef077ee050323b551cd9c3c5534c257f1febddca9af74ed1cf0a4,6031dc4ee08b61c58b35b1efd7d764739d5c7c54dc7cbe9e9a72a1e4a7098596,675a3086cd6c4f2abd63c7d3acd419ca12dbc861,b9974a8f8c017bb8dcd4b62d614209421269020760d78e9d860a074b8cc9561f,3c875f35e1c63138c1c5120a13bc425868062f70898062eef147d9ba19c8f72c,fixed_U1_123,a51939bc0f34ce60b3525c034a97b994aace34180d9a55e839026792fa3cb24e,validation,P2,43659,0.9176537350573587,0.5505165028974552,0.4846308285823777,0.25055963024302164,0.5495269915992539,0.9176537350573588,10937,22231,10491,1.1920928977282585e-07,4e484a6acb6ed7305a5ec5513d99f3999c0f2ce27a7b70f8609ef03a2f0fd7ca,a5000,09b744a319e63ece4f1a7f13b00e341a17c2f53d,compatible/fixed_U1_123__043e7e9b8c124012/metrics.csv
new_p3_training,True,fixed_0001,U1,123,main,3cfd389bbd05ec9201a41c0892e29bf8199198d1b216b9a8061370d4240aa583,bd1488a2d411295d7a2118c50ddcc0b158786123613af1676062e2270d1637d1,9cb89005693b1b70c102178849b740fde00b50c9ba5f3b5530d0e5749ea59837,eca954c21da074c545cb7858315ea39fee0a6f54b19e06474b4f2f91f1666847,490eeb15970ef077ee050323b551cd9c3c5534c257f1febddca9af74ed1cf0a4,6031dc4ee08b61c58b35b1efd7d764739d5c7c54dc7cbe9e9a72a1e4a7098596,675a3086cd6c4f2abd63c7d3acd419ca12dbc861,b9974a8f8c017bb8dcd4b62d614209421269020760d78e9d860a074b8cc9561f,3c875f35e1c63138c1c5120a13bc425868062f70898062eef147d9ba19c8f72c,fixed_U1_123,a51939bc0f34ce60b3525c034a97b994aace34180d9a55e839026792fa3cb24e,validation,P3,43050,0.911293609016408,0.5542624854819976,0.48776698799345447,0.2571860472272184,0.5460618251407646,0.9117584310303067,10846,21790,10414,1.1920928977282585e-07,6d52c9fbf6be5e14713acbbe54cf789ce18ead615a69e1425ccdf2f2677c4d4b,a5000,09b744a319e63ece4f1a7f13b00e341a17c2f53d,compatible/fixed_U1_123__043e7e9b8c124012/metrics.csv
new_p3_training,True,fixed_0001,U1,42,main,3cfd389bbd05ec9201a41c0892e29bf8199198d1b216b9a8061370d4240aa583,bd1488a2d411295d7a2118c50ddcc0b158786123613af1676062e2270d1637d1,9cb89005693b1b70c102178849b740fde00b50c9ba5f3b5530d0e5749ea59837,eca954c21da074c545cb7858315ea39fee0a6f54b19e06474b4f2f91f1666847,490eeb15970ef077ee050323b551cd9c3c5534c257f1febddca9af74ed1cf0a4,6031dc4ee08b61c58b35b1efd7d764739d5c7c54dc7cbe9e9a72a1e4a7098596,675a3086cd6c4f2abd63c7d3acd419ca12dbc861,b9974a8f8c017bb8dcd4b62d614209421269020760d78e9d860a074b8cc9561f,1e61b9d634148b9810d7158aeb4df91f02a3ab7179911592f124246ecd0e151f,fixed_U1_42,c1282db8b8305ee14b8c414053303b66ba197b94433a40822aa78ffdd60200f6,development_holdout,P0,101574,0.9302610982417714,0.5443814361943017,0.47813404491954964,0.2463285812076666,0.5567059556699785,0.9302610982417712,25800,50465,25309,1.1920928988384816e-07,0dc85d22e8e0f74c7b6ec962eed4c96d1cb3a8bab46491e011387f6965f98c1d,a5000,09b744a319e63ece4f1a7f13b00e341a17c2f53d,compatible/fixed_U1_42__6038b7b8a43c4021/metrics.csv
new_p3_training,True,fixed_0001,U1,42,main,3cfd389bbd05ec9201a41c0892e29bf8199198d1b216b9a8061370d4240aa583,bd1488a2d411295d7a2118c50ddcc0b158786123613af1676062e2270d1637d1,9cb89005693b1b70c102178849b740fde00b50c9ba5f3b5530d0e5749ea59837,eca954c21da074c545cb7858315ea39fee0a6f54b19e06474b4f2f91f1666847,490eeb15970ef077ee050323b551cd9c3c5534c257f1febddca9af74ed1cf0a4,6031dc4ee08b61c58b35b1efd7d764739d5c7c54dc7cbe9e9a72a1e4a7098596,675a3086cd6c4f2abd63c7d3acd419ca12dbc861,b9974a8f8c017bb8dcd4b62d614209421269020760d78e9d860a074b8cc9561f,1e61b9d634148b9810d7158aeb4df91f02a3ab7179911592f124246ecd0e151f,fixed_U1_42,c1282db8b8305ee14b8c414053303b66ba197b94433a40822aa78ffdd60200f6,development_holdout,P1,97156,0.9293701766372001,0.5441146197867347,0.4814301868116057,0.2550067248722181,0.5571235722087474,0.9292275958148737,25496,46615,25045,1.1920928988384816e-07,89132b9c6cb5437496dfcec2344f48c9652f89696c548da1ecffc1fa7e8b8292,a5000,09b744a319e63ece4f1a7f13b00e341a17c2f53d,compatible/fixed_U1_42__6038b7b8a43c4021/metrics.csv
new_p3_training,True,fixed_0001,U1,42,main,3cfd389bbd05ec9201a41c0892e29bf8199198d1b216b9a8061370d4240aa583,bd1488a2d411295d7a2118c50ddcc0b158786123613af1676062e2270d1637d1,9cb89005693b1b70c102178849b740fde00b50c9ba5f3b5530d0e5749ea59837,eca954c21da074c545cb7858315ea39fee0a6f54b19e06474b4f2f91f1666847,490eeb15970ef077ee050323b551cd9c3c5534c257f1febddca9af74ed1cf0a4,6031dc4ee08b61c58b35b1efd7d764739d5c7c54dc7cbe9e9a72a1e4a7098596,675a3086cd6c4f2abd63c7d3acd419ca12dbc861,b9974a8f8c017bb8dcd4b62d614209421269020760d78e9d860a074b8cc9561f,1e61b9d634148b9810d7158aeb4df91f02a3ab7179911592f124246ecd0e151f,fixed_U1_42,c1282db8b8305ee14b8c414053303b66ba197b94433a40822aa78ffdd60200f6,development_holdout,P2,88209,0.9342202060299467,0.5411012481719553,0.4764102250473228,0.24224843673952814,0.5592330382427227,0.9342202060299469,22573,43431,22205,1.1920928988384816e-07,e3f7c57ec943bebd2c72fd9a14e72d054ffbcce05445b0fd82869e8aa7261d38,a5000,09b744a319e63ece4f1a7f13b00e341a17c2f53d,compatible/fixed_U1_42__6038b7b8a43c4021/metrics.csv
new_p3_training,True,fixed_0001,U1,42,main,3cfd389bbd05ec9201a41c0892e29bf8199198d1b216b9a8061370d4240aa583,bd1488a2d411295d7a2118c50ddcc0b158786123613af1676062e2270d1637d1,9cb89005693b1b70c102178849b740fde00b50c9ba5f3b5530d0e5749ea59837,eca954c21da074c545cb7858315ea39fee0a6f54b19e06474b4f2f91f1666847,490eeb15970ef077ee050323b551cd9c3c5534c257f1febddca9af74ed1cf0a4,6031dc4ee08b61c58b35b1efd7d764739d5c7c54dc7cbe9e9a72a1e4a7098596,675a3086cd6c4f2abd63c7d3acd419ca12dbc861,b9974a8f8c017bb8dcd4b62d614209421269020760d78e9d860a074b8cc9561f,1e61b9d634148b9810d7158aeb4df91f02a3ab7179911592f124246ecd0e151f,fixed_U1_42,c1282db8b8305ee14b8c414053303b66ba197b94433a40822aa78ffdd60200f6,development_holdout,P3,86588,0.9271116930304034,0.5456645262622997,0.4798477520212951,0.25023257994744064,0.5554202553939186,0.9269887281066785,22279,42355,21954,1.1920928988384816e-07,1d87bc17ac0a3399488e5c5ec324165d9032588c37226cf41709e2dd0df6d17d,a5000,09b744a319e63ece4f1a7f13b00e341a17c2f53d,compatible/fixed_U1_42__6038b7b8a43c4021/metrics.csv
new_p3_training,True,fixed_0001,U1,42,main,3cfd389bbd05ec9201a41c0892e29bf8199198d1b216b9a8061370d4240aa583,bd1488a2d411295d7a2118c50ddcc0b158786123613af1676062e2270d1637d1,9cb89005693b1b70c102178849b740fde00b50c9ba5f3b5530d0e5749ea59837,eca954c21da074c545cb7858315ea39fee0a6f54b19e06474b4f2f91f1666847,490eeb15970ef077ee050323b551cd9c3c5534c257f1febddca9af74ed1cf0a4,6031dc4ee08b61c58b35b1efd7d764739d5c7c54dc7cbe9e9a72a1e4a7098596,675a3086cd6c4f2abd63c7d3acd419ca12dbc861,b9974a8f8c017bb8dcd4b62d614209421269020760d78e9d860a074b8cc9561f,1e61b9d634148b9810d7158aeb4df91f02a3ab7179911592f124246ecd0e151f,fixed_U1_42,c1282db8b8305ee14b8c414053303b66ba197b94433a40822aa78ffdd60200f6,validation,P0,50274,0.9129513692984329,0.5551179536141942,0.4819705065834509,0.2532215222836076,0.5458082366575164,0.9129513692984331,12432,25906,11936,1.1920928966180355e-07,8554f7e47896ce912ee25183274a79552172e9c9a53366da0ed794a57786efe0,a5000,09b744a319e63ece4f1a7f13b00e341a17c2f53d,compatible/fixed_U1_42__6038b7b8a43c4021/metrics.csv
new_p3_training,True,fixed_0001,U1,42,main,3cfd389bbd05ec9201a41c0892e29bf8199198d1b216b9a8061370d4240aa583,bd1488a2d411295d7a2118c50ddcc0b158786123613af1676062e2270d1637d1,9cb89005693b1b70c102178849b740fde00b50c9ba5f3b5530d0e5749ea59837,eca954c21da074c545cb7858315ea39fee0a6f54b19e06474b4f2f91f1666847,490eeb15970ef077ee050323b551cd9c3c5534c257f1febddca9af74ed1cf0a4,6031dc4ee08b61c58b35b1efd7d764739d5c7c54dc7cbe9e9a72a1e4a7098596,675a3086cd6c4f2abd63c7d3acd419ca12dbc861,b9974a8f8c017bb8dcd4b62d614209421269020760d78e9d860a074b8cc9561f,1e61b9d634148b9810d7158aeb4df91f02a3ab7179911592f124246ecd0e151f,fixed_U1_42,c1282db8b8305ee14b8c414053303b66ba197b94433a40822aa78ffdd60200f6,validation,P1,48280,0.9162182807119322,0.5518848384424192,0.483581079497424,0.2572848791030052,0.5488572682247672,0.9165689623519663,12341,24081,11858,1.1920928966180355e-07,1bd74161030549bc2f24efe5491eb0d1f7727b652e5253a429e01c853cb585db,a5000,09b744a319e63ece4f1a7f13b00e341a17c2f53d,compatible/fixed_U1_42__6038b7b8a43c4021/metrics.csv
new_p3_training,True,fixed_0001,U1,42,main,3cfd389bbd05ec9201a41c0892e29bf8199198d1b216b9a8061370d4240aa583,bd1488a2d411295d7a2118c50ddcc0b158786123613af1676062e2270d1637d1,9cb89005693b1b70c102178849b740fde00b50c9ba5f3b5530d0e5749ea59837,eca954c21da074c545cb7858315ea39fee0a6f54b19e06474b4f2f91f1666847,490eeb15970ef077ee050323b551cd9c3c5534c257f1febddca9af74ed1cf0a4,6031dc4ee08b61c58b35b1efd7d764739d5c7c54dc7cbe9e9a72a1e4a7098596,675a3086cd6c4f2abd63c7d3acd419ca12dbc861,b9974a8f8c017bb8dcd4b62d614209421269020760d78e9d860a074b8cc9561f,1e61b9d634148b9810d7158aeb4df91f02a3ab7179911592f124246ecd0e151f,fixed_U1_42,c1282db8b8305ee14b8c414053303b66ba197b94433a40822aa78ffdd60200f6,validation,P2,43659,0.9158638173585864,0.5526466478847432,0.48160932151630975,0.2512023515046203,0.5480834413397828,0.9158638173585864,10937,22231,10491,1.1920928966180355e-07,4e484a6acb6ed7305a5ec5513d99f3999c0f2ce27a7b70f8609ef03a2f0fd7ca,a5000,09b744a319e63ece4f1a7f13b00e341a17c2f53d,compatible/fixed_U1_42__6038b7b8a43c4021/metrics.csv
new_p3_training,True,fixed_0001,U1,42,main,3cfd389bbd05ec9201a41c0892e29bf8199198d1b216b9a8061370d4240aa583,bd1488a2d411295d7a2118c50ddcc0b158786123613af1676062e2270d1637d1,9cb89005693b1b70c102178849b740fde00b50c9ba5f3b5530d0e5749ea59837,eca954c21da074c545cb7858315ea39fee0a6f54b19e06474b4f2f91f1666847,490eeb15970ef077ee050323b551cd9c3c5534c257f1febddca9af74ed1cf0a4,6031dc4ee08b61c58b35b1efd7d764739d5c7c54dc7cbe9e9a72a1e4a7098596,675a3086cd6c4f2abd63c7d3acd419ca12dbc861,b9974a8f8c017bb8dcd4b62d614209421269020760d78e9d860a074b8cc9561f,1e61b9d634148b9810d7158aeb4df91f02a3ab7179911592f124246ecd0e151f,fixed_U1_42,c1282db8b8305ee14b8c414053303b66ba197b94433a40822aa78ffdd60200f6,validation,P3,43050,0.9133619160898903,0.5537746806039489,0.48295897277716887,0.2541240369204684,0.5471787602439292,0.9138405029848592,10846,21790,10414,1.1920928966180355e-07,6d52c9fbf6be5e14713acbbe54cf789ce18ead615a69e1425ccdf2f2677c4d4b,a5000,09b744a319e63ece4f1a7f13b00e341a17c2f53d,compatible/fixed_U1_42__6038b7b8a43c4021/metrics.csv
new_p3_training,True,fixed_0001,U1,7,main,3cfd389bbd05ec9201a41c0892e29bf8199198d1b216b9a8061370d4240aa583,bd1488a2d411295d7a2118c50ddcc0b158786123613af1676062e2270d1637d1,9cb89005693b1b70c102178849b740fde00b50c9ba5f3b5530d0e5749ea59837,eca954c21da074c545cb7858315ea39fee0a6f54b19e06474b4f2f91f1666847,490eeb15970ef077ee050323b551cd9c3c5534c257f1febddca9af74ed1cf0a4,6031dc4ee08b61c58b35b1efd7d764739d5c7c54dc7cbe9e9a72a1e4a7098596,675a3086cd6c4f2abd63c7d3acd419ca12dbc861,b9974a8f8c017bb8dcd4b62d614209421269020760d78e9d860a074b8cc9561f,0adc841490356cb96d9b0a2426186edc4739ddd228f72af3a3249a392a7b5c02,fixed_U1_7,8c065218a409114467038483068626ec6f933ccfa396eae9ce399dc7558b6a4e,development_holdout,P0,101574,0.9323795063968542,0.5405024907948884,0.4784535159121512,0.24493502280022827,0.5582469970781955,0.932379506396854,25800,50465,25309,1.1920928955078125e-07,0dc85d22e8e0f74c7b6ec962eed4c96d1cb3a8bab46491e011387f6965f98c1d,a5000,09b744a319e63ece4f1a7f13b00e341a17c2f53d,compatible/fixed_U1_7__0f16dd2f11a237ca/metrics.csv
new_p3_training,True,fixed_0001,U1,7,main,3cfd389bbd05ec9201a41c0892e29bf8199198d1b216b9a8061370d4240aa583,bd1488a2d411295d7a2118c50ddcc0b158786123613af1676062e2270d1637d1,9cb89005693b1b70c102178849b740fde00b50c9ba5f3b5530d0e5749ea59837,eca954c21da074c545cb7858315ea39fee0a6f54b19e06474b4f2f91f1666847,490eeb15970ef077ee050323b551cd9c3c5534c257f1febddca9af74ed1cf0a4,6031dc4ee08b61c58b35b1efd7d764739d5c7c54dc7cbe9e9a72a1e4a7098596,675a3086cd6c4f2abd63c7d3acd419ca12dbc861,b9974a8f8c017bb8dcd4b62d614209421269020760d78e9d860a074b8cc9561f,0adc841490356cb96d9b0a2426186edc4739ddd228f72af3a3249a392a7b5c02,fixed_U1_7,8c065218a409114467038483068626ec6f933ccfa396eae9ce399dc7558b6a4e,development_holdout,P1,97156,0.9308223508875995,0.5407386059533122,0.48205173135136886,0.2534195647907438,0.5582111715064991,0.9307510334636862,25496,46615,25045,1.1920928955078125e-07,89132b9c6cb5437496dfcec2344f48c9652f89696c548da1ecffc1fa7e8b8292,a5000,09b744a319e63ece4f1a7f13b00e341a17c2f53d,compatible/fixed_U1_7__0f16dd2f11a237ca/metrics.csv
new_p3_training,True,fixed_0001,U1,7,main,3cfd389bbd05ec9201a41c0892e29bf8199198d1b216b9a8061370d4240aa583,bd1488a2d411295d7a2118c50ddcc0b158786123613af1676062e2270d1637d1,9cb89005693b1b70c102178849b740fde00b50c9ba5f3b5530d0e5749ea59837,eca954c21da074c545cb7858315ea39fee0a6f54b19e06474b4f2f91f1666847,490eeb15970ef077ee050323b551cd9c3c5534c257f1febddca9af74ed1cf0a4,6031dc4ee08b61c58b35b1efd7d764739d5c7c54dc7cbe9e9a72a1e4a7098596,675a3086cd6c4f2abd63c7d3acd419ca12dbc861,b9974a8f8c017bb8dcd4b62d614209421269020760d78e9d860a074b8cc9561f,0adc841490356cb96d9b0a2426186edc4739ddd228f72af3a3249a392a7b5c02,fixed_U1_7,8c065218a409114467038483068626ec6f933ccfa396eae9ce399dc7558b6a4e,development_holdout,P2,88209,0.9363601641302554,0.5376775612465848,0.4777581371325617,0.24160146199845906,0.5606928852365061,0.9363601641302551,22573,43431,22205,1.1920928955078125e-07,e3f7c57ec943bebd2c72fd9a14e72d054ffbcce05445b0fd82869e8aa7261d38,a5000,09b744a319e63ece4f1a7f13b00e341a17c2f53d,compatible/fixed_U1_7__0f16dd2f11a237ca/metrics.csv
new_p3_training,True,fixed_0001,U1,7,main,3cfd389bbd05ec9201a41c0892e29bf8199198d1b216b9a8061370d4240aa583,bd1488a2d411295d7a2118c50ddcc0b158786123613af1676062e2270d1637d1,9cb89005693b1b70c102178849b740fde00b50c9ba5f3b5530d0e5749ea59837,eca954c21da074c545cb7858315ea39fee0a6f54b19e06474b4f2f91f1666847,490eeb15970ef077ee050323b551cd9c3c5534c257f1febddca9af74ed1cf0a4,6031dc4ee08b61c58b35b1efd7d764739d5c7c54dc7cbe9e9a72a1e4a7098596,675a3086cd6c4f2abd63c7d3acd419ca12dbc861,b9974a8f8c017bb8dcd4b62d614209421269020760d78e9d860a074b8cc9561f,0adc841490356cb96d9b0a2426186edc4739ddd228f72af3a3249a392a7b5c02,fixed_U1_7,8c065218a409114467038483068626ec6f933ccfa396eae9ce399dc7558b6a4e,development_holdout,P3,86588,0.929040232812207,0.5424077239340325,0.4813734977778325,0.24943656347483725,0.5567609764033673,0.9289900496454131,22279,42355,21954,1.1920928955078125e-07,1d87bc17ac0a3399488e5c5ec324165d9032588c37226cf41709e2dd0df6d17d,a5000,09b744a319e63ece4f1a7f13b00e341a17c2f53d,compatible/fixed_U1_7__0f16dd2f11a237ca/metrics.csv
new_p3_training,True,fixed_0001,U1,7,main,3cfd389bbd05ec9201a41c0892e29bf8199198d1b216b9a8061370d4240aa583,bd1488a2d411295d7a2118c50ddcc0b158786123613af1676062e2270d1637d1,9cb89005693b1b70c102178849b740fde00b50c9ba5f3b5530d0e5749ea59837,eca954c21da074c545cb7858315ea39fee0a6f54b19e06474b4f2f91f1666847,490eeb15970ef077ee050323b551cd9c3c5534c257f1febddca9af74ed1cf0a4,6031dc4ee08b61c58b35b1efd7d764739d5c7c54dc7cbe9e9a72a1e4a7098596,675a3086cd6c4f2abd63c7d3acd419ca12dbc861,b9974a8f8c017bb8dcd4b62d614209421269020760d78e9d860a074b8cc9561f,0adc841490356cb96d9b0a2426186edc4739ddd228f72af3a3249a392a7b5c02,fixed_U1_7,8c065218a409114467038483068626ec6f933ccfa396eae9ce399dc7558b6a4e,validation,P0,50274,0.9151852273140663,0.5530293988940606,0.4856261110527116,0.2557303536971909,0.5477948452047041,0.9151852273140662,12432,25906,11936,1.1920928977282585e-07,8554f7e47896ce912ee25183274a79552172e9c9a53366da0ed794a57786efe0,a5000,09b744a319e63ece4f1a7f13b00e341a17c2f53d,compatible/fixed_U1_7__0f16dd2f11a237ca/metrics.csv
new_p3_training,True,fixed_0001,U1,7,main,3cfd389bbd05ec9201a41c0892e29bf8199198d1b216b9a8061370d4240aa583,bd1488a2d411295d7a2118c50ddcc0b158786123613af1676062e2270d1637d1,9cb89005693b1b70c102178849b740fde00b50c9ba5f3b5530d0e5749ea59837,eca954c21da074c545cb7858315ea39fee0a6f54b19e06474b4f2f91f1666847,490eeb15970ef077ee050323b551cd9c3c5534c257f1febddca9af74ed1cf0a4,6031dc4ee08b61c58b35b1efd7d764739d5c7c54dc7cbe9e9a72a1e4a7098596,675a3086cd6c4f2abd63c7d3acd419ca12dbc861,b9974a8f8c017bb8dcd4b62d614209421269020760d78e9d860a074b8cc9561f,0adc841490356cb96d9b0a2426186edc4739ddd228f72af3a3249a392a7b5c02,fixed_U1_7,8c065218a409114467038483068626ec6f933ccfa396eae9ce399dc7558b6a4e,validation,P1,48280,0.9177044312351539,0.5501035625517813,0.48738677176635425,0.2594487962287047,0.5501785322757362,0.9181177288591544,12341,24081,11858,1.1920928977282585e-07,1bd74161030549bc2f24efe5491eb0d1f7727b652e5253a429e01c853cb585db,a5000,09b744a319e63ece4f1a7f13b00e341a17c2f53d,compatible/fixed_U1_7__0f16dd2f11a237ca/metrics.csv
new_p3_training,True,fixed_0001,U1,7,main,3cfd389bbd05ec9201a41c0892e29bf8199198d1b216b9a8061370d4240aa583,bd1488a2d411295d7a2118c50ddcc0b158786123613af1676062e2270d1637d1,9cb89005693b1b70c102178849b740fde00b50c9ba5f3b5530d0e5749ea59837,eca954c21da074c545cb7858315ea39fee0a6f54b19e06474b4f2f91f1666847,490eeb15970ef077ee050323b551cd9c3c5534c257f1febddca9af74ed1cf0a4,6031dc4ee08b61c58b35b1efd7d764739d5c7c54dc7cbe9e9a72a1e4a7098596,675a3086cd6c4f2abd63c7d3acd419ca12dbc861,b9974a8f8c017bb8dcd4b62d614209421269020760d78e9d860a074b8cc9561f,0adc841490356cb96d9b0a2426186edc4739ddd228f72af3a3249a392a7b5c02,fixed_U1_7,8c065218a409114467038483068626ec6f933ccfa396eae9ce399dc7558b6a4e,validation,P2,43659,0.9181953963039587,0.5504019789734076,0.4860040899647868,0.2535891581752,0.5499409246254227,0.9181953963039584,10937,22231,10491,1.1920928977282585e-07,4e484a6acb6ed7305a5ec5513d99f3999c0f2ce27a7b70f8609ef03a2f0fd7ca,a5000,09b744a319e63ece4f1a7f13b00e341a17c2f53d,compatible/fixed_U1_7__0f16dd2f11a237ca/metrics.csv
new_p3_training,True,fixed_0001,U1,7,main,3cfd389bbd05ec9201a41c0892e29bf8199198d1b216b9a8061370d4240aa583,bd1488a2d411295d7a2118c50ddcc0b158786123613af1676062e2270d1637d1,9cb89005693b1b70c102178849b740fde00b50c9ba5f3b5530d0e5749ea59837,eca954c21da074c545cb7858315ea39fee0a6f54b19e06474b4f2f91f1666847,490eeb15970ef077ee050323b551cd9c3c5534c257f1febddca9af74ed1cf0a4,6031dc4ee08b61c58b35b1efd7d764739d5c7c54dc7cbe9e9a72a1e4a7098596,675a3086cd6c4f2abd63c7d3acd419ca12dbc861,b9974a8f8c017bb8dcd4b62d614209421269020760d78e9d860a074b8cc9561f,0adc841490356cb96d9b0a2426186edc4739ddd228f72af3a3249a392a7b5c02,fixed_U1_7,8c065218a409114467038483068626ec6f933ccfa396eae9ce399dc7558b6a4e,validation,P3,43050,0.9153540495663922,0.5518002322880372,0.48757137047318216,0.25665165710904686,0.5486552013280123,0.9159060135755698,10846,21790,10414,1.1920928977282585e-07,6d52c9fbf6be5e14713acbbe54cf789ce18ead615a69e1425ccdf2f2677c4d4b,a5000,09b744a319e63ece4f1a7f13b00e341a17c2f53d,compatible/fixed_U1_7__0f16dd2f11a237ca/metrics.csv
